symbol,open_time,datetime_utc,datetime_kst,open,high,low,close,volume,quote_volume
BNBUSDT,1756684800000,2025-09-01 00:00:00,2025-09-01 09:00:00,857.66,858.25,856.12,856.13,1329.58,1140103.9882
BNBUSDT,1756685100000,2025-09-01 00:05:00,2025-09-01 09:05:00,856.12,857.7,855.27,856.5,1393.346,1192716.40511
BNBUSDT,1756685400000,2025-09-01 00:10:00,2025-09-01 09:10:00,856.51,856.8,856,856.11,299.131,256199.41006
BNBUSDT,1756685700000,2025-09-01 00:15:00,2025-09-01 09:15:00,856.11,857.5,856,856.95,363.849,311757.50492
BNBUSDT,1756686000000,2025-09-01 00:20:00,2025-09-01 09:20:00,856.96,857.1,855.31,855.6,903.644,773669.37828
BNBUSDT,1756686300000,2025-09-01 00:25:00,2025-09-01 09:25:00,855.61,857.69,854.2,857.28,1916.535,1640878.45398
BNBUSDT,1756686600000,2025-09-01 00:30:00,2025-09-01 09:30:00,857.27,857.65,856.18,856.43,505.989,433662.52041
BNBUSDT,1756686900000,2025-09-01 00:35:00,2025-09-01 09:35:00,856.42,856.7,854.69,855.31,1081.701,925384.04091
BNBUSDT,1756687200000,2025-09-01 00:40:00,2025-09-01 09:40:00,855.31,860.34,855.31,860.13,923.5,793030.83922
BNBUSDT,1756687500000,2025-09-01 00:45:00,2025-09-01 09:45:00,860.12,861.75,859.8,860.09,679.892,585119.35697
BNBUSDT,1756687800000,2025-09-01 00:50:00,2025-09-01 09:50:00,860.1,862.21,859.43,862,1152.884,993152.27489
BNBUSDT,1756688100000,2025-09-01 00:55:00,2025-09-01 09:55:00,862,862.43,861.17,861.18,383.614,330582.05118
BNBUSDT,1756688400000,2025-09-01 01:00:00,2025-09-01 10:00:00,861.18,862.84,860.77,862.18,551.46,475441.3773
BNBUSDT,1756688700000,2025-09-01 01:05:00,2025-09-01 10:05:00,862.17,862.23,860.3,860.31,568.547,489649.19929
BNBUSDT,1756689000000,2025-09-01 01:10:00,2025-09-01 10:10:00,860.31,861,859.29,861,517.442,444996.54089
BNBUSDT,1756689300000,2025-09-01 01:15:00,2025-09-01 10:15:00,860.99,862.84,860.18,862.48,495.298,426855.56591
BNBUSDT,1756689600000,2025-09-01 01:20:00,2025-09-01 10:20:00,862.47,862.95,862.14,862.47,438.404,378145.61522
BNBUSDT,1756689900000,2025-09-01 01:25:00,2025-09-01 10:25:00,862.46,865.01,862.32,864.49,1475.186,1274699.90516
BNBUSDT,1756690200000,2025-09-01 01:30:00,2025-09-01 10:30:00,864.5,866.01,863.81,864.25,1149.574,994513.19828
BNBUSDT,1756690500000,2025-09-01 01:35:00,2025-09-01 10:35:00,864.26,865.56,864.08,865.05,848.85,734138.32825
BNBUSDT,1756690800000,2025-09-01 01:40:00,2025-09-01 10:40:00,865.05,865.33,863.8,864.49,523.306,452452.28859
BNBUSDT,1756691100000,2025-09-01 01:45:00,2025-09-01 10:45:00,864.48,864.61,863.36,863.8,1140.268,985228.08756
BNBUSDT,1756691400000,2025-09-01 01:50:00,2025-09-01 10:50:00,863.83,864.16,861.87,862.03,850.256,733852.95596
BNBUSDT,1756691700000,2025-09-01 01:55:00,2025-09-01 10:55:00,862.03,863.13,861.6,861.61,679.921,586420.19664
BNBUSDT,1756692000000,2025-09-01 02:00:00,2025-09-01 11:00:00,861.61,862.44,860.99,861.69,1135.39,978211.68515
BNBUSDT,1756692300000,2025-09-01 02:05:00,2025-09-01 11:05:00,861.69,862.65,861.51,862.06,342.662,295417.77758
BNBUSDT,1756692600000,2025-09-01 02:10:00,2025-09-01 11:10:00,862.05,862.05,860.3,861.36,835.699,719343.5925
BNBUSDT,1756692900000,2025-09-01 02:15:00,2025-09-01 11:15:00,861.36,861.39,859.58,859.6,1279.724,1101130.98928
BNBUSDT,1756693200000,2025-09-01 02:20:00,2025-09-01 11:20:00,859.6,859.76,858.3,858.63,988.36,849089.67998
BNBUSDT,1756693500000,2025-09-01 02:25:00,2025-09-01 11:25:00,858.63,858.68,857,858.37,1130.034,969289.72669
BNBUSDT,1756693800000,2025-09-01 02:30:00,2025-09-01 11:30:00,858.37,858.48,855.85,856.08,1216.675,1042113.61381
BNBUSDT,1756694100000,2025-09-01 02:35:00,2025-09-01 11:35:00,856.07,857.56,855.76,857.35,487.17,417385.74863
BNBUSDT,1756694400000,2025-09-01 02:40:00,2025-09-01 11:40:00,857.36,857.88,857,857.01,583.057,500020.86886
BNBUSDT,1756694700000,2025-09-01 02:45:00,2025-09-01 11:45:00,857.01,857.21,854.4,854.47,1061.49,908212.77496
BNBUSDT,1756695000000,2025-09-01 02:50:00,2025-09-01 11:50:00,854.48,855.89,854.47,855.41,1244.733,1064383.98381
BNBUSDT,1756695300000,2025-09-01 02:55:00,2025-09-01 11:55:00,855.41,856.59,855.27,856.18,698.527,597878.40661
BNBUSDT,1756695600000,2025-09-01 03:00:00,2025-09-01 12:00:00,856.17,856.9,854.48,856.67,717.381,613770.66358
BNBUSDT,1756695900000,2025-09-01 03:05:00,2025-09-01 12:05:00,856.68,857.09,855.94,856.25,387.503,331902.38018
BNBUSDT,1756696200000,2025-09-01 03:10:00,2025-09-01 12:10:00,856.24,856.25,854.13,854.16,833.433,712600.78917
BNBUSDT,1756696500000,2025-09-01 03:15:00,2025-09-01 12:15:00,854.17,854.9,853.8,854.15,1306.638,1116392.67391
BNBUSDT,1756696800000,2025-09-01 03:20:00,2025-09-01 12:20:00,854.15,854.32,853.77,853.86,578.893,494391.57701
BNBUSDT,1756697100000,2025-09-01 03:25:00,2025-09-01 12:25:00,853.86,854.44,853.85,854.43,365.819,312438.15653
BNBUSDT,1756697400000,2025-09-01 03:30:00,2025-09-01 12:30:00,854.43,855,854.16,854.38,391.441,334492.54997
BNBUSDT,1756697700000,2025-09-01 03:35:00,2025-09-01 12:35:00,854.39,856,854.15,855.9,326.036,278741.85345
BNBUSDT,1756698000000,2025-09-01 03:40:00,2025-09-01 12:40:00,855.89,856.29,855,855.2,799.274,683931.47633
BNBUSDT,1756698300000,2025-09-01 03:45:00,2025-09-01 12:45:00,855.2,855.4,854.3,854.45,272.545,233011.00392
BNBUSDT,1756698600000,2025-09-01 03:50:00,2025-09-01 12:50:00,854.45,856.51,854.45,856.51,1026.93,878474.14047
BNBUSDT,1756698900000,2025-09-01 03:55:00,2025-09-01 12:55:00,856.52,857.07,856.35,856.58,313.437,268540.57232
BNBUSDT,1756699200000,2025-09-01 04:00:00,2025-09-01 13:00:00,856.57,856.57,854.78,855.24,664.461,568394.95806
BNBUSDT,1756699500000,2025-09-01 04:05:00,2025-09-01 13:05:00,855.24,855.6,854.6,855.6,254.539,217628.28275
BNBUSDT,1756699800000,2025-09-01 04:10:00,2025-09-01 13:10:00,855.6,856.34,855.44,855.45,464.441,397550.63145
BNBUSDT,1756700100000,2025-09-01 04:15:00,2025-09-01 13:15:00,855.45,855.76,854.42,854.43,453.13,387531.22564
BNBUSDT,1756700400000,2025-09-01 04:20:00,2025-09-01 13:20:00,854.43,854.62,854.21,854.39,1158.892,990095.67452
BNBUSDT,1756700700000,2025-09-01 04:25:00,2025-09-01 13:25:00,854.39,854.4,851.55,852.42,2099.504,1790347.51421
BNBUSDT,1756701000000,2025-09-01 04:30:00,2025-09-01 13:30:00,852.42,852.42,850.47,850.95,1335.985,1137386.93246
BNBUSDT,1756701300000,2025-09-01 04:35:00,2025-09-01 13:35:00,850.96,851.17,850.04,850.72,654.816,556975.82222
BNBUSDT,1756701600000,2025-09-01 04:40:00,2025-09-01 13:40:00,850.72,851,850.18,850.36,645.293,548800.31174
BNBUSDT,1756701900000,2025-09-01 04:45:00,2025-09-01 13:45:00,850.35,850.76,849.38,850.49,1818.484,1545849.30301
BNBUSDT,1756702200000,2025-09-01 04:50:00,2025-09-01 13:50:00,850.49,852.01,850.4,851.95,528.344,449624.29614
BNBUSDT,1756702500000,2025-09-01 04:55:00,2025-09-01 13:55:00,851.94,852.04,851,851.99,664.642,565959.51401
BNBUSDT,1756702800000,2025-09-01 05:00:00,2025-09-01 14:00:00,851.99,852.11,850.38,851.6,566.515,482218.41915
BNBUSDT,1756703100000,2025-09-01 05:05:00,2025-09-01 14:05:00,851.59,852.93,849.88,850.09,991.26,844195.38322
BNBUSDT,1756703400000,2025-09-01 05:10:00,2025-09-01 14:10:00,850.1,850.9,849.57,850.9,462.488,393201.20249
BNBUSDT,1756703700000,2025-09-01 05:15:00,2025-09-01 14:15:00,850.9,851.25,849.37,849.85,1040.598,884737.64579
BNBUSDT,1756704000000,2025-09-01 05:20:00,2025-09-01 14:20:00,849.85,852.87,849.85,852.51,379.837,323520.30196
BNBUSDT,1756704300000,2025-09-01 05:25:00,2025-09-01 14:25:00,852.5,852.94,852.19,852.88,312.373,266350.51408
BNBUSDT,1756704600000,2025-09-01 05:30:00,2025-09-01 14:30:00,852.89,852.96,851.68,852.06,923.093,786558.73875
BNBUSDT,1756704900000,2025-09-01 05:35:00,2025-09-01 14:35:00,852.07,854.4,851.9,854.3,609.92,520420.23019
BNBUSDT,1756705200000,2025-09-01 05:40:00,2025-09-01 14:40:00,854.3,854.92,853.82,854.52,654.264,559032.4631
BNBUSDT,1756705500000,2025-09-01 05:45:00,2025-09-01 14:45:00,854.52,854.72,853.8,853.91,449.011,383516.88986
BNBUSDT,1756705800000,2025-09-01 05:50:00,2025-09-01 14:50:00,853.91,854.7,853.66,854.11,583.194,498156.50065
BNBUSDT,1756706100000,2025-09-01 05:55:00,2025-09-01 14:55:00,854.1,854.28,853.2,853.27,673.594,574969.66792
BNBUSDT,1756706400000,2025-09-01 06:00:00,2025-09-01 15:00:00,853.27,853.48,851.38,851.38,540.076,460410.5007
BNBUSDT,1756706700000,2025-09-01 06:05:00,2025-09-01 15:05:00,851.37,851.64,850.44,850.99,781.709,665133.13989
BNBUSDT,1756707000000,2025-09-01 06:10:00,2025-09-01 15:10:00,850.99,851.86,850.7,851.69,1109.408,944415.75901
BNBUSDT,1756707300000,2025-09-01 06:15:00,2025-09-01 15:15:00,851.69,851.71,850.54,851.24,773.963,658639.51395
BNBUSDT,1756707600000,2025-09-01 06:20:00,2025-09-01 15:20:00,851.24,853.01,851.17,852.95,356.769,304083.69175
BNBUSDT,1756707900000,2025-09-01 06:25:00,2025-09-01 15:25:00,852.95,853.5,852.35,852.35,410.214,349911.74894
BNBUSDT,1756708200000,2025-09-01 06:30:00,2025-09-01 15:30:00,852.36,852.8,851.35,851.49,1070.918,912398.78034
BNBUSDT,1756708500000,2025-09-01 06:35:00,2025-09-01 15:35:00,851.49,854.01,851.4,853.58,1398.171,1192822.7569
BNBUSDT,1756708800000,2025-09-01 06:40:00,2025-09-01 15:40:00,853.58,854.66,853.58,854.65,551.88,471429.5917
BNBUSDT,1756709100000,2025-09-01 06:45:00,2025-09-01 15:45:00,854.65,855.04,854.32,854.48,859.373,734508.1442
BNBUSDT,1756709400000,2025-09-01 06:50:00,2025-09-01 15:50:00,854.48,854.74,854.19,854.7,641.896,548471.87025
BNBUSDT,1756709700000,2025-09-01 06:55:00,2025-09-01 15:55:00,854.69,854.89,854.64,854.71,547.515,467972.17729
BNBUSDT,1756710000000,2025-09-01 07:00:00,2025-09-01 16:00:00,854.71,856.16,854.5,855.82,788.823,674912.69068
BNBUSDT,1756710300000,2025-09-01 07:05:00,2025-09-01 16:05:00,855.82,855.97,854.75,855.8,1137.844,973228.73963
BNBUSDT,1756710600000,2025-09-01 07:10:00,2025-09-01 16:10:00,855.8,856,854.76,854.88,875.958,749336.16044
BNBUSDT,1756710900000,2025-09-01 07:15:00,2025-09-01 16:15:00,854.89,858.14,854.88,858.01,923.825,791089.49998
BNBUSDT,1756711200000,2025-09-01 07:20:00,2025-09-01 16:20:00,858,859.79,857.97,858.91,1360.354,1168350.71321
BNBUSDT,1756711500000,2025-09-01 07:25:00,2025-09-01 16:25:00,858.92,861.49,858.03,861.32,1257.345,1081306.25955
BNBUSDT,1756711800000,2025-09-01 07:30:00,2025-09-01 16:30:00,861.32,863.44,860.61,862.64,1690.875,1458296.93284
BNBUSDT,1756712100000,2025-09-01 07:35:00,2025-09-01 16:35:00,862.63,863.07,861.55,863.03,1397.592,1205511.11263
BNBUSDT,1756712400000,2025-09-01 07:40:00,2025-09-01 16:40:00,863.04,863.5,862.46,863.5,836.036,721417.66528
BNBUSDT,1756712700000,2025-09-01 07:45:00,2025-09-01 16:45:00,863.5,866.3,863.5,866.16,2482.885,2148156.82815
BNBUSDT,1756713000000,2025-09-01 07:50:00,2025-09-01 16:50:00,866.15,867.24,863.52,864.64,3253.479,2816767.33171
BNBUSDT,1756713300000,2025-09-01 07:55:00,2025-09-01 16:55:00,864.64,865.64,864.5,865.56,942.897,815773.43564
BNBUSDT,1756713600000,2025-09-01 08:00:00,2025-09-01 17:00:00,865.57,869.15,865.56,866.69,3740.47,3242711.97136
BNBUSDT,1756713900000,2025-09-01 08:05:00,2025-09-01 17:05:00,866.69,867.47,865.18,865.18,1989.646,1724046.0317
BNBUSDT,1756714200000,2025-09-01 08:10:00,2025-09-01 17:10:00,865.18,865.8,864.27,865.24,2441.358,2111982.07001
BNBUSDT,1756714500000,2025-09-01 08:15:00,2025-09-01 17:15:00,865.23,865.35,863.26,864.51,1987.761,1718036.67864
BNBUSDT,1756714800000,2025-09-01 08:20:00,2025-09-01 17:20:00,864.5,866.64,864.43,865.56,4753.413,4116258.80269
BNBUSDT,1756715100000,2025-09-01 08:25:00,2025-09-01 17:25:00,865.56,866.13,863.47,864.04,2984.212,2582053.70954
BNBUSDT,1756715400000,2025-09-01 08:30:00,2025-09-01 17:30:00,864.04,864.78,863.7,864.45,1039.449,898284.25943
BNBUSDT,1756715700000,2025-09-01 08:35:00,2025-09-01 17:35:00,864.44,865.08,864,865,1470.258,1271244.14907
BNBUSDT,1756716000000,2025-09-01 08:40:00,2025-09-01 17:40:00,865,866.24,865,865.53,2037.248,1763445.12711
BNBUSDT,1756716300000,2025-09-01 08:45:00,2025-09-01 17:45:00,865.53,865.96,864.69,865.8,1629.024,1409669.04676
BNBUSDT,1756716600000,2025-09-01 08:50:00,2025-09-01 17:50:00,865.8,866.14,864.43,864.45,1213.106,1049963.35281
BNBUSDT,1756716900000,2025-09-01 08:55:00,2025-09-01 17:55:00,864.45,864.55,862.81,863.41,2266.584,1957461.1597
BNBUSDT,1756717200000,2025-09-01 09:00:00,2025-09-01 18:00:00,863.41,864.47,862.64,864.31,1401.248,1209703.56614
BNBUSDT,1756717500000,2025-09-01 09:05:00,2025-09-01 18:05:00,864.31,864.31,862.56,863.07,1158.916,1000470.0461
BNBUSDT,1756717800000,2025-09-01 09:10:00,2025-09-01 18:10:00,863.08,863.5,862.4,862.79,1548.459,1336238.49744
BNBUSDT,1756718100000,2025-09-01 09:15:00,2025-09-01 18:15:00,862.79,863.45,862.58,862.59,759.356,655315.91784
BNBUSDT,1756718400000,2025-09-01 09:20:00,2025-09-01 18:20:00,862.59,862.71,860.51,861.38,2548.598,2194453.02217
BNBUSDT,1756718700000,2025-09-01 09:25:00,2025-09-01 18:25:00,861.38,861.79,861.19,861.3,706.955,609050.26348
BNBUSDT,1756719000000,2025-09-01 09:30:00,2025-09-01 18:30:00,861.3,862,860.79,861.78,863.423,743793.72694
BNBUSDT,1756719300000,2025-09-01 09:35:00,2025-09-01 18:35:00,861.78,861.88,860.86,861.71,625.312,538675.8442
BNBUSDT,1756719600000,2025-09-01 09:40:00,2025-09-01 18:40:00,861.7,861.95,861.2,861.5,682.49,588018.41489
BNBUSDT,1756719900000,2025-09-01 09:45:00,2025-09-01 18:45:00,861.5,861.56,860.5,860.8,1345.18,1158229.59179
BNBUSDT,1756720200000,2025-09-01 09:50:00,2025-09-01 18:50:00,860.81,860.96,860.36,860.54,1071.899,922543.78417
BNBUSDT,1756720500000,2025-09-01 09:55:00,2025-09-01 18:55:00,860.55,860.55,858.09,858.19,2548.3,2190793.43728
BNBUSDT,1756720800000,2025-09-01 10:00:00,2025-09-01 19:00:00,858.19,858.23,856.65,857.23,2829.666,2425642.80021
BNBUSDT,1756721100000,2025-09-01 10:05:00,2025-09-01 19:05:00,857.24,857.84,857.07,857.64,1498.219,1284546.59498
BNBUSDT,1756721400000,2025-09-01 10:10:00,2025-09-01 19:10:00,857.64,858,856.52,856.59,1596.23,1368124.45452
BNBUSDT,1756721700000,2025-09-01 10:15:00,2025-09-01 19:15:00,856.59,856.7,855.06,855.63,1193.689,1021633.3162
BNBUSDT,1756722000000,2025-09-01 10:20:00,2025-09-01 19:20:00,855.63,855.63,853.01,853.52,2552.945,2180068.18117
BNBUSDT,1756722300000,2025-09-01 10:25:00,2025-09-01 19:25:00,853.52,853.6,852.98,853.23,1000.312,853500.63606
BNBUSDT,1756722600000,2025-09-01 10:30:00,2025-09-01 19:30:00,853.23,853.34,851.3,853.04,1289.514,1099014.42775
BNBUSDT,1756722900000,2025-09-01 10:35:00,2025-09-01 19:35:00,853.03,853.43,851.13,851.24,1300.078,1108101.58964
BNBUSDT,1756723200000,2025-09-01 10:40:00,2025-09-01 19:40:00,851.24,853.6,851,853.56,1679.93,1431851.73101
BNBUSDT,1756723500000,2025-09-01 10:45:00,2025-09-01 19:45:00,853.56,853.56,852,852.89,641.368,546958.47586
BNBUSDT,1756723800000,2025-09-01 10:50:00,2025-09-01 19:50:00,852.9,853.86,852.61,853.86,489.002,417175.70402
BNBUSDT,1756724100000,2025-09-01 10:55:00,2025-09-01 19:55:00,853.85,854.24,853.5,853.78,768.414,656045.56391
BNBUSDT,1756724400000,2025-09-01 11:00:00,2025-09-01 20:00:00,853.78,856.03,853.3,856.01,1317.066,1125771.04986
BNBUSDT,1756724700000,2025-09-01 11:05:00,2025-09-01 20:05:00,856.01,856.01,855.05,855.4,1254.842,1073625.24437
BNBUSDT,1756725000000,2025-09-01 11:10:00,2025-09-01 20:10:00,855.4,855.42,854.11,854.12,411.063,351364.96667
BNBUSDT,1756725300000,2025-09-01 11:15:00,2025-09-01 20:15:00,854.12,854.7,853.6,854.3,545.324,465765.71373
BNBUSDT,1756725600000,2025-09-01 11:20:00,2025-09-01 20:20:00,854.3,855.38,854.3,854.41,376.559,321931.23822
BNBUSDT,1756725900000,2025-09-01 11:25:00,2025-09-01 20:25:00,854.4,854.45,853.61,854.31,609.231,520397.85616
BNBUSDT,1756726200000,2025-09-01 11:30:00,2025-09-01 20:30:00,854.31,854.31,852.7,854.24,676.992,577713.28406
BNBUSDT,1756726500000,2025-09-01 11:35:00,2025-09-01 20:35:00,854.24,854.25,852.67,852.68,626.891,534853.90123
BNBUSDT,1756726800000,2025-09-01 11:40:00,2025-09-01 20:40:00,852.68,853.16,851.66,851.67,879.528,749618.63881
BNBUSDT,1756727100000,2025-09-01 11:45:00,2025-09-01 20:45:00,851.67,853.47,851.67,853.39,1149.821,980488.09466
BNBUSDT,1756727400000,2025-09-01 11:50:00,2025-09-01 20:50:00,853.39,853.4,852.44,853.18,547.841,467264.08016
BNBUSDT,1756727700000,2025-09-01 11:55:00,2025-09-01 20:55:00,853.19,853.59,851.8,852.2,647.955,552564.16312
BNBUSDT,1756728000000,2025-09-01 12:00:00,2025-09-01 21:00:00,852.2,852.2,851.21,851.73,500.841,426493.93451
BNBUSDT,1756728300000,2025-09-01 12:05:00,2025-09-01 21:05:00,851.72,852.97,851.63,852.94,593.06,505542.8883
BNBUSDT,1756728600000,2025-09-01 12:10:00,2025-09-01 21:10:00,852.94,853.12,852,852.5,690.62,588887.50989
BNBUSDT,1756728900000,2025-09-01 12:15:00,2025-09-01 21:15:00,852.5,852.92,851.77,852.55,609.91,519824.30124
BNBUSDT,1756729200000,2025-09-01 12:20:00,2025-09-01 21:20:00,852.56,853.32,851.7,853.32,540.205,460523.02409
BNBUSDT,1756729500000,2025-09-01 12:25:00,2025-09-01 21:25:00,853.32,853.39,852.57,852.58,764.972,652579.84257
BNBUSDT,1756729800000,2025-09-01 12:30:00,2025-09-01 21:30:00,852.57,853.2,852.1,853.03,469.641,400405.33179
BNBUSDT,1756730100000,2025-09-01 12:35:00,2025-09-01 21:35:00,853.03,853.72,852.97,853.51,606.012,517157.44402
BNBUSDT,1756730400000,2025-09-01 12:40:00,2025-09-01 21:40:00,853.51,853.52,851.87,851.9,1001.986,854156.23859
BNBUSDT,1756730700000,2025-09-01 12:45:00,2025-09-01 21:45:00,851.9,853.2,851.58,853.12,780.163,665133.36222
BNBUSDT,1756731000000,2025-09-01 12:50:00,2025-09-01 21:50:00,853.12,853.4,851.9,852.39,484.268,412855.20957
BNBUSDT,1756731300000,2025-09-01 12:55:00,2025-09-01 21:55:00,852.4,853.33,852.4,853.06,681.114,580890.9919
BNBUSDT,1756731600000,2025-09-01 13:00:00,2025-09-01 22:00:00,853.05,853.5,852.53,853.07,589.493,502884.94411
BNBUSDT,1756731900000,2025-09-01 13:05:00,2025-09-01 22:05:00,853.08,854.18,853.01,853.99,719.816,614471.39673
BNBUSDT,1756732200000,2025-09-01 13:10:00,2025-09-01 22:10:00,853.98,853.99,852.94,853.4,532.239,454150.66883
BNBUSDT,1756732500000,2025-09-01 13:15:00,2025-09-01 22:15:00,853.39,853.8,852.49,853.8,842.632,718855.52069
BNBUSDT,1756732800000,2025-09-01 13:20:00,2025-09-01 22:20:00,853.8,854.96,853.8,854.28,1528.251,1306096.87551
BNBUSDT,1756733100000,2025-09-01 13:25:00,2025-09-01 22:25:00,854.29,855.18,854.18,854.44,580.46,496177.54572
BNBUSDT,1756733400000,2025-09-01 13:30:00,2025-09-01 22:30:00,854.45,854.6,853.44,854.1,669.919,572205.48089
BNBUSDT,1756733700000,2025-09-01 13:35:00,2025-09-01 22:35:00,854.11,854.3,853.29,853.7,604.639,516167.91398
BNBUSDT,1756734000000,2025-09-01 13:40:00,2025-09-01 22:40:00,853.69,853.87,852.55,852.57,486.484,415127.99735
BNBUSDT,1756734300000,2025-09-01 13:45:00,2025-09-01 22:45:00,852.56,853.1,851.12,852.29,1070.864,912276.60297
BNBUSDT,1756734600000,2025-09-01 13:50:00,2025-09-01 22:50:00,852.29,852.4,851.69,851.69,423.063,360456.87292
BNBUSDT,1756734900000,2025-09-01 13:55:00,2025-09-01 22:55:00,851.69,852.1,851.12,852.09,461.494,393010.84464
BNBUSDT,1756735200000,2025-09-01 14:00:00,2025-09-01 23:00:00,852.09,853.4,851.9,853.16,581.329,495817.47676
BNBUSDT,1756735500000,2025-09-01 14:05:00,2025-09-01 23:05:00,853.15,854.07,853,853.36,478.664,408643.26623
BNBUSDT,1756735800000,2025-09-01 14:10:00,2025-09-01 23:10:00,853.37,853.9,852.71,853.01,426.918,364290.63241
BNBUSDT,1756736100000,2025-09-01 14:15:00,2025-09-01 23:15:00,853,853.67,852.5,853.22,996.5,850150.7949
BNBUSDT,1756736400000,2025-09-01 14:20:00,2025-09-01 23:20:00,853.23,853.23,851.89,852.72,1108.357,944713.31095
BNBUSDT,1756736700000,2025-09-01 14:25:00,2025-09-01 23:25:00,852.73,853.4,852.28,852.51,485.525,414073.21975
BNBUSDT,1756737000000,2025-09-01 14:30:00,2025-09-01 23:30:00,852.52,852.77,851.05,851.05,806.69,687331.86583
BNBUSDT,1756737300000,2025-09-01 14:35:00,2025-09-01 23:35:00,851.05,852.28,850.74,852.18,728.826,620623.04338
BNBUSDT,1756737600000,2025-09-01 14:40:00,2025-09-01 23:40:00,852.17,852.18,851.76,851.99,246.409,209928.20586
BNBUSDT,1756737900000,2025-09-01 14:45:00,2025-09-01 23:45:00,851.98,851.99,850.99,851.87,1247.096,1061563.46417
BNBUSDT,1756738200000,2025-09-01 14:50:00,2025-09-01 23:50:00,851.87,852.74,851.53,852.69,350.476,298634.5852
BNBUSDT,1756738500000,2025-09-01 14:55:00,2025-09-01 23:55:00,852.69,853.39,852.47,852.48,214.859,183272.40548
BNBUSDT,1756738800000,2025-09-01 15:00:00,2025-09-02 00:00:00,852.47,852.5,847.58,851.69,8781.894,7461923.83439
BNBUSDT,1756739100000,2025-09-01 15:05:00,2025-09-02 00:05:00,851.7,852.13,850.15,850.25,493.412,420063.9277
BNBUSDT,1756739400000,2025-09-01 15:10:00,2025-09-02 00:10:00,850.25,850.8,848.86,850.5,1940.734,1649521.64437
BNBUSDT,1756739700000,2025-09-01 15:15:00,2025-09-02 00:15:00,850.5,851.13,850.2,850.73,532.705,453171.66889
BNBUSDT,1756740000000,2025-09-01 15:20:00,2025-09-02 00:20:00,850.73,850.76,849.16,849.61,467.103,396936.05841
BNBUSDT,1756740300000,2025-09-01 15:25:00,2025-09-02 00:25:00,849.62,850.08,849.15,849.8,849.557,721774.38858
BNBUSDT,1756740600000,2025-09-01 15:30:00,2025-09-02 00:30:00,849.81,850.4,849.3,849.77,577.651,490910.30903
BNBUSDT,1756740900000,2025-09-01 15:35:00,2025-09-02 00:35:00,849.77,850.37,849.49,849.98,476.362,404896.36799
BNBUSDT,1756741200000,2025-09-01 15:40:00,2025-09-02 00:40:00,849.97,849.97,849.16,849.34,945.616,803444.56377
BNBUSDT,1756741500000,2025-09-01 15:45:00,2025-09-02 00:45:00,849.34,849.61,846,846.08,1704.885,1444926.57538
BNBUSDT,1756741800000,2025-09-01 15:50:00,2025-09-02 00:50:00,846.09,846.36,844.22,846.27,2372.502,2005927.95918
BNBUSDT,1756742100000,2025-09-01 15:55:00,2025-09-02 00:55:00,846.28,847.52,846.1,847.2,538.678,456189.30409
BNBUSDT,1756742400000,2025-09-01 16:00:00,2025-09-02 01:00:00,847.19,847.25,845.52,846.32,669.235,566214.7064
BNBUSDT,1756742700000,2025-09-01 16:05:00,2025-09-02 01:05:00,846.32,847.56,846.14,846.73,512.035,433658.69366
BNBUSDT,1756743000000,2025-09-01 16:10:00,2025-09-02 01:10:00,846.73,848.1,846.35,848.09,404.1,342316.69968
BNBUSDT,1756743300000,2025-09-01 16:15:00,2025-09-02 01:15:00,848.09,848.1,846.76,847.79,282.675,239529.25429
BNBUSDT,1756743600000,2025-09-01 16:20:00,2025-09-02 01:20:00,847.8,848.2,847.2,847.5,207.936,176270.04967
BNBUSDT,1756743900000,2025-09-01 16:25:00,2025-09-02 01:25:00,847.51,848.55,847.4,847.81,234.564,198896.52789
BNBUSDT,1756744200000,2025-09-01 16:30:00,2025-09-02 01:30:00,847.81,848.2,847.1,848.17,477.323,404618.45805
BNBUSDT,1756744500000,2025-09-01 16:35:00,2025-09-02 01:35:00,848.18,848.5,847.5,847.64,227.992,193342.3757
BNBUSDT,1756744800000,2025-09-01 16:40:00,2025-09-02 01:40:00,847.63,848,846.57,847.78,474.469,401942.15537
BNBUSDT,1756745100000,2025-09-01 16:45:00,2025-09-02 01:45:00,847.77,849.03,847.7,847.93,869.031,737450.80019
BNBUSDT,1756745400000,2025-09-01 16:50:00,2025-09-02 01:50:00,847.92,848,846.71,846.95,328.98,278748.56629
BNBUSDT,1756745700000,2025-09-01 16:55:00,2025-09-02 01:55:00,846.95,848.07,846.72,847.88,239.446,202943.60879
BNBUSDT,1756746000000,2025-09-01 17:00:00,2025-09-02 02:00:00,847.88,847.96,847.11,847.56,209.299,177398.8816
BNBUSDT,1756746300000,2025-09-01 17:05:00,2025-09-02 02:05:00,847.57,847.99,847.14,847.16,375.633,318412.65239
BNBUSDT,1756746600000,2025-09-01 17:10:00,2025-09-02 02:10:00,847.15,847.21,845.25,845.96,876.677,741855.01337
BNBUSDT,1756746900000,2025-09-01 17:15:00,2025-09-02 02:15:00,845.96,846.48,845.68,846.1,229.354,194042.25184
BNBUSDT,1756747200000,2025-09-01 17:20:00,2025-09-02 02:20:00,846.1,846.54,845.12,845.6,436.317,369009.32449
BNBUSDT,1756747500000,2025-09-01 17:25:00,2025-09-02 02:25:00,845.6,845.64,844.54,845.64,2636.197,2227552.34653
BNBUSDT,1756747800000,2025-09-01 17:30:00,2025-09-02 02:30:00,845.64,845.77,844.08,844.29,545.818,461155.33006
BNBUSDT,1756748100000,2025-09-01 17:35:00,2025-09-02 02:35:00,844.29,845.72,844.25,844.54,509.463,430341.44446
BNBUSDT,1756748400000,2025-09-01 17:40:00,2025-09-02 02:40:00,844.54,845.4,844.24,845.4,351.857,297255.42875
BNBUSDT,1756748700000,2025-09-01 17:45:00,2025-09-02 02:45:00,845.39,845.69,843.82,844,1069.186,902994.45543
BNBUSDT,1756749000000,2025-09-01 17:50:00,2025-09-02 02:50:00,844,845.3,843.99,844.58,335.169,283145.62888
BNBUSDT,1756749300000,2025-09-01 17:55:00,2025-09-02 02:55:00,844.58,846.07,844.57,845.76,515.145,435653.85077
BNBUSDT,1756749600000,2025-09-01 18:00:00,2025-09-02 03:00:00,845.76,846.3,845.24,846.14,446.336,377478.51887
BNBUSDT,1756749900000,2025-09-01 18:05:00,2025-09-02 03:05:00,846.15,847,845.44,845.71,401.421,339706.15619
BNBUSDT,1756750200000,2025-09-01 18:10:00,2025-09-02 03:10:00,845.73,847.1,845.72,846.61,344.918,291991.01818
BNBUSDT,1756750500000,2025-09-01 18:15:00,2025-09-02 03:15:00,846.61,847,846.09,846.8,291.044,246355.19161
BNBUSDT,1756750800000,2025-09-01 18:20:00,2025-09-02 03:20:00,846.8,846.8,845.8,845.8,385.183,325985.78164
BNBUSDT,1756751100000,2025-09-01 18:25:00,2025-09-02 03:25:00,845.8,846.32,845.5,845.85,276.45,233824.26367
BNBUSDT,1756751400000,2025-09-01 18:30:00,2025-09-02 03:30:00,845.85,846.7,845.84,846.11,196.881,166591.52272
BNBUSDT,1756751700000,2025-09-01 18:35:00,2025-09-02 03:35:00,846.11,846.5,845.52,846,171.729,145284.39516
BNBUSDT,1756752000000,2025-09-01 18:40:00,2025-09-02 03:40:00,846,846.94,845.81,846.6,219.107,185441.13906
BNBUSDT,1756752300000,2025-09-01 18:45:00,2025-09-02 03:45:00,846.61,847.16,846.4,846.79,159.975,135469.52098
BNBUSDT,1756752600000,2025-09-01 18:50:00,2025-09-02 03:50:00,846.8,847.36,846.37,847.36,264.409,223914.90872
BNBUSDT,1756752900000,2025-09-01 18:55:00,2025-09-02 03:55:00,847.36,847.57,847.2,847.41,155.169,131492.83217
BNBUSDT,1756753200000,2025-09-01 19:00:00,2025-09-02 04:00:00,847.41,847.98,846.97,847.98,246.783,209090.0438
BNBUSDT,1756753500000,2025-09-01 19:05:00,2025-09-02 04:05:00,847.97,848.19,847.3,847.87,692.733,587282.85667
BNBUSDT,1756753800000,2025-09-01 19:10:00,2025-09-02 04:10:00,847.88,848.04,847.58,847.9,179.389,152089.12829
BNBUSDT,1756754100000,2025-09-01 19:15:00,2025-09-02 04:15:00,847.89,848.44,847.12,847.35,610.22,517271.51882
BNBUSDT,1756754400000,2025-09-01 19:20:00,2025-09-02 04:20:00,847.35,848.5,847.34,848.13,586.119,497082.63611
BNBUSDT,1756754700000,2025-09-01 19:25:00,2025-09-02 04:25:00,848.13,848.13,847.2,847.27,266.468,225908.09309
BNBUSDT,1756755000000,2025-09-01 19:30:00,2025-09-02 04:30:00,847.27,848.1,847.17,847.99,133.105,112823.0374
BNBUSDT,1756755300000,2025-09-01 19:35:00,2025-09-02 04:35:00,847.99,848.8,847.87,848.69,349.147,296169.72271
BNBUSDT,1756755600000,2025-09-01 19:40:00,2025-09-02 04:40:00,848.69,848.78,848.23,848.6,193.511,164202.33899
BNBUSDT,1756755900000,2025-09-01 19:45:00,2025-09-02 04:45:00,848.6,848.93,848.2,848.21,129.623,109996.17588
BNBUSDT,1756756200000,2025-09-01 19:50:00,2025-09-02 04:50:00,848.2,848.93,848,848.9,111.742,94808.03852
BNBUSDT,1756756500000,2025-09-01 19:55:00,2025-09-02 04:55:00,848.9,849.4,848.89,849.38,108.972,92534.51473
BNBUSDT,1756756800000,2025-09-01 20:00:00,2025-09-02 05:00:00,849.39,849.44,848.51,849.21,502.407,426563.34562
BNBUSDT,1756757100000,2025-09-01 20:05:00,2025-09-02 05:05:00,849.21,849.21,848.35,848.9,230.941,196012.29507
BNBUSDT,1756757400000,2025-09-01 20:10:00,2025-09-02 05:10:00,848.9,849.14,848.19,848.2,195.783,166191.15665
BNBUSDT,1756757700000,2025-09-01 20:15:00,2025-09-02 05:15:00,848.2,848.3,847.21,847.7,259.065,219594.04584
BNBUSDT,1756758000000,2025-09-01 20:20:00,2025-09-02 05:20:00,847.7,847.84,847.21,847.22,179.933,152497.4545
BNBUSDT,1756758300000,2025-09-01 20:25:00,2025-09-02 05:25:00,847.22,847.93,847.22,847.91,109.302,92657.72796
BNBUSDT,1756758600000,2025-09-01 20:30:00,2025-09-02 05:30:00,847.91,847.91,847,847.59,207.426,175784.12305
BNBUSDT,1756758900000,2025-09-01 20:35:00,2025-09-02 05:35:00,847.6,847.6,842.8,843.76,1455.916,1229665.06723
BNBUSDT,1756759200000,2025-09-01 20:40:00,2025-09-02 05:40:00,843.77,844.94,840.23,840.24,2887.221,2432213.29832
BNBUSDT,1756759500000,2025-09-01 20:45:00,2025-09-02 05:45:00,840.24,844.39,840,843.5,5185.914,4367611.70747
BNBUSDT,1756759800000,2025-09-01 20:50:00,2025-09-02 05:50:00,843.5,844.64,843.5,844.45,346.078,292097.66186
BNBUSDT,1756760100000,2025-09-01 20:55:00,2025-09-02 05:55:00,844.45,845.73,842.9,845.67,1693.269,1430117.1311
BNBUSDT,1756760400000,2025-09-01 21:00:00,2025-09-02 06:00:00,845.68,846.09,842.64,843.51,1399.598,1181622.31133
BNBUSDT,1756760700000,2025-09-01 21:05:00,2025-09-02 06:05:00,843.5,844.89,842.49,844.23,988.514,834159.5602
BNBUSDT,1756761000000,2025-09-01 21:10:00,2025-09-02 06:10:00,844.24,844.38,842.57,843.36,361.795,305117.60289
BNBUSDT,1756761300000,2025-09-01 21:15:00,2025-09-02 06:15:00,843.35,844.1,842.19,842.41,529.406,446295.02069
BNBUSDT,1756761600000,2025-09-01 21:20:00,2025-09-02 06:20:00,842.4,843.9,841.88,843.18,972.889,820289.83807
BNBUSDT,1756761900000,2025-09-01 21:25:00,2025-09-02 06:25:00,843.18,844.28,843.14,843.45,857.817,723721.47105
BNBUSDT,1756762200000,2025-09-01 21:30:00,2025-09-02 06:30:00,843.45,843.64,841.9,842.27,488.21,411307.61678
BNBUSDT,1756762500000,2025-09-01 21:35:00,2025-09-02 06:35:00,842.27,842.76,841.56,841.83,681.799,574134.5997
BNBUSDT,1756762800000,2025-09-01 21:40:00,2025-09-02 06:40:00,841.82,841.83,840,840.49,1318.106,1107948.64433
BNBUSDT,1756763100000,2025-09-01 21:45:00,2025-09-02 06:45:00,840.49,845.88,840.19,843.1,2125.555,1791471.8954
BNBUSDT,1756763400000,2025-09-01 21:50:00,2025-09-02 06:50:00,843.1,843.1,841.49,841.99,612.035,515426.46602
BNBUSDT,1756763700000,2025-09-01 21:55:00,2025-09-02 06:55:00,841.99,844.74,841.2,843.9,1145.588,966154.18215
BNBUSDT,1756764000000,2025-09-01 22:00:00,2025-09-02 07:00:00,843.9,843.96,841.6,842,1408.147,1186628.74579
BNBUSDT,1756764300000,2025-09-01 22:05:00,2025-09-02 07:05:00,842,842.5,841.6,842.03,754.391,635302.1723
BNBUSDT,1756764600000,2025-09-01 22:10:00,2025-09-02 07:10:00,842.04,844,842,843.71,630.683,531733.58533
BNBUSDT,1756764900000,2025-09-01 22:15:00,2025-09-02 07:15:00,843.71,845.08,843.58,845.08,249.64,210779.70784
BNBUSDT,1756765200000,2025-09-01 22:20:00,2025-09-02 07:20:00,845.08,845.79,842.63,844.28,1463.065,1234669.51098
BNBUSDT,1756765500000,2025-09-01 22:25:00,2025-09-02 07:25:00,844.28,844.77,843.1,843.13,415.701,350850.75933
BNBUSDT,1756765800000,2025-09-01 22:30:00,2025-09-02 07:30:00,843.13,843.6,842.37,843.59,205.583,173293.13117
BNBUSDT,1756766100000,2025-09-01 22:35:00,2025-09-02 07:35:00,843.59,844.96,843.48,843.6,866.528,731611.83629
BNBUSDT,1756766400000,2025-09-01 22:40:00,2025-09-02 07:40:00,843.59,843.59,842.3,842.31,356.026,300082.90186
BNBUSDT,1756766700000,2025-09-01 22:45:00,2025-09-02 07:45:00,842.3,843.93,841.91,843.7,437.677,368958.49101
BNBUSDT,1756767000000,2025-09-01 22:50:00,2025-09-02 07:50:00,843.7,844.79,843.6,844.31,261.354,220643.60468
BNBUSDT,1756767300000,2025-09-01 22:55:00,2025-09-02 07:55:00,844.3,844.94,844.26,844.67,372.26,314421.1455
BNBUSDT,1756767600000,2025-09-01 23:00:00,2025-09-02 08:00:00,844.66,846.04,844.64,845.39,586.638,496034.00244
BNBUSDT,1756767900000,2025-09-01 23:05:00,2025-09-02 08:05:00,845.38,845.38,844.44,844.61,203.274,171717.08994
BNBUSDT,1756768200000,2025-09-01 23:10:00,2025-09-02 08:10:00,844.62,846.38,844.61,846.16,429.8,363400.34311
BNBUSDT,1756768500000,2025-09-01 23:15:00,2025-09-02 08:15:00,846.16,846.16,844.9,845.69,192.432,162677.40355
BNBUSDT,1756768800000,2025-09-01 23:20:00,2025-09-02 08:20:00,845.69,845.9,844.5,844.64,446.311,377174.84461
BNBUSDT,1756769100000,2025-09-01 23:25:00,2025-09-02 08:25:00,844.64,845.69,844.63,845.69,178.957,151225.3319
BNBUSDT,1756769400000,2025-09-01 23:30:00,2025-09-02 08:30:00,845.69,845.69,844.53,845.16,208.126,175907.80264
BNBUSDT,1756769700000,2025-09-01 23:35:00,2025-09-02 08:35:00,845.16,847.05,845.15,847.05,560.65,474369.61895
BNBUSDT,1756770000000,2025-09-01 23:40:00,2025-09-02 08:40:00,847.04,847.24,844.27,845.23,2043.136,1727956.22425
BNBUSDT,1756770300000,2025-09-01 23:45:00,2025-09-02 08:45:00,845.23,847.61,845.15,845.69,987.773,835897.68299
BNBUSDT,1756770600000,2025-09-01 23:50:00,2025-09-02 08:50:00,845.69,846.02,845.41,845.78,451.441,381785.02621
BNBUSDT,1756770900000,2025-09-01 23:55:00,2025-09-02 08:55:00,845.78,845.98,845.6,845.68,649.67,549472.28527
BNBUSDT,1756771200000,2025-09-02 00:00:00,2025-09-02 09:00:00,845.68,845.96,845.05,845.48,1676.696,1417775.88638
BNBUSDT,1756771500000,2025-09-02 00:05:00,2025-09-02 09:05:00,845.48,845.85,845.26,845.45,322.557,272744.84762
BNBUSDT,1756771800000,2025-09-02 00:10:00,2025-09-02 09:10:00,845.45,845.8,844.11,844.7,1597.552,1350165.35399
BNBUSDT,1756772100000,2025-09-02 00:15:00,2025-09-02 09:15:00,844.7,845.26,843.7,844.96,1767.789,1492534.94985
BNBUSDT,1756772400000,2025-09-02 00:20:00,2025-09-02 09:20:00,844.96,845.85,844.8,845.39,600.571,507612.93733
BNBUSDT,1756772700000,2025-09-02 00:25:00,2025-09-02 09:25:00,845.39,846.02,843.91,844.3,1211.184,1023541.57313
BNBUSDT,1756773000000,2025-09-02 00:30:00,2025-09-02 09:30:00,844.3,845.22,843.29,844.86,805.371,679851.12579
BNBUSDT,1756773300000,2025-09-02 00:35:00,2025-09-02 09:35:00,844.86,844.86,843.65,844.38,374.201,315900.40387
BNBUSDT,1756773600000,2025-09-02 00:40:00,2025-09-02 09:40:00,844.37,844.44,843.52,843.64,221.543,186977.3734
BNBUSDT,1756773900000,2025-09-02 00:45:00,2025-09-02 09:45:00,843.64,845.04,843.41,844.87,260.645,220041.66981
BNBUSDT,1756774200000,2025-09-02 00:50:00,2025-09-02 09:50:00,844.87,845.52,844.86,844.95,120.154,101538.23114
BNBUSDT,1756774500000,2025-09-02 00:55:00,2025-09-02 09:55:00,844.94,845.58,844.5,845.58,135.142,114200.90373
BNBUSDT,1756774800000,2025-09-02 01:00:00,2025-09-02 10:00:00,845.58,847,845.48,846.99,368.403,311848.08888
BNBUSDT,1756775100000,2025-09-02 01:05:00,2025-09-02 10:05:00,847,847.31,846.67,846.88,292.913,248092.22828
BNBUSDT,1756775400000,2025-09-02 01:10:00,2025-09-02 10:10:00,846.89,847.81,846.8,847.3,330.481,280034.84297
BNBUSDT,1756775700000,2025-09-02 01:15:00,2025-09-02 10:15:00,847.31,847.54,846.1,847.34,785.029,664962.80188
BNBUSDT,1756776000000,2025-09-02 01:20:00,2025-09-02 10:20:00,847.35,848.74,847.34,848.5,392.596,332968.27907
BNBUSDT,1756776300000,2025-09-02 01:25:00,2025-09-02 10:25:00,848.5,848.54,847.5,848.41,244.889,207686.04168
BNBUSDT,1756776600000,2025-09-02 01:30:00,2025-09-02 10:30:00,848.42,848.74,847.25,847.37,383.642,325341.16817
BNBUSDT,1756776900000,2025-09-02 01:35:00,2025-09-02 10:35:00,847.38,847.79,846.85,847.79,167.635,142037.7496
BNBUSDT,1756777200000,2025-09-02 01:40:00,2025-09-02 10:40:00,847.79,849.69,847.61,849.34,627.207,532271.0374
BNBUSDT,1756777500000,2025-09-02 01:45:00,2025-09-02 10:45:00,849.34,850.23,848.9,850.23,476.523,404848.91047
BNBUSDT,1756777800000,2025-09-02 01:50:00,2025-09-02 10:50:00,850.22,850.31,849.7,849.71,286.822,243819.2559
BNBUSDT,1756778100000,2025-09-02 01:55:00,2025-09-02 10:55:00,849.7,849.74,848.8,848.86,294.783,250400.11563
BNBUSDT,1756778400000,2025-09-02 02:00:00,2025-09-02 11:00:00,848.87,849.8,848.72,849.79,252.235,214198.89824
BNBUSDT,1756778700000,2025-09-02 02:05:00,2025-09-02 11:05:00,849.8,850.59,849.77,849.77,310.455,263944.95174
BNBUSDT,1756779000000,2025-09-02 02:10:00,2025-09-02 11:10:00,849.77,849.9,849.21,849.75,246.859,209729.34689
BNBUSDT,1756779300000,2025-09-02 02:15:00,2025-09-02 11:15:00,849.74,849.88,848.53,849.3,240.904,204566.97636
BNBUSDT,1756779600000,2025-09-02 02:20:00,2025-09-02 11:20:00,849.3,850.9,849.3,850.86,238.663,202911.67807
BNBUSDT,1756779900000,2025-09-02 02:25:00,2025-09-02 11:25:00,850.86,851,850.2,850.28,176.417,150056.70914
BNBUSDT,1756780200000,2025-09-02 02:30:00,2025-09-02 11:30:00,850.29,850.85,850,850.81,295.039,250858.55696
BNBUSDT,1756780500000,2025-09-02 02:35:00,2025-09-02 11:35:00,850.81,852.46,850.74,852.21,824.674,702235.34932
BNBUSDT,1756780800000,2025-09-02 02:40:00,2025-09-02 11:40:00,852.22,852.22,851,852.04,364.467,310385.52801
BNBUSDT,1756781100000,2025-09-02 02:45:00,2025-09-02 11:45:00,852.04,852.04,850.47,851.3,1137.978,968591.08968
BNBUSDT,1756781400000,2025-09-02 02:50:00,2025-09-02 11:50:00,851.3,852.47,851.28,851.88,400.442,341173.55619
BNBUSDT,1756781700000,2025-09-02 02:55:00,2025-09-02 11:55:00,851.89,853.79,851.88,853.63,567.231,483751.46628
BNBUSDT,1756782000000,2025-09-02 03:00:00,2025-09-02 12:00:00,853.64,854,852.18,852.26,1236.116,1054447.62362
BNBUSDT,1756782300000,2025-09-02 03:05:00,2025-09-02 12:05:00,852.26,854,852.25,853.23,925.182,789453.32971
BNBUSDT,1756782600000,2025-09-02 03:10:00,2025-09-02 12:10:00,853.24,853.86,853.2,853.86,379.335,323729.80336
BNBUSDT,1756782900000,2025-09-02 03:15:00,2025-09-02 12:15:00,853.86,854.28,852.81,852.81,488.795,417265.65467
BNBUSDT,1756783200000,2025-09-02 03:20:00,2025-09-02 12:20:00,852.82,853.01,852.5,852.71,337.127,287492.62352
BNBUSDT,1756783500000,2025-09-02 03:25:00,2025-09-02 12:25:00,852.71,852.75,851.37,851.76,515.604,439296.49316
BNBUSDT,1756783800000,2025-09-02 03:30:00,2025-09-02 12:30:00,851.77,851.8,850.29,850.8,740.757,630289.56647
BNBUSDT,1756784100000,2025-09-02 03:35:00,2025-09-02 12:35:00,850.8,851.63,850.79,850.9,542.877,462141.40482
BNBUSDT,1756784400000,2025-09-02 03:40:00,2025-09-02 12:40:00,850.9,851.98,850.89,851.69,205.213,174731.01022
BNBUSDT,1756784700000,2025-09-02 03:45:00,2025-09-02 12:45:00,851.7,852.47,851.69,852.41,369.032,314491.55927
BNBUSDT,1756785000000,2025-09-02 03:50:00,2025-09-02 12:50:00,852.4,852.8,852.35,852.6,247.055,210638.08652
BNBUSDT,1756785300000,2025-09-02 03:55:00,2025-09-02 12:55:00,852.6,852.6,852.16,852.4,168.713,143800.86084
BNBUSDT,1756785600000,2025-09-02 04:00:00,2025-09-02 13:00:00,852.41,852.43,851.59,851.72,547.22,466142.78794
BNBUSDT,1756785900000,2025-09-02 04:05:00,2025-09-02 13:05:00,851.73,851.9,851.45,851.59,179.223,152644.83132
BNBUSDT,1756786200000,2025-09-02 04:10:00,2025-09-02 13:10:00,851.59,852,850.61,850.76,870.091,740583.75044
BNBUSDT,1756786500000,2025-09-02 04:15:00,2025-09-02 13:15:00,850.75,851.74,850.75,851.66,477.075,406012.3148
BNBUSDT,1756786800000,2025-09-02 04:20:00,2025-09-02 13:20:00,851.66,852.43,851.65,852.19,272.444,232175.23985
BNBUSDT,1756787100000,2025-09-02 04:25:00,2025-09-02 13:25:00,852.18,852.18,851.6,852.01,306.095,260757.26504
BNBUSDT,1756787400000,2025-09-02 04:30:00,2025-09-02 13:30:00,852.01,852.53,852,852.3,294.417,250932.11965
BNBUSDT,1756787700000,2025-09-02 04:35:00,2025-09-02 13:35:00,852.3,852.65,852,852.11,563.595,480372.73164
BNBUSDT,1756788000000,2025-09-02 04:40:00,2025-09-02 13:40:00,852.12,852.8,852.12,852.79,184.417,157215.66488
BNBUSDT,1756788300000,2025-09-02 04:45:00,2025-09-02 13:45:00,852.8,853.28,852.2,852.21,300.497,256292.09224
BNBUSDT,1756788600000,2025-09-02 04:50:00,2025-09-02 13:50:00,852.21,852.56,852,852.56,148.95,126952.50022
BNBUSDT,1756788900000,2025-09-02 04:55:00,2025-09-02 13:55:00,852.56,853.55,852.56,853.55,324.491,276809.66099
BNBUSDT,1756789200000,2025-09-02 05:00:00,2025-09-02 14:00:00,853.55,853.88,852.16,852.28,587.106,500787.79317
BNBUSDT,1756789500000,2025-09-02 05:05:00,2025-09-02 14:05:00,852.28,852.28,851.4,851.55,244.266,208063.10325
BNBUSDT,1756789800000,2025-09-02 05:10:00,2025-09-02 14:10:00,851.55,852.54,851.54,852.54,223.436,190363.52241
BNBUSDT,1756790100000,2025-09-02 05:15:00,2025-09-02 14:15:00,852.54,852.8,851.91,852.64,318.023,271014.33194
BNBUSDT,1756790400000,2025-09-02 05:20:00,2025-09-02 14:20:00,852.65,852.8,852.07,852.48,195.363,166510.86165
BNBUSDT,1756790700000,2025-09-02 05:25:00,2025-09-02 14:25:00,852.48,852.89,852.47,852.86,189.474,161568.99047
BNBUSDT,1756791000000,2025-09-02 05:30:00,2025-09-02 14:30:00,852.86,853,852.52,852.86,340.237,290161.80491
BNBUSDT,1756791300000,2025-09-02 05:35:00,2025-09-02 14:35:00,852.87,853,852.4,852.62,420.946,358949.03844
BNBUSDT,1756791600000,2025-09-02 05:40:00,2025-09-02 14:40:00,852.62,852.84,852.01,852.08,281.472,239934.45924
BNBUSDT,1756791900000,2025-09-02 05:45:00,2025-09-02 14:45:00,852.08,852.37,851.26,851.81,979.507,834344.80466
BNBUSDT,1756792200000,2025-09-02 05:50:00,2025-09-02 14:50:00,851.81,852.35,851.8,852.21,308.795,263124.39904
BNBUSDT,1756792500000,2025-09-02 05:55:00,2025-09-02 14:55:00,852.22,852.39,852.21,852.38,155.671,132679.70744
BNBUSDT,1756792800000,2025-09-02 06:00:00,2025-09-02 15:00:00,852.39,853,852.04,852.8,517.136,440851.02165
BNBUSDT,1756793100000,2025-09-02 06:05:00,2025-09-02 15:05:00,852.8,853.3,852.33,852.91,371.045,316466.57573
BNBUSDT,1756793400000,2025-09-02 06:10:00,2025-09-02 15:10:00,852.91,853.14,852.2,852.95,207.391,176835.57457
BNBUSDT,1756793700000,2025-09-02 06:15:00,2025-09-02 15:15:00,852.95,853.48,852.4,853.44,390.9,333436.73293
BNBUSDT,1756794000000,2025-09-02 06:20:00,2025-09-02 15:20:00,853.43,853.77,853.36,853.61,244.856,209009.06547
BNBUSDT,1756794300000,2025-09-02 06:25:00,2025-09-02 15:25:00,853.61,853.61,853.2,853.3,237.501,202675.90347
BNBUSDT,1756794600000,2025-09-02 06:30:00,2025-09-02 15:30:00,853.31,853.48,852.76,853.48,335.696,286386.25759
BNBUSDT,1756794900000,2025-09-02 06:35:00,2025-09-02 15:35:00,853.48,854.24,853.48,854.24,478.994,409013.57253
BNBUSDT,1756795200000,2025-09-02 06:40:00,2025-09-02 15:40:00,854.24,854.58,854.04,854.11,519.664,443968.19444
BNBUSDT,1756795500000,2025-09-02 06:45:00,2025-09-02 15:45:00,854.11,854.98,854.06,854.71,689.582,589230.24021
BNBUSDT,1756795800000,2025-09-02 06:50:00,2025-09-02 15:50:00,854.71,854.87,854.07,854.87,309.449,264384.46054
BNBUSDT,1756796100000,2025-09-02 06:55:00,2025-09-02 15:55:00,854.87,855.76,854.87,855.1,427.595,365720.25742
BNBUSDT,1756796400000,2025-09-02 07:00:00,2025-09-02 16:00:00,855.1,855.36,854.51,854.91,568.751,486208.59619
BNBUSDT,1756796700000,2025-09-02 07:05:00,2025-09-02 16:05:00,854.91,855.1,854.7,855.08,395.581,338194.67482
BNBUSDT,1756797000000,2025-09-02 07:10:00,2025-09-02 16:10:00,855.08,855.1,854.1,854.15,533.912,456243.99034
BNBUSDT,1756797300000,2025-09-02 07:15:00,2025-09-02 16:15:00,854.14,855,854.1,854.6,637.468,544805.19488
BNBUSDT,1756797600000,2025-09-02 07:20:00,2025-09-02 16:20:00,854.6,854.6,853.46,853.51,1135.022,969251.30916
BNBUSDT,1756797900000,2025-09-02 07:25:00,2025-09-02 16:25:00,853.51,854.79,853.5,854.77,1037.621,886308.09858
BNBUSDT,1756798200000,2025-09-02 07:30:00,2025-09-02 16:30:00,854.77,855.6,854.68,854.9,719.299,615023.93659
BNBUSDT,1756798500000,2025-09-02 07:35:00,2025-09-02 16:35:00,854.9,855.81,854.5,854.96,783.568,670078.3041
BNBUSDT,1756798800000,2025-09-02 07:40:00,2025-09-02 16:40:00,854.96,855.4,854.88,855.31,628.249,537213.99298
BNBUSDT,1756799100000,2025-09-02 07:45:00,2025-09-02 16:45:00,855.31,855.8,854.73,854.73,872.047,745954.50647
BNBUSDT,1756799400000,2025-09-02 07:50:00,2025-09-02 16:50:00,854.73,854.74,853.2,854.14,883.942,754768.5918
BNBUSDT,1756799700000,2025-09-02 07:55:00,2025-09-02 16:55:00,854.15,855.2,854.15,855.2,659.71,563881.86198
BNBUSDT,1756800000000,2025-09-02 08:00:00,2025-09-02 17:00:00,855.2,855.94,854.5,855.6,1190.045,1017815.28692
BNBUSDT,1756800300000,2025-09-02 08:05:00,2025-09-02 17:05:00,855.6,856.68,855.3,856.23,954.958,817457.43028
BNBUSDT,1756800600000,2025-09-02 08:10:00,2025-09-02 17:10:00,856.23,856.6,855,855.07,985.273,843473.62123
BNBUSDT,1756800900000,2025-09-02 08:15:00,2025-09-02 17:15:00,855.07,855.99,855.06,855.74,783.358,670288.00976
BNBUSDT,1756801200000,2025-09-02 08:20:00,2025-09-02 17:20:00,855.75,856.63,855.74,855.96,1018.398,872110.26065
BNBUSDT,1756801500000,2025-09-02 08:25:00,2025-09-02 17:25:00,855.96,856.48,855.66,856.09,444.541,380562.16855
BNBUSDT,1756801800000,2025-09-02 08:30:00,2025-09-02 17:30:00,856.1,856.3,854.7,854.71,1035.781,885780.14459
BNBUSDT,1756802100000,2025-09-02 08:35:00,2025-09-02 17:35:00,854.71,855.7,854.7,855.69,608.173,520168.91711
BNBUSDT,1756802400000,2025-09-02 08:40:00,2025-09-02 17:40:00,855.7,856.46,855.64,856.2,688.864,589779.12686
BNBUSDT,1756802700000,2025-09-02 08:45:00,2025-09-02 17:45:00,856.19,856.5,855.9,856.35,591.353,506360.73368
BNBUSDT,1756803000000,2025-09-02 08:50:00,2025-09-02 17:50:00,856.36,856.64,856.24,856.45,680.336,582659.28356
BNBUSDT,1756803300000,2025-09-02 08:55:00,2025-09-02 17:55:00,856.45,856.46,855.3,855.31,526.23,450449.99667
BNBUSDT,1756803600000,2025-09-02 09:00:00,2025-09-02 18:00:00,855.31,855.93,855,855.4,1037.726,887791.39367
BNBUSDT,1756803900000,2025-09-02 09:05:00,2025-09-02 18:05:00,855.39,855.4,853,854.81,1095.755,936103.01056
BNBUSDT,1756804200000,2025-09-02 09:10:00,2025-09-02 18:10:00,854.81,855.68,854.26,855.22,1183.918,1012271.78737
BNBUSDT,1756804500000,2025-09-02 09:15:00,2025-09-02 18:15:00,855.22,855.56,855.09,855.37,604.797,517273.87795
BNBUSDT,1756804800000,2025-09-02 09:20:00,2025-09-02 18:20:00,855.38,855.6,854.02,854.46,968.08,827639.39389
BNBUSDT,1756805100000,2025-09-02 09:25:00,2025-09-02 18:25:00,854.45,854.62,853.74,854.11,776.771,663543.219
BNBUSDT,1756805400000,2025-09-02 09:30:00,2025-09-02 18:30:00,854.12,854.36,853.52,853.69,782.405,668028.07327
BNBUSDT,1756805700000,2025-09-02 09:35:00,2025-09-02 18:35:00,853.7,854.51,853.69,854.5,731.925,625245.77082
BNBUSDT,1756806000000,2025-09-02 09:40:00,2025-09-02 18:40:00,854.5,854.5,854.01,854.23,823.38,703312.76382
BNBUSDT,1756806300000,2025-09-02 09:45:00,2025-09-02 18:45:00,854.24,854.24,853.53,853.61,858.611,733052.21838
BNBUSDT,1756806600000,2025-09-02 09:50:00,2025-09-02 18:50:00,853.6,853.8,852.02,852.38,2160.715,1843008.42938
BNBUSDT,1756806900000,2025-09-02 09:55:00,2025-09-02 18:55:00,852.38,852.48,851.31,852.14,1737.236,1479805.04159
BNBUSDT,1756807200000,2025-09-02 10:00:00,2025-09-02 19:00:00,852.14,852.6,850.16,851,3411.259,2902165.29329
BNBUSDT,1756807500000,2025-09-02 10:05:00,2025-09-02 19:05:00,851.01,851.26,848.49,849.28,2269.406,1928397.13272
BNBUSDT,1756807800000,2025-09-02 10:10:00,2025-09-02 19:10:00,849.27,850.02,849.02,849.84,1104.741,938335.52947
BNBUSDT,1756808100000,2025-09-02 10:15:00,2025-09-02 19:15:00,849.85,850.02,848.56,848.56,785.155,666920.1286
BNBUSDT,1756808400000,2025-09-02 10:20:00,2025-09-02 19:20:00,848.56,849.74,848.48,849.41,639.872,543341.65834
BNBUSDT,1756808700000,2025-09-02 10:25:00,2025-09-02 19:25:00,849.41,849.88,849.16,849.45,803.988,682971.59393
BNBUSDT,1756809000000,2025-09-02 10:30:00,2025-09-02 19:30:00,849.45,849.64,849.41,849.46,387.326,329049.95826
BNBUSDT,1756809300000,2025-09-02 10:35:00,2025-09-02 19:35:00,849.46,851.55,849.45,851.55,1334.005,1134417.09653
BNBUSDT,1756809600000,2025-09-02 10:40:00,2025-09-02 19:40:00,851.55,851.97,850.8,851.54,587.373,500107.56935
BNBUSDT,1756809900000,2025-09-02 10:45:00,2025-09-02 19:45:00,851.55,851.7,850.51,851.39,908.393,773075.14157
BNBUSDT,1756810200000,2025-09-02 10:50:00,2025-09-02 19:50:00,851.39,851.48,851.12,851.2,314.176,267454.45026
BNBUSDT,1756810500000,2025-09-02 10:55:00,2025-09-02 19:55:00,851.2,851.46,851.19,851.46,310.741,264539.18323
BNBUSDT,1756810800000,2025-09-02 11:00:00,2025-09-02 20:00:00,851.45,851.7,851.25,851.41,283.263,241182.96815
BNBUSDT,1756811100000,2025-09-02 11:05:00,2025-09-02 20:05:00,851.41,851.41,850.92,850.99,252.471,214871.57702
BNBUSDT,1756811400000,2025-09-02 11:10:00,2025-09-02 20:10:00,851,851.25,850.1,850.26,310.037,263754.04024
BNBUSDT,1756811700000,2025-09-02 11:15:00,2025-09-02 20:15:00,850.26,850.96,850.04,850.04,705.531,600127.14189
BNBUSDT,1756812000000,2025-09-02 11:20:00,2025-09-02 20:20:00,850.03,850.65,849.8,850.49,516.392,439012.34163
BNBUSDT,1756812300000,2025-09-02 11:25:00,2025-09-02 20:25:00,850.48,850.8,849.59,849.6,767.587,652709.43923
BNBUSDT,1756812600000,2025-09-02 11:30:00,2025-09-02 20:30:00,849.6,850.72,849.15,849.62,565.393,480529.20226
BNBUSDT,1756812900000,2025-09-02 11:35:00,2025-09-02 20:35:00,849.61,850.13,849.16,849.17,233.638,198526.93441
BNBUSDT,1756813200000,2025-09-02 11:40:00,2025-09-02 20:40:00,849.17,849.99,848.86,848.93,778.274,661060.73262
BNBUSDT,1756813500000,2025-09-02 11:45:00,2025-09-02 20:45:00,848.93,849.8,848.89,849.18,534.238,453712.31959
BNBUSDT,1756813800000,2025-09-02 11:50:00,2025-09-02 20:50:00,849.18,849.19,848.7,848.81,314.868,267283.64326
BNBUSDT,1756814100000,2025-09-02 11:55:00,2025-09-02 20:55:00,848.81,849,846.72,847.71,1311.071,1111690.03915
BNBUSDT,1756814400000,2025-09-02 12:00:00,2025-09-02 21:00:00,847.7,848.35,846.49,846.73,1015.132,859970.19224
BNBUSDT,1756814700000,2025-09-02 12:05:00,2025-09-02 21:05:00,846.72,847.07,845.27,845.91,1254.662,1061509.82398
BNBUSDT,1756815000000,2025-09-02 12:10:00,2025-09-02 21:10:00,845.9,846.37,845,845.64,988.828,836013.41293
BNBUSDT,1756815300000,2025-09-02 12:15:00,2025-09-02 21:15:00,845.64,846.15,845.2,845.71,413.83,349957.55557
BNBUSDT,1756815600000,2025-09-02 12:20:00,2025-09-02 21:20:00,845.71,847.02,845.57,845.69,422.302,357438.72579
BNBUSDT,1756815900000,2025-09-02 12:25:00,2025-09-02 21:25:00,845.69,847,845.68,846.97,311.999,264120.41412
BNBUSDT,1756816200000,2025-09-02 12:30:00,2025-09-02 21:30:00,846.97,847.54,845.6,845.64,469.111,397145.3666
BNBUSDT,1756816500000,2025-09-02 12:35:00,2025-09-02 21:35:00,845.64,846.25,845.01,845.37,433.304,366367.56005
BNBUSDT,1756816800000,2025-09-02 12:40:00,2025-09-02 21:40:00,845.37,845.56,842.51,843.82,2545.409,2148761.18713
BNBUSDT,1756817100000,2025-09-02 12:45:00,2025-09-02 21:45:00,843.81,843.81,841.61,842.56,2034.212,1713718.42278
BNBUSDT,1756817400000,2025-09-02 12:50:00,2025-09-02 21:50:00,842.56,843.95,841.43,841.72,1117.694,941930.9273
BNBUSDT,1756817700000,2025-09-02 12:55:00,2025-09-02 21:55:00,841.72,843.2,840.77,841.36,1699.636,1430912.6283
BNBUSDT,1756818000000,2025-09-02 13:00:00,2025-09-02 22:00:00,841.36,842.34,840.71,841.61,2729.451,2296056.64198
BNBUSDT,1756818300000,2025-09-02 13:05:00,2025-09-02 22:05:00,841.6,843.76,841.33,843.64,853.275,719289.90226
BNBUSDT,1756818600000,2025-09-02 13:10:00,2025-09-02 22:10:00,843.64,844.17,843.07,843.14,560.651,472963.73231
BNBUSDT,1756818900000,2025-09-02 13:15:00,2025-09-02 22:15:00,843.14,844.09,843.14,843.26,571.644,482240.62093
BNBUSDT,1756819200000,2025-09-02 13:20:00,2025-09-02 22:20:00,843.27,844.1,843.24,843.88,357.733,301818.033
BNBUSDT,1756819500000,2025-09-02 13:25:00,2025-09-02 22:25:00,843.87,845.72,843.87,844.27,578.741,488911.15837
BNBUSDT,1756819800000,2025-09-02 13:30:00,2025-09-02 22:30:00,844.28,845.43,842.95,844.5,1029.95,869435.50343
BNBUSDT,1756820100000,2025-09-02 13:35:00,2025-09-02 22:35:00,844.5,848.66,844.43,847.53,3381.551,2866075.50342
BNBUSDT,1756820400000,2025-09-02 13:40:00,2025-09-02 22:40:00,847.52,848.89,847.16,848.62,1137.132,964374.61743
BNBUSDT,1756820700000,2025-09-02 13:45:00,2025-09-02 22:45:00,848.61,851.75,848,850.01,1750.192,1487862.81536
BNBUSDT,1756821000000,2025-09-02 13:50:00,2025-09-02 22:50:00,850,851.5,849.91,850.39,831.401,707270.68772
BNBUSDT,1756821300000,2025-09-02 13:55:00,2025-09-02 22:55:00,850.4,851.64,850.1,850.89,2012.759,1712688.92211
BNBUSDT,1756821600000,2025-09-02 14:00:00,2025-09-02 23:00:00,850.9,852.58,849.49,849.79,1919.828,1634312.67511
BNBUSDT,1756821900000,2025-09-02 14:05:00,2025-09-02 23:05:00,849.8,850.03,847.59,850.02,1419.418,1204763.71902
BNBUSDT,1756822200000,2025-09-02 14:10:00,2025-09-02 23:10:00,850.03,850.56,848.85,849.48,1704.087,1447475.91048
BNBUSDT,1756822500000,2025-09-02 14:15:00,2025-09-02 23:15:00,849.47,850.68,847.68,850.24,545.691,463448.3168
BNBUSDT,1756822800000,2025-09-02 14:20:00,2025-09-02 23:20:00,850.24,851.36,849.72,849.77,1113.363,947042.96164
BNBUSDT,1756823100000,2025-09-02 14:25:00,2025-09-02 23:25:00,849.77,850.9,849.43,850.89,580.926,493975.85445
BNBUSDT,1756823400000,2025-09-02 14:30:00,2025-09-02 23:30:00,850.88,851.56,850.6,851.45,963.132,819718.46084
BNBUSDT,1756823700000,2025-09-02 14:35:00,2025-09-02 23:35:00,851.45,851.89,850.72,850.79,541.366,460952.66616
BNBUSDT,1756824000000,2025-09-02 14:40:00,2025-09-02 23:40:00,850.79,850.96,850,850.58,465.156,395604.52133
BNBUSDT,1756824300000,2025-09-02 14:45:00,2025-09-02 23:45:00,850.6,850.88,850,850.48,658.913,560291.36586
BNBUSDT,1756824600000,2025-09-02 14:50:00,2025-09-02 23:50:00,850.48,850.6,849.6,849.92,1014.852,862648.82576
BNBUSDT,1756824900000,2025-09-02 14:55:00,2025-09-02 23:55:00,849.92,850.5,848.8,850.31,425.313,361411.39994
BNBUSDT,1756825200000,2025-09-02 15:00:00,2025-09-03 00:00:00,850.3,850.65,848.95,848.95,525.287,446538.49978
BNBUSDT,1756825500000,2025-09-02 15:05:00,2025-09-03 00:05:00,848.95,849.1,847.3,848.67,722.232,612483.19227
BNBUSDT,1756825800000,2025-09-02 15:10:00,2025-09-03 00:10:00,848.66,850,848.56,850,353.595,300243.16056
BNBUSDT,1756826100000,2025-09-02 15:15:00,2025-09-03 00:15:00,850,850.95,849.93,850.04,1007.462,856735.2787
BNBUSDT,1756826400000,2025-09-02 15:20:00,2025-09-03 00:20:00,850.05,850.48,848.8,849.1,463.278,393702.7419
BNBUSDT,1756826700000,2025-09-02 15:25:00,2025-09-03 00:25:00,849.1,849.88,848.75,849.88,459.137,390074.94605
BNBUSDT,1756827000000,2025-09-02 15:30:00,2025-09-03 00:30:00,849.88,849.88,849,849.11,233.909,198669.45307
BNBUSDT,1756827300000,2025-09-02 15:35:00,2025-09-03 00:35:00,849.11,849.24,848.36,848.87,471.947,400597.86906
BNBUSDT,1756827600000,2025-09-02 15:40:00,2025-09-03 00:40:00,848.86,848.86,847.64,847.71,462.933,392694.89273
BNBUSDT,1756827900000,2025-09-02 15:45:00,2025-09-03 00:45:00,847.7,848.4,847.17,847.31,296.08,251082.32031
BNBUSDT,1756828200000,2025-09-02 15:50:00,2025-09-03 00:50:00,847.31,847.38,845.3,846.09,768.48,650118.07795
BNBUSDT,1756828500000,2025-09-02 15:55:00,2025-09-03 00:55:00,846.1,846.9,845.66,846.84,882.782,746934.79974
BNBUSDT,1756828800000,2025-09-02 16:00:00,2025-09-03 01:00:00,846.84,848.55,846.8,847.95,326.187,276509.49141
BNBUSDT,1756829100000,2025-09-02 16:05:00,2025-09-03 01:05:00,847.95,849.1,847.7,847.7,368.584,312727.44539
BNBUSDT,1756829400000,2025-09-02 16:10:00,2025-09-03 01:10:00,847.71,849.1,847.7,848.32,382.946,324894.19717
BNBUSDT,1756829700000,2025-09-02 16:15:00,2025-09-03 01:15:00,848.32,849.16,847.8,848.58,329.716,279738.7899
BNBUSDT,1756830000000,2025-09-02 16:20:00,2025-09-03 01:20:00,848.58,848.7,846.7,847.03,326,276426.58016
BNBUSDT,1756830300000,2025-09-02 16:25:00,2025-09-03 01:25:00,847.04,847.04,845.72,846,496.204,420054.57694
BNBUSDT,1756830600000,2025-09-02 16:30:00,2025-09-03 01:30:00,846,847.4,845.99,846.93,352.138,298184.7583
BNBUSDT,1756830900000,2025-09-02 16:35:00,2025-09-03 01:35:00,846.93,847.74,846.78,847.03,263.302,223120.78796
BNBUSDT,1756831200000,2025-09-02 16:40:00,2025-09-03 01:40:00,847.02,848.56,847,847.99,412.741,349998.23766
BNBUSDT,1756831500000,2025-09-02 16:45:00,2025-09-03 01:45:00,848,848.8,847.8,848.64,418.015,354593.8695
BNBUSDT,1756831800000,2025-09-02 16:50:00,2025-09-03 01:50:00,848.65,849.77,846.99,847.39,1280.635,1086688.83411
BNBUSDT,1756832100000,2025-09-02 16:55:00,2025-09-03 01:55:00,847.4,847.8,846.8,846.97,408.17,345817.9455
BNBUSDT,1756832400000,2025-09-02 17:00:00,2025-09-03 02:00:00,846.97,848.97,846.9,848.96,530.278,449468.23793
BNBUSDT,1756832700000,2025-09-02 17:05:00,2025-09-03 02:05:00,848.97,849,848,848.01,297.792,252716.58116
BNBUSDT,1756833000000,2025-09-02 17:10:00,2025-09-03 02:10:00,848.01,848.5,847.9,848.39,231.05,195967.63845
BNBUSDT,1756833300000,2025-09-02 17:15:00,2025-09-03 02:15:00,848.39,849.08,848.31,848.91,323.214,274318.40199
BNBUSDT,1756833600000,2025-09-02 17:20:00,2025-09-03 02:20:00,848.91,849.26,848.69,849.17,100.824,85591.40678
BNBUSDT,1756833900000,2025-09-02 17:25:00,2025-09-03 02:25:00,849.17,849.88,848.93,849.71,361.231,306858.39493
BNBUSDT,1756834200000,2025-09-02 17:30:00,2025-09-03 02:30:00,849.71,849.98,849.44,849.79,279.472,237475.18605
BNBUSDT,1756834500000,2025-09-02 17:35:00,2025-09-03 02:35:00,849.8,850,849.61,849.98,2498.99,2124016.97486
BNBUSDT,1756834800000,2025-09-02 17:40:00,2025-09-03 02:40:00,849.98,850,849.6,849.75,867.77,737563.98944
BNBUSDT,1756835100000,2025-09-02 17:45:00,2025-09-03 02:45:00,849.75,849.88,849.11,849.88,336.62,285965.73189
BNBUSDT,1756835400000,2025-09-02 17:50:00,2025-09-03 02:50:00,849.88,851,849.88,850.38,437.058,371639.2422
BNBUSDT,1756835700000,2025-09-02 17:55:00,2025-09-03 02:55:00,850.38,851,850.37,850.92,277.478,236056.47734
BNBUSDT,1756836000000,2025-09-02 18:00:00,2025-09-03 03:00:00,850.91,851,849.35,850.04,271.747,230968.99043
BNBUSDT,1756836300000,2025-09-02 18:05:00,2025-09-03 03:05:00,850.04,850.1,849.3,849.95,198.841,168959.22359
BNBUSDT,1756836600000,2025-09-02 18:10:00,2025-09-03 03:10:00,849.95,850,849.4,849.77,126.767,107714.07706
BNBUSDT,1756836900000,2025-09-02 18:15:00,2025-09-03 03:15:00,849.76,849.9,848.8,849.11,171.254,145443.02551
BNBUSDT,1756837200000,2025-09-02 18:20:00,2025-09-03 03:20:00,849.11,850,848.87,849.77,229.013,194585.33427
BNBUSDT,1756837500000,2025-09-02 18:25:00,2025-09-03 03:25:00,849.76,849.85,849.23,849.26,165.394,140508.44051
BNBUSDT,1756837800000,2025-09-02 18:30:00,2025-09-03 03:30:00,849.26,849.8,848.72,849.18,142.856,121306.6055
BNBUSDT,1756838100000,2025-09-02 18:35:00,2025-09-03 03:35:00,849.18,849.56,848.71,848.81,158.452,134553.70703
BNBUSDT,1756838400000,2025-09-02 18:40:00,2025-09-03 03:40:00,848.81,848.81,848.28,848.39,198.247,168208.32219
BNBUSDT,1756838700000,2025-09-02 18:45:00,2025-09-03 03:45:00,848.4,848.84,846.84,848.51,269.774,228654.46689
BNBUSDT,1756839000000,2025-09-02 18:50:00,2025-09-03 03:50:00,848.51,850.64,848.47,850.64,348.69,296349.25397
BNBUSDT,1756839300000,2025-09-02 18:55:00,2025-09-03 03:55:00,850.64,850.89,849.84,849.84,156.876,133404.28316
BNBUSDT,1756839600000,2025-09-02 19:00:00,2025-09-03 04:00:00,849.84,850.6,849.32,850.6,254.732,216525.02032
BNBUSDT,1756839900000,2025-09-02 19:05:00,2025-09-03 04:05:00,850.6,851.33,850.6,851.22,277.622,236283.77459
BNBUSDT,1756840200000,2025-09-02 19:10:00,2025-09-03 04:10:00,851.22,851.35,848.73,848.8,438.457,372573.6825
BNBUSDT,1756840500000,2025-09-02 19:15:00,2025-09-03 04:15:00,848.8,850.08,848.61,849.95,242.198,205711.46675
BNBUSDT,1756840800000,2025-09-02 19:20:00,2025-09-03 04:20:00,849.95,849.95,848.4,848.47,257.822,218947.31974
BNBUSDT,1756841100000,2025-09-02 19:25:00,2025-09-03 04:25:00,848.47,848.86,848.47,848.71,112.558,95523.40762
BNBUSDT,1756841400000,2025-09-02 19:30:00,2025-09-03 04:30:00,848.71,849.04,848,848.57,156.539,132833.43667
BNBUSDT,1756841700000,2025-09-02 19:35:00,2025-09-03 04:35:00,848.57,849.5,848.5,849.44,147.898,125591.32959
BNBUSDT,1756842000000,2025-09-02 19:40:00,2025-09-03 04:40:00,849.44,849.8,849.24,849.48,623.745,529876.73772
BNBUSDT,1756842300000,2025-09-02 19:45:00,2025-09-03 04:45:00,849.48,850,849.25,849.96,145.584,123691.67872
BNBUSDT,1756842600000,2025-09-02 19:50:00,2025-09-03 04:50:00,849.95,850.1,849.26,849.5,93.651,79576.97073
BNBUSDT,1756842900000,2025-09-02 19:55:00,2025-09-03 04:55:00,849.5,849.84,849.4,849.84,137.571,116878.92709
BNBUSDT,1756843200000,2025-09-02 20:00:00,2025-09-03 05:00:00,849.84,849.88,849.4,849.76,247.834,210588.89505
BNBUSDT,1756843500000,2025-09-02 20:05:00,2025-09-03 05:05:00,849.76,850.71,849.4,850.71,125.45,106655.02955
BNBUSDT,1756843800000,2025-09-02 20:10:00,2025-09-03 05:10:00,850.71,851.1,850.28,851.1,405.587,345028.40753
BNBUSDT,1756844100000,2025-09-02 20:15:00,2025-09-03 05:15:00,851.1,852.36,851.09,852.36,228.1,194287.44177
BNBUSDT,1756844400000,2025-09-02 20:20:00,2025-09-03 05:20:00,852.36,853.96,852.01,852.39,777.784,663573.0687
BNBUSDT,1756844700000,2025-09-02 20:25:00,2025-09-03 05:25:00,852.4,852.69,851.92,852.13,216.053,184132.22375
BNBUSDT,1756845000000,2025-09-02 20:30:00,2025-09-03 05:30:00,852.13,852.44,851.4,852.33,138.735,118173.38954
BNBUSDT,1756845300000,2025-09-02 20:35:00,2025-09-03 05:35:00,852.33,853.2,852.21,853.2,199.41,170054.64864
BNBUSDT,1756845600000,2025-09-02 20:40:00,2025-09-03 05:40:00,853.2,853.39,852.57,852.58,174.266,148649.8671
BNBUSDT,1756845900000,2025-09-02 20:45:00,2025-09-03 05:45:00,852.57,852.6,850.65,851.86,511.702,435657.83499
BNBUSDT,1756846200000,2025-09-02 20:50:00,2025-09-03 05:50:00,851.86,851.96,851.15,851.89,159.726,136009.01514
BNBUSDT,1756846500000,2025-09-02 20:55:00,2025-09-03 05:55:00,851.9,852,851.6,851.81,258.078,219828.73667
BNBUSDT,1756846800000,2025-09-02 21:00:00,2025-09-03 06:00:00,851.81,852.1,851.6,851.6,115.186,98124.13623
BNBUSDT,1756847100000,2025-09-02 21:05:00,2025-09-03 06:05:00,851.61,852.29,851.6,852.16,229.637,195658.11165
BNBUSDT,1756847400000,2025-09-02 21:10:00,2025-09-03 06:10:00,852.16,852.92,852.16,852.81,399.286,340436.5581
BNBUSDT,1756847700000,2025-09-02 21:15:00,2025-09-03 06:15:00,852.8,852.95,851.84,851.85,177.028,150935.70318
BNBUSDT,1756848000000,2025-09-02 21:20:00,2025-09-03 06:20:00,851.85,852.3,851.58,852.06,428.317,364893.67579
BNBUSDT,1756848300000,2025-09-02 21:25:00,2025-09-03 06:25:00,852.06,852.25,851.68,852.24,335.07,285491.52818
BNBUSDT,1756848600000,2025-09-02 21:30:00,2025-09-03 06:30:00,852.25,853.2,852.13,853.19,149.178,127182.84951
BNBUSDT,1756848900000,2025-09-02 21:35:00,2025-09-03 06:35:00,853.2,853.32,852.97,853.32,125.527,107095.14639
BNBUSDT,1756849200000,2025-09-02 21:40:00,2025-09-03 06:40:00,853.32,853.32,852.59,852.8,338.309,288547.30668
BNBUSDT,1756849500000,2025-09-02 21:45:00,2025-09-03 06:45:00,852.81,853.04,852.51,852.92,139.966,119358.17741
BNBUSDT,1756849800000,2025-09-02 21:50:00,2025-09-03 06:50:00,852.92,853.62,852.92,853.15,541.021,461637.79617
BNBUSDT,1756850100000,2025-09-02 21:55:00,2025-09-03 06:55:00,853.15,853.7,853.12,853.51,185.403,158202.57849
BNBUSDT,1756850400000,2025-09-02 22:00:00,2025-09-03 07:00:00,853.5,853.5,852,852.36,289.287,246636.62724
BNBUSDT,1756850700000,2025-09-02 22:05:00,2025-09-03 07:05:00,852.36,852.36,851.47,851.87,354.407,301934.85016
BNBUSDT,1756851000000,2025-09-02 22:10:00,2025-09-03 07:10:00,851.87,853,851.87,852.91,160.73,137028.83111
BNBUSDT,1756851300000,2025-09-02 22:15:00,2025-09-03 07:15:00,852.91,853.3,850.4,851.39,961.465,818823.48149
BNBUSDT,1756851600000,2025-09-02 22:20:00,2025-09-03 07:20:00,851.4,851.48,850.86,850.87,191.117,162663.45343
BNBUSDT,1756851900000,2025-09-02 22:25:00,2025-09-03 07:25:00,850.87,851.3,850.86,851.1,101.63,86497.6914
BNBUSDT,1756852200000,2025-09-02 22:30:00,2025-09-03 07:30:00,851.1,851.24,850.6,850.83,315.156,268158.7709
BNBUSDT,1756852500000,2025-09-02 22:35:00,2025-09-03 07:35:00,850.84,851.95,850.83,851.56,140.389,119536.3044
BNBUSDT,1756852800000,2025-09-02 22:40:00,2025-09-03 07:40:00,851.57,852.2,851.56,852.08,251.048,213891.70832
BNBUSDT,1756853100000,2025-09-02 22:45:00,2025-09-03 07:45:00,852.09,852.37,851.74,852.11,149.289,127212.49389
BNBUSDT,1756853400000,2025-09-02 22:50:00,2025-09-03 07:50:00,852.1,852.17,851.75,851.77,105.98,90293.28234
BNBUSDT,1756853700000,2025-09-02 22:55:00,2025-09-03 07:55:00,851.77,852.69,851.7,852.62,191.809,163426.03752
BNBUSDT,1756854000000,2025-09-02 23:00:00,2025-09-03 08:00:00,852.62,853.11,852.2,852.22,182.677,155745.75487
BNBUSDT,1756854300000,2025-09-02 23:05:00,2025-09-03 08:05:00,852.21,852.21,851.58,851.68,125.622,107002.94375
BNBUSDT,1756854600000,2025-09-02 23:10:00,2025-09-03 08:10:00,851.67,852.8,851.67,852.71,243.74,207708.89652
BNBUSDT,1756854900000,2025-09-02 23:15:00,2025-09-03 08:15:00,852.71,852.8,852.1,852.11,181.547,154774.97917
BNBUSDT,1756855200000,2025-09-02 23:20:00,2025-09-03 08:20:00,852.11,852.12,851.58,851.91,122.685,104505.5868
BNBUSDT,1756855500000,2025-09-02 23:25:00,2025-09-03 08:25:00,851.91,851.91,851.6,851.73,128.496,109435.83601
BNBUSDT,1756855800000,2025-09-02 23:30:00,2025-09-03 08:30:00,851.73,852,851.18,851.18,129.778,110510.62424
BNBUSDT,1756856100000,2025-09-02 23:35:00,2025-09-03 08:35:00,851.18,851.76,851.18,851.75,100.136,85269.85576
BNBUSDT,1756856400000,2025-09-02 23:40:00,2025-09-03 08:40:00,851.75,851.76,851.51,851.71,154.445,131533.78405
BNBUSDT,1756856700000,2025-09-02 23:45:00,2025-09-03 08:45:00,851.71,852,851.6,851.61,139.992,119254.49077
BNBUSDT,1756857000000,2025-09-02 23:50:00,2025-09-03 08:50:00,851.61,851.96,851.53,851.95,150.516,128189.40691
BNBUSDT,1756857300000,2025-09-02 23:55:00,2025-09-03 08:55:00,851.96,852,851.6,851.8,170.991,145640.82508
BNBUSDT,1756857600000,2025-09-03 00:00:00,2025-09-03 09:00:00,851.8,851.92,851.26,851.31,251.437,214110.62436
BNBUSDT,1756857900000,2025-09-03 00:05:00,2025-09-03 09:05:00,851.32,851.71,851.31,851.52,240.774,205036.32356
BNBUSDT,1756858200000,2025-09-03 00:10:00,2025-09-03 09:10:00,851.53,852.68,851.52,852.65,785.117,668964.97006
BNBUSDT,1756858500000,2025-09-03 00:15:00,2025-09-03 09:15:00,852.66,853.35,852.49,853.34,730.004,622607.25311
BNBUSDT,1756858800000,2025-09-03 00:20:00,2025-09-03 09:20:00,853.35,853.84,853.08,853.56,592.416,505592.66501
BNBUSDT,1756859100000,2025-09-03 00:25:00,2025-09-03 09:25:00,853.57,854,853.32,853.55,577.419,492954.01489
BNBUSDT,1756859400000,2025-09-03 00:30:00,2025-09-03 09:30:00,853.54,853.67,852.7,852.78,215.797,184083.31439
BNBUSDT,1756859700000,2025-09-03 00:35:00,2025-09-03 09:35:00,852.78,853.39,852.59,852.61,482.89,411886.47442
BNBUSDT,1756860000000,2025-09-03 00:40:00,2025-09-03 09:40:00,852.61,852.97,851.06,851.33,327.061,278675.2713
BNBUSDT,1756860300000,2025-09-03 00:45:00,2025-09-03 09:45:00,851.33,851.33,851.08,851.19,279.024,237514.72382
BNBUSDT,1756860600000,2025-09-03 00:50:00,2025-09-03 09:50:00,851.19,851.32,850.7,850.7,108.63,92447.91138
BNBUSDT,1756860900000,2025-09-03 00:55:00,2025-09-03 09:55:00,850.71,850.8,850,850.68,416.88,354481.34452
BNBUSDT,1756861200000,2025-09-03 01:00:00,2025-09-03 10:00:00,850.68,850.69,849.81,850.31,384.296,326672.66801
BNBUSDT,1756861500000,2025-09-03 01:05:00,2025-09-03 10:05:00,850.32,850.32,849.42,849.82,340.606,289460.40828
BNBUSDT,1756861800000,2025-09-03 01:10:00,2025-09-03 10:10:00,849.83,849.95,849.61,849.62,209.307,177871.20346
BNBUSDT,1756862100000,2025-09-03 01:15:00,2025-09-03 10:15:00,849.61,850.27,849.5,850.2,180.691,153561.95446
BNBUSDT,1756862400000,2025-09-03 01:20:00,2025-09-03 10:20:00,850.21,850.21,849.36,849.36,165.838,140929.0678
BNBUSDT,1756862700000,2025-09-03 01:25:00,2025-09-03 10:25:00,849.37,849.6,849.22,849.32,238.868,202883.15814
BNBUSDT,1756863000000,2025-09-03 01:30:00,2025-09-03 10:30:00,849.33,850.02,849.27,849.51,408.368,346942.16329
BNBUSDT,1756863300000,2025-09-03 01:35:00,2025-09-03 10:35:00,849.51,849.8,849.51,849.52,168.884,143485.37055
BNBUSDT,1756863600000,2025-09-03 01:40:00,2025-09-03 10:40:00,849.52,849.8,849.21,849.25,280.497,238276.6773
BNBUSDT,1756863900000,2025-09-03 01:45:00,2025-09-03 10:45:00,849.26,849.64,848.91,849.47,765.6,650206.43968
BNBUSDT,1756864200000,2025-09-03 01:50:00,2025-09-03 10:50:00,849.46,850.9,849.46,850.84,194.794,165667.67
BNBUSDT,1756864500000,2025-09-03 01:55:00,2025-09-03 10:55:00,850.84,852.16,850.84,852.1,671.721,572072.98007
BNBUSDT,1756864800000,2025-09-03 02:00:00,2025-09-03 11:00:00,852.1,852.96,851.76,851.76,476.669,406274.39992
BNBUSDT,1756865100000,2025-09-03 02:05:00,2025-09-03 11:05:00,851.77,851.77,850.75,850.88,323.624,275413.22173
BNBUSDT,1756865400000,2025-09-03 02:10:00,2025-09-03 11:10:00,850.88,851.76,850.81,851.65,173.95,148079.31785
BNBUSDT,1756865700000,2025-09-03 02:15:00,2025-09-03 11:15:00,851.64,853.33,851.55,853.13,241.586,205925.54593
BNBUSDT,1756866000000,2025-09-03 02:20:00,2025-09-03 11:20:00,853.12,853.24,852.25,852.42,260.754,222372.38172
BNBUSDT,1756866300000,2025-09-03 02:25:00,2025-09-03 11:25:00,852.42,852.9,852.11,852.9,229.878,195966.83248
BNBUSDT,1756866600000,2025-09-03 02:30:00,2025-09-03 11:30:00,852.9,852.91,851.94,852.05,260.793,222269.17008
BNBUSDT,1756866900000,2025-09-03 02:35:00,2025-09-03 11:35:00,852.06,852.67,851.96,852.57,290.284,247454.29231
BNBUSDT,1756867200000,2025-09-03 02:40:00,2025-09-03 11:40:00,852.56,852.75,852.42,852.63,181.008,154324.59183
BNBUSDT,1756867500000,2025-09-03 02:45:00,2025-09-03 11:45:00,852.63,853.12,852.6,852.69,294.749,251380.85782
BNBUSDT,1756867800000,2025-09-03 02:50:00,2025-09-03 11:50:00,852.69,853.63,852.68,853.25,526.092,448937.95385
BNBUSDT,1756868100000,2025-09-03 02:55:00,2025-09-03 11:55:00,853.25,853.25,852.87,853.1,185.993,158657.9494
BNBUSDT,1756868400000,2025-09-03 03:00:00,2025-09-03 12:00:00,853.1,853.36,852.52,853.31,330.106,281586.78581
BNBUSDT,1756868700000,2025-09-03 03:05:00,2025-09-03 12:05:00,853.32,853.7,853.31,853.67,155.893,133052.7061
BNBUSDT,1756869000000,2025-09-03 03:10:00,2025-09-03 12:10:00,853.67,853.67,852.23,852.4,259.934,221721.8623
BNBUSDT,1756869300000,2025-09-03 03:15:00,2025-09-03 12:15:00,852.4,852.6,852.16,852.53,309.388,263725.67913
BNBUSDT,1756869600000,2025-09-03 03:20:00,2025-09-03 12:20:00,852.52,852.8,852.27,852.28,195.316,166538.64779
BNBUSDT,1756869900000,2025-09-03 03:25:00,2025-09-03 12:25:00,852.27,852.28,852.03,852.26,180.1,153464.50176
BNBUSDT,1756870200000,2025-09-03 03:30:00,2025-09-03 12:30:00,852.26,852.28,851.9,851.9,207.611,176921.04292
BNBUSDT,1756870500000,2025-09-03 03:35:00,2025-09-03 12:35:00,851.91,851.91,851.17,851.17,159.516,135854.31596
BNBUSDT,1756870800000,2025-09-03 03:40:00,2025-09-03 12:40:00,851.18,851.75,851.12,851.67,153.519,130714.75699
BNBUSDT,1756871100000,2025-09-03 03:45:00,2025-09-03 12:45:00,851.67,851.7,851.33,851.53,136.519,116250.14534
BNBUSDT,1756871400000,2025-09-03 03:50:00,2025-09-03 12:50:00,851.53,852.18,851.53,852.09,156.52,133352.01532
BNBUSDT,1756871700000,2025-09-03 03:55:00,2025-09-03 12:55:00,852.1,852.1,851.51,851.57,212.413,180928.34159
BNBUSDT,1756872000000,2025-09-03 04:00:00,2025-09-03 13:00:00,851.56,852.21,851.44,852.21,241.838,205971.33966
BNBUSDT,1756872300000,2025-09-03 04:05:00,2025-09-03 13:05:00,852.21,852.47,851.56,851.56,151.333,128944.63791
BNBUSDT,1756872600000,2025-09-03 04:10:00,2025-09-03 13:10:00,851.56,851.57,851.28,851.33,143.714,122361.20604
BNBUSDT,1756872900000,2025-09-03 04:15:00,2025-09-03 13:15:00,851.32,851.43,851.03,851.16,87.29,74303.82032
BNBUSDT,1756873200000,2025-09-03 04:20:00,2025-09-03 13:20:00,851.16,852.03,851.08,852.03,240.245,204530.63098
BNBUSDT,1756873500000,2025-09-03 04:25:00,2025-09-03 13:25:00,852.03,852.15,851.72,851.83,205.515,175078.18621
BNBUSDT,1756873800000,2025-09-03 04:30:00,2025-09-03 13:30:00,851.83,852.48,851.82,852.22,169.067,144065.48403
BNBUSDT,1756874100000,2025-09-03 04:35:00,2025-09-03 13:35:00,852.22,852.32,851.82,851.96,232.881,198450.52046
BNBUSDT,1756874400000,2025-09-03 04:40:00,2025-09-03 13:40:00,851.96,852.5,851.95,852.49,109.336,93184.83235
BNBUSDT,1756874700000,2025-09-03 04:45:00,2025-09-03 13:45:00,852.48,852.77,852.4,852.46,761.974,649631.62221
BNBUSDT,1756875000000,2025-09-03 04:50:00,2025-09-03 13:50:00,852.46,852.8,852.4,852.41,360.714,307576.14387
BNBUSDT,1756875300000,2025-09-03 04:55:00,2025-09-03 13:55:00,852.41,852.5,852.29,852.49,90.131,76828.23826
BNBUSDT,1756875600000,2025-09-03 05:00:00,2025-09-03 14:00:00,852.5,852.5,851.84,851.88,262.589,223756.76617
BNBUSDT,1756875900000,2025-09-03 05:05:00,2025-09-03 14:05:00,851.89,851.89,851.08,851.27,205.258,174740.88396
BNBUSDT,1756876200000,2025-09-03 05:10:00,2025-09-03 14:10:00,851.26,851.39,851.12,851.36,141.266,120252.41901
BNBUSDT,1756876500000,2025-09-03 05:15:00,2025-09-03 14:15:00,851.35,851.38,851,851.15,122.297,104088.01961
BNBUSDT,1756876800000,2025-09-03 05:20:00,2025-09-03 14:20:00,851.15,851.16,850.6,850.69,261.563,222545.95164
BNBUSDT,1756877100000,2025-09-03 05:25:00,2025-09-03 14:25:00,850.69,851.3,850.56,851.17,195.444,166300.85232
BNBUSDT,1756877400000,2025-09-03 05:30:00,2025-09-03 14:30:00,851.17,851.4,850.7,850.79,193.482,164661.95313
BNBUSDT,1756877700000,2025-09-03 05:35:00,2025-09-03 14:35:00,850.8,851.06,850.76,851.05,78.963,67194.83369
BNBUSDT,1756878000000,2025-09-03 05:40:00,2025-09-03 14:40:00,851.06,851.1,850.7,850.79,135.211,115047.65633
BNBUSDT,1756878300000,2025-09-03 05:45:00,2025-09-03 14:45:00,850.8,850.97,850.66,850.9,88.327,75148.21804
BNBUSDT,1756878600000,2025-09-03 05:50:00,2025-09-03 14:50:00,850.9,850.97,850.73,850.78,88.784,75544.27943
BNBUSDT,1756878900000,2025-09-03 05:55:00,2025-09-03 14:55:00,850.79,850.79,850.4,850.61,126.117,107263.89752
BNBUSDT,1756879200000,2025-09-03 06:00:00,2025-09-03 15:00:00,850.61,850.72,849.48,849.48,639.119,543220.60416
BNBUSDT,1756879500000,2025-09-03 06:05:00,2025-09-03 15:05:00,849.49,850.76,849.45,850.56,399.703,339787.6603
BNBUSDT,1756879800000,2025-09-03 06:10:00,2025-09-03 15:10:00,850.56,851.04,850.55,851,166.808,141939.46929
BNBUSDT,1756880100000,2025-09-03 06:15:00,2025-09-03 15:15:00,851,851.49,850.79,851.36,407.289,346683.77143
BNBUSDT,1756880400000,2025-09-03 06:20:00,2025-09-03 15:20:00,851.37,851.5,851.3,851.48,146.36,124614.69813
BNBUSDT,1756880700000,2025-09-03 06:25:00,2025-09-03 15:25:00,851.48,851.69,851.47,851.68,143.907,122549.49011
BNBUSDT,1756881000000,2025-09-03 06:30:00,2025-09-03 15:30:00,851.69,852.56,851.68,852.06,485.647,413873.73258
BNBUSDT,1756881300000,2025-09-03 06:35:00,2025-09-03 15:35:00,852.06,852.18,852,852,176.587,150470.78445
BNBUSDT,1756881600000,2025-09-03 06:40:00,2025-09-03 15:40:00,852.01,852.16,851.8,851.94,266.008,226630.66439
BNBUSDT,1756881900000,2025-09-03 06:45:00,2025-09-03 15:45:00,851.93,852.3,851.8,851.81,161.318,137451.81541
BNBUSDT,1756882200000,2025-09-03 06:50:00,2025-09-03 15:50:00,851.81,851.89,851.48,851.65,194.03,165253.819
BNBUSDT,1756882500000,2025-09-03 06:55:00,2025-09-03 15:55:00,851.65,851.9,851.5,851.9,240.54,204865.14469
BNBUSDT,1756882800000,2025-09-03 07:00:00,2025-09-03 16:00:00,851.9,852.38,851.89,852.31,198.265,168952.60677
BNBUSDT,1756883100000,2025-09-03 07:05:00,2025-09-03 16:05:00,852.31,852.34,851.31,851.45,290.396,247340.50787
BNBUSDT,1756883400000,2025-09-03 07:10:00,2025-09-03 16:10:00,851.45,851.55,850.96,851.34,321.374,273572.64603
BNBUSDT,1756883700000,2025-09-03 07:15:00,2025-09-03 16:15:00,851.34,851.34,850.89,850.91,287.602,244757.42199
BNBUSDT,1756884000000,2025-09-03 07:20:00,2025-09-03 16:20:00,850.91,852.09,850.84,851.91,632.319,538307.71773
BNBUSDT,1756884300000,2025-09-03 07:25:00,2025-09-03 16:25:00,851.9,852.3,851.3,852.23,246.651,210089.72426
BNBUSDT,1756884600000,2025-09-03 07:30:00,2025-09-03 16:30:00,852.23,852.63,852.23,852.63,254.464,216905.38355
BNBUSDT,1756884900000,2025-09-03 07:35:00,2025-09-03 16:35:00,852.62,853.83,852.6,853.55,562.512,479979.58661
BNBUSDT,1756885200000,2025-09-03 07:40:00,2025-09-03 16:40:00,853.55,854.06,853.42,854.06,542.811,463444.1901
BNBUSDT,1756885500000,2025-09-03 07:45:00,2025-09-03 16:45:00,854.05,854.05,853.52,853.96,479.856,409704.27059
BNBUSDT,1756885800000,2025-09-03 07:50:00,2025-09-03 16:50:00,853.96,854.4,853.8,854.4,445.883,380799.7367
BNBUSDT,1756886100000,2025-09-03 07:55:00,2025-09-03 16:55:00,854.4,854.69,854.36,854.65,504.403,431036.96561
BNBUSDT,1756886400000,2025-09-03 08:00:00,2025-09-03 17:00:00,854.64,855.21,854.61,855.19,617.392,527891.31054
BNBUSDT,1756886700000,2025-09-03 08:05:00,2025-09-03 17:05:00,855.19,855.19,854.31,854.31,511.026,436782.67312
BNBUSDT,1756887000000,2025-09-03 08:10:00,2025-09-03 17:10:00,854.32,854.54,853.95,854.54,329.007,281064.82593
BNBUSDT,1756887300000,2025-09-03 08:15:00,2025-09-03 17:15:00,854.53,855,853.98,853.98,324.885,277619.48458
BNBUSDT,1756887600000,2025-09-03 08:20:00,2025-09-03 17:20:00,853.99,854.09,853.4,853.84,344.362,293993.56498
BNBUSDT,1756887900000,2025-09-03 08:25:00,2025-09-03 17:25:00,853.84,853.84,853.4,853.71,388.879,331957.43381
BNBUSDT,1756888200000,2025-09-03 08:30:00,2025-09-03 17:30:00,853.71,854,853.2,853.21,324.455,276990.3102
BNBUSDT,1756888500000,2025-09-03 08:35:00,2025-09-03 17:35:00,853.21,853.79,852.9,853.7,333.755,284736.75957
BNBUSDT,1756888800000,2025-09-03 08:40:00,2025-09-03 17:40:00,853.69,853.7,853.28,853.29,208.736,178131.49643
BNBUSDT,1756889100000,2025-09-03 08:45:00,2025-09-03 17:45:00,853.29,853.33,853.11,853.32,208.391,177798.93393
BNBUSDT,1756889400000,2025-09-03 08:50:00,2025-09-03 17:50:00,853.32,853.36,853,853.03,164.426,140294.35332
BNBUSDT,1756889700000,2025-09-03 08:55:00,2025-09-03 17:55:00,853.04,853.36,853.04,853.35,153.17,130695.15853
BNBUSDT,1756890000000,2025-09-03 09:00:00,2025-09-03 18:00:00,853.35,853.68,853.16,853.21,288.228,245964.4947
BNBUSDT,1756890300000,2025-09-03 09:05:00,2025-09-03 18:05:00,853.21,853.41,852.9,853.05,137.769,117537.11137
BNBUSDT,1756890600000,2025-09-03 09:10:00,2025-09-03 18:10:00,853.04,853.05,852.07,852.1,450.731,384219.91465
BNBUSDT,1756890900000,2025-09-03 09:15:00,2025-09-03 18:15:00,852.11,853.29,852.1,853.01,203.901,173853.3244
BNBUSDT,1756891200000,2025-09-03 09:20:00,2025-09-03 18:20:00,853.01,853.56,852.88,853,379.034,323380.23378
BNBUSDT,1756891500000,2025-09-03 09:25:00,2025-09-03 18:25:00,853,853.2,852.99,853.19,458.247,390908.96712
BNBUSDT,1756891800000,2025-09-03 09:30:00,2025-09-03 18:30:00,853.2,853.6,852.88,853.56,172.124,146855.25025
BNBUSDT,1756892100000,2025-09-03 09:35:00,2025-09-03 18:35:00,853.56,853.64,853.08,853.11,157.893,134750.59374
BNBUSDT,1756892400000,2025-09-03 09:40:00,2025-09-03 18:40:00,853.1,854.03,853.1,853.8,355.782,303715.89599
BNBUSDT,1756892700000,2025-09-03 09:45:00,2025-09-03 18:45:00,853.8,854.3,853.6,854.2,303.068,258802.23677
BNBUSDT,1756893000000,2025-09-03 09:50:00,2025-09-03 18:50:00,854.2,854.27,853.75,854.15,283.97,242523.82661
BNBUSDT,1756893300000,2025-09-03 09:55:00,2025-09-03 18:55:00,854.15,854.5,854.15,854.31,234.611,200435.19155
BNBUSDT,1756893600000,2025-09-03 10:00:00,2025-09-03 19:00:00,854.32,854.5,853.45,853.56,675.399,576806.07248
BNBUSDT,1756893900000,2025-09-03 10:05:00,2025-09-03 19:05:00,853.55,853.7,853.23,853.52,273.53,233461.58523
BNBUSDT,1756894200000,2025-09-03 10:10:00,2025-09-03 19:10:00,853.52,853.88,853.43,853.87,227.322,194027.18538
BNBUSDT,1756894500000,2025-09-03 10:15:00,2025-09-03 19:15:00,853.88,854.29,853.72,854.18,318.607,272102.74536
BNBUSDT,1756894800000,2025-09-03 10:20:00,2025-09-03 19:20:00,854.18,854.57,853.96,854.21,372.242,317986.84954
BNBUSDT,1756895100000,2025-09-03 10:25:00,2025-09-03 19:25:00,854.21,854.21,853.72,854.1,656.093,560277.496
BNBUSDT,1756895400000,2025-09-03 10:30:00,2025-09-03 19:30:00,854.1,854.35,853.92,853.93,301.149,257230.85036
BNBUSDT,1756895700000,2025-09-03 10:35:00,2025-09-03 19:35:00,853.93,854.08,853.64,854.08,184.858,157843.9875
BNBUSDT,1756896000000,2025-09-03 10:40:00,2025-09-03 19:40:00,854.07,854.24,853.89,853.98,208.335,177920.44951
BNBUSDT,1756896300000,2025-09-03 10:45:00,2025-09-03 19:45:00,853.98,853.98,853.64,853.66,530.689,453121.16537
BNBUSDT,1756896600000,2025-09-03 10:50:00,2025-09-03 19:50:00,853.67,853.67,853.3,853.41,220.65,188315.12064
BNBUSDT,1756896900000,2025-09-03 10:55:00,2025-09-03 19:55:00,853.41,853.7,853.4,853.63,149.031,127218.76041
BNBUSDT,1756897200000,2025-09-03 11:00:00,2025-09-03 20:00:00,853.63,854.6,853.4,854.6,644.127,550135.20712
BNBUSDT,1756897500000,2025-09-03 11:05:00,2025-09-03 20:05:00,854.6,854.88,854.57,854.65,358.068,306047.78576
BNBUSDT,1756897800000,2025-09-03 11:10:00,2025-09-03 20:10:00,854.65,854.89,854.6,854.6,254.483,217516.18197
BNBUSDT,1756898100000,2025-09-03 11:15:00,2025-09-03 20:15:00,854.61,855,854.58,854.79,458.33,391808.18811
BNBUSDT,1756898400000,2025-09-03 11:20:00,2025-09-03 20:20:00,854.79,854.8,854.5,854.58,371.078,317126.46604
BNBUSDT,1756898700000,2025-09-03 11:25:00,2025-09-03 20:25:00,854.59,854.69,854.08,854.57,369.076,315330.21147
BNBUSDT,1756899000000,2025-09-03 11:30:00,2025-09-03 20:30:00,854.57,854.68,853.8,854.51,280.567,239650.31145
BNBUSDT,1756899300000,2025-09-03 11:35:00,2025-09-03 20:35:00,854.51,854.78,854.4,854.47,157.519,134601.75571
BNBUSDT,1756899600000,2025-09-03 11:40:00,2025-09-03 20:40:00,854.47,854.78,854.22,854.78,158.246,135233.29702
BNBUSDT,1756899900000,2025-09-03 11:45:00,2025-09-03 20:45:00,854.78,854.78,854.36,854.37,153.972,131573.59914
BNBUSDT,1756900200000,2025-09-03 11:50:00,2025-09-03 20:50:00,854.37,854.58,854.25,854.26,179.12,153043.50461
BNBUSDT,1756900500000,2025-09-03 11:55:00,2025-09-03 20:55:00,854.25,854.28,853.96,854.01,249.093,212742.00341
BNBUSDT,1756900800000,2025-09-03 12:00:00,2025-09-03 21:00:00,854.01,854.44,854.01,854.06,445.544,380599.20086
BNBUSDT,1756901100000,2025-09-03 12:05:00,2025-09-03 21:05:00,854.07,854.07,853.4,853.72,694.564,592922.28841
BNBUSDT,1756901400000,2025-09-03 12:10:00,2025-09-03 21:10:00,853.73,853.92,853.6,853.76,471.697,402718.42328
BNBUSDT,1756901700000,2025-09-03 12:15:00,2025-09-03 21:15:00,853.77,853.96,853.72,853.96,124.416,106237.57747
BNBUSDT,1756902000000,2025-09-03 12:20:00,2025-09-03 21:20:00,853.96,854.19,853.6,853.6,276.588,236183.296
BNBUSDT,1756902300000,2025-09-03 12:25:00,2025-09-03 21:25:00,853.6,853.62,853.47,853.62,294.293,251191.73562
BNBUSDT,1756902600000,2025-09-03 12:30:00,2025-09-03 21:30:00,853.62,853.62,853,853.15,1469.613,1254224.04352
BNBUSDT,1756902900000,2025-09-03 12:35:00,2025-09-03 21:35:00,853.14,854.31,853.08,853.85,600.116,512324.40393
BNBUSDT,1756903200000,2025-09-03 12:40:00,2025-09-03 21:40:00,853.85,853.91,852.9,852.91,583.837,498279.48003
BNBUSDT,1756903500000,2025-09-03 12:45:00,2025-09-03 21:45:00,852.92,853.36,852.61,852.71,233.925,199537.90635
BNBUSDT,1756903800000,2025-09-03 12:50:00,2025-09-03 21:50:00,852.7,852.71,852.17,852.29,364.273,310481.76855
BNBUSDT,1756904100000,2025-09-03 12:55:00,2025-09-03 21:55:00,852.29,852.39,852.1,852.27,467.337,398295.80452
BNBUSDT,1756904400000,2025-09-03 13:00:00,2025-09-03 22:00:00,852.27,853.3,852.27,853.18,600.019,511679.10504
BNBUSDT,1756904700000,2025-09-03 13:05:00,2025-09-03 22:05:00,853.19,853.6,852.82,853.29,365.271,311651.13419
BNBUSDT,1756905000000,2025-09-03 13:10:00,2025-09-03 22:10:00,853.29,854.1,853.28,854.1,493.152,421004.88052
BNBUSDT,1756905300000,2025-09-03 13:15:00,2025-09-03 22:15:00,854.1,855.27,853.96,854.99,1038.455,887654.01046
BNBUSDT,1756905600000,2025-09-03 13:20:00,2025-09-03 22:20:00,855,855,854.6,854.88,454.76,388692.87904
BNBUSDT,1756905900000,2025-09-03 13:25:00,2025-09-03 22:25:00,854.88,854.89,854.7,854.7,404.272,345572.89986
BNBUSDT,1756906200000,2025-09-03 13:30:00,2025-09-03 22:30:00,854.71,855.16,854.61,854.83,648.095,553963.94596
BNBUSDT,1756906500000,2025-09-03 13:35:00,2025-09-03 22:35:00,854.83,855.29,853.84,855.2,526.366,449953.50857
BNBUSDT,1756906800000,2025-09-03 13:40:00,2025-09-03 22:40:00,855.2,857.15,855.2,857.03,1296.562,1110136.44498
BNBUSDT,1756907100000,2025-09-03 13:45:00,2025-09-03 22:45:00,857.04,858.06,856.79,858.03,1333.264,1143260.12194
BNBUSDT,1756907400000,2025-09-03 13:50:00,2025-09-03 22:50:00,858.02,858.1,857.31,857.65,897.253,769637.77593
BNBUSDT,1756907700000,2025-09-03 13:55:00,2025-09-03 22:55:00,857.65,857.65,856.6,856.96,663.559,568682.15049
BNBUSDT,1756908000000,2025-09-03 14:00:00,2025-09-03 23:00:00,856.96,858.01,856.96,858.01,557.255,477877.98549
BNBUSDT,1756908300000,2025-09-03 14:05:00,2025-09-03 23:05:00,858.02,858.18,857.4,857.92,889.649,763239.65118
BNBUSDT,1756908600000,2025-09-03 14:10:00,2025-09-03 23:10:00,857.92,858.17,856.45,856.57,697.367,597695.89232
BNBUSDT,1756908900000,2025-09-03 14:15:00,2025-09-03 23:15:00,856.58,858.52,856.57,858.45,1243.588,1066737.8517
BNBUSDT,1756909200000,2025-09-03 14:20:00,2025-09-03 23:20:00,858.46,858.76,858.3,858.45,595.875,511546.43609
BNBUSDT,1756909500000,2025-09-03 14:25:00,2025-09-03 23:25:00,858.46,859.49,858.46,859.25,611.345,525121.52988
BNBUSDT,1756909800000,2025-09-03 14:30:00,2025-09-03 23:30:00,859.25,860.87,859.24,859.88,3155.282,2713648.16894
BNBUSDT,1756910100000,2025-09-03 14:35:00,2025-09-03 23:35:00,859.88,860.27,859.76,860.2,874.864,752343.39253
BNBUSDT,1756910400000,2025-09-03 14:40:00,2025-09-03 23:40:00,860.21,862.83,860.2,862.69,1485.035,1279877.47806
BNBUSDT,1756910700000,2025-09-03 14:45:00,2025-09-03 23:45:00,862.69,864.06,862.32,863.25,1666.463,1438287.39117
BNBUSDT,1756911000000,2025-09-03 14:50:00,2025-09-03 23:50:00,863.24,863.69,861.08,861.19,1737.675,1499051.37703
BNBUSDT,1756911300000,2025-09-03 14:55:00,2025-09-03 23:55:00,861.18,862,861.17,861.24,441.57,380469.21167
BNBUSDT,1756911600000,2025-09-03 15:00:00,2025-09-04 00:00:00,861.24,862,860.81,861.08,758.885,653709.16049
BNBUSDT,1756911900000,2025-09-03 15:05:00,2025-09-04 00:05:00,861.07,861.41,859.02,859.32,1769.53,1521893.17715
BNBUSDT,1756912200000,2025-09-03 15:10:00,2025-09-04 00:10:00,859.32,861.36,859.32,859.89,1509.337,1298821.58504
BNBUSDT,1756912500000,2025-09-03 15:15:00,2025-09-04 00:15:00,859.89,860.1,859.52,859.65,229.336,197183.64053
BNBUSDT,1756912800000,2025-09-03 15:20:00,2025-09-04 00:20:00,859.66,859.88,858.43,858.73,387.738,333119.8765
BNBUSDT,1756913100000,2025-09-03 15:25:00,2025-09-04 00:25:00,858.73,858.8,858.46,858.7,173.329,148818.96629
BNBUSDT,1756913400000,2025-09-03 15:30:00,2025-09-04 00:30:00,858.7,859.98,858.69,859.88,396.621,340889.01028
BNBUSDT,1756913700000,2025-09-03 15:35:00,2025-09-04 00:35:00,859.88,861,859.87,860.99,342.613,294819.11928
BNBUSDT,1756914000000,2025-09-03 15:40:00,2025-09-04 00:40:00,861,861.04,860.67,860.98,221.184,190411.47944
BNBUSDT,1756914300000,2025-09-03 15:45:00,2025-09-04 00:45:00,860.97,861.31,860.6,860.77,476.396,410158.21981
BNBUSDT,1756914600000,2025-09-03 15:50:00,2025-09-04 00:50:00,860.77,860.77,860.51,860.72,428.832,369072.66764
BNBUSDT,1756914900000,2025-09-03 15:55:00,2025-09-04 00:55:00,860.72,861.24,860.29,860.31,1497.03,1288715.19292
BNBUSDT,1756915200000,2025-09-03 16:00:00,2025-09-04 01:00:00,860.3,860.6,860.08,860.08,244.771,210580.23721
BNBUSDT,1756915500000,2025-09-03 16:05:00,2025-09-04 01:05:00,860.09,861.44,860.08,860.84,412.246,354888.51685
BNBUSDT,1756915800000,2025-09-03 16:10:00,2025-09-04 01:10:00,860.85,860.85,859.87,860.59,765.485,658482.20551
BNBUSDT,1756916100000,2025-09-03 16:15:00,2025-09-04 01:15:00,860.6,860.68,859.92,860.38,190.145,163547.88746
BNBUSDT,1756916400000,2025-09-03 16:20:00,2025-09-04 01:20:00,860.38,860.62,859.91,859.91,111.057,95540.39625
BNBUSDT,1756916700000,2025-09-03 16:25:00,2025-09-04 01:25:00,859.91,859.92,859.01,859.08,283.463,243547.68219
BNBUSDT,1756917000000,2025-09-03 16:30:00,2025-09-04 01:30:00,859.08,859.35,858.95,859.35,243.941,209572.98999
BNBUSDT,1756917300000,2025-09-03 16:35:00,2025-09-04 01:35:00,859.36,859.36,858.6,858.61,195.633,168058.65976
BNBUSDT,1756917600000,2025-09-03 16:40:00,2025-09-04 01:40:00,858.6,858.62,857.77,857.78,390.603,335228.1194
BNBUSDT,1756917900000,2025-09-03 16:45:00,2025-09-04 01:45:00,857.78,857.96,857.59,857.72,265.211,227490.01674
BNBUSDT,1756918200000,2025-09-03 16:50:00,2025-09-04 01:50:00,857.71,858.4,857.71,858.4,263.308,225942.3135
BNBUSDT,1756918500000,2025-09-03 16:55:00,2025-09-04 01:55:00,858.39,858.68,858.28,858.67,99.684,85571.85595
BNBUSDT,1756918800000,2025-09-03 17:00:00,2025-09-04 02:00:00,858.68,861.31,858.68,861.3,852.039,732771.1708
BNBUSDT,1756919100000,2025-09-03 17:05:00,2025-09-04 02:05:00,861.3,861.82,860.86,861.65,781.397,673060.38333
BNBUSDT,1756919400000,2025-09-03 17:10:00,2025-09-04 02:10:00,861.65,862.36,861.64,861.95,580.604,500543.41265
BNBUSDT,1756919700000,2025-09-03 17:15:00,2025-09-04 02:15:00,861.94,861.94,861.28,861.46,518.052,446420.68624
BNBUSDT,1756920000000,2025-09-03 17:20:00,2025-09-04 02:20:00,861.47,861.47,860.91,860.91,651.852,561369.27222
BNBUSDT,1756920300000,2025-09-03 17:25:00,2025-09-04 02:25:00,860.91,861.3,860.56,861.13,290.633,250194.29256
BNBUSDT,1756920600000,2025-09-03 17:30:00,2025-09-04 02:30:00,861.13,861.55,860.92,860.92,535.327,461061.46758
BNBUSDT,1756920900000,2025-09-03 17:35:00,2025-09-04 02:35:00,860.92,861.32,860.4,860.44,221.727,190912.07999
BNBUSDT,1756921200000,2025-09-03 17:40:00,2025-09-04 02:40:00,860.44,860.67,860.2,860.2,353.798,304433.28293
BNBUSDT,1756921500000,2025-09-03 17:45:00,2025-09-04 02:45:00,860.2,860.87,860,860.4,630.056,542133.95214
BNBUSDT,1756921800000,2025-09-03 17:50:00,2025-09-04 02:50:00,860.41,860.86,860.35,860.65,192.755,165892.15721
BNBUSDT,1756922100000,2025-09-03 17:55:00,2025-09-04 02:55:00,860.65,860.65,859.56,860.1,221.035,190077.32334
BNBUSDT,1756922400000,2025-09-03 18:00:00,2025-09-04 03:00:00,860.1,860.1,859.63,860,327.457,281553.74282
BNBUSDT,1756922700000,2025-09-03 18:05:00,2025-09-04 03:05:00,860,860.59,859.65,860.29,277.376,238570.29669
BNBUSDT,1756923000000,2025-09-03 18:10:00,2025-09-04 03:10:00,860.3,860.68,860.04,860.65,198.049,170397.08918
BNBUSDT,1756923300000,2025-09-03 18:15:00,2025-09-04 03:15:00,860.65,860.65,860.05,860.12,193.046,166090.33227
BNBUSDT,1756923600000,2025-09-03 18:20:00,2025-09-04 03:20:00,860.13,860.35,860.01,860.14,122.426,105306.10204
BNBUSDT,1756923900000,2025-09-03 18:25:00,2025-09-04 03:25:00,860.14,860.45,860.13,860.3,128.712,110734.70269
BNBUSDT,1756924200000,2025-09-03 18:30:00,2025-09-04 03:30:00,860.3,861.18,859.64,861.1,1214.766,1045227.4149
BNBUSDT,1756924500000,2025-09-03 18:35:00,2025-09-04 03:35:00,861.1,861.11,859.65,859.81,212.202,182519.76441
BNBUSDT,1756924800000,2025-09-03 18:40:00,2025-09-04 03:40:00,859.8,860.28,859.49,859.62,316.982,272587.26125
BNBUSDT,1756925100000,2025-09-03 18:45:00,2025-09-04 03:45:00,859.62,859.62,858.72,858.73,164.31,141188.33675
BNBUSDT,1756925400000,2025-09-03 18:50:00,2025-09-04 03:50:00,858.73,859.06,858.72,858.97,273.549,234951.72328
BNBUSDT,1756925700000,2025-09-03 18:55:00,2025-09-04 03:55:00,858.97,859,858.49,858.49,274.704,235905.01807
BNBUSDT,1756926000000,2025-09-03 19:00:00,2025-09-04 04:00:00,858.48,861,858.3,859.28,1261.218,1084360.47334
BNBUSDT,1756926300000,2025-09-03 19:05:00,2025-09-04 04:05:00,859.28,859.4,858.85,859.02,133.746,114908.84654
BNBUSDT,1756926600000,2025-09-03 19:10:00,2025-09-04 04:10:00,859.02,859.02,858.36,858.36,229.043,196655.83159
BNBUSDT,1756926900000,2025-09-03 19:15:00,2025-09-04 04:15:00,858.36,858.88,858.1,858.87,497.02,426589.35709
BNBUSDT,1756927200000,2025-09-03 19:20:00,2025-09-04 04:20:00,858.87,859.18,858.75,859.01,271.109,232861.08001
BNBUSDT,1756927500000,2025-09-03 19:25:00,2025-09-04 04:25:00,859.02,859.17,858.77,858.77,188.246,161708.52021
BNBUSDT,1756927800000,2025-09-03 19:30:00,2025-09-04 04:30:00,858.78,858.78,858.2,858.62,316.75,271913.54185
BNBUSDT,1756928100000,2025-09-03 19:35:00,2025-09-04 04:35:00,858.61,858.65,858.23,858.3,318.956,273789.66331
BNBUSDT,1756928400000,2025-09-03 19:40:00,2025-09-04 04:40:00,858.3,858.32,857.74,857.75,1207.227,1036048.54697
BNBUSDT,1756928700000,2025-09-03 19:45:00,2025-09-04 04:45:00,857.75,858.23,857.41,857.52,557.891,478536.44541
BNBUSDT,1756929000000,2025-09-03 19:50:00,2025-09-04 04:50:00,857.53,857.79,857.14,857.14,752.7,645397.56059
BNBUSDT,1756929300000,2025-09-03 19:55:00,2025-09-04 04:55:00,857.14,857.24,856.62,857.01,687.878,589500.0103
BNBUSDT,1756929600000,2025-09-03 20:00:00,2025-09-04 05:00:00,857.01,857.22,856.53,856.76,684.48,586418.77703
BNBUSDT,1756929900000,2025-09-03 20:05:00,2025-09-04 05:05:00,856.77,856.77,855.7,855.82,1129.415,967075.83621
BNBUSDT,1756930200000,2025-09-03 20:10:00,2025-09-04 05:10:00,855.82,855.83,855.01,855.18,708.829,606287.98124
BNBUSDT,1756930500000,2025-09-03 20:15:00,2025-09-04 05:15:00,855.18,855.19,853.32,853.33,2453.749,2097028.09747
BNBUSDT,1756930800000,2025-09-03 20:20:00,2025-09-04 05:20:00,853.32,853.41,852.4,852.56,1043.266,889920.10087
BNBUSDT,1756931100000,2025-09-03 20:25:00,2025-09-04 05:25:00,852.56,853.58,852.56,853.44,399.008,340389.21359
BNBUSDT,1756931400000,2025-09-03 20:30:00,2025-09-04 05:30:00,853.44,854.83,852.84,853.24,1746.323,1490825.30137
BNBUSDT,1756931700000,2025-09-03 20:35:00,2025-09-04 05:35:00,853.25,854.05,853.25,853.81,259.188,221257.78314
BNBUSDT,1756932000000,2025-09-03 20:40:00,2025-09-04 05:40:00,853.81,854.03,853.48,853.67,395.531,337672.54165
BNBUSDT,1756932300000,2025-09-03 20:45:00,2025-09-04 05:45:00,853.67,853.71,853.31,853.32,174.305,148784.06751
BNBUSDT,1756932600000,2025-09-03 20:50:00,2025-09-04 05:50:00,853.32,854.19,853.31,854.13,255.627,218271.51461
BNBUSDT,1756932900000,2025-09-03 20:55:00,2025-09-04 05:55:00,854.13,854.62,854,854.47,251.196,214603.99595
BNBUSDT,1756933200000,2025-09-03 21:00:00,2025-09-04 06:00:00,854.47,854.56,853.68,854.27,630.148,538260.04328
BNBUSDT,1756933500000,2025-09-03 21:05:00,2025-09-04 06:05:00,854.28,854.47,854.1,854.47,67.537,57698.00947
BNBUSDT,1756933800000,2025-09-03 21:10:00,2025-09-04 06:10:00,854.47,855.51,854.46,855.48,684.89,585782.81168
BNBUSDT,1756934100000,2025-09-03 21:15:00,2025-09-04 06:15:00,855.47,855.55,855.01,855.18,352.68,301663.52833
BNBUSDT,1756934400000,2025-09-03 21:20:00,2025-09-04 06:20:00,855.18,855.77,855.06,855.49,280.404,239858.39383
BNBUSDT,1756934700000,2025-09-03 21:25:00,2025-09-04 06:25:00,855.49,856.17,855.48,855.74,438.073,374918.63381
BNBUSDT,1756935000000,2025-09-03 21:30:00,2025-09-04 06:30:00,855.74,855.74,854.91,855.08,105.483,90223.8683
BNBUSDT,1756935300000,2025-09-03 21:35:00,2025-09-04 06:35:00,855.08,855.16,854.83,854.84,78.141,66813.67379
BNBUSDT,1756935600000,2025-09-03 21:40:00,2025-09-04 06:40:00,854.84,854.84,854,854.15,268.386,229286.73307
BNBUSDT,1756935900000,2025-09-03 21:45:00,2025-09-04 06:45:00,854.15,854.37,853.3,853.8,182.316,155658.39513
BNBUSDT,1756936200000,2025-09-03 21:50:00,2025-09-04 06:50:00,853.79,854.73,853.79,854.73,180.109,153840.96875
BNBUSDT,1756936500000,2025-09-03 21:55:00,2025-09-04 06:55:00,854.73,854.8,854.62,854.63,84.722,72414.99962
BNBUSDT,1756936800000,2025-09-03 22:00:00,2025-09-04 07:00:00,854.62,854.98,853.71,854.25,377.934,322898.50048
BNBUSDT,1756937100000,2025-09-03 22:05:00,2025-09-04 07:05:00,854.25,855.61,854.24,855.12,373.924,319718.32418
BNBUSDT,1756937400000,2025-09-03 22:10:00,2025-09-04 07:10:00,855.12,855.32,855,855.01,173.284,148195.92171
BNBUSDT,1756937700000,2025-09-03 22:15:00,2025-09-04 07:15:00,855.01,855.48,855,855.33,82.573,70620.11006
BNBUSDT,1756938000000,2025-09-03 22:20:00,2025-09-04 07:20:00,855.32,855.34,855.1,855.12,133.871,114491.55727
BNBUSDT,1756938300000,2025-09-03 22:25:00,2025-09-04 07:25:00,855.12,855.12,854.71,854.76,121.861,104175.92282
BNBUSDT,1756938600000,2025-09-03 22:30:00,2025-09-04 07:30:00,854.76,854.76,854.24,854.42,165.91,141763.50734
BNBUSDT,1756938900000,2025-09-03 22:35:00,2025-09-04 07:35:00,854.42,854.45,854.3,854.33,96.419,82376.6587
BNBUSDT,1756939200000,2025-09-03 22:40:00,2025-09-04 07:40:00,854.33,854.66,854.02,854.6,310.085,264909.39095
BNBUSDT,1756939500000,2025-09-03 22:45:00,2025-09-04 07:45:00,854.6,855.28,854.41,854.42,244.078,208654.93695
BNBUSDT,1756939800000,2025-09-03 22:50:00,2025-09-04 07:50:00,854.41,855.03,854.32,855.03,54.91,46929.40786
BNBUSDT,1756940100000,2025-09-03 22:55:00,2025-09-04 07:55:00,855.03,855.47,855.02,855.47,211.08,180518.55737
BNBUSDT,1756940400000,2025-09-03 23:00:00,2025-09-04 08:00:00,855.47,855.66,855,855,210.041,179642.32154
BNBUSDT,1756940700000,2025-09-03 23:05:00,2025-09-04 08:05:00,855.01,855.2,854.8,855.18,229.682,196358.69084
BNBUSDT,1756941000000,2025-09-03 23:10:00,2025-09-04 08:10:00,855.17,855.17,854.43,854.56,143.823,122943.23734
BNBUSDT,1756941300000,2025-09-03 23:15:00,2025-09-04 08:15:00,854.55,854.9,854.32,854.9,46.712,39917.96435
BNBUSDT,1756941600000,2025-09-03 23:20:00,2025-09-04 08:20:00,854.9,855.1,854.6,854.69,87.663,74947.3847
BNBUSDT,1756941900000,2025-09-03 23:25:00,2025-09-04 08:25:00,854.68,855,854.68,855,112.392,96080.78008
BNBUSDT,1756942200000,2025-09-03 23:30:00,2025-09-04 08:30:00,855,855.3,854.56,854.6,152.502,130379.25548
BNBUSDT,1756942500000,2025-09-03 23:35:00,2025-09-04 08:35:00,854.6,854.79,854.43,854.54,91.355,78070.78943
BNBUSDT,1756942800000,2025-09-03 23:40:00,2025-09-04 08:40:00,854.54,854.96,853.96,854.03,707.697,604539.52868
BNBUSDT,1756943100000,2025-09-03 23:45:00,2025-09-04 08:45:00,854.03,854.59,854.03,854.48,77.786,66460.46363
BNBUSDT,1756943400000,2025-09-03 23:50:00,2025-09-04 08:50:00,854.47,855.14,854.47,854.71,94.258,80581.78109
BNBUSDT,1756943700000,2025-09-03 23:55:00,2025-09-04 08:55:00,854.7,854.84,854.63,854.76,93.41,79838.79444
BNBUSDT,1756944000000,2025-09-04 00:00:00,2025-09-04 09:00:00,854.76,855.91,854.68,855.03,732.759,626828.49271
BNBUSDT,1756944300000,2025-09-04 00:05:00,2025-09-04 09:05:00,855.04,855.63,854.93,855.07,223.285,190976.94958
BNBUSDT,1756944600000,2025-09-04 00:10:00,2025-09-04 09:10:00,855.07,855.08,854.83,854.96,177.901,152090.17414
BNBUSDT,1756944900000,2025-09-04 00:15:00,2025-09-04 09:15:00,854.97,854.97,854.31,854.9,187.729,160445.29583
BNBUSDT,1756945200000,2025-09-04 00:20:00,2025-09-04 09:20:00,854.9,856.22,854.9,855.95,357.994,306364.62542
BNBUSDT,1756945500000,2025-09-04 00:25:00,2025-09-04 09:25:00,855.95,856.52,855.9,856.33,116.02,99341.25984
BNBUSDT,1756945800000,2025-09-04 00:30:00,2025-09-04 09:30:00,856.33,856.47,855.87,856.39,219.855,188242.63491
BNBUSDT,1756946100000,2025-09-04 00:35:00,2025-09-04 09:35:00,856.4,856.56,856.09,856.1,84.44,72314.79249
BNBUSDT,1756946400000,2025-09-04 00:40:00,2025-09-04 09:40:00,856.09,856.52,856.06,856.29,155.977,133560.57816
BNBUSDT,1756946700000,2025-09-04 00:45:00,2025-09-04 09:45:00,856.28,856.39,856.08,856.2,159.61,136662.27097
BNBUSDT,1756947000000,2025-09-04 00:50:00,2025-09-04 09:50:00,856.2,856.57,856.19,856.56,83.768,71737.86798
BNBUSDT,1756947300000,2025-09-04 00:55:00,2025-09-04 09:55:00,856.57,856.72,856.33,856.33,131.918,112992.60867
BNBUSDT,1756947600000,2025-09-04 01:00:00,2025-09-04 10:00:00,856.33,856.44,855.75,855.76,257.649,220567.71341
BNBUSDT,1756947900000,2025-09-04 01:05:00,2025-09-04 10:05:00,855.76,855.76,855.03,855.36,427.944,366029.14368
BNBUSDT,1756948200000,2025-09-04 01:10:00,2025-09-04 10:10:00,855.36,855.36,854.43,854.57,260.389,222573.79779
BNBUSDT,1756948500000,2025-09-04 01:15:00,2025-09-04 10:15:00,854.57,854.82,854.04,854.78,123.589,105596.9677
BNBUSDT,1756948800000,2025-09-04 01:20:00,2025-09-04 10:20:00,854.78,855,854.57,854.69,137.921,117882.80782
BNBUSDT,1756949100000,2025-09-04 01:25:00,2025-09-04 10:25:00,854.69,854.9,854.19,854.74,115.488,98693.10707
BNBUSDT,1756949400000,2025-09-04 01:30:00,2025-09-04 10:30:00,854.74,855.5,854.6,854.99,145.464,124367.88506
BNBUSDT,1756949700000,2025-09-04 01:35:00,2025-09-04 10:35:00,854.99,855.29,854.8,854.95,92.022,78680.31832
BNBUSDT,1756950000000,2025-09-04 01:40:00,2025-09-04 10:40:00,854.94,854.95,854.52,854.53,203.913,174291.09767
BNBUSDT,1756950300000,2025-09-04 01:45:00,2025-09-04 10:45:00,854.52,854.87,854.44,854.56,118.924,101636.24089
BNBUSDT,1756950600000,2025-09-04 01:50:00,2025-09-04 10:50:00,854.56,854.84,854.41,854.64,112.264,95937.5735
BNBUSDT,1756950900000,2025-09-04 01:55:00,2025-09-04 10:55:00,854.64,855,854.56,855,207.55,177391.14317
BNBUSDT,1756951200000,2025-09-04 02:00:00,2025-09-04 11:00:00,855,855.38,854.55,854.61,231.223,197701.15631
BNBUSDT,1756951500000,2025-09-04 02:05:00,2025-09-04 11:05:00,854.61,854.8,854.25,854.79,196.245,167691.22274
BNBUSDT,1756951800000,2025-09-04 02:10:00,2025-09-04 11:10:00,854.79,854.79,853.75,854.03,994.601,849524.71266
BNBUSDT,1756952100000,2025-09-04 02:15:00,2025-09-04 11:15:00,854.03,854.04,853.38,853.64,167.987,143406.33899
BNBUSDT,1756952400000,2025-09-04 02:20:00,2025-09-04 11:20:00,853.64,853.64,853,853.02,328.484,280256.86021
BNBUSDT,1756952700000,2025-09-04 02:25:00,2025-09-04 11:25:00,853.03,853.03,852.5,852.51,261.719,223208.95355
BNBUSDT,1756953000000,2025-09-04 02:30:00,2025-09-04 11:30:00,852.5,852.5,851,852.33,670.715,571262.34626
BNBUSDT,1756953300000,2025-09-04 02:35:00,2025-09-04 11:35:00,852.34,852.59,851,851.2,241.989,206062.5858
BNBUSDT,1756953600000,2025-09-04 02:40:00,2025-09-04 11:40:00,851.2,851.56,850.85,851.12,411.147,349953.53062
BNBUSDT,1756953900000,2025-09-04 02:45:00,2025-09-04 11:45:00,851.12,851.36,850.55,850.55,668.151,568567.1476
BNBUSDT,1756954200000,2025-09-04 02:50:00,2025-09-04 11:50:00,850.56,850.97,850.5,850.86,614.92,523142.19995
BNBUSDT,1756954500000,2025-09-04 02:55:00,2025-09-04 11:55:00,850.86,850.97,850.5,850.6,570.54,485343.66082
BNBUSDT,1756954800000,2025-09-04 03:00:00,2025-09-04 12:00:00,850.6,851,850.59,850.81,566.01,481549.57029
BNBUSDT,1756955100000,2025-09-04 03:05:00,2025-09-04 12:05:00,850.81,850.81,849.44,849.84,948.304,806152.81104
BNBUSDT,1756955400000,2025-09-04 03:10:00,2025-09-04 12:10:00,849.83,850.79,849.83,850.44,249.3,211989.50546
BNBUSDT,1756955700000,2025-09-04 03:15:00,2025-09-04 12:15:00,850.44,851.08,849.91,851.07,501.594,426495.95918
BNBUSDT,1756956000000,2025-09-04 03:20:00,2025-09-04 12:20:00,851.08,851.83,850.91,851.72,376.928,320884.21139
BNBUSDT,1756956300000,2025-09-04 03:25:00,2025-09-04 12:25:00,851.71,851.83,850.55,850.55,342.112,291157.90629
BNBUSDT,1756956600000,2025-09-04 03:30:00,2025-09-04 12:30:00,850.56,850.7,849.9,850.02,388.652,330515.52431
BNBUSDT,1756956900000,2025-09-04 03:35:00,2025-09-04 12:35:00,850.02,850.14,849,849.1,442.825,376155.3887
BNBUSDT,1756957200000,2025-09-04 03:40:00,2025-09-04 12:40:00,849.1,849.6,848.74,848.75,500.938,425359.43727
BNBUSDT,1756957500000,2025-09-04 03:45:00,2025-09-04 12:45:00,848.75,849.29,848.28,848.34,1048.765,890260.22891
BNBUSDT,1756957800000,2025-09-04 03:50:00,2025-09-04 12:50:00,848.34,848.49,848.01,848.46,425.428,360885.30105
BNBUSDT,1756958100000,2025-09-04 03:55:00,2025-09-04 12:55:00,848.46,848.68,848.46,848.68,284.438,241355.54701
BNBUSDT,1756958400000,2025-09-04 04:00:00,2025-09-04 13:00:00,848.68,848.79,847.28,847.83,1661.111,1408674.28316
BNBUSDT,1756958700000,2025-09-04 04:05:00,2025-09-04 13:05:00,847.84,848.4,845.08,848.4,2015.377,1705693.69672
BNBUSDT,1756959000000,2025-09-04 04:10:00,2025-09-04 13:10:00,848.4,848.9,848.4,848.52,202.159,171556.88827
BNBUSDT,1756959300000,2025-09-04 04:15:00,2025-09-04 13:15:00,848.52,849.43,848.4,849.09,343.022,291265.79689
BNBUSDT,1756959600000,2025-09-04 04:20:00,2025-09-04 13:20:00,849.09,849.1,848.16,848.51,199.761,169524.6017
BNBUSDT,1756959900000,2025-09-04 04:25:00,2025-09-04 13:25:00,848.51,848.78,848.41,848.45,237.585,201618.22204
BNBUSDT,1756960200000,2025-09-04 04:30:00,2025-09-04 13:30:00,848.46,848.96,848.08,848.83,274.737,233107.02448
BNBUSDT,1756960500000,2025-09-04 04:35:00,2025-09-04 13:35:00,848.83,848.9,848.6,848.9,222.025,188439.19026
BNBUSDT,1756960800000,2025-09-04 04:40:00,2025-09-04 13:40:00,848.9,849.74,848.8,848.8,468.801,398140.3013
BNBUSDT,1756961100000,2025-09-04 04:45:00,2025-09-04 13:45:00,848.81,849.16,848.45,848.46,307.423,260950.97592
BNBUSDT,1756961400000,2025-09-04 04:50:00,2025-09-04 13:50:00,848.46,848.6,848.07,848.2,273.762,232234.97259
BNBUSDT,1756961700000,2025-09-04 04:55:00,2025-09-04 13:55:00,848.2,848.21,847.07,847.28,325.61,275989.54761
BNBUSDT,1756962000000,2025-09-04 05:00:00,2025-09-04 14:00:00,847.28,847.28,846.2,846.72,451.308,382132.9796
BNBUSDT,1756962300000,2025-09-04 05:05:00,2025-09-04 14:05:00,846.71,847.32,846.5,847.24,413.22,349937.77173
BNBUSDT,1756962600000,2025-09-04 05:10:00,2025-09-04 14:10:00,847.24,848.03,847,847.36,895.401,758818.0002
BNBUSDT,1756962900000,2025-09-04 05:15:00,2025-09-04 14:15:00,847.36,847.64,846.79,846.81,405.724,343734.18563
BNBUSDT,1756963200000,2025-09-04 05:20:00,2025-09-04 14:20:00,846.81,847.05,844.72,845.04,1141.556,965158.11598
BNBUSDT,1756963500000,2025-09-04 05:25:00,2025-09-04 14:25:00,845.04,845.98,844.36,845.76,977.162,825963.27622
BNBUSDT,1756963800000,2025-09-04 05:30:00,2025-09-04 14:30:00,845.76,846.66,845.68,846,596.57,504710.27639
BNBUSDT,1756964100000,2025-09-04 05:35:00,2025-09-04 14:35:00,846,847.19,845.96,846.32,878.968,743973.38115
BNBUSDT,1756964400000,2025-09-04 05:40:00,2025-09-04 14:40:00,846.33,846.68,846,846,431.716,365404.22881
BNBUSDT,1756964700000,2025-09-04 05:45:00,2025-09-04 14:45:00,846.01,846.5,845.7,846.39,394.19,333553.03945
BNBUSDT,1756965000000,2025-09-04 05:50:00,2025-09-04 14:50:00,846.39,846.83,846.29,846.73,217.075,183763.18264
BNBUSDT,1756965300000,2025-09-04 05:55:00,2025-09-04 14:55:00,846.72,846.95,845.96,846.95,1037.919,878485.59712
BNBUSDT,1756965600000,2025-09-04 06:00:00,2025-09-04 15:00:00,846.95,847.16,846.16,846.6,254.702,215624.83881
BNBUSDT,1756965900000,2025-09-04 06:05:00,2025-09-04 15:05:00,846.6,848,846.59,847.61,360.276,305289.5838
BNBUSDT,1756966200000,2025-09-04 06:10:00,2025-09-04 15:10:00,847.61,848.11,847.45,847.92,237.453,201317.87238
BNBUSDT,1756966500000,2025-09-04 06:15:00,2025-09-04 15:15:00,847.91,847.92,847.29,847.37,175.348,148619.52845
BNBUSDT,1756966800000,2025-09-04 06:20:00,2025-09-04 15:20:00,847.36,847.6,846.12,846.27,343.829,291155.41792
BNBUSDT,1756967100000,2025-09-04 06:25:00,2025-09-04 15:25:00,846.27,847.2,846.01,847.19,233.267,197500.90455
BNBUSDT,1756967400000,2025-09-04 06:30:00,2025-09-04 15:30:00,847.2,847.21,846.8,847.21,392.184,332168.39014
BNBUSDT,1756967700000,2025-09-04 06:35:00,2025-09-04 15:35:00,847.22,847.69,846.92,847.1,414.491,351172.6669
BNBUSDT,1756968000000,2025-09-04 06:40:00,2025-09-04 15:40:00,847.1,847.36,846.6,847.34,356.939,302335.08404
BNBUSDT,1756968300000,2025-09-04 06:45:00,2025-09-04 15:45:00,847.35,847.35,845.83,846,225.624,190959.98622
BNBUSDT,1756968600000,2025-09-04 06:50:00,2025-09-04 15:50:00,845.99,847.19,845.99,847.19,412.951,349557.75415
BNBUSDT,1756968900000,2025-09-04 06:55:00,2025-09-04 15:55:00,847.19,847.53,846.72,846.88,317.468,268942.02654
BNBUSDT,1756969200000,2025-09-04 07:00:00,2025-09-04 16:00:00,846.88,848.29,846.56,847.72,1018.307,863211.37085
BNBUSDT,1756969500000,2025-09-04 07:05:00,2025-09-04 16:05:00,847.73,847.8,847.08,847.78,202.895,171946.21029
BNBUSDT,1756969800000,2025-09-04 07:10:00,2025-09-04 16:10:00,847.77,848.32,847.62,848.31,256.317,217352.03987
BNBUSDT,1756970100000,2025-09-04 07:15:00,2025-09-04 16:15:00,848.31,848.5,847.63,847.72,320.047,271443.87675
BNBUSDT,1756970400000,2025-09-04 07:20:00,2025-09-04 16:20:00,847.72,847.72,847.4,847.51,196.249,166328.20256
BNBUSDT,1756970700000,2025-09-04 07:25:00,2025-09-04 16:25:00,847.51,847.96,847,847.61,260.962,221151.23476
BNBUSDT,1756971000000,2025-09-04 07:30:00,2025-09-04 16:30:00,847.61,847.89,847.2,847.36,530.569,449687.39948
BNBUSDT,1756971300000,2025-09-04 07:35:00,2025-09-04 16:35:00,847.36,847.76,847.3,847.46,616.646,522625.4852
BNBUSDT,1756971600000,2025-09-04 07:40:00,2025-09-04 16:40:00,847.47,847.56,846.7,846.87,621.769,526726.46998
BNBUSDT,1756971900000,2025-09-04 07:45:00,2025-09-04 16:45:00,846.88,847.8,846.88,847.5,328.63,278524.79279
BNBUSDT,1756972200000,2025-09-04 07:50:00,2025-09-04 16:50:00,847.51,847.83,847.32,847.82,131.855,111757.79001
BNBUSDT,1756972500000,2025-09-04 07:55:00,2025-09-04 16:55:00,847.83,848.19,847.7,847.71,157.76,133770.11465
BNBUSDT,1756972800000,2025-09-04 08:00:00,2025-09-04 17:00:00,847.7,847.92,847.24,847.92,412.181,349375.43677
BNBUSDT,1756973100000,2025-09-04 08:05:00,2025-09-04 17:05:00,847.92,849.37,847.91,849.05,514.89,436957.40461
BNBUSDT,1756973400000,2025-09-04 08:10:00,2025-09-04 17:10:00,849.05,849.05,847.73,848.2,526.436,446651.03998
BNBUSDT,1756973700000,2025-09-04 08:15:00,2025-09-04 17:15:00,848.21,848.8,848.18,848.71,160.795,136420.65518
BNBUSDT,1756974000000,2025-09-04 08:20:00,2025-09-04 17:20:00,848.7,848.97,848.4,848.41,263.346,223491.88122
BNBUSDT,1756974300000,2025-09-04 08:25:00,2025-09-04 17:25:00,848.42,849,848.41,848.9,161.756,137278.81309
BNBUSDT,1756974600000,2025-09-04 08:30:00,2025-09-04 17:30:00,848.91,849,848.2,848.48,566.162,480464.26285
BNBUSDT,1756974900000,2025-09-04 08:35:00,2025-09-04 17:35:00,848.48,848.48,847.8,848.02,460.335,390427.98093
BNBUSDT,1756975200000,2025-09-04 08:40:00,2025-09-04 17:40:00,848.02,848.56,847.8,848.28,360.081,305462.0245
BNBUSDT,1756975500000,2025-09-04 08:45:00,2025-09-04 17:45:00,848.29,848.4,847.71,847.72,512.343,434544.60513
BNBUSDT,1756975800000,2025-09-04 08:50:00,2025-09-04 17:50:00,847.72,847.72,847.15,847.47,303.438,257136.21814
BNBUSDT,1756976100000,2025-09-04 08:55:00,2025-09-04 17:55:00,847.46,847.78,847.46,847.75,145.639,123449.51441
BNBUSDT,1756976400000,2025-09-04 09:00:00,2025-09-04 18:00:00,847.75,848.42,847.74,848.39,234.957,199285.69809
BNBUSDT,1756976700000,2025-09-04 09:05:00,2025-09-04 18:05:00,848.39,848.9,848.31,848.9,244.664,207593.12099
BNBUSDT,1756977000000,2025-09-04 09:10:00,2025-09-04 18:10:00,848.9,849.12,848.33,848.49,471.371,400004.69369
BNBUSDT,1756977300000,2025-09-04 09:15:00,2025-09-04 18:15:00,848.5,848.5,847.9,847.99,220.192,186788.32101
BNBUSDT,1756977600000,2025-09-04 09:20:00,2025-09-04 18:20:00,847.99,848,847.74,847.76,147.984,125470.67091
BNBUSDT,1756977900000,2025-09-04 09:25:00,2025-09-04 18:25:00,847.76,847.82,847.6,847.6,125.616,106491.69116
BNBUSDT,1756978200000,2025-09-04 09:30:00,2025-09-04 18:30:00,847.6,847.69,847.24,847.69,181.758,154033.29749
BNBUSDT,1756978500000,2025-09-04 09:35:00,2025-09-04 18:35:00,847.69,847.9,847.4,847.9,157.453,133459.45141
BNBUSDT,1756978800000,2025-09-04 09:40:00,2025-09-04 18:40:00,847.89,847.9,847.52,847.52,275.812,233820.28922
BNBUSDT,1756979100000,2025-09-04 09:45:00,2025-09-04 18:45:00,847.53,847.96,847.51,847.6,726.927,616225.61756
BNBUSDT,1756979400000,2025-09-04 09:50:00,2025-09-04 18:50:00,847.59,848.1,847.11,847.78,851.386,721749.21725
BNBUSDT,1756979700000,2025-09-04 09:55:00,2025-09-04 18:55:00,847.79,847.92,847.47,847.84,624.593,529474.51748
BNBUSDT,1756980000000,2025-09-04 10:00:00,2025-09-04 19:00:00,847.84,847.84,847.08,847.09,247.403,209701.74596
BNBUSDT,1756980300000,2025-09-04 10:05:00,2025-09-04 19:05:00,847.09,847.55,847,847.55,682.898,578623.52532
BNBUSDT,1756980600000,2025-09-04 10:10:00,2025-09-04 19:10:00,847.55,848.5,847.54,848.06,499.13,423272.20107
BNBUSDT,1756980900000,2025-09-04 10:15:00,2025-09-04 19:15:00,848.06,848.12,847.41,847.61,616.973,523074.08135
BNBUSDT,1756981200000,2025-09-04 10:20:00,2025-09-04 19:20:00,847.61,848.34,847.48,848.33,402.599,341343.90525
BNBUSDT,1756981500000,2025-09-04 10:25:00,2025-09-04 19:25:00,848.34,848.49,848.2,848.49,539.729,457855.52419
BNBUSDT,1756981800000,2025-09-04 10:30:00,2025-09-04 19:30:00,848.49,849.06,847.95,848.96,700.349,594283.6972
BNBUSDT,1756982100000,2025-09-04 10:35:00,2025-09-04 19:35:00,848.96,849.19,848.84,849,207.706,176350.36584
BNBUSDT,1756982400000,2025-09-04 10:40:00,2025-09-04 19:40:00,849,849.33,848.89,849.03,207.855,176492.0059
BNBUSDT,1756982700000,2025-09-04 10:45:00,2025-09-04 19:45:00,849.03,849.52,848.96,849.4,391.526,332518.5141
BNBUSDT,1756983000000,2025-09-04 10:50:00,2025-09-04 19:50:00,849.39,849.5,849.01,849.01,249.863,212209.19863
BNBUSDT,1756983300000,2025-09-04 10:55:00,2025-09-04 19:55:00,849.01,849.03,848,848,350.091,297070.16036
BNBUSDT,1756983600000,2025-09-04 11:00:00,2025-09-04 20:00:00,848,848.53,847.32,848.37,432.798,367013.33472
BNBUSDT,1756983900000,2025-09-04 11:05:00,2025-09-04 20:05:00,848.37,848.9,848.3,848.9,176.69,149935.06917
BNBUSDT,1756984200000,2025-09-04 11:10:00,2025-09-04 20:10:00,848.9,849.7,848.65,849.51,452.559,384336.27128
BNBUSDT,1756984500000,2025-09-04 11:15:00,2025-09-04 20:15:00,849.5,849.84,849.12,849.12,212.888,180828.38486
BNBUSDT,1756984800000,2025-09-04 11:20:00,2025-09-04 20:20:00,849.12,849.13,848.67,848.92,324.778,275683.10678
BNBUSDT,1756985100000,2025-09-04 11:25:00,2025-09-04 20:25:00,848.92,848.92,848.65,848.66,188.613,160083.20377
BNBUSDT,1756985400000,2025-09-04 11:30:00,2025-09-04 20:30:00,848.66,848.94,848.08,848.65,268.761,228049.94684
BNBUSDT,1756985700000,2025-09-04 11:35:00,2025-09-04 20:35:00,848.64,848.9,848.64,848.81,123.555,104876.57551
BNBUSDT,1756986000000,2025-09-04 11:40:00,2025-09-04 20:40:00,848.82,849.15,848.71,849.03,159.296,135239.95123
BNBUSDT,1756986300000,2025-09-04 11:45:00,2025-09-04 20:45:00,849.03,849.08,848.56,848.56,733.266,622429.02061
BNBUSDT,1756986600000,2025-09-04 11:50:00,2025-09-04 20:50:00,848.57,848.57,847.76,848.25,280.118,237582.17709
BNBUSDT,1756986900000,2025-09-04 11:55:00,2025-09-04 20:55:00,848.26,848.26,847.77,847.78,286.189,242674.90502
BNBUSDT,1756987200000,2025-09-04 12:00:00,2025-09-04 21:00:00,847.78,847.8,847.28,847.6,402.978,341543.4424
BNBUSDT,1756987500000,2025-09-04 12:05:00,2025-09-04 21:05:00,847.6,848.8,847.59,848.49,507.956,430974.28832
BNBUSDT,1756987800000,2025-09-04 12:10:00,2025-09-04 21:10:00,848.5,849.04,848.49,848.9,591.326,501930.8815
BNBUSDT,1756988100000,2025-09-04 12:15:00,2025-09-04 21:15:00,848.9,849.79,848.69,848.7,419.021,355887.72085
BNBUSDT,1756988400000,2025-09-04 12:20:00,2025-09-04 21:20:00,848.7,849.08,848.2,848.8,232.151,197021.48559
BNBUSDT,1756988700000,2025-09-04 12:25:00,2025-09-04 21:25:00,848.81,848.94,848.28,848.5,222.627,188946.78111
BNBUSDT,1756989000000,2025-09-04 12:30:00,2025-09-04 21:30:00,848.5,849.22,847.44,847.8,315.843,267874.12808
BNBUSDT,1756989300000,2025-09-04 12:35:00,2025-09-04 21:35:00,847.8,847.86,847,847.17,273.666,231896.51741
BNBUSDT,1756989600000,2025-09-04 12:40:00,2025-09-04 21:40:00,847.18,847.18,846.67,846.97,252.73,214039.14061
BNBUSDT,1756989900000,2025-09-04 12:45:00,2025-09-04 21:45:00,846.96,848.06,846.86,847.96,258.345,218979.59602
BNBUSDT,1756990200000,2025-09-04 12:50:00,2025-09-04 21:50:00,847.97,848.2,847.92,848.17,140.333,119018.22001
BNBUSDT,1756990500000,2025-09-04 12:55:00,2025-09-04 21:55:00,848.18,848.8,848.17,848.79,210.509,178622.58784
BNBUSDT,1756990800000,2025-09-04 13:00:00,2025-09-04 22:00:00,848.8,848.8,848.22,848.59,533.286,452451.33788
BNBUSDT,1756991100000,2025-09-04 13:05:00,2025-09-04 22:05:00,848.59,848.97,848.59,848.7,361.506,306836.95528
BNBUSDT,1756991400000,2025-09-04 13:10:00,2025-09-04 22:10:00,848.71,848.89,848.32,848.38,430.966,365771.40938
BNBUSDT,1756991700000,2025-09-04 13:15:00,2025-09-04 22:15:00,848.38,848.95,848.31,848.81,191.289,162347.55474
BNBUSDT,1756992000000,2025-09-04 13:20:00,2025-09-04 22:20:00,848.82,848.82,848.26,848.26,197.944,167955.5384
BNBUSDT,1756992300000,2025-09-04 13:25:00,2025-09-04 22:25:00,848.26,849,848.2,848.59,575.822,488627.14905
BNBUSDT,1756992600000,2025-09-04 13:30:00,2025-09-04 22:30:00,848.6,849.33,848.28,849,919.149,780078.84367
BNBUSDT,1756992900000,2025-09-04 13:35:00,2025-09-04 22:35:00,849,849.35,848.29,848.3,488.048,414245.74915
BNBUSDT,1756993200000,2025-09-04 13:40:00,2025-09-04 22:40:00,848.29,848.44,847.31,848.19,802.646,680660.23696
BNBUSDT,1756993500000,2025-09-04 13:45:00,2025-09-04 22:45:00,848.19,848.34,846.63,847.28,530.995,449998.37368
BNBUSDT,1756993800000,2025-09-04 13:50:00,2025-09-04 22:50:00,847.28,847.88,847.06,847.39,282.7,239579.33304
BNBUSDT,1756994100000,2025-09-04 13:55:00,2025-09-04 22:55:00,847.39,848.18,847.38,847.85,215.03,182314.59003
BNBUSDT,1756994400000,2025-09-04 14:00:00,2025-09-04 23:00:00,847.84,848.4,846.12,846.23,501.88,425314.70011
BNBUSDT,1756994700000,2025-09-04 14:05:00,2025-09-04 23:05:00,846.24,846.44,844.5,844.59,2135.368,1805278.03001
BNBUSDT,1756995000000,2025-09-04 14:10:00,2025-09-04 23:10:00,844.59,846.38,844.5,845.35,838.009,708356.31673
BNBUSDT,1756995300000,2025-09-04 14:15:00,2025-09-04 23:15:00,845.35,846.34,844.7,846.05,459.034,388151.22733
BNBUSDT,1756995600000,2025-09-04 14:20:00,2025-09-04 23:20:00,846.06,846.9,845.92,846.76,293.756,248611.00586
BNBUSDT,1756995900000,2025-09-04 14:25:00,2025-09-04 23:25:00,846.76,847.4,846.58,846.8,234.963,199005.45427
BNBUSDT,1756996200000,2025-09-04 14:30:00,2025-09-04 23:30:00,846.8,847.46,846.6,846.84,278.556,235948.86133
BNBUSDT,1756996500000,2025-09-04 14:35:00,2025-09-04 23:35:00,846.84,847.92,846.83,847.76,273.815,232070.76056
BNBUSDT,1756996800000,2025-09-04 14:40:00,2025-09-04 23:40:00,847.76,847.9,847.1,847.11,335.149,284054.7308
BNBUSDT,1756997100000,2025-09-04 14:45:00,2025-09-04 23:45:00,847.1,847.4,846.6,847.4,391.277,331414.68284
BNBUSDT,1756997400000,2025-09-04 14:50:00,2025-09-04 23:50:00,847.39,847.6,846.64,846.64,255.589,216521.05823
BNBUSDT,1756997700000,2025-09-04 14:55:00,2025-09-04 23:55:00,846.64,846.87,846.21,846.33,675.426,571749.89253
BNBUSDT,1756998000000,2025-09-04 15:00:00,2025-09-05 00:00:00,846.33,846.33,845.88,845.9,390.048,330016.0811
BNBUSDT,1756998300000,2025-09-04 15:05:00,2025-09-05 00:05:00,845.91,846.33,845.3,845.95,871.767,737380.28845
BNBUSDT,1756998600000,2025-09-04 15:10:00,2025-09-05 00:10:00,845.95,845.95,843.26,843.6,1542.985,1302407.1112
BNBUSDT,1756998900000,2025-09-04 15:15:00,2025-09-05 00:15:00,843.6,844.3,843,843.05,1142.54,963681.69064
BNBUSDT,1756999200000,2025-09-04 15:20:00,2025-09-05 00:20:00,843.04,844.6,842.81,844.24,1545.958,1304115.78584
BNBUSDT,1756999500000,2025-09-04 15:25:00,2025-09-05 00:25:00,844.25,845.1,844.24,844.63,459.036,387769.84743
BNBUSDT,1756999800000,2025-09-04 15:30:00,2025-09-05 00:30:00,844.64,844.9,843.84,844.4,338.554,285842.03913
BNBUSDT,1757000100000,2025-09-04 15:35:00,2025-09-05 00:35:00,844.41,844.41,843.65,844.04,342.259,288890.46543
BNBUSDT,1757000400000,2025-09-04 15:40:00,2025-09-05 00:40:00,844.05,844.77,844.04,844.17,304.258,256922.18752
BNBUSDT,1757000700000,2025-09-04 15:45:00,2025-09-05 00:45:00,844.17,844.8,843.79,844.65,492.064,415500.06065
BNBUSDT,1757001000000,2025-09-04 15:50:00,2025-09-05 00:50:00,844.65,844.87,844.5,844.87,109.794,92738.41606
BNBUSDT,1757001300000,2025-09-04 15:55:00,2025-09-05 00:55:00,844.86,844.87,844.2,844.26,187.268,158137.07701
BNBUSDT,1757001600000,2025-09-04 16:00:00,2025-09-05 01:00:00,844.25,844.97,843.75,844.79,526.355,444488.85891
BNBUSDT,1757001900000,2025-09-04 16:05:00,2025-09-05 01:05:00,844.8,845,844.4,845,414.673,350253.27317
BNBUSDT,1757002200000,2025-09-04 16:10:00,2025-09-05 01:10:00,845,845.33,844.44,845.17,1095.832,925850.99408
BNBUSDT,1757002500000,2025-09-04 16:15:00,2025-09-05 01:15:00,845.18,845.65,844.79,844.91,424.411,358688.49605
BNBUSDT,1757002800000,2025-09-04 16:20:00,2025-09-05 01:20:00,844.91,845.04,844.46,844.5,189.96,160472.7294
BNBUSDT,1757003100000,2025-09-04 16:25:00,2025-09-05 01:25:00,844.49,844.6,844.03,844.25,386.482,326335.05437
BNBUSDT,1757003400000,2025-09-04 16:30:00,2025-09-05 01:30:00,844.25,844.65,843.5,844.58,504.796,426019.39007
BNBUSDT,1757003700000,2025-09-04 16:35:00,2025-09-05 01:35:00,844.58,844.76,844.04,844.59,157.597,133073.86161
BNBUSDT,1757004000000,2025-09-04 16:40:00,2025-09-05 01:40:00,844.59,844.76,844.05,844.61,202.87,171293.90682
BNBUSDT,1757004300000,2025-09-04 16:45:00,2025-09-05 01:45:00,844.6,845.18,844.6,845.01,190.474,160924.64791
BNBUSDT,1757004600000,2025-09-04 16:50:00,2025-09-05 01:50:00,845.01,845.63,844.6,845.59,309.14,261269.50436
BNBUSDT,1757004900000,2025-09-04 16:55:00,2025-09-05 01:55:00,845.59,845.59,844.84,845,408.268,345062.20672
BNBUSDT,1757005200000,2025-09-04 17:00:00,2025-09-05 02:00:00,845,846.16,844.83,845.99,453.863,383840.02709
BNBUSDT,1757005500000,2025-09-04 17:05:00,2025-09-05 02:05:00,846,846.75,845.95,846.51,227.55,192584.59131
BNBUSDT,1757005800000,2025-09-04 17:10:00,2025-09-05 02:10:00,846.51,846.51,846.13,846.16,115.601,97829.71684
BNBUSDT,1757006100000,2025-09-04 17:15:00,2025-09-05 02:15:00,846.15,846.36,844.96,844.96,233.45,197395.9261
BNBUSDT,1757006400000,2025-09-04 17:20:00,2025-09-05 02:20:00,844.97,845.88,844.56,845.87,715.199,604423.56811
BNBUSDT,1757006700000,2025-09-04 17:25:00,2025-09-05 02:25:00,845.88,846.28,845.87,846.06,288.018,243664.35923
BNBUSDT,1757007000000,2025-09-04 17:30:00,2025-09-05 02:30:00,846.06,846.16,845.47,845.47,242.172,204848.76722
BNBUSDT,1757007300000,2025-09-04 17:35:00,2025-09-05 02:35:00,845.48,845.48,844.68,844.73,227.857,192549.28944
BNBUSDT,1757007600000,2025-09-04 17:40:00,2025-09-05 02:40:00,844.73,845.21,844.21,844.22,311.34,263071.47416
BNBUSDT,1757007900000,2025-09-04 17:45:00,2025-09-05 02:45:00,844.21,844.7,844.15,844.21,461.372,389575.0937
BNBUSDT,1757008200000,2025-09-04 17:50:00,2025-09-05 02:50:00,844.22,845.17,844.21,845,349.602,295325.35844
BNBUSDT,1757008500000,2025-09-04 17:55:00,2025-09-05 02:55:00,845,845.01,844.6,844.6,141.458,119508.28141
BNBUSDT,1757008800000,2025-09-04 18:00:00,2025-09-05 03:00:00,844.6,845.69,844.56,845.56,264.208,223298.7156
BNBUSDT,1757009100000,2025-09-04 18:05:00,2025-09-05 03:05:00,845.56,846.39,845.24,845.37,228.427,193211.88434
BNBUSDT,1757009400000,2025-09-04 18:10:00,2025-09-05 03:10:00,845.38,845.74,845.06,845.21,206.555,174613.69931
BNBUSDT,1757009700000,2025-09-04 18:15:00,2025-09-05 03:15:00,845.21,845.77,844.84,844.96,379.709,320948.60429
BNBUSDT,1757010000000,2025-09-04 18:20:00,2025-09-05 03:20:00,844.96,845.24,844.3,844.4,387.577,327464.34491
BNBUSDT,1757010300000,2025-09-04 18:25:00,2025-09-05 03:25:00,844.4,844.41,843.3,843.3,316.013,266662.98949
BNBUSDT,1757010600000,2025-09-04 18:30:00,2025-09-05 03:30:00,843.31,843.39,841.1,842.46,1565.063,1318101.7618
BNBUSDT,1757010900000,2025-09-04 18:35:00,2025-09-05 03:35:00,842.47,844.2,842.3,844.1,516.871,435789.06488
BNBUSDT,1757011200000,2025-09-04 18:40:00,2025-09-05 03:40:00,844.1,844.2,843.44,843.44,120.398,101602.64153
BNBUSDT,1757011500000,2025-09-04 18:45:00,2025-09-05 03:45:00,843.44,843.67,843.06,843.36,304.9,257167.44238
BNBUSDT,1757011800000,2025-09-04 18:50:00,2025-09-05 03:50:00,843.36,843.78,841.36,841.93,1059.304,892155.84419
BNBUSDT,1757012100000,2025-09-04 18:55:00,2025-09-05 03:55:00,841.93,842.32,841.8,841.85,272.394,229357.42864
BNBUSDT,1757012400000,2025-09-04 19:00:00,2025-09-05 04:00:00,841.85,842.7,841.1,842.5,688.616,579769.77437
BNBUSDT,1757012700000,2025-09-04 19:05:00,2025-09-05 04:05:00,842.51,843,842.07,842.45,467.279,393671.86453
BNBUSDT,1757013000000,2025-09-04 19:10:00,2025-09-05 04:10:00,842.44,843.4,842.44,843.39,151.148,127426.69801
BNBUSDT,1757013300000,2025-09-04 19:15:00,2025-09-05 04:15:00,843.4,843.7,843.16,843.7,360.621,304111.07196
BNBUSDT,1757013600000,2025-09-04 19:20:00,2025-09-05 04:20:00,843.7,844.09,843.16,843.3,552.932,466404.20567
BNBUSDT,1757013900000,2025-09-04 19:25:00,2025-09-05 04:25:00,843.29,844.3,843.11,844.17,201.513,170022.28651
BNBUSDT,1757014200000,2025-09-04 19:30:00,2025-09-05 04:30:00,844.17,844.6,844.16,844.4,182.883,154424.82006
BNBUSDT,1757014500000,2025-09-04 19:35:00,2025-09-05 04:35:00,844.41,844.41,843.63,843.79,366.625,309454.637
BNBUSDT,1757014800000,2025-09-04 19:40:00,2025-09-05 04:40:00,843.8,844.1,843.74,843.87,131.314,110822.70841
BNBUSDT,1757015100000,2025-09-04 19:45:00,2025-09-05 04:45:00,843.85,843.85,842.79,843.17,200.809,169310.18813
BNBUSDT,1757015400000,2025-09-04 19:50:00,2025-09-05 04:50:00,843.18,843.69,843.05,843.69,124.739,105195.03593
BNBUSDT,1757015700000,2025-09-04 19:55:00,2025-09-05 04:55:00,843.69,843.98,843.53,843.53,176.976,149320.78707
BNBUSDT,1757016000000,2025-09-04 20:00:00,2025-09-05 05:00:00,843.54,845.05,843.3,844.24,508.339,429145.65401
BNBUSDT,1757016300000,2025-09-04 20:05:00,2025-09-05 05:05:00,844.24,844.8,844.23,844.5,123.1,103964.34262
BNBUSDT,1757016600000,2025-09-04 20:10:00,2025-09-05 05:10:00,844.51,845.05,844.5,844.72,121.956,103035.08634
BNBUSDT,1757016900000,2025-09-04 20:15:00,2025-09-05 05:15:00,844.72,845.01,844.31,844.66,179.229,151387.81601
BNBUSDT,1757017200000,2025-09-04 20:20:00,2025-09-05 05:20:00,844.66,845.5,844.65,845.49,170.122,143778.47964
BNBUSDT,1757017500000,2025-09-04 20:25:00,2025-09-05 05:25:00,845.5,846.48,845.49,846.23,314.598,266163.9221
BNBUSDT,1757017800000,2025-09-04 20:30:00,2025-09-05 05:30:00,846.22,846.31,846,846.09,122.512,103662.05234
BNBUSDT,1757018100000,2025-09-04 20:35:00,2025-09-05 05:35:00,846.09,846.12,845.44,845.64,484.381,409670.29312
BNBUSDT,1757018400000,2025-09-04 20:40:00,2025-09-05 05:40:00,845.63,845.64,845.37,845.41,304.123,257135.05061
BNBUSDT,1757018700000,2025-09-04 20:45:00,2025-09-05 05:45:00,845.41,845.41,844.92,845.35,202.85,171421.54616
BNBUSDT,1757019000000,2025-09-04 20:50:00,2025-09-05 05:50:00,845.35,845.41,845.2,845.22,117.055,98948.27277
BNBUSDT,1757019300000,2025-09-04 20:55:00,2025-09-05 05:55:00,845.22,845.9,845.21,845.73,283.676,239885.63847
BNBUSDT,1757019600000,2025-09-04 21:00:00,2025-09-05 06:00:00,845.73,846,845.31,846,169.216,143078.4368
BNBUSDT,1757019900000,2025-09-04 21:05:00,2025-09-05 06:05:00,845.99,846.49,845.84,846.26,338.59,286512.72284
BNBUSDT,1757020200000,2025-09-04 21:10:00,2025-09-05 06:10:00,846.26,846.8,846.25,846.71,605.118,512303.48736
BNBUSDT,1757020500000,2025-09-04 21:15:00,2025-09-05 06:15:00,846.72,846.8,846.38,846.74,141.07,119432.31999
BNBUSDT,1757020800000,2025-09-04 21:20:00,2025-09-05 06:20:00,846.74,847.12,846.66,846.84,465.854,394513.34673
BNBUSDT,1757021100000,2025-09-04 21:25:00,2025-09-05 06:25:00,846.84,846.85,846.46,846.67,80.156,67859.428
BNBUSDT,1757021400000,2025-09-04 21:30:00,2025-09-05 06:30:00,846.68,846.99,846.46,846.98,180.271,152641.48136
BNBUSDT,1757021700000,2025-09-04 21:35:00,2025-09-05 06:35:00,846.99,847.72,846.98,847.66,191.833,162564.6306
BNBUSDT,1757022000000,2025-09-04 21:40:00,2025-09-05 06:40:00,847.65,847.76,847.42,847.76,226.145,191674.19014
BNBUSDT,1757022300000,2025-09-04 21:45:00,2025-09-05 06:45:00,847.75,847.8,847.7,847.7,54,45779.13555
BNBUSDT,1757022600000,2025-09-04 21:50:00,2025-09-05 06:50:00,847.7,847.75,847.7,847.75,30.955,26240.97293
BNBUSDT,1757022900000,2025-09-04 21:55:00,2025-09-05 06:55:00,847.75,848.15,847.74,848.03,138.33,117301.17677
BNBUSDT,1757023200000,2025-09-04 22:00:00,2025-09-05 07:00:00,848.04,848.04,847.62,847.83,150.661,127729.10801
BNBUSDT,1757023500000,2025-09-04 22:05:00,2025-09-05 07:05:00,847.83,848.14,847.77,848.02,117.16,99343.06836
BNBUSDT,1757023800000,2025-09-04 22:10:00,2025-09-05 07:10:00,848.02,848.02,847.37,847.53,133.349,113022.69758
BNBUSDT,1757024100000,2025-09-04 22:15:00,2025-09-05 07:15:00,847.53,847.68,847.36,847.43,85.316,72306.33181
BNBUSDT,1757024400000,2025-09-04 22:20:00,2025-09-05 07:20:00,847.44,847.64,847.3,847.64,104.818,88830.48997
BNBUSDT,1757024700000,2025-09-04 22:25:00,2025-09-05 07:25:00,847.64,848.36,847.63,848.13,194.92,165321.1934
BNBUSDT,1757025000000,2025-09-04 22:30:00,2025-09-05 07:30:00,848.12,848.4,847.94,848.07,239.971,203524.31765
BNBUSDT,1757025300000,2025-09-04 22:35:00,2025-09-05 07:35:00,848.08,848.08,847.4,847.57,201.427,170753.56639
BNBUSDT,1757025600000,2025-09-04 22:40:00,2025-09-05 07:40:00,847.57,847.58,847.3,847.31,85.128,72135.63247
BNBUSDT,1757025900000,2025-09-04 22:45:00,2025-09-05 07:45:00,847.3,847.56,847.3,847.45,63.542,53851.16049
BNBUSDT,1757026200000,2025-09-04 22:50:00,2025-09-05 07:50:00,847.45,847.64,847.4,847.6,67.9,57549.31355
BNBUSDT,1757026500000,2025-09-04 22:55:00,2025-09-05 07:55:00,847.6,849.47,847.59,848.94,600.969,509962.65981
BNBUSDT,1757026800000,2025-09-04 23:00:00,2025-09-05 08:00:00,848.93,849.73,848.74,848.74,220.595,187333.01743
BNBUSDT,1757027100000,2025-09-04 23:05:00,2025-09-05 08:05:00,848.74,848.97,848.66,848.71,183.102,155409.25845
BNBUSDT,1757027400000,2025-09-04 23:10:00,2025-09-05 08:10:00,848.72,848.74,848.36,848.46,162.35,137746.35973
BNBUSDT,1757027700000,2025-09-04 23:15:00,2025-09-05 08:15:00,848.47,848.49,847.45,847.5,155.595,131945.33773
BNBUSDT,1757028000000,2025-09-04 23:20:00,2025-09-05 08:20:00,847.5,847.71,847.36,847.68,107.634,91229.03976
BNBUSDT,1757028300000,2025-09-04 23:25:00,2025-09-05 08:25:00,847.69,847.88,847.56,847.56,101.52,86068.18823
BNBUSDT,1757028600000,2025-09-04 23:30:00,2025-09-05 08:30:00,847.57,847.57,846.64,846.64,110.19,93349.16338
BNBUSDT,1757028900000,2025-09-04 23:35:00,2025-09-05 08:35:00,846.65,846.65,846.05,846.21,134.126,113502.34924
BNBUSDT,1757029200000,2025-09-04 23:40:00,2025-09-05 08:40:00,846.21,846.21,845.6,845.87,256.132,216640.87882
BNBUSDT,1757029500000,2025-09-04 23:45:00,2025-09-05 08:45:00,845.88,845.9,844.61,844.67,399.143,337371.68884
BNBUSDT,1757029800000,2025-09-04 23:50:00,2025-09-05 08:50:00,844.68,844.72,843.28,843.28,477.948,403353.53085
BNBUSDT,1757030100000,2025-09-04 23:55:00,2025-09-05 08:55:00,843.29,843.75,843.24,843.63,335.638,283104.97919
BNBUSDT,1757030400000,2025-09-05 00:00:00,2025-09-05 09:00:00,843.62,845.2,843.5,845.2,426.447,359935.49997
BNBUSDT,1757030700000,2025-09-05 00:05:00,2025-09-05 09:05:00,845.2,845.3,843.66,844.71,387.503,327245.42572
BNBUSDT,1757031000000,2025-09-05 00:10:00,2025-09-05 09:10:00,844.71,844.8,843.01,843.43,692.709,584576.26752
BNBUSDT,1757031300000,2025-09-05 00:15:00,2025-09-05 09:15:00,843.42,844.29,842.22,844.16,748.338,630853.55557
BNBUSDT,1757031600000,2025-09-05 00:20:00,2025-09-05 09:20:00,844.16,844.67,843.5,844.67,261.243,220502.61911
BNBUSDT,1757031900000,2025-09-05 00:25:00,2025-09-05 09:25:00,844.67,844.8,844.66,844.71,69.505,58712.89095
BNBUSDT,1757032200000,2025-09-05 00:30:00,2025-09-05 09:30:00,844.71,845.09,844.24,845.09,142.213,120128.21323
BNBUSDT,1757032500000,2025-09-05 00:35:00,2025-09-05 09:35:00,845.09,845.32,844.99,845.14,162.042,136940.76657
BNBUSDT,1757032800000,2025-09-05 00:40:00,2025-09-05 09:40:00,845.14,845.24,844.7,844.88,117.834,99566.55136
BNBUSDT,1757033100000,2025-09-05 00:45:00,2025-09-05 09:45:00,844.88,844.88,843.76,844.56,386.806,326571.06295
BNBUSDT,1757033400000,2025-09-05 00:50:00,2025-09-05 09:50:00,844.56,844.84,843.71,844.08,187.575,158370.47576
BNBUSDT,1757033700000,2025-09-05 00:55:00,2025-09-05 09:55:00,844.09,844.09,843.68,844,120.614,101793.74616
BNBUSDT,1757034000000,2025-09-05 01:00:00,2025-09-05 10:00:00,844,844.63,843.56,844.63,140.934,118934.61263
BNBUSDT,1757034300000,2025-09-05 01:05:00,2025-09-05 10:05:00,844.63,845.16,844.62,844.71,143.354,121119.31779
BNBUSDT,1757034600000,2025-09-05 01:10:00,2025-09-05 10:10:00,844.71,845.36,844.7,844.85,279.158,235913.1015
BNBUSDT,1757034900000,2025-09-05 01:15:00,2025-09-05 10:15:00,844.84,845.3,844.32,845.12,422.999,357401.07124
BNBUSDT,1757035200000,2025-09-05 01:20:00,2025-09-05 10:20:00,845.12,845.3,845,845.23,168.433,142349.60529
BNBUSDT,1757035500000,2025-09-05 01:25:00,2025-09-05 10:25:00,845.23,845.76,845.23,845.76,168.211,142239.44907
BNBUSDT,1757035800000,2025-09-05 01:30:00,2025-09-05 10:30:00,845.76,846.04,845.68,846.04,151.608,128235.62216
BNBUSDT,1757036100000,2025-09-05 01:35:00,2025-09-05 10:35:00,846.04,846.35,846.03,846.34,122.734,103854.83737
BNBUSDT,1757036400000,2025-09-05 01:40:00,2025-09-05 10:40:00,846.35,846.73,846.34,846.73,228.449,193406.47556
BNBUSDT,1757036700000,2025-09-05 01:45:00,2025-09-05 10:45:00,846.73,846.93,846.31,846.31,210.731,178413.99479
BNBUSDT,1757037000000,2025-09-05 01:50:00,2025-09-05 10:50:00,846.31,846.68,846.31,846.66,124.952,105784.00727
BNBUSDT,1757037300000,2025-09-05 01:55:00,2025-09-05 10:55:00,846.67,846.67,846.44,846.56,89.771,75991.52781
BNBUSDT,1757037600000,2025-09-05 02:00:00,2025-09-05 11:00:00,846.56,847,846.3,846.99,244.88,207295.21155
BNBUSDT,1757037900000,2025-09-05 02:05:00,2025-09-05 11:05:00,847,847.75,846.99,847.6,455.58,386027.00194
BNBUSDT,1757038200000,2025-09-05 02:10:00,2025-09-05 11:10:00,847.61,847.61,847.05,847.05,233.149,197552.05651
BNBUSDT,1757038500000,2025-09-05 02:15:00,2025-09-05 11:15:00,847.04,847.36,845.44,845.6,343.965,291068.21548
BNBUSDT,1757038800000,2025-09-05 02:20:00,2025-09-05 11:20:00,845.6,846.4,845.59,846.37,121.286,102607.53071
BNBUSDT,1757039100000,2025-09-05 02:25:00,2025-09-05 11:25:00,846.37,847.04,846.12,847.04,135.532,114705.41917
BNBUSDT,1757039400000,2025-09-05 02:30:00,2025-09-05 11:30:00,847.04,847.4,846.79,847.4,322.719,273331.84057
BNBUSDT,1757039700000,2025-09-05 02:35:00,2025-09-05 11:35:00,847.39,847.72,847.08,847.19,243.654,206466.46302
BNBUSDT,1757040000000,2025-09-05 02:40:00,2025-09-05 11:40:00,847.2,847.3,846.4,846.41,174.375,147706.98993
BNBUSDT,1757040300000,2025-09-05 02:45:00,2025-09-05 11:45:00,846.41,846.76,846.4,846.62,158.019,133775.68572
BNBUSDT,1757040600000,2025-09-05 02:50:00,2025-09-05 11:50:00,846.62,847.21,846.61,847.21,371.03,314224.13529
BNBUSDT,1757040900000,2025-09-05 02:55:00,2025-09-05 11:55:00,847.21,847.58,847.04,847.34,363.665,308173.3411
BNBUSDT,1757041200000,2025-09-05 03:00:00,2025-09-05 12:00:00,847.34,847.34,846.82,846.91,156.008,132147.08033
BNBUSDT,1757041500000,2025-09-05 03:05:00,2025-09-05 12:05:00,846.9,846.98,846.37,846.38,154.849,131108.20998
BNBUSDT,1757041800000,2025-09-05 03:10:00,2025-09-05 12:10:00,846.38,846.38,845.73,845.74,220.228,186306.66587
BNBUSDT,1757042100000,2025-09-05 03:15:00,2025-09-05 12:15:00,845.74,845.83,845.34,845.54,200.071,169187.12607
BNBUSDT,1757042400000,2025-09-05 03:20:00,2025-09-05 12:20:00,845.55,845.55,844.83,845,319.984,270451.17116
BNBUSDT,1757042700000,2025-09-05 03:25:00,2025-09-05 12:25:00,845,845.01,844.87,845,116.135,98126.39488
BNBUSDT,1757043000000,2025-09-05 03:30:00,2025-09-05 12:30:00,844.99,845.2,844.99,845.01,116.984,98861.20854
BNBUSDT,1757043300000,2025-09-05 03:35:00,2025-09-05 12:35:00,845.01,845.01,844.6,844.6,129.041,109015.51586
BNBUSDT,1757043600000,2025-09-05 03:40:00,2025-09-05 12:40:00,844.61,844.84,844.6,844.77,103.598,87511.13924
BNBUSDT,1757043900000,2025-09-05 03:45:00,2025-09-05 12:45:00,844.77,845.37,844.48,845.37,366.335,309487.52683
BNBUSDT,1757044200000,2025-09-05 03:50:00,2025-09-05 12:50:00,845.37,845.58,845.14,845.18,144.178,121883.5484
BNBUSDT,1757044500000,2025-09-05 03:55:00,2025-09-05 12:55:00,845.18,845.78,845.17,845.78,77.36,65411.69442
BNBUSDT,1757044800000,2025-09-05 04:00:00,2025-09-05 13:00:00,845.78,845.92,845.3,845.31,132.329,111899.48157
BNBUSDT,1757045100000,2025-09-05 04:05:00,2025-09-05 13:05:00,845.31,845.66,844.94,845.56,879.426,743452.78752
BNBUSDT,1757045400000,2025-09-05 04:10:00,2025-09-05 13:10:00,845.55,845.67,844.4,844.41,556.051,469844.13804
BNBUSDT,1757045700000,2025-09-05 04:15:00,2025-09-05 13:15:00,844.4,844.41,844.15,844.15,78.416,66208.72176
BNBUSDT,1757046000000,2025-09-05 04:20:00,2025-09-05 13:20:00,844.15,844.38,843.88,843.93,261.625,220827.09774
BNBUSDT,1757046300000,2025-09-05 04:25:00,2025-09-05 13:25:00,843.93,844.1,843.61,843.8,201.954,170425.82725
BNBUSDT,1757046600000,2025-09-05 04:30:00,2025-09-05 13:30:00,843.79,844.8,843.79,844.8,305.574,257932.08937
BNBUSDT,1757046900000,2025-09-05 04:35:00,2025-09-05 13:35:00,844.8,845.32,844.69,845.32,92.257,77946.87696
BNBUSDT,1757047200000,2025-09-05 04:40:00,2025-09-05 13:40:00,845.32,845.4,845.13,845.25,164.239,138832.24046
BNBUSDT,1757047500000,2025-09-05 04:45:00,2025-09-05 13:45:00,845.25,845.5,844.96,845.5,158.923,134311.47968
BNBUSDT,1757047800000,2025-09-05 04:50:00,2025-09-05 13:50:00,845.5,846,845.49,845.94,206.692,174822.18573
BNBUSDT,1757048100000,2025-09-05 04:55:00,2025-09-05 13:55:00,845.94,846.36,845.94,846.01,73.816,62461.30726
BNBUSDT,1757048400000,2025-09-05 05:00:00,2025-09-05 14:00:00,846,846.01,845.35,845.76,269.654,228031.84936
BNBUSDT,1757048700000,2025-09-05 05:05:00,2025-09-05 14:05:00,845.76,846.14,845.7,846.13,176.474,149287.88832
BNBUSDT,1757049000000,2025-09-05 05:10:00,2025-09-05 14:10:00,846.14,846.3,846.14,846.22,121.895,103152.02199
BNBUSDT,1757049300000,2025-09-05 05:15:00,2025-09-05 14:15:00,846.23,846.6,846.04,846.18,310.124,262447.10775
BNBUSDT,1757049600000,2025-09-05 05:20:00,2025-09-05 14:20:00,846.18,846.71,846.17,846.37,425.055,359815.39564
BNBUSDT,1757049900000,2025-09-05 05:25:00,2025-09-05 14:25:00,846.36,847.53,846.36,847.01,986.106,835256.89508
BNBUSDT,1757050200000,2025-09-05 05:30:00,2025-09-05 14:30:00,847.01,847.24,846.8,846.81,144.251,122186.69658
BNBUSDT,1757050500000,2025-09-05 05:35:00,2025-09-05 14:35:00,846.8,846.96,846.41,846.79,157.775,133585.85491
BNBUSDT,1757050800000,2025-09-05 05:40:00,2025-09-05 14:40:00,846.79,847,846.79,847,150.703,127634.85162
BNBUSDT,1757051100000,2025-09-05 05:45:00,2025-09-05 14:45:00,847,847,846.8,846.81,115.819,98086.57175
BNBUSDT,1757051400000,2025-09-05 05:50:00,2025-09-05 14:50:00,846.8,847.1,846.64,846.65,119.509,101212.03299
BNBUSDT,1757051700000,2025-09-05 05:55:00,2025-09-05 14:55:00,846.65,846.77,846.64,846.76,90.76,76849.99626
BNBUSDT,1757052000000,2025-09-05 06:00:00,2025-09-05 15:00:00,846.77,847.02,846.39,846.64,174.928,148121.0691
BNBUSDT,1757052300000,2025-09-05 06:05:00,2025-09-05 15:05:00,846.64,846.96,846.57,846.83,213.6,180867.64127
BNBUSDT,1757052600000,2025-09-05 06:10:00,2025-09-05 15:10:00,846.83,846.84,846.44,846.5,132.101,111839.51217
BNBUSDT,1757052900000,2025-09-05 06:15:00,2025-09-05 15:15:00,846.5,846.68,845.36,845.37,918.919,777493.87308
BNBUSDT,1757053200000,2025-09-05 06:20:00,2025-09-05 15:20:00,845.37,845.48,845.2,845.32,124.656,105371.41563
BNBUSDT,1757053500000,2025-09-05 06:25:00,2025-09-05 15:25:00,845.32,845.56,845.1,845.55,296.216,250397.73026
BNBUSDT,1757053800000,2025-09-05 06:30:00,2025-09-05 15:30:00,845.56,845.79,845.55,845.79,117.823,99638.92101
BNBUSDT,1757054100000,2025-09-05 06:35:00,2025-09-05 15:35:00,845.79,846.09,845.78,846.03,81.454,68904.16384
BNBUSDT,1757054400000,2025-09-05 06:40:00,2025-09-05 15:40:00,846.04,846.04,845.8,845.99,142.741,120745.11038
BNBUSDT,1757054700000,2025-09-05 06:45:00,2025-09-05 15:45:00,845.99,846.15,845.81,845.88,326.965,276596.15915
BNBUSDT,1757055000000,2025-09-05 06:50:00,2025-09-05 15:50:00,845.89,846.04,845.88,846.01,136.145,115169.3889
BNBUSDT,1757055300000,2025-09-05 06:55:00,2025-09-05 15:55:00,846.01,846.7,846,846.7,221.116,187144.35825
BNBUSDT,1757055600000,2025-09-05 07:00:00,2025-09-05 16:00:00,846.7,847.9,846.69,847.67,574.458,486751.85148
BNBUSDT,1757055900000,2025-09-05 07:05:00,2025-09-05 16:05:00,847.66,848,847.5,847.84,352.3,298670.31174
BNBUSDT,1757056200000,2025-09-05 07:10:00,2025-09-05 16:10:00,847.84,848.74,847.72,847.73,620.442,526284.5814
BNBUSDT,1757056500000,2025-09-05 07:15:00,2025-09-05 16:15:00,847.73,848.04,847.64,847.88,380.916,322962.00512
BNBUSDT,1757056800000,2025-09-05 07:20:00,2025-09-05 16:20:00,847.88,849.5,847.84,848.99,888.51,754256.68459
BNBUSDT,1757057100000,2025-09-05 07:25:00,2025-09-05 16:25:00,849,849.3,848.94,849.04,371.639,315550.0068
BNBUSDT,1757057400000,2025-09-05 07:30:00,2025-09-05 16:30:00,849.04,849.59,848.6,849.59,407.638,346118.05982
BNBUSDT,1757057700000,2025-09-05 07:35:00,2025-09-05 16:35:00,849.59,850.81,849.59,850.35,1536.39,1306537.80259
BNBUSDT,1757058000000,2025-09-05 07:40:00,2025-09-05 16:40:00,850.35,850.47,849.76,850.42,467.742,397658.72545
BNBUSDT,1757058300000,2025-09-05 07:45:00,2025-09-05 16:45:00,850.42,851.17,850.08,850.52,1846.421,1570757.44641
BNBUSDT,1757058600000,2025-09-05 07:50:00,2025-09-05 16:50:00,850.52,850.83,850.1,850.51,671.43,570996.4848
BNBUSDT,1757058900000,2025-09-05 07:55:00,2025-09-05 16:55:00,850.51,850.84,850.4,850.68,594.917,506022.85948
BNBUSDT,1757059200000,2025-09-05 08:00:00,2025-09-05 17:00:00,850.67,850.92,849.81,850.2,841.117,715213.02339
BNBUSDT,1757059500000,2025-09-05 08:05:00,2025-09-05 17:05:00,850.2,850.3,848.34,848.61,1003.278,852072.23414
BNBUSDT,1757059800000,2025-09-05 08:10:00,2025-09-05 17:10:00,848.61,848.95,848.48,848.66,469.662,398607.72184
BNBUSDT,1757060100000,2025-09-05 08:15:00,2025-09-05 17:15:00,848.67,848.9,847.53,848.03,515.232,437041.21723
BNBUSDT,1757060400000,2025-09-05 08:20:00,2025-09-05 17:20:00,848.03,848.5,848.02,848.36,123.13,104457.83518
BNBUSDT,1757060700000,2025-09-05 08:25:00,2025-09-05 17:25:00,848.36,848.44,847.99,848.44,384.382,326040.585
BNBUSDT,1757061000000,2025-09-05 08:30:00,2025-09-05 17:30:00,848.44,848.82,848.34,848.56,281.821,239157.75597
BNBUSDT,1757061300000,2025-09-05 08:35:00,2025-09-05 17:35:00,848.55,848.83,848.09,848.82,330.896,280739.00103
BNBUSDT,1757061600000,2025-09-05 08:40:00,2025-09-05 17:40:00,848.82,848.82,848.52,848.72,149.936,127233.22599
BNBUSDT,1757061900000,2025-09-05 08:45:00,2025-09-05 17:45:00,848.72,849.51,848.71,849.36,990.993,841422.30213
BNBUSDT,1757062200000,2025-09-05 08:50:00,2025-09-05 17:50:00,849.36,849.5,849.16,849.5,151.869,128979.44137
BNBUSDT,1757062500000,2025-09-05 08:55:00,2025-09-05 17:55:00,849.5,849.6,849.49,849.6,84.062,71415.56881
BNBUSDT,1757062800000,2025-09-05 09:00:00,2025-09-05 18:00:00,849.6,849.62,848.97,849.01,223.664,189927.96452
BNBUSDT,1757063100000,2025-09-05 09:05:00,2025-09-05 18:05:00,849.01,850,849,849.97,235.464,200075.45604
BNBUSDT,1757063400000,2025-09-05 09:10:00,2025-09-05 18:10:00,849.96,850.34,849.96,850.25,157.852,134199.05212
BNBUSDT,1757063700000,2025-09-05 09:15:00,2025-09-05 18:15:00,850.24,850.24,847.99,848.28,967.982,821319.55379
BNBUSDT,1757064000000,2025-09-05 09:20:00,2025-09-05 18:20:00,848.28,848.48,847.83,848.07,317.879,269624.03777
BNBUSDT,1757064300000,2025-09-05 09:25:00,2025-09-05 18:25:00,848.07,848.32,847.71,847.73,386.778,327974.45388
BNBUSDT,1757064600000,2025-09-05 09:30:00,2025-09-05 18:30:00,847.72,848,847.56,847.99,191.521,162363.63452
BNBUSDT,1757064900000,2025-09-05 09:35:00,2025-09-05 18:35:00,848,848.44,848,848.39,134.378,113989.4144
BNBUSDT,1757065200000,2025-09-05 09:40:00,2025-09-05 18:40:00,848.4,849.3,848.39,848.97,298.657,253550.2815
BNBUSDT,1757065500000,2025-09-05 09:45:00,2025-09-05 18:45:00,848.96,849.56,848.96,849.33,184.182,156422.16477
BNBUSDT,1757065800000,2025-09-05 09:50:00,2025-09-05 18:50:00,849.33,849.34,849.32,849.34,98.956,84046.31862
BNBUSDT,1757066100000,2025-09-05 09:55:00,2025-09-05 18:55:00,849.33,849.6,849.32,849.6,221.218,187916.2881
BNBUSDT,1757066400000,2025-09-05 10:00:00,2025-09-05 19:00:00,849.59,850.04,849.37,849.61,571.31,485450.49313
BNBUSDT,1757066700000,2025-09-05 10:05:00,2025-09-05 19:05:00,849.61,850.1,849.44,849.83,202.971,172473.04767
BNBUSDT,1757067000000,2025-09-05 10:10:00,2025-09-05 19:10:00,849.82,849.85,849,849,196.961,167305.49304
BNBUSDT,1757067300000,2025-09-05 10:15:00,2025-09-05 19:15:00,849,849.3,848.8,849.16,177,150287.22327
BNBUSDT,1757067600000,2025-09-05 10:20:00,2025-09-05 19:20:00,849.15,849.48,849.15,849.47,135.1,114742.46341
BNBUSDT,1757067900000,2025-09-05 10:25:00,2025-09-05 19:25:00,849.48,849.6,849.32,849.6,211.468,179629.64307
BNBUSDT,1757068200000,2025-09-05 10:30:00,2025-09-05 19:30:00,849.6,850.4,849.59,850.24,420.663,357591.67096
BNBUSDT,1757068500000,2025-09-05 10:35:00,2025-09-05 19:35:00,850.25,850.53,849.69,849.79,397.893,338325.02653
BNBUSDT,1757068800000,2025-09-05 10:40:00,2025-09-05 19:40:00,849.8,849.84,849.61,849.8,151.368,128625.48861
BNBUSDT,1757069100000,2025-09-05 10:45:00,2025-09-05 19:45:00,849.8,849.8,849.5,849.69,113.207,96179.65771
BNBUSDT,1757069400000,2025-09-05 10:50:00,2025-09-05 19:50:00,849.69,850.06,849.68,849.92,361.647,307361.65054
BNBUSDT,1757069700000,2025-09-05 10:55:00,2025-09-05 19:55:00,849.93,850.54,849.88,850.15,508.741,432536.56154
BNBUSDT,1757070000000,2025-09-05 11:00:00,2025-09-05 20:00:00,850.14,850.24,849.89,850,190.759,162167.10804
BNBUSDT,1757070300000,2025-09-05 11:05:00,2025-09-05 20:05:00,850,850.62,849.96,850.2,273.242,232340.09556
BNBUSDT,1757070600000,2025-09-05 11:10:00,2025-09-05 20:10:00,850.21,850.21,849.72,850.15,181.657,154392.97988
BNBUSDT,1757070900000,2025-09-05 11:15:00,2025-09-05 20:15:00,850.16,850.16,849.46,849.51,320.779,272560.365
BNBUSDT,1757071200000,2025-09-05 11:20:00,2025-09-05 20:20:00,849.51,850.2,849.5,850.19,220.278,187206.74942
BNBUSDT,1757071500000,2025-09-05 11:25:00,2025-09-05 20:25:00,850.2,850.5,850.19,850.32,170.943,145363.19919
BNBUSDT,1757071800000,2025-09-05 11:30:00,2025-09-05 20:30:00,850.32,850.64,850.01,850.64,184.311,156726.30887
BNBUSDT,1757072100000,2025-09-05 11:35:00,2025-09-05 20:35:00,850.64,850.76,850.48,850.66,209.842,178492.87995
BNBUSDT,1757072400000,2025-09-05 11:40:00,2025-09-05 20:40:00,850.66,850.76,850.65,850.73,108.41,92226.75479
BNBUSDT,1757072700000,2025-09-05 11:45:00,2025-09-05 20:45:00,850.72,850.76,850.3,850.42,156.523,133121.69288
BNBUSDT,1757073000000,2025-09-05 11:50:00,2025-09-05 20:50:00,850.42,850.84,850.41,850.84,155.756,132482.8593
BNBUSDT,1757073300000,2025-09-05 11:55:00,2025-09-05 20:55:00,850.83,851,850.8,850.9,181.068,154063.34632
BNBUSDT,1757073600000,2025-09-05 12:00:00,2025-09-05 21:00:00,850.89,850.95,850.52,850.63,283.779,241413.78153
BNBUSDT,1757073900000,2025-09-05 12:05:00,2025-09-05 21:05:00,850.64,851.23,850.64,850.83,520.483,442887.63027
BNBUSDT,1757074200000,2025-09-05 12:10:00,2025-09-05 21:10:00,850.84,850.84,850.52,850.64,161.575,137442.50231
BNBUSDT,1757074500000,2025-09-05 12:15:00,2025-09-05 21:15:00,850.64,851.17,850.63,850.98,273.897,233075.09182
BNBUSDT,1757074800000,2025-09-05 12:20:00,2025-09-05 21:20:00,850.99,851.81,850.8,851.35,425.949,362586.91734
BNBUSDT,1757075100000,2025-09-05 12:25:00,2025-09-05 21:25:00,851.35,852,851.34,852,300.306,255784.34478
BNBUSDT,1757075400000,2025-09-05 12:30:00,2025-09-05 21:30:00,851.99,854.62,849.15,853.71,6554.282,5582575.16114
BNBUSDT,1757075700000,2025-09-05 12:35:00,2025-09-05 21:35:00,853.72,854.19,850.56,851.19,1817.278,1549498.18498
BNBUSDT,1757076000000,2025-09-05 12:40:00,2025-09-05 21:40:00,851.19,852.72,850.6,852.03,938.91,799667.61845
BNBUSDT,1757076300000,2025-09-05 12:45:00,2025-09-05 21:45:00,852.02,852.79,851.2,851.68,653.259,556534.06319
BNBUSDT,1757076600000,2025-09-05 12:50:00,2025-09-05 21:50:00,851.68,853.62,851.68,853.62,532.434,454003.4995
BNBUSDT,1757076900000,2025-09-05 12:55:00,2025-09-05 21:55:00,853.62,854.45,853.62,854.41,1272.048,1086427.31594
BNBUSDT,1757077200000,2025-09-05 13:00:00,2025-09-05 22:00:00,854.41,855.62,854.41,854.51,1348.676,1153208.85281
BNBUSDT,1757077500000,2025-09-05 13:05:00,2025-09-05 22:05:00,854.5,855.5,854.1,855.04,1122.201,959086.95024
BNBUSDT,1757077800000,2025-09-05 13:10:00,2025-09-05 22:10:00,855.04,855.55,854.54,854.55,612.523,523879.16814
BNBUSDT,1757078100000,2025-09-05 13:15:00,2025-09-05 22:15:00,854.54,854.88,853.77,854.53,460.451,393382.45579
BNBUSDT,1757078400000,2025-09-05 13:20:00,2025-09-05 22:20:00,854.54,855.8,854.53,855.8,531.637,454665.86578
BNBUSDT,1757078700000,2025-09-05 13:25:00,2025-09-05 22:25:00,855.79,856.7,855.72,856.44,758.284,649219.58451
BNBUSDT,1757079000000,2025-09-05 13:30:00,2025-09-05 22:30:00,856.45,857.73,855.86,857.35,915.162,784202.45785
BNBUSDT,1757079300000,2025-09-05 13:35:00,2025-09-05 22:35:00,857.35,857.52,855.3,856.41,1473.76,1262064.77563
BNBUSDT,1757079600000,2025-09-05 13:40:00,2025-09-05 22:40:00,856.42,856.9,855.96,856.41,870.178,745223.86064
BNBUSDT,1757079900000,2025-09-05 13:45:00,2025-09-05 22:45:00,856.41,856.46,855.12,856.42,1034.932,885533.8743
BNBUSDT,1757080200000,2025-09-05 13:50:00,2025-09-05 22:50:00,856.42,856.9,855.44,856.5,802.057,686691.63999
BNBUSDT,1757080500000,2025-09-05 13:55:00,2025-09-05 22:55:00,856.5,856.5,855.5,856.12,1046.288,895727.71184
BNBUSDT,1757080800000,2025-09-05 14:00:00,2025-09-05 23:00:00,856.12,856.12,854.52,855.53,854.048,730454.91356
BNBUSDT,1757081100000,2025-09-05 14:05:00,2025-09-05 23:05:00,855.52,855.52,853.78,854.4,1081.123,923591.62568
BNBUSDT,1757081400000,2025-09-05 14:10:00,2025-09-05 23:10:00,854.4,854.45,851.76,852.08,1119.425,954648.43627
BNBUSDT,1757081700000,2025-09-05 14:15:00,2025-09-05 23:15:00,852.08,852.2,846.2,848.21,3894.187,3307001.37316
BNBUSDT,1757082000000,2025-09-05 14:20:00,2025-09-05 23:20:00,848.22,849.4,846.9,846.97,2443.378,2072390.36033
BNBUSDT,1757082300000,2025-09-05 14:25:00,2025-09-05 23:25:00,846.97,848.2,846.33,847.49,1316.589,1115482.94268
BNBUSDT,1757082600000,2025-09-05 14:30:00,2025-09-05 23:30:00,847.49,848.56,846.12,847.39,1812.19,1535832.84241
BNBUSDT,1757082900000,2025-09-05 14:35:00,2025-09-05 23:35:00,847.4,847.6,845,846.42,1609.054,1361446.84443
BNBUSDT,1757083200000,2025-09-05 14:40:00,2025-09-05 23:40:00,846.41,847.69,844.71,847.13,2580.165,2182119.02843
BNBUSDT,1757083500000,2025-09-05 14:45:00,2025-09-05 23:45:00,847.12,848,845.6,847.66,5930.656,5022222.33256
BNBUSDT,1757083800000,2025-09-05 14:50:00,2025-09-05 23:50:00,847.66,850.04,846.05,849.89,1750.62,1483653.76672
BNBUSDT,1757084100000,2025-09-05 14:55:00,2025-09-05 23:55:00,849.9,849.91,847.73,847.91,800.818,680028.45033
BNBUSDT,1757084400000,2025-09-05 15:00:00,2025-09-06 00:00:00,847.91,848.7,846.71,847.96,783.027,663665.34357
BNBUSDT,1757084700000,2025-09-05 15:05:00,2025-09-06 00:05:00,847.96,849.57,847.88,849.12,608.468,516594.32555
BNBUSDT,1757085000000,2025-09-05 15:10:00,2025-09-06 00:10:00,849.11,849.11,848.21,848.6,608.946,516801.43288
BNBUSDT,1757085300000,2025-09-05 15:15:00,2025-09-06 00:15:00,848.6,849.81,848.43,849.72,359.453,305276.50863
BNBUSDT,1757085600000,2025-09-05 15:20:00,2025-09-06 00:20:00,849.73,850,849.7,849.9,405.208,344366.12928
BNBUSDT,1757085900000,2025-09-05 15:25:00,2025-09-06 00:25:00,849.91,849.96,848.8,849.5,343.917,292072.44816
BNBUSDT,1757086200000,2025-09-05 15:30:00,2025-09-06 00:30:00,849.5,849.5,848.19,848.21,914.852,776319.10634
BNBUSDT,1757086500000,2025-09-05 15:35:00,2025-09-06 00:35:00,848.21,849.32,848.21,849.32,661.279,561092.97894
BNBUSDT,1757086800000,2025-09-05 15:40:00,2025-09-06 00:40:00,849.31,849.64,849.31,849.64,323.801,275086.24871
BNBUSDT,1757087100000,2025-09-05 15:45:00,2025-09-06 00:45:00,849.63,849.68,848.82,849.63,969.641,823457.14306
BNBUSDT,1757087400000,2025-09-05 15:50:00,2025-09-06 00:50:00,849.62,849.7,848.9,848.91,267.883,227502.609
BNBUSDT,1757087700000,2025-09-05 15:55:00,2025-09-06 00:55:00,848.9,849.73,848.8,848.81,345.963,293772.61619
BNBUSDT,1757088000000,2025-09-05 16:00:00,2025-09-06 01:00:00,848.81,848.81,848.44,848.68,540.705,458829.58293
BNBUSDT,1757088300000,2025-09-05 16:05:00,2025-09-06 01:05:00,848.68,849,848.57,848.91,512.927,435388.19907
BNBUSDT,1757088600000,2025-09-05 16:10:00,2025-09-06 01:10:00,848.92,849.48,848.88,849.36,263.191,223478.86594
BNBUSDT,1757088900000,2025-09-05 16:15:00,2025-09-06 01:15:00,849.36,849.38,849.07,849.2,257.276,218484.86965
BNBUSDT,1757089200000,2025-09-05 16:20:00,2025-09-06 01:20:00,849.2,849.56,848.73,849.09,137.893,117095.12743
BNBUSDT,1757089500000,2025-09-05 16:25:00,2025-09-06 01:25:00,849.09,849.55,849,849.11,243.679,206958.84117
BNBUSDT,1757089800000,2025-09-05 16:30:00,2025-09-06 01:30:00,849.11,849.75,848.96,849,462.279,392668.64129
BNBUSDT,1757090100000,2025-09-05 16:35:00,2025-09-06 01:35:00,849,849.6,848.87,849.51,203.639,172957.03864
BNBUSDT,1757090400000,2025-09-05 16:40:00,2025-09-06 01:40:00,849.5,849.8,849.45,849.47,337.165,286452.22248
BNBUSDT,1757090700000,2025-09-05 16:45:00,2025-09-06 01:45:00,849.48,850.04,849.32,849.33,537.042,456326.48376
BNBUSDT,1757091000000,2025-09-05 16:50:00,2025-09-06 01:50:00,849.32,849.4,849.02,849.2,168.389,142993.29886
BNBUSDT,1757091300000,2025-09-05 16:55:00,2025-09-06 01:55:00,849.19,849.44,849.13,849.43,161.819,137424.05052
BNBUSDT,1757091600000,2025-09-05 17:00:00,2025-09-06 02:00:00,849.44,849.45,849.2,849.21,152.378,129425.46615
BNBUSDT,1757091900000,2025-09-05 17:05:00,2025-09-06 02:05:00,849.21,849.21,848.78,848.86,234.859,199393.22677
BNBUSDT,1757092200000,2025-09-05 17:10:00,2025-09-06 02:10:00,848.86,849.5,848.85,849.5,105.99,90000.50417
BNBUSDT,1757092500000,2025-09-05 17:15:00,2025-09-06 02:15:00,849.5,849.88,849.32,849.32,199.236,169292.19431
BNBUSDT,1757092800000,2025-09-05 17:20:00,2025-09-06 02:20:00,849.33,849.72,849.32,849.72,103.796,88176.70451
BNBUSDT,1757093100000,2025-09-05 17:25:00,2025-09-06 02:25:00,849.71,849.84,849.6,849.6,405.725,344748.59567
BNBUSDT,1757093400000,2025-09-05 17:30:00,2025-09-06 02:30:00,849.61,849.79,849.11,849.79,113.508,96407.89899
BNBUSDT,1757093700000,2025-09-05 17:35:00,2025-09-06 02:35:00,849.8,849.89,848.8,848.92,174.008,147767.40101
BNBUSDT,1757094000000,2025-09-05 17:40:00,2025-09-06 02:40:00,848.92,849.06,848.58,848.98,491.723,417340.48928
BNBUSDT,1757094300000,2025-09-05 17:45:00,2025-09-06 02:45:00,848.97,849.39,848.97,849.38,130.242,110608.10114
BNBUSDT,1757094600000,2025-09-05 17:50:00,2025-09-06 02:50:00,849.38,849.48,849.09,849.33,150.106,127483.64603
BNBUSDT,1757094900000,2025-09-05 17:55:00,2025-09-06 02:55:00,849.32,849.71,849.1,849.71,267.504,227206.74132
BNBUSDT,1757095200000,2025-09-05 18:00:00,2025-09-06 03:00:00,849.7,849.7,849.45,849.46,184.569,156811.58833
BNBUSDT,1757095500000,2025-09-05 18:05:00,2025-09-06 03:05:00,849.45,849.92,849.45,849.49,142.764,121300.92238
BNBUSDT,1757095800000,2025-09-05 18:10:00,2025-09-06 03:10:00,849.5,849.5,848.8,848.92,150.013,127396.20123
BNBUSDT,1757096100000,2025-09-05 18:15:00,2025-09-06 03:15:00,848.92,849.46,848.91,849.45,114.012,96834.87985
BNBUSDT,1757096400000,2025-09-05 18:20:00,2025-09-06 03:20:00,849.45,849.57,849.1,849.1,141.947,120571.95482
BNBUSDT,1757096700000,2025-09-05 18:25:00,2025-09-06 03:25:00,849.1,849.69,849.02,849.69,226.648,192502.99541
BNBUSDT,1757097000000,2025-09-05 18:30:00,2025-09-06 03:30:00,849.68,850.2,849.68,849.78,199.4,169504.90848
BNBUSDT,1757097300000,2025-09-05 18:35:00,2025-09-06 03:35:00,849.77,850.33,849.7,850.13,104.733,89028.17082
BNBUSDT,1757097600000,2025-09-05 18:40:00,2025-09-06 03:40:00,850.12,850.5,849.92,850.5,121.076,102927.97341
BNBUSDT,1757097900000,2025-09-05 18:45:00,2025-09-06 03:45:00,850.49,850.97,850.49,850.87,219.344,186607.95799
BNBUSDT,1757098200000,2025-09-05 18:50:00,2025-09-06 03:50:00,850.87,850.91,850.52,850.53,199.616,169803.67903
BNBUSDT,1757098500000,2025-09-05 18:55:00,2025-09-06 03:55:00,850.54,850.65,850.17,850.65,490.766,417374.23317
BNBUSDT,1757098800000,2025-09-05 19:00:00,2025-09-06 04:00:00,850.65,850.92,850.4,850.4,327.142,278281.93233
BNBUSDT,1757099100000,2025-09-05 19:05:00,2025-09-06 04:05:00,850.41,850.98,850.41,850.97,112.494,95708.22783
BNBUSDT,1757099400000,2025-09-05 19:10:00,2025-09-06 04:10:00,850.98,850.98,850.85,850.92,70.946,60368.0299
BNBUSDT,1757099700000,2025-09-05 19:15:00,2025-09-06 04:15:00,850.92,851.6,850.91,851.32,233.554,198837.0488
BNBUSDT,1757100000000,2025-09-05 19:20:00,2025-09-06 04:20:00,851.33,851.65,851.3,851.34,253.292,215670.56795
BNBUSDT,1757100300000,2025-09-05 19:25:00,2025-09-06 04:25:00,851.35,851.35,851.13,851.14,225.093,191614.38889
BNBUSDT,1757100600000,2025-09-05 19:30:00,2025-09-06 04:30:00,851.14,851.14,850.48,851.05,226.807,192979.40997
BNBUSDT,1757100900000,2025-09-05 19:35:00,2025-09-06 04:35:00,851.06,851.46,850.84,850.87,99.181,84415.82456
BNBUSDT,1757101200000,2025-09-05 19:40:00,2025-09-06 04:40:00,850.87,851,850.5,850.51,102.643,87335.86034
BNBUSDT,1757101500000,2025-09-05 19:45:00,2025-09-06 04:45:00,850.51,851,850.48,850.97,155.962,132682.96186
BNBUSDT,1757101800000,2025-09-05 19:50:00,2025-09-06 04:50:00,850.98,851.04,850.76,850.78,174.634,148600.05317
BNBUSDT,1757102100000,2025-09-05 19:55:00,2025-09-06 04:55:00,850.78,850.96,850.52,850.96,238.905,203236.47005
BNBUSDT,1757102400000,2025-09-05 20:00:00,2025-09-06 05:00:00,850.96,851.66,850.9,851.05,221.645,188694.35927
BNBUSDT,1757102700000,2025-09-05 20:05:00,2025-09-06 05:05:00,851.04,851.05,850.64,850.8,128.072,108967.47571
BNBUSDT,1757103000000,2025-09-05 20:10:00,2025-09-06 05:10:00,850.79,850.99,850.79,850.93,93.481,79546.2996
BNBUSDT,1757103300000,2025-09-05 20:15:00,2025-09-06 05:15:00,850.93,850.93,850.32,850.33,55.836,47495.73201
BNBUSDT,1757103600000,2025-09-05 20:20:00,2025-09-06 05:20:00,850.33,850.33,850.12,850.13,83.408,70913.64051
BNBUSDT,1757103900000,2025-09-05 20:25:00,2025-09-06 05:25:00,850.13,850.36,850.12,850.29,53.233,45263.03563
BNBUSDT,1757104200000,2025-09-05 20:30:00,2025-09-06 05:30:00,850.29,850.92,850.29,850.41,112.995,96120.83499
BNBUSDT,1757104500000,2025-09-05 20:35:00,2025-09-06 05:35:00,850.41,851,850.21,851,74.117,63044.24434
BNBUSDT,1757104800000,2025-09-05 20:40:00,2025-09-06 05:40:00,851,851.19,850.88,850.96,117.218,99760.07606
BNBUSDT,1757105100000,2025-09-05 20:45:00,2025-09-06 05:45:00,850.96,850.96,850.71,850.87,66.396,56489.80277
BNBUSDT,1757105400000,2025-09-05 20:50:00,2025-09-06 05:50:00,850.88,851.6,850.87,851.59,245.919,209347.35067
BNBUSDT,1757105700000,2025-09-05 20:55:00,2025-09-06 05:55:00,851.6,852.53,851.59,852.27,1330.438,1133691.01336
BNBUSDT,1757106000000,2025-09-05 21:00:00,2025-09-06 06:00:00,852.28,852.4,852.04,852.04,123.054,104875.4028
BNBUSDT,1757106300000,2025-09-05 21:05:00,2025-09-06 06:05:00,852.04,852.05,851.3,851.31,110.761,94326.6942
BNBUSDT,1757106600000,2025-09-05 21:10:00,2025-09-06 06:10:00,851.31,851.96,851.2,851.96,286.628,244071.07233
BNBUSDT,1757106900000,2025-09-05 21:15:00,2025-09-06 06:15:00,851.97,852.04,848.5,851.13,1387.517,1179296.25674
BNBUSDT,1757107200000,2025-09-05 21:20:00,2025-09-06 06:20:00,851.12,851.12,849.86,850,324.808,276232.84462
BNBUSDT,1757107500000,2025-09-05 21:25:00,2025-09-06 06:25:00,849.99,850.64,849.99,850.07,124.623,105981.57046
BNBUSDT,1757107800000,2025-09-05 21:30:00,2025-09-06 06:30:00,850.07,850.88,850.04,850.13,210.531,179068.64359
BNBUSDT,1757108100000,2025-09-05 21:35:00,2025-09-06 06:35:00,850.13,850.13,849.31,849.87,191.053,162337.62071
BNBUSDT,1757108400000,2025-09-05 21:40:00,2025-09-06 06:40:00,849.87,851.2,849.79,850.87,536.532,456434.66357
BNBUSDT,1757108700000,2025-09-05 21:45:00,2025-09-06 06:45:00,850.88,851.02,850.43,850.58,162.462,138226.31841
BNBUSDT,1757109000000,2025-09-05 21:50:00,2025-09-06 06:50:00,850.59,850.59,849.61,849.9,92.984,79033.3677
BNBUSDT,1757109300000,2025-09-05 21:55:00,2025-09-06 06:55:00,849.89,850.2,849.89,850.06,82.355,70004.08982
BNBUSDT,1757109600000,2025-09-05 22:00:00,2025-09-06 07:00:00,850.05,850.2,849.72,849.9,157.921,134226.1237
BNBUSDT,1757109900000,2025-09-05 22:05:00,2025-09-06 07:05:00,849.9,850.36,849.89,850.31,136.188,115783.99257
BNBUSDT,1757110200000,2025-09-05 22:10:00,2025-09-06 07:10:00,850.32,850.32,849.96,850,81.354,69166.59901
BNBUSDT,1757110500000,2025-09-05 22:15:00,2025-09-06 07:15:00,850,850.64,849.85,849.85,295.465,251242.29047
BNBUSDT,1757110800000,2025-09-05 22:20:00,2025-09-06 07:20:00,849.86,850.2,849.78,850,100.976,85827.95676
BNBUSDT,1757111100000,2025-09-05 22:25:00,2025-09-06 07:25:00,850,850.68,850,850.67,160.754,136694.3045
BNBUSDT,1757111400000,2025-09-05 22:30:00,2025-09-06 07:30:00,850.68,851.08,850.67,850.98,207.004,176152.0206
BNBUSDT,1757111700000,2025-09-05 22:35:00,2025-09-06 07:35:00,850.97,851.2,850.97,851.2,59.012,50222.16645
BNBUSDT,1757112000000,2025-09-05 22:40:00,2025-09-06 07:40:00,851.2,851.98,851.2,851.79,132.185,112574.80031
BNBUSDT,1757112300000,2025-09-05 22:45:00,2025-09-06 07:45:00,851.79,852.18,851.79,851.8,183.636,156463.7271
BNBUSDT,1757112600000,2025-09-05 22:50:00,2025-09-06 07:50:00,851.81,851.81,851.6,851.68,76.819,65425.1073
BNBUSDT,1757112900000,2025-09-05 22:55:00,2025-09-06 07:55:00,851.68,851.7,851.36,851.36,68.715,58515.2945
BNBUSDT,1757113200000,2025-09-05 23:00:00,2025-09-06 08:00:00,851.37,851.37,850.64,850.81,331.222,281841.38277
BNBUSDT,1757113500000,2025-09-05 23:05:00,2025-09-06 08:05:00,850.8,850.8,850.47,850.48,69.872,59432.26275
BNBUSDT,1757113800000,2025-09-05 23:10:00,2025-09-06 08:10:00,850.48,850.49,850.44,850.45,30.101,25599.80263
BNBUSDT,1757114100000,2025-09-05 23:15:00,2025-09-06 08:15:00,850.45,850.6,850.4,850.56,107.806,91685.89378
BNBUSDT,1757114400000,2025-09-05 23:20:00,2025-09-06 08:20:00,850.56,850.56,850.28,850.36,172.397,146596.22256
BNBUSDT,1757114700000,2025-09-05 23:25:00,2025-09-06 08:25:00,850.35,850.37,850.16,850.18,143.046,121627.12418
BNBUSDT,1757115000000,2025-09-05 23:30:00,2025-09-06 08:30:00,850.18,850.18,849.31,849.71,517.492,439738.52323
BNBUSDT,1757115300000,2025-09-05 23:35:00,2025-09-06 08:35:00,849.71,849.8,849.25,849.49,106.989,90893.92196
BNBUSDT,1757115600000,2025-09-05 23:40:00,2025-09-06 08:40:00,849.5,849.76,849.5,849.75,51.419,43691.02206
BNBUSDT,1757115900000,2025-09-05 23:45:00,2025-09-06 08:45:00,849.76,849.91,849.3,849.85,343.245,291622.92298
BNBUSDT,1757116200000,2025-09-05 23:50:00,2025-09-06 08:50:00,849.85,849.95,849.84,849.95,41.673,35415.9679
BNBUSDT,1757116500000,2025-09-05 23:55:00,2025-09-06 08:55:00,849.95,850.22,849.94,850.14,147.446,125343.91812
BNBUSDT,1757116800000,2025-09-06 00:00:00,2025-09-06 09:00:00,850.14,850.14,849.64,849.88,255.562,217176.41512
BNBUSDT,1757117100000,2025-09-06 00:05:00,2025-09-06 09:05:00,849.88,850.24,849.55,849.61,1164.362,989654.70968
BNBUSDT,1757117400000,2025-09-06 00:10:00,2025-09-06 09:10:00,849.61,849.9,849.56,849.86,203.426,172853.40132
BNBUSDT,1757117700000,2025-09-06 00:15:00,2025-09-06 09:15:00,849.85,849.96,849.77,849.84,273.808,232705.09018
BNBUSDT,1757118000000,2025-09-06 00:20:00,2025-09-06 09:20:00,849.84,850.15,849.84,850.15,182.266,154917.3467
BNBUSDT,1757118300000,2025-09-06 00:25:00,2025-09-06 09:25:00,850.16,850.5,850.16,850.5,113.923,96879.07711
BNBUSDT,1757118600000,2025-09-06 00:30:00,2025-09-06 09:30:00,850.5,851.14,850.5,851.09,190.259,161894.63224
BNBUSDT,1757118900000,2025-09-06 00:35:00,2025-09-06 09:35:00,851.1,851.5,851,851.46,193.507,164739.32343
BNBUSDT,1757119200000,2025-09-06 00:40:00,2025-09-06 09:40:00,851.46,851.52,851.36,851.38,74.83,63712.4923
BNBUSDT,1757119500000,2025-09-06 00:45:00,2025-09-06 09:45:00,851.38,851.58,851.2,851.21,125.694,107026.31455
BNBUSDT,1757119800000,2025-09-06 00:50:00,2025-09-06 09:50:00,851.21,851.21,851.04,851.21,61.716,52527.78104
BNBUSDT,1757120100000,2025-09-06 00:55:00,2025-09-06 09:55:00,851.2,852.08,851,852.08,654.61,557378.24788
BNBUSDT,1757120400000,2025-09-06 01:00:00,2025-09-06 10:00:00,852.07,852.08,851.7,851.91,126.124,107440.95241
BNBUSDT,1757120700000,2025-09-06 01:05:00,2025-09-06 10:05:00,851.91,852.3,851.9,852.29,95.189,81105.14734
BNBUSDT,1757121000000,2025-09-06 01:10:00,2025-09-06 10:10:00,852.3,852.66,852.29,852.49,209.815,178879.03617
BNBUSDT,1757121300000,2025-09-06 01:15:00,2025-09-06 10:15:00,852.48,852.76,852.48,852.64,113.353,96649.69824
BNBUSDT,1757121600000,2025-09-06 01:20:00,2025-09-06 10:20:00,852.65,852.8,852.26,852.26,204.991,174774.07078
BNBUSDT,1757121900000,2025-09-06 01:25:00,2025-09-06 10:25:00,852.26,853.33,852.16,852.96,555.665,473900.04216
BNBUSDT,1757122200000,2025-09-06 01:30:00,2025-09-06 10:30:00,852.96,854.86,852.9,854.25,1140.354,973662.13137
BNBUSDT,1757122500000,2025-09-06 01:35:00,2025-09-06 10:35:00,854.25,854.9,854.21,854.71,502.627,429529.79738
BNBUSDT,1757122800000,2025-09-06 01:40:00,2025-09-06 10:40:00,854.71,855,854.71,854.96,469.607,401494.51103
BNBUSDT,1757123100000,2025-09-06 01:45:00,2025-09-06 10:45:00,854.96,855.54,854.96,855.11,1382.138,1181817.51028
BNBUSDT,1757123400000,2025-09-06 01:50:00,2025-09-06 10:50:00,855.12,855.12,854.85,854.9,253.335,216587.01603
BNBUSDT,1757123700000,2025-09-06 01:55:00,2025-09-06 10:55:00,854.91,855.3,854.37,855.29,253.929,217068.58896
BNBUSDT,1757124000000,2025-09-06 02:00:00,2025-09-06 11:00:00,855.3,856.25,855.29,855.61,1221.466,1045395.58899
BNBUSDT,1757124300000,2025-09-06 02:05:00,2025-09-06 11:05:00,855.61,855.61,853.79,854.13,751.695,642128.84906
BNBUSDT,1757124600000,2025-09-06 02:10:00,2025-09-06 11:10:00,854.12,854.13,853.82,853.82,279.983,239083.94832
BNBUSDT,1757124900000,2025-09-06 02:15:00,2025-09-06 11:15:00,853.83,853.83,853.39,853.68,207.38,177028.57881
BNBUSDT,1757125200000,2025-09-06 02:20:00,2025-09-06 11:20:00,853.67,853.68,853.03,853.04,203.635,173785.36257
BNBUSDT,1757125500000,2025-09-06 02:25:00,2025-09-06 11:25:00,853.04,853.38,853,853.38,206.92,176532.40223
BNBUSDT,1757125800000,2025-09-06 02:30:00,2025-09-06 11:30:00,853.38,854,853.38,853.78,235.381,200975.80772
BNBUSDT,1757126100000,2025-09-06 02:35:00,2025-09-06 11:35:00,853.77,854.28,853.6,854.28,287.503,245493.84009
BNBUSDT,1757126400000,2025-09-06 02:40:00,2025-09-06 11:40:00,854.27,855.29,853.65,854.83,759.479,649070.17732
BNBUSDT,1757126700000,2025-09-06 02:45:00,2025-09-06 11:45:00,854.82,854.83,854.38,854.82,577.234,493276.12637
BNBUSDT,1757127000000,2025-09-06 02:50:00,2025-09-06 11:50:00,854.83,855.06,854.56,854.57,321.391,274770.50831
BNBUSDT,1757127300000,2025-09-06 02:55:00,2025-09-06 11:55:00,854.57,855.5,854.57,855.42,324.671,277597.92121
BNBUSDT,1757127600000,2025-09-06 03:00:00,2025-09-06 12:00:00,855.42,855.58,854.98,855,303.902,259918.19502
BNBUSDT,1757127900000,2025-09-06 03:05:00,2025-09-06 12:05:00,855,855.5,855,855.36,308.547,263893.99684
BNBUSDT,1757128200000,2025-09-06 03:10:00,2025-09-06 12:10:00,855.37,855.5,855.36,855.46,118.835,101651.94717
BNBUSDT,1757128500000,2025-09-06 03:15:00,2025-09-06 12:15:00,855.45,855.89,855.45,855.84,165.636,141725.88541
BNBUSDT,1757128800000,2025-09-06 03:20:00,2025-09-06 12:20:00,855.84,856.01,855.7,856.01,285.747,244561.23777
BNBUSDT,1757129100000,2025-09-06 03:25:00,2025-09-06 12:25:00,856.01,856.58,856,856.28,255.259,218604.20887
BNBUSDT,1757129400000,2025-09-06 03:30:00,2025-09-06 12:30:00,856.29,859,856.28,857.92,3546.894,3043427.61145
BNBUSDT,1757129700000,2025-09-06 03:35:00,2025-09-06 12:35:00,857.91,859.09,857.8,858.37,1733.315,1488132.97305
BNBUSDT,1757130000000,2025-09-06 03:40:00,2025-09-06 12:40:00,858.37,859.18,858.27,859.17,744.854,639597.80804
BNBUSDT,1757130300000,2025-09-06 03:45:00,2025-09-06 12:45:00,859.18,859.61,858.44,858.45,895.127,769160.49537
BNBUSDT,1757130600000,2025-09-06 03:50:00,2025-09-06 12:50:00,858.45,858.69,857.6,857.71,818.103,702119.39414
BNBUSDT,1757130900000,2025-09-06 03:55:00,2025-09-06 12:55:00,857.71,858.2,857.71,858.2,140.658,120674.67582
BNBUSDT,1757131200000,2025-09-06 04:00:00,2025-09-06 13:00:00,858.2,859.96,858.06,859.8,1219.693,1048367.41609
BNBUSDT,1757131500000,2025-09-06 04:05:00,2025-09-06 13:05:00,859.8,859.81,858.07,858.07,199.712,171569.36728
BNBUSDT,1757131800000,2025-09-06 04:10:00,2025-09-06 13:10:00,858.08,858.95,857.82,858.42,825.509,708528.28108
BNBUSDT,1757132100000,2025-09-06 04:15:00,2025-09-06 13:15:00,858.42,859.85,858.41,859.38,1849.694,1589040.64023
BNBUSDT,1757132400000,2025-09-06 04:20:00,2025-09-06 13:20:00,859.36,859.37,858.59,858.62,275.944,237013.51226
BNBUSDT,1757132700000,2025-09-06 04:25:00,2025-09-06 13:25:00,858.62,858.8,858.62,858.74,114.727,98523.10908
BNBUSDT,1757133000000,2025-09-06 04:30:00,2025-09-06 13:30:00,858.74,858.74,857.89,857.9,325.571,279462.26614
BNBUSDT,1757133300000,2025-09-06 04:35:00,2025-09-06 13:35:00,857.89,858.04,857.11,857.76,516.256,442675.47306
BNBUSDT,1757133600000,2025-09-06 04:40:00,2025-09-06 13:40:00,857.76,858.08,856.1,856.1,998.001,855515.58662
BNBUSDT,1757133900000,2025-09-06 04:45:00,2025-09-06 13:45:00,856.11,857.94,855.99,857.93,1671.198,1431958.79803
BNBUSDT,1757134200000,2025-09-06 04:50:00,2025-09-06 13:50:00,857.93,858.98,857.92,858.09,586.031,502962.68173
BNBUSDT,1757134500000,2025-09-06 04:55:00,2025-09-06 13:55:00,858.09,858.56,857.9,857.93,242.423,208075.75967
BNBUSDT,1757134800000,2025-09-06 05:00:00,2025-09-06 14:00:00,857.93,858.44,857.7,857.84,384.782,330174.26411
BNBUSDT,1757135100000,2025-09-06 05:05:00,2025-09-06 14:05:00,857.84,858.55,857.84,858.2,196.313,168500.69929
BNBUSDT,1757135400000,2025-09-06 05:10:00,2025-09-06 14:10:00,858.21,858.21,857.95,858,207.649,178182.94212
BNBUSDT,1757135700000,2025-09-06 05:15:00,2025-09-06 14:15:00,857.99,858,857.47,857.71,157.639,135205.20228
BNBUSDT,1757136000000,2025-09-06 05:20:00,2025-09-06 14:20:00,857.71,858,856.91,857,252.291,216318.3128
BNBUSDT,1757136300000,2025-09-06 05:25:00,2025-09-06 14:25:00,856.99,857.08,856.48,856.71,213.076,182566.13457
BNBUSDT,1757136600000,2025-09-06 05:30:00,2025-09-06 14:30:00,856.71,857.23,856.4,856.81,520.422,445873.44281
BNBUSDT,1757136900000,2025-09-06 05:35:00,2025-09-06 14:35:00,856.8,857.67,856.8,857.24,290.403,248966.97759
BNBUSDT,1757137200000,2025-09-06 05:40:00,2025-09-06 14:40:00,857.25,857.48,856.8,856.89,269.091,230659.13101
BNBUSDT,1757137500000,2025-09-06 05:45:00,2025-09-06 14:45:00,856.89,857.12,856.55,856.57,297.153,254616.91947
BNBUSDT,1757137800000,2025-09-06 05:50:00,2025-09-06 14:50:00,856.57,856.57,856.06,856.07,234.54,200831.28699
BNBUSDT,1757138100000,2025-09-06 05:55:00,2025-09-06 14:55:00,856.06,856.44,856.04,856.04,230.496,197360.24814
BNBUSDT,1757138400000,2025-09-06 06:00:00,2025-09-06 15:00:00,856.05,856.64,856.05,856.63,307.125,263044.32102
BNBUSDT,1757138700000,2025-09-06 06:05:00,2025-09-06 15:05:00,856.62,856.63,856.15,856.15,181.004,155013.16276
BNBUSDT,1757139000000,2025-09-06 06:10:00,2025-09-06 15:10:00,856.16,857.3,856.15,857.16,362.786,310772.61278
BNBUSDT,1757139300000,2025-09-06 06:15:00,2025-09-06 15:15:00,857.17,857.3,856.79,857.03,774.392,663657.80629
BNBUSDT,1757139600000,2025-09-06 06:20:00,2025-09-06 15:20:00,857.03,857.19,856.84,856.85,198.799,170377.72349
BNBUSDT,1757139900000,2025-09-06 06:25:00,2025-09-06 15:25:00,856.84,857.64,856.81,857.63,432.023,370346.41335
BNBUSDT,1757140200000,2025-09-06 06:30:00,2025-09-06 15:30:00,857.64,859.21,857.63,859.11,1139.817,978737.54713
BNBUSDT,1757140500000,2025-09-06 06:35:00,2025-09-06 15:35:00,859.12,859.24,858.44,858.44,221.779,190462.68852
BNBUSDT,1757140800000,2025-09-06 06:40:00,2025-09-06 15:40:00,858.44,858.97,858.08,858.96,506.511,434813.01819
BNBUSDT,1757141100000,2025-09-06 06:45:00,2025-09-06 15:45:00,858.96,859.79,858.7,859.01,870.206,747657.28746
BNBUSDT,1757141400000,2025-09-06 06:50:00,2025-09-06 15:50:00,859.01,859.01,858.04,858.05,558.702,479698.64879
BNBUSDT,1757141700000,2025-09-06 06:55:00,2025-09-06 15:55:00,858.05,858.39,857.81,858.27,332.569,285360.26341
BNBUSDT,1757142000000,2025-09-06 07:00:00,2025-09-06 16:00:00,858.28,858.66,857.95,857.95,314.006,269518.6322
BNBUSDT,1757142300000,2025-09-06 07:05:00,2025-09-06 16:05:00,857.95,858.2,857.76,858.2,177.576,152366.08025
BNBUSDT,1757142600000,2025-09-06 07:10:00,2025-09-06 16:10:00,858.2,858.21,858,858,193.298,165867.46426
BNBUSDT,1757142900000,2025-09-06 07:15:00,2025-09-06 16:15:00,857.99,858.51,857.85,858.5,368.26,315990.16241
BNBUSDT,1757143200000,2025-09-06 07:20:00,2025-09-06 16:20:00,858.5,858.78,858.49,858.52,243.011,208647.67137
BNBUSDT,1757143500000,2025-09-06 07:25:00,2025-09-06 16:25:00,858.52,858.59,858.03,858.03,269.521,231366.17163
BNBUSDT,1757143800000,2025-09-06 07:30:00,2025-09-06 16:30:00,858.02,858.48,857.6,858.48,587.939,504423.56917
BNBUSDT,1757144100000,2025-09-06 07:35:00,2025-09-06 16:35:00,858.48,859.41,858.47,858.89,1354.027,1163007.38406
BNBUSDT,1757144400000,2025-09-06 07:40:00,2025-09-06 16:40:00,858.9,859.39,858.9,859.22,422.419,362942.42958
BNBUSDT,1757144700000,2025-09-06 07:45:00,2025-09-06 16:45:00,859.22,859.48,859.1,859.28,577.094,495908.60939
BNBUSDT,1757145000000,2025-09-06 07:50:00,2025-09-06 16:50:00,859.27,859.53,859.23,859.32,378.8,325526.59222
BNBUSDT,1757145300000,2025-09-06 07:55:00,2025-09-06 16:55:00,859.31,859.54,859,859.42,1054.779,906335.62381
BNBUSDT,1757145600000,2025-09-06 08:00:00,2025-09-06 17:00:00,859.42,859.84,859.42,859.82,639.698,549985.20815
BNBUSDT,1757145900000,2025-09-06 08:05:00,2025-09-06 17:05:00,859.81,859.84,859.7,859.71,486.441,418236.11018
BNBUSDT,1757146200000,2025-09-06 08:10:00,2025-09-06 17:10:00,859.72,859.72,859.46,859.46,515.217,442866.15166
BNBUSDT,1757146500000,2025-09-06 08:15:00,2025-09-06 17:15:00,859.46,859.46,858.97,859.11,473.605,406976.58369
BNBUSDT,1757146800000,2025-09-06 08:20:00,2025-09-06 17:20:00,859.11,859.32,858.66,858.79,686.85,590000.0078
BNBUSDT,1757147100000,2025-09-06 08:25:00,2025-09-06 17:25:00,858.8,859.2,858.62,859.18,478.393,410911.82464
BNBUSDT,1757147400000,2025-09-06 08:30:00,2025-09-06 17:30:00,859.18,859.92,859.17,859.75,441.823,379837.85717
BNBUSDT,1757147700000,2025-09-06 08:35:00,2025-09-06 17:35:00,859.75,859.75,858.9,858.9,694.211,596523.66841
BNBUSDT,1757148000000,2025-09-06 08:40:00,2025-09-06 17:40:00,858.9,859.3,858.89,859.29,259.59,223007.22855
BNBUSDT,1757148300000,2025-09-06 08:45:00,2025-09-06 17:45:00,859.3,859.3,859.2,859.23,324.696,279006.54443
BNBUSDT,1757148600000,2025-09-06 08:50:00,2025-09-06 17:50:00,859.23,859.28,858.93,859.28,232.118,199413.54531
BNBUSDT,1757148900000,2025-09-06 08:55:00,2025-09-06 17:55:00,859.27,859.5,859.16,859.39,438.095,376463.77406
BNBUSDT,1757149200000,2025-09-06 09:00:00,2025-09-06 18:00:00,859.39,859.44,859,859.06,380.517,326925.75883
BNBUSDT,1757149500000,2025-09-06 09:05:00,2025-09-06 18:05:00,859.06,859.11,858.55,858.63,371.211,318847.96086
BNBUSDT,1757149800000,2025-09-06 09:10:00,2025-09-06 18:10:00,858.64,858.7,857.7,857.96,859.154,737265.65268
BNBUSDT,1757150100000,2025-09-06 09:15:00,2025-09-06 18:15:00,857.95,858.3,857.95,858.15,555.235,476484.08141
BNBUSDT,1757150400000,2025-09-06 09:20:00,2025-09-06 18:20:00,858.16,859.17,858.15,858.7,1134.878,974480.67164
BNBUSDT,1757150700000,2025-09-06 09:25:00,2025-09-06 18:25:00,858.7,859.08,858.35,858.41,463.448,397988.50248
BNBUSDT,1757151000000,2025-09-06 09:30:00,2025-09-06 18:30:00,858.4,859.16,858.12,859.15,401.447,344723.34068
BNBUSDT,1757151300000,2025-09-06 09:35:00,2025-09-06 18:35:00,859.15,859.36,859,859.01,615.403,528765.07947
BNBUSDT,1757151600000,2025-09-06 09:40:00,2025-09-06 18:40:00,859.01,859.1,858.75,858.83,568.968,488710.58633
BNBUSDT,1757151900000,2025-09-06 09:45:00,2025-09-06 18:45:00,858.83,859,856.66,857.16,2651.842,2274845.84427
BNBUSDT,1757152200000,2025-09-06 09:50:00,2025-09-06 18:50:00,857.16,857.56,856.76,857.55,647.561,555047.48087
BNBUSDT,1757152500000,2025-09-06 09:55:00,2025-09-06 18:55:00,857.56,857.62,856.9,856.9,757.595,649542.86523
BNBUSDT,1757152800000,2025-09-06 10:00:00,2025-09-06 19:00:00,856.91,857.93,856.43,857.35,2447.967,2098401.39381
BNBUSDT,1757153100000,2025-09-06 10:05:00,2025-09-06 19:05:00,857.35,858.32,857.3,857.52,1534.306,1316020.54065
BNBUSDT,1757153400000,2025-09-06 10:10:00,2025-09-06 19:10:00,857.51,858.19,857.41,858.01,1165.834,1000029.19806
BNBUSDT,1757153700000,2025-09-06 10:15:00,2025-09-06 19:15:00,858.01,859.25,858,858.88,1796.303,1542580.16861
BNBUSDT,1757154000000,2025-09-06 10:20:00,2025-09-06 19:20:00,858.88,858.89,858.26,858.33,500.681,429834.87832
BNBUSDT,1757154300000,2025-09-06 10:25:00,2025-09-06 19:25:00,858.33,858.75,858.3,858.62,498.975,428387.37644
BNBUSDT,1757154600000,2025-09-06 10:30:00,2025-09-06 19:30:00,858.62,858.88,858.3,858.88,381.933,327934.05811
BNBUSDT,1757154900000,2025-09-06 10:35:00,2025-09-06 19:35:00,858.87,859,858.12,858.51,822.492,706149.5947
BNBUSDT,1757155200000,2025-09-06 10:40:00,2025-09-06 19:40:00,858.51,858.56,858.32,858.56,251.004,215461.75944
BNBUSDT,1757155500000,2025-09-06 10:45:00,2025-09-06 19:45:00,858.55,859.3,857.92,859.16,1561.522,1340671.19368
BNBUSDT,1757155800000,2025-09-06 10:50:00,2025-09-06 19:50:00,859.16,859.79,859.15,859.72,464.342,399061.26002
BNBUSDT,1757156100000,2025-09-06 10:55:00,2025-09-06 19:55:00,859.72,859.81,859.64,859.81,370.418,318453.81837
BNBUSDT,1757156400000,2025-09-06 11:00:00,2025-09-06 20:00:00,859.81,859.81,859.2,859.21,571.991,491689.24173
BNBUSDT,1757156700000,2025-09-06 11:05:00,2025-09-06 20:05:00,859.2,859.81,859.16,859.6,641.064,551010.56463
BNBUSDT,1757157000000,2025-09-06 11:10:00,2025-09-06 20:10:00,859.59,862,859.59,861.22,3320.479,2858475.99289
BNBUSDT,1757157300000,2025-09-06 11:15:00,2025-09-06 20:15:00,861.22,861.44,860.31,860.31,761.753,656013.4433
BNBUSDT,1757157600000,2025-09-06 11:20:00,2025-09-06 20:20:00,860.3,860.72,859.9,860.46,341.325,293638.17312
BNBUSDT,1757157900000,2025-09-06 11:25:00,2025-09-06 20:25:00,860.46,860.76,859.57,860.14,657.55,565589.77164
BNBUSDT,1757158200000,2025-09-06 11:30:00,2025-09-06 20:30:00,860.14,860.2,859.24,859.55,475.11,408413.8272
BNBUSDT,1757158500000,2025-09-06 11:35:00,2025-09-06 20:35:00,859.56,861.51,859.28,861.26,1638.712,1410541.9676
BNBUSDT,1757158800000,2025-09-06 11:40:00,2025-09-06 20:40:00,861.26,861.74,860,860.32,1896.651,1632403.02363
BNBUSDT,1757159100000,2025-09-06 11:45:00,2025-09-06 20:45:00,860.31,861.46,860.31,860.75,528.877,455366.98815
BNBUSDT,1757159400000,2025-09-06 11:50:00,2025-09-06 20:50:00,860.76,861.36,860.7,861.04,295.697,254617.01101
BNBUSDT,1757159700000,2025-09-06 11:55:00,2025-09-06 20:55:00,861.05,861.4,860.94,861.07,322.048,277324.17854
BNBUSDT,1757160000000,2025-09-06 12:00:00,2025-09-06 21:00:00,861.07,862.8,860.87,862.72,1130.066,974018.80813
BNBUSDT,1757160300000,2025-09-06 12:05:00,2025-09-06 21:05:00,862.73,864.7,862.22,864.09,2382.829,2057805.05897
BNBUSDT,1757160600000,2025-09-06 12:10:00,2025-09-06 21:10:00,864.09,864.79,863.53,863.96,1857.946,1605892.76546
BNBUSDT,1757160900000,2025-09-06 12:15:00,2025-09-06 21:15:00,863.96,865,863.92,864.06,2057.382,1778914.83815
BNBUSDT,1757161200000,2025-09-06 12:20:00,2025-09-06 21:20:00,864.06,864.65,862.95,862.95,1838.599,1588765.92829
BNBUSDT,1757161500000,2025-09-06 12:25:00,2025-09-06 21:25:00,862.95,863.3,862.85,863.14,392.703,338922.25041
BNBUSDT,1757161800000,2025-09-06 12:30:00,2025-09-06 21:30:00,863.14,863.47,862.33,862.44,436.345,376519.14028
BNBUSDT,1757162100000,2025-09-06 12:35:00,2025-09-06 21:35:00,862.44,863.28,862.43,862.76,975.464,841734.81036
BNBUSDT,1757162400000,2025-09-06 12:40:00,2025-09-06 21:40:00,862.76,862.92,862.31,862.73,241.195,208058.28236
BNBUSDT,1757162700000,2025-09-06 12:45:00,2025-09-06 21:45:00,862.73,862.74,862.25,862.72,285.109,245896.01856
BNBUSDT,1757163000000,2025-09-06 12:50:00,2025-09-06 21:50:00,862.71,862.95,862.06,862.08,167.97,144900.59515
BNBUSDT,1757163300000,2025-09-06 12:55:00,2025-09-06 21:55:00,862.07,862.12,861.6,861.79,256.295,220901.51453
BNBUSDT,1757163600000,2025-09-06 13:00:00,2025-09-06 22:00:00,861.8,862.79,861.6,861.6,480.411,414271.48642
BNBUSDT,1757163900000,2025-09-06 13:05:00,2025-09-06 22:05:00,861.61,862.16,861.59,862.16,292.484,252064.13333
BNBUSDT,1757164200000,2025-09-06 13:10:00,2025-09-06 22:10:00,862.15,863.12,862.15,863.11,459.499,396468.25841
BNBUSDT,1757164500000,2025-09-06 13:15:00,2025-09-06 22:15:00,863.12,863.26,862.7,862.71,203.947,176022.20606
BNBUSDT,1757164800000,2025-09-06 13:20:00,2025-09-06 22:20:00,862.71,862.76,861.21,861.53,813.427,701080.70141
BNBUSDT,1757165100000,2025-09-06 13:25:00,2025-09-06 22:25:00,861.53,861.64,860,860.14,918.99,790836.2935
BNBUSDT,1757165400000,2025-09-06 13:30:00,2025-09-06 22:30:00,860.15,861.44,859.6,860.97,1563.481,1345126.26824
BNBUSDT,1757165700000,2025-09-06 13:35:00,2025-09-06 22:35:00,860.97,860.97,859.43,859.86,480.118,412901.42926
BNBUSDT,1757166000000,2025-09-06 13:40:00,2025-09-06 22:40:00,859.87,861,859.78,860.64,1388.177,1194421.87741
BNBUSDT,1757166300000,2025-09-06 13:45:00,2025-09-06 22:45:00,860.64,860.98,860.4,860.61,352.69,303534.29991
BNBUSDT,1757166600000,2025-09-06 13:50:00,2025-09-06 22:50:00,860.61,861.32,860.6,860.99,252.299,217241.02925
BNBUSDT,1757166900000,2025-09-06 13:55:00,2025-09-06 22:55:00,860.99,861.55,860.57,861.43,559.979,482115.58
BNBUSDT,1757167200000,2025-09-06 14:00:00,2025-09-06 23:00:00,861.43,861.92,861.2,861.68,192.235,165617.6688
BNBUSDT,1757167500000,2025-09-06 14:05:00,2025-09-06 23:05:00,861.68,861.68,861.2,861.56,209.249,180243.33483
BNBUSDT,1757167800000,2025-09-06 14:10:00,2025-09-06 23:10:00,861.56,861.8,861.56,861.79,283.033,243881.90788
BNBUSDT,1757168100000,2025-09-06 14:15:00,2025-09-06 23:15:00,861.8,861.93,861.12,861.13,260.462,224391.10385
BNBUSDT,1757168400000,2025-09-06 14:20:00,2025-09-06 23:20:00,861.13,861.27,860.55,860.75,578.435,497978.10986
BNBUSDT,1757168700000,2025-09-06 14:25:00,2025-09-06 23:25:00,860.75,860.76,860.42,860.72,198.751,171038.33335
BNBUSDT,1757169000000,2025-09-06 14:30:00,2025-09-06 23:30:00,860.73,861.4,860.73,861.21,169.861,146268.17561
BNBUSDT,1757169300000,2025-09-06 14:35:00,2025-09-06 23:35:00,861.21,861.85,861.2,861.74,769.242,662754.45791
BNBUSDT,1757169600000,2025-09-06 14:40:00,2025-09-06 23:40:00,861.74,862.87,861.74,862.65,1010.844,871771.19456
BNBUSDT,1757169900000,2025-09-06 14:45:00,2025-09-06 23:45:00,862.65,862.89,862.28,862.54,335.746,289635.31833
BNBUSDT,1757170200000,2025-09-06 14:50:00,2025-09-06 23:50:00,862.55,862.8,862.54,862.73,230.486,198830.8014
BNBUSDT,1757170500000,2025-09-06 14:55:00,2025-09-06 23:55:00,862.72,863.37,862.72,863.21,329.144,284091.04764
BNBUSDT,1757170800000,2025-09-06 15:00:00,2025-09-07 00:00:00,863.2,863.39,862.64,862.65,296.234,255657.94208
BNBUSDT,1757171100000,2025-09-06 15:05:00,2025-09-07 00:05:00,862.65,862.65,861.6,862.19,452.156,389855.07872
BNBUSDT,1757171400000,2025-09-06 15:10:00,2025-09-07 00:10:00,862.2,862.2,860.52,860.68,534.253,460020.68644
BNBUSDT,1757171700000,2025-09-06 15:15:00,2025-09-07 00:15:00,860.68,861.1,860.08,860.91,471.313,405641.98183
BNBUSDT,1757172000000,2025-09-06 15:20:00,2025-09-07 00:20:00,860.92,861.2,860.2,860.39,334.539,288007.38809
BNBUSDT,1757172300000,2025-09-06 15:25:00,2025-09-07 00:25:00,860.4,860.5,860.28,860.5,91.71,78907.02637
BNBUSDT,1757172600000,2025-09-06 15:30:00,2025-09-07 00:30:00,860.5,861.48,860.36,861.1,334.974,288410.18825
BNBUSDT,1757172900000,2025-09-06 15:35:00,2025-09-07 00:35:00,861.11,861.52,861.1,861.49,210.791,181561.50401
BNBUSDT,1757173200000,2025-09-06 15:40:00,2025-09-07 00:40:00,861.49,861.59,861.3,861.59,265.977,229109.06344
BNBUSDT,1757173500000,2025-09-06 15:45:00,2025-09-07 00:45:00,861.58,861.59,860.52,861.19,463.018,398708.2394
BNBUSDT,1757173800000,2025-09-06 15:50:00,2025-09-07 00:50:00,861.2,861.4,858.95,859.32,483.498,415804.79559
BNBUSDT,1757174100000,2025-09-06 15:55:00,2025-09-07 00:55:00,859.33,860.11,859.16,859.51,979.303,841962.39342
BNBUSDT,1757174400000,2025-09-06 16:00:00,2025-09-07 01:00:00,859.52,860.31,858.97,859.44,517.451,444887.9102
BNBUSDT,1757174700000,2025-09-06 16:05:00,2025-09-07 01:05:00,859.45,860,858.2,859.52,1646.667,1414441.00792
BNBUSDT,1757175000000,2025-09-06 16:10:00,2025-09-07 01:10:00,859.52,859.95,858.95,859.32,813.836,699490.63398
BNBUSDT,1757175300000,2025-09-06 16:15:00,2025-09-07 01:15:00,859.33,859.44,858.78,859,252.728,217123.03406
BNBUSDT,1757175600000,2025-09-06 16:20:00,2025-09-07 01:20:00,859,859.35,857.49,858.79,1132.025,971716.48285
BNBUSDT,1757175900000,2025-09-06 16:25:00,2025-09-07 01:25:00,858.79,860,858.79,860,206.758,177681.49385
BNBUSDT,1757176200000,2025-09-06 16:30:00,2025-09-07 01:30:00,860,860.68,859.9,860.35,397.573,341979.50729
BNBUSDT,1757176500000,2025-09-06 16:35:00,2025-09-07 01:35:00,860.36,861.74,860.35,861.46,443.619,381983.81013
BNBUSDT,1757176800000,2025-09-06 16:40:00,2025-09-07 01:40:00,861.46,861.46,860.6,860.79,390.528,336298.78019
BNBUSDT,1757177100000,2025-09-06 16:45:00,2025-09-07 01:45:00,860.79,861.29,860.44,860.45,219.881,189319.95225
BNBUSDT,1757177400000,2025-09-06 16:50:00,2025-09-07 01:50:00,860.44,861.13,860.24,860.81,255.81,220155.93676
BNBUSDT,1757177700000,2025-09-06 16:55:00,2025-09-07 01:55:00,860.8,861.66,860.69,860.93,489.174,421275.4141
BNBUSDT,1757178000000,2025-09-06 17:00:00,2025-09-07 02:00:00,860.93,861.24,860.6,860.61,89.204,76791.61423
BNBUSDT,1757178300000,2025-09-06 17:05:00,2025-09-07 02:05:00,860.6,860.64,860.23,860.63,124.915,107482.32089
BNBUSDT,1757178600000,2025-09-06 17:10:00,2025-09-07 02:10:00,860.64,860.92,860.12,860.12,193.39,166422.01925
BNBUSDT,1757178900000,2025-09-06 17:15:00,2025-09-07 02:15:00,860.13,860.44,859.62,859.62,333.94,287203.47593
BNBUSDT,1757179200000,2025-09-06 17:20:00,2025-09-07 02:20:00,859.61,859.88,859.01,859.87,954.338,820178.68323
BNBUSDT,1757179500000,2025-09-06 17:25:00,2025-09-07 02:25:00,859.87,859.88,859.31,859.59,198.163,170305.33971
BNBUSDT,1757179800000,2025-09-06 17:30:00,2025-09-07 02:30:00,859.6,859.6,858.94,859.6,155.405,133541.29892
BNBUSDT,1757180100000,2025-09-06 17:35:00,2025-09-07 02:35:00,859.59,860.44,859.59,859.96,253.939,218387.80578
BNBUSDT,1757180400000,2025-09-06 17:40:00,2025-09-07 02:40:00,859.97,860,859.2,859.23,397.34,341552.48224
BNBUSDT,1757180700000,2025-09-06 17:45:00,2025-09-07 02:45:00,859.23,860.13,859.2,859.98,526.774,452843.3197
BNBUSDT,1757181000000,2025-09-06 17:50:00,2025-09-07 02:50:00,859.99,860.04,859.75,859.9,319.62,274858.78721
BNBUSDT,1757181300000,2025-09-06 17:55:00,2025-09-07 02:55:00,859.89,860.08,859.35,859.35,601.443,517122.96208
BNBUSDT,1757181600000,2025-09-06 18:00:00,2025-09-07 03:00:00,859.34,859.35,858.76,859.12,398.951,342719.11784
BNBUSDT,1757181900000,2025-09-06 18:05:00,2025-09-07 03:05:00,859.11,859.27,858.29,859.15,445.574,382605.85408
BNBUSDT,1757182200000,2025-09-06 18:10:00,2025-09-07 03:10:00,859.15,859.59,858.99,859.4,247.232,212437.42424
BNBUSDT,1757182500000,2025-09-06 18:15:00,2025-09-07 03:15:00,859.4,859.4,859.04,859.19,86.812,74585.83823
BNBUSDT,1757182800000,2025-09-06 18:20:00,2025-09-07 03:20:00,859.19,859.19,858.82,858.83,175.397,150666.13219
BNBUSDT,1757183100000,2025-09-06 18:25:00,2025-09-07 03:25:00,858.82,859.59,858.8,859.37,685.849,589287.2864
BNBUSDT,1757183400000,2025-09-06 18:30:00,2025-09-07 03:30:00,859.37,859.37,858.6,858.61,158.931,136499.34974
BNBUSDT,1757183700000,2025-09-06 18:35:00,2025-09-07 03:35:00,858.61,858.9,858.6,858.88,63.381,54428.34425
BNBUSDT,1757184000000,2025-09-06 18:40:00,2025-09-07 03:40:00,858.87,860.3,858.87,859.31,1639.876,1410023.23098
BNBUSDT,1757184300000,2025-09-06 18:45:00,2025-09-07 03:45:00,859.3,859.31,858.42,859.12,1121.549,963362.00388
BNBUSDT,1757184600000,2025-09-06 18:50:00,2025-09-07 03:50:00,859.11,859.59,858.77,859.4,813.489,698916.71565
BNBUSDT,1757184900000,2025-09-06 18:55:00,2025-09-07 03:55:00,859.39,859.56,859.39,859.55,75.58,64957.77961
BNBUSDT,1757185200000,2025-09-06 19:00:00,2025-09-07 04:00:00,859.56,859.85,859.48,859.79,196.623,169042.35372
BNBUSDT,1757185500000,2025-09-06 19:05:00,2025-09-07 04:05:00,859.8,859.84,859.2,859.4,383.4,329514.23727
BNBUSDT,1757185800000,2025-09-06 19:10:00,2025-09-07 04:10:00,859.4,859.4,859.04,859.32,118.054,101430.0626
BNBUSDT,1757186100000,2025-09-06 19:15:00,2025-09-07 04:15:00,859.32,859.33,858.89,858.99,624.343,536380.77831
BNBUSDT,1757186400000,2025-09-06 19:20:00,2025-09-07 04:20:00,858.99,859.61,858.99,859.61,98.237,84422.72044
BNBUSDT,1757186700000,2025-09-06 19:25:00,2025-09-07 04:25:00,859.61,859.62,858.8,858.81,366.847,315245.80436
BNBUSDT,1757187000000,2025-09-06 19:30:00,2025-09-07 04:30:00,858.8,858.86,858.7,858.84,129.481,111198.47204
BNBUSDT,1757187300000,2025-09-06 19:35:00,2025-09-07 04:35:00,858.84,859,858.72,858.96,83.943,72095.89425
BNBUSDT,1757187600000,2025-09-06 19:40:00,2025-09-07 04:40:00,858.96,858.99,858.36,858.37,153.644,131947.03557
BNBUSDT,1757187900000,2025-09-06 19:45:00,2025-09-07 04:45:00,858.37,858.4,858,858.4,224.373,192565.12468
BNBUSDT,1757188200000,2025-09-06 19:50:00,2025-09-07 04:50:00,858.39,858.4,857.5,857.5,258.814,222086.74881
BNBUSDT,1757188500000,2025-09-06 19:55:00,2025-09-07 04:55:00,857.51,857.8,857.5,857.79,95.971,82308.91569
BNBUSDT,1757188800000,2025-09-06 20:00:00,2025-09-07 05:00:00,857.8,857.8,857.08,857.35,223.471,191598.3852
BNBUSDT,1757189100000,2025-09-06 20:05:00,2025-09-07 05:05:00,857.35,857.47,857,857.09,278.438,238658.41782
BNBUSDT,1757189400000,2025-09-06 20:10:00,2025-09-07 05:10:00,857.1,857.2,856.59,857.2,298.594,255872.97107
BNBUSDT,1757189700000,2025-09-06 20:15:00,2025-09-07 05:15:00,857.19,857.64,857.19,857.6,115.478,99019.2333
BNBUSDT,1757190000000,2025-09-06 20:20:00,2025-09-07 05:20:00,857.6,857.96,857.41,857.45,180.192,154550.31305
BNBUSDT,1757190300000,2025-09-06 20:25:00,2025-09-07 05:25:00,857.45,857.68,857.44,857.49,74.023,63484.62173
BNBUSDT,1757190600000,2025-09-06 20:30:00,2025-09-07 05:30:00,857.49,857.69,857.29,857.69,98.531,84489.21045
BNBUSDT,1757190900000,2025-09-06 20:35:00,2025-09-07 05:35:00,857.69,857.69,857.49,857.65,55.787,47841.43813
BNBUSDT,1757191200000,2025-09-06 20:40:00,2025-09-07 05:40:00,857.65,858.4,857.64,858.15,135.961,116675.63759
BNBUSDT,1757191500000,2025-09-06 20:45:00,2025-09-07 05:45:00,858.16,858.44,858.15,858.43,73.946,63467.49629
BNBUSDT,1757191800000,2025-09-06 20:50:00,2025-09-07 05:50:00,858.42,858.64,858.32,858.56,49.926,42862.03534
BNBUSDT,1757192100000,2025-09-06 20:55:00,2025-09-07 05:55:00,858.56,858.57,858.24,858.49,104.577,89765.91788
BNBUSDT,1757192400000,2025-09-06 21:00:00,2025-09-07 06:00:00,858.5,858.7,858.3,858.31,122.438,105118.89373
BNBUSDT,1757192700000,2025-09-06 21:05:00,2025-09-07 06:05:00,858.3,858.4,858.2,858.33,58.212,49963.38443
BNBUSDT,1757193000000,2025-09-06 21:10:00,2025-09-07 06:10:00,858.33,859.03,858.23,859.02,790.382,678550.15078
BNBUSDT,1757193300000,2025-09-06 21:15:00,2025-09-07 06:15:00,859.02,859.54,858.94,859.54,117.394,100860.36464
BNBUSDT,1757193600000,2025-09-06 21:20:00,2025-09-07 06:20:00,859.54,859.61,859.13,859.14,157.28,135162.46235
BNBUSDT,1757193900000,2025-09-06 21:25:00,2025-09-07 06:25:00,859.13,859.56,858.83,858.84,236.902,203576.09315
BNBUSDT,1757194200000,2025-09-06 21:30:00,2025-09-07 06:30:00,858.84,859.28,858.82,859.17,157.132,134993.06499
BNBUSDT,1757194500000,2025-09-06 21:35:00,2025-09-07 06:35:00,859.16,859.17,858.68,858.94,130.477,112066.52356
BNBUSDT,1757194800000,2025-09-06 21:40:00,2025-09-07 06:40:00,858.93,859.3,858.93,859.29,138.507,118992.67608
BNBUSDT,1757195100000,2025-09-06 21:45:00,2025-09-07 06:45:00,859.3,860.02,859.29,859.7,356.121,306178.49661
BNBUSDT,1757195400000,2025-09-06 21:50:00,2025-09-07 06:50:00,859.69,859.7,859.36,859.37,40.903,35157.21973
BNBUSDT,1757195700000,2025-09-06 21:55:00,2025-09-07 06:55:00,859.36,859.37,858.68,858.89,158.932,136499.08953
BNBUSDT,1757196000000,2025-09-06 22:00:00,2025-09-07 07:00:00,858.88,859,857.94,857.95,227.645,195406.19858
BNBUSDT,1757196300000,2025-09-06 22:05:00,2025-09-07 07:05:00,857.94,858.52,857.93,858.35,170.276,146127.47611
BNBUSDT,1757196600000,2025-09-06 22:10:00,2025-09-07 07:10:00,858.34,858.44,858.17,858.43,64.199,55103.02976
BNBUSDT,1757196900000,2025-09-06 22:15:00,2025-09-07 07:15:00,858.44,858.56,858.27,858.56,94.959,81510.51947
BNBUSDT,1757197200000,2025-09-06 22:20:00,2025-09-07 07:20:00,858.56,858.7,858.24,858.24,123.637,106147.99031
BNBUSDT,1757197500000,2025-09-06 22:25:00,2025-09-07 07:25:00,858.24,858.39,858.19,858.39,167.055,143374.71586
BNBUSDT,1757197800000,2025-09-06 22:30:00,2025-09-07 07:30:00,858.39,859.2,858.39,859.19,71.697,61574.5088
BNBUSDT,1757198100000,2025-09-06 22:35:00,2025-09-07 07:35:00,859.2,859.33,858.84,858.89,137.905,118456.2184
BNBUSDT,1757198400000,2025-09-06 22:40:00,2025-09-07 07:40:00,858.9,859.51,858.89,859.32,242.533,208415.04221
BNBUSDT,1757198700000,2025-09-06 22:45:00,2025-09-07 07:45:00,859.33,859.33,859.03,859.03,173.426,148994.59681
BNBUSDT,1757199000000,2025-09-06 22:50:00,2025-09-07 07:50:00,859.03,859.4,858.88,859.4,82.203,70614.28697
BNBUSDT,1757199300000,2025-09-06 22:55:00,2025-09-07 07:55:00,859.4,859.68,859.22,859.59,212.653,182761.6204
BNBUSDT,1757199600000,2025-09-06 23:00:00,2025-09-07 08:00:00,859.6,859.88,859.2,859.35,134.923,115977.07177
BNBUSDT,1757199900000,2025-09-06 23:05:00,2025-09-07 08:05:00,859.36,859.48,859.05,859.43,109.998,94514.01211
BNBUSDT,1757200200000,2025-09-06 23:10:00,2025-09-07 08:10:00,859.43,859.98,859.43,859.81,118.245,101670.08417
BNBUSDT,1757200500000,2025-09-06 23:15:00,2025-09-07 08:15:00,859.81,860.65,859.72,860.44,274.111,235768.57212
BNBUSDT,1757200800000,2025-09-06 23:20:00,2025-09-07 08:20:00,860.43,861.29,860.43,861.27,231.589,199394.50629
BNBUSDT,1757201100000,2025-09-06 23:25:00,2025-09-07 08:25:00,861.28,861.28,861,861.24,114.264,98398.39835
BNBUSDT,1757201400000,2025-09-06 23:30:00,2025-09-07 08:30:00,861.24,861.6,861.23,861.29,161.154,138820.95106
BNBUSDT,1757201700000,2025-09-06 23:35:00,2025-09-07 08:35:00,861.29,863.27,861.27,863.05,963.871,831218.94074
BNBUSDT,1757202000000,2025-09-06 23:40:00,2025-09-07 08:40:00,863.06,863.29,862.45,863.01,674.411,581918.26977
BNBUSDT,1757202300000,2025-09-06 23:45:00,2025-09-07 08:45:00,863,863.01,862.08,862.44,457.583,394666.3674
BNBUSDT,1757202600000,2025-09-06 23:50:00,2025-09-07 08:50:00,862.43,862.44,861.15,861.32,417.45,359636.12374
BNBUSDT,1757202900000,2025-09-06 23:55:00,2025-09-07 08:55:00,861.31,861.6,860.85,860.85,96.34,82976.44813
BNBUSDT,1757203200000,2025-09-07 00:00:00,2025-09-07 09:00:00,860.86,862.62,860.86,862.61,497.757,429050.09785
BNBUSDT,1757203500000,2025-09-07 00:05:00,2025-09-07 09:05:00,862.62,863.08,862.32,862.44,162.744,140395.18037
BNBUSDT,1757203800000,2025-09-07 00:10:00,2025-09-07 09:10:00,862.44,862.48,861.8,862.16,529.451,456462.1778
BNBUSDT,1757204100000,2025-09-07 00:15:00,2025-09-07 09:15:00,862.16,862.16,861.59,861.65,349.042,300788.39218
BNBUSDT,1757204400000,2025-09-07 00:20:00,2025-09-07 09:20:00,861.64,862.28,861.64,862.28,101.433,87421.5696
BNBUSDT,1757204700000,2025-09-07 00:25:00,2025-09-07 09:25:00,862.28,862.3,861.64,861.65,220.737,190270.37454
BNBUSDT,1757205000000,2025-09-07 00:30:00,2025-09-07 09:30:00,861.64,861.65,860.55,860.83,280.075,241117.91848
BNBUSDT,1757205300000,2025-09-07 00:35:00,2025-09-07 09:35:00,860.83,861.8,860.67,861.8,113.785,97983.96404
BNBUSDT,1757205600000,2025-09-07 00:40:00,2025-09-07 09:40:00,861.8,863,861.8,862.99,193.065,166495.85681
BNBUSDT,1757205900000,2025-09-07 00:45:00,2025-09-07 09:45:00,863,863,861.96,861.97,1221.819,1053435.44802
BNBUSDT,1757206200000,2025-09-07 00:50:00,2025-09-07 09:50:00,861.97,861.97,860.97,860.97,357.481,307983.77261
BNBUSDT,1757206500000,2025-09-07 00:55:00,2025-09-07 09:55:00,860.97,861.64,860.96,861.63,195.703,168556.26625
BNBUSDT,1757206800000,2025-09-07 01:00:00,2025-09-07 10:00:00,861.64,861.64,861.45,861.51,112.423,96854.08504
BNBUSDT,1757207100000,2025-09-07 01:05:00,2025-09-07 10:05:00,861.51,862.15,861.42,862.12,159.413,137378.541
BNBUSDT,1757207400000,2025-09-07 01:10:00,2025-09-07 10:10:00,862.11,862.57,862.11,862.22,263.472,227190.18245
BNBUSDT,1757207700000,2025-09-07 01:15:00,2025-09-07 10:15:00,862.22,862.22,861.7,861.7,160.385,138236.50073
BNBUSDT,1757208000000,2025-09-07 01:20:00,2025-09-07 10:20:00,861.7,862.84,861.59,862.55,730.454,629811.16472
BNBUSDT,1757208300000,2025-09-07 01:25:00,2025-09-07 10:25:00,862.56,862.56,862.28,862.34,138.537,119476.36841
BNBUSDT,1757208600000,2025-09-07 01:30:00,2025-09-07 10:30:00,862.34,862.48,862.1,862.48,105.287,90788.3152
BNBUSDT,1757208900000,2025-09-07 01:35:00,2025-09-07 10:35:00,862.47,862.5,862.11,862.11,202.764,174859.04405
BNBUSDT,1757209200000,2025-09-07 01:40:00,2025-09-07 10:40:00,862.12,862.42,862.11,862.34,194.209,167462.51135
BNBUSDT,1757209500000,2025-09-07 01:45:00,2025-09-07 10:45:00,862.33,863,862.33,863,78.267,67517.3953
BNBUSDT,1757209800000,2025-09-07 01:50:00,2025-09-07 10:50:00,863,863.3,862.81,862.81,155.599,134297.06174
BNBUSDT,1757210100000,2025-09-07 01:55:00,2025-09-07 10:55:00,862.81,862.81,861.5,861.99,595.285,513168.04317
BNBUSDT,1757210400000,2025-09-07 02:00:00,2025-09-07 11:00:00,861.99,862.51,861.76,861.77,766.634,660926.99398
BNBUSDT,1757210700000,2025-09-07 02:05:00,2025-09-07 11:05:00,861.77,862.05,861.51,861.51,191.832,165319.25312
BNBUSDT,1757211000000,2025-09-07 02:10:00,2025-09-07 11:10:00,861.51,862.16,861.5,861.92,199.658,172071.60541
BNBUSDT,1757211300000,2025-09-07 02:15:00,2025-09-07 11:15:00,861.93,861.93,861.3,861.31,87.665,75532.95957
BNBUSDT,1757211600000,2025-09-07 02:20:00,2025-09-07 11:20:00,861.31,861.7,861.27,861.68,211.518,182211.36527
BNBUSDT,1757211900000,2025-09-07 02:25:00,2025-09-07 11:25:00,861.68,861.88,861.5,861.88,190.945,164524.46836
BNBUSDT,1757212200000,2025-09-07 02:30:00,2025-09-07 11:30:00,861.88,862.48,861.87,862.48,97.624,84161.87916
BNBUSDT,1757212500000,2025-09-07 02:35:00,2025-09-07 11:35:00,862.48,862.68,862.47,862.55,57.918,49959.28016
BNBUSDT,1757212800000,2025-09-07 02:40:00,2025-09-07 11:40:00,862.54,863,862.44,862.99,276.789,238777.47398
BNBUSDT,1757213100000,2025-09-07 02:45:00,2025-09-07 11:45:00,863,863.24,862.96,863.23,94.599,81647.80471
BNBUSDT,1757213400000,2025-09-07 02:50:00,2025-09-07 11:50:00,863.23,864,863.07,864,447.142,386141.26507
BNBUSDT,1757213700000,2025-09-07 02:55:00,2025-09-07 11:55:00,864,866.33,863.99,866.15,2258.831,1954753.50954
BNBUSDT,1757214000000,2025-09-07 03:00:00,2025-09-07 12:00:00,866.16,868.19,865.68,866.03,3441.573,2983812.72952
BNBUSDT,1757214300000,2025-09-07 03:05:00,2025-09-07 12:05:00,866.04,866.04,864.93,864.93,335.913,290706.4896
BNBUSDT,1757214600000,2025-09-07 03:10:00,2025-09-07 12:10:00,864.93,865.26,864.61,865.12,1534.016,1326886.35346
BNBUSDT,1757214900000,2025-09-07 03:15:00,2025-09-07 12:15:00,865.12,866.3,865.12,866.2,387.273,335292.11478
BNBUSDT,1757215200000,2025-09-07 03:20:00,2025-09-07 12:20:00,866.2,866.69,865.82,866.69,447.109,387253.5122
BNBUSDT,1757215500000,2025-09-07 03:25:00,2025-09-07 12:25:00,866.68,867.47,865.83,866.83,2049.144,1775877.54127
BNBUSDT,1757215800000,2025-09-07 03:30:00,2025-09-07 12:30:00,866.82,868.11,866.82,867.67,2014.816,1748197.07906
BNBUSDT,1757216100000,2025-09-07 03:35:00,2025-09-07 12:35:00,867.67,867.74,867.3,867.6,582.041,504926.13555
BNBUSDT,1757216400000,2025-09-07 03:40:00,2025-09-07 12:40:00,867.6,868.25,867.24,867.24,880.486,764186.78944
BNBUSDT,1757216700000,2025-09-07 03:45:00,2025-09-07 12:45:00,867.24,867.36,866.6,866.82,376.145,326092.21747
BNBUSDT,1757217000000,2025-09-07 03:50:00,2025-09-07 12:50:00,866.82,867.07,865.89,866.12,648.323,561751.82549
BNBUSDT,1757217300000,2025-09-07 03:55:00,2025-09-07 12:55:00,866.12,866.12,865.84,866.12,129.589,112223.78799
BNBUSDT,1757217600000,2025-09-07 04:00:00,2025-09-07 13:00:00,866.12,866.94,866,866.21,714.764,619296.48585
BNBUSDT,1757217900000,2025-09-07 04:05:00,2025-09-07 13:05:00,866.21,866.21,865.9,865.9,102.754,88991.93399
BNBUSDT,1757218200000,2025-09-07 04:10:00,2025-09-07 13:10:00,865.9,865.97,865.1,865.11,317.774,275090.27719
BNBUSDT,1757218500000,2025-09-07 04:15:00,2025-09-07 13:15:00,865.11,865.29,864.84,864.87,174.225,150720.34276
BNBUSDT,1757218800000,2025-09-07 04:20:00,2025-09-07 13:20:00,864.87,865,864.86,864.88,94.098,81385.59287
BNBUSDT,1757219100000,2025-09-07 04:25:00,2025-09-07 13:25:00,864.89,864.89,864.65,864.79,130.436,112797.29247
BNBUSDT,1757219400000,2025-09-07 04:30:00,2025-09-07 13:30:00,864.79,865,864.79,865,67.552,58425.80796
BNBUSDT,1757219700000,2025-09-07 04:35:00,2025-09-07 13:35:00,865,866.33,864.96,865.42,794.122,687274.04672
BNBUSDT,1757220000000,2025-09-07 04:40:00,2025-09-07 13:40:00,865.43,865.72,865.24,865.72,106.479,92151.48735
BNBUSDT,1757220300000,2025-09-07 04:45:00,2025-09-07 13:45:00,865.72,866.2,865.71,866.09,117.584,101832.0438
BNBUSDT,1757220600000,2025-09-07 04:50:00,2025-09-07 13:50:00,866.09,866.18,865.82,865.84,284.821,246666.34092
BNBUSDT,1757220900000,2025-09-07 04:55:00,2025-09-07 13:55:00,865.84,865.84,865.5,865.51,110.49,95646.6819
BNBUSDT,1757221200000,2025-09-07 05:00:00,2025-09-07 14:00:00,865.51,866.18,865.5,866.18,297.335,257463.92175
BNBUSDT,1757221500000,2025-09-07 05:05:00,2025-09-07 14:05:00,866.18,866.32,865.93,865.93,155.228,134448.92543
BNBUSDT,1757221800000,2025-09-07 05:10:00,2025-09-07 14:10:00,865.93,865.93,865.36,865.37,121.86,105498.41836
BNBUSDT,1757222100000,2025-09-07 05:15:00,2025-09-07 14:15:00,865.37,865.37,865.04,865.04,110.485,95586.57661
BNBUSDT,1757222400000,2025-09-07 05:20:00,2025-09-07 14:20:00,865.04,866.01,865.02,865.77,639.095,553296.91055
BNBUSDT,1757222700000,2025-09-07 05:25:00,2025-09-07 14:25:00,865.77,867,865.76,866.7,487.302,422133.84296
BNBUSDT,1757223000000,2025-09-07 05:30:00,2025-09-07 14:30:00,866.7,867.79,866.7,867.78,304.22,263850.33486
BNBUSDT,1757223300000,2025-09-07 05:35:00,2025-09-07 14:35:00,867.78,868,867.56,867.65,216.716,188068.9747
BNBUSDT,1757223600000,2025-09-07 05:40:00,2025-09-07 14:40:00,867.65,867.9,867.32,867.32,157.718,136842.60186
BNBUSDT,1757223900000,2025-09-07 05:45:00,2025-09-07 14:45:00,867.32,867.4,867.04,867.18,152.017,131835.73107
BNBUSDT,1757224200000,2025-09-07 05:50:00,2025-09-07 14:50:00,867.19,867.68,867.12,867.47,150.887,130864.93215
BNBUSDT,1757224500000,2025-09-07 05:55:00,2025-09-07 14:55:00,867.47,867.64,867.47,867.56,67.076,58195.29556
BNBUSDT,1757224800000,2025-09-07 06:00:00,2025-09-07 15:00:00,867.57,867.57,867.24,867.31,144.805,125591.33687
BNBUSDT,1757225100000,2025-09-07 06:05:00,2025-09-07 15:05:00,867.31,867.32,867,867.02,167.407,145167.56644
BNBUSDT,1757225400000,2025-09-07 06:10:00,2025-09-07 15:10:00,867.02,867.32,866.54,866.54,274.098,237647.9097
BNBUSDT,1757225700000,2025-09-07 06:15:00,2025-09-07 15:15:00,866.54,866.88,866.48,866.87,103.182,89420.78298
BNBUSDT,1757226000000,2025-09-07 06:20:00,2025-09-07 15:20:00,866.88,866.88,865.81,866.58,881.33,763507.75859
BNBUSDT,1757226300000,2025-09-07 06:25:00,2025-09-07 15:25:00,866.59,866.59,866.12,866.13,153.527,132998.12293
BNBUSDT,1757226600000,2025-09-07 06:30:00,2025-09-07 15:30:00,866.13,866.4,865.81,865.87,182.359,157948.51476
BNBUSDT,1757226900000,2025-09-07 06:35:00,2025-09-07 15:35:00,865.88,866.29,865.15,865.19,522.989,452707.63231
BNBUSDT,1757227200000,2025-09-07 06:40:00,2025-09-07 15:40:00,865.19,865.44,865,865.28,442.752,383060.00844
BNBUSDT,1757227500000,2025-09-07 06:45:00,2025-09-07 15:45:00,865.28,865.3,864.96,865.01,288.625,249704.84956
BNBUSDT,1757227800000,2025-09-07 06:50:00,2025-09-07 15:50:00,865,866.42,864.82,866.42,1227.663,1062818.90396
BNBUSDT,1757228100000,2025-09-07 06:55:00,2025-09-07 15:55:00,866.42,867.71,866.41,867.37,2360.149,2046526.25852
BNBUSDT,1757228400000,2025-09-07 07:00:00,2025-09-07 16:00:00,867.36,867.99,867.04,867.33,1210.205,1049794.70855
BNBUSDT,1757228700000,2025-09-07 07:05:00,2025-09-07 16:05:00,867.33,867.84,867.2,867.25,489.632,424729.27727
BNBUSDT,1757229000000,2025-09-07 07:10:00,2025-09-07 16:10:00,867.26,867.27,867.07,867.08,262.954,228043.24975
BNBUSDT,1757229300000,2025-09-07 07:15:00,2025-09-07 16:15:00,867.07,868,867.05,867.33,662.857,575075.88431
BNBUSDT,1757229600000,2025-09-07 07:20:00,2025-09-07 16:20:00,867.33,867.52,867.2,867.42,225.021,195189.39236
BNBUSDT,1757229900000,2025-09-07 07:25:00,2025-09-07 16:25:00,867.42,867.68,867.14,867.68,365.266,316815.16097
BNBUSDT,1757230200000,2025-09-07 07:30:00,2025-09-07 16:30:00,867.68,867.76,867.36,867.37,234.939,203831.056
BNBUSDT,1757230500000,2025-09-07 07:35:00,2025-09-07 16:35:00,867.37,867.7,867.34,867.36,171.541,148811.09235
BNBUSDT,1757230800000,2025-09-07 07:40:00,2025-09-07 16:40:00,867.35,867.76,867.28,867.76,181.118,157127.73363
BNBUSDT,1757231100000,2025-09-07 07:45:00,2025-09-07 16:45:00,867.75,867.96,867.7,867.88,267.208,231893.23102
BNBUSDT,1757231400000,2025-09-07 07:50:00,2025-09-07 16:50:00,867.88,868,867.77,867.77,497.847,432096.44585
BNBUSDT,1757231700000,2025-09-07 07:55:00,2025-09-07 16:55:00,867.78,867.78,867.46,867.64,251.261,218002.03114
BNBUSDT,1757232000000,2025-09-07 08:00:00,2025-09-07 17:00:00,867.64,867.96,867.31,867.87,517.826,449300.51294
BNBUSDT,1757232300000,2025-09-07 08:05:00,2025-09-07 17:05:00,867.86,873.8,867.86,870.59,6065.759,5283140.0192
BNBUSDT,1757232600000,2025-09-07 08:10:00,2025-09-07 17:10:00,870.6,872.41,870.59,871.52,790.399,689053.28065
BNBUSDT,1757232900000,2025-09-07 08:15:00,2025-09-07 17:15:00,871.52,871.96,871.01,871.96,587.682,512074.30986
BNBUSDT,1757233200000,2025-09-07 08:20:00,2025-09-07 17:20:00,871.96,872.48,871.64,872.1,1413.453,1232621.54437
BNBUSDT,1757233500000,2025-09-07 08:25:00,2025-09-07 17:25:00,872.11,872.11,871,871.15,387.363,337522.54887
BNBUSDT,1757233800000,2025-09-07 08:30:00,2025-09-07 17:30:00,871.16,871.88,870.23,870.23,1515.116,1319996.67202
BNBUSDT,1757234100000,2025-09-07 08:35:00,2025-09-07 17:35:00,870.23,870.6,870,870.5,397.398,345896.6037
BNBUSDT,1757234400000,2025-09-07 08:40:00,2025-09-07 17:40:00,870.49,871.03,870.4,870.61,289.912,252389.59773
BNBUSDT,1757234700000,2025-09-07 08:45:00,2025-09-07 17:45:00,870.61,870.61,869.9,870.16,491.687,427840.14657
BNBUSDT,1757235000000,2025-09-07 08:50:00,2025-09-07 17:50:00,870.15,872.56,870.15,872.47,886.681,773062.35559
BNBUSDT,1757235300000,2025-09-07 08:55:00,2025-09-07 17:55:00,872.46,872.91,871.64,872.26,540.205,471239.49158
BNBUSDT,1757235600000,2025-09-07 09:00:00,2025-09-07 18:00:00,872.26,873.6,871.76,871.76,1296.824,1131739.77518
BNBUSDT,1757235900000,2025-09-07 09:05:00,2025-09-07 18:05:00,871.77,871.94,871.32,871.37,299.451,261032.0062
BNBUSDT,1757236200000,2025-09-07 09:10:00,2025-09-07 18:10:00,871.37,871.72,870.64,871.2,493.998,430313.90009
BNBUSDT,1757236500000,2025-09-07 09:15:00,2025-09-07 18:15:00,871.19,871.53,871.19,871.53,111.225,96915.19923
BNBUSDT,1757236800000,2025-09-07 09:20:00,2025-09-07 18:20:00,871.52,871.52,871.02,871.19,195.031,169907.14733
BNBUSDT,1757237100000,2025-09-07 09:25:00,2025-09-07 18:25:00,871.19,871.2,870.29,870.8,319.756,278400.89646
BNBUSDT,1757237400000,2025-09-07 09:30:00,2025-09-07 18:30:00,870.81,870.84,870,870.54,316.683,275681.08421
BNBUSDT,1757237700000,2025-09-07 09:35:00,2025-09-07 18:35:00,870.54,870.55,869.73,869.78,377.616,328514.7561
BNBUSDT,1757238000000,2025-09-07 09:40:00,2025-09-07 18:40:00,869.77,870.16,869.58,869.96,467.097,406316.50626
BNBUSDT,1757238300000,2025-09-07 09:45:00,2025-09-07 18:45:00,869.96,870.53,869.52,870.52,421.841,366975.2169
BNBUSDT,1757238600000,2025-09-07 09:50:00,2025-09-07 18:50:00,870.53,870.9,870.36,870.73,225.539,196365.82642
BNBUSDT,1757238900000,2025-09-07 09:55:00,2025-09-07 18:55:00,870.73,870.98,870.69,870.98,256.575,223408.4583
BNBUSDT,1757239200000,2025-09-07 10:00:00,2025-09-07 19:00:00,870.99,872.24,870.98,872.01,771.252,672418.48856
BNBUSDT,1757239500000,2025-09-07 10:05:00,2025-09-07 19:05:00,872.01,872.01,871.5,871.81,249.192,217243.26062
BNBUSDT,1757239800000,2025-09-07 10:10:00,2025-09-07 19:10:00,871.8,871.85,871.68,871.84,126.691,110447.21197
BNBUSDT,1757240100000,2025-09-07 10:15:00,2025-09-07 19:15:00,871.85,872.12,871.41,871.58,174.135,151800.91494
BNBUSDT,1757240400000,2025-09-07 10:20:00,2025-09-07 19:20:00,871.57,872.23,871.57,872.22,221.584,193199.44199
BNBUSDT,1757240700000,2025-09-07 10:25:00,2025-09-07 19:25:00,872.22,872.34,871.3,871.44,906.988,790817.88925
BNBUSDT,1757241000000,2025-09-07 10:30:00,2025-09-07 19:30:00,871.44,872.26,871.43,872.15,241.301,210411.56742
BNBUSDT,1757241300000,2025-09-07 10:35:00,2025-09-07 19:35:00,872.15,873.86,872,873.86,1732.953,1512423.74523
BNBUSDT,1757241600000,2025-09-07 10:40:00,2025-09-07 19:40:00,873.86,874.44,873.75,873.8,1090.753,953487.19076
BNBUSDT,1757241900000,2025-09-07 10:45:00,2025-09-07 19:45:00,873.81,873.81,872.68,872.8,291.206,254246.19532
BNBUSDT,1757242200000,2025-09-07 10:50:00,2025-09-07 19:50:00,872.79,872.9,872.65,872.66,181.715,158590.57415
BNBUSDT,1757242500000,2025-09-07 10:55:00,2025-09-07 19:55:00,872.66,873,872.49,873,120.664,105304.61382
BNBUSDT,1757242800000,2025-09-07 11:00:00,2025-09-07 20:00:00,872.99,873.44,872.15,872.16,1100.375,960524.5057
BNBUSDT,1757243100000,2025-09-07 11:05:00,2025-09-07 20:05:00,872.15,872.35,871.84,872.17,292.983,255495.35185
BNBUSDT,1757243400000,2025-09-07 11:10:00,2025-09-07 20:10:00,872.17,872.32,871.99,872.09,364.996,318310.75292
BNBUSDT,1757243700000,2025-09-07 11:15:00,2025-09-07 20:15:00,872.1,872.1,871.84,871.84,89.979,78458.56161
BNBUSDT,1757244000000,2025-09-07 11:20:00,2025-09-07 20:20:00,871.84,872.07,871.84,871.92,122.986,107236.03405
BNBUSDT,1757244300000,2025-09-07 11:25:00,2025-09-07 20:25:00,871.92,871.93,871.58,871.67,150.431,131129.28785
BNBUSDT,1757244600000,2025-09-07 11:30:00,2025-09-07 20:30:00,871.67,872.13,871.56,871.57,248.711,216831.77506
BNBUSDT,1757244900000,2025-09-07 11:35:00,2025-09-07 20:35:00,871.56,872,871.45,871.82,219.889,191667.99259
BNBUSDT,1757245200000,2025-09-07 11:40:00,2025-09-07 20:40:00,871.81,872.2,871.7,872.11,150.446,131184.33944
BNBUSDT,1757245500000,2025-09-07 11:45:00,2025-09-07 20:45:00,872.11,872.64,872.1,872.36,172.998,150907.98386
BNBUSDT,1757245800000,2025-09-07 11:50:00,2025-09-07 20:50:00,872.37,872.96,872.3,872.87,182.134,158943.48703
BNBUSDT,1757246100000,2025-09-07 11:55:00,2025-09-07 20:55:00,872.88,873.79,872.87,873.64,1402.933,1225211.39609
BNBUSDT,1757246400000,2025-09-07 12:00:00,2025-09-07 21:00:00,873.63,873.88,873,873.33,548.466,479035.87034
BNBUSDT,1757246700000,2025-09-07 12:05:00,2025-09-07 21:05:00,873.32,873.32,872.1,872.13,563.616,491876.66147
BNBUSDT,1757247000000,2025-09-07 12:10:00,2025-09-07 21:10:00,872.13,872.94,872.1,872.39,657.927,574039.71082
BNBUSDT,1757247300000,2025-09-07 12:15:00,2025-09-07 21:15:00,872.39,872.39,871.4,871.53,320.329,279204.83568
BNBUSDT,1757247600000,2025-09-07 12:20:00,2025-09-07 21:20:00,871.53,871.62,871.1,871.38,211.172,183993.3221
BNBUSDT,1757247900000,2025-09-07 12:25:00,2025-09-07 21:25:00,871.38,871.64,871.37,871.4,128.37,111870.59361
BNBUSDT,1757248200000,2025-09-07 12:30:00,2025-09-07 21:30:00,871.41,872.02,870.26,870.28,1075.633,936900.07378
BNBUSDT,1757248500000,2025-09-07 12:35:00,2025-09-07 21:35:00,870.29,870.75,870.16,870.34,1363.837,1187110.26595
BNBUSDT,1757248800000,2025-09-07 12:40:00,2025-09-07 21:40:00,870.34,870.83,869.97,870.02,1440.869,1253964.35691
BNBUSDT,1757249100000,2025-09-07 12:45:00,2025-09-07 21:45:00,870.02,870.84,869.73,869.89,2429.593,2114768.0683
BNBUSDT,1757249400000,2025-09-07 12:50:00,2025-09-07 21:50:00,869.88,870.23,869.51,869.92,644.758,560893.90315
BNBUSDT,1757249700000,2025-09-07 12:55:00,2025-09-07 21:55:00,869.91,870.01,869.91,869.95,173.102,150594.11102
BNBUSDT,1757250000000,2025-09-07 13:00:00,2025-09-07 22:00:00,869.96,870.77,869.95,870.76,223.82,194816.47524
BNBUSDT,1757250300000,2025-09-07 13:05:00,2025-09-07 22:05:00,870.77,871.15,870.74,871.04,141.162,122944.13212
BNBUSDT,1757250600000,2025-09-07 13:10:00,2025-09-07 22:10:00,871.05,871.12,870.9,870.93,115.176,100318.50075
BNBUSDT,1757250900000,2025-09-07 13:15:00,2025-09-07 22:15:00,870.92,871.12,870.6,870.97,312.899,272498.47902
BNBUSDT,1757251200000,2025-09-07 13:20:00,2025-09-07 22:20:00,870.98,870.98,870.61,870.8,181.197,157778.63529
BNBUSDT,1757251500000,2025-09-07 13:25:00,2025-09-07 22:25:00,870.8,870.99,870.76,870.98,114.858,100024.21128
BNBUSDT,1757251800000,2025-09-07 13:30:00,2025-09-07 22:30:00,870.98,872.2,870.98,872.01,535.753,466897.95882
BNBUSDT,1757252100000,2025-09-07 13:35:00,2025-09-07 22:35:00,872.01,872.1,871.64,871.84,298.492,260229.21612
BNBUSDT,1757252400000,2025-09-07 13:40:00,2025-09-07 22:40:00,871.85,871.85,871.47,871.59,211.149,184046.06891
BNBUSDT,1757252700000,2025-09-07 13:45:00,2025-09-07 22:45:00,871.59,872.56,871.59,872.51,609.351,531488.41482
BNBUSDT,1757253000000,2025-09-07 13:50:00,2025-09-07 22:50:00,872.51,872.59,872,872.01,250.733,218741.15364
BNBUSDT,1757253300000,2025-09-07 13:55:00,2025-09-07 22:55:00,872.01,872.66,872.01,872.6,541.811,472652.87308
BNBUSDT,1757253600000,2025-09-07 14:00:00,2025-09-07 23:00:00,872.6,873.11,872.59,872.87,376.925,329015.31889
BNBUSDT,1757253900000,2025-09-07 14:05:00,2025-09-07 23:05:00,872.87,874,872.87,874,414.21,361773.48766
BNBUSDT,1757254200000,2025-09-07 14:10:00,2025-09-07 23:10:00,873.99,874,872.82,873.51,936.34,817864.22237
BNBUSDT,1757254500000,2025-09-07 14:15:00,2025-09-07 23:15:00,873.51,874.13,873.5,873.96,407.451,356080.71274
BNBUSDT,1757254800000,2025-09-07 14:20:00,2025-09-07 23:20:00,873.96,874.28,873.64,874.28,262.903,229758.73759
BNBUSDT,1757255100000,2025-09-07 14:25:00,2025-09-07 23:25:00,874.27,874.92,874.1,874.56,409.816,358370.60688
BNBUSDT,1757255400000,2025-09-07 14:30:00,2025-09-07 23:30:00,874.56,874.6,873.25,873.45,528.301,461696.70806
BNBUSDT,1757255700000,2025-09-07 14:35:00,2025-09-07 23:35:00,873.45,874.39,872.99,874.17,733.893,641222.91914
BNBUSDT,1757256000000,2025-09-07 14:40:00,2025-09-07 23:40:00,874.16,874.44,874.01,874.32,289.745,253319.14292
BNBUSDT,1757256300000,2025-09-07 14:45:00,2025-09-07 23:45:00,874.31,874.49,873.88,874.15,289.262,252875.40759
BNBUSDT,1757256600000,2025-09-07 14:50:00,2025-09-07 23:50:00,874.16,874.42,874.16,874.29,663.495,580118.42607
BNBUSDT,1757256900000,2025-09-07 14:55:00,2025-09-07 23:55:00,874.28,874.29,873.67,874.27,622.336,543939.76221
BNBUSDT,1757257200000,2025-09-07 15:00:00,2025-09-08 00:00:00,874.28,874.28,873.68,874.08,281.666,246173.03885
BNBUSDT,1757257500000,2025-09-07 15:05:00,2025-09-08 00:05:00,874.07,874.37,873.2,873.31,407.837,356315.15984
BNBUSDT,1757257800000,2025-09-07 15:10:00,2025-09-08 00:10:00,873.31,873.31,872.99,873.11,168.58,147202.96982
BNBUSDT,1757258100000,2025-09-07 15:15:00,2025-09-08 00:15:00,873.11,874.09,873.05,874.08,264.481,231001.67286
BNBUSDT,1757258400000,2025-09-07 15:20:00,2025-09-08 00:20:00,874.08,874.49,873.8,874.45,276.565,241738.43439
BNBUSDT,1757258700000,2025-09-07 15:25:00,2025-09-08 00:25:00,874.46,874.73,874.44,874.54,220.987,193257.05365
BNBUSDT,1757259000000,2025-09-07 15:30:00,2025-09-08 00:30:00,874.54,874.88,874.54,874.77,321.997,281656.88578
BNBUSDT,1757259300000,2025-09-07 15:35:00,2025-09-08 00:35:00,874.76,875.48,874.51,874.51,1857.191,1625301.13153
BNBUSDT,1757259600000,2025-09-07 15:40:00,2025-09-08 00:40:00,874.51,874.98,874.5,874.88,224.572,196441.08169
BNBUSDT,1757259900000,2025-09-07 15:45:00,2025-09-08 00:45:00,874.89,875.2,874.48,874.48,411.203,359793.53343
BNBUSDT,1757260200000,2025-09-07 15:50:00,2025-09-08 00:50:00,874.49,874.8,874.43,874.59,108.041,94492.57256
BNBUSDT,1757260500000,2025-09-07 15:55:00,2025-09-08 00:55:00,874.6,874.9,874.59,874.68,248.754,217597.19187
BNBUSDT,1757260800000,2025-09-07 16:00:00,2025-09-08 01:00:00,874.68,875.2,874.65,874.87,707.328,618806.70968
BNBUSDT,1757261100000,2025-09-07 16:05:00,2025-09-08 01:05:00,874.87,875.35,874.58,875.04,516.342,451814.43794
BNBUSDT,1757261400000,2025-09-07 16:10:00,2025-09-08 01:10:00,875.05,875.67,874.84,874.84,762.8,667727.26323
BNBUSDT,1757261700000,2025-09-07 16:15:00,2025-09-08 01:15:00,874.85,875.2,874.2,874.2,234.917,205486.11786
BNBUSDT,1757262000000,2025-09-07 16:20:00,2025-09-08 01:20:00,874.21,874.6,874,874.01,143.369,125351.53529
BNBUSDT,1757262300000,2025-09-07 16:25:00,2025-09-08 01:25:00,874,874.16,873.56,874.09,319.214,278971.34193
BNBUSDT,1757262600000,2025-09-07 16:30:00,2025-09-08 01:30:00,874.1,874.68,873.28,873.38,597.938,522510.52024
BNBUSDT,1757262900000,2025-09-07 16:35:00,2025-09-08 01:35:00,873.38,873.6,873.3,873.36,344.669,301056.00356
BNBUSDT,1757263200000,2025-09-07 16:40:00,2025-09-08 01:40:00,873.36,873.37,873.31,873.33,158.217,138175.70761
BNBUSDT,1757263500000,2025-09-07 16:45:00,2025-09-08 01:45:00,873.33,873.88,873.33,873.38,268.952,234936.13928
BNBUSDT,1757263800000,2025-09-07 16:50:00,2025-09-08 01:50:00,873.37,873.62,873.37,873.62,185.645,162158.08396
BNBUSDT,1757264100000,2025-09-07 16:55:00,2025-09-08 01:55:00,873.62,874.02,873.16,873.33,896.601,783374.65663
BNBUSDT,1757264400000,2025-09-07 17:00:00,2025-09-08 02:00:00,873.32,874.3,873.32,873.92,494.033,431753.53651
BNBUSDT,1757264700000,2025-09-07 17:05:00,2025-09-08 02:05:00,873.92,874.02,873.44,874.02,199.493,174325.22545
BNBUSDT,1757265000000,2025-09-07 17:10:00,2025-09-08 02:10:00,874.02,874.44,873.75,873.81,412.828,360845.67699
BNBUSDT,1757265300000,2025-09-07 17:15:00,2025-09-08 02:15:00,873.81,874.08,872.96,872.97,407.416,355848.88989
BNBUSDT,1757265600000,2025-09-07 17:20:00,2025-09-08 02:20:00,872.96,873.72,872.4,873.56,487.876,425861.52102
BNBUSDT,1757265900000,2025-09-07 17:25:00,2025-09-08 02:25:00,873.56,874.04,873.09,873.09,377.406,329720.88984
BNBUSDT,1757266200000,2025-09-07 17:30:00,2025-09-08 02:30:00,873.09,873.7,872.83,873.69,304.809,266169.31777
BNBUSDT,1757266500000,2025-09-07 17:35:00,2025-09-08 02:35:00,873.7,873.9,873.59,873.81,109.69,95843.16273
BNBUSDT,1757266800000,2025-09-07 17:40:00,2025-09-08 02:40:00,873.81,874.6,873.8,874.39,323.185,282558.69555
BNBUSDT,1757267100000,2025-09-07 17:45:00,2025-09-08 02:45:00,874.39,874.65,874.39,874.4,207.184,181194.70094
BNBUSDT,1757267400000,2025-09-07 17:50:00,2025-09-08 02:50:00,874.41,874.41,873.88,874.2,252.543,220742.5378
BNBUSDT,1757267700000,2025-09-07 17:55:00,2025-09-08 02:55:00,874.2,874.2,873.72,873.86,125.712,109872.20893
BNBUSDT,1757268000000,2025-09-07 18:00:00,2025-09-08 03:00:00,873.86,874.2,873.42,874.2,409.635,357892.78868
BNBUSDT,1757268300000,2025-09-07 18:05:00,2025-09-08 03:05:00,874.2,875.14,874.19,874.76,637.405,557622.92334
BNBUSDT,1757268600000,2025-09-07 18:10:00,2025-09-08 03:10:00,874.76,874.76,874.5,874.5,130.272,113945.21036
BNBUSDT,1757268900000,2025-09-07 18:15:00,2025-09-08 03:15:00,874.5,874.6,874.34,874.35,200.209,175081.69908
BNBUSDT,1757269200000,2025-09-07 18:20:00,2025-09-08 03:20:00,874.35,874.36,874.11,874.24,113.327,99077.10597
BNBUSDT,1757269500000,2025-09-07 18:25:00,2025-09-08 03:25:00,874.23,874.24,873.9,873.91,170.054,148655.83486
BNBUSDT,1757269800000,2025-09-07 18:30:00,2025-09-08 03:30:00,873.91,874.01,873.25,873.31,288.713,252241.51741
BNBUSDT,1757270100000,2025-09-07 18:35:00,2025-09-08 03:35:00,873.31,873.57,872.9,873.24,415.562,362896.18655
BNBUSDT,1757270400000,2025-09-07 18:40:00,2025-09-08 03:40:00,873.24,873.68,873.12,873.67,151.174,132034.10875
BNBUSDT,1757270700000,2025-09-07 18:45:00,2025-09-08 03:45:00,873.67,874.12,873.67,874.08,512.864,448217.24725
BNBUSDT,1757271000000,2025-09-07 18:50:00,2025-09-08 03:50:00,874.07,875.51,874.07,874.88,859.897,752285.58694
BNBUSDT,1757271300000,2025-09-07 18:55:00,2025-09-08 03:55:00,874.89,875.32,874.88,875.21,207.955,181999.92642
BNBUSDT,1757271600000,2025-09-07 19:00:00,2025-09-08 04:00:00,875.21,875.52,875.2,875.34,391.415,342650.82357
BNBUSDT,1757271900000,2025-09-07 19:05:00,2025-09-08 04:05:00,875.35,875.43,875.04,875.04,542.626,474927.90191
BNBUSDT,1757272200000,2025-09-07 19:10:00,2025-09-08 04:10:00,875.05,875.2,875,875.17,213.414,186748.40169
BNBUSDT,1757272500000,2025-09-07 19:15:00,2025-09-08 04:15:00,875.17,875.18,874.84,875.18,204.924,179320.10243
BNBUSDT,1757272800000,2025-09-07 19:20:00,2025-09-08 04:20:00,875.18,875.66,874.96,875.28,403.173,352891.58631
BNBUSDT,1757273100000,2025-09-07 19:25:00,2025-09-08 04:25:00,875.28,875.38,875.27,875.3,120.281,105284.62342
BNBUSDT,1757273400000,2025-09-07 19:30:00,2025-09-08 04:30:00,875.3,875.56,875.29,875.53,115.232,100883.59741
BNBUSDT,1757273700000,2025-09-07 19:35:00,2025-09-08 04:35:00,875.53,875.84,875.12,875.44,777.443,680733.39299
BNBUSDT,1757274000000,2025-09-07 19:40:00,2025-09-08 04:40:00,875.43,876.6,875.43,876.37,1059.715,928546.30305
BNBUSDT,1757274300000,2025-09-07 19:45:00,2025-09-08 04:45:00,876.37,876.48,876.2,876.25,305.167,267438.65797
BNBUSDT,1757274600000,2025-09-07 19:50:00,2025-09-08 04:50:00,876.25,876.25,875.61,875.61,155.975,136618.90845
BNBUSDT,1757274900000,2025-09-07 19:55:00,2025-09-08 04:55:00,875.61,875.76,875.15,875.28,346.869,303684.50046
BNBUSDT,1757275200000,2025-09-07 20:00:00,2025-09-08 05:00:00,875.28,875.74,875.1,875.37,312.97,273965.15921
BNBUSDT,1757275500000,2025-09-07 20:05:00,2025-09-08 05:05:00,875.36,875.43,874.28,874.28,220.615,192995.91571
BNBUSDT,1757275800000,2025-09-07 20:10:00,2025-09-08 05:10:00,874.29,874.29,873.57,873.57,239.338,209156.35532
BNBUSDT,1757276100000,2025-09-07 20:15:00,2025-09-08 05:15:00,873.58,874.16,873.54,874.15,314.6,274891.27689
BNBUSDT,1757276400000,2025-09-07 20:20:00,2025-09-08 05:20:00,874.15,874.16,873.44,873.44,170.709,149151.31154
BNBUSDT,1757276700000,2025-09-07 20:25:00,2025-09-08 05:25:00,873.45,874.17,873.3,873.91,334.771,292492.141
BNBUSDT,1757277000000,2025-09-07 20:30:00,2025-09-08 05:30:00,873.91,874.1,873.6,874.1,180.859,158044.38493
BNBUSDT,1757277300000,2025-09-07 20:35:00,2025-09-08 05:35:00,874.09,874.16,874.09,874.1,95.758,83706.22864
BNBUSDT,1757277600000,2025-09-07 20:40:00,2025-09-08 05:40:00,874.1,874.29,874.1,874.13,88.939,77751.69232
BNBUSDT,1757277900000,2025-09-07 20:45:00,2025-09-08 05:45:00,874.13,874.9,874.12,874.2,270.153,236249.97475
BNBUSDT,1757278200000,2025-09-07 20:50:00,2025-09-08 05:50:00,874.2,874.21,873.84,874.06,114.346,99936.33713
BNBUSDT,1757278500000,2025-09-07 20:55:00,2025-09-08 05:55:00,874.07,874.65,874.06,874.65,62.494,54638.36854
BNBUSDT,1757278800000,2025-09-07 21:00:00,2025-09-08 06:00:00,874.65,874.65,874.27,874.27,131.492,114991.31906
BNBUSDT,1757279100000,2025-09-07 21:05:00,2025-09-08 06:05:00,874.28,874.65,874.2,874.45,134.901,117956.97235
BNBUSDT,1757279400000,2025-09-07 21:10:00,2025-09-08 06:10:00,874.45,874.45,873.84,873.84,273.084,238717.63744
BNBUSDT,1757279700000,2025-09-07 21:15:00,2025-09-08 06:15:00,873.84,874.16,873.76,874.15,270.273,236188.99062
BNBUSDT,1757280000000,2025-09-07 21:20:00,2025-09-08 06:20:00,874.15,874.16,874.02,874.02,38.444,33605.37938
BNBUSDT,1757280300000,2025-09-07 21:25:00,2025-09-08 06:25:00,874.01,874.09,873.8,873.86,77.615,67828.46691
BNBUSDT,1757280600000,2025-09-07 21:30:00,2025-09-08 06:30:00,873.86,874.12,873.77,874.11,128.122,111975.72711
BNBUSDT,1757280900000,2025-09-07 21:35:00,2025-09-08 06:35:00,874.11,874.2,874.11,874.2,80.522,70386.30383
BNBUSDT,1757281200000,2025-09-07 21:40:00,2025-09-08 06:40:00,874.2,874.41,874.2,874.39,145.819,127489.96797
BNBUSDT,1757281500000,2025-09-07 21:45:00,2025-09-08 06:45:00,874.39,874.57,874.39,874.57,99.867,87327.53569
BNBUSDT,1757281800000,2025-09-07 21:50:00,2025-09-08 06:50:00,874.57,874.61,874.56,874.61,58.833,51454.50984
BNBUSDT,1757282100000,2025-09-07 21:55:00,2025-09-08 06:55:00,874.6,874.61,873.8,873.8,218.175,190730.4868
BNBUSDT,1757282400000,2025-09-07 22:00:00,2025-09-08 07:00:00,873.79,874.39,873.68,873.71,294.76,257617.13003
BNBUSDT,1757282700000,2025-09-07 22:05:00,2025-09-08 07:05:00,873.7,874.24,873.34,874.24,161.947,141502.46831
BNBUSDT,1757283000000,2025-09-07 22:10:00,2025-09-08 07:10:00,874.24,874.57,874.08,874.14,117.563,102778.81405
BNBUSDT,1757283300000,2025-09-07 22:15:00,2025-09-08 07:15:00,874.14,874.58,874,874.58,191.136,167093.90676
BNBUSDT,1757283600000,2025-09-07 22:20:00,2025-09-08 07:20:00,874.58,874.74,874.25,874.25,60.222,52668.63608
BNBUSDT,1757283900000,2025-09-07 22:25:00,2025-09-08 07:25:00,874.24,874.78,874.24,874.71,102.526,89671.1024
BNBUSDT,1757284200000,2025-09-07 22:30:00,2025-09-08 07:30:00,874.71,874.91,874.34,874.58,137.048,119867.40583
BNBUSDT,1757284500000,2025-09-07 22:35:00,2025-09-08 07:35:00,874.57,875.16,874.2,874.98,669.281,585505.33682
BNBUSDT,1757284800000,2025-09-07 22:40:00,2025-09-08 07:40:00,874.99,875.55,874.98,875.55,535.488,468685.95598
BNBUSDT,1757285100000,2025-09-07 22:45:00,2025-09-08 07:45:00,875.56,875.9,875.52,875.68,271.431,237679.64854
BNBUSDT,1757285400000,2025-09-07 22:50:00,2025-09-08 07:50:00,875.69,876.13,875.68,875.76,235.614,206369.00474
BNBUSDT,1757285700000,2025-09-07 22:55:00,2025-09-08 07:55:00,875.75,876.42,875.75,876.33,347.36,304328.01656
BNBUSDT,1757286000000,2025-09-07 23:00:00,2025-09-08 08:00:00,876.33,876.81,876.32,876.33,361.989,317315.61702
BNBUSDT,1757286300000,2025-09-07 23:05:00,2025-09-08 08:05:00,876.33,876.64,875.81,876.63,556.554,487651.4441
BNBUSDT,1757286600000,2025-09-07 23:10:00,2025-09-08 08:10:00,876.63,876.63,876.61,876.62,51.696,45317.65856
BNBUSDT,1757286900000,2025-09-07 23:15:00,2025-09-08 08:15:00,876.62,882.77,876.61,879.36,7358.737,6476311.05073
BNBUSDT,1757287200000,2025-09-07 23:20:00,2025-09-08 08:20:00,879.36,881.43,879.36,881.42,1135.3,999467.22249
BNBUSDT,1757287500000,2025-09-07 23:25:00,2025-09-08 08:25:00,881.43,883.58,880.52,883.56,2255.533,1989662.33813
BNBUSDT,1757287800000,2025-09-07 23:30:00,2025-09-08 08:30:00,883.57,884.05,881.06,881.76,1517.416,1339022.81709
BNBUSDT,1757288100000,2025-09-07 23:35:00,2025-09-08 08:35:00,881.75,882.41,880.93,882.29,856.887,755451.41754
BNBUSDT,1757288400000,2025-09-07 23:40:00,2025-09-08 08:40:00,882.29,883.33,882.08,882.87,490.14,432658.93412
BNBUSDT,1757288700000,2025-09-07 23:45:00,2025-09-08 08:45:00,882.86,882.87,882.01,882.27,401.913,354634.15424
BNBUSDT,1757289000000,2025-09-07 23:50:00,2025-09-08 08:50:00,882.27,882.43,880.42,880.88,1032.978,910481.50634
BNBUSDT,1757289300000,2025-09-07 23:55:00,2025-09-08 08:55:00,880.88,881,880.05,880.05,396.793,349319.13952
BNBUSDT,1757289600000,2025-09-08 00:00:00,2025-09-08 09:00:00,880.05,880.56,878.68,879.4,1038.768,913670.59032
BNBUSDT,1757289900000,2025-09-08 00:05:00,2025-09-08 09:05:00,879.41,881.07,879.41,879.66,412.908,363519.15998
BNBUSDT,1757290200000,2025-09-08 00:10:00,2025-09-08 09:10:00,879.67,882,879.45,881.82,463.785,408612.85754
BNBUSDT,1757290500000,2025-09-08 00:15:00,2025-09-08 09:15:00,881.83,881.83,880.68,880.76,302.101,266196.25478
BNBUSDT,1757290800000,2025-09-08 00:20:00,2025-09-08 09:20:00,880.76,882.48,880.76,882.38,654.68,577135.80844
BNBUSDT,1757291100000,2025-09-08 00:25:00,2025-09-08 09:25:00,882.37,883.05,881.72,883.05,419.651,370271.47275
BNBUSDT,1757291400000,2025-09-08 00:30:00,2025-09-08 09:30:00,883.05,883.05,880.9,880.91,608.175,536326.48007
BNBUSDT,1757291700000,2025-09-08 00:35:00,2025-09-08 09:35:00,880.91,883.95,880.91,883.95,848.059,748548.5167
BNBUSDT,1757292000000,2025-09-08 00:40:00,2025-09-08 09:40:00,883.94,885.69,883.3,885.44,3604.018,3188703.75104
BNBUSDT,1757292300000,2025-09-08 00:45:00,2025-09-08 09:45:00,885.45,885.85,883.36,883.44,1963.249,1737323.56663
BNBUSDT,1757292600000,2025-09-08 00:50:00,2025-09-08 09:50:00,883.44,884.4,882.6,882.6,578.682,511155.88663
BNBUSDT,1757292900000,2025-09-08 00:55:00,2025-09-08 09:55:00,882.6,882.99,882.23,882.95,345.7,305146.29192
BNBUSDT,1757293200000,2025-09-08 01:00:00,2025-09-08 10:00:00,882.95,884.32,882.4,882.46,1127.833,996251.40566
BNBUSDT,1757293500000,2025-09-08 01:05:00,2025-09-08 10:05:00,882.46,882.72,881.5,881.7,766.623,676184.8716
BNBUSDT,1757293800000,2025-09-08 01:10:00,2025-09-08 10:10:00,881.7,881.93,881.26,881.46,390.052,343871.82331
BNBUSDT,1757294100000,2025-09-08 01:15:00,2025-09-08 10:15:00,881.47,884.6,881.09,884.13,1523.365,1344950.6241
BNBUSDT,1757294400000,2025-09-08 01:20:00,2025-09-08 10:20:00,884.12,884.4,882.92,883.23,603.874,533600.89296
BNBUSDT,1757294700000,2025-09-08 01:25:00,2025-09-08 10:25:00,883.23,883.4,881.56,881.88,397.828,351089.50789
BNBUSDT,1757295000000,2025-09-08 01:30:00,2025-09-08 10:30:00,881.88,881.88,879.87,879.96,542.803,478089.71845
BNBUSDT,1757295300000,2025-09-08 01:35:00,2025-09-08 10:35:00,879.96,880.46,879.63,879.88,866.47,762532.07668
BNBUSDT,1757295600000,2025-09-08 01:40:00,2025-09-08 10:40:00,879.87,880.21,879.12,879.12,649.056,571056.89057
BNBUSDT,1757295900000,2025-09-08 01:45:00,2025-09-08 10:45:00,879.11,879.2,877.89,878.01,1643.103,1443277.35907
BNBUSDT,1757296200000,2025-09-08 01:50:00,2025-09-08 10:50:00,878.01,878.7,877.9,878.41,728.779,640041.92193
BNBUSDT,1757296500000,2025-09-08 01:55:00,2025-09-08 10:55:00,878.4,879.24,878.16,878.16,477.867,419860.2564
BNBUSDT,1757296800000,2025-09-08 02:00:00,2025-09-08 11:00:00,878.17,878.99,877.8,878.66,909.209,798668.21913
BNBUSDT,1757297100000,2025-09-08 02:05:00,2025-09-08 11:05:00,878.66,880.36,878.31,879.98,499.789,439416.30038
BNBUSDT,1757297400000,2025-09-08 02:10:00,2025-09-08 11:10:00,879.98,880.1,879.41,879.89,252.339,222011.36328
BNBUSDT,1757297700000,2025-09-08 02:15:00,2025-09-08 11:15:00,879.89,880.6,878.61,878.61,373.785,328880.9713
BNBUSDT,1757298000000,2025-09-08 02:20:00,2025-09-08 11:20:00,878.6,878.6,877.84,878.14,656.487,576497.68597
BNBUSDT,1757298300000,2025-09-08 02:25:00,2025-09-08 11:25:00,878.15,878.8,877.77,878.6,921.261,808906.62714
BNBUSDT,1757298600000,2025-09-08 02:30:00,2025-09-08 11:30:00,878.6,879.14,878.16,878.95,1076.65,945988.57033
BNBUSDT,1757298900000,2025-09-08 02:35:00,2025-09-08 11:35:00,878.96,880.63,878.74,880.12,1053.525,926899.5413
BNBUSDT,1757299200000,2025-09-08 02:40:00,2025-09-08 11:40:00,880.11,880.87,880.01,880.79,429.827,378499.35617
BNBUSDT,1757299500000,2025-09-08 02:45:00,2025-09-08 11:45:00,880.79,883,880.61,882.5,1423.173,1255602.62449
BNBUSDT,1757299800000,2025-09-08 02:50:00,2025-09-08 11:50:00,882.5,883.03,881.39,881.4,2449.023,2161392.40555
BNBUSDT,1757300100000,2025-09-08 02:55:00,2025-09-08 11:55:00,881.4,882.25,881.11,882.03,894.378,788555.62863
BNBUSDT,1757300400000,2025-09-08 03:00:00,2025-09-08 12:00:00,882.03,883.8,881.84,883,878.8,775805.36818
BNBUSDT,1757300700000,2025-09-08 03:05:00,2025-09-08 12:05:00,883,883.08,882.6,882.79,557.333,491983.40768
BNBUSDT,1757301000000,2025-09-08 03:10:00,2025-09-08 12:10:00,882.79,883.29,882.6,882.8,996.145,879423.9496
BNBUSDT,1757301300000,2025-09-08 03:15:00,2025-09-08 12:15:00,882.8,883.82,882.6,882.96,914.271,807306.71924
BNBUSDT,1757301600000,2025-09-08 03:20:00,2025-09-08 12:20:00,882.96,882.97,881.88,882.12,733.937,647642.82156
BNBUSDT,1757301900000,2025-09-08 03:25:00,2025-09-08 12:25:00,882.11,883.43,882.11,882.99,645.766,570082.83235
BNBUSDT,1757302200000,2025-09-08 03:30:00,2025-09-08 12:30:00,882.99,884.04,882.99,884.03,755.464,667556.47259
BNBUSDT,1757302500000,2025-09-08 03:35:00,2025-09-08 12:35:00,884.04,884.92,883.59,884.05,1699.027,1502229.32008
BNBUSDT,1757302800000,2025-09-08 03:40:00,2025-09-08 12:40:00,884.05,884.24,882.84,882.84,874.481,772674.1229
BNBUSDT,1757303100000,2025-09-08 03:45:00,2025-09-08 12:45:00,882.84,883.9,882.84,883.68,1054.608,931522.94087
BNBUSDT,1757303400000,2025-09-08 03:50:00,2025-09-08 12:50:00,883.68,883.69,883,883.06,1004.249,886908.29778
BNBUSDT,1757303700000,2025-09-08 03:55:00,2025-09-08 12:55:00,883.05,883.05,881.84,882.14,383.041,337984.73119
BNBUSDT,1757304000000,2025-09-08 04:00:00,2025-09-08 13:00:00,882.15,882.4,878.2,878.69,1388.429,1221729.14735
BNBUSDT,1757304300000,2025-09-08 04:05:00,2025-09-08 13:05:00,878.69,879.61,878.08,878.8,2643.71,2323391.95279
BNBUSDT,1757304600000,2025-09-08 04:10:00,2025-09-08 13:10:00,878.8,879.34,878.45,878.6,520.029,456994.32704
BNBUSDT,1757304900000,2025-09-08 04:15:00,2025-09-08 13:15:00,878.6,879.81,878.6,879.62,498.271,438030.849
BNBUSDT,1757305200000,2025-09-08 04:20:00,2025-09-08 13:20:00,879.63,880.29,878.83,879.2,1519.928,1336919.11016
BNBUSDT,1757305500000,2025-09-08 04:25:00,2025-09-08 13:25:00,879.2,879.72,879,879.4,302.349,265884.80351
BNBUSDT,1757305800000,2025-09-08 04:30:00,2025-09-08 13:30:00,879.4,879.77,879.1,879.65,305.283,268463.67211
BNBUSDT,1757306100000,2025-09-08 04:35:00,2025-09-08 13:35:00,879.66,879.86,878.92,878.93,201.258,176971.75506
BNBUSDT,1757306400000,2025-09-08 04:40:00,2025-09-08 13:40:00,878.93,879.08,878.48,879.08,416.464,366007.77793
BNBUSDT,1757306700000,2025-09-08 04:45:00,2025-09-08 13:45:00,879.08,879.41,879.01,879.1,731.376,643053.48477
BNBUSDT,1757307000000,2025-09-08 04:50:00,2025-09-08 13:50:00,879.11,879.18,878.4,878.4,483.223,424635.00067
BNBUSDT,1757307300000,2025-09-08 04:55:00,2025-09-08 13:55:00,878.41,878.68,878.26,878.49,306.671,269379.17683
BNBUSDT,1757307600000,2025-09-08 05:00:00,2025-09-08 14:00:00,878.48,879.3,878.1,878.47,400.922,352211.3976
BNBUSDT,1757307900000,2025-09-08 05:05:00,2025-09-08 14:05:00,878.47,878.88,878.3,878.7,119.289,104804.38016
BNBUSDT,1757308200000,2025-09-08 05:10:00,2025-09-08 14:10:00,878.7,879.09,878.3,878.31,243.268,213799.15998
BNBUSDT,1757308500000,2025-09-08 05:15:00,2025-09-08 14:15:00,878.31,878.32,877.18,877.97,625.988,549484.88158
BNBUSDT,1757308800000,2025-09-08 05:20:00,2025-09-08 14:20:00,877.97,877.97,877,877.33,377.313,330998.0707
BNBUSDT,1757309100000,2025-09-08 05:25:00,2025-09-08 14:25:00,877.33,877.82,877.32,877.35,319.13,280060.94913
BNBUSDT,1757309400000,2025-09-08 05:30:00,2025-09-08 14:30:00,877.35,877.5,875.38,876.68,1902.38,1666669.4922
BNBUSDT,1757309700000,2025-09-08 05:35:00,2025-09-08 14:35:00,876.63,876.68,875,875,564.659,494347.91495
BNBUSDT,1757310000000,2025-09-08 05:40:00,2025-09-08 14:40:00,875.01,875.01,871.66,874.73,4621.729,4036841.55342
BNBUSDT,1757310300000,2025-09-08 05:45:00,2025-09-08 14:45:00,874.73,874.99,874.22,874.48,439.299,384220.97864
BNBUSDT,1757310600000,2025-09-08 05:50:00,2025-09-08 14:50:00,874.48,874.99,874.48,874.7,244.452,213836.6988
BNBUSDT,1757310900000,2025-09-08 05:55:00,2025-09-08 14:55:00,874.71,875,874.39,874.72,191.131,167203.23751
BNBUSDT,1757311200000,2025-09-08 06:00:00,2025-09-08 15:00:00,874.73,874.87,872.85,873.76,1263.865,1104075.79305
BNBUSDT,1757311500000,2025-09-08 06:05:00,2025-09-08 15:05:00,873.76,873.76,872.28,872.41,629.739,549529.9964
BNBUSDT,1757311800000,2025-09-08 06:10:00,2025-09-08 15:10:00,872.41,873.2,872.41,873.2,400.805,349838.23726
BNBUSDT,1757312100000,2025-09-08 06:15:00,2025-09-08 15:15:00,873.2,873.23,872.53,872.93,633.598,553036.54322
BNBUSDT,1757312400000,2025-09-08 06:20:00,2025-09-08 15:20:00,872.92,874.64,872.92,874.44,494.123,431888.60776
BNBUSDT,1757312700000,2025-09-08 06:25:00,2025-09-08 15:25:00,874.43,875.32,874.43,874.9,723.43,632972.90209
BNBUSDT,1757313000000,2025-09-08 06:30:00,2025-09-08 15:30:00,874.9,875.04,874.07,874.3,421.367,368472.58628
BNBUSDT,1757313300000,2025-09-08 06:35:00,2025-09-08 15:35:00,874.31,874.31,873.7,873.79,293.569,256562.90204
BNBUSDT,1757313600000,2025-09-08 06:40:00,2025-09-08 15:40:00,873.78,874.29,873.78,874.29,264.398,231104.30318
BNBUSDT,1757313900000,2025-09-08 06:45:00,2025-09-08 15:45:00,874.29,874.29,873.52,873.84,338.39,295674.45195
BNBUSDT,1757314200000,2025-09-08 06:50:00,2025-09-08 15:50:00,873.83,873.84,873.41,873.59,182.542,159471.63287
BNBUSDT,1757314500000,2025-09-08 06:55:00,2025-09-08 15:55:00,873.59,873.65,873.2,873.21,379.058,331116.21485
BNBUSDT,1757314800000,2025-09-08 07:00:00,2025-09-08 16:00:00,873.21,874.2,873.15,874.2,490.543,428540.76099
BNBUSDT,1757315100000,2025-09-08 07:05:00,2025-09-08 16:05:00,874.2,874.8,874.2,874.48,219.676,192119.465
BNBUSDT,1757315400000,2025-09-08 07:10:00,2025-09-08 16:10:00,874.48,875.16,874.41,875.15,177.753,155506.76988
BNBUSDT,1757315700000,2025-09-08 07:15:00,2025-09-08 16:15:00,875.16,876.14,875,875.93,558.512,489028.23387
BNBUSDT,1757316000000,2025-09-08 07:20:00,2025-09-08 16:20:00,875.92,875.99,875,875.73,2233.702,1956095.57518
BNBUSDT,1757316300000,2025-09-08 07:25:00,2025-09-08 16:25:00,875.72,875.79,875.03,875.31,817.83,716004.26465
BNBUSDT,1757316600000,2025-09-08 07:30:00,2025-09-08 16:30:00,875.31,875.76,874.8,875.37,818.771,716816.27091
BNBUSDT,1757316900000,2025-09-08 07:35:00,2025-09-08 16:35:00,875.36,875.37,874,874.4,395.075,345517.01277
BNBUSDT,1757317200000,2025-09-08 07:40:00,2025-09-08 16:40:00,874.4,874.77,874.2,874.59,346.849,303332.16263
BNBUSDT,1757317500000,2025-09-08 07:45:00,2025-09-08 16:45:00,874.6,875.2,874.42,874.42,787.78,689182.77611
BNBUSDT,1757317800000,2025-09-08 07:50:00,2025-09-08 16:50:00,874.42,874.64,873.55,873.81,804.066,702764.0756
BNBUSDT,1757318100000,2025-09-08 07:55:00,2025-09-08 16:55:00,873.8,874.19,873.68,874.18,329.504,287928.24958
BNBUSDT,1757318400000,2025-09-08 08:00:00,2025-09-08 17:00:00,874.19,874.26,873.05,874.26,894.266,781231.36644
BNBUSDT,1757318700000,2025-09-08 08:05:00,2025-09-08 17:05:00,874.25,874.56,873.13,873.14,491.059,429136.03967
BNBUSDT,1757319000000,2025-09-08 08:10:00,2025-09-08 17:10:00,873.14,873.4,872.72,873,869.177,758787.41834
BNBUSDT,1757319300000,2025-09-08 08:15:00,2025-09-08 17:15:00,872.99,873.6,872.72,873.29,188.533,164607.8812
BNBUSDT,1757319600000,2025-09-08 08:20:00,2025-09-08 17:20:00,873.28,874.8,873.12,874.78,238.567,208492.76055
BNBUSDT,1757319900000,2025-09-08 08:25:00,2025-09-08 17:25:00,874.77,875.71,874.51,875.69,529.544,463398.93817
BNBUSDT,1757320200000,2025-09-08 08:30:00,2025-09-08 17:30:00,875.69,877.58,875.44,877.28,1958.367,1716867.94788
BNBUSDT,1757320500000,2025-09-08 08:35:00,2025-09-08 17:35:00,877.28,877.29,870.01,872.97,5121.225,4466633.71936
BNBUSDT,1757320800000,2025-09-08 08:40:00,2025-09-08 17:40:00,872.96,873.4,872.39,872.97,709.023,618931.8758
BNBUSDT,1757321100000,2025-09-08 08:45:00,2025-09-08 17:45:00,872.97,873.48,871.55,872.23,1006.812,878515.14305
BNBUSDT,1757321400000,2025-09-08 08:50:00,2025-09-08 17:50:00,872.22,872.64,872,872.16,801.742,699316.34686
BNBUSDT,1757321700000,2025-09-08 08:55:00,2025-09-08 17:55:00,872.15,872.36,872,872.24,542.291,472969.13669
BNBUSDT,1757322000000,2025-09-08 09:00:00,2025-09-08 18:00:00,872.25,872.72,871.72,872.33,508.678,443611.89502
BNBUSDT,1757322300000,2025-09-08 09:05:00,2025-09-08 18:05:00,872.34,873.84,872.28,873.84,530.503,463161.81753
BNBUSDT,1757322600000,2025-09-08 09:10:00,2025-09-08 18:10:00,873.84,874.34,873.83,874.34,297.582,260096.26506
BNBUSDT,1757322900000,2025-09-08 09:15:00,2025-09-08 18:15:00,874.34,875.43,874,875.01,2361.006,2065346.86399
BNBUSDT,1757323200000,2025-09-08 09:20:00,2025-09-08 18:20:00,875.01,875.62,874.9,875.36,794.89,695706.31784
BNBUSDT,1757323500000,2025-09-08 09:25:00,2025-09-08 18:25:00,875.36,875.36,874.75,874.78,467.026,408655.09507
BNBUSDT,1757323800000,2025-09-08 09:30:00,2025-09-08 18:30:00,874.77,874.9,874,874.4,429.367,375397.52193
BNBUSDT,1757324100000,2025-09-08 09:35:00,2025-09-08 18:35:00,874.39,874.4,873.7,874.28,259.694,226986.04414
BNBUSDT,1757324400000,2025-09-08 09:40:00,2025-09-08 18:40:00,874.27,875,874.27,874.75,337.879,295564.03802
BNBUSDT,1757324700000,2025-09-08 09:45:00,2025-09-08 18:45:00,874.75,875.5,874.73,875.26,373.282,326658.59593
BNBUSDT,1757325000000,2025-09-08 09:50:00,2025-09-08 18:50:00,875.26,876.01,875.16,875.76,744.02,651517.92009
BNBUSDT,1757325300000,2025-09-08 09:55:00,2025-09-08 18:55:00,875.76,876.49,875.72,876.2,1000.589,876540.99704
BNBUSDT,1757325600000,2025-09-08 10:00:00,2025-09-08 19:00:00,876.2,876.51,875.44,876.14,744.045,651716.65974
BNBUSDT,1757325900000,2025-09-08 10:05:00,2025-09-08 19:05:00,876.14,877.2,876.13,876.79,496.585,435409.09104
BNBUSDT,1757326200000,2025-09-08 10:10:00,2025-09-08 19:10:00,876.8,876.92,876.67,876.92,342.729,300502.56463
BNBUSDT,1757326500000,2025-09-08 10:15:00,2025-09-08 19:15:00,876.92,877.07,876.75,876.75,499.849,438300.27541
BNBUSDT,1757326800000,2025-09-08 10:20:00,2025-09-08 19:20:00,876.75,877.96,876.75,877.96,852.638,747904.80589
BNBUSDT,1757327100000,2025-09-08 10:25:00,2025-09-08 19:25:00,877.95,877.95,877.17,877.19,461.226,404741.08181
BNBUSDT,1757327400000,2025-09-08 10:30:00,2025-09-08 19:30:00,877.19,877.3,876.56,876.77,722.661,633701.64767
BNBUSDT,1757327700000,2025-09-08 10:35:00,2025-09-08 19:35:00,876.77,878,876.69,877.51,455.018,399172.66217
BNBUSDT,1757328000000,2025-09-08 10:40:00,2025-09-08 19:40:00,877.5,878.4,877.5,878.34,437.621,384289.62677
BNBUSDT,1757328300000,2025-09-08 10:45:00,2025-09-08 19:45:00,878.33,879,877.88,878.99,613.467,538935.91563
BNBUSDT,1757328600000,2025-09-08 10:50:00,2025-09-08 19:50:00,878.99,879.37,877.3,877.79,1543.973,1356556.35947
BNBUSDT,1757328900000,2025-09-08 10:55:00,2025-09-08 19:55:00,877.79,878.4,877.35,877.59,456.068,400360.47068
BNBUSDT,1757329200000,2025-09-08 11:00:00,2025-09-08 20:00:00,877.59,877.59,876.1,876.11,599.563,525676.0533
BNBUSDT,1757329500000,2025-09-08 11:05:00,2025-09-08 20:05:00,876.1,877.16,876.09,877.04,406.937,356759.44963
BNBUSDT,1757329800000,2025-09-08 11:10:00,2025-09-08 20:10:00,877.05,877.33,875.89,876.08,418.243,366669.23045
BNBUSDT,1757330100000,2025-09-08 11:15:00,2025-09-08 20:15:00,876.08,876.47,875.35,876.47,410.896,359899.78947
BNBUSDT,1757330400000,2025-09-08 11:20:00,2025-09-08 20:20:00,876.48,877,876.36,876.44,294.199,257924.16801
BNBUSDT,1757330700000,2025-09-08 11:25:00,2025-09-08 20:25:00,876.43,876.83,876,876.2,251.468,220389.74122
BNBUSDT,1757331000000,2025-09-08 11:30:00,2025-09-08 20:30:00,876.19,876.48,875.6,875.8,379.149,332154.99856
BNBUSDT,1757331300000,2025-09-08 11:35:00,2025-09-08 20:35:00,875.8,876.56,875.8,875.99,304.924,267168.1789
BNBUSDT,1757331600000,2025-09-08 11:40:00,2025-09-08 20:40:00,876,876.86,875.99,876.5,648.132,568097.53961
BNBUSDT,1757331900000,2025-09-08 11:45:00,2025-09-08 20:45:00,876.5,878.35,876.5,878.09,787.087,690766.44107
BNBUSDT,1757332200000,2025-09-08 11:50:00,2025-09-08 20:50:00,878.09,879,878.08,878.59,445.6,391520.43839
BNBUSDT,1757332500000,2025-09-08 11:55:00,2025-09-08 20:55:00,878.6,878.84,878.5,878.72,269.87,237111.51261
BNBUSDT,1757332800000,2025-09-08 12:00:00,2025-09-08 21:00:00,878.72,878.98,878.68,878.7,444.327,390492.08017
BNBUSDT,1757333100000,2025-09-08 12:05:00,2025-09-08 21:05:00,878.7,879.32,878.68,878.7,580.361,510109.64596
BNBUSDT,1757333400000,2025-09-08 12:10:00,2025-09-08 21:10:00,878.7,878.7,877.44,877.69,644.667,566110.91901
BNBUSDT,1757333700000,2025-09-08 12:15:00,2025-09-08 21:15:00,877.69,877.76,877.2,877.4,596.206,523129.59352
BNBUSDT,1757334000000,2025-09-08 12:20:00,2025-09-08 21:20:00,877.41,878.15,877.4,877.93,338.006,296748.08049
BNBUSDT,1757334300000,2025-09-08 12:25:00,2025-09-08 21:25:00,877.93,878.09,877.61,878.08,427.837,375615.77609
BNBUSDT,1757334600000,2025-09-08 12:30:00,2025-09-08 21:30:00,878.09,878.7,878,878.3,323.861,284443.628
BNBUSDT,1757334900000,2025-09-08 12:35:00,2025-09-08 21:35:00,878.3,878.95,877.9,877.91,456.134,400684.16077
BNBUSDT,1757335200000,2025-09-08 12:40:00,2025-09-08 21:40:00,877.9,878.36,877.9,878.28,180.574,158576.46976
BNBUSDT,1757335500000,2025-09-08 12:45:00,2025-09-08 21:45:00,878.27,878.48,878.07,878.34,163.935,143976.93298
BNBUSDT,1757335800000,2025-09-08 12:50:00,2025-09-08 21:50:00,878.34,879,877.82,877.83,945.136,830438.95168
BNBUSDT,1757336100000,2025-09-08 12:55:00,2025-09-08 21:55:00,877.82,878.1,877.6,877.9,190.014,166814.2687
BNBUSDT,1757336400000,2025-09-08 13:00:00,2025-09-08 22:00:00,877.91,879.4,877.9,879.21,787.108,691612.55974
BNBUSDT,1757336700000,2025-09-08 13:05:00,2025-09-08 22:05:00,879.21,881,879.18,880.91,1474.376,1297571.55008
BNBUSDT,1757337000000,2025-09-08 13:10:00,2025-09-08 22:10:00,880.9,881.56,880.52,881.01,1387.243,1222449.37343
BNBUSDT,1757337300000,2025-09-08 13:15:00,2025-09-08 22:15:00,881,881.36,879.98,880.25,1595.99,1405131.17308
BNBUSDT,1757337600000,2025-09-08 13:20:00,2025-09-08 22:20:00,880.24,880.83,879.64,880.43,648.202,570517.70212
BNBUSDT,1757337900000,2025-09-08 13:25:00,2025-09-08 22:25:00,880.44,881.65,880.43,881.49,1033.007,910225.02764
BNBUSDT,1757338200000,2025-09-08 13:30:00,2025-09-08 22:30:00,881.49,881.58,880.06,880.53,433.378,381818.27041
BNBUSDT,1757338500000,2025-09-08 13:35:00,2025-09-08 22:35:00,880.53,880.62,878.38,878.43,1078.709,948595.83686
BNBUSDT,1757338800000,2025-09-08 13:40:00,2025-09-08 22:40:00,878.43,880,878.4,879.76,787.942,692649.44095
BNBUSDT,1757339100000,2025-09-08 13:45:00,2025-09-08 22:45:00,879.76,880.3,879.24,880.22,982.377,864398.50747
BNBUSDT,1757339400000,2025-09-08 13:50:00,2025-09-08 22:50:00,880.22,881.34,879.75,879.9,1709.578,1505386.25985
BNBUSDT,1757339700000,2025-09-08 13:55:00,2025-09-08 22:55:00,879.9,880.29,878.82,878.91,504.402,443710.66548
BNBUSDT,1757340000000,2025-09-08 14:00:00,2025-09-08 23:00:00,878.91,880.24,878.7,879.75,749.923,659693.87813
BNBUSDT,1757340300000,2025-09-08 14:05:00,2025-09-08 23:05:00,879.75,879.86,878.68,879.81,634.273,557749.6035
BNBUSDT,1757340600000,2025-09-08 14:10:00,2025-09-08 23:10:00,879.8,880.08,879.6,879.61,344.021,302701.2307
BNBUSDT,1757340900000,2025-09-08 14:15:00,2025-09-08 23:15:00,879.61,879.63,878.72,878.81,341.037,299905.65972
BNBUSDT,1757341200000,2025-09-08 14:20:00,2025-09-08 23:20:00,878.8,879.4,878.53,879.39,323.788,284568.95876
BNBUSDT,1757341500000,2025-09-08 14:25:00,2025-09-08 23:25:00,879.39,880.33,879.39,880.23,485.878,427545.43629
BNBUSDT,1757341800000,2025-09-08 14:30:00,2025-09-08 23:30:00,880.23,881.15,880.11,881.14,775.319,682762.29635
BNBUSDT,1757342100000,2025-09-08 14:35:00,2025-09-08 23:35:00,881.15,881.96,881.14,881.81,443.932,391349.86927
BNBUSDT,1757342400000,2025-09-08 14:40:00,2025-09-08 23:40:00,881.82,881.9,880.32,880.8,532.644,469326.0418
BNBUSDT,1757342700000,2025-09-08 14:45:00,2025-09-08 23:45:00,880.79,881.08,880.6,880.61,331.081,291650.25423
BNBUSDT,1757343000000,2025-09-08 14:50:00,2025-09-08 23:50:00,880.6,880.76,880.27,880.41,326.329,287326.05585
BNBUSDT,1757343300000,2025-09-08 14:55:00,2025-09-08 23:55:00,880.41,880.9,880.35,880.7,202.827,178620.59554
BNBUSDT,1757343600000,2025-09-08 15:00:00,2025-09-09 00:00:00,880.7,881.94,880.4,881.93,866.032,763132.06807
BNBUSDT,1757343900000,2025-09-08 15:05:00,2025-09-09 00:05:00,881.93,881.99,881.21,881.4,596.743,526067.89176
BNBUSDT,1757344200000,2025-09-08 15:10:00,2025-09-09 00:10:00,881.4,882.9,881.39,882.64,1351.869,1192990.43398
BNBUSDT,1757344500000,2025-09-08 15:15:00,2025-09-09 00:15:00,882.65,882.89,882.16,882.66,328.98,290333.48791
BNBUSDT,1757344800000,2025-09-08 15:20:00,2025-09-09 00:20:00,882.65,882.92,881.32,881.64,2348.151,2070856.39691
BNBUSDT,1757345100000,2025-09-08 15:25:00,2025-09-09 00:25:00,881.63,882.1,881.61,882,371.84,327905.79893
BNBUSDT,1757345400000,2025-09-08 15:30:00,2025-09-09 00:30:00,882.01,882.01,880.9,880.92,434.778,383175.44132
BNBUSDT,1757345700000,2025-09-08 15:35:00,2025-09-09 00:35:00,880.93,881.02,880.19,881.01,889.698,783407.60801
BNBUSDT,1757346000000,2025-09-08 15:40:00,2025-09-09 00:40:00,881.02,881.2,880.12,880.52,550.62,484884.13623
BNBUSDT,1757346300000,2025-09-08 15:45:00,2025-09-09 00:45:00,880.52,880.52,878.92,879.2,886.182,779405.09775
BNBUSDT,1757346600000,2025-09-08 15:50:00,2025-09-09 00:50:00,879.2,880.09,879,880.09,881.888,775495.31232
BNBUSDT,1757346900000,2025-09-08 15:55:00,2025-09-09 00:55:00,880.09,880.34,879.7,880.18,288.45,253827.22007
BNBUSDT,1757347200000,2025-09-08 16:00:00,2025-09-09 01:00:00,880.18,880.3,879.6,879.61,292.612,257495.24527
BNBUSDT,1757347500000,2025-09-08 16:05:00,2025-09-09 01:05:00,879.61,879.92,879.31,879.33,362.829,319114.98202
BNBUSDT,1757347800000,2025-09-08 16:10:00,2025-09-09 01:10:00,879.33,879.81,879.14,879.17,376.934,331469.45226
BNBUSDT,1757348100000,2025-09-08 16:15:00,2025-09-09 01:15:00,879.18,879.48,878.52,879.44,646.434,568223.07009
BNBUSDT,1757348400000,2025-09-08 16:20:00,2025-09-09 01:20:00,879.44,879.87,879,879.44,470.154,413491.87435
BNBUSDT,1757348700000,2025-09-08 16:25:00,2025-09-09 01:25:00,879.45,880.5,879.3,880.5,497.956,438157.73051
BNBUSDT,1757349000000,2025-09-08 16:30:00,2025-09-09 01:30:00,880.5,880.5,879.58,879.96,491.926,432912.47957
BNBUSDT,1757349300000,2025-09-08 16:35:00,2025-09-09 01:35:00,879.97,880.14,878.8,878.8,561.829,494089.9444
BNBUSDT,1757349600000,2025-09-08 16:40:00,2025-09-09 01:40:00,878.81,879.6,878.64,879.51,436.559,383734.79468
BNBUSDT,1757349900000,2025-09-08 16:45:00,2025-09-09 01:45:00,879.5,880.02,878.88,879.67,1032.576,907983.25794
BNBUSDT,1757350200000,2025-09-08 16:50:00,2025-09-09 01:50:00,879.66,880.32,879.52,880.16,282.396,248469.58044
BNBUSDT,1757350500000,2025-09-08 16:55:00,2025-09-09 01:55:00,880.17,880.4,879.85,880.07,572.168,503536.9246
BNBUSDT,1757350800000,2025-09-08 17:00:00,2025-09-09 02:00:00,880.07,880.07,878.72,878.81,331.55,291627.11985
BNBUSDT,1757351100000,2025-09-08 17:05:00,2025-09-09 02:05:00,878.81,879.86,878.8,879.86,413.937,363978.73837
BNBUSDT,1757351400000,2025-09-08 17:10:00,2025-09-09 02:10:00,879.85,880.25,879.64,879.81,376.55,331352.17312
BNBUSDT,1757351700000,2025-09-08 17:15:00,2025-09-09 02:15:00,879.81,880.47,879.8,880.47,168.623,148398.21929
BNBUSDT,1757352000000,2025-09-08 17:20:00,2025-09-09 02:20:00,880.48,881.68,880.24,881.67,351.867,309948.56344
BNBUSDT,1757352300000,2025-09-08 17:25:00,2025-09-09 02:25:00,881.68,882.16,881.44,882.15,480.145,423406.881
BNBUSDT,1757352600000,2025-09-08 17:30:00,2025-09-09 02:30:00,882.15,882.15,880.64,880.76,350.956,309358.38134
BNBUSDT,1757352900000,2025-09-08 17:35:00,2025-09-09 02:35:00,880.75,880.75,880.25,880.36,161.636,142322.44436
BNBUSDT,1757353200000,2025-09-08 17:40:00,2025-09-09 02:40:00,880.35,880.57,878.89,879.26,447.699,393791.86082
BNBUSDT,1757353500000,2025-09-08 17:45:00,2025-09-09 02:45:00,879.26,880,879.25,879.6,233.463,205374.87282
BNBUSDT,1757353800000,2025-09-08 17:50:00,2025-09-09 02:50:00,879.61,879.61,878.07,878.67,385.427,338614.3188
BNBUSDT,1757354100000,2025-09-08 17:55:00,2025-09-09 02:55:00,878.68,878.68,878.32,878.5,344.073,302276.37357
BNBUSDT,1757354400000,2025-09-08 18:00:00,2025-09-09 03:00:00,878.51,879.4,878.51,878.97,166.771,146593.94033
BNBUSDT,1757354700000,2025-09-08 18:05:00,2025-09-09 03:05:00,878.97,879.68,878.77,878.77,187.831,165157.75527
BNBUSDT,1757355000000,2025-09-08 18:10:00,2025-09-09 03:10:00,878.77,878.78,877.65,878.66,708.51,622193.2183
BNBUSDT,1757355300000,2025-09-08 18:15:00,2025-09-09 03:15:00,878.66,879.1,878.56,878.61,309.741,272247.7765
BNBUSDT,1757355600000,2025-09-08 18:20:00,2025-09-09 03:20:00,878.6,878.9,878.6,878.85,94.859,83365.03411
BNBUSDT,1757355900000,2025-09-08 18:25:00,2025-09-09 03:25:00,878.84,878.85,877.96,878.56,594.849,522452.85141
BNBUSDT,1757356200000,2025-09-08 18:30:00,2025-09-09 03:30:00,878.55,878.7,878.2,878.64,189.881,166801.06713
BNBUSDT,1757356500000,2025-09-08 18:35:00,2025-09-09 03:35:00,878.64,879.16,878.3,878.7,800.951,703770.11894
BNBUSDT,1757356800000,2025-09-08 18:40:00,2025-09-09 03:40:00,878.71,879.85,878.68,879.57,648.367,570096.66393
BNBUSDT,1757357100000,2025-09-08 18:45:00,2025-09-09 03:45:00,879.56,880.68,879.56,880.68,207.374,182527.73646
BNBUSDT,1757357400000,2025-09-08 18:50:00,2025-09-09 03:50:00,880.69,880.72,880.17,880.59,316.188,278379.78154
BNBUSDT,1757357700000,2025-09-08 18:55:00,2025-09-09 03:55:00,880.59,880.67,880.58,880.65,84.93,74790.02497
BNBUSDT,1757358000000,2025-09-08 19:00:00,2025-09-09 04:00:00,880.65,880.65,880.3,880.33,195.136,171804.06051
BNBUSDT,1757358300000,2025-09-08 19:05:00,2025-09-09 04:05:00,880.32,880.32,878.8,878.81,318.589,280253.72116
BNBUSDT,1757358600000,2025-09-08 19:10:00,2025-09-09 04:10:00,878.81,879.3,878.6,879.2,412.923,362909.46169
BNBUSDT,1757358900000,2025-09-08 19:15:00,2025-09-09 04:15:00,879.2,879.2,878.16,878.32,960.018,843569.88313
BNBUSDT,1757359200000,2025-09-08 19:20:00,2025-09-09 04:20:00,878.33,878.33,877.4,877.9,1254.532,1101317.57728
BNBUSDT,1757359500000,2025-09-08 19:25:00,2025-09-09 04:25:00,877.89,878,877.64,877.88,194.505,170737.2046
BNBUSDT,1757359800000,2025-09-08 19:30:00,2025-09-09 04:30:00,877.89,878,876.1,876.33,365.455,320536.68484
BNBUSDT,1757360100000,2025-09-08 19:35:00,2025-09-09 04:35:00,876.33,877.2,876.11,876.61,621.12,544487.8395
BNBUSDT,1757360400000,2025-09-08 19:40:00,2025-09-09 04:40:00,876.62,877.54,876.61,877.17,309.492,271455.41392
BNBUSDT,1757360700000,2025-09-08 19:45:00,2025-09-09 04:45:00,877.17,877.84,877.17,877.82,212.467,186439.05975
BNBUSDT,1757361000000,2025-09-08 19:50:00,2025-09-09 04:50:00,877.82,878,877.55,878,278.054,244052.66699
BNBUSDT,1757361300000,2025-09-08 19:55:00,2025-09-09 04:55:00,878,878,877,877.63,632.534,555151.06864
BNBUSDT,1757361600000,2025-09-08 20:00:00,2025-09-09 05:00:00,877.64,878.16,877.36,877.65,459.491,403307.9025
BNBUSDT,1757361900000,2025-09-08 20:05:00,2025-09-09 05:05:00,877.64,878.48,877.64,878.47,123.489,108431.42026
BNBUSDT,1757362200000,2025-09-08 20:10:00,2025-09-09 05:10:00,878.48,878.48,877.76,877.94,158.649,139318.8363
BNBUSDT,1757362500000,2025-09-08 20:15:00,2025-09-09 05:15:00,877.95,877.95,877.03,877.16,171.602,150588.13173
BNBUSDT,1757362800000,2025-09-08 20:20:00,2025-09-09 05:20:00,877.15,878.28,877.15,877.93,724.151,635726.85671
BNBUSDT,1757363100000,2025-09-08 20:25:00,2025-09-09 05:25:00,877.93,878.28,877.55,878.11,203.417,178606.50193
BNBUSDT,1757363400000,2025-09-08 20:30:00,2025-09-09 05:30:00,878.11,878.3,878.01,878.3,249.922,219468.76294
BNBUSDT,1757363700000,2025-09-08 20:35:00,2025-09-09 05:35:00,878.3,878.3,878.08,878.09,111.276,97722.15445
BNBUSDT,1757364000000,2025-09-08 20:40:00,2025-09-09 05:40:00,878.09,878.5,878.08,878.11,281.24,246997.78167
BNBUSDT,1757364300000,2025-09-08 20:45:00,2025-09-09 05:45:00,878.12,878.12,877.72,877.76,149.651,131378.27239
BNBUSDT,1757364600000,2025-09-08 20:50:00,2025-09-09 05:50:00,877.77,878.24,877.76,878.24,251.387,220726.03851
BNBUSDT,1757364900000,2025-09-08 20:55:00,2025-09-09 05:55:00,878.24,878.79,877.87,878.79,239.808,210605.26019
BNBUSDT,1757365200000,2025-09-08 21:00:00,2025-09-09 06:00:00,878.79,878.79,878.05,878.38,193.334,169826.25189
BNBUSDT,1757365500000,2025-09-08 21:05:00,2025-09-09 06:05:00,878.38,878.44,878.11,878.29,195.476,171681.60707
BNBUSDT,1757365800000,2025-09-08 21:10:00,2025-09-09 06:10:00,878.3,879.3,878.29,879.23,457.997,402418.89315
BNBUSDT,1757366100000,2025-09-08 21:15:00,2025-09-09 06:15:00,879.23,880,879.22,879.99,329.503,289832.70907
BNBUSDT,1757366400000,2025-09-08 21:20:00,2025-09-09 06:20:00,880,880,879.7,879.8,101.232,89065.45115
BNBUSDT,1757366700000,2025-09-08 21:25:00,2025-09-09 06:25:00,879.8,880.8,879.79,880.51,511.649,450392.42037
BNBUSDT,1757367000000,2025-09-08 21:30:00,2025-09-09 06:30:00,880.51,880.74,880.37,880.47,204.082,179699.67799
BNBUSDT,1757367300000,2025-09-08 21:35:00,2025-09-09 06:35:00,880.48,881.29,880.47,881.28,257.01,226417.92222
BNBUSDT,1757367600000,2025-09-08 21:40:00,2025-09-09 06:40:00,881.27,881.78,881.2,881.2,387.271,341377.77024
BNBUSDT,1757367900000,2025-09-08 21:45:00,2025-09-09 06:45:00,881.2,881.78,880.98,881.78,194.793,171690.92136
BNBUSDT,1757368200000,2025-09-08 21:50:00,2025-09-09 06:50:00,881.78,882.08,881.56,882.03,468.494,413151.41982
BNBUSDT,1757368500000,2025-09-08 21:55:00,2025-09-09 06:55:00,882.03,882.56,882,882,507.107,447399.37768
BNBUSDT,1757368800000,2025-09-08 22:00:00,2025-09-09 07:00:00,882.01,882.4,880.8,880.84,376.138,331679.61054
BNBUSDT,1757369100000,2025-09-08 22:05:00,2025-09-09 07:05:00,880.84,881.92,880.84,881.92,178.052,156936.72032
BNBUSDT,1757369400000,2025-09-08 22:10:00,2025-09-09 07:10:00,881.91,882.1,881.08,881.18,773.216,681625.18783
BNBUSDT,1757369700000,2025-09-08 22:15:00,2025-09-09 07:15:00,881.18,881.5,880.76,881.01,439.175,386923.8959
BNBUSDT,1757370000000,2025-09-08 22:20:00,2025-09-09 07:20:00,881.01,881.01,880.3,880.47,377.654,332563.72287
BNBUSDT,1757370300000,2025-09-08 22:25:00,2025-09-09 07:25:00,880.47,880.52,879.87,879.88,179.985,158436.3898
BNBUSDT,1757370600000,2025-09-08 22:30:00,2025-09-09 07:30:00,879.88,880.24,879.87,880.12,367.747,323647.80407
BNBUSDT,1757370900000,2025-09-08 22:35:00,2025-09-09 07:35:00,880.13,880.13,879.24,879.55,281.313,247423.2723
BNBUSDT,1757371200000,2025-09-08 22:40:00,2025-09-09 07:40:00,879.55,879.77,879.55,879.77,149.519,131521.78129
BNBUSDT,1757371500000,2025-09-08 22:45:00,2025-09-09 07:45:00,879.76,879.77,878.56,878.57,240.843,211774.57766
BNBUSDT,1757371800000,2025-09-08 22:50:00,2025-09-09 07:50:00,878.57,879.2,878.32,879.2,210.268,184737.24938
BNBUSDT,1757372100000,2025-09-08 22:55:00,2025-09-09 07:55:00,879.2,879.2,878.76,879.04,133.961,117739.81497
BNBUSDT,1757372400000,2025-09-08 23:00:00,2025-09-09 08:00:00,879.04,879.04,878.5,878.91,270.771,237941.32296
BNBUSDT,1757372700000,2025-09-08 23:05:00,2025-09-09 08:05:00,878.9,879.08,878.84,879.07,151.67,133314.78102
BNBUSDT,1757373000000,2025-09-08 23:10:00,2025-09-09 08:10:00,879.07,879.07,878.56,878.57,130.406,114611.38841
BNBUSDT,1757373300000,2025-09-08 23:15:00,2025-09-09 08:15:00,878.57,878.76,878.3,878.51,368.816,324025.40167
BNBUSDT,1757373600000,2025-09-08 23:20:00,2025-09-09 08:20:00,878.5,878.76,878.45,878.45,407.281,357826.15408
BNBUSDT,1757373900000,2025-09-08 23:25:00,2025-09-09 08:25:00,878.46,878.49,877.97,878.3,162.032,142313.75609
BNBUSDT,1757374200000,2025-09-08 23:30:00,2025-09-09 08:30:00,878.29,878.31,877.99,878,176.028,154564.51691
BNBUSDT,1757374500000,2025-09-08 23:35:00,2025-09-09 08:35:00,877.99,878.92,877.99,878.91,234.555,206028.03486
BNBUSDT,1757374800000,2025-09-08 23:40:00,2025-09-09 08:40:00,878.92,880,878.5,878.99,873.556,768104.61119
BNBUSDT,1757375100000,2025-09-08 23:45:00,2025-09-09 08:45:00,878.99,878.99,878.2,878.76,476.561,418651.03489
BNBUSDT,1757375400000,2025-09-08 23:50:00,2025-09-09 08:50:00,878.76,878.76,877.92,878.32,288.794,253661.98908
BNBUSDT,1757375700000,2025-09-08 23:55:00,2025-09-09 08:55:00,878.32,878.56,877.8,878.08,196.817,172837.64682
BNBUSDT,1757376000000,2025-09-09 00:00:00,2025-09-09 09:00:00,878.08,879.44,878.08,879.39,450.14,395622.33684
BNBUSDT,1757376300000,2025-09-09 00:05:00,2025-09-09 09:05:00,879.4,879.7,879.07,879.17,482.123,423996.30628
BNBUSDT,1757376600000,2025-09-09 00:10:00,2025-09-09 09:10:00,879.17,879.17,878.72,878.99,294.199,258573.47248
BNBUSDT,1757376900000,2025-09-09 00:15:00,2025-09-09 09:15:00,878.99,879.98,878.52,878.87,800.384,703705.6751
BNBUSDT,1757377200000,2025-09-09 00:20:00,2025-09-09 09:20:00,878.88,878.88,877.76,877.84,528.142,463854.12766
BNBUSDT,1757377500000,2025-09-09 00:25:00,2025-09-09 09:25:00,877.85,877.85,877.3,877.52,446.173,391537.08747
BNBUSDT,1757377800000,2025-09-09 00:30:00,2025-09-09 09:30:00,877.53,877.54,876.05,876.75,858.229,752472.96069
BNBUSDT,1757378100000,2025-09-09 00:35:00,2025-09-09 09:35:00,876.76,876.78,875.54,875.85,504.746,442163.07831
BNBUSDT,1757378400000,2025-09-09 00:40:00,2025-09-09 09:40:00,875.84,876.6,875.61,876.45,294.191,257744.17275
BNBUSDT,1757378700000,2025-09-09 00:45:00,2025-09-09 09:45:00,876.44,877.08,875.58,877,600.054,525826.13829
BNBUSDT,1757379000000,2025-09-09 00:50:00,2025-09-09 09:50:00,876.99,877,875.56,876.04,316.117,276937.24732
BNBUSDT,1757379300000,2025-09-09 00:55:00,2025-09-09 09:55:00,876.04,876.1,875.9,876.01,205.711,180203.22135
BNBUSDT,1757379600000,2025-09-09 01:00:00,2025-09-09 10:00:00,876.01,876.62,875.8,875.81,263.805,231153.74111
BNBUSDT,1757379900000,2025-09-09 01:05:00,2025-09-09 10:05:00,875.81,876.86,875.8,876.43,241.108,211317.61201
BNBUSDT,1757380200000,2025-09-09 01:10:00,2025-09-09 10:10:00,876.44,876.44,875.52,875.65,463.85,406283.39123
BNBUSDT,1757380500000,2025-09-09 01:15:00,2025-09-09 10:15:00,875.64,875.65,874.2,874.52,1105.037,966505.42013
BNBUSDT,1757380800000,2025-09-09 01:20:00,2025-09-09 10:20:00,874.51,874.54,873.52,873.53,894.381,781704.36063
BNBUSDT,1757381100000,2025-09-09 01:25:00,2025-09-09 10:25:00,873.53,873.64,872,872.95,1087.329,949080.73824
BNBUSDT,1757381400000,2025-09-09 01:30:00,2025-09-09 10:30:00,872.96,873.08,872.01,872.81,484.235,422617.06117
BNBUSDT,1757381700000,2025-09-09 01:35:00,2025-09-09 10:35:00,872.8,872.87,872,872.01,522.918,456124.08405
BNBUSDT,1757382000000,2025-09-09 01:40:00,2025-09-09 10:40:00,872.01,873.92,872,873.72,480.321,419380.29416
BNBUSDT,1757382300000,2025-09-09 01:45:00,2025-09-09 10:45:00,873.72,873.72,872.68,872.8,219.135,191348.60454
BNBUSDT,1757382600000,2025-09-09 01:50:00,2025-09-09 10:50:00,872.8,873.52,872.42,873.3,971.278,847784.44033
BNBUSDT,1757382900000,2025-09-09 01:55:00,2025-09-09 10:55:00,873.3,873.3,872.93,873.16,256.97,224357.91767
BNBUSDT,1757383200000,2025-09-09 02:00:00,2025-09-09 11:00:00,873.15,873.8,872.94,873.5,275.118,240280.83746
BNBUSDT,1757383500000,2025-09-09 02:05:00,2025-09-09 11:05:00,873.5,873.69,873,873.3,291.668,254713.29502
BNBUSDT,1757383800000,2025-09-09 02:10:00,2025-09-09 11:10:00,873.3,873.38,872.89,872.91,477.342,416726.45131
BNBUSDT,1757384100000,2025-09-09 02:15:00,2025-09-09 11:15:00,872.91,873.64,872.9,873.64,175.464,153241.14492
BNBUSDT,1757384400000,2025-09-09 02:20:00,2025-09-09 11:20:00,873.64,873.64,872.48,872.92,215.911,188468.08616
BNBUSDT,1757384700000,2025-09-09 02:25:00,2025-09-09 11:25:00,872.92,873.1,872,873.05,586.54,511652.86127
BNBUSDT,1757385000000,2025-09-09 02:30:00,2025-09-09 11:30:00,873.05,873.75,872.84,873.21,236.069,206175.74923
BNBUSDT,1757385300000,2025-09-09 02:35:00,2025-09-09 11:35:00,873.21,874.48,873.21,874.28,789.562,690140.21614
BNBUSDT,1757385600000,2025-09-09 02:40:00,2025-09-09 11:40:00,874.28,875,874.01,874.01,362.809,317276.79829
BNBUSDT,1757385900000,2025-09-09 02:45:00,2025-09-09 11:45:00,874.01,874.02,872.51,873.54,1007.461,879915.03897
BNBUSDT,1757386200000,2025-09-09 02:50:00,2025-09-09 11:50:00,873.53,873.6,872.52,873.44,1876.707,1638521.86306
BNBUSDT,1757386500000,2025-09-09 02:55:00,2025-09-09 11:55:00,873.44,874.29,873.04,874.29,197.362,172454.51174
BNBUSDT,1757386800000,2025-09-09 03:00:00,2025-09-09 12:00:00,874.29,874.66,873.71,874.65,239.534,209392.34151
BNBUSDT,1757387100000,2025-09-09 03:05:00,2025-09-09 12:05:00,874.66,874.68,874.21,874.35,162.687,142260.78798
BNBUSDT,1757387400000,2025-09-09 03:10:00,2025-09-09 12:10:00,874.36,874.9,874.35,874.71,219.088,191631.11219
BNBUSDT,1757387700000,2025-09-09 03:15:00,2025-09-09 12:15:00,874.7,875,874.61,874.97,206.329,180497.83272
BNBUSDT,1757388000000,2025-09-09 03:20:00,2025-09-09 12:20:00,874.97,874.97,874.5,874.82,115.202,100767.75323
BNBUSDT,1757388300000,2025-09-09 03:25:00,2025-09-09 12:25:00,874.81,875.48,874.73,875.4,445.694,390089.96997
BNBUSDT,1757388600000,2025-09-09 03:30:00,2025-09-09 12:30:00,875.39,875.5,874.12,874.13,563.28,492834.08285
BNBUSDT,1757388900000,2025-09-09 03:35:00,2025-09-09 12:35:00,874.13,874.4,873.93,874.06,687.217,600791.1133
BNBUSDT,1757389200000,2025-09-09 03:40:00,2025-09-09 12:40:00,874.06,875,874.06,874.85,509.307,445360.51225
BNBUSDT,1757389500000,2025-09-09 03:45:00,2025-09-09 12:45:00,874.85,875.04,874.09,874.88,533.452,466539.39687
BNBUSDT,1757389800000,2025-09-09 03:50:00,2025-09-09 12:50:00,874.89,875.41,874.8,875.32,311.258,272383.53287
BNBUSDT,1757390100000,2025-09-09 03:55:00,2025-09-09 12:55:00,875.33,875.45,875.14,875.14,404.901,354426.62716
BNBUSDT,1757390400000,2025-09-09 04:00:00,2025-09-09 13:00:00,875.13,875.13,874.21,874.79,364.448,318731.11765
BNBUSDT,1757390700000,2025-09-09 04:05:00,2025-09-09 13:05:00,874.8,874.8,874.2,874.28,355.352,310769.5719
BNBUSDT,1757391000000,2025-09-09 04:10:00,2025-09-09 13:10:00,874.28,874.54,874.1,874.19,181.487,158687.95727
BNBUSDT,1757391300000,2025-09-09 04:15:00,2025-09-09 13:15:00,874.19,875.48,874.17,875.48,164.375,143810.04814
BNBUSDT,1757391600000,2025-09-09 04:20:00,2025-09-09 13:20:00,875.48,876.59,875.31,875.84,477.497,418315.78658
BNBUSDT,1757391900000,2025-09-09 04:25:00,2025-09-09 13:25:00,875.85,875.95,875.04,875.05,347.172,303974.74338
BNBUSDT,1757392200000,2025-09-09 04:30:00,2025-09-09 13:30:00,875.05,875.8,875.04,875.64,241.592,211543.65018
BNBUSDT,1757392500000,2025-09-09 04:35:00,2025-09-09 13:35:00,875.63,875.64,875.09,875.09,155.101,135750.38164
BNBUSDT,1757392800000,2025-09-09 04:40:00,2025-09-09 13:40:00,875.09,875.82,875,875.52,933.635,817269.532
BNBUSDT,1757393100000,2025-09-09 04:45:00,2025-09-09 13:45:00,875.52,875.53,874.96,875.18,314.993,275692.81791
BNBUSDT,1757393400000,2025-09-09 04:50:00,2025-09-09 13:50:00,875.17,876.47,874.92,876.37,298.105,261023.13576
BNBUSDT,1757393700000,2025-09-09 04:55:00,2025-09-09 13:55:00,876.36,876.82,876,876.29,180.013,157768.48045
BNBUSDT,1757394000000,2025-09-09 05:00:00,2025-09-09 14:00:00,876.29,876.67,876.04,876.51,535.714,469481.0656
BNBUSDT,1757394300000,2025-09-09 05:05:00,2025-09-09 14:05:00,876.52,876.98,876.2,876.24,401.552,352022.52757
BNBUSDT,1757394600000,2025-09-09 05:10:00,2025-09-09 14:10:00,876.24,876.24,875.36,875.6,167.582,146772.22393
BNBUSDT,1757394900000,2025-09-09 05:15:00,2025-09-09 14:15:00,875.6,875.93,875.52,875.93,89.546,78420.00268
BNBUSDT,1757395200000,2025-09-09 05:20:00,2025-09-09 14:20:00,875.92,876.15,875.1,875.17,140.777,123278.54671
BNBUSDT,1757395500000,2025-09-09 05:25:00,2025-09-09 14:25:00,875.16,875.6,875.08,875.56,141.696,124038.5769
BNBUSDT,1757395800000,2025-09-09 05:30:00,2025-09-09 14:30:00,875.56,875.7,875.22,875.3,312.178,273306.37406
BNBUSDT,1757396100000,2025-09-09 05:35:00,2025-09-09 14:35:00,875.3,875.5,875.2,875.23,286.216,250542.90524
BNBUSDT,1757396400000,2025-09-09 05:40:00,2025-09-09 14:40:00,875.23,875.76,875.1,875.75,102.928,90102.26003
BNBUSDT,1757396700000,2025-09-09 05:45:00,2025-09-09 14:45:00,875.76,876.49,875.75,876.49,120.626,105667.37867
BNBUSDT,1757397000000,2025-09-09 05:50:00,2025-09-09 14:50:00,876.48,876.84,876.32,876.77,147.64,129413.68795
BNBUSDT,1757397300000,2025-09-09 05:55:00,2025-09-09 14:55:00,876.77,877.19,876.76,877.07,219.991,192927.26177
BNBUSDT,1757397600000,2025-09-09 06:00:00,2025-09-09 15:00:00,877.07,877.86,877,877.56,467.466,410169.15781
BNBUSDT,1757397900000,2025-09-09 06:05:00,2025-09-09 15:05:00,877.56,879.26,877.56,878.61,737.992,648500.98545
BNBUSDT,1757398200000,2025-09-09 06:10:00,2025-09-09 15:10:00,878.61,879.84,878.56,879.53,745.617,655597.03657
BNBUSDT,1757398500000,2025-09-09 06:15:00,2025-09-09 15:15:00,879.52,880,878.62,879.2,1763.922,1551105.82139
BNBUSDT,1757398800000,2025-09-09 06:20:00,2025-09-09 15:20:00,879.2,879.5,878.64,879,1180.225,1037653.59229
BNBUSDT,1757399100000,2025-09-09 06:25:00,2025-09-09 15:25:00,879.01,879.26,878.66,879.09,401.688,353055.82418
BNBUSDT,1757399400000,2025-09-09 06:30:00,2025-09-09 15:30:00,879.09,879.99,879,879.73,928.698,816739.51522
BNBUSDT,1757399700000,2025-09-09 06:35:00,2025-09-09 15:35:00,879.73,880.84,879.68,880.73,1858.997,1636343.49375
BNBUSDT,1757400000000,2025-09-09 06:40:00,2025-09-09 15:40:00,880.73,882.28,880.65,881.62,2254.129,1987520.17832
BNBUSDT,1757400300000,2025-09-09 06:45:00,2025-09-09 15:45:00,881.62,882.21,881.36,881.66,937.225,826417.77179
BNBUSDT,1757400600000,2025-09-09 06:50:00,2025-09-09 15:50:00,881.66,883.2,881.65,882.42,1363.231,1203468.5153
BNBUSDT,1757400900000,2025-09-09 06:55:00,2025-09-09 15:55:00,882.43,882.43,880.57,881.03,1255.437,1106270.74885
BNBUSDT,1757401200000,2025-09-09 07:00:00,2025-09-09 16:00:00,881.03,881.72,881.03,881.27,404.262,356312.07762
BNBUSDT,1757401500000,2025-09-09 07:05:00,2025-09-09 16:05:00,881.28,882.03,880.9,881.31,733.39,646406.57755
BNBUSDT,1757401800000,2025-09-09 07:10:00,2025-09-09 16:10:00,881.31,881.8,880.91,881.25,563.978,497082.32811
BNBUSDT,1757402100000,2025-09-09 07:15:00,2025-09-09 16:15:00,881.25,883.25,881.25,883.09,484.483,427561.69627
BNBUSDT,1757402400000,2025-09-09 07:20:00,2025-09-09 16:20:00,883.09,883.99,883,883.86,1014.022,895873.1254
BNBUSDT,1757402700000,2025-09-09 07:25:00,2025-09-09 16:25:00,883.86,884.45,883.34,883.43,903.654,798676.12769
BNBUSDT,1757403000000,2025-09-09 07:30:00,2025-09-09 16:30:00,883.44,883.56,882.54,882.75,715.677,631999.42434
BNBUSDT,1757403300000,2025-09-09 07:35:00,2025-09-09 16:35:00,882.75,883.16,882.43,882.43,387.005,341652.45301
BNBUSDT,1757403600000,2025-09-09 07:40:00,2025-09-09 16:40:00,882.43,882.76,881.66,881.68,425.529,375387.25464
BNBUSDT,1757403900000,2025-09-09 07:45:00,2025-09-09 16:45:00,881.69,882.04,880.55,881.36,811.668,715217.35102
BNBUSDT,1757404200000,2025-09-09 07:50:00,2025-09-09 16:50:00,881.35,881.86,881.17,881.57,376.377,331738.01511
BNBUSDT,1757404500000,2025-09-09 07:55:00,2025-09-09 16:55:00,881.56,881.63,881.04,881.12,493.41,434850.69391
BNBUSDT,1757404800000,2025-09-09 08:00:00,2025-09-09 17:00:00,881.13,882.4,881.12,882.31,367.009,323660.90122
BNBUSDT,1757405100000,2025-09-09 08:05:00,2025-09-09 17:05:00,882.31,883.4,882.3,882.89,202.818,179064.37778
BNBUSDT,1757405400000,2025-09-09 08:10:00,2025-09-09 17:10:00,882.89,883.29,882.88,883.17,211.058,186388.72638
BNBUSDT,1757405700000,2025-09-09 08:15:00,2025-09-09 17:15:00,883.17,883.18,882,882.24,313.411,276587.21458
BNBUSDT,1757406000000,2025-09-09 08:20:00,2025-09-09 17:20:00,882.25,883.24,882.24,883.24,247.368,218334.41282
BNBUSDT,1757406300000,2025-09-09 08:25:00,2025-09-09 17:25:00,883.23,883.28,882.96,883.28,272.77,240885.81236
BNBUSDT,1757406600000,2025-09-09 08:30:00,2025-09-09 17:30:00,883.28,884.83,883.27,884.69,930.878,823303.04293
BNBUSDT,1757406900000,2025-09-09 08:35:00,2025-09-09 17:35:00,884.69,884.8,884.05,884.14,1145.168,1012863.34668
BNBUSDT,1757407200000,2025-09-09 08:40:00,2025-09-09 17:40:00,884.14,884.17,882.98,883.54,1270.652,1122652.61864
BNBUSDT,1757407500000,2025-09-09 08:45:00,2025-09-09 17:45:00,883.53,883.76,882.81,883.39,428.74,378744.01785
BNBUSDT,1757407800000,2025-09-09 08:50:00,2025-09-09 17:50:00,883.4,883.86,883.16,883.37,477.652,422011.3336
BNBUSDT,1757408100000,2025-09-09 08:55:00,2025-09-09 17:55:00,883.37,883.65,883.05,883.65,452.125,399324.42336
BNBUSDT,1757408400000,2025-09-09 09:00:00,2025-09-09 18:00:00,883.65,883.94,883.16,883.37,482.219,426111.80682
BNBUSDT,1757408700000,2025-09-09 09:05:00,2025-09-09 18:05:00,883.36,883.41,882.84,883.03,651.551,575379.58514
BNBUSDT,1757409000000,2025-09-09 09:10:00,2025-09-09 18:10:00,883.03,883.57,883.03,883.4,354.871,313482.75258
BNBUSDT,1757409300000,2025-09-09 09:15:00,2025-09-09 18:15:00,883.4,883.74,882.46,882.62,458.149,404549.40699
BNBUSDT,1757409600000,2025-09-09 09:20:00,2025-09-09 18:20:00,882.63,882.69,881.92,882.26,243.833,215129.74
BNBUSDT,1757409900000,2025-09-09 09:25:00,2025-09-09 18:25:00,882.27,882.33,882.06,882.33,209.001,184386.58036
BNBUSDT,1757410200000,2025-09-09 09:30:00,2025-09-09 18:30:00,882.32,882.33,881.41,881.5,407.155,359070.32847
BNBUSDT,1757410500000,2025-09-09 09:35:00,2025-09-09 18:35:00,881.51,881.51,881.24,881.25,185.897,163842.41868
BNBUSDT,1757410800000,2025-09-09 09:40:00,2025-09-09 18:40:00,881.26,881.47,880.84,881.32,484.534,426960.21789
BNBUSDT,1757411100000,2025-09-09 09:45:00,2025-09-09 18:45:00,881.32,881.55,881.21,881.25,478.009,421296.22072
BNBUSDT,1757411400000,2025-09-09 09:50:00,2025-09-09 18:50:00,881.25,881.36,881.04,881.12,268.608,236713.75103
BNBUSDT,1757411700000,2025-09-09 09:55:00,2025-09-09 18:55:00,881.12,881.32,881.09,881.19,320.806,282694.21129
BNBUSDT,1757412000000,2025-09-09 10:00:00,2025-09-09 19:00:00,881.19,882.75,881.19,882.52,739.767,652587.67906
BNBUSDT,1757412300000,2025-09-09 10:05:00,2025-09-09 19:05:00,882.53,882.97,882.52,882.79,215.149,189938.0221
BNBUSDT,1757412600000,2025-09-09 10:10:00,2025-09-09 19:10:00,882.8,882.8,882.14,882.15,329.551,290793.06275
BNBUSDT,1757412900000,2025-09-09 10:15:00,2025-09-09 19:15:00,882.14,882.5,882.1,882.36,233.219,205775.45674
BNBUSDT,1757413200000,2025-09-09 10:20:00,2025-09-09 19:20:00,882.37,882.37,881.75,881.84,305.782,269694.99505
BNBUSDT,1757413500000,2025-09-09 10:25:00,2025-09-09 19:25:00,881.84,882,881.47,881.76,335.578,295911.72675
BNBUSDT,1757413800000,2025-09-09 10:30:00,2025-09-09 19:30:00,881.76,882,881.52,882,423.735,373644.72258
BNBUSDT,1757414100000,2025-09-09 10:35:00,2025-09-09 19:35:00,882,883.1,881.91,882.84,565.139,498741.13713
BNBUSDT,1757414400000,2025-09-09 10:40:00,2025-09-09 19:40:00,882.84,883.34,882.8,883.27,187.689,165755.64379
BNBUSDT,1757414700000,2025-09-09 10:45:00,2025-09-09 19:45:00,883.26,883.26,882.56,882.94,228.896,202090.00708
BNBUSDT,1757415000000,2025-09-09 10:50:00,2025-09-09 19:50:00,882.94,882.94,882.25,882.43,556.767,491388.40437
BNBUSDT,1757415300000,2025-09-09 10:55:00,2025-09-09 19:55:00,882.43,883.04,882.42,883.04,186.226,164383.83
BNBUSDT,1757415600000,2025-09-09 11:00:00,2025-09-09 20:00:00,883.03,883.04,882.64,882.96,346.285,305704.82608
BNBUSDT,1757415900000,2025-09-09 11:05:00,2025-09-09 20:05:00,882.97,882.97,882.52,882.54,167.387,147755.39395
BNBUSDT,1757416200000,2025-09-09 11:10:00,2025-09-09 20:10:00,882.55,882.71,882.25,882.26,275.741,243339.35157
BNBUSDT,1757416500000,2025-09-09 11:15:00,2025-09-09 20:15:00,882.26,882.26,882.05,882.06,189.149,166855.62222
BNBUSDT,1757416800000,2025-09-09 11:20:00,2025-09-09 20:20:00,882.07,882.2,881.98,882.2,308.24,271882.42674
BNBUSDT,1757417100000,2025-09-09 11:25:00,2025-09-09 20:25:00,882.2,882.24,881.99,882.08,777.343,685668.18686
BNBUSDT,1757417400000,2025-09-09 11:30:00,2025-09-09 20:30:00,882.09,882.17,881.92,881.93,306.503,270348.27332
BNBUSDT,1757417700000,2025-09-09 11:35:00,2025-09-09 20:35:00,881.92,881.93,880.68,880.73,888.724,783190.03066
BNBUSDT,1757418000000,2025-09-09 11:40:00,2025-09-09 20:40:00,880.72,881.4,880.72,880.76,463.114,408006.98646
BNBUSDT,1757418300000,2025-09-09 11:45:00,2025-09-09 20:45:00,880.75,881.16,880.7,880.96,981.316,864508.3968
BNBUSDT,1757418600000,2025-09-09 11:50:00,2025-09-09 20:50:00,880.96,881,880.65,880.66,235.052,207055.37899
BNBUSDT,1757418900000,2025-09-09 11:55:00,2025-09-09 20:55:00,880.65,880.66,880.21,880.22,327.959,288768.86744
BNBUSDT,1757419200000,2025-09-09 12:00:00,2025-09-09 21:00:00,880.22,880.5,879.8,880.4,559.768,492700.61824
BNBUSDT,1757419500000,2025-09-09 12:05:00,2025-09-09 21:05:00,880.4,881.3,880.4,881.08,276.282,243402.10468
BNBUSDT,1757419800000,2025-09-09 12:10:00,2025-09-09 21:10:00,881.09,881.28,880.92,880.99,400.119,352566.78408
BNBUSDT,1757420100000,2025-09-09 12:15:00,2025-09-09 21:15:00,880.99,881.63,880.99,881.51,397.058,349948.12394
BNBUSDT,1757420400000,2025-09-09 12:20:00,2025-09-09 21:20:00,881.51,882.29,881.5,882.02,476.602,420340.78482
BNBUSDT,1757420700000,2025-09-09 12:25:00,2025-09-09 21:25:00,882.03,882.24,881.96,882.23,239.271,211043.36316
BNBUSDT,1757421000000,2025-09-09 12:30:00,2025-09-09 21:30:00,882.23,882.24,880.86,880.87,368.367,324721.89896
BNBUSDT,1757421300000,2025-09-09 12:35:00,2025-09-09 21:35:00,880.86,881.48,880.2,880.93,443.953,391036.2171
BNBUSDT,1757421600000,2025-09-09 12:40:00,2025-09-09 21:40:00,880.93,880.93,879.3,879.32,400.137,352075.64113
BNBUSDT,1757421900000,2025-09-09 12:45:00,2025-09-09 21:45:00,879.33,880.2,879.33,879.88,617.364,543207.18983
BNBUSDT,1757422200000,2025-09-09 12:50:00,2025-09-09 21:50:00,879.89,880.02,879.25,880.01,429.036,377390.04412
BNBUSDT,1757422500000,2025-09-09 12:55:00,2025-09-09 21:55:00,880.01,880.03,879.02,879.13,454.912,400034.59146
BNBUSDT,1757422800000,2025-09-09 13:00:00,2025-09-09 22:00:00,879.13,879.56,878.34,878.53,599.298,526811.61877
BNBUSDT,1757423100000,2025-09-09 13:05:00,2025-09-09 22:05:00,878.53,878.74,878.15,878.21,596.467,523898.13462
BNBUSDT,1757423400000,2025-09-09 13:10:00,2025-09-09 22:10:00,878.21,878.48,877.45,878.48,799.674,702011.07061
BNBUSDT,1757423700000,2025-09-09 13:15:00,2025-09-09 22:15:00,878.48,878.48,876.68,876.69,635.215,557390.70329
BNBUSDT,1757424000000,2025-09-09 13:20:00,2025-09-09 22:20:00,876.69,878,876.69,877.69,567.81,498091.42075
BNBUSDT,1757424300000,2025-09-09 13:25:00,2025-09-09 22:25:00,877.69,878.75,877.69,878.41,340.741,299323.74895
BNBUSDT,1757424600000,2025-09-09 13:30:00,2025-09-09 22:30:00,878.41,879.3,878.26,878.39,346.803,304756.26035
BNBUSDT,1757424900000,2025-09-09 13:35:00,2025-09-09 22:35:00,878.4,879.49,878.32,878.89,480.932,422764.78455
BNBUSDT,1757425200000,2025-09-09 13:40:00,2025-09-09 22:40:00,878.88,879.73,878.88,879.36,377.118,331611.39936
BNBUSDT,1757425500000,2025-09-09 13:45:00,2025-09-09 22:45:00,879.36,879.9,879.12,879.22,438.375,385522.32335
BNBUSDT,1757425800000,2025-09-09 13:50:00,2025-09-09 22:50:00,879.22,880.7,879.03,880.2,1038.138,913172.61801
BNBUSDT,1757426100000,2025-09-09 13:55:00,2025-09-09 22:55:00,880.2,880.5,879.54,879.9,463.914,408258.6484
BNBUSDT,1757426400000,2025-09-09 14:00:00,2025-09-09 23:00:00,879.89,881.57,876,877.79,3272.656,2875197.38235
BNBUSDT,1757426700000,2025-09-09 14:05:00,2025-09-09 23:05:00,877.79,878.45,876.18,877.28,1043.075,914959.57322
BNBUSDT,1757427000000,2025-09-09 14:10:00,2025-09-09 23:10:00,877.27,879.19,877.13,879.19,655.115,575455.83475
BNBUSDT,1757427300000,2025-09-09 14:15:00,2025-09-09 23:15:00,879.2,879.2,878.03,878.81,357.119,313757.07602
BNBUSDT,1757427600000,2025-09-09 14:20:00,2025-09-09 23:20:00,878.8,878.81,877.09,877.27,788.873,692515.0947
BNBUSDT,1757427900000,2025-09-09 14:25:00,2025-09-09 23:25:00,877.26,877.55,876.8,877.46,549.798,482266.54544
BNBUSDT,1757428200000,2025-09-09 14:30:00,2025-09-09 23:30:00,877.46,877.46,872.93,873.3,1503.34,1315222.69685
BNBUSDT,1757428500000,2025-09-09 14:35:00,2025-09-09 23:35:00,873.3,875.09,872.84,875.02,1962.972,1715168.28719
BNBUSDT,1757428800000,2025-09-09 14:40:00,2025-09-09 23:40:00,875.02,875.02,873.3,873.68,1310.012,1145181.87403
BNBUSDT,1757429100000,2025-09-09 14:45:00,2025-09-09 23:45:00,873.68,875.21,873.31,874.63,1219.842,1066922.7408
BNBUSDT,1757429400000,2025-09-09 14:50:00,2025-09-09 23:50:00,874.63,875.5,874.02,875.5,995.48,870655.71499
BNBUSDT,1757429700000,2025-09-09 14:55:00,2025-09-09 23:55:00,875.5,875.75,874.77,875.44,670.267,586693.99225
BNBUSDT,1757430000000,2025-09-09 15:00:00,2025-09-10 00:00:00,875.43,875.73,874.12,874.76,884.12,773444.99723
BNBUSDT,1757430300000,2025-09-09 15:05:00,2025-09-10 00:05:00,874.76,874.76,873.27,873.44,1919.519,1678057.55717
BNBUSDT,1757430600000,2025-09-09 15:10:00,2025-09-10 00:10:00,873.45,873.75,873,873.63,522.958,456786.87833
BNBUSDT,1757430900000,2025-09-09 15:15:00,2025-09-10 00:15:00,873.63,874.45,872.93,872.99,780.373,681800.16569
BNBUSDT,1757431200000,2025-09-09 15:20:00,2025-09-10 00:20:00,873,873.83,873,873.82,572.532,500059.09743
BNBUSDT,1757431500000,2025-09-09 15:25:00,2025-09-10 00:25:00,873.83,873.89,873.23,873.58,520.882,455022.36832
BNBUSDT,1757431800000,2025-09-09 15:30:00,2025-09-10 00:30:00,873.58,873.58,872.69,873.49,1970.423,1720131.52037
BNBUSDT,1757432100000,2025-09-09 15:35:00,2025-09-10 00:35:00,873.5,873.56,872,872.26,1700.38,1483672.49721
BNBUSDT,1757432400000,2025-09-09 15:40:00,2025-09-10 00:40:00,872.26,872.48,871.38,871.77,1608.39,1402366.68931
BNBUSDT,1757432700000,2025-09-09 15:45:00,2025-09-10 00:45:00,871.77,872.79,871.5,872.44,1103.063,962018.60063
BNBUSDT,1757433000000,2025-09-09 15:50:00,2025-09-10 00:50:00,872.43,873.85,872,873.84,1305.02,1138681.87158
BNBUSDT,1757433300000,2025-09-09 15:55:00,2025-09-10 00:55:00,873.84,873.92,873.28,873.35,467.634,408483.41951
BNBUSDT,1757433600000,2025-09-09 16:00:00,2025-09-10 01:00:00,873.35,873.84,873.16,873.84,740.911,647220.74706
BNBUSDT,1757433900000,2025-09-09 16:05:00,2025-09-10 01:05:00,873.84,873.98,873.34,873.51,352.02,307557.99396
BNBUSDT,1757434200000,2025-09-09 16:10:00,2025-09-10 01:10:00,873.51,873.57,872.73,873.56,505.049,441040.74724
BNBUSDT,1757434500000,2025-09-09 16:15:00,2025-09-10 01:15:00,873.56,874.5,873.54,873.7,455.484,398131.59936
BNBUSDT,1757434800000,2025-09-09 16:20:00,2025-09-10 01:20:00,873.7,873.73,873.1,873.73,315.078,275189.4181
BNBUSDT,1757435100000,2025-09-09 16:25:00,2025-09-10 01:25:00,873.73,874.48,873.73,873.81,209.673,183274.05635
BNBUSDT,1757435400000,2025-09-09 16:30:00,2025-09-10 01:30:00,873.81,874.41,873.64,874.39,697.185,609396.30327
BNBUSDT,1757435700000,2025-09-09 16:35:00,2025-09-10 01:35:00,874.39,874.51,874,874.44,1082.911,946752.13814
BNBUSDT,1757436000000,2025-09-09 16:40:00,2025-09-10 01:40:00,874.44,874.92,874.21,874.49,1391.427,1216862.30682
BNBUSDT,1757436300000,2025-09-09 16:45:00,2025-09-10 01:45:00,874.5,874.67,874.16,874.21,1004.937,878677.73419
BNBUSDT,1757436600000,2025-09-09 16:50:00,2025-09-10 01:50:00,874.21,874.36,873.86,874.2,831.759,727033.92085
BNBUSDT,1757436900000,2025-09-09 16:55:00,2025-09-10 01:55:00,874.2,874.78,874.09,874.73,524.748,458860.86139
BNBUSDT,1757437200000,2025-09-09 17:00:00,2025-09-10 02:00:00,874.72,875.76,874.54,875.76,538.192,470970.2373
BNBUSDT,1757437500000,2025-09-09 17:05:00,2025-09-10 02:05:00,875.76,876,875.75,876,185.324,162318.3033
BNBUSDT,1757437800000,2025-09-09 17:10:00,2025-09-10 02:10:00,876,876.08,875.48,875.49,250.451,219344.3996
BNBUSDT,1757438100000,2025-09-09 17:15:00,2025-09-10 02:15:00,875.49,875.72,875,875.01,308.473,270037.00434
BNBUSDT,1757438400000,2025-09-09 17:20:00,2025-09-10 02:20:00,875.01,875.01,874.64,874.98,203.205,177774.82381
BNBUSDT,1757438700000,2025-09-09 17:25:00,2025-09-10 02:25:00,874.98,875.4,874.8,874.81,215.118,188259.0482
BNBUSDT,1757439000000,2025-09-09 17:30:00,2025-09-10 02:30:00,874.81,874.81,874.31,874.36,200.954,175754.02986
BNBUSDT,1757439300000,2025-09-09 17:35:00,2025-09-10 02:35:00,874.36,874.37,873.87,873.88,231.341,202203.61282
BNBUSDT,1757439600000,2025-09-09 17:40:00,2025-09-10 02:40:00,873.87,874.4,873.84,874.4,205.817,179903.92847
BNBUSDT,1757439900000,2025-09-09 17:45:00,2025-09-10 02:45:00,874.4,874.6,874.2,874.28,217.322,190038.08018
BNBUSDT,1757440200000,2025-09-09 17:50:00,2025-09-10 02:50:00,874.28,874.29,873.82,873.83,129.205,112932.08177
BNBUSDT,1757440500000,2025-09-09 17:55:00,2025-09-10 02:55:00,873.83,873.95,873.72,873.9,175.645,153485.59005
BNBUSDT,1757440800000,2025-09-09 18:00:00,2025-09-10 03:00:00,873.9,874.35,873.76,874.13,289.767,253251.46012
BNBUSDT,1757441100000,2025-09-09 18:05:00,2025-09-10 03:05:00,874.14,874.7,874.13,874.7,379.222,331595.80495
BNBUSDT,1757441400000,2025-09-09 18:10:00,2025-09-10 03:10:00,874.7,874.75,874.2,874.75,207.42,181387.55022
BNBUSDT,1757441700000,2025-09-09 18:15:00,2025-09-10 03:15:00,874.75,875.27,874.7,875.1,219.757,192282.13972
BNBUSDT,1757442000000,2025-09-09 18:20:00,2025-09-10 03:20:00,875.1,875.3,874.92,875.29,101.643,88950.4219
BNBUSDT,1757442300000,2025-09-09 18:25:00,2025-09-10 03:25:00,875.29,875.6,875.29,875.53,143.957,126024.4471
BNBUSDT,1757442600000,2025-09-09 18:30:00,2025-09-10 03:30:00,875.53,875.53,875.12,875.47,229.581,200952.18047
BNBUSDT,1757442900000,2025-09-09 18:35:00,2025-09-10 03:35:00,875.48,875.48,874.76,874.77,129.745,113542.46779
BNBUSDT,1757443200000,2025-09-09 18:40:00,2025-09-10 03:40:00,874.76,875.27,874.71,874.89,316.885,277245.5978
BNBUSDT,1757443500000,2025-09-09 18:45:00,2025-09-10 03:45:00,874.89,875.52,874.88,875.24,291.06,254758.90572
BNBUSDT,1757443800000,2025-09-09 18:50:00,2025-09-10 03:50:00,875.24,875.59,875.2,875.45,208.265,182309.99329
BNBUSDT,1757444100000,2025-09-09 18:55:00,2025-09-10 03:55:00,875.46,875.71,875.45,875.57,270.218,236597.0427
BNBUSDT,1757444400000,2025-09-09 19:00:00,2025-09-10 04:00:00,875.57,875.8,875.32,875.8,226,197873.49948
BNBUSDT,1757444700000,2025-09-09 19:05:00,2025-09-10 04:05:00,875.8,876.14,875.73,875.93,221.778,194273.37229
BNBUSDT,1757445000000,2025-09-09 19:10:00,2025-09-10 04:10:00,875.93,876.1,875.93,876.1,276.445,242171.87928
BNBUSDT,1757445300000,2025-09-09 19:15:00,2025-09-10 04:15:00,876.09,876.09,875.64,875.81,279.159,244488.56612
BNBUSDT,1757445600000,2025-09-09 19:20:00,2025-09-10 04:20:00,875.81,875.88,875.81,875.88,114.98,100706.04605
BNBUSDT,1757445900000,2025-09-09 19:25:00,2025-09-10 04:25:00,875.88,876.93,875.88,876.93,244.032,213891.2788
BNBUSDT,1757446200000,2025-09-09 19:30:00,2025-09-10 04:30:00,876.94,877.29,876.93,877.28,224.618,197017.41195
BNBUSDT,1757446500000,2025-09-09 19:35:00,2025-09-10 04:35:00,877.29,877.43,877.1,877.11,108.98,95605.10803
BNBUSDT,1757446800000,2025-09-09 19:40:00,2025-09-10 04:40:00,877.11,877.11,876.8,876.81,106.587,93466.01166
BNBUSDT,1757447100000,2025-09-09 19:45:00,2025-09-10 04:45:00,876.81,876.81,876.61,876.8,101.424,88922.7083
BNBUSDT,1757447400000,2025-09-09 19:50:00,2025-09-10 04:50:00,876.8,877.26,876.8,877.25,156.376,137154.6117
BNBUSDT,1757447700000,2025-09-09 19:55:00,2025-09-10 04:55:00,877.26,877.3,877.1,877.1,223.815,196335.41824
BNBUSDT,1757448000000,2025-09-09 20:00:00,2025-09-10 05:00:00,877.11,877.11,876.31,876.32,273.532,239816.07589
BNBUSDT,1757448300000,2025-09-09 20:05:00,2025-09-10 05:05:00,876.32,876.32,876.03,876.05,170.497,149381.37955
BNBUSDT,1757448600000,2025-09-09 20:10:00,2025-09-10 05:10:00,876.06,876.06,875.43,875.76,223.879,196026.42936
BNBUSDT,1757448900000,2025-09-09 20:15:00,2025-09-10 05:15:00,875.75,875.88,874.94,875.4,513.922,449856.01551
BNBUSDT,1757449200000,2025-09-09 20:20:00,2025-09-10 05:20:00,875.39,875.42,875.3,875.4,93.387,81745.36985
BNBUSDT,1757449500000,2025-09-09 20:25:00,2025-09-10 05:25:00,875.39,875.4,874.55,874.56,146.987,128595.38492
BNBUSDT,1757449800000,2025-09-09 20:30:00,2025-09-10 05:30:00,874.56,875.36,874.55,875.27,157.425,137735.32211
BNBUSDT,1757450100000,2025-09-09 20:35:00,2025-09-10 05:35:00,875.27,875.5,875.27,875.34,83.016,72669.61903
BNBUSDT,1757450400000,2025-09-09 20:40:00,2025-09-10 05:40:00,875.33,875.33,874.96,875.07,84.292,73761.31749
BNBUSDT,1757450700000,2025-09-09 20:45:00,2025-09-10 05:45:00,875.08,876.2,875.07,876.2,59.465,52066.5608
BNBUSDT,1757451000000,2025-09-09 20:50:00,2025-09-10 05:50:00,876.2,876.4,875.8,876.1,169.971,148890.24137
BNBUSDT,1757451300000,2025-09-09 20:55:00,2025-09-10 05:55:00,876.09,876.92,876.04,876.55,85.438,74894.03614
BNBUSDT,1757451600000,2025-09-09 21:00:00,2025-09-10 06:00:00,876.56,876.57,876,876.56,173.11,151711.02701
BNBUSDT,1757451900000,2025-09-09 21:05:00,2025-09-10 06:05:00,876.56,877.18,876.55,877.1,186.539,163585.93075
BNBUSDT,1757452200000,2025-09-09 21:10:00,2025-09-10 06:10:00,877.1,878.33,877.09,878.32,263.674,231429.97232
BNBUSDT,1757452500000,2025-09-09 21:15:00,2025-09-10 06:15:00,878.32,878.52,877.76,878.26,155.624,136652.29823
BNBUSDT,1757452800000,2025-09-09 21:20:00,2025-09-10 06:20:00,878.27,878.69,877.76,877.89,219.765,193008.87231
BNBUSDT,1757453100000,2025-09-09 21:25:00,2025-09-10 06:25:00,877.89,877.9,877.2,877.33,118.12,103647.54697
BNBUSDT,1757453400000,2025-09-09 21:30:00,2025-09-10 06:30:00,877.33,878.09,877.13,878.09,92.696,81344.54208
BNBUSDT,1757453700000,2025-09-09 21:35:00,2025-09-10 06:35:00,878.08,878.3,878.08,878.3,29.359,25780.48798
BNBUSDT,1757454000000,2025-09-09 21:40:00,2025-09-10 06:40:00,878.29,878.56,878.21,878.36,252.082,221414.29444
BNBUSDT,1757454300000,2025-09-09 21:45:00,2025-09-10 06:45:00,878.36,878.36,877.81,877.93,155.513,136551.60414
BNBUSDT,1757454600000,2025-09-09 21:50:00,2025-09-10 06:50:00,877.93,878.1,877.65,877.66,100.458,88184.58502
BNBUSDT,1757454900000,2025-09-09 21:55:00,2025-09-10 06:55:00,877.66,877.89,877.64,877.76,85.066,74664.15318
BNBUSDT,1757455200000,2025-09-09 22:00:00,2025-09-10 07:00:00,877.77,878.35,877.62,878.26,153.126,134443.11107
BNBUSDT,1757455500000,2025-09-09 22:05:00,2025-09-10 07:05:00,878.25,878.88,877.75,878.88,187.593,164769.8273
BNBUSDT,1757455800000,2025-09-09 22:10:00,2025-09-10 07:10:00,878.88,879.27,878.87,878.97,205.028,180246.45885
BNBUSDT,1757456100000,2025-09-09 22:15:00,2025-09-10 07:15:00,878.97,880.49,878.96,880.49,1579.361,1389575.67358
BNBUSDT,1757456400000,2025-09-09 22:20:00,2025-09-10 07:20:00,880.48,881,880.06,880.7,1613.126,1420470.70854
BNBUSDT,1757456700000,2025-09-09 22:25:00,2025-09-10 07:25:00,880.71,881.56,880.68,881.36,644.676,568030.92412
BNBUSDT,1757457000000,2025-09-09 22:30:00,2025-09-10 07:30:00,881.35,883.5,881.13,883.25,4607.926,4066899.67193
BNBUSDT,1757457300000,2025-09-09 22:35:00,2025-09-10 07:35:00,883.25,883.53,882.1,882.11,1662.228,1467911.05542
BNBUSDT,1757457600000,2025-09-09 22:40:00,2025-09-10 07:40:00,882.12,882.99,882.12,882.79,374.523,330537.73877
BNBUSDT,1757457900000,2025-09-09 22:45:00,2025-09-10 07:45:00,882.8,883.2,882.4,882.48,492.673,434886.06391
BNBUSDT,1757458200000,2025-09-09 22:50:00,2025-09-10 07:50:00,882.48,882.82,882.38,882.38,260.191,229648.02292
BNBUSDT,1757458500000,2025-09-09 22:55:00,2025-09-10 07:55:00,882.38,882.73,882.19,882.6,470.479,415194.65835
BNBUSDT,1757458800000,2025-09-09 23:00:00,2025-09-10 08:00:00,882.6,883.18,881.5,882.81,1669.455,1473107.9774
BNBUSDT,1757459100000,2025-09-09 23:05:00,2025-09-10 08:05:00,882.81,883.36,882.61,882.76,450.766,398050.57927
BNBUSDT,1757459400000,2025-09-09 23:10:00,2025-09-10 08:10:00,882.75,883.18,882.3,882.89,719.951,635565.80785
BNBUSDT,1757459700000,2025-09-09 23:15:00,2025-09-10 08:15:00,882.88,882.88,881.55,881.69,1001.75,883816.315
BNBUSDT,1757460000000,2025-09-09 23:20:00,2025-09-10 08:20:00,881.68,881.74,880.73,880.92,447.994,394790.61123
BNBUSDT,1757460300000,2025-09-09 23:25:00,2025-09-10 08:25:00,880.92,880.93,879.5,879.52,590.234,519406.79196
BNBUSDT,1757460600000,2025-09-09 23:30:00,2025-09-10 08:30:00,879.51,879.67,878.73,878.74,239.214,210300.78894
BNBUSDT,1757460900000,2025-09-09 23:35:00,2025-09-10 08:35:00,878.74,879.03,878.64,878.96,88.6,77859.86815
BNBUSDT,1757461200000,2025-09-09 23:40:00,2025-09-10 08:40:00,878.97,879.51,878.88,879.51,213.649,187824.99808
BNBUSDT,1757461500000,2025-09-09 23:45:00,2025-09-10 08:45:00,879.51,879.56,878.69,879.18,200.947,176629.73835
BNBUSDT,1757461800000,2025-09-09 23:50:00,2025-09-10 08:50:00,879.18,880.33,879.18,880.32,1046.212,920655.55615
BNBUSDT,1757462100000,2025-09-09 23:55:00,2025-09-10 08:55:00,880.32,880.33,880,880.01,333.942,293883.27871
BNBUSDT,1757462400000,2025-09-10 00:00:00,2025-09-10 09:00:00,880,880.79,880,880.79,383.522,337594.82115
BNBUSDT,1757462700000,2025-09-10 00:05:00,2025-09-10 09:05:00,880.78,880.79,879.63,879.79,359.638,316524.17606
BNBUSDT,1757463000000,2025-09-10 00:10:00,2025-09-10 09:10:00,879.8,880.52,879.79,879.81,604.984,532481.006
BNBUSDT,1757463300000,2025-09-10 00:15:00,2025-09-10 09:15:00,879.8,879.8,878.42,878.6,182.952,160846.46275
BNBUSDT,1757463600000,2025-09-10 00:20:00,2025-09-10 09:20:00,878.59,878.59,877.97,878.39,278.459,244536.20197
BNBUSDT,1757463900000,2025-09-10 00:25:00,2025-09-10 09:25:00,878.39,878.39,877.63,878.08,201.969,177300.07491
BNBUSDT,1757464200000,2025-09-10 00:30:00,2025-09-10 09:30:00,878.07,879,877.6,878.71,283.783,249277.27654
BNBUSDT,1757464500000,2025-09-10 00:35:00,2025-09-10 09:35:00,878.71,879.44,878.6,879.06,305.611,268684.77336
BNBUSDT,1757464800000,2025-09-10 00:40:00,2025-09-10 09:40:00,879.07,880.08,878.65,880.05,1013.728,891703.12995
BNBUSDT,1757465100000,2025-09-10 00:45:00,2025-09-10 09:45:00,880.04,880.16,878.33,878.44,888.236,781237.42124
BNBUSDT,1757465400000,2025-09-10 00:50:00,2025-09-10 09:50:00,878.44,878.48,877.65,877.71,670.216,588439.55637
BNBUSDT,1757465700000,2025-09-10 00:55:00,2025-09-10 09:55:00,877.71,877.72,877.04,877.42,335.559,294411.22718
BNBUSDT,1757466000000,2025-09-10 01:00:00,2025-09-10 10:00:00,877.41,878.01,877.04,878,1383.018,1213761.85878
BNBUSDT,1757466300000,2025-09-10 01:05:00,2025-09-10 10:05:00,878,879.3,878,879.19,377.748,331909.40123
BNBUSDT,1757466600000,2025-09-10 01:10:00,2025-09-10 10:10:00,879.2,879.62,878.96,879.47,408.341,358995.53998
BNBUSDT,1757466900000,2025-09-10 01:15:00,2025-09-10 10:15:00,879.46,880.44,879.46,880.12,919.804,809353.51646
BNBUSDT,1757467200000,2025-09-10 01:20:00,2025-09-10 10:20:00,880.13,880.31,879.6,879.61,1114.682,980801.99562
BNBUSDT,1757467500000,2025-09-10 01:25:00,2025-09-10 10:25:00,879.61,879.74,878.92,879,178.037,156569.17954
BNBUSDT,1757467800000,2025-09-10 01:30:00,2025-09-10 10:30:00,878.99,879.9,878.99,879.9,211.797,186263.07414
BNBUSDT,1757468100000,2025-09-10 01:35:00,2025-09-10 10:35:00,879.9,880.29,879.81,879.84,145.84,128347.67178
BNBUSDT,1757468400000,2025-09-10 01:40:00,2025-09-10 10:40:00,879.85,880.16,879.53,880.02,259.525,228323.43006
BNBUSDT,1757468700000,2025-09-10 01:45:00,2025-09-10 10:45:00,880.03,880.03,879.53,879.72,117.805,103641.79108
BNBUSDT,1757469000000,2025-09-10 01:50:00,2025-09-10 10:50:00,879.73,879.73,879,879.16,159.911,140608.97835
BNBUSDT,1757469300000,2025-09-10 01:55:00,2025-09-10 10:55:00,879.16,879.17,877.89,878.5,543.101,477078.5251
BNBUSDT,1757469600000,2025-09-10 02:00:00,2025-09-10 11:00:00,878.5,879,878.22,878.82,652.662,573478.75181
BNBUSDT,1757469900000,2025-09-10 02:05:00,2025-09-10 11:05:00,878.83,880.01,878.79,879.81,354.008,311337.42134
BNBUSDT,1757470200000,2025-09-10 02:10:00,2025-09-10 11:10:00,879.81,880.19,879.72,879.81,272.668,239926.01581
BNBUSDT,1757470500000,2025-09-10 02:15:00,2025-09-10 11:15:00,879.8,880.6,879.6,880.6,369.449,325176.5804
BNBUSDT,1757470800000,2025-09-10 02:20:00,2025-09-10 11:20:00,880.6,882.17,880.59,882,604.427,532870.65632
BNBUSDT,1757471100000,2025-09-10 02:25:00,2025-09-10 11:25:00,881.99,882.27,881.07,881.19,333.525,294065.13088
BNBUSDT,1757471400000,2025-09-10 02:30:00,2025-09-10 11:30:00,881.2,881.64,880.96,881.52,156.961,138325.88319
BNBUSDT,1757471700000,2025-09-10 02:35:00,2025-09-10 11:35:00,881.53,881.7,880.84,880.93,455.876,401727.69126
BNBUSDT,1757472000000,2025-09-10 02:40:00,2025-09-10 11:40:00,880.93,881.4,880.33,881.3,398.767,351289.20527
BNBUSDT,1757472300000,2025-09-10 02:45:00,2025-09-10 11:45:00,881.31,881.69,881.16,881.33,113.15,99728.26715
BNBUSDT,1757472600000,2025-09-10 02:50:00,2025-09-10 11:50:00,881.34,881.49,881.05,881.15,206.942,182381.53333
BNBUSDT,1757472900000,2025-09-10 02:55:00,2025-09-10 11:55:00,881.15,881.24,880.92,881.24,115.597,101854.08552
BNBUSDT,1757473200000,2025-09-10 03:00:00,2025-09-10 12:00:00,881.24,881.3,880.46,881.07,501.47,441700.47807
BNBUSDT,1757473500000,2025-09-10 03:05:00,2025-09-10 12:05:00,881.07,881.8,880.93,881.66,289.47,255112.78122
BNBUSDT,1757473800000,2025-09-10 03:10:00,2025-09-10 12:10:00,881.65,882.31,881.65,882.25,299.753,264422.71215
BNBUSDT,1757474100000,2025-09-10 03:15:00,2025-09-10 12:15:00,882.25,882.6,881.03,881.51,1016.192,896091.01659
BNBUSDT,1757474400000,2025-09-10 03:20:00,2025-09-10 12:20:00,881.51,881.88,881.5,881.51,109.068,96156.88315
BNBUSDT,1757474700000,2025-09-10 03:25:00,2025-09-10 12:25:00,881.52,881.52,880.3,880.43,715.733,630592.8495
BNBUSDT,1757475000000,2025-09-10 03:30:00,2025-09-10 12:30:00,880.44,880.94,879.72,880.75,788.747,694401.73153
BNBUSDT,1757475300000,2025-09-10 03:35:00,2025-09-10 12:35:00,880.76,881,880.43,880.9,194.737,171501.57899
BNBUSDT,1757475600000,2025-09-10 03:40:00,2025-09-10 12:40:00,880.9,881.07,880.6,881.07,77.645,68391.50323
BNBUSDT,1757475900000,2025-09-10 03:45:00,2025-09-10 12:45:00,881.07,881.33,880.88,881.16,243.754,214773.72248
BNBUSDT,1757476200000,2025-09-10 03:50:00,2025-09-10 12:50:00,881.15,881.16,880.31,880.56,371.543,327228.86686
BNBUSDT,1757476500000,2025-09-10 03:55:00,2025-09-10 12:55:00,880.56,880.56,880.2,880.4,143.325,126181.83384
BNBUSDT,1757476800000,2025-09-10 04:00:00,2025-09-10 13:00:00,880.4,880.44,880.03,880.04,186.842,164481.20562
BNBUSDT,1757477100000,2025-09-10 04:05:00,2025-09-10 13:05:00,880.04,880.22,880,880.11,144.929,127551.02085
BNBUSDT,1757477400000,2025-09-10 04:10:00,2025-09-10 13:10:00,880.11,880.68,880.07,880.68,116.257,102341.62853
BNBUSDT,1757477700000,2025-09-10 04:15:00,2025-09-10 13:15:00,880.68,880.68,880.4,880.44,70.907,62435.80081
BNBUSDT,1757478000000,2025-09-10 04:20:00,2025-09-10 13:20:00,880.45,880.6,880.28,880.5,171.85,151312.23187
BNBUSDT,1757478300000,2025-09-10 04:25:00,2025-09-10 13:25:00,880.5,881,880.49,880.99,132.872,117037.17941
BNBUSDT,1757478600000,2025-09-10 04:30:00,2025-09-10 13:30:00,881,881.47,880.88,881.2,181.938,160317.44597
BNBUSDT,1757478900000,2025-09-10 04:35:00,2025-09-10 13:35:00,881.19,881.3,880.5,880.52,202.199,178125.72123
BNBUSDT,1757479200000,2025-09-10 04:40:00,2025-09-10 13:40:00,880.52,880.55,880.2,880.24,165.11,145350.72291
BNBUSDT,1757479500000,2025-09-10 04:45:00,2025-09-10 13:45:00,880.23,880.48,880.12,880.32,220.792,194359.69074
BNBUSDT,1757479800000,2025-09-10 04:50:00,2025-09-10 13:50:00,880.31,880.44,880.16,880.24,160.098,140929.80436
BNBUSDT,1757480100000,2025-09-10 04:55:00,2025-09-10 13:55:00,880.24,880.4,880.16,880.16,108.104,95166.30549
BNBUSDT,1757480400000,2025-09-10 05:00:00,2025-09-10 14:00:00,880.16,880.3,879.36,879.97,840.787,739826.27463
BNBUSDT,1757480700000,2025-09-10 05:05:00,2025-09-10 14:05:00,879.96,880.07,878.84,878.99,553.866,487165.96511
BNBUSDT,1757481000000,2025-09-10 05:10:00,2025-09-10 14:10:00,879,879.68,878.94,879.68,117.88,103639.1638
BNBUSDT,1757481300000,2025-09-10 05:15:00,2025-09-10 14:15:00,879.68,879.8,878.82,879.07,229.806,202056.91867
BNBUSDT,1757481600000,2025-09-10 05:20:00,2025-09-10 14:20:00,879.07,880.55,879.07,880.55,226.118,198948.37748
BNBUSDT,1757481900000,2025-09-10 05:25:00,2025-09-10 14:25:00,880.54,881.7,880.5,881.15,702.541,618976.15259
BNBUSDT,1757482200000,2025-09-10 05:30:00,2025-09-10 14:30:00,881.15,881.32,880.21,880.6,357.627,315021.49822
BNBUSDT,1757482500000,2025-09-10 05:35:00,2025-09-10 14:35:00,880.6,881.09,880.52,881.09,157.991,139150.39792
BNBUSDT,1757482800000,2025-09-10 05:40:00,2025-09-10 14:40:00,881.09,882.1,881.09,881.92,251.949,222100.48047
BNBUSDT,1757483100000,2025-09-10 05:45:00,2025-09-10 14:45:00,881.93,882.16,881.34,881.55,646.349,569971.2586
BNBUSDT,1757483400000,2025-09-10 05:50:00,2025-09-10 14:50:00,881.56,881.89,880.13,880.56,776.145,683957.38846
BNBUSDT,1757483700000,2025-09-10 05:55:00,2025-09-10 14:55:00,880.56,881.33,880.4,881.31,349.512,307859.59278
BNBUSDT,1757484000000,2025-09-10 06:00:00,2025-09-10 15:00:00,881.32,881.67,881.12,881.37,498.302,439204.16121
BNBUSDT,1757484300000,2025-09-10 06:05:00,2025-09-10 15:05:00,881.37,881.9,880.64,881.74,783.332,690459.50488
BNBUSDT,1757484600000,2025-09-10 06:10:00,2025-09-10 15:10:00,881.74,881.76,881,881.15,198.208,174684.19248
BNBUSDT,1757484900000,2025-09-10 06:15:00,2025-09-10 15:15:00,881.15,882,881.02,881.65,333.995,294478.09414
BNBUSDT,1757485200000,2025-09-10 06:20:00,2025-09-10 15:20:00,881.65,881.8,881.22,881.63,200.153,176442.93786
BNBUSDT,1757485500000,2025-09-10 06:25:00,2025-09-10 15:25:00,881.63,882.84,881.5,882.75,406.179,358337.10821
BNBUSDT,1757485800000,2025-09-10 06:30:00,2025-09-10 15:30:00,882.75,883,882.32,882.32,333.684,294593.46468
BNBUSDT,1757486100000,2025-09-10 06:35:00,2025-09-10 15:35:00,882.33,882.82,882.32,882.79,294.683,260091.14757
BNBUSDT,1757486400000,2025-09-10 06:40:00,2025-09-10 15:40:00,882.78,883.36,882.71,883.3,1063.976,939534.88
BNBUSDT,1757486700000,2025-09-10 06:45:00,2025-09-10 15:45:00,883.3,885.76,883.29,884.46,3588.607,3175304.32246
BNBUSDT,1757487000000,2025-09-10 06:50:00,2025-09-10 15:50:00,884.46,885.34,884.4,885,654.36,579017.96193
BNBUSDT,1757487300000,2025-09-10 06:55:00,2025-09-10 15:55:00,885,885.28,884.31,884.6,408.185,361162.93972
BNBUSDT,1757487600000,2025-09-10 07:00:00,2025-09-10 16:00:00,884.6,885.11,884.25,884.77,532.686,471261.17463
BNBUSDT,1757487900000,2025-09-10 07:05:00,2025-09-10 16:05:00,884.77,885.31,884.63,884.79,634.159,561247.08997
BNBUSDT,1757488200000,2025-09-10 07:10:00,2025-09-10 16:10:00,884.79,884.92,883.9,884.34,699.153,618365.94819
BNBUSDT,1757488500000,2025-09-10 07:15:00,2025-09-10 16:15:00,884.33,885.54,884.15,885,1499.832,1327137.42573
BNBUSDT,1757488800000,2025-09-10 07:20:00,2025-09-10 16:20:00,884.99,885.13,884.71,884.89,422.195,373604.63928
BNBUSDT,1757489100000,2025-09-10 07:25:00,2025-09-10 16:25:00,884.89,885.44,883.95,884.99,2224.279,1967440.7339
BNBUSDT,1757489400000,2025-09-10 07:30:00,2025-09-10 16:30:00,884.98,885.11,882.7,882.76,2847.616,2516902.23762
BNBUSDT,1757489700000,2025-09-10 07:35:00,2025-09-10 16:35:00,882.76,882.99,881.73,882,1241.837,1095717.30433
BNBUSDT,1757490000000,2025-09-10 07:40:00,2025-09-10 16:40:00,882,883.47,881.98,883.04,1652.855,1458827.80869
BNBUSDT,1757490300000,2025-09-10 07:45:00,2025-09-10 16:45:00,883.04,884.2,883.03,884.2,1140.987,1008008.54141
BNBUSDT,1757490600000,2025-09-10 07:50:00,2025-09-10 16:50:00,884.19,884.44,883.8,884.43,460.192,406854.61317
BNBUSDT,1757490900000,2025-09-10 07:55:00,2025-09-10 16:55:00,884.44,884.81,883.1,883.43,489.279,432419.79005
BNBUSDT,1757491200000,2025-09-10 08:00:00,2025-09-10 17:00:00,883.43,884.3,882.98,883.09,349.347,308643.24972
BNBUSDT,1757491500000,2025-09-10 08:05:00,2025-09-10 17:05:00,883.09,883.8,882.87,883.21,435.853,385029.8228
BNBUSDT,1757491800000,2025-09-10 08:10:00,2025-09-10 17:10:00,883.2,883.24,882.68,883.24,1787.671,1578147.09335
BNBUSDT,1757492100000,2025-09-10 08:15:00,2025-09-10 17:15:00,883.23,884.04,882.96,883.51,508.034,448801.83905
BNBUSDT,1757492400000,2025-09-10 08:20:00,2025-09-10 17:20:00,883.52,884.52,883.4,884.36,360.289,318436.77817
BNBUSDT,1757492700000,2025-09-10 08:25:00,2025-09-10 17:25:00,884.37,885,884.36,884.87,221.719,196180.45738
BNBUSDT,1757493000000,2025-09-10 08:30:00,2025-09-10 17:30:00,884.88,885.2,884.24,884.24,356.295,315292.47392
BNBUSDT,1757493300000,2025-09-10 08:35:00,2025-09-10 17:35:00,884.24,884.52,881.33,883.49,1362.637,1203411.69729
BNBUSDT,1757493600000,2025-09-10 08:40:00,2025-09-10 17:40:00,883.5,883.87,882.66,882.88,558.406,493155.72438
BNBUSDT,1757493900000,2025-09-10 08:45:00,2025-09-10 17:45:00,882.88,883.16,882.82,882.97,310.311,274008.09681
BNBUSDT,1757494200000,2025-09-10 08:50:00,2025-09-10 17:50:00,882.97,883,882.57,882.58,217.529,192030.98527
BNBUSDT,1757494500000,2025-09-10 08:55:00,2025-09-10 17:55:00,882.58,882.85,882.57,882.85,134.471,118706.34117
BNBUSDT,1757494800000,2025-09-10 09:00:00,2025-09-10 18:00:00,882.85,882.96,882.84,882.95,118.616,104730.46714
BNBUSDT,1757495100000,2025-09-10 09:05:00,2025-09-10 18:05:00,882.96,882.96,881.94,882.08,494.712,436578.96253
BNBUSDT,1757495400000,2025-09-10 09:10:00,2025-09-10 18:10:00,882.09,882.2,881.31,881.75,1010.976,891324.61927
BNBUSDT,1757495700000,2025-09-10 09:15:00,2025-09-10 18:15:00,881.76,881.76,881.6,881.72,164.854,145351.58387
BNBUSDT,1757496000000,2025-09-10 09:20:00,2025-09-10 18:20:00,881.72,882.19,881.71,882.07,740.634,653279.09375
BNBUSDT,1757496300000,2025-09-10 09:25:00,2025-09-10 18:25:00,882.07,883.13,881.76,881.96,968.841,854906.47539
BNBUSDT,1757496600000,2025-09-10 09:30:00,2025-09-10 18:30:00,881.95,882.8,881.83,882.6,344.959,304329.61052
BNBUSDT,1757496900000,2025-09-10 09:35:00,2025-09-10 18:35:00,882.6,882.8,882.32,882.36,257.773,227486.09394
BNBUSDT,1757497200000,2025-09-10 09:40:00,2025-09-10 18:40:00,882.36,882.72,881.8,881.84,344.664,304090.20866
BNBUSDT,1757497500000,2025-09-10 09:45:00,2025-09-10 18:45:00,881.84,882.1,881.72,882.1,247.946,218659.11497
BNBUSDT,1757497800000,2025-09-10 09:50:00,2025-09-10 18:50:00,882.1,882.16,881.06,881.57,930.27,820177.771
BNBUSDT,1757498100000,2025-09-10 09:55:00,2025-09-10 18:55:00,881.58,882.08,881.39,881.68,564.111,497409.81029
BNBUSDT,1757498400000,2025-09-10 10:00:00,2025-09-10 19:00:00,881.67,882.2,881.22,882,457.676,403562.17933
BNBUSDT,1757498700000,2025-09-10 10:05:00,2025-09-10 19:05:00,882.01,882.51,881.9,882.51,311.855,275113.03113
BNBUSDT,1757499000000,2025-09-10 10:10:00,2025-09-10 19:10:00,882.5,882.83,882.24,882.66,296.465,261630.7156
BNBUSDT,1757499300000,2025-09-10 10:15:00,2025-09-10 19:15:00,882.66,882.68,882,882.51,378.44,333910.12964
BNBUSDT,1757499600000,2025-09-10 10:20:00,2025-09-10 19:20:00,882.53,882.55,882.04,882.54,302.955,267321.94181
BNBUSDT,1757499900000,2025-09-10 10:25:00,2025-09-10 19:25:00,882.54,883.05,882.47,882.48,454.906,401585.17548
BNBUSDT,1757500200000,2025-09-10 10:30:00,2025-09-10 19:30:00,882.51,882.93,882.5,882.51,694.855,613380.8635
BNBUSDT,1757500500000,2025-09-10 10:35:00,2025-09-10 19:35:00,882.51,883.31,882.5,883.04,733.454,647666.63592
BNBUSDT,1757500800000,2025-09-10 10:40:00,2025-09-10 19:40:00,883.04,884.89,883.04,883.68,2400.754,2121768.25838
BNBUSDT,1757501100000,2025-09-10 10:45:00,2025-09-10 19:45:00,883.67,884.3,883.65,883.73,540.742,478037.03611
BNBUSDT,1757501400000,2025-09-10 10:50:00,2025-09-10 19:50:00,883.73,883.73,883.24,883.25,321.173,283761.95403
BNBUSDT,1757501700000,2025-09-10 10:55:00,2025-09-10 19:55:00,883.25,884.06,883.24,883.76,303.723,268394.8955
BNBUSDT,1757502000000,2025-09-10 11:00:00,2025-09-10 20:00:00,883.75,884.79,883.75,884.12,487.067,430741.84469
BNBUSDT,1757502300000,2025-09-10 11:05:00,2025-09-10 20:05:00,884.11,884.38,884.01,884.37,374.776,331375.83826
BNBUSDT,1757502600000,2025-09-10 11:10:00,2025-09-10 20:10:00,884.38,884.56,884.32,884.4,194.236,171779.8532
BNBUSDT,1757502900000,2025-09-10 11:15:00,2025-09-10 20:15:00,884.4,884.5,883.21,883.74,1018.891,900462.26787
BNBUSDT,1757503200000,2025-09-10 11:20:00,2025-09-10 20:20:00,883.74,884.13,883.26,883.57,464.18,410166.40191
BNBUSDT,1757503500000,2025-09-10 11:25:00,2025-09-10 20:25:00,883.58,884.34,883.57,884.25,524.941,464075.51368
BNBUSDT,1757503800000,2025-09-10 11:30:00,2025-09-10 20:30:00,884.25,884.63,884.2,884.21,380.966,336932.78407
BNBUSDT,1757504100000,2025-09-10 11:35:00,2025-09-10 20:35:00,884.2,884.57,884,884.29,510.004,450988.3989
BNBUSDT,1757504400000,2025-09-10 11:40:00,2025-09-10 20:40:00,884.29,884.36,883.64,883.65,348.73,308266.42351
BNBUSDT,1757504700000,2025-09-10 11:45:00,2025-09-10 20:45:00,883.64,884,883.5,883.87,216.989,191763.6834
BNBUSDT,1757505000000,2025-09-10 11:50:00,2025-09-10 20:50:00,883.87,884.3,883.87,884.01,325.986,288193.75186
BNBUSDT,1757505300000,2025-09-10 11:55:00,2025-09-10 20:55:00,884.02,884.68,883.89,884.68,696.839,616215.87423
BNBUSDT,1757505600000,2025-09-10 12:00:00,2025-09-10 21:00:00,884.67,884.69,884.52,884.65,157.801,139595.58685
BNBUSDT,1757505900000,2025-09-10 12:05:00,2025-09-10 21:05:00,884.65,884.65,884.36,884.64,189.998,168051.17683
BNBUSDT,1757506200000,2025-09-10 12:10:00,2025-09-10 21:10:00,884.64,885.44,884.63,885.1,745.138,659587.2546
BNBUSDT,1757506500000,2025-09-10 12:15:00,2025-09-10 21:15:00,885.11,885.44,884.91,885.44,603.209,533933.4159
BNBUSDT,1757506800000,2025-09-10 12:20:00,2025-09-10 21:20:00,885.44,887.08,885.43,886.95,2453.578,2174015.65534
BNBUSDT,1757507100000,2025-09-10 12:25:00,2025-09-10 21:25:00,886.95,887.03,886.4,886.49,463.158,410646.0376
BNBUSDT,1757507400000,2025-09-10 12:30:00,2025-09-10 21:30:00,886.5,889.4,886.49,887.49,5852.569,5197977.03056
BNBUSDT,1757507700000,2025-09-10 12:35:00,2025-09-10 21:35:00,887.49,889.1,887.3,887.98,4355.525,3870887.85382
BNBUSDT,1757508000000,2025-09-10 12:40:00,2025-09-10 21:40:00,887.98,889.23,887.98,889.2,1347.614,1197687.6395
BNBUSDT,1757508300000,2025-09-10 12:45:00,2025-09-10 21:45:00,889.21,889.5,887.52,887.66,1272.213,1130481.69466
BNBUSDT,1757508600000,2025-09-10 12:50:00,2025-09-10 21:50:00,887.67,889,886.86,888.9,1866.338,1656907.81424
BNBUSDT,1757508900000,2025-09-10 12:55:00,2025-09-10 21:55:00,888.9,889.58,888.58,889.13,1724.306,1533065.14852
BNBUSDT,1757509200000,2025-09-10 13:00:00,2025-09-10 22:00:00,889.13,897.96,889.12,897.34,14607.522,13052192.63562
BNBUSDT,1757509500000,2025-09-10 13:05:00,2025-09-10 22:05:00,897.34,899.99,895.29,898.68,7853.582,7050994.65374
BNBUSDT,1757509800000,2025-09-10 13:10:00,2025-09-10 22:10:00,898.68,899.8,896.88,899.36,5636.531,5066805.6372
BNBUSDT,1757510100000,2025-09-10 13:15:00,2025-09-10 22:15:00,899.35,904.37,899.33,902.23,15291.409,13783767.069582
BNBUSDT,1757510400000,2025-09-10 13:20:00,2025-09-10 22:20:00,902.24,903.9,900.7,901.99,4217.279,3806077.24157
BNBUSDT,1757510700000,2025-09-10 13:25:00,2025-09-10 22:25:00,902,904.2,901.15,901.84,4949.556,4468116.92803
BNBUSDT,1757511000000,2025-09-10 13:30:00,2025-09-10 22:30:00,901.83,901.9,898.17,900,4689.44,4217666.10193
BNBUSDT,1757511300000,2025-09-10 13:35:00,2025-09-10 22:35:00,900.01,902.66,899.33,901.86,2530.649,2279897.06486
BNBUSDT,1757511600000,2025-09-10 13:40:00,2025-09-10 22:40:00,901.87,903.97,900.64,902.15,4848.204,4372891.09295
BNBUSDT,1757511900000,2025-09-10 13:45:00,2025-09-10 22:45:00,902.16,907.38,902.16,905.63,8761.928,7933310.91647
BNBUSDT,1757512200000,2025-09-10 13:50:00,2025-09-10 22:50:00,905.64,906.16,903.52,903.64,2848.294,2577822.29898
BNBUSDT,1757512500000,2025-09-10 13:55:00,2025-09-10 22:55:00,903.65,904.8,903.04,903.21,2579.33,2331292.4451
BNBUSDT,1757512800000,2025-09-10 14:00:00,2025-09-10 23:00:00,903.21,904.59,902.4,903.56,4325.496,3907830.17609
BNBUSDT,1757513100000,2025-09-10 14:05:00,2025-09-10 23:05:00,903.56,905.29,901.31,902.66,6221.265,5620223.57407
BNBUSDT,1757513400000,2025-09-10 14:10:00,2025-09-10 23:10:00,902.66,902.94,899,901.26,6280.954,5657617.57316
BNBUSDT,1757513700000,2025-09-10 14:15:00,2025-09-10 23:15:00,901.26,902.67,900.72,901.64,1985.513,1790045.67609
BNBUSDT,1757514000000,2025-09-10 14:20:00,2025-09-10 23:20:00,901.65,902.63,900.76,900.8,2483.077,2238009.1279
BNBUSDT,1757514300000,2025-09-10 14:25:00,2025-09-10 23:25:00,900.8,901.56,899.68,899.72,2286.548,2059296.82883
BNBUSDT,1757514600000,2025-09-10 14:30:00,2025-09-10 23:30:00,899.72,901.64,899.56,900.24,1987.546,1790288.23526
BNBUSDT,1757514900000,2025-09-10 14:35:00,2025-09-10 23:35:00,900.23,903,899.51,900.16,3673.907,3312215.94089
BNBUSDT,1757515200000,2025-09-10 14:40:00,2025-09-10 23:40:00,900.16,901.64,900.15,901.64,1162.356,1047252.86136
BNBUSDT,1757515500000,2025-09-10 14:45:00,2025-09-10 23:45:00,901.64,903.59,900.38,903.36,4952.555,4466331.964
BNBUSDT,1757515800000,2025-09-10 14:50:00,2025-09-10 23:50:00,903.37,904.17,903.05,903.27,1608.133,1452997.81097
BNBUSDT,1757516100000,2025-09-10 14:55:00,2025-09-10 23:55:00,903.28,903.78,902.9,903.59,3120.258,2818617.86604
BNBUSDT,1757516400000,2025-09-10 15:00:00,2025-09-11 00:00:00,903.59,904.15,902.1,902.41,2955.552,2668984.46018
BNBUSDT,1757516700000,2025-09-10 15:05:00,2025-09-11 00:05:00,902.41,902.99,901.19,901.2,1475.307,1330881.22244
BNBUSDT,1757517000000,2025-09-10 15:10:00,2025-09-11 00:10:00,901.19,901.44,900.4,900.9,1951.511,1758241.99289
BNBUSDT,1757517300000,2025-09-10 15:15:00,2025-09-11 00:15:00,900.89,900.9,895.44,897.2,4383.797,3935549.92566
BNBUSDT,1757517600000,2025-09-10 15:20:00,2025-09-11 00:20:00,897.2,898.09,896.72,897.47,2269.987,2037176.09988
BNBUSDT,1757517900000,2025-09-10 15:25:00,2025-09-11 00:25:00,897.47,897.47,896.55,896.72,632.866,567629.3136
BNBUSDT,1757518200000,2025-09-10 15:30:00,2025-09-11 00:30:00,896.71,896.81,894.53,895,2963.981,2653015.15802
BNBUSDT,1757518500000,2025-09-10 15:35:00,2025-09-11 00:35:00,895,896,894.76,895.5,932.19,834669.72425
BNBUSDT,1757518800000,2025-09-10 15:40:00,2025-09-11 00:40:00,895.5,896.82,895.5,896.4,898.125,805012.96212
BNBUSDT,1757519100000,2025-09-10 15:45:00,2025-09-11 00:45:00,896.4,896.9,895.21,896.38,1030.169,923183.40859
BNBUSDT,1757519400000,2025-09-10 15:50:00,2025-09-11 00:50:00,896.37,896.89,895.12,895.12,1197.451,1073260.82178
BNBUSDT,1757519700000,2025-09-10 15:55:00,2025-09-11 00:55:00,895.12,895.86,893.81,895.5,2693.993,2410616.3866
BNBUSDT,1757520000000,2025-09-10 16:00:00,2025-09-11 01:00:00,895.5,897.73,895.5,896.2,2652.22,2378030.19335
BNBUSDT,1757520300000,2025-09-10 16:05:00,2025-09-11 01:05:00,896.2,896.25,894.81,895.85,793.49,710590.1748
BNBUSDT,1757520600000,2025-09-10 16:10:00,2025-09-11 01:10:00,895.85,896,894.37,894.78,672.586,601946.18788
BNBUSDT,1757520900000,2025-09-10 16:15:00,2025-09-11 01:15:00,894.77,895.48,894.52,894.89,376.599,337018.68856
BNBUSDT,1757521200000,2025-09-10 16:20:00,2025-09-11 01:20:00,894.89,896.3,894.61,896.27,580.304,519645.11488
BNBUSDT,1757521500000,2025-09-10 16:25:00,2025-09-11 01:25:00,896.28,896.6,895.48,896.6,519.817,465736.51265
BNBUSDT,1757521800000,2025-09-10 16:30:00,2025-09-11 01:30:00,896.6,897.34,895.7,896.39,719.798,645205.37183
BNBUSDT,1757522100000,2025-09-10 16:35:00,2025-09-11 01:35:00,896.39,896.67,895.27,895.28,500.589,448569.29181
BNBUSDT,1757522400000,2025-09-10 16:40:00,2025-09-11 01:40:00,895.27,896.33,895.04,896.24,915.279,820009.37834
BNBUSDT,1757522700000,2025-09-10 16:45:00,2025-09-11 01:45:00,896.24,898.8,895.72,898.73,1636.046,1468838.89217
BNBUSDT,1757523000000,2025-09-10 16:50:00,2025-09-11 01:50:00,898.73,898.94,898.2,898.3,1069.518,960973.31474
BNBUSDT,1757523300000,2025-09-10 16:55:00,2025-09-11 01:55:00,898.29,899.23,898.15,898.84,920.867,827683.73298
BNBUSDT,1757523600000,2025-09-10 17:00:00,2025-09-11 02:00:00,898.85,899.39,898.48,898.68,756.699,680150.5688
BNBUSDT,1757523900000,2025-09-10 17:05:00,2025-09-11 02:05:00,898.68,899.07,898.2,899.07,680.875,611839.24476
BNBUSDT,1757524200000,2025-09-10 17:10:00,2025-09-11 02:10:00,899.06,899.55,898.41,898.57,1309.728,1177602.71806
BNBUSDT,1757524500000,2025-09-10 17:15:00,2025-09-11 02:15:00,898.57,898.57,897.24,897.24,543.767,488376.8801
BNBUSDT,1757524800000,2025-09-10 17:20:00,2025-09-11 02:20:00,897.25,897.56,896.75,897.35,350.616,314554.14215
BNBUSDT,1757525100000,2025-09-10 17:25:00,2025-09-11 02:25:00,897.34,897.35,894.72,894.78,1509.237,1351789.64659
BNBUSDT,1757525400000,2025-09-10 17:30:00,2025-09-11 02:30:00,894.77,895.65,893.62,895.49,3798.679,3396995.84258
BNBUSDT,1757525700000,2025-09-10 17:35:00,2025-09-11 02:35:00,895.48,896.13,895.48,895.93,1715.013,1536541.07332
BNBUSDT,1757526000000,2025-09-10 17:40:00,2025-09-11 02:40:00,895.94,896.76,895.86,896.62,1150.587,1031304.58459
BNBUSDT,1757526300000,2025-09-10 17:45:00,2025-09-11 02:45:00,896.63,896.83,896.2,896.52,1405.737,1260296.70585
BNBUSDT,1757526600000,2025-09-10 17:50:00,2025-09-11 02:50:00,896.53,897.37,896.53,897.16,1345.458,1206943.53123
BNBUSDT,1757526900000,2025-09-10 17:55:00,2025-09-11 02:55:00,897.16,897.47,896.78,897.46,1002.135,899139.8196
BNBUSDT,1757527200000,2025-09-10 18:00:00,2025-09-11 03:00:00,897.47,897.77,896.72,897.01,950.875,853227.74522
BNBUSDT,1757527500000,2025-09-10 18:05:00,2025-09-11 03:05:00,897.01,897.1,896.52,896.54,227.503,204041.02293
BNBUSDT,1757527800000,2025-09-10 18:10:00,2025-09-11 03:10:00,896.54,897.04,896.24,897.04,234.807,210550.94873
BNBUSDT,1757528100000,2025-09-10 18:15:00,2025-09-11 03:15:00,897.04,897.04,894.51,894.74,1083.493,969847.61776
BNBUSDT,1757528400000,2025-09-10 18:20:00,2025-09-11 03:20:00,894.75,895.41,893.6,894.8,2150.622,1923712.90091
BNBUSDT,1757528700000,2025-09-10 18:25:00,2025-09-11 03:25:00,894.81,895.1,893.97,894.57,669.791,599175.79428
BNBUSDT,1757529000000,2025-09-10 18:30:00,2025-09-11 03:30:00,894.57,895.46,894.3,895.45,260.868,233417.39927
BNBUSDT,1757529300000,2025-09-10 18:35:00,2025-09-11 03:35:00,895.46,895.56,895,895.51,173.406,155237.15779
BNBUSDT,1757529600000,2025-09-10 18:40:00,2025-09-11 03:40:00,895.51,895.83,895.43,895.49,212.823,190605.04419
BNBUSDT,1757529900000,2025-09-10 18:45:00,2025-09-11 03:45:00,895.49,895.75,894.68,894.89,790.259,707527.1922
BNBUSDT,1757530200000,2025-09-10 18:50:00,2025-09-11 03:50:00,894.89,895.15,894.55,895.15,171.464,153432.4931
BNBUSDT,1757530500000,2025-09-10 18:55:00,2025-09-11 03:55:00,895.14,895.64,894.95,895.07,188.267,168555.39604
BNBUSDT,1757530800000,2025-09-10 19:00:00,2025-09-11 04:00:00,895.07,895.12,894.28,894.3,453.298,405534.71187
BNBUSDT,1757531100000,2025-09-10 19:05:00,2025-09-11 04:05:00,894.29,894.5,894,894.01,158.767,141977.57355
BNBUSDT,1757531400000,2025-09-10 19:10:00,2025-09-11 04:10:00,894.01,894.12,891.7,892.24,895.153,799195.94823
BNBUSDT,1757531700000,2025-09-10 19:15:00,2025-09-11 04:15:00,892.24,893.18,892.2,892.47,401.812,358682.25592
BNBUSDT,1757532000000,2025-09-10 19:20:00,2025-09-11 04:20:00,892.47,892.48,891.28,891.48,872.396,777784.53909
BNBUSDT,1757532300000,2025-09-10 19:25:00,2025-09-11 04:25:00,891.48,891.48,890.48,891.24,908.13,809041.51047
BNBUSDT,1757532600000,2025-09-10 19:30:00,2025-09-11 04:30:00,891.25,891.69,889.86,890.61,3202.349,2851465.22179
BNBUSDT,1757532900000,2025-09-10 19:35:00,2025-09-11 04:35:00,890.6,890.61,888.66,888.83,1931.218,1717318.77337
BNBUSDT,1757533200000,2025-09-10 19:40:00,2025-09-11 04:40:00,888.82,891.03,888.81,891,339.803,302529.01233
BNBUSDT,1757533500000,2025-09-10 19:45:00,2025-09-11 04:45:00,891,891,890.4,890.9,255.013,227167.10282
BNBUSDT,1757533800000,2025-09-10 19:50:00,2025-09-11 04:50:00,890.9,891.02,889.67,889.67,287.456,255958.64763
BNBUSDT,1757534100000,2025-09-10 19:55:00,2025-09-11 04:55:00,889.68,890.98,888.98,890.79,858.712,763979.64796
BNBUSDT,1757534400000,2025-09-10 20:00:00,2025-09-11 05:00:00,890.79,891.1,890.44,890.5,419.791,373892.01628
BNBUSDT,1757534700000,2025-09-10 20:05:00,2025-09-11 05:05:00,890.51,891.16,890,890.65,360.526,321130.07948
BNBUSDT,1757535000000,2025-09-10 20:10:00,2025-09-11 05:10:00,890.65,891.52,890.45,890.91,713.33,635654.94502
BNBUSDT,1757535300000,2025-09-10 20:15:00,2025-09-11 05:15:00,890.91,891.08,890.5,890.87,162.605,144855.53309
BNBUSDT,1757535600000,2025-09-10 20:20:00,2025-09-11 05:20:00,890.88,891.12,890.48,890.97,281.529,250785.80461
BNBUSDT,1757535900000,2025-09-10 20:25:00,2025-09-11 05:25:00,890.96,891.51,890.88,891.2,527.905,470460.37012
BNBUSDT,1757536200000,2025-09-10 20:30:00,2025-09-11 05:30:00,891.21,891.21,890.22,890.22,174.444,155384.10345
BNBUSDT,1757536500000,2025-09-10 20:35:00,2025-09-11 05:35:00,890.22,890.81,890.22,890.68,175.158,156002.33738
BNBUSDT,1757536800000,2025-09-10 20:40:00,2025-09-11 05:40:00,890.67,891,890.6,890.72,547.54,487730.04996
BNBUSDT,1757537100000,2025-09-10 20:45:00,2025-09-11 05:45:00,890.73,890.85,890.54,890.62,214.144,190740.26024
BNBUSDT,1757537400000,2025-09-10 20:50:00,2025-09-11 05:50:00,890.62,890.99,890.13,890.14,354.464,315731.45087
BNBUSDT,1757537700000,2025-09-10 20:55:00,2025-09-11 05:55:00,890.14,890.88,890.12,890.32,176.575,157219.61822
BNBUSDT,1757538000000,2025-09-10 21:00:00,2025-09-11 06:00:00,890.33,891.06,889.64,891.03,1154.163,1027487.10967
BNBUSDT,1757538300000,2025-09-10 21:05:00,2025-09-11 06:05:00,891.04,891.3,890.9,891.09,369.443,329203.75114
BNBUSDT,1757538600000,2025-09-10 21:10:00,2025-09-11 06:10:00,891.09,891.57,890.68,890.73,1286.827,1146729.16749
BNBUSDT,1757538900000,2025-09-10 21:15:00,2025-09-11 06:15:00,890.73,890.99,890.54,890.92,373.592,332814.77918
BNBUSDT,1757539200000,2025-09-10 21:20:00,2025-09-11 06:20:00,890.92,890.92,890.32,890.32,387.229,344915.43175
BNBUSDT,1757539500000,2025-09-10 21:25:00,2025-09-11 06:25:00,890.33,890.67,890.29,890.31,340.012,302768.17786
BNBUSDT,1757539800000,2025-09-10 21:30:00,2025-09-11 06:30:00,890.3,891.27,890.3,891.23,276.664,246505.84638
BNBUSDT,1757540100000,2025-09-10 21:35:00,2025-09-11 06:35:00,891.23,891.69,891.22,891.24,318.684,284122.44127
BNBUSDT,1757540400000,2025-09-10 21:40:00,2025-09-11 06:40:00,891.24,891.43,891.13,891.36,212.093,189026.4394
BNBUSDT,1757540700000,2025-09-10 21:45:00,2025-09-11 06:45:00,891.36,891.65,891.3,891.61,145.725,129909.78149
BNBUSDT,1757541000000,2025-09-10 21:50:00,2025-09-11 06:50:00,891.62,891.62,891.06,891.23,196.791,175427.75732
BNBUSDT,1757541300000,2025-09-10 21:55:00,2025-09-11 06:55:00,891.23,891.65,891.22,891.53,571.756,509681.70937
BNBUSDT,1757541600000,2025-09-10 22:00:00,2025-09-11 07:00:00,891.52,893.1,891.52,893.1,517.096,461266.00672
BNBUSDT,1757541900000,2025-09-10 22:05:00,2025-09-11 07:05:00,893.09,893.1,888.33,891.36,2113.503,1881635.9207
BNBUSDT,1757542200000,2025-09-10 22:10:00,2025-09-11 07:10:00,891.35,892.59,890.8,892.32,1335.729,1191081.62998
BNBUSDT,1757542500000,2025-09-10 22:15:00,2025-09-11 07:15:00,892.33,893.68,892.17,893.4,763.999,682185.10359
BNBUSDT,1757542800000,2025-09-10 22:20:00,2025-09-11 07:20:00,893.41,893.41,892.61,892.76,187.583,167517.00626
BNBUSDT,1757543100000,2025-09-10 22:25:00,2025-09-11 07:25:00,892.76,893.29,892.75,893.29,104.568,93380.63216
BNBUSDT,1757543400000,2025-09-10 22:30:00,2025-09-11 07:30:00,893.29,893.76,892.82,893.76,241.792,215924.49966
BNBUSDT,1757543700000,2025-09-10 22:35:00,2025-09-11 07:35:00,893.76,895.24,893.75,893.91,1081.914,967720.19477
BNBUSDT,1757544000000,2025-09-10 22:40:00,2025-09-11 07:40:00,893.91,893.91,893.3,893.68,226.184,202085.54314
BNBUSDT,1757544300000,2025-09-10 22:45:00,2025-09-11 07:45:00,893.68,894.61,893.31,894.4,485.678,434191.34702
BNBUSDT,1757544600000,2025-09-10 22:50:00,2025-09-11 07:50:00,894.4,894.56,892.27,892.33,692.739,618952.83544
BNBUSDT,1757544900000,2025-09-10 22:55:00,2025-09-11 07:55:00,892.34,892.34,891.23,892.2,916.065,816978.11622
BNBUSDT,1757545200000,2025-09-10 23:00:00,2025-09-11 08:00:00,892.2,892.81,892.02,892.81,518.645,462825.64965
BNBUSDT,1757545500000,2025-09-10 23:05:00,2025-09-11 08:05:00,892.81,894.77,892.78,894.76,503.342,449929.55024
BNBUSDT,1757545800000,2025-09-10 23:10:00,2025-09-11 08:10:00,894.77,895.01,893.71,893.86,815.021,729012.26569
BNBUSDT,1757546100000,2025-09-10 23:15:00,2025-09-11 08:15:00,893.87,893.89,893.25,893.48,765.914,684423.38328
BNBUSDT,1757546400000,2025-09-10 23:20:00,2025-09-11 08:20:00,893.48,894.46,893.47,894.45,653.931,584424.69102
BNBUSDT,1757546700000,2025-09-10 23:25:00,2025-09-11 08:25:00,894.45,894.46,893.31,893.32,323.579,289212.57715
BNBUSDT,1757547000000,2025-09-10 23:30:00,2025-09-11 08:30:00,893.32,893.82,893.31,893.56,204.454,182702.69049
BNBUSDT,1757547300000,2025-09-10 23:35:00,2025-09-11 08:35:00,893.57,894.17,893.09,894.04,395.861,353832.41877
BNBUSDT,1757547600000,2025-09-10 23:40:00,2025-09-11 08:40:00,894.04,894.39,893.53,893.77,214.837,192053.27173
BNBUSDT,1757547900000,2025-09-10 23:45:00,2025-09-11 08:45:00,893.77,894.48,893.41,893.42,291.893,260929.05596
BNBUSDT,1757548200000,2025-09-10 23:50:00,2025-09-11 08:50:00,893.42,893.63,893,893.55,347.197,310158.19681
BNBUSDT,1757548500000,2025-09-10 23:55:00,2025-09-11 08:55:00,893.55,893.88,893.32,893.77,139.568,124718.17324
BNBUSDT,1757548800000,2025-09-11 00:00:00,2025-09-11 09:00:00,893.77,893.77,891.58,892.55,1028.932,918371.91396
BNBUSDT,1757549100000,2025-09-11 00:05:00,2025-09-11 09:05:00,892.55,893.04,892.44,893.04,485.841,433687.86393
BNBUSDT,1757549400000,2025-09-11 00:10:00,2025-09-11 09:10:00,893.04,893.06,891.01,891.15,789.126,703648.76554
BNBUSDT,1757549700000,2025-09-11 00:15:00,2025-09-11 09:15:00,891.14,891.82,891.01,891.34,498.98,444783.68144
BNBUSDT,1757550000000,2025-09-11 00:20:00,2025-09-11 09:20:00,891.35,891.84,891.2,891.46,235.573,210013.07393
BNBUSDT,1757550300000,2025-09-11 00:25:00,2025-09-11 09:25:00,891.47,891.9,890.66,891.5,1634.386,1456323.44252
BNBUSDT,1757550600000,2025-09-11 00:30:00,2025-09-11 09:30:00,891.5,892.03,890.01,890.11,1005.237,895700.91077
BNBUSDT,1757550900000,2025-09-11 00:35:00,2025-09-11 09:35:00,890.1,890.55,888.38,889.14,2022.287,1799164.38836
BNBUSDT,1757551200000,2025-09-11 00:40:00,2025-09-11 09:40:00,889.14,889.4,888.9,889.31,269.051,239222.3882
BNBUSDT,1757551500000,2025-09-11 00:45:00,2025-09-11 09:45:00,889.32,890.2,889.31,890.05,359.802,320177.4701
BNBUSDT,1757551800000,2025-09-11 00:50:00,2025-09-11 09:50:00,890.05,891,890.04,890.7,189.482,168751.59713
BNBUSDT,1757552100000,2025-09-11 00:55:00,2025-09-11 09:55:00,890.71,891.31,890.48,891,301.852,268904.44693
BNBUSDT,1757552400000,2025-09-11 01:00:00,2025-09-11 10:00:00,891.01,891.28,890.47,891.27,270.168,240675.23365
BNBUSDT,1757552700000,2025-09-11 01:05:00,2025-09-11 10:05:00,891.28,891.7,890.72,891.7,573.556,511163.00604
BNBUSDT,1757553000000,2025-09-11 01:10:00,2025-09-11 10:10:00,891.7,893.29,891.52,893.24,762.415,680731.7417
BNBUSDT,1757553300000,2025-09-11 01:15:00,2025-09-11 10:15:00,893.24,893.56,892.51,892.51,681.875,608939.24768
BNBUSDT,1757553600000,2025-09-11 01:20:00,2025-09-11 10:20:00,892.5,892.51,891.85,892.23,650.019,579849.44191
BNBUSDT,1757553900000,2025-09-11 01:25:00,2025-09-11 10:25:00,892.24,892.81,892.23,892.31,299.562,267407.33623
BNBUSDT,1757554200000,2025-09-11 01:30:00,2025-09-11 10:30:00,892.32,892.48,891.9,892.48,406.65,362817.22685
BNBUSDT,1757554500000,2025-09-11 01:35:00,2025-09-11 10:35:00,892.48,892.6,891.68,891.74,470.121,419454.10889
BNBUSDT,1757554800000,2025-09-11 01:40:00,2025-09-11 10:40:00,891.73,892.06,891.73,891.8,237.229,211591.82554
BNBUSDT,1757555100000,2025-09-11 01:45:00,2025-09-11 10:45:00,891.8,891.94,891.62,891.71,194.103,173101.01344
BNBUSDT,1757555400000,2025-09-11 01:50:00,2025-09-11 10:50:00,891.7,891.71,890.99,891.48,375.8,334945.97527
BNBUSDT,1757555700000,2025-09-11 01:55:00,2025-09-11 10:55:00,891.48,891.48,891.05,891.34,362.542,323127.11956
BNBUSDT,1757556000000,2025-09-11 02:00:00,2025-09-11 11:00:00,891.33,891.42,890.77,890.81,230.812,205676.57802
BNBUSDT,1757556300000,2025-09-11 02:05:00,2025-09-11 11:05:00,890.81,891.24,890,891.24,629.916,560816.41226
BNBUSDT,1757556600000,2025-09-11 02:10:00,2025-09-11 11:10:00,891.24,892.35,891.24,892.26,379.992,338927.89519
BNBUSDT,1757556900000,2025-09-11 02:15:00,2025-09-11 11:15:00,892.25,892.25,890.88,890.99,169.048,150725.82066
BNBUSDT,1757557200000,2025-09-11 02:20:00,2025-09-11 11:20:00,891,891.2,890.6,890.6,237.89,211938.15668
BNBUSDT,1757557500000,2025-09-11 02:25:00,2025-09-11 11:25:00,890.61,891.15,890.6,890.95,117.759,104909.75443
BNBUSDT,1757557800000,2025-09-11 02:30:00,2025-09-11 11:30:00,890.95,890.95,890.09,890.77,126.895,112992.78137
BNBUSDT,1757558100000,2025-09-11 02:35:00,2025-09-11 11:35:00,890.77,892.08,890.76,891.8,566.274,504893.30703
BNBUSDT,1757558400000,2025-09-11 02:40:00,2025-09-11 11:40:00,891.8,892.49,891.8,892.48,312.971,279184.99703
BNBUSDT,1757558700000,2025-09-11 02:45:00,2025-09-11 11:45:00,892.48,892.49,890.5,891.04,546.463,487122.81579
BNBUSDT,1757559000000,2025-09-11 02:50:00,2025-09-11 11:50:00,891.05,891.05,890.76,890.89,150.609,134171.37469
BNBUSDT,1757559300000,2025-09-11 02:55:00,2025-09-11 11:55:00,890.9,890.96,890.22,890.22,157.321,140124.12544
BNBUSDT,1757559600000,2025-09-11 03:00:00,2025-09-11 12:00:00,890.21,891.07,890.21,890.22,254.927,227035.236
BNBUSDT,1757559900000,2025-09-11 03:05:00,2025-09-11 12:05:00,890.22,890.23,890,890.09,238.452,212266.78789
BNBUSDT,1757560200000,2025-09-11 03:10:00,2025-09-11 12:10:00,890.1,891.38,890.09,891.35,419.396,373595.63916
BNBUSDT,1757560500000,2025-09-11 03:15:00,2025-09-11 12:15:00,891.35,892.27,891.34,892.27,244.239,217831.13191
BNBUSDT,1757560800000,2025-09-11 03:20:00,2025-09-11 12:20:00,892.26,893.16,892.25,893.16,332.46,296755.57675
BNBUSDT,1757561100000,2025-09-11 03:25:00,2025-09-11 12:25:00,893.16,893.41,893.03,893.27,290.166,259195.59808
BNBUSDT,1757561400000,2025-09-11 03:30:00,2025-09-11 12:30:00,893.26,893.27,892.44,892.94,461.981,412470.28938
BNBUSDT,1757561700000,2025-09-11 03:35:00,2025-09-11 12:35:00,892.95,893.47,892.76,893.47,487.297,435136.59558
BNBUSDT,1757562000000,2025-09-11 03:40:00,2025-09-11 12:40:00,893.47,894.99,893.47,894.21,1227.672,1097957.76996
BNBUSDT,1757562300000,2025-09-11 03:45:00,2025-09-11 12:45:00,894.22,895.14,893.56,894.91,1635.27,1462443.56695
BNBUSDT,1757562600000,2025-09-11 03:50:00,2025-09-11 12:50:00,894.91,895,894.69,894.71,183.76,164421.76196
BNBUSDT,1757562900000,2025-09-11 03:55:00,2025-09-11 12:55:00,894.7,895.16,894.5,894.55,263.846,236089.40042
BNBUSDT,1757563200000,2025-09-11 04:00:00,2025-09-11 13:00:00,894.55,894.55,892.68,893.7,1110.665,992231.51864
BNBUSDT,1757563500000,2025-09-11 04:05:00,2025-09-11 13:05:00,893.7,893.71,892.91,892.94,343.3,306644.7129
BNBUSDT,1757563800000,2025-09-11 04:10:00,2025-09-11 13:10:00,892.94,892.95,892.75,892.95,146.572,130872.5417
BNBUSDT,1757564100000,2025-09-11 04:15:00,2025-09-11 13:15:00,892.95,893.7,892.82,893.54,232.443,207656.93979
BNBUSDT,1757564400000,2025-09-11 04:20:00,2025-09-11 13:20:00,893.53,893.55,892.6,893.49,294.023,262570.82134
BNBUSDT,1757564700000,2025-09-11 04:25:00,2025-09-11 13:25:00,893.49,893.8,893.1,893.65,311.604,278372.85504
BNBUSDT,1757565000000,2025-09-11 04:30:00,2025-09-11 13:30:00,893.66,894.61,893.65,893.84,688.115,615325.13806
BNBUSDT,1757565300000,2025-09-11 04:35:00,2025-09-11 13:35:00,893.83,895.22,893.83,895.22,247.973,221848.90869
BNBUSDT,1757565600000,2025-09-11 04:40:00,2025-09-11 13:40:00,895.21,895.22,894.62,894.63,329.33,294740.12562
BNBUSDT,1757565900000,2025-09-11 04:45:00,2025-09-11 13:45:00,894.62,894.63,893.51,893.69,255.102,228061.12472
BNBUSDT,1757566200000,2025-09-11 04:50:00,2025-09-11 13:50:00,893.69,894.3,893.69,894.3,152.882,136694.12711
BNBUSDT,1757566500000,2025-09-11 04:55:00,2025-09-11 13:55:00,894.3,894.61,893.84,894.61,338.921,303066.3189
BNBUSDT,1757566800000,2025-09-11 05:00:00,2025-09-11 14:00:00,894.61,894.69,893.1,893.11,365.948,327129.95585
BNBUSDT,1757567100000,2025-09-11 05:05:00,2025-09-11 14:05:00,893.11,893.71,893.1,893.61,625.307,558603.79291
BNBUSDT,1757567400000,2025-09-11 05:10:00,2025-09-11 14:10:00,893.61,894.22,893.21,893.22,230.558,206058.77791
BNBUSDT,1757567700000,2025-09-11 05:15:00,2025-09-11 14:15:00,893.22,893.77,893.22,893.39,167.676,149806.15
BNBUSDT,1757568000000,2025-09-11 05:20:00,2025-09-11 14:20:00,893.4,893.4,892.93,892.94,206.654,184561.90883
BNBUSDT,1757568300000,2025-09-11 05:25:00,2025-09-11 14:25:00,892.93,893.55,892.9,893.54,159.621,142597.21345
BNBUSDT,1757568600000,2025-09-11 05:30:00,2025-09-11 14:30:00,893.53,894.65,893.53,894.59,474.792,424488.7779
BNBUSDT,1757568900000,2025-09-11 05:35:00,2025-09-11 14:35:00,894.59,894.9,893.84,894.9,909.392,813290.8616
BNBUSDT,1757569200000,2025-09-11 05:40:00,2025-09-11 14:40:00,894.89,894.98,893.84,894.28,699.367,625501.04097
BNBUSDT,1757569500000,2025-09-11 05:45:00,2025-09-11 14:45:00,894.28,894.39,893.98,894.04,192.251,171897.90596
BNBUSDT,1757569800000,2025-09-11 05:50:00,2025-09-11 14:50:00,894.05,895.88,894,895.87,501.972,449260.9183
BNBUSDT,1757570100000,2025-09-11 05:55:00,2025-09-11 14:55:00,895.88,896.2,895.8,896,364.964,326999.58597
BNBUSDT,1757570400000,2025-09-11 06:00:00,2025-09-11 15:00:00,896,896,895.24,895.25,566.123,506991.75804
BNBUSDT,1757570700000,2025-09-11 06:05:00,2025-09-11 15:05:00,895.24,895.24,894.6,894.79,228.761,204711.98962
BNBUSDT,1757571000000,2025-09-11 06:10:00,2025-09-11 15:10:00,894.79,895.4,894.79,895.11,214.053,191588.92767
BNBUSDT,1757571300000,2025-09-11 06:15:00,2025-09-11 15:15:00,895.11,896.01,894.9,896,559.047,500582.1475
BNBUSDT,1757571600000,2025-09-11 06:20:00,2025-09-11 15:20:00,896.01,896.28,895.63,896.28,380.943,341298.26976
BNBUSDT,1757571900000,2025-09-11 06:25:00,2025-09-11 15:25:00,896.27,896.7,895.7,895.8,291.662,261376.92515
BNBUSDT,1757572200000,2025-09-11 06:30:00,2025-09-11 15:30:00,895.8,896.82,895.79,896.78,479.398,429752.14149
BNBUSDT,1757572500000,2025-09-11 06:35:00,2025-09-11 15:35:00,896.79,897.25,896.7,896.89,388.907,348819.34637
BNBUSDT,1757572800000,2025-09-11 06:40:00,2025-09-11 15:40:00,896.89,897.48,896.88,897.2,1097.265,984296.60224
BNBUSDT,1757573100000,2025-09-11 06:45:00,2025-09-11 15:45:00,897.19,898.56,897.19,897.78,1525.889,1370359.29649
BNBUSDT,1757573400000,2025-09-11 06:50:00,2025-09-11 15:50:00,897.77,897.81,896.67,896.82,1188.772,1066211.44887
BNBUSDT,1757573700000,2025-09-11 06:55:00,2025-09-11 15:55:00,896.83,897.32,896.53,896.72,949.575,851692.73614
BNBUSDT,1757574000000,2025-09-11 07:00:00,2025-09-11 16:00:00,896.73,896.89,896.18,896.44,930.609,834161.8467
BNBUSDT,1757574300000,2025-09-11 07:05:00,2025-09-11 16:05:00,896.44,897.57,896.1,896.9,1244.008,1115526.83694
BNBUSDT,1757574600000,2025-09-11 07:10:00,2025-09-11 16:10:00,896.9,897.99,896.9,897.55,743.354,667158.58826
BNBUSDT,1757574900000,2025-09-11 07:15:00,2025-09-11 16:15:00,897.55,897.55,896.24,896.36,319.2,286210.23178
BNBUSDT,1757575200000,2025-09-11 07:20:00,2025-09-11 16:20:00,896.37,896.62,896.03,896.19,714.013,639943.91056
BNBUSDT,1757575500000,2025-09-11 07:25:00,2025-09-11 16:25:00,896.19,896.19,894.93,895.26,653.176,584869.55344
BNBUSDT,1757575800000,2025-09-11 07:30:00,2025-09-11 16:30:00,895.27,895.27,894.92,894.93,170.576,152677.46192
BNBUSDT,1757576100000,2025-09-11 07:35:00,2025-09-11 16:35:00,894.92,895.4,894.91,895.29,171.009,153082.55473
BNBUSDT,1757576400000,2025-09-11 07:40:00,2025-09-11 16:40:00,895.28,895.73,894.95,895.73,179.111,160384.48581
BNBUSDT,1757576700000,2025-09-11 07:45:00,2025-09-11 16:45:00,895.72,896.5,895.47,896.41,518.616,464742.24741
BNBUSDT,1757577000000,2025-09-11 07:50:00,2025-09-11 16:50:00,896.42,896.8,896.31,896.33,1005.133,901149.87438
BNBUSDT,1757577300000,2025-09-11 07:55:00,2025-09-11 16:55:00,896.33,896.76,896,896.58,376.587,337553.9198
BNBUSDT,1757577600000,2025-09-11 08:00:00,2025-09-11 17:00:00,896.57,896.58,895.45,895.45,379.523,340097.0207
BNBUSDT,1757577900000,2025-09-11 08:05:00,2025-09-11 17:05:00,895.46,895.99,894.89,895.97,621.183,556159.56617
BNBUSDT,1757578200000,2025-09-11 08:10:00,2025-09-11 17:10:00,895.98,896.12,895.63,896.1,221.34,198305.87362
BNBUSDT,1757578500000,2025-09-11 08:15:00,2025-09-11 17:15:00,896.1,896.16,895.39,895.63,710.91,636821.37128
BNBUSDT,1757578800000,2025-09-11 08:20:00,2025-09-11 17:20:00,895.63,896.48,895.62,896.39,523.013,468684.10955
BNBUSDT,1757579100000,2025-09-11 08:25:00,2025-09-11 17:25:00,896.38,896.6,896.37,896.59,220.79,197933.90051
BNBUSDT,1757579400000,2025-09-11 08:30:00,2025-09-11 17:30:00,896.59,897.73,896.58,897.04,878.143,788016.70221
BNBUSDT,1757579700000,2025-09-11 08:35:00,2025-09-11 17:35:00,897.05,897.05,896.83,896.96,151.512,135898.36054
BNBUSDT,1757580000000,2025-09-11 08:40:00,2025-09-11 17:40:00,896.96,897.6,896.95,897.6,432.766,388261.28466
BNBUSDT,1757580300000,2025-09-11 08:45:00,2025-09-11 17:45:00,897.6,897.84,897.31,897.76,317.894,285350.94534
BNBUSDT,1757580600000,2025-09-11 08:50:00,2025-09-11 17:50:00,897.76,898.51,897.75,898.32,975.173,875879.69388
BNBUSDT,1757580900000,2025-09-11 08:55:00,2025-09-11 17:55:00,898.31,898.32,897.93,898.02,441.8,396769.78948
BNBUSDT,1757581200000,2025-09-11 09:00:00,2025-09-11 18:00:00,898.02,898.02,897.61,897.61,205.107,184166.18451
BNBUSDT,1757581500000,2025-09-11 09:05:00,2025-09-11 18:05:00,897.6,897.77,897.26,897.68,248.161,222726.58634
BNBUSDT,1757581800000,2025-09-11 09:10:00,2025-09-11 18:10:00,897.68,897.75,896.24,896.76,750.333,672891.77031
BNBUSDT,1757582100000,2025-09-11 09:15:00,2025-09-11 18:15:00,896.75,896.76,896.12,896.39,355.813,318956.40388
BNBUSDT,1757582400000,2025-09-11 09:20:00,2025-09-11 18:20:00,896.4,896.89,896.19,896.89,241.279,216304.9205
BNBUSDT,1757582700000,2025-09-11 09:25:00,2025-09-11 18:25:00,896.88,897.5,896.82,896.82,493.241,442519.93437
BNBUSDT,1757583000000,2025-09-11 09:30:00,2025-09-11 18:30:00,896.83,896.83,896.01,896.67,531.48,476407.86643
BNBUSDT,1757583300000,2025-09-11 09:35:00,2025-09-11 18:35:00,896.66,898.11,896.5,897.93,1100.982,987958.05851
BNBUSDT,1757583600000,2025-09-11 09:40:00,2025-09-11 18:40:00,897.93,898.48,897.52,898.48,627.687,563645.45375
BNBUSDT,1757583900000,2025-09-11 09:45:00,2025-09-11 18:45:00,898.47,898.88,898.06,898.88,863.636,775848.83107
BNBUSDT,1757584200000,2025-09-11 09:50:00,2025-09-11 18:50:00,898.88,899.81,898.87,899.02,925.524,832251.50805
BNBUSDT,1757584500000,2025-09-11 09:55:00,2025-09-11 18:55:00,899.02,899.71,898.92,899.71,1486.569,1336933.77698
BNBUSDT,1757584800000,2025-09-11 10:00:00,2025-09-11 19:00:00,899.7,900.5,899.2,900.5,1715.566,1543566.89803
BNBUSDT,1757585100000,2025-09-11 10:05:00,2025-09-11 19:05:00,900.49,901.34,900,901.03,1293.171,1164997.34553
BNBUSDT,1757585400000,2025-09-11 10:10:00,2025-09-11 19:10:00,901.04,901.5,900.49,900.5,679.273,612172.62015
BNBUSDT,1757585700000,2025-09-11 10:15:00,2025-09-11 19:15:00,900.49,900.8,900.19,900.39,510.99,460129.01807
BNBUSDT,1757586000000,2025-09-11 10:20:00,2025-09-11 19:20:00,900.39,900.44,900,900.34,316.016,284473.90006
BNBUSDT,1757586300000,2025-09-11 10:25:00,2025-09-11 19:25:00,900.33,900.37,899.56,899.76,283.365,254983.72268
BNBUSDT,1757586600000,2025-09-11 10:30:00,2025-09-11 19:30:00,899.76,899.76,899.08,899.49,621.754,559136.76692
BNBUSDT,1757586900000,2025-09-11 10:35:00,2025-09-11 19:35:00,899.49,899.55,898.11,898.94,1705.092,1532357.86442
BNBUSDT,1757587200000,2025-09-11 10:40:00,2025-09-11 19:40:00,898.94,898.98,897.92,897.94,690.377,620308.79561
BNBUSDT,1757587500000,2025-09-11 10:45:00,2025-09-11 19:45:00,897.95,899.73,897.88,899.31,2083.304,1872136.05975
BNBUSDT,1757587800000,2025-09-11 10:50:00,2025-09-11 19:50:00,899.32,900.54,899.31,900.21,851.205,766141.03094
BNBUSDT,1757588100000,2025-09-11 10:55:00,2025-09-11 19:55:00,900.21,900.57,900.19,900.24,354.132,318836.70572
BNBUSDT,1757588400000,2025-09-11 11:00:00,2025-09-11 20:00:00,900.23,900.94,899.8,900.83,634.031,570743.27568
BNBUSDT,1757588700000,2025-09-11 11:05:00,2025-09-11 20:05:00,900.82,901.08,900.4,900.63,538.61,485166.34614
BNBUSDT,1757589000000,2025-09-11 11:10:00,2025-09-11 20:10:00,900.63,902.1,900.6,902.1,1180.101,1063599.72575
BNBUSDT,1757589300000,2025-09-11 11:15:00,2025-09-11 20:15:00,902.09,902.37,900.9,901.48,960.724,866312.9303
BNBUSDT,1757589600000,2025-09-11 11:20:00,2025-09-11 20:20:00,901.49,901.49,900.83,900.84,338.278,304840.42774
BNBUSDT,1757589900000,2025-09-11 11:25:00,2025-09-11 20:25:00,900.83,900.95,900.32,900.33,573.441,516481.58507
BNBUSDT,1757590200000,2025-09-11 11:30:00,2025-09-11 20:30:00,900.33,900.57,899.33,900.15,499.303,449256.29317
BNBUSDT,1757590500000,2025-09-11 11:35:00,2025-09-11 20:35:00,900.15,900.15,899.57,899.58,424.548,382017.177
BNBUSDT,1757590800000,2025-09-11 11:40:00,2025-09-11 20:40:00,899.58,899.66,898.84,899.66,782.796,703945.21504
BNBUSDT,1757591100000,2025-09-11 11:45:00,2025-09-11 20:45:00,899.66,900.65,899.32,899.32,713.334,641915.38412
BNBUSDT,1757591400000,2025-09-11 11:50:00,2025-09-11 20:50:00,899.32,899.33,898.91,898.91,468.482,421215.77401
BNBUSDT,1757591700000,2025-09-11 11:55:00,2025-09-11 20:55:00,898.91,899.45,898.6,899.07,1327.326,1193408.34755
BNBUSDT,1757592000000,2025-09-11 12:00:00,2025-09-11 21:00:00,899.08,900.69,899,899.43,1949.955,1754243.58227
BNBUSDT,1757592300000,2025-09-11 12:05:00,2025-09-11 21:05:00,899.44,899.82,898.39,899.6,2278.164,2047858.77389
BNBUSDT,1757592600000,2025-09-11 12:10:00,2025-09-11 21:10:00,899.6,900.1,898.29,899.69,3341.712,3004198.59127
BNBUSDT,1757592900000,2025-09-11 12:15:00,2025-09-11 21:15:00,899.69,899.97,898.9,899.61,880.478,791971.42175
BNBUSDT,1757593200000,2025-09-11 12:20:00,2025-09-11 21:20:00,899.61,899.61,898.63,899.28,596.632,536430.36726
BNBUSDT,1757593500000,2025-09-11 12:25:00,2025-09-11 21:25:00,899.28,900.1,898.8,900.09,669.467,602041.15824
BNBUSDT,1757593800000,2025-09-11 12:30:00,2025-09-11 21:30:00,900.1,900.7,892.89,895.99,11511.469,10301539.85022
BNBUSDT,1757594100000,2025-09-11 12:35:00,2025-09-11 21:35:00,896,899.85,895.95,897.54,2369.891,2129165.881
BNBUSDT,1757594400000,2025-09-11 12:40:00,2025-09-11 21:40:00,897.54,899.59,896.29,897.75,1643.849,1475724.29275
BNBUSDT,1757594700000,2025-09-11 12:45:00,2025-09-11 21:45:00,897.76,904.53,896.9,903.11,5608.717,5056258.04082
BNBUSDT,1757595000000,2025-09-11 12:50:00,2025-09-11 21:50:00,903.11,903.9,900.4,900.97,1490.497,1345322.94924
BNBUSDT,1757595300000,2025-09-11 12:55:00,2025-09-11 21:55:00,900.97,901.67,900.23,900.88,554.377,499493.91486
BNBUSDT,1757595600000,2025-09-11 13:00:00,2025-09-11 22:00:00,900.88,901,897.5,898.24,1991.795,1789724.5737
BNBUSDT,1757595900000,2025-09-11 13:05:00,2025-09-11 22:05:00,898.24,899.99,898.23,899,960.295,863406.79104
BNBUSDT,1757596200000,2025-09-11 13:10:00,2025-09-11 22:10:00,899,899.24,896.07,897.09,1505.683,1351087.34971
BNBUSDT,1757596500000,2025-09-11 13:15:00,2025-09-11 22:15:00,897.08,898.64,896.9,898.56,852.421,765357.0643
BNBUSDT,1757596800000,2025-09-11 13:20:00,2025-09-11 22:20:00,898.57,899.84,898.57,899.7,656.81,590796.98386
BNBUSDT,1757597100000,2025-09-11 13:25:00,2025-09-11 22:25:00,899.7,899.7,898.45,898.51,463.979,417100.11973
BNBUSDT,1757597400000,2025-09-11 13:30:00,2025-09-11 22:30:00,898.5,899.7,898.5,898.97,785.759,706675.59141
BNBUSDT,1757597700000,2025-09-11 13:35:00,2025-09-11 22:35:00,898.98,899.3,897.8,899.3,415.665,373509.18467
BNBUSDT,1757598000000,2025-09-11 13:40:00,2025-09-11 22:40:00,899.29,899.63,897.8,897.93,807.341,725691.83743
BNBUSDT,1757598300000,2025-09-11 13:45:00,2025-09-11 22:45:00,897.93,898.77,897.09,897.55,452.905,406700.35209
BNBUSDT,1757598600000,2025-09-11 13:50:00,2025-09-11 22:50:00,897.55,899.14,897.55,898.8,385.283,346212.06276
BNBUSDT,1757598900000,2025-09-11 13:55:00,2025-09-11 22:55:00,898.81,901.38,898.2,901.14,1129.572,1016751.63521
BNBUSDT,1757599200000,2025-09-11 14:00:00,2025-09-11 23:00:00,901.14,901.25,898.8,899.59,991.041,892336.10167
BNBUSDT,1757599500000,2025-09-11 14:05:00,2025-09-11 23:05:00,899.6,900.08,898.63,898.64,511.801,460399.84985
BNBUSDT,1757599800000,2025-09-11 14:10:00,2025-09-11 23:10:00,898.63,899.48,898.42,898.6,856.542,769924.16219
BNBUSDT,1757600100000,2025-09-11 14:15:00,2025-09-11 23:15:00,898.6,898.65,897,897.01,554.794,498041.41014
BNBUSDT,1757600400000,2025-09-11 14:20:00,2025-09-11 23:20:00,897,897.7,896.36,897.09,940.378,843535.82645
BNBUSDT,1757600700000,2025-09-11 14:25:00,2025-09-11 23:25:00,897.09,898.17,896.81,898.17,373.533,335209.64279
BNBUSDT,1757601000000,2025-09-11 14:30:00,2025-09-11 23:30:00,898.17,899.6,898.05,899.59,395.386,355448.34823
BNBUSDT,1757601300000,2025-09-11 14:35:00,2025-09-11 23:35:00,899.6,900,899.4,899.42,738.361,664234.08306
BNBUSDT,1757601600000,2025-09-11 14:40:00,2025-09-11 23:40:00,899.42,899.9,899.3,899.85,383.953,345431.21367
BNBUSDT,1757601900000,2025-09-11 14:45:00,2025-09-11 23:45:00,899.85,899.85,899.12,899.34,660.745,594319.6882
BNBUSDT,1757602200000,2025-09-11 14:50:00,2025-09-11 23:50:00,899.34,899.35,898.44,898.66,574.879,516758.13976
BNBUSDT,1757602500000,2025-09-11 14:55:00,2025-09-11 23:55:00,898.66,899.09,898.1,899.09,425.949,382715.6067
BNBUSDT,1757602800000,2025-09-11 15:00:00,2025-09-12 00:00:00,899.09,899.5,898.9,899.21,473.85,426093.93741
BNBUSDT,1757603100000,2025-09-11 15:05:00,2025-09-12 00:05:00,899.22,899.27,897.75,897.86,448.041,402574.19851
BNBUSDT,1757603400000,2025-09-11 15:10:00,2025-09-12 00:10:00,897.85,898.04,896.14,896.56,1104.402,990683.14731
BNBUSDT,1757603700000,2025-09-11 15:15:00,2025-09-12 00:15:00,896.56,897.8,896.56,897.8,447.165,401184.60261
BNBUSDT,1757604000000,2025-09-11 15:20:00,2025-09-12 00:20:00,897.8,897.98,896.69,896.84,443.278,397758.05967
BNBUSDT,1757604300000,2025-09-11 15:25:00,2025-09-12 00:25:00,896.84,898,896.45,896.46,709.569,636698.92915
BNBUSDT,1757604600000,2025-09-11 15:30:00,2025-09-12 00:30:00,896.46,897.32,896.45,897.2,362.118,324758.26394
BNBUSDT,1757604900000,2025-09-11 15:35:00,2025-09-12 00:35:00,897.19,898.12,896.6,897.35,1135.55,1019071.70577
BNBUSDT,1757605200000,2025-09-11 15:40:00,2025-09-12 00:40:00,897.36,897.43,896.4,896.44,919.914,825132.3964
BNBUSDT,1757605500000,2025-09-11 15:45:00,2025-09-12 00:45:00,896.44,896.5,891.27,892.98,5150.955,4605726.58877
BNBUSDT,1757605800000,2025-09-11 15:50:00,2025-09-12 00:50:00,892.98,893.67,892.67,893.6,790.599,706109.73924
BNBUSDT,1757606100000,2025-09-11 15:55:00,2025-09-12 00:55:00,893.61,894.3,893.3,893.31,1556.387,1391216.69119
BNBUSDT,1757606400000,2025-09-11 16:00:00,2025-09-12 01:00:00,893.31,895.5,893.3,895.44,533.033,476715.17916
BNBUSDT,1757606700000,2025-09-11 16:05:00,2025-09-12 01:05:00,895.44,895.6,894.05,895.58,701.791,628156.05868
BNBUSDT,1757607000000,2025-09-11 16:10:00,2025-09-12 01:10:00,895.57,895.93,895.44,895.76,329.327,294983.85846
BNBUSDT,1757607300000,2025-09-11 16:15:00,2025-09-12 01:15:00,895.76,895.95,895.52,895.65,485.648,435012.64438
BNBUSDT,1757607600000,2025-09-11 16:20:00,2025-09-12 01:20:00,895.65,895.67,894.17,894.18,565.955,506557.222
BNBUSDT,1757607900000,2025-09-11 16:25:00,2025-09-12 01:25:00,894.17,894.43,894.02,894.04,296.049,264732.94583
BNBUSDT,1757608200000,2025-09-11 16:30:00,2025-09-12 01:30:00,894.04,894.5,893.53,894.03,732.376,654847.53256
BNBUSDT,1757608500000,2025-09-11 16:35:00,2025-09-12 01:35:00,894.03,895.38,893.7,895.3,325.765,291349.95606
BNBUSDT,1757608800000,2025-09-11 16:40:00,2025-09-12 01:40:00,895.29,895.44,894.86,895.1,324.585,290572.32246
BNBUSDT,1757609100000,2025-09-11 16:45:00,2025-09-12 01:45:00,895.1,895.11,894.3,895.08,465.24,416276.30489
BNBUSDT,1757609400000,2025-09-11 16:50:00,2025-09-12 01:50:00,895.08,895.08,894.1,894.63,371.431,332227.15025
BNBUSDT,1757609700000,2025-09-11 16:55:00,2025-09-12 01:55:00,894.63,894.84,894.55,894.56,263.155,235452.87183
BNBUSDT,1757610000000,2025-09-11 17:00:00,2025-09-12 02:00:00,894.56,894.79,894.21,894.5,357.006,319335.29845
BNBUSDT,1757610300000,2025-09-11 17:05:00,2025-09-12 02:05:00,894.5,895.49,894.24,895.35,310.208,277612.43503
BNBUSDT,1757610600000,2025-09-11 17:10:00,2025-09-12 02:10:00,895.35,896.8,895.34,896.8,930.269,833488.38017
BNBUSDT,1757610900000,2025-09-11 17:15:00,2025-09-12 02:15:00,896.8,897.65,896.32,896.4,864.156,775366.02048
BNBUSDT,1757611200000,2025-09-11 17:20:00,2025-09-12 02:20:00,896.41,896.8,896.4,896.73,229.659,205909.75685
BNBUSDT,1757611500000,2025-09-11 17:25:00,2025-09-12 02:25:00,896.73,896.73,895.8,895.81,141.71,127011.64011
BNBUSDT,1757611800000,2025-09-11 17:30:00,2025-09-12 02:30:00,895.81,896.15,895.8,896.13,356.78,319651.62427
BNBUSDT,1757612100000,2025-09-11 17:35:00,2025-09-12 02:35:00,896.14,896.76,896,896.76,138.537,124185.74611
BNBUSDT,1757612400000,2025-09-11 17:40:00,2025-09-12 02:40:00,896.75,897.14,896.75,897.13,109.242,97984.99491
BNBUSDT,1757612700000,2025-09-11 17:45:00,2025-09-12 02:45:00,897.13,897.29,896.34,896.54,236.463,212049.7945
BNBUSDT,1757613000000,2025-09-11 17:50:00,2025-09-12 02:50:00,896.54,897.16,896.54,897.01,124.056,111257.56052
BNBUSDT,1757613300000,2025-09-11 17:55:00,2025-09-12 02:55:00,897,897.5,897,897.5,74.482,66817.72131
BNBUSDT,1757613600000,2025-09-11 18:00:00,2025-09-12 03:00:00,897.49,897.92,897.42,897.66,164.209,147412.82382
BNBUSDT,1757613900000,2025-09-11 18:05:00,2025-09-12 03:05:00,897.66,897.66,897,897.5,183.677,164812.48744
BNBUSDT,1757614200000,2025-09-11 18:10:00,2025-09-12 03:10:00,897.5,897.52,896.86,896.87,214.023,192007.30159
BNBUSDT,1757614500000,2025-09-11 18:15:00,2025-09-12 03:15:00,896.86,896.86,895.82,896.37,256.138,229603.32445
BNBUSDT,1757614800000,2025-09-11 18:20:00,2025-09-12 03:20:00,896.37,896.7,895.69,896.7,225.262,201866.85228
BNBUSDT,1757615100000,2025-09-11 18:25:00,2025-09-12 03:25:00,896.7,897.08,896.51,897.08,157.45,141194.52098
BNBUSDT,1757615400000,2025-09-11 18:30:00,2025-09-12 03:30:00,897.07,897.29,896.32,896.32,208.432,186929.25853
BNBUSDT,1757615700000,2025-09-11 18:35:00,2025-09-12 03:35:00,896.32,896.32,894.72,895.18,195.697,175229.96472
BNBUSDT,1757616000000,2025-09-11 18:40:00,2025-09-12 03:40:00,895.17,895.64,895.17,895.51,233.44,209028.43963
BNBUSDT,1757616300000,2025-09-11 18:45:00,2025-09-12 03:45:00,895.5,895.66,894.63,894.76,357.324,319783.32389
BNBUSDT,1757616600000,2025-09-11 18:50:00,2025-09-12 03:50:00,894.75,895,894.3,894.45,375.764,336176.57315
BNBUSDT,1757616900000,2025-09-11 18:55:00,2025-09-12 03:55:00,894.45,895.14,894.44,894.91,115.95,103744.91932
BNBUSDT,1757617200000,2025-09-11 19:00:00,2025-09-12 04:00:00,894.92,896.03,894.66,896,287.639,257480.05596
BNBUSDT,1757617500000,2025-09-11 19:05:00,2025-09-12 04:05:00,895.99,896.16,895.5,895.51,117.025,104837.38109
BNBUSDT,1757617800000,2025-09-11 19:10:00,2025-09-12 04:10:00,895.51,895.51,895.1,895.19,189.49,169667.16594
BNBUSDT,1757618100000,2025-09-11 19:15:00,2025-09-12 04:15:00,895.2,895.4,895.1,895.4,106.216,95084.89265
BNBUSDT,1757618400000,2025-09-11 19:20:00,2025-09-12 04:20:00,895.4,895.8,895.23,895.7,112.986,101185.8841
BNBUSDT,1757618700000,2025-09-11 19:25:00,2025-09-12 04:25:00,895.7,896.5,895.61,896.26,389.96,349457.66085
BNBUSDT,1757619000000,2025-09-11 19:30:00,2025-09-12 04:30:00,896.27,896.9,896.26,896.7,179.15,160638.67806
BNBUSDT,1757619300000,2025-09-11 19:35:00,2025-09-12 04:35:00,896.7,897.14,896.66,896.99,350.08,313986.78621
BNBUSDT,1757619600000,2025-09-11 19:40:00,2025-09-12 04:40:00,896.99,896.99,896.6,896.74,123.716,110930.08609
BNBUSDT,1757619900000,2025-09-11 19:45:00,2025-09-12 04:45:00,896.74,896.8,896.32,896.69,171.906,154130.39238
BNBUSDT,1757620200000,2025-09-11 19:50:00,2025-09-12 04:50:00,896.7,897.09,896.69,896.71,160.825,144247.8427
BNBUSDT,1757620500000,2025-09-11 19:55:00,2025-09-12 04:55:00,896.71,897.18,896.4,896.81,161.294,144649.16562
BNBUSDT,1757620800000,2025-09-11 20:00:00,2025-09-12 05:00:00,896.81,897,896.21,896.33,170.971,153286.10878
BNBUSDT,1757621100000,2025-09-11 20:05:00,2025-09-12 05:05:00,896.33,896.86,896.33,896.53,105.413,94524.5841
BNBUSDT,1757621400000,2025-09-11 20:10:00,2025-09-12 05:10:00,896.53,896.53,895.86,895.87,154.119,138121.85374
BNBUSDT,1757621700000,2025-09-11 20:15:00,2025-09-12 05:15:00,895.87,896.6,895.87,896.22,110.188,98758.42813
BNBUSDT,1757622000000,2025-09-11 20:20:00,2025-09-12 05:20:00,896.22,896.86,896.21,896.73,250.606,224698.90483
BNBUSDT,1757622300000,2025-09-11 20:25:00,2025-09-12 05:25:00,896.73,896.73,896.3,896.31,164.465,147457.24444
BNBUSDT,1757622600000,2025-09-11 20:30:00,2025-09-12 05:30:00,896.3,897.27,896.3,896.96,456.728,409558.84733
BNBUSDT,1757622900000,2025-09-11 20:35:00,2025-09-12 05:35:00,896.97,897.1,896.86,897.08,147.893,132655.95862
BNBUSDT,1757623200000,2025-09-11 20:40:00,2025-09-12 05:40:00,897.08,897.58,896.7,897.56,233.099,209127.28757
BNBUSDT,1757623500000,2025-09-11 20:45:00,2025-09-12 05:45:00,897.56,897.56,897.27,897.39,149.532,134194.88187
BNBUSDT,1757623800000,2025-09-11 20:50:00,2025-09-12 05:50:00,897.4,897.53,897.31,897.32,69.892,62722.28695
BNBUSDT,1757624100000,2025-09-11 20:55:00,2025-09-12 05:55:00,897.31,897.33,897.15,897.29,131.144,117671.93852
BNBUSDT,1757624400000,2025-09-11 21:00:00,2025-09-12 06:00:00,897.29,897.45,896.99,897.26,237.987,213526.15151
BNBUSDT,1757624700000,2025-09-11 21:05:00,2025-09-12 06:05:00,897.26,897.32,896.8,896.8,200.49,179870.14112
BNBUSDT,1757625000000,2025-09-11 21:10:00,2025-09-12 06:10:00,896.8,896.81,895.91,895.97,299.064,268101.36309
BNBUSDT,1757625300000,2025-09-11 21:15:00,2025-09-12 06:15:00,895.96,896.14,895.35,895.97,250.729,224587.25331
BNBUSDT,1757625600000,2025-09-11 21:20:00,2025-09-12 06:20:00,895.97,895.97,895.33,895.59,130.877,117216.87719
BNBUSDT,1757625900000,2025-09-11 21:25:00,2025-09-12 06:25:00,895.59,896.45,895.59,896.25,233.199,208932.04396
BNBUSDT,1757626200000,2025-09-11 21:30:00,2025-09-12 06:30:00,896.25,896.33,895.91,896.33,124.085,111188.8874
BNBUSDT,1757626500000,2025-09-11 21:35:00,2025-09-12 06:35:00,896.33,896.62,896.32,896.6,75.988,68114.09359
BNBUSDT,1757626800000,2025-09-11 21:40:00,2025-09-12 06:40:00,896.59,896.66,896.36,896.43,154.06,138116.37994
BNBUSDT,1757627100000,2025-09-11 21:45:00,2025-09-12 06:45:00,896.43,896.62,896.2,896.62,161.971,145189.18808
BNBUSDT,1757627400000,2025-09-11 21:50:00,2025-09-12 06:50:00,896.62,896.85,896.5,896.84,82.302,73797.85035
BNBUSDT,1757627700000,2025-09-11 21:55:00,2025-09-12 06:55:00,896.85,897,896.73,896.89,91.463,82034.30448
BNBUSDT,1757628000000,2025-09-11 22:00:00,2025-09-12 07:00:00,896.88,897,896.4,896.41,177.572,159239.96833
BNBUSDT,1757628300000,2025-09-11 22:05:00,2025-09-12 07:05:00,896.41,898.89,896.37,898.03,1403.549,1260299.4181
BNBUSDT,1757628600000,2025-09-11 22:10:00,2025-09-12 07:10:00,898.04,899.14,898.03,898.25,986.736,886826.90949
BNBUSDT,1757628900000,2025-09-11 22:15:00,2025-09-12 07:15:00,898.25,899,898.06,898.88,287.955,258737.33666
BNBUSDT,1757629200000,2025-09-11 22:20:00,2025-09-12 07:20:00,898.89,900.18,898.88,899.77,662.329,595964.58212
BNBUSDT,1757629500000,2025-09-11 22:25:00,2025-09-12 07:25:00,899.76,900.48,899.76,900.2,510.846,459817.11582
BNBUSDT,1757629800000,2025-09-11 22:30:00,2025-09-12 07:30:00,900.2,900.5,899.7,900.27,286.658,258063.15899
BNBUSDT,1757630100000,2025-09-11 22:35:00,2025-09-12 07:35:00,900.28,900.4,899.8,900.18,209.641,188694.942
BNBUSDT,1757630400000,2025-09-11 22:40:00,2025-09-12 07:40:00,900.18,900.64,900.03,900.46,343.002,308807.60583
BNBUSDT,1757630700000,2025-09-11 22:45:00,2025-09-12 07:45:00,900.46,901.35,900.45,901.34,373.22,336273.20531
BNBUSDT,1757631000000,2025-09-11 22:50:00,2025-09-12 07:50:00,901.35,901.6,900.95,901.16,594.218,535571.11873
BNBUSDT,1757631300000,2025-09-11 22:55:00,2025-09-12 07:55:00,901.16,902.37,901.13,901.65,837.697,755359.81435
BNBUSDT,1757631600000,2025-09-11 23:00:00,2025-09-12 08:00:00,901.64,902.07,901.5,902.07,613.077,552840.19354
BNBUSDT,1757631900000,2025-09-11 23:05:00,2025-09-12 08:05:00,902.08,903,902.07,902.41,601.691,543031.64237
BNBUSDT,1757632200000,2025-09-11 23:10:00,2025-09-12 08:10:00,902.42,903.63,902.36,903.52,746.69,674296.09045
BNBUSDT,1757632500000,2025-09-11 23:15:00,2025-09-12 08:15:00,903.52,903.67,902.15,902.36,1059.429,956331.60808
BNBUSDT,1757632800000,2025-09-11 23:20:00,2025-09-12 08:20:00,902.36,902.52,901.32,901.33,977.422,881724.89847
BNBUSDT,1757633100000,2025-09-11 23:25:00,2025-09-12 08:25:00,901.33,901.4,900.84,901.2,1040.377,937521.08801
BNBUSDT,1757633400000,2025-09-11 23:30:00,2025-09-12 08:30:00,901.2,901.2,900.74,901,215.625,194256.73929
BNBUSDT,1757633700000,2025-09-11 23:35:00,2025-09-12 08:35:00,901.01,901.38,900.55,900.96,1216.692,1096131.89183
BNBUSDT,1757634000000,2025-09-11 23:40:00,2025-09-12 08:40:00,900.97,902.9,900.56,902.28,1771.835,1597591.56399
BNBUSDT,1757634300000,2025-09-11 23:45:00,2025-09-12 08:45:00,902.27,902.28,901.7,901.95,276.315,249226.36807
BNBUSDT,1757634600000,2025-09-11 23:50:00,2025-09-12 08:50:00,901.95,902.99,901.86,902.5,318.424,287357.98441
BNBUSDT,1757634900000,2025-09-11 23:55:00,2025-09-12 08:55:00,902.51,903.31,902.5,902.77,395.133,356800.3646
BNBUSDT,1757635200000,2025-09-12 00:00:00,2025-09-12 09:00:00,902.77,903.21,902.11,903.01,1677.534,1514409.68677
BNBUSDT,1757635500000,2025-09-12 00:05:00,2025-09-12 09:05:00,903,903.34,902.02,902.21,1567.74,1415290.41243
BNBUSDT,1757635800000,2025-09-12 00:10:00,2025-09-12 09:10:00,902.21,902.3,901.41,901.76,1013.059,913626.69361
BNBUSDT,1757636100000,2025-09-12 00:15:00,2025-09-12 09:15:00,901.75,902.76,901.75,902.4,917.798,828174.33667
BNBUSDT,1757636400000,2025-09-12 00:20:00,2025-09-12 09:20:00,902.39,904.47,902.39,904.39,1159.735,1047964.90461
BNBUSDT,1757636700000,2025-09-12 00:25:00,2025-09-12 09:25:00,904.39,905.4,904.39,904.48,1281.212,1159428.73004
BNBUSDT,1757637000000,2025-09-12 00:30:00,2025-09-12 09:30:00,904.49,905,904.18,904.63,335.87,303782.14632
BNBUSDT,1757637300000,2025-09-12 00:35:00,2025-09-12 09:35:00,904.64,905.8,904.64,905.65,468.494,424144.1811
BNBUSDT,1757637600000,2025-09-12 00:40:00,2025-09-12 09:40:00,905.65,907,905,907,1108.174,1004014.12246
BNBUSDT,1757637900000,2025-09-12 00:45:00,2025-09-12 09:45:00,907,908,905.9,907.72,1826.534,1657040.0893
BNBUSDT,1757638200000,2025-09-12 00:50:00,2025-09-12 09:50:00,907.69,908.93,905.98,906.09,1503.5,1364877.36657
BNBUSDT,1757638500000,2025-09-12 00:55:00,2025-09-12 09:55:00,906.09,907.13,905.2,905.45,763.994,692148.54849
BNBUSDT,1757638800000,2025-09-12 01:00:00,2025-09-12 10:00:00,905.45,906.66,905.45,905.82,548.402,496919.59078
BNBUSDT,1757639100000,2025-09-12 01:05:00,2025-09-12 10:05:00,905.82,906.49,905.54,905.77,339.488,307540.00683
BNBUSDT,1757639400000,2025-09-12 01:10:00,2025-09-12 10:10:00,905.76,905.76,904.54,905.14,446.138,403735.96345
BNBUSDT,1757639700000,2025-09-12 01:15:00,2025-09-12 10:15:00,905.14,906,904.7,904.9,299.516,271164.21775
BNBUSDT,1757640000000,2025-09-12 01:20:00,2025-09-12 10:20:00,904.9,905.61,904.89,905.39,244.236,221107.83883
BNBUSDT,1757640300000,2025-09-12 01:25:00,2025-09-12 10:25:00,905.4,907.06,905.05,906.62,1278.831,1158899.32393
BNBUSDT,1757640600000,2025-09-12 01:30:00,2025-09-12 10:30:00,906.63,906.85,905.31,905.52,479.138,434238.97175
BNBUSDT,1757640900000,2025-09-12 01:35:00,2025-09-12 10:35:00,905.52,906.76,905.3,906.47,423.119,383330.869
BNBUSDT,1757641200000,2025-09-12 01:40:00,2025-09-12 10:40:00,906.47,906.47,905.2,905.39,409.474,370815.02532
BNBUSDT,1757641500000,2025-09-12 01:45:00,2025-09-12 10:45:00,905.38,906,904.09,905.21,1189.511,1076345.02354
BNBUSDT,1757641800000,2025-09-12 01:50:00,2025-09-12 10:50:00,905.21,905.3,904.6,904.71,295.337,267271.75733
BNBUSDT,1757642100000,2025-09-12 01:55:00,2025-09-12 10:55:00,904.71,904.9,904.26,904.76,364.056,329344.89115
BNBUSDT,1757642400000,2025-09-12 02:00:00,2025-09-12 11:00:00,904.75,905.7,904.75,905.54,256.744,232423.94572
BNBUSDT,1757642700000,2025-09-12 02:05:00,2025-09-12 11:05:00,905.54,906.14,905.54,906.09,167.073,151342.36151
BNBUSDT,1757643000000,2025-09-12 02:10:00,2025-09-12 11:10:00,906.1,906.33,905.75,905.75,298.26,270281.51119
BNBUSDT,1757643300000,2025-09-12 02:15:00,2025-09-12 11:15:00,905.75,906.19,903.08,903.66,778.96,704645.87054
BNBUSDT,1757643600000,2025-09-12 02:20:00,2025-09-12 11:20:00,903.65,904.71,903.65,904.45,349.568,316120.82753
BNBUSDT,1757643900000,2025-09-12 02:25:00,2025-09-12 11:25:00,904.44,905.65,904.25,904.92,775.956,702261.23413
BNBUSDT,1757644200000,2025-09-12 02:30:00,2025-09-12 11:30:00,904.91,905,904.04,904.86,404.416,365792.13208
BNBUSDT,1757644500000,2025-09-12 02:35:00,2025-09-12 11:35:00,904.86,905.78,904.85,905.65,316.473,286525.8888
BNBUSDT,1757644800000,2025-09-12 02:40:00,2025-09-12 11:40:00,905.65,906,904.6,904.61,359.475,325519.13044
BNBUSDT,1757645100000,2025-09-12 02:45:00,2025-09-12 11:45:00,904.61,904.61,904.05,904.11,302.618,273662.95158
BNBUSDT,1757645400000,2025-09-12 02:50:00,2025-09-12 11:50:00,904.12,904.12,903.52,903.68,414.023,374208.56804
BNBUSDT,1757645700000,2025-09-12 02:55:00,2025-09-12 11:55:00,903.69,904,903.68,904,219.947,198789.19116
BNBUSDT,1757646000000,2025-09-12 03:00:00,2025-09-12 12:00:00,904,906.22,903.93,904.01,1172.95,1061405.51692
BNBUSDT,1757646300000,2025-09-12 03:05:00,2025-09-12 12:05:00,904,904.24,903.46,904.02,567.362,512742.57147
BNBUSDT,1757646600000,2025-09-12 03:10:00,2025-09-12 12:10:00,904.02,904.03,903.1,903.3,369.951,334250.45431
BNBUSDT,1757646900000,2025-09-12 03:15:00,2025-09-12 12:15:00,903.3,903.8,902.97,902.98,815.891,736979.6452
BNBUSDT,1757647200000,2025-09-12 03:20:00,2025-09-12 12:20:00,902.98,902.98,901.8,901.93,907.824,818914.05156
BNBUSDT,1757647500000,2025-09-12 03:25:00,2025-09-12 12:25:00,901.93,902.96,901.92,902.86,588.914,531552.23356
BNBUSDT,1757647800000,2025-09-12 03:30:00,2025-09-12 12:30:00,902.86,903.3,902.48,902.56,337.279,304501.87131
BNBUSDT,1757648100000,2025-09-12 03:35:00,2025-09-12 12:35:00,902.56,902.93,902.11,902.55,394.178,355756.55531
BNBUSDT,1757648400000,2025-09-12 03:40:00,2025-09-12 12:40:00,902.55,903.6,901.91,903.37,347.338,313514.49736
BNBUSDT,1757648700000,2025-09-12 03:45:00,2025-09-12 12:45:00,903.37,904.08,903.17,904.08,417.611,377337.52916
BNBUSDT,1757649000000,2025-09-12 03:50:00,2025-09-12 12:50:00,904.08,904.7,904.07,904.4,629.863,569596.1451
BNBUSDT,1757649300000,2025-09-12 03:55:00,2025-09-12 12:55:00,904.41,904.7,904.1,904.7,380.15,343807.18831
BNBUSDT,1757649600000,2025-09-12 04:00:00,2025-09-12 13:00:00,904.69,904.99,904,904.37,369.91,334571.79072
BNBUSDT,1757649900000,2025-09-12 04:05:00,2025-09-12 13:05:00,904.36,904.64,903.74,903.91,357.594,323289.56722
BNBUSDT,1757650200000,2025-09-12 04:10:00,2025-09-12 13:10:00,903.91,904.27,903.8,903.84,259.646,234720.20908
BNBUSDT,1757650500000,2025-09-12 04:15:00,2025-09-12 13:15:00,903.85,905.51,903.84,905.43,1293.913,1170987.99669
BNBUSDT,1757650800000,2025-09-12 04:20:00,2025-09-12 13:20:00,905.43,906.7,904.7,905.29,1865.383,1689389.38911
BNBUSDT,1757651100000,2025-09-12 04:25:00,2025-09-12 13:25:00,905.29,906.74,905.29,906.74,630.263,571099.16226
BNBUSDT,1757651400000,2025-09-12 04:30:00,2025-09-12 13:30:00,906.73,908.47,906.73,907.98,1552.333,1409091.60167
BNBUSDT,1757651700000,2025-09-12 04:35:00,2025-09-12 13:35:00,907.99,907.99,906.48,907.97,1545.969,1402412.00641
BNBUSDT,1757652000000,2025-09-12 04:40:00,2025-09-12 13:40:00,907.98,908.48,907.58,908.25,1080.734,981289.48406
BNBUSDT,1757652300000,2025-09-12 04:45:00,2025-09-12 13:45:00,908.25,908.41,907.26,908.05,778.382,706678.03163
BNBUSDT,1757652600000,2025-09-12 04:50:00,2025-09-12 13:50:00,908.04,908.39,906.94,907.84,998.743,906432.05681
BNBUSDT,1757652900000,2025-09-12 04:55:00,2025-09-12 13:55:00,907.85,908.52,907.75,908,587.77,533789.97832
BNBUSDT,1757653200000,2025-09-12 05:00:00,2025-09-12 14:00:00,908.01,908.19,907.14,907.26,612.579,555987.44528
BNBUSDT,1757653500000,2025-09-12 05:05:00,2025-09-12 14:05:00,907.26,907.28,906.85,907,445.107,403737.02725
BNBUSDT,1757653800000,2025-09-12 05:10:00,2025-09-12 14:10:00,907,908.37,906.66,908.16,2196.153,1993758.27253
BNBUSDT,1757654100000,2025-09-12 05:15:00,2025-09-12 14:15:00,908.17,909.41,908.16,909.4,1375.961,1250692.83703
BNBUSDT,1757654400000,2025-09-12 05:20:00,2025-09-12 14:20:00,909.39,909.69,908.3,908.6,1309.126,1190226.70839
BNBUSDT,1757654700000,2025-09-12 05:25:00,2025-09-12 14:25:00,908.6,908.61,908.04,908.09,403.912,366859.5775
BNBUSDT,1757655000000,2025-09-12 05:30:00,2025-09-12 14:30:00,908.09,909.01,908,908.87,487.758,443095.10644
BNBUSDT,1757655300000,2025-09-12 05:35:00,2025-09-12 14:35:00,908.86,908.91,907.9,908.03,685.764,622901.45572
BNBUSDT,1757655600000,2025-09-12 05:40:00,2025-09-12 14:40:00,908.03,908.49,907.94,908.37,503.679,457463.24239
BNBUSDT,1757655900000,2025-09-12 05:45:00,2025-09-12 14:45:00,908.37,909.2,908.36,909.13,762.574,693070.4362
BNBUSDT,1757656200000,2025-09-12 05:50:00,2025-09-12 14:50:00,909.12,909.13,908.43,908.49,620.136,563568.49768
BNBUSDT,1757656500000,2025-09-12 05:55:00,2025-09-12 14:55:00,908.49,908.92,908.49,908.9,562.672,511287.06816
BNBUSDT,1757656800000,2025-09-12 06:00:00,2025-09-12 15:00:00,908.9,909.66,908.52,908.53,1124.541,1022508.72284
BNBUSDT,1757657100000,2025-09-12 06:05:00,2025-09-12 15:05:00,908.52,908.53,907.91,907.92,756.148,686800.71856
BNBUSDT,1757657400000,2025-09-12 06:10:00,2025-09-12 15:10:00,907.91,907.98,907.58,907.79,664.016,602743.43392
BNBUSDT,1757657700000,2025-09-12 06:15:00,2025-09-12 15:15:00,907.79,908.13,907.78,908.12,339.052,307837.43239
BNBUSDT,1757658000000,2025-09-12 06:20:00,2025-09-12 15:20:00,908.13,908.67,908.12,908.53,486.763,442188.45414
BNBUSDT,1757658300000,2025-09-12 06:25:00,2025-09-12 15:25:00,908.54,908.57,907.97,908,671.13,609562.53422
BNBUSDT,1757658600000,2025-09-12 06:30:00,2025-09-12 15:30:00,908,908.27,907.77,907.77,491.928,446688.37623
BNBUSDT,1757658900000,2025-09-12 06:35:00,2025-09-12 15:35:00,907.77,908.7,907.77,908.05,671.108,609533.67899
BNBUSDT,1757659200000,2025-09-12 06:40:00,2025-09-12 15:40:00,908.04,908.6,908.04,908.46,422.009,383332.97364
BNBUSDT,1757659500000,2025-09-12 06:45:00,2025-09-12 15:45:00,908.46,909.19,908.12,908.12,1031.9,937677.73084
BNBUSDT,1757659800000,2025-09-12 06:50:00,2025-09-12 15:50:00,908.13,908.56,908,908.47,355.126,322545.26919
BNBUSDT,1757660100000,2025-09-12 06:55:00,2025-09-12 15:55:00,908.48,908.66,908.1,908.66,330.359,300100.2519
BNBUSDT,1757660400000,2025-09-12 07:00:00,2025-09-12 16:00:00,908.66,908.68,908.04,908.11,787.425,715312.30308
BNBUSDT,1757660700000,2025-09-12 07:05:00,2025-09-12 16:05:00,908.11,908.3,907.7,907.99,740.397,672314.17785
BNBUSDT,1757661000000,2025-09-12 07:10:00,2025-09-12 16:10:00,907.99,908.75,907.86,908.15,474.843,431249.01739
BNBUSDT,1757661300000,2025-09-12 07:15:00,2025-09-12 16:15:00,908.14,908.41,908.02,908.1,235.493,213869.44792
BNBUSDT,1757661600000,2025-09-12 07:20:00,2025-09-12 16:20:00,908.1,908.11,907.8,907.9,349.333,317176.18065
BNBUSDT,1757661900000,2025-09-12 07:25:00,2025-09-12 16:25:00,907.9,907.91,907.66,907.79,618.702,561648.31807
BNBUSDT,1757662200000,2025-09-12 07:30:00,2025-09-12 16:30:00,907.79,907.79,905.47,905.63,1495.225,1355530.54631
BNBUSDT,1757662500000,2025-09-12 07:35:00,2025-09-12 16:35:00,905.63,905.74,904.86,905.25,1209.273,1094645.61294
BNBUSDT,1757662800000,2025-09-12 07:40:00,2025-09-12 16:40:00,905.26,905.43,904.63,905.04,747.483,676406.03064
BNBUSDT,1757663100000,2025-09-12 07:45:00,2025-09-12 16:45:00,905.04,905.05,904.21,904.5,1029.318,931187.15697
BNBUSDT,1757663400000,2025-09-12 07:50:00,2025-09-12 16:50:00,904.5,904.87,903.99,904.32,840.398,760033.18145
BNBUSDT,1757663700000,2025-09-12 07:55:00,2025-09-12 16:55:00,904.32,904.33,903.14,903.45,1085.514,980808.68279
BNBUSDT,1757664000000,2025-09-12 08:00:00,2025-09-12 17:00:00,903.45,904.77,903.44,904.51,744.865,673638.79071
BNBUSDT,1757664300000,2025-09-12 08:05:00,2025-09-12 17:05:00,904.51,904.66,904.36,904.66,318.244,287839.09524
BNBUSDT,1757664600000,2025-09-12 08:10:00,2025-09-12 17:10:00,904.67,904.7,903.74,904.2,801.899,725103.65367
BNBUSDT,1757664900000,2025-09-12 08:15:00,2025-09-12 17:15:00,904.2,904.3,902.34,904.13,2005.718,1812264.11445
BNBUSDT,1757665200000,2025-09-12 08:20:00,2025-09-12 17:20:00,904.12,904.8,903.74,904.8,471.105,426034.66828
BNBUSDT,1757665500000,2025-09-12 08:25:00,2025-09-12 17:25:00,904.8,904.93,904.27,904.27,280.95,254186.42882
BNBUSDT,1757665800000,2025-09-12 08:30:00,2025-09-12 17:30:00,904.27,904.49,904.01,904.12,326.406,295128.34399
BNBUSDT,1757666100000,2025-09-12 08:35:00,2025-09-12 17:35:00,904.12,904.8,904.11,904.79,304.814,275713.29313
BNBUSDT,1757666400000,2025-09-12 08:40:00,2025-09-12 17:40:00,904.8,905.22,904.79,905.22,356.437,322606.87601
BNBUSDT,1757666700000,2025-09-12 08:45:00,2025-09-12 17:45:00,905.22,905.22,904.8,904.81,286.43,259224.034
BNBUSDT,1757667000000,2025-09-12 08:50:00,2025-09-12 17:50:00,904.8,905.1,904.8,905.1,363.034,328517.53443
BNBUSDT,1757667300000,2025-09-12 08:55:00,2025-09-12 17:55:00,905.1,905.47,905.09,905.1,498.554,451339.38791
BNBUSDT,1757667600000,2025-09-12 09:00:00,2025-09-12 18:00:00,905.11,906.24,904.99,905.65,1963.146,1777726.01536
BNBUSDT,1757667900000,2025-09-12 09:05:00,2025-09-12 18:05:00,905.64,907.1,905.64,907.1,1103.378,1000020.63089
BNBUSDT,1757668200000,2025-09-12 09:10:00,2025-09-12 18:10:00,907.1,908.14,906.74,907.67,1785.311,1619857.11668
BNBUSDT,1757668500000,2025-09-12 09:15:00,2025-09-12 18:15:00,907.66,908.8,907.66,908.05,2085.346,1893624.21114
BNBUSDT,1757668800000,2025-09-12 09:20:00,2025-09-12 18:20:00,908.04,908.04,906.39,907.74,1261.388,1144560.73604
BNBUSDT,1757669100000,2025-09-12 09:25:00,2025-09-12 18:25:00,907.73,908.54,907.62,908.54,1161.1,1054298.64221
BNBUSDT,1757669400000,2025-09-12 09:30:00,2025-09-12 18:30:00,908.54,909.51,907.05,907.06,1621.927,1473904.17779
BNBUSDT,1757669700000,2025-09-12 09:35:00,2025-09-12 18:35:00,907.06,907.44,906.7,906.86,344.985,312894.13997
BNBUSDT,1757670000000,2025-09-12 09:40:00,2025-09-12 18:40:00,906.86,906.87,906.68,906.78,222.844,202076.70937
BNBUSDT,1757670300000,2025-09-12 09:45:00,2025-09-12 18:45:00,906.79,907.29,906.73,907.09,340.609,308921.35516
BNBUSDT,1757670600000,2025-09-12 09:50:00,2025-09-12 18:50:00,907.09,907.23,906.55,906.93,579.342,525364.89834
BNBUSDT,1757670900000,2025-09-12 09:55:00,2025-09-12 18:55:00,906.92,907.68,906.92,907.67,417.016,378344.5986
BNBUSDT,1757671200000,2025-09-12 10:00:00,2025-09-12 19:00:00,907.67,908.33,907.5,907.8,1024.288,930046.09257
BNBUSDT,1757671500000,2025-09-12 10:05:00,2025-09-12 19:05:00,907.8,909.28,907,908.46,1423.273,1292522.37932
BNBUSDT,1757671800000,2025-09-12 10:10:00,2025-09-12 19:10:00,908.46,908.67,907.53,907.57,816.537,741500.75446
BNBUSDT,1757672100000,2025-09-12 10:15:00,2025-09-12 19:15:00,907.57,908.46,907.21,907.31,1587.495,1440951.24883
BNBUSDT,1757672400000,2025-09-12 10:20:00,2025-09-12 19:20:00,907.31,908.14,905.98,906.33,2119.213,1921762.10512
BNBUSDT,1757672700000,2025-09-12 10:25:00,2025-09-12 19:25:00,906.33,907.4,906.32,907.39,876.721,795130.24833
BNBUSDT,1757673000000,2025-09-12 10:30:00,2025-09-12 19:30:00,907.38,907.62,907,907.01,477.336,433160.87617
BNBUSDT,1757673300000,2025-09-12 10:35:00,2025-09-12 19:35:00,907.01,907.24,906.58,907.22,544.673,493900.59308
BNBUSDT,1757673600000,2025-09-12 10:40:00,2025-09-12 19:40:00,907.23,908.86,907.2,907.39,1179.951,1071492.51347
BNBUSDT,1757673900000,2025-09-12 10:45:00,2025-09-12 19:45:00,907.39,907.91,907.39,907.72,328.591,298229.17089
BNBUSDT,1757674200000,2025-09-12 10:50:00,2025-09-12 19:50:00,907.72,907.92,907.18,907.19,349.742,317422.54086
BNBUSDT,1757674500000,2025-09-12 10:55:00,2025-09-12 19:55:00,907.18,907.27,906.75,906.91,343.477,311548.60721
BNBUSDT,1757674800000,2025-09-12 11:00:00,2025-09-12 20:00:00,906.9,907.16,906.5,906.51,319,289284.27941
BNBUSDT,1757675100000,2025-09-12 11:05:00,2025-09-12 20:05:00,906.51,907.06,906.33,907.05,479.683,434897.76568
BNBUSDT,1757675400000,2025-09-12 11:10:00,2025-09-12 20:10:00,907.06,907.2,906.53,906.54,341.094,309302.91704
BNBUSDT,1757675700000,2025-09-12 11:15:00,2025-09-12 20:15:00,906.54,907,906.44,906.45,209.542,189990.51912
BNBUSDT,1757676000000,2025-09-12 11:20:00,2025-09-12 20:20:00,906.45,906.63,905.91,906.63,320.2,290179.77373
BNBUSDT,1757676300000,2025-09-12 11:25:00,2025-09-12 20:25:00,906.62,906.88,906.25,906.65,425.69,385905.63919
BNBUSDT,1757676600000,2025-09-12 11:30:00,2025-09-12 20:30:00,906.65,907.08,906.06,906.07,323.237,293017.30136
BNBUSDT,1757676900000,2025-09-12 11:35:00,2025-09-12 20:35:00,906.06,906.07,905.36,905.75,973.038,881337.64759
BNBUSDT,1757677200000,2025-09-12 11:40:00,2025-09-12 20:40:00,905.74,905.97,905.51,905.6,375.186,339816.11148
BNBUSDT,1757677500000,2025-09-12 11:45:00,2025-09-12 20:45:00,905.61,905.66,904.9,904.91,377.052,341361.05475
BNBUSDT,1757677800000,2025-09-12 11:50:00,2025-09-12 20:50:00,904.91,905.59,904.62,905.59,592.555,536284.77928
BNBUSDT,1757678100000,2025-09-12 11:55:00,2025-09-12 20:55:00,905.6,905.7,905.24,905.44,329.716,298539.73913
BNBUSDT,1757678400000,2025-09-12 12:00:00,2025-09-12 21:00:00,905.45,905.87,904.34,904.35,1383.335,1252458.65255
BNBUSDT,1757678700000,2025-09-12 12:05:00,2025-09-12 21:05:00,904.34,904.68,904,904.67,460.751,416631.1484
BNBUSDT,1757679000000,2025-09-12 12:10:00,2025-09-12 21:10:00,904.68,905.78,904.67,905.78,499.084,451800.64003
BNBUSDT,1757679300000,2025-09-12 12:15:00,2025-09-12 21:15:00,905.78,907.01,905.64,907,665.794,603476.53786
BNBUSDT,1757679600000,2025-09-12 12:20:00,2025-09-12 21:20:00,906.99,907,906.41,906.99,359.365,325825.92377
BNBUSDT,1757679900000,2025-09-12 12:25:00,2025-09-12 21:25:00,907,907.61,906.99,907.21,395.512,358859.27337
BNBUSDT,1757680200000,2025-09-12 12:30:00,2025-09-12 21:30:00,907.21,907.21,905.89,906.09,446.789,404942.19968
BNBUSDT,1757680500000,2025-09-12 12:35:00,2025-09-12 21:35:00,906.1,906.4,905.83,906.29,224.564,203486.87987
BNBUSDT,1757680800000,2025-09-12 12:40:00,2025-09-12 21:40:00,906.29,906.29,905.82,906.2,191.501,173509.55192
BNBUSDT,1757681100000,2025-09-12 12:45:00,2025-09-12 21:45:00,906.19,906.29,905.7,906,272.332,246728.06464
BNBUSDT,1757681400000,2025-09-12 12:50:00,2025-09-12 21:50:00,906.01,907.49,906,907.49,860.767,780391.01555
BNBUSDT,1757681700000,2025-09-12 12:55:00,2025-09-12 21:55:00,907.48,909.88,907.48,908.35,2676.661,2432931.94526
BNBUSDT,1757682000000,2025-09-12 13:00:00,2025-09-12 22:00:00,908.35,908.35,907.55,907.73,538.263,488745.10218
BNBUSDT,1757682300000,2025-09-12 13:05:00,2025-09-12 22:05:00,907.73,908.45,907.53,908.45,281.769,255794.64356
BNBUSDT,1757682600000,2025-09-12 13:10:00,2025-09-12 22:10:00,908.45,908.69,908.36,908.49,222.776,202389.72717
BNBUSDT,1757682900000,2025-09-12 13:15:00,2025-09-12 22:15:00,908.5,908.6,907.85,908.17,256.196,232660.88028
BNBUSDT,1757683200000,2025-09-12 13:20:00,2025-09-12 22:20:00,908.17,908.55,908,908.3,588.631,534617.72673
BNBUSDT,1757683500000,2025-09-12 13:25:00,2025-09-12 22:25:00,908.3,908.59,908.29,908.32,254.143,230884.55587
BNBUSDT,1757683800000,2025-09-12 13:30:00,2025-09-12 22:30:00,908.32,908.92,907.8,908.3,613.239,557105.61503
BNBUSDT,1757684100000,2025-09-12 13:35:00,2025-09-12 22:35:00,908.3,908.39,907.1,907.4,530.016,481078.6194
BNBUSDT,1757684400000,2025-09-12 13:40:00,2025-09-12 22:40:00,907.39,908.4,907.3,908.24,394.701,358407.06418
BNBUSDT,1757684700000,2025-09-12 13:45:00,2025-09-12 22:45:00,908.24,909.15,908,908.81,522.32,474631.02575
BNBUSDT,1757685000000,2025-09-12 13:50:00,2025-09-12 22:50:00,908.81,908.81,907.82,908.71,262.146,238099.33199
BNBUSDT,1757685300000,2025-09-12 13:55:00,2025-09-12 22:55:00,908.72,909.64,908.71,908.91,499.357,453991.16858
BNBUSDT,1757685600000,2025-09-12 14:00:00,2025-09-12 23:00:00,908.91,909.56,908.14,909.34,874.09,794562.06068
BNBUSDT,1757685900000,2025-09-12 14:05:00,2025-09-12 23:05:00,909.34,909.55,909.05,909.37,1394.013,1267607.01767
BNBUSDT,1757686200000,2025-09-12 14:10:00,2025-09-12 23:10:00,909.38,909.7,908.99,909,766.989,697543.10586
BNBUSDT,1757686500000,2025-09-12 14:15:00,2025-09-12 23:15:00,909,909.65,908.82,909.61,551.622,501638.17521
BNBUSDT,1757686800000,2025-09-12 14:20:00,2025-09-12 23:20:00,909.61,909.61,908.18,909.42,801.075,728093.32768
BNBUSDT,1757687100000,2025-09-12 14:25:00,2025-09-12 23:25:00,909.41,909.47,908.34,908.38,656.337,596579.10646
BNBUSDT,1757687400000,2025-09-12 14:30:00,2025-09-12 23:30:00,908.37,908.92,908.2,908.31,398.509,362076.64165
BNBUSDT,1757687700000,2025-09-12 14:35:00,2025-09-12 23:35:00,908.31,908.31,907.31,907.8,474.918,431135.76356
BNBUSDT,1757688000000,2025-09-12 14:40:00,2025-09-12 23:40:00,907.8,908.35,907.31,907.31,567.417,515118.29153
BNBUSDT,1757688300000,2025-09-12 14:45:00,2025-09-12 23:45:00,907.32,907.84,907.15,907.41,524.714,476179.55545
BNBUSDT,1757688600000,2025-09-12 14:50:00,2025-09-12 23:50:00,907.41,908,907.41,908,389.017,353156.15429
BNBUSDT,1757688900000,2025-09-12 14:55:00,2025-09-12 23:55:00,908,909.36,907.99,908.57,1181.245,1073498.36699
BNBUSDT,1757689200000,2025-09-12 15:00:00,2025-09-13 00:00:00,908.56,908.56,907.32,907.51,327.256,297108.59815
BNBUSDT,1757689500000,2025-09-12 15:05:00,2025-09-13 00:05:00,907.51,907.68,906.8,907.36,397.396,360487.52487
BNBUSDT,1757689800000,2025-09-12 15:10:00,2025-09-13 00:10:00,907.36,907.61,906.07,906.08,533.836,484027.63628
BNBUSDT,1757690100000,2025-09-12 15:15:00,2025-09-13 00:15:00,906.08,907.21,905.9,906.89,900.371,816416.74695
BNBUSDT,1757690400000,2025-09-12 15:20:00,2025-09-13 00:20:00,906.9,907.86,906.89,907.7,866.658,786383.0422
BNBUSDT,1757690700000,2025-09-12 15:25:00,2025-09-13 00:25:00,907.7,907.7,906.04,906.04,431.99,391792.82148
BNBUSDT,1757691000000,2025-09-12 15:30:00,2025-09-13 00:30:00,906.05,907.17,905.53,907.14,564.257,511310.23579
BNBUSDT,1757691300000,2025-09-12 15:35:00,2025-09-13 00:35:00,907.15,907.26,906.52,907.17,748.702,678942.47218
BNBUSDT,1757691600000,2025-09-12 15:40:00,2025-09-13 00:40:00,907.17,907.42,907.1,907.4,327.837,297453.07964
BNBUSDT,1757691900000,2025-09-12 15:45:00,2025-09-13 00:45:00,907.4,907.72,906.98,907.72,462.302,419482.32713
BNBUSDT,1757692200000,2025-09-12 15:50:00,2025-09-13 00:50:00,907.71,907.8,907.05,907.43,423.719,384526.27821
BNBUSDT,1757692500000,2025-09-12 15:55:00,2025-09-13 00:55:00,907.43,907.43,906.98,907.01,178.591,162022.74221
BNBUSDT,1757692800000,2025-09-12 16:00:00,2025-09-13 01:00:00,907.01,907.59,907,907.55,501.952,455432.79515
BNBUSDT,1757693100000,2025-09-12 16:05:00,2025-09-13 01:05:00,907.55,907.77,906.96,907.76,270.418,245333.01412
BNBUSDT,1757693400000,2025-09-12 16:10:00,2025-09-13 01:10:00,907.77,908.3,907.4,908.21,541.2,491353.60165
BNBUSDT,1757693700000,2025-09-12 16:15:00,2025-09-13 01:15:00,908.21,908.25,908.05,908.25,389.487,353723.01934
BNBUSDT,1757694000000,2025-09-12 16:20:00,2025-09-13 01:20:00,908.24,908.51,907.83,908.5,459.555,417327.33411
BNBUSDT,1757694300000,2025-09-12 16:25:00,2025-09-13 01:25:00,908.51,908.8,907.65,908.79,493.9,448682.30387
BNBUSDT,1757694600000,2025-09-12 16:30:00,2025-09-13 01:30:00,908.79,909.3,908.79,908.82,547.399,497602.45175
BNBUSDT,1757694900000,2025-09-12 16:35:00,2025-09-13 01:35:00,908.81,908.82,908.14,908.14,497.11,451597.56124
BNBUSDT,1757695200000,2025-09-12 16:40:00,2025-09-13 01:40:00,908.15,908.15,907.56,907.65,351.391,319009.7407
BNBUSDT,1757695500000,2025-09-12 16:45:00,2025-09-13 01:45:00,907.64,908.16,907.5,907.82,335.067,304173.11588
BNBUSDT,1757695800000,2025-09-12 16:50:00,2025-09-13 01:50:00,907.83,908.69,907.82,908.69,219.673,199522.52805
BNBUSDT,1757696100000,2025-09-12 16:55:00,2025-09-13 01:55:00,908.69,909.5,908.68,909.41,542.217,492984.88061
BNBUSDT,1757696400000,2025-09-12 17:00:00,2025-09-13 02:00:00,909.42,909.42,908.4,908.4,501.562,455925.51545
BNBUSDT,1757696700000,2025-09-12 17:05:00,2025-09-13 02:05:00,908.4,909.18,908.32,908.86,366.553,333084.36285
BNBUSDT,1757697000000,2025-09-12 17:10:00,2025-09-13 02:10:00,908.86,909.34,908.71,909.19,739.71,672423.84421
BNBUSDT,1757697300000,2025-09-12 17:15:00,2025-09-13 02:15:00,909.2,909.7,909.01,909.07,397.574,361577.60417
BNBUSDT,1757697600000,2025-09-12 17:20:00,2025-09-13 02:20:00,909.07,909.93,909.06,909.91,863.805,785922.74587
BNBUSDT,1757697900000,2025-09-12 17:25:00,2025-09-13 02:25:00,909.91,918,909.91,916.17,15694.2565,14351739.7133621
BNBUSDT,1757698200000,2025-09-12 17:30:00,2025-09-13 02:30:00,916.17,916.35,914.71,915.2,2213.3,2026536.08991
BNBUSDT,1757698500000,2025-09-12 17:35:00,2025-09-13 02:35:00,915.21,916.8,915.04,916.46,1491.718,1366522.78591
BNBUSDT,1757698800000,2025-09-12 17:40:00,2025-09-13 02:40:00,916.45,918.76,916.38,918.51,2817.126,2585177.08032
BNBUSDT,1757699100000,2025-09-12 17:45:00,2025-09-13 02:45:00,918.5,918.99,916.94,917.62,2926.382,2685916.41484
BNBUSDT,1757699400000,2025-09-12 17:50:00,2025-09-13 02:50:00,917.62,918.18,915.9,917.31,1856.906,1703309.61565
BNBUSDT,1757699700000,2025-09-12 17:55:00,2025-09-13 02:55:00,917.3,917.48,916.41,917.36,1077.861,988312.31442
BNBUSDT,1757700000000,2025-09-12 18:00:00,2025-09-13 03:00:00,917.35,917.58,915.73,915.74,902.739,827524.91222
BNBUSDT,1757700300000,2025-09-12 18:05:00,2025-09-13 03:05:00,915.74,916.25,915.4,916.1,1356.392,1242321.10875
BNBUSDT,1757700600000,2025-09-12 18:10:00,2025-09-13 03:10:00,916.1,917.27,916.06,917.13,1074.855,985268.93606
BNBUSDT,1757700900000,2025-09-12 18:15:00,2025-09-13 03:15:00,917.13,921,917.04,919.21,5750.7972,5288891.995354
BNBUSDT,1757701200000,2025-09-12 18:20:00,2025-09-13 03:20:00,919.21,920.5,919.16,919.97,1268.218,1166806.80075
BNBUSDT,1757701500000,2025-09-12 18:25:00,2025-09-13 03:25:00,919.97,922,919.83,921.51,1642.563,1512559.58471
BNBUSDT,1757701800000,2025-09-12 18:30:00,2025-09-13 03:30:00,921.51,925.78,921.5,923.43,6381.394,5897896.01912
BNBUSDT,1757702100000,2025-09-12 18:35:00,2025-09-13 03:35:00,923.43,925.55,922.91,924.24,2145.659,1982903.62672
BNBUSDT,1757702400000,2025-09-12 18:40:00,2025-09-13 03:40:00,924.23,924.89,923.36,923.37,1969.099,1819677.95887
BNBUSDT,1757702700000,2025-09-12 18:45:00,2025-09-13 03:45:00,923.37,924.43,923.32,923.68,985.033,909968.39743
BNBUSDT,1757703000000,2025-09-12 18:50:00,2025-09-13 03:50:00,923.68,925.6,923.5,924.37,2825.519,2612063.64219
BNBUSDT,1757703300000,2025-09-12 18:55:00,2025-09-13 03:55:00,924.36,924.37,923,923.01,1026.92,948332.17135
BNBUSDT,1757703600000,2025-09-12 19:00:00,2025-09-13 04:00:00,923.01,923.39,922.62,922.67,1053.189,972064.45796
BNBUSDT,1757703900000,2025-09-12 19:05:00,2025-09-13 04:05:00,922.68,922.84,922.11,922.61,562.268,518702.08016
BNBUSDT,1757704200000,2025-09-12 19:10:00,2025-09-13 04:10:00,922.61,922.61,921.51,921.52,400.433,369239.5488
BNBUSDT,1757704500000,2025-09-12 19:15:00,2025-09-13 04:15:00,921.51,922.92,920.9,922.91,905.554,834942.50544
BNBUSDT,1757704800000,2025-09-12 19:20:00,2025-09-13 04:20:00,922.92,924.4,922.91,923.81,882.616,815320.47564
BNBUSDT,1757705100000,2025-09-12 19:25:00,2025-09-13 04:25:00,923.81,924.13,923.56,923.97,509.505,470696.35107
BNBUSDT,1757705400000,2025-09-12 19:30:00,2025-09-13 04:30:00,923.97,924.57,922.7,924.03,2407.807,2224283.75443
BNBUSDT,1757705700000,2025-09-12 19:35:00,2025-09-13 04:35:00,924.04,924.54,923.55,924.02,537.066,496275.79651
BNBUSDT,1757706000000,2025-09-12 19:40:00,2025-09-13 04:40:00,924.01,924.86,923.62,924.76,695.231,642604.53652
BNBUSDT,1757706300000,2025-09-12 19:45:00,2025-09-13 04:45:00,924.76,924.9,924.55,924.67,354.394,327706.61568
BNBUSDT,1757706600000,2025-09-12 19:50:00,2025-09-13 04:50:00,924.68,924.78,924.53,924.74,244.078,225689.80608
BNBUSDT,1757706900000,2025-09-12 19:55:00,2025-09-13 04:55:00,924.74,924.74,923.58,924.2,460.233,425265.82645
BNBUSDT,1757707200000,2025-09-12 20:00:00,2025-09-13 05:00:00,924.19,924.19,923,923.57,647.3,597706.23055
BNBUSDT,1757707500000,2025-09-12 20:05:00,2025-09-13 05:05:00,923.57,924.52,923.2,924.51,745.846,688924.92274
BNBUSDT,1757707800000,2025-09-12 20:10:00,2025-09-13 05:10:00,924.52,924.52,923.33,923.76,740.088,683785.16954
BNBUSDT,1757708100000,2025-09-12 20:15:00,2025-09-13 05:15:00,923.76,923.76,923,923.6,729.149,673291.17413
BNBUSDT,1757708400000,2025-09-12 20:20:00,2025-09-13 05:20:00,923.6,923.61,922.9,923.42,549.677,507474.35478
BNBUSDT,1757708700000,2025-09-12 20:25:00,2025-09-13 05:25:00,923.42,923.68,922.48,923.66,636.151,587261.43688
BNBUSDT,1757709000000,2025-09-12 20:30:00,2025-09-13 05:30:00,923.66,925.09,923.54,924.86,1298.987,1200979.04383
BNBUSDT,1757709300000,2025-09-12 20:35:00,2025-09-13 05:35:00,924.87,925.4,924.42,924.42,770.197,712481.28815
BNBUSDT,1757709600000,2025-09-12 20:40:00,2025-09-13 05:40:00,924.42,925.59,924.42,924.7,829.192,767015.53824
BNBUSDT,1757709900000,2025-09-12 20:45:00,2025-09-13 05:45:00,924.7,925.29,924.51,925.07,381.327,352669.31228
BNBUSDT,1757710200000,2025-09-12 20:50:00,2025-09-13 05:50:00,925.07,927.24,925.07,926.74,1288.401,1193660.32507
BNBUSDT,1757710500000,2025-09-12 20:55:00,2025-09-13 05:55:00,926.74,926.74,925,925.01,366.334,339147.05551
BNBUSDT,1757710800000,2025-09-12 21:00:00,2025-09-13 06:00:00,925,925,922.86,923.14,833.389,769631.91734
BNBUSDT,1757711100000,2025-09-12 21:05:00,2025-09-13 06:05:00,923.14,923.54,922.56,923.48,598.828,552686.91967
BNBUSDT,1757711400000,2025-09-12 21:10:00,2025-09-13 06:10:00,923.48,925,923.48,924.74,1292.162,1194495.95283
BNBUSDT,1757711700000,2025-09-12 21:15:00,2025-09-13 06:15:00,924.73,925.73,924.36,924.95,1138.657,1053249.72524
BNBUSDT,1757712000000,2025-09-12 21:20:00,2025-09-13 06:20:00,924.94,924.95,923.74,923.99,319.949,295686.33504
BNBUSDT,1757712300000,2025-09-12 21:25:00,2025-09-13 06:25:00,923.98,924.53,923.51,923.8,295.882,273386.83103
BNBUSDT,1757712600000,2025-09-12 21:30:00,2025-09-13 06:30:00,923.8,924,923.23,923.24,257.948,238227.68022
BNBUSDT,1757712900000,2025-09-12 21:35:00,2025-09-13 06:35:00,923.24,923.29,922.16,923.29,439.388,405435.51102
BNBUSDT,1757713200000,2025-09-12 21:40:00,2025-09-13 06:40:00,923.29,923.93,923.09,923.44,604.304,558123.62814
BNBUSDT,1757713500000,2025-09-12 21:45:00,2025-09-13 06:45:00,923.44,923.44,922.6,922.74,324.769,299736.02559
BNBUSDT,1757713800000,2025-09-12 21:50:00,2025-09-13 06:50:00,922.74,923.25,922.5,923.24,434.364,400841.35313
BNBUSDT,1757714100000,2025-09-12 21:55:00,2025-09-13 06:55:00,923.25,923.8,923.16,923.34,565.024,521854.1943
BNBUSDT,1757714400000,2025-09-12 22:00:00,2025-09-13 07:00:00,923.34,925.87,923.34,925.79,975.191,901671.10049
BNBUSDT,1757714700000,2025-09-12 22:05:00,2025-09-13 07:05:00,925.8,925.96,925.43,925.43,240.479,222621.84194
BNBUSDT,1757715000000,2025-09-12 22:10:00,2025-09-13 07:10:00,925.43,926.91,925.42,925.93,959.97,889058.98644
BNBUSDT,1757715300000,2025-09-12 22:15:00,2025-09-13 07:15:00,925.93,928.18,925.93,928,1153.6585,1069751.27492
BNBUSDT,1757715600000,2025-09-12 22:20:00,2025-09-13 07:20:00,928,929.9,927.2,927.61,1781.011,1654201.35216
BNBUSDT,1757715900000,2025-09-12 22:25:00,2025-09-13 07:25:00,927.62,928.44,927.46,927.73,793.161,736053.02869
BNBUSDT,1757716200000,2025-09-12 22:30:00,2025-09-13 07:30:00,927.73,928.19,926.87,927.43,655.688,608177.71029
BNBUSDT,1757716500000,2025-09-12 22:35:00,2025-09-13 07:35:00,927.42,927.48,926.3,926.3,312.288,289526.88203
BNBUSDT,1757716800000,2025-09-12 22:40:00,2025-09-13 07:40:00,926.31,926.31,925.5,926.19,432.009,399962.61949
BNBUSDT,1757717100000,2025-09-12 22:45:00,2025-09-13 07:45:00,926.19,926.28,925.2,925.99,384.174,355611.56576
BNBUSDT,1757717400000,2025-09-12 22:50:00,2025-09-13 07:50:00,926,926.3,925.47,925.47,287.531,266240.44496
BNBUSDT,1757717700000,2025-09-12 22:55:00,2025-09-13 07:55:00,925.47,925.47,924.93,925.18,398.159,368383.08469
BNBUSDT,1757718000000,2025-09-12 23:00:00,2025-09-13 08:00:00,925.18,925.39,923.79,923.8,326.727,302042.0671
BNBUSDT,1757718300000,2025-09-12 23:05:00,2025-09-13 08:05:00,923.8,923.92,923.32,923.33,634.842,586399.36139
BNBUSDT,1757718600000,2025-09-12 23:10:00,2025-09-13 08:10:00,923.33,923.67,922.66,922.66,801.853,740190.96274
BNBUSDT,1757718900000,2025-09-12 23:15:00,2025-09-13 08:15:00,922.67,924.36,922.46,924.02,797.947,736745.0035
BNBUSDT,1757719200000,2025-09-12 23:20:00,2025-09-13 08:20:00,924.02,924.28,923.3,924.28,611.756,565092.48953
BNBUSDT,1757719500000,2025-09-12 23:25:00,2025-09-13 08:25:00,924.28,925,924.2,925,335.833,310511.95807
BNBUSDT,1757719800000,2025-09-12 23:30:00,2025-09-13 08:30:00,925,925,924.34,924.61,301.878,279153.23544
BNBUSDT,1757720100000,2025-09-12 23:35:00,2025-09-13 08:35:00,924.61,924.64,923.46,924.5,1963.992,1814700.62088
BNBUSDT,1757720400000,2025-09-12 23:40:00,2025-09-13 08:40:00,924.5,925.19,924.39,925.19,1424.094,1316991.81613
BNBUSDT,1757720700000,2025-09-12 23:45:00,2025-09-13 08:45:00,925.18,925.25,924.67,924.93,1209.27,1118589.73264
BNBUSDT,1757721000000,2025-09-12 23:50:00,2025-09-13 08:50:00,924.93,925.26,923.94,924.25,917.113,847905.24464
BNBUSDT,1757721300000,2025-09-12 23:55:00,2025-09-13 08:55:00,924.24,925,924.24,924.8,362.045,334800.56113
BNBUSDT,1757721600000,2025-09-13 00:00:00,2025-09-13 09:00:00,924.81,925.78,924.35,924.36,819.324,757901.23728
BNBUSDT,1757721900000,2025-09-13 00:05:00,2025-09-13 09:05:00,924.36,925.5,924.3,925.35,577.172,533874.81206
BNBUSDT,1757722200000,2025-09-13 00:10:00,2025-09-13 09:10:00,925.35,925.68,924.15,925.35,1157.681,1070831.32294
BNBUSDT,1757722500000,2025-09-13 00:15:00,2025-09-13 09:15:00,925.34,925.43,924.41,924.64,1368.527,1265437.42774
BNBUSDT,1757722800000,2025-09-13 00:20:00,2025-09-13 09:20:00,924.65,924.65,923.8,924.39,393.681,363862.4725
BNBUSDT,1757723100000,2025-09-13 00:25:00,2025-09-13 09:25:00,924.4,924.47,923.64,923.65,225.381,208250.71858
BNBUSDT,1757723400000,2025-09-13 00:30:00,2025-09-13 09:30:00,923.65,924.47,923.64,923.99,537.734,496842.98099
BNBUSDT,1757723700000,2025-09-13 00:35:00,2025-09-13 09:35:00,923.99,925.26,923.9,925.22,582.765,538751.12251
BNBUSDT,1757724000000,2025-09-13 00:40:00,2025-09-13 09:40:00,925.23,925.66,925.15,925.47,372.483,344694.27036
BNBUSDT,1757724300000,2025-09-13 00:45:00,2025-09-13 09:45:00,925.47,926.7,925.47,926.3,817.739,757414.07172
BNBUSDT,1757724600000,2025-09-13 00:50:00,2025-09-13 09:50:00,926.3,927.43,926.29,927.43,361.106,334667.4697
BNBUSDT,1757724900000,2025-09-13 00:55:00,2025-09-13 09:55:00,927.43,927.83,926.7,927.01,959.458,889881.42121
BNBUSDT,1757725200000,2025-09-13 01:00:00,2025-09-13 10:00:00,927.01,928.27,926.91,927.16,2418.873,2243722.61713
BNBUSDT,1757725500000,2025-09-13 01:05:00,2025-09-13 10:05:00,927.16,927.33,926.73,926.94,445.76,413219.36736
BNBUSDT,1757725800000,2025-09-13 01:10:00,2025-09-13 10:10:00,926.94,927.61,926.7,927.34,783.818,726717.54878
BNBUSDT,1757726100000,2025-09-13 01:15:00,2025-09-13 10:15:00,927.34,928.63,927.18,928.52,689.713,640106.56363
BNBUSDT,1757726400000,2025-09-13 01:20:00,2025-09-13 10:20:00,928.52,929.19,928.02,928.47,1048.471,973640.06679
BNBUSDT,1757726700000,2025-09-13 01:25:00,2025-09-13 10:25:00,928.48,928.74,927.6,927.61,422.683,392413.57935
BNBUSDT,1757727000000,2025-09-13 01:30:00,2025-09-13 10:30:00,927.61,928.72,927.6,928.72,297.531,276122.29567
BNBUSDT,1757727300000,2025-09-13 01:35:00,2025-09-13 10:35:00,928.72,929.25,928.32,928.44,918.843,853455.43283
BNBUSDT,1757727600000,2025-09-13 01:40:00,2025-09-13 10:40:00,928.44,928.94,928.12,928.13,363.078,337108.40342
BNBUSDT,1757727900000,2025-09-13 01:45:00,2025-09-13 10:45:00,928.12,928.78,927.96,928.77,567.749,527065.9071
BNBUSDT,1757728200000,2025-09-13 01:50:00,2025-09-13 10:50:00,928.78,928.9,926.7,926.88,781.008,724509.57549
BNBUSDT,1757728500000,2025-09-13 01:55:00,2025-09-13 10:55:00,926.88,927.44,926.84,926.84,537.581,498423.86688
BNBUSDT,1757728800000,2025-09-13 02:00:00,2025-09-13 11:00:00,926.85,926.85,925.22,926.3,1120.499,1037539.20031
BNBUSDT,1757729100000,2025-09-13 02:05:00,2025-09-13 11:05:00,926.29,928.05,926.29,927.72,794.966,737231.53617
BNBUSDT,1757729400000,2025-09-13 02:10:00,2025-09-13 11:10:00,927.72,929.33,927.71,928.81,615.113,571289.92659
BNBUSDT,1757729700000,2025-09-13 02:15:00,2025-09-13 11:15:00,928.81,928.9,928.23,928.24,465.565,432280.20463
BNBUSDT,1757730000000,2025-09-13 02:20:00,2025-09-13 11:20:00,928.24,928.68,927.7,927.71,488.389,453365.32551
BNBUSDT,1757730300000,2025-09-13 02:25:00,2025-09-13 11:25:00,927.7,928.5,927.7,928.5,348.946,323875.40415
BNBUSDT,1757730600000,2025-09-13 02:30:00,2025-09-13 11:30:00,928.5,928.54,927.9,928.38,404.236,375235.63092
BNBUSDT,1757730900000,2025-09-13 02:35:00,2025-09-13 11:35:00,928.39,928.5,928.09,928.3,746.102,692694.3313
BNBUSDT,1757731200000,2025-09-13 02:40:00,2025-09-13 11:40:00,928.3,928.3,927.7,927.96,405.726,376502.46251
BNBUSDT,1757731500000,2025-09-13 02:45:00,2025-09-13 11:45:00,927.96,928.46,927.09,927.24,1082.814,1004671.92254
BNBUSDT,1757731800000,2025-09-13 02:50:00,2025-09-13 11:50:00,927.24,927.54,926.89,927.06,303.671,281566.97748
BNBUSDT,1757732100000,2025-09-13 02:55:00,2025-09-13 11:55:00,927.06,927.41,926.96,927.37,246.022,228116.24069
BNBUSDT,1757732400000,2025-09-13 03:00:00,2025-09-13 12:00:00,927.37,927.37,926.24,926.79,898.255,832408.64802
BNBUSDT,1757732700000,2025-09-13 03:05:00,2025-09-13 12:05:00,926.79,926.97,926.17,926.8,334.101,309562.29234
BNBUSDT,1757733000000,2025-09-13 03:10:00,2025-09-13 12:10:00,926.8,927.6,926.51,927.42,315.89,292870.75335
BNBUSDT,1757733300000,2025-09-13 03:15:00,2025-09-13 12:15:00,927.42,928.69,927.3,928.51,560.56,520308.73128
BNBUSDT,1757733600000,2025-09-13 03:20:00,2025-09-13 12:20:00,928.51,928.62,926.29,926.83,1239.462,1149170.78174
BNBUSDT,1757733900000,2025-09-13 03:25:00,2025-09-13 12:25:00,926.86,928.1,926.5,927.81,374.933,347727.00373
BNBUSDT,1757734200000,2025-09-13 03:30:00,2025-09-13 12:30:00,927.81,927.95,927.28,927.95,308.447,286137.16362
BNBUSDT,1757734500000,2025-09-13 03:35:00,2025-09-13 12:35:00,927.95,928.28,927.7,928.27,379.892,352527.66241
BNBUSDT,1757734800000,2025-09-13 03:40:00,2025-09-13 12:40:00,928.28,928.8,928.27,928.7,949.133,881322.19678
BNBUSDT,1757735100000,2025-09-13 03:45:00,2025-09-13 12:45:00,928.71,929.33,928.5,929.06,629.044,584377.0109
BNBUSDT,1757735400000,2025-09-13 03:50:00,2025-09-13 12:50:00,929.06,929.16,928.48,928.81,833.63,774289.72408
BNBUSDT,1757735700000,2025-09-13 03:55:00,2025-09-13 12:55:00,928.81,928.81,927.72,927.73,878.941,815987.54867
BNBUSDT,1757736000000,2025-09-13 04:00:00,2025-09-13 13:00:00,927.72,927.75,926.9,927.43,733.553,680237.85811
BNBUSDT,1757736300000,2025-09-13 04:05:00,2025-09-13 13:05:00,927.43,927.43,926.85,926.86,367.014,340247.94494
BNBUSDT,1757736600000,2025-09-13 04:10:00,2025-09-13 13:10:00,926.86,926.86,926,926.6,302.497,280212.82805
BNBUSDT,1757736900000,2025-09-13 04:15:00,2025-09-13 13:15:00,926.6,926.61,925.42,925.43,704.758,652622.63815
BNBUSDT,1757737200000,2025-09-13 04:20:00,2025-09-13 13:20:00,925.43,925.85,924.7,925.65,660.66,611345.47101
BNBUSDT,1757737500000,2025-09-13 04:25:00,2025-09-13 13:25:00,925.64,926.11,925.55,925.8,398.802,369223.37595
BNBUSDT,1757737800000,2025-09-13 04:30:00,2025-09-13 13:30:00,925.81,926.49,925.76,926.11,343.511,318102.53272
BNBUSDT,1757738100000,2025-09-13 04:35:00,2025-09-13 13:35:00,926.12,926.12,925.06,925.47,953.241,882268.1364
BNBUSDT,1757738400000,2025-09-13 04:40:00,2025-09-13 13:40:00,925.46,925.99,925.46,925.6,467.48,432783.62813
BNBUSDT,1757738700000,2025-09-13 04:45:00,2025-09-13 13:45:00,925.61,925.81,925.6,925.72,216.199,200135.34253
BNBUSDT,1757739000000,2025-09-13 04:50:00,2025-09-13 13:50:00,925.72,926.12,925.21,925.54,544.021,503573.79687
BNBUSDT,1757739300000,2025-09-13 04:55:00,2025-09-13 13:55:00,925.54,926.2,925.4,926.05,651.396,603107.58962
BNBUSDT,1757739600000,2025-09-13 05:00:00,2025-09-13 14:00:00,926.06,927.43,925.88,926.68,1137.769,1054327.94358
BNBUSDT,1757739900000,2025-09-13 05:05:00,2025-09-13 14:05:00,926.67,927.6,926.4,927.27,475.758,441138.88305
BNBUSDT,1757740200000,2025-09-13 05:10:00,2025-09-13 14:10:00,927.28,927.28,926.86,927.21,188.396,174655.89826
BNBUSDT,1757740500000,2025-09-13 05:15:00,2025-09-13 14:15:00,927.2,927.7,926.6,927.5,361.325,335019.13134
BNBUSDT,1757740800000,2025-09-13 05:20:00,2025-09-13 14:20:00,927.5,927.98,927.38,927.55,241.999,224505.10348
BNBUSDT,1757741100000,2025-09-13 05:25:00,2025-09-13 14:25:00,927.54,927.55,927.06,927.19,222.796,206585.86055
BNBUSDT,1757741400000,2025-09-13 05:30:00,2025-09-13 14:30:00,927.2,927.2,926.34,926.58,464.125,430064.49942
BNBUSDT,1757741700000,2025-09-13 05:35:00,2025-09-13 14:35:00,926.58,926.68,926.11,926.4,355.786,329638.69306
BNBUSDT,1757742000000,2025-09-13 05:40:00,2025-09-13 14:40:00,926.4,927.11,926.39,926.91,263.681,244389.45853
BNBUSDT,1757742300000,2025-09-13 05:45:00,2025-09-13 14:45:00,926.9,926.91,925.85,926.08,537.133,497501.57861
BNBUSDT,1757742600000,2025-09-13 05:50:00,2025-09-13 14:50:00,926.07,926.07,925.51,925.6,378.688,350549.60639
BNBUSDT,1757742900000,2025-09-13 05:55:00,2025-09-13 14:55:00,925.59,925.79,925.02,925.17,573.902,531095.4131
BNBUSDT,1757743200000,2025-09-13 06:00:00,2025-09-13 15:00:00,925.16,925.7,925.16,925.44,360.846,333953.25309
BNBUSDT,1757743500000,2025-09-13 06:05:00,2025-09-13 15:05:00,925.45,925.94,925.44,925.44,256.677,237602.15405
BNBUSDT,1757743800000,2025-09-13 06:10:00,2025-09-13 15:10:00,925.44,925.74,925.39,925.4,211.852,196082.70543
BNBUSDT,1757744100000,2025-09-13 06:15:00,2025-09-13 15:15:00,925.4,925.4,925,925.01,545.581,504749.10601
BNBUSDT,1757744400000,2025-09-13 06:20:00,2025-09-13 15:20:00,925.01,925.09,924.58,924.89,383.361,354548.09937
BNBUSDT,1757744700000,2025-09-13 06:25:00,2025-09-13 15:25:00,924.88,924.88,924.33,924.63,301.164,278439.25257
BNBUSDT,1757745000000,2025-09-13 06:30:00,2025-09-13 15:30:00,924.64,924.89,924.34,924.35,388.854,359542.22665
BNBUSDT,1757745300000,2025-09-13 06:35:00,2025-09-13 15:35:00,924.35,924.69,924.34,924.41,242.986,224636.44341
BNBUSDT,1757745600000,2025-09-13 06:40:00,2025-09-13 15:40:00,924.41,924.43,924.07,924.1,401.495,371083.99995
BNBUSDT,1757745900000,2025-09-13 06:45:00,2025-09-13 15:45:00,924.1,924.56,924,924.33,748.103,691457.12886
BNBUSDT,1757746200000,2025-09-13 06:50:00,2025-09-13 15:50:00,924.33,924.65,924.28,924.47,447.153,413359.232
BNBUSDT,1757746500000,2025-09-13 06:55:00,2025-09-13 15:55:00,924.48,924.84,924.48,924.84,262.396,242646.2693
BNBUSDT,1757746800000,2025-09-13 07:00:00,2025-09-13 16:00:00,924.84,925,924.7,924.99,783.973,725136.19354
BNBUSDT,1757747100000,2025-09-13 07:05:00,2025-09-13 16:05:00,924.99,925,924.99,925,196.65,181900.92146
BNBUSDT,1757747400000,2025-09-13 07:10:00,2025-09-13 16:10:00,925,925.07,924.33,924.6,782.915,723966.22998
BNBUSDT,1757747700000,2025-09-13 07:15:00,2025-09-13 16:15:00,924.6,924.77,924.6,924.77,454.565,420335.78216
BNBUSDT,1757748000000,2025-09-13 07:20:00,2025-09-13 16:20:00,924.77,925.28,924.76,925.28,691.277,639446.57284
BNBUSDT,1757748300000,2025-09-13 07:25:00,2025-09-13 16:25:00,925.28,925.36,924.85,924.9,592.677,548206.18168
BNBUSDT,1757748600000,2025-09-13 07:30:00,2025-09-13 16:30:00,924.89,925.23,924.89,925.1,212.877,196939.53702
BNBUSDT,1757748900000,2025-09-13 07:35:00,2025-09-13 16:35:00,925.1,925.45,925.02,925.13,676.24,625691.2573
BNBUSDT,1757749200000,2025-09-13 07:40:00,2025-09-13 16:40:00,925.12,925.38,924.91,925.22,403.901,373678.48262
BNBUSDT,1757749500000,2025-09-13 07:45:00,2025-09-13 16:45:00,925.23,925.3,925.22,925.3,199.114,184236.36177
BNBUSDT,1757749800000,2025-09-13 07:50:00,2025-09-13 16:50:00,925.3,925.3,924.96,924.96,496.593,459453.89895
BNBUSDT,1757750100000,2025-09-13 07:55:00,2025-09-13 16:55:00,924.97,925.49,924.9,925.29,484.367,448123.95435
BNBUSDT,1757750400000,2025-09-13 08:00:00,2025-09-13 17:00:00,925.29,925.3,924.83,924.83,209.814,194098.23096
BNBUSDT,1757750700000,2025-09-13 08:05:00,2025-09-13 17:05:00,924.84,924.84,924.27,924.66,566.283,523567.02007
BNBUSDT,1757751000000,2025-09-13 08:10:00,2025-09-13 17:10:00,924.66,925.12,924.66,925.11,285.778,264302.09475
BNBUSDT,1757751300000,2025-09-13 08:15:00,2025-09-13 17:15:00,925.11,925.4,925.06,925.38,443.906,410689.69014
BNBUSDT,1757751600000,2025-09-13 08:20:00,2025-09-13 17:20:00,925.37,926.2,925.37,926.2,531.334,491967.10552
BNBUSDT,1757751900000,2025-09-13 08:25:00,2025-09-13 17:25:00,926.19,926.36,925.64,925.64,528.281,489263.56434
BNBUSDT,1757752200000,2025-09-13 08:30:00,2025-09-13 17:30:00,925.65,926.29,925.6,926.28,435.38,403106.23563
BNBUSDT,1757752500000,2025-09-13 08:35:00,2025-09-13 17:35:00,926.27,926.8,926.27,926.8,223.778,207337.26681
BNBUSDT,1757752800000,2025-09-13 08:40:00,2025-09-13 17:40:00,926.8,927.29,926.74,927.2,406.964,377268.31788
BNBUSDT,1757753100000,2025-09-13 08:45:00,2025-09-13 17:45:00,927.21,927.21,926.73,927.05,711.726,659753.15141
BNBUSDT,1757753400000,2025-09-13 08:50:00,2025-09-13 17:50:00,927.05,927.28,926.83,927.28,508.103,471008.76691
BNBUSDT,1757753700000,2025-09-13 08:55:00,2025-09-13 17:55:00,927.28,927.56,927.1,927.11,511.13,474026.7881
BNBUSDT,1757754000000,2025-09-13 09:00:00,2025-09-13 18:00:00,927.11,927.11,926.35,926.73,938.872,870067.46418
BNBUSDT,1757754300000,2025-09-13 09:05:00,2025-09-13 18:05:00,926.73,927.3,926.7,927.29,732.109,678687.82322
BNBUSDT,1757754600000,2025-09-13 09:10:00,2025-09-13 18:10:00,927.3,928.06,927.22,928.06,725.698,673150.21212
BNBUSDT,1757754900000,2025-09-13 09:15:00,2025-09-13 18:15:00,928.06,929,927.56,928.19,1479.617,1373520.04473
BNBUSDT,1757755200000,2025-09-13 09:20:00,2025-09-13 18:20:00,928.19,928.72,928.19,928.71,545.842,506799.2107
BNBUSDT,1757755500000,2025-09-13 09:25:00,2025-09-13 18:25:00,928.71,931.47,928.71,929.29,5079.3328,4724268.05963
BNBUSDT,1757755800000,2025-09-13 09:30:00,2025-09-13 18:30:00,929.3,931.34,929.27,931.13,2341.883,2179222.11665
BNBUSDT,1757756100000,2025-09-13 09:35:00,2025-09-13 18:35:00,931.13,932.34,930.8,932.21,2368.28,2206347.71312
BNBUSDT,1757756400000,2025-09-13 09:40:00,2025-09-13 18:40:00,932.22,933.56,931.57,933.3,2790.9,2603162.1265872
BNBUSDT,1757756700000,2025-09-13 09:45:00,2025-09-13 18:45:00,933.31,934.92,932.8,934.12,1458.945,1362312.80222
BNBUSDT,1757757000000,2025-09-13 09:50:00,2025-09-13 18:50:00,934.12,935.78,934.12,935.67,3668.5289,3429911.97647
BNBUSDT,1757757300000,2025-09-13 09:55:00,2025-09-13 18:55:00,935.66,940.58,935.65,938.41,9031.6647,8478898.281914
BNBUSDT,1757757600000,2025-09-13 10:00:00,2025-09-13 19:00:00,938.41,940,936.53,938.74,2852.552,2675652.17594
BNBUSDT,1757757900000,2025-09-13 10:05:00,2025-09-13 19:05:00,938.73,940.6,938.08,940.05,2334.07,2192791.63149
BNBUSDT,1757758200000,2025-09-13 10:10:00,2025-09-13 19:10:00,940.06,941.36,939,940.5,2432.418,2286824.29645
BNBUSDT,1757758500000,2025-09-13 10:15:00,2025-09-13 19:15:00,940.51,940.51,939.32,940.07,1194.808,1122806.42333
BNBUSDT,1757758800000,2025-09-13 10:20:00,2025-09-13 19:20:00,940.07,941.27,939.44,941.09,2073.054,1949188.3805
BNBUSDT,1757759100000,2025-09-13 10:25:00,2025-09-13 19:25:00,941.08,943.46,941.08,941.37,3975.835,3746704.94798
BNBUSDT,1757759400000,2025-09-13 10:30:00,2025-09-13 19:30:00,941.37,942.39,939.43,940.03,2325.241,2188135.44463
BNBUSDT,1757759700000,2025-09-13 10:35:00,2025-09-13 19:35:00,940.02,941.6,939.6,941.12,1066.384,1003246.3084
BNBUSDT,1757760000000,2025-09-13 10:40:00,2025-09-13 19:40:00,941.11,941.12,939.5,940.05,655.833,616599.34309
BNBUSDT,1757760300000,2025-09-13 10:45:00,2025-09-13 19:45:00,940.06,940.6,938.19,938.86,1962.28,1843168.05873
BNBUSDT,1757760600000,2025-09-13 10:50:00,2025-09-13 19:50:00,938.87,939.81,937.94,939.81,1133.429,1063791.51823
BNBUSDT,1757760900000,2025-09-13 10:55:00,2025-09-13 19:55:00,939.82,942,939.82,940.96,2311.785,2174996.29339
BNBUSDT,1757761200000,2025-09-13 11:00:00,2025-09-13 20:00:00,940.95,941.8,939.8,940.25,1504.336,1415438.7837
BNBUSDT,1757761500000,2025-09-13 11:05:00,2025-09-13 20:05:00,940.24,940.24,938.62,938.72,672.014,631103.28818
BNBUSDT,1757761800000,2025-09-13 11:10:00,2025-09-13 20:10:00,938.72,938.73,938.08,938.36,577.069,541452.75201
BNBUSDT,1757762100000,2025-09-13 11:15:00,2025-09-13 20:15:00,938.36,939.27,938,938.5,744.811,698972.61188
BNBUSDT,1757762400000,2025-09-13 11:20:00,2025-09-13 20:20:00,938.5,939.58,938.35,939.46,871.656,818385.97991
BNBUSDT,1757762700000,2025-09-13 11:25:00,2025-09-13 20:25:00,939.45,940.6,939.04,939.5,1532.5,1440278.02002
BNBUSDT,1757763000000,2025-09-13 11:30:00,2025-09-13 20:30:00,939.49,939.9,939.28,939.55,584.604,549271.45317
BNBUSDT,1757763300000,2025-09-13 11:35:00,2025-09-13 20:35:00,939.55,940.8,939.54,940.8,555.105,521981.58238
BNBUSDT,1757763600000,2025-09-13 11:40:00,2025-09-13 20:40:00,940.8,941,940.5,940.5,822.752,774024.01993
BNBUSDT,1757763900000,2025-09-13 11:45:00,2025-09-13 20:45:00,940.51,941,940.14,940.86,401.549,377681.12106
BNBUSDT,1757764200000,2025-09-13 11:50:00,2025-09-13 20:50:00,940.86,941.7,940.85,941.49,904.217,851104.90324
BNBUSDT,1757764500000,2025-09-13 11:55:00,2025-09-13 20:55:00,941.49,942.3,941.05,941.16,1791.853,1687546.5662
BNBUSDT,1757764800000,2025-09-13 12:00:00,2025-09-13 21:00:00,941.16,941.51,940.93,940.99,607.39,571635.71386
BNBUSDT,1757765100000,2025-09-13 12:05:00,2025-09-13 21:05:00,940.99,941.15,940.61,940.89,479.244,450945.43411
BNBUSDT,1757765400000,2025-09-13 12:10:00,2025-09-13 21:10:00,940.89,941.1,940.2,940.6,443.161,416859.87033
BNBUSDT,1757765700000,2025-09-13 12:15:00,2025-09-13 21:15:00,940.6,940.61,938.94,939.15,1227.701,1153193.1834
BNBUSDT,1757766000000,2025-09-13 12:20:00,2025-09-13 21:20:00,939.15,939.24,938.1,938.57,581.013,545318.81097
BNBUSDT,1757766300000,2025-09-13 12:25:00,2025-09-13 21:25:00,938.57,938.58,938,938.4,687.617,645118.82934
BNBUSDT,1757766600000,2025-09-13 12:30:00,2025-09-13 21:30:00,938.4,938.8,938.35,938.53,498.553,467938.15759
BNBUSDT,1757766900000,2025-09-13 12:35:00,2025-09-13 21:35:00,938.53,939.62,938.53,939.45,560.163,526021.55944
BNBUSDT,1757767200000,2025-09-13 12:40:00,2025-09-13 21:40:00,939.46,939.6,939.09,939.46,514.758,483542.10888
BNBUSDT,1757767500000,2025-09-13 12:45:00,2025-09-13 21:45:00,939.46,939.65,939.21,939.31,575.62,540785.02563
BNBUSDT,1757767800000,2025-09-13 12:50:00,2025-09-13 21:50:00,939.3,939.47,939.3,939.37,361.99,340050.53897
BNBUSDT,1757768100000,2025-09-13 12:55:00,2025-09-13 21:55:00,939.38,939.87,939.09,939.18,365.902,343724.55943
BNBUSDT,1757768400000,2025-09-13 13:00:00,2025-09-13 22:00:00,939.18,939.8,939.17,939.53,556.649,522970.87943
BNBUSDT,1757768700000,2025-09-13 13:05:00,2025-09-13 22:05:00,939.53,939.64,938.26,938.39,964.428,905579.20551
BNBUSDT,1757769000000,2025-09-13 13:10:00,2025-09-13 22:10:00,938.39,939.26,938.12,939.26,352.797,331111.15238
BNBUSDT,1757769300000,2025-09-13 13:15:00,2025-09-13 22:15:00,939.25,939.26,938.35,938.78,850.795,798586.15739
BNBUSDT,1757769600000,2025-09-13 13:20:00,2025-09-13 22:20:00,938.78,939.99,938.77,939.85,551.873,518569.46035
BNBUSDT,1757769900000,2025-09-13 13:25:00,2025-09-13 22:25:00,939.85,941.32,939.6,941.32,1397.191,1313673.26454
BNBUSDT,1757770200000,2025-09-13 13:30:00,2025-09-13 22:30:00,941.32,941.57,939.77,939.9,630.219,592738.34826
BNBUSDT,1757770500000,2025-09-13 13:35:00,2025-09-13 22:35:00,939.91,941.56,939.91,941.56,614.809,578386.58704
BNBUSDT,1757770800000,2025-09-13 13:40:00,2025-09-13 22:40:00,941.56,942,941.09,941.57,1058.554,996791.97308
BNBUSDT,1757771100000,2025-09-13 13:45:00,2025-09-13 22:45:00,941.56,942.16,939.5,939.58,1194.878,1124127.9187
BNBUSDT,1757771400000,2025-09-13 13:50:00,2025-09-13 22:50:00,939.59,939.59,932.2,934.73,4672.455,4368780.97883
BNBUSDT,1757771700000,2025-09-13 13:55:00,2025-09-13 22:55:00,934.77,937.65,934.77,936.46,1871.949,1753066.78826
BNBUSDT,1757772000000,2025-09-13 14:00:00,2025-09-13 23:00:00,936.46,936.7,931.6,934.99,1982.866,1851254.39944
BNBUSDT,1757772300000,2025-09-13 14:05:00,2025-09-13 23:05:00,934.98,935.98,933.47,935.98,1563.44,1461326.20981
BNBUSDT,1757772600000,2025-09-13 14:10:00,2025-09-13 23:10:00,935.98,936.27,934.34,934.89,1118.088,1045759.81932
BNBUSDT,1757772900000,2025-09-13 14:15:00,2025-09-13 23:15:00,934.9,936.79,934.75,936.79,900.259,842209.0583
BNBUSDT,1757773200000,2025-09-13 14:20:00,2025-09-13 23:20:00,936.79,938.46,936.79,937.33,938.979,880355.29837
BNBUSDT,1757773500000,2025-09-13 14:25:00,2025-09-13 23:25:00,937.32,938.2,937.07,937.8,1193.814,1119122.32322
BNBUSDT,1757773800000,2025-09-13 14:30:00,2025-09-13 23:30:00,937.81,937.99,935.81,935.81,758.586,710601.07306
BNBUSDT,1757774100000,2025-09-13 14:35:00,2025-09-13 23:35:00,935.82,936.89,935.81,936.27,1075.046,1006726.46436
BNBUSDT,1757774400000,2025-09-13 14:40:00,2025-09-13 23:40:00,936.27,937.85,936.27,937.85,817.189,765834.75543
BNBUSDT,1757774700000,2025-09-13 14:45:00,2025-09-13 23:45:00,937.85,938.08,935.84,936.67,1423.771,1334135.33409
BNBUSDT,1757775000000,2025-09-13 14:50:00,2025-09-13 23:50:00,936.68,937.71,936.5,936.65,1145.624,1073698.05489
BNBUSDT,1757775300000,2025-09-13 14:55:00,2025-09-13 23:55:00,936.65,937.58,935.92,935.96,732.394,685920.13346
BNBUSDT,1757775600000,2025-09-13 15:00:00,2025-09-14 00:00:00,935.96,937.1,935.6,936.55,752.196,704238.05012
BNBUSDT,1757775900000,2025-09-13 15:05:00,2025-09-14 00:05:00,936.55,941.02,936.55,940.74,2593.183,2437810.11838
BNBUSDT,1757776200000,2025-09-13 15:10:00,2025-09-14 00:10:00,940.75,942,940.22,940.67,1376.12,1295086.86912
BNBUSDT,1757776500000,2025-09-13 15:15:00,2025-09-14 00:15:00,940.67,942.15,940.52,940.61,1261.327,1187384.15274
BNBUSDT,1757776800000,2025-09-13 15:20:00,2025-09-14 00:20:00,940.61,943.86,940.6,942.38,4774.144,4499200.75287
BNBUSDT,1757777100000,2025-09-13 15:25:00,2025-09-14 00:25:00,942.38,942.85,941.22,941.56,1321.266,1244665.13414
BNBUSDT,1757777400000,2025-09-13 15:30:00,2025-09-14 00:30:00,941.57,941.62,938.3,939.19,1190.178,1117720.41225
BNBUSDT,1757777700000,2025-09-13 15:35:00,2025-09-14 00:35:00,939.18,940.86,938.65,938.84,1553.779,1459737.62424
BNBUSDT,1757778000000,2025-09-13 15:40:00,2025-09-14 00:40:00,938.83,939.8,937.38,939.56,1377.175,1292849.09412
BNBUSDT,1757778300000,2025-09-13 15:45:00,2025-09-14 00:45:00,939.57,941.12,938.07,938.45,1485.213,1395194.29022
BNBUSDT,1757778600000,2025-09-13 15:50:00,2025-09-14 00:50:00,938.45,939,937.25,937.51,1000.026,938151.7805
BNBUSDT,1757778900000,2025-09-13 15:55:00,2025-09-14 00:55:00,937.5,937.95,936.55,936.59,989.011,926683.1041
BNBUSDT,1757779200000,2025-09-13 16:00:00,2025-09-14 01:00:00,936.6,937.98,936.17,937.03,1266.063,1186250.28123
BNBUSDT,1757779500000,2025-09-13 16:05:00,2025-09-14 01:05:00,937.03,937.31,933.17,933.47,3571.4,3339626.79668
BNBUSDT,1757779800000,2025-09-13 16:10:00,2025-09-14 01:10:00,933.47,933.65,930.38,931.58,4489.903,4183658.06363
BNBUSDT,1757780100000,2025-09-13 16:15:00,2025-09-14 01:15:00,931.59,931.59,928,928.57,5253.566,4881417.18116
BNBUSDT,1757780400000,2025-09-13 16:20:00,2025-09-14 01:20:00,928.56,931,928.32,930.99,3238.941,3010560.07695
BNBUSDT,1757780700000,2025-09-13 16:25:00,2025-09-14 01:25:00,930.99,931.21,929.99,930.81,1071.496,997245.09503
BNBUSDT,1757781000000,2025-09-13 16:30:00,2025-09-14 01:30:00,930.81,931.38,929.34,930.17,522.092,485767.41774
BNBUSDT,1757781300000,2025-09-13 16:35:00,2025-09-14 01:35:00,930.16,930.3,928.91,928.92,922.701,857734.60734
BNBUSDT,1757781600000,2025-09-13 16:40:00,2025-09-14 01:40:00,928.92,929.04,926.44,927.63,3044.586,2823593.1921
BNBUSDT,1757781900000,2025-09-13 16:45:00,2025-09-14 01:45:00,927.63,927.76,924.5,925.99,2379.676,2202562.69393
BNBUSDT,1757782200000,2025-09-13 16:50:00,2025-09-14 01:50:00,926,927.28,925.8,926.31,1154.587,1069789.93134
BNBUSDT,1757782500000,2025-09-13 16:55:00,2025-09-14 01:55:00,926.31,926.56,925.01,925.36,1518.717,1405775.81901
BNBUSDT,1757782800000,2025-09-13 17:00:00,2025-09-14 02:00:00,925.36,925.73,924,924.4,2300.861,2127620.59859
BNBUSDT,1757783100000,2025-09-13 17:05:00,2025-09-14 02:05:00,924.4,924.76,922.5,922.66,1288.625,1190388.30699
BNBUSDT,1757783400000,2025-09-13 17:10:00,2025-09-14 02:10:00,922.66,925.81,922.11,922.24,1840.774,1700951.42713
BNBUSDT,1757783700000,2025-09-13 17:15:00,2025-09-14 02:15:00,922.24,925.72,922.24,925.72,1241.67,1148269.38615
BNBUSDT,1757784000000,2025-09-13 17:20:00,2025-09-14 02:20:00,925.72,927.9,925.71,927.54,650.615,603200.87791
BNBUSDT,1757784300000,2025-09-13 17:25:00,2025-09-14 02:25:00,927.54,929.49,926.9,926.91,1084.489,1006450.48774
BNBUSDT,1757784600000,2025-09-13 17:30:00,2025-09-14 02:30:00,926.91,929.17,926.82,928.84,1062.401,986186.69726
BNBUSDT,1757784900000,2025-09-13 17:35:00,2025-09-14 02:35:00,928.83,928.86,928.04,928.44,1255.004,1165181.44333
BNBUSDT,1757785200000,2025-09-13 17:40:00,2025-09-14 02:40:00,928.44,929.8,928.43,929.62,767.103,712779.62538
BNBUSDT,1757785500000,2025-09-13 17:45:00,2025-09-14 02:45:00,929.61,930.26,929.28,930.26,567.421,527500.9127
BNBUSDT,1757785800000,2025-09-13 17:50:00,2025-09-14 02:50:00,930.27,930.46,929.06,929.42,563.076,523496.71896
BNBUSDT,1757786100000,2025-09-13 17:55:00,2025-09-14 02:55:00,929.42,929.43,928.9,929.09,313.69,291477.99302
BNBUSDT,1757786400000,2025-09-13 18:00:00,2025-09-14 03:00:00,929.09,929.26,928.5,928.77,641.203,595532.15297
BNBUSDT,1757786700000,2025-09-13 18:05:00,2025-09-14 03:05:00,928.77,928.77,927.4,928.34,887.172,823523.60114
BNBUSDT,1757787000000,2025-09-13 18:10:00,2025-09-14 03:10:00,928.34,929.24,928.05,928.78,545.728,506764.10545
BNBUSDT,1757787300000,2025-09-13 18:15:00,2025-09-14 03:15:00,928.78,929.32,927.64,927.64,515.006,478271.2642
BNBUSDT,1757787600000,2025-09-13 18:20:00,2025-09-14 03:20:00,927.64,929.72,927.64,929.71,393.698,365573.02324
BNBUSDT,1757787900000,2025-09-13 18:25:00,2025-09-14 03:25:00,929.72,930.36,929.4,929.71,379.261,352666.04855
BNBUSDT,1757788200000,2025-09-13 18:30:00,2025-09-14 03:30:00,929.7,929.71,927.94,927.94,414.822,385256.86208
BNBUSDT,1757788500000,2025-09-13 18:35:00,2025-09-14 03:35:00,927.94,928.5,927.8,928.49,348.461,323409.78515
BNBUSDT,1757788800000,2025-09-13 18:40:00,2025-09-14 03:40:00,928.49,930.66,928.4,930.26,583.231,542216.40539
BNBUSDT,1757789100000,2025-09-13 18:45:00,2025-09-14 03:45:00,930.26,930.4,929.35,930.36,967.93,900052.6775
BNBUSDT,1757789400000,2025-09-13 18:50:00,2025-09-14 03:50:00,930.36,930.46,929.66,929.9,314.128,292146.58901
BNBUSDT,1757789700000,2025-09-13 18:55:00,2025-09-14 03:55:00,929.9,930.45,929.75,930.44,218.639,203343.97097
BNBUSDT,1757790000000,2025-09-13 19:00:00,2025-09-14 04:00:00,930.45,930.5,929.74,930.28,358.665,333620.28716
BNBUSDT,1757790300000,2025-09-13 19:05:00,2025-09-14 04:05:00,930.27,930.98,929.91,930.87,941.815,876289.49564
BNBUSDT,1757790600000,2025-09-13 19:10:00,2025-09-14 04:10:00,930.87,930.96,930.08,930.3,595.617,554219.90625
BNBUSDT,1757790900000,2025-09-13 19:15:00,2025-09-14 04:15:00,930.3,930.31,928.61,928.61,499.636,464353.07853
BNBUSDT,1757791200000,2025-09-13 19:20:00,2025-09-14 04:20:00,928.61,929.7,928.5,929.6,738.134,685830.40027
BNBUSDT,1757791500000,2025-09-13 19:25:00,2025-09-14 04:25:00,929.59,929.64,929.05,929.17,269.937,250858.94748
BNBUSDT,1757791800000,2025-09-13 19:30:00,2025-09-14 04:30:00,929.18,929.77,929.15,929.69,274.859,255462.10191
BNBUSDT,1757792100000,2025-09-13 19:35:00,2025-09-14 04:35:00,929.68,929.72,929.1,929.65,404.124,375576.81054
BNBUSDT,1757792400000,2025-09-13 19:40:00,2025-09-14 04:40:00,929.65,929.65,928.93,929.09,347.308,322772.03992
BNBUSDT,1757792700000,2025-09-13 19:45:00,2025-09-14 04:45:00,929.09,930.1,929.08,929.57,267.748,248909.10685
BNBUSDT,1757793000000,2025-09-13 19:50:00,2025-09-14 04:50:00,929.58,929.8,929.24,929.77,434.259,403662.44162
BNBUSDT,1757793300000,2025-09-13 19:55:00,2025-09-14 04:55:00,929.78,930.15,929.48,930.14,383.843,356870.38003
BNBUSDT,1757793600000,2025-09-13 20:00:00,2025-09-14 05:00:00,930.14,931.11,929.53,931.03,432.735,402607.78469
BNBUSDT,1757793900000,2025-09-13 20:05:00,2025-09-14 05:05:00,931.02,932.01,930.88,931.96,694.753,647166.94885
BNBUSDT,1757794200000,2025-09-13 20:10:00,2025-09-14 05:10:00,931.96,931.96,929.82,931.3,1019.753,949010.27166
BNBUSDT,1757794500000,2025-09-13 20:15:00,2025-09-14 05:15:00,931.3,931.4,930.2,930.38,192.989,179630.82168
BNBUSDT,1757794800000,2025-09-13 20:20:00,2025-09-14 05:20:00,930.39,930.39,929.9,929.96,110.747,103010.25457
BNBUSDT,1757795100000,2025-09-13 20:25:00,2025-09-14 05:25:00,929.95,930.58,929.8,929.8,240.071,223322.16969
BNBUSDT,1757795400000,2025-09-13 20:30:00,2025-09-14 05:30:00,929.8,930.26,929.57,930.01,297.857,276989.01706
BNBUSDT,1757795700000,2025-09-13 20:35:00,2025-09-14 05:35:00,930,930,928.89,929.19,247.061,229582.27583
BNBUSDT,1757796000000,2025-09-13 20:40:00,2025-09-14 05:40:00,929.19,929.56,928.65,928.71,463.416,430543.87125
BNBUSDT,1757796300000,2025-09-13 20:45:00,2025-09-14 05:45:00,928.71,929.2,928.56,929.2,249.547,231807.24186
BNBUSDT,1757796600000,2025-09-13 20:50:00,2025-09-14 05:50:00,929.2,929.9,929.19,929.89,137.931,128210.71086
BNBUSDT,1757796900000,2025-09-13 20:55:00,2025-09-14 05:55:00,929.89,930.18,929.6,929.61,238.976,222232.85736
BNBUSDT,1757797200000,2025-09-13 21:00:00,2025-09-14 06:00:00,929.6,929.95,929.31,929.81,337.103,313445.9431
BNBUSDT,1757797500000,2025-09-13 21:05:00,2025-09-14 06:05:00,929.81,931.06,929.81,931.05,555.48,516906.2503
BNBUSDT,1757797800000,2025-09-13 21:10:00,2025-09-14 06:10:00,931.05,932.78,930.88,932.21,949.24,884552.33143
BNBUSDT,1757798100000,2025-09-13 21:15:00,2025-09-14 06:15:00,932.2,932.97,931.5,932.9,428.396,399385.76623
BNBUSDT,1757798400000,2025-09-13 21:20:00,2025-09-14 06:20:00,932.9,934.35,932.9,933.58,1330.751,1242210.55222
BNBUSDT,1757798700000,2025-09-13 21:25:00,2025-09-14 06:25:00,933.57,933.57,933.02,933.23,264.966,247273.50755
BNBUSDT,1757799000000,2025-09-13 21:30:00,2025-09-14 06:30:00,933.22,933.23,932.9,933.02,231.545,216040.41455
BNBUSDT,1757799300000,2025-09-13 21:35:00,2025-09-14 06:35:00,933.03,933.21,932.27,932.79,517.282,482571.5856
BNBUSDT,1757799600000,2025-09-13 21:40:00,2025-09-14 06:40:00,932.8,933.15,932.34,932.37,304.946,284484.71184
BNBUSDT,1757799900000,2025-09-13 21:45:00,2025-09-14 06:45:00,932.37,932.63,932.37,932.56,93.343,87048.29863
BNBUSDT,1757800200000,2025-09-13 21:50:00,2025-09-14 06:50:00,932.56,932.63,932.48,932.49,42.384,39525.35519
BNBUSDT,1757800500000,2025-09-13 21:55:00,2025-09-14 06:55:00,932.48,932.76,932.15,932.76,182.715,170365.42161
BNBUSDT,1757800800000,2025-09-13 22:00:00,2025-09-14 07:00:00,932.76,933.72,932.76,933.62,204.83,191149.67098
BNBUSDT,1757801100000,2025-09-13 22:05:00,2025-09-14 07:05:00,933.62,934.15,933.48,934,401.697,375102.43289
BNBUSDT,1757801400000,2025-09-13 22:10:00,2025-09-14 07:10:00,934,934.2,933.21,933.46,248.761,232304.63685
BNBUSDT,1757801700000,2025-09-13 22:15:00,2025-09-14 07:15:00,933.47,933.47,931.45,931.69,413.041,385066.42227
BNBUSDT,1757802000000,2025-09-13 22:20:00,2025-09-14 07:20:00,931.69,932.18,931.69,931.9,108.876,101461.75589
BNBUSDT,1757802300000,2025-09-13 22:25:00,2025-09-14 07:25:00,931.9,931.9,931.06,931.22,329.531,307008.01009
BNBUSDT,1757802600000,2025-09-13 22:30:00,2025-09-14 07:30:00,931.22,931.68,931.19,931.19,177.214,165048.1679
BNBUSDT,1757802900000,2025-09-13 22:35:00,2025-09-14 07:35:00,931.19,931.2,930.58,931.19,299.565,278838.78318
BNBUSDT,1757803200000,2025-09-13 22:40:00,2025-09-14 07:40:00,931.2,931.28,931.04,931.17,118.918,110734.06203
BNBUSDT,1757803500000,2025-09-13 22:45:00,2025-09-14 07:45:00,931.18,931.18,930.52,930.53,142.326,132479.65395
BNBUSDT,1757803800000,2025-09-13 22:50:00,2025-09-14 07:50:00,930.52,930.75,930.25,930.74,170.069,158245.3908
BNBUSDT,1757804100000,2025-09-13 22:55:00,2025-09-14 07:55:00,930.74,931.2,930.73,931.19,112.073,104333.24415
BNBUSDT,1757804400000,2025-09-13 23:00:00,2025-09-14 08:00:00,931.2,932.62,931.19,932.61,232.182,216405.62454
BNBUSDT,1757804700000,2025-09-13 23:05:00,2025-09-14 08:05:00,932.62,932.89,932.2,932.67,214.693,200193.36179
BNBUSDT,1757805000000,2025-09-13 23:10:00,2025-09-14 08:10:00,932.67,932.8,932.4,932.49,90.024,83954.35374
BNBUSDT,1757805300000,2025-09-13 23:15:00,2025-09-14 08:15:00,932.48,933.51,932.48,933.41,544.775,508336.02891
BNBUSDT,1757805600000,2025-09-13 23:20:00,2025-09-14 08:20:00,933.41,933.69,933.27,933.3,190.989,178272.51445
BNBUSDT,1757805900000,2025-09-13 23:25:00,2025-09-14 08:25:00,933.3,933.67,932.85,932.85,762.714,711998.67989
BNBUSDT,1757806200000,2025-09-13 23:30:00,2025-09-14 08:30:00,932.86,932.97,932.08,932.61,484.447,451750.87871
BNBUSDT,1757806500000,2025-09-13 23:35:00,2025-09-14 08:35:00,932.6,932.76,932.38,932.76,185.742,173211.94768
BNBUSDT,1757806800000,2025-09-13 23:40:00,2025-09-14 08:40:00,932.76,932.8,932.31,932.72,1384.248,1290821.9606
BNBUSDT,1757807100000,2025-09-13 23:45:00,2025-09-14 08:45:00,932.72,933.14,932.72,933.08,301.797,281550.65259
BNBUSDT,1757807400000,2025-09-13 23:50:00,2025-09-14 08:50:00,933.09,933.81,933.08,933.81,333.029,310913.49238
BNBUSDT,1757807700000,2025-09-13 23:55:00,2025-09-14 08:55:00,933.8,934,933.49,933.68,650.733,607628.5885
BNBUSDT,1757808000000,2025-09-14 00:00:00,2025-09-14 09:00:00,933.68,933.77,933.47,933.66,346.84,323820.84324
BNBUSDT,1757808300000,2025-09-14 00:05:00,2025-09-14 09:05:00,933.66,934.09,933.65,934.05,452.627,422708.63258
BNBUSDT,1757808600000,2025-09-14 00:10:00,2025-09-14 09:10:00,934.06,934.15,934.05,934.15,181.508,169543.29506
BNBUSDT,1757808900000,2025-09-14 00:15:00,2025-09-14 09:15:00,934.14,934.15,933.55,933.55,266.317,248730.13182
BNBUSDT,1757809200000,2025-09-14 00:20:00,2025-09-14 09:20:00,933.56,934.13,933.21,933.49,617.732,576762.03922
BNBUSDT,1757809500000,2025-09-14 00:25:00,2025-09-14 09:25:00,933.49,933.88,933.39,933.82,238.884,223028.04422
BNBUSDT,1757809800000,2025-09-14 00:30:00,2025-09-14 09:30:00,933.82,933.82,933.42,933.76,232.346,216935.42301
BNBUSDT,1757810100000,2025-09-14 00:35:00,2025-09-14 09:35:00,933.75,934.16,933.75,934.15,188.211,175790.3186
BNBUSDT,1757810400000,2025-09-14 00:40:00,2025-09-14 09:40:00,934.15,934.19,933.9,933.9,261.269,244041.03718
BNBUSDT,1757810700000,2025-09-14 00:45:00,2025-09-14 09:45:00,933.91,934.03,932.8,932.8,221.161,206477.10695
BNBUSDT,1757811000000,2025-09-14 00:50:00,2025-09-14 09:50:00,932.81,932.81,931.64,932.39,336.702,313834.08827
BNBUSDT,1757811300000,2025-09-14 00:55:00,2025-09-14 09:55:00,932.4,933.85,932.4,933.58,314.601,293670.984
BNBUSDT,1757811600000,2025-09-14 01:00:00,2025-09-14 10:00:00,933.58,933.59,930.8,932.2,826.388,769855.22393
BNBUSDT,1757811900000,2025-09-14 01:05:00,2025-09-14 10:05:00,932.19,932.33,931,931,513.716,478473.32214
BNBUSDT,1757812200000,2025-09-14 01:10:00,2025-09-14 10:10:00,931.01,931.01,929.68,930,720.115,669911.44737
BNBUSDT,1757812500000,2025-09-14 01:15:00,2025-09-14 10:15:00,929.99,931.53,929.97,931.45,425.994,396550.03304
BNBUSDT,1757812800000,2025-09-14 01:20:00,2025-09-14 10:20:00,931.44,931.44,929.34,929.63,591.206,549953.60694
BNBUSDT,1757813100000,2025-09-14 01:25:00,2025-09-14 10:25:00,929.64,931.31,929.64,931.02,568.49,529060.21305
BNBUSDT,1757813400000,2025-09-14 01:30:00,2025-09-14 10:30:00,931.03,933.17,930.92,933.16,720.641,671799.82078
BNBUSDT,1757813700000,2025-09-14 01:35:00,2025-09-14 10:35:00,933.17,933.7,933.15,933.7,422.689,394516.20263
BNBUSDT,1757814000000,2025-09-14 01:40:00,2025-09-14 10:40:00,933.7,936.69,933.6,936.27,1574.301,1473010.79341
BNBUSDT,1757814300000,2025-09-14 01:45:00,2025-09-14 10:45:00,936.28,936.28,930.7,934.03,1524.268,1422075.83499
BNBUSDT,1757814600000,2025-09-14 01:50:00,2025-09-14 10:50:00,934.02,935.52,933.94,935.04,351.488,328553.74982
BNBUSDT,1757814900000,2025-09-14 01:55:00,2025-09-14 10:55:00,935.04,935.36,934.44,934.46,388.248,362987.92928
BNBUSDT,1757815200000,2025-09-14 02:00:00,2025-09-14 11:00:00,934.46,935.71,934.41,935.71,727.551,680359.64198
BNBUSDT,1757815500000,2025-09-14 02:05:00,2025-09-14 11:05:00,935.71,936.44,934.97,936.4,814.359,761947.82005
BNBUSDT,1757815800000,2025-09-14 02:10:00,2025-09-14 11:10:00,936.4,937.5,936.37,937.25,877.352,822072.46671
BNBUSDT,1757816100000,2025-09-14 02:15:00,2025-09-14 11:15:00,937.25,937.38,936.54,936.62,433.79,406423.90419
BNBUSDT,1757816400000,2025-09-14 02:20:00,2025-09-14 11:20:00,936.63,937.26,936.62,937.19,324.469,304042.89393
BNBUSDT,1757816700000,2025-09-14 02:25:00,2025-09-14 11:25:00,937.19,937.25,936.3,937.12,497.675,466191.55382
BNBUSDT,1757817000000,2025-09-14 02:30:00,2025-09-14 11:30:00,937.13,937.13,936,936.37,307.351,287807.10769
BNBUSDT,1757817300000,2025-09-14 02:35:00,2025-09-14 11:35:00,936.37,936.37,934.3,935.29,766.325,716595.65482
BNBUSDT,1757817600000,2025-09-14 02:40:00,2025-09-14 11:40:00,935.29,935.86,934.65,935.3,421.276,394013.96176
BNBUSDT,1757817900000,2025-09-14 02:45:00,2025-09-14 11:45:00,935.3,935.8,934.8,935.55,190.617,178292.8516
BNBUSDT,1757818200000,2025-09-14 02:50:00,2025-09-14 11:50:00,935.55,937.26,935.54,936.41,810.309,758915.06171
BNBUSDT,1757818500000,2025-09-14 02:55:00,2025-09-14 11:55:00,936.41,936.64,935.74,936.63,333.735,312446.47356
BNBUSDT,1757818800000,2025-09-14 03:00:00,2025-09-14 12:00:00,936.64,938.12,936.64,937.37,958.809,898897.65858
BNBUSDT,1757819100000,2025-09-14 03:05:00,2025-09-14 12:05:00,937.38,937.38,936,936,688.646,645171.65458
BNBUSDT,1757819400000,2025-09-14 03:10:00,2025-09-14 12:10:00,936.01,936.8,935.69,935.7,429.169,401820.44458
BNBUSDT,1757819700000,2025-09-14 03:15:00,2025-09-14 12:15:00,935.7,935.77,934.24,935.05,438.564,410016.6769
BNBUSDT,1757820000000,2025-09-14 03:20:00,2025-09-14 12:20:00,935.04,935.05,933.91,934.99,260.607,243508.3464
BNBUSDT,1757820300000,2025-09-14 03:25:00,2025-09-14 12:25:00,934.99,935.05,934.53,934.89,361.598,338022.60794
BNBUSDT,1757820600000,2025-09-14 03:30:00,2025-09-14 12:30:00,934.9,936.48,934.89,936.23,377.799,353448.48398
BNBUSDT,1757820900000,2025-09-14 03:35:00,2025-09-14 12:35:00,936.23,936.23,934.8,935.8,542.19,507185.68737
BNBUSDT,1757821200000,2025-09-14 03:40:00,2025-09-14 12:40:00,935.81,935.91,933.91,933.91,560.043,523868.05646
BNBUSDT,1757821500000,2025-09-14 03:45:00,2025-09-14 12:45:00,933.92,934.88,933.5,934.66,925.683,864705.88775
BNBUSDT,1757821800000,2025-09-14 03:50:00,2025-09-14 12:50:00,934.65,934.66,933.11,933.16,294.195,274746.20464
BNBUSDT,1757822100000,2025-09-14 03:55:00,2025-09-14 12:55:00,933.15,933.16,931.05,931.06,767.917,715682.64295
BNBUSDT,1757822400000,2025-09-14 04:00:00,2025-09-14 13:00:00,931.05,931.85,929.44,931.49,2541.379,2365046.30819
BNBUSDT,1757822700000,2025-09-14 04:05:00,2025-09-14 13:05:00,931.5,931.6,930,930,702.843,653972.31382
BNBUSDT,1757823000000,2025-09-14 04:10:00,2025-09-14 13:10:00,930.01,931.22,929.9,930.51,898.149,835892.24922
BNBUSDT,1757823300000,2025-09-14 04:15:00,2025-09-14 13:15:00,930.51,930.51,927.8,928.17,728.375,676402.30576
BNBUSDT,1757823600000,2025-09-14 04:20:00,2025-09-14 13:20:00,928.16,930,928.03,930,471.842,438304.17361
BNBUSDT,1757823900000,2025-09-14 04:25:00,2025-09-14 13:25:00,930,931.3,929.99,931.07,381.587,355161.36723
BNBUSDT,1757824200000,2025-09-14 04:30:00,2025-09-14 13:30:00,931.07,932.2,931.06,932.19,371.927,346557.91809
BNBUSDT,1757824500000,2025-09-14 04:35:00,2025-09-14 13:35:00,932.2,933.17,932.19,933.17,329.285,307098.70761
BNBUSDT,1757824800000,2025-09-14 04:40:00,2025-09-14 13:40:00,933.16,934.33,932.87,934.33,344.61,321651.88811
BNBUSDT,1757825100000,2025-09-14 04:45:00,2025-09-14 13:45:00,934.34,934.85,934.01,934.52,594.322,555347.87272
BNBUSDT,1757825400000,2025-09-14 04:50:00,2025-09-14 13:50:00,934.53,934.8,933.75,933.93,496.785,464169.77645
BNBUSDT,1757825700000,2025-09-14 04:55:00,2025-09-14 13:55:00,933.92,933.92,932.89,933.52,364.731,340425.12283
BNBUSDT,1757826000000,2025-09-14 05:00:00,2025-09-14 14:00:00,933.53,935.26,933.53,935.26,836.814,781767.01951
BNBUSDT,1757826300000,2025-09-14 05:05:00,2025-09-14 14:05:00,935.26,938.69,935.26,936.96,1501.885,1408006.50706
BNBUSDT,1757826600000,2025-09-14 05:10:00,2025-09-14 14:10:00,936.96,937.59,936.61,937.04,428.145,401224.91012
BNBUSDT,1757826900000,2025-09-14 05:15:00,2025-09-14 14:15:00,937.04,937.45,936.65,937.44,411.024,385095.73364
BNBUSDT,1757827200000,2025-09-14 05:20:00,2025-09-14 14:20:00,937.45,938.72,937.44,938.38,772.419,724796.93787
BNBUSDT,1757827500000,2025-09-14 05:25:00,2025-09-14 14:25:00,938.38,939.4,938.23,938.34,1335.351,1253815.43162
BNBUSDT,1757827800000,2025-09-14 05:30:00,2025-09-14 14:30:00,938.35,938.6,938.03,938.46,259.76,243738.49345
BNBUSDT,1757828100000,2025-09-14 05:35:00,2025-09-14 14:35:00,938.47,939.2,938.46,939.12,364.635,342361.87348
BNBUSDT,1757828400000,2025-09-14 05:40:00,2025-09-14 14:40:00,939.11,940.55,939.02,939.69,1939.388,1822699.35011
BNBUSDT,1757828700000,2025-09-14 05:45:00,2025-09-14 14:45:00,939.69,940.19,939.61,940,391.619,368065.3152
BNBUSDT,1757829000000,2025-09-14 05:50:00,2025-09-14 14:50:00,940,941,939.44,940.89,1366.597,1285200.34055
BNBUSDT,1757829300000,2025-09-14 05:55:00,2025-09-14 14:55:00,940.9,943.11,940.6,942.38,2601.209,2450471.46127
BNBUSDT,1757829600000,2025-09-14 06:00:00,2025-09-14 15:00:00,942.39,944.95,942,942.66,2783.761,2627231.00607
BNBUSDT,1757829900000,2025-09-14 06:05:00,2025-09-14 15:05:00,942.66,942.69,940.9,941.25,800.9,754310.27832
BNBUSDT,1757830200000,2025-09-14 06:10:00,2025-09-14 15:10:00,941.26,941.68,940.96,941.51,626.998,590242.78742
BNBUSDT,1757830500000,2025-09-14 06:15:00,2025-09-14 15:15:00,941.52,942.56,941.32,941.4,523.101,492688.86826
BNBUSDT,1757830800000,2025-09-14 06:20:00,2025-09-14 15:20:00,941.4,941.41,939.92,940.42,1094.053,1028732.47026
BNBUSDT,1757831100000,2025-09-14 06:25:00,2025-09-14 15:25:00,940.42,941.23,940.07,941.04,498.908,469271.14928
BNBUSDT,1757831400000,2025-09-14 06:30:00,2025-09-14 15:30:00,941.04,941.04,939.22,939.51,411.372,386692.23447
BNBUSDT,1757831700000,2025-09-14 06:35:00,2025-09-14 15:35:00,939.5,940.53,939.39,940.3,383.642,360584.16282
BNBUSDT,1757832000000,2025-09-14 06:40:00,2025-09-14 15:40:00,940.3,940.46,939.22,939.95,496.211,466303.99124
BNBUSDT,1757832300000,2025-09-14 06:45:00,2025-09-14 15:45:00,939.94,940,938.81,938.94,620.199,582503.07398
BNBUSDT,1757832600000,2025-09-14 06:50:00,2025-09-14 15:50:00,938.94,939.7,938.83,939.39,278.799,261836.09037
BNBUSDT,1757832900000,2025-09-14 06:55:00,2025-09-14 15:55:00,939.4,939.4,938.63,939.28,668.308,627479.49966
BNBUSDT,1757833200000,2025-09-14 07:00:00,2025-09-14 16:00:00,939.28,939.4,938.14,938.44,569.342,534364.62012
BNBUSDT,1757833500000,2025-09-14 07:05:00,2025-09-14 16:05:00,938.44,939.02,938.4,938.51,805.206,755915.61167
BNBUSDT,1757833800000,2025-09-14 07:10:00,2025-09-14 16:10:00,938.51,938.79,938.42,938.57,368.545,345922.26907
BNBUSDT,1757834100000,2025-09-14 07:15:00,2025-09-14 16:15:00,938.57,938.7,938.38,938.44,361.414,339193.7365
BNBUSDT,1757834400000,2025-09-14 07:20:00,2025-09-14 16:20:00,938.44,939.41,938.03,939.4,991.768,930850.96252
BNBUSDT,1757834700000,2025-09-14 07:25:00,2025-09-14 16:25:00,939.41,939.59,939.12,939.38,289.536,271988.39189
BNBUSDT,1757835000000,2025-09-14 07:30:00,2025-09-14 16:30:00,939.38,940.09,939.18,939.74,309.871,291193.24258
BNBUSDT,1757835300000,2025-09-14 07:35:00,2025-09-14 16:35:00,939.74,940.11,939.3,939.99,501.748,471509.47592
BNBUSDT,1757835600000,2025-09-14 07:40:00,2025-09-14 16:40:00,939.99,940.05,939.53,939.54,314.036,295149.07247
BNBUSDT,1757835900000,2025-09-14 07:45:00,2025-09-14 16:45:00,939.53,939.86,938.26,938.26,490.871,460986.43389
BNBUSDT,1757836200000,2025-09-14 07:50:00,2025-09-14 16:50:00,938.27,938.27,936.94,937.38,1124.92,1054760.84867
BNBUSDT,1757836500000,2025-09-14 07:55:00,2025-09-14 16:55:00,937.38,938.2,937.37,937.47,649.725,609244.5964
BNBUSDT,1757836800000,2025-09-14 08:00:00,2025-09-14 17:00:00,937.48,938.1,937.35,938.1,225.371,211302.92994
BNBUSDT,1757837100000,2025-09-14 08:05:00,2025-09-14 17:05:00,938.1,938.1,936.46,937,568.048,532236.0142
BNBUSDT,1757837400000,2025-09-14 08:10:00,2025-09-14 17:10:00,937,937.29,936.9,937.13,252.619,236731.14409
BNBUSDT,1757837700000,2025-09-14 08:15:00,2025-09-14 17:15:00,937.13,937.71,936.59,937.54,1110.119,1040281.45309
BNBUSDT,1757838000000,2025-09-14 08:20:00,2025-09-14 17:20:00,937.54,938.53,937.54,938.53,254.227,238460.29859
BNBUSDT,1757838300000,2025-09-14 08:25:00,2025-09-14 17:25:00,938.53,938.65,937.66,937.67,313.517,294208.65709
BNBUSDT,1757838600000,2025-09-14 08:30:00,2025-09-14 17:30:00,937.67,939.62,937.52,939.62,990.049,929405.003
BNBUSDT,1757838900000,2025-09-14 08:35:00,2025-09-14 17:35:00,939.61,940,939.5,939.5,297.435,279525.59556
BNBUSDT,1757839200000,2025-09-14 08:40:00,2025-09-14 17:40:00,939.5,940,939.44,939.71,197.848,185944.68564
BNBUSDT,1757839500000,2025-09-14 08:45:00,2025-09-14 17:45:00,939.71,939.71,939.1,939.57,430.586,404510.21837
BNBUSDT,1757839800000,2025-09-14 08:50:00,2025-09-14 17:50:00,939.57,939.7,939.2,939.22,216.312,203220.85169
BNBUSDT,1757840100000,2025-09-14 08:55:00,2025-09-14 17:55:00,939.22,939.22,938.63,938.8,140.869,132244.90794
BNBUSDT,1757840400000,2025-09-14 09:00:00,2025-09-14 18:00:00,938.79,938.9,938,938.18,277.073,260011.64457
BNBUSDT,1757840700000,2025-09-14 09:05:00,2025-09-14 18:05:00,938.18,938.4,937.8,937.92,287.426,269619.51096
BNBUSDT,1757841000000,2025-09-14 09:10:00,2025-09-14 18:10:00,937.92,938.45,937.75,938.25,169.41,158914.14515
BNBUSDT,1757841300000,2025-09-14 09:15:00,2025-09-14 18:15:00,938.25,939.38,938.2,939.34,205.767,193144.7977
BNBUSDT,1757841600000,2025-09-14 09:20:00,2025-09-14 18:20:00,939.35,940.29,939.34,939.87,335.531,315377.78588
BNBUSDT,1757841900000,2025-09-14 09:25:00,2025-09-14 18:25:00,939.88,940.19,939.87,939.91,190.437,179018.13953
BNBUSDT,1757842200000,2025-09-14 09:30:00,2025-09-14 18:30:00,939.91,940.3,939.87,940.29,280.624,263781.52587
BNBUSDT,1757842500000,2025-09-14 09:35:00,2025-09-14 18:35:00,940.3,941.12,940.22,941.08,746.62,702343.88579
BNBUSDT,1757842800000,2025-09-14 09:40:00,2025-09-14 18:40:00,941.08,941.39,940,940.5,875.158,823314.04194
BNBUSDT,1757843100000,2025-09-14 09:45:00,2025-09-14 18:45:00,940.5,940.85,940.2,940.21,228.754,215147.90871
BNBUSDT,1757843400000,2025-09-14 09:50:00,2025-09-14 18:50:00,940.2,940.79,940,940.63,596.786,561192.95154
BNBUSDT,1757843700000,2025-09-14 09:55:00,2025-09-14 18:55:00,940.64,941,940.12,941,530.634,499075.14651
BNBUSDT,1757844000000,2025-09-14 10:00:00,2025-09-14 19:00:00,941,941,939.4,939.57,885.453,832506.88796
BNBUSDT,1757844300000,2025-09-14 10:05:00,2025-09-14 19:05:00,939.57,939.69,939.03,939.2,177.96,167158.52872
BNBUSDT,1757844600000,2025-09-14 10:10:00,2025-09-14 19:10:00,939.21,939.33,937.24,937.25,688.776,646456.91252
BNBUSDT,1757844900000,2025-09-14 10:15:00,2025-09-14 19:15:00,937.25,937.72,936,936.97,1087.162,1018501.50833
BNBUSDT,1757845200000,2025-09-14 10:20:00,2025-09-14 19:20:00,936.98,937.59,936.85,937.18,266.883,250149.02888
BNBUSDT,1757845500000,2025-09-14 10:25:00,2025-09-14 19:25:00,937.18,937.7,937.02,937.47,302.085,283132.23031
BNBUSDT,1757845800000,2025-09-14 10:30:00,2025-09-14 19:30:00,937.47,938.1,937.41,937.73,344.487,323046.35804
BNBUSDT,1757846100000,2025-09-14 10:35:00,2025-09-14 19:35:00,937.73,937.93,937.24,937.36,440.702,413199.07325
BNBUSDT,1757846400000,2025-09-14 10:40:00,2025-09-14 19:40:00,937.35,937.36,937.06,937.11,227.914,213583.43554
BNBUSDT,1757846700000,2025-09-14 10:45:00,2025-09-14 19:45:00,937.11,937.8,936.9,937.76,224.521,210480.1436
BNBUSDT,1757847000000,2025-09-14 10:50:00,2025-09-14 19:50:00,937.75,937.76,936.9,937,400.759,375617.83877
BNBUSDT,1757847300000,2025-09-14 10:55:00,2025-09-14 19:55:00,937.01,937.13,936.85,936.85,100.672,94331.16164
BNBUSDT,1757847600000,2025-09-14 11:00:00,2025-09-14 20:00:00,936.86,937.85,936.81,937.19,506.265,474579.92825
BNBUSDT,1757847900000,2025-09-14 11:05:00,2025-09-14 20:05:00,937.2,937.2,936.5,936.51,373.856,350257.6332
BNBUSDT,1757848200000,2025-09-14 11:10:00,2025-09-14 20:10:00,936.5,937.16,936.4,936.55,224.185,210004.95214
BNBUSDT,1757848500000,2025-09-14 11:15:00,2025-09-14 20:15:00,936.55,936.6,933.93,934.6,1046.825,978966.66352
BNBUSDT,1757848800000,2025-09-14 11:20:00,2025-09-14 20:20:00,934.61,934.9,933.75,933.88,515.682,481765.11305
BNBUSDT,1757849100000,2025-09-14 11:25:00,2025-09-14 20:25:00,933.88,933.88,933.1,933.33,476.279,444594.62917
BNBUSDT,1757849400000,2025-09-14 11:30:00,2025-09-14 20:30:00,933.33,933.56,931.8,933.01,1528.68,1425719.05155
BNBUSDT,1757849700000,2025-09-14 11:35:00,2025-09-14 20:35:00,933.01,934.1,932.71,933.18,474.997,443259.64315
BNBUSDT,1757850000000,2025-09-14 11:40:00,2025-09-14 20:40:00,933.17,933.18,931.63,931.63,394.178,367504.45395
BNBUSDT,1757850300000,2025-09-14 11:45:00,2025-09-14 20:45:00,931.63,932.63,931.63,932.35,343.955,320590.27956
BNBUSDT,1757850600000,2025-09-14 11:50:00,2025-09-14 20:50:00,932.35,932.72,932.02,932.03,766.599,714752.22609
BNBUSDT,1757850900000,2025-09-14 11:55:00,2025-09-14 20:55:00,932.03,932.03,930.99,931.64,642.711,598643.90457
BNBUSDT,1757851200000,2025-09-14 12:00:00,2025-09-14 21:00:00,931.65,932.58,931.41,932.56,466.009,434374.25399
BNBUSDT,1757851500000,2025-09-14 12:05:00,2025-09-14 21:05:00,932.56,934,932.56,933.42,923.152,861941.14098
BNBUSDT,1757851800000,2025-09-14 12:10:00,2025-09-14 21:10:00,933.43,934.47,933.41,934.11,431.415,402922.98937
BNBUSDT,1757852100000,2025-09-14 12:15:00,2025-09-14 21:15:00,934.11,935.41,933.72,935.4,409.962,383113.24321
BNBUSDT,1757852400000,2025-09-14 12:20:00,2025-09-14 21:20:00,935.4,935.41,934.63,934.71,344.963,322515.28721
BNBUSDT,1757852700000,2025-09-14 12:25:00,2025-09-14 21:25:00,934.7,935.8,934.7,935.8,291.394,272544.9403
BNBUSDT,1757853000000,2025-09-14 12:30:00,2025-09-14 21:30:00,935.8,936.68,935.79,936.01,757.162,708930.9264
BNBUSDT,1757853300000,2025-09-14 12:35:00,2025-09-14 21:35:00,936,936.07,933.99,933.99,1277.406,1194134.41465
BNBUSDT,1757853600000,2025-09-14 12:40:00,2025-09-14 21:40:00,933.99,933.99,933.24,933.25,934.456,872542.39576
BNBUSDT,1757853900000,2025-09-14 12:45:00,2025-09-14 21:45:00,933.24,934.2,932.63,932.63,293.554,274063.13885
BNBUSDT,1757854200000,2025-09-14 12:50:00,2025-09-14 21:50:00,932.64,933.48,931.55,933.48,778.06,725223.14816
BNBUSDT,1757854500000,2025-09-14 12:55:00,2025-09-14 21:55:00,933.47,934.58,933.47,933.69,400.324,373873.9059
BNBUSDT,1757854800000,2025-09-14 13:00:00,2025-09-14 22:00:00,933.7,934.41,932.95,933.87,644.172,601386.80697
BNBUSDT,1757855100000,2025-09-14 13:05:00,2025-09-14 22:05:00,933.86,934.72,933.86,934.43,736.292,688000.00427
BNBUSDT,1757855400000,2025-09-14 13:10:00,2025-09-14 22:10:00,934.43,934.89,934.2,934.77,436.431,407870.67955
BNBUSDT,1757855700000,2025-09-14 13:15:00,2025-09-14 22:15:00,934.77,934.77,933.69,933.9,447.968,418423.42196
BNBUSDT,1757856000000,2025-09-14 13:20:00,2025-09-14 22:20:00,933.91,933.91,932.02,932.1,492.168,459141.3026
BNBUSDT,1757856300000,2025-09-14 13:25:00,2025-09-14 22:25:00,932.1,932.67,929.06,931.33,1378.151,1282830.59495
BNBUSDT,1757856600000,2025-09-14 13:30:00,2025-09-14 22:30:00,931.33,931.98,930.42,930.99,931.136,867136.5782
BNBUSDT,1757856900000,2025-09-14 13:35:00,2025-09-14 22:35:00,931,932.46,930.88,931.28,376.67,350911.41417
BNBUSDT,1757857200000,2025-09-14 13:40:00,2025-09-14 22:40:00,931.3,932.1,931.2,931.73,388.93,362338.86669
BNBUSDT,1757857500000,2025-09-14 13:45:00,2025-09-14 22:45:00,931.72,931.73,929.21,929.48,958.772,891647.38331
BNBUSDT,1757857800000,2025-09-14 13:50:00,2025-09-14 22:50:00,929.48,931.96,929.48,929.92,1054.698,981518.16973
BNBUSDT,1757858100000,2025-09-14 13:55:00,2025-09-14 22:55:00,929.92,930.27,928.1,929.83,933.492,867284.48211
BNBUSDT,1757858400000,2025-09-14 14:00:00,2025-09-14 23:00:00,929.83,930.07,928.3,929.09,975.097,906010.32806
BNBUSDT,1757858700000,2025-09-14 14:05:00,2025-09-14 23:05:00,929.1,930.4,928.42,930.01,839.921,780411.63361
BNBUSDT,1757859000000,2025-09-14 14:10:00,2025-09-14 23:10:00,930.01,932.04,930,930.81,456.837,425325.57054
BNBUSDT,1757859300000,2025-09-14 14:15:00,2025-09-14 23:15:00,930.81,930.81,928.62,928.63,680.981,633207.9595
BNBUSDT,1757859600000,2025-09-14 14:20:00,2025-09-14 23:20:00,928.63,928.7,926.11,926.67,2476.884,2296782.13958
BNBUSDT,1757859900000,2025-09-14 14:25:00,2025-09-14 23:25:00,926.66,927.88,925.96,927.31,1154.499,1070030.20487
BNBUSDT,1757860200000,2025-09-14 14:30:00,2025-09-14 23:30:00,927.3,928.23,926.77,926.77,581.056,539006.51279
BNBUSDT,1757860500000,2025-09-14 14:35:00,2025-09-14 23:35:00,926.76,927.3,925.3,925.43,1161.039,1075333.37189
BNBUSDT,1757860800000,2025-09-14 14:40:00,2025-09-14 23:40:00,925.44,925.75,924.24,925.14,1781.386,1647746.52372
BNBUSDT,1757861100000,2025-09-14 14:45:00,2025-09-14 23:45:00,925.14,926.78,923.25,923.55,2003.414,1852758.3639
BNBUSDT,1757861400000,2025-09-14 14:50:00,2025-09-14 23:50:00,923.55,924.39,921.91,924.39,4804.557,4433371.92762
BNBUSDT,1757861700000,2025-09-14 14:55:00,2025-09-14 23:55:00,924.39,926.34,924.39,925.99,909.327,841834.81149
BNBUSDT,1757862000000,2025-09-14 15:00:00,2025-09-15 00:00:00,925.98,926.44,924.01,924.01,444.116,410969.43479
BNBUSDT,1757862300000,2025-09-14 15:05:00,2025-09-15 00:05:00,924.01,924.2,922.93,923.15,906.493,837120.60524
BNBUSDT,1757862600000,2025-09-14 15:10:00,2025-09-15 00:10:00,923.16,924.75,922.96,924.72,751.849,694753.32126
BNBUSDT,1757862900000,2025-09-14 15:15:00,2025-09-15 00:15:00,924.73,925.6,924.73,925.09,439.312,406416.86529
BNBUSDT,1757863200000,2025-09-14 15:20:00,2025-09-15 00:20:00,925.1,927.27,924.8,926.8,944.092,874566.41749
BNBUSDT,1757863500000,2025-09-14 15:25:00,2025-09-15 00:25:00,926.8,926.95,925.51,926.61,727.547,674116.2603
BNBUSDT,1757863800000,2025-09-14 15:30:00,2025-09-15 00:30:00,926.6,927,926.06,926.6,319.272,295830.22923
BNBUSDT,1757864100000,2025-09-14 15:35:00,2025-09-15 00:35:00,926.6,927.93,925.91,927.93,487.272,451648.93681
BNBUSDT,1757864400000,2025-09-14 15:40:00,2025-09-15 00:40:00,927.94,928.07,927.02,927.35,612.534,568164.5072
BNBUSDT,1757864700000,2025-09-14 15:45:00,2025-09-15 00:45:00,927.35,928.1,927.24,927.46,264.463,245324.62253
BNBUSDT,1757865000000,2025-09-14 15:50:00,2025-09-15 00:50:00,927.46,927.46,926.6,926.61,350.553,324929.92264
BNBUSDT,1757865300000,2025-09-14 15:55:00,2025-09-15 00:55:00,926.61,926.61,923.94,924.3,1746.871,1616167.41958
BNBUSDT,1757865600000,2025-09-14 16:00:00,2025-09-15 01:00:00,924.31,926.05,923.86,925.89,1047.505,968777.73034
BNBUSDT,1757865900000,2025-09-14 16:05:00,2025-09-15 01:05:00,925.89,928,925.89,927.58,656.633,608724.80964
BNBUSDT,1757866200000,2025-09-14 16:10:00,2025-09-15 01:10:00,927.58,927.58,926.41,927.01,269.682,249973.88555
BNBUSDT,1757866500000,2025-09-14 16:15:00,2025-09-15 01:15:00,927.01,927.01,923.82,924.7,1599.95,1480168.1402
BNBUSDT,1757866800000,2025-09-14 16:20:00,2025-09-15 01:20:00,924.7,925.82,923.26,925.7,797.244,737119.657
BNBUSDT,1757867100000,2025-09-14 16:25:00,2025-09-15 01:25:00,925.7,925.9,924.1,925.9,1293.294,1196156.25122
BNBUSDT,1757867400000,2025-09-14 16:30:00,2025-09-15 01:30:00,925.9,926.5,925.36,925.87,232.67,215434.90858
BNBUSDT,1757867700000,2025-09-14 16:35:00,2025-09-15 01:35:00,925.86,926.25,924.23,924.83,828.63,766514.96759
BNBUSDT,1757868000000,2025-09-14 16:40:00,2025-09-15 01:40:00,924.85,925.11,924.05,925.11,776.392,717889.17349
BNBUSDT,1757868300000,2025-09-14 16:45:00,2025-09-15 01:45:00,925.1,925.1,923.1,923.81,803.122,742162.75307
BNBUSDT,1757868600000,2025-09-14 16:50:00,2025-09-15 01:50:00,923.81,924.65,923.7,924.65,635.946,587687.04243
BNBUSDT,1757868900000,2025-09-14 16:55:00,2025-09-15 01:55:00,924.65,925.3,924.41,924.62,339.414,313941.871
BNBUSDT,1757869200000,2025-09-14 17:00:00,2025-09-15 02:00:00,924.62,924.62,923.83,924.08,596.073,550854.40874
BNBUSDT,1757869500000,2025-09-14 17:05:00,2025-09-15 02:05:00,924.07,924.97,923.6,924.97,222.969,206092.08667
BNBUSDT,1757869800000,2025-09-14 17:10:00,2025-09-15 02:10:00,924.97,926,924.97,925.99,163.878,151695.22983
BNBUSDT,1757870100000,2025-09-14 17:15:00,2025-09-15 02:15:00,925.99,926.62,925.7,926.54,413.175,382738.2501
BNBUSDT,1757870400000,2025-09-14 17:20:00,2025-09-15 02:20:00,926.54,927.58,926.42,927.57,565.53,524182.10508
BNBUSDT,1757870700000,2025-09-14 17:25:00,2025-09-15 02:25:00,927.58,928.61,927.53,928.4,295.324,274130.17765
BNBUSDT,1757871000000,2025-09-14 17:30:00,2025-09-15 02:30:00,928.39,928.4,926.4,927.96,868.177,805171.01907
BNBUSDT,1757871300000,2025-09-14 17:35:00,2025-09-15 02:35:00,927.95,928.39,927.9,928,302.339,280633.53988
BNBUSDT,1757871600000,2025-09-14 17:40:00,2025-09-15 02:40:00,928.01,929,927.4,928.05,1223.495,1136019.16001
BNBUSDT,1757871900000,2025-09-14 17:45:00,2025-09-15 02:45:00,928.05,928.89,927.8,928.71,280.828,260703.79218
BNBUSDT,1757872200000,2025-09-14 17:50:00,2025-09-15 02:50:00,928.7,928.78,928.2,928.4,180.29,167413.86812
BNBUSDT,1757872500000,2025-09-14 17:55:00,2025-09-15 02:55:00,928.39,928.4,927.94,928.04,235.412,218507.4237
BNBUSDT,1757872800000,2025-09-14 18:00:00,2025-09-15 03:00:00,928.03,928.03,927.11,927.2,263.695,244575.7415
BNBUSDT,1757873100000,2025-09-14 18:05:00,2025-09-15 03:05:00,927.21,927.48,927.2,927.31,198.575,184139.6518
BNBUSDT,1757873400000,2025-09-14 18:10:00,2025-09-15 03:10:00,927.31,927.61,927.2,927.41,140.434,130244.57189
BNBUSDT,1757873700000,2025-09-14 18:15:00,2025-09-15 03:15:00,927.41,927.41,926.45,926.61,245.296,227366.69237
BNBUSDT,1757874000000,2025-09-14 18:20:00,2025-09-15 03:20:00,926.61,926.7,926.4,926.55,165.993,153800.13421
BNBUSDT,1757874300000,2025-09-14 18:25:00,2025-09-15 03:25:00,926.54,926.55,925.36,926.04,269.849,249825.77616
BNBUSDT,1757874600000,2025-09-14 18:30:00,2025-09-15 03:30:00,926.05,927.1,926,926.91,158.174,146549.34142
BNBUSDT,1757874900000,2025-09-14 18:35:00,2025-09-15 03:35:00,926.9,927.11,926.52,926.8,206.765,191641.28202
BNBUSDT,1757875200000,2025-09-14 18:40:00,2025-09-15 03:40:00,926.8,926.99,926.47,926.99,139.176,128988.66989
BNBUSDT,1757875500000,2025-09-14 18:45:00,2025-09-15 03:45:00,926.99,927.03,926.55,926.79,117.239,108650.40657
BNBUSDT,1757875800000,2025-09-14 18:50:00,2025-09-15 03:50:00,926.8,927.13,926.33,927.13,326.12,302237.78214
BNBUSDT,1757876100000,2025-09-14 18:55:00,2025-09-15 03:55:00,927.13,927.18,926.18,926.6,153.398,142136.37374
BNBUSDT,1757876400000,2025-09-14 19:00:00,2025-09-15 04:00:00,926.6,926.6,925.8,925.81,272.231,252133.10563
BNBUSDT,1757876700000,2025-09-14 19:05:00,2025-09-15 04:05:00,925.81,926.7,925.5,926.63,239.741,221995.84039
BNBUSDT,1757877000000,2025-09-14 19:10:00,2025-09-15 04:10:00,926.62,927.99,926.62,927.81,191.691,177772.46364
BNBUSDT,1757877300000,2025-09-14 19:15:00,2025-09-15 04:15:00,927.8,928.49,927.5,928.33,233.08,216293.83746
BNBUSDT,1757877600000,2025-09-14 19:20:00,2025-09-15 04:20:00,928.33,928.49,928.2,928.26,161.073,149535.29003
BNBUSDT,1757877900000,2025-09-14 19:25:00,2025-09-15 04:25:00,928.26,928.69,928.21,928.69,115.857,107577.83134
BNBUSDT,1757878200000,2025-09-14 19:30:00,2025-09-15 04:30:00,928.69,929,928.1,929,702.244,652154.70878
BNBUSDT,1757878500000,2025-09-14 19:35:00,2025-09-15 04:35:00,929,929.05,928.4,928.41,192.631,178901.13421
BNBUSDT,1757878800000,2025-09-14 19:40:00,2025-09-15 04:40:00,928.41,928.91,928.19,928.64,230.551,214063.17618
BNBUSDT,1757879100000,2025-09-14 19:45:00,2025-09-15 04:45:00,928.65,928.8,928.13,928.24,131.547,122119.51463
BNBUSDT,1757879400000,2025-09-14 19:50:00,2025-09-15 04:50:00,928.24,928.24,927.2,927.21,151.692,140718.10714
BNBUSDT,1757879700000,2025-09-14 19:55:00,2025-09-15 04:55:00,927.21,927.6,927.08,927.59,182.773,169494.12818
BNBUSDT,1757880000000,2025-09-14 20:00:00,2025-09-15 05:00:00,927.58,928.14,927.31,927.7,219.875,203974.71856
BNBUSDT,1757880300000,2025-09-14 20:05:00,2025-09-15 05:05:00,927.7,927.8,927.61,927.79,102.586,95171.99804
BNBUSDT,1757880600000,2025-09-14 20:10:00,2025-09-15 05:10:00,927.79,928.3,927.73,928.3,91.368,84782.99386
BNBUSDT,1757880900000,2025-09-14 20:15:00,2025-09-15 05:15:00,928.3,929.64,928.29,929.54,169.054,157052.65395
BNBUSDT,1757881200000,2025-09-14 20:20:00,2025-09-15 05:20:00,929.54,929.6,928.94,929.13,168.008,156119.13319
BNBUSDT,1757881500000,2025-09-14 20:25:00,2025-09-15 05:25:00,929.14,929.64,929.14,929.56,57.893,53814.02921
BNBUSDT,1757881800000,2025-09-14 20:30:00,2025-09-15 05:30:00,929.56,929.74,929,929.32,100.968,93838.81508
BNBUSDT,1757882100000,2025-09-14 20:35:00,2025-09-15 05:35:00,929.32,929.37,927.8,928.59,481.858,447436.23127
BNBUSDT,1757882400000,2025-09-14 20:40:00,2025-09-15 05:40:00,928.59,929.47,928.45,929.47,111.578,103642.6312
BNBUSDT,1757882700000,2025-09-14 20:45:00,2025-09-15 05:45:00,929.47,929.66,929.22,929.33,153.336,142528.40409
BNBUSDT,1757883000000,2025-09-14 20:50:00,2025-09-15 05:50:00,929.32,929.93,929.32,929.44,117.45,109197.75836
BNBUSDT,1757883300000,2025-09-14 20:55:00,2025-09-15 05:55:00,929.45,929.66,929.28,929.31,83.141,77273.54794
BNBUSDT,1757883600000,2025-09-14 21:00:00,2025-09-15 06:00:00,929.3,929.63,928.81,929.63,114.275,106181.33706
BNBUSDT,1757883900000,2025-09-14 21:05:00,2025-09-15 06:05:00,929.63,929.65,927.86,927.87,335.232,311321.76285
BNBUSDT,1757884200000,2025-09-14 21:10:00,2025-09-15 06:10:00,927.87,928.77,927,928.76,556.464,516282.17505
BNBUSDT,1757884500000,2025-09-14 21:15:00,2025-09-15 06:15:00,928.77,930,928.76,930,267.329,248431.26287
BNBUSDT,1757884800000,2025-09-14 21:20:00,2025-09-15 06:20:00,930,931.31,930,930.76,561.458,522636.74501
BNBUSDT,1757885100000,2025-09-14 21:25:00,2025-09-15 06:25:00,930.75,930.75,929.26,930.3,489.752,455450.97306
BNBUSDT,1757885400000,2025-09-14 21:30:00,2025-09-15 06:30:00,930.31,931.46,930.13,931.46,242.203,225362.3684
BNBUSDT,1757885700000,2025-09-14 21:35:00,2025-09-15 06:35:00,931.47,932.68,931.46,932.53,433.057,403693.4484
BNBUSDT,1757886000000,2025-09-14 21:40:00,2025-09-15 06:40:00,932.53,933.21,932.23,933.2,299.956,279757.29876
BNBUSDT,1757886300000,2025-09-14 21:45:00,2025-09-15 06:45:00,933.2,933.72,933,933,267.049,249282.00556
BNBUSDT,1757886600000,2025-09-14 21:50:00,2025-09-15 06:50:00,933,933,931.35,931.59,566.664,528260.52517
BNBUSDT,1757886900000,2025-09-14 21:55:00,2025-09-15 06:55:00,931.59,933.5,931.5,933.5,303.068,282672.42846
BNBUSDT,1757887200000,2025-09-14 22:00:00,2025-09-15 07:00:00,933.5,933.7,932.82,933.7,455.835,425419.88916
BNBUSDT,1757887500000,2025-09-14 22:05:00,2025-09-15 07:05:00,933.7,933.7,932.51,932.51,254.281,237299.866
BNBUSDT,1757887800000,2025-09-14 22:10:00,2025-09-15 07:10:00,932.51,932.94,932.22,932.87,313.451,292327.27872
BNBUSDT,1757888100000,2025-09-14 22:15:00,2025-09-15 07:15:00,932.86,933,932.7,932.9,131.961,123097.10486
BNBUSDT,1757888400000,2025-09-14 22:20:00,2025-09-15 07:20:00,932.9,932.97,931.94,932.35,238.067,221948.67067
BNBUSDT,1757888700000,2025-09-14 22:25:00,2025-09-15 07:25:00,932.34,933.5,932.34,933.5,315.925,294720.62555
BNBUSDT,1757889000000,2025-09-14 22:30:00,2025-09-15 07:30:00,933.49,933.97,933.4,933.97,241.594,225572.03938
BNBUSDT,1757889300000,2025-09-14 22:35:00,2025-09-15 07:35:00,933.97,934.04,932.4,932.9,846.056,789444.74485
BNBUSDT,1757889600000,2025-09-14 22:40:00,2025-09-15 07:40:00,932.89,934.19,932.89,934.19,162.175,151433.56825
BNBUSDT,1757889900000,2025-09-14 22:45:00,2025-09-15 07:45:00,934.19,934.19,933.68,934.11,171.334,160014.91507
BNBUSDT,1757890200000,2025-09-14 22:50:00,2025-09-15 07:50:00,934.11,934.15,933.6,933.61,279.766,261285.33346
BNBUSDT,1757890500000,2025-09-14 22:55:00,2025-09-15 07:55:00,933.6,933.61,933.04,933.11,146.691,136900.11037
BNBUSDT,1757890800000,2025-09-14 23:00:00,2025-09-15 08:00:00,933.11,933.11,932.21,932.51,273.299,254912.60728
BNBUSDT,1757891100000,2025-09-14 23:05:00,2025-09-15 08:05:00,932.5,932.51,930.4,930.41,238.39,222046.46291
BNBUSDT,1757891400000,2025-09-14 23:10:00,2025-09-15 08:10:00,930.4,930.76,928.86,929.26,389.386,362045.42756
BNBUSDT,1757891700000,2025-09-14 23:15:00,2025-09-15 08:15:00,929.24,929.57,928.47,929.33,143.386,133218.06877
BNBUSDT,1757892000000,2025-09-14 23:20:00,2025-09-15 08:20:00,929.32,929.32,927.58,928.1,497.526,461938.51225
BNBUSDT,1757892300000,2025-09-14 23:25:00,2025-09-15 08:25:00,928.1,928.57,927.53,927.74,559.221,519071.46232
BNBUSDT,1757892600000,2025-09-14 23:30:00,2025-09-15 08:30:00,927.74,927.74,925.7,926.5,605.451,561009.90646
BNBUSDT,1757892900000,2025-09-14 23:35:00,2025-09-15 08:35:00,926.51,926.51,925.78,926,277.648,257132.72413
BNBUSDT,1757893200000,2025-09-14 23:40:00,2025-09-15 08:40:00,925.99,926.89,925.99,926.54,289.345,268046.43364
BNBUSDT,1757893500000,2025-09-14 23:45:00,2025-09-15 08:45:00,926.55,926.55,925.24,925.88,298.337,276198.0651
BNBUSDT,1757893800000,2025-09-14 23:50:00,2025-09-15 08:50:00,925.88,927.09,925.88,926.61,484.056,448500.05597
BNBUSDT,1757894100000,2025-09-14 23:55:00,2025-09-15 08:55:00,926.6,927.37,926.5,926.51,227.774,211151.55418
BNBUSDT,1757894400000,2025-09-15 00:00:00,2025-09-15 09:00:00,926.51,926.62,925.34,926.46,880.232,814973.10504
BNBUSDT,1757894700000,2025-09-15 00:05:00,2025-09-15 09:05:00,926.46,926.51,925.59,925.62,558.885,517473.42676
BNBUSDT,1757895000000,2025-09-15 00:10:00,2025-09-15 09:10:00,925.63,927.12,925.04,926.79,941.598,871937.27568
BNBUSDT,1757895300000,2025-09-15 00:15:00,2025-09-15 09:15:00,926.79,926.93,925.42,926.55,425.038,393632.28142
BNBUSDT,1757895600000,2025-09-15 00:20:00,2025-09-15 09:20:00,926.55,928.2,926.3,928.19,351.436,325848.09976
BNBUSDT,1757895900000,2025-09-15 00:25:00,2025-09-15 09:25:00,928.19,929,927.2,928.14,488.542,453441.75119
BNBUSDT,1757896200000,2025-09-15 00:30:00,2025-09-15 09:30:00,928.14,929.64,927.93,929.52,514.467,477785.06358
BNBUSDT,1757896500000,2025-09-15 00:35:00,2025-09-15 09:35:00,929.52,930.01,928.75,928.76,766.23,712365.3412
BNBUSDT,1757896800000,2025-09-15 00:40:00,2025-09-15 09:40:00,928.75,928.76,926.03,926.18,985.18,913279.04873
BNBUSDT,1757897100000,2025-09-15 00:45:00,2025-09-15 09:45:00,926.17,926.9,926.17,926.76,358.775,332430.90899
BNBUSDT,1757897400000,2025-09-15 00:50:00,2025-09-15 09:50:00,926.77,926.96,925.89,925.93,232.618,215469.43078
BNBUSDT,1757897700000,2025-09-15 00:55:00,2025-09-15 09:55:00,925.94,925.94,924.66,924.77,543.319,502627.82511
BNBUSDT,1757898000000,2025-09-15 01:00:00,2025-09-15 10:00:00,924.78,925.66,923.58,923.58,2075.423,1918394.35409
BNBUSDT,1757898300000,2025-09-15 01:05:00,2025-09-15 10:05:00,923.58,923.6,922,922.72,2639.762,2436256.17234
BNBUSDT,1757898600000,2025-09-15 01:10:00,2025-09-15 10:10:00,922.71,923.9,922.7,923.2,664.464,613400.01536
BNBUSDT,1757898900000,2025-09-15 01:15:00,2025-09-15 10:15:00,923.2,924.69,923.14,924.43,663.073,612557.43828
BNBUSDT,1757899200000,2025-09-15 01:20:00,2025-09-15 10:20:00,924.43,924.57,922.1,923.19,370.04,341482.28503
BNBUSDT,1757899500000,2025-09-15 01:25:00,2025-09-15 10:25:00,923.19,925.8,923.19,925.8,432.513,399973.42985
BNBUSDT,1757899800000,2025-09-15 01:30:00,2025-09-15 10:30:00,925.79,927.96,925.79,927.54,854.715,792499.21435
BNBUSDT,1757900100000,2025-09-15 01:35:00,2025-09-15 10:35:00,927.53,928.1,927.04,928.01,313.973,291224.38417
BNBUSDT,1757900400000,2025-09-15 01:40:00,2025-09-15 10:40:00,928.01,929.51,928,928.6,3050.802,2833816.19987
BNBUSDT,1757900700000,2025-09-15 01:45:00,2025-09-15 10:45:00,928.6,929.74,927.9,927.9,483.718,449336.48522
BNBUSDT,1757901000000,2025-09-15 01:50:00,2025-09-15 10:50:00,927.9,927.91,926.46,927.6,666.703,618073.51846
BNBUSDT,1757901300000,2025-09-15 01:55:00,2025-09-15 10:55:00,927.61,928.1,927.23,928,240.946,223544.56797
BNBUSDT,1757901600000,2025-09-15 02:00:00,2025-09-15 11:00:00,927.99,930,927.99,929.54,552.257,512989.76547
BNBUSDT,1757901900000,2025-09-15 02:05:00,2025-09-15 11:05:00,929.53,930.06,928.71,929.98,290.063,269617.15781
BNBUSDT,1757902200000,2025-09-15 02:10:00,2025-09-15 11:10:00,929.98,929.98,929.2,929.46,201.059,186901.56353
BNBUSDT,1757902500000,2025-09-15 02:15:00,2025-09-15 11:15:00,929.46,930.3,929.1,930.29,256.011,237984.30714
BNBUSDT,1757902800000,2025-09-15 02:20:00,2025-09-15 11:20:00,930.29,930.57,929.6,929.76,275.124,255862.76593
BNBUSDT,1757903100000,2025-09-15 02:25:00,2025-09-15 11:25:00,929.77,929.96,928.98,929.68,343.003,318825.13652
BNBUSDT,1757903400000,2025-09-15 02:30:00,2025-09-15 11:30:00,929.68,929.68,928.14,928.39,325.045,301938.70894
BNBUSDT,1757903700000,2025-09-15 02:35:00,2025-09-15 11:35:00,928.4,929.8,928.4,929.72,373.843,347373.38163
BNBUSDT,1757904000000,2025-09-15 02:40:00,2025-09-15 11:40:00,929.71,929.72,928.7,929.59,279.252,259512.13741
BNBUSDT,1757904300000,2025-09-15 02:45:00,2025-09-15 11:45:00,929.59,929.7,929.07,929.08,158.612,147421.17335
BNBUSDT,1757904600000,2025-09-15 02:50:00,2025-09-15 11:50:00,929.07,930.42,929.07,929.86,227.542,211633.16826
BNBUSDT,1757904900000,2025-09-15 02:55:00,2025-09-15 11:55:00,929.86,930.06,929.3,929.39,102.56,95344.63196
BNBUSDT,1757905200000,2025-09-15 03:00:00,2025-09-15 12:00:00,929.39,931.18,929.2,931.18,294.012,273575.77529
BNBUSDT,1757905500000,2025-09-15 03:05:00,2025-09-15 12:05:00,931.17,932.45,931.1,932.45,451.987,421107.79591
BNBUSDT,1757905800000,2025-09-15 03:10:00,2025-09-15 12:10:00,932.45,932.85,932.1,932.37,334.685,312113.48819
BNBUSDT,1757906100000,2025-09-15 03:15:00,2025-09-15 12:15:00,932.36,932.9,932,932.73,187.698,175032.36283
BNBUSDT,1757906400000,2025-09-15 03:20:00,2025-09-15 12:20:00,932.73,932.95,930.9,930.91,1302.388,1213583.83253
BNBUSDT,1757906700000,2025-09-15 03:25:00,2025-09-15 12:25:00,930.9,930.93,930.22,930.49,147.113,136891.02663
BNBUSDT,1757907000000,2025-09-15 03:30:00,2025-09-15 12:30:00,930.5,930.6,930.13,930.36,119.874,111526.64078
BNBUSDT,1757907300000,2025-09-15 03:35:00,2025-09-15 12:35:00,930.37,930.6,930.1,930.32,159.261,148157.06882
BNBUSDT,1757907600000,2025-09-15 03:40:00,2025-09-15 12:40:00,930.31,931.1,930.2,930.59,179.449,167008.37547
BNBUSDT,1757907900000,2025-09-15 03:45:00,2025-09-15 12:45:00,930.59,931.35,930.58,931.34,120.349,112065.36522
BNBUSDT,1757908200000,2025-09-15 03:50:00,2025-09-15 12:50:00,931.35,931.9,931.15,931.9,203.141,189186.01584
BNBUSDT,1757908500000,2025-09-15 03:55:00,2025-09-15 12:55:00,931.9,932.79,931.9,932.31,291.986,272215.70255
BNBUSDT,1757908800000,2025-09-15 04:00:00,2025-09-15 13:00:00,932.31,932.37,931.8,932.36,192.838,179742.68488
BNBUSDT,1757909100000,2025-09-15 04:05:00,2025-09-15 13:05:00,932.36,932.88,932.36,932.78,179.854,167728.3475
BNBUSDT,1757909400000,2025-09-15 04:10:00,2025-09-15 13:10:00,932.78,932.78,932.13,932.22,164.438,153332.26833
BNBUSDT,1757909700000,2025-09-15 04:15:00,2025-09-15 13:15:00,932.23,933.41,932.23,933.4,233.473,217755.84605
BNBUSDT,1757910000000,2025-09-15 04:20:00,2025-09-15 13:20:00,933.41,934.91,933.41,933.95,746.468,697385.86817
BNBUSDT,1757910300000,2025-09-15 04:25:00,2025-09-15 13:25:00,933.95,935.72,933.9,934.48,508.518,475446.83466
BNBUSDT,1757910600000,2025-09-15 04:30:00,2025-09-15 13:30:00,934.48,935,934.34,934.87,438.762,410090.98203
BNBUSDT,1757910900000,2025-09-15 04:35:00,2025-09-15 13:35:00,934.86,934.86,933.23,933.24,414.451,387028.05765
BNBUSDT,1757911200000,2025-09-15 04:40:00,2025-09-15 13:40:00,933.24,934.48,933.22,934.29,345.415,322619.39443
BNBUSDT,1757911500000,2025-09-15 04:45:00,2025-09-15 13:45:00,934.29,934.97,932.8,933.12,824.105,769430.29182
BNBUSDT,1757911800000,2025-09-15 04:50:00,2025-09-15 13:50:00,933.11,933.49,933,933.27,216.066,201637.20629
BNBUSDT,1757912100000,2025-09-15 04:55:00,2025-09-15 13:55:00,933.28,933.53,932.9,933.53,314.075,293090.36785
BNBUSDT,1757912400000,2025-09-15 05:00:00,2025-09-15 14:00:00,933.53,933.59,933.02,933.5,496.088,463010.30735
BNBUSDT,1757912700000,2025-09-15 05:05:00,2025-09-15 14:05:00,933.51,934.77,933.5,934.77,330.826,309124.30221
BNBUSDT,1757913000000,2025-09-15 05:10:00,2025-09-15 14:10:00,934.77,935,934.58,934.74,205.296,191918.21539
BNBUSDT,1757913300000,2025-09-15 05:15:00,2025-09-15 14:15:00,934.74,935.1,934.06,935.09,606.585,566846.8381
BNBUSDT,1757913600000,2025-09-15 05:20:00,2025-09-15 14:20:00,935.09,935.25,934.3,934.81,344.416,321975.02806
BNBUSDT,1757913900000,2025-09-15 05:25:00,2025-09-15 14:25:00,934.8,935.1,934.3,934.51,371.669,347420.57196
BNBUSDT,1757914200000,2025-09-15 05:30:00,2025-09-15 14:30:00,934.52,934.9,934,934.15,306.905,286821.29338
BNBUSDT,1757914500000,2025-09-15 05:35:00,2025-09-15 14:35:00,934.16,934.39,934.15,934.36,177.319,165666.33597
BNBUSDT,1757914800000,2025-09-15 05:40:00,2025-09-15 14:40:00,934.36,934.48,933.57,933.58,464.702,434148.72112
BNBUSDT,1757915100000,2025-09-15 05:45:00,2025-09-15 14:45:00,933.58,933.62,933.02,933.24,432.654,403781.83547
BNBUSDT,1757915400000,2025-09-15 05:50:00,2025-09-15 14:50:00,933.23,934,933.18,933.61,1059.486,988943.09848
BNBUSDT,1757915700000,2025-09-15 05:55:00,2025-09-15 14:55:00,933.61,934.17,933.61,934.17,220.744,206188.96725
BNBUSDT,1757916000000,2025-09-15 06:00:00,2025-09-15 15:00:00,934.16,934.24,932.34,933.2,1162.041,1084094.69491
BNBUSDT,1757916300000,2025-09-15 06:05:00,2025-09-15 15:05:00,933.19,933.65,932.9,933.64,319.675,298383.02144
BNBUSDT,1757916600000,2025-09-15 06:10:00,2025-09-15 15:10:00,933.65,933.65,932.75,932.88,300.293,280248.85867
BNBUSDT,1757916900000,2025-09-15 06:15:00,2025-09-15 15:15:00,932.88,933.3,932.11,932.49,523.203,487895.74356
BNBUSDT,1757917200000,2025-09-15 06:20:00,2025-09-15 15:20:00,932.49,932.49,931.45,931.9,762.303,710376.84077
BNBUSDT,1757917500000,2025-09-15 06:25:00,2025-09-15 15:25:00,931.91,931.91,930.71,930.87,1075.485,1001410.03985
BNBUSDT,1757917800000,2025-09-15 06:30:00,2025-09-15 15:30:00,930.88,931.3,929.14,929.15,542.756,505003.36391
BNBUSDT,1757918100000,2025-09-15 06:35:00,2025-09-15 15:35:00,929.15,929.66,928.6,929.03,606.571,563555.66141
BNBUSDT,1757918400000,2025-09-15 06:40:00,2025-09-15 15:40:00,929.04,929.04,928,928.56,540.647,501958.13788
BNBUSDT,1757918700000,2025-09-15 06:45:00,2025-09-15 15:45:00,928.56,928.56,927.48,927.48,487.286,452191.52184
BNBUSDT,1757919000000,2025-09-15 06:50:00,2025-09-15 15:50:00,927.48,927.86,926.29,926.31,491.326,455565.34911
BNBUSDT,1757919300000,2025-09-15 06:55:00,2025-09-15 15:55:00,926.3,927.18,926,926.84,345.017,319699.87445
BNBUSDT,1757919600000,2025-09-15 07:00:00,2025-09-15 16:00:00,926.85,928.55,926.82,927.99,809.64,751092.22595
BNBUSDT,1757919900000,2025-09-15 07:05:00,2025-09-15 16:05:00,928,928.85,927.76,927.77,358.234,332588.08945
BNBUSDT,1757920200000,2025-09-15 07:10:00,2025-09-15 16:10:00,927.77,928.84,927.67,928.83,440.468,408820.57033
BNBUSDT,1757920500000,2025-09-15 07:15:00,2025-09-15 16:15:00,928.84,929.84,928.7,929.33,260.89,242417.9528
BNBUSDT,1757920800000,2025-09-15 07:20:00,2025-09-15 16:20:00,929.34,929.34,927.5,927.53,207.537,192705.66514
BNBUSDT,1757921100000,2025-09-15 07:25:00,2025-09-15 16:25:00,927.53,928,926.7,926.78,258.773,239948.99665
BNBUSDT,1757921400000,2025-09-15 07:30:00,2025-09-15 16:30:00,926.78,926.78,924,924.37,2081.327,1925815.02447
BNBUSDT,1757921700000,2025-09-15 07:35:00,2025-09-15 16:35:00,924.36,925.71,922.8,923.97,3365.932,3109204.98329
BNBUSDT,1757922000000,2025-09-15 07:40:00,2025-09-15 16:40:00,923.97,924.53,922.7,923.83,1644.822,1519144.12105
BNBUSDT,1757922300000,2025-09-15 07:45:00,2025-09-15 16:45:00,923.83,924.79,922.28,922.69,3436.735,3172757.67121
BNBUSDT,1757922600000,2025-09-15 07:50:00,2025-09-15 16:50:00,922.69,923.56,922.32,923.09,999.938,922816.12108
BNBUSDT,1757922900000,2025-09-15 07:55:00,2025-09-15 16:55:00,923.09,924.37,923.08,923.43,473.207,437227.04179
BNBUSDT,1757923200000,2025-09-15 08:00:00,2025-09-15 17:00:00,923.42,923.42,916.87,919.43,5921.415,5447168.9041
BNBUSDT,1757923500000,2025-09-15 08:05:00,2025-09-15 17:05:00,919.44,920.66,918.6,919.82,1757.988,1616380.55205
BNBUSDT,1757923800000,2025-09-15 08:10:00,2025-09-15 17:10:00,919.82,921.06,919.05,920,3033.854,2790778.81906
BNBUSDT,1757924100000,2025-09-15 08:15:00,2025-09-15 17:15:00,920,920,918.49,919.11,1011.231,929457.82251
BNBUSDT,1757924400000,2025-09-15 08:20:00,2025-09-15 17:20:00,919.11,921.17,918.32,921.16,1697.499,1560144.16635
BNBUSDT,1757924700000,2025-09-15 08:25:00,2025-09-15 17:25:00,921.17,921.4,919.47,919.8,772.65,711380.26504
BNBUSDT,1757925000000,2025-09-15 08:30:00,2025-09-15 17:30:00,919.8,920.61,918.91,918.91,665.352,611963.88653
BNBUSDT,1757925300000,2025-09-15 08:35:00,2025-09-15 17:35:00,918.91,918.91,917.15,917.42,1186.95,1089364.33644
BNBUSDT,1757925600000,2025-09-15 08:40:00,2025-09-15 17:40:00,917.42,917.5,915.14,915.84,1669.581,1529776.54273
BNBUSDT,1757925900000,2025-09-15 08:45:00,2025-09-15 17:45:00,915.85,915.9,912.1,913.03,2935.31,2682405.30406
BNBUSDT,1757926200000,2025-09-15 08:50:00,2025-09-15 17:50:00,913.03,913.54,911.47,911.47,1934.277,1765307.04165
BNBUSDT,1757926500000,2025-09-15 08:55:00,2025-09-15 17:55:00,911.48,912.78,910.71,911.02,2328.121,2122183.07297
BNBUSDT,1757926800000,2025-09-15 09:00:00,2025-09-15 18:00:00,911.03,914.95,910.64,913.89,2866.676,2616450.41654
BNBUSDT,1757927100000,2025-09-15 09:05:00,2025-09-15 18:05:00,913.89,917.44,913.89,915.85,1848.991,1693281.19931
BNBUSDT,1757927400000,2025-09-15 09:10:00,2025-09-15 18:10:00,915.85,916.53,915.69,916.5,512.645,469573.59358
BNBUSDT,1757927700000,2025-09-15 09:15:00,2025-09-15 18:15:00,916.5,916.5,912.6,912.62,2429.881,2221946.4464
BNBUSDT,1757928000000,2025-09-15 09:20:00,2025-09-15 18:20:00,912.63,916.6,912.3,915.46,1579.894,1444796.95381
BNBUSDT,1757928300000,2025-09-15 09:25:00,2025-09-15 18:25:00,915.46,917.5,915.46,916.68,1062.261,973982.64028
BNBUSDT,1757928600000,2025-09-15 09:30:00,2025-09-15 18:30:00,916.67,917.91,916.07,917.07,1363.608,1250452.66412
BNBUSDT,1757928900000,2025-09-15 09:35:00,2025-09-15 18:35:00,917.07,917.7,916.46,917.14,523.802,480353.07256
BNBUSDT,1757929200000,2025-09-15 09:40:00,2025-09-15 18:40:00,917.14,917.19,915.86,916.03,1040.898,954038.12972
BNBUSDT,1757929500000,2025-09-15 09:45:00,2025-09-15 18:45:00,916.03,916.61,915.75,916.16,811.851,743757.18474
BNBUSDT,1757929800000,2025-09-15 09:50:00,2025-09-15 18:50:00,916.17,917.22,916.12,917.21,304.551,279243.45449
BNBUSDT,1757930100000,2025-09-15 09:55:00,2025-09-15 18:55:00,917.21,918.25,917,918.02,640.25,587476.16941
BNBUSDT,1757930400000,2025-09-15 10:00:00,2025-09-15 19:00:00,918.03,918.16,917.31,917.41,357.332,327921.43397
BNBUSDT,1757930700000,2025-09-15 10:05:00,2025-09-15 19:05:00,917.41,917.42,915.62,915.62,639.831,586343.85732
BNBUSDT,1757931000000,2025-09-15 10:10:00,2025-09-15 19:10:00,915.63,916.88,915.62,916.51,478.969,438856.63842
BNBUSDT,1757931300000,2025-09-15 10:15:00,2025-09-15 19:15:00,916.5,917.53,914.62,915.44,998.808,915161.24988
BNBUSDT,1757931600000,2025-09-15 10:20:00,2025-09-15 19:20:00,915.45,916.69,915.44,916.61,273.148,250183.56059
BNBUSDT,1757931900000,2025-09-15 10:25:00,2025-09-15 19:25:00,916.62,917.3,916.29,917.16,333.549,305787.36909
BNBUSDT,1757932200000,2025-09-15 10:30:00,2025-09-15 19:30:00,917.16,917.46,916.48,917.1,274.819,251985.71566
BNBUSDT,1757932500000,2025-09-15 10:35:00,2025-09-15 19:35:00,917.1,918.06,916.89,918.05,233.735,214454.19421
BNBUSDT,1757932800000,2025-09-15 10:40:00,2025-09-15 19:40:00,918.06,918.7,917.6,918.7,516.607,474312.06049
BNBUSDT,1757933100000,2025-09-15 10:45:00,2025-09-15 19:45:00,918.7,919,918.61,919,399.636,367176.85578
BNBUSDT,1757933400000,2025-09-15 10:50:00,2025-09-15 19:50:00,918.99,920.4,918.93,920.21,965.196,887729.55597
BNBUSDT,1757933700000,2025-09-15 10:55:00,2025-09-15 19:55:00,920.21,920.22,918.9,919.22,336.162,309064.56604
BNBUSDT,1757934000000,2025-09-15 11:00:00,2025-09-15 20:00:00,919.23,919.69,919,919.5,299.29,275165.76583
BNBUSDT,1757934300000,2025-09-15 11:05:00,2025-09-15 20:05:00,919.5,919.5,918.02,918.21,335.37,308115.81439
BNBUSDT,1757934600000,2025-09-15 11:10:00,2025-09-15 20:10:00,918.2,921.41,918.2,920.5,718.125,660916.19821
BNBUSDT,1757934900000,2025-09-15 11:15:00,2025-09-15 20:15:00,920.51,921.38,920,920.64,1348.441,1241728.42999
BNBUSDT,1757935200000,2025-09-15 11:20:00,2025-09-15 20:20:00,920.65,920.65,919.37,919.6,374.517,344461.30708
BNBUSDT,1757935500000,2025-09-15 11:25:00,2025-09-15 20:25:00,919.61,920.32,919.2,920.14,292.036,268632.13618
BNBUSDT,1757935800000,2025-09-15 11:30:00,2025-09-15 20:30:00,920.14,921,920,921,399.928,368118.22133
BNBUSDT,1757936100000,2025-09-15 11:35:00,2025-09-15 20:35:00,921,921.76,920.9,921.43,607.422,559734.58405
BNBUSDT,1757936400000,2025-09-15 11:40:00,2025-09-15 20:40:00,921.42,921.78,921.11,921.52,498.083,458972.98926
BNBUSDT,1757936700000,2025-09-15 11:45:00,2025-09-15 20:45:00,921.53,921.56,919.7,920.03,428.839,394740.62765
BNBUSDT,1757937000000,2025-09-15 11:50:00,2025-09-15 20:50:00,920.03,920.32,919.7,920.25,435.299,400493.48332
BNBUSDT,1757937300000,2025-09-15 11:55:00,2025-09-15 20:55:00,920.25,920.37,919.91,920.12,714.85,657754.68353
BNBUSDT,1757937600000,2025-09-15 12:00:00,2025-09-15 21:00:00,920.11,920.22,919.18,919.37,1081.471,994846.4946
BNBUSDT,1757937900000,2025-09-15 12:05:00,2025-09-15 21:05:00,919.37,919.75,918.21,919,597.91,549361.99145
BNBUSDT,1757938200000,2025-09-15 12:10:00,2025-09-15 21:10:00,918.99,919.56,918.7,919.02,716.045,658145.95434
BNBUSDT,1757938500000,2025-09-15 12:15:00,2025-09-15 21:15:00,919.02,921.14,919.02,920.91,515.441,474381.61219
BNBUSDT,1757938800000,2025-09-15 12:20:00,2025-09-15 21:20:00,920.91,921.21,920.81,920.81,419.163,386080.87499
BNBUSDT,1757939100000,2025-09-15 12:25:00,2025-09-15 21:25:00,920.81,920.82,918.78,918.82,1399.638,1286925.20398
BNBUSDT,1757939400000,2025-09-15 12:30:00,2025-09-15 21:30:00,918.81,920.26,918.63,919.86,1187.275,1091791.74354
BNBUSDT,1757939700000,2025-09-15 12:35:00,2025-09-15 21:35:00,919.87,919.99,919.5,919.92,882.486,811636.05786
BNBUSDT,1757940000000,2025-09-15 12:40:00,2025-09-15 21:40:00,919.92,919.92,917.99,918.5,1650.528,1516146.48597
BNBUSDT,1757940300000,2025-09-15 12:45:00,2025-09-15 21:45:00,918.5,918.71,917.35,917.37,962.093,883531.38425
BNBUSDT,1757940600000,2025-09-15 12:50:00,2025-09-15 21:50:00,917.38,918.27,917.15,917.89,416.904,382648.36897
BNBUSDT,1757940900000,2025-09-15 12:55:00,2025-09-15 21:55:00,917.9,918.06,917.15,917.79,613.861,563237.03334
BNBUSDT,1757941200000,2025-09-15 13:00:00,2025-09-15 22:00:00,917.78,919.01,917.18,918.99,861.299,790574.1648
BNBUSDT,1757941500000,2025-09-15 13:05:00,2025-09-15 22:05:00,918.99,919.1,918.58,918.95,1128.648,1037021.11322
BNBUSDT,1757941800000,2025-09-15 13:10:00,2025-09-15 22:10:00,918.95,920,918.94,920,764.265,702876.65905
BNBUSDT,1757942100000,2025-09-15 13:15:00,2025-09-15 22:15:00,920,920.8,919.3,920.8,1679.797,1545334.72175
BNBUSDT,1757942400000,2025-09-15 13:20:00,2025-09-15 22:20:00,920.8,920.8,919.9,920.13,422.067,388398.59637
BNBUSDT,1757942700000,2025-09-15 13:25:00,2025-09-15 22:25:00,920.12,920.85,919.95,920.71,496.546,457021.02252
BNBUSDT,1757943000000,2025-09-15 13:30:00,2025-09-15 22:30:00,920.71,923.16,920.52,923.03,1337.122,1232955.74243
BNBUSDT,1757943300000,2025-09-15 13:35:00,2025-09-15 22:35:00,923.03,923.03,917.92,917.93,1640.832,1510840.10786
BNBUSDT,1757943600000,2025-09-15 13:40:00,2025-09-15 22:40:00,917.92,918.56,916.13,916.6,1030.911,945706.25944
BNBUSDT,1757943900000,2025-09-15 13:45:00,2025-09-15 22:45:00,916.6,918.14,916.45,916.58,762.288,699303.04648
BNBUSDT,1757944200000,2025-09-15 13:50:00,2025-09-15 22:50:00,916.58,918.79,916.3,918.46,679.605,623790.34687
BNBUSDT,1757944500000,2025-09-15 13:55:00,2025-09-15 22:55:00,918.46,918.46,916.73,917.45,434.399,398569.47009
BNBUSDT,1757944800000,2025-09-15 14:00:00,2025-09-15 23:00:00,917.45,918.13,915.45,915.8,1372.139,1257974.11014
BNBUSDT,1757945100000,2025-09-15 14:05:00,2025-09-15 23:05:00,915.79,918.46,914.99,916.36,974.797,893628.30037
BNBUSDT,1757945400000,2025-09-15 14:10:00,2025-09-15 23:10:00,916.36,917.8,915.24,917.71,1066.581,977262.99739
BNBUSDT,1757945700000,2025-09-15 14:15:00,2025-09-15 23:15:00,917.7,918.39,916.8,918.39,619.25,568246.22211
BNBUSDT,1757946000000,2025-09-15 14:20:00,2025-09-15 23:20:00,918.39,918.97,918.38,918.96,667.42,613059.51889
BNBUSDT,1757946300000,2025-09-15 14:25:00,2025-09-15 23:25:00,918.95,919.65,918.28,918.4,941.668,865320.86708
BNBUSDT,1757946600000,2025-09-15 14:30:00,2025-09-15 23:30:00,918.4,918.41,916,916,863.25,791949.66608
BNBUSDT,1757946900000,2025-09-15 14:35:00,2025-09-15 23:35:00,916.01,917.5,916,917.49,810.494,743221.26919
BNBUSDT,1757947200000,2025-09-15 14:40:00,2025-09-15 23:40:00,917.49,918.67,917.26,918.36,463.993,426031.59233
BNBUSDT,1757947500000,2025-09-15 14:45:00,2025-09-15 23:45:00,918.36,919.7,918.35,919.02,1094.932,1006469.31863
BNBUSDT,1757947800000,2025-09-15 14:50:00,2025-09-15 23:50:00,919.01,920.1,917.46,917.69,1030.545,947260.57764
BNBUSDT,1757948100000,2025-09-15 14:55:00,2025-09-15 23:55:00,917.69,917.71,917.06,917.42,471.694,432732.25522
BNBUSDT,1757948400000,2025-09-15 15:00:00,2025-09-16 00:00:00,917.42,918.55,917.41,918.36,418.257,383915.85772
BNBUSDT,1757948700000,2025-09-15 15:05:00,2025-09-16 00:05:00,918.36,918.43,917.1,917.46,370.395,339880.88263
BNBUSDT,1757949000000,2025-09-15 15:10:00,2025-09-16 00:10:00,917.45,918.08,916.13,916.21,412.162,377970.98553
BNBUSDT,1757949300000,2025-09-15 15:15:00,2025-09-16 00:15:00,916.21,916.53,915.55,916.46,966.34,885164.00233
BNBUSDT,1757949600000,2025-09-15 15:20:00,2025-09-16 00:20:00,916.45,917.2,915.4,915.76,565.813,518394.285
BNBUSDT,1757949900000,2025-09-15 15:25:00,2025-09-16 00:25:00,915.77,917.29,914.31,915.44,1411.888,1292488.08688
BNBUSDT,1757950200000,2025-09-15 15:30:00,2025-09-16 00:30:00,915.45,915.66,912.75,913.63,1611.269,1472111.60364
BNBUSDT,1757950500000,2025-09-15 15:35:00,2025-09-16 00:35:00,913.62,916.79,913.28,915.92,999.47,915138.89665
BNBUSDT,1757950800000,2025-09-15 15:40:00,2025-09-16 00:40:00,915.92,916.27,914.76,914.94,523.303,479043.59265
BNBUSDT,1757951100000,2025-09-15 15:45:00,2025-09-16 00:45:00,914.95,914.95,912.27,912.78,1507.94,1377103.88816
BNBUSDT,1757951400000,2025-09-15 15:50:00,2025-09-16 00:50:00,912.77,915.92,912.77,915.92,904.527,826896.66191
BNBUSDT,1757951700000,2025-09-15 15:55:00,2025-09-16 00:55:00,915.92,917.22,915.8,916.5,357.536,327722.67795
BNBUSDT,1757952000000,2025-09-15 16:00:00,2025-09-16 01:00:00,916.51,917.31,913.79,913.83,1355.425,1240655.5444
BNBUSDT,1757952300000,2025-09-15 16:05:00,2025-09-16 01:05:00,913.83,915.1,912.73,915.09,1123.459,1026198.50255
BNBUSDT,1757952600000,2025-09-15 16:10:00,2025-09-16 01:10:00,915.1,916.42,914.23,916.31,935.426,856144.06469
BNBUSDT,1757952900000,2025-09-15 16:15:00,2025-09-16 01:15:00,916.31,916.7,915.39,915.53,462.195,423480.46592
BNBUSDT,1757953200000,2025-09-15 16:20:00,2025-09-16 01:20:00,915.52,916.5,915.51,915.95,240.328,220123.686
BNBUSDT,1757953500000,2025-09-15 16:25:00,2025-09-16 01:25:00,915.96,916.49,915.54,916.32,213.07,195176.99626
BNBUSDT,1757953800000,2025-09-15 16:30:00,2025-09-16 01:30:00,916.33,917.6,915.5,917.31,266.25,244053.76022
BNBUSDT,1757954100000,2025-09-15 16:35:00,2025-09-16 01:35:00,917.32,918.14,916.52,918.13,409.044,375261.29208
BNBUSDT,1757954400000,2025-09-15 16:40:00,2025-09-16 01:40:00,918.14,919.2,918.13,919.2,312.878,287371.84589
BNBUSDT,1757954700000,2025-09-15 16:45:00,2025-09-16 01:45:00,919.19,919.2,917.76,919.08,360.805,331441.72759
BNBUSDT,1757955000000,2025-09-15 16:50:00,2025-09-16 01:50:00,919.08,919.08,916.95,917.14,420.077,385556.11362
BNBUSDT,1757955300000,2025-09-15 16:55:00,2025-09-16 01:55:00,917.14,917.24,915.77,916.99,349.406,320274.86329
BNBUSDT,1757955600000,2025-09-15 17:00:00,2025-09-16 02:00:00,916.99,917.97,916.72,917.86,659.57,604961.2324
BNBUSDT,1757955900000,2025-09-15 17:05:00,2025-09-16 02:05:00,917.87,918.19,917.09,917.65,431.37,395873.72257
BNBUSDT,1757956200000,2025-09-15 17:10:00,2025-09-16 02:10:00,917.65,918.62,917.64,917.81,248.759,228382.08129
BNBUSDT,1757956500000,2025-09-15 17:15:00,2025-09-16 02:15:00,917.8,918.3,917.17,917.17,257.123,235970.90239
BNBUSDT,1757956800000,2025-09-15 17:20:00,2025-09-16 02:20:00,917.18,917.3,916.38,917.08,257.836,236381.81569
BNBUSDT,1757957100000,2025-09-15 17:25:00,2025-09-16 02:25:00,917.09,917.4,915.7,917.31,368.552,337866.18274
BNBUSDT,1757957400000,2025-09-15 17:30:00,2025-09-16 02:30:00,917.3,918.09,917.13,917.33,202.589,185892.71474
BNBUSDT,1757957700000,2025-09-15 17:35:00,2025-09-16 02:35:00,917.32,918.3,916.93,918.21,234.353,214993.5955
BNBUSDT,1757958000000,2025-09-15 17:40:00,2025-09-16 02:40:00,918.2,919,918.2,919,303.669,278973.76033
BNBUSDT,1757958300000,2025-09-15 17:45:00,2025-09-16 02:45:00,919,919,917.37,918.14,352.243,323363.02757
BNBUSDT,1757958600000,2025-09-15 17:50:00,2025-09-16 02:50:00,918.14,918.8,918.01,918.71,217,199308.29801
BNBUSDT,1757958900000,2025-09-15 17:55:00,2025-09-16 02:55:00,918.71,919.7,918.7,919.7,385.624,354505.724
BNBUSDT,1757959200000,2025-09-15 18:00:00,2025-09-16 03:00:00,919.7,920.12,919.27,919.4,425.673,391515.34528
BNBUSDT,1757959500000,2025-09-15 18:05:00,2025-09-16 03:05:00,919.4,919.4,918.6,918.61,127.959,117598.9698
BNBUSDT,1757959800000,2025-09-15 18:10:00,2025-09-16 03:10:00,918.61,918.9,918.45,918.68,118.636,108983.41961
BNBUSDT,1757960100000,2025-09-15 18:15:00,2025-09-16 03:15:00,918.68,919.02,918.24,918.25,84.223,77370.41305
BNBUSDT,1757960400000,2025-09-15 18:20:00,2025-09-16 03:20:00,918.25,919.4,918.25,919.18,108.967,100118.34491
BNBUSDT,1757960700000,2025-09-15 18:25:00,2025-09-16 03:25:00,919.17,919.67,918.53,918.53,177.337,162980.04271
BNBUSDT,1757961000000,2025-09-15 18:30:00,2025-09-16 03:30:00,918.53,919.05,918.24,918.25,139.07,127777.14683
BNBUSDT,1757961300000,2025-09-15 18:35:00,2025-09-16 03:35:00,918.25,918.89,918.25,918.64,178.565,164018.64219
BNBUSDT,1757961600000,2025-09-15 18:40:00,2025-09-16 03:40:00,918.63,918.66,917.57,917.76,205.161,188323.65631
BNBUSDT,1757961900000,2025-09-15 18:45:00,2025-09-16 03:45:00,917.77,919.14,917.76,918.96,185.985,170801.82369
BNBUSDT,1757962200000,2025-09-15 18:50:00,2025-09-16 03:50:00,918.96,919.87,918.72,919.75,131.928,121286.6066
BNBUSDT,1757962500000,2025-09-15 18:55:00,2025-09-16 03:55:00,919.75,921.05,919.75,920.63,414.333,381417.2116
BNBUSDT,1757962800000,2025-09-15 19:00:00,2025-09-16 04:00:00,920.63,921.71,920.62,921.2,420.812,387727.53022
BNBUSDT,1757963100000,2025-09-15 19:05:00,2025-09-16 04:05:00,921.2,922.08,921.2,921.64,296.866,273659.11512
BNBUSDT,1757963400000,2025-09-15 19:10:00,2025-09-16 04:10:00,921.65,921.7,920.2,920.5,202.218,186237.51081
BNBUSDT,1757963700000,2025-09-15 19:15:00,2025-09-16 04:15:00,920.5,920.5,919.6,919.89,171.403,157673.37429
BNBUSDT,1757964000000,2025-09-15 19:20:00,2025-09-16 04:20:00,919.89,919.89,918.87,919.1,221,203171.94377
BNBUSDT,1757964300000,2025-09-15 19:25:00,2025-09-16 04:25:00,919.1,919.1,918.36,918.36,283.725,260664.2194
BNBUSDT,1757964600000,2025-09-15 19:30:00,2025-09-16 04:30:00,918.36,919,917.7,918.95,256.422,235465.25034
BNBUSDT,1757964900000,2025-09-15 19:35:00,2025-09-16 04:35:00,918.95,920.66,918.95,920.65,400.549,368381.47443
BNBUSDT,1757965200000,2025-09-15 19:40:00,2025-09-16 04:40:00,920.65,920.85,919.7,919.99,183.202,168611.09257
BNBUSDT,1757965500000,2025-09-15 19:45:00,2025-09-16 04:45:00,920,920.6,919.99,920.39,133.26,122639.7808
BNBUSDT,1757965800000,2025-09-15 19:50:00,2025-09-16 04:50:00,920.39,920.39,919.2,919.5,129.222,118833.76945
BNBUSDT,1757966100000,2025-09-15 19:55:00,2025-09-16 04:55:00,919.49,919.58,919.2,919.5,82.634,75976.96179
BNBUSDT,1757966400000,2025-09-15 20:00:00,2025-09-16 05:00:00,919.5,919.7,918.94,918.95,212.891,195714.29249
BNBUSDT,1757966700000,2025-09-15 20:05:00,2025-09-16 05:05:00,918.95,919.7,918.58,919.69,121.125,111316.26836
BNBUSDT,1757967000000,2025-09-15 20:10:00,2025-09-16 05:10:00,919.7,920.38,919.4,920.11,109.158,100408.71722
BNBUSDT,1757967300000,2025-09-15 20:15:00,2025-09-16 05:15:00,920.11,920.61,920.07,920.44,160.027,147292.58764
BNBUSDT,1757967600000,2025-09-15 20:20:00,2025-09-16 05:20:00,920.44,920.45,919.19,919.98,286.006,263065.35553
BNBUSDT,1757967900000,2025-09-15 20:25:00,2025-09-16 05:25:00,919.98,919.99,919.3,919.49,117.314,107882.92915
BNBUSDT,1757968200000,2025-09-15 20:30:00,2025-09-16 05:30:00,919.49,919.79,919.4,919.53,109.658,100842.23314
BNBUSDT,1757968500000,2025-09-15 20:35:00,2025-09-16 05:35:00,919.54,919.77,919.39,919.77,83.842,77102.62048
BNBUSDT,1757968800000,2025-09-15 20:40:00,2025-09-16 05:40:00,919.77,919.77,919.3,919.68,121.41,111641.14394
BNBUSDT,1757969100000,2025-09-15 20:45:00,2025-09-16 05:45:00,919.67,919.74,919.1,919.47,270.664,248870.9686
BNBUSDT,1757969400000,2025-09-15 20:50:00,2025-09-16 05:50:00,919.48,919.97,919.45,919.45,113.65,104520.26398
BNBUSDT,1757969700000,2025-09-15 20:55:00,2025-09-16 05:55:00,919.46,919.9,919.29,919.9,174.951,160860.68638
BNBUSDT,1757970000000,2025-09-15 21:00:00,2025-09-16 06:00:00,919.9,920.06,919.2,919.23,115.553,106264.01842
BNBUSDT,1757970300000,2025-09-15 21:05:00,2025-09-16 06:05:00,919.23,919.24,918.71,919.18,102.661,94335.46918
BNBUSDT,1757970600000,2025-09-15 21:10:00,2025-09-16 06:10:00,919.19,919.56,919.18,919.56,220.376,202586.91198
BNBUSDT,1757970900000,2025-09-15 21:15:00,2025-09-16 06:15:00,919.56,920.34,919.55,919.61,189.933,174748.13965
BNBUSDT,1757971200000,2025-09-15 21:20:00,2025-09-16 06:20:00,919.61,920.6,919.6,920.59,124.771,114813.67627
BNBUSDT,1757971500000,2025-09-15 21:25:00,2025-09-16 06:25:00,920.59,920.7,920.52,920.69,63.301,58274.52681
BNBUSDT,1757971800000,2025-09-15 21:30:00,2025-09-16 06:30:00,920.7,920.89,920.6,920.89,119.199,109754.85115
BNBUSDT,1757972100000,2025-09-15 21:35:00,2025-09-16 06:35:00,920.89,921.44,920.88,921.42,192.099,176939.48629
BNBUSDT,1757972400000,2025-09-15 21:40:00,2025-09-16 06:40:00,921.41,921.7,921.41,921.69,121.568,112030.74035
BNBUSDT,1757972700000,2025-09-15 21:45:00,2025-09-16 06:45:00,921.7,922.1,921.7,922.09,68.748,63385.66816
BNBUSDT,1757973000000,2025-09-15 21:50:00,2025-09-16 06:50:00,922.1,922.28,921.69,922.1,151.253,139461.75955
BNBUSDT,1757973300000,2025-09-15 21:55:00,2025-09-16 06:55:00,922.1,922.2,921.88,922.02,230.749,212762.07913
BNBUSDT,1757973600000,2025-09-15 22:00:00,2025-09-16 07:00:00,922.02,922.3,921.6,922.05,328.829,303185.58808
BNBUSDT,1757973900000,2025-09-15 22:05:00,2025-09-16 07:05:00,922.06,922.28,921.63,921.64,395.111,364295.41491
BNBUSDT,1757974200000,2025-09-15 22:10:00,2025-09-16 07:10:00,921.64,921.9,921.1,921.9,177.568,163632.08544
BNBUSDT,1757974500000,2025-09-15 22:15:00,2025-09-16 07:15:00,921.9,922.3,921.6,922.3,255.596,235652.99586
BNBUSDT,1757974800000,2025-09-15 22:20:00,2025-09-16 07:20:00,922.3,922.4,921.6,921.61,230.836,212858.61898
BNBUSDT,1757975100000,2025-09-15 22:25:00,2025-09-16 07:25:00,921.61,921.72,921.24,921.34,120.703,111215.6509
BNBUSDT,1757975400000,2025-09-15 22:30:00,2025-09-16 07:30:00,921.34,921.61,920.2,920.21,182.29,167840.61297
BNBUSDT,1757975700000,2025-09-15 22:35:00,2025-09-16 07:35:00,920.21,920.21,919.38,919.39,209.343,192506.5637
BNBUSDT,1757976000000,2025-09-15 22:40:00,2025-09-16 07:40:00,919.39,919.92,919.38,919.87,95.914,88198.59717
BNBUSDT,1757976300000,2025-09-15 22:45:00,2025-09-16 07:45:00,919.86,919.87,919.5,919.59,60.103,55271.20649
BNBUSDT,1757976600000,2025-09-15 22:50:00,2025-09-16 07:50:00,919.59,919.59,919.2,919.59,103.99,95606.11085
BNBUSDT,1757976900000,2025-09-15 22:55:00,2025-09-16 07:55:00,919.59,919.98,919.4,919.81,103.543,95225.77787
BNBUSDT,1757977200000,2025-09-15 23:00:00,2025-09-16 08:00:00,919.8,920.19,919.6,919.96,180.403,165954.65634
BNBUSDT,1757977500000,2025-09-15 23:05:00,2025-09-16 08:05:00,919.96,919.96,919.1,919.68,146.715,134909.11062
BNBUSDT,1757977800000,2025-09-15 23:10:00,2025-09-16 08:10:00,919.68,919.77,919.14,919.14,120.812,111086.47246
BNBUSDT,1757978100000,2025-09-15 23:15:00,2025-09-16 08:15:00,919.15,919.74,919.1,919.27,221.804,203921.66247
BNBUSDT,1757978400000,2025-09-15 23:20:00,2025-09-16 08:20:00,919.28,919.89,919.28,919.62,110.371,101504.74558
BNBUSDT,1757978700000,2025-09-15 23:25:00,2025-09-16 08:25:00,919.62,919.8,919.5,919.68,150.627,138522.0633
BNBUSDT,1757979000000,2025-09-15 23:30:00,2025-09-16 08:30:00,919.67,919.88,919.29,919.29,116.264,106909.37866
BNBUSDT,1757979300000,2025-09-15 23:35:00,2025-09-16 08:35:00,919.29,919.3,919,919.02,90.046,82759.3197
BNBUSDT,1757979600000,2025-09-15 23:40:00,2025-09-16 08:40:00,919.02,919.26,918.24,918.43,250.128,229823.35445
BNBUSDT,1757979900000,2025-09-15 23:45:00,2025-09-16 08:45:00,918.44,918.85,918.31,918.84,120.489,110675.3935
BNBUSDT,1757980200000,2025-09-15 23:50:00,2025-09-16 08:50:00,918.85,919.3,918.5,919.29,310,284811.51535
BNBUSDT,1757980500000,2025-09-15 23:55:00,2025-09-16 08:55:00,919.3,919.89,919.3,919.68,106.684,98122.68364
BNBUSDT,1757980800000,2025-09-16 00:00:00,2025-09-16 09:00:00,919.68,919.68,918.95,918.96,301.476,277123.04728
BNBUSDT,1757981100000,2025-09-16 00:05:00,2025-09-16 09:05:00,918.95,919.1,918.54,918.55,243.152,223426.84061
BNBUSDT,1757981400000,2025-09-16 00:10:00,2025-09-16 09:10:00,918.55,918.71,918.5,918.62,195.546,179629.86604
BNBUSDT,1757981700000,2025-09-16 00:15:00,2025-09-16 09:15:00,918.62,918.7,918.23,918.7,233.553,214502.31319
BNBUSDT,1757982000000,2025-09-16 00:20:00,2025-09-16 09:20:00,918.7,918.91,917.11,917.12,346.305,317925.86273
BNBUSDT,1757982300000,2025-09-16 00:25:00,2025-09-16 09:25:00,917.12,917.3,916.66,916.85,216.884,198877.52842
BNBUSDT,1757982600000,2025-09-16 00:30:00,2025-09-16 09:30:00,916.85,918.09,916.84,917.71,308.402,283005.88144
BNBUSDT,1757982900000,2025-09-16 00:35:00,2025-09-16 09:35:00,917.7,918.47,917.7,918.38,152.503,140027.0735
BNBUSDT,1757983200000,2025-09-16 00:40:00,2025-09-16 09:40:00,918.38,919.3,918.23,919.25,329.746,302995.67509
BNBUSDT,1757983500000,2025-09-16 00:45:00,2025-09-16 09:45:00,919.26,919.29,918.61,918.61,210.514,193458.9408
BNBUSDT,1757983800000,2025-09-16 00:50:00,2025-09-16 09:50:00,918.61,918.61,917.63,917.92,303.293,278394.40505
BNBUSDT,1757984100000,2025-09-16 00:55:00,2025-09-16 09:55:00,917.91,919.1,917.91,919.09,122.055,112090.74029
BNBUSDT,1757984400000,2025-09-16 01:00:00,2025-09-16 10:00:00,919.1,920.79,919.09,920.78,290.629,267352.14612
BNBUSDT,1757984700000,2025-09-16 01:05:00,2025-09-16 10:05:00,920.79,921.41,919.36,919.99,421.857,388352.26892
BNBUSDT,1757985000000,2025-09-16 01:10:00,2025-09-16 10:10:00,920,920.97,919.99,920.81,166.259,153070.31863
BNBUSDT,1757985300000,2025-09-16 01:15:00,2025-09-16 10:15:00,920.81,921.11,920.64,921.11,183.477,168959.41354
BNBUSDT,1757985600000,2025-09-16 01:20:00,2025-09-16 10:20:00,921.11,921.55,921.1,921.55,157.032,144680.93099
BNBUSDT,1757985900000,2025-09-16 01:25:00,2025-09-16 10:25:00,921.55,922.2,921.54,921.86,305.723,281838.31753
BNBUSDT,1757986200000,2025-09-16 01:30:00,2025-09-16 10:30:00,921.85,922.49,921.84,921.9,254.743,234903.79234
BNBUSDT,1757986500000,2025-09-16 01:35:00,2025-09-16 10:35:00,921.91,921.91,920.6,920.63,461.338,424987.34748
BNBUSDT,1757986800000,2025-09-16 01:40:00,2025-09-16 10:40:00,920.64,920.89,920.23,920.72,286.735,263935.17405
BNBUSDT,1757987100000,2025-09-16 01:45:00,2025-09-16 10:45:00,920.72,921.77,920.71,921.28,579.849,534180.91034
BNBUSDT,1757987400000,2025-09-16 01:50:00,2025-09-16 10:50:00,921.28,921.6,920.3,920.59,268.024,246839.87781
BNBUSDT,1757987700000,2025-09-16 01:55:00,2025-09-16 10:55:00,920.59,920.81,920.13,920.69,271.025,249487.34032
BNBUSDT,1757988000000,2025-09-16 02:00:00,2025-09-16 11:00:00,920.7,921.29,920.22,920.59,760.011,699883.82959
BNBUSDT,1757988300000,2025-09-16 02:05:00,2025-09-16 11:05:00,920.59,921.16,920.4,920.9,374.639,344963.50715
BNBUSDT,1757988600000,2025-09-16 02:10:00,2025-09-16 11:10:00,920.91,921.48,920.9,921.36,196.191,180748.00842
BNBUSDT,1757988900000,2025-09-16 02:15:00,2025-09-16 11:15:00,921.36,922.68,921.36,921.91,348.961,321782.90375
BNBUSDT,1757989200000,2025-09-16 02:20:00,2025-09-16 11:20:00,921.9,921.91,921.34,921.55,177.623,163675.81602
BNBUSDT,1757989500000,2025-09-16 02:25:00,2025-09-16 11:25:00,921.54,921.74,921.28,921.44,189.322,174454.12583
BNBUSDT,1757989800000,2025-09-16 02:30:00,2025-09-16 11:30:00,921.44,921.8,921.2,921.65,171.311,157858.80811
BNBUSDT,1757990100000,2025-09-16 02:35:00,2025-09-16 11:35:00,921.65,922.3,920.75,921.11,581.986,536278.88261
BNBUSDT,1757990400000,2025-09-16 02:40:00,2025-09-16 11:40:00,921.1,921.16,920.32,920.33,542.395,499402.81639
BNBUSDT,1757990700000,2025-09-16 02:45:00,2025-09-16 11:45:00,920.33,920.33,919.68,919.68,248.075,228202.96046
BNBUSDT,1757991000000,2025-09-16 02:50:00,2025-09-16 11:50:00,919.69,920.14,919.68,919.7,419.062,385525.08932
BNBUSDT,1757991300000,2025-09-16 02:55:00,2025-09-16 11:55:00,919.71,919.85,919.5,919.77,293.359,269793.89361
BNBUSDT,1757991600000,2025-09-16 03:00:00,2025-09-16 12:00:00,919.77,920.2,919.2,920,413.426,380177.25351
BNBUSDT,1757991900000,2025-09-16 03:05:00,2025-09-16 12:05:00,920,920.56,920,920.24,189.676,174538.43179
BNBUSDT,1757992200000,2025-09-16 03:10:00,2025-09-16 12:10:00,920.24,920.49,920.1,920.28,135.024,124261.50553
BNBUSDT,1757992500000,2025-09-16 03:15:00,2025-09-16 12:15:00,920.28,920.28,919.75,920,256.007,235522.10018
BNBUSDT,1757992800000,2025-09-16 03:20:00,2025-09-16 12:20:00,919.99,919.99,918.88,918.89,288.83,265478.85726
BNBUSDT,1757993100000,2025-09-16 03:25:00,2025-09-16 12:25:00,918.88,919.6,918.88,919.05,313.925,288586.90386
BNBUSDT,1757993400000,2025-09-16 03:30:00,2025-09-16 12:30:00,919.05,920.77,919.04,920.51,219.795,202208.24342
BNBUSDT,1757993700000,2025-09-16 03:35:00,2025-09-16 12:35:00,920.5,922.18,920.5,921.9,771.714,710911.65534
BNBUSDT,1757994000000,2025-09-16 03:40:00,2025-09-16 12:40:00,921.89,922.35,921.88,922.26,173.714,160194.37818
BNBUSDT,1757994300000,2025-09-16 03:45:00,2025-09-16 12:45:00,922.26,922.31,921.07,921.62,363.993,335470.25684
BNBUSDT,1757994600000,2025-09-16 03:50:00,2025-09-16 12:50:00,921.62,921.91,920.71,921.38,523.718,482499.52252
BNBUSDT,1757994900000,2025-09-16 03:55:00,2025-09-16 12:55:00,921.38,922.08,921.15,921.16,411.224,379005.55021
BNBUSDT,1757995200000,2025-09-16 04:00:00,2025-09-16 13:00:00,921.15,921.65,920.17,920.3,1242.193,1143854.39518
BNBUSDT,1757995500000,2025-09-16 04:05:00,2025-09-16 13:05:00,920.3,920.39,919.3,919.39,247.206,227428.72597
BNBUSDT,1757995800000,2025-09-16 04:10:00,2025-09-16 13:10:00,919.4,919.85,918.81,918.95,691.731,635897.44955
BNBUSDT,1757996100000,2025-09-16 04:15:00,2025-09-16 13:15:00,918.95,919.17,916.77,918.44,652.463,599002.85773
BNBUSDT,1757996400000,2025-09-16 04:20:00,2025-09-16 13:20:00,918.44,921.44,918.3,921.4,1391.566,1280564.91633
BNBUSDT,1757996700000,2025-09-16 04:25:00,2025-09-16 13:25:00,921.4,922.43,921.1,922.42,712.302,656665.68599
BNBUSDT,1757997000000,2025-09-16 04:30:00,2025-09-16 13:30:00,922.43,923.61,921.57,922.1,874.736,807132.154
BNBUSDT,1757997300000,2025-09-16 04:35:00,2025-09-16 13:35:00,922.1,922.11,920.84,921.28,484.358,446282.00054
BNBUSDT,1757997600000,2025-09-16 04:40:00,2025-09-16 13:40:00,921.27,923.01,921.27,922.8,567.137,523056.62378
BNBUSDT,1757997900000,2025-09-16 04:45:00,2025-09-16 13:45:00,922.79,924.01,922.3,923.98,2532.033,2338747.53832
BNBUSDT,1757998200000,2025-09-16 04:50:00,2025-09-16 13:50:00,923.99,924.14,923.4,923.41,655.279,605298.41112
BNBUSDT,1757998500000,2025-09-16 04:55:00,2025-09-16 13:55:00,923.41,924.15,923.4,923.92,542.004,500660.88858
BNBUSDT,1757998800000,2025-09-16 05:00:00,2025-09-16 14:00:00,923.92,924.15,923.4,924.15,617.592,570405.99536
BNBUSDT,1757999100000,2025-09-16 05:05:00,2025-09-16 14:05:00,924.15,924.24,923.52,924.05,672.088,620965.68358
BNBUSDT,1757999400000,2025-09-16 05:10:00,2025-09-16 14:10:00,924.05,924.83,923.48,924.61,734.558,678891.12273
BNBUSDT,1757999700000,2025-09-16 05:15:00,2025-09-16 14:15:00,924.61,925.37,924,925.09,1044.683,966099.96773
BNBUSDT,1758000000000,2025-09-16 05:20:00,2025-09-16 14:20:00,925.09,925.63,924.75,925.47,2527.691,2338860.76774
BNBUSDT,1758000300000,2025-09-16 05:25:00,2025-09-16 14:25:00,925.46,926.66,925.46,926.59,675.233,625378.81033
BNBUSDT,1758000600000,2025-09-16 05:30:00,2025-09-16 14:30:00,926.59,927.17,926.59,926.86,484.174,448794.71485
BNBUSDT,1758000900000,2025-09-16 05:35:00,2025-09-16 14:35:00,926.86,926.89,925.73,926.39,402.975,373268.41713
BNBUSDT,1758001200000,2025-09-16 05:40:00,2025-09-16 14:40:00,926.39,929.11,926.39,928.51,1884.722,1749553.70004
BNBUSDT,1758001500000,2025-09-16 05:45:00,2025-09-16 14:45:00,928.51,928.6,927.64,928.54,818.594,759747.62329
BNBUSDT,1758001800000,2025-09-16 05:50:00,2025-09-16 14:50:00,928.54,929,928.06,928.85,592.689,550332.29038
BNBUSDT,1758002100000,2025-09-16 05:55:00,2025-09-16 14:55:00,928.85,929.94,928.4,929.73,2563.308,2381938.13036
BNBUSDT,1758002400000,2025-09-16 06:00:00,2025-09-16 15:00:00,929.74,932.36,929.6,931.81,3961.034,3687520.75043
BNBUSDT,1758002700000,2025-09-16 06:05:00,2025-09-16 15:05:00,931.81,931.89,931.07,931.53,668.049,622259.77495
BNBUSDT,1758003000000,2025-09-16 06:10:00,2025-09-16 15:10:00,931.53,932.35,931.52,931.91,608.82,567456.21188
BNBUSDT,1758003300000,2025-09-16 06:15:00,2025-09-16 15:15:00,931.9,932.02,931,931.11,733.518,683044.39771
BNBUSDT,1758003600000,2025-09-16 06:20:00,2025-09-16 15:20:00,931.11,931.68,931.03,931.05,283.707,264232.49976
BNBUSDT,1758003900000,2025-09-16 06:25:00,2025-09-16 15:25:00,931.04,931.43,930,930.31,635.372,591371.57382
BNBUSDT,1758004200000,2025-09-16 06:30:00,2025-09-16 15:30:00,930.31,930.58,927.48,927.88,872.932,810670.77962
BNBUSDT,1758004500000,2025-09-16 06:35:00,2025-09-16 15:35:00,927.89,928.76,927.81,927.81,414.642,384936.67158
BNBUSDT,1758004800000,2025-09-16 06:40:00,2025-09-16 15:40:00,927.81,928.11,927.15,928.11,392.404,364004.73861
BNBUSDT,1758005100000,2025-09-16 06:45:00,2025-09-16 15:45:00,928.1,928.5,927.35,928.09,395.828,367319.83711
BNBUSDT,1758005400000,2025-09-16 06:50:00,2025-09-16 15:50:00,928.1,928.43,926.73,927.3,429.284,398127.65406
BNBUSDT,1758005700000,2025-09-16 06:55:00,2025-09-16 15:55:00,927.3,927.7,927.1,927.7,316.24,293275.10187
BNBUSDT,1758006000000,2025-09-16 07:00:00,2025-09-16 16:00:00,927.7,930.71,927.69,930.31,1681.3,1563096.12043
BNBUSDT,1758006300000,2025-09-16 07:05:00,2025-09-16 16:05:00,930.31,931.01,930,930.19,1487.689,1384360.59707
BNBUSDT,1758006600000,2025-09-16 07:10:00,2025-09-16 16:10:00,930.18,932.1,930.18,931.65,1409.724,1312533.23505
BNBUSDT,1758006900000,2025-09-16 07:15:00,2025-09-16 16:15:00,931.65,932.21,929.27,930.15,2760.316,2567906.52915
BNBUSDT,1758007200000,2025-09-16 07:20:00,2025-09-16 16:20:00,930.15,931.43,929.88,931.32,1149.479,1069491.12826
BNBUSDT,1758007500000,2025-09-16 07:25:00,2025-09-16 16:25:00,931.33,931.33,930.4,930.41,545.817,508170.36872
BNBUSDT,1758007800000,2025-09-16 07:30:00,2025-09-16 16:30:00,930.41,930.87,929.49,930.67,1034.241,962319.21622
BNBUSDT,1758008100000,2025-09-16 07:35:00,2025-09-16 16:35:00,930.68,930.68,929.18,929.2,264.131,245588.31357
BNBUSDT,1758008400000,2025-09-16 07:40:00,2025-09-16 16:40:00,929.2,929.8,928.87,929.79,502.224,466692.01588
BNBUSDT,1758008700000,2025-09-16 07:45:00,2025-09-16 16:45:00,929.8,931.38,929.79,930.91,574.298,534436.50855
BNBUSDT,1758009000000,2025-09-16 07:50:00,2025-09-16 16:50:00,930.91,931.08,929.74,930.58,985.149,916696.95888
BNBUSDT,1758009300000,2025-09-16 07:55:00,2025-09-16 16:55:00,930.58,930.9,929.9,930.89,573.273,533312.27222
BNBUSDT,1758009600000,2025-09-16 08:00:00,2025-09-16 17:00:00,930.9,932.76,930.89,932.5,784.07,730631.3859
BNBUSDT,1758009900000,2025-09-16 08:05:00,2025-09-16 17:05:00,932.5,933.55,932.38,933.36,946.472,882988.56321
BNBUSDT,1758010200000,2025-09-16 08:10:00,2025-09-16 17:10:00,933.36,933.5,932,932.6,558.569,521032.14042
BNBUSDT,1758010500000,2025-09-16 08:15:00,2025-09-16 17:15:00,932.59,932.8,932.13,932.48,431.314,402192.66729
BNBUSDT,1758010800000,2025-09-16 08:20:00,2025-09-16 17:20:00,932.48,932.48,930.42,930.87,1059.505,986699.66913
BNBUSDT,1758011100000,2025-09-16 08:25:00,2025-09-16 17:25:00,930.88,930.88,929.54,929.67,695.513,647019.5918
BNBUSDT,1758011400000,2025-09-16 08:30:00,2025-09-16 17:30:00,929.67,929.87,928.61,928.69,453.803,421759.68872
BNBUSDT,1758011700000,2025-09-16 08:35:00,2025-09-16 17:35:00,928.7,929.94,928.44,929.89,480.457,446349.44949
BNBUSDT,1758012000000,2025-09-16 08:40:00,2025-09-16 17:40:00,929.89,929.9,929.44,929.45,355.934,330915.43843
BNBUSDT,1758012300000,2025-09-16 08:45:00,2025-09-16 17:45:00,929.45,930.39,929.3,930.38,402.928,374616.95378
BNBUSDT,1758012600000,2025-09-16 08:50:00,2025-09-16 17:50:00,930.38,930.63,930,930.01,380.008,353518.86644
BNBUSDT,1758012900000,2025-09-16 08:55:00,2025-09-16 17:55:00,930,932.3,929.9,931.6,1660.424,1545978.48781
BNBUSDT,1758013200000,2025-09-16 09:00:00,2025-09-16 18:00:00,931.61,931.61,930.1,930.39,887.112,825619.03082
BNBUSDT,1758013500000,2025-09-16 09:05:00,2025-09-16 18:05:00,930.38,930.39,929.52,929.56,411.224,382410.75474
BNBUSDT,1758013800000,2025-09-16 09:10:00,2025-09-16 18:10:00,929.56,929.56,928.47,928.76,906.021,841684.60152
BNBUSDT,1758014100000,2025-09-16 09:15:00,2025-09-16 18:15:00,928.75,929.34,928.73,929.04,639.454,594053.30566
BNBUSDT,1758014400000,2025-09-16 09:20:00,2025-09-16 18:20:00,929.05,929.8,928.63,929.04,736.744,684632.90174
BNBUSDT,1758014700000,2025-09-16 09:25:00,2025-09-16 18:25:00,929.04,929.36,928.47,928.67,402.436,373773.10945
BNBUSDT,1758015000000,2025-09-16 09:30:00,2025-09-16 18:30:00,928.67,929,927.81,928.39,760.463,706007.51769
BNBUSDT,1758015300000,2025-09-16 09:35:00,2025-09-16 18:35:00,928.4,929.51,928.25,928.26,683.186,634534.57248
BNBUSDT,1758015600000,2025-09-16 09:40:00,2025-09-16 18:40:00,928.26,928.36,927.7,927.7,487.46,452381.15005
BNBUSDT,1758015900000,2025-09-16 09:45:00,2025-09-16 18:45:00,927.71,928.84,927.69,928.52,550.158,510686.96299
BNBUSDT,1758016200000,2025-09-16 09:50:00,2025-09-16 18:50:00,928.53,928.75,928.12,928.16,348.217,323304.18801
BNBUSDT,1758016500000,2025-09-16 09:55:00,2025-09-16 18:55:00,928.16,928.82,928.15,928.78,302.663,281013.53976
BNBUSDT,1758016800000,2025-09-16 10:00:00,2025-09-16 19:00:00,928.77,929.16,928.22,929.07,301.164,279722.69203
BNBUSDT,1758017100000,2025-09-16 10:05:00,2025-09-16 19:05:00,929.06,929.4,928.1,928.24,366.925,340795.38718
BNBUSDT,1758017400000,2025-09-16 10:10:00,2025-09-16 19:10:00,928.24,928.3,927.72,927.91,330.646,306835.29299
BNBUSDT,1758017700000,2025-09-16 10:15:00,2025-09-16 19:15:00,927.91,928.44,927.28,928.14,705.282,654366.20193
BNBUSDT,1758018000000,2025-09-16 10:20:00,2025-09-16 19:20:00,928.13,928.64,926.79,927.8,1411.647,1309474.55676
BNBUSDT,1758018300000,2025-09-16 10:25:00,2025-09-16 19:25:00,927.8,927.96,927.3,927.31,226.99,210561.48405
BNBUSDT,1758018600000,2025-09-16 10:30:00,2025-09-16 19:30:00,927.31,927.34,926.53,926.58,870.822,807173.36073
BNBUSDT,1758018900000,2025-09-16 10:35:00,2025-09-16 19:35:00,926.59,926.79,926.02,926.03,425.813,394455.2191
BNBUSDT,1758019200000,2025-09-16 10:40:00,2025-09-16 19:40:00,926.03,926.31,925.8,925.81,375.756,347983.04259
BNBUSDT,1758019500000,2025-09-16 10:45:00,2025-09-16 19:45:00,925.81,926.98,925.5,926.53,290.525,269103.44887
BNBUSDT,1758019800000,2025-09-16 10:50:00,2025-09-16 19:50:00,926.54,927.19,926.42,926.49,227.816,211154.28114
BNBUSDT,1758020100000,2025-09-16 10:55:00,2025-09-16 19:55:00,926.5,926.5,925.4,925.49,480.565,444972.35593
BNBUSDT,1758020400000,2025-09-16 11:00:00,2025-09-16 20:00:00,925.49,925.91,925.13,925.13,287.159,265775.66444
BNBUSDT,1758020700000,2025-09-16 11:05:00,2025-09-16 20:05:00,925.14,925.8,924.81,925.52,312.646,289318.12803
BNBUSDT,1758021000000,2025-09-16 11:10:00,2025-09-16 20:10:00,925.52,926.28,925.2,926.28,680.059,629629.68741
BNBUSDT,1758021300000,2025-09-16 11:15:00,2025-09-16 20:15:00,926.27,926.72,926.08,926.47,465.189,430990.87425
BNBUSDT,1758021600000,2025-09-16 11:20:00,2025-09-16 20:20:00,926.47,926.9,926.08,926.85,334.405,309841.80442
BNBUSDT,1758021900000,2025-09-16 11:25:00,2025-09-16 20:25:00,926.85,927.2,926.82,926.97,268.87,249249.20644
BNBUSDT,1758022200000,2025-09-16 11:30:00,2025-09-16 20:30:00,926.97,927.96,926.96,927.7,670.753,622112.75855
BNBUSDT,1758022500000,2025-09-16 11:35:00,2025-09-16 20:35:00,927.7,928.54,927.34,927.7,778.628,722524.83735
BNBUSDT,1758022800000,2025-09-16 11:40:00,2025-09-16 20:40:00,927.7,928.01,927.4,927.49,401.292,372286.4259
BNBUSDT,1758023100000,2025-09-16 11:45:00,2025-09-16 20:45:00,927.49,928.05,927.49,927.52,261.933,243014.13504
BNBUSDT,1758023400000,2025-09-16 11:50:00,2025-09-16 20:50:00,927.51,928.21,927.51,928.05,391.921,363704.80525
BNBUSDT,1758023700000,2025-09-16 11:55:00,2025-09-16 20:55:00,928.06,928.1,927.44,927.48,218.86,203042.4738
BNBUSDT,1758024000000,2025-09-16 12:00:00,2025-09-16 21:00:00,927.49,927.83,927.2,927.2,637.779,591474.56387
BNBUSDT,1758024300000,2025-09-16 12:05:00,2025-09-16 21:05:00,927.21,927.9,926.95,927.6,1772.817,1643891.1155
BNBUSDT,1758024600000,2025-09-16 12:10:00,2025-09-16 21:10:00,927.6,927.6,926.83,927.33,358.472,332375.04519
BNBUSDT,1758024900000,2025-09-16 12:15:00,2025-09-16 21:15:00,927.34,928.05,927.33,928.05,558.718,518405.76796
BNBUSDT,1758025200000,2025-09-16 12:20:00,2025-09-16 21:20:00,928.04,928.05,927.2,927.21,299.152,277487.32188
BNBUSDT,1758025500000,2025-09-16 12:25:00,2025-09-16 21:25:00,927.2,927.6,926.52,926.71,548.913,508868.37853
BNBUSDT,1758025800000,2025-09-16 12:30:00,2025-09-16 21:30:00,926.71,927.41,926.23,927.26,632.875,586605.17569
BNBUSDT,1758026100000,2025-09-16 12:35:00,2025-09-16 21:35:00,927.26,927.73,927.17,927.24,202.317,187627.82721
BNBUSDT,1758026400000,2025-09-16 12:40:00,2025-09-16 21:40:00,927.23,927.75,927.08,927.35,372.412,345367.86119
BNBUSDT,1758026700000,2025-09-16 12:45:00,2025-09-16 21:45:00,927.36,927.82,927,927.37,543.067,503617.18192
BNBUSDT,1758027000000,2025-09-16 12:50:00,2025-09-16 21:50:00,927.37,927.9,927.34,927.9,299.907,278187.84147
BNBUSDT,1758027300000,2025-09-16 12:55:00,2025-09-16 21:55:00,927.89,929,927.89,928.5,576.689,535457.55309
BNBUSDT,1758027600000,2025-09-16 13:00:00,2025-09-16 22:00:00,928.5,928.9,928.5,928.9,368.223,341942.57885
BNBUSDT,1758027900000,2025-09-16 13:05:00,2025-09-16 22:05:00,928.9,929.2,928.89,929.06,507.175,471188.08021
BNBUSDT,1758028200000,2025-09-16 13:10:00,2025-09-16 22:10:00,929.06,929.3,928.18,928.43,958.147,889865.73128
BNBUSDT,1758028500000,2025-09-16 13:15:00,2025-09-16 22:15:00,928.43,930,928.3,929.54,952.554,885038.97485
BNBUSDT,1758028800000,2025-09-16 13:20:00,2025-09-16 22:20:00,929.54,929.8,929.54,929.65,303.819,282451.76535
BNBUSDT,1758029100000,2025-09-16 13:25:00,2025-09-16 22:25:00,929.65,930.83,929.65,930.3,1427.475,1327986.30858
BNBUSDT,1758029400000,2025-09-16 13:30:00,2025-09-16 22:30:00,930.3,930.36,929,929.24,1155.934,1074972.34959
BNBUSDT,1758029700000,2025-09-16 13:35:00,2025-09-16 22:35:00,929.23,929.86,927.45,927.54,570.931,530426.37167
BNBUSDT,1758030000000,2025-09-16 13:40:00,2025-09-16 22:40:00,927.54,932.54,927.1,928.09,4799.948,4463805.81002
BNBUSDT,1758030300000,2025-09-16 13:45:00,2025-09-16 22:45:00,928.09,928.23,923.92,924.1,4126.6,3819329.98125
BNBUSDT,1758030600000,2025-09-16 13:50:00,2025-09-16 22:50:00,924.1,925.52,922.72,925.5,1434.206,1325195.24642
BNBUSDT,1758030900000,2025-09-16 13:55:00,2025-09-16 22:55:00,925.51,927.91,925.5,927.21,1242.21,1151113.77844
BNBUSDT,1758031200000,2025-09-16 14:00:00,2025-09-16 23:00:00,927.22,927.22,925.46,927.11,815.231,755149.16671
BNBUSDT,1758031500000,2025-09-16 14:05:00,2025-09-16 23:05:00,927.11,927.17,924.55,924.95,416.609,385560.1615
BNBUSDT,1758031800000,2025-09-16 14:10:00,2025-09-16 23:10:00,924.95,925.49,921.94,924.66,1771.132,1635838.35689
BNBUSDT,1758032100000,2025-09-16 14:15:00,2025-09-16 23:15:00,924.65,926.08,923.7,924.4,1747.613,1615577.55201
BNBUSDT,1758032400000,2025-09-16 14:20:00,2025-09-16 23:20:00,924.4,926.09,923.78,925.79,894.497,827697.75521
BNBUSDT,1758032700000,2025-09-16 14:25:00,2025-09-16 23:25:00,925.8,925.8,924.82,925.77,488.581,452139.31133
BNBUSDT,1758033000000,2025-09-16 14:30:00,2025-09-16 23:30:00,925.77,926,924.2,925.27,796.753,736994.65737
BNBUSDT,1758033300000,2025-09-16 14:35:00,2025-09-16 23:35:00,925.27,925.85,924.61,924.61,521.938,482963.99054
BNBUSDT,1758033600000,2025-09-16 14:40:00,2025-09-16 23:40:00,924.6,925.2,924.6,925.2,490.476,453616.8793
BNBUSDT,1758033900000,2025-09-16 14:45:00,2025-09-16 23:45:00,925.2,926.72,924.96,926.51,541.655,501561.39537
BNBUSDT,1758034200000,2025-09-16 14:50:00,2025-09-16 23:50:00,926.51,927.63,926.5,927.28,631.569,585630.05997
BNBUSDT,1758034500000,2025-09-16 14:55:00,2025-09-16 23:55:00,927.29,927.64,927.07,927.08,426.995,396010.85174
BNBUSDT,1758034800000,2025-09-16 15:00:00,2025-09-17 00:00:00,927.07,927.08,925.12,925.29,375.768,347984.79182
BNBUSDT,1758035100000,2025-09-16 15:05:00,2025-09-17 00:05:00,925.29,927.45,925.19,927.04,738.976,684511.44595
BNBUSDT,1758035400000,2025-09-16 15:10:00,2025-09-17 00:10:00,927.04,927.9,926.8,927.16,687.11,637155.48644
BNBUSDT,1758035700000,2025-09-16 15:15:00,2025-09-17 00:15:00,927.16,929.33,927.15,929.32,1183.489,1098760.83108
BNBUSDT,1758036000000,2025-09-16 15:20:00,2025-09-17 00:20:00,929.33,931,929.33,930.51,1635.5,1521430.35811
BNBUSDT,1758036300000,2025-09-16 15:25:00,2025-09-17 00:25:00,930.51,931.39,930.06,930.65,1017.204,946800.20284
BNBUSDT,1758036600000,2025-09-16 15:30:00,2025-09-17 00:30:00,930.65,932.85,929.9,931.5,4626.702,4311372.26332
BNBUSDT,1758036900000,2025-09-16 15:35:00,2025-09-17 00:35:00,931.51,931.8,930.55,931.46,919.127,855930.29083
BNBUSDT,1758037200000,2025-09-16 15:40:00,2025-09-17 00:40:00,931.46,933.3,931.46,933.1,1963.913,1831334.0566
BNBUSDT,1758037500000,2025-09-16 15:45:00,2025-09-17 00:45:00,933.1,933.76,932.55,933.19,914.045,852947.28834
BNBUSDT,1758037800000,2025-09-16 15:50:00,2025-09-17 00:50:00,933.19,937.77,933.13,936.5,3293.315,3080410.75565
BNBUSDT,1758038100000,2025-09-16 15:55:00,2025-09-17 00:55:00,936.5,937.89,936.5,937.64,1909.782,1790147.01295
BNBUSDT,1758038400000,2025-09-16 16:00:00,2025-09-17 01:00:00,937.64,937.99,935.66,936.71,1264.668,1184967.9608
BNBUSDT,1758038700000,2025-09-16 16:05:00,2025-09-17 01:05:00,936.7,937.17,934.99,937.1,1225.024,1146858.1622
BNBUSDT,1758039000000,2025-09-16 16:10:00,2025-09-17 01:10:00,937.11,937.28,934.86,934.87,766.059,717170.70845
BNBUSDT,1758039300000,2025-09-16 16:15:00,2025-09-17 01:15:00,934.87,936.39,934.24,934.24,1462.867,1368155.45445
BNBUSDT,1758039600000,2025-09-16 16:20:00,2025-09-17 01:20:00,934.25,934.5,932.49,933.81,561.116,523832.69779
BNBUSDT,1758039900000,2025-09-16 16:25:00,2025-09-17 01:25:00,933.82,935.05,933.6,935.05,361.449,337692.19631
BNBUSDT,1758040200000,2025-09-16 16:30:00,2025-09-17 01:30:00,935.05,935.87,934.86,935.65,560.898,524527.20315
BNBUSDT,1758040500000,2025-09-16 16:35:00,2025-09-17 01:35:00,935.65,935.66,934.55,934.79,904.912,846198.11414
BNBUSDT,1758040800000,2025-09-16 16:40:00,2025-09-17 01:40:00,934.79,935.17,933.84,934.99,304.45,284549.25274
BNBUSDT,1758041100000,2025-09-16 16:45:00,2025-09-17 01:45:00,935,935.68,934.3,934.69,607.056,567659.96519
BNBUSDT,1758041400000,2025-09-16 16:50:00,2025-09-17 01:50:00,934.7,935.2,934.49,934.85,495.59,463238.18115
BNBUSDT,1758041700000,2025-09-16 16:55:00,2025-09-17 01:55:00,934.85,935,934.54,934.8,367.328,343352.57618
BNBUSDT,1758042000000,2025-09-16 17:00:00,2025-09-17 02:00:00,934.8,936.92,934.79,936.9,471.306,441177.91519
BNBUSDT,1758042300000,2025-09-16 17:05:00,2025-09-17 02:05:00,936.9,944.41,936.89,942.52,12027.51,11323058.07305
BNBUSDT,1758042600000,2025-09-16 17:10:00,2025-09-17 02:10:00,942.53,950,942.5,949.74,15194.0172,14391250.08635
BNBUSDT,1758042900000,2025-09-16 17:15:00,2025-09-17 02:15:00,949.73,955.5,949.6,953.89,15809.4413,15066962.5114992
BNBUSDT,1758043200000,2025-09-16 17:20:00,2025-09-17 02:20:00,953.89,954.79,951.7,952.1,3762.663,3587423.91374
BNBUSDT,1758043500000,2025-09-16 17:25:00,2025-09-17 02:25:00,952.1,952.57,949.39,950.28,3381.334,3214793.37344
BNBUSDT,1758043800000,2025-09-16 17:30:00,2025-09-17 02:30:00,950.28,953.63,949.07,951.44,3686.543,3509583.45803
BNBUSDT,1758044100000,2025-09-16 17:35:00,2025-09-17 02:35:00,951.45,951.73,948.75,949.9,2316.267,2201220.8907
BNBUSDT,1758044400000,2025-09-16 17:40:00,2025-09-17 02:40:00,949.9,951.5,948.68,950.89,2239.249,2127393.46053
BNBUSDT,1758044700000,2025-09-16 17:45:00,2025-09-17 02:45:00,950.88,952.67,950.51,950.95,1273.411,1211961.98464
BNBUSDT,1758045000000,2025-09-16 17:50:00,2025-09-17 02:50:00,950.96,951.51,950.52,951.31,897.017,853049.29581
BNBUSDT,1758045300000,2025-09-16 17:55:00,2025-09-17 02:55:00,951.31,953.27,951.3,952.41,1784.596,1699679.63046
BNBUSDT,1758045600000,2025-09-16 18:00:00,2025-09-17 03:00:00,952.42,954.93,951.37,953.5,2497.068,2380128.29222
BNBUSDT,1758045900000,2025-09-16 18:05:00,2025-09-17 03:05:00,953.5,955.33,952.82,953.09,1936.196,1847230.36116
BNBUSDT,1758046200000,2025-09-16 18:10:00,2025-09-17 03:10:00,953.09,954.94,953.08,953.99,849.957,810958.94735
BNBUSDT,1758046500000,2025-09-16 18:15:00,2025-09-17 03:15:00,953.99,955.08,953.89,954.53,1075.568,1026672.51094
BNBUSDT,1758046800000,2025-09-16 18:20:00,2025-09-17 03:20:00,954.52,954.52,951.22,951.6,1718.645,1637294.43195
BNBUSDT,1758047100000,2025-09-16 18:25:00,2025-09-17 03:25:00,951.6,952.58,950.8,952.33,1414.708,1346316.09076
BNBUSDT,1758047400000,2025-09-16 18:30:00,2025-09-17 03:30:00,952.33,952.76,951.25,951.49,905.069,861528.87122
BNBUSDT,1758047700000,2025-09-16 18:35:00,2025-09-17 03:35:00,951.5,952.35,951.5,952.07,735.869,700523.75388
BNBUSDT,1758048000000,2025-09-16 18:40:00,2025-09-17 03:40:00,952.08,952.3,950.59,951.08,903.521,859574.96675
BNBUSDT,1758048300000,2025-09-16 18:45:00,2025-09-17 03:45:00,951.07,951.75,950.41,951.6,457.307,435013.85522
BNBUSDT,1758048600000,2025-09-16 18:50:00,2025-09-17 03:50:00,951.6,952.38,950.49,951.51,1156.188,1099844.28673
BNBUSDT,1758048900000,2025-09-16 18:55:00,2025-09-17 03:55:00,951.51,952.5,951.05,951.37,866.044,824247.41417
BNBUSDT,1758049200000,2025-09-16 19:00:00,2025-09-17 04:00:00,951.37,954.24,951.32,952.94,821.815,782765.43272
BNBUSDT,1758049500000,2025-09-16 19:05:00,2025-09-17 04:05:00,952.94,953.15,951.07,951.3,1182.775,1126281.20361
BNBUSDT,1758049800000,2025-09-16 19:10:00,2025-09-17 04:10:00,951.31,953.26,951.3,953.04,740.082,705059.32679
BNBUSDT,1758050100000,2025-09-16 19:15:00,2025-09-17 04:15:00,953.04,955.15,952.89,954.4,3418.242,3260852.16961
BNBUSDT,1758050400000,2025-09-16 19:20:00,2025-09-17 04:20:00,954.4,957.17,952.99,952.99,5886.419,5622071.98132
BNBUSDT,1758050700000,2025-09-16 19:25:00,2025-09-17 04:25:00,953.26,953.37,952,952.84,1361.706,1297134.78115
BNBUSDT,1758051000000,2025-09-16 19:30:00,2025-09-17 04:30:00,952.84,953.5,951.79,951.93,1796.427,1711579.82721
BNBUSDT,1758051300000,2025-09-16 19:35:00,2025-09-17 04:35:00,951.94,952.68,951.33,952.4,860.434,819185.77448
BNBUSDT,1758051600000,2025-09-16 19:40:00,2025-09-17 04:40:00,952.39,952.97,952,952.97,896.842,854239.03156
BNBUSDT,1758051900000,2025-09-16 19:45:00,2025-09-17 04:45:00,952.97,954.05,952.69,953.22,1366.702,1302867.85711
BNBUSDT,1758052200000,2025-09-16 19:50:00,2025-09-17 04:50:00,953.23,954.9,953.23,954.59,827.1,789084.86244
BNBUSDT,1758052500000,2025-09-16 19:55:00,2025-09-17 04:55:00,954.6,956,954.21,954.66,1291.799,1233638.0246
BNBUSDT,1758052800000,2025-09-16 20:00:00,2025-09-17 05:00:00,954.65,957.64,954.65,957.6,1914.548,1830373.82217
BNBUSDT,1758053100000,2025-09-16 20:05:00,2025-09-17 05:05:00,957.6,959,957.05,957.33,2005.957,1921963.97644
BNBUSDT,1758053400000,2025-09-16 20:10:00,2025-09-17 05:10:00,957.32,958.8,956.92,958.13,2957.36,2833443.74138
BNBUSDT,1758053700000,2025-09-16 20:15:00,2025-09-17 05:15:00,958.14,958.46,955.19,955.26,2443.741,2339586.881
BNBUSDT,1758054000000,2025-09-16 20:20:00,2025-09-17 05:20:00,955.25,956,954.12,955.75,988.45,944125.99617
BNBUSDT,1758054300000,2025-09-16 20:25:00,2025-09-17 05:25:00,955.76,955.76,954.59,955.23,1293.089,1235137.78379
BNBUSDT,1758054600000,2025-09-16 20:30:00,2025-09-17 05:30:00,955.22,955.78,954.12,954.14,522.788,499225.28146
BNBUSDT,1758054900000,2025-09-16 20:35:00,2025-09-17 05:35:00,954.13,955.35,954.13,954.87,353.637,337676.70789
BNBUSDT,1758055200000,2025-09-16 20:40:00,2025-09-17 05:40:00,954.87,954.87,954.1,954.65,411.554,392772.10581
BNBUSDT,1758055500000,2025-09-16 20:45:00,2025-09-17 05:45:00,954.65,955.3,954.44,955.3,360.062,343826.52894
BNBUSDT,1758055800000,2025-09-16 20:50:00,2025-09-17 05:50:00,955.3,956,955.28,955.94,824.265,787629.64011
BNBUSDT,1758056100000,2025-09-16 20:55:00,2025-09-17 05:55:00,955.94,956.55,955.2,955.21,362.664,346657.05227
BNBUSDT,1758056400000,2025-09-16 21:00:00,2025-09-17 06:00:00,955.21,957.24,955.17,956.72,607.687,581294.2714
BNBUSDT,1758056700000,2025-09-16 21:05:00,2025-09-17 06:05:00,956.72,957.64,956.42,957.16,425.742,407457.82342
BNBUSDT,1758057000000,2025-09-16 21:10:00,2025-09-17 06:10:00,957.14,957.14,954.9,954.9,874.256,836011.35767
BNBUSDT,1758057300000,2025-09-16 21:15:00,2025-09-17 06:15:00,954.89,955.9,954.76,955.02,672.817,642751.82328
BNBUSDT,1758057600000,2025-09-16 21:20:00,2025-09-17 06:20:00,955.01,955.1,954.3,954.41,258.518,246797.33631
BNBUSDT,1758057900000,2025-09-16 21:25:00,2025-09-17 06:25:00,954.42,954.62,954.1,954.11,231.082,220553.15521
BNBUSDT,1758058200000,2025-09-16 21:30:00,2025-09-17 06:30:00,954.11,954.99,953.93,954.69,587.277,560542.11155
BNBUSDT,1758058500000,2025-09-16 21:35:00,2025-09-17 06:35:00,954.68,955.16,954.55,954.62,246.092,235010.59185
BNBUSDT,1758058800000,2025-09-16 21:40:00,2025-09-17 06:40:00,954.62,954.87,954.05,954.11,536.412,512011.59247
BNBUSDT,1758059100000,2025-09-16 21:45:00,2025-09-17 06:45:00,954.11,954.52,953.28,954.32,866.531,826533.36381
BNBUSDT,1758059400000,2025-09-16 21:50:00,2025-09-17 06:50:00,954.31,955.93,954.25,955.81,344.673,329163.75261
BNBUSDT,1758059700000,2025-09-16 21:55:00,2025-09-17 06:55:00,955.81,956.8,955.44,956.49,357.722,342034.95509
BNBUSDT,1758060000000,2025-09-16 22:00:00,2025-09-17 07:00:00,956.49,957.3,956.11,956.11,573.751,548978.22522
BNBUSDT,1758060300000,2025-09-16 22:05:00,2025-09-17 07:05:00,956.1,956.75,955.9,956.74,297.163,284143.67295
BNBUSDT,1758060600000,2025-09-16 22:10:00,2025-09-17 07:10:00,956.74,956.78,956.25,956.52,365.976,350049.60256
BNBUSDT,1758060900000,2025-09-16 22:15:00,2025-09-17 07:15:00,956.52,956.6,956.03,956.35,344.723,329684.58795
BNBUSDT,1758061200000,2025-09-16 22:20:00,2025-09-17 07:20:00,956.35,956.98,956.01,956.97,803.696,768688.19402
BNBUSDT,1758061500000,2025-09-16 22:25:00,2025-09-17 07:25:00,956.98,957.28,956.65,957.17,976.474,934453.90853
BNBUSDT,1758061800000,2025-09-16 22:30:00,2025-09-17 07:30:00,957.17,957.35,955.36,955.37,537.898,514467.27017
BNBUSDT,1758062100000,2025-09-16 22:35:00,2025-09-17 07:35:00,955.37,957.24,955.36,957.14,861.108,823272.69938
BNBUSDT,1758062400000,2025-09-16 22:40:00,2025-09-17 07:40:00,957.15,957.36,956.79,956.79,462.438,442596.76386
BNBUSDT,1758062700000,2025-09-16 22:45:00,2025-09-17 07:45:00,956.78,956.78,955.45,955.59,950.511,908718.35569
BNBUSDT,1758063000000,2025-09-16 22:50:00,2025-09-17 07:50:00,955.6,957.5,955.45,957.5,1847.542,1767117.16479
BNBUSDT,1758063300000,2025-09-16 22:55:00,2025-09-17 07:55:00,957.49,958.01,957.09,957.1,654.646,626899.52744
BNBUSDT,1758063600000,2025-09-16 23:00:00,2025-09-17 08:00:00,957.1,957.83,955.96,956.12,743.093,711095.19653
BNBUSDT,1758063900000,2025-09-16 23:05:00,2025-09-17 08:05:00,956.12,956.13,955.7,956.11,353.02,337474.31044
BNBUSDT,1758064200000,2025-09-16 23:10:00,2025-09-17 08:10:00,956.12,956.51,955.59,955.6,506.123,483810.2545
BNBUSDT,1758064500000,2025-09-16 23:15:00,2025-09-17 08:15:00,955.6,955.8,954.09,954.09,970.116,926800.17651
BNBUSDT,1758064800000,2025-09-16 23:20:00,2025-09-17 08:20:00,954.1,954.49,953.46,953.79,786.313,750022.8901
BNBUSDT,1758065100000,2025-09-16 23:25:00,2025-09-17 08:25:00,953.79,955.14,953.79,955.11,1014.788,968757.23712
BNBUSDT,1758065400000,2025-09-16 23:30:00,2025-09-17 08:30:00,955.11,955.83,954.83,954.94,1507.508,1440092.47309
BNBUSDT,1758065700000,2025-09-16 23:35:00,2025-09-17 08:35:00,954.94,955.1,954.56,954.71,386.109,368642.37193
BNBUSDT,1758066000000,2025-09-16 23:40:00,2025-09-17 08:40:00,954.71,954.71,953.81,954.57,421.204,401940.40944
BNBUSDT,1758066300000,2025-09-16 23:45:00,2025-09-17 08:45:00,954.58,955.2,954.25,955.2,411.386,392724.66884
BNBUSDT,1758066600000,2025-09-16 23:50:00,2025-09-17 08:50:00,955.2,955.35,954.91,955.13,341.856,326550.87036
BNBUSDT,1758066900000,2025-09-16 23:55:00,2025-09-17 08:55:00,955.13,956.48,955,955.65,530.21,506810.51077
BNBUSDT,1758067200000,2025-09-17 00:00:00,2025-09-17 09:00:00,955.65,956.88,955.6,956.79,1003.92,960025.18918
BNBUSDT,1758067500000,2025-09-17 00:05:00,2025-09-17 09:05:00,956.8,956.89,955.5,955.51,543.621,519880.08282
BNBUSDT,1758067800000,2025-09-17 00:10:00,2025-09-17 09:10:00,955.51,955.7,954.31,954.64,439.678,419844.34176
BNBUSDT,1758068100000,2025-09-17 00:15:00,2025-09-17 09:15:00,954.63,957.59,954.63,957.53,865.618,828087.08199
BNBUSDT,1758068400000,2025-09-17 00:20:00,2025-09-17 09:20:00,957.53,957.53,956.3,956.91,577.787,552813.8322
BNBUSDT,1758068700000,2025-09-17 00:25:00,2025-09-17 09:25:00,956.91,958.52,956.66,958.21,1130.121,1082639.04815
BNBUSDT,1758069000000,2025-09-17 00:30:00,2025-09-17 09:30:00,958.21,960.1,958.2,959.66,4986.9695,4784489.66195
BNBUSDT,1758069300000,2025-09-17 00:35:00,2025-09-17 09:35:00,959.66,963,959.62,960.37,5354.018,5145564.03089
BNBUSDT,1758069600000,2025-09-17 00:40:00,2025-09-17 09:40:00,960.38,961.6,960.37,961.29,2302.195,2212122.12863
BNBUSDT,1758069900000,2025-09-17 00:45:00,2025-09-17 09:45:00,961.3,961.3,959.62,960.51,1223.794,1175522.90528
BNBUSDT,1758070200000,2025-09-17 00:50:00,2025-09-17 09:50:00,960.51,960.89,957.78,958.9,1357.144,1301790.34042
BNBUSDT,1758070500000,2025-09-17 00:55:00,2025-09-17 09:55:00,958.89,959.75,958.7,959.75,213.052,204365.646
BNBUSDT,1758070800000,2025-09-17 01:00:00,2025-09-17 10:00:00,959.75,959.9,957.49,959.21,1169.47,1120918.34531
BNBUSDT,1758071100000,2025-09-17 01:05:00,2025-09-17 10:05:00,959.2,959.21,958.2,958.74,677.692,649837.48383
BNBUSDT,1758071400000,2025-09-17 01:10:00,2025-09-17 10:10:00,958.73,959.15,958.6,958.77,435.492,417597.26672
BNBUSDT,1758071700000,2025-09-17 01:15:00,2025-09-17 10:15:00,958.77,959.7,957,959.51,1825.693,1748811.68764
BNBUSDT,1758072000000,2025-09-17 01:20:00,2025-09-17 10:20:00,959.5,960,957.91,958.61,864.246,829206.17598
BNBUSDT,1758072300000,2025-09-17 01:25:00,2025-09-17 10:25:00,958.6,959.09,958.44,958.84,229.385,219926.78094
BNBUSDT,1758072600000,2025-09-17 01:30:00,2025-09-17 10:30:00,958.84,958.84,957.32,957.51,701.972,672373.09967
BNBUSDT,1758072900000,2025-09-17 01:35:00,2025-09-17 10:35:00,957.51,957.96,956.85,957.95,552.922,529343.94297
BNBUSDT,1758073200000,2025-09-17 01:40:00,2025-09-17 10:40:00,957.95,958,956.46,956.89,469.109,449136.37809
BNBUSDT,1758073500000,2025-09-17 01:45:00,2025-09-17 10:45:00,956.88,958,956.53,957.11,867.894,830625.13562
BNBUSDT,1758073800000,2025-09-17 01:50:00,2025-09-17 10:50:00,957.11,958.3,956.54,956.8,343.691,329043.09504
BNBUSDT,1758074100000,2025-09-17 01:55:00,2025-09-17 10:55:00,956.81,956.98,956.63,956.85,225.174,215453.344
BNBUSDT,1758074400000,2025-09-17 02:00:00,2025-09-17 11:00:00,956.85,957,956.1,956.77,538.054,514638.23521
BNBUSDT,1758074700000,2025-09-17 02:05:00,2025-09-17 11:05:00,956.78,957.7,956.5,956.51,691.396,661694.3113
BNBUSDT,1758075000000,2025-09-17 02:10:00,2025-09-17 11:10:00,956.51,957.7,956.15,956.85,1070.979,1024746.25018
BNBUSDT,1758075300000,2025-09-17 02:15:00,2025-09-17 11:15:00,956.85,958.29,956.84,957.9,699.961,670366.51547
BNBUSDT,1758075600000,2025-09-17 02:20:00,2025-09-17 11:20:00,957.9,958.82,957.76,958.55,898.713,861274.4366
BNBUSDT,1758075900000,2025-09-17 02:25:00,2025-09-17 11:25:00,958.54,959.66,958.54,958.89,944.947,906290.37124
BNBUSDT,1758076200000,2025-09-17 02:30:00,2025-09-17 11:30:00,958.89,959.88,958.3,959.19,837.549,803291.45605
BNBUSDT,1758076500000,2025-09-17 02:35:00,2025-09-17 11:35:00,959.2,961.17,959.15,959.81,1287.66,1236328.86098
BNBUSDT,1758076800000,2025-09-17 02:40:00,2025-09-17 11:40:00,959.8,961.81,959.6,961.8,1736.562,1668567.09273
BNBUSDT,1758077100000,2025-09-17 02:45:00,2025-09-17 11:45:00,961.8,962.6,961,961.52,1606.163,1544928.13737
BNBUSDT,1758077400000,2025-09-17 02:50:00,2025-09-17 11:50:00,961.53,962.24,959.49,959.53,982.916,944748.30473
BNBUSDT,1758077700000,2025-09-17 02:55:00,2025-09-17 11:55:00,959.53,960.87,958.3,959.91,1183.907,1135758.10749
BNBUSDT,1758078000000,2025-09-17 03:00:00,2025-09-17 12:00:00,959.91,960.26,958.98,959.43,1167.099,1120235.63246
BNBUSDT,1758078300000,2025-09-17 03:05:00,2025-09-17 12:05:00,959.43,960.07,958.71,959.92,998.824,958407.55749
BNBUSDT,1758078600000,2025-09-17 03:10:00,2025-09-17 12:10:00,959.91,960.25,959.4,959.81,969.967,931049.33233
BNBUSDT,1758078900000,2025-09-17 03:15:00,2025-09-17 12:15:00,959.8,961.25,959.8,960.85,2499.541,2400856.45657
BNBUSDT,1758079200000,2025-09-17 03:20:00,2025-09-17 12:20:00,960.85,961.39,960.23,960.9,1288.412,1238117.1153
BNBUSDT,1758079500000,2025-09-17 03:25:00,2025-09-17 12:25:00,960.91,961.05,960.13,960.3,1002.705,963202.63446
BNBUSDT,1758079800000,2025-09-17 03:30:00,2025-09-17 12:30:00,960.31,961.2,958.29,958.56,1093.278,1049005.62773
BNBUSDT,1758080100000,2025-09-17 03:35:00,2025-09-17 12:35:00,958.56,959.6,958.19,958.42,1733.87,1662964.82134
BNBUSDT,1758080400000,2025-09-17 03:40:00,2025-09-17 12:40:00,958.41,958.75,957.5,957.75,1185.025,1135476.56449
BNBUSDT,1758080700000,2025-09-17 03:45:00,2025-09-17 12:45:00,957.75,959.09,957.46,958.64,984.65,943801.69055
BNBUSDT,1758081000000,2025-09-17 03:50:00,2025-09-17 12:50:00,958.63,958.63,957,957.44,555.995,532381.55067
BNBUSDT,1758081300000,2025-09-17 03:55:00,2025-09-17 12:55:00,957.43,958,956.48,957,1074.597,1028498.92107
BNBUSDT,1758081600000,2025-09-17 04:00:00,2025-09-17 13:00:00,957,958.03,956.8,958.03,819.254,784398.34122
BNBUSDT,1758081900000,2025-09-17 04:05:00,2025-09-17 13:05:00,958.03,959.28,958.02,958.59,558.224,535134.54908
BNBUSDT,1758082200000,2025-09-17 04:10:00,2025-09-17 13:10:00,958.6,958.6,956.77,956.94,745.84,714462.65309
BNBUSDT,1758082500000,2025-09-17 04:15:00,2025-09-17 13:15:00,956.93,957.17,954.97,955.02,1089.257,1041535.8913
BNBUSDT,1758082800000,2025-09-17 04:20:00,2025-09-17 13:20:00,955.02,956.23,954.89,955.04,760.697,726721.55114
BNBUSDT,1758083100000,2025-09-17 04:25:00,2025-09-17 13:25:00,955.04,955.3,953.89,953.98,465.961,444784.69733
BNBUSDT,1758083400000,2025-09-17 04:30:00,2025-09-17 13:30:00,953.99,954.57,953.25,953.73,877.772,837132.50935
BNBUSDT,1758083700000,2025-09-17 04:35:00,2025-09-17 13:35:00,953.74,954.77,953.73,954.2,563.072,537384.95989
BNBUSDT,1758084000000,2025-09-17 04:40:00,2025-09-17 13:40:00,954.19,954.51,953.17,954.34,582.078,555159.31252
BNBUSDT,1758084300000,2025-09-17 04:45:00,2025-09-17 13:45:00,954.34,954.34,951.22,951.23,1562.648,1488261.50837
BNBUSDT,1758084600000,2025-09-17 04:50:00,2025-09-17 13:50:00,951.22,953.09,950.8,952.1,1180.346,1123132.30323
BNBUSDT,1758084900000,2025-09-17 04:55:00,2025-09-17 13:55:00,952.1,953.21,951.62,951.8,1308.827,1246909.36092
BNBUSDT,1758085200000,2025-09-17 05:00:00,2025-09-17 14:00:00,951.81,952.69,951.6,951.69,3274.063,3116735.55206
BNBUSDT,1758085500000,2025-09-17 05:05:00,2025-09-17 14:05:00,951.69,951.8,949.55,950.59,3029.568,2878904.42417
BNBUSDT,1758085800000,2025-09-17 05:10:00,2025-09-17 14:10:00,950.58,951.6,950.58,951.2,1069.268,1017201.19219
BNBUSDT,1758086100000,2025-09-17 05:15:00,2025-09-17 14:15:00,951.2,952,950.41,950.56,518.877,493590.36584
BNBUSDT,1758086400000,2025-09-17 05:20:00,2025-09-17 14:20:00,950.56,950.88,949.03,949.34,952.755,904788.88749
BNBUSDT,1758086700000,2025-09-17 05:25:00,2025-09-17 14:25:00,949.33,950.49,947.71,948.21,1175.742,1115581.39307
BNBUSDT,1758087000000,2025-09-17 05:30:00,2025-09-17 14:30:00,948.22,949.25,948.19,948.21,1391.468,1319921.94954
BNBUSDT,1758087300000,2025-09-17 05:35:00,2025-09-17 14:35:00,948.21,949,946.69,948.99,1143.853,1084327.22094
BNBUSDT,1758087600000,2025-09-17 05:40:00,2025-09-17 14:40:00,948.99,949.23,948.22,949.05,991.611,940643.95386
BNBUSDT,1758087900000,2025-09-17 05:45:00,2025-09-17 14:45:00,949.05,950.53,947.55,949.89,2512.678,2384511.71514
BNBUSDT,1758088200000,2025-09-17 05:50:00,2025-09-17 14:50:00,949.89,951.39,949.79,950.27,1671.443,1589069.74534
BNBUSDT,1758088500000,2025-09-17 05:55:00,2025-09-17 14:55:00,950.27,952.75,950.26,951.76,1222.402,1163362.01934
BNBUSDT,1758088800000,2025-09-17 06:00:00,2025-09-17 15:00:00,951.76,954.1,951.76,952.42,1120.219,1067562.93713
BNBUSDT,1758089100000,2025-09-17 06:05:00,2025-09-17 15:05:00,952.42,953,950.98,951.4,578.697,550902.33795
BNBUSDT,1758089400000,2025-09-17 06:10:00,2025-09-17 15:10:00,951.4,951.82,950.78,951.52,611.185,581459.64747
BNBUSDT,1758089700000,2025-09-17 06:15:00,2025-09-17 15:15:00,951.53,952.08,951,951.8,400.471,381046.00869
BNBUSDT,1758090000000,2025-09-17 06:20:00,2025-09-17 15:20:00,951.8,952.71,951.04,951.16,775.782,738486.85874
BNBUSDT,1758090300000,2025-09-17 06:25:00,2025-09-17 15:25:00,951.16,951.82,950,950.01,827.948,787442.07457
BNBUSDT,1758090600000,2025-09-17 06:30:00,2025-09-17 15:30:00,950,951.28,949.69,951,764.326,726445.24218
BNBUSDT,1758090900000,2025-09-17 06:35:00,2025-09-17 15:35:00,951.01,952.55,951,952.54,582.963,554738.73904
BNBUSDT,1758091200000,2025-09-17 06:40:00,2025-09-17 15:40:00,952.55,954.07,952.49,953.88,1519.877,1448959.3656
BNBUSDT,1758091500000,2025-09-17 06:45:00,2025-09-17 15:45:00,953.88,954.57,952.31,952.86,711.974,678804.0083
BNBUSDT,1758091800000,2025-09-17 06:50:00,2025-09-17 15:50:00,952.87,954.68,952.87,954.65,408.027,389205.54712
BNBUSDT,1758092100000,2025-09-17 06:55:00,2025-09-17 15:55:00,954.65,955.47,953.21,954.44,2144.238,2046660.50025
BNBUSDT,1758092400000,2025-09-17 07:00:00,2025-09-17 16:00:00,954.45,954.58,952.7,953.76,494.711,471798.03405
BNBUSDT,1758092700000,2025-09-17 07:05:00,2025-09-17 16:05:00,953.76,954.74,953.7,954.55,439.655,419508.11411
BNBUSDT,1758093000000,2025-09-17 07:10:00,2025-09-17 16:10:00,954.56,955.26,954.34,954.52,765.302,730669.76993
BNBUSDT,1758093300000,2025-09-17 07:15:00,2025-09-17 16:15:00,954.53,955.1,954.24,954.45,576.454,550287.88818
BNBUSDT,1758093600000,2025-09-17 07:20:00,2025-09-17 16:20:00,954.45,955.48,953.73,954.56,1320.662,1260981.10152
BNBUSDT,1758093900000,2025-09-17 07:25:00,2025-09-17 16:25:00,954.56,954.78,954.19,954.75,327.262,312359.78352
BNBUSDT,1758094200000,2025-09-17 07:30:00,2025-09-17 16:30:00,954.76,955.69,954.69,955.64,617.193,589629.62935
BNBUSDT,1758094500000,2025-09-17 07:35:00,2025-09-17 16:35:00,955.64,958,954.48,956.87,1705.293,1631580.64676
BNBUSDT,1758094800000,2025-09-17 07:40:00,2025-09-17 16:40:00,956.87,957.06,955.76,955.98,345.773,330721.08062
BNBUSDT,1758095100000,2025-09-17 07:45:00,2025-09-17 16:45:00,955.98,956.74,955.7,956.08,426.563,407849.00828
BNBUSDT,1758095400000,2025-09-17 07:50:00,2025-09-17 16:50:00,956.09,956.5,955.28,955.69,372.79,356418.74893
BNBUSDT,1758095700000,2025-09-17 07:55:00,2025-09-17 16:55:00,955.7,955.7,954.49,954.7,911.629,870552.64605
BNBUSDT,1758096000000,2025-09-17 08:00:00,2025-09-17 17:00:00,954.7,955,953.24,953.25,458.582,437583.8419
BNBUSDT,1758096300000,2025-09-17 08:05:00,2025-09-17 17:05:00,953.25,953.37,952.18,952.44,824.417,785401.08036
BNBUSDT,1758096600000,2025-09-17 08:10:00,2025-09-17 17:10:00,952.44,952.5,951.45,951.61,447.94,426419.79535
BNBUSDT,1758096900000,2025-09-17 08:15:00,2025-09-17 17:15:00,951.61,952.81,951.45,951.9,503.953,479835.16849
BNBUSDT,1758097200000,2025-09-17 08:20:00,2025-09-17 17:20:00,951.9,953.18,951.9,952.7,542.771,516979.17363
BNBUSDT,1758097500000,2025-09-17 08:25:00,2025-09-17 17:25:00,952.7,953.2,951.7,951.99,449.105,427673.66798
BNBUSDT,1758097800000,2025-09-17 08:30:00,2025-09-17 17:30:00,951.99,952.35,951.2,951.61,595.63,566938.10811
BNBUSDT,1758098100000,2025-09-17 08:35:00,2025-09-17 17:35:00,951.61,954.15,951.16,953.68,970.092,924303.81175
BNBUSDT,1758098400000,2025-09-17 08:40:00,2025-09-17 17:40:00,953.69,953.69,952.11,952.66,574.48,547328.22837
BNBUSDT,1758098700000,2025-09-17 08:45:00,2025-09-17 17:45:00,952.67,954.1,952.05,953.78,326.486,311302.68667
BNBUSDT,1758099000000,2025-09-17 08:50:00,2025-09-17 17:50:00,953.78,956.73,953.4,956.46,1542.745,1473479.98502
BNBUSDT,1758099300000,2025-09-17 08:55:00,2025-09-17 17:55:00,956.46,957,955.5,956.55,835.269,798702.82999
BNBUSDT,1758099600000,2025-09-17 09:00:00,2025-09-17 18:00:00,956.55,956.55,955.18,955.44,766.241,732308.08297
BNBUSDT,1758099900000,2025-09-17 09:05:00,2025-09-17 18:05:00,955.43,955.7,954.26,954.48,442.203,422355.54068
BNBUSDT,1758100200000,2025-09-17 09:10:00,2025-09-17 18:10:00,954.49,954.68,954.08,954.35,815.664,778394.91168
BNBUSDT,1758100500000,2025-09-17 09:15:00,2025-09-17 18:15:00,954.34,954.35,953.63,954.19,587.108,560059.13805
BNBUSDT,1758100800000,2025-09-17 09:20:00,2025-09-17 18:20:00,954.2,955.17,953.82,955.16,235.355,224641.0771
BNBUSDT,1758101100000,2025-09-17 09:25:00,2025-09-17 18:25:00,955.16,955.47,955.1,955.23,237.078,226461.49586
BNBUSDT,1758101400000,2025-09-17 09:30:00,2025-09-17 18:30:00,955.24,955.24,953.97,954.15,1211.209,1156208.77536
BNBUSDT,1758101700000,2025-09-17 09:35:00,2025-09-17 18:35:00,954.14,955.3,954,955.25,590.201,563372.29163
BNBUSDT,1758102000000,2025-09-17 09:40:00,2025-09-17 18:40:00,955.25,955.92,955.25,955.31,1043.345,997039.02012
BNBUSDT,1758102300000,2025-09-17 09:45:00,2025-09-17 18:45:00,955.3,955.5,954.72,955.01,377.558,360586.36718
BNBUSDT,1758102600000,2025-09-17 09:50:00,2025-09-17 18:50:00,955.01,956.6,955,955.66,917.76,877128.08063
BNBUSDT,1758102900000,2025-09-17 09:55:00,2025-09-17 18:55:00,955.67,956.13,955,955.01,1047.554,1000684.99268
BNBUSDT,1758103200000,2025-09-17 10:00:00,2025-09-17 19:00:00,955.01,955.61,955,955.47,383.023,365873.825
BNBUSDT,1758103500000,2025-09-17 10:05:00,2025-09-17 19:05:00,955.48,955.9,955,955.9,290.372,277412.69397
BNBUSDT,1758103800000,2025-09-17 10:10:00,2025-09-17 19:10:00,955.91,956.72,955.64,955.76,636.114,608330.48529
BNBUSDT,1758104100000,2025-09-17 10:15:00,2025-09-17 19:15:00,955.76,955.8,955.2,955.56,375.34,358626.6155
BNBUSDT,1758104400000,2025-09-17 10:20:00,2025-09-17 19:20:00,955.56,955.56,953.34,953.34,791.235,755118.09624
BNBUSDT,1758104700000,2025-09-17 10:25:00,2025-09-17 19:25:00,953.34,953.92,952.42,952.43,673.473,641900.7871
BNBUSDT,1758105000000,2025-09-17 10:30:00,2025-09-17 19:30:00,952.44,953.3,952.25,952.69,514.09,489789.72673
BNBUSDT,1758105300000,2025-09-17 10:35:00,2025-09-17 19:35:00,952.7,953.2,952.4,952.71,342.593,326391.37383
BNBUSDT,1758105600000,2025-09-17 10:40:00,2025-09-17 19:40:00,952.71,953.51,952.66,953.27,403.44,384495.04575
BNBUSDT,1758105900000,2025-09-17 10:45:00,2025-09-17 19:45:00,953.28,954.4,953.28,954.15,495.735,472864.36321
BNBUSDT,1758106200000,2025-09-17 10:50:00,2025-09-17 19:50:00,954.15,954.15,952.09,952.77,524.26,499675.1695
BNBUSDT,1758106500000,2025-09-17 10:55:00,2025-09-17 19:55:00,952.77,952.99,951.72,952.84,1097.254,1044847.30344
BNBUSDT,1758106800000,2025-09-17 11:00:00,2025-09-17 20:00:00,952.83,953.2,952,952.18,1208.121,1150861.13264
BNBUSDT,1758107100000,2025-09-17 11:05:00,2025-09-17 20:05:00,952.18,953.55,952.18,953.55,466.639,444564.24106
BNBUSDT,1758107400000,2025-09-17 11:10:00,2025-09-17 20:10:00,953.55,954.4,953.54,954.39,410.643,391742.53252
BNBUSDT,1758107700000,2025-09-17 11:15:00,2025-09-17 20:15:00,954.4,954.4,953.05,953.95,713.442,680334.49427
BNBUSDT,1758108000000,2025-09-17 11:20:00,2025-09-17 20:20:00,953.96,957.19,953.9,956.57,1093.087,1044761.19684
BNBUSDT,1758108300000,2025-09-17 11:25:00,2025-09-17 20:25:00,956.56,956.56,955.66,955.79,526.879,503751.3735
BNBUSDT,1758108600000,2025-09-17 11:30:00,2025-09-17 20:30:00,955.8,956.39,955,955.01,333.087,318319.3629
BNBUSDT,1758108900000,2025-09-17 11:35:00,2025-09-17 20:35:00,955,955.75,954.82,954.98,925.455,884061.56143
BNBUSDT,1758109200000,2025-09-17 11:40:00,2025-09-17 20:40:00,954.97,955,953.9,953.9,2626.316,2507159.93698
BNBUSDT,1758109500000,2025-09-17 11:45:00,2025-09-17 20:45:00,953.9,954.45,953.39,953.9,483.254,461057.33985
BNBUSDT,1758109800000,2025-09-17 11:50:00,2025-09-17 20:50:00,953.89,954,953.27,953.95,461.474,440085.48895
BNBUSDT,1758110100000,2025-09-17 11:55:00,2025-09-17 20:55:00,953.94,953.95,953.23,953.24,370.388,353140.62953
BNBUSDT,1758110400000,2025-09-17 12:00:00,2025-09-17 21:00:00,953.25,953.7,952.71,952.76,540.532,515366.1017
BNBUSDT,1758110700000,2025-09-17 12:05:00,2025-09-17 21:05:00,952.75,952.85,951.16,952.05,891.203,848266.82663
BNBUSDT,1758111000000,2025-09-17 12:10:00,2025-09-17 21:10:00,952.05,953.7,952.04,952.91,453.014,431754.83541
BNBUSDT,1758111300000,2025-09-17 12:15:00,2025-09-17 21:15:00,952.91,952.91,951.3,951.7,425.405,404982.14319
BNBUSDT,1758111600000,2025-09-17 12:20:00,2025-09-17 21:20:00,951.7,952.2,950.95,951.43,828.467,788354.00344
BNBUSDT,1758111900000,2025-09-17 12:25:00,2025-09-17 21:25:00,951.43,952.81,951.36,952.53,465.783,443480.19989
BNBUSDT,1758112200000,2025-09-17 12:30:00,2025-09-17 21:30:00,952.53,953.5,952.3,953.33,450.49,429374.69086
BNBUSDT,1758112500000,2025-09-17 12:35:00,2025-09-17 21:35:00,953.34,953.34,951.51,951.9,1359.141,1294147.34258
BNBUSDT,1758112800000,2025-09-17 12:40:00,2025-09-17 21:40:00,951.89,951.9,950.44,950.55,418.035,397547.03936
BNBUSDT,1758113100000,2025-09-17 12:45:00,2025-09-17 21:45:00,950.55,952.2,950.5,951.87,464.184,441665.66574
BNBUSDT,1758113400000,2025-09-17 12:50:00,2025-09-17 21:50:00,951.88,952.2,951.11,951.49,559.861,532758.44538
BNBUSDT,1758113700000,2025-09-17 12:55:00,2025-09-17 21:55:00,951.5,951.9,951.22,951.73,324.956,309213.89244
BNBUSDT,1758114000000,2025-09-17 13:00:00,2025-09-17 22:00:00,951.74,953.14,951.3,952.82,876.513,834627.41909
BNBUSDT,1758114300000,2025-09-17 13:05:00,2025-09-17 22:05:00,952.83,953.1,952.5,952.81,376.681,358923.63666
BNBUSDT,1758114600000,2025-09-17 13:10:00,2025-09-17 22:10:00,952.81,953.52,952.52,952.92,1251.094,1192545.1158
BNBUSDT,1758114900000,2025-09-17 13:15:00,2025-09-17 22:15:00,952.91,954.81,952.91,953.79,918.259,875998.8027
BNBUSDT,1758115200000,2025-09-17 13:20:00,2025-09-17 22:20:00,953.79,954.2,953.31,953.31,527.148,502785.30298
BNBUSDT,1758115500000,2025-09-17 13:25:00,2025-09-17 22:25:00,953.32,953.32,952.66,952.89,379.241,361378.7784
BNBUSDT,1758115800000,2025-09-17 13:30:00,2025-09-17 22:30:00,952.89,953.3,951,951.39,1171.537,1115645.2093
BNBUSDT,1758116100000,2025-09-17 13:35:00,2025-09-17 22:35:00,951.39,951.54,950.02,950.3,714.691,679291.05654
BNBUSDT,1758116400000,2025-09-17 13:40:00,2025-09-17 22:40:00,950.29,950.5,949.51,949.93,1169.769,1111167.25392
BNBUSDT,1758116700000,2025-09-17 13:45:00,2025-09-17 22:45:00,949.93,951.19,949.68,950.76,1944.445,1847492.3712
BNBUSDT,1758117000000,2025-09-17 13:50:00,2025-09-17 22:50:00,950.76,951.6,949.18,950.4,1127.405,1071286.39428
BNBUSDT,1758117300000,2025-09-17 13:55:00,2025-09-17 22:55:00,950.41,951.33,950,950,332.105,315778.26842
BNBUSDT,1758117600000,2025-09-17 14:00:00,2025-09-17 23:00:00,950.01,951.6,949.66,951.6,773.868,735535.0557
BNBUSDT,1758117900000,2025-09-17 14:05:00,2025-09-17 23:05:00,951.59,952.34,951.38,951.89,327.806,312005.10586
BNBUSDT,1758118200000,2025-09-17 14:10:00,2025-09-17 23:10:00,951.89,951.93,950.59,951.78,262.468,249674.99321
BNBUSDT,1758118500000,2025-09-17 14:15:00,2025-09-17 23:15:00,951.77,952.41,951,951.01,768.988,731999.66799
BNBUSDT,1758118800000,2025-09-17 14:20:00,2025-09-17 23:20:00,951,951.01,949.5,949.52,1224.757,1163992.70967
BNBUSDT,1758119100000,2025-09-17 14:25:00,2025-09-17 23:25:00,949.51,949.52,947.11,948.26,1522.872,1443850.28475
BNBUSDT,1758119400000,2025-09-17 14:30:00,2025-09-17 23:30:00,948.26,949.05,947.33,948.31,712.508,675726.46259
BNBUSDT,1758119700000,2025-09-17 14:35:00,2025-09-17 23:35:00,948.31,949.17,947.9,949.17,505.52,479397.01307
BNBUSDT,1758120000000,2025-09-17 14:40:00,2025-09-17 23:40:00,949.19,950.02,948.22,949.5,898.966,853309.51825
BNBUSDT,1758120300000,2025-09-17 14:45:00,2025-09-17 23:45:00,949.5,950.26,948.86,948.87,930.663,883723.75893
BNBUSDT,1758120600000,2025-09-17 14:50:00,2025-09-17 23:50:00,948.86,949.5,947.7,949.49,660.763,626774.13641
BNBUSDT,1758120900000,2025-09-17 14:55:00,2025-09-17 23:55:00,949.5,949.59,948.5,948.55,235.642,223642.92442
BNBUSDT,1758121200000,2025-09-17 15:00:00,2025-09-18 00:00:00,948.56,949.4,948.52,948.52,482.306,457689.87018
BNBUSDT,1758121500000,2025-09-17 15:05:00,2025-09-18 00:05:00,948.52,949.7,948,949.7,378.593,359214.22878
BNBUSDT,1758121800000,2025-09-17 15:10:00,2025-09-18 00:10:00,949.7,950.7,949.41,950.7,779.627,740790.9384
BNBUSDT,1758122100000,2025-09-17 15:15:00,2025-09-18 00:15:00,950.7,951.4,950.69,951.09,550.259,523348.23434
BNBUSDT,1758122400000,2025-09-17 15:20:00,2025-09-18 00:20:00,951.09,951.1,950.15,950.29,368.695,350493.37823
BNBUSDT,1758122700000,2025-09-17 15:25:00,2025-09-18 00:25:00,950.29,951,950.22,950.59,422.804,401863.20781
BNBUSDT,1758123000000,2025-09-17 15:30:00,2025-09-18 00:30:00,950.6,952.21,950.54,952.15,475.045,452075.77259
BNBUSDT,1758123300000,2025-09-17 15:35:00,2025-09-18 00:35:00,952.15,952.42,951.2,952.02,460.485,438285.81298
BNBUSDT,1758123600000,2025-09-17 15:40:00,2025-09-18 00:40:00,952.01,952.2,951.65,952.1,463.306,441055.80626
BNBUSDT,1758123900000,2025-09-17 15:45:00,2025-09-18 00:45:00,952.09,952.3,951.25,951.85,161.067,153303.97754
BNBUSDT,1758124200000,2025-09-17 15:50:00,2025-09-18 00:50:00,951.84,953.23,951.84,953.03,526.71,501858.37901
BNBUSDT,1758124500000,2025-09-17 15:55:00,2025-09-18 00:55:00,953.04,953.04,950.31,951.15,1029.853,980034.60735
BNBUSDT,1758124800000,2025-09-17 16:00:00,2025-09-18 01:00:00,951.14,951.24,949.7,949.99,910.323,865170.51193
BNBUSDT,1758125100000,2025-09-17 16:05:00,2025-09-18 01:05:00,950,950.29,949.2,949.21,364.39,346101.65541
BNBUSDT,1758125400000,2025-09-17 16:10:00,2025-09-18 01:10:00,949.21,949.21,946.1,946.29,1232.138,1167549.14396
BNBUSDT,1758125700000,2025-09-17 16:15:00,2025-09-18 01:15:00,946.29,947.9,946.17,946.5,802.174,759646.37348
BNBUSDT,1758126000000,2025-09-17 16:20:00,2025-09-18 01:20:00,946.51,947.92,946.3,946.98,530.8,502749.37831
BNBUSDT,1758126300000,2025-09-17 16:25:00,2025-09-18 01:25:00,946.98,948.36,946.96,948.36,281.34,266579.37969
BNBUSDT,1758126600000,2025-09-17 16:30:00,2025-09-18 01:30:00,948.36,949,947.7,948.62,803.133,761577.50347
BNBUSDT,1758126900000,2025-09-17 16:35:00,2025-09-18 01:35:00,948.63,949.17,948.5,948.6,262.734,249287.29035
BNBUSDT,1758127200000,2025-09-17 16:40:00,2025-09-18 01:40:00,948.6,949.3,948.4,949.14,244.93,232393.4899
BNBUSDT,1758127500000,2025-09-17 16:45:00,2025-09-18 01:45:00,949.14,949.97,948.5,949.96,318.03,301904.43788
BNBUSDT,1758127800000,2025-09-17 16:50:00,2025-09-18 01:50:00,949.97,951.47,949.61,951.46,2223.317,2113641.54265
BNBUSDT,1758128100000,2025-09-17 16:55:00,2025-09-18 01:55:00,951.47,952.71,950.4,950.5,972.059,925153.43201
BNBUSDT,1758128400000,2025-09-17 17:00:00,2025-09-18 02:00:00,950.49,951,949.75,950.99,350.591,333161.7678
BNBUSDT,1758128700000,2025-09-17 17:05:00,2025-09-18 02:05:00,951,951.29,950.37,950.37,278.55,264903.72593
BNBUSDT,1758129000000,2025-09-17 17:10:00,2025-09-18 02:10:00,950.38,950.86,950.11,950.86,463.254,440229.74617
BNBUSDT,1758129300000,2025-09-17 17:15:00,2025-09-18 02:15:00,950.86,951.1,949.4,949.41,541.073,514270.94465
BNBUSDT,1758129600000,2025-09-17 17:20:00,2025-09-18 02:20:00,949.41,950.54,949.39,950.24,383.475,364308.29093
BNBUSDT,1758129900000,2025-09-17 17:25:00,2025-09-18 02:25:00,950.24,951,949.6,950.55,534.797,508287.78856
BNBUSDT,1758130200000,2025-09-17 17:30:00,2025-09-18 02:30:00,950.55,952.16,950.38,951.86,594.648,565699.33397
BNBUSDT,1758130500000,2025-09-17 17:35:00,2025-09-18 02:35:00,951.87,952.53,951.7,952.5,338.266,322057.33101
BNBUSDT,1758130800000,2025-09-17 17:40:00,2025-09-18 02:40:00,952.51,955.01,952.5,953.64,2589.396,2470925.41904
BNBUSDT,1758131100000,2025-09-17 17:45:00,2025-09-18 02:45:00,953.63,954.02,952,953.75,1420.96,1354010.53482
BNBUSDT,1758131400000,2025-09-17 17:50:00,2025-09-18 02:50:00,953.76,954.32,953.32,954.3,370.079,352923.08082
BNBUSDT,1758131700000,2025-09-17 17:55:00,2025-09-18 02:55:00,954.3,955,949.6,949.61,2460.551,2346798.27049
BNBUSDT,1758132000000,2025-09-17 18:00:00,2025-09-18 03:00:00,949.61,955.76,948.31,955.36,7848.388,7477256.49025
BNBUSDT,1758132300000,2025-09-17 18:05:00,2025-09-18 03:05:00,955.37,956.53,953,953.6,2071.225,1977749.98828
BNBUSDT,1758132600000,2025-09-17 18:10:00,2025-09-18 03:10:00,953.6,953.71,949,949.32,1818.57,1729564.01698
BNBUSDT,1758132900000,2025-09-17 18:15:00,2025-09-18 03:15:00,949.31,951.91,947.39,951.91,1644.047,1561187.36006
BNBUSDT,1758133200000,2025-09-17 18:20:00,2025-09-18 03:20:00,951.92,954.3,950.19,954,1017.67,969797.5594
BNBUSDT,1758133500000,2025-09-17 18:25:00,2025-09-18 03:25:00,954,959.14,953.5,959.13,3079.635,2945076.89463
BNBUSDT,1758133800000,2025-09-17 18:30:00,2025-09-18 03:30:00,959.14,962.68,953.51,954.47,6792.818,6506644.48125
BNBUSDT,1758134100000,2025-09-17 18:35:00,2025-09-18 03:35:00,954.46,956.85,952.61,953.41,2136.955,2039585.94943
BNBUSDT,1758134400000,2025-09-17 18:40:00,2025-09-18 03:40:00,953.4,955.91,951.5,951.69,1603.554,1529577.62358
BNBUSDT,1758134700000,2025-09-17 18:45:00,2025-09-18 03:45:00,951.69,953.9,950.11,952.63,2466.319,2348416.21935
BNBUSDT,1758135000000,2025-09-17 18:50:00,2025-09-18 03:50:00,952.62,955.57,951.21,951.5,4435.431,4228215.28632
BNBUSDT,1758135300000,2025-09-17 18:55:00,2025-09-18 03:55:00,951.5,954.1,951.43,954.1,1870.685,1783164.35022
BNBUSDT,1758135600000,2025-09-17 19:00:00,2025-09-18 04:00:00,954.1,955.1,953.25,955.1,949.662,906257.13493
BNBUSDT,1758135900000,2025-09-17 19:05:00,2025-09-18 04:05:00,955.1,957.65,954.77,956.54,1343.545,1285004.67535
BNBUSDT,1758136200000,2025-09-17 19:10:00,2025-09-18 04:10:00,956.54,957.01,953.4,954.15,1912.167,1826094.04398
BNBUSDT,1758136500000,2025-09-17 19:15:00,2025-09-18 04:15:00,954.15,955,953.7,954.75,700.48,668503.99247
BNBUSDT,1758136800000,2025-09-17 19:20:00,2025-09-18 04:20:00,954.76,955.88,954.12,955.71,3445.349,3291291.72904
BNBUSDT,1758137100000,2025-09-17 19:25:00,2025-09-18 04:25:00,955.72,956.99,955.24,955.62,2271.76,2171570.29497
BNBUSDT,1758137400000,2025-09-17 19:30:00,2025-09-18 04:30:00,955.61,956.41,954.69,955.78,1138.594,1088081.94302
BNBUSDT,1758137700000,2025-09-17 19:35:00,2025-09-18 04:35:00,955.78,957.01,955.78,956,891.238,852393.96551
BNBUSDT,1758138000000,2025-09-17 19:40:00,2025-09-18 04:40:00,956.01,957.35,956,956.41,648.298,620239.2153
BNBUSDT,1758138300000,2025-09-17 19:45:00,2025-09-18 04:45:00,956.4,956.7,955.41,956.35,679.982,650123.14147
BNBUSDT,1758138600000,2025-09-17 19:50:00,2025-09-18 04:50:00,956.36,957.17,955.5,956.76,777.708,743765.33946
BNBUSDT,1758138900000,2025-09-17 19:55:00,2025-09-18 04:55:00,956.77,956.96,956.29,956.46,533.93,510706.12316
BNBUSDT,1758139200000,2025-09-17 20:00:00,2025-09-18 05:00:00,956.46,956.68,955.86,956.35,768.6,735016.79087
BNBUSDT,1758139500000,2025-09-17 20:05:00,2025-09-18 05:05:00,956.35,958.4,955.92,958.3,714.424,683677.58363
BNBUSDT,1758139800000,2025-09-17 20:10:00,2025-09-18 05:10:00,958.3,959.84,958.29,959.33,804.308,771396.3686
BNBUSDT,1758140100000,2025-09-17 20:15:00,2025-09-18 05:15:00,959.33,959.4,957.29,957.8,689.723,660862.81451
BNBUSDT,1758140400000,2025-09-17 20:20:00,2025-09-18 05:20:00,957.8,957.86,956.49,956.95,562.236,538060.76116
BNBUSDT,1758140700000,2025-09-17 20:25:00,2025-09-18 05:25:00,956.96,956.96,956.4,956.49,317.004,303245.18429
BNBUSDT,1758141000000,2025-09-17 20:30:00,2025-09-18 05:30:00,956.49,956.7,955.26,956.7,928.451,887535.08666
BNBUSDT,1758141300000,2025-09-17 20:35:00,2025-09-18 05:35:00,956.69,957.06,955.68,955.69,578.101,552997.61938
BNBUSDT,1758141600000,2025-09-17 20:40:00,2025-09-18 05:40:00,955.69,956.57,955.6,956.41,185.526,177373.21066
BNBUSDT,1758141900000,2025-09-17 20:45:00,2025-09-18 05:45:00,956.42,956.93,955.73,955.74,190.709,182387.6147
BNBUSDT,1758142200000,2025-09-17 20:50:00,2025-09-18 05:50:00,955.74,966.69,954.36,955.02,10870.0259,10450499.1145897
BNBUSDT,1758142500000,2025-09-17 20:55:00,2025-09-18 05:55:00,955.01,955.07,953.2,953.68,776.309,740536.72892
BNBUSDT,1758142800000,2025-09-17 21:00:00,2025-09-18 06:00:00,953.68,953.71,952.1,952.1,777.086,740602.4423
BNBUSDT,1758143100000,2025-09-17 21:05:00,2025-09-18 06:05:00,952.1,954.4,951.7,954.4,923.54,879676.96372
BNBUSDT,1758143400000,2025-09-17 21:10:00,2025-09-18 06:10:00,954.4,958.28,954.4,958.27,1260.126,1204660.94735
BNBUSDT,1758143700000,2025-09-17 21:15:00,2025-09-18 06:15:00,958.28,959.19,957.11,958.69,782.057,749532.67494
BNBUSDT,1758144000000,2025-09-17 21:20:00,2025-09-18 06:20:00,958.69,959.01,957.9,958.6,577.66,553665.67584
BNBUSDT,1758144300000,2025-09-17 21:25:00,2025-09-18 06:25:00,958.6,959.25,958.3,958.78,432.338,414472.90059
BNBUSDT,1758144600000,2025-09-17 21:30:00,2025-09-18 06:30:00,958.78,960.58,958.78,959.4,1003.853,963509.59238
BNBUSDT,1758144900000,2025-09-17 21:35:00,2025-09-18 06:35:00,959.4,960,958.3,960,393.8,377717.96945
BNBUSDT,1758145200000,2025-09-17 21:40:00,2025-09-18 06:40:00,959.99,962.01,959.37,962,1025.457,985207.23406
BNBUSDT,1758145500000,2025-09-17 21:45:00,2025-09-18 06:45:00,962,962.5,960.39,962.01,943.319,907116.41696
BNBUSDT,1758145800000,2025-09-17 21:50:00,2025-09-18 06:50:00,962.02,962.56,960.02,961.19,646.74,621711.02074
BNBUSDT,1758146100000,2025-09-17 21:55:00,2025-09-18 06:55:00,961.19,961.65,960.56,961.1,233.146,224083.35372
BNBUSDT,1758146400000,2025-09-17 22:00:00,2025-09-18 07:00:00,961.11,963.76,961.1,962.89,1538.554,1481231.6897
BNBUSDT,1758146700000,2025-09-17 22:05:00,2025-09-18 07:05:00,962.9,967.48,962.02,966.51,2209.463,2132432.22511
BNBUSDT,1758147000000,2025-09-17 22:10:00,2025-09-18 07:10:00,966.51,968.68,965.93,968.5,2018.47,1952968.1639
BNBUSDT,1758147300000,2025-09-17 22:15:00,2025-09-18 07:15:00,968.51,968.79,966.9,967.02,1129.184,1092753.31869
BNBUSDT,1758147600000,2025-09-17 22:20:00,2025-09-18 07:20:00,967.01,974.06,967.01,972.72,6471.278,6284268.57329
BNBUSDT,1758147900000,2025-09-17 22:25:00,2025-09-18 07:25:00,972.72,978.7,972.3,977.39,7150.314,6976987.20203
BNBUSDT,1758148200000,2025-09-17 22:30:00,2025-09-18 07:30:00,977.39,978.18,975.09,976.5,3006.55,2935908.63161
BNBUSDT,1758148500000,2025-09-17 22:35:00,2025-09-18 07:35:00,976.51,983.66,976.05,982.93,6093.4222,5972788.9593792
BNBUSDT,1758148800000,2025-09-17 22:40:00,2025-09-18 07:40:00,982.94,989.78,982.4,986.27,9465.449,9340715.127593
BNBUSDT,1758149100000,2025-09-17 22:45:00,2025-09-18 07:45:00,986.27,988.5,983.43,988.12,3966.713,3908344.4596
BNBUSDT,1758149400000,2025-09-17 22:50:00,2025-09-18 07:50:00,988.12,989,985.84,988.08,1880.667,1857102.07374
BNBUSDT,1758149700000,2025-09-17 22:55:00,2025-09-18 07:55:00,988.09,994.64,985.74,991.89,10886.1002,10785492.61656
BNBUSDT,1758150000000,2025-09-17 23:00:00,2025-09-18 08:00:00,991.89,995.44,990.43,994.08,7444.921,7393357.010646
BNBUSDT,1758150300000,2025-09-17 23:05:00,2025-09-18 08:05:00,994.09,994.97,991,992.48,3856.535,3827174.62101
BNBUSDT,1758150600000,2025-09-17 23:10:00,2025-09-18 08:10:00,992.48,993,987.8,988.77,4828.855,4784881.6281
BNBUSDT,1758150900000,2025-09-17 23:15:00,2025-09-18 08:15:00,988.78,989,984.12,985.65,4466.989,4404861.40686
BNBUSDT,1758151200000,2025-09-17 23:20:00,2025-09-18 08:20:00,985.66,987.04,983.18,986.39,1843.252,1815542.49144
BNBUSDT,1758151500000,2025-09-17 23:25:00,2025-09-18 08:25:00,986.39,987.21,982.78,983.32,2314.767,2280566.61227
BNBUSDT,1758151800000,2025-09-17 23:30:00,2025-09-18 08:30:00,983.32,989.56,983.32,987.99,2540.32,2507659.78306
BNBUSDT,1758152100000,2025-09-17 23:35:00,2025-09-18 08:35:00,987.98,990,987.44,988.07,2065.537,2042802.97945
BNBUSDT,1758152400000,2025-09-17 23:40:00,2025-09-18 08:40:00,988.07,988.45,986,987.23,3294.683,3251229.92266
BNBUSDT,1758152700000,2025-09-17 23:45:00,2025-09-18 08:45:00,987.24,993.03,987.24,991.49,3430.16,3399028.378
BNBUSDT,1758153000000,2025-09-17 23:50:00,2025-09-18 08:50:00,991.5,992.99,990.44,990.59,1440.815,1428304.31685
BNBUSDT,1758153300000,2025-09-17 23:55:00,2025-09-18 08:55:00,990.59,990.75,989.35,989.98,2124.525,2103529.88992
BNBUSDT,1758153600000,2025-09-18 00:00:00,2025-09-18 09:00:00,989.97,991,987.88,987.88,1612.618,1596067.42854
BNBUSDT,1758153900000,2025-09-18 00:05:00,2025-09-18 09:05:00,987.89,991.58,987.11,990.56,2322.076,2297546.6055
BNBUSDT,1758154200000,2025-09-18 00:10:00,2025-09-18 09:10:00,990.57,992.77,988.79,991.4,2808.548,2781671.82244
BNBUSDT,1758154500000,2025-09-18 00:15:00,2025-09-18 09:15:00,991.4,993.5,989,989.03,2332.182,2312276.76035
BNBUSDT,1758154800000,2025-09-18 00:20:00,2025-09-18 09:20:00,989.04,989.5,986.03,987.06,3236.882,3197893.58913
BNBUSDT,1758155100000,2025-09-18 00:25:00,2025-09-18 09:25:00,987.06,989.09,986.59,986.98,902.091,890921.12754
BNBUSDT,1758155400000,2025-09-18 00:30:00,2025-09-18 09:30:00,986.98,988.14,985.58,988.07,667.013,658157.54088
BNBUSDT,1758155700000,2025-09-18 00:35:00,2025-09-18 09:35:00,988.08,988.18,985.06,986.16,895.748,883441.10861
BNBUSDT,1758156000000,2025-09-18 00:40:00,2025-09-18 09:40:00,986.17,986.96,986,986.61,525.939,518813.59356
BNBUSDT,1758156300000,2025-09-18 00:45:00,2025-09-18 09:45:00,986.61,988.01,985.51,985.51,871.739,860053.02568
BNBUSDT,1758156600000,2025-09-18 00:50:00,2025-09-18 09:50:00,985.5,985.6,983.9,984.44,837.252,824397.0353
BNBUSDT,1758156900000,2025-09-18 00:55:00,2025-09-18 09:55:00,984.44,984.45,982.75,983.24,1157.674,1138633.08698
BNBUSDT,1758157200000,2025-09-18 01:00:00,2025-09-18 10:00:00,983.25,984.66,983.1,984.41,747.028,735051.08782
BNBUSDT,1758157500000,2025-09-18 01:05:00,2025-09-18 10:05:00,984.4,986.77,984.4,986.03,1818.318,1792922.66248
BNBUSDT,1758157800000,2025-09-18 01:10:00,2025-09-18 10:10:00,986.04,986.9,985.88,986.34,2225.862,2196023.62708
BNBUSDT,1758158100000,2025-09-18 01:15:00,2025-09-18 10:15:00,986.33,986.9,984.44,984.79,1522.358,1501011.31565
BNBUSDT,1758158400000,2025-09-18 01:20:00,2025-09-18 10:20:00,984.8,986.9,984.54,986.74,2303.349,2270971.77995
BNBUSDT,1758158700000,2025-09-18 01:25:00,2025-09-18 10:25:00,986.75,987.55,986.07,986.4,1741.713,1718753.81412
BNBUSDT,1758159000000,2025-09-18 01:30:00,2025-09-18 10:30:00,986.39,988.79,986.15,987.42,1259.447,1243749.2034
BNBUSDT,1758159300000,2025-09-18 01:35:00,2025-09-18 10:35:00,987.41,988.9,987.38,988.9,494.145,488234.65078
BNBUSDT,1758159600000,2025-09-18 01:40:00,2025-09-18 10:40:00,988.89,991.13,988.7,990.6,2572.63,2546959.92179
BNBUSDT,1758159900000,2025-09-18 01:45:00,2025-09-18 10:45:00,990.61,992.48,990.43,990.63,1629.52,1616101.64834
BNBUSDT,1758160200000,2025-09-18 01:50:00,2025-09-18 10:50:00,990.62,991.6,990.1,991.16,1020.15,1010696.89807
BNBUSDT,1758160500000,2025-09-18 01:55:00,2025-09-18 10:55:00,991.16,992.43,985,988.17,4936.919,4881450.30502
BNBUSDT,1758160800000,2025-09-18 02:00:00,2025-09-18 11:00:00,988.18,989.53,986.56,989.46,1642.67,1623005.84455
BNBUSDT,1758161100000,2025-09-18 02:05:00,2025-09-18 11:05:00,989.46,989.74,988,989.04,809.884,800961.95259
BNBUSDT,1758161400000,2025-09-18 02:10:00,2025-09-18 11:10:00,989.05,989.14,988,988.25,895.966,885775.92776
BNBUSDT,1758161700000,2025-09-18 02:15:00,2025-09-18 11:15:00,988.24,988.5,986.72,987.3,1249.527,1234013.6577
BNBUSDT,1758162000000,2025-09-18 02:20:00,2025-09-18 11:20:00,987.3,987.37,985.66,985.67,1773.141,1748627.99714
BNBUSDT,1758162300000,2025-09-18 02:25:00,2025-09-18 11:25:00,985.67,985.67,984.37,984.73,1323.816,1303941.66961
BNBUSDT,1758162600000,2025-09-18 02:30:00,2025-09-18 11:30:00,984.76,986.06,984.76,985.14,694.673,684503.26628
BNBUSDT,1758162900000,2025-09-18 02:35:00,2025-09-18 11:35:00,985.14,987.71,985.13,987.51,1011.416,997733.94677
BNBUSDT,1758163200000,2025-09-18 02:40:00,2025-09-18 11:40:00,987.51,987.75,987.04,987.05,309.935,306022.07006
BNBUSDT,1758163500000,2025-09-18 02:45:00,2025-09-18 11:45:00,987.05,988.97,987.05,988.71,544.4,537928.38362
BNBUSDT,1758163800000,2025-09-18 02:50:00,2025-09-18 11:50:00,988.71,989.99,988.7,989.37,854.42,845325.82703
BNBUSDT,1758164100000,2025-09-18 02:55:00,2025-09-18 11:55:00,989.38,990.95,989.38,990.77,757.327,749773.18583
BNBUSDT,1758164400000,2025-09-18 03:00:00,2025-09-18 12:00:00,990.77,991,989.31,990.57,956.906,947378.7821
BNBUSDT,1758164700000,2025-09-18 03:05:00,2025-09-18 12:05:00,990.58,991.78,990.57,991.54,1180.726,1170225.20907
BNBUSDT,1758165000000,2025-09-18 03:10:00,2025-09-18 12:10:00,991.54,994.55,991.54,993.91,2768.068,2748388.58055
BNBUSDT,1758165300000,2025-09-18 03:15:00,2025-09-18 12:15:00,993.9,994.81,992,993.69,2483.057,2466633.51458
BNBUSDT,1758165600000,2025-09-18 03:20:00,2025-09-18 12:20:00,993.69,994,992,992.41,1472.614,1462515.14878
BNBUSDT,1758165900000,2025-09-18 03:25:00,2025-09-18 12:25:00,992.41,993.33,992.02,993.33,654.077,649308.10021
BNBUSDT,1758166200000,2025-09-18 03:30:00,2025-09-18 12:30:00,993.33,993.49,991.43,992.16,1991.777,1976303.57052
BNBUSDT,1758166500000,2025-09-18 03:35:00,2025-09-18 12:35:00,992.17,994.35,992.17,994.11,769.106,764266.75686
BNBUSDT,1758166800000,2025-09-18 03:40:00,2025-09-18 12:40:00,994.11,994.69,993.7,993.72,657.3,653597.54235
BNBUSDT,1758167100000,2025-09-18 03:45:00,2025-09-18 12:45:00,993.72,993.92,992.43,992.45,737.51,732504.71668
BNBUSDT,1758167400000,2025-09-18 03:50:00,2025-09-18 12:50:00,992.46,994.61,992.07,994.36,819.742,814267.39718
BNBUSDT,1758167700000,2025-09-18 03:55:00,2025-09-18 12:55:00,994.36,997,993.82,995.52,4409.982,4389374.41072
BNBUSDT,1758168000000,2025-09-18 04:00:00,2025-09-18 13:00:00,995.52,995.6,993.84,994.22,1275.467,1268808.60822
BNBUSDT,1758168300000,2025-09-18 04:05:00,2025-09-18 13:05:00,994.22,994.22,992.5,993.19,519.039,515534.86108
BNBUSDT,1758168600000,2025-09-18 04:10:00,2025-09-18 13:10:00,993.2,994.5,992.99,993.74,508.942,505622.24383
BNBUSDT,1758168900000,2025-09-18 04:15:00,2025-09-18 13:15:00,993.73,994.3,993.19,993.59,725.246,720786.86866
BNBUSDT,1758169200000,2025-09-18 04:20:00,2025-09-18 13:20:00,993.59,993.59,991.88,992.71,1198.504,1189491.94753
BNBUSDT,1758169500000,2025-09-18 04:25:00,2025-09-18 13:25:00,992.7,993.1,991.75,992.21,1561.895,1550100.61538
BNBUSDT,1758169800000,2025-09-18 04:30:00,2025-09-18 13:30:00,992.21,992.28,991.49,991.56,889.799,882584.22337
BNBUSDT,1758170100000,2025-09-18 04:35:00,2025-09-18 13:35:00,991.57,992.11,991.23,991.98,978.312,970221.61627
BNBUSDT,1758170400000,2025-09-18 04:40:00,2025-09-18 13:40:00,991.98,992.92,991.41,992.92,1136.873,1127791.33829
BNBUSDT,1758170700000,2025-09-18 04:45:00,2025-09-18 13:45:00,992.92,993.75,991.27,993.11,2571.731,2552730.66972
BNBUSDT,1758171000000,2025-09-18 04:50:00,2025-09-18 13:50:00,993.11,994.65,993.1,993.52,1232.254,1224890.02271
BNBUSDT,1758171300000,2025-09-18 04:55:00,2025-09-18 13:55:00,993.52,994.15,992.86,994.07,1163.562,1156019.88489
BNBUSDT,1758171600000,2025-09-18 05:00:00,2025-09-18 14:00:00,994.07,994.07,992.63,993.79,1366.202,1357141.19774
BNBUSDT,1758171900000,2025-09-18 05:05:00,2025-09-18 14:05:00,993.79,995,993.79,994.2,1135.438,1129236.26071
BNBUSDT,1758172200000,2025-09-18 05:10:00,2025-09-18 14:10:00,994.2,994.53,993.5,993.8,508.337,505370.2463
BNBUSDT,1758172500000,2025-09-18 05:15:00,2025-09-18 14:15:00,993.79,994,993.04,993.05,460.015,457041.04105
BNBUSDT,1758172800000,2025-09-18 05:20:00,2025-09-18 14:20:00,993.05,993.05,992.11,992.95,892.161,885712.62937
BNBUSDT,1758173100000,2025-09-18 05:25:00,2025-09-18 14:25:00,992.96,992.96,991.38,991.4,767.706,761662.07238
BNBUSDT,1758173400000,2025-09-18 05:30:00,2025-09-18 14:30:00,991.41,992.41,989.72,990.05,1494.614,1480978.22569
BNBUSDT,1758173700000,2025-09-18 05:35:00,2025-09-18 14:35:00,990.06,990.2,987.14,988.42,2538.059,2509764.75529
BNBUSDT,1758174000000,2025-09-18 05:40:00,2025-09-18 14:40:00,988.43,990.25,988.42,989.74,634.167,627616.42387
BNBUSDT,1758174300000,2025-09-18 05:45:00,2025-09-18 14:45:00,989.74,990.99,989.33,989.89,529.837,524622.97145
BNBUSDT,1758174600000,2025-09-18 05:50:00,2025-09-18 14:50:00,989.9,990.79,989.11,989.94,642.434,635930.42874
BNBUSDT,1758174900000,2025-09-18 05:55:00,2025-09-18 14:55:00,989.94,991.44,989.57,991.16,1261.737,1249495.27121
BNBUSDT,1758175200000,2025-09-18 06:00:00,2025-09-18 15:00:00,991.17,994.3,991.17,994.09,2448.974,2431353.88499
BNBUSDT,1758175500000,2025-09-18 06:05:00,2025-09-18 15:05:00,994.1,994.2,993.2,993.51,1160.902,1153707.86819
BNBUSDT,1758175800000,2025-09-18 06:10:00,2025-09-18 15:10:00,993.52,993.52,989.8,989.94,2317.814,2297879.99147
BNBUSDT,1758176100000,2025-09-18 06:15:00,2025-09-18 15:15:00,989.94,992.9,989.71,991.4,1134.799,1124533.41716
BNBUSDT,1758176400000,2025-09-18 06:20:00,2025-09-18 15:20:00,991.4,992.71,991.4,992.55,634.425,629236.10908
BNBUSDT,1758176700000,2025-09-18 06:25:00,2025-09-18 15:25:00,992.56,992.69,989.69,990.2,1406.783,1394029.82553
BNBUSDT,1758177000000,2025-09-18 06:30:00,2025-09-18 15:30:00,990.2,991.72,989.3,991.2,1525.094,1510148.43485
BNBUSDT,1758177300000,2025-09-18 06:35:00,2025-09-18 15:35:00,991.2,991.6,990.81,991.2,882.835,875219.61932
BNBUSDT,1758177600000,2025-09-18 06:40:00,2025-09-18 15:40:00,991.2,993.3,991.2,993.2,1169.292,1160522.72403
BNBUSDT,1758177900000,2025-09-18 06:45:00,2025-09-18 15:45:00,993.19,994.61,993.19,994.61,1355.039,1346537.50269
BNBUSDT,1758178200000,2025-09-18 06:50:00,2025-09-18 15:50:00,994.6,994.93,993.02,993.9,1991.665,1980166.1131
BNBUSDT,1758178500000,2025-09-18 06:55:00,2025-09-18 15:55:00,993.9,994.43,993.73,994.32,566.576,563243.34576
BNBUSDT,1758178800000,2025-09-18 07:00:00,2025-09-18 16:00:00,994.32,994.99,994.06,994.07,1653.384,1644469.31031
BNBUSDT,1758179100000,2025-09-18 07:05:00,2025-09-18 16:05:00,994.07,994.26,993.5,994.26,470.54,467690.04735
BNBUSDT,1758179400000,2025-09-18 07:10:00,2025-09-18 16:10:00,994.25,996.68,994.25,996.49,1757.63,1750224.58051
BNBUSDT,1758179700000,2025-09-18 07:15:00,2025-09-18 16:15:00,996.48,997.67,995.24,997.01,2021.151,2014024.40759
BNBUSDT,1758180000000,2025-09-18 07:20:00,2025-09-18 16:20:00,997.01,997.13,994.5,994.81,801.478,797901.90269
BNBUSDT,1758180300000,2025-09-18 07:25:00,2025-09-18 16:25:00,994.81,996.82,994.8,996.59,720.879,717859.23589
BNBUSDT,1758180600000,2025-09-18 07:30:00,2025-09-18 16:30:00,996.59,997.77,996.59,997.76,1775.479,1770751.62053
BNBUSDT,1758180900000,2025-09-18 07:35:00,2025-09-18 16:35:00,997.77,998,997.05,997.52,1739.301,1735121.68381
BNBUSDT,1758181200000,2025-09-18 07:40:00,2025-09-18 16:40:00,997.52,999.68,997.38,998,8557.609,8546647.1222496
BNBUSDT,1758181500000,2025-09-18 07:45:00,2025-09-18 16:45:00,998,999.72,997.86,998.11,3625.552,3621491.60733
BNBUSDT,1758181800000,2025-09-18 07:50:00,2025-09-18 16:50:00,998.11,999.35,997.87,998.01,1964.146,1961656.17712
BNBUSDT,1758182100000,2025-09-18 07:55:00,2025-09-18 16:55:00,998.02,998.99,997.96,998.22,1503.288,1500790.08933
BNBUSDT,1758182400000,2025-09-18 08:00:00,2025-09-18 17:00:00,998.23,998.66,998.11,998.53,1082.913,1081157.45916
BNBUSDT,1758182700000,2025-09-18 08:05:00,2025-09-18 17:05:00,998.53,999.99,998.53,999.61,5915.368,5912298.10418
BNBUSDT,1758183000000,2025-09-18 08:10:00,2025-09-18 17:10:00,999.62,1005,999.61,1003.78,20305.6237,20340451.6469709
BNBUSDT,1758183300000,2025-09-18 08:15:00,2025-09-18 17:15:00,1003.78,1006.88,1002.04,1002.52,9287.013,9331388.804027
BNBUSDT,1758183600000,2025-09-18 08:20:00,2025-09-18 17:20:00,1002.53,1005.57,1002.5,1003.2,4605.114,4623872.69375
BNBUSDT,1758183900000,2025-09-18 08:25:00,2025-09-18 17:25:00,1003.21,1003.93,1000.88,1003.22,3883.469,3893311.69689
BNBUSDT,1758184200000,2025-09-18 08:30:00,2025-09-18 17:30:00,1003.21,1005.18,1003.08,1003.98,4720.556,4740192.07904
BNBUSDT,1758184500000,2025-09-18 08:35:00,2025-09-18 17:35:00,1003.98,1005.42,1001.56,1001.87,2898.65,2908442.16774
BNBUSDT,1758184800000,2025-09-18 08:40:00,2025-09-18 17:40:00,1001.87,1002.02,999.92,999.92,3262.958,3265102.10693
BNBUSDT,1758185100000,2025-09-18 08:45:00,2025-09-18 17:45:00,999.92,1000.95,998.41,1000.75,2991.788,2990172.15007
BNBUSDT,1758185400000,2025-09-18 08:50:00,2025-09-18 17:50:00,1000.75,1000.9,999.41,1000.28,1634.735,1635385.79578
BNBUSDT,1758185700000,2025-09-18 08:55:00,2025-09-18 17:55:00,1000.28,1001.85,1000.01,1000.66,2596.216,2598106.51229
BNBUSDT,1758186000000,2025-09-18 09:00:00,2025-09-18 18:00:00,1000.67,1001,995.5,996.09,6264.132,6251139.20755
BNBUSDT,1758186300000,2025-09-18 09:05:00,2025-09-18 18:05:00,996.09,997.53,994.6,997.5,2134.166,2125786.41028
BNBUSDT,1758186600000,2025-09-18 09:10:00,2025-09-18 18:10:00,997.49,999.32,996,996.23,1569.194,1565660.38503
BNBUSDT,1758186900000,2025-09-18 09:15:00,2025-09-18 18:15:00,996.23,997.24,995.3,996.7,1726.816,1720206.96555
BNBUSDT,1758187200000,2025-09-18 09:20:00,2025-09-18 18:20:00,996.69,998.25,996.3,997.52,1555.091,1551264.03429
BNBUSDT,1758187500000,2025-09-18 09:25:00,2025-09-18 18:25:00,997.51,997.93,996.21,996.9,1250.217,1246420.16928
BNBUSDT,1758187800000,2025-09-18 09:30:00,2025-09-18 18:30:00,996.9,998.28,996.6,996.66,1065.377,1062512.95974
BNBUSDT,1758188100000,2025-09-18 09:35:00,2025-09-18 18:35:00,996.67,997.71,996.5,997.39,1144.416,1140968.63492
BNBUSDT,1758188400000,2025-09-18 09:40:00,2025-09-18 18:40:00,997.39,999.63,997.3,999.5,1757.791,1755774.30605
BNBUSDT,1758188700000,2025-09-18 09:45:00,2025-09-18 18:45:00,999.51,1000.57,999.05,999.7,4911.88,4911692.3815
BNBUSDT,1758189000000,2025-09-18 09:50:00,2025-09-18 18:50:00,999.71,1002.34,999.58,1001.48,5901.402,5907365.9749
BNBUSDT,1758189300000,2025-09-18 09:55:00,2025-09-18 18:55:00,1001.48,1002.71,1000.62,1001.05,3773.093,3780629.72034
BNBUSDT,1758189600000,2025-09-18 10:00:00,2025-09-18 19:00:00,1001.04,1002.66,999.2,999.21,1325.375,1327018.46892
BNBUSDT,1758189900000,2025-09-18 10:05:00,2025-09-18 19:05:00,999.22,999.83,997.63,997.88,1020.431,1018919.85918
BNBUSDT,1758190200000,2025-09-18 10:10:00,2025-09-18 19:10:00,997.88,998.08,996.52,996.99,1175.522,1172200.08188
BNBUSDT,1758190500000,2025-09-18 10:15:00,2025-09-18 19:15:00,997,997.72,996.5,996.86,1154.532,1151021.24098
BNBUSDT,1758190800000,2025-09-18 10:20:00,2025-09-18 19:20:00,996.85,997,993.3,994.13,5551.385,5522269.80105
BNBUSDT,1758191100000,2025-09-18 10:25:00,2025-09-18 19:25:00,994.13,994.42,991.53,992.07,2505.623,2488533.90449
BNBUSDT,1758191400000,2025-09-18 10:30:00,2025-09-18 19:30:00,992.08,993.92,991.02,993.46,3234.575,3209841.25058
BNBUSDT,1758191700000,2025-09-18 10:35:00,2025-09-18 19:35:00,993.45,994.13,992.77,993.67,844.135,838552.25177
BNBUSDT,1758192000000,2025-09-18 10:40:00,2025-09-18 19:40:00,993.67,993.85,992.68,993.84,589.825,585868.74732
BNBUSDT,1758192300000,2025-09-18 10:45:00,2025-09-18 19:45:00,993.85,994.2,993.11,993.63,766.116,761229.14861
BNBUSDT,1758192600000,2025-09-18 10:50:00,2025-09-18 19:50:00,993.62,993.63,991.9,992.2,961.884,954871.08147
BNBUSDT,1758192900000,2025-09-18 10:55:00,2025-09-18 19:55:00,992.19,994.13,991.76,993.31,2186.544,2170466.82913
BNBUSDT,1758193200000,2025-09-18 11:00:00,2025-09-18 20:00:00,993.31,994.86,993.31,994.29,1404.354,1395956.20925
BNBUSDT,1758193500000,2025-09-18 11:05:00,2025-09-18 20:05:00,994.28,994.37,992,992.56,2283.98,2268223.81115
BNBUSDT,1758193800000,2025-09-18 11:10:00,2025-09-18 20:10:00,992.57,992.57,990.78,991.2,2637.267,2614784.38782
BNBUSDT,1758194100000,2025-09-18 11:15:00,2025-09-18 20:15:00,991.2,992.88,991.2,992.59,1385.786,1374485.648
BNBUSDT,1758194400000,2025-09-18 11:20:00,2025-09-18 20:20:00,992.59,993.63,992.59,993.21,670.153,665412.51147
BNBUSDT,1758194700000,2025-09-18 11:25:00,2025-09-18 20:25:00,993.21,993.21,991.08,991.91,1137.025,1127773.0366
BNBUSDT,1758195000000,2025-09-18 11:30:00,2025-09-18 20:30:00,991.91,992.7,991,991.39,1598.869,1585797.10175
BNBUSDT,1758195300000,2025-09-18 11:35:00,2025-09-18 20:35:00,991.39,992.81,990.48,992.8,4815.809,4774985.50621
BNBUSDT,1758195600000,2025-09-18 11:40:00,2025-09-18 20:40:00,992.8,992.9,991.7,991.76,815.951,809867.16006
BNBUSDT,1758195900000,2025-09-18 11:45:00,2025-09-18 20:45:00,991.76,993.18,991.75,992.8,1269.116,1259883.53477
BNBUSDT,1758196200000,2025-09-18 11:50:00,2025-09-18 20:50:00,992.8,993.3,991.94,992.01,1059.027,1051406.50041
BNBUSDT,1758196500000,2025-09-18 11:55:00,2025-09-18 20:55:00,992.02,992.02,991.21,991.71,784.142,777614.80473
BNBUSDT,1758196800000,2025-09-18 12:00:00,2025-09-18 21:00:00,991.72,992.08,990.8,992.07,717.108,711023.51858
BNBUSDT,1758197100000,2025-09-18 12:05:00,2025-09-18 21:05:00,992.07,992.44,991.4,991.9,768.468,762346.67306
BNBUSDT,1758197400000,2025-09-18 12:10:00,2025-09-18 21:10:00,991.89,993.12,991.43,993.12,714.462,708987.11734
BNBUSDT,1758197700000,2025-09-18 12:15:00,2025-09-18 21:15:00,993.11,993.2,992.01,992.31,806.086,800104.37933
BNBUSDT,1758198000000,2025-09-18 12:20:00,2025-09-18 21:20:00,992.3,993.1,992.29,993,625.82,621231.0326
BNBUSDT,1758198300000,2025-09-18 12:25:00,2025-09-18 21:25:00,993,994.5,992.9,994.16,1386.42,1378100.43752
BNBUSDT,1758198600000,2025-09-18 12:30:00,2025-09-18 21:30:00,994.16,994.49,992.72,992.85,722.751,718297.35468
BNBUSDT,1758198900000,2025-09-18 12:35:00,2025-09-18 21:35:00,992.85,994.45,992.84,994.45,570.566,566889.20472
BNBUSDT,1758199200000,2025-09-18 12:40:00,2025-09-18 21:40:00,994.44,995.3,994.21,994.31,818.321,814044.51264
BNBUSDT,1758199500000,2025-09-18 12:45:00,2025-09-18 21:45:00,994.31,995.9,994.28,994.49,1054.366,1049135.63449
BNBUSDT,1758199800000,2025-09-18 12:50:00,2025-09-18 21:50:00,994.5,995.61,994.09,995.59,611.954,608823.96565
BNBUSDT,1758200100000,2025-09-18 12:55:00,2025-09-18 21:55:00,995.59,997,995.59,996.61,1704.285,1698170.91463
BNBUSDT,1758200400000,2025-09-18 13:00:00,2025-09-18 22:00:00,996.61,996.69,994.53,994.89,836.813,833330.07
BNBUSDT,1758200700000,2025-09-18 13:05:00,2025-09-18 22:05:00,994.89,996.24,994.89,996.23,733.698,730473.50626
BNBUSDT,1758201000000,2025-09-18 13:10:00,2025-09-18 22:10:00,996.24,998.38,996,998.38,668.867,667011.57708
BNBUSDT,1758201300000,2025-09-18 13:15:00,2025-09-18 22:15:00,998.37,998.89,996.65,997.73,1221.374,1218807.19143
BNBUSDT,1758201600000,2025-09-18 13:20:00,2025-09-18 22:20:00,997.74,997.74,996.5,997.06,606.566,604749.73797
BNBUSDT,1758201900000,2025-09-18 13:25:00,2025-09-18 22:25:00,997.06,998.29,996.9,997.84,1101.302,1098772.9087
BNBUSDT,1758202200000,2025-09-18 13:30:00,2025-09-18 22:30:00,997.84,998.52,996.27,997.68,1620.244,1616197.69075
BNBUSDT,1758202500000,2025-09-18 13:35:00,2025-09-18 22:35:00,997.68,998.17,993.87,995,1934.472,1927011.62442
BNBUSDT,1758202800000,2025-09-18 13:40:00,2025-09-18 22:40:00,994.99,995.5,993,993.46,1079.326,1072912.71806
BNBUSDT,1758203100000,2025-09-18 13:45:00,2025-09-18 22:45:00,993.46,994.3,992.14,994.16,1587.789,1576275.53807
BNBUSDT,1758203400000,2025-09-18 13:50:00,2025-09-18 22:50:00,994.16,995.18,993.1,993.29,714.148,710001.60382
BNBUSDT,1758203700000,2025-09-18 13:55:00,2025-09-18 22:55:00,993.3,994.76,992.84,994.76,810.159,805206.65709
BNBUSDT,1758204000000,2025-09-18 14:00:00,2025-09-18 23:00:00,994.75,995.82,994.75,994.85,1160.438,1154868.20304
BNBUSDT,1758204300000,2025-09-18 14:05:00,2025-09-18 23:05:00,994.84,995,994.33,994.81,870.65,866065.46696
BNBUSDT,1758204600000,2025-09-18 14:10:00,2025-09-18 23:10:00,994.8,995.33,994.06,994.06,672.641,669190.41674
BNBUSDT,1758204900000,2025-09-18 14:15:00,2025-09-18 23:15:00,994.07,995.31,993,995.16,1426.401,1417826.68127
BNBUSDT,1758205200000,2025-09-18 14:20:00,2025-09-18 23:20:00,995.16,995.84,993.47,993.6,1835.074,1824540.38441
BNBUSDT,1758205500000,2025-09-18 14:25:00,2025-09-18 23:25:00,993.6,994.52,993.59,993.9,1533.984,1524709.73327
BNBUSDT,1758205800000,2025-09-18 14:30:00,2025-09-18 23:30:00,993.9,995.1,993.89,995.1,774.697,770487.53793
BNBUSDT,1758206100000,2025-09-18 14:35:00,2025-09-18 23:35:00,995.1,995.1,993.09,993.56,1520.291,1511228.26663
BNBUSDT,1758206400000,2025-09-18 14:40:00,2025-09-18 23:40:00,993.56,994.53,993.5,994.1,675.579,671436.61564
BNBUSDT,1758206700000,2025-09-18 14:45:00,2025-09-18 23:45:00,994.1,994.89,994,994,773.452,768961.8215
BNBUSDT,1758207000000,2025-09-18 14:50:00,2025-09-18 23:50:00,994,994.7,993.54,994.45,673.257,669449.4637
BNBUSDT,1758207300000,2025-09-18 14:55:00,2025-09-18 23:55:00,994.45,995.7,994.41,995.14,1318.032,1311787.91208
BNBUSDT,1758207600000,2025-09-18 15:00:00,2025-09-19 00:00:00,995.14,996.94,994.41,996.03,1878.359,1870449.5826
BNBUSDT,1758207900000,2025-09-18 15:05:00,2025-09-19 00:05:00,996.03,996.51,994.31,995.58,1235.035,1228946.47047
BNBUSDT,1758208200000,2025-09-18 15:10:00,2025-09-19 00:10:00,995.58,995.6,993.35,994,1527.364,1519579.89933
BNBUSDT,1758208500000,2025-09-18 15:15:00,2025-09-19 00:15:00,994,995.26,993.5,994.52,1187.699,1181024.00726
BNBUSDT,1758208800000,2025-09-18 15:20:00,2025-09-19 00:20:00,994.53,995.25,993.71,993.82,1696.371,1686772.51835
BNBUSDT,1758209100000,2025-09-18 15:25:00,2025-09-19 00:25:00,993.82,994.21,993,993.01,622.281,618287.64547
BNBUSDT,1758209400000,2025-09-18 15:30:00,2025-09-19 00:30:00,993.01,994.09,993.01,993.13,1257.58,1249376.83678
BNBUSDT,1758209700000,2025-09-18 15:35:00,2025-09-19 00:35:00,993.13,994.8,993.06,994.28,1283.913,1276056.26669
BNBUSDT,1758210000000,2025-09-18 15:40:00,2025-09-19 00:40:00,994.27,994.3,993.6,993.92,430.589,428029.47003
BNBUSDT,1758210300000,2025-09-18 15:45:00,2025-09-19 00:45:00,993.92,995.5,993.91,995.4,571.208,568287.28387
BNBUSDT,1758210600000,2025-09-18 15:50:00,2025-09-19 00:50:00,995.41,995.48,993.78,994.21,1071.129,1065255.39271
BNBUSDT,1758210900000,2025-09-18 15:55:00,2025-09-19 00:55:00,994.2,994.48,993.45,993.45,609.504,605825.46716
BNBUSDT,1758211200000,2025-09-18 16:00:00,2025-09-19 01:00:00,993.44,993.82,993,993.68,1957.788,1944622.10855
BNBUSDT,1758211500000,2025-09-18 16:05:00,2025-09-19 01:05:00,993.68,993.68,991.02,991.2,1652.915,1640344.59371
BNBUSDT,1758211800000,2025-09-18 16:10:00,2025-09-19 01:10:00,991.2,992.4,991,991.87,1673.79,1660069.36445
BNBUSDT,1758212100000,2025-09-18 16:15:00,2025-09-19 01:15:00,991.86,993.01,991.86,993,744.286,738776.65408
BNBUSDT,1758212400000,2025-09-18 16:20:00,2025-09-19 01:20:00,992.99,994.54,992.99,993.67,2396.721,2382306.01904
BNBUSDT,1758212700000,2025-09-18 16:25:00,2025-09-19 01:25:00,993.66,994.31,993.33,993.62,837.924,832785.65154
BNBUSDT,1758213000000,2025-09-18 16:30:00,2025-09-19 01:30:00,993.62,993.79,992.41,993.6,734.782,729775.48392
BNBUSDT,1758213300000,2025-09-18 16:35:00,2025-09-19 01:35:00,993.59,994.45,993.4,994.19,538.954,535683.26839
BNBUSDT,1758213600000,2025-09-18 16:40:00,2025-09-19 01:40:00,994.19,995.05,994.19,994.74,827.883,823528.99406
BNBUSDT,1758213900000,2025-09-18 16:45:00,2025-09-19 01:45:00,994.74,995.11,993.99,995.11,778.249,773997.00194
BNBUSDT,1758214200000,2025-09-18 16:50:00,2025-09-19 01:50:00,995.11,995.48,994.53,995.1,1397.397,1390360.95564
BNBUSDT,1758214500000,2025-09-18 16:55:00,2025-09-19 01:55:00,995.1,995.29,993.9,994,548.268,545223.95974
BNBUSDT,1758214800000,2025-09-18 17:00:00,2025-09-19 02:00:00,993.99,994,992.56,992.7,585.846,581995.86622
BNBUSDT,1758215100000,2025-09-18 17:05:00,2025-09-19 02:05:00,992.7,994.22,992.55,993.37,1452.503,1442942.59971
BNBUSDT,1758215400000,2025-09-18 17:10:00,2025-09-19 02:10:00,993.37,994.2,993.04,993.06,655.736,651456.70563
BNBUSDT,1758215700000,2025-09-18 17:15:00,2025-09-19 02:15:00,993.05,993.78,992.01,992.15,991.125,983821.24161
BNBUSDT,1758216000000,2025-09-18 17:20:00,2025-09-19 02:20:00,992.14,992.57,990.98,991.1,1716.746,1702635.20105
BNBUSDT,1758216300000,2025-09-18 17:25:00,2025-09-19 02:25:00,991.11,991.57,990.71,991.41,660.582,654802.1403
BNBUSDT,1758216600000,2025-09-18 17:30:00,2025-09-19 02:30:00,991.41,992.58,991.4,992.01,847.062,840241.4322
BNBUSDT,1758216900000,2025-09-18 17:35:00,2025-09-19 02:35:00,992,992.32,991.4,992.24,642.379,637132.60692
BNBUSDT,1758217200000,2025-09-18 17:40:00,2025-09-19 02:40:00,992.24,992.8,991.86,992.39,388.849,385815.86139
BNBUSDT,1758217500000,2025-09-18 17:45:00,2025-09-19 02:45:00,992.39,992.8,992.02,992.35,752.13,746354.7276
BNBUSDT,1758217800000,2025-09-18 17:50:00,2025-09-19 02:50:00,992.35,992.6,991.67,992.32,874.82,867894.06694
BNBUSDT,1758218100000,2025-09-18 17:55:00,2025-09-19 02:55:00,992.33,992.33,990.85,991.61,1290.883,1279571.01682
BNBUSDT,1758218400000,2025-09-18 18:00:00,2025-09-19 03:00:00,991.61,991.61,990.9,991.26,470.214,466051.1116
BNBUSDT,1758218700000,2025-09-18 18:05:00,2025-09-19 03:05:00,991.26,992,990.84,991.65,525.619,521119.75813
BNBUSDT,1758219000000,2025-09-18 18:10:00,2025-09-19 03:10:00,991.65,992,991.22,991.78,448.027,444326.2386
BNBUSDT,1758219300000,2025-09-18 18:15:00,2025-09-19 03:15:00,991.78,992.1,991.23,991.23,373.085,370006.12428
BNBUSDT,1758219600000,2025-09-18 18:20:00,2025-09-19 03:20:00,991.23,991.23,990.02,990.27,856.852,848921.16244
BNBUSDT,1758219900000,2025-09-18 18:25:00,2025-09-19 03:25:00,990.28,990.28,988.67,989.31,2422.31,2397482.21993
BNBUSDT,1758220200000,2025-09-18 18:30:00,2025-09-19 03:30:00,989.31,989.7,988,988.16,1010.767,999404.9155
BNBUSDT,1758220500000,2025-09-18 18:35:00,2025-09-19 03:35:00,988.17,988.25,986,986.19,2349.615,2319224.54004
BNBUSDT,1758220800000,2025-09-18 18:40:00,2025-09-19 03:40:00,986.18,987.68,986.09,987.44,848.629,837500.01174
BNBUSDT,1758221100000,2025-09-18 18:45:00,2025-09-19 03:45:00,987.44,988.74,987.43,988.7,455.66,450289.22526
BNBUSDT,1758221400000,2025-09-18 18:50:00,2025-09-19 03:50:00,988.7,988.93,988.07,988.66,414.613,409881.18894
BNBUSDT,1758221700000,2025-09-18 18:55:00,2025-09-19 03:55:00,988.65,988.94,987.49,987.5,1033.164,1021011.43924
BNBUSDT,1758222000000,2025-09-18 19:00:00,2025-09-19 04:00:00,987.5,988.53,987.49,988.33,1351.851,1335551.76249
BNBUSDT,1758222300000,2025-09-18 19:05:00,2025-09-19 04:05:00,988.33,988.75,988.1,988.4,548.001,541643.40592
BNBUSDT,1758222600000,2025-09-18 19:10:00,2025-09-19 04:10:00,988.4,988.77,988.29,988.63,262.725,259714.53137
BNBUSDT,1758222900000,2025-09-18 19:15:00,2025-09-19 04:15:00,988.62,988.63,987.74,988.1,545.954,539487.85471
BNBUSDT,1758223200000,2025-09-18 19:20:00,2025-09-19 04:20:00,988.1,988.1,987.67,987.82,188.94,186640.17861
BNBUSDT,1758223500000,2025-09-18 19:25:00,2025-09-19 04:25:00,987.82,988.2,987.1,987.11,298.75,295077.38395
BNBUSDT,1758223800000,2025-09-18 19:30:00,2025-09-19 04:30:00,987.11,987.95,986.13,986.4,555.919,548675.07282
BNBUSDT,1758224100000,2025-09-18 19:35:00,2025-09-19 04:35:00,986.39,987.38,985.6,987.2,910.256,897729.60671
BNBUSDT,1758224400000,2025-09-18 19:40:00,2025-09-19 04:40:00,987.2,988.06,987.19,987.98,614.462,606890.32766
BNBUSDT,1758224700000,2025-09-18 19:45:00,2025-09-19 04:45:00,987.98,988.27,987.5,988.2,597.093,589869.80233
BNBUSDT,1758225000000,2025-09-18 19:50:00,2025-09-19 04:50:00,988.19,988.4,987.41,987.7,550.461,543784.99155
BNBUSDT,1758225300000,2025-09-18 19:55:00,2025-09-19 04:55:00,987.7,988.3,987.61,988.01,224.257,221595.66147
BNBUSDT,1758225600000,2025-09-18 20:00:00,2025-09-19 05:00:00,988,988.28,987.62,987.71,240.708,237802.61823
BNBUSDT,1758225900000,2025-09-18 20:05:00,2025-09-19 05:05:00,987.71,988.48,987.6,988.48,406.211,401345.96579
BNBUSDT,1758226200000,2025-09-18 20:10:00,2025-09-19 05:10:00,988.48,988.54,988.1,988.21,319.805,316079.7022
BNBUSDT,1758226500000,2025-09-18 20:15:00,2025-09-19 05:15:00,988.21,988.69,988.18,988.4,140.558,138929.80562
BNBUSDT,1758226800000,2025-09-18 20:20:00,2025-09-19 05:20:00,988.41,988.41,988,988.27,143.273,141587.76958
BNBUSDT,1758227100000,2025-09-18 20:25:00,2025-09-19 05:25:00,988.28,988.28,988,988.01,58.741,58037.30741
BNBUSDT,1758227400000,2025-09-18 20:30:00,2025-09-19 05:30:00,988.01,988.1,987.79,988.01,228.396,225632.02979
BNBUSDT,1758227700000,2025-09-18 20:35:00,2025-09-19 05:35:00,988.01,988.79,988,988.65,150.622,148886.30102
BNBUSDT,1758228000000,2025-09-18 20:40:00,2025-09-19 05:40:00,988.65,989.03,988.65,989.01,361.422,357406.94154
BNBUSDT,1758228300000,2025-09-18 20:45:00,2025-09-19 05:45:00,989,989.01,988.48,988.5,444.449,439421.89242
BNBUSDT,1758228600000,2025-09-18 20:50:00,2025-09-19 05:50:00,988.5,988.8,988.09,988.23,844.877,835026.24821
BNBUSDT,1758228900000,2025-09-18 20:55:00,2025-09-19 05:55:00,988.24,988.28,987.84,987.88,453.766,448414.10407
BNBUSDT,1758229200000,2025-09-18 21:00:00,2025-09-19 06:00:00,987.88,987.94,987.35,987.36,448.816,443311.16225
BNBUSDT,1758229500000,2025-09-18 21:05:00,2025-09-19 06:05:00,987.36,987.36,986.57,986.96,465.206,459114.1059
BNBUSDT,1758229800000,2025-09-18 21:10:00,2025-09-19 06:10:00,986.96,987.4,986.93,987.17,614.463,606616.76856
BNBUSDT,1758230100000,2025-09-18 21:15:00,2025-09-19 06:15:00,987.17,987.4,986.96,987.4,286.199,282497.3216
BNBUSDT,1758230400000,2025-09-18 21:20:00,2025-09-19 06:20:00,987.4,988.09,987.39,987.9,351.358,347087.77972
BNBUSDT,1758230700000,2025-09-18 21:25:00,2025-09-19 06:25:00,987.9,988.62,987.9,988.3,264.929,261825.67904
BNBUSDT,1758231000000,2025-09-18 21:30:00,2025-09-19 06:30:00,988.31,988.4,988.1,988.4,145.188,143479.28748
BNBUSDT,1758231300000,2025-09-18 21:35:00,2025-09-19 06:35:00,988.4,988.73,988.39,988.5,186.945,184811.29811
BNBUSDT,1758231600000,2025-09-18 21:40:00,2025-09-19 06:40:00,988.5,988.51,988.2,988.22,222.736,220133.33864
BNBUSDT,1758231900000,2025-09-18 21:45:00,2025-09-19 06:45:00,988.23,988.9,988.22,988.59,230.012,227389.06948
BNBUSDT,1758232200000,2025-09-18 21:50:00,2025-09-19 06:50:00,988.59,988.69,988.58,988.59,110.052,108801.56573
BNBUSDT,1758232500000,2025-09-18 21:55:00,2025-09-19 06:55:00,988.59,988.62,987.82,987.86,279.727,276476.82248
BNBUSDT,1758232800000,2025-09-18 22:00:00,2025-09-19 07:00:00,987.86,988.18,987.15,987.21,293.263,289617.12886
BNBUSDT,1758233100000,2025-09-18 22:05:00,2025-09-19 07:05:00,987.22,987.38,986.5,986.51,473.431,467177.81403
BNBUSDT,1758233400000,2025-09-18 22:10:00,2025-09-19 07:10:00,986.51,986.97,985.75,985.79,471.51,465053.36345
BNBUSDT,1758233700000,2025-09-18 22:15:00,2025-09-19 07:15:00,985.79,986.7,985.15,986.7,839.125,827276.1515
BNBUSDT,1758234000000,2025-09-18 22:20:00,2025-09-19 07:20:00,986.7,987,985,986.29,1512.552,1491004.37552
BNBUSDT,1758234300000,2025-09-18 22:25:00,2025-09-19 07:25:00,986.29,986.6,985.25,985.55,534.438,526863.57864
BNBUSDT,1758234600000,2025-09-18 22:30:00,2025-09-19 07:30:00,985.54,986.64,984.74,985.02,1314.127,1294962.05355
BNBUSDT,1758234900000,2025-09-18 22:35:00,2025-09-19 07:35:00,985.01,985.52,985.01,985.38,295.108,290774.81145
BNBUSDT,1758235200000,2025-09-18 22:40:00,2025-09-19 07:40:00,985.38,986.4,985.37,986.17,581.682,573547.35817
BNBUSDT,1758235500000,2025-09-18 22:45:00,2025-09-19 07:45:00,986.16,986.17,985.1,985.24,367.822,362497.3562
BNBUSDT,1758235800000,2025-09-18 22:50:00,2025-09-19 07:50:00,985.23,985.27,983.5,983.93,978.567,963129.11229
BNBUSDT,1758236100000,2025-09-18 22:55:00,2025-09-19 07:55:00,983.93,984.03,982,982.74,2243.709,2205767.66153
BNBUSDT,1758236400000,2025-09-18 23:00:00,2025-09-19 08:00:00,982.73,982.74,980.18,980.78,3723.209,3652154.62111
BNBUSDT,1758236700000,2025-09-18 23:05:00,2025-09-19 08:05:00,980.77,981.07,979.48,981.07,2123.859,2081411.4195
BNBUSDT,1758237000000,2025-09-18 23:10:00,2025-09-19 08:10:00,981.07,982.5,980.56,981.95,709.225,696149.50434
BNBUSDT,1758237300000,2025-09-18 23:15:00,2025-09-19 08:15:00,981.96,982.32,981.28,982.05,674.39,662142.83318
BNBUSDT,1758237600000,2025-09-18 23:20:00,2025-09-19 08:20:00,982.06,982.7,981.2,982.23,754.593,741032.69107
BNBUSDT,1758237900000,2025-09-18 23:25:00,2025-09-19 08:25:00,982.23,982.24,981.32,981.75,477.374,468689.4369
BNBUSDT,1758238200000,2025-09-18 23:30:00,2025-09-19 08:30:00,981.74,982.56,981.51,982.56,652.297,640529.18097
BNBUSDT,1758238500000,2025-09-18 23:35:00,2025-09-19 08:35:00,982.56,983,982.5,982.99,329.607,323883.43672
BNBUSDT,1758238800000,2025-09-18 23:40:00,2025-09-19 08:40:00,983,983,982,982,1005.69,988212.20827
BNBUSDT,1758239100000,2025-09-18 23:45:00,2025-09-19 08:45:00,982,983.23,982,982.82,1298.894,1276528.08115
BNBUSDT,1758239400000,2025-09-18 23:50:00,2025-09-19 08:50:00,982.83,982.83,980.85,981.44,1781.636,1748640.17718
BNBUSDT,1758239700000,2025-09-18 23:55:00,2025-09-19 08:55:00,981.45,981.95,980.14,981.04,1210.648,1187599.85399
BNBUSDT,1758240000000,2025-09-19 00:00:00,2025-09-19 09:00:00,981.05,982.73,981.05,982.43,1150.011,1129298.57229
BNBUSDT,1758240300000,2025-09-19 00:05:00,2025-09-19 09:05:00,982.44,982.63,982,982.31,351.297,345105.70631
BNBUSDT,1758240600000,2025-09-19 00:10:00,2025-09-19 09:10:00,982.31,982.31,980.7,981.4,525.473,515674.96569
BNBUSDT,1758240900000,2025-09-19 00:15:00,2025-09-19 09:15:00,981.41,982.24,980.87,980.93,805.762,790962.08336
BNBUSDT,1758241200000,2025-09-19 00:20:00,2025-09-19 09:20:00,980.92,981.64,980.7,981.4,488.75,479488.00433
BNBUSDT,1758241500000,2025-09-19 00:25:00,2025-09-19 09:25:00,981.39,983.56,981.39,983.56,537.31,527958.07222
BNBUSDT,1758241800000,2025-09-19 00:30:00,2025-09-19 09:30:00,983.55,984.9,983.43,984.8,886.116,871918.40885
BNBUSDT,1758242100000,2025-09-19 00:35:00,2025-09-19 09:35:00,984.79,985.58,984.7,985.02,1224.706,1206319.32368
BNBUSDT,1758242400000,2025-09-19 00:40:00,2025-09-19 09:40:00,985.03,985.8,984.5,985.5,826.145,813916.78413
BNBUSDT,1758242700000,2025-09-19 00:45:00,2025-09-19 09:45:00,985.5,985.5,983.88,984.91,1633.916,1608952.75218
BNBUSDT,1758243000000,2025-09-19 00:50:00,2025-09-19 09:50:00,984.9,985.29,984.55,984.98,424.758,418326.75824
BNBUSDT,1758243300000,2025-09-19 00:55:00,2025-09-19 09:55:00,984.99,985.86,984.98,985.85,485.707,478604.22418
BNBUSDT,1758243600000,2025-09-19 01:00:00,2025-09-19 10:00:00,985.86,986.57,985.85,986.5,1167.669,1151575.5451
BNBUSDT,1758243900000,2025-09-19 01:05:00,2025-09-19 10:05:00,986.49,986.5,985.22,985.3,723.148,712935.17935
BNBUSDT,1758244200000,2025-09-19 01:10:00,2025-09-19 10:10:00,985.31,985.8,984.41,984.76,441.543,434941.66999
BNBUSDT,1758244500000,2025-09-19 01:15:00,2025-09-19 10:15:00,984.75,986.23,984.38,986.1,1672.582,1648321.39721
BNBUSDT,1758244800000,2025-09-19 01:20:00,2025-09-19 10:20:00,986.1,986.8,985.84,986.11,453.451,447234.02154
BNBUSDT,1758245100000,2025-09-19 01:25:00,2025-09-19 10:25:00,986.11,987.26,986.1,987.19,404.983,399588.80794
BNBUSDT,1758245400000,2025-09-19 01:30:00,2025-09-19 10:30:00,987.19,987.9,986.5,986.53,558.816,551734.81162
BNBUSDT,1758245700000,2025-09-19 01:35:00,2025-09-19 10:35:00,986.53,986.53,985.93,985.95,262.783,259170.91089
BNBUSDT,1758246000000,2025-09-19 01:40:00,2025-09-19 10:40:00,985.96,986,985.16,985.9,638.099,628981.65714
BNBUSDT,1758246300000,2025-09-19 01:45:00,2025-09-19 10:45:00,985.9,985.91,984.5,984.5,545.804,537693.36667
BNBUSDT,1758246600000,2025-09-19 01:50:00,2025-09-19 10:50:00,984.51,985.27,983.71,985.22,914,899665.22874
BNBUSDT,1758246900000,2025-09-19 01:55:00,2025-09-19 10:55:00,985.22,986,984.66,985.81,336.307,331371.91237
BNBUSDT,1758247200000,2025-09-19 02:00:00,2025-09-19 11:00:00,985.8,986.03,985.1,986.03,351.186,346100.5874
BNBUSDT,1758247500000,2025-09-19 02:05:00,2025-09-19 11:05:00,986.03,986.24,985.36,985.37,395.745,390151.28465
BNBUSDT,1758247800000,2025-09-19 02:10:00,2025-09-19 11:10:00,985.37,985.51,984.08,984.17,577.936,569110.25887
BNBUSDT,1758248100000,2025-09-19 02:15:00,2025-09-19 11:15:00,984.16,984.85,984.16,984.51,308.039,303319.36965
BNBUSDT,1758248400000,2025-09-19 02:20:00,2025-09-19 11:20:00,984.51,984.51,984.24,984.5,450.46,443438.13594
BNBUSDT,1758248700000,2025-09-19 02:25:00,2025-09-19 11:25:00,984.5,984.98,984.18,984.9,320.231,315309.39316
BNBUSDT,1758249000000,2025-09-19 02:30:00,2025-09-19 11:30:00,984.9,985.58,984.31,984.6,473.986,466877.13537
BNBUSDT,1758249300000,2025-09-19 02:35:00,2025-09-19 11:35:00,984.6,986.8,984.6,986.18,701.333,691626.8209
BNBUSDT,1758249600000,2025-09-19 02:40:00,2025-09-19 11:40:00,986.18,986.98,985.99,986.4,449.048,442935.1048
BNBUSDT,1758249900000,2025-09-19 02:45:00,2025-09-19 11:45:00,986.41,987.11,986.41,986.61,904.98,893034.69431
BNBUSDT,1758250200000,2025-09-19 02:50:00,2025-09-19 11:50:00,986.6,986.61,985.18,985.28,705.068,694982.02983
BNBUSDT,1758250500000,2025-09-19 02:55:00,2025-09-19 11:55:00,985.29,985.99,985.12,985.99,609.62,600796.99022
BNBUSDT,1758250800000,2025-09-19 03:00:00,2025-09-19 12:00:00,985.99,987.25,985.99,987.24,708.764,699203.44904
BNBUSDT,1758251100000,2025-09-19 03:05:00,2025-09-19 12:05:00,987.25,988.51,987.24,988.43,1662.847,1642753.18718
BNBUSDT,1758251400000,2025-09-19 03:10:00,2025-09-19 12:10:00,988.42,988.5,988,988.1,403.211,398484.05538
BNBUSDT,1758251700000,2025-09-19 03:15:00,2025-09-19 12:15:00,988.09,988.67,988.06,988.4,457.333,451999.58906
BNBUSDT,1758252000000,2025-09-19 03:20:00,2025-09-19 12:20:00,988.4,988.64,988,988.18,577.993,571245.80689
BNBUSDT,1758252300000,2025-09-19 03:25:00,2025-09-19 12:25:00,988.17,988.18,986.02,986.28,910.563,899039.99143
BNBUSDT,1758252600000,2025-09-19 03:30:00,2025-09-19 12:30:00,986.28,986.38,984.62,985.16,718.619,707978.80882
BNBUSDT,1758252900000,2025-09-19 03:35:00,2025-09-19 12:35:00,985.16,985.16,984.02,985.03,616.544,606954.34941
BNBUSDT,1758253200000,2025-09-19 03:40:00,2025-09-19 12:40:00,985.04,986.1,984.4,985.97,3659.46,3604774.64683
BNBUSDT,1758253500000,2025-09-19 03:45:00,2025-09-19 12:45:00,985.96,985.96,983.66,984.1,750.348,739221.1717
BNBUSDT,1758253800000,2025-09-19 03:50:00,2025-09-19 12:50:00,984.1,986.05,982.62,984.87,5686.357,5598746.2668
BNBUSDT,1758254100000,2025-09-19 03:55:00,2025-09-19 12:55:00,984.86,985.51,984.08,984.96,996.905,981785.05264
BNBUSDT,1758254400000,2025-09-19 04:00:00,2025-09-19 13:00:00,984.96,985.4,982.73,983.16,1341.534,1320731.25208
BNBUSDT,1758254700000,2025-09-19 04:05:00,2025-09-19 13:05:00,983.16,983.85,982.12,983.41,1074.552,1056290.75834
BNBUSDT,1758255000000,2025-09-19 04:10:00,2025-09-19 13:10:00,983.42,984.11,982.88,983.9,1315.164,1293155.2227
BNBUSDT,1758255300000,2025-09-19 04:15:00,2025-09-19 13:15:00,983.89,987.61,983.83,985.45,2747.192,2708706.84091
BNBUSDT,1758255600000,2025-09-19 04:20:00,2025-09-19 13:20:00,985.45,987.53,985.13,987.52,504.619,497904.69827
BNBUSDT,1758255900000,2025-09-19 04:25:00,2025-09-19 13:25:00,987.51,988.78,987.35,988.62,1009.709,997674.23291
BNBUSDT,1758256200000,2025-09-19 04:30:00,2025-09-19 13:30:00,988.62,988.63,987.5,987.71,1214.77,1200291.13975
BNBUSDT,1758256500000,2025-09-19 04:35:00,2025-09-19 13:35:00,987.71,988.66,987.7,988.49,665.288,657411.96909
BNBUSDT,1758256800000,2025-09-19 04:40:00,2025-09-19 13:40:00,988.49,989.32,988.4,989.18,4688.509,4637071.53009
BNBUSDT,1758257100000,2025-09-19 04:45:00,2025-09-19 13:45:00,989.19,990.28,988.9,990.06,2437.745,2412262.52468
BNBUSDT,1758257400000,2025-09-19 04:50:00,2025-09-19 13:50:00,990.07,991.99,988.88,990.27,2459.589,2435979.20199
BNBUSDT,1758257700000,2025-09-19 04:55:00,2025-09-19 13:55:00,990.26,992.29,989.4,991.84,1290.378,1278457.60446
BNBUSDT,1758258000000,2025-09-19 05:00:00,2025-09-19 14:00:00,991.84,994.45,991.34,993.18,2469.158,2452147.85054
BNBUSDT,1758258300000,2025-09-19 05:05:00,2025-09-19 14:05:00,993.18,994.47,991.98,993.27,2889.683,2868812.35117
BNBUSDT,1758258600000,2025-09-19 05:10:00,2025-09-19 14:10:00,993.28,994.51,993.06,993.24,996.734,990446.21428
BNBUSDT,1758258900000,2025-09-19 05:15:00,2025-09-19 14:15:00,993.25,993.6,991.9,993.12,1307.635,1298304.84911
BNBUSDT,1758259200000,2025-09-19 05:20:00,2025-09-19 14:20:00,993.12,993.12,989.78,990.22,1039.128,1029722.09653
BNBUSDT,1758259500000,2025-09-19 05:25:00,2025-09-19 14:25:00,990.22,990.41,989.2,989.79,1315.204,1302319.6859
BNBUSDT,1758259800000,2025-09-19 05:30:00,2025-09-19 14:30:00,989.79,991.42,988.96,991.25,864.033,855677.32738
BNBUSDT,1758260100000,2025-09-19 05:35:00,2025-09-19 14:35:00,991.25,991.58,990.26,991.31,1096.987,1087105.52586
BNBUSDT,1758260400000,2025-09-19 05:40:00,2025-09-19 14:40:00,991.32,991.6,990.2,991.27,639.352,633596.58581
BNBUSDT,1758260700000,2025-09-19 05:45:00,2025-09-19 14:45:00,991.28,991.69,991.28,991.62,842.738,835617.84396
BNBUSDT,1758261000000,2025-09-19 05:50:00,2025-09-19 14:50:00,991.63,993.8,991.62,993.79,1253.779,1245399.15178
BNBUSDT,1758261300000,2025-09-19 05:55:00,2025-09-19 14:55:00,993.8,996.77,993.71,994.1,3624.736,3607175.31279
BNBUSDT,1758261600000,2025-09-19 06:00:00,2025-09-19 15:00:00,994.11,994.11,992.04,993.92,1387.546,1377745.97273
BNBUSDT,1758261900000,2025-09-19 06:05:00,2025-09-19 15:05:00,993.92,994,992.94,993.35,779.172,773981.20095
BNBUSDT,1758262200000,2025-09-19 06:10:00,2025-09-19 15:10:00,993.35,993.8,992.81,993.38,960.572,954139.04051
BNBUSDT,1758262500000,2025-09-19 06:15:00,2025-09-19 15:15:00,993.37,995.61,992.7,995.6,2460.209,2444609.74857
BNBUSDT,1758262800000,2025-09-19 06:20:00,2025-09-19 15:20:00,995.61,995.61,992.9,993.08,1220.504,1213078.72929
BNBUSDT,1758263100000,2025-09-19 06:25:00,2025-09-19 15:25:00,993.08,994.9,992.45,994.18,1189.714,1182130.73084
BNBUSDT,1758263400000,2025-09-19 06:30:00,2025-09-19 15:30:00,994.18,995.2,992.42,992.7,1643.704,1634194.83597
BNBUSDT,1758263700000,2025-09-19 06:35:00,2025-09-19 15:35:00,992.7,994.36,992.17,994.32,1503.403,1493460.41486
BNBUSDT,1758264000000,2025-09-19 06:40:00,2025-09-19 15:40:00,994.32,994.77,993.71,994.22,1511.979,1503090.59692
BNBUSDT,1758264300000,2025-09-19 06:45:00,2025-09-19 15:45:00,994.22,995.43,993.5,994.19,1974.239,1963358.25498
BNBUSDT,1758264600000,2025-09-19 06:50:00,2025-09-19 15:50:00,994.19,994.8,992.6,993.96,2362.493,2347691.37885
BNBUSDT,1758264900000,2025-09-19 06:55:00,2025-09-19 15:55:00,993.95,994.08,993.04,993.55,2635.889,2619334.5106
BNBUSDT,1758265200000,2025-09-19 07:00:00,2025-09-19 16:00:00,993.55,994.91,992.91,993.12,2209.968,2196402.02052
BNBUSDT,1758265500000,2025-09-19 07:05:00,2025-09-19 16:05:00,993.13,994,991.94,993.28,2279.133,2263607.93617
BNBUSDT,1758265800000,2025-09-19 07:10:00,2025-09-19 16:10:00,993.28,994.8,993.09,994.74,2896.352,2879043.02682
BNBUSDT,1758266100000,2025-09-19 07:15:00,2025-09-19 16:15:00,994.75,995.85,994.6,995.84,1410.749,1403909.59414
BNBUSDT,1758266400000,2025-09-19 07:20:00,2025-09-19 16:20:00,995.85,996.91,995.32,996.76,1673.434,1666909.79536
BNBUSDT,1758266700000,2025-09-19 07:25:00,2025-09-19 16:25:00,996.77,997.68,996.64,996.8,3502.506,3491895.84806
BNBUSDT,1758267000000,2025-09-19 07:30:00,2025-09-19 16:30:00,996.8,997.7,995.84,995.88,2211.68,2203630.86188
BNBUSDT,1758267300000,2025-09-19 07:35:00,2025-09-19 16:35:00,995.89,996.77,995.88,996.15,1738.731,1732336.10373
BNBUSDT,1758267600000,2025-09-19 07:40:00,2025-09-19 16:40:00,996.14,997.04,995.23,995.37,1278.416,1273149.58286
BNBUSDT,1758267900000,2025-09-19 07:45:00,2025-09-19 16:45:00,995.37,995.7,994.65,995.13,1401.494,1394645.07704
BNBUSDT,1758268200000,2025-09-19 07:50:00,2025-09-19 16:50:00,995.13,995.88,994.18,994.49,1498.035,1490589.17656
BNBUSDT,1758268500000,2025-09-19 07:55:00,2025-09-19 16:55:00,994.48,994.91,993.62,994.76,3521.858,3501638.18504
BNBUSDT,1758268800000,2025-09-19 08:00:00,2025-09-19 17:00:00,994.75,996.53,994.7,996.2,1446.65,1440652.7423
BNBUSDT,1758269100000,2025-09-19 08:05:00,2025-09-19 17:05:00,996.19,998.95,995.9,998.68,3564.741,3554412.30979
BNBUSDT,1758269400000,2025-09-19 08:10:00,2025-09-19 17:10:00,998.68,1000,998.25,999.17,5446.75,5444566.87561
BNBUSDT,1758269700000,2025-09-19 08:15:00,2025-09-19 17:15:00,999.17,1000,997.69,999.64,1679.149,1677315.91186
BNBUSDT,1758270000000,2025-09-19 08:20:00,2025-09-19 17:20:00,999.64,1002.99,999.31,1000.72,3476.894,3480190.17477
BNBUSDT,1758270300000,2025-09-19 08:25:00,2025-09-19 17:25:00,1000.72,1001.65,1000.3,1000.56,1145.692,1146959.35215
BNBUSDT,1758270600000,2025-09-19 08:30:00,2025-09-19 17:30:00,1000.57,1001.45,999,999.75,1527.825,1528060.59719
BNBUSDT,1758270900000,2025-09-19 08:35:00,2025-09-19 17:35:00,999.75,1000.47,998.46,998.88,2528.769,2527577.79259
BNBUSDT,1758271200000,2025-09-19 08:40:00,2025-09-19 17:40:00,998.88,999.8,998.32,999.53,1210.453,1209443.38933
BNBUSDT,1758271500000,2025-09-19 08:45:00,2025-09-19 17:45:00,999.53,1000.09,998.89,999.28,1968.965,1968284.75312
BNBUSDT,1758271800000,2025-09-19 08:50:00,2025-09-19 17:50:00,999.29,1000.26,999.1,1000.24,1226.011,1225692.95661
BNBUSDT,1758272100000,2025-09-19 08:55:00,2025-09-19 17:55:00,1000.24,1001.01,1000.05,1000.66,1775.025,1776114.86649
BNBUSDT,1758272400000,2025-09-19 09:00:00,2025-09-19 18:00:00,1000.66,1002.27,1000,1002,2277.172,2279434.45448
BNBUSDT,1758272700000,2025-09-19 09:05:00,2025-09-19 18:05:00,1002.01,1002.24,1000.89,1001.01,1218.586,1220521.73416
BNBUSDT,1758273000000,2025-09-19 09:10:00,2025-09-19 18:10:00,1001.01,1001.4,998.99,999.5,1723.827,1723553.34338
BNBUSDT,1758273300000,2025-09-19 09:15:00,2025-09-19 18:15:00,999.5,999.5,996.88,997.49,2144.55,2140372.45499
BNBUSDT,1758273600000,2025-09-19 09:20:00,2025-09-19 18:20:00,997.49,997.56,995.91,996.09,2563.495,2554971.10851
BNBUSDT,1758273900000,2025-09-19 09:25:00,2025-09-19 18:25:00,996.09,996.3,995.05,995.71,1814.619,1806764.11973
BNBUSDT,1758274200000,2025-09-19 09:30:00,2025-09-19 18:30:00,995.72,996.75,995.71,996,905.735,902341.02943
BNBUSDT,1758274500000,2025-09-19 09:35:00,2025-09-19 18:35:00,996,996.85,995.92,995.92,1338.512,1333683.2887
BNBUSDT,1758274800000,2025-09-19 09:40:00,2025-09-19 18:40:00,995.93,995.99,994.04,994.5,931.088,926472.30601
BNBUSDT,1758275100000,2025-09-19 09:45:00,2025-09-19 18:45:00,994.51,995.67,993.7,994.19,1181.182,1174771.97104
BNBUSDT,1758275400000,2025-09-19 09:50:00,2025-09-19 18:50:00,994.19,995.5,993.9,995,885.734,881122.38428
BNBUSDT,1758275700000,2025-09-19 09:55:00,2025-09-19 18:55:00,995,996.06,994.7,994.87,704.154,700868.62578
BNBUSDT,1758276000000,2025-09-19 10:00:00,2025-09-19 19:00:00,994.87,995.72,993.88,994.26,819.443,815301.43211
BNBUSDT,1758276300000,2025-09-19 10:05:00,2025-09-19 19:05:00,994.27,996,994.2,995.56,590.176,587374.16457
BNBUSDT,1758276600000,2025-09-19 10:10:00,2025-09-19 19:10:00,995.57,996.48,994.47,995.07,1068.479,1063775.21444
BNBUSDT,1758276900000,2025-09-19 10:15:00,2025-09-19 19:15:00,995.07,995.2,990.89,991.23,2726.556,2705610.3797
BNBUSDT,1758277200000,2025-09-19 10:20:00,2025-09-19 19:20:00,991.22,992.33,989.25,990.49,3251.642,3221701.13309
BNBUSDT,1758277500000,2025-09-19 10:25:00,2025-09-19 19:25:00,990.49,991.11,989.24,990.3,1551.233,1536170.45061
BNBUSDT,1758277800000,2025-09-19 10:30:00,2025-09-19 19:30:00,990.31,991.74,990.3,991.52,777.958,771100.16683
BNBUSDT,1758278100000,2025-09-19 10:35:00,2025-09-19 19:35:00,991.53,993.44,991.52,993.26,783.243,777443.47295
BNBUSDT,1758278400000,2025-09-19 10:40:00,2025-09-19 19:40:00,993.25,993.94,992.74,993.05,1449.69,1440091.92311
BNBUSDT,1758278700000,2025-09-19 10:45:00,2025-09-19 19:45:00,993.04,994.01,992.93,993.22,1284.013,1275614.49128
BNBUSDT,1758279000000,2025-09-19 10:50:00,2025-09-19 19:50:00,993.22,994.03,992.29,992.51,1305.44,1296927.9401
BNBUSDT,1758279300000,2025-09-19 10:55:00,2025-09-19 19:55:00,992.51,992.51,990.43,991.47,1314.413,1303032.74095
BNBUSDT,1758279600000,2025-09-19 11:00:00,2025-09-19 20:00:00,991.46,992.27,989.02,989.26,3627.193,3590357.38205
BNBUSDT,1758279900000,2025-09-19 11:05:00,2025-09-19 20:05:00,989.27,989.45,987.34,988.31,3442.805,3403760.0001
BNBUSDT,1758280200000,2025-09-19 11:10:00,2025-09-19 20:10:00,988.31,988.7,986.2,987.9,2726.093,2692469.08986
BNBUSDT,1758280500000,2025-09-19 11:15:00,2025-09-19 20:15:00,987.9,989.73,987.53,987.54,2446.052,2418516.32338
BNBUSDT,1758280800000,2025-09-19 11:20:00,2025-09-19 20:20:00,987.55,987.55,986,987.03,2732.299,2695988.02757
BNBUSDT,1758281100000,2025-09-19 11:25:00,2025-09-19 20:25:00,987.04,988.39,986.79,987.3,1082.33,1068844.54617
BNBUSDT,1758281400000,2025-09-19 11:30:00,2025-09-19 20:30:00,987.29,988.74,987.29,988.44,895.841,885213.44545
BNBUSDT,1758281700000,2025-09-19 11:35:00,2025-09-19 20:35:00,988.44,988.5,986.93,986.94,1333.541,1317150.32867
BNBUSDT,1758282000000,2025-09-19 11:40:00,2025-09-19 20:40:00,986.94,986.94,984.71,984.87,4321.159,4259685.899
BNBUSDT,1758282300000,2025-09-19 11:45:00,2025-09-19 20:45:00,984.88,985.76,984.64,985.76,2875.721,2832740.99085
BNBUSDT,1758282600000,2025-09-19 11:50:00,2025-09-19 20:50:00,985.75,987,984.82,987,1214.897,1197569.68998
BNBUSDT,1758282900000,2025-09-19 11:55:00,2025-09-19 20:55:00,986.99,987.01,984.81,985.75,813.923,802157.7578
BNBUSDT,1758283200000,2025-09-19 12:00:00,2025-09-19 21:00:00,985.74,988.11,985.4,987.5,1242.467,1225710.88501
BNBUSDT,1758283500000,2025-09-19 12:05:00,2025-09-19 21:05:00,987.51,989.08,987.48,988.81,1249.988,1235371.01598
BNBUSDT,1758283800000,2025-09-19 12:10:00,2025-09-19 21:10:00,988.81,988.81,987.91,988.5,916.813,906073.64933
BNBUSDT,1758284100000,2025-09-19 12:15:00,2025-09-19 21:15:00,988.5,988.93,987.59,988.8,834.301,824471.76744
BNBUSDT,1758284400000,2025-09-19 12:20:00,2025-09-19 21:20:00,988.8,988.8,987.32,987.44,920.167,909266.17624
BNBUSDT,1758284700000,2025-09-19 12:25:00,2025-09-19 21:25:00,987.43,987.8,986.18,987.3,970.718,958103.86591
BNBUSDT,1758285000000,2025-09-19 12:30:00,2025-09-19 21:30:00,987.31,987.9,986.24,987.27,957.773,945428.64555
BNBUSDT,1758285300000,2025-09-19 12:35:00,2025-09-19 21:35:00,987.28,988.34,986.93,988.34,1003.55,991348.58007
BNBUSDT,1758285600000,2025-09-19 12:40:00,2025-09-19 21:40:00,988.34,988.93,988.04,988.93,919.372,908848.90841
BNBUSDT,1758285900000,2025-09-19 12:45:00,2025-09-19 21:45:00,988.92,989,987.62,988.6,1286.052,1271004.05641
BNBUSDT,1758286200000,2025-09-19 12:50:00,2025-09-19 21:50:00,988.6,988.75,987.9,988.69,657.43,649826.35728
BNBUSDT,1758286500000,2025-09-19 12:55:00,2025-09-19 21:55:00,988.7,988.87,987.43,987.5,1039.891,1027509.02263
BNBUSDT,1758286800000,2025-09-19 13:00:00,2025-09-19 22:00:00,987.5,990,986.75,990,1276.566,1261810.03793
BNBUSDT,1758287100000,2025-09-19 13:05:00,2025-09-19 22:05:00,990,991.42,989.74,990.94,1542.843,1528229.50665
BNBUSDT,1758287400000,2025-09-19 13:10:00,2025-09-19 22:10:00,990.94,991.88,990.58,991.52,952.367,944125.79117
BNBUSDT,1758287700000,2025-09-19 13:15:00,2025-09-19 22:15:00,991.52,991.65,990.31,991.31,2690.027,2666016.97186
BNBUSDT,1758288000000,2025-09-19 13:20:00,2025-09-19 22:20:00,991.31,991.77,990.5,990.88,665.281,659348.92897
BNBUSDT,1758288300000,2025-09-19 13:25:00,2025-09-19 22:25:00,990.88,992.38,990.88,991.02,710.972,705084.81987
BNBUSDT,1758288600000,2025-09-19 13:30:00,2025-09-19 22:30:00,991.02,992.14,989.5,989.99,2015.37,1996641.90619
BNBUSDT,1758288900000,2025-09-19 13:35:00,2025-09-19 22:35:00,989.99,991.66,989.94,991.09,1085.336,1075308.71299
BNBUSDT,1758289200000,2025-09-19 13:40:00,2025-09-19 22:40:00,991.1,991.84,990.3,990.92,528.898,524244.5543
BNBUSDT,1758289500000,2025-09-19 13:45:00,2025-09-19 22:45:00,990.93,992.41,990,992.14,1075.021,1065479.48709
BNBUSDT,1758289800000,2025-09-19 13:50:00,2025-09-19 22:50:00,992.14,992.34,991.79,992.28,690.519,685060.93279
BNBUSDT,1758290100000,2025-09-19 13:55:00,2025-09-19 22:55:00,992.28,992.28,991.09,991.45,587.629,582655.65211
BNBUSDT,1758290400000,2025-09-19 14:00:00,2025-09-19 23:00:00,991.46,992.12,991.27,992.08,619.44,614304.57688
BNBUSDT,1758290700000,2025-09-19 14:05:00,2025-09-19 23:05:00,992.07,992.4,991.34,991.49,611.303,606284.74932
BNBUSDT,1758291000000,2025-09-19 14:10:00,2025-09-19 23:10:00,991.5,991.88,991.12,991.22,428.129,424522.74686
BNBUSDT,1758291300000,2025-09-19 14:15:00,2025-09-19 23:15:00,991.22,991.56,990.09,990.09,627.833,622054.25723
BNBUSDT,1758291600000,2025-09-19 14:20:00,2025-09-19 23:20:00,990.1,991.36,989.62,991.01,762.837,755522.47557
BNBUSDT,1758291900000,2025-09-19 14:25:00,2025-09-19 23:25:00,991,991.5,989.6,989.61,1032.874,1023563.75084
BNBUSDT,1758292200000,2025-09-19 14:30:00,2025-09-19 23:30:00,989.6,990.54,989.2,989.2,416.957,412721.66318
BNBUSDT,1758292500000,2025-09-19 14:35:00,2025-09-19 23:35:00,989.2,989.2,987.77,988.2,510.792,504836.92915
BNBUSDT,1758292800000,2025-09-19 14:40:00,2025-09-19 23:40:00,988.2,988.7,986.83,987.19,1159.989,1145979.87386
BNBUSDT,1758293100000,2025-09-19 14:45:00,2025-09-19 23:45:00,987.2,987.72,983.13,983.69,2876.146,2832416.98379
BNBUSDT,1758293400000,2025-09-19 14:50:00,2025-09-19 23:50:00,983.7,986.55,983.26,985.45,2572.855,2534050.14911
BNBUSDT,1758293700000,2025-09-19 14:55:00,2025-09-19 23:55:00,985.45,986.27,982.51,983.49,1326.08,1304917.83636
BNBUSDT,1758294000000,2025-09-19 15:00:00,2025-09-20 00:00:00,983.5,983.75,981.48,981.57,1334.365,1311119.39703
BNBUSDT,1758294300000,2025-09-19 15:05:00,2025-09-20 00:05:00,981.58,981.8,977.24,978.42,4385.288,4295371.74633
BNBUSDT,1758294600000,2025-09-19 15:10:00,2025-09-20 00:10:00,978.42,978.88,973.99,975.32,5733.71,5593235.55313
BNBUSDT,1758294900000,2025-09-19 15:15:00,2025-09-20 00:15:00,975.33,977.23,973.9,976.8,3136.73,3059731.2134
BNBUSDT,1758295200000,2025-09-19 15:20:00,2025-09-20 00:20:00,976.8,979.9,976.13,979.81,1633.968,1597294.39395
BNBUSDT,1758295500000,2025-09-19 15:25:00,2025-09-20 00:25:00,979.81,979.81,977.41,979.37,1456.695,1425394.57849
BNBUSDT,1758295800000,2025-09-19 15:30:00,2025-09-20 00:30:00,979.36,979.36,977,977.62,1018.01,995499.17208
BNBUSDT,1758296100000,2025-09-19 15:35:00,2025-09-20 00:35:00,977.63,981.68,976.7,981.6,1851.473,1812078.44482
BNBUSDT,1758296400000,2025-09-19 15:40:00,2025-09-20 00:40:00,981.61,983.62,981.22,982.95,2042.199,2006722.5229
BNBUSDT,1758296700000,2025-09-19 15:45:00,2025-09-20 00:45:00,982.95,984.17,980.77,983.29,1976.313,1941751.26829
BNBUSDT,1758297000000,2025-09-19 15:50:00,2025-09-20 00:50:00,983.29,983.35,982.18,982.99,1303.552,1281237.05189
BNBUSDT,1758297300000,2025-09-19 15:55:00,2025-09-20 00:55:00,983,983.1,982.3,982.64,661.201,649730.84247
BNBUSDT,1758297600000,2025-09-19 16:00:00,2025-09-20 01:00:00,982.63,983.71,981.2,983.21,1393.972,1369679.31917
BNBUSDT,1758297900000,2025-09-19 16:05:00,2025-09-20 01:05:00,983.21,984.65,983.21,984,777.595,765050.14788
BNBUSDT,1758298200000,2025-09-19 16:10:00,2025-09-20 01:10:00,984.01,985.2,983.3,984.48,1926.08,1895938.60431
BNBUSDT,1758298500000,2025-09-19 16:15:00,2025-09-20 01:15:00,984.48,984.49,983.5,983.73,1607.403,1581736.41546
BNBUSDT,1758298800000,2025-09-19 16:20:00,2025-09-20 01:20:00,983.74,984.66,983.3,984.44,517.678,509338.8354
BNBUSDT,1758299100000,2025-09-19 16:25:00,2025-09-20 01:25:00,984.44,984.44,983.99,984.02,296.329,291642.29534
BNBUSDT,1758299400000,2025-09-19 16:30:00,2025-09-20 01:30:00,984.01,984.19,982.65,984.03,458.981,451355.13846
BNBUSDT,1758299700000,2025-09-19 16:35:00,2025-09-20 01:35:00,984.03,984.28,983.34,983.66,496.399,488382.07728
BNBUSDT,1758300000000,2025-09-19 16:40:00,2025-09-20 01:40:00,983.67,983.98,983.27,983.7,379.924,373729.43198
BNBUSDT,1758300300000,2025-09-19 16:45:00,2025-09-20 01:45:00,983.71,984,983.32,983.77,1055.52,1038356.16528
BNBUSDT,1758300600000,2025-09-19 16:50:00,2025-09-20 01:50:00,983.77,983.78,982.99,983,543.199,534137.56274
BNBUSDT,1758300900000,2025-09-19 16:55:00,2025-09-20 01:55:00,982.99,983,981.82,982.4,714.941,702356.24838
BNBUSDT,1758301200000,2025-09-19 17:00:00,2025-09-20 02:00:00,982.41,982.41,981.55,981.56,460.95,452653.35053
BNBUSDT,1758301500000,2025-09-19 17:05:00,2025-09-20 02:05:00,981.56,982.1,981.26,981.58,433.105,425126.3946
BNBUSDT,1758301800000,2025-09-19 17:10:00,2025-09-20 02:10:00,981.59,982.36,981.22,982.06,393.807,386634.33914
BNBUSDT,1758302100000,2025-09-19 17:15:00,2025-09-20 02:15:00,982.06,982.97,981.99,982.54,720.083,707390.20356
BNBUSDT,1758302400000,2025-09-19 17:20:00,2025-09-20 02:20:00,982.54,983.85,982.2,983.2,477.916,469861.1564
BNBUSDT,1758302700000,2025-09-19 17:25:00,2025-09-20 02:25:00,983.2,983.77,983.2,983.54,467.247,459550.74239
BNBUSDT,1758303000000,2025-09-19 17:30:00,2025-09-20 02:30:00,983.53,983.53,981.12,981.18,507.58,498601.468
BNBUSDT,1758303300000,2025-09-19 17:35:00,2025-09-20 02:35:00,981.18,981.9,979.32,979.63,1265.937,1241506.59682
BNBUSDT,1758303600000,2025-09-19 17:40:00,2025-09-20 02:40:00,979.64,980.78,979.5,979.9,768.414,753091.76821
BNBUSDT,1758303900000,2025-09-19 17:45:00,2025-09-20 02:45:00,979.89,980.7,979.89,980.36,570.15,558922.34128
BNBUSDT,1758304200000,2025-09-19 17:50:00,2025-09-20 02:50:00,980.36,980.37,978.59,979.02,605.6,593030.55109
BNBUSDT,1758304500000,2025-09-19 17:55:00,2025-09-20 02:55:00,979.03,979.14,977.87,978.25,580.752,568186.37787
BNBUSDT,1758304800000,2025-09-19 18:00:00,2025-09-20 03:00:00,978.24,979.01,978.1,978.8,750.555,734341.73474
BNBUSDT,1758305100000,2025-09-19 18:05:00,2025-09-20 03:05:00,978.81,979,976.7,977.15,1544.405,1509492.32647
BNBUSDT,1758305400000,2025-09-19 18:10:00,2025-09-20 03:10:00,977.15,977.24,975,977.24,1860.885,1816227.28825
BNBUSDT,1758305700000,2025-09-19 18:15:00,2025-09-20 03:15:00,977.24,978.17,975.49,975.83,997.162,973726.34353
BNBUSDT,1758306000000,2025-09-19 18:20:00,2025-09-20 03:20:00,975.84,976.8,975.47,976.59,423.587,413481.78052
BNBUSDT,1758306300000,2025-09-19 18:25:00,2025-09-20 03:25:00,976.58,977.33,976.25,977.33,453.383,442782.22601
BNBUSDT,1758306600000,2025-09-19 18:30:00,2025-09-20 03:30:00,977.33,978.49,977.32,978.49,798.409,780729.00776
BNBUSDT,1758306900000,2025-09-19 18:35:00,2025-09-20 03:35:00,978.5,979.23,978.03,979.04,550.266,538590.17308
BNBUSDT,1758307200000,2025-09-19 18:40:00,2025-09-20 03:40:00,979.03,979.87,979.03,979.82,298.626,292500.6194
BNBUSDT,1758307500000,2025-09-19 18:45:00,2025-09-20 03:45:00,979.81,980.5,978.4,978.46,425.155,416390.93856
BNBUSDT,1758307800000,2025-09-19 18:50:00,2025-09-20 03:50:00,978.46,979.4,978.1,978.7,251.94,246571.66437
BNBUSDT,1758308100000,2025-09-19 18:55:00,2025-09-20 03:55:00,978.7,979.12,978.64,978.93,337.333,330219.77494
BNBUSDT,1758308400000,2025-09-19 19:00:00,2025-09-20 04:00:00,978.93,980.76,978.16,979.87,878.494,860591.18251
BNBUSDT,1758308700000,2025-09-19 19:05:00,2025-09-20 04:05:00,979.87,980.81,979.65,980.14,284.927,279254.74596
BNBUSDT,1758309000000,2025-09-19 19:10:00,2025-09-20 04:10:00,980.14,980.6,979.22,979.28,387.497,379719.1069
BNBUSDT,1758309300000,2025-09-19 19:15:00,2025-09-20 04:15:00,979.27,979.99,979.27,979.56,718.358,703749.79201
BNBUSDT,1758309600000,2025-09-19 19:20:00,2025-09-20 04:20:00,979.55,979.68,978.42,979.67,752.651,736739.81899
BNBUSDT,1758309900000,2025-09-19 19:25:00,2025-09-20 04:25:00,979.68,980.94,979.67,980.61,211.837,207676.94681
BNBUSDT,1758310200000,2025-09-19 19:30:00,2025-09-20 04:30:00,980.61,980.61,979.8,979.9,219.256,214931.35704
BNBUSDT,1758310500000,2025-09-19 19:35:00,2025-09-20 04:35:00,979.9,981.65,979.89,981.03,722.938,709233.72618
BNBUSDT,1758310800000,2025-09-19 19:40:00,2025-09-20 04:40:00,981.03,981.59,979.35,979.37,380.619,373166.1908
BNBUSDT,1758311100000,2025-09-19 19:45:00,2025-09-20 04:45:00,979.36,980.15,978.96,979.04,439.235,430236.95621
BNBUSDT,1758311400000,2025-09-19 19:50:00,2025-09-20 04:50:00,979.04,979.83,979.04,979.11,288.729,282834.96024
BNBUSDT,1758311700000,2025-09-19 19:55:00,2025-09-20 04:55:00,979.11,979.4,978.1,978.3,233.876,228865.02903
BNBUSDT,1758312000000,2025-09-19 20:00:00,2025-09-20 05:00:00,978.3,979.3,978.15,978.98,425.457,416485.94861
BNBUSDT,1758312300000,2025-09-19 20:05:00,2025-09-20 05:05:00,978.99,978.99,977.15,978.1,443.649,433725.68674
BNBUSDT,1758312600000,2025-09-19 20:10:00,2025-09-20 05:10:00,978.1,979.22,978.1,979.09,298.492,292149.1269
BNBUSDT,1758312900000,2025-09-19 20:15:00,2025-09-20 05:15:00,979.09,979.55,978.6,979,243.033,237938.99339
BNBUSDT,1758313200000,2025-09-19 20:20:00,2025-09-20 05:20:00,979,980.37,978.84,980.1,218.711,214299.44575
BNBUSDT,1758313500000,2025-09-19 20:25:00,2025-09-20 05:25:00,980.11,980.5,980.1,980.2,222.819,218447.41363
BNBUSDT,1758313800000,2025-09-19 20:30:00,2025-09-20 05:30:00,980.21,980.44,979.71,980.26,300.123,294179.74909
BNBUSDT,1758314100000,2025-09-19 20:35:00,2025-09-20 05:35:00,980.27,981.14,980.26,981.13,237.614,233020.92177
BNBUSDT,1758314400000,2025-09-19 20:40:00,2025-09-20 05:40:00,981.14,981.92,980.5,981.86,698.558,685506.2603
BNBUSDT,1758314700000,2025-09-19 20:45:00,2025-09-20 05:45:00,981.85,981.86,979.34,979.39,622.322,610043.26836
BNBUSDT,1758315000000,2025-09-19 20:50:00,2025-09-20 05:50:00,979.38,981.02,979.23,980.61,355.906,348661.55616
BNBUSDT,1758315300000,2025-09-19 20:55:00,2025-09-20 05:55:00,980.61,980.92,979.59,979.63,417.153,408835.84227
BNBUSDT,1758315600000,2025-09-19 21:00:00,2025-09-20 06:00:00,979.62,980.2,979.08,979.39,283.051,277300.27098
BNBUSDT,1758315900000,2025-09-19 21:05:00,2025-09-20 06:05:00,979.4,979.4,979.16,979.32,155.1,151889.86685
BNBUSDT,1758316200000,2025-09-19 21:10:00,2025-09-20 06:10:00,979.33,980.25,979.22,980.24,677.763,663842.23936
BNBUSDT,1758316500000,2025-09-19 21:15:00,2025-09-20 06:15:00,980.25,981.17,980,981,270.491,265275.72348
BNBUSDT,1758316800000,2025-09-19 21:20:00,2025-09-20 06:20:00,981,981.64,980.99,981.55,309.703,303895.31561
BNBUSDT,1758317100000,2025-09-19 21:25:00,2025-09-20 06:25:00,981.54,982.07,981.4,981.83,556.806,546695.15712
BNBUSDT,1758317400000,2025-09-19 21:30:00,2025-09-20 06:30:00,981.83,982.5,981.38,982.46,419.443,411881.35582
BNBUSDT,1758317700000,2025-09-19 21:35:00,2025-09-20 06:35:00,982.46,983.33,982.45,983.33,479.806,471606.3301
BNBUSDT,1758318000000,2025-09-19 21:40:00,2025-09-20 06:40:00,983.32,983.32,982.72,983.03,334.591,328906.65737
BNBUSDT,1758318300000,2025-09-19 21:45:00,2025-09-20 06:45:00,983.03,984.05,982.99,982.99,735.711,723654.49852
BNBUSDT,1758318600000,2025-09-19 21:50:00,2025-09-20 06:50:00,982.98,983.02,982,982.01,214.697,210980.71597
BNBUSDT,1758318900000,2025-09-19 21:55:00,2025-09-20 06:55:00,982.01,983,981.8,983,154.738,152019.2948
BNBUSDT,1758319200000,2025-09-19 22:00:00,2025-09-20 07:00:00,983,983.8,982.82,983.8,191.892,188666.03467
BNBUSDT,1758319500000,2025-09-19 22:05:00,2025-09-20 07:05:00,983.8,984.05,983.53,984.05,228.934,225223.54715
BNBUSDT,1758319800000,2025-09-19 22:10:00,2025-09-20 07:10:00,984.05,984.22,983.94,984.22,428.81,421960.78493
BNBUSDT,1758320100000,2025-09-19 22:15:00,2025-09-20 07:15:00,984.22,984.41,983.55,983.9,528.165,519737.10144
BNBUSDT,1758320400000,2025-09-19 22:20:00,2025-09-20 07:20:00,983.9,983.91,982.98,983.39,289.372,284576.81756
BNBUSDT,1758320700000,2025-09-19 22:25:00,2025-09-20 07:25:00,983.39,985.45,983.39,984.34,964.581,949786.0299
BNBUSDT,1758321000000,2025-09-19 22:30:00,2025-09-20 07:30:00,984.34,984.82,984.33,984.82,127.541,125571.79923
BNBUSDT,1758321300000,2025-09-19 22:35:00,2025-09-20 07:35:00,984.81,985.11,984.81,985.08,231.715,228236.32926
BNBUSDT,1758321600000,2025-09-19 22:40:00,2025-09-20 07:40:00,985.09,985.2,984.17,984.2,263.855,259835.78744
BNBUSDT,1758321900000,2025-09-19 22:45:00,2025-09-20 07:45:00,984.2,984.6,984.19,984.59,391.937,385816.78198
BNBUSDT,1758322200000,2025-09-19 22:50:00,2025-09-20 07:50:00,984.6,984.73,984.58,984.73,128.897,126913.63417
BNBUSDT,1758322500000,2025-09-19 22:55:00,2025-09-20 07:55:00,984.73,984.73,983.96,984.36,218.456,214993.39551
BNBUSDT,1758322800000,2025-09-19 23:00:00,2025-09-20 08:00:00,984.36,984.67,982.84,982.93,862.331,848192.03877
BNBUSDT,1758323100000,2025-09-19 23:05:00,2025-09-20 08:05:00,982.92,983.3,982.65,983.07,494.941,486520.38518
BNBUSDT,1758323400000,2025-09-19 23:10:00,2025-09-20 08:10:00,983.07,983.2,982.1,982.1,217.699,213957.84717
BNBUSDT,1758323700000,2025-09-19 23:15:00,2025-09-20 08:15:00,982.11,982.39,981.81,981.82,277.435,272456.07076
BNBUSDT,1758324000000,2025-09-19 23:20:00,2025-09-20 08:20:00,981.82,981.82,980.1,980.1,535.489,525319.48543
BNBUSDT,1758324300000,2025-09-19 23:25:00,2025-09-20 08:25:00,980.11,980.11,979,979.05,1335.001,1307220.25803
BNBUSDT,1758324600000,2025-09-19 23:30:00,2025-09-20 08:30:00,979.05,980.4,978.42,979.87,702.399,687834.06154
BNBUSDT,1758324900000,2025-09-19 23:35:00,2025-09-20 08:35:00,979.87,980.57,979.71,980.29,354.761,347740.71972
BNBUSDT,1758325200000,2025-09-19 23:40:00,2025-09-20 08:40:00,980.29,980.29,979.29,979.86,360.651,353402.52664
BNBUSDT,1758325500000,2025-09-19 23:45:00,2025-09-20 08:45:00,979.85,981.65,979.85,981.61,528.654,518694.45041
BNBUSDT,1758325800000,2025-09-19 23:50:00,2025-09-20 08:50:00,981.62,983.35,981.62,983.22,604.159,593719.95221
BNBUSDT,1758326100000,2025-09-19 23:55:00,2025-09-20 08:55:00,983.23,984.53,982.95,984.1,2996.148,2948492.12365
BNBUSDT,1758326400000,2025-09-20 00:00:00,2025-09-20 09:00:00,984.1,985.1,983.59,985.1,1039.686,1023723.48542
BNBUSDT,1758326700000,2025-09-20 00:05:00,2025-09-20 09:05:00,985.1,986.39,985.09,985.97,1940.859,1913523.21025
BNBUSDT,1758327000000,2025-09-20 00:10:00,2025-09-20 09:10:00,985.98,987.33,985.95,987.04,1786.427,1762793.00628
BNBUSDT,1758327300000,2025-09-20 00:15:00,2025-09-20 09:15:00,987.04,987.89,986,987.89,773.567,763235.99561
BNBUSDT,1758327600000,2025-09-20 00:20:00,2025-09-20 09:20:00,987.88,988,985.83,985.84,556.379,549134.40218
BNBUSDT,1758327900000,2025-09-20 00:25:00,2025-09-20 09:25:00,985.83,985.84,984.7,985.48,556.362,548210.76708
BNBUSDT,1758328200000,2025-09-20 00:30:00,2025-09-20 09:30:00,985.49,986.5,985.3,985.73,429.031,422925.92003
BNBUSDT,1758328500000,2025-09-20 00:35:00,2025-09-20 09:35:00,985.74,986.62,985.35,986.32,411.539,405732.07646
BNBUSDT,1758328800000,2025-09-20 00:40:00,2025-09-20 09:40:00,986.32,987.4,986.3,987.27,324.304,319995.88536
BNBUSDT,1758329100000,2025-09-20 00:45:00,2025-09-20 09:45:00,987.27,987.49,986,986.01,593.592,585717.1825
BNBUSDT,1758329400000,2025-09-20 00:50:00,2025-09-20 09:50:00,986,986.4,985.7,985.98,759.859,749310.6879
BNBUSDT,1758329700000,2025-09-20 00:55:00,2025-09-20 09:55:00,985.97,986.97,985.58,986.62,801.339,790252.93287
BNBUSDT,1758330000000,2025-09-20 01:00:00,2025-09-20 10:00:00,986.62,986.62,985.45,985.65,1213.526,1196549.91963
BNBUSDT,1758330300000,2025-09-20 01:05:00,2025-09-20 10:05:00,985.64,985.77,985.42,985.46,450.796,444308.8682
BNBUSDT,1758330600000,2025-09-20 01:10:00,2025-09-20 10:10:00,985.45,985.46,984.7,984.81,587.772,579005.54203
BNBUSDT,1758330900000,2025-09-20 01:15:00,2025-09-20 10:15:00,984.81,985.25,984.7,985.19,518.057,510285.90489
BNBUSDT,1758331200000,2025-09-20 01:20:00,2025-09-20 10:20:00,985.2,986.32,985.19,986.31,440.05,433657.14915
BNBUSDT,1758331500000,2025-09-20 01:25:00,2025-09-20 10:25:00,986.31,987.17,986.31,986.41,587.103,579355.50669
BNBUSDT,1758331800000,2025-09-20 01:30:00,2025-09-20 10:30:00,986.41,986.49,984.99,985.08,573.829,565584.39064
BNBUSDT,1758332100000,2025-09-20 01:35:00,2025-09-20 10:35:00,985.08,985.09,984.35,984.36,535.216,527045.36368
BNBUSDT,1758332400000,2025-09-20 01:40:00,2025-09-20 10:40:00,984.37,986.15,984.07,986.15,550.008,541577.5125
BNBUSDT,1758332700000,2025-09-20 01:45:00,2025-09-20 10:45:00,986.15,986.41,985.59,985.8,371.874,366689.37707
BNBUSDT,1758333000000,2025-09-20 01:50:00,2025-09-20 10:50:00,985.8,986.77,985.79,986.77,202.391,199650.59259
BNBUSDT,1758333300000,2025-09-20 01:55:00,2025-09-20 10:55:00,986.77,986.77,985.87,985.87,378.95,373786.36092
BNBUSDT,1758333600000,2025-09-20 02:00:00,2025-09-20 11:00:00,985.87,985.99,984.9,984.91,1025.321,1010431.14103
BNBUSDT,1758333900000,2025-09-20 02:05:00,2025-09-20 11:05:00,984.9,985.12,984.54,984.6,446.739,439986.58
BNBUSDT,1758334200000,2025-09-20 02:10:00,2025-09-20 11:10:00,984.6,984.6,983.8,983.8,470.549,463048.8121
BNBUSDT,1758334500000,2025-09-20 02:15:00,2025-09-20 11:15:00,983.8,983.95,982.9,983.13,528.439,519627.2994
BNBUSDT,1758334800000,2025-09-20 02:20:00,2025-09-20 11:20:00,983.12,985.04,983.12,984.86,427.823,421063.83959
BNBUSDT,1758335100000,2025-09-20 02:25:00,2025-09-20 11:25:00,984.86,986.18,984.86,985.74,406.935,401131.47522
BNBUSDT,1758335400000,2025-09-20 02:30:00,2025-09-20 11:30:00,985.75,986.16,984.7,984.79,613.258,604365.61115
BNBUSDT,1758335700000,2025-09-20 02:35:00,2025-09-20 11:35:00,984.8,985.4,984.7,985.4,376.827,371182.18815
BNBUSDT,1758336000000,2025-09-20 02:40:00,2025-09-20 11:40:00,985.4,986.32,985.39,986.05,457.506,451071.49085
BNBUSDT,1758336300000,2025-09-20 02:45:00,2025-09-20 11:45:00,986.05,986.09,985.64,986.09,420.814,414923.26423
BNBUSDT,1758336600000,2025-09-20 02:50:00,2025-09-20 11:50:00,986.08,990.02,986.08,989.46,2186.442,2162244.17765
BNBUSDT,1758336900000,2025-09-20 02:55:00,2025-09-20 11:55:00,989.46,990.87,989.27,990.61,1110.118,1099033.348
BNBUSDT,1758337200000,2025-09-20 03:00:00,2025-09-20 12:00:00,990.61,990.8,989.2,989.21,603.82,597776.78706
BNBUSDT,1758337500000,2025-09-20 03:05:00,2025-09-20 12:05:00,989.21,989.21,987.73,988.24,589.37,582467.4631
BNBUSDT,1758337800000,2025-09-20 03:10:00,2025-09-20 12:10:00,988.25,989.06,987.84,989.06,259.483,256473.71672
BNBUSDT,1758338100000,2025-09-20 03:15:00,2025-09-20 12:15:00,989.06,989.5,988.7,988.73,250.971,248235.65901
BNBUSDT,1758338400000,2025-09-20 03:20:00,2025-09-20 12:20:00,988.73,989.2,988.52,988.63,368.281,364161.3622
BNBUSDT,1758338700000,2025-09-20 03:25:00,2025-09-20 12:25:00,988.62,992,988.62,991.39,1170.307,1159256.46168
BNBUSDT,1758339000000,2025-09-20 03:30:00,2025-09-20 12:30:00,991.39,991.62,990.27,990.98,1263.936,1252352.0311
BNBUSDT,1758339300000,2025-09-20 03:35:00,2025-09-20 12:35:00,990.97,992,990.75,991.7,994.704,986129.29697
BNBUSDT,1758339600000,2025-09-20 03:40:00,2025-09-20 12:40:00,991.7,991.76,989.8,991.51,1334.379,1322134.84295
BNBUSDT,1758339900000,2025-09-20 03:45:00,2025-09-20 12:45:00,991.5,992.59,991.43,992.3,573.386,568885.1264
BNBUSDT,1758340200000,2025-09-20 03:50:00,2025-09-20 12:50:00,992.3,993.11,991.98,992.09,1683.149,1670498.74037
BNBUSDT,1758340500000,2025-09-20 03:55:00,2025-09-20 12:55:00,992.09,992.5,991.35,991.61,1673.289,1659856.70652
BNBUSDT,1758340800000,2025-09-20 04:00:00,2025-09-20 13:00:00,991.61,992.56,990.79,991.09,886.247,878958.46392
BNBUSDT,1758341100000,2025-09-20 04:05:00,2025-09-20 13:05:00,991.08,991.81,990.9,991.81,980.459,971860.71659
BNBUSDT,1758341400000,2025-09-20 04:10:00,2025-09-20 13:10:00,991.81,992.21,991.61,991.62,519.097,514884.33614
BNBUSDT,1758341700000,2025-09-20 04:15:00,2025-09-20 13:15:00,991.63,992.35,991.1,991.92,418.281,414773.17842
BNBUSDT,1758342000000,2025-09-20 04:20:00,2025-09-20 13:20:00,991.91,993.24,991.91,993.15,483.578,479954.94425
BNBUSDT,1758342300000,2025-09-20 04:25:00,2025-09-20 13:25:00,993.16,993.55,992.79,992.91,447.071,444039.20638
BNBUSDT,1758342600000,2025-09-20 04:30:00,2025-09-20 13:30:00,992.91,994.45,992.41,993.29,1170.913,1163162.38439
BNBUSDT,1758342900000,2025-09-20 04:35:00,2025-09-20 13:35:00,993.28,995.31,993.16,995.18,1593.278,1584759.02537
BNBUSDT,1758343200000,2025-09-20 04:40:00,2025-09-20 13:40:00,995.18,996.18,995.18,996.01,777.17,773894.78627
BNBUSDT,1758343500000,2025-09-20 04:45:00,2025-09-20 13:45:00,996.01,999,996,998.59,2035.195,2030321.80514
BNBUSDT,1758343800000,2025-09-20 04:50:00,2025-09-20 13:50:00,998.58,998.65,997.4,997.4,1806.799,1803482.34675
BNBUSDT,1758344100000,2025-09-20 04:55:00,2025-09-20 13:55:00,997.41,999.76,997.2,999.69,2120.467,2118003.98345
BNBUSDT,1758344400000,2025-09-20 05:00:00,2025-09-20 14:00:00,999.7,1001.65,996.83,997.21,6282.542,6282745.72441
BNBUSDT,1758344700000,2025-09-20 05:05:00,2025-09-20 14:05:00,997.21,998.6,997.11,997.94,1209.471,1206884.5597
BNBUSDT,1758345000000,2025-09-20 05:10:00,2025-09-20 14:10:00,997.95,998.34,997.44,998.33,905.905,904026.90639
BNBUSDT,1758345300000,2025-09-20 05:15:00,2025-09-20 14:15:00,998.34,998.34,996.37,996.72,1292.781,1289182.45004
BNBUSDT,1758345600000,2025-09-20 05:20:00,2025-09-20 14:20:00,996.72,996.8,995.49,996.36,797.913,794701.97559
BNBUSDT,1758345900000,2025-09-20 05:25:00,2025-09-20 14:25:00,996.36,997,995.95,996.73,525.209,523320.7042
BNBUSDT,1758346200000,2025-09-20 05:30:00,2025-09-20 14:30:00,996.73,996.87,996.19,996.61,686.17,683740.00433
BNBUSDT,1758346500000,2025-09-20 05:35:00,2025-09-20 14:35:00,996.61,997.5,996.54,996.61,830.417,827882.34494
BNBUSDT,1758346800000,2025-09-20 05:40:00,2025-09-20 14:40:00,996.61,996.7,995.64,996,1153.882,1149633.60892
BNBUSDT,1758347100000,2025-09-20 05:45:00,2025-09-20 14:45:00,996,996.97,995.95,996.03,417.905,416438.28101
BNBUSDT,1758347400000,2025-09-20 05:50:00,2025-09-20 14:50:00,996.03,996.6,995.88,996.59,350.651,349272.5472
BNBUSDT,1758347700000,2025-09-20 05:55:00,2025-09-20 14:55:00,996.59,997.28,996.59,997.26,395.782,394595.25833
BNBUSDT,1758348000000,2025-09-20 06:00:00,2025-09-20 15:00:00,997.27,998.11,996.94,997.31,767.316,765366.56892
BNBUSDT,1758348300000,2025-09-20 06:05:00,2025-09-20 15:05:00,997.3,998.21,996.8,997.18,467.731,466556.24028
BNBUSDT,1758348600000,2025-09-20 06:10:00,2025-09-20 15:10:00,997.18,997.18,995.8,996.13,350.205,348988.8329
BNBUSDT,1758348900000,2025-09-20 06:15:00,2025-09-20 15:15:00,996.13,996.55,995.94,996,277.181,276144.59723
BNBUSDT,1758349200000,2025-09-20 06:20:00,2025-09-20 15:20:00,996,996.08,995.73,995.9,292.207,291000.46458
BNBUSDT,1758349500000,2025-09-20 06:25:00,2025-09-20 15:25:00,995.9,995.9,995.52,995.76,198.776,197918.16971
BNBUSDT,1758349800000,2025-09-20 06:30:00,2025-09-20 15:30:00,995.76,996.25,995.59,996.25,434.415,432641.20381
BNBUSDT,1758350100000,2025-09-20 06:35:00,2025-09-20 15:35:00,996.24,996.25,995.77,995.8,202.055,201247.26397
BNBUSDT,1758350400000,2025-09-20 06:40:00,2025-09-20 15:40:00,995.81,996.8,995.51,995.51,390.256,388714.98572
BNBUSDT,1758350700000,2025-09-20 06:45:00,2025-09-20 15:45:00,995.52,995.67,995.21,995.67,214.691,213719.97398
BNBUSDT,1758351000000,2025-09-20 06:50:00,2025-09-20 15:50:00,995.66,997,995.66,996.4,527.871,525856.70156
BNBUSDT,1758351300000,2025-09-20 06:55:00,2025-09-20 15:55:00,996.41,997,996.24,996.76,296.881,295873.01426
BNBUSDT,1758351600000,2025-09-20 07:00:00,2025-09-20 16:00:00,996.76,997.83,996.75,997.11,451.759,450543.70507
BNBUSDT,1758351900000,2025-09-20 07:05:00,2025-09-20 16:05:00,997.12,997.12,996.18,996.54,332.641,331524.35539
BNBUSDT,1758352200000,2025-09-20 07:10:00,2025-09-20 16:10:00,996.55,996.91,995.75,995.79,389.082,387571.70996
BNBUSDT,1758352500000,2025-09-20 07:15:00,2025-09-20 16:15:00,995.79,996.2,995.4,995.51,310.009,308719.19758
BNBUSDT,1758352800000,2025-09-20 07:20:00,2025-09-20 16:20:00,995.51,995.65,995.15,995.38,258.097,256907.96791
BNBUSDT,1758353100000,2025-09-20 07:25:00,2025-09-20 16:25:00,995.37,995.55,995.2,995.21,187.519,186648.37072
BNBUSDT,1758353400000,2025-09-20 07:30:00,2025-09-20 16:30:00,995.21,995.5,995.07,995.2,362.952,361240.13773
BNBUSDT,1758353700000,2025-09-20 07:35:00,2025-09-20 16:35:00,995.2,995.99,995.2,995.98,156.827,156125.05
BNBUSDT,1758354000000,2025-09-20 07:40:00,2025-09-20 16:40:00,995.99,997.22,995.98,996.81,418.259,416917.50824
BNBUSDT,1758354300000,2025-09-20 07:45:00,2025-09-20 16:45:00,996.81,997.65,996.44,997.65,295.727,294851.86239
BNBUSDT,1758354600000,2025-09-20 07:50:00,2025-09-20 16:50:00,997.64,999.56,997.64,999.43,2213.176,2210831.9225
BNBUSDT,1758354900000,2025-09-20 07:55:00,2025-09-20 16:55:00,999.43,999.85,999.12,999.46,902.049,901538.84386
BNBUSDT,1758355200000,2025-09-20 08:00:00,2025-09-20 17:00:00,999.48,999.7,998.05,998.3,1434.804,1433331.31515
BNBUSDT,1758355500000,2025-09-20 08:05:00,2025-09-20 17:05:00,998.3,998.8,997.5,997.6,444.44,443582.55169
BNBUSDT,1758355800000,2025-09-20 08:10:00,2025-09-20 17:10:00,997.61,998.38,997.6,998.36,500.59,499577.54314
BNBUSDT,1758356100000,2025-09-20 08:15:00,2025-09-20 17:15:00,998.37,1000,998.36,999.66,1383.159,1382636.93522
BNBUSDT,1758356400000,2025-09-20 08:20:00,2025-09-20 17:20:00,999.66,1001.36,999.38,1000.08,1995.313,1995563.59489
BNBUSDT,1758356700000,2025-09-20 08:25:00,2025-09-20 17:25:00,1000.08,1001.12,999.5,1001.09,1504.564,1504747.17122
BNBUSDT,1758357000000,2025-09-20 08:30:00,2025-09-20 17:30:00,1001.08,1001.77,1000.57,1001.71,2055.877,2058057.56329
BNBUSDT,1758357300000,2025-09-20 08:35:00,2025-09-20 17:35:00,1001.7,1004,1001.14,1002.34,4210.746,4220531.80465
BNBUSDT,1758357600000,2025-09-20 08:40:00,2025-09-20 17:40:00,1002.35,1005.32,1001.92,1002.59,4112.637,4129155.95749
BNBUSDT,1758357900000,2025-09-20 08:45:00,2025-09-20 17:45:00,1002.59,1002.85,999.5,1000.19,1246.096,1247067.41561
BNBUSDT,1758358200000,2025-09-20 08:50:00,2025-09-20 17:50:00,1000.19,1000.19,997.63,998,1428.186,1426854.47098
BNBUSDT,1758358500000,2025-09-20 08:55:00,2025-09-20 17:55:00,997.99,998.42,995.51,996.53,2446.214,2437558.59291
BNBUSDT,1758358800000,2025-09-20 09:00:00,2025-09-20 18:00:00,996.52,997.35,996.1,996.86,1732.311,1726638.37638
BNBUSDT,1758359100000,2025-09-20 09:05:00,2025-09-20 18:05:00,996.86,997.85,996.83,997.85,505.081,503683.89442
BNBUSDT,1758359400000,2025-09-20 09:10:00,2025-09-20 18:10:00,997.85,998.86,997.2,997.98,1637.489,1634437.32413
BNBUSDT,1758359700000,2025-09-20 09:15:00,2025-09-20 18:15:00,997.98,998.12,996.33,997.11,993.636,990788.45786
BNBUSDT,1758360000000,2025-09-20 09:20:00,2025-09-20 18:20:00,997.12,997.49,996.53,996.54,409.659,408461.56121
BNBUSDT,1758360300000,2025-09-20 09:25:00,2025-09-20 18:25:00,996.53,997.99,996.53,997.48,659.395,657715.49112
BNBUSDT,1758360600000,2025-09-20 09:30:00,2025-09-20 18:30:00,997.48,997.7,996.43,996.56,573.252,571610.33064
BNBUSDT,1758360900000,2025-09-20 09:35:00,2025-09-20 18:35:00,996.56,996.56,993.79,994.56,1968.195,1957913.72467
BNBUSDT,1758361200000,2025-09-20 09:40:00,2025-09-20 18:40:00,994.56,995,993.9,994.98,529.94,527009.06119
BNBUSDT,1758361500000,2025-09-20 09:45:00,2025-09-20 18:45:00,994.99,995.15,994.15,994.88,545.421,542490.91696
BNBUSDT,1758361800000,2025-09-20 09:50:00,2025-09-20 18:50:00,994.89,996.4,994.88,996.04,570.045,567565.11265
BNBUSDT,1758362100000,2025-09-20 09:55:00,2025-09-20 18:55:00,996.03,996.53,995.5,995.88,288.628,287485.21508
BNBUSDT,1758362400000,2025-09-20 10:00:00,2025-09-20 19:00:00,995.89,997.76,995.89,997.76,1085.68,1082539.49217
BNBUSDT,1758362700000,2025-09-20 10:05:00,2025-09-20 19:05:00,997.76,997.94,996.8,996.81,541.663,540169.27821
BNBUSDT,1758363000000,2025-09-20 10:10:00,2025-09-20 19:10:00,996.81,1000.56,996.8,999.71,2344.393,2343148.10232
BNBUSDT,1758363300000,2025-09-20 10:15:00,2025-09-20 19:15:00,999.71,1000.37,999.04,1000.36,590.196,589938.23348
BNBUSDT,1758363600000,2025-09-20 10:20:00,2025-09-20 19:20:00,1000.37,1000.62,999.31,999.44,942.93,942666.0687
BNBUSDT,1758363900000,2025-09-20 10:25:00,2025-09-20 19:25:00,999.45,999.86,998.83,999.26,552.873,552541.43325
BNBUSDT,1758364200000,2025-09-20 10:30:00,2025-09-20 19:30:00,999.25,999.61,997.95,998.3,650.643,649730.60612
BNBUSDT,1758364500000,2025-09-20 10:35:00,2025-09-20 19:35:00,998.31,999.66,998.2,999.32,607.848,607126.77803
BNBUSDT,1758364800000,2025-09-20 10:40:00,2025-09-20 19:40:00,999.32,999.39,997.9,998.14,632.723,631892.60682
BNBUSDT,1758365100000,2025-09-20 10:45:00,2025-09-20 19:45:00,998.13,998.69,997.4,997.57,598.09,597031.0212
BNBUSDT,1758365400000,2025-09-20 10:50:00,2025-09-20 19:50:00,997.57,997.58,996.81,996.82,494.025,492672.59736
BNBUSDT,1758365700000,2025-09-20 10:55:00,2025-09-20 19:55:00,996.82,998.26,996.6,997.33,1323.409,1319760.76076
BNBUSDT,1758366000000,2025-09-20 11:00:00,2025-09-20 20:00:00,997.33,999.28,997.32,999.03,1179.206,1177690.57322
BNBUSDT,1758366300000,2025-09-20 11:05:00,2025-09-20 20:05:00,999.04,1000.42,999.01,999.94,2693.067,2692530.88793
BNBUSDT,1758366600000,2025-09-20 11:10:00,2025-09-20 20:10:00,999.94,1000.1,999.58,999.92,1100.951,1100767.95993
BNBUSDT,1758366900000,2025-09-20 11:15:00,2025-09-20 20:15:00,999.93,1000.33,999.71,999.97,2115.68,2115757.88004
BNBUSDT,1758367200000,2025-09-20 11:20:00,2025-09-20 20:20:00,999.97,1000.87,999.97,1000.08,1882.541,1883544.39573
BNBUSDT,1758367500000,2025-09-20 11:25:00,2025-09-20 20:25:00,1000.08,1000.25,999.52,999.96,1116.679,1116482.95788
BNBUSDT,1758367800000,2025-09-20 11:30:00,2025-09-20 20:30:00,999.96,1000.5,999,999.29,2999.985,2998955.57712
BNBUSDT,1758368100000,2025-09-20 11:35:00,2025-09-20 20:35:00,999.28,999.29,998.4,999.15,1301.354,1299890.72248
BNBUSDT,1758368400000,2025-09-20 11:40:00,2025-09-20 20:40:00,999.14,1000.68,999.14,1000.09,1474.959,1475047.67947
BNBUSDT,1758368700000,2025-09-20 11:45:00,2025-09-20 20:45:00,1000.09,1002.26,1000.09,1002.09,2093.668,2096795.14442
BNBUSDT,1758369000000,2025-09-20 11:50:00,2025-09-20 20:50:00,1002.08,1002.79,1002,1002.31,1115.772,1118284.65415
BNBUSDT,1758369300000,2025-09-20 11:55:00,2025-09-20 20:55:00,1002.3,1002.31,1001,1001.77,895.066,896574.51418
BNBUSDT,1758369600000,2025-09-20 12:00:00,2025-09-20 21:00:00,1001.77,1001.98,1000,1000.31,949.257,950093.25935
BNBUSDT,1758369900000,2025-09-20 12:05:00,2025-09-20 21:05:00,1000.31,1000.57,1000,1000.01,563.915,564058.68339
BNBUSDT,1758370200000,2025-09-20 12:10:00,2025-09-20 21:10:00,1000.01,1000.2,999.6,999.83,1372.65,1372519.14903
BNBUSDT,1758370500000,2025-09-20 12:15:00,2025-09-20 21:15:00,999.84,1000.2,998.61,998.75,861.942,861495.61366
BNBUSDT,1758370800000,2025-09-20 12:20:00,2025-09-20 21:20:00,998.75,999.32,998.51,999.21,758.304,757464.7455
BNBUSDT,1758371100000,2025-09-20 12:25:00,2025-09-20 21:25:00,999.21,999.81,998.54,999.31,1583.933,1582629.07006
BNBUSDT,1758371400000,2025-09-20 12:30:00,2025-09-20 21:30:00,999.31,1001.16,999.3,1000.16,2114.349,2115778.22453
BNBUSDT,1758371700000,2025-09-20 12:35:00,2025-09-20 21:35:00,1000.16,1000.17,999.31,1000.01,511.365,511282.90128
BNBUSDT,1758372000000,2025-09-20 12:40:00,2025-09-20 21:40:00,1000,1000.01,999.24,999.99,653.052,652825.60344
BNBUSDT,1758372300000,2025-09-20 12:45:00,2025-09-20 21:45:00,999.99,1000.48,999.8,999.92,1131.349,1131502.10811
BNBUSDT,1758372600000,2025-09-20 12:50:00,2025-09-20 21:50:00,999.93,1000.61,999.92,1000.03,733.587,733777.05476
BNBUSDT,1758372900000,2025-09-20 12:55:00,2025-09-20 21:55:00,1000.02,1000.44,1000,1000.44,521.407,521510.02687
BNBUSDT,1758373200000,2025-09-20 13:00:00,2025-09-20 22:00:00,1000.44,1001.69,1000.43,1000.8,958.613,959685.46126
BNBUSDT,1758373500000,2025-09-20 13:05:00,2025-09-20 22:05:00,1000.8,1000.86,1000.06,1000.07,532.923,533161.72095
BNBUSDT,1758373800000,2025-09-20 13:10:00,2025-09-20 22:10:00,1000.07,1000.8,1000,1000.08,564.922,565090.29546
BNBUSDT,1758374100000,2025-09-20 13:15:00,2025-09-20 22:15:00,1000.07,1001.04,1000.06,1000.72,364.151,364359.31093
BNBUSDT,1758374400000,2025-09-20 13:20:00,2025-09-20 22:20:00,1000.73,1001.74,1000.72,1001.1,477.444,478035.97509
BNBUSDT,1758374700000,2025-09-20 13:25:00,2025-09-20 22:25:00,1001.1,1001.1,999.5,999.51,1081.296,1081237.07562
BNBUSDT,1758375000000,2025-09-20 13:30:00,2025-09-20 22:30:00,999.5,1000.16,999.5,999.8,626.352,626227.26238
BNBUSDT,1758375300000,2025-09-20 13:35:00,2025-09-20 22:35:00,999.81,999.96,999.03,999.76,2286.711,2285596.4255
BNBUSDT,1758375600000,2025-09-20 13:40:00,2025-09-20 22:40:00,999.76,1001.68,999.3,1001.5,810.578,810928.30158
BNBUSDT,1758375900000,2025-09-20 13:45:00,2025-09-20 22:45:00,1001.49,1001.88,1000.7,1000.71,1437.496,1439127.5764
BNBUSDT,1758376200000,2025-09-20 13:50:00,2025-09-20 22:50:00,1000.7,1000.95,999.78,999.82,1007.692,1008077.55753
BNBUSDT,1758376500000,2025-09-20 13:55:00,2025-09-20 22:55:00,999.83,1001.11,999.79,1000.44,497.897,498137.06702
BNBUSDT,1758376800000,2025-09-20 14:00:00,2025-09-20 23:00:00,1000.45,1001.22,1000.44,1001.03,635.804,636248.00521
BNBUSDT,1758377100000,2025-09-20 14:05:00,2025-09-20 23:05:00,1001.03,1001.15,999.55,999.57,664.979,665198.51538
BNBUSDT,1758377400000,2025-09-20 14:10:00,2025-09-20 23:10:00,999.57,1000.45,999.56,1000.28,500.19,500244.57661
BNBUSDT,1758377700000,2025-09-20 14:15:00,2025-09-20 23:15:00,1000.28,1002.59,1000.09,1002.19,1243.93,1245694.03632
BNBUSDT,1758378000000,2025-09-20 14:20:00,2025-09-20 23:20:00,1002.2,1002.54,1001.35,1001.45,614.909,616153.21545
BNBUSDT,1758378300000,2025-09-20 14:25:00,2025-09-20 23:25:00,1001.45,1002.2,1001.35,1002.04,485.065,485921.47361
BNBUSDT,1758378600000,2025-09-20 14:30:00,2025-09-20 23:30:00,1002.05,1003.42,1002.04,1002.7,1057.963,1060977.25806
BNBUSDT,1758378900000,2025-09-20 14:35:00,2025-09-20 23:35:00,1002.7,1003.15,1001.39,1002.87,880.639,882935.6864
BNBUSDT,1758379200000,2025-09-20 14:40:00,2025-09-20 23:40:00,1002.88,1004.96,1002.69,1004.61,1986.137,1994062.47037
BNBUSDT,1758379500000,2025-09-20 14:45:00,2025-09-20 23:45:00,1004.62,1010.99,1004.18,1009.83,12727.4698,12834455.9193
BNBUSDT,1758379800000,2025-09-20 14:50:00,2025-09-20 23:50:00,1009.83,1014.71,1009.43,1012.49,5990.333,6065210.6305767
BNBUSDT,1758380100000,2025-09-20 14:55:00,2025-09-20 23:55:00,1012.49,1013.65,1011.03,1011.59,3694.636,3740750.70879
BNBUSDT,1758380400000,2025-09-20 15:00:00,2025-09-21 00:00:00,1011.59,1018.65,1011.59,1017.85,7696.736,7818508.07833
BNBUSDT,1758380700000,2025-09-20 15:05:00,2025-09-21 00:05:00,1017.86,1020.75,1017.11,1019.02,7151.1498,7286759.833176
BNBUSDT,1758381000000,2025-09-20 15:10:00,2025-09-21 00:10:00,1019.02,1028.01,1018.97,1022.99,11235.188,11509140.80212
BNBUSDT,1758381300000,2025-09-20 15:15:00,2025-09-21 00:15:00,1022.99,1023.44,1018.91,1021.09,5133.686,5243789.93445
BNBUSDT,1758381600000,2025-09-20 15:20:00,2025-09-21 00:20:00,1021.09,1022.42,1018.92,1020.5,3429.044,3499229.94316
BNBUSDT,1758381900000,2025-09-20 15:25:00,2025-09-21 00:25:00,1020.49,1021.52,1018.92,1019.48,1870.514,1907483.48849
BNBUSDT,1758382200000,2025-09-20 15:30:00,2025-09-21 00:30:00,1019.47,1020.65,1016.66,1018.43,2943.695,2998183.55158
BNBUSDT,1758382500000,2025-09-20 15:35:00,2025-09-21 00:35:00,1018.44,1019.41,1016.33,1017.95,1873.03,1906236.42735
BNBUSDT,1758382800000,2025-09-20 15:40:00,2025-09-21 00:40:00,1017.94,1022.75,1017.69,1022.42,2910.427,2967365.53046
BNBUSDT,1758383100000,2025-09-20 15:45:00,2025-09-21 00:45:00,1022.42,1022.42,1019.69,1021.33,3777.515,3857700.7393
BNBUSDT,1758383400000,2025-09-20 15:50:00,2025-09-21 00:50:00,1021.33,1021.62,1020.01,1020.04,798.658,815122.67353
BNBUSDT,1758383700000,2025-09-20 15:55:00,2025-09-21 00:55:00,1020.04,1021.34,1020.03,1021.1,1153.984,1177896.799
BNBUSDT,1758384000000,2025-09-20 16:00:00,2025-09-21 01:00:00,1021.09,1023.37,1020.77,1020.78,2566.154,2622405.11025
BNBUSDT,1758384300000,2025-09-20 16:05:00,2025-09-21 01:05:00,1020.78,1021.23,1019.64,1020.48,2553.888,2605709.86106
BNBUSDT,1758384600000,2025-09-20 16:10:00,2025-09-21 01:10:00,1020.48,1021.31,1020,1020.88,1108.978,1131809.94237
BNBUSDT,1758384900000,2025-09-20 16:15:00,2025-09-21 01:15:00,1020.88,1021.2,1018.48,1018.64,3049.029,3109749.94657
BNBUSDT,1758385200000,2025-09-20 16:20:00,2025-09-21 01:20:00,1018.65,1021.3,1018.48,1020.28,1763.587,1799127.08241
BNBUSDT,1758385500000,2025-09-20 16:25:00,2025-09-21 01:25:00,1020.28,1020.45,1019,1020.3,1762.784,1797978.85448
BNBUSDT,1758385800000,2025-09-20 16:30:00,2025-09-21 01:30:00,1020.3,1024.03,1019.54,1023.79,3127.838,3195971.71047
BNBUSDT,1758386100000,2025-09-20 16:35:00,2025-09-21 01:35:00,1023.79,1024.01,1022.48,1023.01,2370.137,2425548.29861
BNBUSDT,1758386400000,2025-09-20 16:40:00,2025-09-21 01:40:00,1023.01,1023.86,1021.55,1022,1684.108,1722651.87408
BNBUSDT,1758386700000,2025-09-20 16:45:00,2025-09-21 01:45:00,1022,1023,1022,1022.76,1277.504,1306313.78237
BNBUSDT,1758387000000,2025-09-20 16:50:00,2025-09-21 01:50:00,1022.77,1023.72,1022.44,1022.79,1464.098,1497915.7875
BNBUSDT,1758387300000,2025-09-20 16:55:00,2025-09-21 01:55:00,1022.79,1025.6,1022.44,1025.3,2125.281,2177416.14154
BNBUSDT,1758387600000,2025-09-20 17:00:00,2025-09-21 02:00:00,1025.29,1025.6,1023.41,1024.56,1378.503,1412392.59353
BNBUSDT,1758387900000,2025-09-20 17:05:00,2025-09-21 02:05:00,1024.56,1024.78,1023.66,1024.23,1006.918,1031229.61968
BNBUSDT,1758388200000,2025-09-20 17:10:00,2025-09-21 02:10:00,1024.23,1026.6,1023.21,1023.49,1799.105,1844203.95849
BNBUSDT,1758388500000,2025-09-20 17:15:00,2025-09-21 02:15:00,1023.49,1025.24,1021.51,1024.86,1224.08,1252721.60997
BNBUSDT,1758388800000,2025-09-20 17:20:00,2025-09-21 02:20:00,1024.86,1026,1024.69,1025.87,897.636,920444.98757
BNBUSDT,1758389100000,2025-09-20 17:25:00,2025-09-21 02:25:00,1025.87,1026.97,1025.2,1026.61,1620.376,1662817.90849
BNBUSDT,1758389400000,2025-09-20 17:30:00,2025-09-21 02:30:00,1026.61,1027.37,1024.59,1025.74,2695.788,2766684.48347
BNBUSDT,1758389700000,2025-09-20 17:35:00,2025-09-21 02:35:00,1025.75,1029.12,1025,1026.9,2311.772,2375311.22073
BNBUSDT,1758390000000,2025-09-20 17:40:00,2025-09-21 02:40:00,1026.91,1027.56,1026.19,1026.51,1498.712,1538885.48017
BNBUSDT,1758390300000,2025-09-20 17:45:00,2025-09-21 02:45:00,1026.52,1026.52,1024.88,1024.89,1245.592,1277769.01085
BNBUSDT,1758390600000,2025-09-20 17:50:00,2025-09-21 02:50:00,1024.89,1025.85,1024.23,1025.14,1369.555,1403968.83667
BNBUSDT,1758390900000,2025-09-20 17:55:00,2025-09-21 02:55:00,1025.14,1026.67,1025,1026.1,542.5,556588.64851
BNBUSDT,1758391200000,2025-09-20 18:00:00,2025-09-21 03:00:00,1026.11,1026.68,1022.39,1023.07,1612.748,1652153.90361
BNBUSDT,1758391500000,2025-09-20 18:05:00,2025-09-21 03:05:00,1023.06,1023.46,1022.33,1022.68,1101.303,1126423.10684
BNBUSDT,1758391800000,2025-09-20 18:10:00,2025-09-21 03:10:00,1022.68,1023.33,1022.42,1022.62,850.595,870098.82287
BNBUSDT,1758392100000,2025-09-20 18:15:00,2025-09-21 03:15:00,1022.62,1022.85,1020.78,1022.63,2228.607,2277131.27723
BNBUSDT,1758392400000,2025-09-20 18:20:00,2025-09-21 03:20:00,1022.64,1023.27,1022,1023.17,554.524,567175.40497
BNBUSDT,1758392700000,2025-09-20 18:25:00,2025-09-21 03:25:00,1023.18,1024.9,1023.17,1024.7,726.134,743729.26354
BNBUSDT,1758393000000,2025-09-20 18:30:00,2025-09-21 03:30:00,1024.69,1024.94,1021.43,1021.44,659.272,674589.16418
BNBUSDT,1758393300000,2025-09-20 18:35:00,2025-09-21 03:35:00,1021.44,1022.24,1020.75,1022.04,779.258,795867.23488
BNBUSDT,1758393600000,2025-09-20 18:40:00,2025-09-21 03:40:00,1022.04,1023.48,1021.84,1022.91,961.296,983034.16311
BNBUSDT,1758393900000,2025-09-20 18:45:00,2025-09-21 03:45:00,1022.91,1022.94,1021.44,1021.63,1157.523,1182964.05092
BNBUSDT,1758394200000,2025-09-20 18:50:00,2025-09-21 03:50:00,1021.63,1022.26,1020.8,1022.26,1082.159,1105218.79462
BNBUSDT,1758394500000,2025-09-20 18:55:00,2025-09-21 03:55:00,1022.28,1022.3,1021.26,1021.78,363.989,371879.55066
BNBUSDT,1758394800000,2025-09-20 19:00:00,2025-09-21 04:00:00,1021.78,1022,1020.8,1021.51,580.183,592666.14161
BNBUSDT,1758395100000,2025-09-20 19:05:00,2025-09-21 04:05:00,1021.51,1023.45,1020.55,1022.41,1837.291,1878499.58744
BNBUSDT,1758395400000,2025-09-20 19:10:00,2025-09-21 04:10:00,1022.41,1024.6,1022.17,1023.87,559.3,572530.33774
BNBUSDT,1758395700000,2025-09-20 19:15:00,2025-09-21 04:15:00,1023.87,1024.86,1023.75,1023.88,460.044,471184.27753
BNBUSDT,1758396000000,2025-09-20 19:20:00,2025-09-21 04:20:00,1023.88,1024.56,1023.87,1024.15,222.956,228372.95848
BNBUSDT,1758396300000,2025-09-20 19:25:00,2025-09-21 04:25:00,1024.15,1024.33,1023.3,1023.46,374.128,383011.66528
BNBUSDT,1758396600000,2025-09-20 19:30:00,2025-09-21 04:30:00,1023.45,1024.12,1022.96,1023.16,322.381,329958.91347
BNBUSDT,1758396900000,2025-09-20 19:35:00,2025-09-21 04:35:00,1023.15,1023.16,1020.73,1020.88,927.772,947904.95653
BNBUSDT,1758397200000,2025-09-20 19:40:00,2025-09-21 04:40:00,1020.88,1021.38,1020.04,1020.66,1542.472,1574421.49328
BNBUSDT,1758397500000,2025-09-20 19:45:00,2025-09-21 04:45:00,1020.66,1021.04,1020.46,1020.65,753.285,768848.78792
BNBUSDT,1758397800000,2025-09-20 19:50:00,2025-09-21 04:50:00,1020.65,1020.65,1017,1019.62,5651.906,5759427.84853
BNBUSDT,1758398100000,2025-09-20 19:55:00,2025-09-21 04:55:00,1019.63,1020,1019.15,1019.16,543.06,553741.12072
BNBUSDT,1758398400000,2025-09-20 20:00:00,2025-09-21 05:00:00,1019.15,1021.01,1018.23,1020.24,1003.428,1023214.37928
BNBUSDT,1758398700000,2025-09-20 20:05:00,2025-09-21 05:05:00,1020.24,1020.63,1019.92,1020.59,453.119,462363.17706
BNBUSDT,1758399000000,2025-09-20 20:10:00,2025-09-21 05:10:00,1020.6,1020.68,1019.58,1019.73,623.114,635682.46985
BNBUSDT,1758399300000,2025-09-20 20:15:00,2025-09-21 05:15:00,1019.73,1021.06,1019.72,1020.12,750.703,766035.18867
BNBUSDT,1758399600000,2025-09-20 20:20:00,2025-09-21 05:20:00,1020.13,1020.33,1019.22,1019.66,460.874,470009.48138
BNBUSDT,1758399900000,2025-09-20 20:25:00,2025-09-21 05:25:00,1019.66,1020.34,1019.22,1019.23,510.499,520585.92757
BNBUSDT,1758400200000,2025-09-20 20:30:00,2025-09-21 05:30:00,1019.23,1020.32,1019.22,1020.18,423.459,431833.02105
BNBUSDT,1758400500000,2025-09-20 20:35:00,2025-09-21 05:35:00,1020.18,1020.32,1019.3,1020.32,271.619,277031.88763
BNBUSDT,1758400800000,2025-09-20 20:40:00,2025-09-21 05:40:00,1020.31,1020.83,1020.05,1020.61,226.711,231339.52258
BNBUSDT,1758401100000,2025-09-20 20:45:00,2025-09-21 05:45:00,1020.61,1021.21,1020.6,1020.66,275.945,281710.82142
BNBUSDT,1758401400000,2025-09-20 20:50:00,2025-09-21 05:50:00,1020.65,1020.76,1020.01,1020.02,343.917,350922.95433
BNBUSDT,1758401700000,2025-09-20 20:55:00,2025-09-21 05:55:00,1020.01,1020.85,1020,1020,765.533,781170.78358
BNBUSDT,1758402000000,2025-09-20 21:00:00,2025-09-21 06:00:00,1020,1021.34,1019.82,1021.34,672.025,685762.61365
BNBUSDT,1758402300000,2025-09-20 21:05:00,2025-09-21 06:05:00,1021.34,1021.69,1020.72,1021.69,448.161,457660.67708
BNBUSDT,1758402600000,2025-09-20 21:10:00,2025-09-21 06:10:00,1021.69,1021.91,1021.46,1021.9,831.815,849901.33221
BNBUSDT,1758402900000,2025-09-20 21:15:00,2025-09-21 06:15:00,1021.91,1022.27,1021.04,1021.94,572.376,584755.48245
BNBUSDT,1758403200000,2025-09-20 21:20:00,2025-09-21 06:20:00,1021.93,1023.59,1021.91,1023.48,573.851,587035.95356
BNBUSDT,1758403500000,2025-09-20 21:25:00,2025-09-21 06:25:00,1023.48,1024.65,1023.22,1024.47,349.836,358192.05308
BNBUSDT,1758403800000,2025-09-20 21:30:00,2025-09-21 06:30:00,1024.46,1027.75,1023.41,1025.26,4190.63,4297533.05525
BNBUSDT,1758404100000,2025-09-20 21:35:00,2025-09-21 06:35:00,1025.26,1048,1025.13,1036.22,15507.834,16081167.97481
BNBUSDT,1758404400000,2025-09-20 21:40:00,2025-09-21 06:40:00,1036.22,1046,1034.67,1042.16,3743.324,3887437.89701
BNBUSDT,1758404700000,2025-09-20 21:45:00,2025-09-21 06:45:00,1042.16,1043.86,1038.38,1038.39,2264.144,2358095.00707
BNBUSDT,1758405000000,2025-09-20 21:50:00,2025-09-21 06:50:00,1038.39,1041.19,1038.31,1038.9,934.599,971419.3068
BNBUSDT,1758405300000,2025-09-20 21:55:00,2025-09-21 06:55:00,1038.89,1041,1038.3,1040.4,1078.126,1120650.85964
BNBUSDT,1758405600000,2025-09-20 22:00:00,2025-09-21 07:00:00,1040.42,1040.57,1038.35,1038.79,1313.518,1365504.53567
BNBUSDT,1758405900000,2025-09-20 22:05:00,2025-09-21 07:05:00,1038.8,1040.5,1037.72,1037.93,2065.793,2146787.2989
BNBUSDT,1758406200000,2025-09-20 22:10:00,2025-09-21 07:10:00,1037.92,1038.11,1037.16,1037.64,1067.768,1108085.96711
BNBUSDT,1758406500000,2025-09-20 22:15:00,2025-09-21 07:15:00,1037.64,1037.64,1034.34,1036.46,2741.48,2838743.78148
BNBUSDT,1758406800000,2025-09-20 22:20:00,2025-09-21 07:20:00,1036.46,1037.36,1033.96,1037.02,2618.093,2712145.86655
BNBUSDT,1758407100000,2025-09-20 22:25:00,2025-09-21 07:25:00,1037.02,1037.23,1035,1037.16,661.121,685074.65753
BNBUSDT,1758407400000,2025-09-20 22:30:00,2025-09-21 07:30:00,1037.16,1039.65,1036.92,1038.85,1459.894,1516072.17151
BNBUSDT,1758407700000,2025-09-20 22:35:00,2025-09-21 07:35:00,1038.85,1040.03,1037.55,1038.29,931.924,967899.88479
BNBUSDT,1758408000000,2025-09-20 22:40:00,2025-09-21 07:40:00,1038.29,1038.72,1037.29,1038.38,895.459,929476.05845
BNBUSDT,1758408300000,2025-09-20 22:45:00,2025-09-21 07:45:00,1038.37,1039.2,1037.83,1037.83,1113.412,1156541.28121
BNBUSDT,1758408600000,2025-09-20 22:50:00,2025-09-21 07:50:00,1037.83,1039.07,1037.69,1039.07,854.64,887265.16194
BNBUSDT,1758408900000,2025-09-20 22:55:00,2025-09-21 07:55:00,1039.07,1039.93,1038.57,1039.93,1167.738,1213390.36265
BNBUSDT,1758409200000,2025-09-20 23:00:00,2025-09-21 08:00:00,1039.93,1039.99,1038.23,1038.98,1272.155,1321643.26847
BNBUSDT,1758409500000,2025-09-20 23:05:00,2025-09-21 08:05:00,1038.98,1039.8,1038.13,1038.55,1182.609,1228595.50677
BNBUSDT,1758409800000,2025-09-20 23:10:00,2025-09-21 08:10:00,1038.55,1038.55,1035.57,1036.61,2469.034,2560281.16477
BNBUSDT,1758410100000,2025-09-20 23:15:00,2025-09-21 08:15:00,1036.61,1037.81,1036.2,1037.73,597.449,619414.08782
BNBUSDT,1758410400000,2025-09-20 23:20:00,2025-09-21 08:20:00,1037.73,1039,1037.16,1038.85,997.801,1036049.45395
BNBUSDT,1758410700000,2025-09-20 23:25:00,2025-09-21 08:25:00,1038.85,1040.91,1038.02,1040.4,1797.416,1868731.4238
BNBUSDT,1758411000000,2025-09-20 23:30:00,2025-09-21 08:30:00,1040.41,1044.18,1039.35,1042.48,2150.724,2241093.22284
BNBUSDT,1758411300000,2025-09-20 23:35:00,2025-09-21 08:35:00,1042.48,1044.01,1041.67,1041.98,1772.967,1848494.89818
BNBUSDT,1758411600000,2025-09-20 23:40:00,2025-09-21 08:40:00,1041.97,1042.6,1041.6,1042.01,1090.881,1136748.54983
BNBUSDT,1758411900000,2025-09-20 23:45:00,2025-09-21 08:45:00,1042,1042.65,1040.96,1042.2,1050.781,1094678.33573
BNBUSDT,1758412200000,2025-09-20 23:50:00,2025-09-21 08:50:00,1042.2,1042.73,1041.5,1042.12,978.314,1019332.6387
BNBUSDT,1758412500000,2025-09-20 23:55:00,2025-09-21 08:55:00,1042.11,1044.02,1041.1,1043.77,2374.182,2474927.60492
BNBUSDT,1758412800000,2025-09-21 00:00:00,2025-09-21 09:00:00,1043.77,1043.78,1042.41,1042.72,1341.706,1399610.01139
BNBUSDT,1758413100000,2025-09-21 00:05:00,2025-09-21 09:05:00,1042.71,1043.06,1040.55,1043.06,2669.467,2781248.68964
BNBUSDT,1758413400000,2025-09-21 00:10:00,2025-09-21 09:10:00,1043.06,1045.83,1042.63,1044.59,1348.189,1407577.03493
BNBUSDT,1758413700000,2025-09-21 00:15:00,2025-09-21 09:15:00,1044.59,1047.35,1044.18,1046.68,1340.481,1401617.91341
BNBUSDT,1758414000000,2025-09-21 00:20:00,2025-09-21 09:20:00,1046.69,1046.7,1042.1,1042.17,1749.189,1827013.53935
BNBUSDT,1758414300000,2025-09-21 00:25:00,2025-09-21 09:25:00,1042.18,1042.66,1039.41,1039.74,2079.934,2165312.27122
BNBUSDT,1758414600000,2025-09-21 00:30:00,2025-09-21 09:30:00,1039.75,1042.44,1039.73,1042.29,1513.167,1575362.33456
BNBUSDT,1758414900000,2025-09-21 00:35:00,2025-09-21 09:35:00,1042.29,1044.54,1041.63,1044.54,2224.015,2319664.20744
BNBUSDT,1758415200000,2025-09-21 00:40:00,2025-09-21 09:40:00,1044.54,1066.03,1044.28,1060.1,22796.2139,24070969.39423
BNBUSDT,1758415500000,2025-09-21 00:45:00,2025-09-21 09:45:00,1060.1,1061.06,1055.15,1056.91,6942.919,7346754.81699
BNBUSDT,1758415800000,2025-09-21 00:50:00,2025-09-21 09:50:00,1056.9,1058.2,1054.94,1056.68,4411.295,4659275.70324
BNBUSDT,1758416100000,2025-09-21 00:55:00,2025-09-21 09:55:00,1056.67,1061.88,1056.59,1061.54,4921.607,5217260.31635
BNBUSDT,1758416400000,2025-09-21 01:00:00,2025-09-21 10:00:00,1061.5,1062,1057.33,1058.22,3331.624,3529179.71356
BNBUSDT,1758416700000,2025-09-21 01:05:00,2025-09-21 10:05:00,1058.22,1058.23,1056.25,1057.11,1161.699,1228185.97922
BNBUSDT,1758417000000,2025-09-21 01:10:00,2025-09-21 10:10:00,1057.1,1057.33,1055.58,1056.31,1410.447,1489731.92819
BNBUSDT,1758417300000,2025-09-21 01:15:00,2025-09-21 10:15:00,1056.31,1057.68,1055.2,1057.58,2008.513,2121108.83404
BNBUSDT,1758417600000,2025-09-21 01:20:00,2025-09-21 10:20:00,1057.58,1059.07,1055.7,1055.71,2003.093,2118347.97256
BNBUSDT,1758417900000,2025-09-21 01:25:00,2025-09-21 10:25:00,1055.7,1056.95,1054,1055.2,2550.373,2692813.48119
BNBUSDT,1758418200000,2025-09-21 01:30:00,2025-09-21 10:30:00,1055.2,1060.32,1055.15,1059.23,2238.345,2368106.16114
BNBUSDT,1758418500000,2025-09-21 01:35:00,2025-09-21 10:35:00,1059.23,1059.75,1057.41,1057.89,1270.697,1344833.76116
BNBUSDT,1758418800000,2025-09-21 01:40:00,2025-09-21 10:40:00,1057.9,1060.82,1057,1060.52,1957.494,2072272.30525
BNBUSDT,1758419100000,2025-09-21 01:45:00,2025-09-21 10:45:00,1060.52,1062,1059.07,1061.57,3173.906,3366334.92142
BNBUSDT,1758419400000,2025-09-21 01:50:00,2025-09-21 10:50:00,1061.57,1074.62,1061.56,1069.31,15879.961,16962338.86901
BNBUSDT,1758419700000,2025-09-21 01:55:00,2025-09-21 10:55:00,1069.32,1076.14,1068.86,1072.08,7769.907,8330576.28945
BNBUSDT,1758420000000,2025-09-21 02:00:00,2025-09-21 11:00:00,1072.09,1082.36,1070.15,1078.61,7675.9354,8270554.484451
BNBUSDT,1758420300000,2025-09-21 02:05:00,2025-09-21 11:05:00,1078.62,1083.47,1076.62,1078.6,6734.515,7270157.71815
BNBUSDT,1758420600000,2025-09-21 02:10:00,2025-09-21 11:10:00,1078.6,1079.26,1075.01,1075.92,5367.574,5782293.80988
BNBUSDT,1758420900000,2025-09-21 02:15:00,2025-09-21 11:15:00,1075.92,1079.18,1074.74,1077.93,4263.692,4591248.50735
BNBUSDT,1758421200000,2025-09-21 02:20:00,2025-09-21 11:20:00,1077.94,1079.4,1074.96,1079.06,5153.173,5551695.89016
BNBUSDT,1758421500000,2025-09-21 02:25:00,2025-09-21 11:25:00,1079.05,1079.21,1074.81,1077.84,5892.454,6346242.54974
BNBUSDT,1758421800000,2025-09-21 02:30:00,2025-09-21 11:30:00,1077.84,1078.21,1073,1077.23,2437.031,2620593.24921
BNBUSDT,1758422100000,2025-09-21 02:35:00,2025-09-21 11:35:00,1077.24,1077.24,1075,1076.11,1931.104,2078017.32546
BNBUSDT,1758422400000,2025-09-21 02:40:00,2025-09-21 11:40:00,1076.1,1077.1,1073.58,1076.2,4648.565,4998392.68886
BNBUSDT,1758422700000,2025-09-21 02:45:00,2025-09-21 11:45:00,1076.2,1076.43,1071.81,1075.42,2570.53,2761409.66485
BNBUSDT,1758423000000,2025-09-21 02:50:00,2025-09-21 11:50:00,1075.41,1075.92,1073.64,1074.7,1485.643,1597044.35793
BNBUSDT,1758423300000,2025-09-21 02:55:00,2025-09-21 11:55:00,1074.7,1076.39,1074.21,1074.28,1930.084,2075511.31441
BNBUSDT,1758423600000,2025-09-21 03:00:00,2025-09-21 12:00:00,1074.27,1074.32,1070.82,1072.6,2822.215,3026600.87664
BNBUSDT,1758423900000,2025-09-21 03:05:00,2025-09-21 12:05:00,1072.61,1074.97,1072,1072.03,2695.618,2893486.08687
BNBUSDT,1758424200000,2025-09-21 03:10:00,2025-09-21 12:10:00,1072.03,1073.08,1070.19,1072.92,1637.909,1755505.35586
BNBUSDT,1758424500000,2025-09-21 03:15:00,2025-09-21 12:15:00,1072.93,1073.13,1071.5,1072.99,1160.152,1243787.55163
BNBUSDT,1758424800000,2025-09-21 03:20:00,2025-09-21 12:20:00,1073,1074.34,1073,1073.12,1028.654,1104586.60035
BNBUSDT,1758425100000,2025-09-21 03:25:00,2025-09-21 12:25:00,1073.11,1075.52,1073.11,1075.01,1770.256,1901626.03528
BNBUSDT,1758425400000,2025-09-21 03:30:00,2025-09-21 12:30:00,1075,1075.01,1068.59,1069.76,3320.519,3558954.67246
BNBUSDT,1758425700000,2025-09-21 03:35:00,2025-09-21 12:35:00,1069.76,1071.58,1069.21,1070.8,1473,1576801.84593
BNBUSDT,1758426000000,2025-09-21 03:40:00,2025-09-21 12:40:00,1070.8,1071.74,1070.6,1071.17,680.274,728684.06375
BNBUSDT,1758426300000,2025-09-21 03:45:00,2025-09-21 12:45:00,1071.16,1071.69,1069.39,1070.51,1531.022,1638470.73347
BNBUSDT,1758426600000,2025-09-21 03:50:00,2025-09-21 12:50:00,1070.51,1070.66,1068.01,1069.54,1644.25,1758137.59475
BNBUSDT,1758426900000,2025-09-21 03:55:00,2025-09-21 12:55:00,1069.54,1069.54,1067.5,1069.46,1448.526,1547825.14181
BNBUSDT,1758427200000,2025-09-21 04:00:00,2025-09-21 13:00:00,1069.46,1070.71,1068.54,1069.02,1480.412,1583263.05704
BNBUSDT,1758427500000,2025-09-21 04:05:00,2025-09-21 13:05:00,1069.02,1069.02,1063.4,1064.39,4466.218,4758344.1491
BNBUSDT,1758427800000,2025-09-21 04:10:00,2025-09-21 13:10:00,1064.4,1065.93,1058.91,1059.46,4142.411,4400249.6832
BNBUSDT,1758428100000,2025-09-21 04:15:00,2025-09-21 13:15:00,1059.46,1063.32,1059.46,1062.84,2275.375,2415746.99714
BNBUSDT,1758428400000,2025-09-21 04:20:00,2025-09-21 13:20:00,1062.83,1064.01,1061.84,1062.67,1826.801,1942081.5226
BNBUSDT,1758428700000,2025-09-21 04:25:00,2025-09-21 13:25:00,1062.67,1063.36,1061.81,1061.93,959.276,1019265.45333
BNBUSDT,1758429000000,2025-09-21 04:30:00,2025-09-21 13:30:00,1061.93,1064.92,1061.92,1064.26,881.056,937331.5398
BNBUSDT,1758429300000,2025-09-21 04:35:00,2025-09-21 13:35:00,1064.26,1064.99,1062.6,1064.33,1236.546,1315714.3249
BNBUSDT,1758429600000,2025-09-21 04:40:00,2025-09-21 13:40:00,1064.33,1065.26,1064.32,1064.7,747.421,795956.14549
BNBUSDT,1758429900000,2025-09-21 04:45:00,2025-09-21 13:45:00,1064.69,1066.69,1064.69,1066.28,1009.499,1076278.74819
BNBUSDT,1758430200000,2025-09-21 04:50:00,2025-09-21 13:50:00,1066.28,1067.17,1065.65,1066.46,726.495,774762.35522
BNBUSDT,1758430500000,2025-09-21 04:55:00,2025-09-21 13:55:00,1066.46,1067.97,1065.91,1067.97,1192.524,1271960.39549
BNBUSDT,1758430800000,2025-09-21 05:00:00,2025-09-21 14:00:00,1067.96,1068.65,1065.61,1065.61,1492.815,1593413.35742
BNBUSDT,1758431100000,2025-09-21 05:05:00,2025-09-21 14:05:00,1065.61,1066.2,1063.99,1064.81,1067.811,1137217.84014
BNBUSDT,1758431400000,2025-09-21 05:10:00,2025-09-21 14:10:00,1064.82,1065.48,1064.29,1064.8,691.976,736984.89055
BNBUSDT,1758431700000,2025-09-21 05:15:00,2025-09-21 14:15:00,1064.8,1065.95,1064.8,1065.8,617.886,658337.6204
BNBUSDT,1758432000000,2025-09-21 05:20:00,2025-09-21 14:20:00,1065.8,1065.9,1064.08,1064.08,419.715,447026.44891
BNBUSDT,1758432300000,2025-09-21 05:25:00,2025-09-21 14:25:00,1064.08,1064.25,1063.45,1064.25,516.871,549829.74065
BNBUSDT,1758432600000,2025-09-21 05:30:00,2025-09-21 14:30:00,1064.25,1065.06,1064.25,1064.54,769.212,819009.89189
BNBUSDT,1758432900000,2025-09-21 05:35:00,2025-09-21 14:35:00,1064.54,1064.86,1064.1,1064.43,395.848,421352.91549
BNBUSDT,1758433200000,2025-09-21 05:40:00,2025-09-21 14:40:00,1064.42,1065.35,1063.91,1065.35,1154.833,1229402.83683
BNBUSDT,1758433500000,2025-09-21 05:45:00,2025-09-21 14:45:00,1065.35,1066.61,1064.61,1066.41,971.163,1034657.98151
BNBUSDT,1758433800000,2025-09-21 05:50:00,2025-09-21 14:50:00,1066.4,1067.48,1066.22,1067.01,1012.564,1080186.55934
BNBUSDT,1758434100000,2025-09-21 05:55:00,2025-09-21 14:55:00,1067,1067.73,1066.85,1067.72,1024.408,1093221.364
BNBUSDT,1758434400000,2025-09-21 06:00:00,2025-09-21 15:00:00,1067.73,1068.83,1066.01,1066.43,1212.432,1293922.52227
BNBUSDT,1758434700000,2025-09-21 06:05:00,2025-09-21 15:05:00,1066.43,1069.98,1066.42,1069.69,2043.783,2183658.61866
BNBUSDT,1758435000000,2025-09-21 06:10:00,2025-09-21 15:10:00,1069.69,1072.94,1068.58,1072.24,3497.242,3743835.91533
BNBUSDT,1758435300000,2025-09-21 06:15:00,2025-09-21 15:15:00,1072.24,1072.95,1071.09,1072.24,1716.899,1840484.99492
BNBUSDT,1758435600000,2025-09-21 06:20:00,2025-09-21 15:20:00,1072.24,1074.39,1072.18,1074.16,1386.793,1488671.23357
BNBUSDT,1758435900000,2025-09-21 06:25:00,2025-09-21 15:25:00,1074.17,1077.85,1073.51,1077.61,3053.775,3285589.27096
BNBUSDT,1758436200000,2025-09-21 06:30:00,2025-09-21 15:30:00,1077.6,1077.6,1072.67,1072.99,1599.974,1719681.27388
BNBUSDT,1758436500000,2025-09-21 06:35:00,2025-09-21 15:35:00,1072.98,1075.37,1072.68,1073.07,1056.102,1134031.50657
BNBUSDT,1758436800000,2025-09-21 06:40:00,2025-09-21 15:40:00,1073.08,1076.4,1072.61,1075.7,1320.187,1418656.2104
BNBUSDT,1758437100000,2025-09-21 06:45:00,2025-09-21 15:45:00,1075.7,1076.41,1073.92,1074.66,1830.698,1968094.38419
BNBUSDT,1758437400000,2025-09-21 06:50:00,2025-09-21 15:50:00,1074.66,1076.04,1074.23,1075.46,1153.197,1239845.21384
BNBUSDT,1758437700000,2025-09-21 06:55:00,2025-09-21 15:55:00,1075.46,1077.47,1075.4,1076.01,1875.291,2018788.45592
BNBUSDT,1758438000000,2025-09-21 07:00:00,2025-09-21 16:00:00,1076.01,1076.01,1074.51,1075.81,1266.011,1361264.12939
BNBUSDT,1758438300000,2025-09-21 07:05:00,2025-09-21 16:05:00,1075.82,1075.82,1072.09,1074.68,2646.311,2841107.58223
BNBUSDT,1758438600000,2025-09-21 07:10:00,2025-09-21 16:10:00,1074.68,1080.79,1074.5,1079.31,5090.354,5491437.26843
BNBUSDT,1758438900000,2025-09-21 07:15:00,2025-09-21 16:15:00,1079.31,1079.6,1075.49,1075.91,1497.266,1613013.23986
BNBUSDT,1758439200000,2025-09-21 07:20:00,2025-09-21 16:20:00,1075.92,1076.93,1075.25,1076.07,1205.094,1296770.46581
BNBUSDT,1758439500000,2025-09-21 07:25:00,2025-09-21 16:25:00,1076.07,1077,1075,1076.74,1012.262,1089186.82572
BNBUSDT,1758439800000,2025-09-21 07:30:00,2025-09-21 16:30:00,1076.74,1077.52,1076.04,1076.23,1888.411,2033546.27598
BNBUSDT,1758440100000,2025-09-21 07:35:00,2025-09-21 16:35:00,1076.23,1076.38,1075.03,1075.28,860.634,925824.74977
BNBUSDT,1758440400000,2025-09-21 07:40:00,2025-09-21 16:40:00,1075.29,1077.33,1075,1076.87,1098.736,1182400.48969
BNBUSDT,1758440700000,2025-09-21 07:45:00,2025-09-21 16:45:00,1076.86,1076.86,1073.47,1073.86,1079.8,1160833.74734
BNBUSDT,1758441000000,2025-09-21 07:50:00,2025-09-21 16:50:00,1073.85,1075.4,1071.99,1074.48,2866.142,3076358.49752
BNBUSDT,1758441300000,2025-09-21 07:55:00,2025-09-21 16:55:00,1074.49,1074.49,1072.38,1073.73,1496.737,1606163.34222
BNBUSDT,1758441600000,2025-09-21 08:00:00,2025-09-21 17:00:00,1073.73,1074.41,1072.57,1073.59,1376.372,1477497.4728
BNBUSDT,1758441900000,2025-09-21 08:05:00,2025-09-21 17:05:00,1073.58,1075.25,1073.17,1073.23,1338.665,1438052.63354
BNBUSDT,1758442200000,2025-09-21 08:10:00,2025-09-21 17:10:00,1073.23,1074.57,1072.25,1074.45,1061.76,1139828.77135
BNBUSDT,1758442500000,2025-09-21 08:15:00,2025-09-21 17:15:00,1074.45,1074.45,1069.57,1069.98,2307.079,2470778.98955
BNBUSDT,1758442800000,2025-09-21 08:20:00,2025-09-21 17:20:00,1069.98,1070.75,1068.87,1069.9,2277.377,2436426.76981
BNBUSDT,1758443100000,2025-09-21 08:25:00,2025-09-21 17:25:00,1069.9,1071,1069.61,1069.61,815.66,872921.48368
BNBUSDT,1758443400000,2025-09-21 08:30:00,2025-09-21 17:30:00,1069.62,1070.85,1069.06,1070.23,1637.166,1751735.90803
BNBUSDT,1758443700000,2025-09-21 08:35:00,2025-09-21 17:35:00,1070.23,1070.41,1067.62,1067.62,1741.04,1861602.3131
BNBUSDT,1758444000000,2025-09-21 08:40:00,2025-09-21 17:40:00,1067.63,1070.83,1066.6,1070.64,1775.325,1896434.41275
BNBUSDT,1758444300000,2025-09-21 08:45:00,2025-09-21 17:45:00,1070.63,1072.84,1070.63,1071.94,1051.617,1127578.86683
BNBUSDT,1758444600000,2025-09-21 08:50:00,2025-09-21 17:50:00,1071.94,1072.86,1071.41,1071.83,732.492,785225.74855
BNBUSDT,1758444900000,2025-09-21 08:55:00,2025-09-21 17:55:00,1071.84,1072.24,1071.44,1071.96,676.148,724707.55061
BNBUSDT,1758445200000,2025-09-21 09:00:00,2025-09-21 18:00:00,1071.96,1072.5,1070.7,1071.67,638.237,683862.89755
BNBUSDT,1758445500000,2025-09-21 09:05:00,2025-09-21 18:05:00,1071.67,1072,1071.02,1071.53,485.483,520169.51843
BNBUSDT,1758445800000,2025-09-21 09:10:00,2025-09-21 18:10:00,1071.53,1071.54,1068.66,1068.66,1004.029,1074664.50227
BNBUSDT,1758446100000,2025-09-21 09:15:00,2025-09-21 18:15:00,1068.65,1068.72,1064.52,1065.74,2961.59,3158117.27359
BNBUSDT,1758446400000,2025-09-21 09:20:00,2025-09-21 18:20:00,1065.74,1067.56,1064.18,1064.48,1384.536,1475937.07658
BNBUSDT,1758446700000,2025-09-21 09:25:00,2025-09-21 18:25:00,1064.47,1064.51,1060.29,1062.3,3969.404,4214343.82132
BNBUSDT,1758447000000,2025-09-21 09:30:00,2025-09-21 18:30:00,1062.3,1062.39,1055.67,1058.01,6861.917,7266830.1357
BNBUSDT,1758447300000,2025-09-21 09:35:00,2025-09-21 18:35:00,1058,1058.09,1052.15,1056.47,5559.783,5865561.68485
BNBUSDT,1758447600000,2025-09-21 09:40:00,2025-09-21 18:40:00,1056.47,1058.72,1055.54,1056.77,2026.019,2141565.46535
BNBUSDT,1758447900000,2025-09-21 09:45:00,2025-09-21 18:45:00,1056.77,1058.51,1054.01,1057.82,2423.514,2560176.46195
BNBUSDT,1758448200000,2025-09-21 09:50:00,2025-09-21 18:50:00,1057.83,1059.3,1057.32,1057.48,1808.271,1914313.50503
BNBUSDT,1758448500000,2025-09-21 09:55:00,2025-09-21 18:55:00,1057.48,1059.21,1057.47,1058.56,810.021,857273.34207
BNBUSDT,1758448800000,2025-09-21 10:00:00,2025-09-21 19:00:00,1058.55,1061.17,1057.63,1060.08,2144.844,2272023.28577
BNBUSDT,1758449100000,2025-09-21 10:05:00,2025-09-21 19:05:00,1060.07,1062.77,1058.95,1059.49,2484.009,2635825.75515
BNBUSDT,1758449400000,2025-09-21 10:10:00,2025-09-21 19:10:00,1059.48,1061.44,1059.48,1061.13,935.793,992408.2682
BNBUSDT,1758449700000,2025-09-21 10:15:00,2025-09-21 19:15:00,1061.13,1061.59,1059.39,1060.03,1078.846,1144093.08252
BNBUSDT,1758450000000,2025-09-21 10:20:00,2025-09-21 19:20:00,1060.03,1061.03,1059,1061.02,959.345,1017117.42441
BNBUSDT,1758450300000,2025-09-21 10:25:00,2025-09-21 19:25:00,1061.02,1061.06,1059.16,1059.68,787.055,834182.3356
BNBUSDT,1758450600000,2025-09-21 10:30:00,2025-09-21 19:30:00,1059.68,1063.36,1058.72,1062.54,1942.831,2061438.45803
BNBUSDT,1758450900000,2025-09-21 10:35:00,2025-09-21 19:35:00,1062.54,1064.2,1061.08,1061.72,1048.43,1114414.0606
BNBUSDT,1758451200000,2025-09-21 10:40:00,2025-09-21 19:40:00,1061.72,1062.94,1061.07,1061.24,914.715,971287.39887
BNBUSDT,1758451500000,2025-09-21 10:45:00,2025-09-21 19:45:00,1061.23,1061.8,1059.65,1059.79,572.747,607439.17789
BNBUSDT,1758451800000,2025-09-21 10:50:00,2025-09-21 19:50:00,1059.79,1061.43,1059.78,1061.2,624.684,662671.72776
BNBUSDT,1758452100000,2025-09-21 10:55:00,2025-09-21 19:55:00,1061.21,1062.04,1060.21,1060.68,503.663,534377.51799
BNBUSDT,1758452400000,2025-09-21 11:00:00,2025-09-21 20:00:00,1060.69,1061.58,1059.68,1060.96,760.543,806699.25708
BNBUSDT,1758452700000,2025-09-21 11:05:00,2025-09-21 20:05:00,1060.96,1062.99,1060.75,1061.82,753.112,800000.47058
BNBUSDT,1758453000000,2025-09-21 11:10:00,2025-09-21 20:10:00,1061.83,1063.68,1061.65,1063.38,1326.603,1410279.50235
BNBUSDT,1758453300000,2025-09-21 11:15:00,2025-09-21 20:15:00,1063.39,1063.39,1061.37,1062.01,719.432,764121.37768
BNBUSDT,1758453600000,2025-09-21 11:20:00,2025-09-21 20:20:00,1062,1062.93,1060.59,1060.99,867.331,920603.28129
BNBUSDT,1758453900000,2025-09-21 11:25:00,2025-09-21 20:25:00,1061,1061.32,1060.02,1060.28,884.715,938141.9434
BNBUSDT,1758454200000,2025-09-21 11:30:00,2025-09-21 20:30:00,1060.28,1060.28,1058,1058.11,1808.848,1915530.60212
BNBUSDT,1758454500000,2025-09-21 11:35:00,2025-09-21 20:35:00,1058.11,1059.4,1057.17,1057.6,1543.758,1633706.76784
BNBUSDT,1758454800000,2025-09-21 11:40:00,2025-09-21 20:40:00,1057.6,1057.6,1055.11,1055.26,2078.114,2195504.49016
BNBUSDT,1758455100000,2025-09-21 11:45:00,2025-09-21 20:45:00,1055.26,1056.17,1054.02,1054.32,1757.818,1854670.28191
BNBUSDT,1758455400000,2025-09-21 11:50:00,2025-09-21 20:50:00,1054.32,1054.32,1051.24,1052,2904.235,3057070.81081
BNBUSDT,1758455700000,2025-09-21 11:55:00,2025-09-21 20:55:00,1052.01,1053.65,1050.32,1051.11,1403.082,1475835.48325
BNBUSDT,1758456000000,2025-09-21 12:00:00,2025-09-21 21:00:00,1051.12,1055.07,1051,1055.07,1641.263,1728338.38712
BNBUSDT,1758456300000,2025-09-21 12:05:00,2025-09-21 21:05:00,1055.07,1055.56,1053.84,1055.32,927.725,978529.61669
BNBUSDT,1758456600000,2025-09-21 12:10:00,2025-09-21 21:10:00,1055.32,1055.4,1052.73,1053.54,1012.454,1066982.22421
BNBUSDT,1758456900000,2025-09-21 12:15:00,2025-09-21 21:15:00,1053.54,1055.81,1053.29,1055.73,763.613,805214.52801
BNBUSDT,1758457200000,2025-09-21 12:20:00,2025-09-21 21:20:00,1055.73,1057.81,1055.39,1055.84,1155.705,1221238.83791
BNBUSDT,1758457500000,2025-09-21 12:25:00,2025-09-21 21:25:00,1055.84,1056.78,1055.31,1055.5,639.104,674919.73273
BNBUSDT,1758457800000,2025-09-21 12:30:00,2025-09-21 21:30:00,1055.51,1057.97,1055.5,1056.81,814.393,860819.77149
BNBUSDT,1758458100000,2025-09-21 12:35:00,2025-09-21 21:35:00,1056.81,1057.13,1051.96,1052.97,3262.892,3438742.7366
BNBUSDT,1758458400000,2025-09-21 12:40:00,2025-09-21 21:40:00,1052.98,1052.98,1048.46,1049.08,2732.409,2869017.21722
BNBUSDT,1758458700000,2025-09-21 12:45:00,2025-09-21 21:45:00,1049.08,1049.08,1044,1046.95,3635.688,3804467.29147
BNBUSDT,1758459000000,2025-09-21 12:50:00,2025-09-21 21:50:00,1046.95,1048.05,1045.47,1045.47,1339.625,1402297.49255
BNBUSDT,1758459300000,2025-09-21 12:55:00,2025-09-21 21:55:00,1045.48,1046.58,1044.32,1046.5,2060.836,2154967.81377
BNBUSDT,1758459600000,2025-09-21 13:00:00,2025-09-21 22:00:00,1046.5,1048.62,1046.02,1048.62,1319.569,1382656.54063
BNBUSDT,1758459900000,2025-09-21 13:05:00,2025-09-21 22:05:00,1048.63,1050.61,1048.63,1049.45,1593.552,1672364.05535
BNBUSDT,1758460200000,2025-09-21 13:10:00,2025-09-21 22:10:00,1049.45,1050.88,1049.43,1050.5,885.825,930241.56704
BNBUSDT,1758460500000,2025-09-21 13:15:00,2025-09-21 22:15:00,1050.5,1050.52,1048.84,1048.85,766.004,804129.20267
BNBUSDT,1758460800000,2025-09-21 13:20:00,2025-09-21 22:20:00,1048.85,1050.02,1048.76,1049.73,811.964,852047.17373
BNBUSDT,1758461100000,2025-09-21 13:25:00,2025-09-21 22:25:00,1049.73,1050.7,1047.2,1050.63,1085.366,1138251.02914
BNBUSDT,1758461400000,2025-09-21 13:30:00,2025-09-21 22:30:00,1050.64,1052.39,1050.3,1052.25,1558.775,1638345.08906
BNBUSDT,1758461700000,2025-09-21 13:35:00,2025-09-21 22:35:00,1052.25,1052.37,1051.6,1052.09,711.44,748409.85713
BNBUSDT,1758462000000,2025-09-21 13:40:00,2025-09-21 22:40:00,1052.09,1052.37,1050.53,1052.01,923.459,971036.9247
BNBUSDT,1758462300000,2025-09-21 13:45:00,2025-09-21 22:45:00,1052,1054.32,1051.6,1053.96,1314.581,1384449.72586
BNBUSDT,1758462600000,2025-09-21 13:50:00,2025-09-21 22:50:00,1053.96,1054.87,1053.11,1054.1,763.9,805142.20741
BNBUSDT,1758462900000,2025-09-21 13:55:00,2025-09-21 22:55:00,1054.09,1054.53,1052.26,1052.28,874.098,920645.48621
BNBUSDT,1758463200000,2025-09-21 14:00:00,2025-09-21 23:00:00,1052.29,1053.88,1052.28,1053.2,535.728,564337.57479
BNBUSDT,1758463500000,2025-09-21 14:05:00,2025-09-21 23:05:00,1053.21,1053.21,1050.22,1050.94,1251.785,1315831.95982
BNBUSDT,1758463800000,2025-09-21 14:10:00,2025-09-21 23:10:00,1050.94,1051.7,1050.05,1051.03,588.972,619011.4296
BNBUSDT,1758464100000,2025-09-21 14:15:00,2025-09-21 23:15:00,1051.04,1051.04,1049,1049,909.32,954787.42021
BNBUSDT,1758464400000,2025-09-21 14:20:00,2025-09-21 23:20:00,1049.01,1049.56,1048.51,1049.07,652.397,684331.2108
BNBUSDT,1758464700000,2025-09-21 14:25:00,2025-09-21 23:25:00,1049.07,1049.76,1048.79,1049.52,446,467951.84778
BNBUSDT,1758465000000,2025-09-21 14:30:00,2025-09-21 23:30:00,1049.52,1050.61,1048.36,1050.59,683.599,717460.6133
BNBUSDT,1758465300000,2025-09-21 14:35:00,2025-09-21 23:35:00,1050.59,1052.89,1050.3,1052.71,782.166,822474.91365
BNBUSDT,1758465600000,2025-09-21 14:40:00,2025-09-21 23:40:00,1052.71,1054.65,1050.78,1054.58,942.925,992188.3142
BNBUSDT,1758465900000,2025-09-21 14:45:00,2025-09-21 23:45:00,1054.59,1056.91,1054.58,1055.99,1693.359,1788064.69319
BNBUSDT,1758466200000,2025-09-21 14:50:00,2025-09-21 23:50:00,1055.98,1055.99,1049.92,1051.97,1746.95,1837586.26148
BNBUSDT,1758466500000,2025-09-21 14:55:00,2025-09-21 23:55:00,1051.98,1051.98,1049.81,1050.26,598.553,628899.0306
BNBUSDT,1758466800000,2025-09-21 15:00:00,2025-09-22 00:00:00,1050.25,1051.57,1049.74,1051.57,960.537,1009223.54453
BNBUSDT,1758467100000,2025-09-21 15:05:00,2025-09-22 00:05:00,1051.57,1054.18,1051.17,1053.58,2296.053,2416281.65714
BNBUSDT,1758467400000,2025-09-21 15:10:00,2025-09-22 00:10:00,1053.58,1054.6,1052.83,1053.64,735.558,774967.57403
BNBUSDT,1758467700000,2025-09-21 15:15:00,2025-09-22 00:15:00,1053.64,1054.26,1051.56,1052.64,1253.945,1320188.3169
BNBUSDT,1758468000000,2025-09-21 15:20:00,2025-09-22 00:20:00,1052.64,1053.72,1052.63,1053.56,1238.533,1304488.59576
BNBUSDT,1758468300000,2025-09-21 15:25:00,2025-09-22 00:25:00,1053.56,1054.23,1053.17,1053.7,613.402,646354.47401
BNBUSDT,1758468600000,2025-09-21 15:30:00,2025-09-22 00:30:00,1053.69,1054.82,1051.91,1051.93,914.224,963311.86678
BNBUSDT,1758468900000,2025-09-21 15:35:00,2025-09-22 00:35:00,1051.93,1053.2,1051.74,1052.58,650.572,684787.36856
BNBUSDT,1758469200000,2025-09-21 15:40:00,2025-09-22 00:40:00,1052.58,1054.96,1052.52,1054.37,587.577,619059.96873
BNBUSDT,1758469500000,2025-09-21 15:45:00,2025-09-22 00:45:00,1054.36,1055.49,1054.2,1055.39,996.55,1051307.88066
BNBUSDT,1758469800000,2025-09-21 15:50:00,2025-09-22 00:50:00,1055.39,1056.1,1054.78,1056.09,534.09,563749.58288
BNBUSDT,1758470100000,2025-09-21 15:55:00,2025-09-22 00:55:00,1056.1,1056.35,1054.91,1056.31,735.002,775952.00595
BNBUSDT,1758470400000,2025-09-21 16:00:00,2025-09-22 01:00:00,1056.32,1058,1054.9,1054.9,1239.776,1310271.52345
BNBUSDT,1758470700000,2025-09-21 16:05:00,2025-09-22 01:05:00,1054.9,1054.91,1052.24,1053.86,1799.167,1895257.97906
BNBUSDT,1758471000000,2025-09-21 16:10:00,2025-09-22 01:10:00,1053.86,1053.86,1051.9,1051.91,957.861,1008547.96656
BNBUSDT,1758471300000,2025-09-21 16:15:00,2025-09-22 01:15:00,1051.91,1052.09,1049.19,1049.47,1000.016,1050512.69237
BNBUSDT,1758471600000,2025-09-21 16:20:00,2025-09-22 01:20:00,1049.47,1049.66,1047.82,1047.82,1417.624,1486667.01152
BNBUSDT,1758471900000,2025-09-21 16:25:00,2025-09-22 01:25:00,1047.82,1049,1046.13,1047.67,1655.642,1733546.46241
BNBUSDT,1758472200000,2025-09-21 16:30:00,2025-09-22 01:30:00,1047.68,1047.68,1044.83,1046.03,1044.056,1091996.09753
BNBUSDT,1758472500000,2025-09-21 16:35:00,2025-09-22 01:35:00,1046.03,1046.39,1041.78,1042.8,3486.385,3636536.90969
BNBUSDT,1758472800000,2025-09-21 16:40:00,2025-09-22 01:40:00,1042.81,1045,1042.02,1043.73,1261.005,1315586.23196
BNBUSDT,1758473100000,2025-09-21 16:45:00,2025-09-22 01:45:00,1043.74,1043.74,1041.02,1042.29,3243.292,3380289.01667
BNBUSDT,1758473400000,2025-09-21 16:50:00,2025-09-22 01:50:00,1042.29,1043.01,1039.2,1040.3,3636.741,3785389.86133
BNBUSDT,1758473700000,2025-09-21 16:55:00,2025-09-22 01:55:00,1040.31,1043.26,1040.08,1043,2464.69,2567316.67471
BNBUSDT,1758474000000,2025-09-21 17:00:00,2025-09-22 02:00:00,1042.99,1044.76,1040.91,1040.97,1406.093,1466108.20183
BNBUSDT,1758474300000,2025-09-21 17:05:00,2025-09-22 02:05:00,1040.98,1043.55,1040.98,1042.46,1250.189,1302814.57969
BNBUSDT,1758474600000,2025-09-21 17:10:00,2025-09-22 02:10:00,1042.46,1044.1,1042.17,1042.66,1702.264,1775812.28409
BNBUSDT,1758474900000,2025-09-21 17:15:00,2025-09-22 02:15:00,1042.66,1044.49,1041.37,1044.2,1391.414,1450916.62187
BNBUSDT,1758475200000,2025-09-21 17:20:00,2025-09-22 02:20:00,1044.21,1044.98,1043.7,1044.86,1194.654,1247810.92912
BNBUSDT,1758475500000,2025-09-21 17:25:00,2025-09-22 02:25:00,1044.86,1045.01,1043.24,1043.95,587.462,613479.99922
BNBUSDT,1758475800000,2025-09-21 17:30:00,2025-09-22 02:30:00,1043.95,1046.24,1043.69,1045.94,876.864,916268.61972
BNBUSDT,1758476100000,2025-09-21 17:35:00,2025-09-22 02:35:00,1045.94,1046.99,1042.22,1044.13,3228.441,3369977.40066
BNBUSDT,1758476400000,2025-09-21 17:40:00,2025-09-22 02:40:00,1044.13,1046.92,1044.12,1046.87,647.771,677228.574
BNBUSDT,1758476700000,2025-09-21 17:45:00,2025-09-22 02:45:00,1046.87,1047.87,1046.36,1047.66,767.835,803920.76075
BNBUSDT,1758477000000,2025-09-21 17:50:00,2025-09-22 02:50:00,1047.66,1049.25,1047.12,1049.24,677.619,710182.0264
BNBUSDT,1758477300000,2025-09-21 17:55:00,2025-09-22 02:55:00,1049.24,1049.24,1048.3,1049.1,452.917,474894.45754
BNBUSDT,1758477600000,2025-09-21 18:00:00,2025-09-22 03:00:00,1049.1,1049.73,1047.5,1049.33,1088.376,1141315.71165
BNBUSDT,1758477900000,2025-09-21 18:05:00,2025-09-22 03:05:00,1049.33,1049.55,1048.39,1048.52,433.144,454296.25265
BNBUSDT,1758478200000,2025-09-21 18:10:00,2025-09-22 03:10:00,1048.52,1051.8,1048.1,1050.05,1877.33,1970927.29791
BNBUSDT,1758478500000,2025-09-21 18:15:00,2025-09-22 03:15:00,1050.05,1050.05,1046.98,1049.01,2914.979,3056199.94745
BNBUSDT,1758478800000,2025-09-21 18:20:00,2025-09-22 03:20:00,1049.01,1049.64,1048.1,1048.36,480.065,503607.35964
BNBUSDT,1758479100000,2025-09-21 18:25:00,2025-09-22 03:25:00,1048.36,1049.51,1048.06,1049.46,601.607,630963.26746
BNBUSDT,1758479400000,2025-09-21 18:30:00,2025-09-22 03:30:00,1049.47,1052.3,1049.18,1051.93,653.554,686918.35549
BNBUSDT,1758479700000,2025-09-21 18:35:00,2025-09-22 03:35:00,1051.92,1052.57,1051.22,1051.27,532.969,560745.72257
BNBUSDT,1758480000000,2025-09-21 18:40:00,2025-09-22 03:40:00,1051.27,1051.68,1050.8,1051.57,302.899,318391.71861
BNBUSDT,1758480300000,2025-09-21 18:45:00,2025-09-22 03:45:00,1051.57,1051.57,1050.92,1050.92,199.462,209672.52976
BNBUSDT,1758480600000,2025-09-21 18:50:00,2025-09-22 03:50:00,1050.93,1052.17,1050.92,1051.75,278.532,292917.69807
BNBUSDT,1758480900000,2025-09-21 18:55:00,2025-09-22 03:55:00,1051.75,1052.27,1051.56,1051.83,255.069,268295.5252
BNBUSDT,1758481200000,2025-09-21 19:00:00,2025-09-22 04:00:00,1051.84,1052.06,1050.64,1051.12,398.547,419034.37943
BNBUSDT,1758481500000,2025-09-21 19:05:00,2025-09-22 04:05:00,1051.12,1051.16,1047.84,1048.19,722.086,757705.60605
BNBUSDT,1758481800000,2025-09-21 19:10:00,2025-09-22 04:10:00,1048.19,1048.22,1047.56,1047.7,306.267,320930.70462
BNBUSDT,1758482100000,2025-09-21 19:15:00,2025-09-22 04:15:00,1047.7,1047.7,1046.3,1046.9,566.211,592723.2576
BNBUSDT,1758482400000,2025-09-21 19:20:00,2025-09-22 04:20:00,1046.9,1047.1,1046.26,1046.35,404.358,423216.12235
BNBUSDT,1758482700000,2025-09-21 19:25:00,2025-09-22 04:25:00,1046.35,1047.18,1046.16,1046.57,549.746,575431.29199
BNBUSDT,1758483000000,2025-09-21 19:30:00,2025-09-22 04:30:00,1046.56,1047.17,1046.53,1046.71,272.979,285747.14548
BNBUSDT,1758483300000,2025-09-21 19:35:00,2025-09-22 04:35:00,1046.71,1047.08,1045.91,1046.58,289.668,303107.97107
BNBUSDT,1758483600000,2025-09-21 19:40:00,2025-09-22 04:40:00,1046.58,1046.65,1045.37,1045.52,458.893,479980.714
BNBUSDT,1758483900000,2025-09-21 19:45:00,2025-09-22 04:45:00,1045.53,1045.76,1045.12,1045.41,294.307,307685.00582
BNBUSDT,1758484200000,2025-09-21 19:50:00,2025-09-22 04:50:00,1045.4,1046.44,1045.4,1045.88,465.521,486898.32537
BNBUSDT,1758484500000,2025-09-21 19:55:00,2025-09-22 04:55:00,1045.89,1047.85,1045.85,1047.85,370.176,387431.70826
BNBUSDT,1758484800000,2025-09-21 20:00:00,2025-09-22 05:00:00,1047.85,1047.85,1044.53,1044.54,735.533,769599.21014
BNBUSDT,1758485100000,2025-09-21 20:05:00,2025-09-22 05:05:00,1044.54,1044.6,1042.73,1042.75,2185.874,2281307.76968
BNBUSDT,1758485400000,2025-09-21 20:10:00,2025-09-22 05:10:00,1042.74,1043.42,1041.94,1042,2982.36,3109160.78304
BNBUSDT,1758485700000,2025-09-21 20:15:00,2025-09-22 05:15:00,1042,1042.86,1040.98,1042.77,1172.023,1220806.55268
BNBUSDT,1758486000000,2025-09-21 20:20:00,2025-09-22 05:20:00,1042.77,1045.14,1042.54,1044.5,383.6,400467.45774
BNBUSDT,1758486300000,2025-09-21 20:25:00,2025-09-22 05:25:00,1044.49,1046.2,1044.49,1046.01,487.36,509472.21941
BNBUSDT,1758486600000,2025-09-21 20:30:00,2025-09-22 05:30:00,1046,1046,1044.34,1044.34,185.534,193899.12379
BNBUSDT,1758486900000,2025-09-21 20:35:00,2025-09-22 05:35:00,1044.34,1044.92,1044.34,1044.52,177.454,185368.60733
BNBUSDT,1758487200000,2025-09-21 20:40:00,2025-09-22 05:40:00,1044.52,1045.49,1044.12,1044.96,316.667,330833.94755
BNBUSDT,1758487500000,2025-09-21 20:45:00,2025-09-22 05:45:00,1044.95,1045.78,1044.7,1045.58,264.278,276237.99581
BNBUSDT,1758487800000,2025-09-21 20:50:00,2025-09-22 05:50:00,1045.57,1045.61,1044.55,1044.85,150.852,157649.33868
BNBUSDT,1758488100000,2025-09-21 20:55:00,2025-09-22 05:55:00,1044.86,1045.83,1044.85,1045,180.48,188660.26838
BNBUSDT,1758488400000,2025-09-21 21:00:00,2025-09-22 06:00:00,1045.01,1045.99,1044.79,1044.85,264.261,276259.1654
BNBUSDT,1758488700000,2025-09-21 21:05:00,2025-09-22 06:05:00,1044.85,1045.18,1044.7,1045.1,221.212,231155.42635
BNBUSDT,1758489000000,2025-09-21 21:10:00,2025-09-22 06:10:00,1045.1,1046.47,1045.09,1046.47,666.214,696672.66183
BNBUSDT,1758489300000,2025-09-21 21:15:00,2025-09-22 06:15:00,1046.47,1046.47,1044.9,1045.35,262.939,274943.87124
BNBUSDT,1758489600000,2025-09-21 21:20:00,2025-09-22 06:20:00,1045.34,1046.29,1044.63,1046.26,333.565,348748.87624
BNBUSDT,1758489900000,2025-09-21 21:25:00,2025-09-22 06:25:00,1046.26,1046.26,1045.65,1045.72,123.103,128757.70273
BNBUSDT,1758490200000,2025-09-21 21:30:00,2025-09-22 06:30:00,1045.72,1048.47,1045.45,1048.39,342.247,358295.03092
BNBUSDT,1758490500000,2025-09-21 21:35:00,2025-09-22 06:35:00,1048.4,1050.94,1048.13,1050.65,1927.404,2022831.56886
BNBUSDT,1758490800000,2025-09-21 21:40:00,2025-09-22 06:40:00,1050.65,1052.43,1050.47,1050.88,909.205,956213.21468
BNBUSDT,1758491100000,2025-09-21 21:45:00,2025-09-22 06:45:00,1050.88,1052.38,1049.54,1050.29,2534.048,2662748.52129
BNBUSDT,1758491400000,2025-09-21 21:50:00,2025-09-22 06:50:00,1050.3,1050.3,1049.3,1050.03,276.737,290498.95608
BNBUSDT,1758491700000,2025-09-21 21:55:00,2025-09-22 06:55:00,1050.03,1050.05,1049.16,1049.33,289.822,304203.35002
BNBUSDT,1758492000000,2025-09-21 22:00:00,2025-09-22 07:00:00,1049.33,1051.75,1049.28,1051.61,574.867,604143.98336
BNBUSDT,1758492300000,2025-09-21 22:05:00,2025-09-22 07:05:00,1051.6,1051.63,1049.12,1049.31,500.858,526201.70789
BNBUSDT,1758492600000,2025-09-21 22:10:00,2025-09-22 07:10:00,1049.3,1049.31,1048.01,1048.55,400.222,419676.73492
BNBUSDT,1758492900000,2025-09-21 22:15:00,2025-09-22 07:15:00,1048.55,1049.19,1048.12,1048.12,265.88,278839.27995
BNBUSDT,1758493200000,2025-09-21 22:20:00,2025-09-22 07:20:00,1048.12,1049.17,1046.83,1049.17,575.188,602527.74814
BNBUSDT,1758493500000,2025-09-21 22:25:00,2025-09-22 07:25:00,1049.16,1051.15,1049.16,1050.56,1536.343,1614328.18383
BNBUSDT,1758493800000,2025-09-21 22:30:00,2025-09-22 07:30:00,1050.55,1051.82,1049.85,1051.81,1352.852,1422192.74174
BNBUSDT,1758494100000,2025-09-21 22:35:00,2025-09-22 07:35:00,1051.81,1053.94,1051.15,1053.17,1858.706,1956221.1614
BNBUSDT,1758494400000,2025-09-21 22:40:00,2025-09-22 07:40:00,1053.16,1053.17,1051.33,1052.2,712.109,749276.05638
BNBUSDT,1758494700000,2025-09-21 22:45:00,2025-09-22 07:45:00,1052.19,1052.2,1050.79,1050.87,404.337,425218.54033
BNBUSDT,1758495000000,2025-09-21 22:50:00,2025-09-22 07:50:00,1050.86,1052.42,1050.86,1052.41,1882.489,1979700.1554
BNBUSDT,1758495300000,2025-09-21 22:55:00,2025-09-22 07:55:00,1052.42,1054.99,1052.3,1052.69,1691.029,1782037.234
BNBUSDT,1758495600000,2025-09-21 23:00:00,2025-09-22 08:00:00,1052.69,1052.69,1050.7,1051.17,765.955,805883.33746
BNBUSDT,1758495900000,2025-09-21 23:05:00,2025-09-22 08:05:00,1051.18,1051.24,1049.28,1049.98,523.246,549535.0279
BNBUSDT,1758496200000,2025-09-21 23:10:00,2025-09-22 08:10:00,1049.98,1050.5,1048.69,1049.28,592.204,621423.4973
BNBUSDT,1758496500000,2025-09-21 23:15:00,2025-09-22 08:15:00,1049.28,1049.83,1047.75,1048.12,526.177,551710.60984
BNBUSDT,1758496800000,2025-09-21 23:20:00,2025-09-22 08:20:00,1048.12,1048.13,1047,1047.74,677.268,709457.23581
BNBUSDT,1758497100000,2025-09-21 23:25:00,2025-09-22 08:25:00,1047.74,1047.94,1046.93,1047,361.695,378811.62646
BNBUSDT,1758497400000,2025-09-21 23:30:00,2025-09-22 08:30:00,1047,1047.28,1045.31,1045.85,784.006,820228.85694
BNBUSDT,1758497700000,2025-09-21 23:35:00,2025-09-22 08:35:00,1045.85,1047.66,1045.84,1047.41,377.231,394903.26127
BNBUSDT,1758498000000,2025-09-21 23:40:00,2025-09-22 08:40:00,1047.41,1049.11,1047.41,1048.96,267.138,280049.00879
BNBUSDT,1758498300000,2025-09-21 23:45:00,2025-09-22 08:45:00,1048.96,1049.45,1047.86,1048.05,741.294,777145.05568
BNBUSDT,1758498600000,2025-09-21 23:50:00,2025-09-22 08:50:00,1048.05,1048.74,1047.5,1048.08,489.449,513071.55728
BNBUSDT,1758498900000,2025-09-21 23:55:00,2025-09-22 08:55:00,1048.07,1048.72,1047.78,1047.8,371.145,389017.37152
BNBUSDT,1758499200000,2025-09-22 00:00:00,2025-09-22 09:00:00,1047.8,1047.8,1046.1,1046.77,745.37,780258.39728
BNBUSDT,1758499500000,2025-09-22 00:05:00,2025-09-22 09:05:00,1046.77,1050.36,1046.43,1048.59,888.227,932008.73285
BNBUSDT,1758499800000,2025-09-22 00:10:00,2025-09-22 09:10:00,1048.59,1050.55,1047.42,1047.43,708.167,743359.08889
BNBUSDT,1758500100000,2025-09-22 00:15:00,2025-09-22 09:15:00,1047.42,1047.57,1045.2,1045.31,808.949,846567.80091
BNBUSDT,1758500400000,2025-09-22 00:20:00,2025-09-22 09:20:00,1045.3,1045.62,1042.21,1042.91,2207.206,2303516.53116
BNBUSDT,1758500700000,2025-09-22 00:25:00,2025-09-22 09:25:00,1042.91,1044.39,1040.74,1041.33,1493.271,1555946.09576
BNBUSDT,1758501000000,2025-09-22 00:30:00,2025-09-22 09:30:00,1041.34,1041.34,1029.61,1035.48,10233.888,10589554.50231
BNBUSDT,1758501300000,2025-09-22 00:35:00,2025-09-22 09:35:00,1035.48,1038.33,1033.19,1035,5573.227,5769307.8481
BNBUSDT,1758501600000,2025-09-22 00:40:00,2025-09-22 09:40:00,1035,1038.06,1033.91,1034.61,2266.107,2346518.33045
BNBUSDT,1758501900000,2025-09-22 00:45:00,2025-09-22 09:45:00,1034.61,1035.95,1026.59,1027.5,6011.952,6198124.74553
BNBUSDT,1758502200000,2025-09-22 00:50:00,2025-09-22 09:50:00,1027.49,1031.56,1024.86,1029.75,6372.276,6550270.76751
BNBUSDT,1758502500000,2025-09-22 00:55:00,2025-09-22 09:55:00,1029.75,1032.43,1028.49,1029.73,2615.003,2694541.2686
BNBUSDT,1758502800000,2025-09-22 01:00:00,2025-09-22 10:00:00,1029.73,1033.74,1027.68,1032.96,2562.117,2641167.31056
BNBUSDT,1758503100000,2025-09-22 01:05:00,2025-09-22 10:05:00,1032.95,1034.15,1028.16,1028.62,2155.844,2222315.64509
BNBUSDT,1758503400000,2025-09-22 01:10:00,2025-09-22 10:10:00,1028.62,1030.65,1027.63,1030.33,2008.858,2066802.81284
BNBUSDT,1758503700000,2025-09-22 01:15:00,2025-09-22 10:15:00,1030.33,1033.91,1029.73,1031.17,2195.021,2265570.03528
BNBUSDT,1758504000000,2025-09-22 01:20:00,2025-09-22 10:20:00,1031.17,1032.88,1029.66,1029.72,1235.547,1274202.84027
BNBUSDT,1758504300000,2025-09-22 01:25:00,2025-09-22 10:25:00,1029.72,1037.29,1029.57,1036.46,2706.165,2801899.39297
BNBUSDT,1758504600000,2025-09-22 01:30:00,2025-09-22 10:30:00,1036.47,1040.63,1036.09,1039.41,1607.058,1669418.34793
BNBUSDT,1758504900000,2025-09-22 01:35:00,2025-09-22 10:35:00,1039.42,1041.33,1039.15,1041.25,1439.562,1497595.86023
BNBUSDT,1758505200000,2025-09-22 01:40:00,2025-09-22 10:40:00,1041.25,1044.68,1040.61,1041.95,3569.005,3721364.20152
BNBUSDT,1758505500000,2025-09-22 01:45:00,2025-09-22 10:45:00,1041.95,1043.76,1040.54,1040.76,1265.912,1319646.16475
BNBUSDT,1758505800000,2025-09-22 01:50:00,2025-09-22 10:50:00,1040.76,1040.9,1036.85,1037.23,1105.149,1147954.13243
BNBUSDT,1758506100000,2025-09-22 01:55:00,2025-09-22 10:55:00,1037.23,1037.23,1034.84,1036.68,1068.143,1106598.6087
BNBUSDT,1758506400000,2025-09-22 02:00:00,2025-09-22 11:00:00,1036.68,1038.2,1034.49,1037.6,2095.271,2171847.22173
BNBUSDT,1758506700000,2025-09-22 02:05:00,2025-09-22 11:05:00,1037.6,1039.36,1034.08,1037.83,1663.546,1724373.14383
BNBUSDT,1758507000000,2025-09-22 02:10:00,2025-09-22 11:10:00,1037.84,1037.84,1035.19,1036.35,901.682,934297.22605
BNBUSDT,1758507300000,2025-09-22 02:15:00,2025-09-22 11:15:00,1036.35,1037.69,1034.78,1034.92,2019.597,2092852.87128
BNBUSDT,1758507600000,2025-09-22 02:20:00,2025-09-22 11:20:00,1034.92,1035.28,1032.6,1033.04,1426.247,1474562.08165
BNBUSDT,1758507900000,2025-09-22 02:25:00,2025-09-22 11:25:00,1033.04,1035.39,1030.06,1032.66,3069.604,3168311.0095
BNBUSDT,1758508200000,2025-09-22 02:30:00,2025-09-22 11:30:00,1032.66,1032.78,1027.22,1029.67,4028.637,4148291.63029
BNBUSDT,1758508500000,2025-09-22 02:35:00,2025-09-22 11:35:00,1029.68,1031.78,1027.84,1030.06,2861.312,2945534.4175
BNBUSDT,1758508800000,2025-09-22 02:40:00,2025-09-22 11:40:00,1030.06,1032.84,1029.17,1031.55,1359.117,1401344.92062
BNBUSDT,1758509100000,2025-09-22 02:45:00,2025-09-22 11:45:00,1031.54,1033.53,1031.01,1032.28,1224.393,1264358.97965
BNBUSDT,1758509400000,2025-09-22 02:50:00,2025-09-22 11:50:00,1032.28,1034.34,1030.74,1030.74,595.97,615322.16283
BNBUSDT,1758509700000,2025-09-22 02:55:00,2025-09-22 11:55:00,1030.75,1033.65,1030.75,1031.61,587.496,606337.14538
BNBUSDT,1758510000000,2025-09-22 03:00:00,2025-09-22 12:00:00,1031.62,1034.4,1031.58,1034.23,708.981,732360.82478
BNBUSDT,1758510300000,2025-09-22 03:05:00,2025-09-22 12:05:00,1034.24,1034.4,1032.21,1034.22,536.61,554645.25848
BNBUSDT,1758510600000,2025-09-22 03:10:00,2025-09-22 12:10:00,1034.22,1034.23,1030.34,1030.68,1036.398,1069953.85186
BNBUSDT,1758510900000,2025-09-22 03:15:00,2025-09-22 12:15:00,1030.68,1032,1030.61,1032,914.984,943619.98194
BNBUSDT,1758511200000,2025-09-22 03:20:00,2025-09-22 12:20:00,1031.99,1032.5,1031.03,1031.03,1099.97,1134879.97427
BNBUSDT,1758511500000,2025-09-22 03:25:00,2025-09-22 12:25:00,1031.03,1031.61,1030.03,1031.56,1070.129,1103281.36673
BNBUSDT,1758511800000,2025-09-22 03:30:00,2025-09-22 12:30:00,1031.56,1031.56,1029.18,1029.24,1276.851,1315059.23831
BNBUSDT,1758512100000,2025-09-22 03:35:00,2025-09-22 12:35:00,1029.24,1029.24,1027.94,1028.27,1114.478,1146211.33948
BNBUSDT,1758512400000,2025-09-22 03:40:00,2025-09-22 12:40:00,1028.28,1028.54,1024.99,1026.72,9173.059,9413993.57292
BNBUSDT,1758512700000,2025-09-22 03:45:00,2025-09-22 12:45:00,1026.72,1029.43,1026.72,1029.08,2150.34,2211160.73397
BNBUSDT,1758513000000,2025-09-22 03:50:00,2025-09-22 12:50:00,1029.09,1029.72,1028.56,1029.43,1664.859,1713640.15095
BNBUSDT,1758513300000,2025-09-22 03:55:00,2025-09-22 12:55:00,1029.42,1029.98,1029.17,1029.95,776.529,799398.35355
BNBUSDT,1758513600000,2025-09-22 04:00:00,2025-09-22 13:00:00,1029.94,1030.1,1028.75,1029.69,1207.679,1243207.75718
BNBUSDT,1758513900000,2025-09-22 04:05:00,2025-09-22 13:05:00,1029.7,1032.21,1028.82,1030.15,1415.006,1458521.9453
BNBUSDT,1758514200000,2025-09-22 04:10:00,2025-09-22 13:10:00,1030.15,1030.15,1027.4,1027.57,880.88,906017.96569
BNBUSDT,1758514500000,2025-09-22 04:15:00,2025-09-22 13:15:00,1027.57,1035.87,1027.05,1032.93,14155.616,14622708.56552
BNBUSDT,1758514800000,2025-09-22 04:20:00,2025-09-22 13:20:00,1032.93,1035.17,1032.84,1034.58,1880.622,1944959.3355
BNBUSDT,1758515100000,2025-09-22 04:25:00,2025-09-22 13:25:00,1034.58,1036.41,1034.25,1036.09,937.043,970281.30697
BNBUSDT,1758515400000,2025-09-22 04:30:00,2025-09-22 13:30:00,1036.14,1037.99,1035.65,1037.01,1162.95,1205926.42722
BNBUSDT,1758515700000,2025-09-22 04:35:00,2025-09-22 13:35:00,1037.02,1038,1036.09,1037.71,1472.233,1526941.1376
BNBUSDT,1758516000000,2025-09-22 04:40:00,2025-09-22 13:40:00,1037.7,1038.37,1035.55,1035.8,1630.337,1691396.54797
BNBUSDT,1758516300000,2025-09-22 04:45:00,2025-09-22 13:45:00,1035.79,1035.8,1034.55,1034.72,706.298,731157.63415
BNBUSDT,1758516600000,2025-09-22 04:50:00,2025-09-22 13:50:00,1034.73,1034.73,1032.94,1032.94,667.788,690165.23436
BNBUSDT,1758516900000,2025-09-22 04:55:00,2025-09-22 13:55:00,1032.94,1033.08,1032.19,1033.07,561.555,579900.48287
BNBUSDT,1758517200000,2025-09-22 05:00:00,2025-09-22 14:00:00,1033.08,1033.08,1031.8,1032.02,1029.755,1063143.768
BNBUSDT,1758517500000,2025-09-22 05:05:00,2025-09-22 14:05:00,1032.02,1032.49,1030.95,1031.15,638.091,658338.28036
BNBUSDT,1758517800000,2025-09-22 05:10:00,2025-09-22 14:10:00,1031.15,1032.85,1030.87,1031.97,925.4,954887.13274
BNBUSDT,1758518100000,2025-09-22 05:15:00,2025-09-22 14:15:00,1031.97,1032.16,1031,1031.35,598.535,617406.03537
BNBUSDT,1758518400000,2025-09-22 05:20:00,2025-09-22 14:20:00,1031.36,1033.46,1031,1032.88,693.306,715546.07426
BNBUSDT,1758518700000,2025-09-22 05:25:00,2025-09-22 14:25:00,1032.87,1035.36,1032.64,1034.43,1136.698,1175638.30177
BNBUSDT,1758519000000,2025-09-22 05:30:00,2025-09-22 14:30:00,1034.44,1034.72,1030.27,1030.35,1239.963,1280365.79281
BNBUSDT,1758519300000,2025-09-22 05:35:00,2025-09-22 14:35:00,1030.34,1030.64,1027.7,1028.44,1414.98,1455788.39901
BNBUSDT,1758519600000,2025-09-22 05:40:00,2025-09-22 14:40:00,1028.45,1029.02,1027.41,1027.78,857.557,881793.98233
BNBUSDT,1758519900000,2025-09-22 05:45:00,2025-09-22 14:45:00,1027.78,1029,1027.55,1028.53,773.692,795723.22571
BNBUSDT,1758520200000,2025-09-22 05:50:00,2025-09-22 14:50:00,1028.53,1028.77,1026.73,1026.99,766.801,788042.78653
BNBUSDT,1758520500000,2025-09-22 05:55:00,2025-09-22 14:55:00,1027,1027.33,1018.41,1019.07,6453.29,6607974.05212
BNBUSDT,1758520800000,2025-09-22 06:00:00,2025-09-22 15:00:00,1019.06,1019.54,993.31,1004.89,34781.866,34994988.63703
BNBUSDT,1758521100000,2025-09-22 06:05:00,2025-09-22 15:05:00,1004.9,1013.89,1004.33,1008.97,15418.201,15560240.89112
BNBUSDT,1758521400000,2025-09-22 06:10:00,2025-09-22 15:10:00,1008.97,1014.69,1008.4,1013.39,8685.836,8783114.74176
BNBUSDT,1758521700000,2025-09-22 06:15:00,2025-09-22 15:15:00,1013.4,1018.18,1011.15,1016.93,6219.08,6309634.87391
BNBUSDT,1758522000000,2025-09-22 06:20:00,2025-09-22 15:20:00,1016.93,1017.15,1009.17,1013.88,4327.559,4379476.72339
BNBUSDT,1758522300000,2025-09-22 06:25:00,2025-09-22 15:25:00,1013.88,1015.25,1010.11,1014.2,5879.118,5949725.54959
BNBUSDT,1758522600000,2025-09-22 06:30:00,2025-09-22 15:30:00,1014.2,1017.95,1012.47,1017.88,2912.745,2956274.32683
BNBUSDT,1758522900000,2025-09-22 06:35:00,2025-09-22 15:35:00,1017.88,1019.91,1015.55,1019.86,2604.55,2650588.87645
BNBUSDT,1758523200000,2025-09-22 06:40:00,2025-09-22 15:40:00,1019.87,1021.6,1016.05,1021.19,3129.19,3188933.41241
BNBUSDT,1758523500000,2025-09-22 06:45:00,2025-09-22 15:45:00,1021.18,1021.51,1018.14,1019.08,2727.375,2780949.27528
BNBUSDT,1758523800000,2025-09-22 06:50:00,2025-09-22 15:50:00,1019.09,1021.3,1018.61,1019.29,1937.268,1975510.25428
BNBUSDT,1758524100000,2025-09-22 06:55:00,2025-09-22 15:55:00,1019.29,1024.2,1019.16,1023.98,2772.891,2833336.62809
BNBUSDT,1758524400000,2025-09-22 07:00:00,2025-09-22 16:00:00,1023.97,1026.43,1020.42,1025.44,3666.822,3751751.66493
BNBUSDT,1758524700000,2025-09-22 07:05:00,2025-09-22 16:05:00,1025.57,1028,1022.8,1026.01,2579.356,2646061.73654
BNBUSDT,1758525000000,2025-09-22 07:10:00,2025-09-22 16:10:00,1026.01,1026.28,1023.62,1024.77,2123.554,2177374.91601
BNBUSDT,1758525300000,2025-09-22 07:15:00,2025-09-22 16:15:00,1024.77,1025.37,1022.42,1022.63,2140.422,2191731.0049
BNBUSDT,1758525600000,2025-09-22 07:20:00,2025-09-22 16:20:00,1022.62,1023.81,1021.81,1021.96,1810.61,1851885.55801
BNBUSDT,1758525900000,2025-09-22 07:25:00,2025-09-22 16:25:00,1021.96,1026.86,1021.96,1026.12,2061.695,2113306.1668
BNBUSDT,1758526200000,2025-09-22 07:30:00,2025-09-22 16:30:00,1026.12,1027.6,1019.01,1025.33,9406.964,9635781.45034
BNBUSDT,1758526500000,2025-09-22 07:35:00,2025-09-22 16:35:00,1025.34,1025.66,1022.22,1022.77,2065.075,2115816.55918
BNBUSDT,1758526800000,2025-09-22 07:40:00,2025-09-22 16:40:00,1022.77,1024.81,1022.44,1024.09,1290.852,1321318.02322
BNBUSDT,1758527100000,2025-09-22 07:45:00,2025-09-22 16:45:00,1024.1,1027.12,1024.1,1024.68,1677.206,1720489.14976
BNBUSDT,1758527400000,2025-09-22 07:50:00,2025-09-22 16:50:00,1024.69,1024.81,1022.33,1023.65,943.199,965494.79171
BNBUSDT,1758527700000,2025-09-22 07:55:00,2025-09-22 16:55:00,1023.65,1024.73,1021.95,1023.76,1802.797,1844878.75267
BNBUSDT,1758528000000,2025-09-22 08:00:00,2025-09-22 17:00:00,1023.75,1024.9,1023.29,1024.51,1786.18,1828764.76599
BNBUSDT,1758528300000,2025-09-22 08:05:00,2025-09-22 17:05:00,1024.51,1031,1024.15,1030.79,1979.825,2035490.05011
BNBUSDT,1758528600000,2025-09-22 08:10:00,2025-09-22 17:10:00,1030.79,1034.02,1030.78,1032.55,2901.041,2995326.02792
BNBUSDT,1758528900000,2025-09-22 08:15:00,2025-09-22 17:15:00,1032.56,1035.81,1030.03,1035.14,1887.025,1949482.28276
BNBUSDT,1758529200000,2025-09-22 08:20:00,2025-09-22 17:20:00,1035.15,1035.75,1033,1033.4,1387.334,1435119.16634
BNBUSDT,1758529500000,2025-09-22 08:25:00,2025-09-22 17:25:00,1033.4,1033.84,1030.35,1031.13,1332.943,1375702.68434
BNBUSDT,1758529800000,2025-09-22 08:30:00,2025-09-22 17:30:00,1031.13,1034.01,1030.44,1031.16,4220.12,4357784.60374
BNBUSDT,1758530100000,2025-09-22 08:35:00,2025-09-22 17:35:00,1031.17,1032.11,1027.88,1028.39,6033.857,6213700.9528
BNBUSDT,1758530400000,2025-09-22 08:40:00,2025-09-22 17:40:00,1028.4,1029,1026.56,1028.44,1765.62,1815071.97803
BNBUSDT,1758530700000,2025-09-22 08:45:00,2025-09-22 17:45:00,1028.44,1030.04,1027.79,1030.03,1142.239,1175339.45731
BNBUSDT,1758531000000,2025-09-22 08:50:00,2025-09-22 17:50:00,1030.03,1031.85,1029.17,1029.85,1639.014,1688491.64851
BNBUSDT,1758531300000,2025-09-22 08:55:00,2025-09-22 17:55:00,1029.85,1030.92,1027.79,1028.28,1202.04,1237324.14244
BNBUSDT,1758531600000,2025-09-22 09:00:00,2025-09-22 18:00:00,1028.27,1028.28,1026.34,1026.74,776.13,797383.18384
BNBUSDT,1758531900000,2025-09-22 09:05:00,2025-09-22 18:05:00,1026.75,1027.71,1024.99,1025.75,1449.5,1487279.31074
BNBUSDT,1758532200000,2025-09-22 09:10:00,2025-09-22 18:10:00,1025.75,1026.2,1024.81,1025.25,1008.282,1034030.13062
BNBUSDT,1758532500000,2025-09-22 09:15:00,2025-09-22 18:15:00,1025.24,1027.67,1025.17,1026.45,1295.865,1329907.47098
BNBUSDT,1758532800000,2025-09-22 09:20:00,2025-09-22 18:20:00,1026.46,1026.57,1024.47,1024.96,1665.929,1707789.84461
BNBUSDT,1758533100000,2025-09-22 09:25:00,2025-09-22 18:25:00,1024.97,1026.71,1024.97,1026.64,744.533,763917.1324
BNBUSDT,1758533400000,2025-09-22 09:30:00,2025-09-22 18:30:00,1026.63,1027.03,1025.15,1026.21,1131.722,1161336.26282
BNBUSDT,1758533700000,2025-09-22 09:35:00,2025-09-22 18:35:00,1026.22,1026.22,1023.38,1023.39,1700.252,1741849.60138
BNBUSDT,1758534000000,2025-09-22 09:40:00,2025-09-22 18:40:00,1023.39,1024.08,1021.3,1022.15,2711.461,2772833.73925
BNBUSDT,1758534300000,2025-09-22 09:45:00,2025-09-22 18:45:00,1022.15,1022.59,1017.06,1018.38,3168.524,3229789.03646
BNBUSDT,1758534600000,2025-09-22 09:50:00,2025-09-22 18:50:00,1018.37,1018.38,1013.36,1014.99,3214.412,3265389.03787
BNBUSDT,1758534900000,2025-09-22 09:55:00,2025-09-22 18:55:00,1015,1019.16,1014.96,1017.33,1276.351,1298609.08764
BNBUSDT,1758535200000,2025-09-22 10:00:00,2025-09-22 19:00:00,1017.33,1018.29,1012.52,1017.1,1805.596,1833852.53904
BNBUSDT,1758535500000,2025-09-22 10:05:00,2025-09-22 19:05:00,1017.1,1019.42,1017,1018.51,1428.389,1454555.33085
BNBUSDT,1758535800000,2025-09-22 10:10:00,2025-09-22 19:10:00,1018.5,1021.03,1018.5,1019.49,1456.598,1485502.02913
BNBUSDT,1758536100000,2025-09-22 10:15:00,2025-09-22 19:15:00,1019.49,1020.61,1018.26,1020.13,820.848,836766.68448
BNBUSDT,1758536400000,2025-09-22 10:20:00,2025-09-22 19:20:00,1020.12,1022,1019.73,1021.66,879.034,897229.32547
BNBUSDT,1758536700000,2025-09-22 10:25:00,2025-09-22 19:25:00,1021.65,1022.52,1020.58,1021.89,959.357,980278.97179
BNBUSDT,1758537000000,2025-09-22 10:30:00,2025-09-22 19:30:00,1021.88,1021.88,1018.22,1019.09,873.159,890005.04803
BNBUSDT,1758537300000,2025-09-22 10:35:00,2025-09-22 19:35:00,1019.08,1019.98,1018.61,1019.16,1240.826,1264648.10243
BNBUSDT,1758537600000,2025-09-22 10:40:00,2025-09-22 19:40:00,1019.16,1019.16,1017.09,1017.62,912.792,929181.83468
BNBUSDT,1758537900000,2025-09-22 10:45:00,2025-09-22 19:45:00,1017.61,1022.09,1017.52,1022.09,1191.071,1214247.27878
BNBUSDT,1758538200000,2025-09-22 10:50:00,2025-09-22 19:50:00,1022.09,1024.52,1021.6,1023.92,1219.2,1248095.50901
BNBUSDT,1758538500000,2025-09-22 10:55:00,2025-09-22 19:55:00,1023.92,1023.93,1022.54,1022.78,817.137,836151.0126
BNBUSDT,1758538800000,2025-09-22 11:00:00,2025-09-22 20:00:00,1022.77,1023.8,1021,1021.44,660.865,675747.80618
BNBUSDT,1758539100000,2025-09-22 11:05:00,2025-09-22 20:05:00,1021.43,1023.3,1020.58,1022.62,953.906,974650.50052
BNBUSDT,1758539400000,2025-09-22 11:10:00,2025-09-22 20:10:00,1022.61,1023.22,1020.12,1020.64,1108.989,1133038.04958
BNBUSDT,1758539700000,2025-09-22 11:15:00,2025-09-22 20:15:00,1020.64,1021.04,1018.36,1020.12,4316.654,4399847.42422
BNBUSDT,1758540000000,2025-09-22 11:20:00,2025-09-22 20:20:00,1020.12,1022.19,1017.99,1021.19,3939.759,4014842.63218
BNBUSDT,1758540300000,2025-09-22 11:25:00,2025-09-22 20:25:00,1021.19,1021.19,1019.2,1019.66,723.171,737722.51541
BNBUSDT,1758540600000,2025-09-22 11:30:00,2025-09-22 20:30:00,1019.65,1021.18,1019.39,1020.57,888.228,906271.79732
BNBUSDT,1758540900000,2025-09-22 11:35:00,2025-09-22 20:35:00,1020.57,1020.86,1019.25,1019.71,702.651,716856.55398
BNBUSDT,1758541200000,2025-09-22 11:40:00,2025-09-22 20:40:00,1019.71,1019.88,1018.68,1019.56,622.656,634758.00018
BNBUSDT,1758541500000,2025-09-22 11:45:00,2025-09-22 20:45:00,1019.57,1021.05,1018.3,1019.25,714.562,728523.16462
BNBUSDT,1758541800000,2025-09-22 11:50:00,2025-09-22 20:50:00,1019.25,1019.25,1017.74,1018.77,470.171,478842.75182
BNBUSDT,1758542100000,2025-09-22 11:55:00,2025-09-22 20:55:00,1018.77,1018.78,1017.41,1018.36,790.938,805143.37203
BNBUSDT,1758542400000,2025-09-22 12:00:00,2025-09-22 21:00:00,1018.36,1020,1017.01,1018.59,1935.559,1972109.18881
BNBUSDT,1758542700000,2025-09-22 12:05:00,2025-09-22 21:05:00,1018.59,1020.41,1017.57,1020.2,691.735,704837.95888
BNBUSDT,1758543000000,2025-09-22 12:10:00,2025-09-22 21:10:00,1020.2,1020.9,1019.28,1020.42,517.023,527381.4096
BNBUSDT,1758543300000,2025-09-22 12:15:00,2025-09-22 21:15:00,1020.42,1023.28,1020.41,1022.67,4193.695,4286165.31374
BNBUSDT,1758543600000,2025-09-22 12:20:00,2025-09-22 21:20:00,1022.67,1022.67,1020.5,1021.3,688.764,703333.9938
BNBUSDT,1758543900000,2025-09-22 12:25:00,2025-09-22 21:25:00,1021.3,1023.68,1021.3,1023,1416.513,1449024.45719
BNBUSDT,1758544200000,2025-09-22 12:30:00,2025-09-22 21:30:00,1023,1023.2,1020.8,1021.61,1544.329,1578780.69943
BNBUSDT,1758544500000,2025-09-22 12:35:00,2025-09-22 21:35:00,1021.61,1021.62,1019.02,1019.44,650.041,663120.41161
BNBUSDT,1758544800000,2025-09-22 12:40:00,2025-09-22 21:40:00,1019.44,1020.45,1019.04,1019.09,501.188,511063.16971
BNBUSDT,1758545100000,2025-09-22 12:45:00,2025-09-22 21:45:00,1019.08,1019.88,1018.54,1019.07,1068.067,1088451.1822
BNBUSDT,1758545400000,2025-09-22 12:50:00,2025-09-22 21:50:00,1019.07,1023.53,1019.07,1020.67,2042.943,2088259.70326
BNBUSDT,1758545700000,2025-09-22 12:55:00,2025-09-22 21:55:00,1020.66,1022.35,1020.57,1021.3,567.319,579618.02506
BNBUSDT,1758546000000,2025-09-22 13:00:00,2025-09-22 22:00:00,1021.3,1022.98,1020.5,1022.7,1129.467,1154315.5888
BNBUSDT,1758546300000,2025-09-22 13:05:00,2025-09-22 22:05:00,1022.7,1023.76,1022.02,1022.91,1044.585,1068808.43536
BNBUSDT,1758546600000,2025-09-22 13:10:00,2025-09-22 22:10:00,1022.9,1025.76,1022.59,1025.76,760.671,778982.40611
BNBUSDT,1758546900000,2025-09-22 13:15:00,2025-09-22 22:15:00,1025.76,1026,1023.67,1024.12,3664.138,3756031.82581
BNBUSDT,1758547200000,2025-09-22 13:20:00,2025-09-22 22:20:00,1024.13,1026.55,1023.54,1025.9,748.682,767518.46856
BNBUSDT,1758547500000,2025-09-22 13:25:00,2025-09-22 22:25:00,1025.9,1027.82,1025.42,1026.02,791.926,812953.83502
BNBUSDT,1758547800000,2025-09-22 13:30:00,2025-09-22 22:30:00,1026.01,1026.01,1023.27,1023.27,971.9,995782.33985
BNBUSDT,1758548100000,2025-09-22 13:35:00,2025-09-22 22:35:00,1023.27,1023.49,1015.37,1017,8179.088,8328099.6665
BNBUSDT,1758548400000,2025-09-22 13:40:00,2025-09-22 22:40:00,1016.99,1017.49,1014.62,1016.03,1596.945,1622843.73817
BNBUSDT,1758548700000,2025-09-22 13:45:00,2025-09-22 22:45:00,1016.03,1017.28,1014.05,1015.44,2367.499,2403559.59273
BNBUSDT,1758549000000,2025-09-22 13:50:00,2025-09-22 22:50:00,1015.45,1019.41,1014.5,1018.04,1598.028,1624257.6023
BNBUSDT,1758549300000,2025-09-22 13:55:00,2025-09-22 22:55:00,1018.05,1022.59,1017.24,1022.25,1910.21,1947010.52974
BNBUSDT,1758549600000,2025-09-22 14:00:00,2025-09-22 23:00:00,1022.26,1022.26,1019.51,1020.68,4032.912,4116787.77392
BNBUSDT,1758549900000,2025-09-22 14:05:00,2025-09-22 23:05:00,1020.66,1021.22,1018.41,1019.65,975.548,994647.56709
BNBUSDT,1758550200000,2025-09-22 14:10:00,2025-09-22 23:10:00,1019.64,1019.73,1015.49,1016.09,2894.201,2942988.56019
BNBUSDT,1758550500000,2025-09-22 14:15:00,2025-09-22 23:15:00,1016.09,1018.51,1015.56,1015.81,1087.66,1106159.81233
BNBUSDT,1758550800000,2025-09-22 14:20:00,2025-09-22 23:20:00,1015.81,1016.56,1009.84,1010.66,5627.703,5697471.84299
BNBUSDT,1758551100000,2025-09-22 14:25:00,2025-09-22 23:25:00,1010.65,1011.36,1006.63,1009.98,4392.598,4431068.41077
BNBUSDT,1758551400000,2025-09-22 14:30:00,2025-09-22 23:30:00,1009.98,1011.97,1007.78,1008.84,3154.326,3183414.57171
BNBUSDT,1758551700000,2025-09-22 14:35:00,2025-09-22 23:35:00,1008.84,1009.31,1007.32,1008.45,1345.373,1356607.349
BNBUSDT,1758552000000,2025-09-22 14:40:00,2025-09-22 23:40:00,1008.44,1009.75,1006.62,1006.97,1378.272,1389481.79256
BNBUSDT,1758552300000,2025-09-22 14:45:00,2025-09-22 23:45:00,1006.98,1007.87,1003.2,1003.25,2319.89,2332576.42759
BNBUSDT,1758552600000,2025-09-22 14:50:00,2025-09-22 23:50:00,1003.26,1006.14,1001.98,1004,3694.584,3707429.34855
BNBUSDT,1758552900000,2025-09-22 14:55:00,2025-09-22 23:55:00,1004,1005.62,1003.2,1003.25,3255.438,3269542.83524
BNBUSDT,1758553200000,2025-09-22 15:00:00,2025-09-23 00:00:00,1003.24,1003.31,1000,1002.91,4772.96,4778818.92561
BNBUSDT,1758553500000,2025-09-22 15:05:00,2025-09-23 00:05:00,1002.91,1004.62,999.01,1004.35,4275.399,4284328.92967
BNBUSDT,1758553800000,2025-09-22 15:10:00,2025-09-23 00:10:00,1004.35,1005.28,1002.19,1004.76,1435.508,1440878.49711
BNBUSDT,1758554100000,2025-09-22 15:15:00,2025-09-23 00:15:00,1004.76,1005.58,1001.82,1002.06,1686.852,1692444.9978
BNBUSDT,1758554400000,2025-09-22 15:20:00,2025-09-23 00:20:00,1002.06,1003.34,1001.04,1003.15,1231.98,1234609.37962
BNBUSDT,1758554700000,2025-09-22 15:25:00,2025-09-23 00:25:00,1003.16,1004.6,1002.51,1003.79,1003.688,1007393.0314
BNBUSDT,1758555000000,2025-09-22 15:30:00,2025-09-23 00:30:00,1003.78,1004.96,1002.51,1002.89,1721.65,1728440.13614
BNBUSDT,1758555300000,2025-09-22 15:35:00,2025-09-23 00:35:00,1002.88,1002.93,1000.24,1001.55,2569.374,2573110.88173
BNBUSDT,1758555600000,2025-09-22 15:40:00,2025-09-23 00:40:00,1001.55,1001.65,997.7,1000.1,3821.165,3818708.66887
BNBUSDT,1758555900000,2025-09-22 15:45:00,2025-09-23 00:45:00,1000.1,1000.42,993.9,999.91,6164.383,6141455.76551
BNBUSDT,1758556200000,2025-09-22 15:50:00,2025-09-23 00:50:00,999.9,1002.69,997.64,998.56,1743.185,1741600.73976
BNBUSDT,1758556500000,2025-09-22 15:55:00,2025-09-23 00:55:00,998.65,999.4,996.58,997.61,1444.294,1441441.69029
BNBUSDT,1758556800000,2025-09-22 16:00:00,2025-09-23 01:00:00,997.61,998.1,994.32,998.04,1858.028,1851063.51678
BNBUSDT,1758557100000,2025-09-22 16:05:00,2025-09-23 01:05:00,998.03,998.3,993.53,997.77,2944.515,2929980.75233
BNBUSDT,1758557400000,2025-09-22 16:10:00,2025-09-23 01:10:00,997.77,998.2,996.08,997.41,880.777,878366.42741
BNBUSDT,1758557700000,2025-09-22 16:15:00,2025-09-23 01:15:00,997.4,997.42,993.53,994.4,1241.968,1236408.25826
BNBUSDT,1758558000000,2025-09-22 16:20:00,2025-09-23 01:20:00,994.39,997.5,993.83,994.89,1299.72,1293788.48503
BNBUSDT,1758558300000,2025-09-22 16:25:00,2025-09-23 01:25:00,994.89,996.6,994.4,995.03,1269.401,1263640.36565
BNBUSDT,1758558600000,2025-09-22 16:30:00,2025-09-23 01:30:00,995.03,997.09,993.8,993.92,1504.787,1498172.41095
BNBUSDT,1758558900000,2025-09-22 16:35:00,2025-09-23 01:35:00,993.93,995.01,990,994.36,9734.395,9656047.89276
BNBUSDT,1758559200000,2025-09-22 16:40:00,2025-09-23 01:40:00,994.36,994.69,992.19,994.21,3418.679,3397486.17614
BNBUSDT,1758559500000,2025-09-22 16:45:00,2025-09-23 01:45:00,994.2,995.5,992.73,994.58,1642.495,1632812.87362
BNBUSDT,1758559800000,2025-09-22 16:50:00,2025-09-23 01:50:00,994.57,995.5,992.81,993.11,2171.327,2158104.98417
BNBUSDT,1758560100000,2025-09-22 16:55:00,2025-09-23 01:55:00,993.1,994.21,992.23,992.46,1471.768,1461571.99271
BNBUSDT,1758560400000,2025-09-22 17:00:00,2025-09-23 02:00:00,992.46,993.11,989.09,990.74,2721.601,2696280.9789
BNBUSDT,1758560700000,2025-09-22 17:05:00,2025-09-23 02:05:00,990.74,991.8,984.22,984.81,5494.05,5418947.42633
BNBUSDT,1758561000000,2025-09-22 17:10:00,2025-09-23 02:10:00,984.82,986.91,983.44,984.91,9306.983,9172633.90988
BNBUSDT,1758561300000,2025-09-22 17:15:00,2025-09-23 02:15:00,984.92,987.9,984.69,986.9,1582.762,1561034.0892
BNBUSDT,1758561600000,2025-09-22 17:20:00,2025-09-23 02:20:00,986.9,992.07,986.4,991.47,2452.974,2427881.10702
BNBUSDT,1758561900000,2025-09-22 17:25:00,2025-09-23 02:25:00,991.47,991.9,990.33,990.33,1178.727,1168328.29759
BNBUSDT,1758562200000,2025-09-22 17:30:00,2025-09-23 02:30:00,990.33,993.27,988.73,988.83,1763.109,1747212.28838
BNBUSDT,1758562500000,2025-09-22 17:35:00,2025-09-23 02:35:00,988.84,992.2,988.06,990.71,3750.152,3714479.68273
BNBUSDT,1758562800000,2025-09-22 17:40:00,2025-09-23 02:40:00,990.71,994.12,990.5,993.45,3519.781,3492323.55794
BNBUSDT,1758563100000,2025-09-22 17:45:00,2025-09-23 02:45:00,993.44,994.52,991.84,992.76,953.629,947486.49045
BNBUSDT,1758563400000,2025-09-22 17:50:00,2025-09-23 02:50:00,992.76,993.11,991.76,992.62,1037.465,1029617.64146
BNBUSDT,1758563700000,2025-09-22 17:55:00,2025-09-23 02:55:00,992.63,994.13,992,993.87,877.278,871050.82023
BNBUSDT,1758564000000,2025-09-22 18:00:00,2025-09-23 03:00:00,993.87,994.05,991.27,992.95,546.613,542547.71652
BNBUSDT,1758564300000,2025-09-22 18:05:00,2025-09-23 03:05:00,992.95,994.27,992.22,993.89,741.31,736692.64724
BNBUSDT,1758564600000,2025-09-22 18:10:00,2025-09-23 03:10:00,993.9,994.1,992.73,993.05,403.968,401410.36952
BNBUSDT,1758564900000,2025-09-22 18:15:00,2025-09-23 03:15:00,993.04,993.05,990.9,991.51,516.011,511715.26078
BNBUSDT,1758565200000,2025-09-22 18:20:00,2025-09-23 03:20:00,991.51,991.7,989.9,991.6,1406.531,1393526.34486
BNBUSDT,1758565500000,2025-09-22 18:25:00,2025-09-23 03:25:00,991.59,992.19,990.6,992.01,508.288,503961.46843
BNBUSDT,1758565800000,2025-09-22 18:30:00,2025-09-23 03:30:00,992.01,992.04,990.05,990.27,809.549,802171.96896
BNBUSDT,1758566100000,2025-09-22 18:35:00,2025-09-23 03:35:00,990.3,991,988.33,989.59,1222.529,1209717.25051
BNBUSDT,1758566400000,2025-09-22 18:40:00,2025-09-23 03:40:00,989.59,989.6,988.3,988.31,377.648,373500.59159
BNBUSDT,1758566700000,2025-09-22 18:45:00,2025-09-23 03:45:00,988.3,988.77,985.85,986.4,1632.298,1611362.10352
BNBUSDT,1758567000000,2025-09-22 18:50:00,2025-09-23 03:50:00,986.4,986.9,985.64,985.82,727.539,717471.9165
BNBUSDT,1758567300000,2025-09-22 18:55:00,2025-09-23 03:55:00,985.82,987.32,985.71,987,299.186,295147.51072
BNBUSDT,1758567600000,2025-09-22 19:00:00,2025-09-23 04:00:00,987,988.18,985.42,985.79,994.692,981117.78913
BNBUSDT,1758567900000,2025-09-22 19:05:00,2025-09-23 04:05:00,985.79,987.14,984.61,985.6,958.97,945259.29995
BNBUSDT,1758568200000,2025-09-22 19:10:00,2025-09-23 04:10:00,985.59,986.75,985.23,986,501.115,493973.35159
BNBUSDT,1758568500000,2025-09-22 19:15:00,2025-09-23 04:15:00,986,987.4,985.4,987.26,1016.597,1003161.46238
BNBUSDT,1758568800000,2025-09-22 19:20:00,2025-09-23 04:20:00,987.26,987.8,984.9,986.62,320.267,315949.82923
BNBUSDT,1758569100000,2025-09-22 19:25:00,2025-09-23 04:25:00,986.61,987.29,984.53,985.11,479.543,472726.17051
BNBUSDT,1758569400000,2025-09-22 19:30:00,2025-09-23 04:30:00,985.1,986.3,984.75,985.17,702.582,692216.48727
BNBUSDT,1758569700000,2025-09-22 19:35:00,2025-09-23 04:35:00,985.2,985.2,978.8,983.91,10416.528,10225633.77594
BNBUSDT,1758570000000,2025-09-22 19:40:00,2025-09-23 04:40:00,983.92,983.92,981.2,981.77,1162.615,1142190.7937
BNBUSDT,1758570300000,2025-09-22 19:45:00,2025-09-23 04:45:00,981.78,982.14,980,981.41,1318.69,1293526.44949
BNBUSDT,1758570600000,2025-09-22 19:50:00,2025-09-23 04:50:00,981.4,983.1,979.46,980.11,2551.892,2504222.58958
BNBUSDT,1758570900000,2025-09-22 19:55:00,2025-09-23 04:55:00,980.1,981.48,976.89,981.04,2862.179,2799969.41863
BNBUSDT,1758571200000,2025-09-22 20:00:00,2025-09-23 05:00:00,981.03,981.2,978.6,981.11,852.487,835300.00422
BNBUSDT,1758571500000,2025-09-22 20:05:00,2025-09-23 05:05:00,981.1,982.4,980.41,981.21,510.121,500598.3592
BNBUSDT,1758571800000,2025-09-22 20:10:00,2025-09-23 05:10:00,981.21,983,980.96,982.09,1074.443,1055062.88056
BNBUSDT,1758572100000,2025-09-22 20:15:00,2025-09-23 05:15:00,982.1,983.1,981.07,982.66,560.166,550188.57671
BNBUSDT,1758572400000,2025-09-22 20:20:00,2025-09-23 05:20:00,982.66,983.4,982.11,982.12,275.881,271178.91908
BNBUSDT,1758572700000,2025-09-22 20:25:00,2025-09-23 05:25:00,982.12,983.22,982,983.04,235.284,231163.81469
BNBUSDT,1758573000000,2025-09-22 20:30:00,2025-09-23 05:30:00,983.05,988.88,983.02,988.7,2107.87,2078070.31246
BNBUSDT,1758573300000,2025-09-22 20:35:00,2025-09-23 05:35:00,988.69,988.69,986.4,987.2,965.699,953692.80194
BNBUSDT,1758573600000,2025-09-22 20:40:00,2025-09-23 05:40:00,987.2,988.37,986.15,986.8,464.824,459009.58427
BNBUSDT,1758573900000,2025-09-22 20:45:00,2025-09-23 05:45:00,986.8,987.1,985.71,986.19,485.886,479206.68801
BNBUSDT,1758574200000,2025-09-22 20:50:00,2025-09-23 05:50:00,986.19,989.26,985.87,988.7,1580.036,1561026.02118
BNBUSDT,1758574500000,2025-09-22 20:55:00,2025-09-23 05:55:00,988.7,989.56,987.65,987.81,786.304,777339.73362
BNBUSDT,1758574800000,2025-09-22 21:00:00,2025-09-23 06:00:00,987.8,988.59,986.31,987.99,601.845,594400.81193
BNBUSDT,1758575100000,2025-09-22 21:05:00,2025-09-23 06:05:00,987.99,988.14,985.65,985.66,483.112,476836.00594
BNBUSDT,1758575400000,2025-09-22 21:10:00,2025-09-23 06:10:00,985.66,985.67,984.3,984.3,1311.352,1291401.14422
BNBUSDT,1758575700000,2025-09-22 21:15:00,2025-09-23 06:15:00,984.3,986.94,984.28,986.64,616.725,608047.23572
BNBUSDT,1758576000000,2025-09-22 21:20:00,2025-09-23 06:20:00,986.65,987.88,985.91,987.88,462.877,456726.16922
BNBUSDT,1758576300000,2025-09-22 21:25:00,2025-09-23 06:25:00,987.87,988,986.91,987.99,350.35,345937.80594
BNBUSDT,1758576600000,2025-09-22 21:30:00,2025-09-23 06:30:00,988,988.55,987,987.52,433.748,428383.24458
BNBUSDT,1758576900000,2025-09-22 21:35:00,2025-09-23 06:35:00,987.52,990.6,987.51,989.61,485.764,480575.92033
BNBUSDT,1758577200000,2025-09-22 21:40:00,2025-09-23 06:40:00,989.6,997.68,989.1,989.99,4012.304,3981569.61258
BNBUSDT,1758577500000,2025-09-22 21:45:00,2025-09-23 06:45:00,989.98,990.44,985.36,989.03,3012.735,2977886.84757
BNBUSDT,1758577800000,2025-09-22 21:50:00,2025-09-23 06:50:00,989.03,992.32,989.03,992.26,769.815,762720.73129
BNBUSDT,1758578100000,2025-09-22 21:55:00,2025-09-23 06:55:00,992.26,992.26,991.44,992.09,385.959,382807.69649
BNBUSDT,1758578400000,2025-09-22 22:00:00,2025-09-23 07:00:00,992.09,992.09,989.91,990.1,661.443,655312.03838
BNBUSDT,1758578700000,2025-09-22 22:05:00,2025-09-23 07:05:00,990.1,991.1,990.05,990.7,338.322,335125.83277
BNBUSDT,1758579000000,2025-09-22 22:10:00,2025-09-23 07:10:00,990.7,991.01,989.95,990.06,572.783,567281.43466
BNBUSDT,1758579300000,2025-09-22 22:15:00,2025-09-23 07:15:00,990.06,990.84,989.6,989.61,342.536,339166.45409
BNBUSDT,1758579600000,2025-09-22 22:20:00,2025-09-23 07:20:00,989.6,990.96,989.6,990.85,410.357,406454.55329
BNBUSDT,1758579900000,2025-09-22 22:25:00,2025-09-23 07:25:00,990.84,991.24,990.48,990.5,539.735,534787.68317
BNBUSDT,1758580200000,2025-09-22 22:30:00,2025-09-23 07:30:00,990.5,992,990.29,991.61,379.979,376715.29591
BNBUSDT,1758580500000,2025-09-22 22:35:00,2025-09-23 07:35:00,991.6,992.51,991.15,991.89,822.39,815904.59189
BNBUSDT,1758580800000,2025-09-22 22:40:00,2025-09-23 07:40:00,991.89,993.6,990.8,993.26,798.555,792542.61673
BNBUSDT,1758581100000,2025-09-22 22:45:00,2025-09-23 07:45:00,993.26,993.26,990.94,991.59,926.931,919633.75353
BNBUSDT,1758581400000,2025-09-22 22:50:00,2025-09-23 07:50:00,991.59,991.98,990.63,991.9,415.619,412013.5596
BNBUSDT,1758581700000,2025-09-22 22:55:00,2025-09-23 07:55:00,991.89,992.5,991.72,992.11,570.519,566031.74936
BNBUSDT,1758582000000,2025-09-22 23:00:00,2025-09-23 08:00:00,992.1,992.22,990.41,991.43,430.139,426321.57712
BNBUSDT,1758582300000,2025-09-22 23:05:00,2025-09-23 08:05:00,991.44,992,990.92,991.78,290.796,288358.79768
BNBUSDT,1758582600000,2025-09-22 23:10:00,2025-09-23 08:10:00,991.78,991.85,991.17,991.51,534.297,529801.69358
BNBUSDT,1758582900000,2025-09-22 23:15:00,2025-09-23 08:15:00,991.51,991.7,989.77,990.91,586.965,581504.8764
BNBUSDT,1758583200000,2025-09-22 23:20:00,2025-09-23 08:20:00,990.91,993.02,990.7,992.81,474.499,470719.82923
BNBUSDT,1758583500000,2025-09-22 23:25:00,2025-09-23 08:25:00,992.82,993.68,992.6,993.68,484.778,481560.09894
BNBUSDT,1758583800000,2025-09-22 23:30:00,2025-09-23 08:30:00,993.67,994.2,993.11,994.14,1555.59,1545649.50513
BNBUSDT,1758584100000,2025-09-22 23:35:00,2025-09-23 08:35:00,994.15,994.43,993.35,993.35,416.364,413922.21193
BNBUSDT,1758584400000,2025-09-22 23:40:00,2025-09-23 08:40:00,993.36,993.61,991.87,992.85,457.777,454484.54007
BNBUSDT,1758584700000,2025-09-22 23:45:00,2025-09-23 08:45:00,992.81,993.19,990.77,991.52,501.616,497471.66243
BNBUSDT,1758585000000,2025-09-22 23:50:00,2025-09-23 08:50:00,991.52,991.86,991.05,991.82,430.931,427231.6726
BNBUSDT,1758585300000,2025-09-22 23:55:00,2025-09-23 08:55:00,991.82,993.05,991.58,992.9,513.973,510032.13726
BNBUSDT,1758585600000,2025-09-23 00:00:00,2025-09-23 09:00:00,992.9,993.06,991.38,992.4,585.574,581020.67946
BNBUSDT,1758585900000,2025-09-23 00:05:00,2025-09-23 09:05:00,992.4,993.2,991.65,991.84,778.631,772521.1628
BNBUSDT,1758586200000,2025-09-23 00:10:00,2025-09-23 09:10:00,991.84,993.45,991.73,993.26,473.429,469774.54958
BNBUSDT,1758586500000,2025-09-23 00:15:00,2025-09-23 09:15:00,993.27,996.52,993.27,996.51,807.254,803403.85128
BNBUSDT,1758586800000,2025-09-23 00:20:00,2025-09-23 09:20:00,996.51,997.4,996.4,996.79,762.877,760547.88502
BNBUSDT,1758587100000,2025-09-23 00:25:00,2025-09-23 09:25:00,996.79,997.1,996.03,996.5,899.306,896244.30262
BNBUSDT,1758587400000,2025-09-23 00:30:00,2025-09-23 09:30:00,996.49,996.95,995.25,995.75,471.906,469993.63022
BNBUSDT,1758587700000,2025-09-23 00:35:00,2025-09-23 09:35:00,995.75,996.35,995.6,996.2,624.553,622077.28183
BNBUSDT,1758588000000,2025-09-23 00:40:00,2025-09-23 09:40:00,996.2,996.64,994.63,995.33,1445.084,1438604.95791
BNBUSDT,1758588300000,2025-09-23 00:45:00,2025-09-23 09:45:00,995.34,995.37,993.3,993.42,747.314,743292.79034
BNBUSDT,1758588600000,2025-09-23 00:50:00,2025-09-23 09:50:00,993.42,993.43,991.3,991.63,742.101,736307.91476
BNBUSDT,1758588900000,2025-09-23 00:55:00,2025-09-23 09:55:00,991.62,991.66,990.8,991.3,640.203,634554.12931
BNBUSDT,1758589200000,2025-09-23 01:00:00,2025-09-23 10:00:00,991.29,991.5,988.8,989.02,926.688,917171.20538
BNBUSDT,1758589500000,2025-09-23 01:05:00,2025-09-23 10:05:00,989.02,989.2,987.83,988,646.718,639292.63613
BNBUSDT,1758589800000,2025-09-23 01:10:00,2025-09-23 10:10:00,988,988.7,986.52,987.46,1038.888,1025988.47017
BNBUSDT,1758590100000,2025-09-23 01:15:00,2025-09-23 10:15:00,987.46,991.17,987.15,990.4,932.89,922593.25868
BNBUSDT,1758590400000,2025-09-23 01:20:00,2025-09-23 10:20:00,990.4,991.8,990.29,990.81,280.801,278264.84009
BNBUSDT,1758590700000,2025-09-23 01:25:00,2025-09-23 10:25:00,990.81,991.7,990.3,991.7,439.891,435844.28889
BNBUSDT,1758591000000,2025-09-23 01:30:00,2025-09-23 10:30:00,991.7,991.74,989.42,989.56,1349.953,1337690.08529
BNBUSDT,1758591300000,2025-09-23 01:35:00,2025-09-23 10:35:00,989.56,989.86,989.01,989.78,353.191,349468.62601
BNBUSDT,1758591600000,2025-09-23 01:40:00,2025-09-23 10:40:00,989.79,989.94,987.9,988.02,1030.055,1018082.1841
BNBUSDT,1758591900000,2025-09-23 01:45:00,2025-09-23 10:45:00,988.02,989.5,988.02,988.87,354.785,350724.12595
BNBUSDT,1758592200000,2025-09-23 01:50:00,2025-09-23 10:50:00,988.86,988.86,984.79,984.8,1045.498,1031173.93232
BNBUSDT,1758592500000,2025-09-23 01:55:00,2025-09-23 10:55:00,984.8,985.1,983.41,983.41,636.617,626646.31194
BNBUSDT,1758592800000,2025-09-23 02:00:00,2025-09-23 11:00:00,983.41,985.1,982.11,982.5,964.892,949108.14223
BNBUSDT,1758593100000,2025-09-23 02:05:00,2025-09-23 11:05:00,982.5,984.1,981.72,983.81,2022.614,1987902.72197
BNBUSDT,1758593400000,2025-09-23 02:10:00,2025-09-23 11:10:00,983.82,986.7,983.82,985.92,615.605,606709.76357
BNBUSDT,1758593700000,2025-09-23 02:15:00,2025-09-23 11:15:00,985.92,985.92,983.99,985.07,1267.003,1247721.40585
BNBUSDT,1758594000000,2025-09-23 02:20:00,2025-09-23 11:20:00,985.07,985.26,981.72,981.73,681.304,669936.36328
BNBUSDT,1758594300000,2025-09-23 02:25:00,2025-09-23 11:25:00,981.74,982.31,980.13,980.47,945.974,927978.47514
BNBUSDT,1758594600000,2025-09-23 02:30:00,2025-09-23 11:30:00,980.46,981.7,978,979.1,3311.173,3242883.02416
BNBUSDT,1758594900000,2025-09-23 02:35:00,2025-09-23 11:35:00,979.11,980.39,978.5,978.78,1448.407,1418354.46024
BNBUSDT,1758595200000,2025-09-23 02:40:00,2025-09-23 11:40:00,978.79,979.51,977.6,978.16,1401.881,1371848.64002
BNBUSDT,1758595500000,2025-09-23 02:45:00,2025-09-23 11:45:00,978.15,979.37,974.58,975.46,4799.713,4686036.87354
BNBUSDT,1758595800000,2025-09-23 02:50:00,2025-09-23 11:50:00,975.46,976.86,970.61,970.8,4342.873,4229185.1761
BNBUSDT,1758596100000,2025-09-23 02:55:00,2025-09-23 11:55:00,970.8,973.55,970.5,970.58,3758.122,3651003.30116
BNBUSDT,1758596400000,2025-09-23 03:00:00,2025-09-23 12:00:00,970.59,970.95,964.63,964.87,6123.327,5929450.92333
BNBUSDT,1758596700000,2025-09-23 03:05:00,2025-09-23 12:05:00,964.87,966.15,963.88,964.41,3082.428,2975158.16733
BNBUSDT,1758597000000,2025-09-23 03:10:00,2025-09-23 12:10:00,964.41,968.68,962.38,968.45,4586.972,4422198.15908
BNBUSDT,1758597300000,2025-09-23 03:15:00,2025-09-23 12:15:00,968.44,973.41,968.2,971.81,2881.316,2798387.77726
BNBUSDT,1758597600000,2025-09-23 03:20:00,2025-09-23 12:20:00,971.81,978.99,971.44,975.11,8194.567,7989798.73441
BNBUSDT,1758597900000,2025-09-23 03:25:00,2025-09-23 12:25:00,975.11,979.73,975.01,978.38,2359.462,2308458.91431
BNBUSDT,1758598200000,2025-09-23 03:30:00,2025-09-23 12:30:00,978.38,984.38,977.8,983.21,2956.043,2901308.84522
BNBUSDT,1758598500000,2025-09-23 03:35:00,2025-09-23 12:35:00,983.21,983.21,979.84,979.88,1020.268,1001999.01488
BNBUSDT,1758598800000,2025-09-23 03:40:00,2025-09-23 12:40:00,979.89,981.45,979.51,980.33,958.811,940186.23713
BNBUSDT,1758599100000,2025-09-23 03:45:00,2025-09-23 12:45:00,980.32,983.8,980.32,983,821.148,806620.78596
BNBUSDT,1758599400000,2025-09-23 03:50:00,2025-09-23 12:50:00,983.01,983.59,981.91,982.72,892.975,877595.29455
BNBUSDT,1758599700000,2025-09-23 03:55:00,2025-09-23 12:55:00,982.72,983.68,981.7,982.49,1112.162,1092822.0847
BNBUSDT,1758600000000,2025-09-23 04:00:00,2025-09-23 13:00:00,982.49,985.5,982.4,984.5,1265.387,1245945.52793
BNBUSDT,1758600300000,2025-09-23 04:05:00,2025-09-23 13:05:00,984.49,985.5,981.17,981.3,918.094,903128.59358
BNBUSDT,1758600600000,2025-09-23 04:10:00,2025-09-23 13:10:00,981.31,981.4,980.35,980.99,680.022,666952.3629
BNBUSDT,1758600900000,2025-09-23 04:15:00,2025-09-23 13:15:00,981,982.55,980.15,982.2,702.397,689153.44315
BNBUSDT,1758601200000,2025-09-23 04:20:00,2025-09-23 13:20:00,982.2,982.2,979.4,980.82,530.833,520425.73124
BNBUSDT,1758601500000,2025-09-23 04:25:00,2025-09-23 13:25:00,980.82,980.9,978.6,979,461.299,451909.97308
BNBUSDT,1758601800000,2025-09-23 04:30:00,2025-09-23 13:30:00,979,980,976.48,977.9,1888.376,1847455.4079
BNBUSDT,1758602100000,2025-09-23 04:35:00,2025-09-23 13:35:00,977.9,982.17,977.7,981.97,738.122,722788.54115
BNBUSDT,1758602400000,2025-09-23 04:40:00,2025-09-23 13:40:00,981.97,982.83,981.7,982.19,524.93,515615.77897
BNBUSDT,1758602700000,2025-09-23 04:45:00,2025-09-23 13:45:00,982.18,982.18,979.8,981.5,707.077,693317.46416
BNBUSDT,1758603000000,2025-09-23 04:50:00,2025-09-23 13:50:00,981.49,981.8,980.4,981.55,337.472,331146.06202
BNBUSDT,1758603300000,2025-09-23 04:55:00,2025-09-23 13:55:00,981.54,982.86,981.05,981.93,904.537,888226.44072
BNBUSDT,1758603600000,2025-09-23 05:00:00,2025-09-23 14:00:00,981.93,983.94,981.27,981.27,502.347,493698.94978
BNBUSDT,1758603900000,2025-09-23 05:05:00,2025-09-23 14:05:00,981.27,981.8,979.8,981.66,544.299,533877.52147
BNBUSDT,1758604200000,2025-09-23 05:10:00,2025-09-23 14:10:00,981.66,985.25,981.6,985.25,987.563,971321.50541
BNBUSDT,1758604500000,2025-09-23 05:15:00,2025-09-23 14:15:00,985.26,985.9,983.2,983.39,536.536,528300.9658
BNBUSDT,1758604800000,2025-09-23 05:20:00,2025-09-23 14:20:00,983.4,985.07,982.22,984.36,2371.865,2332872.92889
BNBUSDT,1758605100000,2025-09-23 05:25:00,2025-09-23 14:25:00,984.37,986.01,984.2,985.63,638.236,628785.26492
BNBUSDT,1758605400000,2025-09-23 05:30:00,2025-09-23 14:30:00,985.63,988.58,985.59,988.44,1563.694,1544220.72293
BNBUSDT,1758605700000,2025-09-23 05:35:00,2025-09-23 14:35:00,988.44,988.68,987.1,987.91,747.555,738603.14419
BNBUSDT,1758606000000,2025-09-23 05:40:00,2025-09-23 14:40:00,987.91,989.28,987.74,988.4,702.284,694379.16356
BNBUSDT,1758606300000,2025-09-23 05:45:00,2025-09-23 14:45:00,988.41,988.56,986.72,987.2,751.042,742015.01723
BNBUSDT,1758606600000,2025-09-23 05:50:00,2025-09-23 14:50:00,987.2,988.58,986.4,987.69,1240.781,1225362.43242
BNBUSDT,1758606900000,2025-09-23 05:55:00,2025-09-23 14:55:00,987.69,988.9,987.61,988.62,357.615,353398.63783
BNBUSDT,1758607200000,2025-09-23 06:00:00,2025-09-23 15:00:00,988.62,990.47,987.61,988.83,2801.954,2771258.15293
BNBUSDT,1758607500000,2025-09-23 06:05:00,2025-09-23 15:05:00,988.83,994.7,988.7,994.52,4665.575,4632295.85413
BNBUSDT,1758607800000,2025-09-23 06:10:00,2025-09-23 15:10:00,994.52,995.68,991.7,992.01,2032.986,2020542.78499
BNBUSDT,1758608100000,2025-09-23 06:15:00,2025-09-23 15:15:00,992.01,992.75,991.2,991.8,1231.172,1221261.54566
BNBUSDT,1758608400000,2025-09-23 06:20:00,2025-09-23 15:20:00,991.8,994.25,991.64,994.19,1308.343,1299389.43141
BNBUSDT,1758608700000,2025-09-23 06:25:00,2025-09-23 15:25:00,994.19,994.9,992.3,993.24,1720.953,1709289.86295
BNBUSDT,1758609000000,2025-09-23 06:30:00,2025-09-23 15:30:00,993.24,995.98,992.21,995.72,3694.571,3672995.42003
BNBUSDT,1758609300000,2025-09-23 06:35:00,2025-09-23 15:35:00,995.71,997.13,994.32,995.14,2759.137,2747408.6549
BNBUSDT,1758609600000,2025-09-23 06:40:00,2025-09-23 15:40:00,995.13,996,993.3,994.21,1882.887,1872595.64904
BNBUSDT,1758609900000,2025-09-23 06:45:00,2025-09-23 15:45:00,994.2,996.91,993,996.72,1416.865,1409116.23726
BNBUSDT,1758610200000,2025-09-23 06:50:00,2025-09-23 15:50:00,996.72,997.48,995.45,996.45,1680.67,1674294.79424
BNBUSDT,1758610500000,2025-09-23 06:55:00,2025-09-23 15:55:00,996.46,997.98,995.9,996.9,2092.088,2086140.51625
BNBUSDT,1758610800000,2025-09-23 07:00:00,2025-09-23 16:00:00,996.9,996.9,994.56,994.95,2667.43,2655916.4283
BNBUSDT,1758611100000,2025-09-23 07:05:00,2025-09-23 16:05:00,994.94,998.29,994.91,997.73,2988.292,2979214.17229
BNBUSDT,1758611400000,2025-09-23 07:10:00,2025-09-23 16:10:00,997.73,999.44,997.48,999.44,1680.008,1677388.79287
BNBUSDT,1758611700000,2025-09-23 07:15:00,2025-09-23 16:15:00,999.43,1001.12,998.02,1001.08,2881.329,2880179.01427
BNBUSDT,1758612000000,2025-09-23 07:20:00,2025-09-23 16:20:00,1001.08,1005.58,1000.71,1003.78,6049.971,6071260.09078
BNBUSDT,1758612300000,2025-09-23 07:25:00,2025-09-23 16:25:00,1003.78,1004.56,998.25,1000.51,4405.587,4409520.99881
BNBUSDT,1758612600000,2025-09-23 07:30:00,2025-09-23 16:30:00,1000.5,1004.2,999.21,1004.19,4010.483,4019597.47344
BNBUSDT,1758612900000,2025-09-23 07:35:00,2025-09-23 16:35:00,1004.2,1007.67,1003,1003,5118.362,5142930.20128
BNBUSDT,1758613200000,2025-09-23 07:40:00,2025-09-23 16:40:00,1003.01,1004.58,1001.35,1002.68,3187.015,3196005.71569
BNBUSDT,1758613500000,2025-09-23 07:45:00,2025-09-23 16:45:00,1002.68,1004.04,1001.48,1001.96,2138.25,2144071.81603
BNBUSDT,1758613800000,2025-09-23 07:50:00,2025-09-23 16:50:00,1001.96,1004.29,1001.57,1002.15,1844.537,1849487.56721
BNBUSDT,1758614100000,2025-09-23 07:55:00,2025-09-23 16:55:00,1002.16,1003.1,1001.61,1001.69,1908.151,1912628.23707
BNBUSDT,1758614400000,2025-09-23 08:00:00,2025-09-23 17:00:00,1001.7,1005.41,1001.2,1003,2896.972,2907346.8469
BNBUSDT,1758614700000,2025-09-23 08:05:00,2025-09-23 17:05:00,1003,1007.58,1002.08,1007.04,1980.333,1989663.41743
BNBUSDT,1758615000000,2025-09-23 08:10:00,2025-09-23 17:10:00,1007.04,1009.01,1006.82,1008,3986.366,4018506.35621
BNBUSDT,1758615300000,2025-09-23 08:15:00,2025-09-23 17:15:00,1008,1013.21,1007.15,1012.8,3332.444,3367873.80263
BNBUSDT,1758615600000,2025-09-23 08:20:00,2025-09-23 17:20:00,1012.8,1020,1009.47,1009.57,6747.756,6836059.89517
BNBUSDT,1758615900000,2025-09-23 08:25:00,2025-09-23 17:25:00,1009.57,1010.74,1008.44,1008.66,2896.082,2922735.05839
BNBUSDT,1758616200000,2025-09-23 08:30:00,2025-09-23 17:30:00,1008.69,1011.29,1005.94,1007.2,4258.743,4292148.57214
BNBUSDT,1758616500000,2025-09-23 08:35:00,2025-09-23 17:35:00,1007.19,1009,1006.6,1008.13,1513.766,1525103.48019
BNBUSDT,1758616800000,2025-09-23 08:40:00,2025-09-23 17:40:00,1008.13,1008.38,1005.9,1006.01,1949.736,1963447.80486
BNBUSDT,1758617100000,2025-09-23 08:45:00,2025-09-23 17:45:00,1006.02,1012.31,1004.92,1005.08,3630.858,3656788.67792
BNBUSDT,1758617400000,2025-09-23 08:50:00,2025-09-23 17:50:00,1005.07,1005.35,1003.76,1004.52,2079.103,2088489.95248
BNBUSDT,1758617700000,2025-09-23 08:55:00,2025-09-23 17:55:00,1004.52,1004.83,1004.1,1004.23,1192.684,1197908.64297
BNBUSDT,1758618000000,2025-09-23 09:00:00,2025-09-23 18:00:00,1004.23,1005.22,1002.21,1003.42,2079.213,2087139.73374
BNBUSDT,1758618300000,2025-09-23 09:05:00,2025-09-23 18:05:00,1003.42,1006.67,1003.38,1006.67,1385.507,1392759.87572
BNBUSDT,1758618600000,2025-09-23 09:10:00,2025-09-23 18:10:00,1006.68,1008.74,1006.68,1007.9,1875.81,1890130.9063
BNBUSDT,1758618900000,2025-09-23 09:15:00,2025-09-23 18:15:00,1007.9,1007.9,1004.72,1005.64,1109.587,1116754.43946
BNBUSDT,1758619200000,2025-09-23 09:20:00,2025-09-23 18:20:00,1005.63,1005.9,1003,1003.24,971.307,975652.55958
BNBUSDT,1758619500000,2025-09-23 09:25:00,2025-09-23 18:25:00,1003.25,1003.69,1001.86,1003.17,1025.145,1028055.16297
BNBUSDT,1758619800000,2025-09-23 09:30:00,2025-09-23 18:30:00,1003.18,1003.84,1002.04,1003.71,1042.442,1045535.82619
BNBUSDT,1758620100000,2025-09-23 09:35:00,2025-09-23 18:35:00,1003.7,1003.71,1002.37,1003.39,1480.056,1484448.44971
BNBUSDT,1758620400000,2025-09-23 09:40:00,2025-09-23 18:40:00,1003.4,1003.83,1002.86,1003.42,773.934,776492.14463
BNBUSDT,1758620700000,2025-09-23 09:45:00,2025-09-23 18:45:00,1003.41,1003.6,997.28,998.67,3710.501,3708228.70634
BNBUSDT,1758621000000,2025-09-23 09:50:00,2025-09-23 18:50:00,998.67,1001.06,998.66,1000.8,940.845,940961.22851
BNBUSDT,1758621300000,2025-09-23 09:55:00,2025-09-23 18:55:00,1000.79,1001.28,998.87,999.31,1519.57,1519740.08469
BNBUSDT,1758621600000,2025-09-23 10:00:00,2025-09-23 19:00:00,999.31,1000.13,997,999.52,1213.098,1211467.047
BNBUSDT,1758621900000,2025-09-23 10:05:00,2025-09-23 19:05:00,999.51,999.6,997.99,998.49,762.035,760934.04853
BNBUSDT,1758622200000,2025-09-23 10:10:00,2025-09-23 19:10:00,998.49,1000.58,998.41,999.99,818.731,818250.07133
BNBUSDT,1758622500000,2025-09-23 10:15:00,2025-09-23 19:15:00,1000,1001.87,999.84,1000.03,729.521,730251.50127
BNBUSDT,1758622800000,2025-09-23 10:20:00,2025-09-23 19:20:00,1000.02,1002.78,999.49,1002.12,1110.078,1111288.17392
BNBUSDT,1758623100000,2025-09-23 10:25:00,2025-09-23 19:25:00,1002.12,1002.62,1001.43,1001.77,829.301,830858.03548
BNBUSDT,1758623400000,2025-09-23 10:30:00,2025-09-23 19:30:00,1001.77,1004.95,1001.28,1004.54,1265.981,1270234.14539
BNBUSDT,1758623700000,2025-09-23 10:35:00,2025-09-23 19:35:00,1004.54,1005.83,1002.34,1003.67,2658.939,2669785.5964
BNBUSDT,1758624000000,2025-09-23 10:40:00,2025-09-23 19:40:00,1003.66,1005.15,1003.04,1005.15,521.55,523468.57826
BNBUSDT,1758624300000,2025-09-23 10:45:00,2025-09-23 19:45:00,1005.16,1006.27,1004.57,1005.07,651.095,654607.96766
BNBUSDT,1758624600000,2025-09-23 10:50:00,2025-09-23 19:50:00,1005.07,1005.74,1004.31,1005.24,329.538,331209.01226
BNBUSDT,1758624900000,2025-09-23 10:55:00,2025-09-23 19:55:00,1005.24,1005.85,1004.49,1004.87,462.797,465059.82953
BNBUSDT,1758625200000,2025-09-23 11:00:00,2025-09-23 20:00:00,1004.87,1004.89,1003.43,1003.69,596.423,598890.55588
BNBUSDT,1758625500000,2025-09-23 11:05:00,2025-09-23 20:05:00,1003.69,1004.55,1001.62,1003.18,881.945,884869.60551
BNBUSDT,1758625800000,2025-09-23 11:10:00,2025-09-23 20:10:00,1003.18,1003.84,1002.17,1003.78,514.955,516507.76609
BNBUSDT,1758626100000,2025-09-23 11:15:00,2025-09-23 20:15:00,1003.78,1004.82,1003.43,1004.59,720.412,723463.11085
BNBUSDT,1758626400000,2025-09-23 11:20:00,2025-09-23 20:20:00,1004.58,1005.24,1002.52,1002.65,475.798,477610.43196
BNBUSDT,1758626700000,2025-09-23 11:25:00,2025-09-23 20:25:00,1002.65,1003.15,1002.28,1002.67,432.301,433464.69202
BNBUSDT,1758627000000,2025-09-23 11:30:00,2025-09-23 20:30:00,1002.66,1004.68,1002.29,1004.31,439.59,441030.17533
BNBUSDT,1758627300000,2025-09-23 11:35:00,2025-09-23 20:35:00,1004.32,1008.38,1004.31,1008.36,543.574,546988.28323
BNBUSDT,1758627600000,2025-09-23 11:40:00,2025-09-23 20:40:00,1008.36,1009.97,1007.74,1009.7,793.792,800850.92979
BNBUSDT,1758627900000,2025-09-23 11:45:00,2025-09-23 20:45:00,1009.69,1011.14,1008.15,1008.68,1066.633,1077091.86194
BNBUSDT,1758628200000,2025-09-23 11:50:00,2025-09-23 20:50:00,1008.68,1009.84,1007.87,1009.43,718.132,724259.62171
BNBUSDT,1758628500000,2025-09-23 11:55:00,2025-09-23 20:55:00,1009.42,1011.01,1007.63,1010.75,1699.575,1715254.17613
BNBUSDT,1758628800000,2025-09-23 12:00:00,2025-09-23 21:00:00,1010.74,1011.8,1009.52,1011.71,2033.501,2054924.43998
BNBUSDT,1758629100000,2025-09-23 12:05:00,2025-09-23 21:05:00,1011.7,1013.01,1011.48,1011.71,2355.534,2384329.29215
BNBUSDT,1758629400000,2025-09-23 12:10:00,2025-09-23 21:10:00,1011.72,1014.63,1011,1014.34,1520.405,1540224.26945
BNBUSDT,1758629700000,2025-09-23 12:15:00,2025-09-23 21:15:00,1014.34,1015.58,1013.27,1014.06,1391.378,1411571.86352
BNBUSDT,1758630000000,2025-09-23 12:20:00,2025-09-23 21:20:00,1014.05,1014.05,1010.71,1011.46,1409.085,1426036.20747
BNBUSDT,1758630300000,2025-09-23 12:25:00,2025-09-23 21:25:00,1011.46,1012.19,1010.88,1010.88,991.831,1003151.46263
BNBUSDT,1758630600000,2025-09-23 12:30:00,2025-09-23 21:30:00,1010.89,1014.61,1009.48,1014.12,1442.448,1459199.55986
BNBUSDT,1758630900000,2025-09-23 12:35:00,2025-09-23 21:35:00,1014.11,1014.52,1012.43,1014.19,948.322,961068.99155
BNBUSDT,1758631200000,2025-09-23 12:40:00,2025-09-23 21:40:00,1014.19,1018.48,1013.95,1017.47,7771.433,7899669.998
BNBUSDT,1758631500000,2025-09-23 12:45:00,2025-09-23 21:45:00,1017.48,1022.77,1017.3,1022.66,5036.96,5141874.62383
BNBUSDT,1758631800000,2025-09-23 12:50:00,2025-09-23 21:50:00,1022.66,1022.77,1018.64,1018.65,3678.139,3754406.99208
BNBUSDT,1758632100000,2025-09-23 12:55:00,2025-09-23 21:55:00,1018.65,1019.29,1017.72,1018.51,1287.498,1311118.00835
BNBUSDT,1758632400000,2025-09-23 13:00:00,2025-09-23 22:00:00,1018.51,1019.45,1015.35,1015.36,2021.572,2055568.92338
BNBUSDT,1758632700000,2025-09-23 13:05:00,2025-09-23 22:05:00,1015.35,1020,1015.33,1019.52,1700.668,1729638.50657
BNBUSDT,1758633000000,2025-09-23 13:10:00,2025-09-23 22:10:00,1019.51,1021.95,1018.59,1021.02,3148.379,3212616.94869
BNBUSDT,1758633300000,2025-09-23 13:15:00,2025-09-23 22:15:00,1021.02,1021.02,1016.92,1018.01,3413.714,3474911.82077
BNBUSDT,1758633600000,2025-09-23 13:20:00,2025-09-23 22:20:00,1018.01,1020.79,1017.33,1019.64,2515.975,2564303.86792
BNBUSDT,1758633900000,2025-09-23 13:25:00,2025-09-23 22:25:00,1019.63,1022.14,1019.6,1020.35,2289.932,2337975.49808
BNBUSDT,1758634200000,2025-09-23 13:30:00,2025-09-23 22:30:00,1020.35,1021.66,1018.92,1021.44,1636.623,1669657.45736
BNBUSDT,1758634500000,2025-09-23 13:35:00,2025-09-23 22:35:00,1021.45,1022.37,1017.3,1018.7,2816.636,2874298.21375
BNBUSDT,1758634800000,2025-09-23 13:40:00,2025-09-23 22:40:00,1018.7,1019.37,1016.04,1017.77,1534.425,1560978.69565
BNBUSDT,1758635100000,2025-09-23 13:45:00,2025-09-23 22:45:00,1017.77,1019.5,1014.89,1017.86,2831.403,2881201.19893
BNBUSDT,1758635400000,2025-09-23 13:50:00,2025-09-23 22:50:00,1017.84,1018.04,1014.35,1014.87,1292.44,1313385.76789
BNBUSDT,1758635700000,2025-09-23 13:55:00,2025-09-23 22:55:00,1014.87,1017.23,1014.62,1016.71,2291.279,2328097.60065
BNBUSDT,1758636000000,2025-09-23 14:00:00,2025-09-23 23:00:00,1016.71,1019.92,1016.25,1019.29,1779.427,1812544.44291
BNBUSDT,1758636300000,2025-09-23 14:05:00,2025-09-23 23:05:00,1019.3,1021.9,1018.39,1021.88,1568.948,1600330.89667
BNBUSDT,1758636600000,2025-09-23 14:10:00,2025-09-23 23:10:00,1021.89,1022.21,1019.34,1020.66,1517.057,1548682.55634
BNBUSDT,1758636900000,2025-09-23 14:15:00,2025-09-23 23:15:00,1020.65,1021.05,1018.53,1019.95,1074.583,1095962.03055
BNBUSDT,1758637200000,2025-09-23 14:20:00,2025-09-23 23:20:00,1019.96,1020.38,1016.36,1016.8,2164.536,2203982.98586
BNBUSDT,1758637500000,2025-09-23 14:25:00,2025-09-23 23:25:00,1016.8,1018.1,1016.16,1017.89,833.789,847943.21874
BNBUSDT,1758637800000,2025-09-23 14:30:00,2025-09-23 23:30:00,1017.89,1018.42,1015.01,1015.31,1423.976,1447750.45545
BNBUSDT,1758638100000,2025-09-23 14:35:00,2025-09-23 23:35:00,1015.32,1015.39,1011.57,1014.8,3614.216,3661713.45329
BNBUSDT,1758638400000,2025-09-23 14:40:00,2025-09-23 23:40:00,1014.79,1017.07,1014.11,1015.73,1397.884,1420061.58764
BNBUSDT,1758638700000,2025-09-23 14:45:00,2025-09-23 23:45:00,1015.72,1016.59,1014.03,1015.57,618.994,628373.8299
BNBUSDT,1758639000000,2025-09-23 14:50:00,2025-09-23 23:50:00,1015.57,1015.57,1013,1014.54,2616.662,2653057.84144
BNBUSDT,1758639300000,2025-09-23 14:55:00,2025-09-23 23:55:00,1014.54,1015.92,1012.62,1012.74,741.518,752108.60948
BNBUSDT,1758639600000,2025-09-23 15:00:00,2025-09-24 00:00:00,1012.74,1013.11,1008.87,1011.25,2775.587,2804294.61894
BNBUSDT,1758639900000,2025-09-23 15:05:00,2025-09-24 00:05:00,1011.25,1017.09,1011.24,1014.79,2111.533,2141419.30196
BNBUSDT,1758640200000,2025-09-23 15:10:00,2025-09-24 00:10:00,1014.8,1019.85,1014.79,1018.01,2152.696,2190302.75096
BNBUSDT,1758640500000,2025-09-23 15:15:00,2025-09-24 00:15:00,1018.01,1020.83,1017.72,1018.46,1945.05,1982159.41243
BNBUSDT,1758640800000,2025-09-23 15:20:00,2025-09-24 00:20:00,1018.45,1025.44,1017.96,1024.74,2812.738,2874362.45863
BNBUSDT,1758641100000,2025-09-23 15:25:00,2025-09-24 00:25:00,1024.74,1025.32,1023.26,1023.4,3163.502,3240632.12028
BNBUSDT,1758641400000,2025-09-23 15:30:00,2025-09-24 00:30:00,1023.4,1024.32,1021.22,1022.1,1580.791,1616366.75507
BNBUSDT,1758641700000,2025-09-23 15:35:00,2025-09-24 00:35:00,1022.1,1023.28,1021.14,1022.77,2728.904,2787779.54768
BNBUSDT,1758642000000,2025-09-23 15:40:00,2025-09-24 00:40:00,1022.77,1023.59,1021.18,1023.14,1088.959,1113603.8114
BNBUSDT,1758642300000,2025-09-23 15:45:00,2025-09-24 00:45:00,1023.14,1025.02,1023,1024.55,1821.315,1864962.13256
BNBUSDT,1758642600000,2025-09-23 15:50:00,2025-09-24 00:50:00,1024.55,1026.47,1022.06,1023.24,1925.946,1973308.88625
BNBUSDT,1758642900000,2025-09-23 15:55:00,2025-09-24 00:55:00,1023.24,1024.19,1021.59,1022.67,698.482,714246.2365
BNBUSDT,1758643200000,2025-09-23 16:00:00,2025-09-24 01:00:00,1022.68,1024.92,1021.68,1023.29,1293.774,1324264.19888
BNBUSDT,1758643500000,2025-09-23 16:05:00,2025-09-24 01:05:00,1023.3,1023.63,1019.1,1020.22,1587.737,1621710.49175
BNBUSDT,1758643800000,2025-09-23 16:10:00,2025-09-24 01:10:00,1020.22,1022.8,1019.15,1022.74,1092.362,1114761.60007
BNBUSDT,1758644100000,2025-09-23 16:15:00,2025-09-24 01:15:00,1022.74,1023.57,1021.46,1023.45,915.968,936731.57686
BNBUSDT,1758644400000,2025-09-23 16:20:00,2025-09-24 01:20:00,1023.46,1023.97,1021.23,1022.35,866.359,886081.47414
BNBUSDT,1758644700000,2025-09-23 16:25:00,2025-09-24 01:25:00,1022.36,1023.32,1021.97,1022.72,534.643,546788.08736
BNBUSDT,1758645000000,2025-09-23 16:30:00,2025-09-24 01:30:00,1022.72,1022.89,1018.98,1022.82,2057.837,2099919.68126
BNBUSDT,1758645300000,2025-09-23 16:35:00,2025-09-24 01:35:00,1022.89,1022.97,1018.07,1020.23,1380.936,1408587.10539
BNBUSDT,1758645600000,2025-09-23 16:40:00,2025-09-24 01:40:00,1020.23,1020.36,1017.62,1019.92,1548.769,1577672.9162
BNBUSDT,1758645900000,2025-09-23 16:45:00,2025-09-24 01:45:00,1019.93,1022.68,1019.67,1022.16,749.795,765856.79686
BNBUSDT,1758646200000,2025-09-23 16:50:00,2025-09-24 01:50:00,1022.16,1027.37,1022.01,1025.72,3142.943,3221128.51705
BNBUSDT,1758646500000,2025-09-23 16:55:00,2025-09-24 01:55:00,1025.71,1025.74,1023.91,1023.92,761.113,780101.78711
BNBUSDT,1758646800000,2025-09-23 17:00:00,2025-09-24 02:00:00,1023.92,1024.23,1016.81,1019.01,3500.96,3569483.66518
BNBUSDT,1758647100000,2025-09-23 17:05:00,2025-09-24 02:05:00,1019.01,1021.64,1019.01,1020.14,994.543,1014814.49758
BNBUSDT,1758647400000,2025-09-23 17:10:00,2025-09-24 02:10:00,1020.14,1020.17,1018.8,1019.21,605.233,617163.32381
BNBUSDT,1758647700000,2025-09-23 17:15:00,2025-09-24 02:15:00,1019.22,1020.44,1018.4,1020.23,991.396,1010922.30655
BNBUSDT,1758648000000,2025-09-23 17:20:00,2025-09-24 02:20:00,1020.23,1023.44,1020.23,1022,570.17,582765.07971
BNBUSDT,1758648300000,2025-09-23 17:25:00,2025-09-24 02:25:00,1022,1022.02,1019.62,1020,598.611,610917.54066
BNBUSDT,1758648600000,2025-09-23 17:30:00,2025-09-24 02:30:00,1020,1020.89,1019.05,1019.05,778.153,793771.86233
BNBUSDT,1758648900000,2025-09-23 17:35:00,2025-09-24 02:35:00,1019.05,1019.27,1016.73,1017.36,1020.949,1039115.91217
BNBUSDT,1758649200000,2025-09-23 17:40:00,2025-09-24 02:40:00,1017.37,1018.58,1016.17,1016.88,1519.892,1545787.92394
BNBUSDT,1758649500000,2025-09-23 17:45:00,2025-09-24 02:45:00,1016.87,1019.96,1016.02,1018.04,1436.334,1461886.03244
BNBUSDT,1758649800000,2025-09-23 17:50:00,2025-09-24 02:50:00,1018.03,1018.62,1013.61,1014.54,2097.689,2129677.03361
BNBUSDT,1758650100000,2025-09-23 17:55:00,2025-09-24 02:55:00,1014.53,1014.84,1011.18,1014.11,2203.674,2232627.45427
BNBUSDT,1758650400000,2025-09-23 18:00:00,2025-09-24 03:00:00,1014.11,1016.2,1011.81,1011.99,1412.66,1432770.2142
BNBUSDT,1758650700000,2025-09-23 18:05:00,2025-09-24 03:05:00,1012,1015.55,1011.86,1015.28,1330.335,1348321.43011
BNBUSDT,1758651000000,2025-09-23 18:10:00,2025-09-24 03:10:00,1015.28,1016.17,1013.69,1016.17,639.329,648891.96711
BNBUSDT,1758651300000,2025-09-23 18:15:00,2025-09-24 03:15:00,1016.16,1016.44,1013.81,1014.02,473.188,480336.36709
BNBUSDT,1758651600000,2025-09-23 18:20:00,2025-09-24 03:20:00,1014.02,1014.3,1012.22,1012.25,1247.587,1264415.18356
BNBUSDT,1758651900000,2025-09-23 18:25:00,2025-09-24 03:25:00,1012.25,1014.65,1012.18,1012.65,988.456,1001613.98723
BNBUSDT,1758652200000,2025-09-23 18:30:00,2025-09-24 03:30:00,1012.66,1013.1,1010.71,1012.05,1149.256,1162834.06281
BNBUSDT,1758652500000,2025-09-23 18:35:00,2025-09-24 03:35:00,1012.05,1012.05,1010.01,1010.24,573.419,579648.08616
BNBUSDT,1758652800000,2025-09-23 18:40:00,2025-09-24 03:40:00,1010.25,1011.81,1008.58,1010.09,1506.979,1521807.16342
BNBUSDT,1758653100000,2025-09-23 18:45:00,2025-09-24 03:45:00,1010.1,1010.37,1006.83,1008.64,2436.054,2457537.83852
BNBUSDT,1758653400000,2025-09-23 18:50:00,2025-09-24 03:50:00,1008.67,1009.59,1007.7,1008.6,1032.434,1041282.31246
BNBUSDT,1758653700000,2025-09-23 18:55:00,2025-09-24 03:55:00,1008.6,1011.24,1008.28,1011.2,659.64,665961.87127
BNBUSDT,1758654000000,2025-09-23 19:00:00,2025-09-24 04:00:00,1011.2,1014.25,1011.2,1013.12,1059.52,1073637.68455
BNBUSDT,1758654300000,2025-09-23 19:05:00,2025-09-24 04:05:00,1013.12,1015.15,1012.79,1013.59,859.967,872095.28585
BNBUSDT,1758654600000,2025-09-23 19:10:00,2025-09-24 04:10:00,1013.59,1015.76,1013.58,1015.5,769.212,780775.02943
BNBUSDT,1758654900000,2025-09-23 19:15:00,2025-09-24 04:15:00,1015.5,1015.63,1013.61,1014.99,547.591,555730.77788
BNBUSDT,1758655200000,2025-09-23 19:20:00,2025-09-24 04:20:00,1014.99,1015.1,1012.41,1013.49,1261.886,1279213.8437
BNBUSDT,1758655500000,2025-09-23 19:25:00,2025-09-24 04:25:00,1013.48,1014.16,1012.32,1013.32,579.547,587168.20548
BNBUSDT,1758655800000,2025-09-23 19:30:00,2025-09-24 04:30:00,1013.32,1013.44,1010.6,1010.93,511.741,517705.04964
BNBUSDT,1758656100000,2025-09-23 19:35:00,2025-09-24 04:35:00,1010.93,1010.99,1008.54,1010.73,1575.235,1590293.74677
BNBUSDT,1758656400000,2025-09-23 19:40:00,2025-09-24 04:40:00,1010.72,1011.44,1009.91,1009.91,405.433,409787.90384
BNBUSDT,1758656700000,2025-09-23 19:45:00,2025-09-24 04:45:00,1009.92,1010.29,1006.11,1006.76,1015.682,1023902.28625
BNBUSDT,1758657000000,2025-09-23 19:50:00,2025-09-24 04:50:00,1006.76,1008.68,1006.57,1008.5,769.297,775127.81136
BNBUSDT,1758657300000,2025-09-23 19:55:00,2025-09-24 04:55:00,1008.51,1009.26,1007.71,1009.25,379.436,382679.88384
BNBUSDT,1758657600000,2025-09-23 20:00:00,2025-09-24 05:00:00,1009.25,1012.13,1008.7,1011.61,467.954,473033.58085
BNBUSDT,1758657900000,2025-09-23 20:05:00,2025-09-24 05:05:00,1011.6,1011.63,1009.33,1009.88,319.108,322438.5058
BNBUSDT,1758658200000,2025-09-23 20:10:00,2025-09-24 05:10:00,1009.89,1012.23,1009.89,1011.01,415.223,419857.22922
BNBUSDT,1758658500000,2025-09-23 20:15:00,2025-09-24 05:15:00,1011.01,1012.23,1010.44,1010.87,360.514,364621.99129
BNBUSDT,1758658800000,2025-09-23 20:20:00,2025-09-24 05:20:00,1010.87,1010.88,1008.55,1008.78,495.411,499970.90822
BNBUSDT,1758659100000,2025-09-23 20:25:00,2025-09-24 05:25:00,1008.78,1009.95,1008.32,1008.57,276.912,279420.64463
BNBUSDT,1758659400000,2025-09-23 20:30:00,2025-09-24 05:30:00,1008.57,1011.01,1008.57,1009.09,411.444,415510.71056
BNBUSDT,1758659700000,2025-09-23 20:35:00,2025-09-24 05:35:00,1009.08,1012.68,1008.8,1012.68,1066.651,1077330.33107
BNBUSDT,1758660000000,2025-09-23 20:40:00,2025-09-24 05:40:00,1012.67,1014.28,1011.97,1014.28,254.639,257917.67536
BNBUSDT,1758660300000,2025-09-23 20:45:00,2025-09-24 05:45:00,1014.27,1014.57,1012,1012,206.631,209339.39075
BNBUSDT,1758660600000,2025-09-23 20:50:00,2025-09-24 05:50:00,1012.01,1013.76,1012,1013.28,295.997,299841.9562
BNBUSDT,1758660900000,2025-09-23 20:55:00,2025-09-24 05:55:00,1013.29,1014.34,1012.95,1014.18,355.946,360708.44442
BNBUSDT,1758661200000,2025-09-23 21:00:00,2025-09-24 06:00:00,1014.18,1014.94,1013.61,1014.19,430.077,436153.77806
BNBUSDT,1758661500000,2025-09-23 21:05:00,2025-09-24 06:05:00,1014.18,1015.85,1014.13,1015.85,495.905,503285.2057
BNBUSDT,1758661800000,2025-09-23 21:10:00,2025-09-24 06:10:00,1015.85,1015.92,1013.19,1013.24,661.188,670535.26437
BNBUSDT,1758662100000,2025-09-23 21:15:00,2025-09-24 06:15:00,1013.24,1015.24,1013,1013.27,796.788,808112.21484
BNBUSDT,1758662400000,2025-09-23 21:20:00,2025-09-24 06:20:00,1013.27,1014.8,1012.99,1014.8,246.109,249412.96986
BNBUSDT,1758662700000,2025-09-23 21:25:00,2025-09-24 06:25:00,1014.8,1017.66,1014.8,1017.65,410.788,417575.1162
BNBUSDT,1758663000000,2025-09-23 21:30:00,2025-09-24 06:30:00,1017.65,1020,1016.95,1018.92,693.664,706542.92191
BNBUSDT,1758663300000,2025-09-23 21:35:00,2025-09-24 06:35:00,1018.92,1020,1017.98,1018.65,458.527,467139.68311
BNBUSDT,1758663600000,2025-09-23 21:40:00,2025-09-24 06:40:00,1018.65,1019.63,1017.91,1017.91,646.465,658499.55105
BNBUSDT,1758663900000,2025-09-23 21:45:00,2025-09-24 06:45:00,1017.91,1018.54,1017.34,1017.49,517.735,526921.7948
BNBUSDT,1758664200000,2025-09-23 21:50:00,2025-09-24 06:50:00,1017.5,1020.21,1017.39,1020.04,402.163,409612.17257
BNBUSDT,1758664500000,2025-09-23 21:55:00,2025-09-24 06:55:00,1020.03,1021,1019.24,1020.74,437.006,445705.43932
BNBUSDT,1758664800000,2025-09-23 22:00:00,2025-09-24 07:00:00,1020.74,1020.74,1017.21,1018.71,583.737,594635.81368
BNBUSDT,1758665100000,2025-09-23 22:05:00,2025-09-24 07:05:00,1018.71,1019,1017.95,1018.19,1560.095,1589499.29164
BNBUSDT,1758665400000,2025-09-23 22:10:00,2025-09-24 07:10:00,1018.2,1019.86,1018.19,1018.71,371.415,378491.09666
BNBUSDT,1758665700000,2025-09-23 22:15:00,2025-09-24 07:15:00,1018.72,1019.14,1017.61,1018.22,488.983,497825.73743
BNBUSDT,1758666000000,2025-09-23 22:20:00,2025-09-24 07:20:00,1018.21,1018.95,1017.73,1017.73,220.617,224653.74809
BNBUSDT,1758666300000,2025-09-23 22:25:00,2025-09-24 07:25:00,1017.74,1017.74,1015.05,1015.14,845.74,859321.58717
BNBUSDT,1758666600000,2025-09-23 22:30:00,2025-09-24 07:30:00,1015.14,1017.42,1015.11,1017.01,427.535,434554.806
BNBUSDT,1758666900000,2025-09-23 22:35:00,2025-09-24 07:35:00,1017.02,1017.58,1016.63,1017.58,432.054,439434.5341
BNBUSDT,1758667200000,2025-09-23 22:40:00,2025-09-24 07:40:00,1017.58,1019.43,1016.79,1019.38,448.456,456674.57539
BNBUSDT,1758667500000,2025-09-23 22:45:00,2025-09-24 07:45:00,1019.38,1019.38,1017.34,1017.51,299.901,305363.99605
BNBUSDT,1758667800000,2025-09-23 22:50:00,2025-09-24 07:50:00,1017.51,1018.08,1016.24,1016.39,256.053,260488.52883
BNBUSDT,1758668100000,2025-09-23 22:55:00,2025-09-24 07:55:00,1016.39,1017.09,1016.19,1016.21,199.14,202493.24455
BNBUSDT,1758668400000,2025-09-23 23:00:00,2025-09-24 08:00:00,1016.2,1016.41,1015.16,1015.9,416.987,423577.56425
BNBUSDT,1758668700000,2025-09-23 23:05:00,2025-09-24 08:05:00,1015.9,1018.84,1015.86,1018.57,437.207,444769.15049
BNBUSDT,1758669000000,2025-09-23 23:10:00,2025-09-24 08:10:00,1018.58,1018.58,1017,1017.57,535.436,544997.67621
BNBUSDT,1758669300000,2025-09-23 23:15:00,2025-09-24 08:15:00,1017.57,1018.54,1014.98,1015.2,707.22,718768.73456
BNBUSDT,1758669600000,2025-09-23 23:20:00,2025-09-24 08:20:00,1015.21,1015.26,1013.64,1013.75,349.925,354984.59701
BNBUSDT,1758669900000,2025-09-23 23:25:00,2025-09-24 08:25:00,1013.75,1014.37,1011.42,1012.57,910.732,922224.15374
BNBUSDT,1758670200000,2025-09-23 23:30:00,2025-09-24 08:30:00,1012.57,1014.95,1012.32,1014.93,334.211,338787.39327
BNBUSDT,1758670500000,2025-09-23 23:35:00,2025-09-24 08:35:00,1014.93,1016.32,1014.65,1016,167.353,169973.51691
BNBUSDT,1758670800000,2025-09-23 23:40:00,2025-09-24 08:40:00,1016,1016.89,1014.98,1016.43,405.56,412012.45017
BNBUSDT,1758671100000,2025-09-23 23:45:00,2025-09-24 08:45:00,1016.44,1018,1016.24,1018,561.351,570827.24489
BNBUSDT,1758671400000,2025-09-23 23:50:00,2025-09-24 08:50:00,1018.01,1018.05,1016.36,1016.8,718.82,731315.08519
BNBUSDT,1758671700000,2025-09-23 23:55:00,2025-09-24 08:55:00,1016.79,1017.32,1015.91,1015.98,372.52,378586.65774
BNBUSDT,1758672000000,2025-09-24 00:00:00,2025-09-24 09:00:00,1015.98,1018,1015.98,1017.17,353.686,359807.38561
BNBUSDT,1758672300000,2025-09-24 00:05:00,2025-09-24 09:05:00,1017.17,1017.5,1013.51,1014.2,1154.586,1172085.32209
BNBUSDT,1758672600000,2025-09-24 00:10:00,2025-09-24 09:10:00,1014.21,1017.28,1013.51,1016.91,3046.91,3094323.69053
BNBUSDT,1758672900000,2025-09-24 00:15:00,2025-09-24 09:15:00,1016.91,1021.27,1014.99,1019.65,2579.505,2628992.53119
BNBUSDT,1758673200000,2025-09-24 00:20:00,2025-09-24 09:20:00,1019.65,1024.36,1019.64,1022.12,1893.369,1936193.1935
BNBUSDT,1758673500000,2025-09-24 00:25:00,2025-09-24 09:25:00,1022.12,1022.16,1020.33,1020.92,523.688,534723.91657
BNBUSDT,1758673800000,2025-09-24 00:30:00,2025-09-24 09:30:00,1020.92,1021.66,1018.94,1019.03,676.588,690383.05546
BNBUSDT,1758674100000,2025-09-24 00:35:00,2025-09-24 09:35:00,1019.03,1020.56,1018.63,1020.5,566.648,577921.14255
BNBUSDT,1758674400000,2025-09-24 00:40:00,2025-09-24 09:40:00,1020.5,1020.99,1019.43,1020.33,757.731,772939.89621
BNBUSDT,1758674700000,2025-09-24 00:45:00,2025-09-24 09:45:00,1020.33,1023.07,1018.87,1020,719.887,735220.21785
BNBUSDT,1758675000000,2025-09-24 00:50:00,2025-09-24 09:50:00,1019.99,1019.99,1018.04,1018.51,337.333,343751.84947
BNBUSDT,1758675300000,2025-09-24 00:55:00,2025-09-24 09:55:00,1018.5,1018.5,1016.31,1017.31,1448.62,1473696.20545
BNBUSDT,1758675600000,2025-09-24 01:00:00,2025-09-24 10:00:00,1017.31,1018.08,1015.82,1017.08,714.558,726525.05691
BNBUSDT,1758675900000,2025-09-24 01:05:00,2025-09-24 10:05:00,1017.1,1020.58,1017.1,1019.53,669.161,681988.21062
BNBUSDT,1758676200000,2025-09-24 01:10:00,2025-09-24 10:10:00,1019.52,1020.64,1019.3,1020.27,497.889,507842.3534
BNBUSDT,1758676500000,2025-09-24 01:15:00,2025-09-24 10:15:00,1020.27,1021.73,1020.27,1021.54,533.716,545032.83616
BNBUSDT,1758676800000,2025-09-24 01:20:00,2025-09-24 10:20:00,1021.54,1021.79,1020.59,1021.62,288.213,294383.91887
BNBUSDT,1758677100000,2025-09-24 01:25:00,2025-09-24 10:25:00,1021.61,1023.83,1021.5,1023.42,756.91,774207.39198
BNBUSDT,1758677400000,2025-09-24 01:30:00,2025-09-24 10:30:00,1023.43,1023.57,1021.97,1022.4,1602.51,1639029.42154
BNBUSDT,1758677700000,2025-09-24 01:35:00,2025-09-24 10:35:00,1022.39,1026.79,1022.39,1026,1809.483,1855260.13657
BNBUSDT,1758678000000,2025-09-24 01:40:00,2025-09-24 10:40:00,1026,1026.46,1023.51,1023.55,868.692,890608.84776
BNBUSDT,1758678300000,2025-09-24 01:45:00,2025-09-24 10:45:00,1023.55,1025.52,1023.37,1025.38,580.765,595033.83989
BNBUSDT,1758678600000,2025-09-24 01:50:00,2025-09-24 10:50:00,1025.37,1025.6,1024.29,1024.79,633.186,649020.21429
BNBUSDT,1758678900000,2025-09-24 01:55:00,2025-09-24 10:55:00,1024.8,1024.8,1024.01,1024.17,341.893,350209.68817
BNBUSDT,1758679200000,2025-09-24 02:00:00,2025-09-24 11:00:00,1024.12,1024.66,1023.15,1023.48,379.976,388956.91214
BNBUSDT,1758679500000,2025-09-24 02:05:00,2025-09-24 11:05:00,1023.5,1023.5,1022.04,1022.04,251.441,257134.02261
BNBUSDT,1758679800000,2025-09-24 02:10:00,2025-09-24 11:10:00,1022.05,1022.05,1018.61,1019.1,765.936,781190.25841
BNBUSDT,1758680100000,2025-09-24 02:15:00,2025-09-24 11:15:00,1019.11,1020.16,1015.35,1016.57,1182.928,1203291.5745
BNBUSDT,1758680400000,2025-09-24 02:20:00,2025-09-24 11:20:00,1016.56,1019.62,1015.92,1019.56,817.852,831970.11193
BNBUSDT,1758680700000,2025-09-24 02:25:00,2025-09-24 11:25:00,1019.59,1020.2,1018.6,1019.28,824.037,839736.78293
BNBUSDT,1758681000000,2025-09-24 02:30:00,2025-09-24 11:30:00,1019.28,1020.08,1017.24,1017.24,1719.255,1750616.53303
BNBUSDT,1758681300000,2025-09-24 02:35:00,2025-09-24 11:35:00,1017.24,1018.91,1016.5,1017.53,533.681,543108.82242
BNBUSDT,1758681600000,2025-09-24 02:40:00,2025-09-24 11:40:00,1017.54,1018.88,1017.5,1018.44,438.772,446750.57761
BNBUSDT,1758681900000,2025-09-24 02:45:00,2025-09-24 11:45:00,1018.44,1019.87,1017.81,1019.39,811.848,827178.96735
BNBUSDT,1758682200000,2025-09-24 02:50:00,2025-09-24 11:50:00,1019.25,1019.72,1016.13,1017.39,6171.567,6283908.36329
BNBUSDT,1758682500000,2025-09-24 02:55:00,2025-09-24 11:55:00,1017.39,1019.92,1016.25,1019.38,1232.57,1254492.49817
BNBUSDT,1758682800000,2025-09-24 03:00:00,2025-09-24 12:00:00,1019.38,1022.2,1018.49,1022,1353.052,1380951.89324
BNBUSDT,1758683100000,2025-09-24 03:05:00,2025-09-24 12:05:00,1022.01,1022.01,1018.39,1018.58,895.169,913226.98366
BNBUSDT,1758683400000,2025-09-24 03:10:00,2025-09-24 12:10:00,1018.57,1019.58,1017.57,1019.58,1436.226,1462356.31327
BNBUSDT,1758683700000,2025-09-24 03:15:00,2025-09-24 12:15:00,1019.59,1021.03,1017.91,1018.41,788.49,803896.69739
BNBUSDT,1758684000000,2025-09-24 03:20:00,2025-09-24 12:20:00,1018.41,1018.64,1016.12,1018.24,1331.501,1355030.9669
BNBUSDT,1758684300000,2025-09-24 03:25:00,2025-09-24 12:25:00,1018.25,1019.28,1009.84,1011.56,5399.651,5470656.6854
BNBUSDT,1758684600000,2025-09-24 03:30:00,2025-09-24 12:30:00,1011.56,1014.87,1010.52,1010.95,2170.838,2197654.41299
BNBUSDT,1758684900000,2025-09-24 03:35:00,2025-09-24 12:35:00,1010.96,1011.9,1007.89,1009.14,3861.252,3897785.76729
BNBUSDT,1758685200000,2025-09-24 03:40:00,2025-09-24 12:40:00,1009.14,1009.71,1007.82,1009.58,1289.026,1300533.63973
BNBUSDT,1758685500000,2025-09-24 03:45:00,2025-09-24 12:45:00,1009.57,1010.44,1002.9,1003.79,3327.554,3348279.79118
BNBUSDT,1758685800000,2025-09-24 03:50:00,2025-09-24 12:50:00,1003.8,1005.8,1003.53,1004.14,1276.544,1282258.56978
BNBUSDT,1758686100000,2025-09-24 03:55:00,2025-09-24 12:55:00,1004.14,1004.19,1002.01,1002.56,2612.156,2619746.53058
BNBUSDT,1758686400000,2025-09-24 04:00:00,2025-09-24 13:00:00,1002.56,1003.11,998.28,998.37,2960.023,2962376.17294
BNBUSDT,1758686700000,2025-09-24 04:05:00,2025-09-24 13:05:00,998.37,998.94,995.79,997.64,3002.323,2994373.91977
BNBUSDT,1758687000000,2025-09-24 04:10:00,2025-09-24 13:10:00,997.64,998.88,991.46,997.92,5781.404,5755773.12152
BNBUSDT,1758687300000,2025-09-24 04:15:00,2025-09-24 13:15:00,997.91,1000.75,996.74,997.02,2223.098,2220715.70388
BNBUSDT,1758687600000,2025-09-24 04:20:00,2025-09-24 13:20:00,997.03,997.67,995.29,996.69,1936.422,1929517.30575
BNBUSDT,1758687900000,2025-09-24 04:25:00,2025-09-24 13:25:00,996.69,1006.6,996.45,1006.02,2291.59,2297093.79602
BNBUSDT,1758688200000,2025-09-24 04:30:00,2025-09-24 13:30:00,1006.02,1009.82,1005.69,1007.32,2162.184,2178869.66584
BNBUSDT,1758688500000,2025-09-24 04:35:00,2025-09-24 13:35:00,1007.32,1011.01,1007.27,1010.99,1359.976,1373119.22048
BNBUSDT,1758688800000,2025-09-24 04:40:00,2025-09-24 13:40:00,1011,1011.76,1008.58,1010,1344.163,1358145.11872
BNBUSDT,1758689100000,2025-09-24 04:45:00,2025-09-24 13:45:00,1010,1010.51,1007.21,1007.83,944.857,952985.00588
BNBUSDT,1758689400000,2025-09-24 04:50:00,2025-09-24 13:50:00,1007.83,1008.43,1007.06,1007.14,368.982,371767.30631
BNBUSDT,1758689700000,2025-09-24 04:55:00,2025-09-24 13:55:00,1007.14,1008.62,1007.13,1008.14,581.714,586302.05971
BNBUSDT,1758690000000,2025-09-24 05:00:00,2025-09-24 14:00:00,1008.14,1011.86,1007.41,1010.39,625.146,631598.3302
BNBUSDT,1758690300000,2025-09-24 05:05:00,2025-09-24 14:05:00,1010.4,1010.69,1009.04,1009.16,728.515,735612.22394
BNBUSDT,1758690600000,2025-09-24 05:10:00,2025-09-24 14:10:00,1009.16,1011,1008.85,1010.64,575.397,580924.89066
BNBUSDT,1758690900000,2025-09-24 05:15:00,2025-09-24 14:15:00,1010.64,1011.32,1009.23,1010.56,333.015,336365.01046
BNBUSDT,1758691200000,2025-09-24 05:20:00,2025-09-24 14:20:00,1010.57,1015.29,1010.08,1015.28,1451.292,1471074.00476
BNBUSDT,1758691500000,2025-09-24 05:25:00,2025-09-24 14:25:00,1015.28,1016.82,1014.35,1014.35,2626.68,2668040.58808
BNBUSDT,1758691800000,2025-09-24 05:30:00,2025-09-24 14:30:00,1014.36,1014.55,1011.98,1012.79,1807.372,1831197.90654
BNBUSDT,1758692100000,2025-09-24 05:35:00,2025-09-24 14:35:00,1012.79,1014.03,1012.19,1012.75,3131.621,3173574.90588
BNBUSDT,1758692400000,2025-09-24 05:40:00,2025-09-24 14:40:00,1012.76,1012.8,1010.1,1010.99,2435.59,2464449.36052
BNBUSDT,1758692700000,2025-09-24 05:45:00,2025-09-24 14:45:00,1011,1015.04,1010.36,1013.8,1929.223,1952168.60498
BNBUSDT,1758693000000,2025-09-24 05:50:00,2025-09-24 14:50:00,1013.79,1014.91,1013.16,1014.43,564.42,572328.95647
BNBUSDT,1758693300000,2025-09-24 05:55:00,2025-09-24 14:55:00,1014.43,1014.89,1013.87,1014.46,598.854,607483.54198
BNBUSDT,1758693600000,2025-09-24 06:00:00,2025-09-24 15:00:00,1014.47,1014.67,1013.44,1014.44,634.586,643619.7556
BNBUSDT,1758693900000,2025-09-24 06:05:00,2025-09-24 15:05:00,1014.45,1016.43,1013.88,1016.11,1560.539,1584288.98087
BNBUSDT,1758694200000,2025-09-24 06:10:00,2025-09-24 15:10:00,1016.1,1017.09,1014.5,1014.81,1499.224,1523169.3157
BNBUSDT,1758694500000,2025-09-24 06:15:00,2025-09-24 15:15:00,1014.81,1015.36,1013.39,1014.31,1081.803,1097466.93382
BNBUSDT,1758694800000,2025-09-24 06:20:00,2025-09-24 15:20:00,1014.3,1014.3,1010.87,1011.88,2001.406,2025067.18625
BNBUSDT,1758695100000,2025-09-24 06:25:00,2025-09-24 15:25:00,1011.87,1013.6,1011.77,1013.6,530.257,536964.83164
BNBUSDT,1758695400000,2025-09-24 06:30:00,2025-09-24 15:30:00,1013.6,1013.84,1012.66,1013.83,496.805,503418.53571
BNBUSDT,1758695700000,2025-09-24 06:35:00,2025-09-24 15:35:00,1013.83,1015.43,1013.76,1015.31,1159.946,1176858.92235
BNBUSDT,1758696000000,2025-09-24 06:40:00,2025-09-24 15:40:00,1015.31,1015.81,1014.08,1015,1484.11,1506127.43895
BNBUSDT,1758696300000,2025-09-24 06:45:00,2025-09-24 15:45:00,1015,1017.34,1015,1016.75,1111.997,1130211.75123
BNBUSDT,1758696600000,2025-09-24 06:50:00,2025-09-24 15:50:00,1016.75,1018.5,1016.69,1018.35,858.935,874135.7591
BNBUSDT,1758696900000,2025-09-24 06:55:00,2025-09-24 15:55:00,1018.35,1018.36,1016.69,1017.84,1003.424,1020929.78997
BNBUSDT,1758697200000,2025-09-24 07:00:00,2025-09-24 16:00:00,1017.84,1018.38,1015.87,1016.76,1492.388,1517750.13842
BNBUSDT,1758697500000,2025-09-24 07:05:00,2025-09-24 16:05:00,1016.76,1016.76,1015.17,1016.39,666.744,677330.58368
BNBUSDT,1758697800000,2025-09-24 07:10:00,2025-09-24 16:10:00,1016.4,1017.51,1015.75,1016.49,661.235,672245.99426
BNBUSDT,1758698100000,2025-09-24 07:15:00,2025-09-24 16:15:00,1016.49,1017.45,1015.8,1017.21,689.338,700753.4608
BNBUSDT,1758698400000,2025-09-24 07:20:00,2025-09-24 16:20:00,1017.22,1017.95,1016.55,1016.66,973.573,990521.4529
BNBUSDT,1758698700000,2025-09-24 07:25:00,2025-09-24 16:25:00,1016.66,1016.81,1013.64,1015.98,1596.161,1620616.84346
BNBUSDT,1758699000000,2025-09-24 07:30:00,2025-09-24 16:30:00,1015.99,1017.26,1015.99,1016.75,718.571,730632.24928
BNBUSDT,1758699300000,2025-09-24 07:35:00,2025-09-24 16:35:00,1016.75,1017.14,1015.32,1016.4,1288.029,1308597.53936
BNBUSDT,1758699600000,2025-09-24 07:40:00,2025-09-24 16:40:00,1016.4,1018.1,1015.81,1017.28,738.03,750713.58568
BNBUSDT,1758699900000,2025-09-24 07:45:00,2025-09-24 16:45:00,1017.28,1019.1,1017.14,1018.72,923,939976.92804
BNBUSDT,1758700200000,2025-09-24 07:50:00,2025-09-24 16:50:00,1018.71,1018.72,1016.36,1016.72,1151.059,1171049.06738
BNBUSDT,1758700500000,2025-09-24 07:55:00,2025-09-24 16:55:00,1016.71,1018.12,1016.63,1018.08,1767.538,1798400.05516
BNBUSDT,1758700800000,2025-09-24 08:00:00,2025-09-24 17:00:00,1018.09,1019.86,1018.09,1018.76,1868.674,1904160.35961
BNBUSDT,1758701100000,2025-09-24 08:05:00,2025-09-24 17:05:00,1018.76,1019.47,1018.64,1018.91,1408.8,1435782.21431
BNBUSDT,1758701400000,2025-09-24 08:10:00,2025-09-24 17:10:00,1018.9,1019.93,1018.38,1019.89,1190.766,1213418.94192
BNBUSDT,1758701700000,2025-09-24 08:15:00,2025-09-24 17:15:00,1019.89,1020.58,1018.82,1019.15,1478.647,1507722.41134
BNBUSDT,1758702000000,2025-09-24 08:20:00,2025-09-24 17:20:00,1019.14,1019.65,1013.92,1018.89,6248.77,6358349.40124
BNBUSDT,1758702300000,2025-09-24 08:25:00,2025-09-24 17:25:00,1018.88,1019.47,1018.46,1019.04,902.028,919199.80699
BNBUSDT,1758702600000,2025-09-24 08:30:00,2025-09-24 17:30:00,1019.04,1020.2,1019.03,1019.36,1722.085,1755769.71137
BNBUSDT,1758702900000,2025-09-24 08:35:00,2025-09-24 17:35:00,1019.35,1020.25,1019.15,1019.6,1351.652,1378258.27059
BNBUSDT,1758703200000,2025-09-24 08:40:00,2025-09-24 17:40:00,1019.6,1022.1,1019.28,1022.01,1084.968,1107663.64244
BNBUSDT,1758703500000,2025-09-24 08:45:00,2025-09-24 17:45:00,1022.01,1024.96,1022,1024.71,3648.946,3735047.43212
BNBUSDT,1758703800000,2025-09-24 08:50:00,2025-09-24 17:50:00,1024.71,1026.3,1024.13,1025.08,5917.022,6066832.1083
BNBUSDT,1758704100000,2025-09-24 08:55:00,2025-09-24 17:55:00,1025.09,1026.76,1024.15,1025.11,2436.622,2498963.67695
BNBUSDT,1758704400000,2025-09-24 09:00:00,2025-09-24 18:00:00,1025.11,1026.42,1023.48,1024.58,1508.43,1545839.18513
BNBUSDT,1758704700000,2025-09-24 09:05:00,2025-09-24 18:05:00,1024.58,1024.77,1022.38,1022.52,2034.851,2083638.11567
BNBUSDT,1758705000000,2025-09-24 09:10:00,2025-09-24 18:10:00,1022.53,1024.47,1022.45,1024.19,1240.767,1269635.73314
BNBUSDT,1758705300000,2025-09-24 09:15:00,2025-09-24 18:15:00,1024.19,1026.36,1024.17,1025.6,1068.964,1096329.90148
BNBUSDT,1758705600000,2025-09-24 09:20:00,2025-09-24 18:20:00,1025.61,1025.62,1024.59,1025.5,967.88,992123.98734
BNBUSDT,1758705900000,2025-09-24 09:25:00,2025-09-24 18:25:00,1025.5,1027,1025.5,1027,1549.884,1591042.52199
BNBUSDT,1758706200000,2025-09-24 09:30:00,2025-09-24 18:30:00,1027,1033.72,1026.99,1032.21,3974.673,4099883.74711
BNBUSDT,1758706500000,2025-09-24 09:35:00,2025-09-24 18:35:00,1032.2,1033.96,1031.72,1032.37,1810.422,1869749.61431
BNBUSDT,1758706800000,2025-09-24 09:40:00,2025-09-24 18:40:00,1032.36,1034.46,1032.01,1033.25,1826.838,1888015.6489
BNBUSDT,1758707100000,2025-09-24 09:45:00,2025-09-24 18:45:00,1033.25,1033.59,1032.16,1033.58,1730.538,1787271.5692
BNBUSDT,1758707400000,2025-09-24 09:50:00,2025-09-24 18:50:00,1033.58,1034.5,1030.07,1030.65,3226.252,3330232.25261
BNBUSDT,1758707700000,2025-09-24 09:55:00,2025-09-24 18:55:00,1030.65,1033.61,1028.83,1032.61,2257.098,2328781.75608
BNBUSDT,1758708000000,2025-09-24 10:00:00,2025-09-24 19:00:00,1032.61,1032.7,1027.01,1028.03,8007.229,8237516.39983
BNBUSDT,1758708300000,2025-09-24 10:05:00,2025-09-24 19:05:00,1028.03,1028.43,1025.74,1026.64,4157.409,4269941.31715
BNBUSDT,1758708600000,2025-09-24 10:10:00,2025-09-24 19:10:00,1026.64,1027.21,1024.91,1026.31,2726.686,2798141.67665
BNBUSDT,1758708900000,2025-09-24 10:15:00,2025-09-24 19:15:00,1026.3,1027.08,1023.3,1026.03,3921.857,4022201.79285
BNBUSDT,1758709200000,2025-09-24 10:20:00,2025-09-24 19:20:00,1026.03,1026.03,1022.57,1022.87,1480.692,1516611.62825
BNBUSDT,1758709500000,2025-09-24 10:25:00,2025-09-24 19:25:00,1022.88,1022.91,1020,1021.4,1714.029,1749941.06875
BNBUSDT,1758709800000,2025-09-24 10:30:00,2025-09-24 19:30:00,1021.41,1022.78,1020.79,1022.08,1468.714,1500656.73145
BNBUSDT,1758710100000,2025-09-24 10:35:00,2025-09-24 19:35:00,1022.08,1024.65,1022.08,1024.34,1874.996,1918872.4946
BNBUSDT,1758710400000,2025-09-24 10:40:00,2025-09-24 19:40:00,1024.33,1024.33,1021.31,1022.66,966.218,988182.31157
BNBUSDT,1758710700000,2025-09-24 10:45:00,2025-09-24 19:45:00,1022.66,1024.23,1022.66,1023.81,1002.498,1025894.17918
BNBUSDT,1758711000000,2025-09-24 10:50:00,2025-09-24 19:50:00,1023.8,1024.66,1023.24,1023.92,441.76,452291.09999
BNBUSDT,1758711300000,2025-09-24 10:55:00,2025-09-24 19:55:00,1023.93,1024.74,1023.34,1023.37,840.755,860866.07164
BNBUSDT,1758711600000,2025-09-24 11:00:00,2025-09-24 20:00:00,1023.37,1023.5,1021.4,1021.93,1008.692,1031026.61007
BNBUSDT,1758711900000,2025-09-24 11:05:00,2025-09-24 20:05:00,1021.92,1023.23,1021.71,1022.07,1039.65,1063006.24251
BNBUSDT,1758712200000,2025-09-24 11:10:00,2025-09-24 20:10:00,1022.07,1023.49,1021.3,1022.55,1405.807,1437084.33073
BNBUSDT,1758712500000,2025-09-24 11:15:00,2025-09-24 20:15:00,1022.54,1022.96,1018.83,1019.02,2283.766,2331615.86978
BNBUSDT,1758712800000,2025-09-24 11:20:00,2025-09-24 20:20:00,1019.02,1019.86,1017.94,1019,1250.876,1274515.05797
BNBUSDT,1758713100000,2025-09-24 11:25:00,2025-09-24 20:25:00,1019,1019.77,1016.78,1016.88,1469.333,1496134.18165
BNBUSDT,1758713400000,2025-09-24 11:30:00,2025-09-24 20:30:00,1016.87,1017.71,1016,1016.19,1928.028,1960611.49331
BNBUSDT,1758713700000,2025-09-24 11:35:00,2025-09-24 20:35:00,1016.18,1016.88,1012.73,1013.4,5465.966,5545391.84898
BNBUSDT,1758714000000,2025-09-24 11:40:00,2025-09-24 20:40:00,1013.4,1014.71,1012.88,1014.38,2247.661,2278407.33074
BNBUSDT,1758714300000,2025-09-24 11:45:00,2025-09-24 20:45:00,1014.37,1014.61,1012.9,1014.59,1095.717,1110763.82332
BNBUSDT,1758714600000,2025-09-24 11:50:00,2025-09-24 20:50:00,1014.58,1015.2,1012.5,1013.94,2161.284,2191590.7319
BNBUSDT,1758714900000,2025-09-24 11:55:00,2025-09-24 20:55:00,1013.94,1016.01,1013.7,1015.99,1106.03,1122718.66008
BNBUSDT,1758715200000,2025-09-24 12:00:00,2025-09-24 21:00:00,1016,1018.8,1015.94,1017.67,4051.444,4123578.40839
BNBUSDT,1758715500000,2025-09-24 12:05:00,2025-09-24 21:05:00,1017.66,1017.88,1014.49,1015.72,1894.651,1925601.36667
BNBUSDT,1758715800000,2025-09-24 12:10:00,2025-09-24 21:10:00,1015.73,1017.18,1015.39,1015.5,947.449,962770.29528
BNBUSDT,1758716100000,2025-09-24 12:15:00,2025-09-24 21:15:00,1015.52,1016.75,1015,1016.04,830.824,843809.87414
BNBUSDT,1758716400000,2025-09-24 12:20:00,2025-09-24 21:20:00,1016.03,1016.9,1015.67,1016.55,594.571,604233.03973
BNBUSDT,1758716700000,2025-09-24 12:25:00,2025-09-24 21:25:00,1016.54,1017.33,1016.35,1016.91,524.934,533731.29246
BNBUSDT,1758717000000,2025-09-24 12:30:00,2025-09-24 21:30:00,1016.92,1018.71,1016.92,1017.75,653.852,665546.3508
BNBUSDT,1758717300000,2025-09-24 12:35:00,2025-09-24 21:35:00,1017.75,1018.35,1016,1016.02,535.718,544904.47986
BNBUSDT,1758717600000,2025-09-24 12:40:00,2025-09-24 21:40:00,1016.04,1018.48,1016.04,1018.16,580.888,591245.41616
BNBUSDT,1758717900000,2025-09-24 12:45:00,2025-09-24 21:45:00,1018.15,1019,1017.64,1018.23,788.407,802842.14384
BNBUSDT,1758718200000,2025-09-24 12:50:00,2025-09-24 21:50:00,1018.23,1018.36,1015.83,1016.63,477.079,485024.49675
BNBUSDT,1758718500000,2025-09-24 12:55:00,2025-09-24 21:55:00,1016.63,1017.9,1016.63,1017,712.454,724603.18831
BNBUSDT,1758718800000,2025-09-24 13:00:00,2025-09-24 22:00:00,1017.01,1017.66,1016.64,1017.49,557.437,567054.42755
BNBUSDT,1758719100000,2025-09-24 13:05:00,2025-09-24 22:05:00,1017.49,1018.36,1017.49,1018.09,656.088,667959.71093
BNBUSDT,1758719400000,2025-09-24 13:10:00,2025-09-24 22:10:00,1018.1,1018.48,1015.01,1015.49,703.859,715488.09037
BNBUSDT,1758719700000,2025-09-24 13:15:00,2025-09-24 22:15:00,1015.5,1016.21,1015.4,1015.69,447.686,454754.2913
BNBUSDT,1758720000000,2025-09-24 13:20:00,2025-09-24 22:20:00,1015.67,1017.74,1014.46,1017.5,1074.657,1091866.98049
BNBUSDT,1758720300000,2025-09-24 13:25:00,2025-09-24 22:25:00,1017.49,1017.7,1016.23,1016.43,331.014,336656.67087
BNBUSDT,1758720600000,2025-09-24 13:30:00,2025-09-24 22:30:00,1016.42,1017.05,1015.1,1015.78,535.127,543696.79827
BNBUSDT,1758720900000,2025-09-24 13:35:00,2025-09-24 22:35:00,1015.79,1016.37,1013.71,1015.73,1011.784,1026662.337
BNBUSDT,1758721200000,2025-09-24 13:40:00,2025-09-24 22:40:00,1015.73,1018.11,1015.41,1016.43,822.448,836238.18604
BNBUSDT,1758721500000,2025-09-24 13:45:00,2025-09-24 22:45:00,1016.43,1016.78,1011.94,1013.41,3049.922,3090616.8927
BNBUSDT,1758721800000,2025-09-24 13:50:00,2025-09-24 22:50:00,1013.4,1013.7,1011.05,1012.01,3838.603,3885354.06315
BNBUSDT,1758722100000,2025-09-24 13:55:00,2025-09-24 22:55:00,1012.01,1012.34,1003.35,1008.82,9419.333,9501592.78864
BNBUSDT,1758722400000,2025-09-24 14:00:00,2025-09-24 23:00:00,1008.84,1011.16,1008.81,1010.65,1416.651,1430708.12372
BNBUSDT,1758722700000,2025-09-24 14:05:00,2025-09-24 23:05:00,1010.65,1010.84,1009.44,1010.83,948.217,957955.9216
BNBUSDT,1758723000000,2025-09-24 14:10:00,2025-09-24 23:10:00,1010.83,1012.69,1010.83,1012.69,1222.971,1237460.00253
BNBUSDT,1758723300000,2025-09-24 14:15:00,2025-09-24 23:15:00,1012.69,1015.55,1012.68,1013.99,2793.073,2834246.42176
BNBUSDT,1758723600000,2025-09-24 14:20:00,2025-09-24 23:20:00,1014,1014.34,1011.89,1012.15,637.093,645488.47929
BNBUSDT,1758723900000,2025-09-24 14:25:00,2025-09-24 23:25:00,1012.14,1014.28,1012.14,1014.1,943.335,956025.9838
BNBUSDT,1758724200000,2025-09-24 14:30:00,2025-09-24 23:30:00,1014.1,1014.92,1012.89,1013.18,796.725,807722.87428
BNBUSDT,1758724500000,2025-09-24 14:35:00,2025-09-24 23:35:00,1013.19,1016.01,1013.11,1015.96,1328.819,1348399.41352
BNBUSDT,1758724800000,2025-09-24 14:40:00,2025-09-24 23:40:00,1015.98,1016.62,1015,1016.07,1985.807,2016564.8842
BNBUSDT,1758725100000,2025-09-24 14:45:00,2025-09-24 23:45:00,1016.06,1017.68,1015.44,1017.52,1852.976,1883862.17583
BNBUSDT,1758725400000,2025-09-24 14:50:00,2025-09-24 23:50:00,1017.52,1021.17,1017,1020.3,6607.05,6735755.44355
BNBUSDT,1758725700000,2025-09-24 14:55:00,2025-09-24 23:55:00,1020.3,1020.58,1016.99,1017.08,1090.051,1110567.51642
BNBUSDT,1758726000000,2025-09-24 15:00:00,2025-09-25 00:00:00,1017.08,1019.9,1015.4,1015.54,2824.178,2875906.27669
BNBUSDT,1758726300000,2025-09-24 15:05:00,2025-09-25 00:05:00,1015.54,1016.11,1014.02,1015.31,2558.097,2596390.73938
BNBUSDT,1758726600000,2025-09-24 15:10:00,2025-09-25 00:10:00,1015.3,1015.93,1014.07,1014.54,1164.943,1182174.92169
BNBUSDT,1758726900000,2025-09-24 15:15:00,2025-09-25 00:15:00,1014.53,1017,1014.42,1015.75,821.958,834977.36259
BNBUSDT,1758727200000,2025-09-24 15:20:00,2025-09-25 00:20:00,1015.76,1017.53,1015.62,1017,404.44,411038.76586
BNBUSDT,1758727500000,2025-09-24 15:25:00,2025-09-25 00:25:00,1017.01,1017.23,1015.28,1016.2,707.565,719309.12909
BNBUSDT,1758727800000,2025-09-24 15:30:00,2025-09-25 00:30:00,1016.2,1016.22,1014.57,1015,445.59,452555.74057
BNBUSDT,1758728100000,2025-09-24 15:35:00,2025-09-25 00:35:00,1015,1015.87,1013.74,1014.8,536.184,544179.0881
BNBUSDT,1758728400000,2025-09-24 15:40:00,2025-09-25 00:40:00,1014.8,1015.25,1014.16,1014.8,363.735,369144.21929
BNBUSDT,1758728700000,2025-09-24 15:45:00,2025-09-25 00:45:00,1014.81,1014.81,1012.24,1012.25,474.729,481113.32386
BNBUSDT,1758729000000,2025-09-24 15:50:00,2025-09-25 00:50:00,1012.24,1012.42,1009.85,1012.31,961.137,971728.53765
BNBUSDT,1758729300000,2025-09-24 15:55:00,2025-09-25 00:55:00,1012.31,1012.61,1008.89,1009.2,2658.51,2684262.18193
BNBUSDT,1758729600000,2025-09-24 16:00:00,2025-09-25 01:00:00,1009.2,1010.61,1007.93,1010.34,1730.579,1746591.3777
BNBUSDT,1758729900000,2025-09-24 16:05:00,2025-09-25 01:05:00,1010.35,1011.44,1009.79,1010.24,886.885,896252.85191
BNBUSDT,1758730200000,2025-09-24 16:10:00,2025-09-25 01:10:00,1010.25,1011.39,1009.63,1011.13,787.473,795777.48586
BNBUSDT,1758730500000,2025-09-24 16:15:00,2025-09-25 01:15:00,1011.12,1012.78,1010.97,1012.12,879.397,890056.90546
BNBUSDT,1758730800000,2025-09-24 16:20:00,2025-09-25 01:20:00,1012.11,1012.94,1011.95,1012.08,704.628,713377.54314
BNBUSDT,1758731100000,2025-09-24 16:25:00,2025-09-25 01:25:00,1012.08,1013.61,1012.03,1013.18,3457.629,3501196.664
BNBUSDT,1758731400000,2025-09-24 16:30:00,2025-09-25 01:30:00,1013.18,1014,1012.8,1013.85,1365.448,1383652.84531
BNBUSDT,1758731700000,2025-09-24 16:35:00,2025-09-25 01:35:00,1013.86,1015.87,1013.86,1015.51,914.038,927446.4321
BNBUSDT,1758732000000,2025-09-24 16:40:00,2025-09-25 01:40:00,1015.51,1015.81,1013.9,1014.29,748.015,758998.82185
BNBUSDT,1758732300000,2025-09-24 16:45:00,2025-09-25 01:45:00,1014.28,1015.31,1013.28,1013.29,3255.347,3302375.90133
BNBUSDT,1758732600000,2025-09-24 16:50:00,2025-09-25 01:50:00,1013.28,1013.87,1012.71,1013.44,1395.943,1414407.7656
BNBUSDT,1758732900000,2025-09-24 16:55:00,2025-09-25 01:55:00,1013.43,1013.76,1012.32,1013.5,1107.828,1122313.64325
BNBUSDT,1758733200000,2025-09-24 17:00:00,2025-09-25 02:00:00,1013.51,1015.27,1013.05,1015.26,680.461,689722.1708
BNBUSDT,1758733500000,2025-09-24 17:05:00,2025-09-25 02:05:00,1015.26,1016.19,1014.66,1016.19,430.445,437043.2115
BNBUSDT,1758733800000,2025-09-24 17:10:00,2025-09-25 02:10:00,1016.19,1017.63,1016.18,1017.46,706.093,718182.49467
BNBUSDT,1758734100000,2025-09-24 17:15:00,2025-09-25 02:15:00,1017.47,1018.21,1016.64,1017.85,590.604,600802.86716
BNBUSDT,1758734400000,2025-09-24 17:20:00,2025-09-25 02:20:00,1017.84,1018.32,1016.29,1017.8,1489.327,1515420.83833
BNBUSDT,1758734700000,2025-09-24 17:25:00,2025-09-25 02:25:00,1017.81,1018.93,1017.8,1018.6,806.483,821184.95843
BNBUSDT,1758735000000,2025-09-24 17:30:00,2025-09-25 02:30:00,1018.6,1019.59,1017.81,1017.81,710.72,724229.93914
BNBUSDT,1758735300000,2025-09-24 17:35:00,2025-09-25 02:35:00,1017.82,1019.63,1017.81,1019.24,566.246,576930.58109
BNBUSDT,1758735600000,2025-09-24 17:40:00,2025-09-25 02:40:00,1019.24,1019.39,1017,1017.14,770.591,784635.26287
BNBUSDT,1758735900000,2025-09-24 17:45:00,2025-09-25 02:45:00,1017.13,1017.13,1015.63,1016.19,518.976,527443.12
BNBUSDT,1758736200000,2025-09-24 17:50:00,2025-09-25 02:50:00,1016.19,1017.44,1015.91,1017.33,371.986,378123.87197
BNBUSDT,1758736500000,2025-09-24 17:55:00,2025-09-25 02:55:00,1017.33,1017.5,1016.59,1016.68,399.805,406643.86314
BNBUSDT,1758736800000,2025-09-24 18:00:00,2025-09-25 03:00:00,1016.69,1017,1016.43,1016.96,311.23,316440.16601
BNBUSDT,1758737100000,2025-09-24 18:05:00,2025-09-25 03:05:00,1016.95,1017.66,1016.3,1016.62,1072.417,1090449.0845
BNBUSDT,1758737400000,2025-09-24 18:10:00,2025-09-25 03:10:00,1016.62,1016.62,1015.2,1015.72,343.614,349035.50334
BNBUSDT,1758737700000,2025-09-24 18:15:00,2025-09-25 03:15:00,1015.73,1016.14,1014.3,1014.74,325.414,330292.00903
BNBUSDT,1758738000000,2025-09-24 18:20:00,2025-09-25 03:20:00,1014.75,1016.84,1014.27,1016.84,818.82,831557.98706
BNBUSDT,1758738300000,2025-09-24 18:25:00,2025-09-25 03:25:00,1016.84,1017.1,1014.92,1014.99,371.94,377713.71281
BNBUSDT,1758738600000,2025-09-24 18:30:00,2025-09-25 03:30:00,1014.99,1015.25,1013.57,1013.68,294.39,298675.20885
BNBUSDT,1758738900000,2025-09-24 18:35:00,2025-09-25 03:35:00,1013.69,1014.88,1013.68,1014.33,157.53,159798.86077
BNBUSDT,1758739200000,2025-09-24 18:40:00,2025-09-25 03:40:00,1014.33,1015.25,1014.33,1015.25,219.278,222481.58189
BNBUSDT,1758739500000,2025-09-24 18:45:00,2025-09-25 03:45:00,1015.25,1015.37,1014.2,1014.31,632.108,641444.72494
BNBUSDT,1758739800000,2025-09-24 18:50:00,2025-09-25 03:50:00,1014.31,1016,1014.2,1015.97,180.72,183456.0093
BNBUSDT,1758740100000,2025-09-24 18:55:00,2025-09-25 03:55:00,1015.97,1016.15,1015.51,1015.61,199.584,202743.23891
BNBUSDT,1758740400000,2025-09-24 19:00:00,2025-09-25 04:00:00,1015.61,1016.07,1015,1015.74,506.576,514449.58091
BNBUSDT,1758740700000,2025-09-24 19:05:00,2025-09-25 04:05:00,1015.75,1016.44,1015.27,1015.28,287.963,292582.17001
BNBUSDT,1758741000000,2025-09-24 19:10:00,2025-09-25 04:10:00,1015.29,1015.75,1014.62,1014.62,247.404,251177.05598
BNBUSDT,1758741300000,2025-09-24 19:15:00,2025-09-25 04:15:00,1014.62,1014.67,1014.13,1014.66,163.754,166105.6679
BNBUSDT,1758741600000,2025-09-24 19:20:00,2025-09-25 04:20:00,1014.66,1015.44,1014.61,1015.27,196.279,199238.34501
BNBUSDT,1758741900000,2025-09-24 19:25:00,2025-09-25 04:25:00,1015.27,1015.89,1014.93,1015.29,500.262,507992.45774
BNBUSDT,1758742200000,2025-09-24 19:30:00,2025-09-25 04:30:00,1015.29,1015.82,1014.55,1015.82,312.577,317295.53993
BNBUSDT,1758742500000,2025-09-24 19:35:00,2025-09-25 04:35:00,1015.82,1015.82,1014.5,1015.44,264.519,268531.23366
BNBUSDT,1758742800000,2025-09-24 19:40:00,2025-09-25 04:40:00,1015.43,1015.75,1014.5,1014.92,262.458,266454.23586
BNBUSDT,1758743100000,2025-09-24 19:45:00,2025-09-25 04:45:00,1014.92,1016.31,1014.38,1016.31,167.765,170354.5652
BNBUSDT,1758743400000,2025-09-24 19:50:00,2025-09-25 04:50:00,1016.31,1017.89,1016.15,1016.59,638.684,649422.53215
BNBUSDT,1758743700000,2025-09-24 19:55:00,2025-09-25 04:55:00,1016.59,1016.7,1015.63,1015.65,114.068,115924.53051
BNBUSDT,1758744000000,2025-09-24 20:00:00,2025-09-25 05:00:00,1015.64,1016.7,1013.14,1013.14,603.269,612092.95028
BNBUSDT,1758744300000,2025-09-24 20:05:00,2025-09-25 05:05:00,1013.13,1014.61,1012.92,1014.43,322.849,327327.1492
BNBUSDT,1758744600000,2025-09-24 20:10:00,2025-09-25 05:10:00,1014.43,1016.07,1014.43,1016.07,179.855,182589.57648
BNBUSDT,1758744900000,2025-09-24 20:15:00,2025-09-25 05:15:00,1016.06,1017,1015.78,1016.99,400.3,406877.2466
BNBUSDT,1758745200000,2025-09-24 20:20:00,2025-09-25 05:20:00,1016.99,1017.82,1016.98,1017.81,216.816,220611.78057
BNBUSDT,1758745500000,2025-09-24 20:25:00,2025-09-25 05:25:00,1017.81,1018.35,1017.4,1017.6,323.716,329477.08029
BNBUSDT,1758745800000,2025-09-24 20:30:00,2025-09-25 05:30:00,1017.59,1017.6,1015.67,1016.18,373.456,379664.28901
BNBUSDT,1758746100000,2025-09-24 20:35:00,2025-09-25 05:35:00,1016.18,1016.85,1015.65,1016.2,222.286,225901.60324
BNBUSDT,1758746400000,2025-09-24 20:40:00,2025-09-25 05:40:00,1016.2,1017.55,1015.65,1017.54,200.447,203739.11874
BNBUSDT,1758746700000,2025-09-24 20:45:00,2025-09-25 05:45:00,1017.55,1017.55,1016.82,1017.16,152.777,155391.31295
BNBUSDT,1758747000000,2025-09-24 20:50:00,2025-09-25 05:50:00,1017.16,1018.44,1017.01,1018.43,317.144,322787.96908
BNBUSDT,1758747300000,2025-09-24 20:55:00,2025-09-25 05:55:00,1018.43,1018.61,1017.93,1018.03,234.024,238308.76964
BNBUSDT,1758747600000,2025-09-24 21:00:00,2025-09-25 06:00:00,1018.03,1018.11,1017.24,1017.45,215.987,219825.93888
BNBUSDT,1758747900000,2025-09-24 21:05:00,2025-09-25 06:05:00,1017.45,1017.67,1017,1017.47,303.803,309063.2787
BNBUSDT,1758748200000,2025-09-24 21:10:00,2025-09-25 06:10:00,1017.47,1018.95,1017.47,1017.9,380.575,387491.54086
BNBUSDT,1758748500000,2025-09-24 21:15:00,2025-09-25 06:15:00,1017.9,1018.25,1017.36,1018.16,189.06,192411.45681
BNBUSDT,1758748800000,2025-09-24 21:20:00,2025-09-25 06:20:00,1018.17,1018.17,1017.16,1017.61,253.806,258274.70933
BNBUSDT,1758749100000,2025-09-24 21:25:00,2025-09-25 06:25:00,1017.61,1017.8,1016.59,1016.89,215.063,218713.57407
BNBUSDT,1758749400000,2025-09-24 21:30:00,2025-09-25 06:30:00,1016.89,1016.89,1015.7,1015.7,164.497,167166.27645
BNBUSDT,1758749700000,2025-09-24 21:35:00,2025-09-25 06:35:00,1015.71,1015.71,1014.8,1015.27,396.808,402861.00713
BNBUSDT,1758750000000,2025-09-24 21:40:00,2025-09-25 06:40:00,1015.27,1016.04,1015.27,1015.64,459.856,467057.61491
BNBUSDT,1758750300000,2025-09-24 21:45:00,2025-09-25 06:45:00,1015.64,1016.25,1015.14,1015.2,352.366,357897.50481
BNBUSDT,1758750600000,2025-09-24 21:50:00,2025-09-25 06:50:00,1015.2,1016.32,1015.17,1015.2,154.506,156936.81475
BNBUSDT,1758750900000,2025-09-24 21:55:00,2025-09-25 06:55:00,1015.2,1015.21,1012,1012.94,424.68,430458.74257
BNBUSDT,1758751200000,2025-09-24 22:00:00,2025-09-25 07:00:00,1012.95,1016.39,1012.94,1015.76,221.031,224397.8829
BNBUSDT,1758751500000,2025-09-24 22:05:00,2025-09-25 07:05:00,1015.76,1015.91,1013.92,1015.91,307.382,311876.04281
BNBUSDT,1758751800000,2025-09-24 22:10:00,2025-09-25 07:10:00,1015.91,1018.37,1015.9,1017.41,812.868,827078.87738
BNBUSDT,1758752100000,2025-09-24 22:15:00,2025-09-25 07:15:00,1017.41,1017.99,1015.92,1016.12,805.628,819399.74641
BNBUSDT,1758752400000,2025-09-24 22:20:00,2025-09-25 07:20:00,1016.09,1016.7,1015.31,1016.45,395.973,402302.05281
BNBUSDT,1758752700000,2025-09-24 22:25:00,2025-09-25 07:25:00,1016.45,1017.21,1015.93,1017.21,571.725,581164.21456
BNBUSDT,1758753000000,2025-09-24 22:30:00,2025-09-25 07:30:00,1017.21,1017.89,1016.59,1017.53,716.246,728690.75467
BNBUSDT,1758753300000,2025-09-24 22:35:00,2025-09-25 07:35:00,1017.52,1018.67,1016.55,1018.09,498.464,507394.06836
BNBUSDT,1758753600000,2025-09-24 22:40:00,2025-09-25 07:40:00,1018.09,1019.22,1017.83,1018.72,934.658,952144.72948
BNBUSDT,1758753900000,2025-09-24 22:45:00,2025-09-25 07:45:00,1018.71,1019.7,1018.25,1018.25,1116.546,1137833.06017
BNBUSDT,1758754200000,2025-09-24 22:50:00,2025-09-25 07:50:00,1018.26,1018.26,1016.66,1017.28,417.336,424567.21574
BNBUSDT,1758754500000,2025-09-24 22:55:00,2025-09-25 07:55:00,1017.27,1019.33,1017.27,1019.21,1242.05,1265115.79748
BNBUSDT,1758754800000,2025-09-24 23:00:00,2025-09-25 08:00:00,1019.21,1019.85,1017.79,1018.32,817.776,833497.29007
BNBUSDT,1758755100000,2025-09-24 23:05:00,2025-09-25 08:05:00,1018.33,1018.55,1016.22,1016.99,374.655,381076.59959
BNBUSDT,1758755400000,2025-09-24 23:10:00,2025-09-25 08:10:00,1017,1018.55,1017,1018.55,564.208,574260.41211
BNBUSDT,1758755700000,2025-09-24 23:15:00,2025-09-25 08:15:00,1018.54,1018.69,1017.25,1017.3,476.284,484912.8854
BNBUSDT,1758756000000,2025-09-24 23:20:00,2025-09-25 08:20:00,1017.3,1017.32,1016.35,1016.96,341.57,347306.33077
BNBUSDT,1758756300000,2025-09-24 23:25:00,2025-09-25 08:25:00,1016.96,1017.98,1016.5,1017.16,246.77,250970.19885
BNBUSDT,1758756600000,2025-09-24 23:30:00,2025-09-25 08:30:00,1017.15,1017.78,1016.09,1016.4,194.904,198175.52175
BNBUSDT,1758756900000,2025-09-24 23:35:00,2025-09-25 08:35:00,1016.4,1017.6,1016.26,1017.23,226.12,229961.36266
BNBUSDT,1758757200000,2025-09-24 23:40:00,2025-09-25 08:40:00,1017.23,1017.24,1016.5,1016.74,309.216,314402.83554
BNBUSDT,1758757500000,2025-09-24 23:45:00,2025-09-25 08:45:00,1016.75,1017.47,1016.08,1016.49,358.452,364482.55404
BNBUSDT,1758757800000,2025-09-24 23:50:00,2025-09-25 08:50:00,1016.49,1019.01,1015.71,1017.89,3649.614,3714463.60467
BNBUSDT,1758758100000,2025-09-24 23:55:00,2025-09-25 08:55:00,1017.9,1019,1017.87,1018.49,343.458,349868.22916
BNBUSDT,1758758400000,2025-09-25 00:00:00,2025-09-25 09:00:00,1018.49,1018.83,1017.65,1018.5,1349.314,1374028.37675
BNBUSDT,1758758700000,2025-09-25 00:05:00,2025-09-25 09:05:00,1018.5,1019.43,1018.4,1019.42,416.064,423859.44388
BNBUSDT,1758759000000,2025-09-25 00:10:00,2025-09-25 09:10:00,1019.43,1019.9,1018.94,1019.41,386.052,393542.57686
BNBUSDT,1758759300000,2025-09-25 00:15:00,2025-09-25 09:15:00,1019.41,1019.41,1015.57,1015.98,510.63,519368.20957
BNBUSDT,1758759600000,2025-09-25 00:20:00,2025-09-25 09:20:00,1015.98,1018.35,1015.89,1016.2,903.437,918724.66779
BNBUSDT,1758759900000,2025-09-25 00:25:00,2025-09-25 09:25:00,1016.2,1016.43,1015.33,1015.36,406.077,412500.29575
BNBUSDT,1758760200000,2025-09-25 00:30:00,2025-09-25 09:30:00,1015.36,1018.55,1015.33,1018.31,1010.285,1027150.50968
BNBUSDT,1758760500000,2025-09-25 00:35:00,2025-09-25 09:35:00,1018.32,1018.93,1016.13,1018.21,609.572,620298.70046
BNBUSDT,1758760800000,2025-09-25 00:40:00,2025-09-25 09:40:00,1018.2,1019.14,1016.87,1016.87,815.698,830661.77226
BNBUSDT,1758761100000,2025-09-25 00:45:00,2025-09-25 09:45:00,1016.86,1017.88,1015.3,1017.18,1050.754,1067983.28289
BNBUSDT,1758761400000,2025-09-25 00:50:00,2025-09-25 09:50:00,1017.2,1017.75,1016.17,1017.7,768.544,781658.96397
BNBUSDT,1758761700000,2025-09-25 00:55:00,2025-09-25 09:55:00,1017.71,1019.48,1015.97,1016.5,1310.145,1333035.74187
BNBUSDT,1758762000000,2025-09-25 01:00:00,2025-09-25 10:00:00,1016.49,1016.74,1015.1,1015.53,1215.503,1234299.94373
BNBUSDT,1758762300000,2025-09-25 01:05:00,2025-09-25 10:05:00,1015.53,1015.6,1012.67,1013.49,1305.077,1323791.14357
BNBUSDT,1758762600000,2025-09-25 01:10:00,2025-09-25 10:10:00,1013.49,1015.04,1013.13,1013.13,618.734,627615.62298
BNBUSDT,1758762900000,2025-09-25 01:15:00,2025-09-25 10:15:00,1013.12,1013.62,1011.9,1012.36,913.366,924958.90413
BNBUSDT,1758763200000,2025-09-25 01:20:00,2025-09-25 10:20:00,1012.36,1012.77,1009.84,1010.11,2878.366,2908813.71138
BNBUSDT,1758763500000,2025-09-25 01:25:00,2025-09-25 10:25:00,1010.11,1011.34,1009.25,1010.88,895.583,904667.83691
BNBUSDT,1758763800000,2025-09-25 01:30:00,2025-09-25 10:30:00,1010.88,1010.88,1006.7,1006.9,9166.477,9242552.79155
BNBUSDT,1758764100000,2025-09-25 01:35:00,2025-09-25 10:35:00,1006.9,1008.38,1003.91,1004.46,4267.446,4293655.10529
BNBUSDT,1758764400000,2025-09-25 01:40:00,2025-09-25 10:40:00,1004.47,1006.23,1002.48,1006.13,3810.177,3824773.34573
BNBUSDT,1758764700000,2025-09-25 01:45:00,2025-09-25 10:45:00,1006.12,1007.72,1005.19,1006.66,1290.809,1299162.47421
BNBUSDT,1758765000000,2025-09-25 01:50:00,2025-09-25 10:50:00,1006.66,1006.66,1003.21,1004.19,3002.967,3016901.67017
BNBUSDT,1758765300000,2025-09-25 01:55:00,2025-09-25 10:55:00,1004.18,1005.24,1003.27,1004.91,1220.621,1225962.33839
BNBUSDT,1758765600000,2025-09-25 02:00:00,2025-09-25 11:00:00,1004.91,1010.28,1004.55,1009.87,1895.037,1911241.32861
BNBUSDT,1758765900000,2025-09-25 02:05:00,2025-09-25 11:05:00,1009.86,1011.51,1008.28,1009.02,984.956,994686.47024
BNBUSDT,1758766200000,2025-09-25 02:10:00,2025-09-25 11:10:00,1009.01,1010.37,1008.36,1008.69,425.342,429313.89358
BNBUSDT,1758766500000,2025-09-25 02:15:00,2025-09-25 11:15:00,1008.68,1009.33,1003.97,1004.3,2167.436,2180998.60382
BNBUSDT,1758766800000,2025-09-25 02:20:00,2025-09-25 11:20:00,1004.3,1005.59,1002.89,1005.33,2834.165,2845162.60332
BNBUSDT,1758767100000,2025-09-25 02:25:00,2025-09-25 11:25:00,1005.34,1008.2,1005.33,1008,822.779,828860.73311
BNBUSDT,1758767400000,2025-09-25 02:30:00,2025-09-25 11:30:00,1008,1015,1007.99,1012.25,3645.498,3689639.67353
BNBUSDT,1758767700000,2025-09-25 02:35:00,2025-09-25 11:35:00,1012.24,1012.24,1010.54,1010.85,982.866,993787.63114
BNBUSDT,1758768000000,2025-09-25 02:40:00,2025-09-25 11:40:00,1010.84,1011.26,1009.03,1009.69,1169.223,1181143.47469
BNBUSDT,1758768300000,2025-09-25 02:45:00,2025-09-25 11:45:00,1009.69,1012,1009.44,1012,724.247,731674.27888
BNBUSDT,1758768600000,2025-09-25 02:50:00,2025-09-25 11:50:00,1012.01,1012.57,1009.94,1010.06,614.819,621895.72336
BNBUSDT,1758768900000,2025-09-25 02:55:00,2025-09-25 11:55:00,1010.06,1011.16,1009.26,1009.75,482.548,487391.88867
BNBUSDT,1758769200000,2025-09-25 03:00:00,2025-09-25 12:00:00,1009.75,1009.79,1005.33,1005.67,1305.613,1315306.97296
BNBUSDT,1758769500000,2025-09-25 03:05:00,2025-09-25 12:05:00,1005.68,1006.27,1004.55,1005.17,1456.374,1463965.18588
BNBUSDT,1758769800000,2025-09-25 03:10:00,2025-09-25 12:10:00,1005.16,1005.72,1002.86,1004.65,1377.413,1382833.29718
BNBUSDT,1758770100000,2025-09-25 03:15:00,2025-09-25 12:15:00,1004.65,1005.39,1001.75,1002.03,919.423,922500.91645
BNBUSDT,1758770400000,2025-09-25 03:20:00,2025-09-25 12:20:00,1002.03,1003.17,1000,1000.85,3563.704,3567705.09686
BNBUSDT,1758770700000,2025-09-25 03:25:00,2025-09-25 12:25:00,1000.85,1000.85,997.37,998.1,3422.268,3418644.11233
BNBUSDT,1758771000000,2025-09-25 03:30:00,2025-09-25 12:30:00,998.1,999.7,997.16,999.58,1888.624,1886051.41879
BNBUSDT,1758771300000,2025-09-25 03:35:00,2025-09-25 12:35:00,999.58,999.71,998.7,998.96,1544.302,1543013.98462
BNBUSDT,1758771600000,2025-09-25 03:40:00,2025-09-25 12:40:00,998.96,999.15,996.36,996.68,2313.287,2308763.03962
BNBUSDT,1758771900000,2025-09-25 03:45:00,2025-09-25 12:45:00,996.69,999.11,995.14,998.64,2417.7,2410308.69592
BNBUSDT,1758772200000,2025-09-25 03:50:00,2025-09-25 12:50:00,998.65,1000,998.03,999.1,1176.767,1175655.26199
BNBUSDT,1758772500000,2025-09-25 03:55:00,2025-09-25 12:55:00,999.09,999.88,998.4,999.41,1006.878,1006280.4133
BNBUSDT,1758772800000,2025-09-25 04:00:00,2025-09-25 13:00:00,999.41,999.76,997.9,998.28,883.515,882589.27643
BNBUSDT,1758773100000,2025-09-25 04:05:00,2025-09-25 13:05:00,998.27,1000,997.93,999.2,1910.09,1909258.00676
BNBUSDT,1758773400000,2025-09-25 04:10:00,2025-09-25 13:10:00,999.2,999.22,993.42,994.33,2041.384,2032505.77891
BNBUSDT,1758773700000,2025-09-25 04:15:00,2025-09-25 13:15:00,994.33,995.4,993,993,6099.925,6059384.83963
BNBUSDT,1758774000000,2025-09-25 04:20:00,2025-09-25 13:20:00,993,995.9,991.71,995.89,5653.422,5614092.42122
BNBUSDT,1758774300000,2025-09-25 04:25:00,2025-09-25 13:25:00,995.9,995.9,993.82,994.43,1070.104,1064485.80956
BNBUSDT,1758774600000,2025-09-25 04:30:00,2025-09-25 13:30:00,994.43,994.5,987.27,990.23,2973.69,2944409.58833
BNBUSDT,1758774900000,2025-09-25 04:35:00,2025-09-25 13:35:00,990.23,991.6,988.4,988.8,1261.856,1248727.3734
BNBUSDT,1758775200000,2025-09-25 04:40:00,2025-09-25 13:40:00,988.8,991.41,987.4,991.28,2456.352,2429198.56056
BNBUSDT,1758775500000,2025-09-25 04:45:00,2025-09-25 13:45:00,991.28,993.32,989.51,989.52,2613.297,2591843.4946
BNBUSDT,1758775800000,2025-09-25 04:50:00,2025-09-25 13:50:00,989.52,989.96,985.6,988.98,1982.334,1959129.55568
BNBUSDT,1758776100000,2025-09-25 04:55:00,2025-09-25 13:55:00,988.98,990.97,986.48,990.3,1794.638,1773523.34196
BNBUSDT,1758776400000,2025-09-25 05:00:00,2025-09-25 14:00:00,990.3,991.72,987.52,991.35,1802.662,1783259.81392
BNBUSDT,1758776700000,2025-09-25 05:05:00,2025-09-25 14:05:00,991.35,994.04,990.78,993.64,1392.204,1382364.49841
BNBUSDT,1758777000000,2025-09-25 05:10:00,2025-09-25 14:10:00,993.64,995.31,993.5,994.1,1282.953,1275585.35122
BNBUSDT,1758777300000,2025-09-25 05:15:00,2025-09-25 14:15:00,994.09,997.24,993.41,996.09,1303.129,1297373.71116
BNBUSDT,1758777600000,2025-09-25 05:20:00,2025-09-25 14:20:00,996.1,997.99,996.03,997.7,841.911,839284.44146
BNBUSDT,1758777900000,2025-09-25 05:25:00,2025-09-25 14:25:00,997.7,997.9,995.29,995.5,1978.81,1971961.27714
BNBUSDT,1758778200000,2025-09-25 05:30:00,2025-09-25 14:30:00,995.5,995.6,994.22,994.22,1599.869,1591972.82864
BNBUSDT,1758778500000,2025-09-25 05:35:00,2025-09-25 14:35:00,994.21,995.6,992.96,994.99,1654.001,1644247.19855
BNBUSDT,1758778800000,2025-09-25 05:40:00,2025-09-25 14:40:00,994.98,995.6,994.81,995.48,335.698,334077.39843
BNBUSDT,1758779100000,2025-09-25 05:45:00,2025-09-25 14:45:00,995.47,996.2,994.1,996.2,1137.694,1132562.6676
BNBUSDT,1758779400000,2025-09-25 05:50:00,2025-09-25 14:50:00,996.19,997.96,996.06,997.01,659.864,658061.83463
BNBUSDT,1758779700000,2025-09-25 05:55:00,2025-09-25 14:55:00,997.01,997.98,996.77,996.81,424.501,423358.27107
BNBUSDT,1758780000000,2025-09-25 06:00:00,2025-09-25 15:00:00,996.8,996.9,993.9,993.9,887.231,883460.17375
BNBUSDT,1758780300000,2025-09-25 06:05:00,2025-09-25 15:05:00,993.91,994.2,990.91,992.07,1973.443,1958636.33624
BNBUSDT,1758780600000,2025-09-25 06:10:00,2025-09-25 15:10:00,992.07,992.28,990.57,991.01,655.643,650028.04151
BNBUSDT,1758780900000,2025-09-25 06:15:00,2025-09-25 15:15:00,991.02,998.58,990.3,994.27,4740.492,4711399.19495
BNBUSDT,1758781200000,2025-09-25 06:20:00,2025-09-25 15:20:00,994.28,994.53,992.45,993.41,1011.905,1005435.3037
BNBUSDT,1758781500000,2025-09-25 06:25:00,2025-09-25 15:25:00,993.4,993.5,991.79,993,666.603,661539.81635
BNBUSDT,1758781800000,2025-09-25 06:30:00,2025-09-25 15:30:00,993,994.4,993,993.99,474.465,471488.62638
BNBUSDT,1758782100000,2025-09-25 06:35:00,2025-09-25 15:35:00,994,994.83,992.41,994.52,517.535,514281.75844
BNBUSDT,1758782400000,2025-09-25 06:40:00,2025-09-25 15:40:00,994.52,994.68,990.26,990.78,1406.688,1394649.80357
BNBUSDT,1758782700000,2025-09-25 06:45:00,2025-09-25 15:45:00,990.77,991.49,990.6,991.2,1480.028,1466747.0716
BNBUSDT,1758783000000,2025-09-25 06:50:00,2025-09-25 15:50:00,991.21,991.84,989.83,990.04,703.55,697082.75868
BNBUSDT,1758783300000,2025-09-25 06:55:00,2025-09-25 15:55:00,990.05,990.05,988.21,989.05,749.416,741124.10883
BNBUSDT,1758783600000,2025-09-25 07:00:00,2025-09-25 16:00:00,989.06,989.39,986.35,988.39,1898.842,1875557.72023
BNBUSDT,1758783900000,2025-09-25 07:05:00,2025-09-25 16:05:00,988.4,990.55,986.38,989.79,2048.231,2024943.07734
BNBUSDT,1758784200000,2025-09-25 07:10:00,2025-09-25 16:10:00,989.8,990.51,988.68,989.28,1208.787,1195792.61841
BNBUSDT,1758784500000,2025-09-25 07:15:00,2025-09-25 16:15:00,989.27,992.86,989.12,991.68,796.496,789689.0278
BNBUSDT,1758784800000,2025-09-25 07:20:00,2025-09-25 16:20:00,991.68,993.14,990.76,990.78,1008.45,1000410.01321
BNBUSDT,1758785100000,2025-09-25 07:25:00,2025-09-25 16:25:00,990.77,992,990.39,991.71,643.793,638146.11667
BNBUSDT,1758785400000,2025-09-25 07:30:00,2025-09-25 16:30:00,991.71,993.23,991.02,991.02,823.366,816997.96711
BNBUSDT,1758785700000,2025-09-25 07:35:00,2025-09-25 16:35:00,991,993.61,990.89,992.7,621.453,616817.06551
BNBUSDT,1758786000000,2025-09-25 07:40:00,2025-09-25 16:40:00,992.7,993.8,992.36,993.36,1187.291,1179166.38115
BNBUSDT,1758786300000,2025-09-25 07:45:00,2025-09-25 16:45:00,993.37,994.38,992.48,992.9,873.775,868326.42277
BNBUSDT,1758786600000,2025-09-25 07:50:00,2025-09-25 16:50:00,992.89,994.15,992.17,992.72,1546.439,1535941.81224
BNBUSDT,1758786900000,2025-09-25 07:55:00,2025-09-25 16:55:00,992.72,992.92,991.1,992,760.668,754557.34272
BNBUSDT,1758787200000,2025-09-25 08:00:00,2025-09-25 17:00:00,991.99,995.4,991.99,995.18,944.285,938347.16868
BNBUSDT,1758787500000,2025-09-25 08:05:00,2025-09-25 17:05:00,995.18,996,993.46,994.5,764.148,760189.90632
BNBUSDT,1758787800000,2025-09-25 08:10:00,2025-09-25 17:10:00,994.5,995.5,994,994.8,667.16,663733.81149
BNBUSDT,1758788100000,2025-09-25 08:15:00,2025-09-25 17:15:00,994.8,995.44,993.7,993.71,703.344,699592.66215
BNBUSDT,1758788400000,2025-09-25 08:20:00,2025-09-25 17:20:00,993.71,994.4,993.41,994.09,611.125,607452.02537
BNBUSDT,1758788700000,2025-09-25 08:25:00,2025-09-25 17:25:00,994.1,996.34,993.67,996.18,607.145,604177.91948
BNBUSDT,1758789000000,2025-09-25 08:30:00,2025-09-25 17:30:00,996.18,996.19,994.6,995.44,878.672,874790.19264
BNBUSDT,1758789300000,2025-09-25 08:35:00,2025-09-25 17:35:00,995.44,995.44,992.65,993.19,406.692,404160.40542
BNBUSDT,1758789600000,2025-09-25 08:40:00,2025-09-25 17:40:00,993.2,993.4,990.08,990.43,615.356,610288.71158
BNBUSDT,1758789900000,2025-09-25 08:45:00,2025-09-25 17:45:00,990.44,991,988.9,989.62,863.235,854558.6765
BNBUSDT,1758790200000,2025-09-25 08:50:00,2025-09-25 17:50:00,989.62,989.88,988.08,988.5,609.976,603289.43264
BNBUSDT,1758790500000,2025-09-25 08:55:00,2025-09-25 17:55:00,988.51,991.05,988.27,991.05,723.704,716246.04111
BNBUSDT,1758790800000,2025-09-25 09:00:00,2025-09-25 18:00:00,991.05,992.95,990.61,991.43,361.362,358327.32657
BNBUSDT,1758791100000,2025-09-25 09:05:00,2025-09-25 18:05:00,991.42,993.64,990.71,992.85,970.601,963287.30218
BNBUSDT,1758791400000,2025-09-25 09:10:00,2025-09-25 18:10:00,992.85,994.87,992.59,994.86,641.101,637033.53619
BNBUSDT,1758791700000,2025-09-25 09:15:00,2025-09-25 18:15:00,994.87,996.1,993.74,994.67,1347.938,1341574.6892
BNBUSDT,1758792000000,2025-09-25 09:20:00,2025-09-25 18:20:00,994.67,995.35,993.7,994.69,579.252,576106.43623
BNBUSDT,1758792300000,2025-09-25 09:25:00,2025-09-25 18:25:00,994.69,995.52,994.04,994.19,404.593,402535.52543
BNBUSDT,1758792600000,2025-09-25 09:30:00,2025-09-25 18:30:00,994.19,996.1,993.74,995.38,1004.714,1000161.42636
BNBUSDT,1758792900000,2025-09-25 09:35:00,2025-09-25 18:35:00,995.38,995.64,993.71,993.72,768.548,764539.59396
BNBUSDT,1758793200000,2025-09-25 09:40:00,2025-09-25 18:40:00,993.73,994.1,991.33,991.42,775.864,770112.25625
BNBUSDT,1758793500000,2025-09-25 09:45:00,2025-09-25 18:45:00,991.41,992.16,989.9,989.9,1259.094,1247543.24254
BNBUSDT,1758793800000,2025-09-25 09:50:00,2025-09-25 18:50:00,989.91,989.97,988.9,989.96,469.788,464855.02237
BNBUSDT,1758794100000,2025-09-25 09:55:00,2025-09-25 18:55:00,989.95,990.22,989,989.69,817.142,808679.22782
BNBUSDT,1758794400000,2025-09-25 10:00:00,2025-09-25 19:00:00,989.69,990,988.2,988.2,986.748,976438.76316
BNBUSDT,1758794700000,2025-09-25 10:05:00,2025-09-25 19:05:00,988.2,989.69,988.2,989.5,488.717,483352.71761
BNBUSDT,1758795000000,2025-09-25 10:10:00,2025-09-25 19:10:00,989.5,990,988.78,989.41,1103.179,1091809.9586
BNBUSDT,1758795300000,2025-09-25 10:15:00,2025-09-25 19:15:00,989.43,990,988.2,988.72,1027.092,1016202.11192
BNBUSDT,1758795600000,2025-09-25 10:20:00,2025-09-25 19:20:00,988.72,990.42,988.2,990.32,916.686,907028.11336
BNBUSDT,1758795900000,2025-09-25 10:25:00,2025-09-25 19:25:00,990.31,990.32,987.13,987.14,1415.635,1399147.30825
BNBUSDT,1758796200000,2025-09-25 10:30:00,2025-09-25 19:30:00,987.14,987.56,985.11,987.1,1259.566,1242715.11104
BNBUSDT,1758796500000,2025-09-25 10:35:00,2025-09-25 19:35:00,987.1,987.71,985.2,986.11,734.378,724507.32708
BNBUSDT,1758796800000,2025-09-25 10:40:00,2025-09-25 19:40:00,986.11,986.11,983.55,984,1276.124,1256989.99953
BNBUSDT,1758797100000,2025-09-25 10:45:00,2025-09-25 19:45:00,983.99,984.16,981.8,982.79,2534.251,2491930.44309
BNBUSDT,1758797400000,2025-09-25 10:50:00,2025-09-25 19:50:00,982.8,983.95,982.24,983.94,865.935,851150.84203
BNBUSDT,1758797700000,2025-09-25 10:55:00,2025-09-25 19:55:00,983.94,984.1,983,983.41,577.127,567587.63646
BNBUSDT,1758798000000,2025-09-25 11:00:00,2025-09-25 20:00:00,983.41,985.23,983.41,984.79,591.162,581945.33048
BNBUSDT,1758798300000,2025-09-25 11:05:00,2025-09-25 20:05:00,984.78,985.1,982.1,982.42,604.694,594961.5073
BNBUSDT,1758798600000,2025-09-25 11:10:00,2025-09-25 20:10:00,982.44,982.96,981.03,982.08,3000.353,2945832.19827
BNBUSDT,1758798900000,2025-09-25 11:15:00,2025-09-25 20:15:00,982.08,983.11,981.18,981.52,1222.446,1200552.22169
BNBUSDT,1758799200000,2025-09-25 11:20:00,2025-09-25 20:20:00,981.52,983.82,981.51,983.82,996.364,978959.9184
BNBUSDT,1758799500000,2025-09-25 11:25:00,2025-09-25 20:25:00,983.82,986.36,983.43,986.34,2641.963,2603174.11664
BNBUSDT,1758799800000,2025-09-25 11:30:00,2025-09-25 20:30:00,986.35,987.1,985.97,987.04,1521.51,1501063.64762
BNBUSDT,1758800100000,2025-09-25 11:35:00,2025-09-25 20:35:00,987.04,987.56,986.01,986.69,1448.535,1429828.45784
BNBUSDT,1758800400000,2025-09-25 11:40:00,2025-09-25 20:40:00,986.69,987.62,986.3,986.31,707.881,698597.43191
BNBUSDT,1758800700000,2025-09-25 11:45:00,2025-09-25 20:45:00,986.31,987.04,983.42,983.79,1168.059,1150223.41422
BNBUSDT,1758801000000,2025-09-25 11:50:00,2025-09-25 20:50:00,983.79,985.94,983.55,985.87,786.923,774990.67786
BNBUSDT,1758801300000,2025-09-25 11:55:00,2025-09-25 20:55:00,985.88,986.14,985.42,986.09,448.49,442129.36795
BNBUSDT,1758801600000,2025-09-25 12:00:00,2025-09-25 21:00:00,986.09,986.41,985.7,985.93,1045.269,1030714.17934
BNBUSDT,1758801900000,2025-09-25 12:05:00,2025-09-25 21:05:00,985.94,988.4,985.3,988.28,604.666,596478.53634
BNBUSDT,1758802200000,2025-09-25 12:10:00,2025-09-25 21:10:00,988.28,988.41,987,988.41,924.861,913530.05657
BNBUSDT,1758802500000,2025-09-25 12:15:00,2025-09-25 21:15:00,988.4,988.41,986.71,986.71,733.763,724690.76152
BNBUSDT,1758802800000,2025-09-25 12:20:00,2025-09-25 21:20:00,986.72,988.61,986.5,987.47,1692.668,1672143.45925
BNBUSDT,1758803100000,2025-09-25 12:25:00,2025-09-25 21:25:00,987.46,988.1,980.32,981.02,3663.133,3600888.28506
BNBUSDT,1758803400000,2025-09-25 12:30:00,2025-09-25 21:30:00,981.14,990.16,980,988.6,4451.796,4382505.85844
BNBUSDT,1758803700000,2025-09-25 12:35:00,2025-09-25 21:35:00,988.6,990.22,985.95,986.45,1004.641,992799.98923
BNBUSDT,1758804000000,2025-09-25 12:40:00,2025-09-25 21:40:00,986.44,990.2,986.42,989.9,1375.901,1360114.16623
BNBUSDT,1758804300000,2025-09-25 12:45:00,2025-09-25 21:45:00,989.9,993.53,989,993.32,2083.301,2064935.87306
BNBUSDT,1758804600000,2025-09-25 12:50:00,2025-09-25 21:50:00,993.31,995.97,991.19,992.01,5784.482,5745725.09434
BNBUSDT,1758804900000,2025-09-25 12:55:00,2025-09-25 21:55:00,992,992.01,989.1,989.4,1145.654,1134298.89227
BNBUSDT,1758805200000,2025-09-25 13:00:00,2025-09-25 22:00:00,989.4,990.52,986.19,986.61,3423.554,3384154.03678
BNBUSDT,1758805500000,2025-09-25 13:05:00,2025-09-25 22:05:00,986.61,989.2,986.01,986.59,1964.368,1939109.54527
BNBUSDT,1758805800000,2025-09-25 13:10:00,2025-09-25 22:10:00,986.6,990.3,985.85,990.18,1334.133,1318310.43617
BNBUSDT,1758806100000,2025-09-25 13:15:00,2025-09-25 22:15:00,990.17,995.32,989.4,993.33,2564.968,2547608.17943
BNBUSDT,1758806400000,2025-09-25 13:20:00,2025-09-25 22:20:00,993.33,994.31,992.46,993.06,1250.89,1242872.23999
BNBUSDT,1758806700000,2025-09-25 13:25:00,2025-09-25 22:25:00,993.06,994.36,992.24,993.84,1328.625,1319879.9557
BNBUSDT,1758807000000,2025-09-25 13:30:00,2025-09-25 22:30:00,993.84,996,991.38,992.89,2741.898,2725768.582
BNBUSDT,1758807300000,2025-09-25 13:35:00,2025-09-25 22:35:00,992.9,993.24,988.6,988.61,1557.842,1543859.7591
BNBUSDT,1758807600000,2025-09-25 13:40:00,2025-09-25 22:40:00,988.6,989.68,986.51,987.66,3409.218,3370326.83807
BNBUSDT,1758807900000,2025-09-25 13:45:00,2025-09-25 22:45:00,987.64,990.35,987.23,989.86,8433.26,8336488.71595
BNBUSDT,1758808200000,2025-09-25 13:50:00,2025-09-25 22:50:00,989.87,992.41,989.73,990.36,2339.18,2318703.53351
BNBUSDT,1758808500000,2025-09-25 13:55:00,2025-09-25 22:55:00,990.36,990.77,989.03,990,1069.864,1059139.00416
BNBUSDT,1758808800000,2025-09-25 14:00:00,2025-09-25 23:00:00,990,993.92,989.93,993.35,1083.933,1075235.78889
BNBUSDT,1758809100000,2025-09-25 14:05:00,2025-09-25 23:05:00,993.35,995.25,993.35,994.41,1808.909,1798792.09883
BNBUSDT,1758809400000,2025-09-25 14:10:00,2025-09-25 23:10:00,994.4,995.38,992.99,995.2,839.02,834170.56172
BNBUSDT,1758809700000,2025-09-25 14:15:00,2025-09-25 23:15:00,995.19,1000.39,995.19,999.98,4570.699,4562953.34634
BNBUSDT,1758810000000,2025-09-25 14:20:00,2025-09-25 23:20:00,999.99,999.99,997.51,999.09,738.557,737608.61538
BNBUSDT,1758810300000,2025-09-25 14:25:00,2025-09-25 23:25:00,999.09,999.49,996.93,997.41,1703.441,1700290.22783
BNBUSDT,1758810600000,2025-09-25 14:30:00,2025-09-25 23:30:00,997.41,999.46,996.9,999.41,1067.231,1064876.83322
BNBUSDT,1758810900000,2025-09-25 14:35:00,2025-09-25 23:35:00,999.4,999.4,995.76,996.4,1962.068,1956310.50459
BNBUSDT,1758811200000,2025-09-25 14:40:00,2025-09-25 23:40:00,996.39,996.6,995,996.58,704.215,701382.23811
BNBUSDT,1758811500000,2025-09-25 14:45:00,2025-09-25 23:45:00,996.59,997.69,995.66,996.47,604.884,602825.28659
BNBUSDT,1758811800000,2025-09-25 14:50:00,2025-09-25 23:50:00,996.47,996.47,994.54,995.2,1314.8,1308683.45663
BNBUSDT,1758812100000,2025-09-25 14:55:00,2025-09-25 23:55:00,995.21,996.11,995.11,995.9,1944.783,1936245.79282
BNBUSDT,1758812400000,2025-09-25 15:00:00,2025-09-26 00:00:00,995.91,996.86,994.32,995.05,1528.255,1521566.20344
BNBUSDT,1758812700000,2025-09-25 15:05:00,2025-09-26 00:05:00,995.04,995.4,992,992.79,1024.784,1017867.78238
BNBUSDT,1758813000000,2025-09-25 15:10:00,2025-09-26 00:10:00,992.8,994.15,992,992.88,413.647,410678.78038
BNBUSDT,1758813300000,2025-09-25 15:15:00,2025-09-26 00:15:00,992.88,994.55,991.68,992.21,1053.832,1046442.49565
BNBUSDT,1758813600000,2025-09-25 15:20:00,2025-09-26 00:20:00,992.2,992.21,989.24,989.24,1307.34,1294977.25121
BNBUSDT,1758813900000,2025-09-25 15:25:00,2025-09-26 00:25:00,989.23,989.86,988.75,989.61,950.422,940161.35877
BNBUSDT,1758814200000,2025-09-25 15:30:00,2025-09-26 00:30:00,989.61,992.97,989.31,992.54,1173.269,1163405.55225
BNBUSDT,1758814500000,2025-09-25 15:35:00,2025-09-26 00:35:00,992.54,994.8,992.25,993.44,3480.195,3457894.72991
BNBUSDT,1758814800000,2025-09-25 15:40:00,2025-09-26 00:40:00,993.45,994.53,993.31,993.85,1472.062,1463449.46521
BNBUSDT,1758815100000,2025-09-25 15:45:00,2025-09-26 00:45:00,993.85,996,993.11,995.3,1290.827,1284177.85075
BNBUSDT,1758815400000,2025-09-25 15:50:00,2025-09-26 00:50:00,995.29,996.03,992.77,993.19,842.451,837655.83557
BNBUSDT,1758815700000,2025-09-25 15:55:00,2025-09-26 00:55:00,993.19,995.3,991.74,995.3,1857.95,1845713.11234
BNBUSDT,1758816000000,2025-09-25 16:00:00,2025-09-26 01:00:00,995.29,997.26,994.68,995.03,1272.69,1267288.26254
BNBUSDT,1758816300000,2025-09-25 16:05:00,2025-09-26 01:05:00,995.03,996.5,994.5,996.21,825.687,822188.15196
BNBUSDT,1758816600000,2025-09-25 16:10:00,2025-09-26 01:10:00,996.22,996.8,993.96,994.21,1304.256,1298874.76823
BNBUSDT,1758816900000,2025-09-25 16:15:00,2025-09-26 01:15:00,994.2,994.21,990.8,991.65,1123.067,1114333.7627
BNBUSDT,1758817200000,2025-09-25 16:20:00,2025-09-26 01:20:00,991.66,993.77,991.66,993.76,665.031,660364.42492
BNBUSDT,1758817500000,2025-09-25 16:25:00,2025-09-26 01:25:00,993.76,993.82,989.54,990.15,2086.498,2067271.4162
BNBUSDT,1758817800000,2025-09-25 16:30:00,2025-09-26 01:30:00,990.15,992.48,989.89,991.8,1206.229,1195659.5127
BNBUSDT,1758818100000,2025-09-25 16:35:00,2025-09-26 01:35:00,991.8,993.19,991,991.9,5368.201,5326418.06371
BNBUSDT,1758818400000,2025-09-25 16:40:00,2025-09-26 01:40:00,991.89,991.9,988.07,989.64,3586.007,3548518.71011
BNBUSDT,1758818700000,2025-09-25 16:45:00,2025-09-26 01:45:00,989.63,990.45,985.99,986.21,6434.054,6350472.04476
BNBUSDT,1758819000000,2025-09-25 16:50:00,2025-09-26 01:50:00,986.21,987.28,982.84,983.31,4916.702,4846545.40005
BNBUSDT,1758819300000,2025-09-25 16:55:00,2025-09-26 01:55:00,983.31,983.33,977,980.93,14820.024,14522861.65616
BNBUSDT,1758819600000,2025-09-25 17:00:00,2025-09-26 02:00:00,980.92,980.92,975.53,978.48,8306.417,8123143.5641
BNBUSDT,1758819900000,2025-09-25 17:05:00,2025-09-26 02:05:00,978.48,978.68,970.56,972.56,18047.649,17590018.95756
BNBUSDT,1758820200000,2025-09-25 17:10:00,2025-09-26 02:10:00,972.56,973.47,967.68,967.68,12432.496,12063515.8666
BNBUSDT,1758820500000,2025-09-25 17:15:00,2025-09-26 02:15:00,967.69,969.45,959.66,967.07,42576.536,41098371.40312
BNBUSDT,1758820800000,2025-09-25 17:20:00,2025-09-26 02:20:00,967.08,972.35,961.52,969.97,12288.691,11871499.11607
BNBUSDT,1758821100000,2025-09-25 17:25:00,2025-09-26 02:25:00,969.97,974,964.16,966.36,14462.142,14010799.6622
BNBUSDT,1758821400000,2025-09-25 17:30:00,2025-09-26 02:30:00,966.36,968.98,960,963.1,17212.173,16570470.31941
BNBUSDT,1758821700000,2025-09-25 17:35:00,2025-09-26 02:35:00,963.11,964.79,956.63,960.18,14669.209,14088485.1002
BNBUSDT,1758822000000,2025-09-25 17:40:00,2025-09-26 02:40:00,960.18,961.46,958.83,960.29,5188.442,4979859.31613
BNBUSDT,1758822300000,2025-09-25 17:45:00,2025-09-26 02:45:00,960.28,960.28,953.95,955.38,24998.199,23891750.42137
BNBUSDT,1758822600000,2025-09-25 17:50:00,2025-09-26 02:50:00,955.39,958.01,953.96,954.3,2716.464,2596089.46813
BNBUSDT,1758822900000,2025-09-25 17:55:00,2025-09-26 02:55:00,954.31,955.99,949,955.8,18245.154,17364823.52111
BNBUSDT,1758823200000,2025-09-25 18:00:00,2025-09-26 03:00:00,955.8,959.51,955.5,957.61,3259.894,3121060.01272
BNBUSDT,1758823500000,2025-09-25 18:05:00,2025-09-26 03:05:00,957.6,961.34,957.6,958.2,2134.535,2047997.71869
BNBUSDT,1758823800000,2025-09-25 18:10:00,2025-09-26 03:10:00,958.2,963.29,955.88,962.1,2214.279,2123761.55715
BNBUSDT,1758824100000,2025-09-25 18:15:00,2025-09-26 03:15:00,962.1,962.6,959.34,962.32,1519.744,1460175.52973
BNBUSDT,1758824400000,2025-09-25 18:20:00,2025-09-26 03:20:00,962.31,966.16,961.64,965.45,4307.623,4152969.01022
BNBUSDT,1758824700000,2025-09-25 18:25:00,2025-09-26 03:25:00,965.46,965.64,963.6,963.96,1503.1,1450157.57353
BNBUSDT,1758825000000,2025-09-25 18:30:00,2025-09-26 03:30:00,963.97,965.48,961.63,962.07,1557.725,1501050.42941
BNBUSDT,1758825300000,2025-09-25 18:35:00,2025-09-26 03:35:00,962.07,966.25,962.05,964.26,1211.818,1168639.17757
BNBUSDT,1758825600000,2025-09-25 18:40:00,2025-09-26 03:40:00,964.26,967.2,964.1,965.61,1448.943,1400130.1924
BNBUSDT,1758825900000,2025-09-25 18:45:00,2025-09-26 03:45:00,965.62,966.51,963.31,965.97,1029.593,993413.19652
BNBUSDT,1758826200000,2025-09-25 18:50:00,2025-09-26 03:50:00,965.97,968,965.04,966.99,1132.328,1094192.00409
BNBUSDT,1758826500000,2025-09-25 18:55:00,2025-09-26 03:55:00,967,968.76,966.56,968.19,1163.219,1125402.61512
BNBUSDT,1758826800000,2025-09-25 19:00:00,2025-09-26 04:00:00,968.18,969.26,965.74,966.6,1764.243,1707880.48726
BNBUSDT,1758827100000,2025-09-25 19:05:00,2025-09-26 04:05:00,966.6,968.07,965.35,965.96,819.342,791898.98503
BNBUSDT,1758827400000,2025-09-25 19:10:00,2025-09-26 04:10:00,965.96,965.97,964.33,964.5,482.19,465382.19408
BNBUSDT,1758827700000,2025-09-25 19:15:00,2025-09-26 04:15:00,964.5,966.6,964.15,966.41,589.159,568733.00503
BNBUSDT,1758828000000,2025-09-25 19:20:00,2025-09-26 04:20:00,966.41,967.44,965.42,966.32,797.791,771217.52813
BNBUSDT,1758828300000,2025-09-25 19:25:00,2025-09-26 04:25:00,966.31,967.14,965.4,966.08,1444.019,1395429.89122
BNBUSDT,1758828600000,2025-09-25 19:30:00,2025-09-26 04:30:00,966.08,968.01,965.61,966.5,1688.167,1632252.87288
BNBUSDT,1758828900000,2025-09-25 19:35:00,2025-09-26 04:35:00,966.5,966.52,964.61,964.8,742.64,717186.28431
BNBUSDT,1758829200000,2025-09-25 19:40:00,2025-09-26 04:40:00,964.8,964.85,962.7,963.56,554.095,533905.04617
BNBUSDT,1758829500000,2025-09-25 19:45:00,2025-09-26 04:45:00,963.58,963.92,962.4,962.91,575.878,554462.69471
BNBUSDT,1758829800000,2025-09-25 19:50:00,2025-09-26 04:50:00,962.92,963.36,955.53,958.01,3979.663,3813828.86426
BNBUSDT,1758830100000,2025-09-25 19:55:00,2025-09-26 04:55:00,958.01,961.45,957.5,958.65,2246.641,2154079.95065
BNBUSDT,1758830400000,2025-09-25 20:00:00,2025-09-26 05:00:00,958.65,959.19,955.68,957.69,1471.155,1408178.82783
BNBUSDT,1758830700000,2025-09-25 20:05:00,2025-09-26 05:05:00,957.68,958.44,956.26,956.77,774.837,741823.20817
BNBUSDT,1758831000000,2025-09-25 20:10:00,2025-09-26 05:10:00,956.77,956.88,954.95,955.89,1239.002,1184034.98049
BNBUSDT,1758831300000,2025-09-25 20:15:00,2025-09-26 05:15:00,955.89,960.24,955.6,959.97,955.794,915258.42995
BNBUSDT,1758831600000,2025-09-25 20:20:00,2025-09-26 05:20:00,959.96,961.12,959.2,959.21,873.814,839304.0676
BNBUSDT,1758831900000,2025-09-25 20:25:00,2025-09-26 05:25:00,959.22,959.54,958.34,959.27,543.194,520935.70749
BNBUSDT,1758832200000,2025-09-25 20:30:00,2025-09-26 05:30:00,959.27,959.77,955.18,955.91,1075.997,1030035.00198
BNBUSDT,1758832500000,2025-09-25 20:35:00,2025-09-26 05:35:00,955.92,957.01,954.35,955.55,835.055,797819.55205
BNBUSDT,1758832800000,2025-09-25 20:40:00,2025-09-26 05:40:00,955.54,956.81,954.63,956.3,1669.387,1594700.48906
BNBUSDT,1758833100000,2025-09-25 20:45:00,2025-09-26 05:45:00,956.3,958,955.16,955.16,876.146,838215.49528
BNBUSDT,1758833400000,2025-09-25 20:50:00,2025-09-26 05:50:00,955.16,955.35,951.57,954.19,3142.831,2996257.5498
BNBUSDT,1758833700000,2025-09-25 20:55:00,2025-09-26 05:55:00,954.19,954.39,951.59,952.71,1722.59,1640762.01655
BNBUSDT,1758834000000,2025-09-25 21:00:00,2025-09-26 06:00:00,952.71,954.18,951.92,953,1125.65,1072884.75718
BNBUSDT,1758834300000,2025-09-25 21:05:00,2025-09-26 06:05:00,953,958.55,952.73,958.55,991.645,947895.87944
BNBUSDT,1758834600000,2025-09-25 21:10:00,2025-09-26 06:10:00,958.55,960.01,956.81,957.39,987.809,946524.95285
BNBUSDT,1758834900000,2025-09-25 21:15:00,2025-09-26 06:15:00,957.4,958.7,954.93,956.59,721.239,690001.12547
BNBUSDT,1758835200000,2025-09-25 21:20:00,2025-09-26 06:20:00,956.6,958.57,956.6,956.91,455.833,436489.3076
BNBUSDT,1758835500000,2025-09-25 21:25:00,2025-09-26 06:25:00,956.9,957.28,953.65,953.86,1200.579,1146420.42133
BNBUSDT,1758835800000,2025-09-25 21:30:00,2025-09-26 06:30:00,953.87,954.66,950.11,951.5,2897.537,2757113.06645
BNBUSDT,1758836100000,2025-09-25 21:35:00,2025-09-26 06:35:00,951.5,951.5,948.42,949.2,3010.029,2857959.57055
BNBUSDT,1758836400000,2025-09-25 21:40:00,2025-09-26 06:40:00,949.2,950.8,948.23,950.8,892.344,847096.6897
BNBUSDT,1758836700000,2025-09-25 21:45:00,2025-09-26 06:45:00,950.79,951.13,949.09,951.13,1140.602,1083727.50747
BNBUSDT,1758837000000,2025-09-25 21:50:00,2025-09-26 06:50:00,951.12,953.69,951.12,953.69,355.957,339046.25356
BNBUSDT,1758837300000,2025-09-25 21:55:00,2025-09-26 06:55:00,953.69,954.65,952,953.01,599.816,571973.45995
BNBUSDT,1758837600000,2025-09-25 22:00:00,2025-09-26 07:00:00,953.01,954.1,950.8,951.33,798.441,760285.10496
BNBUSDT,1758837900000,2025-09-25 22:05:00,2025-09-26 07:05:00,951.33,953,950.1,952.99,375.659,357239.82222
BNBUSDT,1758838200000,2025-09-25 22:10:00,2025-09-26 07:10:00,953,956.74,952.8,956.69,1911.156,1824826.50998
BNBUSDT,1758838500000,2025-09-25 22:15:00,2025-09-26 07:15:00,956.68,957.98,955.3,955.31,827.509,791816.00526
BNBUSDT,1758838800000,2025-09-25 22:20:00,2025-09-26 07:20:00,955.31,956.2,954.47,955.15,637.827,609339.94278
BNBUSDT,1758839100000,2025-09-25 22:25:00,2025-09-26 07:25:00,955.14,955.63,952.7,953.21,641.625,612110.74926
BNBUSDT,1758839400000,2025-09-25 22:30:00,2025-09-26 07:30:00,953.2,956.32,953.12,954.67,1469.399,1403059.90611
BNBUSDT,1758839700000,2025-09-25 22:35:00,2025-09-26 07:35:00,954.67,954.85,952.19,952.55,514.221,490182.43918
BNBUSDT,1758840000000,2025-09-25 22:40:00,2025-09-26 07:40:00,952.54,953.3,952.23,952.41,528.885,503884.17979
BNBUSDT,1758840300000,2025-09-25 22:45:00,2025-09-26 07:45:00,952.41,952.41,947.67,948.56,2628.169,2494561.84603
BNBUSDT,1758840600000,2025-09-25 22:50:00,2025-09-26 07:50:00,948.57,949.25,946.65,947.27,3934.436,3729684.40588
BNBUSDT,1758840900000,2025-09-25 22:55:00,2025-09-26 07:55:00,947.25,947.5,945.16,945.52,2988.17,2827832.75161
BNBUSDT,1758841200000,2025-09-25 23:00:00,2025-09-26 08:00:00,945.52,949.2,944.19,949.09,2445.751,2313586.7477
BNBUSDT,1758841500000,2025-09-25 23:05:00,2025-09-26 08:05:00,949.11,951.47,948.89,951.37,1588.198,1508548.89531
BNBUSDT,1758841800000,2025-09-25 23:10:00,2025-09-26 08:10:00,951.36,951.36,947.25,947.37,1175.803,1115676.45188
BNBUSDT,1758842100000,2025-09-25 23:15:00,2025-09-26 08:15:00,947.38,948.3,944.12,944.98,1992.665,1885562.44519
BNBUSDT,1758842400000,2025-09-25 23:20:00,2025-09-26 08:20:00,944.98,946.4,944,946.4,1072.809,1013620.80964
BNBUSDT,1758842700000,2025-09-25 23:25:00,2025-09-26 08:25:00,946.39,946.65,943.47,946.59,2722.413,2571199.57711
BNBUSDT,1758843000000,2025-09-25 23:30:00,2025-09-26 08:30:00,946.6,946.6,942.67,942.74,1121.746,1059464.83154
BNBUSDT,1758843300000,2025-09-25 23:35:00,2025-09-26 08:35:00,942.74,944.97,939.55,943.57,4374.386,4119860.13732
BNBUSDT,1758843600000,2025-09-25 23:40:00,2025-09-26 08:40:00,943.57,944.95,942,944.57,1156.779,1091537.587
BNBUSDT,1758843900000,2025-09-25 23:45:00,2025-09-26 08:45:00,944.57,946.76,943.21,945.79,6029.176,5698422.94841
BNBUSDT,1758844200000,2025-09-25 23:50:00,2025-09-26 08:50:00,945.79,946.12,944.07,944.3,1244.845,1176997.23609
BNBUSDT,1758844500000,2025-09-25 23:55:00,2025-09-26 08:55:00,944.3,945.9,943.1,945.9,578.071,546198.28073
BNBUSDT,1758844800000,2025-09-26 00:00:00,2025-09-26 09:00:00,945.9,950.01,944.48,949.37,2351.646,2228988.02734
BNBUSDT,1758845100000,2025-09-26 00:05:00,2025-09-26 09:05:00,949.37,952.02,949.25,950.5,2451.167,2330352.93183
BNBUSDT,1758845400000,2025-09-26 00:10:00,2025-09-26 09:10:00,950.49,951.94,950.02,950.03,2086.08,1983961.99521
BNBUSDT,1758845700000,2025-09-26 00:15:00,2025-09-26 09:15:00,950.04,951.19,948.75,950.66,3370.516,3200710.02361
BNBUSDT,1758846000000,2025-09-26 00:20:00,2025-09-26 09:20:00,950.67,952.51,949.67,951.68,885.9,842461.00256
BNBUSDT,1758846300000,2025-09-26 00:25:00,2025-09-26 09:25:00,951.68,953.73,951.5,952.71,915.847,872419.08373
BNBUSDT,1758846600000,2025-09-26 00:30:00,2025-09-26 09:30:00,952.7,952.7,948.74,948.81,912.823,867759.02558
BNBUSDT,1758846900000,2025-09-26 00:35:00,2025-09-26 09:35:00,948.81,949.1,947.64,948.2,623.08,590883.94748
BNBUSDT,1758847200000,2025-09-26 00:40:00,2025-09-26 09:40:00,948.2,948.75,944.77,944.82,1220.404,1156285.5322
BNBUSDT,1758847500000,2025-09-26 00:45:00,2025-09-26 09:45:00,944.82,947.4,944.79,946.49,1706.923,1614118.18916
BNBUSDT,1758847800000,2025-09-26 00:50:00,2025-09-26 09:50:00,946.49,953.7,946.44,953.67,1571.499,1494588.97794
BNBUSDT,1758848100000,2025-09-26 00:55:00,2025-09-26 09:55:00,953.68,956.25,953.2,955.07,1398.1,1334831.5607
BNBUSDT,1758848400000,2025-09-26 01:00:00,2025-09-26 10:00:00,955.06,956.39,953.83,954.95,1522.447,1453790.98423
BNBUSDT,1758848700000,2025-09-26 01:05:00,2025-09-26 10:05:00,954.95,956.43,953.7,954.22,854.929,816543.39657
BNBUSDT,1758849000000,2025-09-26 01:10:00,2025-09-26 10:10:00,954.22,957.59,953.4,956.61,1057.641,1010489.51231
BNBUSDT,1758849300000,2025-09-26 01:15:00,2025-09-26 10:15:00,956.6,959,956.3,958.39,2803.804,2685582.68808
BNBUSDT,1758849600000,2025-09-26 01:20:00,2025-09-26 10:20:00,958.4,958.4,956.82,957.68,629.48,602856.1812
BNBUSDT,1758849900000,2025-09-26 01:25:00,2025-09-26 10:25:00,957.67,957.68,955.18,955.19,734.756,702559.90308
BNBUSDT,1758850200000,2025-09-26 01:30:00,2025-09-26 10:30:00,955.19,957.36,954.7,955.5,782.316,747779.01277
BNBUSDT,1758850500000,2025-09-26 01:35:00,2025-09-26 10:35:00,955.51,956.95,953.67,954.3,815.562,779093.03591
BNBUSDT,1758850800000,2025-09-26 01:40:00,2025-09-26 10:40:00,954.29,954.6,952.84,953.69,706.852,673987.90171
BNBUSDT,1758851100000,2025-09-26 01:45:00,2025-09-26 10:45:00,953.7,955.85,952.19,952.77,1251.818,1194895.60834
BNBUSDT,1758851400000,2025-09-26 01:50:00,2025-09-26 10:50:00,952.77,953.85,951.85,953.2,808.364,770160.14356
BNBUSDT,1758851700000,2025-09-26 01:55:00,2025-09-26 10:55:00,953.2,953.46,951.46,952.69,906.766,863502.88296
BNBUSDT,1758852000000,2025-09-26 02:00:00,2025-09-26 11:00:00,952.7,956,951.95,955.96,566.713,540494.20519
BNBUSDT,1758852300000,2025-09-26 02:05:00,2025-09-26 11:05:00,955.96,956.6,953.1,953.14,1060.066,1012287.04304
BNBUSDT,1758852600000,2025-09-26 02:10:00,2025-09-26 11:10:00,953.13,953.35,949.83,950.27,1791.966,1703593.27198
BNBUSDT,1758852900000,2025-09-26 02:15:00,2025-09-26 11:15:00,950.27,952.16,949.91,950.9,1293.491,1229784.72686
BNBUSDT,1758853200000,2025-09-26 02:20:00,2025-09-26 11:20:00,950.9,953.3,950.29,950.39,833.59,793321.31051
BNBUSDT,1758853500000,2025-09-26 02:25:00,2025-09-26 11:25:00,950.38,950.38,948.5,948.57,683.774,648956.93695
BNBUSDT,1758853800000,2025-09-26 02:30:00,2025-09-26 11:30:00,948.57,950.21,946.68,950.02,2363.374,2240603.17711
BNBUSDT,1758854100000,2025-09-26 02:35:00,2025-09-26 11:35:00,950.02,950.8,949.3,949.99,474.873,451132.37163
BNBUSDT,1758854400000,2025-09-26 02:40:00,2025-09-26 11:40:00,950,950.18,948.36,950.18,1519.026,1441657.9572
BNBUSDT,1758854700000,2025-09-26 02:45:00,2025-09-26 11:45:00,950.17,952.97,950.17,952.06,691.26,657793.98842
BNBUSDT,1758855000000,2025-09-26 02:50:00,2025-09-26 11:50:00,952.07,952.87,944.3,947,15156.927,14357439.44209
BNBUSDT,1758855300000,2025-09-26 02:55:00,2025-09-26 11:55:00,947,947.03,945.28,945.33,2513.287,2377237.07539
BNBUSDT,1758855600000,2025-09-26 03:00:00,2025-09-26 12:00:00,945.33,945.34,941.21,942.64,3691.326,3479229.56888
BNBUSDT,1758855900000,2025-09-26 03:05:00,2025-09-26 12:05:00,942.63,942.68,941.03,941.85,2272.768,2140623.82356
BNBUSDT,1758856200000,2025-09-26 03:10:00,2025-09-26 12:10:00,941.85,944.98,941.82,944.89,1044.688,985304.88169
BNBUSDT,1758856500000,2025-09-26 03:15:00,2025-09-26 12:15:00,944.89,947.51,944.44,945.1,1064.952,1007379.40301
BNBUSDT,1758856800000,2025-09-26 03:20:00,2025-09-26 12:20:00,945.1,947.47,944.69,945.05,1164.559,1102037.41698
BNBUSDT,1758857100000,2025-09-26 03:25:00,2025-09-26 12:25:00,945.05,945.27,943.42,943.65,426.935,403215.68597
BNBUSDT,1758857400000,2025-09-26 03:30:00,2025-09-26 12:30:00,943.65,944.36,943,944.07,416.796,393334.28283
BNBUSDT,1758857700000,2025-09-26 03:35:00,2025-09-26 12:35:00,944.07,944.48,942.45,943.87,701.055,661233.27666
BNBUSDT,1758858000000,2025-09-26 03:40:00,2025-09-26 12:40:00,943.87,945.5,943.66,944.82,766.914,724250.98923
BNBUSDT,1758858300000,2025-09-26 03:45:00,2025-09-26 12:45:00,944.82,944.9,942.07,943.04,1609.527,1519048.85356
BNBUSDT,1758858600000,2025-09-26 03:50:00,2025-09-26 12:50:00,943.03,945.82,943.03,945.49,936,884333.30437
BNBUSDT,1758858900000,2025-09-26 03:55:00,2025-09-26 12:55:00,945.49,946.3,944.88,945.61,777.348,735072.95327
BNBUSDT,1758859200000,2025-09-26 04:00:00,2025-09-26 13:00:00,945.6,946.7,944.4,945.01,624.071,590144.02525
BNBUSDT,1758859500000,2025-09-26 04:05:00,2025-09-26 13:05:00,945.01,945.57,942.6,944.81,682.133,643627.67286
BNBUSDT,1758859800000,2025-09-26 04:10:00,2025-09-26 13:10:00,944.83,945.85,944,944.13,422.038,398770.9453
BNBUSDT,1758860100000,2025-09-26 04:15:00,2025-09-26 13:15:00,944.16,945.27,943.32,945.25,673.595,635924.94142
BNBUSDT,1758860400000,2025-09-26 04:20:00,2025-09-26 13:20:00,945.25,947.47,945,945.52,1215.941,1150563.48575
BNBUSDT,1758860700000,2025-09-26 04:25:00,2025-09-26 13:25:00,945.52,945.52,942.98,943.57,767.528,724740.71342
BNBUSDT,1758861000000,2025-09-26 04:30:00,2025-09-26 13:30:00,943.57,943.57,940.4,940.49,2726.14,2566219.31873
BNBUSDT,1758861300000,2025-09-26 04:35:00,2025-09-26 13:35:00,940.49,940.67,936.4,937.82,3481.254,3267879.38696
BNBUSDT,1758861600000,2025-09-26 04:40:00,2025-09-26 13:40:00,937.82,938.42,936.77,938.2,1258.987,1180493.78193
BNBUSDT,1758861900000,2025-09-26 04:45:00,2025-09-26 13:45:00,938.2,938.7,937.2,938,1017.954,954703.10001
BNBUSDT,1758862200000,2025-09-26 04:50:00,2025-09-26 13:50:00,938,939.31,938,938.39,757.377,710875.99839
BNBUSDT,1758862500000,2025-09-26 04:55:00,2025-09-26 13:55:00,938.4,938.8,937.47,938.4,1288.062,1208279.60815
BNBUSDT,1758862800000,2025-09-26 05:00:00,2025-09-26 14:00:00,938.4,940.07,936,939.9,1636.725,1534421.75493
BNBUSDT,1758863100000,2025-09-26 05:05:00,2025-09-26 14:05:00,939.9,941.25,938.88,941.25,1909.545,1795535.91486
BNBUSDT,1758863400000,2025-09-26 05:10:00,2025-09-26 14:10:00,941.25,941.31,939.85,940.5,1089.522,1024919.27242
BNBUSDT,1758863700000,2025-09-26 05:15:00,2025-09-26 14:15:00,940.51,943.34,940.51,942.92,1296.323,1221267.70653
BNBUSDT,1758864000000,2025-09-26 05:20:00,2025-09-26 14:20:00,942.92,943.59,942.5,943.36,407.887,384635.64284
BNBUSDT,1758864300000,2025-09-26 05:25:00,2025-09-26 14:25:00,943.37,943.58,941.26,942.47,1732.344,1632762.98308
BNBUSDT,1758864600000,2025-09-26 05:30:00,2025-09-26 14:30:00,942.48,942.67,941.6,941.7,690.537,650593.98748
BNBUSDT,1758864900000,2025-09-26 05:35:00,2025-09-26 14:35:00,941.69,941.69,939.23,939.74,821.131,772215.00159
BNBUSDT,1758865200000,2025-09-26 05:40:00,2025-09-26 14:40:00,939.74,940.4,939,940.3,471.93,443483.18771
BNBUSDT,1758865500000,2025-09-26 05:45:00,2025-09-26 14:45:00,940.3,941.17,938.06,938.09,1353.759,1272251.25174
BNBUSDT,1758865800000,2025-09-26 05:50:00,2025-09-26 14:50:00,938.1,938.64,937.48,938.64,1260.231,1181932.95746
BNBUSDT,1758866100000,2025-09-26 05:55:00,2025-09-26 14:55:00,938.65,940.17,938.65,939.58,1202.172,1129474.45
BNBUSDT,1758866400000,2025-09-26 06:00:00,2025-09-26 15:00:00,939.58,940.29,938,938.21,3087.539,2899260.04743
BNBUSDT,1758866700000,2025-09-26 06:05:00,2025-09-26 15:05:00,938.21,940.54,937.53,937.54,1799.016,1688770.95116
BNBUSDT,1758867000000,2025-09-26 06:10:00,2025-09-26 15:10:00,937.53,940.08,936.11,939.65,1240.164,1162231.28829
BNBUSDT,1758867300000,2025-09-26 06:15:00,2025-09-26 15:15:00,939.65,943.85,939.4,943.18,1207.515,1137587.45406
BNBUSDT,1758867600000,2025-09-26 06:20:00,2025-09-26 15:20:00,943.16,944.74,943.15,943.91,930.427,878036.95813
BNBUSDT,1758867900000,2025-09-26 06:25:00,2025-09-26 15:25:00,943.91,945.24,943.25,943.6,1360.588,1284782.89775
BNBUSDT,1758868200000,2025-09-26 06:30:00,2025-09-26 15:30:00,943.59,944.16,942.79,943.44,642.9,606609.80825
BNBUSDT,1758868500000,2025-09-26 06:35:00,2025-09-26 15:35:00,943.46,945.54,943.23,945.36,870.118,822151.09675
BNBUSDT,1758868800000,2025-09-26 06:40:00,2025-09-26 15:40:00,945.37,947.83,944.66,946.86,807.702,764416.11915
BNBUSDT,1758869100000,2025-09-26 06:45:00,2025-09-26 15:45:00,946.85,946.85,943.49,944.35,1489.506,1407320.93614
BNBUSDT,1758869400000,2025-09-26 06:50:00,2025-09-26 15:50:00,944.36,945.77,943.21,944.29,731.175,690608.85256
BNBUSDT,1758869700000,2025-09-26 06:55:00,2025-09-26 15:55:00,944.29,944.95,943,943.6,545.493,514792.85845
BNBUSDT,1758870000000,2025-09-26 07:00:00,2025-09-26 16:00:00,943.6,944.51,943.29,944.51,695.236,656154.50544
BNBUSDT,1758870300000,2025-09-26 07:05:00,2025-09-26 16:05:00,944.52,947.02,944.4,946.11,1130.66,1069705.75855
BNBUSDT,1758870600000,2025-09-26 07:10:00,2025-09-26 16:10:00,946.11,948.64,945.8,948.59,1612.036,1527370.90928
BNBUSDT,1758870900000,2025-09-26 07:15:00,2025-09-26 16:15:00,948.59,949.06,947.95,948.89,753.837,715076.68634
BNBUSDT,1758871200000,2025-09-26 07:20:00,2025-09-26 16:20:00,948.89,949.8,948.25,949.6,995.74,944850.10664
BNBUSDT,1758871500000,2025-09-26 07:25:00,2025-09-26 16:25:00,949.6,949.75,946.4,946.4,993.427,941751.252
BNBUSDT,1758871800000,2025-09-26 07:30:00,2025-09-26 16:30:00,946.4,946.41,943.46,944.64,1221.384,1153632.64455
BNBUSDT,1758872100000,2025-09-26 07:35:00,2025-09-26 16:35:00,944.64,946.44,944.28,946.38,993.982,939908.12979
BNBUSDT,1758872400000,2025-09-26 07:40:00,2025-09-26 16:40:00,946.38,946.68,945.54,945.8,895.298,847050.85839
BNBUSDT,1758872700000,2025-09-26 07:45:00,2025-09-26 16:45:00,945.79,949.98,945.03,948.89,3498.133,3317653.86476
BNBUSDT,1758873000000,2025-09-26 07:50:00,2025-09-26 16:50:00,948.9,949.41,947.56,948.46,1494.574,1417747.47197
BNBUSDT,1758873300000,2025-09-26 07:55:00,2025-09-26 16:55:00,948.46,949.8,947.23,949.46,1248.656,1184872.5505
BNBUSDT,1758873600000,2025-09-26 08:00:00,2025-09-26 17:00:00,949.46,949.73,948.43,949.37,756.491,718134.12684
BNBUSDT,1758873900000,2025-09-26 08:05:00,2025-09-26 17:05:00,949.37,951.12,949.36,949.71,1369.553,1301414.31039
BNBUSDT,1758874200000,2025-09-26 08:10:00,2025-09-26 17:10:00,949.71,950.36,948.66,949.46,690.085,655192.59281
BNBUSDT,1758874500000,2025-09-26 08:15:00,2025-09-26 17:15:00,949.45,950.28,949,949.73,1096.334,1041425.43242
BNBUSDT,1758874800000,2025-09-26 08:20:00,2025-09-26 17:20:00,949.73,950.16,948.25,948.26,581.384,551951.48934
BNBUSDT,1758875100000,2025-09-26 08:25:00,2025-09-26 17:25:00,948.26,949.84,947.69,949.42,827.407,785029.45474
BNBUSDT,1758875400000,2025-09-26 08:30:00,2025-09-26 17:30:00,949.41,950.44,949.22,949.34,848.566,806064.14248
BNBUSDT,1758875700000,2025-09-26 08:35:00,2025-09-26 17:35:00,949.34,949.54,948,948,652.882,619508.97091
BNBUSDT,1758876000000,2025-09-26 08:40:00,2025-09-26 17:40:00,948.01,948.5,947.07,948.18,739.275,700605.54221
BNBUSDT,1758876300000,2025-09-26 08:45:00,2025-09-26 17:45:00,948.17,948.59,946.98,947.51,663.658,629082.31945
BNBUSDT,1758876600000,2025-09-26 08:50:00,2025-09-26 17:50:00,947.5,948.39,947.11,947.51,761.115,721385.46632
BNBUSDT,1758876900000,2025-09-26 08:55:00,2025-09-26 17:55:00,947.51,948.29,946.82,947.51,1867.652,1769943.70681
BNBUSDT,1758877200000,2025-09-26 09:00:00,2025-09-26 18:00:00,947.51,947.7,946.2,946.59,1352.654,1280665.43856
BNBUSDT,1758877500000,2025-09-26 09:05:00,2025-09-26 18:05:00,946.59,948.43,946.48,947.45,1371.784,1299773.04472
BNBUSDT,1758877800000,2025-09-26 09:10:00,2025-09-26 18:10:00,947.44,949.37,946.4,949.37,961.711,911367.84759
BNBUSDT,1758878100000,2025-09-26 09:15:00,2025-09-26 18:15:00,949.37,949.62,946.6,946.99,1338.711,1269886.21334
BNBUSDT,1758878400000,2025-09-26 09:20:00,2025-09-26 18:20:00,946.98,947.33,944.55,944.81,1419.537,1342514.04054
BNBUSDT,1758878700000,2025-09-26 09:25:00,2025-09-26 18:25:00,944.81,945.04,943.77,944.7,765.208,722669.24776
BNBUSDT,1758879000000,2025-09-26 09:30:00,2025-09-26 18:30:00,944.7,944.7,941.15,941.77,1297.03,1222555.78968
BNBUSDT,1758879300000,2025-09-26 09:35:00,2025-09-26 18:35:00,941.76,942.06,936,940.76,7352.272,6905362.87732
BNBUSDT,1758879600000,2025-09-26 09:40:00,2025-09-26 18:40:00,940.75,940.86,939,940.38,2503.29,2352136.18168
BNBUSDT,1758879900000,2025-09-26 09:45:00,2025-09-26 18:45:00,940.37,942.12,940.19,942.11,2445.129,2301329.4935
BNBUSDT,1758880200000,2025-09-26 09:50:00,2025-09-26 18:50:00,942.12,944.2,942.12,943.11,2644.18,2494407.80405
BNBUSDT,1758880500000,2025-09-26 09:55:00,2025-09-26 18:55:00,943.11,944.9,943.1,944.82,3607.351,3404808.15701
BNBUSDT,1758880800000,2025-09-26 10:00:00,2025-09-26 19:00:00,944.81,945.17,941.6,941.93,2483.143,2342603.05495
BNBUSDT,1758881100000,2025-09-26 10:05:00,2025-09-26 19:05:00,941.93,942.5,939.87,940.38,1784.542,1679047.74632
BNBUSDT,1758881400000,2025-09-26 10:10:00,2025-09-26 19:10:00,940.37,941.36,939,939.64,1955.906,1839131.15137
BNBUSDT,1758881700000,2025-09-26 10:15:00,2025-09-26 19:15:00,939.64,939.92,937.42,938.8,2494.59,2341591.08956
BNBUSDT,1758882000000,2025-09-26 10:20:00,2025-09-26 19:20:00,938.8,939.51,938,938.01,1237.918,1162208.97984
BNBUSDT,1758882300000,2025-09-26 10:25:00,2025-09-26 19:25:00,938.01,939.17,937.77,937.78,1508.007,1415163.53591
BNBUSDT,1758882600000,2025-09-26 10:30:00,2025-09-26 19:30:00,937.78,938.38,936.16,938.38,1479.52,1386363.29992
BNBUSDT,1758882900000,2025-09-26 10:35:00,2025-09-26 19:35:00,938.37,938.95,937.4,938.87,1486.635,1394610.96991
BNBUSDT,1758883200000,2025-09-26 10:40:00,2025-09-26 19:40:00,938.87,939.38,937.48,937.59,787.933,739581.80902
BNBUSDT,1758883500000,2025-09-26 10:45:00,2025-09-26 19:45:00,937.59,937.69,935.01,936.59,2479.689,2321098.78071
BNBUSDT,1758883800000,2025-09-26 10:50:00,2025-09-26 19:50:00,936.58,938.35,936.16,937.56,1248.163,1169851.81786
BNBUSDT,1758884100000,2025-09-26 10:55:00,2025-09-26 19:55:00,937.55,938.35,937.45,937.46,535.217,502013.99478
BNBUSDT,1758884400000,2025-09-26 11:00:00,2025-09-26 20:00:00,937.46,938.1,935.86,936.15,1975.331,1851229.37176
BNBUSDT,1758884700000,2025-09-26 11:05:00,2025-09-26 20:05:00,936.15,936.65,932.8,933.17,3594.038,3357378.32043
BNBUSDT,1758885000000,2025-09-26 11:10:00,2025-09-26 20:10:00,933.16,933.67,932.04,932.96,2393.602,2233238.77257
BNBUSDT,1758885300000,2025-09-26 11:15:00,2025-09-26 20:15:00,932.96,935.35,932.67,935.34,1919.294,1792251.99143
BNBUSDT,1758885600000,2025-09-26 11:20:00,2025-09-26 20:20:00,935.35,936.4,933.46,933.7,1080.765,1010226.30432
BNBUSDT,1758885900000,2025-09-26 11:25:00,2025-09-26 20:25:00,933.7,936.19,933.7,935.78,1045.607,977862.52535
BNBUSDT,1758886200000,2025-09-26 11:30:00,2025-09-26 20:30:00,935.78,938.44,935.78,938.2,2331.963,2185394.18508
BNBUSDT,1758886500000,2025-09-26 11:35:00,2025-09-26 20:35:00,938.2,938.77,937,938.42,1223.683,1147719.22451
BNBUSDT,1758886800000,2025-09-26 11:40:00,2025-09-26 20:40:00,938.42,940.59,938.41,939,771.237,724748.64007
BNBUSDT,1758887100000,2025-09-26 11:45:00,2025-09-26 20:45:00,939.01,940.73,938.1,939.71,893.742,839642.13942
BNBUSDT,1758887400000,2025-09-26 11:50:00,2025-09-26 20:50:00,939.71,940.68,938.18,939.44,821.793,771883.54735
BNBUSDT,1758887700000,2025-09-26 11:55:00,2025-09-26 20:55:00,939.45,939.7,937.1,937.29,931.685,874291.743
BNBUSDT,1758888000000,2025-09-26 12:00:00,2025-09-26 21:00:00,937.3,938.4,936.65,937.1,1857.231,1740903.74193
BNBUSDT,1758888300000,2025-09-26 12:05:00,2025-09-26 21:05:00,937.1,938.4,936.6,936.64,910.402,853638.20134
BNBUSDT,1758888600000,2025-09-26 12:10:00,2025-09-26 21:10:00,936.64,936.65,932.01,932.42,2062.282,1925176.30402
BNBUSDT,1758888900000,2025-09-26 12:15:00,2025-09-26 21:15:00,932.42,935.82,932.42,934.39,959.982,897169.97355
BNBUSDT,1758889200000,2025-09-26 12:20:00,2025-09-26 21:20:00,934.4,935.24,932.67,935.06,1276.565,1191785.26602
BNBUSDT,1758889500000,2025-09-26 12:25:00,2025-09-26 21:25:00,935.05,939.39,935,938.94,1246.476,1167749.72341
BNBUSDT,1758889800000,2025-09-26 12:30:00,2025-09-26 21:30:00,938.92,945,935.2,942.2,5034.858,4734379.16234
BNBUSDT,1758890100000,2025-09-26 12:35:00,2025-09-26 21:35:00,942.21,948.85,941.8,945.76,4927.737,4663377.36468
BNBUSDT,1758890400000,2025-09-26 12:40:00,2025-09-26 21:40:00,945.76,947.89,944.91,947.14,1547.98,1464914.18196
BNBUSDT,1758890700000,2025-09-26 12:45:00,2025-09-26 21:45:00,947.13,948.29,944.91,948.01,4331.929,4102127.35322
BNBUSDT,1758891000000,2025-09-26 12:50:00,2025-09-26 21:50:00,948.02,949.29,944.23,945.69,3326.099,3152355.96274
BNBUSDT,1758891300000,2025-09-26 12:55:00,2025-09-26 21:55:00,945.69,948.4,945.55,947.15,953.968,903734.80548
BNBUSDT,1758891600000,2025-09-26 13:00:00,2025-09-26 22:00:00,947.16,948,945.8,946.48,1273.664,1206214.09038
BNBUSDT,1758891900000,2025-09-26 13:05:00,2025-09-26 22:05:00,946.49,947.4,944.4,946.85,1260.725,1192585.22789
BNBUSDT,1758892200000,2025-09-26 13:10:00,2025-09-26 22:10:00,946.85,946.89,944.26,945.49,1752.528,1656619.09496
BNBUSDT,1758892500000,2025-09-26 13:15:00,2025-09-26 22:15:00,945.49,945.74,943,945.72,1366.788,1290748.46165
BNBUSDT,1758892800000,2025-09-26 13:20:00,2025-09-26 22:20:00,945.73,946.9,944.43,944.64,970.556,918119.41246
BNBUSDT,1758893100000,2025-09-26 13:25:00,2025-09-26 22:25:00,944.64,945.28,942.43,943.56,1372.218,1295152.2224
BNBUSDT,1758893400000,2025-09-26 13:30:00,2025-09-26 22:30:00,943.56,946.96,941.8,945.08,3034.943,2866715.46721
BNBUSDT,1758893700000,2025-09-26 13:35:00,2025-09-26 22:35:00,945.08,948.86,944.83,948.01,1558.36,1475378.81992
BNBUSDT,1758894000000,2025-09-26 13:40:00,2025-09-26 22:40:00,948.01,948.78,946.23,946.91,1867.968,1769596.92727
BNBUSDT,1758894300000,2025-09-26 13:45:00,2025-09-26 22:45:00,946.91,949,945.47,948.58,2153.716,2041336.51006
BNBUSDT,1758894600000,2025-09-26 13:50:00,2025-09-26 22:50:00,948.58,950.16,945.71,948.75,6608.042,6266159.42113
BNBUSDT,1758894900000,2025-09-26 13:55:00,2025-09-26 22:55:00,948.75,951.87,948.32,949.35,2182.673,2073484.68574
BNBUSDT,1758895200000,2025-09-26 14:00:00,2025-09-26 23:00:00,949.34,950.04,945.39,945.6,1816.828,1722717.47401
BNBUSDT,1758895500000,2025-09-26 14:05:00,2025-09-26 23:05:00,945.59,946.76,944.62,946.49,1353.185,1279724.18176
BNBUSDT,1758895800000,2025-09-26 14:10:00,2025-09-26 23:10:00,946.5,946.93,942.85,943.01,1462.272,1380797.00363
BNBUSDT,1758896100000,2025-09-26 14:15:00,2025-09-26 23:15:00,943,944.68,940.79,944.55,1507.75,1421631.56031
BNBUSDT,1758896400000,2025-09-26 14:20:00,2025-09-26 23:20:00,944.49,944.59,940.25,940.71,1193.874,1124817.61528
BNBUSDT,1758896700000,2025-09-26 14:25:00,2025-09-26 23:25:00,940.72,941.05,937.89,938.91,2479.88,2328250.60516
BNBUSDT,1758897000000,2025-09-26 14:30:00,2025-09-26 23:30:00,938.9,938.9,935.89,936.31,1732.644,1623483.89397
BNBUSDT,1758897300000,2025-09-26 14:35:00,2025-09-26 23:35:00,936.31,939.25,935.51,938.81,1471.71,1379458.35184
BNBUSDT,1758897600000,2025-09-26 14:40:00,2025-09-26 23:40:00,938.81,939.57,937.66,938.18,856.85,804467.48824
BNBUSDT,1758897900000,2025-09-26 14:45:00,2025-09-26 23:45:00,938.17,939.95,937.79,938.71,1052.073,987706.04644
BNBUSDT,1758898200000,2025-09-26 14:50:00,2025-09-26 23:50:00,938.71,940.7,938.02,939.31,856.481,804657.79612
BNBUSDT,1758898500000,2025-09-26 14:55:00,2025-09-26 23:55:00,939.31,940.7,937.56,937.84,762.181,715639.0572
BNBUSDT,1758898800000,2025-09-26 15:00:00,2025-09-27 00:00:00,937.84,943.17,937.45,941.94,888.615,835492.80044
BNBUSDT,1758899100000,2025-09-26 15:05:00,2025-09-27 00:05:00,941.93,942.66,940.49,940.89,875.138,824247.1795
BNBUSDT,1758899400000,2025-09-26 15:10:00,2025-09-27 00:10:00,940.9,941.38,939.2,940.19,927.597,871774.40463
BNBUSDT,1758899700000,2025-09-26 15:15:00,2025-09-27 00:15:00,940.19,944.76,939.65,944.61,1658.694,1564005.70609
BNBUSDT,1758900000000,2025-09-26 15:20:00,2025-09-27 00:20:00,944.6,944.61,938.55,939.09,2406.267,2263902.61939
BNBUSDT,1758900300000,2025-09-26 15:25:00,2025-09-27 00:25:00,939.1,942.39,939.09,942.34,636.946,599592.92942
BNBUSDT,1758900600000,2025-09-26 15:30:00,2025-09-27 00:30:00,942.34,942.78,940.9,942.37,753.839,710112.43563
BNBUSDT,1758900900000,2025-09-26 15:35:00,2025-09-27 00:35:00,942.37,943.3,940.6,941.9,760.381,716085.13786
BNBUSDT,1758901200000,2025-09-26 15:40:00,2025-09-27 00:40:00,941.89,944.55,941.89,943.33,898.38,847361.03061
BNBUSDT,1758901500000,2025-09-26 15:45:00,2025-09-27 00:45:00,943.32,944.01,942.94,943.33,703.799,663997.54505
BNBUSDT,1758901800000,2025-09-26 15:50:00,2025-09-27 00:50:00,943.32,943.46,941.2,942.03,562.188,529598.31686
BNBUSDT,1758902100000,2025-09-26 15:55:00,2025-09-27 00:55:00,942.03,943,941.73,942.42,556.59,524449.73281
BNBUSDT,1758902400000,2025-09-26 16:00:00,2025-09-27 01:00:00,942.42,945.4,941.41,945.4,1048.943,990195.37518
BNBUSDT,1758902700000,2025-09-26 16:05:00,2025-09-27 01:05:00,945.4,946.22,944.7,945.9,767.315,725472.3101
BNBUSDT,1758903000000,2025-09-26 16:10:00,2025-09-27 01:10:00,945.91,947.4,945.3,945.84,826.039,781782.42979
BNBUSDT,1758903300000,2025-09-26 16:15:00,2025-09-27 01:15:00,945.84,949.37,945.6,949.3,815.613,773246.0066
BNBUSDT,1758903600000,2025-09-26 16:20:00,2025-09-27 01:20:00,949.31,952.2,949.25,950.6,3715.741,3534421.05012
BNBUSDT,1758903900000,2025-09-26 16:25:00,2025-09-27 01:25:00,950.6,951.95,948.45,949.11,1159.48,1101812.57242
BNBUSDT,1758904200000,2025-09-26 16:30:00,2025-09-27 01:30:00,949.11,950.2,947.55,948,808.769,767347.18076
BNBUSDT,1758904500000,2025-09-26 16:35:00,2025-09-27 01:35:00,947.99,949.9,947.71,949.23,565.261,536557.15346
BNBUSDT,1758904800000,2025-09-26 16:40:00,2025-09-27 01:40:00,949.24,950.83,948.5,950.57,672.802,638708.61058
BNBUSDT,1758905100000,2025-09-26 16:45:00,2025-09-27 01:45:00,950.57,953.35,950.4,952.44,2543.63,2422623.86763
BNBUSDT,1758905400000,2025-09-26 16:50:00,2025-09-27 01:50:00,952.43,953.38,951.3,952.76,1145.443,1090872.9583
BNBUSDT,1758905700000,2025-09-26 16:55:00,2025-09-27 01:55:00,952.76,955.51,952.3,954.65,1539.324,1468086.25956
BNBUSDT,1758906000000,2025-09-26 17:00:00,2025-09-27 02:00:00,954.65,956.71,954.4,955.54,1253.227,1197736.7957
BNBUSDT,1758906300000,2025-09-26 17:05:00,2025-09-27 02:05:00,955.53,956,953.85,954.9,1716.174,1638563.60379
BNBUSDT,1758906600000,2025-09-26 17:10:00,2025-09-27 02:10:00,954.9,956.5,954.27,956.27,666.617,636988.18028
BNBUSDT,1758906900000,2025-09-26 17:15:00,2025-09-27 02:15:00,956.27,957.09,955.74,956.81,2125.897,2033657.13773
BNBUSDT,1758907200000,2025-09-26 17:20:00,2025-09-27 02:20:00,956.81,959.93,955.1,959.1,2855.459,2736050.36873
BNBUSDT,1758907500000,2025-09-26 17:25:00,2025-09-27 02:25:00,959.1,961.6,958.9,960.6,2793.673,2683227.386
BNBUSDT,1758907800000,2025-09-26 17:30:00,2025-09-27 02:30:00,960.6,960.74,957.39,958.71,1740.099,1668130.80508
BNBUSDT,1758908100000,2025-09-26 17:35:00,2025-09-27 02:35:00,958.71,960.12,958.68,959.77,1264.964,1213755.68028
BNBUSDT,1758908400000,2025-09-26 17:40:00,2025-09-27 02:40:00,959.77,960,958.71,959.31,3512.863,3370177.96961
BNBUSDT,1758908700000,2025-09-26 17:45:00,2025-09-27 02:45:00,959.3,963.5,959.3,963.42,2687.46,2584038.4263
BNBUSDT,1758909000000,2025-09-26 17:50:00,2025-09-27 02:50:00,963.43,963.9,962.58,963.08,1728.197,1664698.86369
BNBUSDT,1758909300000,2025-09-26 17:55:00,2025-09-27 02:55:00,963.09,964.01,962.16,964.01,1039.881,1001588.36829
BNBUSDT,1758909600000,2025-09-26 18:00:00,2025-09-27 03:00:00,964,966.23,963.19,963.98,1995.044,1925249.24391
BNBUSDT,1758909900000,2025-09-26 18:05:00,2025-09-27 03:05:00,963.97,964.79,961.76,961.93,2052.178,1976781.5173
BNBUSDT,1758910200000,2025-09-26 18:10:00,2025-09-27 03:10:00,961.92,963.85,961.71,963.74,692.822,667056.9897
BNBUSDT,1758910500000,2025-09-26 18:15:00,2025-09-27 03:15:00,963.74,964.84,962.8,964.14,1585.148,1527828.3514
BNBUSDT,1758910800000,2025-09-26 18:20:00,2025-09-27 03:20:00,964.13,964.55,961.2,961.2,1413.325,1361215.07969
BNBUSDT,1758911100000,2025-09-26 18:25:00,2025-09-27 03:25:00,961.2,964.01,961.06,962.71,3552.076,3420758.85066
BNBUSDT,1758911400000,2025-09-26 18:30:00,2025-09-27 03:30:00,962.71,963.05,958.5,960.74,2340.61,2247065.40277
BNBUSDT,1758911700000,2025-09-26 18:35:00,2025-09-27 03:35:00,960.74,961.39,959.1,959.29,1254.734,1204683.68734
BNBUSDT,1758912000000,2025-09-26 18:40:00,2025-09-27 03:40:00,959.28,959.33,956.89,958.5,1851.21,1774246.53772
BNBUSDT,1758912300000,2025-09-26 18:45:00,2025-09-27 03:45:00,958.49,961.01,957.6,960.59,764.105,733422.7855
BNBUSDT,1758912600000,2025-09-26 18:50:00,2025-09-27 03:50:00,960.6,960.83,958.55,960.39,1187.453,1139192.44119
BNBUSDT,1758912900000,2025-09-26 18:55:00,2025-09-27 03:55:00,960.4,960.6,959.79,959.99,338.151,324678.45076
BNBUSDT,1758913200000,2025-09-26 19:00:00,2025-09-27 04:00:00,959.99,960.1,955.97,956.31,1112.237,1064966.91875
BNBUSDT,1758913500000,2025-09-26 19:05:00,2025-09-27 04:05:00,956.3,957.08,955.29,955.45,838.292,801540.30651
BNBUSDT,1758913800000,2025-09-26 19:10:00,2025-09-27 04:10:00,955.44,955.95,954.6,955.46,645.439,616589.45224
BNBUSDT,1758914100000,2025-09-26 19:15:00,2025-09-27 04:15:00,955.46,957.81,954.83,957.1,926.355,886270.66112
BNBUSDT,1758914400000,2025-09-26 19:20:00,2025-09-27 04:20:00,957.09,957.8,955.9,956.66,643.255,615463.14777
BNBUSDT,1758914700000,2025-09-26 19:25:00,2025-09-27 04:25:00,956.65,956.67,953.57,953.66,655.161,625741.72577
BNBUSDT,1758915000000,2025-09-26 19:30:00,2025-09-27 04:30:00,953.67,955.23,951.57,952.09,1210.717,1154059.77647
BNBUSDT,1758915300000,2025-09-26 19:35:00,2025-09-27 04:35:00,952.08,953.63,951.57,952.49,997.866,950380.82244
BNBUSDT,1758915600000,2025-09-26 19:40:00,2025-09-27 04:40:00,952.49,952.87,951.34,951.99,1304.251,1241450.36151
BNBUSDT,1758915900000,2025-09-26 19:45:00,2025-09-27 04:45:00,952,953.6,951.7,953.59,289.792,276022.05449
BNBUSDT,1758916200000,2025-09-26 19:50:00,2025-09-27 04:50:00,953.59,955.3,952.8,955.26,529.898,505520.46728
BNBUSDT,1758916500000,2025-09-26 19:55:00,2025-09-27 04:55:00,955.23,955.4,953.86,954.81,216.851,207029.82701
BNBUSDT,1758916800000,2025-09-26 20:00:00,2025-09-27 05:00:00,954.81,954.84,952.92,953.64,263.485,251270.51625
BNBUSDT,1758917100000,2025-09-26 20:05:00,2025-09-27 05:05:00,953.61,955.94,952.9,955.02,461.956,440907.7356
BNBUSDT,1758917400000,2025-09-26 20:10:00,2025-09-27 05:10:00,955.01,957.3,954.81,957.3,532.994,509387.59814
BNBUSDT,1758917700000,2025-09-26 20:15:00,2025-09-27 05:15:00,957.29,957.49,955,955.16,420.176,401734.50382
BNBUSDT,1758918000000,2025-09-26 20:20:00,2025-09-27 05:20:00,955.16,955.17,953.79,954.2,420.628,401398.65444
BNBUSDT,1758918300000,2025-09-26 20:25:00,2025-09-27 05:25:00,954.19,955.28,953.71,954.51,711.222,678947.43803
BNBUSDT,1758918600000,2025-09-26 20:30:00,2025-09-27 05:30:00,954.5,955.14,954,954.69,284.733,271812.05107
BNBUSDT,1758918900000,2025-09-26 20:35:00,2025-09-27 05:35:00,954.69,955.14,953.6,953.65,217.165,207245.7405
BNBUSDT,1758919200000,2025-09-26 20:40:00,2025-09-27 05:40:00,953.65,954.2,951.65,952.42,2826.291,2691502.87538
BNBUSDT,1758919500000,2025-09-26 20:45:00,2025-09-27 05:45:00,952.43,953.57,952.3,953.56,425.049,405052.49986
BNBUSDT,1758919800000,2025-09-26 20:50:00,2025-09-27 05:50:00,953.57,954.6,953.56,953.94,232.612,221962.67272
BNBUSDT,1758920100000,2025-09-26 20:55:00,2025-09-27 05:55:00,953.95,954.3,953.24,953.8,255.859,244052.64646
BNBUSDT,1758920400000,2025-09-26 21:00:00,2025-09-27 06:00:00,953.79,954.1,952.7,952.86,332.831,317252.37544
BNBUSDT,1758920700000,2025-09-26 21:05:00,2025-09-27 06:05:00,952.87,953.11,952,952,267.29,254591.72128
BNBUSDT,1758921000000,2025-09-26 21:10:00,2025-09-27 06:10:00,952.01,955.36,951.52,955.36,505.353,481530.62049
BNBUSDT,1758921300000,2025-09-26 21:15:00,2025-09-27 06:15:00,955.37,955.5,952.64,953,340.604,324898.76574
BNBUSDT,1758921600000,2025-09-26 21:20:00,2025-09-27 06:20:00,953,954.2,952.65,954.2,305.692,291430.81254
BNBUSDT,1758921900000,2025-09-26 21:25:00,2025-09-27 06:25:00,954.2,954.89,953.84,954.58,399.19,380916.50123
BNBUSDT,1758922200000,2025-09-26 21:30:00,2025-09-27 06:30:00,954.57,954.58,953,954.03,338.989,323361.73845
BNBUSDT,1758922500000,2025-09-26 21:35:00,2025-09-27 06:35:00,954.04,956.25,954,955.4,634.013,605438.64743
BNBUSDT,1758922800000,2025-09-26 21:40:00,2025-09-27 06:40:00,955.4,955.4,953.83,953.84,374.478,357430.83452
BNBUSDT,1758923100000,2025-09-26 21:45:00,2025-09-27 06:45:00,953.85,955.47,953.59,955.46,278.011,265371.15354
BNBUSDT,1758923400000,2025-09-26 21:50:00,2025-09-27 06:50:00,955.46,956.15,954.9,955.19,258.43,246956.39306
BNBUSDT,1758923700000,2025-09-26 21:55:00,2025-09-27 06:55:00,955.19,956.5,955.18,956.4,334.98,320236.60729
BNBUSDT,1758924000000,2025-09-26 22:00:00,2025-09-27 07:00:00,956.4,956.4,955.2,955.38,443.968,424300.16918
BNBUSDT,1758924300000,2025-09-26 22:05:00,2025-09-27 07:05:00,955.39,956.6,954.24,956.59,371.602,354916.88826
BNBUSDT,1758924600000,2025-09-26 22:10:00,2025-09-27 07:10:00,956.6,958,956.01,956.73,1336.416,1278986.43076
BNBUSDT,1758924900000,2025-09-26 22:15:00,2025-09-27 07:15:00,956.74,958.02,956.43,958.01,438.659,419925.9582
BNBUSDT,1758925200000,2025-09-26 22:20:00,2025-09-27 07:20:00,958.01,958.15,957.05,957.8,585.68,560907.74469
BNBUSDT,1758925500000,2025-09-26 22:25:00,2025-09-27 07:25:00,957.81,957.81,956.69,956.73,303.212,290222.24661
BNBUSDT,1758925800000,2025-09-26 22:30:00,2025-09-27 07:30:00,956.74,957.62,956.5,957.62,385.562,369002.77808
BNBUSDT,1758926100000,2025-09-26 22:35:00,2025-09-27 07:35:00,957.62,958.56,957.61,958.55,192.984,184899.63657
BNBUSDT,1758926400000,2025-09-26 22:40:00,2025-09-27 07:40:00,958.55,958.82,958.34,958.6,384.775,368839.57784
BNBUSDT,1758926700000,2025-09-26 22:45:00,2025-09-27 07:45:00,958.6,959.83,958.15,959.83,1472.048,1411601.51171
BNBUSDT,1758927000000,2025-09-26 22:50:00,2025-09-27 07:50:00,959.83,960,958.3,958.39,810.88,777700.93184
BNBUSDT,1758927300000,2025-09-26 22:55:00,2025-09-27 07:55:00,958.39,958.43,956.49,956.66,665.42,637056.92597
BNBUSDT,1758927600000,2025-09-26 23:00:00,2025-09-27 08:00:00,956.66,956.67,954.41,954.63,588.184,561853.48308
BNBUSDT,1758927900000,2025-09-26 23:05:00,2025-09-27 08:05:00,954.63,955.2,953.88,955.2,751.972,717512.51803
BNBUSDT,1758928200000,2025-09-26 23:10:00,2025-09-27 08:10:00,955.2,955.87,954.73,955.1,229.686,219408.33499
BNBUSDT,1758928500000,2025-09-26 23:15:00,2025-09-27 08:15:00,955.1,956.5,954.7,956.5,349.212,333598.76732
BNBUSDT,1758928800000,2025-09-26 23:20:00,2025-09-27 08:20:00,956.5,957.79,956.26,957.4,309.542,296304.36881
BNBUSDT,1758929100000,2025-09-26 23:25:00,2025-09-27 08:25:00,957.4,958,957.4,958,291.307,278967.90649
BNBUSDT,1758929400000,2025-09-26 23:30:00,2025-09-27 08:30:00,957.99,959.74,957.9,959.23,474.852,455363.09562
BNBUSDT,1758929700000,2025-09-26 23:35:00,2025-09-27 08:35:00,959.23,959.44,958.96,959.44,293.3,281329.37018
BNBUSDT,1758930000000,2025-09-26 23:40:00,2025-09-27 08:40:00,959.44,959.9,958.91,959.33,330.389,317009.00267
BNBUSDT,1758930300000,2025-09-26 23:45:00,2025-09-27 08:45:00,959.34,959.6,958.9,959.44,415.662,398691.90947
BNBUSDT,1758930600000,2025-09-26 23:50:00,2025-09-27 08:50:00,959.46,960.39,959.31,960.34,542.508,520729.15187
BNBUSDT,1758930900000,2025-09-26 23:55:00,2025-09-27 08:55:00,960.34,960.85,960.34,960.8,366.481,352068.51604
BNBUSDT,1758931200000,2025-09-27 00:00:00,2025-09-27 09:00:00,960.81,960.9,959.61,960.7,804.89,772716.25516
BNBUSDT,1758931500000,2025-09-27 00:05:00,2025-09-27 09:05:00,960.69,960.69,959.45,960.03,463.935,445316.03069
BNBUSDT,1758931800000,2025-09-27 00:10:00,2025-09-27 09:10:00,960.03,960.44,959.2,959.51,320.585,307721.14592
BNBUSDT,1758932100000,2025-09-27 00:15:00,2025-09-27 09:15:00,959.51,960.69,958.81,960.6,594.071,569945.9793
BNBUSDT,1758932400000,2025-09-27 00:20:00,2025-09-27 09:20:00,960.6,960.86,958,958.3,442.772,424720.70083
BNBUSDT,1758932700000,2025-09-27 00:25:00,2025-09-27 09:25:00,958.3,959.64,958.2,959.25,240.333,230483.61895
BNBUSDT,1758933000000,2025-09-27 00:30:00,2025-09-27 09:30:00,959.26,960.32,959,959.13,740.96,711138.97059
BNBUSDT,1758933300000,2025-09-27 00:35:00,2025-09-27 09:35:00,959.12,960.64,958.98,960.63,492.486,472609.57718
BNBUSDT,1758933600000,2025-09-27 00:40:00,2025-09-27 09:40:00,960.63,960.9,959.56,960.1,595.495,571816.94867
BNBUSDT,1758933900000,2025-09-27 00:45:00,2025-09-27 09:45:00,960.1,960.1,958.6,959.4,270.235,259294.57502
BNBUSDT,1758934200000,2025-09-27 00:50:00,2025-09-27 09:50:00,959.39,961.38,959.15,961.38,1196.911,1149556.0651
BNBUSDT,1758934500000,2025-09-27 00:55:00,2025-09-27 09:55:00,961.38,962.92,961.32,962.84,1498.229,1441254.05033
BNBUSDT,1758934800000,2025-09-27 01:00:00,2025-09-27 10:00:00,962.83,963.4,961.8,962.23,1456.271,1401882.56402
BNBUSDT,1758935100000,2025-09-27 01:05:00,2025-09-27 10:05:00,962.23,962.8,960.21,960.77,919.461,884027.84318
BNBUSDT,1758935400000,2025-09-27 01:10:00,2025-09-27 10:10:00,960.77,960.8,959.41,959.9,491.443,471777.61102
BNBUSDT,1758935700000,2025-09-27 01:15:00,2025-09-27 10:15:00,959.91,960.12,958.19,958.47,455.403,436802.85316
BNBUSDT,1758936000000,2025-09-27 01:20:00,2025-09-27 10:20:00,958.47,958.47,957.56,957.56,610.614,584970.9423
BNBUSDT,1758936300000,2025-09-27 01:25:00,2025-09-27 10:25:00,957.56,957.73,956,957.45,467.385,447205.42713
BNBUSDT,1758936600000,2025-09-27 01:30:00,2025-09-27 10:30:00,957.45,957.96,956.88,957.69,301.066,288226.10046
BNBUSDT,1758936900000,2025-09-27 01:35:00,2025-09-27 10:35:00,957.7,958,956.97,957,296.093,283490.79679
BNBUSDT,1758937200000,2025-09-27 01:40:00,2025-09-27 10:40:00,956.99,957.3,955.56,957.08,1086.826,1039749.73387
BNBUSDT,1758937500000,2025-09-27 01:45:00,2025-09-27 10:45:00,957.08,957.6,957,957.56,762.448,729865.60037
BNBUSDT,1758937800000,2025-09-27 01:50:00,2025-09-27 10:50:00,957.56,959.03,957.51,959.02,260.996,250113.84214
BNBUSDT,1758938100000,2025-09-27 01:55:00,2025-09-27 10:55:00,959.03,959.23,958.4,959.14,641.998,615602.65356
BNBUSDT,1758938400000,2025-09-27 02:00:00,2025-09-27 11:00:00,959.14,960.01,958.75,958.92,722.67,693444.94905
BNBUSDT,1758938700000,2025-09-27 02:05:00,2025-09-27 11:05:00,958.91,959.96,958.83,959.2,315.791,302978.42811
BNBUSDT,1758939000000,2025-09-27 02:10:00,2025-09-27 11:10:00,959.2,961.32,958.51,961.32,926.153,888854.48155
BNBUSDT,1758939300000,2025-09-27 02:15:00,2025-09-27 11:15:00,961.31,961.69,959.82,959.82,971.776,933943.44445
BNBUSDT,1758939600000,2025-09-27 02:20:00,2025-09-27 11:20:00,959.82,960.55,957.54,960.55,3101.518,2974754.96724
BNBUSDT,1758939900000,2025-09-27 02:25:00,2025-09-27 11:25:00,960.54,961.16,960.2,961.15,269.061,258434.09578
BNBUSDT,1758940200000,2025-09-27 02:30:00,2025-09-27 11:30:00,961.16,961.18,960.15,960.7,912.104,876260.3609
BNBUSDT,1758940500000,2025-09-27 02:35:00,2025-09-27 11:35:00,960.7,962.71,960.7,962.57,653.199,628273.53356
BNBUSDT,1758940800000,2025-09-27 02:40:00,2025-09-27 11:40:00,962.58,963.31,961.18,963.09,1233.123,1186719.9394
BNBUSDT,1758941100000,2025-09-27 02:45:00,2025-09-27 11:45:00,963.1,963.31,961.2,961.48,341.815,328951.14362
BNBUSDT,1758941400000,2025-09-27 02:50:00,2025-09-27 11:50:00,961.49,962.8,961.49,962.58,476.538,458634.93766
BNBUSDT,1758941700000,2025-09-27 02:55:00,2025-09-27 11:55:00,962.59,963.09,961.77,962.19,770.163,741175.13492
BNBUSDT,1758942000000,2025-09-27 03:00:00,2025-09-27 12:00:00,962.19,964.56,962.01,962.54,1125.699,1084395.72487
BNBUSDT,1758942300000,2025-09-27 03:05:00,2025-09-27 12:05:00,962.53,962.53,961.2,961.2,392.627,377649.21624
BNBUSDT,1758942600000,2025-09-27 03:10:00,2025-09-27 12:10:00,961.2,961.3,960.56,960.57,218.042,209501.41654
BNBUSDT,1758942900000,2025-09-27 03:15:00,2025-09-27 12:15:00,960.56,962.8,960.49,962.21,390.651,375765.60716
BNBUSDT,1758943200000,2025-09-27 03:20:00,2025-09-27 12:20:00,962.21,963.59,962.21,963.59,271.377,261296.33817
BNBUSDT,1758943500000,2025-09-27 03:25:00,2025-09-27 12:25:00,963.59,965.4,963.59,964.69,749.974,723615.31369
BNBUSDT,1758943800000,2025-09-27 03:30:00,2025-09-27 12:30:00,964.69,965.99,964.2,964.2,742.942,717291.50486
BNBUSDT,1758944100000,2025-09-27 03:35:00,2025-09-27 12:35:00,964.21,964.8,963.3,964.6,595.586,574124.76747
BNBUSDT,1758944400000,2025-09-27 03:40:00,2025-09-27 12:40:00,964.6,965.77,964.4,965.45,499.006,481623.37975
BNBUSDT,1758944700000,2025-09-27 03:45:00,2025-09-27 12:45:00,965.44,966,965.1,965.64,574.252,554529.31136
BNBUSDT,1758945000000,2025-09-27 03:50:00,2025-09-27 12:50:00,965.65,967.47,965,967.17,1239.072,1197654.72332
BNBUSDT,1758945300000,2025-09-27 03:55:00,2025-09-27 12:55:00,967.18,967.19,965.85,966.41,659.618,637592.10725
BNBUSDT,1758945600000,2025-09-27 04:00:00,2025-09-27 13:00:00,966.4,967.41,965.23,967.38,1001.62,968111.10635
BNBUSDT,1758945900000,2025-09-27 04:05:00,2025-09-27 13:05:00,967.39,968.02,967.1,967.72,638.827,618104.31686
BNBUSDT,1758946200000,2025-09-27 04:10:00,2025-09-27 13:10:00,967.72,968.76,967.14,967.67,1576.183,1525683.33912
BNBUSDT,1758946500000,2025-09-27 04:15:00,2025-09-27 13:15:00,967.67,968.85,967.3,968.46,722.511,699563.40653
BNBUSDT,1758946800000,2025-09-27 04:20:00,2025-09-27 13:20:00,968.46,970.44,968.4,970.43,847.427,821559.54214
BNBUSDT,1758947100000,2025-09-27 04:25:00,2025-09-27 13:25:00,970.43,972.41,970.04,971.96,2678.417,2601715.12591
BNBUSDT,1758947400000,2025-09-27 04:30:00,2025-09-27 13:30:00,971.95,972.53,970.71,971.73,1312.468,1275179.0455
BNBUSDT,1758947700000,2025-09-27 04:35:00,2025-09-27 13:35:00,971.73,971.85,969.66,970.28,1081.148,1049303.57589
BNBUSDT,1758948000000,2025-09-27 04:40:00,2025-09-27 13:40:00,970.28,971.16,969.1,969.29,768.219,745161.93051
BNBUSDT,1758948300000,2025-09-27 04:45:00,2025-09-27 13:45:00,969.29,970.68,968.76,970.47,802.832,778485.35728
BNBUSDT,1758948600000,2025-09-27 04:50:00,2025-09-27 13:50:00,970.48,971.48,970.05,971.48,683.126,662962.11349
BNBUSDT,1758948900000,2025-09-27 04:55:00,2025-09-27 13:55:00,971.49,972.49,971.49,972.21,631.844,614262.48606
BNBUSDT,1758949200000,2025-09-27 05:00:00,2025-09-27 14:00:00,972.21,972.49,970.29,970.35,518.259,503550.62814
BNBUSDT,1758949500000,2025-09-27 05:05:00,2025-09-27 14:05:00,970.35,970.48,968.46,969.61,1582.111,1534142.83002
BNBUSDT,1758949800000,2025-09-27 05:10:00,2025-09-27 14:10:00,969.62,971.1,969.36,970.7,1072.904,1040952.83461
BNBUSDT,1758950100000,2025-09-27 05:15:00,2025-09-27 14:15:00,970.7,970.71,969.2,969.29,492.514,477712.25215
BNBUSDT,1758950400000,2025-09-27 05:20:00,2025-09-27 14:20:00,969.28,970.6,969.12,969.44,619.453,600684.07237
BNBUSDT,1758950700000,2025-09-27 05:25:00,2025-09-27 14:25:00,969.45,969.45,968.06,968.17,711.417,688973.54098
BNBUSDT,1758951000000,2025-09-27 05:30:00,2025-09-27 14:30:00,968.17,969.02,966.75,968.46,1857.744,1798622.00938
BNBUSDT,1758951300000,2025-09-27 05:35:00,2025-09-27 14:35:00,968.45,968.83,967.65,968.27,418.741,405457.52477
BNBUSDT,1758951600000,2025-09-27 05:40:00,2025-09-27 14:40:00,968.27,968.7,967.65,968.7,447.215,432920.78083
BNBUSDT,1758951900000,2025-09-27 05:45:00,2025-09-27 14:45:00,968.69,970.26,968.22,970.08,2726.479,2642919.16849
BNBUSDT,1758952200000,2025-09-27 05:50:00,2025-09-27 14:50:00,970.08,971.83,970.07,971.05,2553.634,2479381.38366
BNBUSDT,1758952500000,2025-09-27 05:55:00,2025-09-27 14:55:00,971.06,971.06,968.9,968.9,497.062,482010.67821
BNBUSDT,1758952800000,2025-09-27 06:00:00,2025-09-27 15:00:00,968.91,969.1,967,967.01,1243.284,1203717.93485
BNBUSDT,1758953100000,2025-09-27 06:05:00,2025-09-27 15:05:00,967.01,967.11,965.4,966.66,1552.489,1500313.32425
BNBUSDT,1758953400000,2025-09-27 06:10:00,2025-09-27 15:10:00,966.67,967.17,966.51,966.68,478.352,462467.09816
BNBUSDT,1758953700000,2025-09-27 06:15:00,2025-09-27 15:15:00,966.68,968.01,966.12,966.53,1395.497,1349663.73355
BNBUSDT,1758954000000,2025-09-27 06:20:00,2025-09-27 15:20:00,966.53,968.41,966.53,968.11,722.352,698909.08985
BNBUSDT,1758954300000,2025-09-27 06:25:00,2025-09-27 15:25:00,968.11,968.33,967.4,967.44,683.642,661770.77103
BNBUSDT,1758954600000,2025-09-27 06:30:00,2025-09-27 15:30:00,967.44,969.72,967.08,968.36,1925.975,1865403.1556
BNBUSDT,1758954900000,2025-09-27 06:35:00,2025-09-27 15:35:00,968.36,970,968.2,968.77,1389.234,1346783.71769
BNBUSDT,1758955200000,2025-09-27 06:40:00,2025-09-27 15:40:00,968.77,969.76,968.46,969.57,470.558,456040.59635
BNBUSDT,1758955500000,2025-09-27 06:45:00,2025-09-27 15:45:00,969.56,969.57,968.67,969,319.597,309727.99191
BNBUSDT,1758955800000,2025-09-27 06:50:00,2025-09-27 15:50:00,969.01,969.01,967.63,967.67,615.378,595792.08352
BNBUSDT,1758956100000,2025-09-27 06:55:00,2025-09-27 15:55:00,967.68,968.96,967.67,968.94,251.176,243190.85645
BNBUSDT,1758956400000,2025-09-27 07:00:00,2025-09-27 16:00:00,968.95,970.33,968.94,970.1,546.429,530010.68563
BNBUSDT,1758956700000,2025-09-27 07:05:00,2025-09-27 16:05:00,970.1,970.59,969.48,970.28,461.067,447250.54029
BNBUSDT,1758957000000,2025-09-27 07:10:00,2025-09-27 16:10:00,970.29,970.29,969.54,969.72,438.372,425159.0182
BNBUSDT,1758957300000,2025-09-27 07:15:00,2025-09-27 16:15:00,969.73,971,969.23,971,718.56,696921.04841
BNBUSDT,1758957600000,2025-09-27 07:20:00,2025-09-27 16:20:00,971,972.52,970.7,971.37,1407.503,1367424.57003
BNBUSDT,1758957900000,2025-09-27 07:25:00,2025-09-27 16:25:00,971.37,971.65,970.41,971.42,666.864,647506.64698
BNBUSDT,1758958200000,2025-09-27 07:30:00,2025-09-27 16:30:00,971.43,971.92,970.71,970.97,445.118,432430.70058
BNBUSDT,1758958500000,2025-09-27 07:35:00,2025-09-27 16:35:00,970.96,971.44,969.15,970.02,933.152,905313.20679
BNBUSDT,1758958800000,2025-09-27 07:40:00,2025-09-27 16:40:00,970.03,972.66,969.98,971.03,1131.18,1098880.07358
BNBUSDT,1758959100000,2025-09-27 07:45:00,2025-09-27 16:45:00,971.02,971.25,969.8,970.84,1078.023,1046278.80547
BNBUSDT,1758959400000,2025-09-27 07:50:00,2025-09-27 16:50:00,970.83,972.48,970.25,972.46,1629.067,1582136.97332
BNBUSDT,1758959700000,2025-09-27 07:55:00,2025-09-27 16:55:00,972.47,974.01,972.14,972.29,1877.305,1827076.83803
BNBUSDT,1758960000000,2025-09-27 08:00:00,2025-09-27 17:00:00,972.28,972.34,968.95,969.01,640.715,621769.01214
BNBUSDT,1758960300000,2025-09-27 08:05:00,2025-09-27 17:05:00,969.01,969.4,966.9,966.91,1426.95,1381642.16217
BNBUSDT,1758960600000,2025-09-27 08:10:00,2025-09-27 17:10:00,966.91,969.65,966.89,969.34,1050.108,1016789.36952
BNBUSDT,1758960900000,2025-09-27 08:15:00,2025-09-27 17:15:00,969.34,970.56,968.91,969.13,1600.606,1552671.80195
BNBUSDT,1758961200000,2025-09-27 08:20:00,2025-09-27 17:20:00,969.14,970.11,968.47,969.55,1201.062,1164195.91445
BNBUSDT,1758961500000,2025-09-27 08:25:00,2025-09-27 17:25:00,969.55,970.79,969.55,970.79,1152.531,1118371.1982
BNBUSDT,1758961800000,2025-09-27 08:30:00,2025-09-27 17:30:00,970.78,970.78,969.8,970.69,753.798,731426.84701
BNBUSDT,1758962100000,2025-09-27 08:35:00,2025-09-27 17:35:00,970.69,970.69,969.24,969.86,879.898,853465.91632
BNBUSDT,1758962400000,2025-09-27 08:40:00,2025-09-27 17:40:00,969.87,970.91,969.33,970.68,954.069,925655.0453
BNBUSDT,1758962700000,2025-09-27 08:45:00,2025-09-27 17:45:00,970.68,970.8,968.63,968.63,869.661,843340.05639
BNBUSDT,1758963000000,2025-09-27 08:50:00,2025-09-27 17:50:00,968.62,968.63,967.03,967.22,1298.588,1256923.76487
BNBUSDT,1758963300000,2025-09-27 08:55:00,2025-09-27 17:55:00,967.22,968,965.8,966.81,3019.79,2920293.02292
BNBUSDT,1758963600000,2025-09-27 09:00:00,2025-09-27 18:00:00,966.8,969.11,966.66,967.18,1838.553,1779651.77231
BNBUSDT,1758963900000,2025-09-27 09:05:00,2025-09-27 18:05:00,967.17,968,965.64,966.94,1165.806,1127307.54701
BNBUSDT,1758964200000,2025-09-27 09:10:00,2025-09-27 18:10:00,966.93,966.93,964.95,966,2476.807,2392207.88412
BNBUSDT,1758964500000,2025-09-27 09:15:00,2025-09-27 18:15:00,965.99,967.4,965.29,966.24,752.692,727515.90414
BNBUSDT,1758964800000,2025-09-27 09:20:00,2025-09-27 18:20:00,966.22,967.29,965.96,966.38,389.156,376179.59348
BNBUSDT,1758965100000,2025-09-27 09:25:00,2025-09-27 18:25:00,966.38,967.19,966.3,966.97,412.53,398838.98792
BNBUSDT,1758965400000,2025-09-27 09:30:00,2025-09-27 18:30:00,966.96,968.88,966.9,968.41,428.541,414812.08734
BNBUSDT,1758965700000,2025-09-27 09:35:00,2025-09-27 18:35:00,968.4,971,968.24,970.82,1007.87,977874.92524
BNBUSDT,1758966000000,2025-09-27 09:40:00,2025-09-27 18:40:00,970.83,971.42,969.8,969.92,1030.789,1000605.50804
BNBUSDT,1758966300000,2025-09-27 09:45:00,2025-09-27 18:45:00,969.91,970.44,968.2,968.21,672.08,651796.26058
BNBUSDT,1758966600000,2025-09-27 09:50:00,2025-09-27 18:50:00,968.2,969.42,968,969.35,526.773,510235.77526
BNBUSDT,1758966900000,2025-09-27 09:55:00,2025-09-27 18:55:00,969.36,969.6,968.68,968.69,242.806,235322.63593
BNBUSDT,1758967200000,2025-09-27 10:00:00,2025-09-27 19:00:00,968.69,968.7,968,968.24,167.089,161805.33254
BNBUSDT,1758967500000,2025-09-27 10:05:00,2025-09-27 19:05:00,968.24,968.4,967.33,967.33,296.901,287372.40145
BNBUSDT,1758967800000,2025-09-27 10:10:00,2025-09-27 19:10:00,967.33,968.08,967.11,967.4,462.774,447800.87464
BNBUSDT,1758968100000,2025-09-27 10:15:00,2025-09-27 19:15:00,967.4,967.8,966.71,966.86,259.844,251371.63339
BNBUSDT,1758968400000,2025-09-27 10:20:00,2025-09-27 19:20:00,966.86,967.08,966.5,966.75,856.569,828086.9844
BNBUSDT,1758968700000,2025-09-27 10:25:00,2025-09-27 19:25:00,966.75,967.4,966.67,967.3,357.964,346122.97955
BNBUSDT,1758969000000,2025-09-27 10:30:00,2025-09-27 19:30:00,967.31,968.47,967.04,968.16,569.902,551517.11434
BNBUSDT,1758969300000,2025-09-27 10:35:00,2025-09-27 19:35:00,968.15,970.29,968.15,969.76,863.791,837584.78581
BNBUSDT,1758969600000,2025-09-27 10:40:00,2025-09-27 19:40:00,969.75,970.31,969.26,970.24,886.578,860019.7489
BNBUSDT,1758969900000,2025-09-27 10:45:00,2025-09-27 19:45:00,970.25,975.13,970.24,974.49,3797.964,3692342.19946
BNBUSDT,1758970200000,2025-09-27 10:50:00,2025-09-27 19:50:00,974.5,974.5,973.34,973.83,897.081,873597.47963
BNBUSDT,1758970500000,2025-09-27 10:55:00,2025-09-27 19:55:00,973.83,973.84,972.9,972.99,718.135,699029.91806
BNBUSDT,1758970800000,2025-09-27 11:00:00,2025-09-27 20:00:00,972.99,973.08,971.8,973.07,1436.702,1396971.74466
BNBUSDT,1758971100000,2025-09-27 11:05:00,2025-09-27 20:05:00,973.07,973.08,971.03,971.4,446.509,433987.67905
BNBUSDT,1758971400000,2025-09-27 11:10:00,2025-09-27 20:10:00,971.39,971.4,970.45,970.69,532.632,517133.3094
BNBUSDT,1758971700000,2025-09-27 11:15:00,2025-09-27 20:15:00,970.69,972,970.68,972,1336.146,1297895.74166
BNBUSDT,1758972000000,2025-09-27 11:20:00,2025-09-27 20:20:00,971.99,972.75,971.54,971.55,412.125,400695.71973
BNBUSDT,1758972300000,2025-09-27 11:25:00,2025-09-27 20:25:00,971.54,972.24,971.02,972.24,245.84,238861.16012
BNBUSDT,1758972600000,2025-09-27 11:30:00,2025-09-27 20:30:00,972.24,972.69,971.75,972.69,345.51,335924.62752
BNBUSDT,1758972900000,2025-09-27 11:35:00,2025-09-27 20:35:00,972.69,972.97,971.23,971.37,424.307,412463.90076
BNBUSDT,1758973200000,2025-09-27 11:40:00,2025-09-27 20:40:00,971.36,971.5,971,971.29,361.287,350888.10585
BNBUSDT,1758973500000,2025-09-27 11:45:00,2025-09-27 20:45:00,971.29,971.42,970.24,970.24,557.549,541337.6334
BNBUSDT,1758973800000,2025-09-27 11:50:00,2025-09-27 20:50:00,970.24,970.77,969.81,970,589.157,571670.21269
BNBUSDT,1758974100000,2025-09-27 11:55:00,2025-09-27 20:55:00,970,970.9,969.98,970.41,339.061,329010.11173
BNBUSDT,1758974400000,2025-09-27 12:00:00,2025-09-27 21:00:00,970.41,970.9,969.55,969.96,345.115,334790.03179
BNBUSDT,1758974700000,2025-09-27 12:05:00,2025-09-27 21:05:00,969.95,970.15,968.72,968.72,398.722,386502.79413
BNBUSDT,1758975000000,2025-09-27 12:10:00,2025-09-27 21:10:00,968.73,969.72,968.39,969.17,542.162,525371.99761
BNBUSDT,1758975300000,2025-09-27 12:15:00,2025-09-27 21:15:00,969.18,970,969.17,969.85,225.088,218260.98512
BNBUSDT,1758975600000,2025-09-27 12:20:00,2025-09-27 21:20:00,969.85,969.93,969,969.3,503.513,488166.39754
BNBUSDT,1758975900000,2025-09-27 12:25:00,2025-09-27 21:25:00,969.31,969.99,969.3,969.99,242.209,234845.31049
BNBUSDT,1758976200000,2025-09-27 12:30:00,2025-09-27 21:30:00,969.99,970.9,969.88,969.9,258.267,250611.72581
BNBUSDT,1758976500000,2025-09-27 12:35:00,2025-09-27 21:35:00,969.9,972.02,969.83,972.02,583.793,566822.87204
BNBUSDT,1758976800000,2025-09-27 12:40:00,2025-09-27 21:40:00,972.01,972.6,971.71,972.06,1371.643,1333623.53625
BNBUSDT,1758977100000,2025-09-27 12:45:00,2025-09-27 21:45:00,972.07,973.93,971.86,972.76,2531.371,2463050.65648
BNBUSDT,1758977400000,2025-09-27 12:50:00,2025-09-27 21:50:00,972.75,972.8,971.58,972.52,1746.006,1697694.24093
BNBUSDT,1758977700000,2025-09-27 12:55:00,2025-09-27 21:55:00,972.52,973.63,972.06,972.98,982.672,955933.16648
BNBUSDT,1758978000000,2025-09-27 13:00:00,2025-09-27 22:00:00,972.98,973.79,972.24,973.01,747.431,727326.90503
BNBUSDT,1758978300000,2025-09-27 13:05:00,2025-09-27 22:05:00,973.01,974.5,973.01,974.06,1403.392,1367196.70158
BNBUSDT,1758978600000,2025-09-27 13:10:00,2025-09-27 22:10:00,974.05,974.06,972.16,972.37,475.049,462192.44427
BNBUSDT,1758978900000,2025-09-27 13:15:00,2025-09-27 22:15:00,972.37,974,972.37,973.63,636.703,620004.87931
BNBUSDT,1758979200000,2025-09-27 13:20:00,2025-09-27 22:20:00,973.63,974.79,973.62,974.11,3163.24,3081353.66789
BNBUSDT,1758979500000,2025-09-27 13:25:00,2025-09-27 22:25:00,974.11,974.26,973.8,973.81,458.164,446339.56039
BNBUSDT,1758979800000,2025-09-27 13:30:00,2025-09-27 22:30:00,973.81,974.21,973.78,974.2,206.734,201358.00005
BNBUSDT,1758980100000,2025-09-27 13:35:00,2025-09-27 22:35:00,974.21,975.12,974.21,974.99,1877.812,1830089.08526
BNBUSDT,1758980400000,2025-09-27 13:40:00,2025-09-27 22:40:00,974.99,975.7,974.6,975.66,741.101,722664.12999
BNBUSDT,1758980700000,2025-09-27 13:45:00,2025-09-27 22:45:00,975.67,978.31,975.66,978.27,1035.53,1012109.35819
BNBUSDT,1758981000000,2025-09-27 13:50:00,2025-09-27 22:50:00,978.26,979.93,978.14,978.81,2871.775,2811230.59047
BNBUSDT,1758981300000,2025-09-27 13:55:00,2025-09-27 22:55:00,978.8,979.09,977.42,978.29,864.911,846278.61128
BNBUSDT,1758981600000,2025-09-27 14:00:00,2025-09-27 23:00:00,978.29,979.21,977.95,978.8,561.188,549313.91174
BNBUSDT,1758981900000,2025-09-27 14:05:00,2025-09-27 23:05:00,978.8,979.4,978.63,979.4,688.126,673701.35105
BNBUSDT,1758982200000,2025-09-27 14:10:00,2025-09-27 23:10:00,979.4,979.43,978.88,979.32,434.934,425907.17082
BNBUSDT,1758982500000,2025-09-27 14:15:00,2025-09-27 23:15:00,979.32,979.44,978,978.9,1498.009,1465574.4588
BNBUSDT,1758982800000,2025-09-27 14:20:00,2025-09-27 23:20:00,978.9,979,978.4,978.78,653.331,639388.90133
BNBUSDT,1758983100000,2025-09-27 14:25:00,2025-09-27 23:25:00,978.78,979.5,978.77,979.49,522.88,512057.4147
BNBUSDT,1758983400000,2025-09-27 14:30:00,2025-09-27 23:30:00,979.49,980.27,979.46,980.16,1943.402,1904332.85286
BNBUSDT,1758983700000,2025-09-27 14:35:00,2025-09-27 23:35:00,980.17,985.79,980.16,984.03,5572.381,5479795.60655
BNBUSDT,1758984000000,2025-09-27 14:40:00,2025-09-27 23:40:00,984.04,984.04,982.72,983.37,1747.195,1718185.05448
BNBUSDT,1758984300000,2025-09-27 14:45:00,2025-09-27 23:45:00,983.36,983.47,980.51,982.54,1130.512,1110097.42472
BNBUSDT,1758984600000,2025-09-27 14:50:00,2025-09-27 23:50:00,982.53,982.79,980.58,981.79,926.275,909164.86223
BNBUSDT,1758984900000,2025-09-27 14:55:00,2025-09-27 23:55:00,981.79,981.94,980.28,981.5,1955.364,1918496.78673
BNBUSDT,1758985200000,2025-09-27 15:00:00,2025-09-28 00:00:00,981.49,981.5,978,978.52,1790.636,1753384.29774
BNBUSDT,1758985500000,2025-09-27 15:05:00,2025-09-28 00:05:00,978.52,979.69,977.56,978.7,1098.634,1074974.82123
BNBUSDT,1758985800000,2025-09-27 15:10:00,2025-09-28 00:10:00,978.71,981.16,978.7,979.7,897.232,879106.86551
BNBUSDT,1758986100000,2025-09-27 15:15:00,2025-09-28 00:15:00,979.7,981.91,979.68,980.96,994.35,975402.42343
BNBUSDT,1758986400000,2025-09-27 15:20:00,2025-09-28 00:20:00,980.96,982.34,979.71,980.4,745.613,731739.9719
BNBUSDT,1758986700000,2025-09-27 15:25:00,2025-09-28 00:25:00,980.39,980.7,978.64,979.19,1120.143,1097093.86898
BNBUSDT,1758987000000,2025-09-27 15:30:00,2025-09-28 00:30:00,979.2,979.6,977.83,979.59,1159.733,1135196.69802
BNBUSDT,1758987300000,2025-09-27 15:35:00,2025-09-28 00:35:00,979.6,980.6,976.32,977.23,1832.749,1792931.24672
BNBUSDT,1758987600000,2025-09-27 15:40:00,2025-09-28 00:40:00,977.24,978.9,977.24,977.79,654.941,640611.05166
BNBUSDT,1758987900000,2025-09-27 15:45:00,2025-09-28 00:45:00,977.79,977.8,976.76,977.69,1028.258,1005078.97822
BNBUSDT,1758988200000,2025-09-27 15:50:00,2025-09-28 00:50:00,977.69,977.99,976.62,976.69,835.489,816425.35066
BNBUSDT,1758988500000,2025-09-27 15:55:00,2025-09-28 00:55:00,976.69,977.4,976.16,976.23,654.303,639095.75211
BNBUSDT,1758988800000,2025-09-27 16:00:00,2025-09-28 01:00:00,976.23,976.98,975.66,975.73,527.205,514665.58759
BNBUSDT,1758989100000,2025-09-27 16:05:00,2025-09-28 01:05:00,975.72,976,974.79,975.15,806.303,786467.75665
BNBUSDT,1758989400000,2025-09-27 16:10:00,2025-09-28 01:10:00,975.15,976.64,974.41,975.73,739.928,721765.82093
BNBUSDT,1758989700000,2025-09-27 16:15:00,2025-09-28 01:15:00,975.72,976,974.5,975.76,899.817,877636.01219
BNBUSDT,1758990000000,2025-09-27 16:20:00,2025-09-28 01:20:00,975.76,976.7,974.97,975.19,696.841,680061.4684
BNBUSDT,1758990300000,2025-09-27 16:25:00,2025-09-28 01:25:00,975.19,975.5,973.78,973.9,1215.851,1184972.90437
BNBUSDT,1758990600000,2025-09-27 16:30:00,2025-09-28 01:30:00,973.89,974.3,972.7,974.11,1576.148,1534324.55873
BNBUSDT,1758990900000,2025-09-27 16:35:00,2025-09-28 01:35:00,974.12,975.09,973.92,974.48,278.169,271063.52425
BNBUSDT,1758991200000,2025-09-27 16:40:00,2025-09-28 01:40:00,974.47,974.9,973.81,973.95,410.812,400283.16596
BNBUSDT,1758991500000,2025-09-27 16:45:00,2025-09-28 01:45:00,973.96,975.1,973.9,974.42,323.48,315269.02899
BNBUSDT,1758991800000,2025-09-27 16:50:00,2025-09-28 01:50:00,974.41,974.41,972.73,972.81,402.906,392116.68444
BNBUSDT,1758992100000,2025-09-27 16:55:00,2025-09-28 01:55:00,972.81,973.39,972.59,973.2,323.258,314524.15164
BNBUSDT,1758992400000,2025-09-27 17:00:00,2025-09-28 02:00:00,973.2,973.33,971.3,971.31,909.805,884354.02485
BNBUSDT,1758992700000,2025-09-27 17:05:00,2025-09-28 02:05:00,971.3,972.51,970.36,971.46,1455.238,1413348.84307
BNBUSDT,1758993000000,2025-09-27 17:10:00,2025-09-28 02:10:00,971.46,971.51,968.86,969.4,1080.597,1048319.61786
BNBUSDT,1758993300000,2025-09-27 17:15:00,2025-09-28 02:15:00,969.41,969.41,965,965.39,3309.252,3199660.05153
BNBUSDT,1758993600000,2025-09-27 17:20:00,2025-09-28 02:20:00,965.39,967.86,965.39,966.41,948.617,917169.90132
BNBUSDT,1758993900000,2025-09-27 17:25:00,2025-09-28 02:25:00,966.4,968.32,966.14,968.19,1187.89,1149012.6957
BNBUSDT,1758994200000,2025-09-27 17:30:00,2025-09-28 02:30:00,968.2,969.69,967.63,969.69,820.811,795237.36477
BNBUSDT,1758994500000,2025-09-27 17:35:00,2025-09-28 02:35:00,969.68,969.99,968.8,969.03,284.463,275743.06829
BNBUSDT,1758994800000,2025-09-27 17:40:00,2025-09-28 02:40:00,969.03,969.5,968.49,968.71,422.092,408991.22225
BNBUSDT,1758995100000,2025-09-27 17:45:00,2025-09-28 02:45:00,968.71,969.08,968.22,968.79,375.274,363482.83187
BNBUSDT,1758995400000,2025-09-27 17:50:00,2025-09-28 02:50:00,968.79,970,968.6,969.86,344.096,333506.43522
BNBUSDT,1758995700000,2025-09-27 17:55:00,2025-09-28 02:55:00,969.87,971.56,969.86,971.31,456.717,443391.86125
BNBUSDT,1758996000000,2025-09-27 18:00:00,2025-09-28 03:00:00,971.31,971.31,968.71,968.77,287.819,279194.80646
BNBUSDT,1758996300000,2025-09-27 18:05:00,2025-09-28 03:05:00,968.77,969.1,968.2,968.78,357.299,346077.70255
BNBUSDT,1758996600000,2025-09-27 18:10:00,2025-09-28 03:10:00,968.78,969.68,968.5,968.67,427.025,413814.79797
BNBUSDT,1758996900000,2025-09-27 18:15:00,2025-09-28 03:15:00,968.67,968.8,967.35,968.64,371.78,359950.48885
BNBUSDT,1758997200000,2025-09-27 18:20:00,2025-09-28 03:20:00,968.63,969.52,968.23,969.09,218.54,211694.04645
BNBUSDT,1758997500000,2025-09-27 18:25:00,2025-09-28 03:25:00,969.09,969.09,968.2,968.99,213.652,206956.42529
BNBUSDT,1758997800000,2025-09-27 18:30:00,2025-09-28 03:30:00,968.99,969.37,967.35,967.64,726.655,703537.20152
BNBUSDT,1758998100000,2025-09-27 18:35:00,2025-09-28 03:35:00,967.64,968.2,967.45,967.7,564.943,546849.13828
BNBUSDT,1758998400000,2025-09-27 18:40:00,2025-09-28 03:40:00,967.69,967.73,966.03,966.57,900.27,870163.61436
BNBUSDT,1758998700000,2025-09-27 18:45:00,2025-09-28 03:45:00,966.58,968.21,966.57,967.91,302.732,292885.80419
BNBUSDT,1758999000000,2025-09-27 18:50:00,2025-09-28 03:50:00,967.91,968.9,967.9,968.61,357.196,345944.55808
BNBUSDT,1758999300000,2025-09-27 18:55:00,2025-09-28 03:55:00,968.61,968.94,968.3,968.93,336.555,325976.55296
BNBUSDT,1758999600000,2025-09-27 19:00:00,2025-09-28 04:00:00,968.93,968.94,967.54,967.61,376.038,364109.63055
BNBUSDT,1758999900000,2025-09-27 19:05:00,2025-09-28 04:05:00,967.61,968.1,967.22,967.91,163.97,158667.63673
BNBUSDT,1759000200000,2025-09-27 19:10:00,2025-09-28 04:10:00,967.91,967.91,967.2,967.69,353.867,342366.07908
BNBUSDT,1759000500000,2025-09-27 19:15:00,2025-09-28 04:15:00,967.7,968.89,967.6,968.89,177.241,171603.65515
BNBUSDT,1759000800000,2025-09-27 19:20:00,2025-09-28 04:20:00,968.89,969.73,968.43,969.72,226.199,219157.76511
BNBUSDT,1759001100000,2025-09-27 19:25:00,2025-09-28 04:25:00,969.72,970.59,969.44,970.24,275.275,267019.65982
BNBUSDT,1759001400000,2025-09-27 19:30:00,2025-09-28 04:30:00,970.24,970.35,969.4,969.95,365.395,354387.21786
BNBUSDT,1759001700000,2025-09-27 19:35:00,2025-09-28 04:35:00,969.96,969.96,969.22,969.22,155.222,150491.60137
BNBUSDT,1759002000000,2025-09-27 19:40:00,2025-09-28 04:40:00,969.21,969.63,968.91,969.32,181.93,176352.31717
BNBUSDT,1759002300000,2025-09-27 19:45:00,2025-09-28 04:45:00,969.31,970.2,969.04,969.92,233.433,226348.58565
BNBUSDT,1759002600000,2025-09-27 19:50:00,2025-09-28 04:50:00,969.93,970.24,969.33,969.33,155.905,151219.20887
BNBUSDT,1759002900000,2025-09-27 19:55:00,2025-09-28 04:55:00,969.34,970,969.34,969.61,198.456,192463.18306
BNBUSDT,1759003200000,2025-09-27 20:00:00,2025-09-28 05:00:00,969.6,970.5,969.19,970.31,232.377,225388.39438
BNBUSDT,1759003500000,2025-09-27 20:05:00,2025-09-28 05:05:00,970.3,970.3,969.43,969.8,195.95,190041.11277
BNBUSDT,1759003800000,2025-09-27 20:10:00,2025-09-28 05:10:00,969.81,970.09,969.18,969.39,244.422,237023.12597
BNBUSDT,1759004100000,2025-09-27 20:15:00,2025-09-28 05:15:00,969.37,969.37,968.43,968.5,520.903,504739.65205
BNBUSDT,1759004400000,2025-09-27 20:20:00,2025-09-28 05:20:00,968.51,968.8,968,968.79,188.826,182854.29257
BNBUSDT,1759004700000,2025-09-27 20:25:00,2025-09-28 05:25:00,968.8,969.12,968.7,968.95,102.46,99274.378
BNBUSDT,1759005000000,2025-09-27 20:30:00,2025-09-28 05:30:00,968.95,969.4,968.5,969.25,230.077,222941.22923
BNBUSDT,1759005300000,2025-09-27 20:35:00,2025-09-28 05:35:00,969.25,970.28,968.89,969.66,197.178,191165.88517
BNBUSDT,1759005600000,2025-09-27 20:40:00,2025-09-28 05:40:00,969.65,969.77,969.14,969.24,119.743,116085.14535
BNBUSDT,1759005900000,2025-09-27 20:45:00,2025-09-28 05:45:00,969.24,969.25,968.61,968.84,216.028,209300.14745
BNBUSDT,1759006200000,2025-09-27 20:50:00,2025-09-28 05:50:00,968.84,969,967.64,967.64,521.466,504899.98302
BNBUSDT,1759006500000,2025-09-27 20:55:00,2025-09-28 05:55:00,967.65,968.46,967.6,968.44,313.009,302943.26409
BNBUSDT,1759006800000,2025-09-27 21:00:00,2025-09-28 06:00:00,968.43,968.44,967.26,967.39,168.904,163436.56242
BNBUSDT,1759007100000,2025-09-27 21:05:00,2025-09-28 06:05:00,967.38,968.15,967.2,968.15,249.729,241663.71176
BNBUSDT,1759007400000,2025-09-27 21:10:00,2025-09-28 06:10:00,968.15,969.96,968.05,969.96,496.36,480934.58485
BNBUSDT,1759007700000,2025-09-27 21:15:00,2025-09-28 06:15:00,969.97,970.13,969.17,969.18,196.153,190174.5162
BNBUSDT,1759008000000,2025-09-27 21:20:00,2025-09-28 06:20:00,969.17,969.8,969,969.16,322.63,312744.29612
BNBUSDT,1759008300000,2025-09-27 21:25:00,2025-09-28 06:25:00,969.16,969.3,968.86,968.86,73.607,71329.64787
BNBUSDT,1759008600000,2025-09-27 21:30:00,2025-09-28 06:30:00,968.87,969.9,968.54,969.7,203.301,197020.19784
BNBUSDT,1759008900000,2025-09-27 21:35:00,2025-09-28 06:35:00,969.69,971.47,969.69,971.24,368.588,357740.18166
BNBUSDT,1759009200000,2025-09-27 21:40:00,2025-09-28 06:40:00,971.24,972.31,971.23,972.28,311.718,302941.44305
BNBUSDT,1759009500000,2025-09-27 21:45:00,2025-09-28 06:45:00,972.27,972.65,971.9,972.65,193.799,188423.79929
BNBUSDT,1759009800000,2025-09-27 21:50:00,2025-09-28 06:50:00,972.64,972.64,971.4,972.19,161.967,157430.67778
BNBUSDT,1759010100000,2025-09-27 21:55:00,2025-09-28 06:55:00,972.19,973.06,972.19,972.26,242.925,236251.50943
BNBUSDT,1759010400000,2025-09-27 22:00:00,2025-09-28 07:00:00,972.27,973.17,972.27,973.12,309.538,301085.62888
BNBUSDT,1759010700000,2025-09-27 22:05:00,2025-09-28 07:05:00,973.12,973.51,972.29,973.3,423.094,411669.16121
BNBUSDT,1759011000000,2025-09-27 22:10:00,2025-09-28 07:10:00,973.3,974.12,973.21,974.11,352.623,343340.02881
BNBUSDT,1759011300000,2025-09-27 22:15:00,2025-09-28 07:15:00,974.12,975.29,974.12,975.18,1381.747,1346984.61591
BNBUSDT,1759011600000,2025-09-27 22:20:00,2025-09-28 07:20:00,975.18,976.59,974.58,975.84,1849.349,1804356.52121
BNBUSDT,1759011900000,2025-09-27 22:25:00,2025-09-28 07:25:00,975.84,978,975.8,977.36,2374.202,2320053.46647
BNBUSDT,1759012200000,2025-09-27 22:30:00,2025-09-28 07:30:00,977.36,977.73,974,974.17,1507.797,1471280.4815
BNBUSDT,1759012500000,2025-09-27 22:35:00,2025-09-28 07:35:00,974.17,974.42,972.89,973.88,1743.285,1697148.1227
BNBUSDT,1759012800000,2025-09-27 22:40:00,2025-09-28 07:40:00,973.88,973.93,971.66,971.75,2618.843,2546929.56178
BNBUSDT,1759013100000,2025-09-27 22:45:00,2025-09-28 07:45:00,971.74,971.74,970.7,971.44,1438.836,1397305.86564
BNBUSDT,1759013400000,2025-09-27 22:50:00,2025-09-28 07:50:00,971.44,972.53,971.13,971.99,1353.455,1315539.62805
BNBUSDT,1759013700000,2025-09-27 22:55:00,2025-09-28 07:55:00,971.99,972.42,971.42,972.24,1223.711,1189306.90772
BNBUSDT,1759014000000,2025-09-27 23:00:00,2025-09-28 08:00:00,972.23,974.1,972.14,972.74,2431.245,2365945.27921
BNBUSDT,1759014300000,2025-09-27 23:05:00,2025-09-28 08:05:00,972.74,972.99,971.15,972.38,1323.064,1286273.00597
BNBUSDT,1759014600000,2025-09-27 23:10:00,2025-09-28 08:10:00,972.39,972.6,969.55,970.52,1937.957,1881217.69135
BNBUSDT,1759014900000,2025-09-27 23:15:00,2025-09-28 08:15:00,970.52,970.84,968.34,968.7,1307.44,1267643.59758
BNBUSDT,1759015200000,2025-09-27 23:20:00,2025-09-28 08:20:00,968.7,968.99,968,968.16,1228.006,1189288.10572
BNBUSDT,1759015500000,2025-09-27 23:25:00,2025-09-28 08:25:00,968.16,968.97,967.9,968.65,992.593,961228.87618
BNBUSDT,1759015800000,2025-09-27 23:30:00,2025-09-28 08:30:00,968.65,969.43,968.27,968.7,1115.037,1080237.31318
BNBUSDT,1759016100000,2025-09-27 23:35:00,2025-09-28 08:35:00,968.69,969.49,968.66,969.2,1029.452,997615.76196
BNBUSDT,1759016400000,2025-09-27 23:40:00,2025-09-28 08:40:00,969.2,969.21,967.36,968.28,993.635,962033.5765
BNBUSDT,1759016700000,2025-09-27 23:45:00,2025-09-28 08:45:00,968.27,968.66,967.76,968.23,1022.183,989647.85061
BNBUSDT,1759017000000,2025-09-27 23:50:00,2025-09-28 08:50:00,968.23,969.14,968.19,968.6,960.783,930644.48106
BNBUSDT,1759017300000,2025-09-27 23:55:00,2025-09-28 08:55:00,968.59,968.59,968.19,968.45,735.784,712509.79134
BNBUSDT,1759017600000,2025-09-28 00:00:00,2025-09-28 09:00:00,968.46,968.79,967.21,968.79,1159.934,1122714.23176
BNBUSDT,1759017900000,2025-09-28 00:05:00,2025-09-28 09:05:00,968.8,968.9,966,966.33,1304.058,1261320.98048
BNBUSDT,1759018200000,2025-09-28 00:10:00,2025-09-28 09:10:00,966.33,966.87,965.38,966.87,1327.811,1282846.19325
BNBUSDT,1759018500000,2025-09-28 00:15:00,2025-09-28 09:15:00,966.87,967.82,966.32,967.51,877.769,848803.42163
BNBUSDT,1759018800000,2025-09-28 00:20:00,2025-09-28 09:20:00,967.5,969,966.84,969,730.779,706957.34384
BNBUSDT,1759019100000,2025-09-28 00:25:00,2025-09-28 09:25:00,969,970.98,968.87,970.76,646.881,627538.23933
BNBUSDT,1759019400000,2025-09-28 00:30:00,2025-09-28 09:30:00,970.75,971.38,969.12,969.14,1428.365,1386026.4769
BNBUSDT,1759019700000,2025-09-28 00:35:00,2025-09-28 09:35:00,969.13,969.29,966.81,967.28,460.039,445256.01696
BNBUSDT,1759020000000,2025-09-28 00:40:00,2025-09-28 09:40:00,967.29,969.52,967.1,968.79,678.416,657135.90469
BNBUSDT,1759020300000,2025-09-28 00:45:00,2025-09-28 09:45:00,968.79,969.08,967.72,968.37,986.407,955034.86434
BNBUSDT,1759020600000,2025-09-28 00:50:00,2025-09-28 09:50:00,968.37,968.86,967.46,968,1122.386,1086280.74725
BNBUSDT,1759020900000,2025-09-28 00:55:00,2025-09-28 09:55:00,968,968.27,967.12,967.95,671.917,650163.06742
BNBUSDT,1759021200000,2025-09-28 01:00:00,2025-09-28 10:00:00,967.96,971.38,967.4,970.41,2459.247,2384650.29505
BNBUSDT,1759021500000,2025-09-28 01:05:00,2025-09-28 10:05:00,970.41,970.41,968.31,968.69,754.645,731341.34588
BNBUSDT,1759021800000,2025-09-28 01:10:00,2025-09-28 10:10:00,968.69,971,968.66,970.59,1772.493,1719539.89827
BNBUSDT,1759022100000,2025-09-28 01:15:00,2025-09-28 10:15:00,970.6,970.81,969.49,970.38,524.344,508719.84514
BNBUSDT,1759022400000,2025-09-28 01:20:00,2025-09-28 10:20:00,970.38,971.3,970.23,971.29,613.856,595774.69069
BNBUSDT,1759022700000,2025-09-28 01:25:00,2025-09-28 10:25:00,971.29,971.48,970.09,970.65,995.636,966424.30545
BNBUSDT,1759023000000,2025-09-28 01:30:00,2025-09-28 10:30:00,970.65,970.99,969.05,969.31,638.222,619241.43587
BNBUSDT,1759023300000,2025-09-28 01:35:00,2025-09-28 10:35:00,969.32,969.38,967.5,967.65,264.335,255943.85408
BNBUSDT,1759023600000,2025-09-28 01:40:00,2025-09-28 10:40:00,967.64,967.7,967.05,967.49,247.823,239744.98955
BNBUSDT,1759023900000,2025-09-28 01:45:00,2025-09-28 10:45:00,967.5,968.3,967.23,967.7,259.109,250751.38407
BNBUSDT,1759024200000,2025-09-28 01:50:00,2025-09-28 10:50:00,967.69,968.03,967.24,967.24,211.199,204340.57302
BNBUSDT,1759024500000,2025-09-28 01:55:00,2025-09-28 10:55:00,967.25,967.49,967.01,967.23,175.343,169593.61954
BNBUSDT,1759024800000,2025-09-28 02:00:00,2025-09-28 11:00:00,967.23,968.06,967.01,967.28,158.826,153647.80294
BNBUSDT,1759025100000,2025-09-28 02:05:00,2025-09-28 11:05:00,967.28,969.39,967.28,969.21,410.25,397442.59525
BNBUSDT,1759025400000,2025-09-28 02:10:00,2025-09-28 11:10:00,969.21,969.3,967.86,968,998.581,967370.50875
BNBUSDT,1759025700000,2025-09-28 02:15:00,2025-09-28 11:15:00,968,968.68,967.76,968.68,127.18,123148.69377
BNBUSDT,1759026000000,2025-09-28 02:20:00,2025-09-28 11:20:00,968.67,970.3,968.41,970.3,290.203,281248.89283
BNBUSDT,1759026300000,2025-09-28 02:25:00,2025-09-28 11:25:00,970.3,970.87,969.59,969.93,377.58,366341.11254
BNBUSDT,1759026600000,2025-09-28 02:30:00,2025-09-28 11:30:00,969.92,971.77,969.9,971.77,522.021,506800.69334
BNBUSDT,1759026900000,2025-09-28 02:35:00,2025-09-28 11:35:00,971.76,973.32,971.76,972.51,1534.774,1492899.64333
BNBUSDT,1759027200000,2025-09-28 02:40:00,2025-09-28 11:40:00,972.5,972.51,970.74,971.5,274.309,266517.74412
BNBUSDT,1759027500000,2025-09-28 02:45:00,2025-09-28 11:45:00,971.49,971.49,969.41,969.41,1407.246,1365784.64424
BNBUSDT,1759027800000,2025-09-28 02:50:00,2025-09-28 11:50:00,969.41,970.81,969.36,970.37,816.614,792268.39091
BNBUSDT,1759028100000,2025-09-28 02:55:00,2025-09-28 11:55:00,970.37,972.54,970.36,972.4,757.749,736074.36192
BNBUSDT,1759028400000,2025-09-28 03:00:00,2025-09-28 12:00:00,972.4,974.81,972.4,974.58,1000.105,973977.09467
BNBUSDT,1759028700000,2025-09-28 03:05:00,2025-09-28 12:05:00,974.59,974.93,973.58,974.1,1468.876,1431292.6316
BNBUSDT,1759029000000,2025-09-28 03:10:00,2025-09-28 12:10:00,974.1,974.89,974.09,974.88,634.732,618590.6506
BNBUSDT,1759029300000,2025-09-28 03:15:00,2025-09-28 12:15:00,974.88,974.88,973.48,973.68,563.616,548993.63861
BNBUSDT,1759029600000,2025-09-28 03:20:00,2025-09-28 12:20:00,973.67,974.03,973.22,974.03,386.451,376230.45501
BNBUSDT,1759029900000,2025-09-28 03:25:00,2025-09-28 12:25:00,974.02,974.25,973.16,973.51,287.671,280118.54639
BNBUSDT,1759030200000,2025-09-28 03:30:00,2025-09-28 12:30:00,973.51,974.71,972.6,972.6,878.79,855874.16831
BNBUSDT,1759030500000,2025-09-28 03:35:00,2025-09-28 12:35:00,972.6,972.61,971.11,972.4,918.88,892897.25177
BNBUSDT,1759030800000,2025-09-28 03:40:00,2025-09-28 12:40:00,972.39,972.54,971.96,972.49,383.715,373107.73838
BNBUSDT,1759031100000,2025-09-28 03:45:00,2025-09-28 12:45:00,972.5,972.61,971.7,972.6,464.166,451326.85944
BNBUSDT,1759031400000,2025-09-28 03:50:00,2025-09-28 12:50:00,972.6,973.48,972.22,973.41,473.2,460290.0481
BNBUSDT,1759031700000,2025-09-28 03:55:00,2025-09-28 12:55:00,973.4,974.3,973.4,974.25,266.806,259875.82023
BNBUSDT,1759032000000,2025-09-28 04:00:00,2025-09-28 13:00:00,974.25,974.3,973.63,974.09,577.895,562868.2092
BNBUSDT,1759032300000,2025-09-28 04:05:00,2025-09-28 13:05:00,974.1,975.24,973.53,975.1,495.395,482696.71789
BNBUSDT,1759032600000,2025-09-28 04:10:00,2025-09-28 13:10:00,975.1,975.26,974.1,974.46,1533.138,1494306.25374
BNBUSDT,1759032900000,2025-09-28 04:15:00,2025-09-28 13:15:00,974.45,974.8,972.55,972.55,534.496,520819.54592
BNBUSDT,1759033200000,2025-09-28 04:20:00,2025-09-28 13:20:00,972.56,972.56,971.76,972.2,241.875,235145.32802
BNBUSDT,1759033500000,2025-09-28 04:25:00,2025-09-28 13:25:00,972.19,972.36,971.49,971.5,396.801,385661.78979
BNBUSDT,1759033800000,2025-09-28 04:30:00,2025-09-28 13:30:00,971.5,973.67,971.4,973.18,321.468,312633.9309
BNBUSDT,1759034100000,2025-09-28 04:35:00,2025-09-28 13:35:00,973.18,973.87,973.12,973.56,217.393,211619.97574
BNBUSDT,1759034400000,2025-09-28 04:40:00,2025-09-28 13:40:00,973.57,973.99,973.56,973.7,190.146,185162.40054
BNBUSDT,1759034700000,2025-09-28 04:45:00,2025-09-28 13:45:00,973.7,973.7,973,973,135.037,131425.5117
BNBUSDT,1759035000000,2025-09-28 04:50:00,2025-09-28 13:50:00,973.01,973.32,972.54,973.16,218.319,212396.80875
BNBUSDT,1759035300000,2025-09-28 04:55:00,2025-09-28 13:55:00,973.16,973.71,972.64,973.57,523.041,509100.79899
BNBUSDT,1759035600000,2025-09-28 05:00:00,2025-09-28 14:00:00,973.56,974.85,972.9,974.39,496.561,483516.91527
BNBUSDT,1759035900000,2025-09-28 05:05:00,2025-09-28 14:05:00,974.39,974.39,971.56,971.75,430.656,418907.18168
BNBUSDT,1759036200000,2025-09-28 05:10:00,2025-09-28 14:10:00,971.75,972.01,971,971.43,631.795,613708.42338
BNBUSDT,1759036500000,2025-09-28 05:15:00,2025-09-28 14:15:00,971.44,972.89,971.43,972.29,324.674,315639.5791
BNBUSDT,1759036800000,2025-09-28 05:20:00,2025-09-28 14:20:00,972.3,973.18,972.29,973.01,202.473,196958.41264
BNBUSDT,1759037100000,2025-09-28 05:25:00,2025-09-28 14:25:00,973.01,973.26,973,973.01,91.88,89412.59289
BNBUSDT,1759037400000,2025-09-28 05:30:00,2025-09-28 14:30:00,973.01,973.98,972.9,973.31,311.881,303570.69665
BNBUSDT,1759037700000,2025-09-28 05:35:00,2025-09-28 14:35:00,973.31,973.31,972.5,973.16,192.567,187340.95362
BNBUSDT,1759038000000,2025-09-28 05:40:00,2025-09-28 14:40:00,973.16,973.16,972.11,972.25,273.311,265776.55667
BNBUSDT,1759038300000,2025-09-28 05:45:00,2025-09-28 14:45:00,972.25,972.4,971.3,971.31,243.418,236574.62198
BNBUSDT,1759038600000,2025-09-28 05:50:00,2025-09-28 14:50:00,971.31,972,971.3,971.41,130.466,126770.53814
BNBUSDT,1759038900000,2025-09-28 05:55:00,2025-09-28 14:55:00,971.41,972.28,971.09,971.41,460.477,447405.45952
BNBUSDT,1759039200000,2025-09-28 06:00:00,2025-09-28 15:00:00,971.42,973,971.42,972.36,622.03,604864.86469
BNBUSDT,1759039500000,2025-09-28 06:05:00,2025-09-28 15:05:00,972.36,973.68,972.35,973.68,395.496,384957.81906
BNBUSDT,1759039800000,2025-09-28 06:10:00,2025-09-28 15:10:00,973.68,973.68,971.7,971.85,514.475,500418.83823
BNBUSDT,1759040100000,2025-09-28 06:15:00,2025-09-28 15:15:00,971.84,972.37,971.5,972.37,460.146,447197.04729
BNBUSDT,1759040400000,2025-09-28 06:20:00,2025-09-28 15:20:00,972.37,973.2,972.37,972.66,237.819,231345.50721
BNBUSDT,1759040700000,2025-09-28 06:25:00,2025-09-28 15:25:00,972.67,972.67,969.3,969.31,588.356,571019.90595
BNBUSDT,1759041000000,2025-09-28 06:30:00,2025-09-28 15:30:00,969.31,969.81,968.6,969.7,1125.109,1090351.73923
BNBUSDT,1759041300000,2025-09-28 06:35:00,2025-09-28 15:35:00,969.69,971.36,969.69,971.15,527.589,511984.15024
BNBUSDT,1759041600000,2025-09-28 06:40:00,2025-09-28 15:40:00,971.15,971.76,970.04,970.79,596.618,579253.84118
BNBUSDT,1759041900000,2025-09-28 06:45:00,2025-09-28 15:45:00,970.8,971.01,970.05,970.19,371.216,360257.32508
BNBUSDT,1759042200000,2025-09-28 06:50:00,2025-09-28 15:50:00,970.18,970.81,969.91,970.81,220.909,214351.52161
BNBUSDT,1759042500000,2025-09-28 06:55:00,2025-09-28 15:55:00,970.81,971.63,970.81,971.54,214.301,208122.9086
BNBUSDT,1759042800000,2025-09-28 07:00:00,2025-09-28 16:00:00,971.54,972.72,971.53,971.76,369.461,359207.24663
BNBUSDT,1759043100000,2025-09-28 07:05:00,2025-09-28 16:05:00,971.76,971.76,969.14,969.15,452.497,439041.13499
BNBUSDT,1759043400000,2025-09-28 07:10:00,2025-09-28 16:10:00,969.15,970.27,968.99,969.89,1346.339,1305028.34966
BNBUSDT,1759043700000,2025-09-28 07:15:00,2025-09-28 16:15:00,969.88,971.23,969.68,971.23,297.758,288982.74735
BNBUSDT,1759044000000,2025-09-28 07:20:00,2025-09-28 16:20:00,971.23,971.46,969.95,970.03,273.004,264964.17024
BNBUSDT,1759044300000,2025-09-28 07:25:00,2025-09-28 16:25:00,970.03,970.76,969.86,970.14,243.863,236617.84147
BNBUSDT,1759044600000,2025-09-28 07:30:00,2025-09-28 16:30:00,970.13,971.29,969.72,970.84,238.351,231316.9695
BNBUSDT,1759044900000,2025-09-28 07:35:00,2025-09-28 16:35:00,970.85,971.43,969.5,969.5,646.137,626937.58434
BNBUSDT,1759045200000,2025-09-28 07:40:00,2025-09-28 16:40:00,969.49,970.03,968.88,969.85,1212.629,1175561.42667
BNBUSDT,1759045500000,2025-09-28 07:45:00,2025-09-28 16:45:00,969.86,970,968.6,969.16,1154.894,1119194.12991
BNBUSDT,1759045800000,2025-09-28 07:50:00,2025-09-28 16:50:00,969.16,970.3,969.16,969.52,223.144,216418.23646
BNBUSDT,1759046100000,2025-09-28 07:55:00,2025-09-28 16:55:00,969.52,969.9,969.24,969.5,246.503,238989.98262
BNBUSDT,1759046400000,2025-09-28 08:00:00,2025-09-28 17:00:00,969.49,970.9,969.43,969.81,282.021,273610.89455
BNBUSDT,1759046700000,2025-09-28 08:05:00,2025-09-28 17:05:00,969.8,969.8,968.5,969.5,520.105,504029.31175
BNBUSDT,1759047000000,2025-09-28 08:10:00,2025-09-28 17:10:00,969.5,969.5,967.99,968.01,960.942,930514.37276
BNBUSDT,1759047300000,2025-09-28 08:15:00,2025-09-28 17:15:00,968.01,968.01,966.89,967.21,1668.39,1613848.64709
BNBUSDT,1759047600000,2025-09-28 08:20:00,2025-09-28 17:20:00,967.21,967.37,965.78,967.06,1317.546,1273224.65116
BNBUSDT,1759047900000,2025-09-28 08:25:00,2025-09-28 17:25:00,967.06,967.12,965.67,966.4,1720.302,1662065.45933
BNBUSDT,1759048200000,2025-09-28 08:30:00,2025-09-28 17:30:00,966.4,967.13,964.11,964.75,3457.746,3338515.90554
BNBUSDT,1759048500000,2025-09-28 08:35:00,2025-09-28 17:35:00,964.74,965.29,963,963.1,3277.978,3159272.51948
BNBUSDT,1759048800000,2025-09-28 08:40:00,2025-09-28 17:40:00,963.1,964.68,963,964.1,1446.071,1393450.38402
BNBUSDT,1759049100000,2025-09-28 08:45:00,2025-09-28 17:45:00,964.1,966.28,963.91,965.56,1235.339,1192493.90609
BNBUSDT,1759049400000,2025-09-28 08:50:00,2025-09-28 17:50:00,965.55,965.56,964.08,964.71,458.51,442370.34738
BNBUSDT,1759049700000,2025-09-28 08:55:00,2025-09-28 17:55:00,964.72,964.99,964.3,964.75,767.837,740760.87378
BNBUSDT,1759050000000,2025-09-28 09:00:00,2025-09-28 18:00:00,964.76,965.5,963.99,964.14,539.233,520254.60454
BNBUSDT,1759050300000,2025-09-28 09:05:00,2025-09-28 18:05:00,964.15,964.75,964.04,964.75,341.183,329023.50409
BNBUSDT,1759050600000,2025-09-28 09:10:00,2025-09-28 18:10:00,964.75,964.8,963.91,964.1,198.605,191535.66686
BNBUSDT,1759050900000,2025-09-28 09:15:00,2025-09-28 18:15:00,964.1,964.44,962.68,964.15,499.996,481712.86896
BNBUSDT,1759051200000,2025-09-28 09:20:00,2025-09-28 18:20:00,964.15,964.44,963.71,964.13,464.206,447558.11931
BNBUSDT,1759051500000,2025-09-28 09:25:00,2025-09-28 18:25:00,964.13,965.57,964.12,965.57,244.635,235986.1744
BNBUSDT,1759051800000,2025-09-28 09:30:00,2025-09-28 18:30:00,965.57,967.05,965.56,966.56,535.305,517414.02485
BNBUSDT,1759052100000,2025-09-28 09:35:00,2025-09-28 18:35:00,966.57,967.34,966.32,967.13,252.891,244519.09931
BNBUSDT,1759052400000,2025-09-28 09:40:00,2025-09-28 18:40:00,967.14,967.5,966.81,967.31,397.652,384639.89104
BNBUSDT,1759052700000,2025-09-28 09:45:00,2025-09-28 18:45:00,967.3,967.3,966.27,966.6,369.265,356943.14304
BNBUSDT,1759053000000,2025-09-28 09:50:00,2025-09-28 18:50:00,966.6,967.51,966.28,966.99,291.563,281927.98585
BNBUSDT,1759053300000,2025-09-28 09:55:00,2025-09-28 18:55:00,966.99,968.85,966.99,968.39,725.825,702653.55732
BNBUSDT,1759053600000,2025-09-28 10:00:00,2025-09-28 19:00:00,968.38,968.39,965.07,965.38,440.11,425308.78592
BNBUSDT,1759053900000,2025-09-28 10:05:00,2025-09-28 19:05:00,965.38,966.94,965,966.6,220.237,212760.43895
BNBUSDT,1759054200000,2025-09-28 10:10:00,2025-09-28 19:10:00,966.61,966.8,965.99,966.76,373.363,360814.64237
BNBUSDT,1759054500000,2025-09-28 10:15:00,2025-09-28 19:15:00,966.75,968.35,966.58,968.35,180.656,174719.43161
BNBUSDT,1759054800000,2025-09-28 10:20:00,2025-09-28 19:20:00,968.35,969,968.01,968.01,168.588,163302.77346
BNBUSDT,1759055100000,2025-09-28 10:25:00,2025-09-28 19:25:00,968.01,968.01,966.67,967.01,385.988,373308.64925
BNBUSDT,1759055400000,2025-09-28 10:30:00,2025-09-28 19:30:00,967.01,968.42,967,968.11,150.25,145417.91957
BNBUSDT,1759055700000,2025-09-28 10:35:00,2025-09-28 19:35:00,968.1,968.68,967.71,968.66,393.983,381432.66773
BNBUSDT,1759056000000,2025-09-28 10:40:00,2025-09-28 19:40:00,968.66,970.16,968.66,970.04,1973.424,1913788.13225
BNBUSDT,1759056300000,2025-09-28 10:45:00,2025-09-28 19:45:00,970.04,970.3,969.9,970.2,402.462,390424.31399
BNBUSDT,1759056600000,2025-09-28 10:50:00,2025-09-28 19:50:00,970.2,971.01,970,970.7,568.153,551503.8359
BNBUSDT,1759056900000,2025-09-28 10:55:00,2025-09-28 19:55:00,970.69,970.69,969.57,969.9,284.447,276010.33039
BNBUSDT,1759057200000,2025-09-28 11:00:00,2025-09-28 20:00:00,969.9,970.75,969.23,970.74,649.821,630372.76727
BNBUSDT,1759057500000,2025-09-28 11:05:00,2025-09-28 20:05:00,970.74,970.94,969.74,970.2,1426.286,1383859.7254
BNBUSDT,1759057800000,2025-09-28 11:10:00,2025-09-28 20:10:00,970.2,970.21,968.7,968.77,1029.695,998307.6969
BNBUSDT,1759058100000,2025-09-28 11:15:00,2025-09-28 20:15:00,968.79,970,968.78,969.42,1188.34,1152160.60673
BNBUSDT,1759058400000,2025-09-28 11:20:00,2025-09-28 20:20:00,969.42,969.79,968.34,968.99,974.862,944738.41929
BNBUSDT,1759058700000,2025-09-28 11:25:00,2025-09-28 20:25:00,969,969.55,967.6,967.94,1120.278,1084847.06904
BNBUSDT,1759059000000,2025-09-28 11:30:00,2025-09-28 20:30:00,967.94,970.54,967.94,969.78,1012.468,981673.64145
BNBUSDT,1759059300000,2025-09-28 11:35:00,2025-09-28 20:35:00,969.79,970.4,969.4,969.76,848.182,822616.88691
BNBUSDT,1759059600000,2025-09-28 11:40:00,2025-09-28 20:40:00,969.77,970.19,969.51,969.61,993.238,963363.16983
BNBUSDT,1759059900000,2025-09-28 11:45:00,2025-09-28 20:45:00,969.6,969.62,968.5,968.89,864.225,837413.2051
BNBUSDT,1759060200000,2025-09-28 11:50:00,2025-09-28 20:50:00,968.89,970.19,968.71,969.72,919.929,892082.69589
BNBUSDT,1759060500000,2025-09-28 11:55:00,2025-09-28 20:55:00,969.72,973.23,969.62,973.22,1339.284,1301548.12608
BNBUSDT,1759060800000,2025-09-28 12:00:00,2025-09-28 21:00:00,973.23,973.35,972.25,972.43,1126.688,1096135.86517
BNBUSDT,1759061100000,2025-09-28 12:05:00,2025-09-28 21:05:00,972.44,972.66,971.3,972.32,979.279,951840.13478
BNBUSDT,1759061400000,2025-09-28 12:10:00,2025-09-28 21:10:00,972.34,975,972.34,972.49,2618.744,2551127.24625
BNBUSDT,1759061700000,2025-09-28 12:15:00,2025-09-28 21:15:00,972.49,972.56,969.19,969.79,1101.773,1069382.49279
BNBUSDT,1759062000000,2025-09-28 12:20:00,2025-09-28 21:20:00,969.8,970.42,969.47,970.23,335.846,325779.61345
BNBUSDT,1759062300000,2025-09-28 12:25:00,2025-09-28 21:25:00,970.22,971.19,970.22,971.09,675.587,655799.70633
BNBUSDT,1759062600000,2025-09-28 12:30:00,2025-09-28 21:30:00,971.1,971.18,968.83,968.84,734.235,712490.5637
BNBUSDT,1759062900000,2025-09-28 12:35:00,2025-09-28 21:35:00,968.83,969.49,968.6,968.76,579.088,561104.25118
BNBUSDT,1759063200000,2025-09-28 12:40:00,2025-09-28 21:40:00,968.75,968.75,967.1,967.63,778.655,753601.58409
BNBUSDT,1759063500000,2025-09-28 12:45:00,2025-09-28 21:45:00,967.64,968.16,966.31,967.18,687.211,664731.23995
BNBUSDT,1759063800000,2025-09-28 12:50:00,2025-09-28 21:50:00,967.17,968.64,967.17,968.31,456.652,442036.58333
BNBUSDT,1759064100000,2025-09-28 12:55:00,2025-09-28 21:55:00,968.31,968.92,968.18,968.92,262.889,254650.35709
BNBUSDT,1759064400000,2025-09-28 13:00:00,2025-09-28 22:00:00,968.92,969.72,968.6,969.2,851.706,825337.8354
BNBUSDT,1759064700000,2025-09-28 13:05:00,2025-09-28 22:05:00,969.2,971,969.2,970.98,407.905,395727.10886
BNBUSDT,1759065000000,2025-09-28 13:10:00,2025-09-28 22:10:00,970.97,971.11,970.35,970.6,608.555,590841.35408
BNBUSDT,1759065300000,2025-09-28 13:15:00,2025-09-28 22:15:00,970.59,972,969.95,972,483.618,469508.10711
BNBUSDT,1759065600000,2025-09-28 13:20:00,2025-09-28 22:20:00,971.99,972.5,971.28,972.15,523.352,508655.88403
BNBUSDT,1759065900000,2025-09-28 13:25:00,2025-09-28 22:25:00,972.15,972.71,971.38,972.46,615.071,597919.31055
BNBUSDT,1759066200000,2025-09-28 13:30:00,2025-09-28 22:30:00,972.46,973.9,972.45,973.89,694.981,676485.00797
BNBUSDT,1759066500000,2025-09-28 13:35:00,2025-09-28 22:35:00,973.9,974.28,972.8,973.44,995.171,968866.31164
BNBUSDT,1759066800000,2025-09-28 13:40:00,2025-09-28 22:40:00,973.44,974.37,973.1,973.32,865.243,842801.36717
BNBUSDT,1759067100000,2025-09-28 13:45:00,2025-09-28 22:45:00,973.31,973.31,972.22,972.27,1213.027,1180103.06937
BNBUSDT,1759067400000,2025-09-28 13:50:00,2025-09-28 22:50:00,972.27,973.58,971.99,972.99,532.29,517827.5272
BNBUSDT,1759067700000,2025-09-28 13:55:00,2025-09-28 22:55:00,972.99,975.48,972.99,973.92,1027.736,1001374.10163
BNBUSDT,1759068000000,2025-09-28 14:00:00,2025-09-28 23:00:00,973.92,974.6,973.19,973.31,885.309,862227.78424
BNBUSDT,1759068300000,2025-09-28 14:05:00,2025-09-28 23:05:00,973.31,973.53,972.82,973.26,317.354,308833.66158
BNBUSDT,1759068600000,2025-09-28 14:10:00,2025-09-28 23:10:00,973.26,973.56,972.64,973.2,294.816,286895.76
BNBUSDT,1759068900000,2025-09-28 14:15:00,2025-09-28 23:15:00,973.2,974.31,973.2,974.08,948.497,923789.39187
BNBUSDT,1759069200000,2025-09-28 14:20:00,2025-09-28 23:20:00,974.07,976.37,974.07,976.37,584.29,569771.45128
BNBUSDT,1759069500000,2025-09-28 14:25:00,2025-09-28 23:25:00,976.37,979.26,975.9,978.62,2501.029,2445325.81253
BNBUSDT,1759069800000,2025-09-28 14:30:00,2025-09-28 23:30:00,978.62,978.63,976.29,976.85,1591.328,1555167.67821
BNBUSDT,1759070100000,2025-09-28 14:35:00,2025-09-28 23:35:00,976.85,977.75,976.5,976.92,763.284,745891.45191
BNBUSDT,1759070400000,2025-09-28 14:40:00,2025-09-28 23:40:00,976.92,978,976.91,977.17,387.332,378626.85779
BNBUSDT,1759070700000,2025-09-28 14:45:00,2025-09-28 23:45:00,977.16,977.82,976.52,977.1,1069.38,1044816.89977
BNBUSDT,1759071000000,2025-09-28 14:50:00,2025-09-28 23:50:00,977.1,977.5,973.69,976.98,1620.275,1581274.0562
BNBUSDT,1759071300000,2025-09-28 14:55:00,2025-09-28 23:55:00,976.99,977.09,975.1,975.49,590.783,576494.30934
BNBUSDT,1759071600000,2025-09-28 15:00:00,2025-09-29 00:00:00,975.49,975.83,974.64,974.64,558.263,544543.94287
BNBUSDT,1759071900000,2025-09-28 15:05:00,2025-09-29 00:05:00,974.65,975.15,974.15,974.42,538.158,524384.32121
BNBUSDT,1759072200000,2025-09-28 15:10:00,2025-09-29 00:10:00,974.42,974.56,973.42,974.43,668.677,651368.36355
BNBUSDT,1759072500000,2025-09-28 15:15:00,2025-09-29 00:15:00,974.44,974.81,974.42,974.69,407.635,397270.03307
BNBUSDT,1759072800000,2025-09-28 15:20:00,2025-09-29 00:20:00,974.7,975.06,974.51,974.9,558.232,544112.07905
BNBUSDT,1759073100000,2025-09-28 15:25:00,2025-09-29 00:25:00,974.9,976.4,974.76,975.97,599.454,584771.70804
BNBUSDT,1759073400000,2025-09-28 15:30:00,2025-09-29 00:30:00,975.98,976.37,975.66,975.71,329.757,321844.97812
BNBUSDT,1759073700000,2025-09-28 15:35:00,2025-09-29 00:35:00,975.71,975.71,974.6,974.63,273.429,266653.78599
BNBUSDT,1759074000000,2025-09-28 15:40:00,2025-09-29 00:40:00,974.63,975.25,974.31,975.25,570.219,555781.35364
BNBUSDT,1759074300000,2025-09-28 15:45:00,2025-09-29 00:45:00,975.24,975.99,974.67,975.8,281.608,274663.89068
BNBUSDT,1759074600000,2025-09-28 15:50:00,2025-09-29 00:50:00,975.81,975.9,974.79,975.61,276.277,269417.43682
BNBUSDT,1759074900000,2025-09-28 15:55:00,2025-09-29 00:55:00,975.62,976.14,975.32,976,324.775,316931.64694
BNBUSDT,1759075200000,2025-09-28 16:00:00,2025-09-29 01:00:00,976,978.17,975.99,978.01,775.192,757062.81348
BNBUSDT,1759075500000,2025-09-28 16:05:00,2025-09-29 01:05:00,978,980.55,977.95,978.8,2441.095,2390515.00168
BNBUSDT,1759075800000,2025-09-28 16:10:00,2025-09-29 01:10:00,978.81,978.98,976.71,978.1,1271.467,1242769.36118
BNBUSDT,1759076100000,2025-09-28 16:15:00,2025-09-29 01:15:00,978.11,978.3,977.14,977.77,649.789,635358.15137
BNBUSDT,1759076400000,2025-09-28 16:20:00,2025-09-29 01:20:00,977.77,978.51,977.4,977.65,346.021,338410.10736
BNBUSDT,1759076700000,2025-09-28 16:25:00,2025-09-29 01:25:00,977.66,977.82,977.2,977.81,774.894,757416.16008
BNBUSDT,1759077000000,2025-09-28 16:30:00,2025-09-29 01:30:00,977.82,978.23,977.2,977.74,944.667,923694.88531
BNBUSDT,1759077300000,2025-09-28 16:35:00,2025-09-29 01:35:00,977.73,977.74,976.65,976.95,426.2,416440.00888
BNBUSDT,1759077600000,2025-09-28 16:40:00,2025-09-29 01:40:00,976.95,977.82,976.8,977.6,774.92,757362.30837
BNBUSDT,1759077900000,2025-09-28 16:45:00,2025-09-29 01:45:00,977.6,978.16,977,977.19,340.743,333126.65772
BNBUSDT,1759078200000,2025-09-28 16:50:00,2025-09-29 01:50:00,977.18,977.18,976.83,977.14,234.223,228828.03212
BNBUSDT,1759078500000,2025-09-28 16:55:00,2025-09-29 01:55:00,977.14,977.41,976.72,977.41,243.362,237773.9646
BNBUSDT,1759078800000,2025-09-28 17:00:00,2025-09-29 02:00:00,977.41,978,977.33,978,470.824,460231.43788
BNBUSDT,1759079100000,2025-09-28 17:05:00,2025-09-29 02:05:00,978,979.18,977.96,978.33,563.063,550913.40978
BNBUSDT,1759079400000,2025-09-28 17:10:00,2025-09-29 02:10:00,978.33,979.01,978,978.52,1356.537,1327619.70375
BNBUSDT,1759079700000,2025-09-28 17:15:00,2025-09-29 02:15:00,978.52,978.52,977.4,977.61,286.829,280487.60389
BNBUSDT,1759080000000,2025-09-28 17:20:00,2025-09-29 02:20:00,977.61,977.61,976.26,976.3,1206.316,1178682.23805
BNBUSDT,1759080300000,2025-09-28 17:25:00,2025-09-29 02:25:00,976.29,978.42,976,978.16,527.802,515873.89895
BNBUSDT,1759080600000,2025-09-28 17:30:00,2025-09-29 02:30:00,978.16,978.38,977.4,978.3,330.719,323409.67362
BNBUSDT,1759080900000,2025-09-28 17:35:00,2025-09-29 02:35:00,978.3,979.87,978.29,979.13,541.591,530240.67947
BNBUSDT,1759081200000,2025-09-28 17:40:00,2025-09-29 02:40:00,979.13,979.52,978.85,978.89,217.889,213366.34957
BNBUSDT,1759081500000,2025-09-28 17:45:00,2025-09-29 02:45:00,978.89,979.72,978.3,978.3,340.471,333374.60869
BNBUSDT,1759081800000,2025-09-28 17:50:00,2025-09-29 02:50:00,978.3,978.6,978.01,978.02,335.156,327897.24329
BNBUSDT,1759082100000,2025-09-28 17:55:00,2025-09-29 02:55:00,978.02,978.25,977.65,977.72,658.136,643611.19466
BNBUSDT,1759082400000,2025-09-28 18:00:00,2025-09-29 03:00:00,977.72,978.1,977.41,978.01,202.485,197989.09289
BNBUSDT,1759082700000,2025-09-28 18:05:00,2025-09-29 03:05:00,978.01,978.3,977.3,977.41,367.768,359609.8768
BNBUSDT,1759083000000,2025-09-28 18:10:00,2025-09-29 03:10:00,977.42,977.9,977,977.9,364.302,356118.47597
BNBUSDT,1759083300000,2025-09-28 18:15:00,2025-09-29 03:15:00,977.9,978.67,977.89,978.47,380.867,372578.87533
BNBUSDT,1759083600000,2025-09-28 18:20:00,2025-09-29 03:20:00,978.48,978.98,978.47,978.91,332.08,325019.24701
BNBUSDT,1759083900000,2025-09-28 18:25:00,2025-09-29 03:25:00,978.9,979.09,978.43,978.8,206.542,202185.79506
BNBUSDT,1759084200000,2025-09-28 18:30:00,2025-09-29 03:30:00,978.79,979.23,978.56,978.68,161.487,158083.10489
BNBUSDT,1759084500000,2025-09-28 18:35:00,2025-09-29 03:35:00,978.68,978.94,978.59,978.94,162.092,158648.76927
BNBUSDT,1759084800000,2025-09-28 18:40:00,2025-09-29 03:40:00,978.94,978.94,978.58,978.79,172.98,169295.26369
BNBUSDT,1759085100000,2025-09-28 18:45:00,2025-09-29 03:45:00,978.8,979.13,978.79,978.81,91.346,89423.25298
BNBUSDT,1759085400000,2025-09-28 18:50:00,2025-09-29 03:50:00,978.82,979.17,978.79,979.17,140.755,137790.41918
BNBUSDT,1759085700000,2025-09-28 18:55:00,2025-09-29 03:55:00,979.17,979.17,978.7,979.14,189.395,185410.19254
BNBUSDT,1759086000000,2025-09-28 19:00:00,2025-09-29 04:00:00,979.14,979.49,979,979.49,108.054,105797.75037
BNBUSDT,1759086300000,2025-09-28 19:05:00,2025-09-29 04:05:00,979.49,979.79,978.12,978.13,214.571,210088.10214
BNBUSDT,1759086600000,2025-09-28 19:10:00,2025-09-29 04:10:00,978.13,978.13,976.48,976.5,558.571,545812.28983
BNBUSDT,1759086900000,2025-09-28 19:15:00,2025-09-29 04:15:00,976.5,977.31,975.53,977.11,412.758,402992.90462
BNBUSDT,1759087200000,2025-09-28 19:20:00,2025-09-29 04:20:00,977.11,977.65,976.52,976.54,244.783,239156.04122
BNBUSDT,1759087500000,2025-09-28 19:25:00,2025-09-29 04:25:00,976.54,976.83,976.17,976.57,586.916,573157.39211
BNBUSDT,1759087800000,2025-09-28 19:30:00,2025-09-29 04:30:00,976.56,976.95,975.81,976.71,298.569,291486.59362
BNBUSDT,1759088100000,2025-09-28 19:35:00,2025-09-29 04:35:00,976.71,976.72,976.2,976.67,204.332,199507.84799
BNBUSDT,1759088400000,2025-09-28 19:40:00,2025-09-29 04:40:00,976.67,977.02,976.35,977.02,165.035,161183.46941
BNBUSDT,1759088700000,2025-09-28 19:45:00,2025-09-29 04:45:00,977.02,977.3,977.01,977.3,98.605,96351.8682
BNBUSDT,1759089000000,2025-09-28 19:50:00,2025-09-29 04:50:00,977.3,977.42,976.96,977.42,168.942,165085.19777
BNBUSDT,1759089300000,2025-09-28 19:55:00,2025-09-29 04:55:00,977.42,978.38,977.3,978.22,238.467,233199.24925
BNBUSDT,1759089600000,2025-09-28 20:00:00,2025-09-29 05:00:00,978.23,978.8,978.21,978.76,146.796,143641.87417
BNBUSDT,1759089900000,2025-09-28 20:05:00,2025-09-29 05:05:00,978.75,978.76,977.96,978.04,200.322,195982.06319
BNBUSDT,1759090200000,2025-09-28 20:10:00,2025-09-29 05:10:00,978.05,978.1,977.86,978,151.646,148300.83647
BNBUSDT,1759090500000,2025-09-28 20:15:00,2025-09-29 05:15:00,977.99,978.98,977.8,978.98,156.201,152855.17516
BNBUSDT,1759090800000,2025-09-28 20:20:00,2025-09-29 05:20:00,978.98,980.38,978.97,980.02,230.084,225439.54938
BNBUSDT,1759091100000,2025-09-28 20:25:00,2025-09-29 05:25:00,980.02,981.84,980.02,980.76,814.929,799482.25611
BNBUSDT,1759091400000,2025-09-28 20:30:00,2025-09-29 05:30:00,980.77,983.16,980.53,982.61,2780.415,2731629.96463
BNBUSDT,1759091700000,2025-09-28 20:35:00,2025-09-29 05:35:00,982.61,983.26,982.2,983.21,825.432,811236.48024
BNBUSDT,1759092000000,2025-09-28 20:40:00,2025-09-29 05:40:00,983.21,984,983.05,983.05,1264.062,1243137.46246
BNBUSDT,1759092300000,2025-09-28 20:45:00,2025-09-29 05:45:00,983.06,983.56,982.89,982.9,333.125,327575.96337
BNBUSDT,1759092600000,2025-09-28 20:50:00,2025-09-29 05:50:00,982.9,983.51,982.1,983.14,314.914,309499.51084
BNBUSDT,1759092900000,2025-09-28 20:55:00,2025-09-29 05:55:00,983.14,983.14,981.6,982.44,326,320185.01385
BNBUSDT,1759093200000,2025-09-28 21:00:00,2025-09-29 06:00:00,982.44,982.87,981.99,982.61,199.682,196169.60844
BNBUSDT,1759093500000,2025-09-28 21:05:00,2025-09-29 06:05:00,982.61,984.31,982.6,984.3,366.436,360359.7684
BNBUSDT,1759093800000,2025-09-28 21:10:00,2025-09-29 06:10:00,984.3,984.35,983.19,983.2,707.593,696236.83787
BNBUSDT,1759094100000,2025-09-28 21:15:00,2025-09-29 06:15:00,983.2,983.25,982.34,982.97,445.161,437575.17443
BNBUSDT,1759094400000,2025-09-28 21:20:00,2025-09-29 06:20:00,982.97,983.4,982.71,983.06,274.599,269932.84941
BNBUSDT,1759094700000,2025-09-28 21:25:00,2025-09-29 06:25:00,983.06,983.37,982.65,982.65,168.75,165885.50557
BNBUSDT,1759095000000,2025-09-28 21:30:00,2025-09-29 06:30:00,982.65,982.66,980.93,981.15,1032.111,1013091.82324
BNBUSDT,1759095300000,2025-09-28 21:35:00,2025-09-29 06:35:00,981.16,981.39,980.84,981.09,235.617,231182.26334
BNBUSDT,1759095600000,2025-09-28 21:40:00,2025-09-29 06:40:00,981.09,981.98,981.09,981.97,106.233,104258.46833
BNBUSDT,1759095900000,2025-09-28 21:45:00,2025-09-29 06:45:00,981.97,982.45,981.21,981.4,253.156,248534.0528
BNBUSDT,1759096200000,2025-09-28 21:50:00,2025-09-29 06:50:00,981.41,981.85,981.4,981.75,87.759,86153.83893
BNBUSDT,1759096500000,2025-09-28 21:55:00,2025-09-29 06:55:00,981.75,982.1,980.78,981.99,541.698,531573.59728
BNBUSDT,1759096800000,2025-09-28 22:00:00,2025-09-29 07:00:00,982,982.86,981.86,982.79,429.807,422215.99235
BNBUSDT,1759097100000,2025-09-28 22:05:00,2025-09-29 07:05:00,982.78,987.68,982.78,986.84,1933.347,1905957.54964
BNBUSDT,1759097400000,2025-09-28 22:10:00,2025-09-29 07:10:00,986.83,987.33,985.19,986.54,699.548,689725.22003
BNBUSDT,1759097700000,2025-09-28 22:15:00,2025-09-29 07:15:00,986.53,988.82,986.32,987.29,1009.643,997401.1829
BNBUSDT,1759098000000,2025-09-28 22:20:00,2025-09-29 07:20:00,987.28,988.35,986.9,987.51,827.426,817185.66525
BNBUSDT,1759098300000,2025-09-28 22:25:00,2025-09-29 07:25:00,987.5,987.51,986.54,987.2,680.708,671780.25744
BNBUSDT,1759098600000,2025-09-28 22:30:00,2025-09-29 07:30:00,987.2,988.3,987.2,987.66,621.825,614293.24971
BNBUSDT,1759098900000,2025-09-28 22:35:00,2025-09-29 07:35:00,987.66,988.26,987.3,987.83,224.229,221481.28982
BNBUSDT,1759099200000,2025-09-28 22:40:00,2025-09-29 07:40:00,987.84,989,987.84,988.99,348.572,344566.43874
BNBUSDT,1759099500000,2025-09-28 22:45:00,2025-09-29 07:45:00,989,989.93,989,989.34,980.46,970035.9866
BNBUSDT,1759099800000,2025-09-28 22:50:00,2025-09-29 07:50:00,989.34,989.63,988.8,989.09,1130.32,1118131.8324
BNBUSDT,1759100100000,2025-09-28 22:55:00,2025-09-29 07:55:00,989.08,989.19,988.5,988.89,478.462,473167.63192
BNBUSDT,1759100400000,2025-09-28 23:00:00,2025-09-29 08:00:00,988.89,989.58,988.88,989.31,915.984,906023.65878
BNBUSDT,1759100700000,2025-09-28 23:05:00,2025-09-29 08:05:00,989.3,989.88,988.6,988.83,1143.048,1130747.27547
BNBUSDT,1759101000000,2025-09-28 23:10:00,2025-09-29 08:10:00,988.83,989.29,988.11,989.03,1044.354,1032421.17587
BNBUSDT,1759101300000,2025-09-28 23:15:00,2025-09-29 08:15:00,989.04,989.22,988.1,988.45,903.1,893021.63406
BNBUSDT,1759101600000,2025-09-28 23:20:00,2025-09-29 08:20:00,988.46,989.2,988.32,988.9,983.901,972791.48472
BNBUSDT,1759101900000,2025-09-28 23:25:00,2025-09-29 08:25:00,988.89,990.49,988.89,990.39,555.317,549700.82777
BNBUSDT,1759102200000,2025-09-28 23:30:00,2025-09-29 08:30:00,990.39,991.29,990.19,991.28,654.638,648536.05855
BNBUSDT,1759102500000,2025-09-28 23:35:00,2025-09-29 08:35:00,991.29,992.67,990.18,992.07,1312.466,1301379.05724
BNBUSDT,1759102800000,2025-09-28 23:40:00,2025-09-29 08:40:00,992.07,993.65,992.06,993.4,1224.097,1215646.32696
BNBUSDT,1759103100000,2025-09-28 23:45:00,2025-09-29 08:45:00,993.4,993.4,992.77,992.77,836.894,831162.00371
BNBUSDT,1759103400000,2025-09-28 23:50:00,2025-09-29 08:50:00,992.78,993.5,992.6,993.15,1128.746,1120824.84857
BNBUSDT,1759103700000,2025-09-28 23:55:00,2025-09-29 08:55:00,993.16,993.37,992.7,993.01,883.219,877051.60109
BNBUSDT,1759104000000,2025-09-29 00:00:00,2025-09-29 09:00:00,993.01,994.1,992.9,994.09,1254.754,1246556.06872
BNBUSDT,1759104300000,2025-09-29 00:05:00,2025-09-29 09:05:00,994.1,994.45,992.71,993.87,798.945,793814.02059
BNBUSDT,1759104600000,2025-09-29 00:10:00,2025-09-29 09:10:00,993.88,994.51,992.84,993.16,644.885,640704.65991
BNBUSDT,1759104900000,2025-09-29 00:15:00,2025-09-29 09:15:00,993.17,993.17,991.12,992.01,753.761,747556.55401
BNBUSDT,1759105200000,2025-09-29 00:20:00,2025-09-29 09:20:00,992,994.34,991.57,993.38,1036.458,1029302.56952
BNBUSDT,1759105500000,2025-09-29 00:25:00,2025-09-29 09:25:00,993.38,994.03,992.6,992.61,442.843,439930.0213
BNBUSDT,1759105800000,2025-09-29 00:30:00,2025-09-29 09:30:00,992.6,992.72,991.65,992.44,361.302,358486.01524
BNBUSDT,1759106100000,2025-09-29 00:35:00,2025-09-29 09:35:00,992.45,992.56,991.7,991.87,326.172,323625.03582
BNBUSDT,1759106400000,2025-09-29 00:40:00,2025-09-29 09:40:00,991.87,993.77,991.71,993.77,448.512,445215.85128
BNBUSDT,1759106700000,2025-09-29 00:45:00,2025-09-29 09:45:00,993.77,995.96,993.54,995.15,1207.493,1201294.59892
BNBUSDT,1759107000000,2025-09-29 00:50:00,2025-09-29 09:50:00,995.16,995.52,994.42,994.82,661.254,657887.4431
BNBUSDT,1759107300000,2025-09-29 00:55:00,2025-09-29 09:55:00,994.82,994.82,994.08,994.51,264.663,263183.07796
BNBUSDT,1759107600000,2025-09-29 01:00:00,2025-09-29 10:00:00,994.51,995.3,994,994.59,512.021,509314.90589
BNBUSDT,1759107900000,2025-09-29 01:05:00,2025-09-29 10:05:00,994.58,997,994.58,996.99,664.006,661518.5887
BNBUSDT,1759108200000,2025-09-29 01:10:00,2025-09-29 10:10:00,997,997.6,995.4,996.66,1042.511,1038745.14989
BNBUSDT,1759108500000,2025-09-29 01:15:00,2025-09-29 10:15:00,996.66,1000.31,995.7,999.67,6138.016,6129411.37951
BNBUSDT,1759108800000,2025-09-29 01:20:00,2025-09-29 10:20:00,999.67,1000.85,998.79,1000.17,1452.617,1452522.13071
BNBUSDT,1759109100000,2025-09-29 01:25:00,2025-09-29 10:25:00,1000.17,1001.14,997.98,997.98,2240.739,2241319.24575
BNBUSDT,1759109400000,2025-09-29 01:30:00,2025-09-29 10:30:00,997.98,999.75,997.33,998.59,1101.462,1099812.27045
BNBUSDT,1759109700000,2025-09-29 01:35:00,2025-09-29 10:35:00,998.58,999.12,998.17,998.87,871.297,870144.49549
BNBUSDT,1759110000000,2025-09-29 01:40:00,2025-09-29 10:40:00,998.87,998.88,996.62,996.63,681.483,679725.70708
BNBUSDT,1759110300000,2025-09-29 01:45:00,2025-09-29 10:45:00,996.62,997.3,995.97,996.1,922.669,919428.50929
BNBUSDT,1759110600000,2025-09-29 01:50:00,2025-09-29 10:50:00,996.1,996.1,993.53,994.5,964.401,959223.7959
BNBUSDT,1759110900000,2025-09-29 01:55:00,2025-09-29 10:55:00,994.51,994.73,993.62,994.17,557.481,554269.7818
BNBUSDT,1759111200000,2025-09-29 02:00:00,2025-09-29 11:00:00,994.17,994.59,992.26,993.77,920.033,913998.25152
BNBUSDT,1759111500000,2025-09-29 02:05:00,2025-09-29 11:05:00,993.77,996.1,993.51,995.87,582.437,579298.84303
BNBUSDT,1759111800000,2025-09-29 02:10:00,2025-09-29 11:10:00,995.87,996.43,995.11,995.49,687.58,684598.15348
BNBUSDT,1759112100000,2025-09-29 02:15:00,2025-09-29 11:15:00,995.49,996.17,995,995.72,396.57,394835.50855
BNBUSDT,1759112400000,2025-09-29 02:20:00,2025-09-29 11:20:00,995.71,999.15,995.71,998.79,694.575,692929.60582
BNBUSDT,1759112700000,2025-09-29 02:25:00,2025-09-29 11:25:00,998.79,1000,998.6,999.15,587.841,587421.18035
BNBUSDT,1759113000000,2025-09-29 02:30:00,2025-09-29 11:30:00,999.15,1000,998.11,998.15,555.622,555170.77843
BNBUSDT,1759113300000,2025-09-29 02:35:00,2025-09-29 11:35:00,998.15,998.24,996.66,996.92,400.569,399546.76756
BNBUSDT,1759113600000,2025-09-29 02:40:00,2025-09-29 11:40:00,996.93,997.8,996.89,997.41,343.016,342089.71772
BNBUSDT,1759113900000,2025-09-29 02:45:00,2025-09-29 11:45:00,997.41,998.1,997.2,997.78,442.075,441076.55677
BNBUSDT,1759114200000,2025-09-29 02:50:00,2025-09-29 11:50:00,997.79,998.6,997.4,998.6,211.727,211297.45125
BNBUSDT,1759114500000,2025-09-29 02:55:00,2025-09-29 11:55:00,998.6,999.89,998.59,999.89,412.551,412285.14444
BNBUSDT,1759114800000,2025-09-29 03:00:00,2025-09-29 12:00:00,999.9,999.9,998.63,999.49,415.186,414942.47808
BNBUSDT,1759115100000,2025-09-29 03:05:00,2025-09-29 12:05:00,999.48,999.48,998.43,999.15,508.607,508146.49226
BNBUSDT,1759115400000,2025-09-29 03:10:00,2025-09-29 12:10:00,999.14,999.76,998.71,999,498.288,497862.86857
BNBUSDT,1759115700000,2025-09-29 03:15:00,2025-09-29 12:15:00,999.01,1002.68,999,1002.68,922.601,923578.17864
BNBUSDT,1759116000000,2025-09-29 03:20:00,2025-09-29 12:20:00,1002.68,1006.52,1002.52,1006.06,2835.696,2849212.4445
BNBUSDT,1759116300000,2025-09-29 03:25:00,2025-09-29 12:25:00,1006.07,1007.99,1005.32,1005.32,1647.816,1659048.66842
BNBUSDT,1759116600000,2025-09-29 03:30:00,2025-09-29 12:30:00,1005.33,1007.54,1005.17,1006.3,859.551,864975.5343
BNBUSDT,1759116900000,2025-09-29 03:35:00,2025-09-29 12:35:00,1006.3,1007.22,1005.96,1006.7,825.802,831219.80991
BNBUSDT,1759117200000,2025-09-29 03:40:00,2025-09-29 12:40:00,1006.69,1007.35,1005.84,1006.22,538.893,542454.31225
BNBUSDT,1759117500000,2025-09-29 03:45:00,2025-09-29 12:45:00,1006.23,1009.54,1006.23,1009.43,1289.042,1299774.81173
BNBUSDT,1759117800000,2025-09-29 03:50:00,2025-09-29 12:50:00,1009.44,1011.41,1009.43,1010.07,2792.406,2821410.25703
BNBUSDT,1759118100000,2025-09-29 03:55:00,2025-09-29 12:55:00,1010.08,1011.3,1009.37,1010.26,1034.284,1044744.29098
BNBUSDT,1759118400000,2025-09-29 04:00:00,2025-09-29 13:00:00,1010.26,1012.81,1008.78,1011.7,1663.259,1682101.59613
BNBUSDT,1759118700000,2025-09-29 04:05:00,2025-09-29 13:05:00,1011.69,1013.73,1010.72,1011.85,1540.074,1559439.21082
BNBUSDT,1759119000000,2025-09-29 04:10:00,2025-09-29 13:10:00,1011.86,1011.97,1010.1,1010.11,832.212,841127.63028
BNBUSDT,1759119300000,2025-09-29 04:15:00,2025-09-29 13:15:00,1010.11,1010.15,1009.13,1010.08,736.218,743408.05619
BNBUSDT,1759119600000,2025-09-29 04:20:00,2025-09-29 13:20:00,1010.08,1010.57,1008.32,1008.42,526.344,531245.90721
BNBUSDT,1759119900000,2025-09-29 04:25:00,2025-09-29 13:25:00,1008.41,1009.16,1007.79,1007.92,373.998,377143.4597
BNBUSDT,1759120200000,2025-09-29 04:30:00,2025-09-29 13:30:00,1007.91,1009.66,1006.62,1009.45,924.709,932004.51007
BNBUSDT,1759120500000,2025-09-29 04:35:00,2025-09-29 13:35:00,1009.44,1009.96,1007.5,1008.57,379.639,382989.56203
BNBUSDT,1759120800000,2025-09-29 04:40:00,2025-09-29 13:40:00,1008.56,1010,1008.12,1009.91,388.742,392338.80725
BNBUSDT,1759121100000,2025-09-29 04:45:00,2025-09-29 13:45:00,1009.92,1010,1007.91,1008.13,294.813,297516.322
BNBUSDT,1759121400000,2025-09-29 04:50:00,2025-09-29 13:50:00,1008.13,1009.38,1008.13,1008.53,375.132,378354.9231
BNBUSDT,1759121700000,2025-09-29 04:55:00,2025-09-29 13:55:00,1008.54,1009.25,1007.62,1007.63,612.051,617134.80187
BNBUSDT,1759122000000,2025-09-29 05:00:00,2025-09-29 14:00:00,1007.63,1009.28,1007.38,1008.03,1379.323,1390784.64804
BNBUSDT,1759122300000,2025-09-29 05:05:00,2025-09-29 14:05:00,1008.03,1008.03,1005.44,1007.29,1448.521,1458047.65547
BNBUSDT,1759122600000,2025-09-29 05:10:00,2025-09-29 14:10:00,1007.29,1009.22,1007.28,1008.5,654.901,660282.48467
BNBUSDT,1759122900000,2025-09-29 05:15:00,2025-09-29 14:15:00,1008.5,1009.95,1007.9,1009.05,858.57,866194.02777
BNBUSDT,1759123200000,2025-09-29 05:20:00,2025-09-29 14:20:00,1009.04,1011.1,1008.73,1010.1,1171.891,1183726.76266
BNBUSDT,1759123500000,2025-09-29 05:25:00,2025-09-29 14:25:00,1010.11,1011.73,1010.11,1011.37,767.83,776390.98899
BNBUSDT,1759123800000,2025-09-29 05:30:00,2025-09-29 14:30:00,1011.36,1011.56,1009.53,1009.66,794.296,802509.75622
BNBUSDT,1759124100000,2025-09-29 05:35:00,2025-09-29 14:35:00,1009.66,1010.91,1009.56,1010.69,485.722,490605.19896
BNBUSDT,1759124400000,2025-09-29 05:40:00,2025-09-29 14:40:00,1010.66,1011.21,1009.78,1009.98,417.296,421643.73942
BNBUSDT,1759124700000,2025-09-29 05:45:00,2025-09-29 14:45:00,1009.98,1011.03,1009.61,1009.87,772.418,780433.45445
BNBUSDT,1759125000000,2025-09-29 05:50:00,2025-09-29 14:50:00,1009.87,1010.07,1009.5,1009.63,357.779,361257.41554
BNBUSDT,1759125300000,2025-09-29 05:55:00,2025-09-29 14:55:00,1009.64,1010.5,1009.56,1010.23,555.901,561485.61918
BNBUSDT,1759125600000,2025-09-29 06:00:00,2025-09-29 15:00:00,1010.23,1010.91,1008.06,1008.08,840.233,848152.90207
BNBUSDT,1759125900000,2025-09-29 06:05:00,2025-09-29 15:05:00,1008.07,1009.52,1007.93,1008.31,404.072,407557.95024
BNBUSDT,1759126200000,2025-09-29 06:10:00,2025-09-29 15:10:00,1008.3,1008.31,1005.98,1006.65,858.465,864499.34374
BNBUSDT,1759126500000,2025-09-29 06:15:00,2025-09-29 15:15:00,1006.65,1008.35,1006.15,1008.23,372.189,374840.81637
BNBUSDT,1759126800000,2025-09-29 06:20:00,2025-09-29 15:20:00,1008.22,1008.23,1006.15,1006.24,304.644,306853.16162
BNBUSDT,1759127100000,2025-09-29 06:25:00,2025-09-29 15:25:00,1006.25,1008,1005.5,1007.89,724.149,729150.01959
BNBUSDT,1759127400000,2025-09-29 06:30:00,2025-09-29 15:30:00,1007.9,1010,1007.89,1008.52,937.504,946332.71434
BNBUSDT,1759127700000,2025-09-29 06:35:00,2025-09-29 15:35:00,1008.52,1009.86,1008.22,1009.83,326.529,329420.65063
BNBUSDT,1759128000000,2025-09-29 06:40:00,2025-09-29 15:40:00,1009.82,1010.84,1009.15,1010.51,549.52,555030.01338
BNBUSDT,1759128300000,2025-09-29 06:45:00,2025-09-29 15:45:00,1010.5,1011.6,1010.5,1011.53,602.747,609461.91822
BNBUSDT,1759128600000,2025-09-29 06:50:00,2025-09-29 15:50:00,1011.53,1011.53,1008.65,1008.98,521.593,526695.91963
BNBUSDT,1759128900000,2025-09-29 06:55:00,2025-09-29 15:55:00,1008.98,1010,1008.22,1009.53,583.307,588591.12721
BNBUSDT,1759129200000,2025-09-29 07:00:00,2025-09-29 16:00:00,1009.54,1010.94,1009.53,1010.59,522.566,527915.70236
BNBUSDT,1759129500000,2025-09-29 07:05:00,2025-09-29 16:05:00,1010.6,1010.61,1007.84,1008.77,564.876,569778.48633
BNBUSDT,1759129800000,2025-09-29 07:10:00,2025-09-29 16:10:00,1008.77,1009.69,1008,1008.3,415.856,419478.72763
BNBUSDT,1759130100000,2025-09-29 07:15:00,2025-09-29 16:15:00,1008.3,1008.78,1007.5,1007.86,480.729,484632.95075
BNBUSDT,1759130400000,2025-09-29 07:20:00,2025-09-29 16:20:00,1007.85,1007.94,1007.39,1007.51,440.311,443720.23058
BNBUSDT,1759130700000,2025-09-29 07:25:00,2025-09-29 16:25:00,1007.51,1007.8,1007.24,1007.69,383.593,386499.73726
BNBUSDT,1759131000000,2025-09-29 07:30:00,2025-09-29 16:30:00,1007.69,1009.08,1007.6,1008.82,836.505,843373.81018
BNBUSDT,1759131300000,2025-09-29 07:35:00,2025-09-29 16:35:00,1008.81,1010.66,1008.77,1009.68,1029.483,1039341.68654
BNBUSDT,1759131600000,2025-09-29 07:40:00,2025-09-29 16:40:00,1009.67,1010.05,1008.54,1008.75,702.784,709301.03384
BNBUSDT,1759131900000,2025-09-29 07:45:00,2025-09-29 16:45:00,1008.75,1009.06,1008.04,1008.29,776.208,782905.79065
BNBUSDT,1759132200000,2025-09-29 07:50:00,2025-09-29 16:50:00,1008.29,1010.33,1008.05,1010.32,1780.737,1797310.87695
BNBUSDT,1759132500000,2025-09-29 07:55:00,2025-09-29 16:55:00,1010.33,1010.44,1009.34,1009.87,2136.329,2157712.68385
BNBUSDT,1759132800000,2025-09-29 08:00:00,2025-09-29 17:00:00,1009.86,1012.75,1009.86,1010.68,3073.676,3109568.38116
BNBUSDT,1759133100000,2025-09-29 08:05:00,2025-09-29 17:05:00,1010.68,1011.16,1008.55,1009.06,829.222,837214.8631
BNBUSDT,1759133400000,2025-09-29 08:10:00,2025-09-29 17:10:00,1009.05,1009.46,1007.31,1008.06,1717.392,1731319.66278
BNBUSDT,1759133700000,2025-09-29 08:15:00,2025-09-29 17:15:00,1008.06,1008.06,1007.25,1007.97,786.068,792034.17026
BNBUSDT,1759134000000,2025-09-29 08:20:00,2025-09-29 17:20:00,1007.97,1008.64,1007.7,1008.38,349.726,352543.82142
BNBUSDT,1759134300000,2025-09-29 08:25:00,2025-09-29 17:25:00,1008.37,1009.3,1008.25,1008.38,620.051,625380.9754
BNBUSDT,1759134600000,2025-09-29 08:30:00,2025-09-29 17:30:00,1008.37,1009.15,1007.4,1008.33,512.115,516339.17629
BNBUSDT,1759134900000,2025-09-29 08:35:00,2025-09-29 17:35:00,1008.34,1009.05,1007.36,1007.88,546.731,551133.681
BNBUSDT,1759135200000,2025-09-29 08:40:00,2025-09-29 17:40:00,1007.88,1009.45,1007.5,1008.95,637.902,643003.26301
BNBUSDT,1759135500000,2025-09-29 08:45:00,2025-09-29 17:45:00,1008.94,1009.63,1007.4,1007.8,952.859,961154.31435
BNBUSDT,1759135800000,2025-09-29 08:50:00,2025-09-29 17:50:00,1007.79,1007.9,1007.04,1007.21,686.171,691338.47803
BNBUSDT,1759136100000,2025-09-29 08:55:00,2025-09-29 17:55:00,1007.21,1008.33,1007.08,1007.15,511.863,515838.6822
BNBUSDT,1759136400000,2025-09-29 09:00:00,2025-09-29 18:00:00,1007.14,1007.14,1005.72,1005.9,1719.843,1730674.0211
BNBUSDT,1759136700000,2025-09-29 09:05:00,2025-09-29 18:05:00,1005.9,1005.97,1004.62,1004.81,996.119,1001536.29124
BNBUSDT,1759137000000,2025-09-29 09:10:00,2025-09-29 18:10:00,1004.8,1005.9,1003.57,1004.23,1249.388,1255187.21126
BNBUSDT,1759137300000,2025-09-29 09:15:00,2025-09-29 18:15:00,1004.24,1005.34,1004.2,1005.19,710.421,713828.76848
BNBUSDT,1759137600000,2025-09-29 09:20:00,2025-09-29 18:20:00,1005.2,1005.55,1005.09,1005.46,642.231,645654.80147
BNBUSDT,1759137900000,2025-09-29 09:25:00,2025-09-29 18:25:00,1005.46,1005.56,1003.92,1004.1,2569.015,2581187.93849
BNBUSDT,1759138200000,2025-09-29 09:30:00,2025-09-29 18:30:00,1004.09,1004.33,1003.13,1003.51,1220.389,1224785.91364
BNBUSDT,1759138500000,2025-09-29 09:35:00,2025-09-29 18:35:00,1003.5,1003.7,1002.11,1003.52,1226.176,1229707.24585
BNBUSDT,1759138800000,2025-09-29 09:40:00,2025-09-29 18:40:00,1003.52,1003.71,1003.24,1003.65,501.444,503210.39978
BNBUSDT,1759139100000,2025-09-29 09:45:00,2025-09-29 18:45:00,1003.65,1004.5,1002.8,1004.31,792.075,794895.27707
BNBUSDT,1759139400000,2025-09-29 09:50:00,2025-09-29 18:50:00,1004.31,1005.19,1003.69,1004.9,517.001,519212.11877
BNBUSDT,1759139700000,2025-09-29 09:55:00,2025-09-29 18:55:00,1004.9,1007.15,1004.89,1007.15,1403.819,1412759.50992
BNBUSDT,1759140000000,2025-09-29 10:00:00,2025-09-29 19:00:00,1007.14,1007.59,1005.8,1006.93,540.602,544226.05912
BNBUSDT,1759140300000,2025-09-29 10:05:00,2025-09-29 19:05:00,1006.94,1009.49,1006.94,1009.34,1800.862,1816532.59198
BNBUSDT,1759140600000,2025-09-29 10:10:00,2025-09-29 19:10:00,1009.34,1009.55,1008.48,1009.42,1340.578,1352788.74916
BNBUSDT,1759140900000,2025-09-29 10:15:00,2025-09-29 19:15:00,1009.41,1010,1009.05,1009.51,740.962,748046.00197
BNBUSDT,1759141200000,2025-09-29 10:20:00,2025-09-29 19:20:00,1009.51,1009.51,1008.22,1008.99,2365.029,2386214.39484
BNBUSDT,1759141500000,2025-09-29 10:25:00,2025-09-29 19:25:00,1008.99,1009.58,1008.6,1008.73,2354.3,2375635.66436
BNBUSDT,1759141800000,2025-09-29 10:30:00,2025-09-29 19:30:00,1008.72,1009.18,1007.24,1007.41,523.881,528275.78434
BNBUSDT,1759142100000,2025-09-29 10:35:00,2025-09-29 19:35:00,1007.41,1007.54,1006.65,1007.53,569.42,573483.67214
BNBUSDT,1759142400000,2025-09-29 10:40:00,2025-09-29 19:40:00,1007.54,1007.96,1006.7,1007.96,351.055,353566.81533
BNBUSDT,1759142700000,2025-09-29 10:45:00,2025-09-29 19:45:00,1007.96,1009.48,1007.86,1009.47,570.755,575746.38915
BNBUSDT,1759143000000,2025-09-29 10:50:00,2025-09-29 19:50:00,1009.47,1009.48,1008.5,1009.36,912.141,920450.7102
BNBUSDT,1759143300000,2025-09-29 10:55:00,2025-09-29 19:55:00,1009.36,1010.45,1008.11,1008.21,1603.735,1619289.4105
BNBUSDT,1759143600000,2025-09-29 11:00:00,2025-09-29 20:00:00,1008.21,1008.21,1004.32,1004.83,2438.004,2453309.65074
BNBUSDT,1759143900000,2025-09-29 11:05:00,2025-09-29 20:05:00,1004.83,1005.34,1003.35,1003.7,1174.374,1179311.36793
BNBUSDT,1759144200000,2025-09-29 11:10:00,2025-09-29 20:10:00,1003.7,1005.93,1003.17,1004.66,1264.457,1270037.87051
BNBUSDT,1759144500000,2025-09-29 11:15:00,2025-09-29 20:15:00,1004.66,1008.02,1004.65,1007.95,1572.118,1583053.09292
BNBUSDT,1759144800000,2025-09-29 11:20:00,2025-09-29 20:20:00,1007.95,1007.95,1005.37,1006.23,1279.142,1287407.50172
BNBUSDT,1759145100000,2025-09-29 11:25:00,2025-09-29 20:25:00,1006.22,1007.38,1005.94,1006.9,495.567,498911.58606
BNBUSDT,1759145400000,2025-09-29 11:30:00,2025-09-29 20:30:00,1006.9,1008.05,1005.29,1007.56,1173.636,1181520.95317
BNBUSDT,1759145700000,2025-09-29 11:35:00,2025-09-29 20:35:00,1007.56,1007.63,1006.92,1007.02,413.768,416740.0576
BNBUSDT,1759146000000,2025-09-29 11:40:00,2025-09-29 20:40:00,1007.02,1007.02,1005.6,1006.58,1074.572,1081389.62966
BNBUSDT,1759146300000,2025-09-29 11:45:00,2025-09-29 20:45:00,1006.57,1006.77,1005.04,1005.09,357.874,359977.69893
BNBUSDT,1759146600000,2025-09-29 11:50:00,2025-09-29 20:50:00,1005.09,1005.37,1004,1004.34,992.533,997066.02257
BNBUSDT,1759146900000,2025-09-29 11:55:00,2025-09-29 20:55:00,1004.34,1005.39,1004.34,1004.94,457.242,459394.67043
BNBUSDT,1759147200000,2025-09-29 12:00:00,2025-09-29 21:00:00,1004.94,1004.97,1003.23,1003.26,1071.759,1076143.111
BNBUSDT,1759147500000,2025-09-29 12:05:00,2025-09-29 21:05:00,1003.26,1004.29,1003.23,1003.31,747.5,750287.93943
BNBUSDT,1759147800000,2025-09-29 12:10:00,2025-09-29 21:10:00,1003.3,1004.08,1003.24,1003.71,935.986,939503.84566
BNBUSDT,1759148100000,2025-09-29 12:15:00,2025-09-29 21:15:00,1003.71,1004.26,1003.55,1004.24,779.395,782487.93642
BNBUSDT,1759148400000,2025-09-29 12:20:00,2025-09-29 21:20:00,1004.24,1005.87,1003.91,1005.87,1034.353,1039266.0654
BNBUSDT,1759148700000,2025-09-29 12:25:00,2025-09-29 21:25:00,1005.86,1006.52,1005.36,1005.47,920.018,925548.34625
BNBUSDT,1759149000000,2025-09-29 12:30:00,2025-09-29 21:30:00,1005.48,1008,1005.48,1007.86,1635.126,1646575.99122
BNBUSDT,1759149300000,2025-09-29 12:35:00,2025-09-29 21:35:00,1007.86,1007.87,1004.16,1004.37,1178.064,1185016.16272
BNBUSDT,1759149600000,2025-09-29 12:40:00,2025-09-29 21:40:00,1004.36,1004.41,1002.81,1003.96,1052.06,1055952.71606
BNBUSDT,1759149900000,2025-09-29 12:45:00,2025-09-29 21:45:00,1003.96,1005.63,1003.32,1003.77,1034.386,1038910.11243
BNBUSDT,1759150200000,2025-09-29 12:50:00,2025-09-29 21:50:00,1003.77,1004.03,1000.57,1001.29,1593.839,1596324.98752
BNBUSDT,1759150500000,2025-09-29 12:55:00,2025-09-29 21:55:00,1001.28,1002.23,1000.69,1001.45,1101.049,1102499.60005
BNBUSDT,1759150800000,2025-09-29 13:00:00,2025-09-29 22:00:00,1001.45,1003.03,1000,1000.71,1131.46,1132714.682
BNBUSDT,1759151100000,2025-09-29 13:05:00,2025-09-29 22:05:00,1000.71,1002.1,1000.04,1002.09,850.65,851515.89528
BNBUSDT,1759151400000,2025-09-29 13:10:00,2025-09-29 22:10:00,1002.1,1004.35,1002.03,1004.12,920.171,922964.9469
BNBUSDT,1759151700000,2025-09-29 13:15:00,2025-09-29 22:15:00,1004.12,1004.5,1002.62,1003.16,994.135,997779.85707
BNBUSDT,1759152000000,2025-09-29 13:20:00,2025-09-29 22:20:00,1003.17,1004.39,1002.02,1002.34,1118.553,1122603.07716
BNBUSDT,1759152300000,2025-09-29 13:25:00,2025-09-29 22:25:00,1002.35,1002.49,1001.7,1001.94,780.188,781845.11984
BNBUSDT,1759152600000,2025-09-29 13:30:00,2025-09-29 22:30:00,1001.95,1004.97,1001.95,1004.45,2685.959,2695953.30835
BNBUSDT,1759152900000,2025-09-29 13:35:00,2025-09-29 22:35:00,1004.45,1007.1,1003.84,1005.97,1057.832,1063865.24626
BNBUSDT,1759153200000,2025-09-29 13:40:00,2025-09-29 22:40:00,1005.96,1010.89,1005.96,1010.89,2776.505,2799204.48752
BNBUSDT,1759153500000,2025-09-29 13:45:00,2025-09-29 22:45:00,1010.89,1011.26,1008.92,1010.9,1976.426,1996392.60097
BNBUSDT,1759153800000,2025-09-29 13:50:00,2025-09-29 22:50:00,1010.9,1013,1010.52,1012.98,1834.525,1856096.15088
BNBUSDT,1759154100000,2025-09-29 13:55:00,2025-09-29 22:55:00,1012.99,1013.29,1011.63,1012.16,1964.746,1989355.48318
BNBUSDT,1759154400000,2025-09-29 14:00:00,2025-09-29 23:00:00,1012.16,1016.43,1012,1016.43,3966.147,4021560.90542
BNBUSDT,1759154700000,2025-09-29 14:05:00,2025-09-29 23:05:00,1016.44,1016.93,1014.03,1016.4,4136.886,4201067.98357
BNBUSDT,1759155000000,2025-09-29 14:10:00,2025-09-29 23:10:00,1016.4,1017.1,1015,1015.89,2435.274,2474351.82128
BNBUSDT,1759155300000,2025-09-29 14:15:00,2025-09-29 23:15:00,1015.89,1017.22,1013.1,1015.41,3223.001,3272695.5326
BNBUSDT,1759155600000,2025-09-29 14:20:00,2025-09-29 23:20:00,1015.41,1020.87,1015.3,1018.6,5217.661,5317387.25378
BNBUSDT,1759155900000,2025-09-29 14:25:00,2025-09-29 23:25:00,1018.6,1020.74,1018.59,1020.4,1644.441,1677371.16948
BNBUSDT,1759156200000,2025-09-29 14:30:00,2025-09-29 23:30:00,1020.4,1022.13,1019.07,1020.17,1898.79,1938375.79022
BNBUSDT,1759156500000,2025-09-29 14:35:00,2025-09-29 23:35:00,1020.18,1022.15,1019.01,1021.41,1119.543,1142359.69212
BNBUSDT,1759156800000,2025-09-29 14:40:00,2025-09-29 23:40:00,1021.4,1023.16,1019.69,1019.99,1761.701,1799597.95691
BNBUSDT,1759157100000,2025-09-29 14:45:00,2025-09-29 23:45:00,1020,1020.36,1018.01,1018.19,2913.837,2969870.95485
BNBUSDT,1759157400000,2025-09-29 14:50:00,2025-09-29 23:50:00,1018.18,1019.92,1018,1018.28,2460.6,2507618.35746
BNBUSDT,1759157700000,2025-09-29 14:55:00,2025-09-29 23:55:00,1018.28,1019.06,1018,1018.4,2595.614,2642650.42252
BNBUSDT,1759158000000,2025-09-29 15:00:00,2025-09-30 00:00:00,1018.4,1018.89,1018,1018.75,1381.555,1406727.8066
BNBUSDT,1759158300000,2025-09-29 15:05:00,2025-09-30 00:05:00,1018.75,1018.9,1016.43,1016.67,700.47,712899.26913
BNBUSDT,1759158600000,2025-09-29 15:10:00,2025-09-30 00:10:00,1016.67,1017.38,1016,1016.44,1593.963,1619888.78561
BNBUSDT,1759158900000,2025-09-29 15:15:00,2025-09-30 00:15:00,1016.43,1016.59,1013,1013.08,2034.06,2063674.13092
BNBUSDT,1759159200000,2025-09-29 15:20:00,2025-09-30 00:20:00,1013.08,1014.35,1011.9,1012.35,1402.275,1420600.67439
BNBUSDT,1759159500000,2025-09-29 15:25:00,2025-09-30 00:25:00,1012.36,1013.16,1009.74,1010.74,2519.545,2546761.83201
BNBUSDT,1759159800000,2025-09-29 15:30:00,2025-09-30 00:30:00,1010.75,1011.77,1010.38,1011.77,1383.619,1398617.88735
BNBUSDT,1759160100000,2025-09-29 15:35:00,2025-09-30 00:35:00,1011.77,1013.11,1010.26,1011.04,1327.331,1343072.02169
BNBUSDT,1759160400000,2025-09-29 15:40:00,2025-09-30 00:40:00,1011.04,1011.05,1008.62,1009.55,1683.108,1699354.67705
BNBUSDT,1759160700000,2025-09-29 15:45:00,2025-09-30 00:45:00,1009.55,1009.96,1008.7,1008.89,742.119,749106.02501
BNBUSDT,1759161000000,2025-09-29 15:50:00,2025-09-30 00:50:00,1008.89,1010.4,1008.1,1010.24,745.869,752813.82661
BNBUSDT,1759161300000,2025-09-29 15:55:00,2025-09-30 00:55:00,1010.23,1011.17,1009.69,1011.08,840.056,849027.8179
BNBUSDT,1759161600000,2025-09-29 16:00:00,2025-09-30 01:00:00,1011.07,1011.79,1009.84,1011.39,1081.785,1093335.23308
BNBUSDT,1759161900000,2025-09-29 16:05:00,2025-09-30 01:05:00,1011.39,1013.75,1010.76,1013.71,1086.256,1099591.3006
BNBUSDT,1759162200000,2025-09-29 16:10:00,2025-09-30 01:10:00,1013.7,1014.55,1011.66,1011.68,1196.167,1212032.79125
BNBUSDT,1759162500000,2025-09-29 16:15:00,2025-09-30 01:15:00,1011.69,1013.02,1009.76,1010.38,1061.188,1073299.03436
BNBUSDT,1759162800000,2025-09-29 16:20:00,2025-09-30 01:20:00,1010.38,1010.66,1007.17,1007.5,2063.23,2081336.89377
BNBUSDT,1759163100000,2025-09-29 16:25:00,2025-09-30 01:25:00,1007.49,1007.76,1006.4,1007.17,828.225,834071.15643
BNBUSDT,1759163400000,2025-09-29 16:30:00,2025-09-30 01:30:00,1007.16,1008.23,1006.53,1008.15,542.077,546137.7466
BNBUSDT,1759163700000,2025-09-29 16:35:00,2025-09-30 01:35:00,1008.16,1008.67,1006.32,1006.44,821.045,826922.60848
BNBUSDT,1759164000000,2025-09-29 16:40:00,2025-09-30 01:40:00,1006.43,1006.83,1005,1005.95,2338.686,2351854.05603
BNBUSDT,1759164300000,2025-09-29 16:45:00,2025-09-30 01:45:00,1005.94,1007.08,1005.25,1007.07,855.474,860916.67486
BNBUSDT,1759164600000,2025-09-29 16:50:00,2025-09-30 01:50:00,1007.07,1007.7,1006.22,1007.49,856.158,862059.93807
BNBUSDT,1759164900000,2025-09-29 16:55:00,2025-09-30 01:55:00,1007.5,1007.67,1005.16,1005.39,689.452,693860.10894
BNBUSDT,1759165200000,2025-09-29 17:00:00,2025-09-30 02:00:00,1005.4,1005.94,1003.53,1005.23,1249.451,1255220.02
BNBUSDT,1759165500000,2025-09-29 17:05:00,2025-09-30 02:05:00,1005.24,1008.66,1005.05,1008.3,747.052,752455.91007
BNBUSDT,1759165800000,2025-09-29 17:10:00,2025-09-30 02:10:00,1008.3,1008.88,1007.68,1007.99,476.962,480993.00229
BNBUSDT,1759166100000,2025-09-29 17:15:00,2025-09-30 02:15:00,1007.98,1008.78,1005.88,1008.49,484.49,488063.5954
BNBUSDT,1759166400000,2025-09-29 17:20:00,2025-09-30 02:20:00,1008.49,1008.53,1007.03,1008.43,514.72,518809.8857
BNBUSDT,1759166700000,2025-09-29 17:25:00,2025-09-30 02:25:00,1008.44,1008.59,1008.15,1008.33,530.508,534941.10913
BNBUSDT,1759167000000,2025-09-29 17:30:00,2025-09-30 02:30:00,1008.33,1008.33,1006.17,1007.19,511.779,515572.39624
BNBUSDT,1759167300000,2025-09-29 17:35:00,2025-09-30 02:35:00,1007.18,1008.59,1006.86,1008.51,930.12,937334.18286
BNBUSDT,1759167600000,2025-09-29 17:40:00,2025-09-30 02:40:00,1008.51,1009.97,1008.5,1009.12,932.767,941185.49002
BNBUSDT,1759167900000,2025-09-29 17:45:00,2025-09-30 02:45:00,1009.11,1014.45,1008.95,1011.25,3188.594,3226389.23146
BNBUSDT,1759168200000,2025-09-29 17:50:00,2025-09-30 02:50:00,1011.24,1012.81,1010.65,1012.27,1932.144,1955006.5069
BNBUSDT,1759168500000,2025-09-29 17:55:00,2025-09-30 02:55:00,1012.28,1012.42,1011.25,1012.14,311.416,315116.97117
BNBUSDT,1759168800000,2025-09-29 18:00:00,2025-09-30 03:00:00,1012.14,1012.25,1011.25,1011.43,337.99,341960.02985
BNBUSDT,1759169100000,2025-09-29 18:05:00,2025-09-30 03:05:00,1011.42,1012.07,1010.4,1010.71,292.293,295647.80512
BNBUSDT,1759169400000,2025-09-29 18:10:00,2025-09-30 03:10:00,1010.7,1011.67,1010.5,1010.96,454.724,459809.48734
BNBUSDT,1759169700000,2025-09-29 18:15:00,2025-09-30 03:15:00,1010.97,1011.92,1010.83,1011.78,282.767,285978.04462
BNBUSDT,1759170000000,2025-09-29 18:20:00,2025-09-30 03:20:00,1011.79,1013.34,1011.65,1012.41,490.197,496448.79191
BNBUSDT,1759170300000,2025-09-29 18:25:00,2025-09-30 03:25:00,1012.41,1013.27,1011.78,1013.27,261.227,264524.93576
BNBUSDT,1759170600000,2025-09-29 18:30:00,2025-09-30 03:30:00,1013.27,1013.82,1012.76,1013.64,656.649,665328.45553
BNBUSDT,1759170900000,2025-09-29 18:35:00,2025-09-30 03:35:00,1013.63,1015.03,1013.27,1014.98,1778.803,1804488.00685
BNBUSDT,1759171200000,2025-09-29 18:40:00,2025-09-30 03:40:00,1014.98,1015.71,1014.03,1015.7,713.51,723986.37634
BNBUSDT,1759171500000,2025-09-29 18:45:00,2025-09-30 03:45:00,1015.71,1017.2,1015.46,1016.79,459.437,467038.33755
BNBUSDT,1759171800000,2025-09-29 18:50:00,2025-09-30 03:50:00,1016.8,1016.87,1015.84,1016.84,494.441,502539.65319
BNBUSDT,1759172100000,2025-09-29 18:55:00,2025-09-30 03:55:00,1016.84,1017.64,1016.11,1017.22,347.575,353477.51267
BNBUSDT,1759172400000,2025-09-29 19:00:00,2025-09-30 04:00:00,1017.22,1018.2,1017.16,1018.19,620.054,630873.63914
BNBUSDT,1759172700000,2025-09-29 19:05:00,2025-09-30 04:05:00,1018.2,1019,1017.81,1018.98,499.314,508544.27566
BNBUSDT,1759173000000,2025-09-29 19:10:00,2025-09-30 04:10:00,1018.98,1021.22,1018.97,1020.57,1719.493,1754286.21794
BNBUSDT,1759173300000,2025-09-29 19:15:00,2025-09-30 04:15:00,1020.56,1020.56,1017.66,1020.06,638.378,650818.23789
BNBUSDT,1759173600000,2025-09-29 19:20:00,2025-09-30 04:20:00,1020.05,1020.18,1019.21,1020.18,403.862,411818.94353
BNBUSDT,1759173900000,2025-09-29 19:25:00,2025-09-30 04:25:00,1020.19,1021.12,1019.52,1019.52,260.275,265570.51205
BNBUSDT,1759174200000,2025-09-29 19:30:00,2025-09-30 04:30:00,1019.52,1019.53,1017.67,1018.8,426.74,434712.36009
BNBUSDT,1759174500000,2025-09-29 19:35:00,2025-09-30 04:35:00,1018.81,1018.81,1017.67,1018.01,572.123,582492.54146
BNBUSDT,1759174800000,2025-09-29 19:40:00,2025-09-30 04:40:00,1018.01,1019.79,1017.98,1019.78,383.452,390669.20396
BNBUSDT,1759175100000,2025-09-29 19:45:00,2025-09-30 04:45:00,1019.77,1021.31,1019.75,1020.57,780.795,796789.73246
BNBUSDT,1759175400000,2025-09-29 19:50:00,2025-09-30 04:50:00,1020.57,1020.87,1018.93,1020.13,495.078,504925.70874
BNBUSDT,1759175700000,2025-09-29 19:55:00,2025-09-30 04:55:00,1020.13,1021.16,1019.5,1020.23,549.179,560343.724
BNBUSDT,1759176000000,2025-09-29 20:00:00,2025-09-30 05:00:00,1020.23,1022.48,1019.02,1022,1134.681,1158228.16723
BNBUSDT,1759176300000,2025-09-29 20:05:00,2025-09-30 05:05:00,1022.01,1023.29,1021.67,1022.95,903.819,924211.5686
BNBUSDT,1759176600000,2025-09-29 20:10:00,2025-09-30 05:10:00,1022.96,1024.3,1022.74,1023.76,1867.952,1912381.81249
BNBUSDT,1759176900000,2025-09-29 20:15:00,2025-09-30 05:15:00,1023.75,1024.87,1022.45,1022.79,822.159,841808.5669
BNBUSDT,1759177200000,2025-09-29 20:20:00,2025-09-30 05:20:00,1022.78,1024,1022.25,1022.62,290.401,297025.07135
BNBUSDT,1759177500000,2025-09-29 20:25:00,2025-09-30 05:25:00,1022.62,1023.52,1021.86,1023.1,714.489,730707.92682
BNBUSDT,1759177800000,2025-09-29 20:30:00,2025-09-30 05:30:00,1023.09,1025.2,1023.09,1024.99,1554.344,1592444.0267
BNBUSDT,1759178100000,2025-09-29 20:35:00,2025-09-30 05:35:00,1024.98,1026.89,1024.81,1025.98,775.079,795066.06915
BNBUSDT,1759178400000,2025-09-29 20:40:00,2025-09-30 05:40:00,1025.99,1027.36,1025.29,1026.91,609.473,625422.82258
BNBUSDT,1759178700000,2025-09-29 20:45:00,2025-09-30 05:45:00,1026.91,1027.9,1025.93,1027.75,682.086,700659.06781
BNBUSDT,1759179000000,2025-09-29 20:50:00,2025-09-30 05:50:00,1027.74,1030,1027.74,1028.59,1375.667,1415233.28038
BNBUSDT,1759179300000,2025-09-29 20:55:00,2025-09-30 05:55:00,1028.6,1028.95,1027.4,1027.71,361.418,371565.01597
BNBUSDT,1759179600000,2025-09-29 21:00:00,2025-09-30 06:00:00,1027.71,1028.82,1026.36,1027.73,1425.82,1465066.45703
BNBUSDT,1759179900000,2025-09-29 21:05:00,2025-09-30 06:05:00,1027.73,1029.86,1027.72,1028.86,2099.156,2159256.38658
BNBUSDT,1759180200000,2025-09-29 21:10:00,2025-09-30 06:10:00,1028.86,1029,1025.99,1026,532.921,547596.62176
BNBUSDT,1759180500000,2025-09-29 21:15:00,2025-09-30 06:15:00,1026.01,1028.08,1026.01,1026.5,363.84,373690.0932
BNBUSDT,1759180800000,2025-09-29 21:20:00,2025-09-30 06:20:00,1026.5,1028.16,1026.48,1027.72,337.792,346959.34618
BNBUSDT,1759181100000,2025-09-29 21:25:00,2025-09-30 06:25:00,1027.72,1027.73,1026.85,1027.07,245.778,252490.77452
BNBUSDT,1759181400000,2025-09-29 21:30:00,2025-09-30 06:30:00,1027.07,1027.57,1026.05,1027.37,477.185,489974.43222
BNBUSDT,1759181700000,2025-09-29 21:35:00,2025-09-30 06:35:00,1027.37,1029.5,1027.26,1029.5,236.029,242655.41657
BNBUSDT,1759182000000,2025-09-29 21:40:00,2025-09-30 06:40:00,1029.49,1030.6,1028.73,1029.23,1404.83,1446667.93173
BNBUSDT,1759182300000,2025-09-29 21:45:00,2025-09-30 06:45:00,1029.23,1029.41,1028.73,1029.39,252.859,260175.9001
BNBUSDT,1759182600000,2025-09-29 21:50:00,2025-09-30 06:50:00,1029.39,1029.46,1028.02,1028.59,392.064,403191.23513
BNBUSDT,1759182900000,2025-09-29 21:55:00,2025-09-30 06:55:00,1028.59,1030.64,1028.59,1030.37,321.988,331773.33037
BNBUSDT,1759183200000,2025-09-29 22:00:00,2025-09-30 07:00:00,1030.37,1031.96,1029.26,1031.87,1071.367,1103916.93805
BNBUSDT,1759183500000,2025-09-29 22:05:00,2025-09-30 07:05:00,1031.86,1033,1030.63,1032.71,983.525,1015113.96384
BNBUSDT,1759183800000,2025-09-29 22:10:00,2025-09-30 07:10:00,1032.72,1032.94,1030.37,1032.7,1360.395,1403782.24971
BNBUSDT,1759184100000,2025-09-29 22:15:00,2025-09-30 07:15:00,1032.7,1034.16,1032,1033.32,1686.318,1742215.20232
BNBUSDT,1759184400000,2025-09-29 22:20:00,2025-09-30 07:20:00,1033.32,1034.72,1031.76,1032.4,1166.692,1206266.34482
BNBUSDT,1759184700000,2025-09-29 22:25:00,2025-09-30 07:25:00,1032.4,1033.23,1030.77,1033.23,1574.936,1624866.35071
BNBUSDT,1759185000000,2025-09-29 22:30:00,2025-09-30 07:30:00,1033.23,1033.88,1032.69,1033.35,748.068,773021.42749
BNBUSDT,1759185300000,2025-09-29 22:35:00,2025-09-30 07:35:00,1033.35,1033.43,1031.6,1032.06,558.717,576698.99197
BNBUSDT,1759185600000,2025-09-29 22:40:00,2025-09-30 07:40:00,1032.07,1033.56,1031.75,1033.56,572.266,590870.40554
BNBUSDT,1759185900000,2025-09-29 22:45:00,2025-09-30 07:45:00,1033.56,1036,1032.85,1034.44,943.382,976194.37916
BNBUSDT,1759186200000,2025-09-29 22:50:00,2025-09-30 07:50:00,1034.44,1035.23,1033.23,1035.03,551.387,570484.60436
BNBUSDT,1759186500000,2025-09-29 22:55:00,2025-09-30 07:55:00,1035.04,1035.9,1034.12,1034.41,493.283,510541.89882
BNBUSDT,1759186800000,2025-09-29 23:00:00,2025-09-30 08:00:00,1034.41,1034.41,1032.99,1033.39,587.337,607197.6123
BNBUSDT,1759187100000,2025-09-29 23:05:00,2025-09-30 08:05:00,1033.38,1033.38,1031.2,1032.96,884.164,912448.76567
BNBUSDT,1759187400000,2025-09-29 23:10:00,2025-09-30 08:10:00,1032.96,1034.18,1031.08,1031.62,1012.941,1045511.84245
BNBUSDT,1759187700000,2025-09-29 23:15:00,2025-09-30 08:15:00,1031.62,1033.16,1030.8,1033,1430.478,1475918.35936
BNBUSDT,1759188000000,2025-09-29 23:20:00,2025-09-30 08:20:00,1033,1033.5,1031.99,1032.1,334.072,344921.5756
BNBUSDT,1759188300000,2025-09-29 23:25:00,2025-09-30 08:25:00,1032.1,1032.1,1030.16,1031.05,389.713,401664.66327
BNBUSDT,1759188600000,2025-09-29 23:30:00,2025-09-30 08:30:00,1031.04,1032.81,1031,1032.51,631.584,651878.56916
BNBUSDT,1759188900000,2025-09-29 23:35:00,2025-09-30 08:35:00,1032.51,1032.75,1030.79,1031.09,285.594,294648.83991
BNBUSDT,1759189200000,2025-09-29 23:40:00,2025-09-30 08:40:00,1031.09,1031.14,1028.1,1029.5,1330.215,1369254.74611
BNBUSDT,1759189500000,2025-09-29 23:45:00,2025-09-30 08:45:00,1029.5,1030.41,1029.01,1029.43,520.405,535868.56042
BNBUSDT,1759189800000,2025-09-29 23:50:00,2025-09-30 08:50:00,1029.42,1030.43,1028.69,1029.08,664.621,684245.92754
BNBUSDT,1759190100000,2025-09-29 23:55:00,2025-09-30 08:55:00,1029.08,1030.81,1029.08,1029.79,671.573,691912.20099
BNBUSDT,1759190400000,2025-09-30 00:00:00,2025-09-30 09:00:00,1029.79,1031.21,1029.78,1031.1,954.759,984004.05472
BNBUSDT,1759190700000,2025-09-30 00:05:00,2025-09-30 09:05:00,1031.1,1031.73,1030.13,1031.17,616.581,635744.58673
BNBUSDT,1759191000000,2025-09-30 00:10:00,2025-09-30 09:10:00,1031.17,1034.01,1031.16,1032.32,1032.505,1066641.78048
BNBUSDT,1759191300000,2025-09-30 00:15:00,2025-09-30 09:15:00,1032.32,1032.32,1029.17,1029.29,1107.926,1142144.7017
BNBUSDT,1759191600000,2025-09-30 00:20:00,2025-09-30 09:20:00,1029.29,1030.46,1028.02,1029.15,595.547,613008.39541
BNBUSDT,1759191900000,2025-09-30 00:25:00,2025-09-30 09:25:00,1029.15,1030.37,1028.41,1030.33,416.581,428791.68879
BNBUSDT,1759192200000,2025-09-30 00:30:00,2025-09-30 09:30:00,1030.33,1031.94,1029.21,1031.64,853.863,880015.20418
BNBUSDT,1759192500000,2025-09-30 00:35:00,2025-09-30 09:35:00,1031.63,1033.2,1030.92,1031.14,674.398,695884.32441
BNBUSDT,1759192800000,2025-09-30 00:40:00,2025-09-30 09:40:00,1031.15,1032.37,1031,1031.77,453.536,467897.98344
BNBUSDT,1759193100000,2025-09-30 00:45:00,2025-09-30 09:45:00,1031.76,1031.96,1029.47,1031.03,626.972,646246.8154
BNBUSDT,1759193400000,2025-09-30 00:50:00,2025-09-30 09:50:00,1031.04,1033.76,1026.77,1028.89,2119.529,2183412.71812
BNBUSDT,1759193700000,2025-09-30 00:55:00,2025-09-30 09:55:00,1028.89,1029.14,1027.01,1027.9,346.275,355992.20308
BNBUSDT,1759194000000,2025-09-30 01:00:00,2025-09-30 10:00:00,1027.9,1029.22,1027.76,1029,380.365,391125.21052
BNBUSDT,1759194300000,2025-09-30 01:05:00,2025-09-30 10:05:00,1029,1029.73,1028.34,1029.45,542.14,557989.92023
BNBUSDT,1759194600000,2025-09-30 01:10:00,2025-09-30 10:10:00,1029.45,1031.07,1029.17,1029.79,519.092,534688.58623
BNBUSDT,1759194900000,2025-09-30 01:15:00,2025-09-30 10:15:00,1029.79,1030.22,1028,1029.13,368.225,378927.00379
BNBUSDT,1759195200000,2025-09-30 01:20:00,2025-09-30 10:20:00,1029.12,1030.05,1028.44,1029.61,447.658,460827.76719
BNBUSDT,1759195500000,2025-09-30 01:25:00,2025-09-30 10:25:00,1029.6,1030.12,1027.91,1027.95,533.547,549141.45105
BNBUSDT,1759195800000,2025-09-30 01:30:00,2025-09-30 10:30:00,1027.96,1027.96,1024.22,1025.49,1662.881,1705293.69234
BNBUSDT,1759196100000,2025-09-30 01:35:00,2025-09-30 10:35:00,1025.49,1026.5,1025.38,1026.26,684.043,701807.20232
BNBUSDT,1759196400000,2025-09-30 01:40:00,2025-09-30 10:40:00,1026.26,1026.86,1024.39,1025.2,664.411,681502.20733
BNBUSDT,1759196700000,2025-09-30 01:45:00,2025-09-30 10:45:00,1025.19,1025.23,1023.88,1024.91,826.52,846772.98358
BNBUSDT,1759197000000,2025-09-30 01:50:00,2025-09-30 10:50:00,1024.88,1025.8,1024,1025.03,703.236,720745.55719
BNBUSDT,1759197300000,2025-09-30 01:55:00,2025-09-30 10:55:00,1025.03,1025.99,1024.48,1025.63,771.888,791407.64839
BNBUSDT,1759197600000,2025-09-30 02:00:00,2025-09-30 11:00:00,1025.63,1027.57,1024.11,1027.37,1131.705,1160696.0975
BNBUSDT,1759197900000,2025-09-30 02:05:00,2025-09-30 11:05:00,1027.37,1027.72,1025.76,1026.78,515.372,529128.7443
BNBUSDT,1759198200000,2025-09-30 02:10:00,2025-09-30 11:10:00,1026.79,1026.79,1024.88,1025.33,358.524,367717.43636
BNBUSDT,1759198500000,2025-09-30 02:15:00,2025-09-30 11:15:00,1025.32,1026.33,1024.54,1025.07,232.046,237943.61528
BNBUSDT,1759198800000,2025-09-30 02:20:00,2025-09-30 11:20:00,1025.07,1027.34,1025.07,1026.04,289.433,297057.8077
BNBUSDT,1759199100000,2025-09-30 02:25:00,2025-09-30 11:25:00,1026.04,1026.14,1023.56,1024,1187.446,1217244.55653
BNBUSDT,1759199400000,2025-09-30 02:30:00,2025-09-30 11:30:00,1023.99,1024,1023,1023.13,1152.953,1180478.86001
BNBUSDT,1759199700000,2025-09-30 02:35:00,2025-09-30 11:35:00,1023.13,1024,1022.81,1024,1090.995,1116780.13628
BNBUSDT,1759200000000,2025-09-30 02:40:00,2025-09-30 11:40:00,1024,1024,1022.98,1023.51,1850.151,1894266.77282
BNBUSDT,1759200300000,2025-09-30 02:45:00,2025-09-30 11:45:00,1023.51,1024.24,1023.08,1023.25,1065.562,1091025.79705
BNBUSDT,1759200600000,2025-09-30 02:50:00,2025-09-30 11:50:00,1023.25,1023.76,1022.37,1023.26,566.418,579405.90102
BNBUSDT,1759200900000,2025-09-30 02:55:00,2025-09-30 11:55:00,1023.27,1024.28,1020.87,1021.87,2651.691,2710528.81937
BNBUSDT,1759201200000,2025-09-30 03:00:00,2025-09-30 12:00:00,1021.88,1024.51,1021,1024.19,1019.346,1042868.58818
BNBUSDT,1759201500000,2025-09-30 03:05:00,2025-09-30 12:05:00,1024.2,1024.8,1023.53,1023.54,526.064,538895.02782
BNBUSDT,1759201800000,2025-09-30 03:10:00,2025-09-30 12:10:00,1023.54,1024.24,1022.64,1023.79,203.617,208383.49347
BNBUSDT,1759202100000,2025-09-30 03:15:00,2025-09-30 12:15:00,1023.78,1026.19,1023.48,1025.2,551.522,565456.3257
BNBUSDT,1759202400000,2025-09-30 03:20:00,2025-09-30 12:20:00,1025.19,1025.69,1024.6,1025,577.868,592366.54382
BNBUSDT,1759202700000,2025-09-30 03:25:00,2025-09-30 12:25:00,1025,1025.99,1024.91,1025.72,295.107,302655.34164
BNBUSDT,1759203000000,2025-09-30 03:30:00,2025-09-30 12:30:00,1025.72,1026.15,1024.99,1025.05,386.072,395915.97815
BNBUSDT,1759203300000,2025-09-30 03:35:00,2025-09-30 12:35:00,1025.05,1025.8,1024.69,1024.71,358.372,367388.43018
BNBUSDT,1759203600000,2025-09-30 03:40:00,2025-09-30 12:40:00,1024.72,1025.2,1024.27,1025.2,531.062,544175.8886
BNBUSDT,1759203900000,2025-09-30 03:45:00,2025-09-30 12:45:00,1025.2,1025.56,1024.44,1025.31,428.168,438910.56982
BNBUSDT,1759204200000,2025-09-30 03:50:00,2025-09-30 12:50:00,1025.31,1025.31,1023.83,1023.83,430.841,441418.70832
BNBUSDT,1759204500000,2025-09-30 03:55:00,2025-09-30 12:55:00,1023.84,1023.96,1023.1,1023.2,379.038,387950.57859
BNBUSDT,1759204800000,2025-09-30 04:00:00,2025-09-30 13:00:00,1023.19,1024.69,1023,1024.69,2256.504,2310602.06838
BNBUSDT,1759205100000,2025-09-30 04:05:00,2025-09-30 13:05:00,1024.69,1025.5,1024.68,1025.4,855.076,876559.00112
BNBUSDT,1759205400000,2025-09-30 04:10:00,2025-09-30 13:10:00,1025.4,1026,1025.19,1025.19,339.435,348148.8822
BNBUSDT,1759205700000,2025-09-30 04:15:00,2025-09-30 13:15:00,1025.19,1025.88,1024.82,1025.78,361.764,370993.17165
BNBUSDT,1759206000000,2025-09-30 04:20:00,2025-09-30 13:20:00,1025.79,1026,1025.59,1026,386.157,396133.511
BNBUSDT,1759206300000,2025-09-30 04:25:00,2025-09-30 13:25:00,1026,1026.22,1025.56,1025.88,318.1,326353.36544
BNBUSDT,1759206600000,2025-09-30 04:30:00,2025-09-30 13:30:00,1025.87,1026.1,1024.78,1026.1,486.78,499133.21059
BNBUSDT,1759206900000,2025-09-30 04:35:00,2025-09-30 13:35:00,1026.1,1026.77,1025.95,1026.33,217.277,222992.32525
BNBUSDT,1759207200000,2025-09-30 04:40:00,2025-09-30 13:40:00,1026.33,1027.16,1026.19,1026.76,569.486,584702.94239
BNBUSDT,1759207500000,2025-09-30 04:45:00,2025-09-30 13:45:00,1026.76,1027.79,1026.7,1027.4,317.866,326507.47775
BNBUSDT,1759207800000,2025-09-30 04:50:00,2025-09-30 13:50:00,1027.41,1027.42,1026.5,1026.76,314.757,323289.55103
BNBUSDT,1759208100000,2025-09-30 04:55:00,2025-09-30 13:55:00,1026.76,1027.05,1025.45,1025.45,419.676,430819.58823
BNBUSDT,1759208400000,2025-09-30 05:00:00,2025-09-30 14:00:00,1025.46,1025.46,1023.52,1023.77,601.677,616270.31132
BNBUSDT,1759208700000,2025-09-30 05:05:00,2025-09-30 14:05:00,1023.78,1025.35,1023.77,1025.35,362.678,371591.15201
BNBUSDT,1759209000000,2025-09-30 05:10:00,2025-09-30 14:10:00,1025.35,1025.5,1022.96,1023.69,629.873,645027.6459
BNBUSDT,1759209300000,2025-09-30 05:15:00,2025-09-30 14:15:00,1023.69,1023.7,1021.03,1021.54,960.281,981440.35794
BNBUSDT,1759209600000,2025-09-30 05:20:00,2025-09-30 14:20:00,1021.55,1022.13,1021.04,1021.38,559.368,571458.38026
BNBUSDT,1759209900000,2025-09-30 05:25:00,2025-09-30 14:25:00,1021.37,1021.51,1020.51,1021.18,685.491,699898.50915
BNBUSDT,1759210200000,2025-09-30 05:30:00,2025-09-30 14:30:00,1021.18,1021.44,1019.79,1020.16,1467.129,1497182.12988
BNBUSDT,1759210500000,2025-09-30 05:35:00,2025-09-30 14:35:00,1020.16,1020.66,1019.68,1020.66,1117.486,1139982.43213
BNBUSDT,1759210800000,2025-09-30 05:40:00,2025-09-30 14:40:00,1020.66,1021.28,1020.5,1020.71,1195.524,1220494.95179
BNBUSDT,1759211100000,2025-09-30 05:45:00,2025-09-30 14:45:00,1020.71,1022.67,1020.07,1022.65,1183.465,1208807.71199
BNBUSDT,1759211400000,2025-09-30 05:50:00,2025-09-30 14:50:00,1022.65,1026.22,1022.65,1024.19,2661.121,2726513.44701
BNBUSDT,1759211700000,2025-09-30 05:55:00,2025-09-30 14:55:00,1024.19,1024.98,1023.66,1023.97,615.742,630638.78027
BNBUSDT,1759212000000,2025-09-30 06:00:00,2025-09-30 15:00:00,1023.98,1024.72,1022.45,1022.64,592.534,606518.88995
BNBUSDT,1759212300000,2025-09-30 06:05:00,2025-09-30 15:05:00,1022.64,1024,1022.03,1023.62,531.808,544033.0554
BNBUSDT,1759212600000,2025-09-30 06:10:00,2025-09-30 15:10:00,1023.62,1025.32,1023.55,1024.77,472.394,483995.10849
BNBUSDT,1759212900000,2025-09-30 06:15:00,2025-09-30 15:15:00,1024.77,1025.31,1023.94,1024.42,617.175,632417.60458
BNBUSDT,1759213200000,2025-09-30 06:20:00,2025-09-30 15:20:00,1024.41,1024.79,1023.69,1024.73,573.861,587722.95961
BNBUSDT,1759213500000,2025-09-30 06:25:00,2025-09-30 15:25:00,1024.72,1025.1,1023.32,1023.32,696.159,712957.54038
BNBUSDT,1759213800000,2025-09-30 06:30:00,2025-09-30 15:30:00,1023.32,1024.39,1022.8,1024.39,723.113,740036.35662
BNBUSDT,1759214100000,2025-09-30 06:35:00,2025-09-30 15:35:00,1024.38,1025.23,1024.38,1024.75,517.059,529908.43558
BNBUSDT,1759214400000,2025-09-30 06:40:00,2025-09-30 15:40:00,1024.74,1026.84,1024.74,1026.65,548.482,562761.28285
BNBUSDT,1759214700000,2025-09-30 06:45:00,2025-09-30 15:45:00,1026.66,1026.67,1025.69,1026.32,430.687,441982.05578
BNBUSDT,1759215000000,2025-09-30 06:50:00,2025-09-30 15:50:00,1026.32,1026.64,1026.06,1026.59,631.929,648565.98361
BNBUSDT,1759215300000,2025-09-30 06:55:00,2025-09-30 15:55:00,1026.59,1026.59,1025.61,1026,737.809,757083.83131
BNBUSDT,1759215600000,2025-09-30 07:00:00,2025-09-30 16:00:00,1026,1026.63,1025.49,1026.62,1046.844,1074109.99029
BNBUSDT,1759215900000,2025-09-30 07:05:00,2025-09-30 16:05:00,1026.62,1027.98,1026.62,1027.68,1148.086,1179754.92098
BNBUSDT,1759216200000,2025-09-30 07:10:00,2025-09-30 16:10:00,1027.68,1027.74,1026.47,1026.57,685.288,703959.60346
BNBUSDT,1759216500000,2025-09-30 07:15:00,2025-09-30 16:15:00,1026.56,1026.57,1024.83,1025.37,507.342,520252.16694
BNBUSDT,1759216800000,2025-09-30 07:20:00,2025-09-30 16:20:00,1025.36,1025.52,1024.86,1024.88,317.495,325491.76417
BNBUSDT,1759217100000,2025-09-30 07:25:00,2025-09-30 16:25:00,1024.88,1025.6,1024.84,1025.17,360.032,369082.5435
BNBUSDT,1759217400000,2025-09-30 07:30:00,2025-09-30 16:30:00,1025.17,1025.32,1023.03,1023.04,787.345,806226.52882
BNBUSDT,1759217700000,2025-09-30 07:35:00,2025-09-30 16:35:00,1023.03,1023.04,1019.75,1019.76,1209.444,1235068.97961
BNBUSDT,1759218000000,2025-09-30 07:40:00,2025-09-30 16:40:00,1019.75,1019.98,1016.81,1017.43,2689.673,2738478.75183
BNBUSDT,1759218300000,2025-09-30 07:45:00,2025-09-30 16:45:00,1017.43,1018.5,1016.76,1018.49,915.948,932249.8032
BNBUSDT,1759218600000,2025-09-30 07:50:00,2025-09-30 16:50:00,1018.48,1020.81,1017.96,1018.36,864.705,881173.58836
BNBUSDT,1759218900000,2025-09-30 07:55:00,2025-09-30 16:55:00,1018.36,1020.13,1018.26,1020.13,2122.73,2163679.43541
BNBUSDT,1759219200000,2025-09-30 08:00:00,2025-09-30 17:00:00,1020.12,1020.28,1019.17,1019.32,516.135,526338.85229
BNBUSDT,1759219500000,2025-09-30 08:05:00,2025-09-30 17:05:00,1019.32,1020.42,1019.12,1020.32,619.295,631418.69716
BNBUSDT,1759219800000,2025-09-30 08:10:00,2025-09-30 17:10:00,1020.33,1021.3,1019.68,1020.61,454.286,463644.18558
BNBUSDT,1759220100000,2025-09-30 08:15:00,2025-09-30 17:15:00,1020.6,1020.91,1020.16,1020.48,519.062,529748.15671
BNBUSDT,1759220400000,2025-09-30 08:20:00,2025-09-30 17:20:00,1020.47,1020.48,1019.48,1019.48,655.831,668935.79316
BNBUSDT,1759220700000,2025-09-30 08:25:00,2025-09-30 17:25:00,1019.48,1021.1,1019.47,1021.08,1485.805,1516387.96262
BNBUSDT,1759221000000,2025-09-30 08:30:00,2025-09-30 17:30:00,1021.09,1021.14,1019.06,1020.47,832.183,849006.20597
BNBUSDT,1759221300000,2025-09-30 08:35:00,2025-09-30 17:35:00,1020.47,1021.65,1019.53,1019.8,769.957,785955.49734
BNBUSDT,1759221600000,2025-09-30 08:40:00,2025-09-30 17:40:00,1019.8,1020.84,1019.79,1020.46,615.715,628284.49965
BNBUSDT,1759221900000,2025-09-30 08:45:00,2025-09-30 17:45:00,1020.45,1020.91,1019.69,1020.4,435.298,444127.33871
BNBUSDT,1759222200000,2025-09-30 08:50:00,2025-09-30 17:50:00,1020.4,1021.63,1020,1020.3,898.86,917782.00442
BNBUSDT,1759222500000,2025-09-30 08:55:00,2025-09-30 17:55:00,1020.31,1021.57,1019.9,1020,1043.258,1065016.45671
BNBUSDT,1759222800000,2025-09-30 09:00:00,2025-09-30 18:00:00,1020,1020.81,1017.65,1018.5,2045.485,2084341.2894
BNBUSDT,1759223100000,2025-09-30 09:05:00,2025-09-30 18:05:00,1018.49,1020.08,1017.96,1018.47,565.846,576523.56195
BNBUSDT,1759223400000,2025-09-30 09:10:00,2025-09-30 18:10:00,1018.47,1018.9,1014.74,1015.22,1530.621,1555490.85088
BNBUSDT,1759223700000,2025-09-30 09:15:00,2025-09-30 18:15:00,1015.22,1017.8,1014.74,1017.72,1000.488,1016251.0972
BNBUSDT,1759224000000,2025-09-30 09:20:00,2025-09-30 18:20:00,1017.72,1018.72,1017.7,1018.18,774.346,788514.32225
BNBUSDT,1759224300000,2025-09-30 09:25:00,2025-09-30 18:25:00,1018.17,1018.18,1010.12,1015.39,5774.318,5857089.55369
BNBUSDT,1759224600000,2025-09-30 09:30:00,2025-09-30 18:30:00,1015.4,1016,1013.3,1013.57,1132.938,1149521.28832
BNBUSDT,1759224900000,2025-09-30 09:35:00,2025-09-30 18:35:00,1013.57,1013.72,1010.42,1010.84,5615.773,5683585.34425
BNBUSDT,1759225200000,2025-09-30 09:40:00,2025-09-30 18:40:00,1010.84,1011.47,1009.43,1010.3,6253.573,6320149.50582
BNBUSDT,1759225500000,2025-09-30 09:45:00,2025-09-30 18:45:00,1010.3,1010.95,1009.19,1010,1873.618,1892285.37619
BNBUSDT,1759225800000,2025-09-30 09:50:00,2025-09-30 18:50:00,1010,1010.01,1007.57,1008.99,1914.857,1931810.64424
BNBUSDT,1759226100000,2025-09-30 09:55:00,2025-09-30 18:55:00,1008.99,1009.8,1007.85,1008.24,1185.007,1195563.25096
BNBUSDT,1759226400000,2025-09-30 10:00:00,2025-09-30 19:00:00,1008.23,1009.53,1006.99,1009.23,3497.781,3525476.7047
BNBUSDT,1759226700000,2025-09-30 10:05:00,2025-09-30 19:05:00,1009.23,1010.53,1008.97,1010.13,1717.492,1734512.69106
BNBUSDT,1759227000000,2025-09-30 10:10:00,2025-09-30 19:10:00,1010.13,1010.16,1003.13,1009.01,7304.394,7359190.59456
BNBUSDT,1759227300000,2025-09-30 10:15:00,2025-09-30 19:15:00,1009.01,1009.38,1004.27,1008.74,4715.303,4750550.23841
BNBUSDT,1759227600000,2025-09-30 10:20:00,2025-09-30 19:20:00,1008.74,1008.84,1006.36,1006.78,1136.747,1145053.41208
BNBUSDT,1759227900000,2025-09-30 10:25:00,2025-09-30 19:25:00,1006.78,1008.52,1006.28,1008.07,579.907,584232.5621
BNBUSDT,1759228200000,2025-09-30 10:30:00,2025-09-30 19:30:00,1008.08,1009.51,1006.49,1008.8,2509.737,2530825.63758
BNBUSDT,1759228500000,2025-09-30 10:35:00,2025-09-30 19:35:00,1008.8,1009.07,1007.67,1008.44,1224.103,1234509.32612
BNBUSDT,1759228800000,2025-09-30 10:40:00,2025-09-30 19:40:00,1008.44,1009.51,1008.21,1009.51,683.21,689263.30081
BNBUSDT,1759229100000,2025-09-30 10:45:00,2025-09-30 19:45:00,1009.51,1009.8,1008.75,1009.43,843.33,851264.80924
BNBUSDT,1759229400000,2025-09-30 10:50:00,2025-09-30 19:50:00,1009.43,1010.85,1008.04,1010.48,1551.225,1565401.64394
BNBUSDT,1759229700000,2025-09-30 10:55:00,2025-09-30 19:55:00,1010.49,1010.56,1009.42,1009.9,596.289,602157.41515
BNBUSDT,1759230000000,2025-09-30 11:00:00,2025-09-30 20:00:00,1009.9,1010.93,1009.15,1009.17,1188.415,1200644.2393
BNBUSDT,1759230300000,2025-09-30 11:05:00,2025-09-30 20:05:00,1009.16,1009.45,1008.61,1008.63,616.481,622042.44819
BNBUSDT,1759230600000,2025-09-30 11:10:00,2025-09-30 20:10:00,1008.63,1010.09,1008.62,1009.81,1105.314,1115822.7813
BNBUSDT,1759230900000,2025-09-30 11:15:00,2025-09-30 20:15:00,1009.81,1010.05,1008.67,1009.09,625.996,631752.4848
BNBUSDT,1759231200000,2025-09-30 11:20:00,2025-09-30 20:20:00,1009.09,1010.74,1008.9,1010.18,361.933,365563.9439
BNBUSDT,1759231500000,2025-09-30 11:25:00,2025-09-30 20:25:00,1010.17,1011.76,1010.17,1011.68,748.956,757047.13809
BNBUSDT,1759231800000,2025-09-30 11:30:00,2025-09-30 20:30:00,1011.67,1012.81,1011.2,1011.94,1184.587,1198810.38332
BNBUSDT,1759232100000,2025-09-30 11:35:00,2025-09-30 20:35:00,1011.94,1013.15,1011.9,1013.14,670.366,678901.01642
BNBUSDT,1759232400000,2025-09-30 11:40:00,2025-09-30 20:40:00,1013.14,1014.29,1012.57,1014.14,1282.34,1299758.74317
BNBUSDT,1759232700000,2025-09-30 11:45:00,2025-09-30 20:45:00,1014.14,1016.6,1013.68,1016.6,1766.509,1793916.75563
BNBUSDT,1759233000000,2025-09-30 11:50:00,2025-09-30 20:50:00,1016.6,1016.65,1015.03,1015.1,794.537,807161.14732
BNBUSDT,1759233300000,2025-09-30 11:55:00,2025-09-30 20:55:00,1015.1,1015.19,1014.07,1014.36,592.14,600840.08122
BNBUSDT,1759233600000,2025-09-30 12:00:00,2025-09-30 21:00:00,1014.36,1014.66,1012.92,1012.92,471.978,478428.60633
BNBUSDT,1759233900000,2025-09-30 12:05:00,2025-09-30 21:05:00,1012.93,1013,1011.62,1011.62,746.885,756170.7644
BNBUSDT,1759234200000,2025-09-30 12:10:00,2025-09-30 21:10:00,1011.63,1011.86,1010.16,1010.33,1340.633,1355216.80414
BNBUSDT,1759234500000,2025-09-30 12:15:00,2025-09-30 21:15:00,1010.33,1011.29,1009.6,1010.17,700.89,708180.13446
BNBUSDT,1759234800000,2025-09-30 12:20:00,2025-09-30 21:20:00,1010.16,1011.67,1010.16,1010.51,452.873,457779.29556
BNBUSDT,1759235100000,2025-09-30 12:25:00,2025-09-30 21:25:00,1010.5,1011.29,1010.42,1010.52,325.544,329046.20354
BNBUSDT,1759235400000,2025-09-30 12:30:00,2025-09-30 21:30:00,1010.53,1011.33,1009.8,1009.81,454.719,459539.10074
BNBUSDT,1759235700000,2025-09-30 12:35:00,2025-09-30 21:35:00,1009.8,1011.18,1008.78,1010.81,655.269,661743.06754
BNBUSDT,1759236000000,2025-09-30 12:40:00,2025-09-30 21:40:00,1010.81,1010.93,1010.16,1010.57,550.367,556088.91152
BNBUSDT,1759236300000,2025-09-30 12:45:00,2025-09-30 21:45:00,1010.57,1011.75,1010.56,1010.93,663.424,670841.49195
BNBUSDT,1759236600000,2025-09-30 12:50:00,2025-09-30 21:50:00,1010.92,1010.93,1009.94,1010.1,804.787,813059.05233
BNBUSDT,1759236900000,2025-09-30 12:55:00,2025-09-30 21:55:00,1010.11,1010.36,1008.48,1008.49,1024.263,1033396.11298
BNBUSDT,1759237200000,2025-09-30 13:00:00,2025-09-30 22:00:00,1008.48,1008.8,1007.02,1007.7,1026.445,1034797.17226
BNBUSDT,1759237500000,2025-09-30 13:05:00,2025-09-30 22:05:00,1007.7,1008.27,1006.59,1008.24,648.93,653688.02269
BNBUSDT,1759237800000,2025-09-30 13:10:00,2025-09-30 22:10:00,1008.24,1009.46,1007.99,1008.63,687.799,693899.18141
BNBUSDT,1759238100000,2025-09-30 13:15:00,2025-09-30 22:15:00,1008.63,1009.42,1008.2,1009.21,453.551,457619.23505
BNBUSDT,1759238400000,2025-09-30 13:20:00,2025-09-30 22:20:00,1009.21,1010.6,1008.74,1008.75,604.36,610217.26334
BNBUSDT,1759238700000,2025-09-30 13:25:00,2025-09-30 22:25:00,1008.74,1010.58,1008.64,1010.58,905.474,914186.81674
BNBUSDT,1759239000000,2025-09-30 13:30:00,2025-09-30 22:30:00,1010.57,1011.37,1007.08,1008.39,882.286,890536.36006
BNBUSDT,1759239300000,2025-09-30 13:35:00,2025-09-30 22:35:00,1008.4,1010.51,1007.2,1010.51,725.093,731472.26563
BNBUSDT,1759239600000,2025-09-30 13:40:00,2025-09-30 22:40:00,1010.51,1012.58,1008.7,1012.13,1314.157,1327621.93391
BNBUSDT,1759239900000,2025-09-30 13:45:00,2025-09-30 22:45:00,1012.13,1013.68,1009.3,1009.46,1028.244,1040317.38408
BNBUSDT,1759240200000,2025-09-30 13:50:00,2025-09-30 22:50:00,1009.46,1010.08,1005.57,1007.24,2216.842,2235190.08122
BNBUSDT,1759240500000,2025-09-30 13:55:00,2025-09-30 22:55:00,1007.25,1008.55,1006.48,1008.25,617.279,622008.33022
BNBUSDT,1759240800000,2025-09-30 14:00:00,2025-09-30 23:00:00,1008.25,1009.4,1006.86,1007.13,1870.784,1886341.43429
BNBUSDT,1759241100000,2025-09-30 14:05:00,2025-09-30 23:05:00,1007.12,1007.13,1003.5,1005.01,1661.484,1669153.51471
BNBUSDT,1759241400000,2025-09-30 14:10:00,2025-09-30 23:10:00,1005,1005.06,1002.53,1003.63,6315.529,6339775.84609
BNBUSDT,1759241700000,2025-09-30 14:15:00,2025-09-30 23:15:00,1003.62,1005.61,1003.07,1003.07,1291.938,1297698.76841
BNBUSDT,1759242000000,2025-09-30 14:20:00,2025-09-30 23:20:00,1003.07,1006.45,1002.9,1004.24,764.47,768196.65014
BNBUSDT,1759242300000,2025-09-30 14:25:00,2025-09-30 23:25:00,1004.24,1004.24,1001.45,1002.63,1449.865,1453393.11079
BNBUSDT,1759242600000,2025-09-30 14:30:00,2025-09-30 23:30:00,1002.63,1004.2,1001.6,1003.16,1140.62,1144194.92525
BNBUSDT,1759242900000,2025-09-30 14:35:00,2025-09-30 23:35:00,1003.16,1004.98,1001.6,1002.66,2085.756,2092124.46662
BNBUSDT,1759243200000,2025-09-30 14:40:00,2025-09-30 23:40:00,1002.65,1004.22,1001.84,1003.95,820.595,823246.92401
BNBUSDT,1759243500000,2025-09-30 14:45:00,2025-09-30 23:45:00,1003.96,1005.8,1002.78,1005.8,893.369,896770.60268
BNBUSDT,1759243800000,2025-09-30 14:50:00,2025-09-30 23:50:00,1005.8,1006.24,1003.93,1004.68,725.43,728859.40997
BNBUSDT,1759244100000,2025-09-30 14:55:00,2025-09-30 23:55:00,1004.7,1006.61,1004.48,1005.57,1032.183,1038150.20082
BNBUSDT,1759244400000,2025-09-30 15:00:00,2025-10-01 00:00:00,1005.57,1005.61,1003.37,1004.11,791.701,795333.42706
BNBUSDT,1759244700000,2025-09-30 15:05:00,2025-10-01 00:05:00,1004.11,1004.25,1001.46,1002.15,1467.01,1469984.24051
BNBUSDT,1759245000000,2025-09-30 15:10:00,2025-10-01 00:10:00,1002.16,1002.16,996.87,997.79,4680.533,4677391.76568
BNBUSDT,1759245300000,2025-09-30 15:15:00,2025-10-01 00:15:00,997.8,998.8,996.11,996.33,1923.313,1919137.54316
BNBUSDT,1759245600000,2025-09-30 15:20:00,2025-10-01 00:20:00,996.33,996.34,994,994.93,2030.493,2020539.23429
BNBUSDT,1759245900000,2025-09-30 15:25:00,2025-10-01 00:25:00,994.93,995.43,992.93,993.88,3315.062,3295393.06221
BNBUSDT,1759246200000,2025-09-30 15:30:00,2025-10-01 00:30:00,993.88,996.78,993.68,996.77,1322.012,1316161.48382
BNBUSDT,1759246500000,2025-09-30 15:35:00,2025-10-01 00:35:00,996.78,997.3,995.1,995.47,911.519,908001.50015
BNBUSDT,1759246800000,2025-09-30 15:40:00,2025-10-01 00:40:00,995.48,996.54,994.9,996.54,730.192,726995.84358
BNBUSDT,1759247100000,2025-09-30 15:45:00,2025-10-01 00:45:00,996.54,997.81,995.59,997.81,599.277,597253.21708
BNBUSDT,1759247400000,2025-09-30 15:50:00,2025-10-01 00:50:00,997.81,998.74,996.81,996.99,1027.965,1026005.91365
BNBUSDT,1759247700000,2025-09-30 15:55:00,2025-10-01 00:55:00,997,998.43,996.9,998.19,374.261,373360.9267
BNBUSDT,1759248000000,2025-09-30 16:00:00,2025-10-01 01:00:00,998.2,1000,997.87,999.68,889.228,888513.90616
BNBUSDT,1759248300000,2025-09-30 16:05:00,2025-10-01 01:05:00,999.69,999.69,997.5,998.29,741.289,740313.1963
BNBUSDT,1759248600000,2025-09-30 16:10:00,2025-10-01 01:10:00,998.3,999.3,998.2,998.8,453.312,452717.5419
BNBUSDT,1759248900000,2025-09-30 16:15:00,2025-10-01 01:15:00,998.8,999.39,997.5,998.69,667.189,666288.64107
BNBUSDT,1759249200000,2025-09-30 16:20:00,2025-10-01 01:20:00,998.69,1000.86,997.81,999.75,698.504,698360.21664
BNBUSDT,1759249500000,2025-09-30 16:25:00,2025-10-01 01:25:00,999.75,1000.05,998.27,998.86,354.885,354522.80007
BNBUSDT,1759249800000,2025-09-30 16:30:00,2025-10-01 01:30:00,998.86,1001.25,998.82,1000.83,1952.991,1953750.99898
BNBUSDT,1759250100000,2025-09-30 16:35:00,2025-10-01 01:35:00,1000.83,1002.57,1000.62,1000.96,1715.413,1718099.4283
BNBUSDT,1759250400000,2025-09-30 16:40:00,2025-10-01 01:40:00,1000.96,1000.96,999.14,1000.47,933.096,933101.1497
BNBUSDT,1759250700000,2025-09-30 16:45:00,2025-10-01 01:45:00,1000.47,1001.23,999.35,1000.28,522.652,522659.70928
BNBUSDT,1759251000000,2025-09-30 16:50:00,2025-10-01 01:50:00,1000.28,1001.72,999.51,999.71,524.024,524445.00896
BNBUSDT,1759251300000,2025-09-30 16:55:00,2025-10-01 01:55:00,999.72,999.91,996.78,998.25,1286.638,1284422.56372
BNBUSDT,1759251600000,2025-09-30 17:00:00,2025-10-01 02:00:00,998.25,999,997,997.85,897.316,895495.22469
BNBUSDT,1759251900000,2025-09-30 17:05:00,2025-10-01 02:05:00,997.85,1000.35,997.85,999.23,791.359,791194.3352
BNBUSDT,1759252200000,2025-09-30 17:10:00,2025-10-01 02:10:00,999.23,1000.07,998.03,999.38,596.443,595927.54527
BNBUSDT,1759252500000,2025-09-30 17:15:00,2025-10-01 02:15:00,999.37,1001.17,998.52,1001.09,648.278,648026.37997
BNBUSDT,1759252800000,2025-09-30 17:20:00,2025-10-01 02:20:00,1001.1,1002.76,1000.88,1001.14,797.114,798569.39976
BNBUSDT,1759253100000,2025-09-30 17:25:00,2025-10-01 02:25:00,1001.15,1002.4,1000.57,1001.41,385.844,386411.57526
BNBUSDT,1759253400000,2025-09-30 17:30:00,2025-10-01 02:30:00,1001.42,1001.46,999.72,1000.29,395.901,396133.72832
BNBUSDT,1759253700000,2025-09-30 17:35:00,2025-10-01 02:35:00,1000.26,1002.85,1000.06,1002.63,838.517,839656.5272
BNBUSDT,1759254000000,2025-09-30 17:40:00,2025-10-01 02:40:00,1002.64,1004.45,1001.3,1001.51,1177.172,1180475.7142
BNBUSDT,1759254300000,2025-09-30 17:45:00,2025-10-01 02:45:00,1001.5,1002.32,1001.14,1002.32,419.33,420019.18375
BNBUSDT,1759254600000,2025-09-30 17:50:00,2025-10-01 02:50:00,1002.31,1003.07,1001.64,1002.56,968.733,971058.66099
BNBUSDT,1759254900000,2025-09-30 17:55:00,2025-10-01 02:55:00,1002.55,1002.57,1001.2,1001.34,334.251,334846.41653
BNBUSDT,1759255200000,2025-09-30 18:00:00,2025-10-01 03:00:00,1001.34,1001.5,999.41,1000.08,502.38,502646.69764
BNBUSDT,1759255500000,2025-09-30 18:05:00,2025-10-01 03:05:00,1000.09,1002.34,1000.09,1002.12,442.705,443308.96417
BNBUSDT,1759255800000,2025-09-30 18:10:00,2025-10-01 03:10:00,1002.12,1003.87,1002.09,1003.51,452.811,454251.32142
BNBUSDT,1759256100000,2025-09-30 18:15:00,2025-10-01 03:15:00,1003.51,1004.12,1002.23,1003.39,285.647,286598.63821
BNBUSDT,1759256400000,2025-09-30 18:20:00,2025-10-01 03:20:00,1003.4,1003.4,1002.1,1003.24,245.759,246414.72891
BNBUSDT,1759256700000,2025-09-30 18:25:00,2025-10-01 03:25:00,1003.24,1003.92,1003.09,1003.11,368.116,369388.95776
BNBUSDT,1759257000000,2025-09-30 18:30:00,2025-10-01 03:30:00,1003.11,1003.31,1001.29,1001.6,355.834,356671.66141
BNBUSDT,1759257300000,2025-09-30 18:35:00,2025-10-01 03:35:00,1001.6,1002.42,1001.29,1001.98,198.635,199020.88762
BNBUSDT,1759257600000,2025-09-30 18:40:00,2025-10-01 03:40:00,1001.98,1002.76,1001.46,1002.65,416.961,417880.84388
BNBUSDT,1759257900000,2025-09-30 18:45:00,2025-10-01 03:45:00,1002.65,1002.95,1002.3,1002.93,208.182,208744.16414
BNBUSDT,1759258200000,2025-09-30 18:50:00,2025-10-01 03:50:00,1002.94,1003.27,1002.29,1002.43,312.305,313191.91632
BNBUSDT,1759258500000,2025-09-30 18:55:00,2025-10-01 03:55:00,1002.43,1003.39,1002.33,1003.19,262.396,263205.03409
BNBUSDT,1759258800000,2025-09-30 19:00:00,2025-10-01 04:00:00,1003.2,1005.09,1003,1005.02,388.712,390392.73977
BNBUSDT,1759259100000,2025-09-30 19:05:00,2025-10-01 04:05:00,1005.02,1005.03,1003.22,1004.24,494.398,496465.35968
BNBUSDT,1759259400000,2025-09-30 19:10:00,2025-10-01 04:10:00,1004.25,1004.46,1003.16,1003.63,308.916,310091.86597
BNBUSDT,1759259700000,2025-09-30 19:15:00,2025-10-01 04:15:00,1003.62,1004.15,1003,1003.04,256.995,257868.39991
BNBUSDT,1759260000000,2025-09-30 19:20:00,2025-10-01 04:20:00,1003.05,1004.3,1003.05,1004.08,273.245,274358.7362
BNBUSDT,1759260300000,2025-09-30 19:25:00,2025-10-01 04:25:00,1004.08,1005,1003.77,1004.66,423.007,424881.46553
BNBUSDT,1759260600000,2025-09-30 19:30:00,2025-10-01 04:30:00,1004.65,1007.5,1004.55,1006.67,738.137,742870.10508
BNBUSDT,1759260900000,2025-09-30 19:35:00,2025-10-01 04:35:00,1006.68,1007.18,1006.04,1007.17,705.792,710522.95464
BNBUSDT,1759261200000,2025-09-30 19:40:00,2025-10-01 04:40:00,1007.17,1008.5,1005.75,1007.92,1662.61,1674912.7781
BNBUSDT,1759261500000,2025-09-30 19:45:00,2025-10-01 04:45:00,1007.92,1008.62,1007.79,1008.62,537.652,542090.13526
BNBUSDT,1759261800000,2025-09-30 19:50:00,2025-10-01 04:50:00,1008.62,1009.49,1008.03,1008.52,775.224,782037.34443
BNBUSDT,1759262100000,2025-09-30 19:55:00,2025-10-01 04:55:00,1008.54,1008.9,1006.73,1007.29,679.2,684412.70733
BNBUSDT,1759262400000,2025-09-30 20:00:00,2025-10-01 05:00:00,1007.29,1007.51,1004.77,1005.28,774.305,778994.25795
BNBUSDT,1759262700000,2025-09-30 20:05:00,2025-10-01 05:05:00,1005.28,1005.79,1004.25,1004.94,612.426,615416.89944
BNBUSDT,1759263000000,2025-09-30 20:10:00,2025-10-01 05:10:00,1004.94,1005.07,1003.31,1003.88,572.595,574942.40972
BNBUSDT,1759263300000,2025-09-30 20:15:00,2025-10-01 05:15:00,1003.88,1005.03,1003.88,1004.67,228.701,229723.69052
BNBUSDT,1759263600000,2025-09-30 20:20:00,2025-10-01 05:20:00,1004.68,1006.83,1004.3,1006.6,340.704,342687.83226
BNBUSDT,1759263900000,2025-09-30 20:25:00,2025-10-01 05:25:00,1006.6,1007,1006.02,1006.47,239.966,241534.47429
BNBUSDT,1759264200000,2025-09-30 20:30:00,2025-10-01 05:30:00,1006.47,1006.74,1005.12,1006,293.776,295519.84901
BNBUSDT,1759264500000,2025-09-30 20:35:00,2025-10-01 05:35:00,1006,1006.33,1005.33,1005.94,285.792,287460.11735
BNBUSDT,1759264800000,2025-09-30 20:40:00,2025-10-01 05:40:00,1005.94,1006.65,1005.94,1006.45,153.759,154724.2819
BNBUSDT,1759265100000,2025-09-30 20:45:00,2025-10-01 05:45:00,1006.44,1008.56,1006.17,1007.94,478.151,481787.47207
BNBUSDT,1759265400000,2025-09-30 20:50:00,2025-10-01 05:50:00,1007.93,1009.18,1007.48,1009.02,323.588,326271.53916
BNBUSDT,1759265700000,2025-09-30 20:55:00,2025-10-01 05:55:00,1009.03,1009.5,1008.32,1008.71,711.55,717910.90458
BNBUSDT,1759266000000,2025-09-30 21:00:00,2025-10-01 06:00:00,1008.72,1010,1008.72,1009.85,577.849,583338.00305
BNBUSDT,1759266300000,2025-09-30 21:05:00,2025-10-01 06:05:00,1009.86,1010.5,1009.11,1010.5,261.383,263947.40406
BNBUSDT,1759266600000,2025-09-30 21:10:00,2025-10-01 06:10:00,1010.5,1010.5,1007.43,1007.47,714.333,720984.644
BNBUSDT,1759266900000,2025-09-30 21:15:00,2025-10-01 06:15:00,1007.49,1008.48,1006.7,1006.71,192.543,194032.57369
BNBUSDT,1759267200000,2025-09-30 21:20:00,2025-10-01 06:20:00,1006.7,1007.83,1006.4,1007.44,301.705,303875.81369
BNBUSDT,1759267500000,2025-09-30 21:25:00,2025-10-01 06:25:00,1007.44,1007.44,1005.36,1005.4,306.948,308943.71164
BNBUSDT,1759267800000,2025-09-30 21:30:00,2025-10-01 06:30:00,1005.39,1006.2,1004.86,1005.37,379.284,381375.083
BNBUSDT,1759268100000,2025-09-30 21:35:00,2025-10-01 06:35:00,1005.38,1006.88,1005.32,1006.26,364.8,367025.81155
BNBUSDT,1759268400000,2025-09-30 21:40:00,2025-10-01 06:40:00,1006.26,1006.95,1005.91,1006.24,166.208,167257.90689
BNBUSDT,1759268700000,2025-09-30 21:45:00,2025-10-01 06:45:00,1006.24,1006.3,1005.5,1005.82,199.904,201072.53305
BNBUSDT,1759269000000,2025-09-30 21:50:00,2025-10-01 06:50:00,1005.81,1006.19,1005.48,1005.97,158.837,159757.64927
BNBUSDT,1759269300000,2025-09-30 21:55:00,2025-10-01 06:55:00,1005.98,1005.98,1002.38,1002.63,887.804,891144.44163
BNBUSDT,1759269600000,2025-09-30 22:00:00,2025-10-01 07:00:00,1002.63,1004.88,1002.63,1004.31,354.704,356081.66847
BNBUSDT,1759269900000,2025-09-30 22:05:00,2025-10-01 07:05:00,1004.3,1004.37,1002.6,1002.77,319.925,320993.36242
BNBUSDT,1759270200000,2025-09-30 22:10:00,2025-10-01 07:10:00,1002.77,1003.76,1002.22,1003.15,202.936,203498.35851
BNBUSDT,1759270500000,2025-09-30 22:15:00,2025-10-01 07:15:00,1003.15,1005.29,1002.7,1004.54,962.92,967167.24831
BNBUSDT,1759270800000,2025-09-30 22:20:00,2025-10-01 07:20:00,1004.54,1004.98,1004.05,1004.91,373.108,374802.59646
BNBUSDT,1759271100000,2025-09-30 22:25:00,2025-10-01 07:25:00,1004.9,1005.54,1004.38,1005,356.372,358206.33095
BNBUSDT,1759271400000,2025-09-30 22:30:00,2025-10-01 07:30:00,1005,1005.56,1002.5,1003.66,683.664,686633.72104
BNBUSDT,1759271700000,2025-09-30 22:35:00,2025-10-01 07:35:00,1003.66,1003.85,1002.39,1002.72,529.317,531007.47391
BNBUSDT,1759272000000,2025-09-30 22:40:00,2025-10-01 07:40:00,1002.72,1002.79,1001.7,1002.56,513.135,514214.5869
BNBUSDT,1759272300000,2025-09-30 22:45:00,2025-10-01 07:45:00,1002.55,1003.69,1002.01,1003.68,269.687,270399.68882
BNBUSDT,1759272600000,2025-09-30 22:50:00,2025-10-01 07:50:00,1003.68,1004.06,1002.28,1002.41,249.32,250069.60254
BNBUSDT,1759272900000,2025-09-30 22:55:00,2025-10-01 07:55:00,1002.41,1003.18,1001.3,1003.17,686.044,687536.23685
BNBUSDT,1759273200000,2025-09-30 23:00:00,2025-10-01 08:00:00,1003.17,1003.23,1001.4,1002.36,826.993,828773.10281
BNBUSDT,1759273500000,2025-09-30 23:05:00,2025-10-01 08:05:00,1002.37,1003.62,1002.03,1003.4,548.181,549728.57324
BNBUSDT,1759273800000,2025-09-30 23:10:00,2025-10-01 08:10:00,1003.41,1003.96,1003.28,1003.96,156.813,157364.84638
BNBUSDT,1759274100000,2025-09-30 23:15:00,2025-10-01 08:15:00,1003.97,1004.19,1003.59,1004.08,194.103,194865.81334
BNBUSDT,1759274400000,2025-09-30 23:20:00,2025-10-01 08:20:00,1004.08,1006.54,1004.07,1005.91,582.056,585353.7296
BNBUSDT,1759274700000,2025-09-30 23:25:00,2025-10-01 08:25:00,1005.9,1006.76,1005.41,1006.51,564.59,567966.06311
BNBUSDT,1759275000000,2025-09-30 23:30:00,2025-10-01 08:30:00,1006.51,1007.24,1006.11,1006.49,439.791,442670.92504
BNBUSDT,1759275300000,2025-09-30 23:35:00,2025-10-01 08:35:00,1006.5,1007.33,1006.42,1007.33,157.442,158542.27254
BNBUSDT,1759275600000,2025-09-30 23:40:00,2025-10-01 08:40:00,1007.33,1008.8,1007.32,1008.59,429.466,432927.41734
BNBUSDT,1759275900000,2025-09-30 23:45:00,2025-10-01 08:45:00,1008.6,1008.86,1008.33,1008.84,315.164,317871.89097
BNBUSDT,1759276200000,2025-09-30 23:50:00,2025-10-01 08:50:00,1008.85,1009.71,1008.57,1008.83,369.731,373116.02704
BNBUSDT,1759276500000,2025-09-30 23:55:00,2025-10-01 08:55:00,1008.83,1008.83,1007.8,1008.51,303.894,306447.37729
