symbol,open_time,datetime_utc,datetime_kst,open,high,low,close,volume,quote_volume
BNBUSDT,1775001600000,2026-04-01 00:00:00,2026-04-01 09:00:00,617.42,617.43,616.37,616.91,303.335,187111.55989
BNBUSDT,1775001900000,2026-04-01 00:05:00,2026-04-01 09:05:00,616.9,617.5,616.31,617.07,243.165,150062.85986
BNBUSDT,1775002200000,2026-04-01 00:10:00,2026-04-01 09:10:00,617.07,617.07,616.49,616.5,348.078,214695.96014
BNBUSDT,1775002500000,2026-04-01 00:15:00,2026-04-01 09:15:00,616.51,617.92,616.51,617.15,216.028,133363.93047
BNBUSDT,1775002800000,2026-04-01 00:20:00,2026-04-01 09:20:00,617.15,617.88,616.35,616.67,232.954,143754.39962
BNBUSDT,1775003100000,2026-04-01 00:25:00,2026-04-01 09:25:00,616.68,617.04,616.5,617,350.552,216213.95387
BNBUSDT,1775003400000,2026-04-01 00:30:00,2026-04-01 09:30:00,617,617.23,616.04,616.21,287.171,177030.22338
BNBUSDT,1775003700000,2026-04-01 00:35:00,2026-04-01 09:35:00,616.21,616.69,616,616.4,112.91,69591.20234
BNBUSDT,1775004000000,2026-04-01 00:40:00,2026-04-01 09:40:00,616.41,617.54,616.4,617.54,111.573,68838.27965
BNBUSDT,1775004300000,2026-04-01 00:45:00,2026-04-01 09:45:00,617.54,618.42,617.36,618.38,859.286,531043.59081
BNBUSDT,1775004600000,2026-04-01 00:50:00,2026-04-01 09:50:00,618.38,619.85,618.38,619.11,755.675,467902.99093
BNBUSDT,1775004900000,2026-04-01 00:55:00,2026-04-01 09:55:00,619.11,619.42,618.73,619.2,387.478,239858.47177
BNBUSDT,1775005200000,2026-04-01 01:00:00,2026-04-01 10:00:00,619.21,619.5,618.75,619.24,338.905,209826.78679
BNBUSDT,1775005500000,2026-04-01 01:05:00,2026-04-01 10:05:00,619.23,619.35,618.15,618.9,420.614,260326.78021
BNBUSDT,1775005800000,2026-04-01 01:10:00,2026-04-01 10:10:00,618.89,619.43,618.89,619.29,216.819,134244.05509
BNBUSDT,1775006100000,2026-04-01 01:15:00,2026-04-01 10:15:00,619.29,619.29,618.1,618.19,317.531,196455.00131
BNBUSDT,1775006400000,2026-04-01 01:20:00,2026-04-01 10:20:00,618.2,618.7,617.82,618.02,317.221,196156.72668
BNBUSDT,1775006700000,2026-04-01 01:25:00,2026-04-01 10:25:00,618.03,618.15,617.29,617.36,117.707,72699.32329
BNBUSDT,1775007000000,2026-04-01 01:30:00,2026-04-01 10:30:00,617.35,617.65,616.06,616.5,282.475,174324.14437
BNBUSDT,1775007300000,2026-04-01 01:35:00,2026-04-01 10:35:00,616.51,616.81,615.67,615.99,404.921,249562.7731
BNBUSDT,1775007600000,2026-04-01 01:40:00,2026-04-01 10:40:00,615.98,616.32,615.65,616.32,137.153,84496.3761
BNBUSDT,1775007900000,2026-04-01 01:45:00,2026-04-01 10:45:00,616.31,616.31,615.42,615.52,143.246,88216.65808
BNBUSDT,1775008200000,2026-04-01 01:50:00,2026-04-01 10:50:00,615.52,616.21,615.48,615.83,415.904,256180.33856
BNBUSDT,1775008500000,2026-04-01 01:55:00,2026-04-01 10:55:00,615.82,616.18,615.36,615.52,206.935,127411.67049
BNBUSDT,1775008800000,2026-04-01 02:00:00,2026-04-01 11:00:00,615.53,616.5,615.53,616.23,239.044,147252.83807
BNBUSDT,1775009100000,2026-04-01 02:05:00,2026-04-01 11:05:00,616.22,616.27,615.46,615.88,358.063,220573.44655
BNBUSDT,1775009400000,2026-04-01 02:10:00,2026-04-01 11:10:00,615.88,615.92,615.01,615.87,344.797,212184.29239
BNBUSDT,1775009700000,2026-04-01 02:15:00,2026-04-01 11:15:00,615.86,616.45,615.23,615.93,611.565,376468.86181
BNBUSDT,1775010000000,2026-04-01 02:20:00,2026-04-01 11:20:00,615.93,616.05,615.26,615.6,280.082,172470.13369
BNBUSDT,1775010300000,2026-04-01 02:25:00,2026-04-01 11:25:00,615.61,615.61,613.92,614.57,387.603,238283.32914
BNBUSDT,1775010600000,2026-04-01 02:30:00,2026-04-01 11:30:00,614.57,615.17,614.28,614.37,151.247,92983.42182
BNBUSDT,1775010900000,2026-04-01 02:35:00,2026-04-01 11:35:00,614.37,615.34,614.36,614.9,259.633,159665.58627
BNBUSDT,1775011200000,2026-04-01 02:40:00,2026-04-01 11:40:00,614.9,615.48,614.9,615.07,248.254,152734.36413
BNBUSDT,1775011500000,2026-04-01 02:45:00,2026-04-01 11:45:00,615.06,615.42,614.79,614.79,224.246,137945.12589
BNBUSDT,1775011800000,2026-04-01 02:50:00,2026-04-01 11:50:00,614.78,615.26,614.78,615.1,152.205,93618.35788
BNBUSDT,1775012100000,2026-04-01 02:55:00,2026-04-01 11:55:00,615.09,615.1,614.48,614.7,198.587,122091.13816
BNBUSDT,1775012400000,2026-04-01 03:00:00,2026-04-01 12:00:00,614.71,615.84,614.71,615.81,118.18,72743.8649
BNBUSDT,1775012700000,2026-04-01 03:05:00,2026-04-01 12:05:00,615.81,617.06,615.8,616.67,1184.332,730445.91704
BNBUSDT,1775013000000,2026-04-01 03:10:00,2026-04-01 12:10:00,616.66,616.77,616.38,616.39,291.124,179501.22262
BNBUSDT,1775013300000,2026-04-01 03:15:00,2026-04-01 12:15:00,616.38,616.62,616.02,616.1,97.673,60197.41916
BNBUSDT,1775013600000,2026-04-01 03:20:00,2026-04-01 12:20:00,616.1,616.1,615.61,615.62,107.692,66319.49405
BNBUSDT,1775013900000,2026-04-01 03:25:00,2026-04-01 12:25:00,615.61,616.01,615.5,616.01,83.89,51654.44244
BNBUSDT,1775014200000,2026-04-01 03:30:00,2026-04-01 12:30:00,616.02,616.73,616.02,616.29,162.295,100043.94548
BNBUSDT,1775014500000,2026-04-01 03:35:00,2026-04-01 12:35:00,616.3,616.43,616.13,616.43,80.249,49458.11509
BNBUSDT,1775014800000,2026-04-01 03:40:00,2026-04-01 12:40:00,616.43,616.88,616.27,616.79,434.32,267764.76747
BNBUSDT,1775015100000,2026-04-01 03:45:00,2026-04-01 12:45:00,616.78,617.33,616.6,616.69,1066.615,658041.77196
BNBUSDT,1775015400000,2026-04-01 03:50:00,2026-04-01 12:50:00,616.68,616.72,616.37,616.46,423.59,261144.38994
BNBUSDT,1775015700000,2026-04-01 03:55:00,2026-04-01 12:55:00,616.46,616.92,616.44,616.76,406.108,250407.6257
BNBUSDT,1775016000000,2026-04-01 04:00:00,2026-04-01 13:00:00,616.76,617.05,616.15,616.18,233.828,144203.25366
BNBUSDT,1775016300000,2026-04-01 04:05:00,2026-04-01 13:05:00,616.17,616.47,616,616.04,228.82,140997.283
BNBUSDT,1775016600000,2026-04-01 04:10:00,2026-04-01 13:10:00,616.04,616.04,615.51,615.58,265.392,163421.94529
BNBUSDT,1775016900000,2026-04-01 04:15:00,2026-04-01 13:15:00,615.57,616.15,615.47,615.88,212.241,130685.3814
BNBUSDT,1775017200000,2026-04-01 04:20:00,2026-04-01 13:20:00,615.89,616.34,615.68,615.88,307.27,189301.37324
BNBUSDT,1775017500000,2026-04-01 04:25:00,2026-04-01 13:25:00,615.89,616.39,615.88,616.27,172.692,106415.61155
BNBUSDT,1775017800000,2026-04-01 04:30:00,2026-04-01 13:30:00,616.28,616.73,616.01,616.56,250.592,154493.22554
BNBUSDT,1775018100000,2026-04-01 04:35:00,2026-04-01 13:35:00,616.56,616.78,616.25,616.3,294.089,181315.31718
BNBUSDT,1775018400000,2026-04-01 04:40:00,2026-04-01 13:40:00,616.31,616.79,616.26,616.46,116.813,72026.77455
BNBUSDT,1775018700000,2026-04-01 04:45:00,2026-04-01 13:45:00,616.46,616.78,616.26,616.56,156.604,96535.35205
BNBUSDT,1775019000000,2026-04-01 04:50:00,2026-04-01 13:50:00,616.56,617.17,616.15,616.15,340.156,209812.58164
BNBUSDT,1775019300000,2026-04-01 04:55:00,2026-04-01 13:55:00,616.15,616.2,615.66,615.88,230.62,142052.78199
BNBUSDT,1775019600000,2026-04-01 05:00:00,2026-04-01 14:00:00,615.89,615.94,615,615.06,222.395,136882.44941
BNBUSDT,1775019900000,2026-04-01 05:05:00,2026-04-01 14:05:00,615.07,615.33,614.96,615.2,279.28,171789.23346
BNBUSDT,1775020200000,2026-04-01 05:10:00,2026-04-01 14:10:00,615.2,616.22,614.96,616.01,289.659,178257.78538
BNBUSDT,1775020500000,2026-04-01 05:15:00,2026-04-01 14:15:00,616,617,615.69,616.43,664.41,409610.67362
BNBUSDT,1775020800000,2026-04-01 05:20:00,2026-04-01 14:20:00,616.43,616.96,616.07,616.75,392.448,241909.07586
BNBUSDT,1775021100000,2026-04-01 05:25:00,2026-04-01 14:25:00,616.76,618.48,616.71,617.05,3848.853,2375720.45259
BNBUSDT,1775021400000,2026-04-01 05:30:00,2026-04-01 14:30:00,617.05,617.41,616.7,617.28,431.074,266019.57353
BNBUSDT,1775021700000,2026-04-01 05:35:00,2026-04-01 14:35:00,617.28,617.28,616.69,616.7,317.344,195784.88791
BNBUSDT,1775022000000,2026-04-01 05:40:00,2026-04-01 14:40:00,616.69,619.44,616.56,618.27,1920.9,1187908.33557
BNBUSDT,1775022300000,2026-04-01 05:45:00,2026-04-01 14:45:00,618.27,618.57,617.86,618.28,428.613,264970.30424
BNBUSDT,1775022600000,2026-04-01 05:50:00,2026-04-01 14:50:00,618.29,618.36,617.52,617.64,373.305,230715.87153
BNBUSDT,1775022900000,2026-04-01 05:55:00,2026-04-01 14:55:00,617.64,617.66,617.19,617.35,196.156,121100.58739
BNBUSDT,1775023200000,2026-04-01 06:00:00,2026-04-01 15:00:00,617.36,617.6,617.2,617.41,196.704,121444.29859
BNBUSDT,1775023500000,2026-04-01 06:05:00,2026-04-01 15:05:00,617.41,618.57,617.4,618.02,1248.417,771676.97439
BNBUSDT,1775023800000,2026-04-01 06:10:00,2026-04-01 15:10:00,618.03,618.62,618,618.15,773.42,478178.01974
BNBUSDT,1775024100000,2026-04-01 06:15:00,2026-04-01 15:15:00,618.15,618.46,617.77,618.46,329.726,203795.60731
BNBUSDT,1775024400000,2026-04-01 06:20:00,2026-04-01 15:20:00,618.46,619,618.1,618.94,618.59,382590.66423
BNBUSDT,1775024700000,2026-04-01 06:25:00,2026-04-01 15:25:00,618.94,619.76,618.94,619.63,719.675,445819.45494
BNBUSDT,1775025000000,2026-04-01 06:30:00,2026-04-01 15:30:00,619.64,620.2,619.15,619.99,1258.976,780291.70862
BNBUSDT,1775025300000,2026-04-01 06:35:00,2026-04-01 15:35:00,619.99,620.94,619.98,620.26,1724.956,1070342.41914
BNBUSDT,1775025600000,2026-04-01 06:40:00,2026-04-01 15:40:00,620.26,621.9,620.26,621.69,1488.377,924288.04
BNBUSDT,1775025900000,2026-04-01 06:45:00,2026-04-01 15:45:00,621.69,621.9,620.14,620.2,968.742,601400.1879
BNBUSDT,1775026200000,2026-04-01 06:50:00,2026-04-01 15:50:00,620.21,620.44,618.05,618.87,3425.771,2119422.08608
BNBUSDT,1775026500000,2026-04-01 06:55:00,2026-04-01 15:55:00,618.88,619.77,618.73,619.22,626.1,387717.11973
BNBUSDT,1775026800000,2026-04-01 07:00:00,2026-04-01 16:00:00,619.22,620,619.22,619.78,510.589,316417.87973
BNBUSDT,1775027100000,2026-04-01 07:05:00,2026-04-01 16:05:00,619.78,621,619.78,620.67,454.337,281807.74173
BNBUSDT,1775027400000,2026-04-01 07:10:00,2026-04-01 16:10:00,620.67,621.05,619.86,620.51,882.522,547558.05605
BNBUSDT,1775027700000,2026-04-01 07:15:00,2026-04-01 16:15:00,620.51,620.58,619.09,619.1,602.234,373391.69395
BNBUSDT,1775028000000,2026-04-01 07:20:00,2026-04-01 16:20:00,619.1,619.1,618.21,618.25,649.215,401540.95058
BNBUSDT,1775028300000,2026-04-01 07:25:00,2026-04-01 16:25:00,618.26,618.8,618.2,618.2,364.095,225158.55352
BNBUSDT,1775028600000,2026-04-01 07:30:00,2026-04-01 16:30:00,618.21,618.66,617.85,617.95,352.285,217787.85433
BNBUSDT,1775028900000,2026-04-01 07:35:00,2026-04-01 16:35:00,617.94,618.19,617.63,617.65,407.228,251644.96477
BNBUSDT,1775029200000,2026-04-01 07:40:00,2026-04-01 16:40:00,617.66,617.84,617.18,617.4,388.01,239606.57883
BNBUSDT,1775029500000,2026-04-01 07:45:00,2026-04-01 16:45:00,617.41,617.61,616.65,616.82,328.799,202914.34629
BNBUSDT,1775029800000,2026-04-01 07:50:00,2026-04-01 16:50:00,616.83,616.89,616.39,616.49,283.715,174950.73517
BNBUSDT,1775030100000,2026-04-01 07:55:00,2026-04-01 16:55:00,616.5,616.71,616.14,616.32,738.098,454964.17499
BNBUSDT,1775030400000,2026-04-01 08:00:00,2026-04-01 17:00:00,616.33,617.43,616.02,616.66,467.411,288227.18802
BNBUSDT,1775030700000,2026-04-01 08:05:00,2026-04-01 17:05:00,616.66,616.82,615.68,615.74,521.258,321234.07127
BNBUSDT,1775031000000,2026-04-01 08:10:00,2026-04-01 17:10:00,615.75,615.75,615.14,615.21,461.385,283960.92937
BNBUSDT,1775031300000,2026-04-01 08:15:00,2026-04-01 17:15:00,615.2,615.96,614.85,615.78,442.253,272158.34184
BNBUSDT,1775031600000,2026-04-01 08:20:00,2026-04-01 17:20:00,615.77,616.56,615.7,616.45,358.054,220591.65619
BNBUSDT,1775031900000,2026-04-01 08:25:00,2026-04-01 17:25:00,616.45,617.04,616.45,616.73,442.087,272677.01593
BNBUSDT,1775032200000,2026-04-01 08:30:00,2026-04-01 17:30:00,616.74,617.15,616.68,616.77,241.178,148786.47329
BNBUSDT,1775032500000,2026-04-01 08:35:00,2026-04-01 17:35:00,616.76,617.31,616.73,617.18,228.343,140890.37707
BNBUSDT,1775032800000,2026-04-01 08:40:00,2026-04-01 17:40:00,617.19,617.28,616.32,616.6,228.036,140652.3253
BNBUSDT,1775033100000,2026-04-01 08:45:00,2026-04-01 17:45:00,616.59,616.62,616.38,616.47,276.938,170734.9881
BNBUSDT,1775033400000,2026-04-01 08:50:00,2026-04-01 17:50:00,616.47,617.35,615.35,615.52,750.019,462180.46828
BNBUSDT,1775033700000,2026-04-01 08:55:00,2026-04-01 17:55:00,615.52,616.03,615,615.45,249.773,153762.24822
BNBUSDT,1775034000000,2026-04-01 09:00:00,2026-04-01 18:00:00,615.46,615.87,615.22,615.81,352.046,216714.04627
BNBUSDT,1775034300000,2026-04-01 09:05:00,2026-04-01 18:05:00,615.82,616.11,614.5,614.59,424.945,261533.92722
BNBUSDT,1775034600000,2026-04-01 09:10:00,2026-04-01 18:10:00,614.59,614.7,614.3,614.54,318.037,195428.42914
BNBUSDT,1775034900000,2026-04-01 09:15:00,2026-04-01 18:15:00,614.55,614.83,614.22,614.46,387.486,238149.63344
BNBUSDT,1775035200000,2026-04-01 09:20:00,2026-04-01 18:20:00,614.45,614.65,614.2,614.35,349.442,214667.45857
BNBUSDT,1775035500000,2026-04-01 09:25:00,2026-04-01 18:25:00,614.34,614.92,614.34,614.64,380.65,233951.68407
BNBUSDT,1775035800000,2026-04-01 09:30:00,2026-04-01 18:30:00,614.63,615.35,614.46,614.95,917.819,564317.40032
BNBUSDT,1775036100000,2026-04-01 09:35:00,2026-04-01 18:35:00,614.96,615.21,614.15,614.15,435.893,267967.66084
BNBUSDT,1775036400000,2026-04-01 09:40:00,2026-04-01 18:40:00,614.15,614.26,613.89,614.07,353.056,216819.58865
BNBUSDT,1775036700000,2026-04-01 09:45:00,2026-04-01 18:45:00,614.08,615.07,614.08,615.07,285.476,175423.04802
BNBUSDT,1775037000000,2026-04-01 09:50:00,2026-04-01 18:50:00,615.08,615.83,615.07,615.75,559.519,344337.55885
BNBUSDT,1775037300000,2026-04-01 09:55:00,2026-04-01 18:55:00,615.75,615.84,615.24,615.61,381.25,234656.87385
BNBUSDT,1775037600000,2026-04-01 10:00:00,2026-04-01 19:00:00,615.61,616,615,615,233.433,143670.50185
BNBUSDT,1775037900000,2026-04-01 10:05:00,2026-04-01 19:05:00,615,615.39,614.85,614.97,249.205,153286.55959
BNBUSDT,1775038200000,2026-04-01 10:10:00,2026-04-01 19:10:00,614.97,615.78,614.84,615.14,513.161,315819.30783
BNBUSDT,1775038500000,2026-04-01 10:15:00,2026-04-01 19:15:00,615.15,616.26,614.82,615.94,1374.665,846218.20753
BNBUSDT,1775038800000,2026-04-01 10:20:00,2026-04-01 19:20:00,615.94,616.6,615.34,615.4,1227.588,756160.30273
BNBUSDT,1775039100000,2026-04-01 10:25:00,2026-04-01 19:25:00,615.4,615.4,614.58,614.88,1179.279,725173.80072
BNBUSDT,1775039400000,2026-04-01 10:30:00,2026-04-01 19:30:00,614.88,615.07,614.66,614.66,481.912,296316.23266
BNBUSDT,1775039700000,2026-04-01 10:35:00,2026-04-01 19:35:00,614.66,614.87,614.26,614.81,206.973,127202.47841
BNBUSDT,1775040000000,2026-04-01 10:40:00,2026-04-01 19:40:00,614.8,614.96,614.75,614.84,328.419,201935.42497
BNBUSDT,1775040300000,2026-04-01 10:45:00,2026-04-01 19:45:00,614.84,615.28,614.84,615.16,266.666,164022.23268
BNBUSDT,1775040600000,2026-04-01 10:50:00,2026-04-01 19:50:00,615.16,615.36,614.67,614.82,575.398,353847.77986
BNBUSDT,1775040900000,2026-04-01 10:55:00,2026-04-01 19:55:00,614.82,614.82,613.71,614.77,399.179,245184.75388
BNBUSDT,1775041200000,2026-04-01 11:00:00,2026-04-01 20:00:00,614.77,615.15,614.59,614.97,291.524,179242.39552
BNBUSDT,1775041500000,2026-04-01 11:05:00,2026-04-01 20:05:00,614.97,614.98,614.29,614.3,287.688,176819.13452
BNBUSDT,1775041800000,2026-04-01 11:10:00,2026-04-01 20:10:00,614.29,615.64,614.16,615.19,415.038,255148.85279
BNBUSDT,1775042100000,2026-04-01 11:15:00,2026-04-01 20:15:00,615.18,615.26,614.79,614.9,355.206,218473.75027
BNBUSDT,1775042400000,2026-04-01 11:20:00,2026-04-01 20:20:00,614.89,614.9,614.04,614.59,484.718,297899.18491
BNBUSDT,1775042700000,2026-04-01 11:25:00,2026-04-01 20:25:00,614.58,615.3,614.52,614.7,274.084,168561.48082
BNBUSDT,1775043000000,2026-04-01 11:30:00,2026-04-01 20:30:00,614.71,615,614.57,614.57,355.743,218710.96795
BNBUSDT,1775043300000,2026-04-01 11:35:00,2026-04-01 20:35:00,614.58,615.08,614.57,615.08,552.32,339565.42746
BNBUSDT,1775043600000,2026-04-01 11:40:00,2026-04-01 20:40:00,615.08,615.33,614.62,614.94,288.243,177275.73671
BNBUSDT,1775043900000,2026-04-01 11:45:00,2026-04-01 20:45:00,614.94,615.43,614.93,615.42,198.817,122297.55153
BNBUSDT,1775044200000,2026-04-01 11:50:00,2026-04-01 20:50:00,615.42,615.79,615.16,615.6,285.92,175982.08449
BNBUSDT,1775044500000,2026-04-01 11:55:00,2026-04-01 20:55:00,615.6,615.66,615.12,615.34,220.812,135898.41241
BNBUSDT,1775044800000,2026-04-01 12:00:00,2026-04-01 21:00:00,615.34,615.34,614.15,614.54,570.704,350849.45288
BNBUSDT,1775045100000,2026-04-01 12:05:00,2026-04-01 21:05:00,614.54,614.86,614.44,614.54,164.821,101312.44724
BNBUSDT,1775045400000,2026-04-01 12:10:00,2026-04-01 21:10:00,614.55,615.12,614.38,614.54,324.733,199604.86243
BNBUSDT,1775045700000,2026-04-01 12:15:00,2026-04-01 21:15:00,614.54,615.03,614.53,615.01,275.172,169197.76016
BNBUSDT,1775046000000,2026-04-01 12:20:00,2026-04-01 21:20:00,615.01,615.1,614.46,614.75,206.646,127044.47677
BNBUSDT,1775046300000,2026-04-01 12:25:00,2026-04-01 21:25:00,614.76,615.31,614.41,614.64,223.292,137272.90545
BNBUSDT,1775046600000,2026-04-01 12:30:00,2026-04-01 21:30:00,614.63,615.24,614.17,614.17,352.515,216698.61989
BNBUSDT,1775046900000,2026-04-01 12:35:00,2026-04-01 21:35:00,614.17,614.41,613.3,613.38,452.208,277558.19645
BNBUSDT,1775047200000,2026-04-01 12:40:00,2026-04-01 21:40:00,613.38,617.75,613.31,617.28,1138.646,701133.2813
BNBUSDT,1775047500000,2026-04-01 12:45:00,2026-04-01 21:45:00,617.27,617.91,615.15,615.2,2032.787,1252784.7992
BNBUSDT,1775047800000,2026-04-01 12:50:00,2026-04-01 21:50:00,615.21,616.26,614.61,614.96,352.263,216883.31919
BNBUSDT,1775048100000,2026-04-01 12:55:00,2026-04-01 21:55:00,614.96,615.17,614.45,614.65,253.175,155673.96722
BNBUSDT,1775048400000,2026-04-01 13:00:00,2026-04-01 22:00:00,614.66,614.78,613.37,614.4,735.887,451939.32409
BNBUSDT,1775048700000,2026-04-01 13:05:00,2026-04-01 22:05:00,614.41,614.75,613.66,614.75,436.959,268340.58603
BNBUSDT,1775049000000,2026-04-01 13:10:00,2026-04-01 22:10:00,614.76,615.71,614.76,615.56,316.26,194662.12263
BNBUSDT,1775049300000,2026-04-01 13:15:00,2026-04-01 22:15:00,615.57,616.18,615.56,616.17,287.766,177238.66349
BNBUSDT,1775049600000,2026-04-01 13:20:00,2026-04-01 22:20:00,616.18,616.2,615.74,616.06,253.883,156394.6744
BNBUSDT,1775049900000,2026-04-01 13:25:00,2026-04-01 22:25:00,616.06,616.51,615.77,616,232.198,143075.60602
BNBUSDT,1775050200000,2026-04-01 13:30:00,2026-04-01 22:30:00,616,616.09,614.31,614.93,2491.136,1531348.10563
BNBUSDT,1775050500000,2026-04-01 13:35:00,2026-04-01 22:35:00,614.93,615.59,614.3,614.54,479.427,294721.27729
BNBUSDT,1775050800000,2026-04-01 13:40:00,2026-04-01 22:40:00,614.54,614.54,610.11,611.22,2341.306,1432193.15148
BNBUSDT,1775051100000,2026-04-01 13:45:00,2026-04-01 22:45:00,611.21,611.44,609.87,610.35,1319.478,805323.94189
BNBUSDT,1775051400000,2026-04-01 13:50:00,2026-04-01 22:50:00,610.36,612.5,610.11,611.35,768.377,469729.65606
BNBUSDT,1775051700000,2026-04-01 13:55:00,2026-04-01 22:55:00,611.34,611.73,610.54,610.91,563.885,344645.38749
BNBUSDT,1775052000000,2026-04-01 14:00:00,2026-04-01 23:00:00,610.91,611.96,610.69,611.55,404.941,247565.17675
BNBUSDT,1775052300000,2026-04-01 14:05:00,2026-04-01 23:05:00,611.55,612.23,610.81,611.67,691.877,423154.29521
BNBUSDT,1775052600000,2026-04-01 14:10:00,2026-04-01 23:10:00,611.67,612.52,611.36,612.52,635.399,388755.35665
BNBUSDT,1775052900000,2026-04-01 14:15:00,2026-04-01 23:15:00,612.52,613.13,612.02,612.7,433.668,265697.38815
BNBUSDT,1775053200000,2026-04-01 14:20:00,2026-04-01 23:20:00,612.72,613.88,612.24,612.78,436.387,267529.03373
BNBUSDT,1775053500000,2026-04-01 14:25:00,2026-04-01 23:25:00,612.77,613.5,612.38,613.49,297.727,182473.34177
BNBUSDT,1775053800000,2026-04-01 14:30:00,2026-04-01 23:30:00,613.5,614.07,611.61,611.62,398.91,244633.04983
BNBUSDT,1775054100000,2026-04-01 14:35:00,2026-04-01 23:35:00,611.61,613.84,611.61,613.14,561.432,344019.15263
BNBUSDT,1775054400000,2026-04-01 14:40:00,2026-04-01 23:40:00,613.14,613.14,612.25,612.7,340.295,208464.99653
BNBUSDT,1775054700000,2026-04-01 14:45:00,2026-04-01 23:45:00,612.71,614.07,612.62,614.03,381.254,233735.27294
BNBUSDT,1775055000000,2026-04-01 14:50:00,2026-04-01 23:50:00,614.03,614.71,613.56,614.16,259.175,159175.94179
BNBUSDT,1775055300000,2026-04-01 14:55:00,2026-04-01 23:55:00,614.15,614.16,613.59,613.75,254.186,156040.47887
BNBUSDT,1775055600000,2026-04-01 15:00:00,2026-04-02 00:00:00,613.75,614.32,613.4,613.42,737.344,452622.77019
BNBUSDT,1775055900000,2026-04-01 15:05:00,2026-04-02 00:05:00,613.42,613.97,613.12,613.24,441.9,271117.68008
BNBUSDT,1775056200000,2026-04-01 15:10:00,2026-04-02 00:10:00,613.25,613.25,612.29,612.43,264.598,162112.21958
BNBUSDT,1775056500000,2026-04-01 15:15:00,2026-04-02 00:15:00,612.43,613.07,612.05,612.94,291.524,178577.64439
BNBUSDT,1775056800000,2026-04-01 15:20:00,2026-04-02 00:20:00,612.94,614.3,612.55,614.3,283.385,173848.21583
BNBUSDT,1775057100000,2026-04-01 15:25:00,2026-04-02 00:25:00,614.31,615.03,613.8,614.07,738.007,453390.0673
BNBUSDT,1775057400000,2026-04-01 15:30:00,2026-04-02 00:30:00,614.07,614.86,613.74,614.1,447.968,275168.77172
BNBUSDT,1775057700000,2026-04-01 15:35:00,2026-04-02 00:35:00,614.09,614.79,613.58,613.6,285.176,175194.14302
BNBUSDT,1775058000000,2026-04-01 15:40:00,2026-04-02 00:40:00,613.6,614.04,613.32,613.89,243.362,149325.03091
BNBUSDT,1775058300000,2026-04-01 15:45:00,2026-04-02 00:45:00,613.9,614.48,613.9,614.05,289.841,178013.76241
BNBUSDT,1775058600000,2026-04-01 15:50:00,2026-04-02 00:50:00,614.06,614.99,614,614.68,300.107,184394.83053
BNBUSDT,1775058900000,2026-04-01 15:55:00,2026-04-02 00:55:00,614.69,615.21,614.59,614.82,314.237,193237.10704
BNBUSDT,1775059200000,2026-04-01 16:00:00,2026-04-02 01:00:00,614.82,614.82,613.82,613.94,660.643,405931.64618
BNBUSDT,1775059500000,2026-04-01 16:05:00,2026-04-02 01:05:00,613.94,614.36,613.54,614.35,306.221,188024.0209
BNBUSDT,1775059800000,2026-04-01 16:10:00,2026-04-02 01:10:00,614.36,614.48,613.03,613.48,323.567,198531.29743
BNBUSDT,1775060100000,2026-04-01 16:15:00,2026-04-02 01:15:00,613.48,614.64,611.44,614.4,2141.394,1312642.77192
BNBUSDT,1775060400000,2026-04-01 16:20:00,2026-04-02 01:20:00,614.4,615.16,614.4,614.8,454.24,279270.74172
BNBUSDT,1775060700000,2026-04-01 16:25:00,2026-04-02 01:25:00,614.8,616.01,614.62,615.69,449.349,276542.02512
BNBUSDT,1775061000000,2026-04-01 16:30:00,2026-04-02 01:30:00,615.69,616.6,615.24,615.55,455.573,280620.67948
BNBUSDT,1775061300000,2026-04-01 16:35:00,2026-04-02 01:35:00,615.55,617.17,615.45,616.41,452.195,278806.78177
BNBUSDT,1775061600000,2026-04-01 16:40:00,2026-04-02 01:40:00,616.4,617.31,616.16,616.89,347.737,214469.32376
BNBUSDT,1775061900000,2026-04-01 16:45:00,2026-04-02 01:45:00,616.89,617.05,616.38,617.01,565.46,348762.53547
BNBUSDT,1775062200000,2026-04-01 16:50:00,2026-04-02 01:50:00,617.02,617.05,616.5,616.56,254.005,156659.97366
BNBUSDT,1775062500000,2026-04-01 16:55:00,2026-04-02 01:55:00,616.57,616.79,616.22,616.4,312.189,192442.39238
BNBUSDT,1775062800000,2026-04-01 17:00:00,2026-04-02 02:00:00,616.39,619.5,616.36,618.89,1038.545,642393.05262
BNBUSDT,1775063100000,2026-04-01 17:05:00,2026-04-02 02:05:00,618.88,618.88,617.06,617.08,368.766,227819.6632
BNBUSDT,1775063400000,2026-04-01 17:10:00,2026-04-02 02:10:00,617.08,617.27,616.17,616.31,395.444,243874.17289
BNBUSDT,1775063700000,2026-04-01 17:15:00,2026-04-02 02:15:00,616.31,617.22,616.31,616.65,596.842,368172.92339
BNBUSDT,1775064000000,2026-04-01 17:20:00,2026-04-02 02:20:00,616.65,616.65,615.33,615.78,337.977,208149.43926
BNBUSDT,1775064300000,2026-04-01 17:25:00,2026-04-02 02:25:00,615.78,615.81,614.74,615.03,263.93,162373.92821
BNBUSDT,1775064600000,2026-04-01 17:30:00,2026-04-02 02:30:00,615.04,615.13,614.28,614.54,254.64,156563.67369
BNBUSDT,1775064900000,2026-04-01 17:35:00,2026-04-02 02:35:00,614.53,615.32,613.76,615.03,314.481,193203.99375
BNBUSDT,1775065200000,2026-04-01 17:40:00,2026-04-02 02:40:00,615.02,615.12,614.8,614.98,120.666,74201.86119
BNBUSDT,1775065500000,2026-04-01 17:45:00,2026-04-02 02:45:00,614.99,615.12,614.24,614.37,229.141,140863.67571
BNBUSDT,1775065800000,2026-04-01 17:50:00,2026-04-02 02:50:00,614.38,614.52,613.85,614.35,256.631,157608.2052
BNBUSDT,1775066100000,2026-04-01 17:55:00,2026-04-02 02:55:00,614.35,614.37,613.95,614.1,296.597,182170.99402
BNBUSDT,1775066400000,2026-04-01 18:00:00,2026-04-02 03:00:00,614.1,614.29,612.36,613.32,489.757,300348.54625
BNBUSDT,1775066700000,2026-04-01 18:05:00,2026-04-02 03:05:00,613.32,613.56,612.98,613.29,217.29,133272.41487
BNBUSDT,1775067000000,2026-04-01 18:10:00,2026-04-02 03:10:00,613.29,613.91,613.2,613.21,247.399,151813.34189
BNBUSDT,1775067300000,2026-04-01 18:15:00,2026-04-02 03:15:00,613.21,613.6,612.78,613.32,408.364,250441.31095
BNBUSDT,1775067600000,2026-04-01 18:20:00,2026-04-02 03:20:00,613.32,613.74,612.8,612.87,313.466,192200.48185
BNBUSDT,1775067900000,2026-04-01 18:25:00,2026-04-02 03:25:00,612.88,613.56,612.86,613.31,322.708,197912.76081
BNBUSDT,1775068200000,2026-04-01 18:30:00,2026-04-02 03:30:00,613.3,613.89,613,613.87,217.671,133519.75975
BNBUSDT,1775068500000,2026-04-01 18:35:00,2026-04-02 03:35:00,613.87,614.35,613.27,614.14,165.161,101352.32402
BNBUSDT,1775068800000,2026-04-01 18:40:00,2026-04-02 03:40:00,614.14,614.88,614.01,614.04,263.547,161954.11428
BNBUSDT,1775069100000,2026-04-01 18:45:00,2026-04-02 03:45:00,614.04,614.07,613.17,613.44,248.778,152610.45441
BNBUSDT,1775069400000,2026-04-01 18:50:00,2026-04-02 03:50:00,613.44,613.56,613.04,613.21,376.316,230803.78507
BNBUSDT,1775069700000,2026-04-01 18:55:00,2026-04-02 03:55:00,613.2,613.27,612.71,613.04,251.409,154085.91067
BNBUSDT,1775070000000,2026-04-01 19:00:00,2026-04-02 04:00:00,613.05,613.64,613.05,613.54,132.643,81361.17312
BNBUSDT,1775070300000,2026-04-01 19:05:00,2026-04-02 04:05:00,613.54,613.81,613.37,613.48,534.576,328005.66206
BNBUSDT,1775070600000,2026-04-01 19:10:00,2026-04-02 04:10:00,613.48,613.66,613.01,613.05,557.009,341700.19383
BNBUSDT,1775070900000,2026-04-01 19:15:00,2026-04-02 04:15:00,613.06,613.2,612.59,613.03,227.457,139408.4843
BNBUSDT,1775071200000,2026-04-01 19:20:00,2026-04-02 04:20:00,613.03,613.09,612.76,613.04,95.656,58632.63726
BNBUSDT,1775071500000,2026-04-01 19:25:00,2026-04-02 04:25:00,613.04,614.28,613.04,614.28,226.521,138990.63653
BNBUSDT,1775071800000,2026-04-01 19:30:00,2026-04-02 04:30:00,614.28,614.52,613.32,613.77,311.256,191079.6798
BNBUSDT,1775072100000,2026-04-01 19:35:00,2026-04-02 04:35:00,613.78,614.25,613.47,614.11,136.929,84041.52734
BNBUSDT,1775072400000,2026-04-01 19:40:00,2026-04-02 04:40:00,614.11,614.63,613.93,613.94,167.299,102774.51679
BNBUSDT,1775072700000,2026-04-01 19:45:00,2026-04-02 04:45:00,613.93,614.61,613.82,614.54,97.128,59664.70694
BNBUSDT,1775073000000,2026-04-01 19:50:00,2026-04-02 04:50:00,614.54,614.58,613.23,614.02,476.121,292157.0006
BNBUSDT,1775073300000,2026-04-01 19:55:00,2026-04-02 04:55:00,614.03,614.03,613.57,613.76,162.673,99843.53368
BNBUSDT,1775073600000,2026-04-01 20:00:00,2026-04-02 05:00:00,613.76,613.83,612,612.42,475.264,291237.84952
BNBUSDT,1775073900000,2026-04-01 20:05:00,2026-04-02 05:05:00,612.42,612.49,611.92,611.93,763.17,467204.72687
BNBUSDT,1775074200000,2026-04-01 20:10:00,2026-04-02 05:10:00,611.93,612.43,611.82,611.83,139.738,85544.42482
BNBUSDT,1775074500000,2026-04-01 20:15:00,2026-04-02 05:15:00,611.83,612.03,611.41,611.82,207.59,126989.39149
BNBUSDT,1775074800000,2026-04-01 20:20:00,2026-04-02 05:20:00,611.82,612.09,611.39,612.01,163.144,99801.96631
BNBUSDT,1775075100000,2026-04-01 20:25:00,2026-04-02 05:25:00,612,612,611.21,611.26,115.152,70434.86291
BNBUSDT,1775075400000,2026-04-01 20:30:00,2026-04-02 05:30:00,611.25,611.38,610.83,611.38,286.276,174936.81558
BNBUSDT,1775075700000,2026-04-01 20:35:00,2026-04-02 05:35:00,611.38,612.15,611.23,612.15,172.002,105180.22294
BNBUSDT,1775076000000,2026-04-01 20:40:00,2026-04-02 05:40:00,612.15,612.62,611.97,612.62,376.232,230287.30802
BNBUSDT,1775076300000,2026-04-01 20:45:00,2026-04-02 05:45:00,612.63,613.06,612.59,613.04,204.929,125584.24079
BNBUSDT,1775076600000,2026-04-01 20:50:00,2026-04-02 05:50:00,613.05,613.99,613.04,613.76,248.659,152568.452
BNBUSDT,1775076900000,2026-04-01 20:55:00,2026-04-02 05:55:00,613.75,613.75,613.42,613.48,115.844,71076.58208
BNBUSDT,1775077200000,2026-04-01 21:00:00,2026-04-02 06:00:00,613.48,614.73,613.39,614.42,495.492,304401.95566
BNBUSDT,1775077500000,2026-04-01 21:05:00,2026-04-02 06:05:00,614.42,615.64,614.41,615.2,359.358,221010.3307
BNBUSDT,1775077800000,2026-04-01 21:10:00,2026-04-02 06:10:00,615.19,615.35,614.2,614.78,239.763,147405.10528
BNBUSDT,1775078100000,2026-04-01 21:15:00,2026-04-02 06:15:00,614.79,615.12,614.61,614.99,208.348,128118.91757
BNBUSDT,1775078400000,2026-04-01 21:20:00,2026-04-02 06:20:00,615,615.37,614.92,615.15,173.751,106874.38769
BNBUSDT,1775078700000,2026-04-01 21:25:00,2026-04-02 06:25:00,615.14,616,615.04,615.23,317.336,195309.2259
BNBUSDT,1775079000000,2026-04-01 21:30:00,2026-04-02 06:30:00,615.23,615.51,615.22,615.48,138.857,85443.02738
BNBUSDT,1775079300000,2026-04-01 21:35:00,2026-04-02 06:35:00,615.48,615.48,614.44,614.81,127.235,78236.48452
BNBUSDT,1775079600000,2026-04-01 21:40:00,2026-04-02 06:40:00,614.8,614.93,614.45,614.67,169.803,104373.56777
BNBUSDT,1775079900000,2026-04-01 21:45:00,2026-04-02 06:45:00,614.67,614.68,614.03,614.47,927.94,570083.67052
BNBUSDT,1775080200000,2026-04-01 21:50:00,2026-04-02 06:50:00,614.48,614.59,613.59,613.86,296.772,182177.63239
BNBUSDT,1775080500000,2026-04-01 21:55:00,2026-04-02 06:55:00,613.86,615.41,613.86,614.42,227.444,139744.27426
BNBUSDT,1775080800000,2026-04-01 22:00:00,2026-04-02 07:00:00,614.42,614.47,613.55,613.68,228.397,140245.18126
BNBUSDT,1775081100000,2026-04-01 22:05:00,2026-04-02 07:05:00,613.68,613.7,612.86,613.41,259.447,159134.33769
BNBUSDT,1775081400000,2026-04-01 22:10:00,2026-04-02 07:10:00,613.42,613.69,611.73,612.56,1089.328,667097.2438
BNBUSDT,1775081700000,2026-04-01 22:15:00,2026-04-02 07:15:00,612.56,612.56,609.58,609.82,1237.125,755417.09968
BNBUSDT,1775082000000,2026-04-01 22:20:00,2026-04-02 07:20:00,609.82,611.34,609.82,611.12,368.022,224745.25564
BNBUSDT,1775082300000,2026-04-01 22:25:00,2026-04-02 07:25:00,611.12,611.22,610.5,610.65,335.156,204753.30713
BNBUSDT,1775082600000,2026-04-01 22:30:00,2026-04-02 07:30:00,610.65,610.9,610.03,610.9,282.876,172684.05094
BNBUSDT,1775082900000,2026-04-01 22:35:00,2026-04-02 07:35:00,610.9,610.9,610.3,610.61,718.922,438976.7405
BNBUSDT,1775083200000,2026-04-01 22:40:00,2026-04-02 07:40:00,610.61,611.24,610.31,610.75,247.894,151384.30494
BNBUSDT,1775083500000,2026-04-01 22:45:00,2026-04-02 07:45:00,610.75,611.38,610.51,610.59,283.497,173196.27877
BNBUSDT,1775083800000,2026-04-01 22:50:00,2026-04-02 07:50:00,610.6,610.61,610.01,610.36,216.655,132224.03235
BNBUSDT,1775084100000,2026-04-01 22:55:00,2026-04-02 07:55:00,610.36,610.97,610.36,610.84,247.03,150861.50126
BNBUSDT,1775084400000,2026-04-01 23:00:00,2026-04-02 08:00:00,610.85,611.5,610.71,611.32,216.209,132129.92416
BNBUSDT,1775084700000,2026-04-01 23:05:00,2026-04-02 08:05:00,611.33,611.5,610.97,611.47,156.198,95482.43463
BNBUSDT,1775085000000,2026-04-01 23:10:00,2026-04-02 08:10:00,611.47,611.47,611.01,611.39,144.263,88181.65018
BNBUSDT,1775085300000,2026-04-01 23:15:00,2026-04-02 08:15:00,611.39,611.39,610.51,610.68,239.105,146065.4421
BNBUSDT,1775085600000,2026-04-01 23:20:00,2026-04-02 08:20:00,610.69,610.97,610.53,610.67,210.268,128431.50403
BNBUSDT,1775085900000,2026-04-01 23:25:00,2026-04-02 08:25:00,610.68,610.94,610.66,610.73,180.551,110276.79096
BNBUSDT,1775086200000,2026-04-01 23:30:00,2026-04-02 08:30:00,610.72,610.92,609.88,610.91,147.625,90082.04361
BNBUSDT,1775086500000,2026-04-01 23:35:00,2026-04-02 08:35:00,610.92,611.2,610.51,610.63,132.391,80875.87554
BNBUSDT,1775086800000,2026-04-01 23:40:00,2026-04-02 08:40:00,610.64,610.99,610.46,610.47,221.957,135555.95068
BNBUSDT,1775087100000,2026-04-01 23:45:00,2026-04-02 08:45:00,610.47,611.07,610.47,611.03,114.977,70222.76691
BNBUSDT,1775087400000,2026-04-01 23:50:00,2026-04-02 08:50:00,611.04,611.07,610.28,610.84,177.43,108352.16507
BNBUSDT,1775087700000,2026-04-01 23:55:00,2026-04-02 08:55:00,610.84,611,610.6,610.81,191.042,116683.63195
BNBUSDT,1775088000000,2026-04-02 00:00:00,2026-04-02 09:00:00,610.81,610.82,610,610.39,457.864,279509.56138
BNBUSDT,1775088300000,2026-04-02 00:05:00,2026-04-02 09:05:00,610.4,610.62,610.22,610.36,177.961,108632.4592
BNBUSDT,1775088600000,2026-04-02 00:10:00,2026-04-02 09:10:00,610.37,611.09,610.22,610.88,321.49,196318.88181
BNBUSDT,1775088900000,2026-04-02 00:15:00,2026-04-02 09:15:00,610.88,611.31,610.25,610.9,246.195,150384.0449
BNBUSDT,1775089200000,2026-04-02 00:20:00,2026-04-02 09:20:00,610.9,611.12,610.51,610.79,282.929,172837.28488
BNBUSDT,1775089500000,2026-04-02 00:25:00,2026-04-02 09:25:00,610.78,611.06,610.47,610.47,159.756,97572.79745
BNBUSDT,1775089800000,2026-04-02 00:30:00,2026-04-02 09:30:00,610.47,610.91,610.17,610.79,513.001,313156.96745
BNBUSDT,1775090100000,2026-04-02 00:35:00,2026-04-02 09:35:00,610.79,611.87,610.47,611.77,403.811,246765.44967
BNBUSDT,1775090400000,2026-04-02 00:40:00,2026-04-02 09:40:00,611.77,612.92,611.44,612.92,723.681,442976.84938
BNBUSDT,1775090700000,2026-04-02 00:45:00,2026-04-02 09:45:00,612.92,613.3,612.02,612.35,307.51,188375.56042
BNBUSDT,1775091000000,2026-04-02 00:50:00,2026-04-02 09:50:00,612.35,613.19,611.88,613.19,217.982,133491.04868
BNBUSDT,1775091300000,2026-04-02 00:55:00,2026-04-02 09:55:00,613.18,613.6,612.95,613.6,347.026,212831.58364
BNBUSDT,1775091600000,2026-04-02 01:00:00,2026-04-02 10:00:00,613.59,613.59,610,610.36,684.002,418231.85827
BNBUSDT,1775091900000,2026-04-02 01:05:00,2026-04-02 10:05:00,610.35,612.37,607.57,611.61,2628.71,1601797.92435
BNBUSDT,1775092200000,2026-04-02 01:10:00,2026-04-02 10:10:00,611.62,612.76,610.12,610.14,870.347,532384.11775
BNBUSDT,1775092500000,2026-04-02 01:15:00,2026-04-02 10:15:00,610.15,610.15,605.23,606.34,2496.581,1516023.83686
BNBUSDT,1775092800000,2026-04-02 01:20:00,2026-04-02 10:20:00,606.39,608,604.5,606.41,1962.438,1189406.75504
BNBUSDT,1775093100000,2026-04-02 01:25:00,2026-04-02 10:25:00,606.41,607.63,604.7,606.51,1711.958,1038047.58944
BNBUSDT,1775093400000,2026-04-02 01:30:00,2026-04-02 10:30:00,606.5,606.5,603,604.34,1881.244,1136687.87676
BNBUSDT,1775093700000,2026-04-02 01:35:00,2026-04-02 10:35:00,604.33,605.36,603.64,604.3,1477.646,893513.4894
BNBUSDT,1775094000000,2026-04-02 01:40:00,2026-04-02 10:40:00,604.31,604.31,603.07,603.12,857.748,517751.62866
BNBUSDT,1775094300000,2026-04-02 01:45:00,2026-04-02 10:45:00,603.12,604.32,602.56,603.24,1654.38,998526.66253
BNBUSDT,1775094600000,2026-04-02 01:50:00,2026-04-02 10:50:00,603.25,604.7,602.94,603.86,2594.608,1566487.42377
BNBUSDT,1775094900000,2026-04-02 01:55:00,2026-04-02 10:55:00,603.86,604.72,603.7,604.14,805.267,486566.76469
BNBUSDT,1775095200000,2026-04-02 02:00:00,2026-04-02 11:00:00,604.13,604.13,602.4,602.63,819.777,494607.65031
BNBUSDT,1775095500000,2026-04-02 02:05:00,2026-04-02 11:05:00,602.64,604.17,602,602.58,898.872,541959.52363
BNBUSDT,1775095800000,2026-04-02 02:10:00,2026-04-02 11:10:00,602.58,602.7,600.78,601,1439.802,866148.17527
BNBUSDT,1775096100000,2026-04-02 02:15:00,2026-04-02 11:15:00,600.99,601.9,600.76,601,1243.441,747684.51181
BNBUSDT,1775096400000,2026-04-02 02:20:00,2026-04-02 11:20:00,601,601,598.88,599.97,3189.098,1912898.55652
BNBUSDT,1775096700000,2026-04-02 02:25:00,2026-04-02 11:25:00,599.96,600.1,599.21,599.63,1022.598,613262.41676
BNBUSDT,1775097000000,2026-04-02 02:30:00,2026-04-02 11:30:00,599.62,601,599.57,600.77,800.15,480336.51566
BNBUSDT,1775097300000,2026-04-02 02:35:00,2026-04-02 11:35:00,600.77,600.87,599.77,600.32,829.728,497961.07518
BNBUSDT,1775097600000,2026-04-02 02:40:00,2026-04-02 11:40:00,600.33,600.88,596.41,596.57,3158.109,1888798.91252
BNBUSDT,1775097900000,2026-04-02 02:45:00,2026-04-02 11:45:00,596.58,597.78,596.16,596.91,1577.685,942094.99671
BNBUSDT,1775098200000,2026-04-02 02:50:00,2026-04-02 11:50:00,596.91,597.48,596.8,597.16,1365.438,815420.34973
BNBUSDT,1775098500000,2026-04-02 02:55:00,2026-04-02 11:55:00,597.16,597.79,597.06,597.09,990.095,591403.27363
BNBUSDT,1775098800000,2026-04-02 03:00:00,2026-04-02 12:00:00,597.1,597.1,596.22,596.69,1196.634,713917.58593
BNBUSDT,1775099100000,2026-04-02 03:05:00,2026-04-02 12:05:00,596.69,598.04,596.68,597.5,1125.937,672884.34928
BNBUSDT,1775099400000,2026-04-02 03:10:00,2026-04-02 12:10:00,597.51,597.51,595.26,595.93,2345.997,1398661.23624
BNBUSDT,1775099700000,2026-04-02 03:15:00,2026-04-02 12:15:00,595.93,596.23,595.11,595.12,1731.364,1031418.45006
BNBUSDT,1775100000000,2026-04-02 03:20:00,2026-04-02 12:20:00,595.12,597.18,594.69,597.1,1967.318,1172551.08025
BNBUSDT,1775100300000,2026-04-02 03:25:00,2026-04-02 12:25:00,597.1,597.32,596.65,596.95,771.401,460520.12855
BNBUSDT,1775100600000,2026-04-02 03:30:00,2026-04-02 12:30:00,596.95,596.98,596.23,596.61,626.105,373561.82832
BNBUSDT,1775100900000,2026-04-02 03:35:00,2026-04-02 12:35:00,596.62,597.35,595.41,595.64,922.914,550670.93492
BNBUSDT,1775101200000,2026-04-02 03:40:00,2026-04-02 12:40:00,595.63,595.76,591.84,592.69,3871.082,2296357.58676
BNBUSDT,1775101500000,2026-04-02 03:45:00,2026-04-02 12:45:00,592.7,592.84,592.16,592.51,1738.237,1029943.03973
BNBUSDT,1775101800000,2026-04-02 03:50:00,2026-04-02 12:50:00,592.52,593.11,592.06,592.07,1625.727,963387.90075
BNBUSDT,1775102100000,2026-04-02 03:55:00,2026-04-02 12:55:00,592.06,592.57,591.69,592.06,1845.92,1093076.71015
BNBUSDT,1775102400000,2026-04-02 04:00:00,2026-04-02 13:00:00,592.06,592.35,591.53,591.67,1611.874,954136.57557
BNBUSDT,1775102700000,2026-04-02 04:05:00,2026-04-02 13:05:00,591.67,592.34,591.67,591.86,1107.24,655508.32481
BNBUSDT,1775103000000,2026-04-02 04:10:00,2026-04-02 13:10:00,591.87,591.98,591.43,591.84,818.579,484354.10127
BNBUSDT,1775103300000,2026-04-02 04:15:00,2026-04-02 13:15:00,591.85,592.51,590.62,591.03,1280.774,757619.91561
BNBUSDT,1775103600000,2026-04-02 04:20:00,2026-04-02 13:20:00,591.03,591.05,590,590.35,2226.881,1314647.17207
BNBUSDT,1775103900000,2026-04-02 04:25:00,2026-04-02 13:25:00,590.35,590.56,589.8,590.27,2050.016,1209691.95523
BNBUSDT,1775104200000,2026-04-02 04:30:00,2026-04-02 13:30:00,590.27,590.27,589.36,589.58,1023.771,603852.77296
BNBUSDT,1775104500000,2026-04-02 04:35:00,2026-04-02 13:35:00,589.58,590.25,589.01,589.31,971.89,573099.32115
BNBUSDT,1775104800000,2026-04-02 04:40:00,2026-04-02 13:40:00,589.3,589.3,588.74,589.1,1449.197,853537.56404
BNBUSDT,1775105100000,2026-04-02 04:45:00,2026-04-02 13:45:00,589.1,589.65,587.34,587.66,3380.965,1988873.77157
BNBUSDT,1775105400000,2026-04-02 04:50:00,2026-04-02 13:50:00,587.66,588.11,587.5,587.61,781.989,459569.54843
BNBUSDT,1775105700000,2026-04-02 04:55:00,2026-04-02 13:55:00,587.62,587.94,587.36,587.91,839.774,493450.97554
BNBUSDT,1775106000000,2026-04-02 05:00:00,2026-04-02 14:00:00,587.91,590.04,587.91,589.62,1144.552,674336.43276
BNBUSDT,1775106300000,2026-04-02 05:05:00,2026-04-02 14:05:00,589.62,590.17,588.39,588.93,1376.457,811208.63495
BNBUSDT,1775106600000,2026-04-02 05:10:00,2026-04-02 14:10:00,588.92,589.3,588.23,589.07,1000.561,589069.23875
BNBUSDT,1775106900000,2026-04-02 05:15:00,2026-04-02 14:15:00,589.08,590.2,589.08,589.59,1018.656,600582.25141
BNBUSDT,1775107200000,2026-04-02 05:20:00,2026-04-02 14:20:00,589.59,590.51,589.5,589.85,708.394,417909.8076
BNBUSDT,1775107500000,2026-04-02 05:25:00,2026-04-02 14:25:00,589.85,589.91,589.32,589.91,490.868,289393.23927
BNBUSDT,1775107800000,2026-04-02 05:30:00,2026-04-02 14:30:00,589.91,590.31,589.72,590.2,648.45,382582.39715
BNBUSDT,1775108100000,2026-04-02 05:35:00,2026-04-02 14:35:00,590.21,590.88,590.2,590.67,1254.294,740480.0793
BNBUSDT,1775108400000,2026-04-02 05:40:00,2026-04-02 14:40:00,590.66,591.08,590.35,590.81,879.606,519601.67956
BNBUSDT,1775108700000,2026-04-02 05:45:00,2026-04-02 14:45:00,590.81,590.9,590.42,590.77,859.596,507749.89034
BNBUSDT,1775109000000,2026-04-02 05:50:00,2026-04-02 14:50:00,590.78,590.81,590.2,590.45,1205.595,711974.2413
BNBUSDT,1775109300000,2026-04-02 05:55:00,2026-04-02 14:55:00,590.45,591.4,590.45,590.79,985.703,582589.36665
BNBUSDT,1775109600000,2026-04-02 06:00:00,2026-04-02 15:00:00,590.79,591.26,590.68,590.95,791.106,467470.40907
BNBUSDT,1775109900000,2026-04-02 06:05:00,2026-04-02 15:05:00,590.95,591.23,590.33,590.34,450.425,266107.35553
BNBUSDT,1775110200000,2026-04-02 06:10:00,2026-04-02 15:10:00,590.33,590.41,589.33,589.49,1397.24,824490.94941
BNBUSDT,1775110500000,2026-04-02 06:15:00,2026-04-02 15:15:00,589.49,591.76,589.48,591.51,885.557,522963.88229
BNBUSDT,1775110800000,2026-04-02 06:20:00,2026-04-02 15:20:00,591.51,591.51,590.24,590.86,720.896,425833.2409
BNBUSDT,1775111100000,2026-04-02 06:25:00,2026-04-02 15:25:00,590.86,590.86,589.57,589.57,1124.954,663816.78661
BNBUSDT,1775111400000,2026-04-02 06:30:00,2026-04-02 15:30:00,589.58,590,589.08,589.68,888.983,524149.12331
BNBUSDT,1775111700000,2026-04-02 06:35:00,2026-04-02 15:35:00,589.68,589.68,588.6,588.81,775.685,456913.71118
BNBUSDT,1775112000000,2026-04-02 06:40:00,2026-04-02 15:40:00,588.8,588.98,588.55,588.81,758.335,446481.29836
BNBUSDT,1775112300000,2026-04-02 06:45:00,2026-04-02 15:45:00,588.82,589.78,588.81,589.56,1031.412,607959.62418
BNBUSDT,1775112600000,2026-04-02 06:50:00,2026-04-02 15:50:00,589.57,590.01,589.45,589.7,406.611,239770.35143
BNBUSDT,1775112900000,2026-04-02 06:55:00,2026-04-02 15:55:00,589.71,590.03,589.55,590.03,264.443,155960.65449
BNBUSDT,1775113200000,2026-04-02 07:00:00,2026-04-02 16:00:00,590.03,590.38,589.55,590.22,297.172,175308.88358
BNBUSDT,1775113500000,2026-04-02 07:05:00,2026-04-02 16:05:00,590.22,591.06,590.1,590.1,543.4,320925.11631
BNBUSDT,1775113800000,2026-04-02 07:10:00,2026-04-02 16:10:00,590.1,590.2,589.15,589.9,475.889,280570.62174
BNBUSDT,1775114100000,2026-04-02 07:15:00,2026-04-02 16:15:00,589.9,591.55,589.89,590.97,555.154,328089.43247
BNBUSDT,1775114400000,2026-04-02 07:20:00,2026-04-02 16:20:00,590.97,591.25,590.53,591.14,252.011,148905.2231
BNBUSDT,1775114700000,2026-04-02 07:25:00,2026-04-02 16:25:00,591.14,591.34,590.94,591.13,288.753,170690.23773
BNBUSDT,1775115000000,2026-04-02 07:30:00,2026-04-02 16:30:00,591.13,592.19,591.13,591.84,447.617,264902.38326
BNBUSDT,1775115300000,2026-04-02 07:35:00,2026-04-02 16:35:00,591.84,592.29,591.67,591.91,373.902,221373.38681
BNBUSDT,1775115600000,2026-04-02 07:40:00,2026-04-02 16:40:00,591.91,592.36,591.87,592.12,688.355,407590.81097
BNBUSDT,1775115900000,2026-04-02 07:45:00,2026-04-02 16:45:00,592.11,592.25,591.77,592.18,690.35,408707.33383
BNBUSDT,1775116200000,2026-04-02 07:50:00,2026-04-02 16:50:00,592.19,592.5,591.69,591.7,600.494,355570.85832
BNBUSDT,1775116500000,2026-04-02 07:55:00,2026-04-02 16:55:00,591.7,592.05,591.7,591.82,475.469,281442.80254
BNBUSDT,1775116800000,2026-04-02 08:00:00,2026-04-02 17:00:00,591.82,591.82,590.75,590.75,711.555,420779.83153
BNBUSDT,1775117100000,2026-04-02 08:05:00,2026-04-02 17:05:00,590.75,590.89,590.2,590.36,796.16,470155.65202
BNBUSDT,1775117400000,2026-04-02 08:10:00,2026-04-02 17:10:00,590.36,590.49,590,590.12,381.02,224892.01162
BNBUSDT,1775117700000,2026-04-02 08:15:00,2026-04-02 17:15:00,590.12,590.25,589.85,589.98,552.309,325864.96916
BNBUSDT,1775118000000,2026-04-02 08:20:00,2026-04-02 17:20:00,589.99,590.23,589.67,590.19,576.967,340412.37053
BNBUSDT,1775118300000,2026-04-02 08:25:00,2026-04-02 17:25:00,590.18,590.64,590.09,590.64,404.203,238594.33831
BNBUSDT,1775118600000,2026-04-02 08:30:00,2026-04-02 17:30:00,590.65,591.22,590.43,590.75,310.33,183351.67866
BNBUSDT,1775118900000,2026-04-02 08:35:00,2026-04-02 17:35:00,590.75,590.75,589.38,589.42,698.508,411972.22567
BNBUSDT,1775119200000,2026-04-02 08:40:00,2026-04-02 17:40:00,589.42,589.42,588.7,588.71,711.428,419042.93439
BNBUSDT,1775119500000,2026-04-02 08:45:00,2026-04-02 17:45:00,588.71,589.16,588.7,589,500.706,294892.78606
BNBUSDT,1775119800000,2026-04-02 08:50:00,2026-04-02 17:50:00,589,589.3,588.31,588.95,1640.171,965712.50344
BNBUSDT,1775120100000,2026-04-02 08:55:00,2026-04-02 17:55:00,588.95,589.28,587.57,587.91,1778.025,1045919.40559
BNBUSDT,1775120400000,2026-04-02 09:00:00,2026-04-02 18:00:00,587.91,588.15,587.4,587.96,695.314,408693.2966
BNBUSDT,1775120700000,2026-04-02 09:05:00,2026-04-02 18:05:00,587.95,587.96,586.57,586.69,1226.37,720199.99583
BNBUSDT,1775121000000,2026-04-02 09:10:00,2026-04-02 18:10:00,586.69,587.66,586.68,587,1178.148,691834.01903
BNBUSDT,1775121300000,2026-04-02 09:15:00,2026-04-02 18:15:00,587,587.07,585.2,585.22,2281.29,1337199.27941
BNBUSDT,1775121600000,2026-04-02 09:20:00,2026-04-02 18:20:00,585.23,585.99,585.22,585.72,799.685,468244.47253
BNBUSDT,1775121900000,2026-04-02 09:25:00,2026-04-02 18:25:00,585.72,587.15,585.71,586.7,643.1,377301.47105
BNBUSDT,1775122200000,2026-04-02 09:30:00,2026-04-02 18:30:00,586.71,586.97,586.29,586.7,739.058,433559.36056
BNBUSDT,1775122500000,2026-04-02 09:35:00,2026-04-02 18:35:00,586.71,587.2,585.7,586.15,1003.323,588207.38849
BNBUSDT,1775122800000,2026-04-02 09:40:00,2026-04-02 18:40:00,586.14,586.22,585.51,585.69,411.316,241042.45046
BNBUSDT,1775123100000,2026-04-02 09:45:00,2026-04-02 18:45:00,585.69,585.94,585.4,585.72,516.552,302529.32718
BNBUSDT,1775123400000,2026-04-02 09:50:00,2026-04-02 18:50:00,585.72,586.05,585.5,585.57,1180.893,691709.48196
BNBUSDT,1775123700000,2026-04-02 09:55:00,2026-04-02 18:55:00,585.57,586.07,585.51,585.74,681.523,399226.77699
BNBUSDT,1775124000000,2026-04-02 10:00:00,2026-04-02 19:00:00,585.74,586.32,585.02,585.66,831.419,486796.98861
BNBUSDT,1775124300000,2026-04-02 10:05:00,2026-04-02 19:05:00,585.66,585.77,584.53,584.53,1538.719,900250.04459
BNBUSDT,1775124600000,2026-04-02 10:10:00,2026-04-02 19:10:00,584.54,584.58,583.41,583.55,1297.648,757971.34589
BNBUSDT,1775124900000,2026-04-02 10:15:00,2026-04-02 19:15:00,583.54,583.54,582.8,583.11,1407.707,820898.14544
BNBUSDT,1775125200000,2026-04-02 10:20:00,2026-04-02 19:20:00,583.11,583.96,582.9,583.9,413.625,241262.05629
BNBUSDT,1775125500000,2026-04-02 10:25:00,2026-04-02 19:25:00,583.9,584.76,583.8,584.37,650.238,379964.94873
BNBUSDT,1775125800000,2026-04-02 10:30:00,2026-04-02 19:30:00,584.38,584.56,583.6,583.81,803.403,469192.10173
BNBUSDT,1775126100000,2026-04-02 10:35:00,2026-04-02 19:35:00,583.82,583.87,582.48,582.69,841.259,490799.0082
BNBUSDT,1775126400000,2026-04-02 10:40:00,2026-04-02 19:40:00,582.69,582.84,582.12,582.59,1091.834,635910.69433
BNBUSDT,1775126700000,2026-04-02 10:45:00,2026-04-02 19:45:00,582.59,582.86,581.58,581.59,1313.068,764435.27571
BNBUSDT,1775127000000,2026-04-02 10:50:00,2026-04-02 19:50:00,581.59,581.59,581.04,581.35,1182.386,687265.4407
BNBUSDT,1775127300000,2026-04-02 10:55:00,2026-04-02 19:55:00,581.36,581.78,581.1,581.39,862.18,501367.86511
BNBUSDT,1775127600000,2026-04-02 11:00:00,2026-04-02 20:00:00,581.39,581.89,581.12,581.23,1099.844,639585.23064
BNBUSDT,1775127900000,2026-04-02 11:05:00,2026-04-02 20:05:00,581.24,581.24,580,580,2061.923,1196600.57222
BNBUSDT,1775128200000,2026-04-02 11:10:00,2026-04-02 20:10:00,580.01,580.05,578.18,578.41,4258.259,2466458.89437
BNBUSDT,1775128500000,2026-04-02 11:15:00,2026-04-02 20:15:00,578.4,580,577.25,579.54,4179.27,2419627.28969
BNBUSDT,1775128800000,2026-04-02 11:20:00,2026-04-02 20:20:00,579.54,581.4,579.34,581.19,1862.377,1081012.35506
BNBUSDT,1775129100000,2026-04-02 11:25:00,2026-04-02 20:25:00,581.19,581.52,581.03,581.5,991.155,576125.13208
BNBUSDT,1775129400000,2026-04-02 11:30:00,2026-04-02 20:30:00,581.5,581.69,580.23,580.48,1074.185,624223.41056
BNBUSDT,1775129700000,2026-04-02 11:35:00,2026-04-02 20:35:00,580.48,580.84,580.02,580.35,789.857,458461.5585
BNBUSDT,1775130000000,2026-04-02 11:40:00,2026-04-02 20:40:00,580.37,580.89,580.14,580.76,664.184,385577.9393
BNBUSDT,1775130300000,2026-04-02 11:45:00,2026-04-02 20:45:00,580.75,580.98,580.52,580.75,479.076,278212.81909
BNBUSDT,1775130600000,2026-04-02 11:50:00,2026-04-02 20:50:00,580.76,581.45,580.76,581.02,1295.606,752876.14982
BNBUSDT,1775130900000,2026-04-02 11:55:00,2026-04-02 20:55:00,581.03,581.44,580.76,581.23,2143.436,1245462.45925
BNBUSDT,1775131200000,2026-04-02 12:00:00,2026-04-02 21:00:00,581.23,581.4,580.57,581.2,1348.17,783216.78121
BNBUSDT,1775131500000,2026-04-02 12:05:00,2026-04-02 21:05:00,581.21,581.38,580,580.36,941.869,546815.07142
BNBUSDT,1775131800000,2026-04-02 12:10:00,2026-04-02 21:10:00,580.37,580.83,579.44,580.22,918.952,533142.12038
BNBUSDT,1775132100000,2026-04-02 12:15:00,2026-04-02 21:15:00,580.21,580.56,578.88,578.94,2894.253,1677381.96424
BNBUSDT,1775132400000,2026-04-02 12:20:00,2026-04-02 21:20:00,578.93,580.38,578.5,580,1489.029,862245.60582
BNBUSDT,1775132700000,2026-04-02 12:25:00,2026-04-02 21:25:00,579.99,580.5,579.22,579.56,2822.785,1636411.34928
BNBUSDT,1775133000000,2026-04-02 12:30:00,2026-04-02 21:30:00,579.57,579.64,579,579.01,962.068,557350.79613
BNBUSDT,1775133300000,2026-04-02 12:35:00,2026-04-02 21:35:00,579.01,579.44,578.15,578.95,1745.888,1010350.07465
BNBUSDT,1775133600000,2026-04-02 12:40:00,2026-04-02 21:40:00,578.95,580.23,576.43,577.37,6087.35,3518262.4732
BNBUSDT,1775133900000,2026-04-02 12:45:00,2026-04-02 21:45:00,577.37,577.7,576.59,576.63,1877.99,1083888.34263
BNBUSDT,1775134200000,2026-04-02 12:50:00,2026-04-02 21:50:00,576.63,577.02,575.55,575.69,2809.957,1619045.90362
BNBUSDT,1775134500000,2026-04-02 12:55:00,2026-04-02 21:55:00,575.69,575.92,575,575.4,3060.527,1761407.08016
BNBUSDT,1775134800000,2026-04-02 13:00:00,2026-04-02 22:00:00,575.4,576.04,574.16,574.37,4624.707,2659419.8224
BNBUSDT,1775135100000,2026-04-02 13:05:00,2026-04-02 22:05:00,574.37,575.27,573,573.48,4286.139,2460710.61871
BNBUSDT,1775135400000,2026-04-02 13:10:00,2026-04-02 22:10:00,573.48,573.64,572.6,572.61,3187.179,1826889.39119
BNBUSDT,1775135700000,2026-04-02 13:15:00,2026-04-02 22:15:00,572.6,573.21,572.13,572.34,2966.494,1698898.11469
BNBUSDT,1775136000000,2026-04-02 13:20:00,2026-04-02 22:20:00,572.34,572.83,572.01,572.77,2559.262,1465229.99821
BNBUSDT,1775136300000,2026-04-02 13:25:00,2026-04-02 22:25:00,572.76,574.51,572.71,573.94,2523.174,1446917.3101
BNBUSDT,1775136600000,2026-04-02 13:30:00,2026-04-02 22:30:00,573.93,574.76,571.8,571.85,2769.472,1586766.25145
BNBUSDT,1775136900000,2026-04-02 13:35:00,2026-04-02 22:35:00,571.85,572.46,570.52,570.84,3006.603,1717669.72876
BNBUSDT,1775137200000,2026-04-02 13:40:00,2026-04-02 22:40:00,570.84,571.44,570.34,570.55,2747.124,1568081.35171
BNBUSDT,1775137500000,2026-04-02 13:45:00,2026-04-02 22:45:00,570.55,571.7,570.31,571.26,4667.022,2663731.87451
BNBUSDT,1775137800000,2026-04-02 13:50:00,2026-04-02 22:50:00,571.27,573,571.06,572.55,2165.563,1238549.08371
BNBUSDT,1775138100000,2026-04-02 13:55:00,2026-04-02 22:55:00,572.54,573.87,572.46,573.22,1608.232,921896.5904
BNBUSDT,1775138400000,2026-04-02 14:00:00,2026-04-02 23:00:00,573.23,573.23,571.57,571.97,1314.532,752378.68947
BNBUSDT,1775138700000,2026-04-02 14:05:00,2026-04-02 23:05:00,571.97,574.27,571.56,573.13,1397.53,801287.73546
BNBUSDT,1775139000000,2026-04-02 14:10:00,2026-04-02 23:10:00,573.12,574.46,572.23,574.08,1392.372,798533.63326
BNBUSDT,1775139300000,2026-04-02 14:15:00,2026-04-02 23:15:00,574.08,574.64,573,573.96,1356.259,778180.66167
BNBUSDT,1775139600000,2026-04-02 14:20:00,2026-04-02 23:20:00,573.97,574.97,573.09,574.23,945.061,542576.3791
BNBUSDT,1775139900000,2026-04-02 14:25:00,2026-04-02 23:25:00,574.24,574.24,572.26,572.4,1002.816,574676.62631
BNBUSDT,1775140200000,2026-04-02 14:30:00,2026-04-02 23:30:00,572.41,576.14,572.41,575.67,1213.448,697379.11733
BNBUSDT,1775140500000,2026-04-02 14:35:00,2026-04-02 23:35:00,575.67,579.2,575.6,576.82,3250.959,1876514.97312
BNBUSDT,1775140800000,2026-04-02 14:40:00,2026-04-02 23:40:00,576.83,577.65,575.65,577.57,1793.429,1034113.07386
BNBUSDT,1775141100000,2026-04-02 14:45:00,2026-04-02 23:45:00,577.56,577.79,574.74,575.17,1807.244,1040916.87234
BNBUSDT,1775141400000,2026-04-02 14:50:00,2026-04-02 23:50:00,575.17,575.75,574.31,575.42,823.111,473350.27562
BNBUSDT,1775141700000,2026-04-02 14:55:00,2026-04-02 23:55:00,575.42,577.16,575.42,576.05,1189.992,685796.37009
BNBUSDT,1775142000000,2026-04-02 15:00:00,2026-04-03 00:00:00,576.05,576.39,574.78,576.01,1442.806,830387.6109
BNBUSDT,1775142300000,2026-04-02 15:05:00,2026-04-03 00:05:00,576.01,576.06,575,575.55,782.472,450236.66134
BNBUSDT,1775142600000,2026-04-02 15:10:00,2026-04-03 00:10:00,575.55,576.7,575.54,575.81,978.415,563754.25212
BNBUSDT,1775142900000,2026-04-02 15:15:00,2026-04-03 00:15:00,575.82,575.82,573.6,573.81,1257.566,722882.8063
BNBUSDT,1775143200000,2026-04-02 15:20:00,2026-04-03 00:20:00,573.81,573.81,572,573.13,1886.318,1080269.10061
BNBUSDT,1775143500000,2026-04-02 15:25:00,2026-04-03 00:25:00,573.13,573.7,572.67,573.19,775.165,444235.85699
BNBUSDT,1775143800000,2026-04-02 15:30:00,2026-04-03 00:30:00,573.19,573.38,572,572.42,974.283,557710.70728
BNBUSDT,1775144100000,2026-04-02 15:35:00,2026-04-03 00:35:00,572.43,573.72,572.22,572.93,1266.613,725673.35032
BNBUSDT,1775144400000,2026-04-02 15:40:00,2026-04-03 00:40:00,572.93,574.02,572.03,573.99,826.954,473667.2871
BNBUSDT,1775144700000,2026-04-02 15:45:00,2026-04-03 00:45:00,573.99,574.05,571.57,571.74,1268.331,725943.41152
BNBUSDT,1775145000000,2026-04-02 15:50:00,2026-04-03 00:50:00,571.75,573.08,571.47,572.89,1586.711,908050.4432
BNBUSDT,1775145300000,2026-04-02 15:55:00,2026-04-03 00:55:00,572.89,574.24,572.81,574.13,2859.603,1640123.09479
BNBUSDT,1775145600000,2026-04-02 16:00:00,2026-04-03 01:00:00,574.12,574.81,573.82,574.04,1555.827,893574.54005
BNBUSDT,1775145900000,2026-04-02 16:05:00,2026-04-03 01:05:00,574.03,576.39,573.98,576.13,4096.971,2356885.53833
BNBUSDT,1775146200000,2026-04-02 16:10:00,2026-04-03 01:10:00,576.13,576.84,575.82,576.68,1400.616,807129.25099
BNBUSDT,1775146500000,2026-04-02 16:15:00,2026-04-03 01:15:00,576.68,577.15,576.24,576.31,686.924,396140.35701
BNBUSDT,1775146800000,2026-04-02 16:20:00,2026-04-03 01:20:00,576.3,576.99,575.31,576.34,838.744,483287.73597
BNBUSDT,1775147100000,2026-04-02 16:25:00,2026-04-03 01:25:00,576.33,577.71,575.96,577.56,520.876,300449.06339
BNBUSDT,1775147400000,2026-04-02 16:30:00,2026-04-03 01:30:00,577.56,579.32,577.43,579.11,1162.094,671858.59574
BNBUSDT,1775147700000,2026-04-02 16:35:00,2026-04-03 01:35:00,579.1,579.8,578.52,579.47,810.456,469433.72525
BNBUSDT,1775148000000,2026-04-02 16:40:00,2026-04-03 01:40:00,579.47,581.27,579.41,579.86,1372.674,796372.13281
BNBUSDT,1775148300000,2026-04-02 16:45:00,2026-04-03 01:45:00,579.86,580.66,579.19,579.52,437.137,253451.39749
BNBUSDT,1775148600000,2026-04-02 16:50:00,2026-04-03 01:50:00,579.51,580.41,579.51,579.99,639.372,370760.58271
BNBUSDT,1775148900000,2026-04-02 16:55:00,2026-04-03 01:55:00,579.98,580.21,579.86,579.89,1182.677,685960.63797
BNBUSDT,1775149200000,2026-04-02 17:00:00,2026-04-03 02:00:00,579.9,580.1,578.25,578.81,1412.361,817963.89488
BNBUSDT,1775149500000,2026-04-02 17:05:00,2026-04-03 02:05:00,578.8,580.09,578.45,580.08,292.403,169367.12081
BNBUSDT,1775149800000,2026-04-02 17:10:00,2026-04-03 02:10:00,580.09,581.22,579.87,580.9,509.162,295666.11268
BNBUSDT,1775150100000,2026-04-02 17:15:00,2026-04-03 02:15:00,580.89,582.4,580.86,582.18,920.821,535758.41709
BNBUSDT,1775150400000,2026-04-02 17:20:00,2026-04-03 02:20:00,582.17,582.98,582.08,582.72,316.618,184439.13223
BNBUSDT,1775150700000,2026-04-02 17:25:00,2026-04-03 02:25:00,582.71,582.81,582.3,582.43,315.491,183779.31048
BNBUSDT,1775151000000,2026-04-02 17:30:00,2026-04-03 02:30:00,582.44,582.67,581.7,581.7,929.646,541320.76023
BNBUSDT,1775151300000,2026-04-02 17:35:00,2026-04-03 02:35:00,581.7,582.12,581.48,581.5,476.563,277240.29948
BNBUSDT,1775151600000,2026-04-02 17:40:00,2026-04-03 02:40:00,581.5,581.91,580.5,580.92,1129.336,656252.424
BNBUSDT,1775151900000,2026-04-02 17:45:00,2026-04-03 02:45:00,580.91,581.01,579.83,580.03,631.899,366762.46074
BNBUSDT,1775152200000,2026-04-02 17:50:00,2026-04-03 02:50:00,580.04,580.37,578.67,579.19,993.731,575632.42596
BNBUSDT,1775152500000,2026-04-02 17:55:00,2026-04-03 02:55:00,579.2,579.38,578.49,578.53,348.264,201605.3395
BNBUSDT,1775152800000,2026-04-02 18:00:00,2026-04-03 03:00:00,578.52,579.44,578.52,579.26,287.82,166666.68665
BNBUSDT,1775153100000,2026-04-02 18:05:00,2026-04-03 03:05:00,579.25,579.56,578.31,578.6,242.124,140156.52726
BNBUSDT,1775153400000,2026-04-02 18:10:00,2026-04-03 03:10:00,578.59,579.95,578.59,579.56,311.41,180458.19566
BNBUSDT,1775153700000,2026-04-02 18:15:00,2026-04-03 03:15:00,579.56,580.31,579.43,580.31,221.578,128493.85709
BNBUSDT,1775154000000,2026-04-02 18:20:00,2026-04-03 03:20:00,580.31,580.78,580.31,580.55,149.722,86924.18477
BNBUSDT,1775154300000,2026-04-02 18:25:00,2026-04-03 03:25:00,580.54,580.54,579.48,579.57,208.416,120873.35885
BNBUSDT,1775154600000,2026-04-02 18:30:00,2026-04-03 03:30:00,579.58,580.23,579.58,580.17,97.005,56264.90254
BNBUSDT,1775154900000,2026-04-02 18:35:00,2026-04-03 03:35:00,580.16,580.84,580.06,580.5,282.669,164092.23437
BNBUSDT,1775155200000,2026-04-02 18:40:00,2026-04-03 03:40:00,580.49,581.3,580.46,581.17,289.084,167937.2546
BNBUSDT,1775155500000,2026-04-02 18:45:00,2026-04-03 03:45:00,581.17,581.9,580.86,581.69,497.725,289417.31393
BNBUSDT,1775155800000,2026-04-02 18:50:00,2026-04-03 03:50:00,581.7,582.69,581.36,582.32,645.586,375782.76064
BNBUSDT,1775156100000,2026-04-02 18:55:00,2026-04-03 03:55:00,582.31,582.41,581.87,581.95,198.899,115800.23217
BNBUSDT,1775156400000,2026-04-02 19:00:00,2026-04-03 04:00:00,581.95,582.49,581.65,581.73,332.916,193803.94234
BNBUSDT,1775156700000,2026-04-02 19:05:00,2026-04-03 04:05:00,581.74,582.15,581.73,581.95,67.183,39100.70667
BNBUSDT,1775157000000,2026-04-02 19:10:00,2026-04-03 04:10:00,581.95,582.56,581.92,582.07,196.682,114521.64181
BNBUSDT,1775157300000,2026-04-02 19:15:00,2026-04-03 04:15:00,582.06,582.07,581.4,581.75,101.561,59075.14237
BNBUSDT,1775157600000,2026-04-02 19:20:00,2026-04-03 04:20:00,581.75,582.02,581.17,581.84,122.761,71394.09842
BNBUSDT,1775157900000,2026-04-02 19:25:00,2026-04-03 04:25:00,581.84,582.25,581.69,581.86,423.771,246597.87861
BNBUSDT,1775158200000,2026-04-02 19:30:00,2026-04-03 04:30:00,581.86,581.95,580.33,580.78,241.819,140541.22157
BNBUSDT,1775158500000,2026-04-02 19:35:00,2026-04-03 04:35:00,580.78,581.32,580.78,581.31,159.207,92515.0569
BNBUSDT,1775158800000,2026-04-02 19:40:00,2026-04-03 04:40:00,581.32,581.99,581.32,581.42,197.338,114776.03034
BNBUSDT,1775159100000,2026-04-02 19:45:00,2026-04-03 04:45:00,581.41,581.79,581.06,581.79,190.447,110721.83116
BNBUSDT,1775159400000,2026-04-02 19:50:00,2026-04-03 04:50:00,581.79,582.88,581.79,582.86,596.079,347218.02344
BNBUSDT,1775159700000,2026-04-02 19:55:00,2026-04-03 04:55:00,582.86,583.72,582.85,583.51,869.05,507052.37823
BNBUSDT,1775160000000,2026-04-02 20:00:00,2026-04-03 05:00:00,583.5,583.59,582.74,583.24,262.49,153114.07552
BNBUSDT,1775160300000,2026-04-02 20:05:00,2026-04-03 05:05:00,583.23,584.83,583.13,584.23,709.572,414431.16818
BNBUSDT,1775160600000,2026-04-02 20:10:00,2026-04-03 05:10:00,584.22,584.6,583.5,583.5,256.298,149686.74528
BNBUSDT,1775160900000,2026-04-02 20:15:00,2026-04-03 05:15:00,583.49,584.34,583.4,584.33,168.929,98640.08583
BNBUSDT,1775161200000,2026-04-02 20:20:00,2026-04-03 05:20:00,584.33,584.33,582.99,582.99,180.246,105198.79737
BNBUSDT,1775161500000,2026-04-02 20:25:00,2026-04-03 05:25:00,582.98,584.1,582.79,584.08,204.082,119024.95385
BNBUSDT,1775161800000,2026-04-02 20:30:00,2026-04-03 05:30:00,584.07,584.07,583.41,583.52,176.346,102929.60044
BNBUSDT,1775162100000,2026-04-02 20:35:00,2026-04-03 05:35:00,583.53,584.63,583.52,584.48,261.26,152660.33337
BNBUSDT,1775162400000,2026-04-02 20:40:00,2026-04-03 05:40:00,584.49,584.52,583.82,584.16,274.107,160112.73401
BNBUSDT,1775162700000,2026-04-02 20:45:00,2026-04-03 05:45:00,584.17,584.18,583.87,584.16,94.565,55229.58631
BNBUSDT,1775163000000,2026-04-02 20:50:00,2026-04-03 05:50:00,584.16,584.22,584,584.12,169.785,99170.42941
BNBUSDT,1775163300000,2026-04-02 20:55:00,2026-04-03 05:55:00,584.12,584.12,583.63,583.64,166.78,97369.13129
BNBUSDT,1775163600000,2026-04-02 21:00:00,2026-04-03 06:00:00,583.64,584.25,583.54,583.66,180.044,105128.21432
BNBUSDT,1775163900000,2026-04-02 21:05:00,2026-04-03 06:05:00,583.65,583.92,583.45,583.45,139.707,81557.42488
BNBUSDT,1775164200000,2026-04-02 21:10:00,2026-04-03 06:10:00,583.46,583.49,582.03,583.18,932.549,543361.71224
BNBUSDT,1775164500000,2026-04-02 21:15:00,2026-04-03 06:15:00,583.18,584.08,582.73,583.8,333.443,194478.26022
BNBUSDT,1775164800000,2026-04-02 21:20:00,2026-04-03 06:20:00,583.79,584.19,582.94,583.02,280.806,163856.28032
BNBUSDT,1775165100000,2026-04-02 21:25:00,2026-04-03 06:25:00,583.02,583.64,583.01,583.52,80.877,47181.49881
BNBUSDT,1775165400000,2026-04-02 21:30:00,2026-04-03 06:30:00,583.52,583.97,583.51,583.91,204.483,119369.75212
BNBUSDT,1775165700000,2026-04-02 21:35:00,2026-04-03 06:35:00,583.91,583.91,583.04,583.36,111.583,65105.01128
BNBUSDT,1775166000000,2026-04-02 21:40:00,2026-04-03 06:40:00,583.35,583.35,582.75,583,171.308,99876.89662
BNBUSDT,1775166300000,2026-04-02 21:45:00,2026-04-03 06:45:00,583,583.31,582.98,582.99,116.928,68180.13108
BNBUSDT,1775166600000,2026-04-02 21:50:00,2026-04-03 06:50:00,582.99,584.22,582.99,583.93,76.498,44656.21251
BNBUSDT,1775166900000,2026-04-02 21:55:00,2026-04-03 06:55:00,583.92,584.53,583.8,584.25,136.315,79627.76849
BNBUSDT,1775167200000,2026-04-02 22:00:00,2026-04-03 07:00:00,584.24,584.78,584.06,584.53,429.423,250974.1697
BNBUSDT,1775167500000,2026-04-02 22:05:00,2026-04-03 07:05:00,584.53,584.72,584.11,584.13,223.235,130454.16938
BNBUSDT,1775167800000,2026-04-02 22:10:00,2026-04-03 07:10:00,584.13,584.54,583.72,583.88,152.309,88952.2747
BNBUSDT,1775168100000,2026-04-02 22:15:00,2026-04-03 07:15:00,583.87,584.24,583.78,583.84,226.856,132474.95028
BNBUSDT,1775168400000,2026-04-02 22:20:00,2026-04-03 07:20:00,583.84,583.96,582.45,582.46,378.214,220584.32513
BNBUSDT,1775168700000,2026-04-02 22:25:00,2026-04-03 07:25:00,582.45,582.46,581.14,581.66,610.804,355285.97794
BNBUSDT,1775169000000,2026-04-02 22:30:00,2026-04-03 07:30:00,581.66,583.61,581.66,582.89,525.105,306087.77138
BNBUSDT,1775169300000,2026-04-02 22:35:00,2026-04-03 07:35:00,582.89,582.89,582.2,582.64,353.902,206155.66425
BNBUSDT,1775169600000,2026-04-02 22:40:00,2026-04-03 07:40:00,582.63,583,582.49,582.7,373.887,217868.27333
BNBUSDT,1775169900000,2026-04-02 22:45:00,2026-04-03 07:45:00,582.69,582.79,582.3,582.72,196.431,114427.75705
BNBUSDT,1775170200000,2026-04-02 22:50:00,2026-04-03 07:50:00,582.73,583.44,582.72,583.28,177.435,103459.08548
BNBUSDT,1775170500000,2026-04-02 22:55:00,2026-04-03 07:55:00,583.29,583.75,583.25,583.26,176.16,102787.74328
BNBUSDT,1775170800000,2026-04-02 23:00:00,2026-04-03 08:00:00,583.26,583.98,583.04,583.89,259.795,151610.67481
BNBUSDT,1775171100000,2026-04-02 23:05:00,2026-04-03 08:05:00,583.89,584.12,583.04,583.25,298.642,174295.18269
BNBUSDT,1775171400000,2026-04-02 23:10:00,2026-04-03 08:10:00,583.25,583.33,582.71,582.96,73.273,42716.92793
BNBUSDT,1775171700000,2026-04-02 23:15:00,2026-04-03 08:15:00,582.96,583.72,582.81,583.06,281.486,164130.79692
BNBUSDT,1775172000000,2026-04-02 23:20:00,2026-04-03 08:20:00,583.06,583.8,583,583.65,114.94,67061.5143
BNBUSDT,1775172300000,2026-04-02 23:25:00,2026-04-03 08:25:00,583.66,583.66,583.13,583.41,131.663,76797.53552
BNBUSDT,1775172600000,2026-04-02 23:30:00,2026-04-03 08:30:00,583.4,583.9,583.2,583.83,241.276,140758.56637
BNBUSDT,1775172900000,2026-04-02 23:35:00,2026-04-03 08:35:00,583.83,583.83,583.35,583.4,87.379,50992.48983
BNBUSDT,1775173200000,2026-04-02 23:40:00,2026-04-03 08:40:00,583.41,583.46,583,583,82.941,48381.08859
BNBUSDT,1775173500000,2026-04-02 23:45:00,2026-04-03 08:45:00,583,583,582.4,582.92,125.801,73302.76534
BNBUSDT,1775173800000,2026-04-02 23:50:00,2026-04-03 08:50:00,582.92,583.23,582.78,582.99,66.055,38509.77418
BNBUSDT,1775174100000,2026-04-02 23:55:00,2026-04-03 08:55:00,583,583.52,583,583.52,230.921,134686.11833
BNBUSDT,1775174400000,2026-04-03 00:00:00,2026-04-03 09:00:00,583.52,584.15,583.37,583.96,178.985,104495.34353
BNBUSDT,1775174700000,2026-04-03 00:05:00,2026-04-03 09:05:00,583.97,583.99,583.3,583.44,378.548,220933.52916
BNBUSDT,1775175000000,2026-04-03 00:10:00,2026-04-03 09:10:00,583.44,583.51,582.86,583.43,344.436,200864.59241
BNBUSDT,1775175300000,2026-04-03 00:15:00,2026-04-03 09:15:00,583.42,583.83,583.12,583.83,156.17,91122.67651
BNBUSDT,1775175600000,2026-04-03 00:20:00,2026-04-03 09:20:00,583.83,585.65,583.83,585.61,652.687,381837.58246
BNBUSDT,1775175900000,2026-04-03 00:25:00,2026-04-03 09:25:00,585.6,585.61,584.29,584.29,421.16,246372.80084
BNBUSDT,1775176200000,2026-04-03 00:30:00,2026-04-03 09:30:00,584.3,584.81,584.04,584.58,122.011,71307.83862
BNBUSDT,1775176500000,2026-04-03 00:35:00,2026-04-03 09:35:00,584.58,585.22,584.58,584.58,282.533,165262.30462
BNBUSDT,1775176800000,2026-04-03 00:40:00,2026-04-03 09:40:00,584.59,584.88,583.82,584.64,933.135,545237.90943
BNBUSDT,1775177100000,2026-04-03 00:45:00,2026-04-03 09:45:00,584.64,584.65,583.99,584.35,186.438,108934.47707
BNBUSDT,1775177400000,2026-04-03 00:50:00,2026-04-03 09:50:00,584.35,584.49,583.88,583.88,418.698,244588.3733
BNBUSDT,1775177700000,2026-04-03 00:55:00,2026-04-03 09:55:00,583.89,584.31,583.61,584.03,236.399,138040.56438
BNBUSDT,1775178000000,2026-04-03 01:00:00,2026-04-03 10:00:00,584.03,584.82,584.01,584.59,204.577,119539.81053
BNBUSDT,1775178300000,2026-04-03 01:05:00,2026-04-03 10:05:00,584.58,585.01,584.34,584.68,364.264,213020.69891
BNBUSDT,1775178600000,2026-04-03 01:10:00,2026-04-03 10:10:00,584.68,585.1,584.35,585.1,165.691,96886.811
BNBUSDT,1775178900000,2026-04-03 01:15:00,2026-04-03 10:15:00,585.1,585.24,584.52,584.81,202.651,118515.25498
BNBUSDT,1775179200000,2026-04-03 01:20:00,2026-04-03 10:20:00,584.82,585.71,584.59,585.54,172.376,100886.94874
BNBUSDT,1775179500000,2026-04-03 01:25:00,2026-04-03 10:25:00,585.54,586.42,585.54,586.32,529.706,310398.24831
BNBUSDT,1775179800000,2026-04-03 01:30:00,2026-04-03 10:30:00,586.33,587.06,586.09,586.09,684.618,401610.34831
BNBUSDT,1775180100000,2026-04-03 01:35:00,2026-04-03 10:35:00,586.09,586.09,583.68,584.11,2404.467,1404773.75943
BNBUSDT,1775180400000,2026-04-03 01:40:00,2026-04-03 10:40:00,584.11,584.82,584.11,584.58,303.525,177402.56133
BNBUSDT,1775180700000,2026-04-03 01:45:00,2026-04-03 10:45:00,584.58,584.7,583.66,584.39,214.952,125566.29818
BNBUSDT,1775181000000,2026-04-03 01:50:00,2026-04-03 10:50:00,584.39,584.62,584.03,584.21,277.502,162133.97598
BNBUSDT,1775181300000,2026-04-03 01:55:00,2026-04-03 10:55:00,584.22,584.59,584.22,584.43,128.3,74986.94976
BNBUSDT,1775181600000,2026-04-03 02:00:00,2026-04-03 11:00:00,584.44,584.44,583.43,583.57,342.184,199746.63027
BNBUSDT,1775181900000,2026-04-03 02:05:00,2026-04-03 11:05:00,583.56,584.13,583.14,583.14,857.39,500419.21897
BNBUSDT,1775182200000,2026-04-03 02:10:00,2026-04-03 11:10:00,583.15,583.97,582.58,583.64,363.97,212244.28269
BNBUSDT,1775182500000,2026-04-03 02:15:00,2026-04-03 11:15:00,583.63,586.02,583.63,585.98,731.497,428256.26026
BNBUSDT,1775182800000,2026-04-03 02:20:00,2026-04-03 11:20:00,585.98,586.01,584.86,585.59,367.1,214828.00375
BNBUSDT,1775183100000,2026-04-03 02:25:00,2026-04-03 11:25:00,585.59,585.6,583.54,583.57,243.134,142098.41816
BNBUSDT,1775183400000,2026-04-03 02:30:00,2026-04-03 11:30:00,583.57,583.67,582.03,583.3,559.74,326192.8852
BNBUSDT,1775183700000,2026-04-03 02:35:00,2026-04-03 11:35:00,583.29,583.53,581.99,582.16,261.787,152542.84421
BNBUSDT,1775184000000,2026-04-03 02:40:00,2026-04-03 11:40:00,582.16,583,581.93,582.55,677.694,394625.12263
BNBUSDT,1775184300000,2026-04-03 02:45:00,2026-04-03 11:45:00,582.54,583.07,582.4,583.01,329.366,191913.4507
BNBUSDT,1775184600000,2026-04-03 02:50:00,2026-04-03 11:50:00,583.01,584.94,583,584.41,586.083,342247.93476
BNBUSDT,1775184900000,2026-04-03 02:55:00,2026-04-03 11:55:00,584.41,584.89,584.02,584.81,157.617,92122.66325
BNBUSDT,1775185200000,2026-04-03 03:00:00,2026-04-03 12:00:00,584.81,585.2,584.52,584.53,292.153,170856.66861
BNBUSDT,1775185500000,2026-04-03 03:05:00,2026-04-03 12:05:00,584.53,585.5,584.48,585.31,304.24,178004.1299
BNBUSDT,1775185800000,2026-04-03 03:10:00,2026-04-03 12:10:00,585.31,585.87,585,585.87,783.012,458376.56099
BNBUSDT,1775186100000,2026-04-03 03:15:00,2026-04-03 12:15:00,585.87,586,585.32,585.56,221.469,129721.63217
BNBUSDT,1775186400000,2026-04-03 03:20:00,2026-04-03 12:20:00,585.56,586.11,585.5,585.96,292.284,171264.47475
BNBUSDT,1775186700000,2026-04-03 03:25:00,2026-04-03 12:25:00,585.96,586.13,585.18,585.43,315.236,184612.91359
BNBUSDT,1775187000000,2026-04-03 03:30:00,2026-04-03 12:30:00,585.43,586.39,585.42,586.32,487.718,285866.96306
BNBUSDT,1775187300000,2026-04-03 03:35:00,2026-04-03 12:35:00,586.33,586.38,585.6,585.91,279.26,163633.71236
BNBUSDT,1775187600000,2026-04-03 03:40:00,2026-04-03 12:40:00,585.92,585.92,585.1,585.83,343.418,201048.12602
BNBUSDT,1775187900000,2026-04-03 03:45:00,2026-04-03 12:45:00,585.83,586.14,585.54,585.76,126.695,74220.45027
BNBUSDT,1775188200000,2026-04-03 03:50:00,2026-04-03 12:50:00,585.76,586.1,585.73,585.73,125.941,73790.17562
BNBUSDT,1775188500000,2026-04-03 03:55:00,2026-04-03 12:55:00,585.74,586.23,585.5,585.82,241.389,141424.78426
BNBUSDT,1775188800000,2026-04-03 04:00:00,2026-04-03 13:00:00,585.82,586.24,585.71,586.15,294.731,172712.77414
BNBUSDT,1775189100000,2026-04-03 04:05:00,2026-04-03 13:05:00,586.15,586.32,585.78,585.78,142.534,83535.87451
BNBUSDT,1775189400000,2026-04-03 04:10:00,2026-04-03 13:10:00,585.78,586.24,585.42,586.11,119.81,70188.08295
BNBUSDT,1775189700000,2026-04-03 04:15:00,2026-04-03 13:15:00,586.1,586.56,586.07,586.11,285.247,167232.66487
BNBUSDT,1775190000000,2026-04-03 04:20:00,2026-04-03 13:20:00,586.11,586.2,585.52,585.59,100.03,58609.65915
BNBUSDT,1775190300000,2026-04-03 04:25:00,2026-04-03 13:25:00,585.59,586.08,585.48,585.67,168.148,98493.21663
BNBUSDT,1775190600000,2026-04-03 04:30:00,2026-04-03 13:30:00,585.67,586.07,585.01,585.42,500.687,293145.92128
BNBUSDT,1775190900000,2026-04-03 04:35:00,2026-04-03 13:35:00,585.42,585.53,585.02,585.35,393.514,230323.0789
BNBUSDT,1775191200000,2026-04-03 04:40:00,2026-04-03 13:40:00,585.35,585.91,585.35,585.88,166.504,97510.84449
BNBUSDT,1775191500000,2026-04-03 04:45:00,2026-04-03 13:45:00,585.88,587.03,585.88,587.03,246.018,144355.96301
BNBUSDT,1775191800000,2026-04-03 04:50:00,2026-04-03 13:50:00,587.02,587.02,586.39,586.67,150.383,88222.48622
BNBUSDT,1775192100000,2026-04-03 04:55:00,2026-04-03 13:55:00,586.68,586.77,586.48,586.62,268.664,157608.7835
BNBUSDT,1775192400000,2026-04-03 05:00:00,2026-04-03 14:00:00,586.62,587.21,586.52,586.8,195.774,114875.33577
BNBUSDT,1775192700000,2026-04-03 05:05:00,2026-04-03 14:05:00,586.8,586.91,586.14,586.56,140.389,82346.04944
BNBUSDT,1775193000000,2026-04-03 05:10:00,2026-04-03 14:10:00,586.56,586.64,586.17,586.25,114.572,67171.66736
BNBUSDT,1775193300000,2026-04-03 05:15:00,2026-04-03 14:15:00,586.25,586.26,584.98,585.64,279.643,163689.84878
BNBUSDT,1775193600000,2026-04-03 05:20:00,2026-04-03 14:20:00,585.65,585.78,585.22,585.36,92.797,54333.7349
BNBUSDT,1775193900000,2026-04-03 05:25:00,2026-04-03 14:25:00,585.36,586.11,585.36,586.1,97.786,57279.79729
BNBUSDT,1775194200000,2026-04-03 05:30:00,2026-04-03 14:30:00,586.11,588.13,586.11,587.55,564.275,331457.0843
BNBUSDT,1775194500000,2026-04-03 05:35:00,2026-04-03 14:35:00,587.55,588.16,587.41,587.51,473.733,278519.57127
BNBUSDT,1775194800000,2026-04-03 05:40:00,2026-04-03 14:40:00,587.51,588.03,587.25,587.7,647.518,380562.05609
BNBUSDT,1775195100000,2026-04-03 05:45:00,2026-04-03 14:45:00,587.7,587.71,587.31,587.54,124.891,73379.12237
BNBUSDT,1775195400000,2026-04-03 05:50:00,2026-04-03 14:50:00,587.55,587.55,586.67,586.68,299.328,175711.47985
BNBUSDT,1775195700000,2026-04-03 05:55:00,2026-04-03 14:55:00,586.67,586.83,586.36,586.79,193.57,113554.1977
BNBUSDT,1775196000000,2026-04-03 06:00:00,2026-04-03 15:00:00,586.79,587.16,586.58,586.58,150.641,88417.01093
BNBUSDT,1775196300000,2026-04-03 06:05:00,2026-04-03 15:05:00,586.57,587.04,586.24,586.49,141.473,82982.68293
BNBUSDT,1775196600000,2026-04-03 06:10:00,2026-04-03 15:10:00,586.49,587,586.4,586.84,263.385,154525.98486
BNBUSDT,1775196900000,2026-04-03 06:15:00,2026-04-03 15:15:00,586.83,586.83,585.54,585.76,241.223,141348.27858
BNBUSDT,1775197200000,2026-04-03 06:20:00,2026-04-03 15:20:00,585.77,586.36,585.42,586.07,195.871,114738.91231
BNBUSDT,1775197500000,2026-04-03 06:25:00,2026-04-03 15:25:00,586.07,586.44,585.78,585.94,183.902,107775.88763
BNBUSDT,1775197800000,2026-04-03 06:30:00,2026-04-03 15:30:00,585.94,586.5,585.59,586.11,221.266,129675.26261
BNBUSDT,1775198100000,2026-04-03 06:35:00,2026-04-03 15:35:00,586.12,587.73,586.11,587.05,640.621,376146.59466
BNBUSDT,1775198400000,2026-04-03 06:40:00,2026-04-03 15:40:00,587.03,587.24,586.98,586.99,185.402,108855.24579
BNBUSDT,1775198700000,2026-04-03 06:45:00,2026-04-03 15:45:00,586.99,587.27,586.47,586.67,273.244,160394.1724
BNBUSDT,1775199000000,2026-04-03 06:50:00,2026-04-03 15:50:00,586.67,586.82,586.14,586.15,140.151,82203.49188
BNBUSDT,1775199300000,2026-04-03 06:55:00,2026-04-03 15:55:00,586.15,586.41,586.08,586.21,161.253,94534.64813
BNBUSDT,1775199600000,2026-04-03 07:00:00,2026-04-03 16:00:00,586.22,586.74,586.06,586.3,338.032,198204.23214
BNBUSDT,1775199900000,2026-04-03 07:05:00,2026-04-03 16:05:00,586.29,587.05,586.15,586.99,278.872,163625.79731
BNBUSDT,1775200200000,2026-04-03 07:10:00,2026-04-03 16:10:00,586.99,587.08,586.45,586.7,205.729,120707.26922
BNBUSDT,1775200500000,2026-04-03 07:15:00,2026-04-03 16:15:00,586.71,587.05,586.5,587.04,230.16,135040.45633
BNBUSDT,1775200800000,2026-04-03 07:20:00,2026-04-03 16:20:00,587.04,587.27,586.61,586.61,291.546,171114.4748
BNBUSDT,1775201100000,2026-04-03 07:25:00,2026-04-03 16:25:00,586.61,587.17,586.58,587.12,117.457,68931.03211
BNBUSDT,1775201400000,2026-04-03 07:30:00,2026-04-03 16:30:00,587.13,587.9,587.04,587.89,208.345,122361.16623
BNBUSDT,1775201700000,2026-04-03 07:35:00,2026-04-03 16:35:00,587.9,589,586.99,587,567.46,333667.77692
BNBUSDT,1775202000000,2026-04-03 07:40:00,2026-04-03 16:40:00,587,587.52,586.91,587.25,249.218,146351.82772
BNBUSDT,1775202300000,2026-04-03 07:45:00,2026-04-03 16:45:00,587.25,587.25,586.5,586.55,197.268,115745.55228
BNBUSDT,1775202600000,2026-04-03 07:50:00,2026-04-03 16:50:00,586.55,587.08,585.99,586.9,426.678,250243.26987
BNBUSDT,1775202900000,2026-04-03 07:55:00,2026-04-03 16:55:00,586.9,586.9,586.31,586.49,311.332,182632.69563
BNBUSDT,1775203200000,2026-04-03 08:00:00,2026-04-03 17:00:00,586.5,587.68,586.5,587.58,273.399,160496.09399
BNBUSDT,1775203500000,2026-04-03 08:05:00,2026-04-03 17:05:00,587.59,588.31,587.43,588.18,515.807,303261.08985
BNBUSDT,1775203800000,2026-04-03 08:10:00,2026-04-03 17:10:00,588.19,588.22,587.71,587.71,249.666,146807.67762
BNBUSDT,1775204100000,2026-04-03 08:15:00,2026-04-03 17:15:00,587.7,587.84,587.28,587.74,243.299,142962.4943
BNBUSDT,1775204400000,2026-04-03 08:20:00,2026-04-03 17:20:00,587.74,587.88,587.45,587.76,212.684,124989.22139
BNBUSDT,1775204700000,2026-04-03 08:25:00,2026-04-03 17:25:00,587.76,587.84,586.59,586.59,307.727,180693.36058
BNBUSDT,1775205000000,2026-04-03 08:30:00,2026-04-03 17:30:00,586.58,586.99,586.49,586.74,271.241,159134.33371
BNBUSDT,1775205300000,2026-04-03 08:35:00,2026-04-03 17:35:00,586.73,586.77,585.59,585.59,271.877,159402.27769
BNBUSDT,1775205600000,2026-04-03 08:40:00,2026-04-03 17:40:00,585.6,585.63,584.08,584.33,740.646,433216.14332
BNBUSDT,1775205900000,2026-04-03 08:45:00,2026-04-03 17:45:00,584.32,584.99,584,584.98,591.911,345965.3769
BNBUSDT,1775206200000,2026-04-03 08:50:00,2026-04-03 17:50:00,584.97,585.42,584.94,585.1,216.826,126880.68952
BNBUSDT,1775206500000,2026-04-03 08:55:00,2026-04-03 17:55:00,585.1,585.94,584.94,585.75,306.473,179400.02549
BNBUSDT,1775206800000,2026-04-03 09:00:00,2026-04-03 18:00:00,585.75,585.8,585.02,585.03,277.39,162400.67929
BNBUSDT,1775207100000,2026-04-03 09:05:00,2026-04-03 18:05:00,585.02,585.66,584.59,585.31,665.463,389467.8687
BNBUSDT,1775207400000,2026-04-03 09:10:00,2026-04-03 18:10:00,585.3,585.91,585.21,585.91,270.409,158323.93836
BNBUSDT,1775207700000,2026-04-03 09:15:00,2026-04-03 18:15:00,585.92,586.04,585.43,585.52,401.852,235401.31164
BNBUSDT,1775208000000,2026-04-03 09:20:00,2026-04-03 18:20:00,585.51,585.51,583.57,583.98,707.389,413405.69138
BNBUSDT,1775208300000,2026-04-03 09:25:00,2026-04-03 18:25:00,583.98,584.08,583.58,583.77,236.033,137802.37066
BNBUSDT,1775208600000,2026-04-03 09:30:00,2026-04-03 18:30:00,583.77,583.8,583.16,583.71,785.83,458469.79851
BNBUSDT,1775208900000,2026-04-03 09:35:00,2026-04-03 18:35:00,583.71,584.17,583.36,584.17,270.966,158195.11753
BNBUSDT,1775209200000,2026-04-03 09:40:00,2026-04-03 18:40:00,584.16,585.43,584.11,585.35,318.748,186415.78779
BNBUSDT,1775209500000,2026-04-03 09:45:00,2026-04-03 18:45:00,585.36,585.67,584.52,585.42,1214.423,710724.87853
BNBUSDT,1775209800000,2026-04-03 09:50:00,2026-04-03 18:50:00,585.41,585.6,584.83,584.84,470.904,275600.65141
BNBUSDT,1775210100000,2026-04-03 09:55:00,2026-04-03 18:55:00,584.84,585.36,584.77,585.26,212.734,124466.05984
BNBUSDT,1775210400000,2026-04-03 10:00:00,2026-04-03 19:00:00,585.25,585.33,584.88,585.06,284.405,166410.9747
BNBUSDT,1775210700000,2026-04-03 10:05:00,2026-04-03 19:05:00,585.06,585.16,584.57,584.76,139.482,81578.48397
BNBUSDT,1775211000000,2026-04-03 10:10:00,2026-04-03 19:10:00,584.76,584.87,584.55,584.84,119.853,70078.20701
BNBUSDT,1775211300000,2026-04-03 10:15:00,2026-04-03 19:15:00,584.85,585.43,584.53,585.24,113.6,66454.16796
BNBUSDT,1775211600000,2026-04-03 10:20:00,2026-04-03 19:20:00,585.24,585.45,585.03,585.19,169.349,99097.06938
BNBUSDT,1775211900000,2026-04-03 10:25:00,2026-04-03 19:25:00,585.19,585.31,584.4,584.41,257.276,150510.33508
BNBUSDT,1775212200000,2026-04-03 10:30:00,2026-04-03 19:30:00,584.41,584.8,583.58,584.47,319.416,186586.56603
BNBUSDT,1775212500000,2026-04-03 10:35:00,2026-04-03 19:35:00,584.47,584.67,584.14,584.21,178.623,104394.25877
BNBUSDT,1775212800000,2026-04-03 10:40:00,2026-04-03 19:40:00,584.22,585.06,584.21,585.06,152.525,89172.85554
BNBUSDT,1775213100000,2026-04-03 10:45:00,2026-04-03 19:45:00,585.06,585.76,585.06,585.64,156.197,91448.46743
BNBUSDT,1775213400000,2026-04-03 10:50:00,2026-04-03 19:50:00,585.64,585.87,585.32,585.51,333.535,195324.19784
BNBUSDT,1775213700000,2026-04-03 10:55:00,2026-04-03 19:55:00,585.51,585.96,585.48,585.88,133.392,78128.03
BNBUSDT,1775214000000,2026-04-03 11:00:00,2026-04-03 20:00:00,585.89,586.2,585.82,585.89,143.908,84327.8094
BNBUSDT,1775214300000,2026-04-03 11:05:00,2026-04-03 20:05:00,585.9,586.06,585.63,585.84,282.61,165577.28545
BNBUSDT,1775214600000,2026-04-03 11:10:00,2026-04-03 20:10:00,585.84,586.06,585.51,585.92,271.668,159148.16191
BNBUSDT,1775214900000,2026-04-03 11:15:00,2026-04-03 20:15:00,585.92,586.84,585.75,586.06,711.872,417320.59929
BNBUSDT,1775215200000,2026-04-03 11:20:00,2026-04-03 20:20:00,586.05,587.12,586,586.98,267.688,157075.99224
BNBUSDT,1775215500000,2026-04-03 11:25:00,2026-04-03 20:25:00,586.97,587.3,586.88,586.89,114.492,67218.69557
BNBUSDT,1775215800000,2026-04-03 11:30:00,2026-04-03 20:30:00,586.88,587.22,586.32,587.01,355.686,208694.09495
BNBUSDT,1775216100000,2026-04-03 11:35:00,2026-04-03 20:35:00,587,587.33,587,587.09,120.967,71024.50095
BNBUSDT,1775216400000,2026-04-03 11:40:00,2026-04-03 20:40:00,587.08,587.29,587.02,587.06,123.803,72690.07064
BNBUSDT,1775216700000,2026-04-03 11:45:00,2026-04-03 20:45:00,587.05,587.34,586.86,587.16,238.118,139797.78014
BNBUSDT,1775217000000,2026-04-03 11:50:00,2026-04-03 20:50:00,587.16,587.41,586.93,587.3,180.451,105974.86314
BNBUSDT,1775217300000,2026-04-03 11:55:00,2026-04-03 20:55:00,587.29,587.71,587.21,587.34,473.269,278042.42715
BNBUSDT,1775217600000,2026-04-03 12:00:00,2026-04-03 21:00:00,587.34,587.6,586.81,586.88,449.079,263725.16727
BNBUSDT,1775217900000,2026-04-03 12:05:00,2026-04-03 21:05:00,586.88,587.07,586.57,586.58,193.211,113386.24282
BNBUSDT,1775218200000,2026-04-03 12:10:00,2026-04-03 21:10:00,586.57,586.77,586.16,586.76,288.654,169299.48681
BNBUSDT,1775218500000,2026-04-03 12:15:00,2026-04-03 21:15:00,586.76,587.33,586.48,587.32,245.974,144339.15533
BNBUSDT,1775218800000,2026-04-03 12:20:00,2026-04-03 21:20:00,587.33,587.82,587.16,587.22,400.12,235082.40427
BNBUSDT,1775219100000,2026-04-03 12:25:00,2026-04-03 21:25:00,587.23,588.48,587.23,587.96,298.226,175351.71136
BNBUSDT,1775219400000,2026-04-03 12:30:00,2026-04-03 21:30:00,587.96,590.31,586.18,586.31,2437.802,1434069.27756
BNBUSDT,1775219700000,2026-04-03 12:35:00,2026-04-03 21:35:00,586.3,586.73,585.61,585.83,471.731,276453.4855
BNBUSDT,1775220000000,2026-04-03 12:40:00,2026-04-03 21:40:00,585.82,586.41,585.39,586.15,303.153,177640.8819
BNBUSDT,1775220300000,2026-04-03 12:45:00,2026-04-03 21:45:00,586.14,586.5,585.36,585.37,265.677,155660.00039
BNBUSDT,1775220600000,2026-04-03 12:50:00,2026-04-03 21:50:00,585.36,585.67,584.58,585.56,427.405,250083.2782
BNBUSDT,1775220900000,2026-04-03 12:55:00,2026-04-03 21:55:00,585.55,586.08,585.32,585.4,285.219,167038.14899
BNBUSDT,1775221200000,2026-04-03 13:00:00,2026-04-03 22:00:00,585.4,585.49,584.71,584.71,332.69,194646.42176
BNBUSDT,1775221500000,2026-04-03 13:05:00,2026-04-03 22:05:00,584.72,585.32,584.28,584.43,304.61,178090.63913
BNBUSDT,1775221800000,2026-04-03 13:10:00,2026-04-03 22:10:00,584.43,584.87,584.08,584.87,262.917,153660.66288
BNBUSDT,1775222100000,2026-04-03 13:15:00,2026-04-03 22:15:00,584.87,584.94,584.44,584.76,160.405,93795.33363
BNBUSDT,1775222400000,2026-04-03 13:20:00,2026-04-03 22:20:00,584.75,585.83,584.75,585.59,262.982,153989.52205
BNBUSDT,1775222700000,2026-04-03 13:25:00,2026-04-03 22:25:00,585.6,585.92,585.45,585.86,320.58,187800.0706
BNBUSDT,1775223000000,2026-04-03 13:30:00,2026-04-03 22:30:00,585.87,585.94,585.32,585.85,428.577,250999.63478
BNBUSDT,1775223300000,2026-04-03 13:35:00,2026-04-03 22:35:00,585.85,585.99,585.48,585.8,222.401,130269.24097
BNBUSDT,1775223600000,2026-04-03 13:40:00,2026-04-03 22:40:00,585.8,586.29,585.79,586.15,219.605,128709.00144
BNBUSDT,1775223900000,2026-04-03 13:45:00,2026-04-03 22:45:00,586.15,586.27,585.02,585.12,477.402,279599.65582
BNBUSDT,1775224200000,2026-04-03 13:50:00,2026-04-03 22:50:00,585.13,586.49,585.13,586.47,178.695,104681.48135
BNBUSDT,1775224500000,2026-04-03 13:55:00,2026-04-03 22:55:00,586.47,586.66,586.1,586.49,184.978,108475.61733
BNBUSDT,1775224800000,2026-04-03 14:00:00,2026-04-03 23:00:00,586.5,586.72,585.72,586.49,218.35,128008.38615
BNBUSDT,1775225100000,2026-04-03 14:05:00,2026-04-03 23:05:00,586.5,587.15,586.46,586.8,306.352,179746.28949
BNBUSDT,1775225400000,2026-04-03 14:10:00,2026-04-03 23:10:00,586.79,586.88,586.4,586.88,304.987,178903.82567
BNBUSDT,1775225700000,2026-04-03 14:15:00,2026-04-03 23:15:00,586.87,587.23,586.63,587.23,509.806,299220.93033
BNBUSDT,1775226000000,2026-04-03 14:20:00,2026-04-03 23:20:00,587.24,587.79,587.23,587.27,561.887,330111.65891
BNBUSDT,1775226300000,2026-04-03 14:25:00,2026-04-03 23:25:00,587.26,588,587.26,587.6,221.731,130299.64955
BNBUSDT,1775226600000,2026-04-03 14:30:00,2026-04-03 23:30:00,587.59,587.81,587.23,587.23,174.089,102295.74846
BNBUSDT,1775226900000,2026-04-03 14:35:00,2026-04-03 23:35:00,587.24,587.39,586.65,587.37,268.809,157788.17429
BNBUSDT,1775227200000,2026-04-03 14:40:00,2026-04-03 23:40:00,587.37,587.38,587.09,587.09,190.848,112080.45035
BNBUSDT,1775227500000,2026-04-03 14:45:00,2026-04-03 23:45:00,587.08,587.69,587.03,587.69,201.799,118538.21196
BNBUSDT,1775227800000,2026-04-03 14:50:00,2026-04-03 23:50:00,587.69,588.12,587.54,587.96,224.812,132126.60408
BNBUSDT,1775228100000,2026-04-03 14:55:00,2026-04-03 23:55:00,587.97,588.35,587.74,587.75,323.192,190054.86225
BNBUSDT,1775228400000,2026-04-03 15:00:00,2026-04-04 00:00:00,587.74,588.45,587.61,588.17,248.395,146047.14073
BNBUSDT,1775228700000,2026-04-03 15:05:00,2026-04-04 00:05:00,588.17,588.52,588.1,588.5,288.018,169451.61461
BNBUSDT,1775229000000,2026-04-03 15:10:00,2026-04-04 00:10:00,588.51,588.95,588.48,588.77,522.275,307467.21583
BNBUSDT,1775229300000,2026-04-03 15:15:00,2026-04-04 00:15:00,588.78,588.78,587.88,587.99,205.182,120701.21996
BNBUSDT,1775229600000,2026-04-03 15:20:00,2026-04-04 00:20:00,587.98,587.99,586.87,587.09,425.036,249596.63356
BNBUSDT,1775229900000,2026-04-03 15:25:00,2026-04-04 00:25:00,587.1,587.46,587.09,587.25,198.586,116629.54402
BNBUSDT,1775230200000,2026-04-03 15:30:00,2026-04-04 00:30:00,587.25,587.3,586.68,586.92,491.921,288744.69047
BNBUSDT,1775230500000,2026-04-03 15:35:00,2026-04-04 00:35:00,586.94,586.94,586.3,586.78,264.75,155303.87249
BNBUSDT,1775230800000,2026-04-03 15:40:00,2026-04-04 00:40:00,586.78,587.07,586.55,586.65,216.556,127076.85967
BNBUSDT,1775231100000,2026-04-03 15:45:00,2026-04-04 00:45:00,586.65,586.84,586.34,586.51,399.285,234207.86946
BNBUSDT,1775231400000,2026-04-03 15:50:00,2026-04-04 00:50:00,586.51,586.88,586.51,586.73,110.341,64740.54198
BNBUSDT,1775231700000,2026-04-03 15:55:00,2026-04-04 00:55:00,586.74,587.38,586.63,586.99,1699.237,997812.00898
BNBUSDT,1775232000000,2026-04-03 16:00:00,2026-04-04 01:00:00,586.99,587.82,586.98,587.56,186.611,109619.38574
BNBUSDT,1775232300000,2026-04-03 16:05:00,2026-04-04 01:05:00,587.55,587.56,586.98,587.31,259.137,152177.424
BNBUSDT,1775232600000,2026-04-03 16:10:00,2026-04-04 01:10:00,587.3,587.71,587.16,587.71,166.347,97705.48661
BNBUSDT,1775232900000,2026-04-03 16:15:00,2026-04-04 01:15:00,587.7,587.97,587.57,587.93,187.187,110027.24133
BNBUSDT,1775233200000,2026-04-03 16:20:00,2026-04-04 01:20:00,587.93,588.14,587.74,587.75,151.875,89301.30246
BNBUSDT,1775233500000,2026-04-03 16:25:00,2026-04-04 01:25:00,587.75,588.42,587.75,588.32,120.835,71074.55021
BNBUSDT,1775233800000,2026-04-03 16:30:00,2026-04-04 01:30:00,588.31,588.31,587.8,587.99,197.306,116025.61371
BNBUSDT,1775234100000,2026-04-03 16:35:00,2026-04-04 01:35:00,588,588.27,587.74,588.09,199.46,117289.94212
BNBUSDT,1775234400000,2026-04-03 16:40:00,2026-04-04 01:40:00,588.09,588.25,587.58,588,232.057,136444.27382
BNBUSDT,1775234700000,2026-04-03 16:45:00,2026-04-04 01:45:00,588,588.89,587.85,588.7,204.904,120553.46742
BNBUSDT,1775235000000,2026-04-03 16:50:00,2026-04-04 01:50:00,588.7,588.91,588.57,588.84,141.228,83150.61596
BNBUSDT,1775235300000,2026-04-03 16:55:00,2026-04-04 01:55:00,588.85,588.96,588.67,588.81,190.65,112257.28368
BNBUSDT,1775235600000,2026-04-03 17:00:00,2026-04-04 02:00:00,588.81,588.96,588.35,588.71,219.426,129168.2053
BNBUSDT,1775235900000,2026-04-03 17:05:00,2026-04-04 02:05:00,588.71,589.2,588.66,589.2,208.405,122714.54342
BNBUSDT,1775236200000,2026-04-03 17:10:00,2026-04-04 02:10:00,589.2,589.33,588.45,588.45,163.685,96418.36391
BNBUSDT,1775236500000,2026-04-03 17:15:00,2026-04-04 02:15:00,588.45,588.46,587.1,587.44,208.924,122793.93596
BNBUSDT,1775236800000,2026-04-03 17:20:00,2026-04-04 02:20:00,587.43,588.16,587.43,588.16,82.465,48475.52252
BNBUSDT,1775237100000,2026-04-03 17:25:00,2026-04-04 02:25:00,588.16,588.16,587.6,587.78,82.022,48213.79165
BNBUSDT,1775237400000,2026-04-03 17:30:00,2026-04-04 02:30:00,587.79,588.36,587.76,588.02,117.593,69141.21647
BNBUSDT,1775237700000,2026-04-03 17:35:00,2026-04-04 02:35:00,588,588.18,587.74,588.05,108.7,63917.22613
BNBUSDT,1775238000000,2026-04-03 17:40:00,2026-04-04 02:40:00,588.06,588.26,587.99,588.26,70.608,41522.31811
BNBUSDT,1775238300000,2026-04-03 17:45:00,2026-04-04 02:45:00,588.25,588.37,587.92,588.23,162.417,95532.03687
BNBUSDT,1775238600000,2026-04-03 17:50:00,2026-04-04 02:50:00,588.24,588.29,587.94,588.17,176.496,103808.13518
BNBUSDT,1775238900000,2026-04-03 17:55:00,2026-04-04 02:55:00,588.17,588.54,588.16,588.41,112.503,66193.29091
BNBUSDT,1775239200000,2026-04-03 18:00:00,2026-04-04 03:00:00,588.42,588.56,588.13,588.35,87.465,51460.91924
BNBUSDT,1775239500000,2026-04-03 18:05:00,2026-04-04 03:05:00,588.35,588.4,588,588,124.011,72950.08179
BNBUSDT,1775239800000,2026-04-03 18:10:00,2026-04-04 03:10:00,588.01,588.2,587.69,588.2,61.184,35964.44699
BNBUSDT,1775240100000,2026-04-03 18:15:00,2026-04-04 03:15:00,588.19,589,587.94,588.67,123.699,72801.77449
BNBUSDT,1775240400000,2026-04-03 18:20:00,2026-04-04 03:20:00,588.67,588.99,588.62,588.96,133.421,78564.2704
BNBUSDT,1775240700000,2026-04-03 18:25:00,2026-04-04 03:25:00,588.96,589,588.52,588.53,47.137,27752.52811
BNBUSDT,1775241000000,2026-04-03 18:30:00,2026-04-04 03:30:00,588.52,588.84,588.27,588.67,93.265,54890.76265
BNBUSDT,1775241300000,2026-04-03 18:35:00,2026-04-04 03:35:00,588.67,588.78,588.31,588.32,61.222,36032.03183
BNBUSDT,1775241600000,2026-04-03 18:40:00,2026-04-04 03:40:00,588.31,588.31,588.13,588.26,149.213,87771.27677
BNBUSDT,1775241900000,2026-04-03 18:45:00,2026-04-04 03:45:00,588.26,588.26,587.73,587.86,303.088,178189.95298
BNBUSDT,1775242200000,2026-04-03 18:50:00,2026-04-04 03:50:00,587.86,587.96,587.64,587.9,124.595,73241.0205
BNBUSDT,1775242500000,2026-04-03 18:55:00,2026-04-04 03:55:00,587.9,588.03,587.54,588.02,172.119,101163.27187
BNBUSDT,1775242800000,2026-04-03 19:00:00,2026-04-04 04:00:00,588.03,588.19,587.37,587.41,175.716,103294.03707
BNBUSDT,1775243100000,2026-04-03 19:05:00,2026-04-04 04:05:00,587.41,587.41,587.11,587.19,94.466,55472.83682
BNBUSDT,1775243400000,2026-04-03 19:10:00,2026-04-04 04:10:00,587.18,587.25,586.63,587.04,271.688,159465.69296
BNBUSDT,1775243700000,2026-04-03 19:15:00,2026-04-04 04:15:00,587.04,587.41,587.03,587.36,62.88,36922.33488
BNBUSDT,1775244000000,2026-04-03 19:20:00,2026-04-04 04:20:00,587.36,587.92,587.35,587.91,42.244,24825.54742
BNBUSDT,1775244300000,2026-04-03 19:25:00,2026-04-04 04:25:00,587.91,588.36,587.81,588.07,330.279,194254.71976
BNBUSDT,1775244600000,2026-04-03 19:30:00,2026-04-04 04:30:00,588.07,588.31,588.06,588.24,55.054,32384.14814
BNBUSDT,1775244900000,2026-04-03 19:35:00,2026-04-04 04:35:00,588.23,588.26,587.9,587.98,78.606,46223.02012
BNBUSDT,1775245200000,2026-04-03 19:40:00,2026-04-04 04:40:00,587.99,588.24,587.98,588.23,42.277,24863.02954
BNBUSDT,1775245500000,2026-04-03 19:45:00,2026-04-04 04:45:00,588.24,588.83,588.21,588.8,71.049,41821.75324
BNBUSDT,1775245800000,2026-04-03 19:50:00,2026-04-04 04:50:00,588.81,588.81,588.69,588.7,60.119,35393.53034
BNBUSDT,1775246100000,2026-04-03 19:55:00,2026-04-04 04:55:00,588.69,588.69,588.51,588.66,58.799,34609.97771
BNBUSDT,1775246400000,2026-04-03 20:00:00,2026-04-04 05:00:00,588.66,588.86,588.57,588.86,59.529,35043.81706
BNBUSDT,1775246700000,2026-04-03 20:05:00,2026-04-04 05:05:00,588.85,588.99,588.62,588.9,71.783,42266.70394
BNBUSDT,1775247000000,2026-04-03 20:10:00,2026-04-04 05:10:00,588.9,589,588.67,589,88.476,52100.3967
BNBUSDT,1775247300000,2026-04-03 20:15:00,2026-04-04 05:15:00,589,589.14,588.69,588.88,89.376,52635.86757
BNBUSDT,1775247600000,2026-04-03 20:20:00,2026-04-04 05:20:00,588.88,589.14,588.85,588.86,149.693,88166.30766
BNBUSDT,1775247900000,2026-04-03 20:25:00,2026-04-04 05:25:00,588.87,589.08,588.76,589.08,36.274,21361.43649
BNBUSDT,1775248200000,2026-04-03 20:30:00,2026-04-04 05:30:00,589.08,589.21,589.01,589.01,93.874,55306.41278
BNBUSDT,1775248500000,2026-04-03 20:35:00,2026-04-04 05:35:00,589.01,589.16,588.86,589.16,97.498,57421.44718
BNBUSDT,1775248800000,2026-04-03 20:40:00,2026-04-04 05:40:00,589.17,589.2,588.91,588.91,64.719,38127.57122
BNBUSDT,1775249100000,2026-04-03 20:45:00,2026-04-04 05:45:00,588.91,589,588.7,588.72,84.616,49826.98147
BNBUSDT,1775249400000,2026-04-03 20:50:00,2026-04-04 05:50:00,588.73,588.73,588.1,588.1,126.089,74193.69088
BNBUSDT,1775249700000,2026-04-03 20:55:00,2026-04-04 05:55:00,588.11,588.48,588.11,588.46,36.437,21433.37639
BNBUSDT,1775250000000,2026-04-03 21:00:00,2026-04-04 06:00:00,588.47,589.02,588.47,588.49,63.579,37431.59367
BNBUSDT,1775250300000,2026-04-03 21:05:00,2026-04-04 06:05:00,588.49,588.73,588.48,588.73,31.03,18264.33517
BNBUSDT,1775250600000,2026-04-03 21:10:00,2026-04-04 06:10:00,588.73,589.1,587.61,588.71,487.934,287081.00444
BNBUSDT,1775250900000,2026-04-03 21:15:00,2026-04-04 06:15:00,588.71,588.96,588.5,588.7,77.067,45378.35148
BNBUSDT,1775251200000,2026-04-03 21:20:00,2026-04-04 06:20:00,588.7,588.74,588.53,588.54,81.319,47869.02371
BNBUSDT,1775251500000,2026-04-03 21:25:00,2026-04-04 06:25:00,588.54,588.68,588.35,588.6,113.149,66590.7994
BNBUSDT,1775251800000,2026-04-03 21:30:00,2026-04-04 06:30:00,588.59,588.59,588.26,588.49,69.496,40890.58418
BNBUSDT,1775252100000,2026-04-03 21:35:00,2026-04-04 06:35:00,588.5,589.1,588.5,588.65,106.07,62461.16135
BNBUSDT,1775252400000,2026-04-03 21:40:00,2026-04-04 06:40:00,588.65,589.07,588.52,588.9,276.897,163022.26842
BNBUSDT,1775252700000,2026-04-03 21:45:00,2026-04-04 06:45:00,588.91,588.91,588.6,588.83,71.612,42165.17066
BNBUSDT,1775253000000,2026-04-03 21:50:00,2026-04-04 06:50:00,588.83,588.94,588.51,588.64,52.542,30936.75357
BNBUSDT,1775253300000,2026-04-03 21:55:00,2026-04-04 06:55:00,588.64,588.87,588.63,588.75,111.297,65525.16089
BNBUSDT,1775253600000,2026-04-03 22:00:00,2026-04-04 07:00:00,588.75,588.9,588.13,588.5,138.548,81546.79573
BNBUSDT,1775253900000,2026-04-03 22:05:00,2026-04-04 07:05:00,588.5,588.55,587.73,587.8,83.272,48975.34361
BNBUSDT,1775254200000,2026-04-03 22:10:00,2026-04-04 07:10:00,587.8,587.8,587.63,587.78,46.668,27428.16814
BNBUSDT,1775254500000,2026-04-03 22:15:00,2026-04-04 07:15:00,587.78,588.08,587.45,587.65,243.04,142868.84324
BNBUSDT,1775254800000,2026-04-03 22:20:00,2026-04-04 07:20:00,587.65,588.04,587.65,587.89,57.17,33613.66806
BNBUSDT,1775255100000,2026-04-03 22:25:00,2026-04-04 07:25:00,587.89,588.03,587.62,587.96,67.222,39511.35838
BNBUSDT,1775255400000,2026-04-03 22:30:00,2026-04-04 07:30:00,587.96,588,587.72,587.81,61.204,35978.60482
BNBUSDT,1775255700000,2026-04-03 22:35:00,2026-04-04 07:35:00,587.82,588,587.7,587.7,30.694,18043.75896
BNBUSDT,1775256000000,2026-04-03 22:40:00,2026-04-04 07:40:00,587.71,587.91,587.61,587.75,30.269,17790.61794
BNBUSDT,1775256300000,2026-04-03 22:45:00,2026-04-04 07:45:00,587.75,587.75,587,587.16,93.086,54666.89577
BNBUSDT,1775256600000,2026-04-03 22:50:00,2026-04-04 07:50:00,587.16,587.25,587,587.24,46.058,27044.2572
BNBUSDT,1775256900000,2026-04-03 22:55:00,2026-04-04 07:55:00,587.24,587.44,587.24,587.26,33.3,19559.20535
BNBUSDT,1775257200000,2026-04-03 23:00:00,2026-04-04 08:00:00,587.26,587.28,587.09,587.23,49.242,28912.78213
BNBUSDT,1775257500000,2026-04-03 23:05:00,2026-04-04 08:05:00,587.22,587.35,587.19,587.24,114.93,67497.74806
BNBUSDT,1775257800000,2026-04-03 23:10:00,2026-04-04 08:10:00,587.24,587.53,587.23,587.53,76.425,44886.68947
BNBUSDT,1775258100000,2026-04-03 23:15:00,2026-04-04 08:15:00,587.54,587.62,587.49,587.62,61.165,35936.89409
BNBUSDT,1775258400000,2026-04-03 23:20:00,2026-04-04 08:20:00,587.62,587.68,587.32,587.39,52.392,30783.71975
BNBUSDT,1775258700000,2026-04-03 23:25:00,2026-04-04 08:25:00,587.39,587.47,587.24,587.43,76.223,44771.26036
BNBUSDT,1775259000000,2026-04-03 23:30:00,2026-04-04 08:30:00,587.44,588.23,587.44,587.54,194.953,114605.15332
BNBUSDT,1775259300000,2026-04-03 23:35:00,2026-04-04 08:35:00,587.54,587.54,587.25,587.41,130.31,76540.93646
BNBUSDT,1775259600000,2026-04-03 23:40:00,2026-04-04 08:40:00,587.4,587.71,587.4,587.7,60.344,35462.224
BNBUSDT,1775259900000,2026-04-03 23:45:00,2026-04-04 08:45:00,587.7,588.65,587.7,588.44,143.65,84507.15603
BNBUSDT,1775260200000,2026-04-03 23:50:00,2026-04-04 08:50:00,588.45,588.54,588.13,588.16,40.956,24093.2439
BNBUSDT,1775260500000,2026-04-03 23:55:00,2026-04-04 08:55:00,588.17,588.32,588.04,588.31,50.961,29972.31382
BNBUSDT,1775260800000,2026-04-04 00:00:00,2026-04-04 09:00:00,588.32,588.32,587.76,587.78,249.743,146843.99655
BNBUSDT,1775261100000,2026-04-04 00:05:00,2026-04-04 09:05:00,587.79,587.84,587.49,587.5,75.154,44167.6561
BNBUSDT,1775261400000,2026-04-04 00:10:00,2026-04-04 09:10:00,587.49,587.76,587.24,587.62,99.641,58533.33792
BNBUSDT,1775261700000,2026-04-04 00:15:00,2026-04-04 09:15:00,587.62,587.88,587.43,587.7,99.925,58717.94518
BNBUSDT,1775262000000,2026-04-04 00:20:00,2026-04-04 09:20:00,587.7,588.21,587.5,588.09,116.89,68717.51453
BNBUSDT,1775262300000,2026-04-04 00:25:00,2026-04-04 09:25:00,588.09,588.33,588.08,588.13,55.188,32460.28817
BNBUSDT,1775262600000,2026-04-04 00:30:00,2026-04-04 09:30:00,588.12,588.6,588.09,588.56,88.339,51977.29505
BNBUSDT,1775262900000,2026-04-04 00:35:00,2026-04-04 09:35:00,588.57,588.65,588.43,588.5,51.709,30431.02768
BNBUSDT,1775263200000,2026-04-04 00:40:00,2026-04-04 09:40:00,588.5,588.58,588.24,588.58,105.711,62206.31432
BNBUSDT,1775263500000,2026-04-04 00:45:00,2026-04-04 09:45:00,588.58,588.58,588.1,588.11,257.816,151695.012
BNBUSDT,1775263800000,2026-04-04 00:50:00,2026-04-04 09:50:00,588.1,588.15,587.91,587.92,115.233,67760.63404
BNBUSDT,1775264100000,2026-04-04 00:55:00,2026-04-04 09:55:00,587.91,587.99,587.67,587.68,130.951,76980.29335
BNBUSDT,1775264400000,2026-04-04 01:00:00,2026-04-04 10:00:00,587.68,587.79,587.35,587.79,124.747,73293.33484
BNBUSDT,1775264700000,2026-04-04 01:05:00,2026-04-04 10:05:00,587.8,588.36,587.8,588.02,180.235,105985.32769
BNBUSDT,1775265000000,2026-04-04 01:10:00,2026-04-04 10:10:00,588.02,588.14,587.35,587.36,247.566,145495.54847
BNBUSDT,1775265300000,2026-04-04 01:15:00,2026-04-04 10:15:00,587.36,587.82,587.1,587.71,270.887,159116.93774
BNBUSDT,1775265600000,2026-04-04 01:20:00,2026-04-04 10:20:00,587.71,587.82,587.57,587.69,115.617,67940.64201
BNBUSDT,1775265900000,2026-04-04 01:25:00,2026-04-04 10:25:00,587.69,587.78,587.44,587.5,142.171,83550.46008
BNBUSDT,1775266200000,2026-04-04 01:30:00,2026-04-04 10:30:00,587.5,587.8,587.49,587.8,90.392,53120.85234
BNBUSDT,1775266500000,2026-04-04 01:35:00,2026-04-04 10:35:00,587.8,588.03,587.79,587.93,76.696,45090.81913
BNBUSDT,1775266800000,2026-04-04 01:40:00,2026-04-04 10:40:00,587.93,588.02,587.59,587.6,81.689,48021.61709
BNBUSDT,1775267100000,2026-04-04 01:45:00,2026-04-04 10:45:00,587.6,587.69,587.5,587.56,83.978,49345.18735
BNBUSDT,1775267400000,2026-04-04 01:50:00,2026-04-04 10:50:00,587.56,587.56,587.42,587.43,49.962,29353.87437
BNBUSDT,1775267700000,2026-04-04 01:55:00,2026-04-04 10:55:00,587.42,587.69,587.26,587.69,135.238,79453.44195
BNBUSDT,1775268000000,2026-04-04 02:00:00,2026-04-04 11:00:00,587.68,588.47,587.51,588.46,521.142,306391.01983
BNBUSDT,1775268300000,2026-04-04 02:05:00,2026-04-04 11:05:00,588.46,588.55,587.74,587.84,305.695,179724.58092
BNBUSDT,1775268600000,2026-04-04 02:10:00,2026-04-04 11:10:00,587.83,587.93,587.52,587.88,131.566,77336.47645
BNBUSDT,1775268900000,2026-04-04 02:15:00,2026-04-04 11:15:00,587.88,588.09,587.74,588.07,114.023,67029.89975
BNBUSDT,1775269200000,2026-04-04 02:20:00,2026-04-04 11:20:00,588.08,588.08,587.7,587.71,70.713,41572.11336
BNBUSDT,1775269500000,2026-04-04 02:25:00,2026-04-04 11:25:00,587.71,588.15,587.7,588.01,129.449,76117.71608
BNBUSDT,1775269800000,2026-04-04 02:30:00,2026-04-04 11:30:00,588.02,588.72,588.02,588.72,73.782,43418.32377
BNBUSDT,1775270100000,2026-04-04 02:35:00,2026-04-04 11:35:00,588.72,588.72,588.36,588.37,60.353,35517.744
BNBUSDT,1775270400000,2026-04-04 02:40:00,2026-04-04 11:40:00,588.37,588.55,588.3,588.36,97.977,57651.77638
BNBUSDT,1775270700000,2026-04-04 02:45:00,2026-04-04 11:45:00,588.36,588.37,587.62,587.92,69.226,40697.5027
BNBUSDT,1775271000000,2026-04-04 02:50:00,2026-04-04 11:50:00,587.93,588.03,587.83,587.83,74.439,43763.57509
BNBUSDT,1775271300000,2026-04-04 02:55:00,2026-04-04 11:55:00,587.86,588.28,587.85,588.28,74.679,43915.12028
BNBUSDT,1775271600000,2026-04-04 03:00:00,2026-04-04 12:00:00,588.27,588.77,588.25,588.53,117.781,69316.39639
BNBUSDT,1775271900000,2026-04-04 03:05:00,2026-04-04 12:05:00,588.54,588.94,588.53,588.8,80.118,47169.65566
BNBUSDT,1775272200000,2026-04-04 03:10:00,2026-04-04 12:10:00,588.8,588.91,588.67,588.85,87.644,51607.97504
BNBUSDT,1775272500000,2026-04-04 03:15:00,2026-04-04 12:15:00,588.85,588.85,588.54,588.55,77.86,45843.55216
BNBUSDT,1775272800000,2026-04-04 03:20:00,2026-04-04 12:20:00,588.54,588.81,588.54,588.73,343.507,202244.58407
BNBUSDT,1775273100000,2026-04-04 03:25:00,2026-04-04 12:25:00,588.73,588.73,588.64,588.7,64.18,37782.41546
BNBUSDT,1775273400000,2026-04-04 03:30:00,2026-04-04 12:30:00,588.71,588.88,588.71,588.81,82.833,48771.39905
BNBUSDT,1775273700000,2026-04-04 03:35:00,2026-04-04 12:35:00,588.82,589.04,588.8,589.03,399.996,235557.62164
BNBUSDT,1775274000000,2026-04-04 03:40:00,2026-04-04 12:40:00,589.03,589.26,589.03,589.11,187.259,110320.04696
BNBUSDT,1775274300000,2026-04-04 03:45:00,2026-04-04 12:45:00,589.1,589.21,589,589.13,79.301,46717.24746
BNBUSDT,1775274600000,2026-04-04 03:50:00,2026-04-04 12:50:00,589.13,589.14,588.87,589.06,94.859,55870.72794
BNBUSDT,1775274900000,2026-04-04 03:55:00,2026-04-04 12:55:00,589.06,589.15,588.99,589.12,45.911,27043.04542
BNBUSDT,1775275200000,2026-04-04 04:00:00,2026-04-04 13:00:00,589.12,589.33,589,589.1,95.807,56444.83609
BNBUSDT,1775275500000,2026-04-04 04:05:00,2026-04-04 13:05:00,589.09,589.14,588.96,589.09,100.487,59193.68835
BNBUSDT,1775275800000,2026-04-04 04:10:00,2026-04-04 13:10:00,589.1,589.14,588.75,588.76,73.583,43340.29737
BNBUSDT,1775276100000,2026-04-04 04:15:00,2026-04-04 13:15:00,588.76,589.03,588.58,588.66,156.495,92143.13868
BNBUSDT,1775276400000,2026-04-04 04:20:00,2026-04-04 13:20:00,588.67,588.9,588.66,588.83,63.671,37490.32701
BNBUSDT,1775276700000,2026-04-04 04:25:00,2026-04-04 13:25:00,588.84,589.06,588.83,588.9,211.329,124468.81475
BNBUSDT,1775277000000,2026-04-04 04:30:00,2026-04-04 13:30:00,588.89,589.05,588.84,588.84,94.678,55759.12021
BNBUSDT,1775277300000,2026-04-04 04:35:00,2026-04-04 13:35:00,588.84,588.99,588.8,588.81,48.42,28513.71352
BNBUSDT,1775277600000,2026-04-04 04:40:00,2026-04-04 13:40:00,588.81,589.06,588.81,589.05,94.263,55516.84581
BNBUSDT,1775277900000,2026-04-04 04:45:00,2026-04-04 13:45:00,589.05,589.06,588.68,588.72,87.116,51299.3951
BNBUSDT,1775278200000,2026-04-04 04:50:00,2026-04-04 13:50:00,588.72,588.83,588.53,588.8,98.798,58164.45029
BNBUSDT,1775278500000,2026-04-04 04:55:00,2026-04-04 13:55:00,588.81,588.87,588.63,588.75,264.864,155937.78852
BNBUSDT,1775278800000,2026-04-04 05:00:00,2026-04-04 14:00:00,588.74,588.85,588.33,588.59,114.346,67305.5606
BNBUSDT,1775279100000,2026-04-04 05:05:00,2026-04-04 14:05:00,588.6,588.93,588.42,588.93,76.923,45278.3113
BNBUSDT,1775279400000,2026-04-04 05:10:00,2026-04-04 14:10:00,588.92,589.06,588.79,588.9,131.56,77482.09736
BNBUSDT,1775279700000,2026-04-04 05:15:00,2026-04-04 14:15:00,588.9,588.96,588.7,588.71,118.627,69852.94259
BNBUSDT,1775280000000,2026-04-04 05:20:00,2026-04-04 14:20:00,588.71,588.99,588.7,588.84,55.515,32689.7888
BNBUSDT,1775280300000,2026-04-04 05:25:00,2026-04-04 14:25:00,588.83,588.89,588.59,588.89,166.085,97781.82964
BNBUSDT,1775280600000,2026-04-04 05:30:00,2026-04-04 14:30:00,588.89,589.61,588.89,589.56,147.413,86885.50761
BNBUSDT,1775280900000,2026-04-04 05:35:00,2026-04-04 14:35:00,589.56,589.59,589.13,589.17,121.198,71440.92664
BNBUSDT,1775281200000,2026-04-04 05:40:00,2026-04-04 14:40:00,589.17,589.2,588.86,588.92,155.871,91810.78513
BNBUSDT,1775281500000,2026-04-04 05:45:00,2026-04-04 14:45:00,588.92,589.59,588.92,589.33,413.461,243664.24342
BNBUSDT,1775281800000,2026-04-04 05:50:00,2026-04-04 14:50:00,589.33,589.63,589.32,589.56,251.63,148320.23291
BNBUSDT,1775282100000,2026-04-04 05:55:00,2026-04-04 14:55:00,589.57,589.66,589.51,589.66,194.063,114412.37773
BNBUSDT,1775282400000,2026-04-04 06:00:00,2026-04-04 15:00:00,589.66,589.92,589.66,589.82,215.231,126944.17993
BNBUSDT,1775282700000,2026-04-04 06:05:00,2026-04-04 15:05:00,589.81,589.99,589.75,589.89,126.58,74666.58132
BNBUSDT,1775283000000,2026-04-04 06:10:00,2026-04-04 15:10:00,589.89,591.14,589.89,591.13,835.732,493503.43405
BNBUSDT,1775283300000,2026-04-04 06:15:00,2026-04-04 15:15:00,591.14,591.86,591.11,591.86,466.823,276105.31651
BNBUSDT,1775283600000,2026-04-04 06:20:00,2026-04-04 15:20:00,591.85,592.25,591.37,591.7,1155.652,684031.39061
BNBUSDT,1775283900000,2026-04-04 06:25:00,2026-04-04 15:25:00,591.7,591.96,591.27,591.64,176.015,104135.95888
BNBUSDT,1775284200000,2026-04-04 06:30:00,2026-04-04 15:30:00,591.64,591.8,591.11,591.36,154.529,91386.31351
BNBUSDT,1775284500000,2026-04-04 06:35:00,2026-04-04 15:35:00,591.37,591.55,591.09,591.33,239.086,141363.97562
BNBUSDT,1775284800000,2026-04-04 06:40:00,2026-04-04 15:40:00,591.34,591.75,591.34,591.37,216.398,128006.75666
BNBUSDT,1775285100000,2026-04-04 06:45:00,2026-04-04 15:45:00,591.37,591.48,591.24,591.47,196.888,116440.03033
BNBUSDT,1775285400000,2026-04-04 06:50:00,2026-04-04 15:50:00,591.48,591.9,591.37,591.84,207.242,122611.43548
BNBUSDT,1775285700000,2026-04-04 06:55:00,2026-04-04 15:55:00,591.85,591.89,591.51,591.57,183.265,108441.27495
BNBUSDT,1775286000000,2026-04-04 07:00:00,2026-04-04 16:00:00,591.57,591.57,591.29,591.3,195.61,115688.54125
BNBUSDT,1775286300000,2026-04-04 07:05:00,2026-04-04 16:05:00,591.3,591.35,590.92,591.03,188.53,111447.71903
BNBUSDT,1775286600000,2026-04-04 07:10:00,2026-04-04 16:10:00,591.03,591.35,591.03,591.35,243.185,143768.02102
BNBUSDT,1775286900000,2026-04-04 07:15:00,2026-04-04 16:15:00,591.35,591.35,590.88,590.89,217.098,128346.46226
BNBUSDT,1775287200000,2026-04-04 07:20:00,2026-04-04 16:20:00,590.89,591.08,590.89,591.03,151.917,89782.33156
BNBUSDT,1775287500000,2026-04-04 07:25:00,2026-04-04 16:25:00,591.02,591.3,591,591,321.813,190229.7168
BNBUSDT,1775287800000,2026-04-04 07:30:00,2026-04-04 16:30:00,590.99,591,590.31,590.31,1006.18,594264.53449
BNBUSDT,1775288100000,2026-04-04 07:35:00,2026-04-04 16:35:00,590.3,590.3,589.68,589.89,1602.831,945452.78386
BNBUSDT,1775288400000,2026-04-04 07:40:00,2026-04-04 16:40:00,589.89,590.03,589.74,589.78,935.358,551752.41154
BNBUSDT,1775288700000,2026-04-04 07:45:00,2026-04-04 16:45:00,589.78,589.78,589.44,589.73,213.593,125939.65527
BNBUSDT,1775289000000,2026-04-04 07:50:00,2026-04-04 16:50:00,589.73,589.75,589.23,589.73,276.339,162889.31112
BNBUSDT,1775289300000,2026-04-04 07:55:00,2026-04-04 16:55:00,589.73,590,589.3,590,399.223,235380.24618
BNBUSDT,1775289600000,2026-04-04 08:00:00,2026-04-04 17:00:00,590,590.6,589.99,590.48,157.016,92706.30445
BNBUSDT,1775289900000,2026-04-04 08:05:00,2026-04-04 17:05:00,590.49,591.15,590.48,591,772.463,456473.94386
BNBUSDT,1775290200000,2026-04-04 08:10:00,2026-04-04 17:10:00,591.01,591.66,591.01,591.56,909.916,538120.55601
BNBUSDT,1775290500000,2026-04-04 08:15:00,2026-04-04 17:15:00,591.56,591.73,591.55,591.64,208.221,123189.09075
BNBUSDT,1775290800000,2026-04-04 08:20:00,2026-04-04 17:20:00,591.63,591.72,591.21,591.25,129.279,76465.73448
BNBUSDT,1775291100000,2026-04-04 08:25:00,2026-04-04 17:25:00,591.26,591.26,591.16,591.26,73.223,43292.05885
BNBUSDT,1775291400000,2026-04-04 08:30:00,2026-04-04 17:30:00,591.26,591.37,590.67,590.67,350.251,207068.25122
BNBUSDT,1775291700000,2026-04-04 08:35:00,2026-04-04 17:35:00,590.67,590.91,590.15,590.15,556.617,328637.17777
BNBUSDT,1775292000000,2026-04-04 08:40:00,2026-04-04 17:40:00,590.15,590.32,589.91,590.06,272.782,160956.87085
BNBUSDT,1775292300000,2026-04-04 08:45:00,2026-04-04 17:45:00,590.06,590.15,589.87,589.93,105.672,62348.19257
BNBUSDT,1775292600000,2026-04-04 08:50:00,2026-04-04 17:50:00,589.93,589.93,589.28,589.29,214.952,126751.02515
BNBUSDT,1775292900000,2026-04-04 08:55:00,2026-04-04 17:55:00,589.28,589.53,589.24,589.44,269.311,158721.17157
BNBUSDT,1775293200000,2026-04-04 09:00:00,2026-04-04 18:00:00,589.45,589.67,589.03,589.31,444.209,261776.52351
BNBUSDT,1775293500000,2026-04-04 09:05:00,2026-04-04 18:05:00,589.31,589.88,589.3,589.88,128.097,75525.3787
BNBUSDT,1775293800000,2026-04-04 09:10:00,2026-04-04 18:10:00,589.87,590.22,589.87,590.02,152.659,90078.80952
BNBUSDT,1775294100000,2026-04-04 09:15:00,2026-04-04 18:15:00,590.03,590.31,589.81,590.1,190.286,112270.93739
BNBUSDT,1775294400000,2026-04-04 09:20:00,2026-04-04 18:20:00,590.1,590.1,589.76,589.81,131.408,77522.53968
BNBUSDT,1775294700000,2026-04-04 09:25:00,2026-04-04 18:25:00,589.8,590,589.6,589.72,191.917,113199.27989
BNBUSDT,1775295000000,2026-04-04 09:30:00,2026-04-04 18:30:00,589.72,589.99,589.72,589.76,105.125,62004.05506
BNBUSDT,1775295300000,2026-04-04 09:35:00,2026-04-04 18:35:00,589.76,590,589.76,589.94,68.42,40355.72179
BNBUSDT,1775295600000,2026-04-04 09:40:00,2026-04-04 18:40:00,589.93,590,589.8,589.85,156.284,92190.25907
BNBUSDT,1775295900000,2026-04-04 09:45:00,2026-04-04 18:45:00,589.85,590.12,589.85,590.05,100.698,59414.87834
BNBUSDT,1775296200000,2026-04-04 09:50:00,2026-04-04 18:50:00,590.04,590.07,589.95,590.06,70.175,41404.62797
BNBUSDT,1775296500000,2026-04-04 09:55:00,2026-04-04 18:55:00,590.06,590.16,590.05,590.16,92.647,54671.06628
BNBUSDT,1775296800000,2026-04-04 10:00:00,2026-04-04 19:00:00,590.16,590.58,590.15,590.15,151.889,89679.52829
BNBUSDT,1775297100000,2026-04-04 10:05:00,2026-04-04 19:05:00,590.15,590.32,590.09,590.32,149.972,88512.855
BNBUSDT,1775297400000,2026-04-04 10:10:00,2026-04-04 19:10:00,590.31,590.31,589.9,589.98,458.268,270394.73582
BNBUSDT,1775297700000,2026-04-04 10:15:00,2026-04-04 19:15:00,589.97,590.34,589.96,590.33,159.608,94182.18177
BNBUSDT,1775298000000,2026-04-04 10:20:00,2026-04-04 19:20:00,590.34,590.38,590.1,590.13,113.304,66876.68047
BNBUSDT,1775298300000,2026-04-04 10:25:00,2026-04-04 19:25:00,590.13,590.13,589.11,589.64,467.773,275818.65028
BNBUSDT,1775298600000,2026-04-04 10:30:00,2026-04-04 19:30:00,589.63,589.64,589.34,589.4,197.028,116150.70594
BNBUSDT,1775298900000,2026-04-04 10:35:00,2026-04-04 19:35:00,589.4,590.03,589.39,589.87,101.101,59613.70609
BNBUSDT,1775299200000,2026-04-04 10:40:00,2026-04-04 19:40:00,589.87,590.41,589.82,589.98,215.767,127321.33558
BNBUSDT,1775299500000,2026-04-04 10:45:00,2026-04-04 19:45:00,589.98,590.4,589.89,590.39,91.853,54200.44304
BNBUSDT,1775299800000,2026-04-04 10:50:00,2026-04-04 19:50:00,590.39,590.4,589.94,590.05,220.57,130163.5857
BNBUSDT,1775300100000,2026-04-04 10:55:00,2026-04-04 19:55:00,590.05,590.19,589.93,590.19,73.546,43395.56587
BNBUSDT,1775300400000,2026-04-04 11:00:00,2026-04-04 20:00:00,590.2,590.45,590.13,590.13,152.78,90186.3944
BNBUSDT,1775300700000,2026-04-04 11:05:00,2026-04-04 20:05:00,590.13,590.29,589.95,590.21,367.835,217064.35759
BNBUSDT,1775301000000,2026-04-04 11:10:00,2026-04-04 20:10:00,590.21,590.29,589.92,590.14,175.314,103451.06533
BNBUSDT,1775301300000,2026-04-04 11:15:00,2026-04-04 20:15:00,590.15,590.24,589.8,589.94,218.11,128691.82229
BNBUSDT,1775301600000,2026-04-04 11:20:00,2026-04-04 20:20:00,589.94,590.07,589.63,589.64,91.047,53704.18009
BNBUSDT,1775301900000,2026-04-04 11:25:00,2026-04-04 20:25:00,589.63,589.69,589.46,589.47,158.156,93252.22976
BNBUSDT,1775302200000,2026-04-04 11:30:00,2026-04-04 20:30:00,589.47,589.47,589.2,589.31,168.723,99444.02874
BNBUSDT,1775302500000,2026-04-04 11:35:00,2026-04-04 20:35:00,589.3,589.7,589.3,589.35,220.3,129866.13107
BNBUSDT,1775302800000,2026-04-04 11:40:00,2026-04-04 20:40:00,589.35,589.66,589.24,589.47,241.374,142275.74098
BNBUSDT,1775303100000,2026-04-04 11:45:00,2026-04-04 20:45:00,589.47,589.62,589.43,589.44,106.573,62825.06762
BNBUSDT,1775303400000,2026-04-04 11:50:00,2026-04-04 20:50:00,589.44,589.59,589.34,589.59,130.365,76846.50407
BNBUSDT,1775303700000,2026-04-04 11:55:00,2026-04-04 20:55:00,589.58,589.7,589.28,589.49,120.042,70756.35876
BNBUSDT,1775304000000,2026-04-04 12:00:00,2026-04-04 21:00:00,589.5,589.78,589.2,589.37,406.505,239637.99876
BNBUSDT,1775304300000,2026-04-04 12:05:00,2026-04-04 21:05:00,589.37,589.73,589.22,589.22,97.8,57650.28553
BNBUSDT,1775304600000,2026-04-04 12:10:00,2026-04-04 21:10:00,589.22,589.53,589.19,589.26,255.546,150594.09568
BNBUSDT,1775304900000,2026-04-04 12:15:00,2026-04-04 21:15:00,589.27,589.51,589.14,589.5,137.048,80762.37065
BNBUSDT,1775305200000,2026-04-04 12:20:00,2026-04-04 21:20:00,589.51,589.74,589.38,589.59,118.225,69705.1893
BNBUSDT,1775305500000,2026-04-04 12:25:00,2026-04-04 21:25:00,589.6,589.66,589.22,589.38,176.536,104066.15045
BNBUSDT,1775305800000,2026-04-04 12:30:00,2026-04-04 21:30:00,589.37,589.76,589.37,589.75,65.594,38668.65797
BNBUSDT,1775306100000,2026-04-04 12:35:00,2026-04-04 21:35:00,589.75,589.79,589.71,589.71,111.111,65527.51361
BNBUSDT,1775306400000,2026-04-04 12:40:00,2026-04-04 21:40:00,589.71,589.72,589.24,589.25,131.333,77430.18025
BNBUSDT,1775306700000,2026-04-04 12:45:00,2026-04-04 21:45:00,589.25,589.74,589.24,589.52,167.959,99021.76117
BNBUSDT,1775307000000,2026-04-04 12:50:00,2026-04-04 21:50:00,589.52,589.67,589.39,589.66,139.23,82075.33008
BNBUSDT,1775307300000,2026-04-04 12:55:00,2026-04-04 21:55:00,589.67,589.68,589.66,589.68,52.697,31073.63905
BNBUSDT,1775307600000,2026-04-04 13:00:00,2026-04-04 22:00:00,589.68,589.9,589.68,589.7,155.413,91660.23691
BNBUSDT,1775307900000,2026-04-04 13:05:00,2026-04-04 22:05:00,589.7,589.82,589.7,589.82,94.546,55758.00469
BNBUSDT,1775308200000,2026-04-04 13:10:00,2026-04-04 22:10:00,589.82,589.9,589.79,589.9,199.881,117894.11001
BNBUSDT,1775308500000,2026-04-04 13:15:00,2026-04-04 22:15:00,589.9,589.93,589.84,589.92,131.612,77636.78669
BNBUSDT,1775308800000,2026-04-04 13:20:00,2026-04-04 22:20:00,589.93,590.3,589.92,590.02,216.754,127903.43001
BNBUSDT,1775309100000,2026-04-04 13:25:00,2026-04-04 22:25:00,590.01,590.08,589.92,589.92,215.714,127275.59538
BNBUSDT,1775309400000,2026-04-04 13:30:00,2026-04-04 22:30:00,589.93,589.93,589.7,589.73,108.564,64031.75746
BNBUSDT,1775309700000,2026-04-04 13:35:00,2026-04-04 22:35:00,589.72,590.89,589.67,590.56,259.695,153308.04031
BNBUSDT,1775310000000,2026-04-04 13:40:00,2026-04-04 22:40:00,590.55,590.56,590.43,590.43,207.612,122591.61969
BNBUSDT,1775310300000,2026-04-04 13:45:00,2026-04-04 22:45:00,590.44,590.45,590.06,590.06,124.693,73609.61459
BNBUSDT,1775310600000,2026-04-04 13:50:00,2026-04-04 22:50:00,590.07,590.07,589.78,589.78,123.26,72711.1369
BNBUSDT,1775310900000,2026-04-04 13:55:00,2026-04-04 22:55:00,589.78,590.45,589.78,590.2,198.347,117073.91049
BNBUSDT,1775311200000,2026-04-04 14:00:00,2026-04-04 23:00:00,590.2,590.5,590.19,590.31,124.872,73721.43726
BNBUSDT,1775311500000,2026-04-04 14:05:00,2026-04-04 23:05:00,590.32,590.53,590.31,590.35,144.739,85457.40267
BNBUSDT,1775311800000,2026-04-04 14:10:00,2026-04-04 23:10:00,590.35,590.35,590.08,590.1,160.619,94803.09829
BNBUSDT,1775312100000,2026-04-04 14:15:00,2026-04-04 23:15:00,590.1,590.27,589.8,590.26,182.031,107398.73734
BNBUSDT,1775312400000,2026-04-04 14:20:00,2026-04-04 23:20:00,590.26,590.28,589.97,589.97,459.582,271227.35288
BNBUSDT,1775312700000,2026-04-04 14:25:00,2026-04-04 23:25:00,589.97,590.16,589.81,589.82,282.132,166472.26434
BNBUSDT,1775313000000,2026-04-04 14:30:00,2026-04-04 23:30:00,589.82,589.98,589.59,589.74,251.209,148175.67063
BNBUSDT,1775313300000,2026-04-04 14:35:00,2026-04-04 23:35:00,589.74,589.98,588.88,589.05,359.177,211721.14117
BNBUSDT,1775313600000,2026-04-04 14:40:00,2026-04-04 23:40:00,589.06,589.06,588.11,588.91,712.254,419209.93486
BNBUSDT,1775313900000,2026-04-04 14:45:00,2026-04-04 23:45:00,588.91,589.39,588.9,589.19,230.715,135941.20461
BNBUSDT,1775314200000,2026-04-04 14:50:00,2026-04-04 23:50:00,589.18,589.47,589.17,589.24,309.11,182157.92043
BNBUSDT,1775314500000,2026-04-04 14:55:00,2026-04-04 23:55:00,589.25,590.22,589.13,590.22,389.252,229468.23774
BNBUSDT,1775314800000,2026-04-04 15:00:00,2026-04-05 00:00:00,590.22,590.41,589.81,590.41,491.257,289873.64732
BNBUSDT,1775315100000,2026-04-04 15:05:00,2026-04-05 00:05:00,590.41,591.23,590.05,591,891.712,526734.03228
BNBUSDT,1775315400000,2026-04-04 15:10:00,2026-04-05 00:10:00,591,591.82,590.43,591.02,885.922,523648.16109
BNBUSDT,1775315700000,2026-04-04 15:15:00,2026-04-05 00:15:00,591.03,591.29,590.77,590.88,318.197,188071.44189
BNBUSDT,1775316000000,2026-04-04 15:20:00,2026-04-05 00:20:00,590.87,591.57,590.85,590.95,465.195,275002.1788
BNBUSDT,1775316300000,2026-04-04 15:25:00,2026-04-05 00:25:00,590.95,591.02,590.68,590.84,309.709,182989.20773
BNBUSDT,1775316600000,2026-04-04 15:30:00,2026-04-05 00:30:00,590.84,591.19,590.54,591.12,106.43,62889.22449
BNBUSDT,1775316900000,2026-04-04 15:35:00,2026-04-05 00:35:00,591.13,591.33,590.85,591.28,257.002,151929.82871
BNBUSDT,1775317200000,2026-04-04 15:40:00,2026-04-05 00:40:00,591.28,591.29,590.98,591.05,181.606,107349.89923
BNBUSDT,1775317500000,2026-04-04 15:45:00,2026-04-05 00:45:00,591.05,591.05,590.46,590.86,273.064,161299.82168
BNBUSDT,1775317800000,2026-04-04 15:50:00,2026-04-05 00:50:00,590.85,590.86,590.59,590.7,80.892,47781.10549
BNBUSDT,1775318100000,2026-04-04 15:55:00,2026-04-05 00:55:00,590.69,591.12,590.69,591.11,155.473,91860.53997
BNBUSDT,1775318400000,2026-04-04 16:00:00,2026-04-05 01:00:00,591.12,591.39,590.81,590.81,226.674,134012.06405
BNBUSDT,1775318700000,2026-04-04 16:05:00,2026-04-05 01:05:00,590.82,590.99,590.77,590.77,133.917,79131.35454
BNBUSDT,1775319000000,2026-04-04 16:10:00,2026-04-05 01:10:00,590.77,590.78,590.47,590.56,113.916,67286.35734
BNBUSDT,1775319300000,2026-04-04 16:15:00,2026-04-05 01:15:00,590.56,590.9,590.46,590.83,151.043,89214.15945
BNBUSDT,1775319600000,2026-04-04 16:20:00,2026-04-05 01:20:00,590.84,591.39,590.83,591.39,119.3,70503.45593
BNBUSDT,1775319900000,2026-04-04 16:25:00,2026-04-05 01:25:00,591.4,592.5,591.39,592.28,422.336,250008.68364
BNBUSDT,1775320200000,2026-04-04 16:30:00,2026-04-05 01:30:00,592.28,592.53,591.97,592.17,490.919,290767.88042
BNBUSDT,1775320500000,2026-04-04 16:35:00,2026-04-05 01:35:00,592.18,593.54,592.17,592.54,661.901,392578.21466
BNBUSDT,1775320800000,2026-04-04 16:40:00,2026-04-05 01:40:00,592.54,592.79,592.23,592.48,285.057,168900.77809
BNBUSDT,1775321100000,2026-04-04 16:45:00,2026-04-05 01:45:00,592.48,592.57,592,592.01,215.544,127655.02075
BNBUSDT,1775321400000,2026-04-04 16:50:00,2026-04-05 01:50:00,592.01,592.21,591.78,591.82,298.431,176670.39243
BNBUSDT,1775321700000,2026-04-04 16:55:00,2026-04-05 01:55:00,591.82,592.16,591.12,591.34,367.524,217476.61945
BNBUSDT,1775322000000,2026-04-04 17:00:00,2026-04-05 02:00:00,591.35,591.45,590.7,591.05,704.355,416218.91981
BNBUSDT,1775322300000,2026-04-04 17:05:00,2026-04-05 02:05:00,591.05,591.12,590.97,590.99,96.268,56896.60188
BNBUSDT,1775322600000,2026-04-04 17:10:00,2026-04-05 02:10:00,591,591.7,590.99,591.7,211.549,125072.53655
BNBUSDT,1775322900000,2026-04-04 17:15:00,2026-04-05 02:15:00,591.7,592.16,591.7,591.78,143.616,85012.87271
BNBUSDT,1775323200000,2026-04-04 17:20:00,2026-04-05 02:20:00,591.77,592.21,591.74,592.21,137.347,81298.55581
BNBUSDT,1775323500000,2026-04-04 17:25:00,2026-04-05 02:25:00,592.21,592.59,592.21,592.49,144.722,85743.50222
BNBUSDT,1775323800000,2026-04-04 17:30:00,2026-04-05 02:30:00,592.49,592.49,592.35,592.43,615.914,364915.23134
BNBUSDT,1775324100000,2026-04-04 17:35:00,2026-04-05 02:35:00,592.43,592.43,592.01,592.04,180.413,106842.93944
BNBUSDT,1775324400000,2026-04-04 17:40:00,2026-04-05 02:40:00,592.03,592.09,591.91,592.07,129.036,76391.10094
BNBUSDT,1775324700000,2026-04-04 17:45:00,2026-04-05 02:45:00,592.07,592.07,591.7,591.7,64.831,38370.84483
BNBUSDT,1775325000000,2026-04-04 17:50:00,2026-04-05 02:50:00,591.7,592.92,591.66,592.46,264.9,156892.28923
BNBUSDT,1775325300000,2026-04-04 17:55:00,2026-04-05 02:55:00,592.46,592.8,592.41,592.69,88.355,52357.07232
BNBUSDT,1775325600000,2026-04-04 18:00:00,2026-04-05 03:00:00,592.69,593.02,592.47,592.69,287.244,170278.46994
BNBUSDT,1775325900000,2026-04-04 18:05:00,2026-04-05 03:05:00,592.69,592.87,592.39,592.77,155.483,92141.69845
BNBUSDT,1775326200000,2026-04-04 18:10:00,2026-04-05 03:10:00,592.77,592.77,592.41,592.47,80.898,47934.66962
BNBUSDT,1775326500000,2026-04-04 18:15:00,2026-04-05 03:15:00,592.48,593.07,592.47,593.01,110.744,65656.1849
BNBUSDT,1775326800000,2026-04-04 18:20:00,2026-04-05 03:20:00,593.01,593.02,592.62,592.77,139.333,82597.51034
BNBUSDT,1775327100000,2026-04-04 18:25:00,2026-04-05 03:25:00,592.77,592.95,592.77,592.84,124.453,73781.11228
BNBUSDT,1775327400000,2026-04-04 18:30:00,2026-04-05 03:30:00,592.85,593.09,592.55,592.85,337.181,199879.98213
BNBUSDT,1775327700000,2026-04-04 18:35:00,2026-04-05 03:35:00,592.85,592.9,592.81,592.81,76.98,45638.5136
BNBUSDT,1775328000000,2026-04-04 18:40:00,2026-04-05 03:40:00,592.81,593.22,592.8,592.8,292.113,173220.29047
BNBUSDT,1775328300000,2026-04-04 18:45:00,2026-04-05 03:45:00,592.81,593.08,592.72,593.07,70.958,42064.6915
BNBUSDT,1775328600000,2026-04-04 18:50:00,2026-04-05 03:50:00,593.07,593.5,593,593.5,192.868,114412.52853
BNBUSDT,1775328900000,2026-04-04 18:55:00,2026-04-05 03:55:00,593.49,593.5,593.35,593.36,109.353,64893.29571
BNBUSDT,1775329200000,2026-04-04 19:00:00,2026-04-05 04:00:00,593.35,594.41,593.31,594.35,299.893,178141.65316
BNBUSDT,1775329500000,2026-04-04 19:05:00,2026-04-05 04:05:00,594.36,595.35,593.72,594.92,931.9,554075.31956
BNBUSDT,1775329800000,2026-04-04 19:10:00,2026-04-05 04:10:00,594.92,596.27,594.76,596.2,538.17,320452.10658
BNBUSDT,1775330100000,2026-04-04 19:15:00,2026-04-05 04:15:00,596.2,596.58,595.02,595.8,809.631,482261.84762
BNBUSDT,1775330400000,2026-04-04 19:20:00,2026-04-05 04:20:00,595.8,595.82,594.93,594.94,131.982,78566.57381
BNBUSDT,1775330700000,2026-04-04 19:25:00,2026-04-05 04:25:00,594.93,595.01,594.12,594.13,196.252,116672.92982
BNBUSDT,1775331000000,2026-04-04 19:30:00,2026-04-05 04:30:00,594.13,594.36,593.9,594.08,151.342,89912.76795
BNBUSDT,1775331300000,2026-04-04 19:35:00,2026-04-05 04:35:00,594.08,594.31,593.73,593.73,125.495,74556.87326
BNBUSDT,1775331600000,2026-04-04 19:40:00,2026-04-05 04:40:00,593.73,593.74,593.02,593.18,223.032,132357.54538
BNBUSDT,1775331900000,2026-04-04 19:45:00,2026-04-05 04:45:00,593.19,593.19,593.12,593.16,68.535,40652.8499
BNBUSDT,1775332200000,2026-04-04 19:50:00,2026-04-05 04:50:00,593.15,593.42,593.15,593.42,137.492,81571.90066
BNBUSDT,1775332500000,2026-04-04 19:55:00,2026-04-05 04:55:00,593.41,593.79,593.31,593.46,121.351,72028.11433
BNBUSDT,1775332800000,2026-04-04 20:00:00,2026-04-05 05:00:00,593.46,593.72,593,593,165.434,98171.8917
BNBUSDT,1775333100000,2026-04-04 20:05:00,2026-04-05 05:05:00,593.01,593.14,592.9,593.01,119.149,70654.06252
BNBUSDT,1775333400000,2026-04-04 20:10:00,2026-04-05 05:10:00,593,593.08,592.78,592.78,74.059,43911.10552
BNBUSDT,1775333700000,2026-04-04 20:15:00,2026-04-05 05:15:00,592.78,592.93,592.77,592.93,65.419,38782.53845
BNBUSDT,1775334000000,2026-04-04 20:20:00,2026-04-05 05:20:00,592.93,593.04,592.71,592.72,115.111,68246.8843
BNBUSDT,1775334300000,2026-04-04 20:25:00,2026-04-05 05:25:00,592.72,593.12,592.71,593.04,259.769,154034.59279
BNBUSDT,1775334600000,2026-04-04 20:30:00,2026-04-05 05:30:00,593.04,593.16,592.92,592.97,106.156,62952.56212
BNBUSDT,1775334900000,2026-04-04 20:35:00,2026-04-05 05:35:00,592.97,593.14,592.97,593.14,62.182,36878.16304
BNBUSDT,1775335200000,2026-04-04 20:40:00,2026-04-05 05:40:00,593.14,593.38,593.14,593.38,114.636,68011.16537
BNBUSDT,1775335500000,2026-04-04 20:45:00,2026-04-05 05:45:00,593.37,593.54,593.37,593.4,54.267,32204.85944
BNBUSDT,1775335800000,2026-04-04 20:50:00,2026-04-05 05:50:00,593.4,593.41,593.26,593.27,47.438,28148.57605
BNBUSDT,1775336100000,2026-04-04 20:55:00,2026-04-05 05:55:00,593.26,593.57,593.26,593.57,38.179,22654.62597
BNBUSDT,1775336400000,2026-04-04 21:00:00,2026-04-05 06:00:00,593.57,593.76,593.56,593.57,45.255,26865.91114
BNBUSDT,1775336700000,2026-04-04 21:05:00,2026-04-05 06:05:00,593.56,593.66,593.41,593.66,113.239,67208.34161
BNBUSDT,1775337000000,2026-04-04 21:10:00,2026-04-05 06:10:00,593.66,593.69,593.23,593.51,125.331,74387.71541
BNBUSDT,1775337300000,2026-04-04 21:15:00,2026-04-05 06:15:00,593.52,594.2,593.51,594.19,117.979,70062.39686
BNBUSDT,1775337600000,2026-04-04 21:20:00,2026-04-05 06:20:00,594.19,594.64,594.19,594.24,177.225,105347.87973
BNBUSDT,1775337900000,2026-04-04 21:25:00,2026-04-05 06:25:00,594.24,594.36,594.09,594.36,165.08,98087.46184
BNBUSDT,1775338200000,2026-04-04 21:30:00,2026-04-05 06:30:00,594.35,594.45,594.09,594.09,214.548,127511.93647
BNBUSDT,1775338500000,2026-04-04 21:35:00,2026-04-05 06:35:00,594.09,594.28,593.44,594.06,193.304,114788.50089
BNBUSDT,1775338800000,2026-04-04 21:40:00,2026-04-05 06:40:00,594.06,594.57,593.93,594.21,193.49,114987.57662
BNBUSDT,1775339100000,2026-04-04 21:45:00,2026-04-05 06:45:00,594.21,594.63,594.2,594.61,125.711,74729.00607
BNBUSDT,1775339400000,2026-04-04 21:50:00,2026-04-05 06:50:00,594.61,595.16,594.61,594.81,90.546,53867.04917
BNBUSDT,1775339700000,2026-04-04 21:55:00,2026-04-05 06:55:00,594.81,595.13,594.34,594.46,152.483,90690.11195
BNBUSDT,1775340000000,2026-04-04 22:00:00,2026-04-05 07:00:00,594.47,594.47,593.9,594.38,164.183,97550.43372
BNBUSDT,1775340300000,2026-04-04 22:05:00,2026-04-05 07:05:00,594.38,594.38,593.8,594.06,213.033,126545.06489
BNBUSDT,1775340600000,2026-04-04 22:10:00,2026-04-05 07:10:00,594.06,594.22,593.88,594.08,64.773,38478.95371
BNBUSDT,1775340900000,2026-04-04 22:15:00,2026-04-05 07:15:00,594.08,594.82,594.08,594.82,118.117,70216.79892
BNBUSDT,1775341200000,2026-04-04 22:20:00,2026-04-05 07:20:00,594.82,594.88,594.15,594.57,143.886,85545.62054
BNBUSDT,1775341500000,2026-04-04 22:25:00,2026-04-05 07:25:00,594.57,594.62,594.15,594.52,43.759,26014.7485
BNBUSDT,1775341800000,2026-04-04 22:30:00,2026-04-05 07:30:00,594.51,594.51,593.88,594.01,147.166,87443.48044
BNBUSDT,1775342100000,2026-04-04 22:35:00,2026-04-05 07:35:00,594,594.2,594,594.07,52.417,31141.29619
BNBUSDT,1775342400000,2026-04-04 22:40:00,2026-04-05 07:40:00,594.06,594.55,594,594.55,119.629,71092.56209
BNBUSDT,1775342700000,2026-04-04 22:45:00,2026-04-05 07:45:00,594.54,594.59,594.05,594.18,100.462,59698.68615
BNBUSDT,1775343000000,2026-04-04 22:50:00,2026-04-05 07:50:00,594.19,594.23,594.03,594.19,62.592,37187.92485
BNBUSDT,1775343300000,2026-04-04 22:55:00,2026-04-05 07:55:00,594.19,594.29,594.1,594.25,68.821,40892.49254
BNBUSDT,1775343600000,2026-04-04 23:00:00,2026-04-05 08:00:00,594.24,594.29,593.56,593.96,166.126,98661.98795
BNBUSDT,1775343900000,2026-04-04 23:05:00,2026-04-05 08:05:00,593.96,593.99,593.56,593.98,163.74,97217.80004
BNBUSDT,1775344200000,2026-04-04 23:10:00,2026-04-05 08:10:00,593.99,593.99,593.77,593.86,106.578,63293.27002
BNBUSDT,1775344500000,2026-04-04 23:15:00,2026-04-05 08:15:00,593.87,594.06,593.79,594.06,129.347,76821.48158
BNBUSDT,1775344800000,2026-04-04 23:20:00,2026-04-05 08:20:00,594.05,594.06,593.77,593.77,37.98,22556.68552
BNBUSDT,1775345100000,2026-04-04 23:25:00,2026-04-05 08:25:00,593.77,593.78,593.46,593.47,168.237,99850.51682
BNBUSDT,1775345400000,2026-04-04 23:30:00,2026-04-05 08:30:00,593.47,593.58,593.23,593.32,48.723,28912.60219
BNBUSDT,1775345700000,2026-04-04 23:35:00,2026-04-05 08:35:00,593.32,593.34,593.28,593.28,78.195,46394.31331
BNBUSDT,1775346000000,2026-04-04 23:40:00,2026-04-05 08:40:00,593.28,593.33,593.12,593.32,166.611,98825.26675
BNBUSDT,1775346300000,2026-04-04 23:45:00,2026-04-05 08:45:00,593.33,593.33,592.54,592.98,247.846,146967.40256
BNBUSDT,1775346600000,2026-04-04 23:50:00,2026-04-05 08:50:00,592.99,593.5,592.98,593.42,62.644,37168.1279
BNBUSDT,1775346900000,2026-04-04 23:55:00,2026-04-05 08:55:00,593.41,593.54,593.29,593.36,62.184,36902.19079
BNBUSDT,1775347200000,2026-04-05 00:00:00,2026-04-05 09:00:00,593.36,593.6,593.22,593.22,208.257,123573.02896
BNBUSDT,1775347500000,2026-04-05 00:05:00,2026-04-05 09:05:00,593.23,593.76,593.22,593.75,193.484,114854.91173
BNBUSDT,1775347800000,2026-04-05 00:10:00,2026-04-05 09:10:00,593.75,594.05,593.68,593.8,90.26,53601.32549
BNBUSDT,1775348100000,2026-04-05 00:15:00,2026-04-05 09:15:00,593.8,593.96,593.63,593.72,71.898,42688.91027
BNBUSDT,1775348400000,2026-04-05 00:20:00,2026-04-05 09:20:00,593.72,593.72,593.49,593.66,149.459,88719.50395
BNBUSDT,1775348700000,2026-04-05 00:25:00,2026-04-05 09:25:00,593.66,593.75,593.15,593.47,228.596,135682.72948
BNBUSDT,1775349000000,2026-04-05 00:30:00,2026-04-05 09:30:00,593.47,593.47,593.03,593.03,91.908,54530.14506
BNBUSDT,1775349300000,2026-04-05 00:35:00,2026-04-05 09:35:00,593.03,593.17,593,593.1,86.545,51329.38462
BNBUSDT,1775349600000,2026-04-05 00:40:00,2026-04-05 09:40:00,593.09,593.61,593.07,593.21,391.559,232326.07732
BNBUSDT,1775349900000,2026-04-05 00:45:00,2026-04-05 09:45:00,593.21,593.27,592.87,593,87.374,51817.56193
BNBUSDT,1775350200000,2026-04-05 00:50:00,2026-04-05 09:50:00,593,593,592.38,592.48,148.969,88284.39104
BNBUSDT,1775350500000,2026-04-05 00:55:00,2026-04-05 09:55:00,592.48,592.49,592.21,592.45,90.833,53803.04223
BNBUSDT,1775350800000,2026-04-05 01:00:00,2026-04-05 10:00:00,592.46,592.68,591.96,592.12,158.72,94019.01562
BNBUSDT,1775351100000,2026-04-05 01:05:00,2026-04-05 10:05:00,592.12,592.2,591.71,592.1,104.613,61930.68149
BNBUSDT,1775351400000,2026-04-05 01:10:00,2026-04-05 10:10:00,592.1,593.4,592.09,593.25,135.521,80372.07648
BNBUSDT,1775351700000,2026-04-05 01:15:00,2026-04-05 10:15:00,593.24,593.4,593.07,593.39,129.976,77094.49221
BNBUSDT,1775352000000,2026-04-05 01:20:00,2026-04-05 10:20:00,593.4,593.65,593.21,593.27,163.638,97096.54315
BNBUSDT,1775352300000,2026-04-05 01:25:00,2026-04-05 10:25:00,593.28,593.28,592.79,592.8,93.256,55303.86498
BNBUSDT,1775352600000,2026-04-05 01:30:00,2026-04-05 10:30:00,592.8,592.8,592.27,592.62,748.453,443395.97267
BNBUSDT,1775352900000,2026-04-05 01:35:00,2026-04-05 10:35:00,592.61,592.62,592.24,592.25,149.487,88560.45471
BNBUSDT,1775353200000,2026-04-05 01:40:00,2026-04-05 10:40:00,592.24,592.39,592.11,592.11,129.558,76728.58095
BNBUSDT,1775353500000,2026-04-05 01:45:00,2026-04-05 10:45:00,592.12,592.51,592.12,592.35,234.048,138637.76307
BNBUSDT,1775353800000,2026-04-05 01:50:00,2026-04-05 10:50:00,592.35,592.38,592.08,592.09,57.935,34312.13799
BNBUSDT,1775354100000,2026-04-05 01:55:00,2026-04-05 10:55:00,592.08,592.24,591.91,591.92,179.99,106575.20704
BNBUSDT,1775354400000,2026-04-05 02:00:00,2026-04-05 11:00:00,591.92,592.08,591.12,592.08,411.407,243329.02247
BNBUSDT,1775354700000,2026-04-05 02:05:00,2026-04-05 11:05:00,592.07,592.17,591.87,591.89,109.81,65005.57409
BNBUSDT,1775355000000,2026-04-05 02:10:00,2026-04-05 11:10:00,591.89,592.14,591.65,591.82,171.769,101652.88493
BNBUSDT,1775355300000,2026-04-05 02:15:00,2026-04-05 11:15:00,591.82,592.49,591.81,592.49,211.3,125093.1574
BNBUSDT,1775355600000,2026-04-05 02:20:00,2026-04-05 11:20:00,592.49,592.84,592.34,592.73,180.305,106851.10556
BNBUSDT,1775355900000,2026-04-05 02:25:00,2026-04-05 11:25:00,592.74,593,592.4,592.52,242.883,143938.01517
BNBUSDT,1775356200000,2026-04-05 02:30:00,2026-04-05 11:30:00,592.53,593.13,592.5,593.04,125.975,74693.43185
BNBUSDT,1775356500000,2026-04-05 02:35:00,2026-04-05 11:35:00,593.03,593.07,592.87,592.94,57.874,34319.01182
BNBUSDT,1775356800000,2026-04-05 02:40:00,2026-04-05 11:40:00,592.94,592.94,592.82,592.85,73.273,43439.28198
BNBUSDT,1775357100000,2026-04-05 02:45:00,2026-04-05 11:45:00,592.84,592.94,592.79,592.91,471.144,279320.247
BNBUSDT,1775357400000,2026-04-05 02:50:00,2026-04-05 11:50:00,592.92,593.11,592.68,592.82,482.917,286314.20763
BNBUSDT,1775357700000,2026-04-05 02:55:00,2026-04-05 11:55:00,592.83,593.23,592.83,593.22,165.138,97924.11206
BNBUSDT,1775358000000,2026-04-05 03:00:00,2026-04-05 12:00:00,593.23,593.24,593.13,593.24,51.327,30447.15868
BNBUSDT,1775358300000,2026-04-05 03:05:00,2026-04-05 12:05:00,593.24,593.24,593.03,593.05,74.065,43928.32189
BNBUSDT,1775358600000,2026-04-05 03:10:00,2026-04-05 12:10:00,593.05,593.19,593.04,593.19,209.1,124010.61692
BNBUSDT,1775358900000,2026-04-05 03:15:00,2026-04-05 12:15:00,593.19,593.24,592.88,592.88,126.727,75158.75805
BNBUSDT,1775359200000,2026-04-05 03:20:00,2026-04-05 12:20:00,592.87,593.1,592.71,593.01,128.242,76043.29383
BNBUSDT,1775359500000,2026-04-05 03:25:00,2026-04-05 12:25:00,593,593.33,592.89,593.27,118.432,70248.00749
BNBUSDT,1775359800000,2026-04-05 03:30:00,2026-04-05 12:30:00,593.28,593.28,592.88,592.89,79.315,47041.89317
BNBUSDT,1775360100000,2026-04-05 03:35:00,2026-04-05 12:35:00,592.88,592.99,592.69,592.98,62.687,37160.38761
BNBUSDT,1775360400000,2026-04-05 03:40:00,2026-04-05 12:40:00,592.98,593.28,592.86,593.27,222.807,132127.61682
BNBUSDT,1775360700000,2026-04-05 03:45:00,2026-04-05 12:45:00,593.26,593.58,593.21,593.58,115.208,68359.6105
BNBUSDT,1775361000000,2026-04-05 03:50:00,2026-04-05 12:50:00,593.58,593.66,593.46,593.66,161.62,95923.47669
BNBUSDT,1775361300000,2026-04-05 03:55:00,2026-04-05 12:55:00,593.66,593.66,593.42,593.43,110.883,65818.30565
BNBUSDT,1775361600000,2026-04-05 04:00:00,2026-04-05 13:00:00,593.42,593.55,593,593.25,119.496,70894.45872
BNBUSDT,1775361900000,2026-04-05 04:05:00,2026-04-05 13:05:00,593.24,593.25,593.04,593.17,81.366,48262.01482
BNBUSDT,1775362200000,2026-04-05 04:10:00,2026-04-05 13:10:00,593.17,593.17,593,593.07,70.717,41939.34736
BNBUSDT,1775362500000,2026-04-05 04:15:00,2026-04-05 13:15:00,593.06,593.34,593.02,593.34,75.859,44993.60829
BNBUSDT,1775362800000,2026-04-05 04:20:00,2026-04-05 13:20:00,593.34,593.34,593.09,593.09,36.522,21665.74298
BNBUSDT,1775363100000,2026-04-05 04:25:00,2026-04-05 13:25:00,593.1,593.5,593.09,593.5,49.402,29313.42784
BNBUSDT,1775363400000,2026-04-05 04:30:00,2026-04-05 13:30:00,593.5,593.5,593.14,593.14,77.178,45795.84223
BNBUSDT,1775363700000,2026-04-05 04:35:00,2026-04-05 13:35:00,593.14,593.14,592.91,593.08,79.345,47056.09447
BNBUSDT,1775364000000,2026-04-05 04:40:00,2026-04-05 13:40:00,593.08,593.09,592.98,592.99,46.154,27370.29017
BNBUSDT,1775364300000,2026-04-05 04:45:00,2026-04-05 13:45:00,592.99,592.99,592.82,592.83,45.148,26767.55437
BNBUSDT,1775364600000,2026-04-05 04:50:00,2026-04-05 13:50:00,592.82,593.23,592.82,593,131.152,77779.15717
BNBUSDT,1775364900000,2026-04-05 04:55:00,2026-04-05 13:55:00,593.01,593.44,592.89,593.12,214.069,126988.63882
BNBUSDT,1775365200000,2026-04-05 05:00:00,2026-04-05 14:00:00,593.11,593.49,593.11,593.37,135.238,80237.25753
BNBUSDT,1775365500000,2026-04-05 05:05:00,2026-04-05 14:05:00,593.37,593.65,593.36,593.62,70.087,41591.73016
BNBUSDT,1775365800000,2026-04-05 05:10:00,2026-04-05 14:10:00,593.62,593.62,593.29,593.35,123.84,73487.72945
BNBUSDT,1775366100000,2026-04-05 05:15:00,2026-04-05 14:15:00,593.35,593.52,593.3,593.43,93.542,55507.63714
BNBUSDT,1775366400000,2026-04-05 05:20:00,2026-04-05 14:20:00,593.42,593.43,592.71,593.06,235.594,139714.85437
BNBUSDT,1775366700000,2026-04-05 05:25:00,2026-04-05 14:25:00,593.06,593.06,592.74,592.84,152.416,90372.67402
BNBUSDT,1775367000000,2026-04-05 05:30:00,2026-04-05 14:30:00,592.84,593.15,592.84,593.08,87.186,51704.0251
BNBUSDT,1775367300000,2026-04-05 05:35:00,2026-04-05 14:35:00,593.09,593.14,592.99,593,195.45,115914.6539
BNBUSDT,1775367600000,2026-04-05 05:40:00,2026-04-05 14:40:00,592.99,593.27,592.97,593.17,264.569,156920.64262
BNBUSDT,1775367900000,2026-04-05 05:45:00,2026-04-05 14:45:00,593.17,594,593.16,593.37,479.604,284625.61317
BNBUSDT,1775368200000,2026-04-05 05:50:00,2026-04-05 14:50:00,593.36,593.36,592.25,592.49,423.602,251010.22618
BNBUSDT,1775368500000,2026-04-05 05:55:00,2026-04-05 14:55:00,592.48,592.49,592,592.25,116.21,68818.90554
BNBUSDT,1775368800000,2026-04-05 06:00:00,2026-04-05 15:00:00,592.25,592.31,591.2,591.41,417.29,246875.76143
BNBUSDT,1775369100000,2026-04-05 06:05:00,2026-04-05 15:05:00,591.4,591.41,589.3,589.31,1361.242,803407.83711
BNBUSDT,1775369400000,2026-04-05 06:10:00,2026-04-05 15:10:00,589.31,589.76,588.44,588.71,820.053,483090.19597
BNBUSDT,1775369700000,2026-04-05 06:15:00,2026-04-05 15:15:00,588.7,588.71,587.71,588.32,529.286,311318.59634
BNBUSDT,1775370000000,2026-04-05 06:20:00,2026-04-05 15:20:00,588.32,589.39,588.26,589.29,435.195,256317.35683
BNBUSDT,1775370300000,2026-04-05 06:25:00,2026-04-05 15:25:00,589.29,589.74,589.2,589.7,134.881,79507.36507
BNBUSDT,1775370600000,2026-04-05 06:30:00,2026-04-05 15:30:00,589.7,590.34,589.5,589.98,227.24,134058.88138
BNBUSDT,1775370900000,2026-04-05 06:35:00,2026-04-05 15:35:00,589.99,590.56,589.76,590.18,241.868,142750.06115
BNBUSDT,1775371200000,2026-04-05 06:40:00,2026-04-05 15:40:00,590.18,590.6,590.18,590.21,210.188,124095.4416
BNBUSDT,1775371500000,2026-04-05 06:45:00,2026-04-05 15:45:00,590.22,590.9,590.03,590.54,355.215,209776.82374
BNBUSDT,1775371800000,2026-04-05 06:50:00,2026-04-05 15:50:00,590.54,590.54,590.34,590.42,181.537,107180.77258
BNBUSDT,1775372100000,2026-04-05 06:55:00,2026-04-05 15:55:00,590.42,590.86,590.35,590.51,183.003,108096.83913
BNBUSDT,1775372400000,2026-04-05 07:00:00,2026-04-05 16:00:00,590.52,591.26,590.52,591.09,290.995,171934.78656
BNBUSDT,1775372700000,2026-04-05 07:05:00,2026-04-05 16:05:00,591.08,591.24,590.72,590.73,182.45,107834.90283
BNBUSDT,1775373000000,2026-04-05 07:10:00,2026-04-05 16:10:00,590.74,591.42,590.73,591.36,167.727,99150.97932
BNBUSDT,1775373300000,2026-04-05 07:15:00,2026-04-05 16:15:00,591.36,591.36,590.64,590.74,525.839,310769.53351
BNBUSDT,1775373600000,2026-04-05 07:20:00,2026-04-05 16:20:00,590.75,590.79,590.36,590.36,399.293,235805.65353
BNBUSDT,1775373900000,2026-04-05 07:25:00,2026-04-05 16:25:00,590.37,590.99,590.24,590.97,665.699,393129.20878
BNBUSDT,1775374200000,2026-04-05 07:30:00,2026-04-05 16:30:00,590.97,591.03,590,590.18,257.647,152117.24907
BNBUSDT,1775374500000,2026-04-05 07:35:00,2026-04-05 16:35:00,590.19,590.19,589.68,589.86,221.552,130699.75548
BNBUSDT,1775374800000,2026-04-05 07:40:00,2026-04-05 16:40:00,589.86,590,589.64,589.8,376.397,222019.88293
BNBUSDT,1775375100000,2026-04-05 07:45:00,2026-04-05 16:45:00,589.81,590.26,589.73,589.79,349.959,206475.57357
BNBUSDT,1775375400000,2026-04-05 07:50:00,2026-04-05 16:50:00,589.79,590.13,589.63,590.13,101.281,59735.08472
BNBUSDT,1775375700000,2026-04-05 07:55:00,2026-04-05 16:55:00,590.13,590.56,590.13,590.46,94.654,55884.97611
BNBUSDT,1775376000000,2026-04-05 08:00:00,2026-04-05 17:00:00,590.46,590.84,590.15,590.76,299.461,176814.41335
BNBUSDT,1775376300000,2026-04-05 08:05:00,2026-04-05 17:05:00,590.75,591.52,590.73,591.19,229.847,135880.18716
BNBUSDT,1775376600000,2026-04-05 08:10:00,2026-04-05 17:10:00,591.19,591.58,591.18,591.58,201.807,119347.62037
BNBUSDT,1775376900000,2026-04-05 08:15:00,2026-04-05 17:15:00,591.57,591.93,591.57,591.92,366.924,217147.19492
BNBUSDT,1775377200000,2026-04-05 08:20:00,2026-04-05 17:20:00,591.93,592.35,591.85,591.85,370.326,219270.71629
BNBUSDT,1775377500000,2026-04-05 08:25:00,2026-04-05 17:25:00,591.85,592.26,591.85,592.03,176.297,104367.25471
BNBUSDT,1775377800000,2026-04-05 08:30:00,2026-04-05 17:30:00,592.04,592.58,592.03,592.52,210.817,124864.57849
BNBUSDT,1775378100000,2026-04-05 08:35:00,2026-04-05 17:35:00,592.51,593.14,592.39,592.91,279.565,165753.76614
BNBUSDT,1775378400000,2026-04-05 08:40:00,2026-04-05 17:40:00,592.91,593.02,592.64,592.85,257.469,152645.7048
BNBUSDT,1775378700000,2026-04-05 08:45:00,2026-04-05 17:45:00,592.86,592.86,592.64,592.68,463.212,274547.29315
BNBUSDT,1775379000000,2026-04-05 08:50:00,2026-04-05 17:50:00,592.69,592.69,592.14,592.14,231.471,137098.02787
BNBUSDT,1775379300000,2026-04-05 08:55:00,2026-04-05 17:55:00,592.14,592.59,592.12,592.44,291.981,172931.84884
BNBUSDT,1775379600000,2026-04-05 09:00:00,2026-04-05 18:00:00,592.44,593.51,592.44,593.41,170.392,101028.67255
BNBUSDT,1775379900000,2026-04-05 09:05:00,2026-04-05 18:05:00,593.41,593.46,592.7,592.82,183.313,108732.31804
BNBUSDT,1775380200000,2026-04-05 09:10:00,2026-04-05 18:10:00,592.81,593.2,592.76,593,123.918,73476.38288
BNBUSDT,1775380500000,2026-04-05 09:15:00,2026-04-05 18:15:00,593,593.1,592.9,593.07,156.993,93094.83509
BNBUSDT,1775380800000,2026-04-05 09:20:00,2026-04-05 18:20:00,593.08,593.25,592.87,593.19,157.142,93197.16968
BNBUSDT,1775381100000,2026-04-05 09:25:00,2026-04-05 18:25:00,593.19,593.52,593.19,593.52,103.339,61315.95802
BNBUSDT,1775381400000,2026-04-05 09:30:00,2026-04-05 18:30:00,593.51,593.71,593.43,593.45,143.882,85398.4604
BNBUSDT,1775381700000,2026-04-05 09:35:00,2026-04-05 18:35:00,593.45,593.77,593.38,593.54,115.652,68642.15246
BNBUSDT,1775382000000,2026-04-05 09:40:00,2026-04-05 18:40:00,593.54,593.71,593.53,593.68,206.444,122545.7961
BNBUSDT,1775382300000,2026-04-05 09:45:00,2026-04-05 18:45:00,593.67,593.79,593.5,593.76,404.633,240201.95372
BNBUSDT,1775382600000,2026-04-05 09:50:00,2026-04-05 18:50:00,593.77,593.78,593.4,593.49,115.138,68343.72695
BNBUSDT,1775382900000,2026-04-05 09:55:00,2026-04-05 18:55:00,593.49,593.49,593.27,593.39,116.349,69036.43064
BNBUSDT,1775383200000,2026-04-05 10:00:00,2026-04-05 19:00:00,593.39,593.39,592.95,593.27,184.614,109506.09672
BNBUSDT,1775383500000,2026-04-05 10:05:00,2026-04-05 19:05:00,593.26,593.58,593.26,593.35,372.22,220871.19235
BNBUSDT,1775383800000,2026-04-05 10:10:00,2026-04-05 19:10:00,593.35,593.45,592.95,592.97,278.951,165479.73611
BNBUSDT,1775384100000,2026-04-05 10:15:00,2026-04-05 19:15:00,592.97,593.19,592.93,592.95,112.701,66832.30902
BNBUSDT,1775384400000,2026-04-05 10:20:00,2026-04-05 19:20:00,592.95,593.18,592.95,593.07,100.529,59617.94874
BNBUSDT,1775384700000,2026-04-05 10:25:00,2026-04-05 19:25:00,593.07,593.19,592.95,593.18,288.937,171334.33814
BNBUSDT,1775385000000,2026-04-05 10:30:00,2026-04-05 19:30:00,593.18,593.36,592.98,593.36,115.284,68382.31547
BNBUSDT,1775385300000,2026-04-05 10:35:00,2026-04-05 19:35:00,593.35,594.97,593.35,594.1,356.155,211650.8485
BNBUSDT,1775385600000,2026-04-05 10:40:00,2026-04-05 19:40:00,594.11,594.46,594.11,594.46,242.184,143919.0718
BNBUSDT,1775385900000,2026-04-05 10:45:00,2026-04-05 19:45:00,594.46,594.56,594.04,594.05,154.811,91995.20286
BNBUSDT,1775386200000,2026-04-05 10:50:00,2026-04-05 19:50:00,594.04,594.21,593.78,593.86,217.078,128959.58137
BNBUSDT,1775386500000,2026-04-05 10:55:00,2026-04-05 19:55:00,593.87,594,593.86,593.86,102.53,60895.24287
BNBUSDT,1775386800000,2026-04-05 11:00:00,2026-04-05 20:00:00,593.86,594.29,593.5,593.89,277.293,164698.29051
BNBUSDT,1775387100000,2026-04-05 11:05:00,2026-04-05 20:05:00,593.9,594.15,593.69,593.69,84.267,50051.42825
BNBUSDT,1775387400000,2026-04-05 11:10:00,2026-04-05 20:10:00,593.7,593.99,593.69,593.75,79.51,47216.90562
BNBUSDT,1775387700000,2026-04-05 11:15:00,2026-04-05 20:15:00,593.75,594.32,593.75,594,139.132,82646.11567
BNBUSDT,1775388000000,2026-04-05 11:20:00,2026-04-05 20:20:00,594.01,594.01,593.6,593.6,64.153,38102.41023
BNBUSDT,1775388300000,2026-04-05 11:25:00,2026-04-05 20:25:00,593.59,593.6,593,593.16,102.16,60604.70236
BNBUSDT,1775388600000,2026-04-05 11:30:00,2026-04-05 20:30:00,593.16,593.57,593.16,593.56,103.411,61359.35419
BNBUSDT,1775388900000,2026-04-05 11:35:00,2026-04-05 20:35:00,593.56,593.73,593.31,593.72,121.406,72050.36852
BNBUSDT,1775389200000,2026-04-05 11:40:00,2026-04-05 20:40:00,593.72,593.83,593.48,593.5,157.008,93218.9028
BNBUSDT,1775389500000,2026-04-05 11:45:00,2026-04-05 20:45:00,593.51,593.73,593.43,593.73,79.051,46917.53558
BNBUSDT,1775389800000,2026-04-05 11:50:00,2026-04-05 20:50:00,593.73,593.89,593.73,593.8,79.308,47094.9041
BNBUSDT,1775390100000,2026-04-05 11:55:00,2026-04-05 20:55:00,593.8,594,593.8,593.98,213.691,126915.46702
BNBUSDT,1775390400000,2026-04-05 12:00:00,2026-04-05 21:00:00,593.97,593.98,593.18,593.19,186.295,110602.79915
BNBUSDT,1775390700000,2026-04-05 12:05:00,2026-04-05 21:05:00,593.18,593.68,593.18,593.48,146.873,87165.02594
BNBUSDT,1775391000000,2026-04-05 12:10:00,2026-04-05 21:10:00,593.47,593.48,592.77,592.87,309.147,183338.08307
BNBUSDT,1775391300000,2026-04-05 12:15:00,2026-04-05 21:15:00,592.87,593.09,592.54,592.77,490.285,290649.47184
BNBUSDT,1775391600000,2026-04-05 12:20:00,2026-04-05 21:20:00,592.77,593.01,592.51,592.52,477.151,282881.00743
BNBUSDT,1775391900000,2026-04-05 12:25:00,2026-04-05 21:25:00,592.52,592.68,592.33,592.34,456.596,270564.47805
BNBUSDT,1775392200000,2026-04-05 12:30:00,2026-04-05 21:30:00,592.35,592.53,591.03,591.18,812.833,480978.63322
BNBUSDT,1775392500000,2026-04-05 12:35:00,2026-04-05 21:35:00,591.18,591.37,590.42,590.71,572.795,338499.01555
BNBUSDT,1775392800000,2026-04-05 12:40:00,2026-04-05 21:40:00,590.71,590.95,590,590.2,459.647,271391.92627
BNBUSDT,1775393100000,2026-04-05 12:45:00,2026-04-05 21:45:00,590.2,590.2,589.05,589.38,454.579,267998.82442
BNBUSDT,1775393400000,2026-04-05 12:50:00,2026-04-05 21:50:00,589.38,589.96,589.37,589.66,524.557,309295.63495
BNBUSDT,1775393700000,2026-04-05 12:55:00,2026-04-05 21:55:00,589.66,589.86,589.57,589.58,298.814,176205.77685
BNBUSDT,1775394000000,2026-04-05 13:00:00,2026-04-05 22:00:00,589.57,589.64,589.08,589.47,634.889,374181.65065
BNBUSDT,1775394300000,2026-04-05 13:05:00,2026-04-05 22:05:00,589.47,589.58,589.06,589.38,359.367,211745.78247
BNBUSDT,1775394600000,2026-04-05 13:10:00,2026-04-05 22:10:00,589.38,589.64,588.15,588.29,584.25,344007.45179
BNBUSDT,1775394900000,2026-04-05 13:15:00,2026-04-05 22:15:00,588.29,588.64,587.99,588.64,409.296,240738.03234
BNBUSDT,1775395200000,2026-04-05 13:20:00,2026-04-05 22:20:00,588.63,589.18,588.55,588.94,246.351,145068.73984
BNBUSDT,1775395500000,2026-04-05 13:25:00,2026-04-05 22:25:00,588.93,589.12,587.39,587.52,812.537,478209.55903
BNBUSDT,1775395800000,2026-04-05 13:30:00,2026-04-05 22:30:00,587.52,588.02,587.13,587.76,708.309,416129.46338
BNBUSDT,1775396100000,2026-04-05 13:35:00,2026-04-05 22:35:00,587.77,588.08,587.53,588.08,284.504,167238.4076
BNBUSDT,1775396400000,2026-04-05 13:40:00,2026-04-05 22:40:00,588.07,588.37,588,588.28,247.452,145555.15885
BNBUSDT,1775396700000,2026-04-05 13:45:00,2026-04-05 22:45:00,588.29,588.69,588.29,588.51,149.665,88073.63926
BNBUSDT,1775397000000,2026-04-05 13:50:00,2026-04-05 22:50:00,588.5,589.22,588.5,588.97,159.023,93659.92929
BNBUSDT,1775397300000,2026-04-05 13:55:00,2026-04-05 22:55:00,588.96,589.44,588.88,589.1,358.972,211494.47409
BNBUSDT,1775397600000,2026-04-05 14:00:00,2026-04-05 23:00:00,589.09,590.31,588.88,590.19,521.765,307719.99383
BNBUSDT,1775397900000,2026-04-05 14:05:00,2026-04-05 23:05:00,590.2,590.2,589.58,589.86,173.524,102346.05694
BNBUSDT,1775398200000,2026-04-05 14:10:00,2026-04-05 23:10:00,589.85,590.1,589.45,589.69,241.621,142486.51223
BNBUSDT,1775398500000,2026-04-05 14:15:00,2026-04-05 23:15:00,589.68,589.76,589.26,589.36,232.719,137197.76817
BNBUSDT,1775398800000,2026-04-05 14:20:00,2026-04-05 23:20:00,589.37,589.49,589.13,589.48,160.51,94597.62408
BNBUSDT,1775399100000,2026-04-05 14:25:00,2026-04-05 23:25:00,589.48,589.84,589.48,589.5,112.921,66587.17691
BNBUSDT,1775399400000,2026-04-05 14:30:00,2026-04-05 23:30:00,589.5,589.92,589.49,589.83,203.419,119964.15108
BNBUSDT,1775399700000,2026-04-05 14:35:00,2026-04-05 23:35:00,589.82,590.31,589.82,590.12,321.676,189802.7625
BNBUSDT,1775400000000,2026-04-05 14:40:00,2026-04-05 23:40:00,590.12,590.95,590.04,590.41,618.908,365433.47561
BNBUSDT,1775400300000,2026-04-05 14:45:00,2026-04-05 23:45:00,590.41,590.41,589.4,589.52,237.165,139882.19842
BNBUSDT,1775400600000,2026-04-05 14:50:00,2026-04-05 23:50:00,589.52,589.62,589.5,589.5,118.23,69703.53037
BNBUSDT,1775400900000,2026-04-05 14:55:00,2026-04-05 23:55:00,589.5,589.58,589.32,589.5,122.072,71956.15628
BNBUSDT,1775401200000,2026-04-05 15:00:00,2026-04-06 00:00:00,589.5,589.72,589.21,589.21,396.491,233741.01246
BNBUSDT,1775401500000,2026-04-05 15:05:00,2026-04-06 00:05:00,589.21,589.6,588.53,589.6,190.623,112288.7005
BNBUSDT,1775401800000,2026-04-05 15:10:00,2026-04-06 00:10:00,589.6,590.17,589.6,590.09,165.337,97538.91183
BNBUSDT,1775402100000,2026-04-05 15:15:00,2026-04-06 00:15:00,590.09,590.71,590.08,590.55,239.379,141341.33061
BNBUSDT,1775402400000,2026-04-05 15:20:00,2026-04-06 00:20:00,590.55,590.62,590.33,590.57,98.858,58376.84082
BNBUSDT,1775402700000,2026-04-05 15:25:00,2026-04-06 00:25:00,590.57,595,590.57,594.21,2692.865,1597867.0091
BNBUSDT,1775403000000,2026-04-05 15:30:00,2026-04-06 00:30:00,594.22,596.42,593.55,593.85,2071.642,1232269.2563
BNBUSDT,1775403300000,2026-04-05 15:35:00,2026-04-06 00:35:00,593.85,594.13,593.6,593.82,320.521,190327.68228
BNBUSDT,1775403600000,2026-04-05 15:40:00,2026-04-06 00:40:00,593.82,593.91,592.99,593.9,772.144,458286.43322
BNBUSDT,1775403900000,2026-04-05 15:45:00,2026-04-06 00:45:00,593.91,593.95,593.07,593.42,168.208,99818.34388
BNBUSDT,1775404200000,2026-04-05 15:50:00,2026-04-06 00:50:00,593.41,593.88,593.41,593.49,223.201,132506.86157
BNBUSDT,1775404500000,2026-04-05 15:55:00,2026-04-06 00:55:00,593.48,593.49,592.92,593.13,234.521,139104.29487
BNBUSDT,1775404800000,2026-04-05 16:00:00,2026-04-06 01:00:00,593.13,593.69,593.13,593.5,163.654,97114.28369
BNBUSDT,1775405100000,2026-04-05 16:05:00,2026-04-06 01:05:00,593.51,593.59,592.47,592.95,251.938,149452.97283
BNBUSDT,1775405400000,2026-04-05 16:10:00,2026-04-06 01:10:00,592.95,593.28,592.79,592.92,191.175,113381.763
BNBUSDT,1775405700000,2026-04-05 16:15:00,2026-04-06 01:15:00,592.92,593.15,592.86,593.15,79.637,47220.7629
BNBUSDT,1775406000000,2026-04-05 16:20:00,2026-04-06 01:20:00,593.15,593.15,592.89,592.95,151.463,89822.26162
BNBUSDT,1775406300000,2026-04-05 16:25:00,2026-04-06 01:25:00,592.95,593.04,592.3,592.31,159.17,94353.99006
BNBUSDT,1775406600000,2026-04-05 16:30:00,2026-04-06 01:30:00,592.3,593.15,592.3,593.08,169.591,100524.04001
BNBUSDT,1775406900000,2026-04-05 16:35:00,2026-04-06 01:35:00,593.08,593.13,592.57,592.57,144.382,85614.989
BNBUSDT,1775407200000,2026-04-05 16:40:00,2026-04-06 01:40:00,592.58,593.21,592.3,593.04,297.816,176529.6513
BNBUSDT,1775407500000,2026-04-05 16:45:00,2026-04-06 01:45:00,593.04,593.07,592.77,592.91,155.794,92377.61718
BNBUSDT,1775407800000,2026-04-05 16:50:00,2026-04-06 01:50:00,592.91,593.2,592.7,592.77,104.753,62110.10932
BNBUSDT,1775408100000,2026-04-05 16:55:00,2026-04-06 01:55:00,592.77,592.91,592.71,592.9,112.762,66847.67432
BNBUSDT,1775408400000,2026-04-05 17:00:00,2026-04-06 02:00:00,592.91,593.07,592.36,592.69,156.181,92576.59325
BNBUSDT,1775408700000,2026-04-05 17:05:00,2026-04-06 02:05:00,592.69,593.35,592.6,593.22,214.364,127127.02614
BNBUSDT,1775409000000,2026-04-05 17:10:00,2026-04-06 02:10:00,593.22,593.49,593.07,593.15,170.325,101044.22178
BNBUSDT,1775409300000,2026-04-05 17:15:00,2026-04-06 02:15:00,593.15,593.25,592.32,592.33,162.008,96051.22561
BNBUSDT,1775409600000,2026-04-05 17:20:00,2026-04-06 02:20:00,592.32,592.33,591.77,592.28,196.997,116620.78824
BNBUSDT,1775409900000,2026-04-05 17:25:00,2026-04-06 02:25:00,592.28,593.31,592.28,593.15,198.01,117408.38054
BNBUSDT,1775410200000,2026-04-05 17:30:00,2026-04-06 02:30:00,593.15,593.18,592.86,592.91,165.794,98320.21199
BNBUSDT,1775410500000,2026-04-05 17:35:00,2026-04-06 02:35:00,592.9,593.12,592.85,593.07,86.153,51088.10975
BNBUSDT,1775410800000,2026-04-05 17:40:00,2026-04-06 02:40:00,593.06,593.22,592.88,593.21,134.11,79540.3358
BNBUSDT,1775411100000,2026-04-05 17:45:00,2026-04-06 02:45:00,593.21,593.46,592.8,592.87,244.531,145022.72289
BNBUSDT,1775411400000,2026-04-05 17:50:00,2026-04-06 02:50:00,592.86,593.12,592.48,592.77,169.404,100402.91624
BNBUSDT,1775411700000,2026-04-05 17:55:00,2026-04-06 02:55:00,592.77,593,592.71,592.99,76.695,45468.4773
BNBUSDT,1775412000000,2026-04-05 18:00:00,2026-04-06 03:00:00,593,593,592.01,592.29,157.237,93184.29489
BNBUSDT,1775412300000,2026-04-05 18:05:00,2026-04-06 03:05:00,592.3,592.59,592.2,592.37,104.444,61865.1728
BNBUSDT,1775412600000,2026-04-05 18:10:00,2026-04-06 03:10:00,592.37,592.47,591.98,592.46,99.855,59134.78407
BNBUSDT,1775412900000,2026-04-05 18:15:00,2026-04-06 03:15:00,592.45,592.62,592.28,592.34,100.357,59450.93485
BNBUSDT,1775413200000,2026-04-05 18:20:00,2026-04-06 03:20:00,592.34,592.62,592.34,592.61,69.517,41192.2007
BNBUSDT,1775413500000,2026-04-05 18:25:00,2026-04-06 03:25:00,592.61,592.68,592.5,592.58,103.708,61457.91753
BNBUSDT,1775413800000,2026-04-05 18:30:00,2026-04-06 03:30:00,592.59,593.59,592.59,593.4,149.487,88663.35675
BNBUSDT,1775414100000,2026-04-05 18:35:00,2026-04-06 03:35:00,593.4,593.61,593.31,593.61,97.483,57853.58355
BNBUSDT,1775414400000,2026-04-05 18:40:00,2026-04-06 03:40:00,593.6,593.63,593.15,593.22,312.517,185446.99611
BNBUSDT,1775414700000,2026-04-05 18:45:00,2026-04-06 03:45:00,593.22,593.27,592.92,592.92,108.952,64626.3007
BNBUSDT,1775415000000,2026-04-05 18:50:00,2026-04-06 03:50:00,592.92,592.93,592.71,592.72,39.983,23703.1681
BNBUSDT,1775415300000,2026-04-05 18:55:00,2026-04-06 03:55:00,592.72,592.72,591.84,592.2,559.692,331362.55322
BNBUSDT,1775415600000,2026-04-05 19:00:00,2026-04-06 04:00:00,592.2,592.2,591.81,591.89,167.492,99145.14187
BNBUSDT,1775415900000,2026-04-05 19:05:00,2026-04-06 04:05:00,591.89,592.21,591.89,592.13,73.044,43252.15184
BNBUSDT,1775416200000,2026-04-05 19:10:00,2026-04-06 04:10:00,592.13,592.31,592,592.2,127.058,75240.94964
BNBUSDT,1775416500000,2026-04-05 19:15:00,2026-04-06 04:15:00,592.21,593.21,592.1,593.2,216.445,128277.32535
BNBUSDT,1775416800000,2026-04-05 19:20:00,2026-04-06 04:20:00,593.21,593.52,592.93,593.51,202.529,120132.99237
BNBUSDT,1775417100000,2026-04-05 19:25:00,2026-04-06 04:25:00,593.52,593.59,593.34,593.35,117.771,69898.31865
BNBUSDT,1775417400000,2026-04-05 19:30:00,2026-04-06 04:30:00,593.35,593.35,592.94,593.12,390.578,231646.55886
BNBUSDT,1775417700000,2026-04-05 19:35:00,2026-04-06 04:35:00,593.11,593.12,592.29,592.29,124.459,73761.87873
BNBUSDT,1775418000000,2026-04-05 19:40:00,2026-04-06 04:40:00,592.29,592.3,591.86,591.87,133.979,79327.72933
BNBUSDT,1775418300000,2026-04-05 19:45:00,2026-04-06 04:45:00,591.87,591.99,591.71,591.74,166.993,98832.57607
BNBUSDT,1775418600000,2026-04-05 19:50:00,2026-04-06 04:50:00,591.75,592.01,591.67,592.01,64.145,37963.2034
BNBUSDT,1775418900000,2026-04-05 19:55:00,2026-04-06 04:55:00,592,592.56,592,592.53,62.241,36864.63324
BNBUSDT,1775419200000,2026-04-05 20:00:00,2026-04-06 05:00:00,592.53,592.53,591.81,591.81,153.105,90665.4241
BNBUSDT,1775419500000,2026-04-05 20:05:00,2026-04-06 05:05:00,591.81,592.06,591.57,591.77,84.615,50081.258
BNBUSDT,1775419800000,2026-04-05 20:10:00,2026-04-06 05:10:00,591.77,591.77,591.33,591.67,284.879,168523.01736
BNBUSDT,1775420100000,2026-04-05 20:15:00,2026-04-06 05:15:00,591.68,591.83,591.68,591.73,68.063,40275.74169
BNBUSDT,1775420400000,2026-04-05 20:20:00,2026-04-06 05:20:00,591.72,592.47,591.72,592.21,279.919,165733.68989
BNBUSDT,1775420700000,2026-04-05 20:25:00,2026-04-06 05:25:00,592.22,592.27,591.93,592.19,221.577,131191.19123
BNBUSDT,1775421000000,2026-04-05 20:30:00,2026-04-06 05:30:00,592.2,592.31,591.92,592.16,105.821,62658.21405
BNBUSDT,1775421300000,2026-04-05 20:35:00,2026-04-06 05:35:00,592.16,593.56,592.02,593.28,332.096,196926.87032
BNBUSDT,1775421600000,2026-04-05 20:40:00,2026-04-06 05:40:00,593.29,593.34,592.39,592.44,155.686,92328.49078
BNBUSDT,1775421900000,2026-04-05 20:45:00,2026-04-06 05:45:00,592.44,593.49,592.35,593.48,204.659,121352.38286
BNBUSDT,1775422200000,2026-04-05 20:50:00,2026-04-06 05:50:00,593.49,593.57,593.15,593.52,161.561,95856.22662
BNBUSDT,1775422500000,2026-04-05 20:55:00,2026-04-06 05:55:00,593.53,593.62,593.21,593.47,111.698,66289.3645
BNBUSDT,1775422800000,2026-04-05 21:00:00,2026-04-06 06:00:00,593.47,593.48,592.86,593.23,192.827,114379.03206
BNBUSDT,1775423100000,2026-04-05 21:05:00,2026-04-06 06:05:00,593.22,593.29,592.97,593.13,328.258,194690.57051
BNBUSDT,1775423400000,2026-04-05 21:10:00,2026-04-06 06:10:00,593.13,593.13,591.3,592.03,495.831,293595.09368
BNBUSDT,1775423700000,2026-04-05 21:15:00,2026-04-06 06:15:00,592.03,592.03,591.54,591.55,49.5,29292.34861
BNBUSDT,1775424000000,2026-04-05 21:20:00,2026-04-06 06:20:00,591.55,591.55,591.06,591.16,173.163,102395.50435
BNBUSDT,1775424300000,2026-04-05 21:25:00,2026-04-06 06:25:00,591.16,591.18,590.72,590.98,146.574,86617.33387
BNBUSDT,1775424600000,2026-04-05 21:30:00,2026-04-06 06:30:00,590.98,590.98,590.7,590.71,165.116,97556.20807
BNBUSDT,1775424900000,2026-04-05 21:35:00,2026-04-06 06:35:00,590.7,590.75,590.66,590.75,175.413,103618.22368
BNBUSDT,1775425200000,2026-04-05 21:40:00,2026-04-06 06:40:00,590.75,591.18,590.51,590.92,252.777,149364.53773
BNBUSDT,1775425500000,2026-04-05 21:45:00,2026-04-06 06:45:00,590.91,591.74,590.91,591.73,68.915,40754.21072
BNBUSDT,1775425800000,2026-04-05 21:50:00,2026-04-06 06:50:00,591.73,592.13,591.73,592.12,606.771,359151.25922
BNBUSDT,1775426100000,2026-04-05 21:55:00,2026-04-06 06:55:00,592.13,592.13,591.05,591.27,368.987,218329.06167
BNBUSDT,1775426400000,2026-04-05 22:00:00,2026-04-06 07:00:00,591.27,593.1,591.17,592.86,772.494,457464.27928
BNBUSDT,1775426700000,2026-04-05 22:05:00,2026-04-06 07:05:00,592.86,593.12,592.3,592.82,211.182,125182.13552
BNBUSDT,1775427000000,2026-04-05 22:10:00,2026-04-06 07:10:00,592.82,592.84,591.1,591.83,318.794,188632.81065
BNBUSDT,1775427300000,2026-04-05 22:15:00,2026-04-06 07:15:00,591.83,592.24,591.6,591.6,100.599,59552.24304
BNBUSDT,1775427600000,2026-04-05 22:20:00,2026-04-06 07:20:00,591.61,591.68,590.81,591.47,196.234,116030.89867
BNBUSDT,1775427900000,2026-04-05 22:25:00,2026-04-06 07:25:00,591.46,591.86,590.86,591.86,124.102,73382.11441
BNBUSDT,1775428200000,2026-04-05 22:30:00,2026-04-06 07:30:00,591.86,593.24,591.85,592.4,147.865,87628.81229
BNBUSDT,1775428500000,2026-04-05 22:35:00,2026-04-06 07:35:00,592.4,593.43,592.16,593.43,181.911,107844.12181
BNBUSDT,1775428800000,2026-04-05 22:40:00,2026-04-06 07:40:00,593.44,594.99,593.24,594.44,326.416,193996.97834
BNBUSDT,1775429100000,2026-04-05 22:45:00,2026-04-06 07:45:00,594.44,596.18,594.42,595.5,631.385,375939.15236
BNBUSDT,1775429400000,2026-04-05 22:50:00,2026-04-06 07:50:00,595.5,596.57,595.5,595.68,753.148,448882.70845
BNBUSDT,1775429700000,2026-04-05 22:55:00,2026-04-06 07:55:00,595.68,597.72,595.68,597.1,648.512,387253.0296
BNBUSDT,1775430000000,2026-04-05 23:00:00,2026-04-06 08:00:00,597.11,599,596.79,597.18,1555.765,930194.83571
BNBUSDT,1775430300000,2026-04-05 23:05:00,2026-04-06 08:05:00,597.18,599.63,597.18,598.48,834.951,499900.76299
BNBUSDT,1775430600000,2026-04-05 23:10:00,2026-04-06 08:10:00,598.49,599.82,598.29,599.82,570.674,341822.93132
BNBUSDT,1775430900000,2026-04-05 23:15:00,2026-04-06 08:15:00,599.81,602,599.7,601.81,2202.498,1323769.96386
BNBUSDT,1775431200000,2026-04-05 23:20:00,2026-04-06 08:20:00,601.82,603.5,601.09,601.57,1793.203,1080681.744
BNBUSDT,1775431500000,2026-04-05 23:25:00,2026-04-06 08:25:00,601.58,602.28,600.95,600.95,474.114,285183.16261
BNBUSDT,1775431800000,2026-04-05 23:30:00,2026-04-06 08:30:00,600.95,603.42,600.85,603.42,923.294,556188.14842
BNBUSDT,1775432100000,2026-04-05 23:35:00,2026-04-06 08:35:00,603.42,604.06,602.5,602.5,514.381,310428.43101
BNBUSDT,1775432400000,2026-04-05 23:40:00,2026-04-06 08:40:00,602.51,602.66,601.5,601.95,408.264,245861.23062
BNBUSDT,1775432700000,2026-04-05 23:45:00,2026-04-06 08:45:00,601.96,602.66,601.78,601.79,145.896,87873.27559
BNBUSDT,1775433000000,2026-04-05 23:50:00,2026-04-06 08:50:00,601.8,602.26,601.27,601.69,525.825,316359.98275
BNBUSDT,1775433300000,2026-04-05 23:55:00,2026-04-06 08:55:00,601.7,601.94,601.38,601.5,167.914,101014.44847
BNBUSDT,1775433600000,2026-04-06 00:00:00,2026-04-06 09:00:00,601.5,607.66,601.5,605.59,3459.275,2094705.29706
BNBUSDT,1775433900000,2026-04-06 00:05:00,2026-04-06 09:05:00,605.59,606.73,605.28,605.36,645.368,391179.15697
BNBUSDT,1775434200000,2026-04-06 00:10:00,2026-04-06 09:10:00,605.37,605.39,604.31,604.6,640.435,387265.77236
BNBUSDT,1775434500000,2026-04-06 00:15:00,2026-04-06 09:15:00,604.6,605.51,604.44,604.72,590.509,357259.53335
BNBUSDT,1775434800000,2026-04-06 00:20:00,2026-04-06 09:20:00,604.72,604.97,603.5,604.86,539.698,326100.89445
BNBUSDT,1775435100000,2026-04-06 00:25:00,2026-04-06 09:25:00,604.86,605.02,603.97,604.24,400.389,242030.7452
BNBUSDT,1775435400000,2026-04-06 00:30:00,2026-04-06 09:30:00,604.25,605.01,603.33,603.34,1455.378,879633.83665
BNBUSDT,1775435700000,2026-04-06 00:35:00,2026-04-06 09:35:00,603.34,604.31,602.97,604.23,326.923,197315.05215
BNBUSDT,1775436000000,2026-04-06 00:40:00,2026-04-06 09:40:00,604.24,605.9,604.18,605.1,810.416,490310.42938
BNBUSDT,1775436300000,2026-04-06 00:45:00,2026-04-06 09:45:00,605.1,605.35,604.33,604.33,196.865,119073.73859
BNBUSDT,1775436600000,2026-04-06 00:50:00,2026-04-06 09:50:00,604.34,604.67,603.69,603.7,136.599,82543.52847
BNBUSDT,1775436900000,2026-04-06 00:55:00,2026-04-06 09:55:00,603.69,603.99,603.25,603.44,464.8,280526.1022
BNBUSDT,1775437200000,2026-04-06 01:00:00,2026-04-06 10:00:00,603.45,603.76,602.16,602.32,486.178,293107.71978
BNBUSDT,1775437500000,2026-04-06 01:05:00,2026-04-06 10:05:00,602.33,602.68,601.9,602.32,368.136,221720.1522
BNBUSDT,1775437800000,2026-04-06 01:10:00,2026-04-06 10:10:00,602.31,602.6,601.4,601.41,543.664,327351.13267
BNBUSDT,1775438100000,2026-04-06 01:15:00,2026-04-06 10:15:00,601.4,601.44,600.88,601.41,941.005,565721.60599
BNBUSDT,1775438400000,2026-04-06 01:20:00,2026-04-06 10:20:00,601.41,602.04,601.06,601.41,298.236,179376.66939
BNBUSDT,1775438700000,2026-04-06 01:25:00,2026-04-06 10:25:00,601.4,601.94,601.4,601.77,210.696,126773.39838
BNBUSDT,1775439000000,2026-04-06 01:30:00,2026-04-06 10:30:00,601.77,601.94,600.5,600.93,465.428,279718.16184
BNBUSDT,1775439300000,2026-04-06 01:35:00,2026-04-06 10:35:00,600.93,601.63,600.73,601.37,236.169,141959.70083
BNBUSDT,1775439600000,2026-04-06 01:40:00,2026-04-06 10:40:00,601.36,601.36,600.6,600.68,306.042,183881.81545
BNBUSDT,1775439900000,2026-04-06 01:45:00,2026-04-06 10:45:00,600.69,601.48,600.69,601.03,205.599,123591.62426
BNBUSDT,1775440200000,2026-04-06 01:50:00,2026-04-06 10:50:00,601.03,601.71,600.91,600.91,228.861,137638.47395
BNBUSDT,1775440500000,2026-04-06 01:55:00,2026-04-06 10:55:00,600.92,601.23,600.43,600.73,365.729,219740.1703
BNBUSDT,1775440800000,2026-04-06 02:00:00,2026-04-06 11:00:00,600.73,601.63,600.6,601.63,364.248,218988.40934
BNBUSDT,1775441100000,2026-04-06 02:05:00,2026-04-06 11:05:00,601.62,602,601.02,601.86,343.702,206777.78017
BNBUSDT,1775441400000,2026-04-06 02:10:00,2026-04-06 11:10:00,601.85,605.02,601.55,603.54,1372.42,828269.02519
BNBUSDT,1775441700000,2026-04-06 02:15:00,2026-04-06 11:15:00,603.54,604.44,603.07,604.06,254.187,153468.12241
BNBUSDT,1775442000000,2026-04-06 02:20:00,2026-04-06 11:20:00,604.07,604.43,603.56,603.74,188.981,114137.57008
BNBUSDT,1775442300000,2026-04-06 02:25:00,2026-04-06 11:25:00,603.74,603.76,603.06,603.63,249.401,150496.67921
BNBUSDT,1775442600000,2026-04-06 02:30:00,2026-04-06 11:30:00,603.64,604.6,603.57,604.38,423.957,256138.3795
BNBUSDT,1775442900000,2026-04-06 02:35:00,2026-04-06 11:35:00,604.39,604.49,603.3,603.72,299.747,180984.6282
BNBUSDT,1775443200000,2026-04-06 02:40:00,2026-04-06 11:40:00,603.72,603.72,602.92,602.96,121.108,73045.6565
BNBUSDT,1775443500000,2026-04-06 02:45:00,2026-04-06 11:45:00,602.97,603.53,602.97,603.07,164.431,99204.82369
BNBUSDT,1775443800000,2026-04-06 02:50:00,2026-04-06 11:50:00,603.06,603.52,603,603.18,148.314,89467.85138
BNBUSDT,1775444100000,2026-04-06 02:55:00,2026-04-06 11:55:00,603.17,603.26,602.91,602.98,152.734,92116.03024
BNBUSDT,1775444400000,2026-04-06 03:00:00,2026-04-06 12:00:00,602.98,603.07,602.66,602.91,225.758,136112.37675
BNBUSDT,1775444700000,2026-04-06 03:05:00,2026-04-06 12:05:00,602.92,603.09,602.27,602.36,130.089,78398.36627
BNBUSDT,1775445000000,2026-04-06 03:10:00,2026-04-06 12:10:00,602.36,602.91,601.99,602,543.545,327494.29013
BNBUSDT,1775445300000,2026-04-06 03:15:00,2026-04-06 12:15:00,601.99,602.31,601.4,601.53,385.28,231897.85696
BNBUSDT,1775445600000,2026-04-06 03:20:00,2026-04-06 12:20:00,601.52,602.28,601.32,602.05,227.843,137109.26379
BNBUSDT,1775445900000,2026-04-06 03:25:00,2026-04-06 12:25:00,602.06,602.2,601.84,601.89,77.338,46558.9231
BNBUSDT,1775446200000,2026-04-06 03:30:00,2026-04-06 12:30:00,601.89,602,601.56,601.61,397.855,239422.61985
BNBUSDT,1775446500000,2026-04-06 03:35:00,2026-04-06 12:35:00,601.6,601.75,601.09,601.1,196.298,118050.3389
BNBUSDT,1775446800000,2026-04-06 03:40:00,2026-04-06 12:40:00,601.1,601.1,600.59,600.87,445.47,267638.2412
BNBUSDT,1775447100000,2026-04-06 03:45:00,2026-04-06 12:45:00,600.87,601.2,600.73,600.98,265.688,159665.37788
BNBUSDT,1775447400000,2026-04-06 03:50:00,2026-04-06 12:50:00,600.99,601.14,600.21,600.31,307.177,184509.98746
BNBUSDT,1775447700000,2026-04-06 03:55:00,2026-04-06 12:55:00,600.3,600.61,600.1,600.61,199.731,119907.4857
BNBUSDT,1775448000000,2026-04-06 04:00:00,2026-04-06 13:00:00,600.62,601.42,600.62,601.36,438.608,263664.16821
BNBUSDT,1775448300000,2026-04-06 04:05:00,2026-04-06 13:05:00,601.37,601.45,599.88,599.95,493.692,296389.41783
BNBUSDT,1775448600000,2026-04-06 04:10:00,2026-04-06 13:10:00,599.95,600.07,599.66,600.06,204.163,122477.695
BNBUSDT,1775448900000,2026-04-06 04:15:00,2026-04-06 13:15:00,600.07,600.07,598.66,599.29,642.267,385066.12578
BNBUSDT,1775449200000,2026-04-06 04:20:00,2026-04-06 13:20:00,599.29,599.42,598.63,599.4,341.004,204296.48102
BNBUSDT,1775449500000,2026-04-06 04:25:00,2026-04-06 13:25:00,599.4,599.74,599.35,599.64,314.906,188812.14188
BNBUSDT,1775449800000,2026-04-06 04:30:00,2026-04-06 13:30:00,599.63,600.06,599.63,600.06,1262.933,757713.97104
BNBUSDT,1775450100000,2026-04-06 04:35:00,2026-04-06 13:35:00,600.05,600.72,600.05,600.59,339.348,203754.31421
BNBUSDT,1775450400000,2026-04-06 04:40:00,2026-04-06 13:40:00,600.59,600.71,600.38,600.49,338.335,203187.6129
BNBUSDT,1775450700000,2026-04-06 04:45:00,2026-04-06 13:45:00,600.5,600.62,599.97,599.97,264.157,158558.41659
BNBUSDT,1775451000000,2026-04-06 04:50:00,2026-04-06 13:50:00,599.98,600.22,599.92,600.22,222.547,133536.30072
BNBUSDT,1775451300000,2026-04-06 04:55:00,2026-04-06 13:55:00,600.22,600.29,599.99,599.99,141.206,84744.96591
BNBUSDT,1775451600000,2026-04-06 05:00:00,2026-04-06 14:00:00,599.99,600.3,599.86,600.3,195.329,117207.7795
BNBUSDT,1775451900000,2026-04-06 05:05:00,2026-04-06 14:05:00,600.3,600.49,600,600.48,230.103,138133.41549
BNBUSDT,1775452200000,2026-04-06 05:10:00,2026-04-06 14:10:00,600.48,600.64,600.12,600.58,140.417,84307.03536
BNBUSDT,1775452500000,2026-04-06 05:15:00,2026-04-06 14:15:00,600.58,601.03,600.58,600.97,114.644,68885.73236
BNBUSDT,1775452800000,2026-04-06 05:20:00,2026-04-06 14:20:00,600.96,601.34,600.96,601.01,233.344,140285.88921
BNBUSDT,1775453100000,2026-04-06 05:25:00,2026-04-06 14:25:00,601.01,601.01,600.36,600.74,160.961,96679.48262
BNBUSDT,1775453400000,2026-04-06 05:30:00,2026-04-06 14:30:00,600.74,600.9,600.59,600.89,167.677,100726.43314
BNBUSDT,1775453700000,2026-04-06 05:35:00,2026-04-06 14:35:00,600.89,600.9,600.59,600.81,126.888,76230.93774
BNBUSDT,1775454000000,2026-04-06 05:40:00,2026-04-06 14:40:00,600.82,600.95,600.76,600.94,143.508,86230.33452
BNBUSDT,1775454300000,2026-04-06 05:45:00,2026-04-06 14:45:00,600.95,601.21,600.85,600.86,248.995,149662.03799
BNBUSDT,1775454600000,2026-04-06 05:50:00,2026-04-06 14:50:00,600.85,601.37,600.85,601.3,157.93,94937.61798
BNBUSDT,1775454900000,2026-04-06 05:55:00,2026-04-06 14:55:00,601.3,602.96,601.23,601.99,1397.187,841435.75794
BNBUSDT,1775455200000,2026-04-06 06:00:00,2026-04-06 15:00:00,601.99,602.53,601.71,602.52,564.754,340093.50488
BNBUSDT,1775455500000,2026-04-06 06:05:00,2026-04-06 15:05:00,602.53,603.85,602.53,603.53,867.31,523309.48314
BNBUSDT,1775455800000,2026-04-06 06:10:00,2026-04-06 15:10:00,603.54,604.19,603.17,603.57,516.032,311497.30075
BNBUSDT,1775456100000,2026-04-06 06:15:00,2026-04-06 15:15:00,603.56,603.57,602.23,602.23,498.612,300566.96648
BNBUSDT,1775456400000,2026-04-06 06:20:00,2026-04-06 15:20:00,602.23,602.23,600.9,601.16,412.393,248014.12017
BNBUSDT,1775456700000,2026-04-06 06:25:00,2026-04-06 15:25:00,601.16,601.24,600.01,600.39,378.871,227538.90046
BNBUSDT,1775457000000,2026-04-06 06:30:00,2026-04-06 15:30:00,600.39,600.57,600,600.26,191.497,114957.69391
BNBUSDT,1775457300000,2026-04-06 06:35:00,2026-04-06 15:35:00,600.26,600.57,600.24,600.49,157.445,94528.06893
BNBUSDT,1775457600000,2026-04-06 06:40:00,2026-04-06 15:40:00,600.49,601.28,600.18,600.85,377.332,226679.93287
BNBUSDT,1775457900000,2026-04-06 06:45:00,2026-04-06 15:45:00,600.84,601.42,600.7,601.38,189.915,114156.83919
BNBUSDT,1775458200000,2026-04-06 06:50:00,2026-04-06 15:50:00,601.37,602.71,601.25,601.5,866.514,521717.56189
BNBUSDT,1775458500000,2026-04-06 06:55:00,2026-04-06 15:55:00,601.49,601.67,601.18,601.36,189.273,113849.10548
BNBUSDT,1775458800000,2026-04-06 07:00:00,2026-04-06 16:00:00,601.36,601.44,600.52,600.53,172.746,103831.51856
BNBUSDT,1775459100000,2026-04-06 07:05:00,2026-04-06 16:05:00,600.53,600.53,600.13,600.14,195.521,117371.03601
BNBUSDT,1775459400000,2026-04-06 07:10:00,2026-04-06 16:10:00,600.13,600.6,600.13,600.36,337.056,202369.67411
BNBUSDT,1775459700000,2026-04-06 07:15:00,2026-04-06 16:15:00,600.37,601.2,600.36,601.09,198.538,119315.47755
BNBUSDT,1775460000000,2026-04-06 07:20:00,2026-04-06 16:20:00,601.09,604.28,600.92,603.88,1952.365,1177163.15718
BNBUSDT,1775460300000,2026-04-06 07:25:00,2026-04-06 16:25:00,603.88,604.08,603.58,603.58,397.134,239800.94997
BNBUSDT,1775460600000,2026-04-06 07:30:00,2026-04-06 16:30:00,603.58,603.59,602.91,603.02,313.914,189386.68195
BNBUSDT,1775460900000,2026-04-06 07:35:00,2026-04-06 16:35:00,603.01,603.66,602.77,602.83,424.353,255995.03373
BNBUSDT,1775461200000,2026-04-06 07:40:00,2026-04-06 16:40:00,602.83,602.84,602.01,602.02,345.919,208375.56222
BNBUSDT,1775461500000,2026-04-06 07:45:00,2026-04-06 16:45:00,602.02,602.8,601.89,602.8,370.608,223152.09558
BNBUSDT,1775461800000,2026-04-06 07:50:00,2026-04-06 16:50:00,602.79,604.47,602.79,604.07,382.538,230958.02679
BNBUSDT,1775462100000,2026-04-06 07:55:00,2026-04-06 16:55:00,604.08,604.11,603.8,603.8,219.951,132844.40479
BNBUSDT,1775462400000,2026-04-06 08:00:00,2026-04-06 17:00:00,603.81,604.64,603.81,603.93,426.319,257588.95019
BNBUSDT,1775462700000,2026-04-06 08:05:00,2026-04-06 17:05:00,603.93,604.41,603.78,604.18,387.002,233784.24462
BNBUSDT,1775463000000,2026-04-06 08:10:00,2026-04-06 17:10:00,604.18,604.46,604.17,604.36,139.635,84386.34284
BNBUSDT,1775463300000,2026-04-06 08:15:00,2026-04-06 17:15:00,604.36,604.6,604.15,604.36,155.364,93893.26048
BNBUSDT,1775463600000,2026-04-06 08:20:00,2026-04-06 17:20:00,604.37,604.83,604.07,604.53,305.86,184880.71558
BNBUSDT,1775463900000,2026-04-06 08:25:00,2026-04-06 17:25:00,604.54,604.75,603.88,604.17,305.727,184715.94184
BNBUSDT,1775464200000,2026-04-06 08:30:00,2026-04-06 17:30:00,604.18,604.4,604.14,604.24,290.87,175761.40111
BNBUSDT,1775464500000,2026-04-06 08:35:00,2026-04-06 17:35:00,604.23,605.32,604.08,604.34,621.753,375954.11023
BNBUSDT,1775464800000,2026-04-06 08:40:00,2026-04-06 17:40:00,604.33,604.6,604.05,604.42,265.14,160229.46103
BNBUSDT,1775465100000,2026-04-06 08:45:00,2026-04-06 17:45:00,604.41,604.59,604.15,604.49,221.663,133964.58812
BNBUSDT,1775465400000,2026-04-06 08:50:00,2026-04-06 17:50:00,604.49,604.5,604.14,604.47,234.61,141774.47443
BNBUSDT,1775465700000,2026-04-06 08:55:00,2026-04-06 17:55:00,604.48,604.65,604.18,604.18,176.697,106809.21665
BNBUSDT,1775466000000,2026-04-06 09:00:00,2026-04-06 18:00:00,604.19,604.43,604.05,604.28,306.393,185125.76071
BNBUSDT,1775466300000,2026-04-06 09:05:00,2026-04-06 18:05:00,604.29,604.89,604.28,604.89,188.604,114030.14755
BNBUSDT,1775466600000,2026-04-06 09:10:00,2026-04-06 18:10:00,604.89,607.3,604.89,606.47,960.913,582362.95998
BNBUSDT,1775466900000,2026-04-06 09:15:00,2026-04-06 18:15:00,606.47,608.61,606.47,608.42,1140.023,692927.78047
BNBUSDT,1775467200000,2026-04-06 09:20:00,2026-04-06 18:20:00,608.41,610.29,607.87,608.54,1817.438,1107234.49121
BNBUSDT,1775467500000,2026-04-06 09:25:00,2026-04-06 18:25:00,608.54,608.64,607.24,607.42,498.432,302868.1305
BNBUSDT,1775467800000,2026-04-06 09:30:00,2026-04-06 18:30:00,607.42,608.25,607.16,607.44,697.898,424098.01204
BNBUSDT,1775468100000,2026-04-06 09:35:00,2026-04-06 18:35:00,607.45,607.45,606.66,607.05,455.472,276519.07735
BNBUSDT,1775468400000,2026-04-06 09:40:00,2026-04-06 18:40:00,607.06,608,606.48,607.35,742.338,450786.55032
BNBUSDT,1775468700000,2026-04-06 09:45:00,2026-04-06 18:45:00,607.35,607.57,607.34,607.35,304.136,184743.51498
BNBUSDT,1775469000000,2026-04-06 09:50:00,2026-04-06 18:50:00,607.35,607.35,606.41,606.6,312.67,189747.68803
BNBUSDT,1775469300000,2026-04-06 09:55:00,2026-04-06 18:55:00,606.6,607.18,606.6,606.98,249.272,151294.0628
BNBUSDT,1775469600000,2026-04-06 10:00:00,2026-04-06 19:00:00,606.99,607.73,606.99,607.68,229.279,139284.47437
BNBUSDT,1775469900000,2026-04-06 10:05:00,2026-04-06 19:05:00,607.67,607.68,607.48,607.6,137.196,83352.83541
BNBUSDT,1775470200000,2026-04-06 10:10:00,2026-04-06 19:10:00,607.61,607.74,607.16,607.33,163.871,99569.62995
BNBUSDT,1775470500000,2026-04-06 10:15:00,2026-04-06 19:15:00,607.33,607.4,606.96,607.07,155.832,94623.64775
BNBUSDT,1775470800000,2026-04-06 10:20:00,2026-04-06 19:20:00,607.08,607.68,607,607.45,150.203,91220.41211
BNBUSDT,1775471100000,2026-04-06 10:25:00,2026-04-06 19:25:00,607.44,607.44,606.81,607.06,131.219,79653.0892
BNBUSDT,1775471400000,2026-04-06 10:30:00,2026-04-06 19:30:00,607.07,607.46,607.02,607.3,279.719,169855.44325
BNBUSDT,1775471700000,2026-04-06 10:35:00,2026-04-06 19:35:00,607.3,607.9,607.18,607.34,509.921,309769.16494
BNBUSDT,1775472000000,2026-04-06 10:40:00,2026-04-06 19:40:00,607.34,607.44,606.87,607.06,194.313,117968.59137
BNBUSDT,1775472300000,2026-04-06 10:45:00,2026-04-06 19:45:00,607.05,607.11,605.59,606.63,722.98,438302.38908
BNBUSDT,1775472600000,2026-04-06 10:50:00,2026-04-06 19:50:00,606.64,606.64,605.97,606.05,383.124,232261.86608
BNBUSDT,1775472900000,2026-04-06 10:55:00,2026-04-06 19:55:00,606.06,606.62,605.92,606.61,237.505,143962.3092
BNBUSDT,1775473200000,2026-04-06 11:00:00,2026-04-06 20:00:00,606.61,606.61,605.67,605.71,633.314,383823.11536
BNBUSDT,1775473500000,2026-04-06 11:05:00,2026-04-06 20:05:00,605.71,606.06,605.28,605.86,328.983,199239.33337
BNBUSDT,1775473800000,2026-04-06 11:10:00,2026-04-06 20:10:00,605.87,606,605.17,605.37,312.046,188929.96375
BNBUSDT,1775474100000,2026-04-06 11:15:00,2026-04-06 20:15:00,605.37,605.88,605.37,605.74,149.895,90775.49681
BNBUSDT,1775474400000,2026-04-06 11:20:00,2026-04-06 20:20:00,605.75,605.75,605.35,605.52,248.936,150734.2309
BNBUSDT,1775474700000,2026-04-06 11:25:00,2026-04-06 20:25:00,605.52,605.82,605.34,605.79,148.066,89672.45296
BNBUSDT,1775475000000,2026-04-06 11:30:00,2026-04-06 20:30:00,605.79,605.82,605.48,605.67,183.74,111289.8818
BNBUSDT,1775475300000,2026-04-06 11:35:00,2026-04-06 20:35:00,605.68,605.68,605.25,605.29,148.803,90087.34916
BNBUSDT,1775475600000,2026-04-06 11:40:00,2026-04-06 20:40:00,605.28,605.62,605.25,605.41,192.771,116702.69491
BNBUSDT,1775475900000,2026-04-06 11:45:00,2026-04-06 20:45:00,605.42,605.69,605.14,605.31,210.016,127164.47571
BNBUSDT,1775476200000,2026-04-06 11:50:00,2026-04-06 20:50:00,605.32,605.6,605.32,605.48,218.709,132429.14683
BNBUSDT,1775476500000,2026-04-06 11:55:00,2026-04-06 20:55:00,605.49,605.49,605.01,605.36,146.099,88415.78465
BNBUSDT,1775476800000,2026-04-06 12:00:00,2026-04-06 21:00:00,605.36,605.63,605.12,605.29,107.586,65130.26255
BNBUSDT,1775477100000,2026-04-06 12:05:00,2026-04-06 21:05:00,605.29,605.4,605.01,605.02,345.156,208912.96794
BNBUSDT,1775477400000,2026-04-06 12:10:00,2026-04-06 21:10:00,605.01,605.02,604.66,604.79,230.086,139178.70321
BNBUSDT,1775477700000,2026-04-06 12:15:00,2026-04-06 21:15:00,604.78,605.01,604.47,604.92,356.986,215890.88845
BNBUSDT,1775478000000,2026-04-06 12:20:00,2026-04-06 21:20:00,604.92,604.92,604.45,604.45,132.353,80028.35894
BNBUSDT,1775478300000,2026-04-06 12:25:00,2026-04-06 21:25:00,604.45,604.8,604.4,604.43,379.832,229652.56807
BNBUSDT,1775478600000,2026-04-06 12:30:00,2026-04-06 21:30:00,604.43,604.56,604.19,604.43,238.473,144121.97465
BNBUSDT,1775478900000,2026-04-06 12:35:00,2026-04-06 21:35:00,604.42,604.92,604.3,604.84,348.359,210582.45222
BNBUSDT,1775479200000,2026-04-06 12:40:00,2026-04-06 21:40:00,604.84,604.89,604.46,604.68,152.175,92017.95546
BNBUSDT,1775479500000,2026-04-06 12:45:00,2026-04-06 21:45:00,604.68,605.26,604.57,604.57,246.852,149342.85983
BNBUSDT,1775479800000,2026-04-06 12:50:00,2026-04-06 21:50:00,604.58,604.86,604.42,604.62,317.749,192123.18317
BNBUSDT,1775480100000,2026-04-06 12:55:00,2026-04-06 21:55:00,604.62,604.73,604.11,604.33,279.367,168846.72262
BNBUSDT,1775480400000,2026-04-06 13:00:00,2026-04-06 22:00:00,604.34,604.85,604.13,604.79,333.195,201419.72905
BNBUSDT,1775480700000,2026-04-06 13:05:00,2026-04-06 22:05:00,604.79,604.93,604.63,604.93,168.029,101617.47091
BNBUSDT,1775481000000,2026-04-06 13:10:00,2026-04-06 22:10:00,604.93,605,604.88,604.99,190.661,115336.01935
BNBUSDT,1775481300000,2026-04-06 13:15:00,2026-04-06 22:15:00,605,605.15,604.45,604.56,319.595,193307.25323
BNBUSDT,1775481600000,2026-04-06 13:20:00,2026-04-06 22:20:00,604.56,604.82,604.23,604.81,218.198,131900.51422
BNBUSDT,1775481900000,2026-04-06 13:25:00,2026-04-06 22:25:00,604.82,605.29,604.81,605.29,189.43,114613.31897
BNBUSDT,1775482200000,2026-04-06 13:30:00,2026-04-06 22:30:00,605.29,606.4,605.2,606.4,541.858,328201.96897
BNBUSDT,1775482500000,2026-04-06 13:35:00,2026-04-06 22:35:00,606.4,606.66,604.7,605.37,641.211,388389.36527
BNBUSDT,1775482800000,2026-04-06 13:40:00,2026-04-06 22:40:00,605.38,606.57,605.08,606.01,406.606,246344.60849
BNBUSDT,1775483100000,2026-04-06 13:45:00,2026-04-06 22:45:00,606.01,606.47,605.74,606.07,579.587,351257.10543
BNBUSDT,1775483400000,2026-04-06 13:50:00,2026-04-06 22:50:00,606.07,606.96,605.88,606.49,549.677,333394.80151
BNBUSDT,1775483700000,2026-04-06 13:55:00,2026-04-06 22:55:00,606.49,606.49,605.37,605.57,272.937,165352.09688
BNBUSDT,1775484000000,2026-04-06 14:00:00,2026-04-06 23:00:00,605.57,607.49,604.86,604.96,1229.52,744815.51582
BNBUSDT,1775484300000,2026-04-06 14:05:00,2026-04-06 23:05:00,604.96,605.85,604.96,605.79,262.923,159217.71226
BNBUSDT,1775484600000,2026-04-06 14:10:00,2026-04-06 23:10:00,605.8,606.21,605.31,606.21,362.066,219336.64498
BNBUSDT,1775484900000,2026-04-06 14:15:00,2026-04-06 23:15:00,606.22,606.84,605.95,606.66,244.783,148445.8619
BNBUSDT,1775485200000,2026-04-06 14:20:00,2026-04-06 23:20:00,606.67,608.13,606.66,607,1291.165,784186.64194
BNBUSDT,1775485500000,2026-04-06 14:25:00,2026-04-06 23:25:00,607.01,607.14,606.61,606.89,373.325,226562.37253
BNBUSDT,1775485800000,2026-04-06 14:30:00,2026-04-06 23:30:00,606.88,607.69,606.71,607.59,264.673,160722.01297
BNBUSDT,1775486100000,2026-04-06 14:35:00,2026-04-06 23:35:00,607.59,608.5,605.6,605.81,1446.015,878247.20813
BNBUSDT,1775486400000,2026-04-06 14:40:00,2026-04-06 23:40:00,605.82,606.69,605.62,606.08,342.062,207328.84435
BNBUSDT,1775486700000,2026-04-06 14:45:00,2026-04-06 23:45:00,606.07,606.07,605.13,605.3,284.9,172534.34407
BNBUSDT,1775487000000,2026-04-06 14:50:00,2026-04-06 23:50:00,605.31,606.89,605.31,606.76,403.377,244566.99691
BNBUSDT,1775487300000,2026-04-06 14:55:00,2026-04-06 23:55:00,606.76,607.28,606.54,607.09,211.481,128344.99262
BNBUSDT,1775487600000,2026-04-06 15:00:00,2026-04-07 00:00:00,607.09,608.15,607.08,607.64,297.442,180707.54438
BNBUSDT,1775487900000,2026-04-06 15:05:00,2026-04-07 00:05:00,607.64,607.77,606.98,607.56,365.739,222148.35413
BNBUSDT,1775488200000,2026-04-06 15:10:00,2026-04-07 00:10:00,607.56,608.17,606.95,607.68,392.953,238735.3594
BNBUSDT,1775488500000,2026-04-06 15:15:00,2026-04-07 00:15:00,607.68,607.88,607,607.01,340.104,206612.06725
BNBUSDT,1775488800000,2026-04-06 15:20:00,2026-04-07 00:20:00,607.01,607.47,606.71,607.3,259.564,157579.90934
BNBUSDT,1775489100000,2026-04-06 15:25:00,2026-04-07 00:25:00,607.3,607.61,606.87,607.5,198.312,120422.22936
BNBUSDT,1775489400000,2026-04-06 15:30:00,2026-04-07 00:30:00,607.5,607.9,607.24,607.39,300.286,182459.43192
BNBUSDT,1775489700000,2026-04-06 15:35:00,2026-04-07 00:35:00,607.39,608.21,607.33,608.16,204.578,124339.8985
BNBUSDT,1775490000000,2026-04-06 15:40:00,2026-04-07 00:40:00,608.16,608.74,607.91,608.64,336.456,204682.91917
BNBUSDT,1775490300000,2026-04-06 15:45:00,2026-04-07 00:45:00,608.63,608.64,608.01,608.43,255.229,155257.59759
BNBUSDT,1775490600000,2026-04-06 15:50:00,2026-04-07 00:50:00,608.43,608.74,608.32,608.46,189.482,115310.49593
BNBUSDT,1775490900000,2026-04-06 15:55:00,2026-04-07 00:55:00,608.47,608.47,608.18,608.45,231.58,140875.2562
BNBUSDT,1775491200000,2026-04-06 16:00:00,2026-04-07 01:00:00,608.45,608.66,608.12,608.28,383.576,233372.57576
BNBUSDT,1775491500000,2026-04-06 16:05:00,2026-04-07 01:05:00,608.28,608.28,607.59,607.6,389.574,236840.73218
BNBUSDT,1775491800000,2026-04-06 16:10:00,2026-04-07 01:10:00,607.59,608.43,607.52,608.38,202.4,123041.69387
BNBUSDT,1775492100000,2026-04-06 16:15:00,2026-04-07 01:15:00,608.38,608.47,607.29,607.91,147.353,89578.6446
BNBUSDT,1775492400000,2026-04-06 16:20:00,2026-04-07 01:20:00,607.9,607.91,607.06,607.78,734.124,445959.78858
BNBUSDT,1775492700000,2026-04-06 16:25:00,2026-04-07 01:25:00,607.78,607.8,607.37,607.38,179.165,108875.01756
BNBUSDT,1775493000000,2026-04-06 16:30:00,2026-04-07 01:30:00,607.38,607.79,607.28,607.79,174.407,105955.48867
BNBUSDT,1775493300000,2026-04-06 16:35:00,2026-04-07 01:35:00,607.79,608.16,607.74,607.86,151.915,92356.67428
BNBUSDT,1775493600000,2026-04-06 16:40:00,2026-04-07 01:40:00,607.85,608.39,607.8,608.39,155.784,94749.21137
BNBUSDT,1775493900000,2026-04-06 16:45:00,2026-04-07 01:45:00,608.4,609,607.99,608.1,1100.244,669466.77325
BNBUSDT,1775494200000,2026-04-06 16:50:00,2026-04-07 01:50:00,608.11,608.11,606.87,606.89,285.432,173423.98347
BNBUSDT,1775494500000,2026-04-06 16:55:00,2026-04-07 01:55:00,606.88,606.93,605.61,605.65,745.349,451697.22794
BNBUSDT,1775494800000,2026-04-06 17:00:00,2026-04-07 02:00:00,605.65,605.65,603.57,604.32,1289.725,779470.78032
BNBUSDT,1775495100000,2026-04-06 17:05:00,2026-04-07 02:05:00,604.32,605,604.12,604.8,402.255,243171.49402
BNBUSDT,1775495400000,2026-04-06 17:10:00,2026-04-07 02:10:00,604.8,604.84,602.98,603.3,697.598,421208.96862
BNBUSDT,1775495700000,2026-04-06 17:15:00,2026-04-07 02:15:00,603.3,603.82,602.95,603.39,503.053,303533.28329
BNBUSDT,1775496000000,2026-04-06 17:20:00,2026-04-07 02:20:00,603.39,604.3,603.25,604.3,344.083,207764.19474
BNBUSDT,1775496300000,2026-04-06 17:25:00,2026-04-07 02:25:00,604.3,604.83,604.3,604.74,150.441,90945.7267
BNBUSDT,1775496600000,2026-04-06 17:30:00,2026-04-07 02:30:00,604.74,605.17,604.56,604.7,121.563,73525.31035
BNBUSDT,1775496900000,2026-04-06 17:35:00,2026-04-07 02:35:00,604.69,604.93,604.29,604.57,145.685,88094.02007
BNBUSDT,1775497200000,2026-04-06 17:40:00,2026-04-07 02:40:00,604.57,604.6,604.24,604.42,163.422,98776.65527
BNBUSDT,1775497500000,2026-04-06 17:45:00,2026-04-07 02:45:00,604.42,604.49,604.01,604.48,297.855,179973.18153
BNBUSDT,1775497800000,2026-04-06 17:50:00,2026-04-07 02:50:00,604.49,604.75,604.35,604.51,105.63,63856.88713
BNBUSDT,1775498100000,2026-04-06 17:55:00,2026-04-07 02:55:00,604.52,604.7,604.44,604.46,206.044,124564.70696
BNBUSDT,1775498400000,2026-04-06 18:00:00,2026-04-07 03:00:00,604.46,604.48,603.56,603.61,254.26,153540.62641
BNBUSDT,1775498700000,2026-04-06 18:05:00,2026-04-07 03:05:00,603.62,604,603.61,603.99,258.518,156103.91412
BNBUSDT,1775499000000,2026-04-06 18:10:00,2026-04-07 03:10:00,604,605.73,604,605.14,442.929,267995.88224
BNBUSDT,1775499300000,2026-04-06 18:15:00,2026-04-07 03:15:00,605.13,605.52,605.04,605.51,114.737,69442.32422
BNBUSDT,1775499600000,2026-04-06 18:20:00,2026-04-07 03:20:00,605.52,606.06,605.31,605.62,158.721,96127.41047
BNBUSDT,1775499900000,2026-04-06 18:25:00,2026-04-07 03:25:00,605.62,606.46,605.36,606.05,191.47,116039.15878
BNBUSDT,1775500200000,2026-04-06 18:30:00,2026-04-07 03:30:00,606.06,606.52,606.05,606.3,379.335,230019.50381
BNBUSDT,1775500500000,2026-04-06 18:35:00,2026-04-07 03:35:00,606.3,606.52,606.26,606.26,106.93,64840.28814
BNBUSDT,1775500800000,2026-04-06 18:40:00,2026-04-07 03:40:00,606.26,606.37,606,606.25,79.609,48257.54813
BNBUSDT,1775501100000,2026-04-06 18:45:00,2026-04-07 03:45:00,606.25,606.54,606.02,606.54,98.969,60006.71912
BNBUSDT,1775501400000,2026-04-06 18:50:00,2026-04-07 03:50:00,606.55,607.27,606.55,607.21,233.968,141986.74312
BNBUSDT,1775501700000,2026-04-06 18:55:00,2026-04-07 03:55:00,607.21,607.21,606.92,606.93,65.277,39627.57015
BNBUSDT,1775502000000,2026-04-06 19:00:00,2026-04-07 04:00:00,606.92,606.93,606.24,606.24,75.241,45635.53138
BNBUSDT,1775502300000,2026-04-06 19:05:00,2026-04-07 04:05:00,606.24,606.25,605.36,605.67,204.706,123992.21811
BNBUSDT,1775502600000,2026-04-06 19:10:00,2026-04-07 04:10:00,605.67,605.81,605.06,605.81,241.478,146208.51925
BNBUSDT,1775502900000,2026-04-06 19:15:00,2026-04-07 04:15:00,605.81,606.29,605.81,606.07,259.133,157043.7663
BNBUSDT,1775503200000,2026-04-06 19:20:00,2026-04-07 04:20:00,606.08,606.6,606.08,606.3,97.919,59379.54474
BNBUSDT,1775503500000,2026-04-06 19:25:00,2026-04-07 04:25:00,606.3,606.73,606.24,606.65,206.093,124986.21422
BNBUSDT,1775503800000,2026-04-06 19:30:00,2026-04-07 04:30:00,606.64,606.73,606.38,606.39,63.344,38426.985
BNBUSDT,1775504100000,2026-04-06 19:35:00,2026-04-07 04:35:00,606.39,606.82,606.39,606.68,95.284,57798.89993
BNBUSDT,1775504400000,2026-04-06 19:40:00,2026-04-07 04:40:00,606.68,606.69,606.07,606.62,107.046,64911.96913
BNBUSDT,1775504700000,2026-04-06 19:45:00,2026-04-07 04:45:00,606.63,606.71,606.4,606.62,130.226,78990.48276
BNBUSDT,1775505000000,2026-04-06 19:50:00,2026-04-07 04:50:00,606.63,606.91,606.45,606.86,134.914,81846.69351
BNBUSDT,1775505300000,2026-04-06 19:55:00,2026-04-07 04:55:00,606.85,607,606.58,606.67,210.163,127509.55329
BNBUSDT,1775505600000,2026-04-06 20:00:00,2026-04-07 05:00:00,606.68,607.01,606.48,607.01,269.14,163287.97587
BNBUSDT,1775505900000,2026-04-06 20:05:00,2026-04-07 05:05:00,607,607.11,606.81,606.98,182.43,110729.1533
BNBUSDT,1775506200000,2026-04-06 20:10:00,2026-04-07 05:10:00,606.98,607.32,606.91,607.31,67.651,41068.85775
BNBUSDT,1775506500000,2026-04-06 20:15:00,2026-04-07 05:15:00,607.32,607.62,607.32,607.61,115.894,70405.03091
BNBUSDT,1775506800000,2026-04-06 20:20:00,2026-04-07 05:20:00,607.62,607.71,607.46,607.5,111.23,67583.03627
BNBUSDT,1775507100000,2026-04-06 20:25:00,2026-04-07 05:25:00,607.49,607.96,607.41,607.47,174.208,105868.82542
BNBUSDT,1775507400000,2026-04-06 20:30:00,2026-04-07 05:30:00,607.48,607.6,607.39,607.59,86.19,52358.13912
BNBUSDT,1775507700000,2026-04-06 20:35:00,2026-04-07 05:35:00,607.6,607.87,607.59,607.87,74.669,45380.66848
BNBUSDT,1775508000000,2026-04-06 20:40:00,2026-04-07 05:40:00,607.86,607.87,607.29,607.42,280.369,170326.94291
BNBUSDT,1775508300000,2026-04-06 20:45:00,2026-04-07 05:45:00,607.42,607.56,607.41,607.48,25.029,15205.03815
BNBUSDT,1775508600000,2026-04-06 20:50:00,2026-04-07 05:50:00,607.49,607.49,606.84,606.88,42.346,25707.86843
BNBUSDT,1775508900000,2026-04-06 20:55:00,2026-04-07 05:55:00,606.88,606.89,605.82,606.48,1566.27,949736.94218
BNBUSDT,1775509200000,2026-04-06 21:00:00,2026-04-07 06:00:00,606.49,606.57,605.89,606.02,239.086,144940.61243
BNBUSDT,1775509500000,2026-04-06 21:05:00,2026-04-07 06:05:00,606.02,606.24,605.78,605.91,135.481,82097.87912
BNBUSDT,1775509800000,2026-04-06 21:10:00,2026-04-07 06:10:00,605.92,605.96,605.76,605.89,290.228,175840.58993
BNBUSDT,1775510100000,2026-04-06 21:15:00,2026-04-07 06:15:00,605.9,605.9,605.56,605.76,155.099,93956.75641
BNBUSDT,1775510400000,2026-04-06 21:20:00,2026-04-07 06:20:00,605.76,605.91,605.51,605.9,161.479,97808.99477
BNBUSDT,1775510700000,2026-04-06 21:25:00,2026-04-07 06:25:00,605.9,605.9,605.66,605.86,100.4,60822.18893
BNBUSDT,1775511000000,2026-04-06 21:30:00,2026-04-07 06:30:00,605.86,605.86,605.64,605.85,143.078,86671.79856
BNBUSDT,1775511300000,2026-04-06 21:35:00,2026-04-07 06:35:00,605.84,605.85,604.84,605.37,269.849,163334.18607
BNBUSDT,1775511600000,2026-04-06 21:40:00,2026-04-07 06:40:00,605.38,605.41,604.88,605.01,380.565,230302.32961
BNBUSDT,1775511900000,2026-04-06 21:45:00,2026-04-07 06:45:00,605.02,605.48,604.91,605.47,139.213,84228.41181
BNBUSDT,1775512200000,2026-04-06 21:50:00,2026-04-07 06:50:00,605.48,605.62,604.96,605.43,131.316,79490.36543
BNBUSDT,1775512500000,2026-04-06 21:55:00,2026-04-07 06:55:00,605.43,605.61,605.13,605.27,198.338,120069.42662
BNBUSDT,1775512800000,2026-04-06 22:00:00,2026-04-07 07:00:00,605.27,605.27,604.64,604.99,480.168,290459.41926
BNBUSDT,1775513100000,2026-04-06 22:05:00,2026-04-07 07:05:00,604.98,605.39,604.98,605.17,272.276,164779.61235
BNBUSDT,1775513400000,2026-04-06 22:10:00,2026-04-07 07:10:00,605.17,605.89,605.16,605.89,146.965,88998.31185
BNBUSDT,1775513700000,2026-04-06 22:15:00,2026-04-07 07:15:00,605.89,605.95,605.48,605.48,134.674,81574.3297
BNBUSDT,1775514000000,2026-04-06 22:20:00,2026-04-07 07:20:00,605.49,605.64,604.32,604.32,741.995,448861.22286
BNBUSDT,1775514300000,2026-04-06 22:25:00,2026-04-07 07:25:00,604.32,604.94,604.29,604.62,444.634,268853.09349
BNBUSDT,1775514600000,2026-04-06 22:30:00,2026-04-07 07:30:00,604.61,604.61,603.52,603.98,212.32,128231.86078
BNBUSDT,1775514900000,2026-04-06 22:35:00,2026-04-07 07:35:00,603.98,604.14,603.76,604.14,200.305,120972.11167
BNBUSDT,1775515200000,2026-04-06 22:40:00,2026-04-07 07:40:00,604.14,604.2,603.24,603.25,225.062,135858.07084
BNBUSDT,1775515500000,2026-04-06 22:45:00,2026-04-07 07:45:00,603.25,603.25,602.55,602.69,353.272,212932.95165
BNBUSDT,1775515800000,2026-04-06 22:50:00,2026-04-07 07:50:00,602.7,602.78,601.4,601.54,698.142,420206.45606
BNBUSDT,1775516100000,2026-04-06 22:55:00,2026-04-07 07:55:00,601.55,601.58,600,600.04,659.323,396130.85049
BNBUSDT,1775516400000,2026-04-06 23:00:00,2026-04-07 08:00:00,600.05,600.05,596.25,598.87,2239.49,1339906.87898
BNBUSDT,1775516700000,2026-04-06 23:05:00,2026-04-07 08:05:00,598.88,599.53,596.54,599.53,1295.669,774497.42233
BNBUSDT,1775517000000,2026-04-06 23:10:00,2026-04-07 08:10:00,599.54,600.06,599.25,599.25,410.05,245900.29076
BNBUSDT,1775517300000,2026-04-06 23:15:00,2026-04-07 08:15:00,599.24,599.33,598.6,598.98,219.234,131306.52996
BNBUSDT,1775517600000,2026-04-06 23:20:00,2026-04-07 08:20:00,598.98,598.98,597.71,598.28,251.982,150769.26551
BNBUSDT,1775517900000,2026-04-06 23:25:00,2026-04-07 08:25:00,598.28,598.47,597.75,597.77,285.692,170821.98663
BNBUSDT,1775518200000,2026-04-06 23:30:00,2026-04-07 08:30:00,597.77,599.03,597.39,598.57,337.734,202018.48895
BNBUSDT,1775518500000,2026-04-06 23:35:00,2026-04-07 08:35:00,598.57,599.66,598.34,599.66,242.328,145122.60141
BNBUSDT,1775518800000,2026-04-06 23:40:00,2026-04-07 08:40:00,599.66,600.35,599.47,600.16,316.173,189668.02363
BNBUSDT,1775519100000,2026-04-06 23:45:00,2026-04-07 08:45:00,600.16,600.64,600.02,600.04,150.946,90625.63826
BNBUSDT,1775519400000,2026-04-06 23:50:00,2026-04-07 08:50:00,600.04,600.78,600.03,600.56,170.852,102589.81675
BNBUSDT,1775519700000,2026-04-06 23:55:00,2026-04-07 08:55:00,600.57,600.68,600.09,600.11,140.576,84411.26755
BNBUSDT,1775520000000,2026-04-07 00:00:00,2026-04-07 09:00:00,600.1,600.67,599.76,600.45,315.201,189197.06091
BNBUSDT,1775520300000,2026-04-07 00:05:00,2026-04-07 09:05:00,600.46,601.32,599.91,600.47,614.211,369066.2522
BNBUSDT,1775520600000,2026-04-07 00:10:00,2026-04-07 09:10:00,600.48,600.94,600.31,600.51,223.258,134082.45499
BNBUSDT,1775520900000,2026-04-07 00:15:00,2026-04-07 09:15:00,600.51,601.21,600.3,600.31,255.499,153503.89428
BNBUSDT,1775521200000,2026-04-07 00:20:00,2026-04-07 09:20:00,600.3,600.57,599.86,600.31,264.678,158875.6987
BNBUSDT,1775521500000,2026-04-07 00:25:00,2026-04-07 09:25:00,600.32,600.4,599.85,600.22,208.72,125273.0893
BNBUSDT,1775521800000,2026-04-07 00:30:00,2026-04-07 09:30:00,600.22,600.8,599.39,599.39,303.987,182406.73029
BNBUSDT,1775522100000,2026-04-07 00:35:00,2026-04-07 09:35:00,599.4,599.79,598.93,599.17,349.097,209248.40467
BNBUSDT,1775522400000,2026-04-07 00:40:00,2026-04-07 09:40:00,599.16,599.32,598.69,599.3,456.355,273392.68671
BNBUSDT,1775522700000,2026-04-07 00:45:00,2026-04-07 09:45:00,599.29,599.9,599.16,599.9,141.689,84936.05797
BNBUSDT,1775523000000,2026-04-07 00:50:00,2026-04-07 09:50:00,599.9,599.9,599.42,599.51,149.886,89871.54973
BNBUSDT,1775523300000,2026-04-07 00:55:00,2026-04-07 09:55:00,599.51,599.53,599.13,599.14,75.74,45396.97708
BNBUSDT,1775523600000,2026-04-07 01:00:00,2026-04-07 10:00:00,599.14,599.48,598.45,599.48,286.193,171397.51756
BNBUSDT,1775523900000,2026-04-07 01:05:00,2026-04-07 10:05:00,599.49,599.49,598.29,598.6,257.086,153969.43311
BNBUSDT,1775524200000,2026-04-07 01:10:00,2026-04-07 10:10:00,598.61,599.15,598.36,598.68,266.52,159563.56343
BNBUSDT,1775524500000,2026-04-07 01:15:00,2026-04-07 10:15:00,598.68,600.25,598.68,600.25,198.323,118920.70287
BNBUSDT,1775524800000,2026-04-07 01:20:00,2026-04-07 10:20:00,600.25,600.74,599.28,599.44,270.574,162365.86667
BNBUSDT,1775525100000,2026-04-07 01:25:00,2026-04-07 10:25:00,599.44,599.93,599.4,599.47,149.161,89441.31785
BNBUSDT,1775525400000,2026-04-07 01:30:00,2026-04-07 10:30:00,599.46,599.73,599.29,599.5,109.102,65408.29377
BNBUSDT,1775525700000,2026-04-07 01:35:00,2026-04-07 10:35:00,599.5,599.5,598.52,598.6,526.623,315516.63554
BNBUSDT,1775526000000,2026-04-07 01:40:00,2026-04-07 10:40:00,598.6,599.21,598.56,599.15,247.827,148429.96836
BNBUSDT,1775526300000,2026-04-07 01:45:00,2026-04-07 10:45:00,599.15,599.19,598.63,598.63,94.975,56884.82653
BNBUSDT,1775526600000,2026-04-07 01:50:00,2026-04-07 10:50:00,598.63,598.65,597.12,597.81,349.949,209181.95821
BNBUSDT,1775526900000,2026-04-07 01:55:00,2026-04-07 10:55:00,597.81,598.06,597.18,597.22,181.121,108241.12564
BNBUSDT,1775527200000,2026-04-07 02:00:00,2026-04-07 11:00:00,597.22,597.5,597,597.02,415.397,248077.86023
BNBUSDT,1775527500000,2026-04-07 02:05:00,2026-04-07 11:05:00,597.02,597.67,596.38,597.51,363.608,217041.54974
BNBUSDT,1775527800000,2026-04-07 02:10:00,2026-04-07 11:10:00,597.5,597.8,597.37,597.53,143.202,85572.72875
BNBUSDT,1775528100000,2026-04-07 02:15:00,2026-04-07 11:15:00,597.53,598.42,597.53,598.42,307.266,183715.59874
BNBUSDT,1775528400000,2026-04-07 02:20:00,2026-04-07 11:20:00,598.42,598.68,598.01,598.67,339.182,202960.39095
BNBUSDT,1775528700000,2026-04-07 02:25:00,2026-04-07 11:25:00,598.67,598.7,598.35,598.69,207.195,124028.50929
BNBUSDT,1775529000000,2026-04-07 02:30:00,2026-04-07 11:30:00,598.7,598.94,598.18,598.32,218.383,130756.58781
BNBUSDT,1775529300000,2026-04-07 02:35:00,2026-04-07 11:35:00,598.31,599.52,598.31,599.52,322.237,193056.90049
BNBUSDT,1775529600000,2026-04-07 02:40:00,2026-04-07 11:40:00,599.51,599.52,598.46,598.49,132.933,79635.97224
BNBUSDT,1775529900000,2026-04-07 02:45:00,2026-04-07 11:45:00,598.49,598.59,598.14,598.15,92.261,55212.22109
BNBUSDT,1775530200000,2026-04-07 02:50:00,2026-04-07 11:50:00,598.14,598.48,597.9,598.33,182.221,109013.9688
BNBUSDT,1775530500000,2026-04-07 02:55:00,2026-04-07 11:55:00,598.33,598.65,597.95,598.47,284.39,170151.81839
BNBUSDT,1775530800000,2026-04-07 03:00:00,2026-04-07 12:00:00,598.47,599.04,598.46,598.82,196.607,117719.66625
BNBUSDT,1775531100000,2026-04-07 03:05:00,2026-04-07 12:05:00,598.82,598.82,598.34,598.68,107.573,64393.42121
BNBUSDT,1775531400000,2026-04-07 03:10:00,2026-04-07 12:10:00,598.69,598.73,598.33,598.35,157.244,94117.68798
BNBUSDT,1775531700000,2026-04-07 03:15:00,2026-04-07 12:15:00,598.35,598.72,598.04,598.04,241.234,144345.24153
BNBUSDT,1775532000000,2026-04-07 03:20:00,2026-04-07 12:20:00,598.05,598.68,597.98,598.64,99.331,59441.91464
BNBUSDT,1775532300000,2026-04-07 03:25:00,2026-04-07 12:25:00,598.64,598.84,598.44,598.84,174.378,104396.7943
BNBUSDT,1775532600000,2026-04-07 03:30:00,2026-04-07 12:30:00,598.85,599.24,598.71,599.2,139.185,83359.24802
BNBUSDT,1775532900000,2026-04-07 03:35:00,2026-04-07 12:35:00,599.19,599.26,598.91,599.16,225.534,135126.50389
BNBUSDT,1775533200000,2026-04-07 03:40:00,2026-04-07 12:40:00,599.16,599.39,599.16,599.32,216.521,129757.90636
BNBUSDT,1775533500000,2026-04-07 03:45:00,2026-04-07 12:45:00,599.32,599.47,599.07,599.09,165.895,99405.78436
BNBUSDT,1775533800000,2026-04-07 03:50:00,2026-04-07 12:50:00,599.09,599.27,598.86,599.19,223.21,133717.67009
BNBUSDT,1775534100000,2026-04-07 03:55:00,2026-04-07 12:55:00,599.19,599.2,599.01,599.16,200.424,120083.2336
BNBUSDT,1775534400000,2026-04-07 04:00:00,2026-04-07 13:00:00,599.15,599.15,598.88,598.89,164.933,98793.5041
BNBUSDT,1775534700000,2026-04-07 04:05:00,2026-04-07 13:05:00,598.89,599.34,598.83,599.12,106.804,63980.97486
BNBUSDT,1775535000000,2026-04-07 04:10:00,2026-04-07 13:10:00,599.13,599.2,598.69,598.92,272.121,162995.26504
BNBUSDT,1775535300000,2026-04-07 04:15:00,2026-04-07 13:15:00,598.91,599.15,598.3,598.49,236.693,141677.52344
BNBUSDT,1775535600000,2026-04-07 04:20:00,2026-04-07 13:20:00,598.49,598.74,598.18,598.52,186.477,111592.78139
BNBUSDT,1775535900000,2026-04-07 04:25:00,2026-04-07 13:25:00,598.52,598.76,598.48,598.48,93.111,55731.49828
BNBUSDT,1775536200000,2026-04-07 04:30:00,2026-04-07 13:30:00,598.48,600,598.48,599.97,163.366,97926.33427
BNBUSDT,1775536500000,2026-04-07 04:35:00,2026-04-07 13:35:00,599.97,600.06,599.76,600.04,108.607,65155.79395
BNBUSDT,1775536800000,2026-04-07 04:40:00,2026-04-07 13:40:00,600.03,600.16,599.9,600.16,122.829,73698.6078
BNBUSDT,1775537100000,2026-04-07 04:45:00,2026-04-07 13:45:00,600.16,601.88,600,601.21,996.127,598788.98899
BNBUSDT,1775537400000,2026-04-07 04:50:00,2026-04-07 13:50:00,601.21,601.21,600.54,600.54,125.991,75707.37545
BNBUSDT,1775537700000,2026-04-07 04:55:00,2026-04-07 13:55:00,600.55,600.64,600.2,600.2,291.75,175167.64573
BNBUSDT,1775538000000,2026-04-07 05:00:00,2026-04-07 14:00:00,600.21,600.21,598.94,598.95,116.875,70082.63056
BNBUSDT,1775538300000,2026-04-07 05:05:00,2026-04-07 14:05:00,598.94,598.95,598.64,598.77,173.157,103675.22612
BNBUSDT,1775538600000,2026-04-07 05:10:00,2026-04-07 14:10:00,598.76,598.86,598.52,598.72,248.303,148656.47494
BNBUSDT,1775538900000,2026-04-07 05:15:00,2026-04-07 14:15:00,598.71,599.24,598.41,598.98,496.062,296991.62205
BNBUSDT,1775539200000,2026-04-07 05:20:00,2026-04-07 14:20:00,598.98,599.13,598.71,598.84,128.924,77216.73041
BNBUSDT,1775539500000,2026-04-07 05:25:00,2026-04-07 14:25:00,598.85,598.94,598.12,598.36,228.304,136647.72394
BNBUSDT,1775539800000,2026-04-07 05:30:00,2026-04-07 14:30:00,598.35,598.35,597.88,598.04,168.531,100789.80252
BNBUSDT,1775540100000,2026-04-07 05:35:00,2026-04-07 14:35:00,598.05,598.12,597.6,598.12,183.768,109854.54755
BNBUSDT,1775540400000,2026-04-07 05:40:00,2026-04-07 14:40:00,598.12,598.12,597.53,597.55,154.017,92080.12583
BNBUSDT,1775540700000,2026-04-07 05:45:00,2026-04-07 14:45:00,597.55,597.65,597.5,597.51,188.99,112932.40548
BNBUSDT,1775541000000,2026-04-07 05:50:00,2026-04-07 14:50:00,597.5,597.87,597.47,597.56,383.005,228907.55514
BNBUSDT,1775541300000,2026-04-07 05:55:00,2026-04-07 14:55:00,597.56,597.81,597.13,597.81,211.194,126187.00008
BNBUSDT,1775541600000,2026-04-07 06:00:00,2026-04-07 15:00:00,597.8,597.99,597.36,597.64,157.171,93934.40629
BNBUSDT,1775541900000,2026-04-07 06:05:00,2026-04-07 15:05:00,597.63,598.08,597.28,597.35,210.606,125879.39172
BNBUSDT,1775542200000,2026-04-07 06:10:00,2026-04-07 15:10:00,597.35,597.8,597.07,597.34,226.19,135116.87917
BNBUSDT,1775542500000,2026-04-07 06:15:00,2026-04-07 15:15:00,597.35,597.52,596.94,597.05,415.815,248319.95032
BNBUSDT,1775542800000,2026-04-07 06:20:00,2026-04-07 15:20:00,597.04,597.8,596.78,597.8,308.841,184427.88679
BNBUSDT,1775543100000,2026-04-07 06:25:00,2026-04-07 15:25:00,597.8,598.42,597.8,598.33,269.542,161215.73291
BNBUSDT,1775543400000,2026-04-07 06:30:00,2026-04-07 15:30:00,598.34,598.35,597.93,597.94,156.692,93728.44648
BNBUSDT,1775543700000,2026-04-07 06:35:00,2026-04-07 15:35:00,597.94,598.88,597.93,598.7,168.778,101009.78235
BNBUSDT,1775544000000,2026-04-07 06:40:00,2026-04-07 15:40:00,598.7,598.82,598.29,598.8,297.339,177984.68644
BNBUSDT,1775544300000,2026-04-07 06:45:00,2026-04-07 15:45:00,598.8,598.9,598.28,598.49,210.403,125931.04908
BNBUSDT,1775544600000,2026-04-07 06:50:00,2026-04-07 15:50:00,598.49,599.07,598.47,598.92,131.43,78710.00195
BNBUSDT,1775544900000,2026-04-07 06:55:00,2026-04-07 15:55:00,598.92,598.93,598.65,598.84,239.713,143534.00344
BNBUSDT,1775545200000,2026-04-07 07:00:00,2026-04-07 16:00:00,598.84,599.22,598.69,598.71,393.457,235627.08202
BNBUSDT,1775545500000,2026-04-07 07:05:00,2026-04-07 16:05:00,598.72,598.72,598.06,598.3,152.367,91170.49327
BNBUSDT,1775545800000,2026-04-07 07:10:00,2026-04-07 16:10:00,598.3,598.49,597.79,597.95,267.438,159943.33101
BNBUSDT,1775546100000,2026-04-07 07:15:00,2026-04-07 16:15:00,597.94,598.19,597.61,597.9,156.489,93568.47714
BNBUSDT,1775546400000,2026-04-07 07:20:00,2026-04-07 16:20:00,597.9,598,597.5,597.96,223.82,133798.41562
BNBUSDT,1775546700000,2026-04-07 07:25:00,2026-04-07 16:25:00,597.96,598.49,597.76,597.95,217.702,130218.26074
BNBUSDT,1775547000000,2026-04-07 07:30:00,2026-04-07 16:30:00,597.95,599.05,597.94,598.52,327.397,195938.29516
BNBUSDT,1775547300000,2026-04-07 07:35:00,2026-04-07 16:35:00,598.52,598.68,598.35,598.35,195.751,117164.382
BNBUSDT,1775547600000,2026-04-07 07:40:00,2026-04-07 16:40:00,598.36,598.97,598.27,598.92,125.168,74942.41659
BNBUSDT,1775547900000,2026-04-07 07:45:00,2026-04-07 16:45:00,598.91,598.92,598.5,598.8,170.623,102154.7086
BNBUSDT,1775548200000,2026-04-07 07:50:00,2026-04-07 16:50:00,598.8,599.17,598.8,599.14,265.1,158772.76978
BNBUSDT,1775548500000,2026-04-07 07:55:00,2026-04-07 16:55:00,599.14,599.45,599.04,599.3,339.812,203617.53366
BNBUSDT,1775548800000,2026-04-07 08:00:00,2026-04-07 17:00:00,599.29,601.03,599.21,599.81,1172.798,703978.00686
BNBUSDT,1775549100000,2026-04-07 08:05:00,2026-04-07 17:05:00,599.81,600.15,599.73,600.09,360.973,216564.14881
BNBUSDT,1775549400000,2026-04-07 08:10:00,2026-04-07 17:10:00,600.09,601.03,600.02,600.73,479.885,288253.47839
BNBUSDT,1775549700000,2026-04-07 08:15:00,2026-04-07 17:15:00,600.72,601.13,600.19,601.13,443.053,266100.02538
BNBUSDT,1775550000000,2026-04-07 08:20:00,2026-04-07 17:20:00,601.14,601.75,600.84,601.44,582.583,350350.11283
BNBUSDT,1775550300000,2026-04-07 08:25:00,2026-04-07 17:25:00,601.44,601.46,600.67,601.15,453.541,272610.25219
BNBUSDT,1775550600000,2026-04-07 08:30:00,2026-04-07 17:30:00,601.15,601.94,601.15,601.79,450.919,271277.40561
BNBUSDT,1775550900000,2026-04-07 08:35:00,2026-04-07 17:35:00,601.78,601.78,601.4,601.53,437.242,263044.24438
BNBUSDT,1775551200000,2026-04-07 08:40:00,2026-04-07 17:40:00,601.52,602.04,601.37,601.97,339.486,204251.61862
BNBUSDT,1775551500000,2026-04-07 08:45:00,2026-04-07 17:45:00,601.96,602.32,601.54,601.58,315.804,190122.97401
BNBUSDT,1775551800000,2026-04-07 08:50:00,2026-04-07 17:50:00,601.58,602.21,601.51,602.2,315.337,189772.65035
BNBUSDT,1775552100000,2026-04-07 08:55:00,2026-04-07 17:55:00,602.2,602.95,602.02,602.36,505.278,304369.16153
BNBUSDT,1775552400000,2026-04-07 09:00:00,2026-04-07 18:00:00,602.37,602.99,602.36,602.89,414.701,249955.86896
BNBUSDT,1775552700000,2026-04-07 09:05:00,2026-04-07 18:05:00,602.89,604.4,602.62,604.25,778.058,469501.3121
BNBUSDT,1775553000000,2026-04-07 09:10:00,2026-04-07 18:10:00,604.26,604.85,604.12,604.39,508.922,307606.7286
BNBUSDT,1775553300000,2026-04-07 09:15:00,2026-04-07 18:15:00,604.38,604.93,604.16,604.73,890.893,538541.26991
BNBUSDT,1775553600000,2026-04-07 09:20:00,2026-04-07 18:20:00,604.74,604.91,604.37,604.77,429.351,259617.64933
BNBUSDT,1775553900000,2026-04-07 09:25:00,2026-04-07 18:25:00,604.78,604.9,604.21,604.53,648.267,391978.82725
BNBUSDT,1775554200000,2026-04-07 09:30:00,2026-04-07 18:30:00,604.53,605.44,604.5,605.44,558.587,337917.43377
BNBUSDT,1775554500000,2026-04-07 09:35:00,2026-04-07 18:35:00,605.44,605.73,605.07,605.73,487.921,295416.318
BNBUSDT,1775554800000,2026-04-07 09:40:00,2026-04-07 18:40:00,605.73,606.51,605.72,606.18,621.712,376807.89616
BNBUSDT,1775555100000,2026-04-07 09:45:00,2026-04-07 18:45:00,606.18,606.18,605.42,605.49,806.662,488537.01617
BNBUSDT,1775555400000,2026-04-07 09:50:00,2026-04-07 18:50:00,605.5,605.64,605.07,605.45,728.439,440993.29952
BNBUSDT,1775555700000,2026-04-07 09:55:00,2026-04-07 18:55:00,605.45,605.72,605.18,605.19,517.691,313453.97079
BNBUSDT,1775556000000,2026-04-07 10:00:00,2026-04-07 19:00:00,605.19,605.37,604.17,604.17,2154.483,1302838.76513
BNBUSDT,1775556300000,2026-04-07 10:05:00,2026-04-07 19:05:00,604.18,604.31,602.5,603.54,2590.56,1563992.38743
BNBUSDT,1775556600000,2026-04-07 10:10:00,2026-04-07 19:10:00,603.54,603.56,602.73,602.73,741.873,447406.45393
BNBUSDT,1775556900000,2026-04-07 10:15:00,2026-04-07 19:15:00,602.73,603.33,602.73,603.24,559.386,337336.4621
BNBUSDT,1775557200000,2026-04-07 10:20:00,2026-04-07 19:20:00,603.24,604.01,603.24,603.33,411.136,248167.72344
BNBUSDT,1775557500000,2026-04-07 10:25:00,2026-04-07 19:25:00,603.33,603.33,601.16,601.62,1166.385,702113.16525
BNBUSDT,1775557800000,2026-04-07 10:30:00,2026-04-07 19:30:00,601.63,601.86,601.19,601.32,460.396,276922.98398
BNBUSDT,1775558100000,2026-04-07 10:35:00,2026-04-07 19:35:00,601.31,601.32,598,598.42,1919.619,1150648.20879
BNBUSDT,1775558400000,2026-04-07 10:40:00,2026-04-07 19:40:00,598.43,598.74,598.09,598.45,528.549,316311.98828
BNBUSDT,1775558700000,2026-04-07 10:45:00,2026-04-07 19:45:00,598.45,598.78,597.94,598.72,473.771,283492.63288
BNBUSDT,1775559000000,2026-04-07 10:50:00,2026-04-07 19:50:00,598.73,598.88,597.34,597.55,691.999,413836.46855
BNBUSDT,1775559300000,2026-04-07 10:55:00,2026-04-07 19:55:00,597.56,597.74,597.17,597.66,506.718,302737.84032
BNBUSDT,1775559600000,2026-04-07 11:00:00,2026-04-07 20:00:00,597.66,597.83,596.75,597.69,385.985,230579.31306
BNBUSDT,1775559900000,2026-04-07 11:05:00,2026-04-07 20:05:00,597.69,597.97,597.4,597.57,609.692,364392.20692
BNBUSDT,1775560200000,2026-04-07 11:10:00,2026-04-07 20:10:00,597.57,597.57,597.02,597.51,299.925,179154.17434
BNBUSDT,1775560500000,2026-04-07 11:15:00,2026-04-07 20:15:00,597.52,598.08,596.63,596.63,506.673,302735.214
BNBUSDT,1775560800000,2026-04-07 11:20:00,2026-04-07 20:20:00,596.63,597.24,596.4,596.6,390.412,232952.5525
BNBUSDT,1775561100000,2026-04-07 11:25:00,2026-04-07 20:25:00,596.59,597.94,596.59,597.21,357.848,213810.26506
BNBUSDT,1775561400000,2026-04-07 11:30:00,2026-04-07 20:30:00,597.2,597.21,596.47,596.79,280.282,167254.44181
BNBUSDT,1775561700000,2026-04-07 11:35:00,2026-04-07 20:35:00,596.79,598,596.63,598,394.464,235610.52927
BNBUSDT,1775562000000,2026-04-07 11:40:00,2026-04-07 20:40:00,598,598.24,597.71,597.95,339.681,203124.5158
BNBUSDT,1775562300000,2026-04-07 11:45:00,2026-04-07 20:45:00,597.94,598.02,597.23,597.88,396.239,236803.82238
BNBUSDT,1775562600000,2026-04-07 11:50:00,2026-04-07 20:50:00,597.88,597.91,597.27,597.39,190.175,113631.403
BNBUSDT,1775562900000,2026-04-07 11:55:00,2026-04-07 20:55:00,597.38,597.41,597.02,597.1,230.281,137530.2402
BNBUSDT,1775563200000,2026-04-07 12:00:00,2026-04-07 21:00:00,597.1,597.1,596.64,596.95,299.577,178804.62133
BNBUSDT,1775563500000,2026-04-07 12:05:00,2026-04-07 21:05:00,596.96,597.72,592.2,593.65,3504.193,2083194.83124
BNBUSDT,1775563800000,2026-04-07 12:10:00,2026-04-07 21:10:00,593.65,594.63,593.19,594.1,603.661,358474.6877
BNBUSDT,1775564100000,2026-04-07 12:15:00,2026-04-07 21:15:00,594.1,594.85,593.28,594.37,555.447,329904.52648
BNBUSDT,1775564400000,2026-04-07 12:20:00,2026-04-07 21:20:00,594.37,597.61,593.9,596.41,1818.926,1084090.66474
BNBUSDT,1775564700000,2026-04-07 12:25:00,2026-04-07 21:25:00,596.41,596.71,596.32,596.7,272.225,162379.45467
BNBUSDT,1775565000000,2026-04-07 12:30:00,2026-04-07 21:30:00,596.7,597.1,596.31,596.57,235.041,140244.74771
BNBUSDT,1775565300000,2026-04-07 12:35:00,2026-04-07 21:35:00,596.56,596.9,596.33,596.74,414.626,247381.86205
BNBUSDT,1775565600000,2026-04-07 12:40:00,2026-04-07 21:40:00,596.73,596.89,596.12,596.55,629.899,375809.65612
BNBUSDT,1775565900000,2026-04-07 12:45:00,2026-04-07 21:45:00,596.55,597,596.3,596.81,363.267,216756.94714
BNBUSDT,1775566200000,2026-04-07 12:50:00,2026-04-07 21:50:00,596.81,597.4,596.61,597.35,213.541,127469.09017
BNBUSDT,1775566500000,2026-04-07 12:55:00,2026-04-07 21:55:00,597.36,599.76,597.12,598.4,1018.351,609405.6953
BNBUSDT,1775566800000,2026-04-07 13:00:00,2026-04-07 22:00:00,598.4,598.92,598.36,598.91,289.875,173516.50349
BNBUSDT,1775567100000,2026-04-07 13:05:00,2026-04-07 22:05:00,598.92,600,598.92,599.14,579.643,347538.77899
BNBUSDT,1775567400000,2026-04-07 13:10:00,2026-04-07 22:10:00,599.13,599.21,598.34,599.19,626.224,375025.11617
BNBUSDT,1775567700000,2026-04-07 13:15:00,2026-04-07 22:15:00,599.19,599.19,598.11,598.18,515.79,308653.50868
BNBUSDT,1775568000000,2026-04-07 13:20:00,2026-04-07 22:20:00,598.18,598.3,597.62,597.7,506.501,302902.77647
BNBUSDT,1775568300000,2026-04-07 13:25:00,2026-04-07 22:25:00,597.7,597.87,597.57,597.87,189.494,113272.61628
BNBUSDT,1775568600000,2026-04-07 13:30:00,2026-04-07 22:30:00,597.87,598.76,597.74,598.21,584.437,349591.7277
BNBUSDT,1775568900000,2026-04-07 13:35:00,2026-04-07 22:35:00,598.21,598.71,597.98,598.36,514.842,308085.2849
BNBUSDT,1775569200000,2026-04-07 13:40:00,2026-04-07 22:40:00,598.35,598.82,597.19,597.47,563.379,337048.73472
BNBUSDT,1775569500000,2026-04-07 13:45:00,2026-04-07 22:45:00,597.47,597.55,596.68,597.09,420.818,251234.28083
BNBUSDT,1775569800000,2026-04-07 13:50:00,2026-04-07 22:50:00,597.09,597.85,596.95,597.75,384.692,229832.23978
BNBUSDT,1775570100000,2026-04-07 13:55:00,2026-04-07 22:55:00,597.76,597.96,596.46,596.53,500.089,298499.14127
BNBUSDT,1775570400000,2026-04-07 14:00:00,2026-04-07 23:00:00,596.52,596.69,595.73,595.74,633.191,377533.90587
BNBUSDT,1775570700000,2026-04-07 14:05:00,2026-04-07 23:05:00,595.74,595.81,593.33,593.59,1258.291,748001.88899
BNBUSDT,1775571000000,2026-04-07 14:10:00,2026-04-07 23:10:00,593.59,594.18,593.33,593.63,706.871,419703.45355
BNBUSDT,1775571300000,2026-04-07 14:15:00,2026-04-07 23:15:00,593.62,594.45,593.56,594.24,726.26,431365.8157
BNBUSDT,1775571600000,2026-04-07 14:20:00,2026-04-07 23:20:00,594.23,596.73,594.23,596.48,883.408,526013.48693
BNBUSDT,1775571900000,2026-04-07 14:25:00,2026-04-07 23:25:00,596.48,596.8,596.02,596.6,472.571,281888.14244
BNBUSDT,1775572200000,2026-04-07 14:30:00,2026-04-07 23:30:00,596.59,596.94,595.71,596.11,672.132,400820.92451
BNBUSDT,1775572500000,2026-04-07 14:35:00,2026-04-07 23:35:00,596.12,596.12,594.82,595.09,845.117,503380.14874
BNBUSDT,1775572800000,2026-04-07 14:40:00,2026-04-07 23:40:00,595.08,595.38,594.96,594.99,410.803,244506.32686
BNBUSDT,1775573100000,2026-04-07 14:45:00,2026-04-07 23:45:00,594.99,596.85,594.89,595.94,473.452,282149.46937
BNBUSDT,1775573400000,2026-04-07 14:50:00,2026-04-07 23:50:00,595.94,596.15,595.27,595.4,417.695,248760.10318
BNBUSDT,1775573700000,2026-04-07 14:55:00,2026-04-07 23:55:00,595.41,595.41,594.45,594.51,319.688,190202.63334
BNBUSDT,1775574000000,2026-04-07 15:00:00,2026-04-08 00:00:00,594.51,594.86,594.22,594.72,391.805,232952.14901
BNBUSDT,1775574300000,2026-04-07 15:05:00,2026-04-08 00:05:00,594.72,594.82,593.98,594.82,277.291,164807.8962
BNBUSDT,1775574600000,2026-04-07 15:10:00,2026-04-08 00:10:00,594.83,595.42,594.83,595.19,415.61,247354.24569
BNBUSDT,1775574900000,2026-04-07 15:15:00,2026-04-08 00:15:00,595.2,597.25,595.18,596.74,2658.84,1584074.7376
BNBUSDT,1775575200000,2026-04-07 15:20:00,2026-04-08 00:20:00,596.74,596.84,596.3,596.73,284.652,169830.4917
BNBUSDT,1775575500000,2026-04-07 15:25:00,2026-04-08 00:25:00,596.73,597.99,596.7,597.89,974.389,582217.628
BNBUSDT,1775575800000,2026-04-07 15:30:00,2026-04-08 00:30:00,597.88,598.53,597.7,598.16,388.008,232071.06669
BNBUSDT,1775576100000,2026-04-07 15:35:00,2026-04-08 00:35:00,598.16,598.59,597.88,597.99,368.914,220722.11533
BNBUSDT,1775576400000,2026-04-07 15:40:00,2026-04-08 00:40:00,597.99,598.23,597.68,597.78,228.981,136927.8679
BNBUSDT,1775576700000,2026-04-07 15:45:00,2026-04-08 00:45:00,597.77,598.14,597.51,598.14,214.871,128470.49309
BNBUSDT,1775577000000,2026-04-07 15:50:00,2026-04-08 00:50:00,598.14,598.73,597.64,598.59,578.259,346040.80011
BNBUSDT,1775577300000,2026-04-07 15:55:00,2026-04-08 00:55:00,598.59,599.26,598.36,598.53,413.106,247334.97244
BNBUSDT,1775577600000,2026-04-07 16:00:00,2026-04-08 01:00:00,598.53,600.85,598.53,599.59,1134.461,680354.00494
BNBUSDT,1775577900000,2026-04-07 16:05:00,2026-04-08 01:05:00,599.6,600.28,599.17,599.18,412.945,247685.7874
BNBUSDT,1775578200000,2026-04-07 16:10:00,2026-04-08 01:10:00,599.17,599.4,599.02,599.35,181.036,108480.90424
BNBUSDT,1775578500000,2026-04-07 16:15:00,2026-04-08 01:15:00,599.35,599.61,598.98,599.14,330.816,198229.13632
BNBUSDT,1775578800000,2026-04-07 16:20:00,2026-04-08 01:20:00,599.13,600.52,598.82,599.99,497.575,298358.02276
BNBUSDT,1775579100000,2026-04-07 16:25:00,2026-04-08 01:25:00,600,600.55,599.93,600.32,621.395,372980.01613
BNBUSDT,1775579400000,2026-04-07 16:30:00,2026-04-08 01:30:00,600.32,602.36,599.97,602.32,3041.03,1828305.51047
BNBUSDT,1775579700000,2026-04-07 16:35:00,2026-04-08 01:35:00,602.31,602.32,601.82,602.11,436.357,262707.08616
BNBUSDT,1775580000000,2026-04-07 16:40:00,2026-04-08 01:40:00,602.11,602.69,601.99,602.35,500.146,301216.61008
BNBUSDT,1775580300000,2026-04-07 16:45:00,2026-04-08 01:45:00,602.35,602.74,602.16,602.22,321.038,193427.54625
BNBUSDT,1775580600000,2026-04-07 16:50:00,2026-04-08 01:50:00,602.22,602.22,601.14,601.38,339.905,204510.15661
BNBUSDT,1775580900000,2026-04-07 16:55:00,2026-04-08 01:55:00,601.37,601.49,601.09,601.23,273.978,164744.28247
BNBUSDT,1775581200000,2026-04-07 17:00:00,2026-04-08 02:00:00,601.23,602.43,601,602.26,512.243,308151.53771
BNBUSDT,1775581500000,2026-04-07 17:05:00,2026-04-08 02:05:00,602.26,602.48,601.63,601.64,424.27,255465.37597
BNBUSDT,1775581800000,2026-04-07 17:10:00,2026-04-08 02:10:00,601.63,601.72,601.18,601.3,155.806,93711.70635
BNBUSDT,1775582100000,2026-04-07 17:15:00,2026-04-08 02:15:00,601.3,601.75,601.1,601.75,247.647,148944.83183
BNBUSDT,1775582400000,2026-04-07 17:20:00,2026-04-08 02:20:00,601.74,602.64,601.15,602.45,258.085,155336.68403
BNBUSDT,1775582700000,2026-04-07 17:25:00,2026-04-08 02:25:00,602.45,602.75,602.38,602.75,120.628,72681.32003
BNBUSDT,1775583000000,2026-04-07 17:30:00,2026-04-08 02:30:00,602.75,603.71,602.74,603.54,376.622,227229.95324
BNBUSDT,1775583300000,2026-04-07 17:35:00,2026-04-08 02:35:00,603.54,607.07,603.54,605,1913.914,1158825.82113
BNBUSDT,1775583600000,2026-04-07 17:40:00,2026-04-08 02:40:00,605,605.8,604.76,604.77,289.728,175361.47223
BNBUSDT,1775583900000,2026-04-07 17:45:00,2026-04-08 02:45:00,604.77,605.18,604.49,604.84,283.616,171529.55075
BNBUSDT,1775584200000,2026-04-07 17:50:00,2026-04-08 02:50:00,604.85,605.17,604.58,604.6,402.695,243594.3216
BNBUSDT,1775584500000,2026-04-07 17:55:00,2026-04-08 02:55:00,604.6,604.69,604.37,604.6,115.505,69831.34756
BNBUSDT,1775584800000,2026-04-07 18:00:00,2026-04-08 03:00:00,604.59,604.83,604.18,604.19,103.071,62320.08222
BNBUSDT,1775585100000,2026-04-07 18:05:00,2026-04-08 03:05:00,604.18,604.35,603.87,604.1,185.461,112048.30545
BNBUSDT,1775585400000,2026-04-07 18:10:00,2026-04-08 03:10:00,604.1,604.54,603.78,604.44,213.099,128748.21958
BNBUSDT,1775585700000,2026-04-07 18:15:00,2026-04-08 03:15:00,604.43,604.59,604.16,604.36,199.537,120602.02583
BNBUSDT,1775586000000,2026-04-07 18:20:00,2026-04-08 03:20:00,604.36,604.4,603.93,604,140.83,85084.04124
BNBUSDT,1775586300000,2026-04-07 18:25:00,2026-04-08 03:25:00,604.01,604.65,603.93,604.62,71.295,43095.51495
BNBUSDT,1775586600000,2026-04-07 18:30:00,2026-04-08 03:30:00,604.62,604.77,604.51,604.65,154.942,93679.1225
BNBUSDT,1775586900000,2026-04-07 18:35:00,2026-04-08 03:35:00,604.65,604.65,603.84,603.96,126.65,76525.4107
BNBUSDT,1775587200000,2026-04-07 18:40:00,2026-04-08 03:40:00,603.96,604.04,603.27,603.67,222.263,134152.92792
BNBUSDT,1775587500000,2026-04-07 18:45:00,2026-04-08 03:45:00,603.66,603.67,603.31,603.47,349.277,210782.42589
BNBUSDT,1775587800000,2026-04-07 18:50:00,2026-04-08 03:50:00,603.47,603.58,602.64,603.1,466.973,281587.08481
BNBUSDT,1775588100000,2026-04-07 18:55:00,2026-04-08 03:55:00,603.1,603.42,602.65,603.35,195.753,118054.21115
BNBUSDT,1775588400000,2026-04-07 19:00:00,2026-04-08 04:00:00,603.35,603.74,603.11,603.53,221.341,133582.70244
BNBUSDT,1775588700000,2026-04-07 19:05:00,2026-04-08 04:05:00,603.54,604.53,603.13,603.66,249.038,150350.19008
BNBUSDT,1775589000000,2026-04-07 19:10:00,2026-04-08 04:10:00,603.66,604.11,603.57,604.11,124.023,74890.38837
BNBUSDT,1775589300000,2026-04-07 19:15:00,2026-04-08 04:15:00,604.11,605.36,604.11,605.33,331.464,200394.69644
BNBUSDT,1775589600000,2026-04-07 19:20:00,2026-04-08 04:20:00,605.33,606,604.36,604.71,438.568,265427.72194
BNBUSDT,1775589900000,2026-04-07 19:25:00,2026-04-08 04:25:00,604.72,605.22,604.55,605.16,128.646,77819.60028
BNBUSDT,1775590200000,2026-04-07 19:30:00,2026-04-08 04:30:00,605.16,605.16,604.37,604.41,149.413,90371.79407
BNBUSDT,1775590500000,2026-04-07 19:35:00,2026-04-08 04:35:00,604.41,604.73,604,604.52,250.532,151389.52886
BNBUSDT,1775590800000,2026-04-07 19:40:00,2026-04-08 04:40:00,604.52,605.06,604.42,604.88,240.522,145449.66377
BNBUSDT,1775591100000,2026-04-07 19:45:00,2026-04-08 04:45:00,604.88,607.66,604.75,607.03,2034.219,1234319.78195
BNBUSDT,1775591400000,2026-04-07 19:50:00,2026-04-08 04:50:00,607.03,609,607.03,608.03,3523,2142441.03382
BNBUSDT,1775591700000,2026-04-07 19:55:00,2026-04-08 04:55:00,608.03,609.05,608.03,608.41,682.91,415579.6421
BNBUSDT,1775592000000,2026-04-07 20:00:00,2026-04-08 05:00:00,608.41,609.9,608.41,608.98,1587.106,967127.84208
BNBUSDT,1775592300000,2026-04-07 20:05:00,2026-04-08 05:05:00,608.99,609.8,608.48,609.05,772.902,470631.21621
BNBUSDT,1775592600000,2026-04-07 20:10:00,2026-04-08 05:10:00,609.05,609.29,608.45,608.71,129.217,78661.87038
BNBUSDT,1775592900000,2026-04-07 20:15:00,2026-04-08 05:15:00,608.71,609,607.76,608.09,253.448,154147.3535
BNBUSDT,1775593200000,2026-04-07 20:20:00,2026-04-08 05:20:00,608.1,608.14,607.64,607.81,234.842,142753.33319
BNBUSDT,1775593500000,2026-04-07 20:25:00,2026-04-08 05:25:00,607.81,608.14,607.6,608.08,87.322,53082.80923
BNBUSDT,1775593800000,2026-04-07 20:30:00,2026-04-08 05:30:00,608.09,608.83,608.08,608.51,160.135,97428.2258
BNBUSDT,1775594100000,2026-04-07 20:35:00,2026-04-08 05:35:00,608.52,608.56,607.84,608.18,206.822,125785.39172
BNBUSDT,1775594400000,2026-04-07 20:40:00,2026-04-08 05:40:00,608.19,608.94,607.94,608.05,114.187,69476.36099
BNBUSDT,1775594700000,2026-04-07 20:45:00,2026-04-08 05:45:00,608.04,608.13,607.6,607.66,65.33,39713.77464
BNBUSDT,1775595000000,2026-04-07 20:50:00,2026-04-08 05:50:00,607.66,607.9,607.23,607.24,214.151,130117.48582
BNBUSDT,1775595300000,2026-04-07 20:55:00,2026-04-08 05:55:00,607.23,607.99,607.23,607.86,142.879,86824.71071
BNBUSDT,1775595600000,2026-04-07 21:00:00,2026-04-08 06:00:00,607.87,608.58,607.87,608.58,167.359,101789.37503
BNBUSDT,1775595900000,2026-04-07 21:05:00,2026-04-08 06:05:00,608.58,611.92,608.58,611.34,1604.415,979519.72778
BNBUSDT,1775596200000,2026-04-07 21:10:00,2026-04-08 06:10:00,611.34,613.83,611.34,611.84,1784.294,1093414.57081
BNBUSDT,1775596500000,2026-04-07 21:15:00,2026-04-08 06:15:00,611.85,612.34,610.23,610.84,742.571,453900.78458
BNBUSDT,1775596800000,2026-04-07 21:20:00,2026-04-08 06:20:00,610.85,611.04,610.39,610.4,249.041,152106.81033
BNBUSDT,1775597100000,2026-04-07 21:25:00,2026-04-08 06:25:00,610.39,610.4,609,609.91,241.654,147318.04507
BNBUSDT,1775597400000,2026-04-07 21:30:00,2026-04-08 06:30:00,609.91,610.53,609.9,610.29,359.512,219412.62076
BNBUSDT,1775597700000,2026-04-07 21:35:00,2026-04-08 06:35:00,610.29,611.95,610.29,611.9,617.961,377704.87296
BNBUSDT,1775598000000,2026-04-07 21:40:00,2026-04-08 06:40:00,611.9,612.11,611.05,612.11,239.104,146240.00523
BNBUSDT,1775598300000,2026-04-07 21:45:00,2026-04-08 06:45:00,612.11,612.96,611.4,611.56,591.681,362297.12025
BNBUSDT,1775598600000,2026-04-07 21:50:00,2026-04-08 06:50:00,611.56,613.05,611.26,612.15,818.969,501301.47383
BNBUSDT,1775598900000,2026-04-07 21:55:00,2026-04-08 06:55:00,612.16,612.17,611.33,611.9,299.686,183348.22232
BNBUSDT,1775599200000,2026-04-07 22:00:00,2026-04-08 07:00:00,611.9,613.36,611.9,612.88,1417.054,868354.70781
BNBUSDT,1775599500000,2026-04-07 22:05:00,2026-04-08 07:05:00,612.88,615.43,612.45,612.54,2109.463,1295645.88874
BNBUSDT,1775599800000,2026-04-07 22:10:00,2026-04-08 07:10:00,612.55,613.67,612.21,613.58,737.352,451937.10893
BNBUSDT,1775600100000,2026-04-07 22:15:00,2026-04-08 07:15:00,613.58,614.48,612.89,613.23,848.151,520344.46852
BNBUSDT,1775600400000,2026-04-07 22:20:00,2026-04-08 07:20:00,613.24,614.5,612.76,614.31,616.523,378336.84835
BNBUSDT,1775600700000,2026-04-07 22:25:00,2026-04-08 07:25:00,614.32,614.76,613.91,614.27,385.945,237117.64413
BNBUSDT,1775601000000,2026-04-07 22:30:00,2026-04-08 07:30:00,614.28,617.94,614.25,617.3,5687.353,3507636.58082
BNBUSDT,1775601300000,2026-04-07 22:35:00,2026-04-08 07:35:00,617.31,619.35,616.68,617.23,2165.928,1339187.0789
BNBUSDT,1775601600000,2026-04-07 22:40:00,2026-04-08 07:40:00,617.23,618.27,614.2,615.49,2431.016,1496645.36763
BNBUSDT,1775601900000,2026-04-07 22:45:00,2026-04-08 07:45:00,615.48,617.29,615.24,617.28,985.214,607366.51817
BNBUSDT,1775602200000,2026-04-07 22:50:00,2026-04-08 07:50:00,617.28,618.7,617.02,618.1,884.446,546601.27761
BNBUSDT,1775602500000,2026-04-07 22:55:00,2026-04-08 07:55:00,618.12,619.5,617.07,619.46,4495.854,2777779.53149
BNBUSDT,1775602800000,2026-04-07 23:00:00,2026-04-08 08:00:00,619.46,620.37,617.35,617.92,3530.689,2186316.41293
BNBUSDT,1775603100000,2026-04-07 23:05:00,2026-04-08 08:05:00,617.87,619.21,617.03,618.95,1323.791,818169.96396
BNBUSDT,1775603400000,2026-04-07 23:10:00,2026-04-08 08:10:00,618.94,620.23,618.48,618.9,943.845,584530.6101
BNBUSDT,1775603700000,2026-04-07 23:15:00,2026-04-08 08:15:00,618.91,619.24,617.42,618.92,1191.089,736531.09024
BNBUSDT,1775604000000,2026-04-07 23:20:00,2026-04-08 08:20:00,618.92,622.59,618.92,621.45,2585.133,1605494.78751
BNBUSDT,1775604300000,2026-04-07 23:25:00,2026-04-08 08:25:00,621.45,624.78,621.29,624.7,2608.236,1624372.23255
BNBUSDT,1775604600000,2026-04-07 23:30:00,2026-04-08 08:30:00,624.71,624.85,622.85,622.95,1450.995,905253.99094
BNBUSDT,1775604900000,2026-04-07 23:35:00,2026-04-08 08:35:00,622.95,623.2,621.28,621.54,1416.7,881518.22689
BNBUSDT,1775605200000,2026-04-07 23:40:00,2026-04-08 08:40:00,621.56,622.42,620.68,621.38,1555.892,966824.96625
BNBUSDT,1775605500000,2026-04-07 23:45:00,2026-04-08 08:45:00,621.38,622.61,621.05,622.41,1740.187,1082235.55468
BNBUSDT,1775605800000,2026-04-07 23:50:00,2026-04-08 08:50:00,622.41,622.7,621,621.25,2509.228,1559993.2273
BNBUSDT,1775606100000,2026-04-07 23:55:00,2026-04-08 08:55:00,621.24,621.3,620.07,620.1,1145.805,710988.39815
BNBUSDT,1775606400000,2026-04-08 00:00:00,2026-04-08 09:00:00,620.11,621.46,619.86,620.14,1987.924,1233578.28375
BNBUSDT,1775606700000,2026-04-08 00:05:00,2026-04-08 09:05:00,620.13,621.43,619.86,620.13,1021.587,634113.82735
BNBUSDT,1775607000000,2026-04-08 00:10:00,2026-04-08 09:10:00,620.14,620.2,619.44,619.66,916.246,567932.8838
BNBUSDT,1775607300000,2026-04-08 00:15:00,2026-04-08 09:15:00,619.65,619.96,618.96,619.21,952.058,589609.53038
BNBUSDT,1775607600000,2026-04-08 00:20:00,2026-04-08 09:20:00,619.2,619.32,618.04,618.41,629.805,389540.58204
BNBUSDT,1775607900000,2026-04-08 00:25:00,2026-04-08 09:25:00,618.4,618.78,617.86,617.88,455.668,281743.77144
BNBUSDT,1775608200000,2026-04-08 00:30:00,2026-04-08 09:30:00,617.88,617.97,615.5,615.75,1910.734,1178189.49261
BNBUSDT,1775608500000,2026-04-08 00:35:00,2026-04-08 09:35:00,615.76,617.19,615.45,616.96,815.779,502586.71723
BNBUSDT,1775608800000,2026-04-08 00:40:00,2026-04-08 09:40:00,616.96,617.98,616.36,616.45,936.066,577867.53665
BNBUSDT,1775609100000,2026-04-08 00:45:00,2026-04-08 09:45:00,616.45,616.52,615.02,615.93,824.272,507447.60596
BNBUSDT,1775609400000,2026-04-08 00:50:00,2026-04-08 09:50:00,615.94,617.12,615.79,616.06,787.011,485236.9927
BNBUSDT,1775609700000,2026-04-08 00:55:00,2026-04-08 09:55:00,616.05,617.5,615.94,617.5,483.238,297993.36644
BNBUSDT,1775610000000,2026-04-08 01:00:00,2026-04-08 10:00:00,617.5,617.98,616.91,616.92,1056.524,652384.5657
BNBUSDT,1775610300000,2026-04-08 01:05:00,2026-04-08 10:05:00,616.92,618.77,616.64,618.77,1133.154,699574.17686
BNBUSDT,1775610600000,2026-04-08 01:10:00,2026-04-08 10:10:00,618.77,618.92,618.42,618.82,323.17,199977.68236
BNBUSDT,1775610900000,2026-04-08 01:15:00,2026-04-08 10:15:00,618.83,618.89,617.41,617.75,518.958,320798.91449
BNBUSDT,1775611200000,2026-04-08 01:20:00,2026-04-08 10:20:00,617.74,617.95,616.55,616.55,564.587,348420.06798
BNBUSDT,1775611500000,2026-04-08 01:25:00,2026-04-08 10:25:00,616.56,616.65,615.87,616.14,296.555,182767.06058
BNBUSDT,1775611800000,2026-04-08 01:30:00,2026-04-08 10:30:00,616.14,616.15,615.8,615.85,411.173,253249.2659
BNBUSDT,1775612100000,2026-04-08 01:35:00,2026-04-08 10:35:00,615.85,616.5,615.83,616,703.86,433636.39015
BNBUSDT,1775612400000,2026-04-08 01:40:00,2026-04-08 10:40:00,616.01,616.63,615.82,615.95,270.839,166905.8985
BNBUSDT,1775612700000,2026-04-08 01:45:00,2026-04-08 10:45:00,615.96,616.43,615.85,615.85,595.754,367086.32512
BNBUSDT,1775613000000,2026-04-08 01:50:00,2026-04-08 10:50:00,615.86,616.35,615.68,615.72,206.497,127191.31491
BNBUSDT,1775613300000,2026-04-08 01:55:00,2026-04-08 10:55:00,615.73,616.12,615.63,616,272.921,168076.11886
BNBUSDT,1775613600000,2026-04-08 02:00:00,2026-04-08 11:00:00,616.01,616.57,615.35,615.95,436.524,268935.00159
BNBUSDT,1775613900000,2026-04-08 02:05:00,2026-04-08 11:05:00,615.94,616.52,615.38,616.52,1102.213,678754.52544
BNBUSDT,1775614200000,2026-04-08 02:10:00,2026-04-08 11:10:00,616.53,617.44,616.52,617.05,412.764,254689.31209
BNBUSDT,1775614500000,2026-04-08 02:15:00,2026-04-08 11:15:00,617.06,617.2,616.22,616.22,306.848,189267.32982
BNBUSDT,1775614800000,2026-04-08 02:20:00,2026-04-08 11:20:00,616.23,616.32,615.52,615.78,913.925,562736.65748
BNBUSDT,1775615100000,2026-04-08 02:25:00,2026-04-08 11:25:00,615.79,615.83,615.56,615.82,352.347,216938.04486
BNBUSDT,1775615400000,2026-04-08 02:30:00,2026-04-08 11:30:00,615.81,615.83,614.95,615.43,774.62,476771.28374
BNBUSDT,1775615700000,2026-04-08 02:35:00,2026-04-08 11:35:00,615.44,615.5,614.89,615.29,338.054,207996.32485
BNBUSDT,1775616000000,2026-04-08 02:40:00,2026-04-08 11:40:00,615.28,615.33,614.96,615.04,372.989,229445.14522
BNBUSDT,1775616300000,2026-04-08 02:45:00,2026-04-08 11:45:00,615.04,615.44,614.86,615.44,309.631,190418.03722
BNBUSDT,1775616600000,2026-04-08 02:50:00,2026-04-08 11:50:00,615.45,615.5,615.13,615.18,1422.611,875574.18382
BNBUSDT,1775616900000,2026-04-08 02:55:00,2026-04-08 11:55:00,615.17,615.29,615,615.28,200.774,123492.8338
BNBUSDT,1775617200000,2026-04-08 03:00:00,2026-04-08 12:00:00,615.29,615.74,615.26,615.65,503.256,309762.44881
BNBUSDT,1775617500000,2026-04-08 03:05:00,2026-04-08 12:05:00,615.65,615.65,614.97,615.37,328.833,202317.16596
BNBUSDT,1775617800000,2026-04-08 03:10:00,2026-04-08 12:10:00,615.37,615.37,615.08,615.17,185.284,113992.0415
BNBUSDT,1775618100000,2026-04-08 03:15:00,2026-04-08 12:15:00,615.17,615.17,614.01,614.02,1295.506,796110.16886
BNBUSDT,1775618400000,2026-04-08 03:20:00,2026-04-08 12:20:00,614.02,615.05,614,614.91,1051.207,645939.55759
BNBUSDT,1775618700000,2026-04-08 03:25:00,2026-04-08 12:25:00,614.91,615.83,614.72,615.83,328.117,201868.19392
BNBUSDT,1775619000000,2026-04-08 03:30:00,2026-04-08 12:30:00,615.82,615.82,615.37,615.37,186.545,114832.03954
BNBUSDT,1775619300000,2026-04-08 03:35:00,2026-04-08 12:35:00,615.37,615.58,615.16,615.3,172.584,106201.92241
BNBUSDT,1775619600000,2026-04-08 03:40:00,2026-04-08 12:40:00,615.3,615.79,615.24,615.61,161.232,99247.30639
BNBUSDT,1775619900000,2026-04-08 03:45:00,2026-04-08 12:45:00,615.61,615.61,614.14,614.15,1215.486,747342.0372
BNBUSDT,1775620200000,2026-04-08 03:50:00,2026-04-08 12:50:00,614.14,614.15,612.92,613.32,1640.026,1006024.98264
BNBUSDT,1775620500000,2026-04-08 03:55:00,2026-04-08 12:55:00,613.32,613.38,613.05,613.29,311.102,190796.06606
BNBUSDT,1775620800000,2026-04-08 04:00:00,2026-04-08 13:00:00,613.29,613.91,613.21,613.79,447.245,274409.88361
BNBUSDT,1775621100000,2026-04-08 04:05:00,2026-04-08 13:05:00,613.79,615.52,613.79,614.62,2019.254,1241004.47283
BNBUSDT,1775621400000,2026-04-08 04:10:00,2026-04-08 13:10:00,614.62,614.84,614.54,614.84,694.24,426757.43827
BNBUSDT,1775621700000,2026-04-08 04:15:00,2026-04-08 13:15:00,614.83,615.13,614.81,614.92,795.253,489008.75363
BNBUSDT,1775622000000,2026-04-08 04:20:00,2026-04-08 13:20:00,614.93,615.06,614.61,615,512.745,315263.25495
BNBUSDT,1775622300000,2026-04-08 04:25:00,2026-04-08 13:25:00,614.99,615.28,614.91,615.18,560.646,344919.46988
BNBUSDT,1775622600000,2026-04-08 04:30:00,2026-04-08 13:30:00,615.17,615.2,614.78,614.84,349.164,214734.42032
BNBUSDT,1775622900000,2026-04-08 04:35:00,2026-04-08 13:35:00,614.85,615.87,614.85,615.4,467.877,287888.09464
BNBUSDT,1775623200000,2026-04-08 04:40:00,2026-04-08 13:40:00,615.4,616,614.1,615.53,2101.786,1292529.84656
BNBUSDT,1775623500000,2026-04-08 04:45:00,2026-04-08 13:45:00,615.53,615.78,615.31,615.31,245.51,151141.36305
BNBUSDT,1775623800000,2026-04-08 04:50:00,2026-04-08 13:50:00,615.32,615.58,615.08,615.36,448.201,275784.61861
BNBUSDT,1775624100000,2026-04-08 04:55:00,2026-04-08 13:55:00,615.36,615.81,615.13,615.22,550.465,338817.79284
BNBUSDT,1775624400000,2026-04-08 05:00:00,2026-04-08 14:00:00,615.22,615.65,615.21,615.55,375.255,230935.55575
BNBUSDT,1775624700000,2026-04-08 05:05:00,2026-04-08 14:05:00,615.54,616.12,615.54,616.04,566.709,349036.39893
BNBUSDT,1775625000000,2026-04-08 05:10:00,2026-04-08 14:10:00,616.04,616.23,615.72,615.95,487.064,300015.03186
BNBUSDT,1775625300000,2026-04-08 05:15:00,2026-04-08 14:15:00,615.96,616.13,615.6,615.91,481.273,296383.02878
BNBUSDT,1775625600000,2026-04-08 05:20:00,2026-04-08 14:20:00,615.91,616.7,615.9,616.7,536.737,330775.55586
BNBUSDT,1775625900000,2026-04-08 05:25:00,2026-04-08 14:25:00,616.7,616.73,616.11,616.22,884.946,545535.14209
BNBUSDT,1775626200000,2026-04-08 05:30:00,2026-04-08 14:30:00,616.22,616.48,616.17,616.18,416.783,256882.69068
BNBUSDT,1775626500000,2026-04-08 05:35:00,2026-04-08 14:35:00,616.18,616.21,615.86,616.1,395.144,243432.73857
BNBUSDT,1775626800000,2026-04-08 05:40:00,2026-04-08 14:40:00,616.09,616.4,615.64,615.84,361.052,222406.77365
BNBUSDT,1775627100000,2026-04-08 05:45:00,2026-04-08 14:45:00,615.85,615.9,615.36,615.89,189.616,116737.54797
BNBUSDT,1775627400000,2026-04-08 05:50:00,2026-04-08 14:50:00,615.89,616.8,615.88,616.14,298.963,184303.38072
BNBUSDT,1775627700000,2026-04-08 05:55:00,2026-04-08 14:55:00,616.13,616.23,615.83,615.93,191.369,117887.21312
BNBUSDT,1775628000000,2026-04-08 06:00:00,2026-04-08 15:00:00,615.93,615.98,615.13,615.41,320.072,197005.43056
BNBUSDT,1775628300000,2026-04-08 06:05:00,2026-04-08 15:05:00,615.42,616.37,615.42,616.27,282.078,173775.57694
BNBUSDT,1775628600000,2026-04-08 06:10:00,2026-04-08 15:10:00,616.26,617.11,616.26,616.76,445.306,274659.37557
BNBUSDT,1775628900000,2026-04-08 06:15:00,2026-04-08 15:15:00,616.77,617.28,616.19,617.26,346.875,213926.7114
BNBUSDT,1775629200000,2026-04-08 06:20:00,2026-04-08 15:20:00,617.25,617.4,616.25,616.4,869.726,536380.24459
BNBUSDT,1775629500000,2026-04-08 06:25:00,2026-04-08 15:25:00,616.4,616.68,616.18,616.27,371.772,229156.11097
BNBUSDT,1775629800000,2026-04-08 06:30:00,2026-04-08 15:30:00,616.27,616.27,615.52,615.52,258.799,159373.11457
BNBUSDT,1775630100000,2026-04-08 06:35:00,2026-04-08 15:35:00,615.52,615.69,615.21,615.21,273.066,168077.22043
BNBUSDT,1775630400000,2026-04-08 06:40:00,2026-04-08 15:40:00,615.21,615.21,614.84,615.06,480.321,295387.86277
BNBUSDT,1775630700000,2026-04-08 06:45:00,2026-04-08 15:45:00,615.05,615.29,614.5,614.53,350.707,215687.21933
BNBUSDT,1775631000000,2026-04-08 06:50:00,2026-04-08 15:50:00,614.54,614.65,613.9,614.31,713.368,438191.32097
BNBUSDT,1775631300000,2026-04-08 06:55:00,2026-04-08 15:55:00,614.31,614.31,613.94,614,225.799,138651.30421
BNBUSDT,1775631600000,2026-04-08 07:00:00,2026-04-08 16:00:00,614,614,613.29,613.29,229.104,140582.39844
BNBUSDT,1775631900000,2026-04-08 07:05:00,2026-04-08 16:05:00,613.3,613.64,613.29,613.57,583.981,358291.30021
BNBUSDT,1775632200000,2026-04-08 07:10:00,2026-04-08 16:10:00,613.58,614.63,613.5,614.3,789.933,484971.91003
BNBUSDT,1775632500000,2026-04-08 07:15:00,2026-04-08 16:15:00,614.3,614.3,613,613.69,1289.364,791038.13176
BNBUSDT,1775632800000,2026-04-08 07:20:00,2026-04-08 16:20:00,613.69,614.96,613.69,614.6,634.193,389567.144
BNBUSDT,1775633100000,2026-04-08 07:25:00,2026-04-08 16:25:00,614.59,614.94,614.31,614.34,355.409,218428.06564
BNBUSDT,1775633400000,2026-04-08 07:30:00,2026-04-08 16:30:00,614.34,614.34,612.93,613.19,219.533,134618.15997
BNBUSDT,1775633700000,2026-04-08 07:35:00,2026-04-08 16:35:00,613.2,613.39,612.06,612.2,916.179,561328.5512
BNBUSDT,1775634000000,2026-04-08 07:40:00,2026-04-08 16:40:00,612.2,612.85,612.02,612.59,741.434,454074.37964
BNBUSDT,1775634300000,2026-04-08 07:45:00,2026-04-08 16:45:00,612.6,612.6,612.36,612.55,220.616,135130.81667
BNBUSDT,1775634600000,2026-04-08 07:50:00,2026-04-08 16:50:00,612.55,612.92,612.54,612.81,188.605,115569.89337
BNBUSDT,1775634900000,2026-04-08 07:55:00,2026-04-08 16:55:00,612.8,613.24,612.63,613.24,274.827,168446.69524
BNBUSDT,1775635200000,2026-04-08 08:00:00,2026-04-08 17:00:00,613.24,613.86,612.05,613.2,2552.56,1564339.02597
BNBUSDT,1775635500000,2026-04-08 08:05:00,2026-04-08 17:05:00,613.21,613.42,612.69,612.84,1000.078,613120.80553
BNBUSDT,1775635800000,2026-04-08 08:10:00,2026-04-08 17:10:00,612.84,613.06,612.19,612.96,735.932,450865.6656
BNBUSDT,1775636100000,2026-04-08 08:15:00,2026-04-08 17:15:00,612.95,613.47,612.62,613.41,938.845,575499.74472
BNBUSDT,1775636400000,2026-04-08 08:20:00,2026-04-08 17:20:00,613.42,613.42,612.74,612.83,204.207,125170.9302
BNBUSDT,1775636700000,2026-04-08 08:25:00,2026-04-08 17:25:00,612.83,612.86,612.5,612.69,221.246,135559.15872
BNBUSDT,1775637000000,2026-04-08 08:30:00,2026-04-08 17:30:00,612.68,613.02,612.54,613.02,221.801,135907.4777
BNBUSDT,1775637300000,2026-04-08 08:35:00,2026-04-08 17:35:00,613.01,613.02,611.87,612.38,503.363,308222.87574
BNBUSDT,1775637600000,2026-04-08 08:40:00,2026-04-08 17:40:00,612.38,612.38,611.35,611.99,515.05,315140.74633
BNBUSDT,1775637900000,2026-04-08 08:45:00,2026-04-08 17:45:00,611.99,612.85,611.99,612.67,381.881,233858.22057
BNBUSDT,1775638200000,2026-04-08 08:50:00,2026-04-08 17:50:00,612.67,612.82,612.19,612.25,445.59,272908.32742
BNBUSDT,1775638500000,2026-04-08 08:55:00,2026-04-08 17:55:00,612.24,612.8,612.18,612.8,526.221,322260.51127
BNBUSDT,1775638800000,2026-04-08 09:00:00,2026-04-08 18:00:00,612.8,613.58,612.72,613.53,317.326,194575.28802
BNBUSDT,1775639100000,2026-04-08 09:05:00,2026-04-08 18:05:00,613.53,614,613.38,613.62,475.034,291511.0804
BNBUSDT,1775639400000,2026-04-08 09:10:00,2026-04-08 18:10:00,613.62,614.54,613.62,614.25,271.171,166569.65322
BNBUSDT,1775639700000,2026-04-08 09:15:00,2026-04-08 18:15:00,614.25,614.26,613.37,614.26,317.974,195180.05246
BNBUSDT,1775640000000,2026-04-08 09:20:00,2026-04-08 18:20:00,614.26,614.26,613.71,613.87,389.174,238913.11547
BNBUSDT,1775640300000,2026-04-08 09:25:00,2026-04-08 18:25:00,613.87,613.87,613.16,613.17,490.882,301144.00099
BNBUSDT,1775640600000,2026-04-08 09:30:00,2026-04-08 18:30:00,613.17,613.5,612.53,612.65,1000.534,613464.92757
BNBUSDT,1775640900000,2026-04-08 09:35:00,2026-04-08 18:35:00,612.66,612.74,611.83,612.03,703.841,430930.1662
BNBUSDT,1775641200000,2026-04-08 09:40:00,2026-04-08 18:40:00,612.02,612.09,611.4,611.45,314.202,192221.06615
BNBUSDT,1775641500000,2026-04-08 09:45:00,2026-04-08 18:45:00,611.45,611.78,611.45,611.7,290.589,177744.43334
BNBUSDT,1775641800000,2026-04-08 09:50:00,2026-04-08 18:50:00,611.71,612.06,611.59,611.66,443.485,271326.71148
BNBUSDT,1775642100000,2026-04-08 09:55:00,2026-04-08 18:55:00,611.67,611.85,611.66,611.75,94.066,57544.92737
BNBUSDT,1775642400000,2026-04-08 10:00:00,2026-04-08 19:00:00,611.76,612.54,611.76,612.04,298.859,182955.86298
BNBUSDT,1775642700000,2026-04-08 10:05:00,2026-04-08 19:05:00,612.03,612.75,611.74,612.15,351.15,215073.01724
BNBUSDT,1775643000000,2026-04-08 10:10:00,2026-04-08 19:10:00,612.14,612.14,611.41,611.88,144.277,88281.54162
BNBUSDT,1775643300000,2026-04-08 10:15:00,2026-04-08 19:15:00,611.89,612.25,611.88,612.25,115.998,70997.64772
BNBUSDT,1775643600000,2026-04-08 10:20:00,2026-04-08 19:20:00,612.25,612.67,612.12,612.67,250.143,153190.59085
BNBUSDT,1775643900000,2026-04-08 10:25:00,2026-04-08 19:25:00,612.66,612.97,612.6,612.74,151.689,92942.82608
BNBUSDT,1775644200000,2026-04-08 10:30:00,2026-04-08 19:30:00,612.74,612.76,611.2,611.39,2267.72,1387986.91911
BNBUSDT,1775644500000,2026-04-08 10:35:00,2026-04-08 19:35:00,611.39,611.76,611.39,611.7,116.009,70950.91135
BNBUSDT,1775644800000,2026-04-08 10:40:00,2026-04-08 19:40:00,611.7,611.98,611.48,611.96,382.531,233954.47042
BNBUSDT,1775645100000,2026-04-08 10:45:00,2026-04-08 19:45:00,611.96,612.48,611.95,612.33,230.5,141115.47905
BNBUSDT,1775645400000,2026-04-08 10:50:00,2026-04-08 19:50:00,612.34,612.58,612.31,612.58,125.411,76802.99893
BNBUSDT,1775645700000,2026-04-08 10:55:00,2026-04-08 19:55:00,612.57,612.57,611.92,611.93,120.38,73695.9184
BNBUSDT,1775646000000,2026-04-08 11:00:00,2026-04-08 20:00:00,611.92,612.34,611.62,612.27,400.961,245413.61966
BNBUSDT,1775646300000,2026-04-08 11:05:00,2026-04-08 20:05:00,612.27,612.56,612.15,612.56,142.574,87300.45894
BNBUSDT,1775646600000,2026-04-08 11:10:00,2026-04-08 20:10:00,612.55,612.79,612.52,612.53,147.641,90445.45241
BNBUSDT,1775646900000,2026-04-08 11:15:00,2026-04-08 20:15:00,612.53,612.69,612.48,612.55,230.301,141076.78045
BNBUSDT,1775647200000,2026-04-08 11:20:00,2026-04-08 20:20:00,612.55,612.55,611.76,612.26,252.77,154706.77119
BNBUSDT,1775647500000,2026-04-08 11:25:00,2026-04-08 20:25:00,612.26,612.97,612.26,612.92,275.813,168978.79796
BNBUSDT,1775647800000,2026-04-08 11:30:00,2026-04-08 20:30:00,612.92,612.92,612.31,612.86,522.317,319966.87055
BNBUSDT,1775648100000,2026-04-08 11:35:00,2026-04-08 20:35:00,612.87,612.87,610.89,611.42,611.373,373881.77132
BNBUSDT,1775648400000,2026-04-08 11:40:00,2026-04-08 20:40:00,611.42,611.78,611.24,611.24,226.448,138473.22996
BNBUSDT,1775648700000,2026-04-08 11:45:00,2026-04-08 20:45:00,611.24,611.61,611.09,611.49,514.306,314445.77451
BNBUSDT,1775649000000,2026-04-08 11:50:00,2026-04-08 20:50:00,611.5,612.9,611.5,612.9,472.461,289279.47556
BNBUSDT,1775649300000,2026-04-08 11:55:00,2026-04-08 20:55:00,612.9,612.9,612.82,612.83,140.777,86275.02229
BNBUSDT,1775649600000,2026-04-08 12:00:00,2026-04-08 21:00:00,612.83,613,612.4,612.67,554.86,339955.39124
BNBUSDT,1775649900000,2026-04-08 12:05:00,2026-04-08 21:05:00,612.68,614.2,612.6,613.77,662.898,406671.97818
BNBUSDT,1775650200000,2026-04-08 12:10:00,2026-04-08 21:10:00,613.78,613.91,612.7,613.51,1836.213,1126107.66093
BNBUSDT,1775650500000,2026-04-08 12:15:00,2026-04-08 21:15:00,613.51,613.52,613.05,613.13,411.521,252375.28833
BNBUSDT,1775650800000,2026-04-08 12:20:00,2026-04-08 21:20:00,613.13,613.15,611.53,612.05,1360.228,832741.9425
BNBUSDT,1775651100000,2026-04-08 12:25:00,2026-04-08 21:25:00,612.06,612.53,612.04,612.53,337.555,206678.89694
BNBUSDT,1775651400000,2026-04-08 12:30:00,2026-04-08 21:30:00,612.52,613.34,612.29,613.15,182.384,111746.05789
BNBUSDT,1775651700000,2026-04-08 12:35:00,2026-04-08 21:35:00,613.16,613.93,613.15,613.69,338.299,207564.44919
BNBUSDT,1775652000000,2026-04-08 12:40:00,2026-04-08 21:40:00,613.68,613.69,613.26,613.57,274.749,168542.73087
BNBUSDT,1775652300000,2026-04-08 12:45:00,2026-04-08 21:45:00,613.56,613.95,613.21,613.68,357.483,219329.76274
BNBUSDT,1775652600000,2026-04-08 12:50:00,2026-04-08 21:50:00,613.69,614.78,613.68,614.38,960.402,589998.63086
BNBUSDT,1775652900000,2026-04-08 12:55:00,2026-04-08 21:55:00,614.37,614.67,613.22,613.48,6964.174,4275573.06089
BNBUSDT,1775653200000,2026-04-08 13:00:00,2026-04-08 22:00:00,613.48,614.21,613.48,613.71,473.497,290655.3784
BNBUSDT,1775653500000,2026-04-08 13:05:00,2026-04-08 22:05:00,613.71,615.85,613.58,615.2,1334.538,820842.57674
BNBUSDT,1775653800000,2026-04-08 13:10:00,2026-04-08 22:10:00,615.2,615.2,613.76,613.79,1231.642,756803.6951
BNBUSDT,1775654100000,2026-04-08 13:15:00,2026-04-08 22:15:00,613.8,614.42,612.86,612.95,1603.058,983676.35095
BNBUSDT,1775654400000,2026-04-08 13:20:00,2026-04-08 22:20:00,612.96,613.17,612.16,613.03,1047.063,641297.80204
BNBUSDT,1775654700000,2026-04-08 13:25:00,2026-04-08 22:25:00,613.03,613.51,611.63,612.19,1929.361,1181545.44083
BNBUSDT,1775655000000,2026-04-08 13:30:00,2026-04-08 22:30:00,612.19,613.31,610.15,610.81,1656.13,1012683.81178
BNBUSDT,1775655300000,2026-04-08 13:35:00,2026-04-08 22:35:00,610.81,610.81,608.89,609.09,1331.722,812204.14435
BNBUSDT,1775655600000,2026-04-08 13:40:00,2026-04-08 22:40:00,609.1,609.68,608.79,609.07,589.139,358886.3214
BNBUSDT,1775655900000,2026-04-08 13:45:00,2026-04-08 22:45:00,609.06,610.76,608.99,610.39,757.667,462205.79857
BNBUSDT,1775656200000,2026-04-08 13:50:00,2026-04-08 22:50:00,610.4,610.52,606.49,606.5,5362.403,3260485.33349
BNBUSDT,1775656500000,2026-04-08 13:55:00,2026-04-08 22:55:00,606.49,607.33,606.25,607.31,1836.866,1114302.18671
BNBUSDT,1775656800000,2026-04-08 14:00:00,2026-04-08 23:00:00,607.3,607.79,607.15,607.5,559.225,339751.50164
BNBUSDT,1775657100000,2026-04-08 14:05:00,2026-04-08 23:05:00,607.5,608.16,606.05,606.23,1032.405,626814.77023
BNBUSDT,1775657400000,2026-04-08 14:10:00,2026-04-08 23:10:00,606.23,608.18,606,607.61,2937.03,1783575.28075
BNBUSDT,1775657700000,2026-04-08 14:15:00,2026-04-08 23:15:00,607.6,608.23,606.68,606.95,329.371,200160.68743
BNBUSDT,1775658000000,2026-04-08 14:20:00,2026-04-08 23:20:00,606.95,607.38,606.15,606.77,983.488,596959.07101
BNBUSDT,1775658300000,2026-04-08 14:25:00,2026-04-08 23:25:00,606.78,607.42,606.73,606.78,277.443,168427.06511
BNBUSDT,1775658600000,2026-04-08 14:30:00,2026-04-08 23:30:00,606.78,607.11,603.35,603.36,2961.194,1790979.59585
BNBUSDT,1775658900000,2026-04-08 14:35:00,2026-04-08 23:35:00,603.35,604.51,602.3,604.13,1236.723,746142.19239
BNBUSDT,1775659200000,2026-04-08 14:40:00,2026-04-08 23:40:00,604.14,604.66,603.5,603.69,770.624,465493.49934
BNBUSDT,1775659500000,2026-04-08 14:45:00,2026-04-08 23:45:00,603.68,604.09,602.26,603.68,760.757,458989.52858
BNBUSDT,1775659800000,2026-04-08 14:50:00,2026-04-08 23:50:00,603.69,603.74,602.02,602.59,703.454,423804.77834
BNBUSDT,1775660100000,2026-04-08 14:55:00,2026-04-08 23:55:00,602.59,602.6,601.16,602.59,963.279,579848.22185
BNBUSDT,1775660400000,2026-04-08 15:00:00,2026-04-09 00:00:00,602.6,603.41,602.33,603.22,430.901,259753.15594
BNBUSDT,1775660700000,2026-04-08 15:05:00,2026-04-09 00:05:00,603.22,603.5,601.88,601.89,633.928,382186.56063
BNBUSDT,1775661000000,2026-04-08 15:10:00,2026-04-09 00:10:00,601.89,603.16,601.69,603.15,304.729,183600.15589
BNBUSDT,1775661300000,2026-04-08 15:15:00,2026-04-09 00:15:00,603.16,604.19,602.81,604.19,522.938,315515.64728
BNBUSDT,1775661600000,2026-04-08 15:20:00,2026-04-09 00:20:00,604.19,604.59,604.01,604.28,515.665,311608.95777
BNBUSDT,1775661900000,2026-04-08 15:25:00,2026-04-09 00:25:00,604.29,604.49,604,604.4,320.512,193681.10331
BNBUSDT,1775662200000,2026-04-08 15:30:00,2026-04-09 00:30:00,604.41,604.67,604.3,604.6,329.371,199092.78719
BNBUSDT,1775662500000,2026-04-08 15:35:00,2026-04-09 00:35:00,604.6,605.58,604.6,605.12,688.695,416753.30861
BNBUSDT,1775662800000,2026-04-08 15:40:00,2026-04-09 00:40:00,605.11,605.3,604.73,605.19,268.616,162519.51837
BNBUSDT,1775663100000,2026-04-08 15:45:00,2026-04-09 00:45:00,605.19,605.8,605.19,605.6,494.994,299777.01709
BNBUSDT,1775663400000,2026-04-08 15:50:00,2026-04-09 00:50:00,605.6,605.7,605,605.37,1850.084,1120090.41423
BNBUSDT,1775663700000,2026-04-08 15:55:00,2026-04-09 00:55:00,605.37,605.76,605.2,605.35,179.644,108760.26461
BNBUSDT,1775664000000,2026-04-08 16:00:00,2026-04-09 01:00:00,605.34,605.72,605.16,605.56,811.875,491598.48833
BNBUSDT,1775664300000,2026-04-08 16:05:00,2026-04-09 01:05:00,605.57,605.75,605.53,605.57,427.753,259063.40122
BNBUSDT,1775664600000,2026-04-08 16:10:00,2026-04-09 01:10:00,605.57,606.31,605.55,606.09,416.014,252087.37594
BNBUSDT,1775664900000,2026-04-08 16:15:00,2026-04-09 01:15:00,606.1,606.62,605.91,606.51,388.878,235745.96539
BNBUSDT,1775665200000,2026-04-08 16:20:00,2026-04-09 01:20:00,606.51,606.8,606.3,606.79,265.928,161296.13191
BNBUSDT,1775665500000,2026-04-08 16:25:00,2026-04-09 01:25:00,606.79,606.81,606.48,606.53,325.582,197525.39059
BNBUSDT,1775665800000,2026-04-08 16:30:00,2026-04-09 01:30:00,606.54,606.54,605.79,606.43,320.257,194110.20929
BNBUSDT,1775666100000,2026-04-08 16:35:00,2026-04-09 01:35:00,606.43,606.91,606.43,606.9,232.289,140925.12949
BNBUSDT,1775666400000,2026-04-08 16:40:00,2026-04-09 01:40:00,606.9,607.19,605.96,605.96,1441.339,874121.42059
BNBUSDT,1775666700000,2026-04-08 16:45:00,2026-04-09 01:45:00,605.96,606.37,605,605.37,1863.273,1128245.1827
BNBUSDT,1775667000000,2026-04-08 16:50:00,2026-04-09 01:50:00,605.37,605.37,604.83,605.16,294.204,178005.85485
BNBUSDT,1775667300000,2026-04-08 16:55:00,2026-04-09 01:55:00,605.17,605.93,605.17,605.2,222.667,134815.07333
BNBUSDT,1775667600000,2026-04-08 17:00:00,2026-04-09 02:00:00,605.2,605.97,605.2,605.57,182.388,110454.47977
BNBUSDT,1775667900000,2026-04-08 17:05:00,2026-04-09 02:05:00,605.58,605.62,605.39,605.49,140.216,84895.72195
BNBUSDT,1775668200000,2026-04-08 17:10:00,2026-04-09 02:10:00,605.5,606.36,605.5,606.19,214.559,130050.30126
BNBUSDT,1775668500000,2026-04-08 17:15:00,2026-04-09 02:15:00,606.18,606.19,605.56,605.66,150.347,91075.22999
BNBUSDT,1775668800000,2026-04-08 17:20:00,2026-04-09 02:20:00,605.66,605.74,605.28,605.28,119.733,72506.70074
BNBUSDT,1775669100000,2026-04-08 17:25:00,2026-04-09 02:25:00,605.29,605.44,604.63,605.25,166.651,100821.96211
BNBUSDT,1775669400000,2026-04-08 17:30:00,2026-04-09 02:30:00,605.25,605.94,605.25,605.93,139.699,84619.89994
BNBUSDT,1775669700000,2026-04-08 17:35:00,2026-04-09 02:35:00,605.93,607.79,605.92,606.89,828.378,502601.95247
BNBUSDT,1775670000000,2026-04-08 17:40:00,2026-04-09 02:40:00,606.9,607.3,606.44,607.2,317.744,192791.12892
BNBUSDT,1775670300000,2026-04-08 17:45:00,2026-04-09 02:45:00,607.2,607.32,606.88,607.21,176.135,106932.94731
BNBUSDT,1775670600000,2026-04-08 17:50:00,2026-04-09 02:50:00,607.21,607.21,606.71,606.72,69.282,42053.1188
BNBUSDT,1775670900000,2026-04-08 17:55:00,2026-04-09 02:55:00,606.72,606.95,606.68,606.94,90.25,54763.97668
BNBUSDT,1775671200000,2026-04-08 18:00:00,2026-04-09 03:00:00,606.95,606.95,606.39,606.61,139.402,84563.48295
BNBUSDT,1775671500000,2026-04-08 18:05:00,2026-04-09 03:05:00,606.61,607.01,606.61,606.69,73.46,44577.96975
BNBUSDT,1775671800000,2026-04-08 18:10:00,2026-04-09 03:10:00,606.69,606.7,606.25,606.59,97.76,59292.77174
BNBUSDT,1775672100000,2026-04-08 18:15:00,2026-04-09 03:15:00,606.59,606.86,604.26,604.73,819.081,495587.08953
BNBUSDT,1775672400000,2026-04-08 18:20:00,2026-04-09 03:20:00,604.72,605.11,604.27,604.29,383.999,232186.65735
BNBUSDT,1775672700000,2026-04-08 18:25:00,2026-04-09 03:25:00,604.29,604.57,603.8,604.42,396.362,239473.85843
BNBUSDT,1775673000000,2026-04-08 18:30:00,2026-04-09 03:30:00,604.42,605.4,604.42,605.38,148.037,89564.30297
BNBUSDT,1775673300000,2026-04-08 18:35:00,2026-04-09 03:35:00,605.38,605.44,604.94,604.99,169.858,102801.69866
BNBUSDT,1775673600000,2026-04-08 18:40:00,2026-04-09 03:40:00,604.99,604.99,603.42,603.55,483.757,292184.75265
BNBUSDT,1775673900000,2026-04-08 18:45:00,2026-04-09 03:45:00,603.55,604.05,603.42,603.79,292.507,176594.25072
BNBUSDT,1775674200000,2026-04-08 18:50:00,2026-04-09 03:50:00,603.79,603.84,603.33,603.38,295.546,178364.52492
BNBUSDT,1775674500000,2026-04-08 18:55:00,2026-04-09 03:55:00,603.39,603.54,602.75,603.03,356.964,215276.94035
BNBUSDT,1775674800000,2026-04-08 19:00:00,2026-04-09 04:00:00,603.04,603.65,602.76,603.2,244.195,147311.64102
BNBUSDT,1775675100000,2026-04-08 19:05:00,2026-04-09 04:05:00,603.21,603.92,603.18,603.91,239.652,144675.11962
BNBUSDT,1775675400000,2026-04-08 19:10:00,2026-04-09 04:10:00,603.9,604.37,603.9,604.28,120.063,72543.90478
BNBUSDT,1775675700000,2026-04-08 19:15:00,2026-04-09 04:15:00,604.28,604.46,603.8,604.06,158.029,95492.05964
BNBUSDT,1775676000000,2026-04-08 19:20:00,2026-04-09 04:20:00,604.07,604.07,603.05,603.52,157.774,95239.36317
BNBUSDT,1775676300000,2026-04-08 19:25:00,2026-04-09 04:25:00,603.52,603.78,603.17,603.19,96.364,58153.39278
BNBUSDT,1775676600000,2026-04-08 19:30:00,2026-04-09 04:30:00,603.18,603.87,603,603.5,215.91,130319.76089
BNBUSDT,1775676900000,2026-04-08 19:35:00,2026-04-09 04:35:00,603.51,604.38,603.51,604.19,145.883,88129.99257
BNBUSDT,1775677200000,2026-04-08 19:40:00,2026-04-09 04:40:00,604.18,604.18,603.52,604.18,108.202,65332.21116
BNBUSDT,1775677500000,2026-04-08 19:45:00,2026-04-09 04:45:00,604.18,604.63,604.18,604.36,130.238,78719.92037
BNBUSDT,1775677800000,2026-04-08 19:50:00,2026-04-09 04:50:00,604.37,604.62,603.96,603.97,124.283,75108.52779
BNBUSDT,1775678100000,2026-04-08 19:55:00,2026-04-09 04:55:00,603.97,604.3,603.72,604.28,143.251,86530.38497
BNBUSDT,1775678400000,2026-04-08 20:00:00,2026-04-09 05:00:00,604.28,604.93,604.26,604.75,512.843,310056.06217
BNBUSDT,1775678700000,2026-04-08 20:05:00,2026-04-09 05:05:00,604.75,604.79,604.44,604.44,48.784,29495.31299
BNBUSDT,1775679000000,2026-04-08 20:10:00,2026-04-09 05:10:00,604.44,604.55,604.22,604.29,80.979,48942.49169
BNBUSDT,1775679300000,2026-04-08 20:15:00,2026-04-09 05:15:00,604.29,604.77,604.28,604.64,156.412,94554.89457
BNBUSDT,1775679600000,2026-04-08 20:20:00,2026-04-09 05:20:00,604.65,604.65,604.16,604.4,51.927,31387.42746
BNBUSDT,1775679900000,2026-04-08 20:25:00,2026-04-09 05:25:00,604.4,604.63,604.38,604.62,71.21,43044.04925
BNBUSDT,1775680200000,2026-04-08 20:30:00,2026-04-09 05:30:00,604.62,604.87,604.48,604.55,111.834,67624.71407
BNBUSDT,1775680500000,2026-04-08 20:35:00,2026-04-09 05:35:00,604.54,604.54,603.58,604.18,310.294,187401.48425
BNBUSDT,1775680800000,2026-04-08 20:40:00,2026-04-09 05:40:00,604.17,604.29,603.94,604.12,64.379,38889.25376
BNBUSDT,1775681100000,2026-04-08 20:45:00,2026-04-09 05:45:00,604.13,604.23,603.86,604.23,41.643,25151.63158
BNBUSDT,1775681400000,2026-04-08 20:50:00,2026-04-09 05:50:00,604.23,604.69,604.08,604.58,91.104,55065.22842
BNBUSDT,1775681700000,2026-04-08 20:55:00,2026-04-09 05:55:00,604.58,604.86,604.51,604.86,142.473,86146.93656
BNBUSDT,1775682000000,2026-04-08 21:00:00,2026-04-09 06:00:00,604.86,605.13,604.86,604.96,141.133,85379.57187
BNBUSDT,1775682300000,2026-04-08 21:05:00,2026-04-09 06:05:00,604.96,605.41,604.96,605.36,128.659,77869.61801
BNBUSDT,1775682600000,2026-04-08 21:10:00,2026-04-09 06:10:00,605.36,606.58,605.36,605.93,503.396,305065.62846
BNBUSDT,1775682900000,2026-04-08 21:15:00,2026-04-09 06:15:00,605.93,606.27,605.92,606.2,54.371,32952.28831
BNBUSDT,1775683200000,2026-04-08 21:20:00,2026-04-09 06:20:00,606.21,606.81,606.11,606.27,111.908,67860.81876
BNBUSDT,1775683500000,2026-04-08 21:25:00,2026-04-09 06:25:00,606.28,606.92,606.21,606.64,120.333,72998.5667
BNBUSDT,1775683800000,2026-04-08 21:30:00,2026-04-09 06:30:00,606.65,606.83,606.37,606.47,183.146,111096.39405
BNBUSDT,1775684100000,2026-04-08 21:35:00,2026-04-09 06:35:00,606.47,606.85,606.46,606.85,93.792,56907.24187
BNBUSDT,1775684400000,2026-04-08 21:40:00,2026-04-09 06:40:00,606.84,607.38,606.77,606.78,201.675,122424.17202
BNBUSDT,1775684700000,2026-04-08 21:45:00,2026-04-09 06:45:00,606.78,607.19,606.65,607,106.478,64620.98604
BNBUSDT,1775685000000,2026-04-08 21:50:00,2026-04-09 06:50:00,607,607.12,607,607.03,40.388,24517.30872
BNBUSDT,1775685300000,2026-04-08 21:55:00,2026-04-09 06:55:00,607.04,607.04,606.21,606.49,256.198,155421.59057
BNBUSDT,1775685600000,2026-04-08 22:00:00,2026-04-09 07:00:00,606.5,606.59,605.92,605.93,134.109,81302.92355
BNBUSDT,1775685900000,2026-04-08 22:05:00,2026-04-09 07:05:00,605.93,606.75,605.92,606.3,97.651,59222.75086
BNBUSDT,1775686200000,2026-04-08 22:10:00,2026-04-09 07:10:00,606.29,606.3,605.55,605.78,115.056,69698.29593
BNBUSDT,1775686500000,2026-04-08 22:15:00,2026-04-09 07:15:00,605.77,606.09,604.85,604.91,391.769,237304.17286
BNBUSDT,1775686800000,2026-04-08 22:20:00,2026-04-09 07:20:00,604.91,605.15,604.1,604.88,311.295,188237.13667
BNBUSDT,1775687100000,2026-04-08 22:25:00,2026-04-09 07:25:00,604.88,605.4,604.35,604.93,576.707,348812.36336
BNBUSDT,1775687400000,2026-04-08 22:30:00,2026-04-09 07:30:00,604.93,605.83,604.39,605.83,423.967,256433.72199
BNBUSDT,1775687700000,2026-04-08 22:35:00,2026-04-09 07:35:00,605.83,606.28,605.82,606.17,111.09,67328.51877
BNBUSDT,1775688000000,2026-04-08 22:40:00,2026-04-09 07:40:00,606.17,606.17,605.73,605.94,64.114,38851.82794
BNBUSDT,1775688300000,2026-04-08 22:45:00,2026-04-09 07:45:00,605.95,605.95,605.53,605.8,91.182,55236.72435
BNBUSDT,1775688600000,2026-04-08 22:50:00,2026-04-09 07:50:00,605.8,605.81,605.06,605.1,63.519,38450.30123
BNBUSDT,1775688900000,2026-04-08 22:55:00,2026-04-09 07:55:00,605.1,605.1,604.32,604.34,135.866,82144.40743
BNBUSDT,1775689200000,2026-04-08 23:00:00,2026-04-09 08:00:00,604.34,604.34,603.11,603.49,544.635,328744.06727
BNBUSDT,1775689500000,2026-04-08 23:05:00,2026-04-09 08:05:00,603.48,603.93,603.26,603.29,212.372,128173.82986
BNBUSDT,1775689800000,2026-04-08 23:10:00,2026-04-09 08:10:00,603.29,604.02,603.28,604,160.659,97009.23185
BNBUSDT,1775690100000,2026-04-08 23:15:00,2026-04-09 08:15:00,604,604.01,602.94,603.05,245.706,148278.48438
BNBUSDT,1775690400000,2026-04-08 23:20:00,2026-04-09 08:20:00,603.05,603.18,599.45,600.69,4520.489,2717000.42869
BNBUSDT,1775690700000,2026-04-08 23:25:00,2026-04-09 08:25:00,600.7,600.86,600.34,600.63,487.872,293010.29566
BNBUSDT,1775691000000,2026-04-08 23:30:00,2026-04-09 08:30:00,600.63,601.06,600.11,600.83,219.086,131565.44138
BNBUSDT,1775691300000,2026-04-08 23:35:00,2026-04-09 08:35:00,600.82,601.62,600.73,600.9,222.312,133643.5279
BNBUSDT,1775691600000,2026-04-08 23:40:00,2026-04-09 08:40:00,600.91,601.38,600.72,600.98,260.05,156283.86067
BNBUSDT,1775691900000,2026-04-08 23:45:00,2026-04-09 08:45:00,600.98,601.45,600.98,601.44,120.923,72693.75719
BNBUSDT,1775692200000,2026-04-08 23:50:00,2026-04-09 08:50:00,601.45,601.66,600.87,600.95,173.382,104248.64575
BNBUSDT,1775692500000,2026-04-08 23:55:00,2026-04-09 08:55:00,600.95,601.3,600.92,601.16,207.893,124969.4581
BNBUSDT,1775692800000,2026-04-09 00:00:00,2026-04-09 09:00:00,601.15,601.2,600.19,600.44,834.299,500956.19679
BNBUSDT,1775693100000,2026-04-09 00:05:00,2026-04-09 09:05:00,600.45,601.51,600.45,600.9,297.001,178490.08989
BNBUSDT,1775693400000,2026-04-09 00:10:00,2026-04-09 09:10:00,600.89,601.2,600.7,600.78,278.536,167381.58801
BNBUSDT,1775693700000,2026-04-09 00:15:00,2026-04-09 09:15:00,600.79,600.94,600.06,600.21,477.249,286625.70444
BNBUSDT,1775694000000,2026-04-09 00:20:00,2026-04-09 09:20:00,600.21,600.44,599.81,600.18,689.033,413491.34037
BNBUSDT,1775694300000,2026-04-09 00:25:00,2026-04-09 09:25:00,600.18,600.37,599.46,599.55,238.762,143246.36603
BNBUSDT,1775694600000,2026-04-09 00:30:00,2026-04-09 09:30:00,599.55,600.37,599.28,599.65,663.086,397739.27954
BNBUSDT,1775694900000,2026-04-09 00:35:00,2026-04-09 09:35:00,599.65,600.36,599.38,599.39,336.375,201762.55653
BNBUSDT,1775695200000,2026-04-09 00:40:00,2026-04-09 09:40:00,599.38,599.67,598.96,599.49,398.823,238974.79414
BNBUSDT,1775695500000,2026-04-09 00:45:00,2026-04-09 09:45:00,599.5,599.61,598.51,598.93,1607.1,962432.2757
BNBUSDT,1775695800000,2026-04-09 00:50:00,2026-04-09 09:50:00,598.93,599.34,598.71,599.29,507.195,303866.39966
BNBUSDT,1775696100000,2026-04-09 00:55:00,2026-04-09 09:55:00,599.29,600,599.29,599.5,1401.843,840985.79546
BNBUSDT,1775696400000,2026-04-09 01:00:00,2026-04-09 10:00:00,599.49,599.92,599.18,599.37,473.339,283786.62492
BNBUSDT,1775696700000,2026-04-09 01:05:00,2026-04-09 10:05:00,599.37,599.61,596.94,597.55,1513.917,905377.3659
BNBUSDT,1775697000000,2026-04-09 01:10:00,2026-04-09 10:10:00,597.54,598.21,597.44,598.02,167.522,100174.51248
BNBUSDT,1775697300000,2026-04-09 01:15:00,2026-04-09 10:15:00,598.01,598.18,597.5,597.9,170.731,102068.34319
BNBUSDT,1775697600000,2026-04-09 01:20:00,2026-04-09 10:20:00,597.9,598.02,597,597.65,989.109,590673.35671
BNBUSDT,1775697900000,2026-04-09 01:25:00,2026-04-09 10:25:00,597.65,598.42,597.65,598.16,306.347,183209.22392
BNBUSDT,1775698200000,2026-04-09 01:30:00,2026-04-09 10:30:00,598.15,600.37,597.98,600.2,491.93,294990.3384
BNBUSDT,1775698500000,2026-04-09 01:35:00,2026-04-09 10:35:00,600.19,600.2,599.67,599.99,201.191,120695.21182
BNBUSDT,1775698800000,2026-04-09 01:40:00,2026-04-09 10:40:00,599.98,599.99,599.64,599.85,132.212,79299.20414
BNBUSDT,1775699100000,2026-04-09 01:45:00,2026-04-09 10:45:00,599.85,600.4,599.56,600.2,227.243,136323.54379
BNBUSDT,1775699400000,2026-04-09 01:50:00,2026-04-09 10:50:00,600.21,601.46,600.21,601.27,426.594,256303.69548
BNBUSDT,1775699700000,2026-04-09 01:55:00,2026-04-09 10:55:00,601.26,601.51,601.18,601.51,120.141,72247.25989
BNBUSDT,1775700000000,2026-04-09 02:00:00,2026-04-09 11:00:00,601.52,602.11,601.44,601.47,450.478,271133.11674
BNBUSDT,1775700300000,2026-04-09 02:05:00,2026-04-09 11:05:00,601.48,602.16,601.47,602.02,238.725,143704.71719
BNBUSDT,1775700600000,2026-04-09 02:10:00,2026-04-09 11:10:00,602.01,602.02,601.15,601.16,257.379,154801.9214
BNBUSDT,1775700900000,2026-04-09 02:15:00,2026-04-09 11:15:00,601.16,603.06,601.05,602.79,889.169,535395.48943
BNBUSDT,1775701200000,2026-04-09 02:20:00,2026-04-09 11:20:00,602.8,602.84,602.12,602.23,101.44,61110.56473
BNBUSDT,1775701500000,2026-04-09 02:25:00,2026-04-09 11:25:00,602.23,602.78,602.23,602.43,306.585,184694.40726
BNBUSDT,1775701800000,2026-04-09 02:30:00,2026-04-09 11:30:00,602.42,602.49,602.23,602.23,143.589,86499.49255
BNBUSDT,1775702100000,2026-04-09 02:35:00,2026-04-09 11:35:00,602.23,602.26,601.64,602.06,259.372,156136.93542
BNBUSDT,1775702400000,2026-04-09 02:40:00,2026-04-09 11:40:00,602.06,602.11,601.35,602.08,238.313,143410.50776
BNBUSDT,1775702700000,2026-04-09 02:45:00,2026-04-09 11:45:00,602.07,602.43,601.58,601.79,222.88,134165.89684
BNBUSDT,1775703000000,2026-04-09 02:50:00,2026-04-09 11:50:00,601.79,602.05,601.68,601.77,63.212,38042.93113
BNBUSDT,1775703300000,2026-04-09 02:55:00,2026-04-09 11:55:00,601.78,601.9,601.37,601.68,127.439,76670.33677
BNBUSDT,1775703600000,2026-04-09 03:00:00,2026-04-09 12:00:00,601.69,601.69,601.39,601.41,73.644,44302.54179
BNBUSDT,1775703900000,2026-04-09 03:05:00,2026-04-09 12:05:00,601.41,601.64,600.67,600.84,164.998,99165.18883
BNBUSDT,1775704200000,2026-04-09 03:10:00,2026-04-09 12:10:00,600.84,600.84,600.54,600.66,116.944,70242.76065
BNBUSDT,1775704500000,2026-04-09 03:15:00,2026-04-09 12:15:00,600.65,600.71,600.14,600.52,315.833,189599.68746
BNBUSDT,1775704800000,2026-04-09 03:20:00,2026-04-09 12:20:00,600.51,600.72,600.23,600.72,238.049,142935.95679
BNBUSDT,1775705100000,2026-04-09 03:25:00,2026-04-09 12:25:00,600.71,600.78,600.07,600.31,103.659,62234.40598
BNBUSDT,1775705400000,2026-04-09 03:30:00,2026-04-09 12:30:00,600.3,600.65,600.3,600.53,120.67,72459.05776
BNBUSDT,1775705700000,2026-04-09 03:35:00,2026-04-09 12:35:00,600.53,600.73,600.34,600.53,90.57,54389.97613
BNBUSDT,1775706000000,2026-04-09 03:40:00,2026-04-09 12:40:00,600.53,600.54,600.08,600.3,200.738,120505.55954
BNBUSDT,1775706300000,2026-04-09 03:45:00,2026-04-09 12:45:00,600.29,600.72,600,600.72,215.624,129429.39947
BNBUSDT,1775706600000,2026-04-09 03:50:00,2026-04-09 12:50:00,600.71,601.2,600.58,600.74,186.371,111982.67565
BNBUSDT,1775706900000,2026-04-09 03:55:00,2026-04-09 12:55:00,600.74,600.79,600.16,600.16,99.99,60041.27153
BNBUSDT,1775707200000,2026-04-09 04:00:00,2026-04-09 13:00:00,600.16,600.16,599.7,599.87,215.575,129323.01449
BNBUSDT,1775707500000,2026-04-09 04:05:00,2026-04-09 13:05:00,599.87,600.03,599.72,599.84,136.003,81587.06012
BNBUSDT,1775707800000,2026-04-09 04:10:00,2026-04-09 13:10:00,599.84,599.85,599.68,599.84,136.308,81757.87966
BNBUSDT,1775708100000,2026-04-09 04:15:00,2026-04-09 13:15:00,599.83,599.84,599.11,599.48,182.988,109669.72612
BNBUSDT,1775708400000,2026-04-09 04:20:00,2026-04-09 13:20:00,599.48,599.48,599,599.16,133.07,79729.53533
BNBUSDT,1775708700000,2026-04-09 04:25:00,2026-04-09 13:25:00,599.17,599.38,599,599.22,196.641,117839.00081
BNBUSDT,1775709000000,2026-04-09 04:30:00,2026-04-09 13:30:00,599.21,599.84,599.17,599.84,95.603,57311.19029
BNBUSDT,1775709300000,2026-04-09 04:35:00,2026-04-09 13:35:00,599.84,600.3,599.84,600.02,200.845,120501.32392
BNBUSDT,1775709600000,2026-04-09 04:40:00,2026-04-09 13:40:00,600.09,600.12,599.74,599.75,475.71,285410.25349
BNBUSDT,1775709900000,2026-04-09 04:45:00,2026-04-09 13:45:00,599.75,599.95,599.17,599.19,259.711,155738.60503
BNBUSDT,1775710200000,2026-04-09 04:50:00,2026-04-09 13:50:00,599.19,599.56,599.17,599.31,147.592,88463.06649
BNBUSDT,1775710500000,2026-04-09 04:55:00,2026-04-09 13:55:00,599.3,599.31,598.86,598.97,250.655,150157.11513
BNBUSDT,1775710800000,2026-04-09 05:00:00,2026-04-09 14:00:00,598.97,599.61,598.64,599.54,236.076,141428.4579
BNBUSDT,1775711100000,2026-04-09 05:05:00,2026-04-09 14:05:00,599.54,599.83,599.45,599.54,238.854,143205.46751
BNBUSDT,1775711400000,2026-04-09 05:10:00,2026-04-09 14:10:00,599.54,599.7,599.04,599.69,129.136,77399.29563
BNBUSDT,1775711700000,2026-04-09 05:15:00,2026-04-09 14:15:00,599.7,600.14,599.16,600,399.275,239432.62175
BNBUSDT,1775712000000,2026-04-09 05:20:00,2026-04-09 14:20:00,600,600.37,599.81,599.81,153.54,92134.34987
BNBUSDT,1775712300000,2026-04-09 05:25:00,2026-04-09 14:25:00,599.81,600.35,599.81,600.35,139.029,83438.01205
BNBUSDT,1775712600000,2026-04-09 05:30:00,2026-04-09 14:30:00,600.35,600.67,600.28,600.63,151.042,90695.04877
BNBUSDT,1775712900000,2026-04-09 05:35:00,2026-04-09 14:35:00,600.63,601.19,600.61,601.11,359.033,215761.81438
BNBUSDT,1775713200000,2026-04-09 05:40:00,2026-04-09 14:40:00,601.1,601.1,600.72,600.86,248.656,149424.01977
BNBUSDT,1775713500000,2026-04-09 05:45:00,2026-04-09 14:45:00,600.85,600.87,600.41,600.53,260.498,156488.30821
BNBUSDT,1775713800000,2026-04-09 05:50:00,2026-04-09 14:50:00,600.54,600.54,599.75,599.76,364.461,218714.80884
BNBUSDT,1775714100000,2026-04-09 05:55:00,2026-04-09 14:55:00,599.77,600.25,599.77,600.18,95.67,57398.27923
BNBUSDT,1775714400000,2026-04-09 06:00:00,2026-04-09 15:00:00,600.18,600.64,600.18,600.25,180.814,108562.4314
BNBUSDT,1775714700000,2026-04-09 06:05:00,2026-04-09 15:05:00,600.25,600.74,600.13,600.23,116.774,70120.11768
BNBUSDT,1775715000000,2026-04-09 06:10:00,2026-04-09 15:10:00,600.24,600.43,599.92,599.92,211.122,126700.93414
BNBUSDT,1775715300000,2026-04-09 06:15:00,2026-04-09 15:15:00,599.91,599.92,599.22,599.22,200.619,120282.96534
BNBUSDT,1775715600000,2026-04-09 06:20:00,2026-04-09 15:20:00,599.22,599.31,599,599.01,113.918,68253.50502
BNBUSDT,1775715900000,2026-04-09 06:25:00,2026-04-09 15:25:00,599.01,599.06,598.69,598.99,242.329,145140.40667
BNBUSDT,1775716200000,2026-04-09 06:30:00,2026-04-09 15:30:00,598.99,599.69,598.67,599.31,208.936,125185.68061
BNBUSDT,1775716500000,2026-04-09 06:35:00,2026-04-09 15:35:00,599.32,599.65,599.2,599.57,164.395,98557.12969
BNBUSDT,1775716800000,2026-04-09 06:40:00,2026-04-09 15:40:00,599.57,599.74,599.51,599.72,134.06,80386.11369
BNBUSDT,1775717100000,2026-04-09 06:45:00,2026-04-09 15:45:00,599.73,600,599.73,599.83,98.369,59010.20592
BNBUSDT,1775717400000,2026-04-09 06:50:00,2026-04-09 15:50:00,599.83,600.37,599.67,600.37,125.619,75371.57413
BNBUSDT,1775717700000,2026-04-09 06:55:00,2026-04-09 15:55:00,600.36,600.56,600.35,600.5,169.51,101783.71265
BNBUSDT,1775718000000,2026-04-09 07:00:00,2026-04-09 16:00:00,600.5,600.97,600.5,600.86,325.772,195702.55164
BNBUSDT,1775718300000,2026-04-09 07:05:00,2026-04-09 16:05:00,600.87,600.98,600.59,600.72,611.027,367137.5402
BNBUSDT,1775718600000,2026-04-09 07:10:00,2026-04-09 16:10:00,600.71,600.72,600.46,600.69,277.29,166533.19824
BNBUSDT,1775718900000,2026-04-09 07:15:00,2026-04-09 16:15:00,600.69,600.69,600.23,600.24,211.321,126887.2202
BNBUSDT,1775719200000,2026-04-09 07:20:00,2026-04-09 16:20:00,600.24,600.26,599.82,600.16,197.551,118533.73355
BNBUSDT,1775719500000,2026-04-09 07:25:00,2026-04-09 16:25:00,600.16,600.41,600.09,600.41,86.23,51757.9812
BNBUSDT,1775719800000,2026-04-09 07:30:00,2026-04-09 16:30:00,600.41,600.95,600.32,600.83,190.081,114163.32977
BNBUSDT,1775720100000,2026-04-09 07:35:00,2026-04-09 16:35:00,600.83,601.01,600.68,600.74,390.359,234543.01682
BNBUSDT,1775720400000,2026-04-09 07:40:00,2026-04-09 16:40:00,600.73,600.74,600.36,600.55,296.537,178079.99941
BNBUSDT,1775720700000,2026-04-09 07:45:00,2026-04-09 16:45:00,600.55,600.69,600.19,600.2,113.875,68376.6907
BNBUSDT,1775721000000,2026-04-09 07:50:00,2026-04-09 16:50:00,600.2,600.51,600.15,600.23,172.832,103743.00106
BNBUSDT,1775721300000,2026-04-09 07:55:00,2026-04-09 16:55:00,600.23,600.39,600,600.01,176.661,106032.97356
BNBUSDT,1775721600000,2026-04-09 08:00:00,2026-04-09 17:00:00,600.01,600.67,599.68,600.5,371.334,222855.28171
BNBUSDT,1775721900000,2026-04-09 08:05:00,2026-04-09 17:05:00,600.5,600.55,599.7,599.7,148.728,89252.07399
BNBUSDT,1775722200000,2026-04-09 08:10:00,2026-04-09 17:10:00,599.71,599.77,599.3,599.59,336.099,201512.33956
BNBUSDT,1775722500000,2026-04-09 08:15:00,2026-04-09 17:15:00,599.58,599.66,599.33,599.56,203.387,121926.44087
BNBUSDT,1775722800000,2026-04-09 08:20:00,2026-04-09 17:20:00,599.55,599.95,599.41,599.94,200.102,119992.49194
BNBUSDT,1775723100000,2026-04-09 08:25:00,2026-04-09 17:25:00,599.95,600.04,599.84,599.95,205.432,123249.7745
BNBUSDT,1775723400000,2026-04-09 08:30:00,2026-04-09 17:30:00,599.95,600.81,599.95,600.8,202.938,121860.75171
BNBUSDT,1775723700000,2026-04-09 08:35:00,2026-04-09 17:35:00,600.8,601.32,600.35,601.16,563.005,338282.784
BNBUSDT,1775724000000,2026-04-09 08:40:00,2026-04-09 17:40:00,601.16,601.85,601.15,601.83,567.929,341613.99841
BNBUSDT,1775724300000,2026-04-09 08:45:00,2026-04-09 17:45:00,601.82,601.98,601.4,601.42,243.939,146771.5866
BNBUSDT,1775724600000,2026-04-09 08:50:00,2026-04-09 17:50:00,601.42,601.5,600.33,600.6,1364.357,819990.03299
BNBUSDT,1775724900000,2026-04-09 08:55:00,2026-04-09 17:55:00,600.6,600.95,600.59,600.82,190.538,114464.13832
BNBUSDT,1775725200000,2026-04-09 09:00:00,2026-04-09 18:00:00,600.82,600.82,600.05,600.33,291.732,175123.28129
BNBUSDT,1775725500000,2026-04-09 09:05:00,2026-04-09 18:05:00,600.34,600.52,599.88,600.52,251.644,151023.46757
BNBUSDT,1775725800000,2026-04-09 09:10:00,2026-04-09 18:10:00,600.51,601.41,600.39,601.34,314.104,188766.11455
BNBUSDT,1775726100000,2026-04-09 09:15:00,2026-04-09 18:15:00,601.34,602.06,601.2,601.45,636.656,383007.40579
BNBUSDT,1775726400000,2026-04-09 09:20:00,2026-04-09 18:20:00,601.45,601.45,600.89,600.92,198.15,119098.49862
BNBUSDT,1775726700000,2026-04-09 09:25:00,2026-04-09 18:25:00,600.93,601.25,600.77,601.25,148.355,89166.25803
BNBUSDT,1775727000000,2026-04-09 09:30:00,2026-04-09 18:30:00,601.25,601.71,601.03,601.1,361.402,217314.04463
BNBUSDT,1775727300000,2026-04-09 09:35:00,2026-04-09 18:35:00,601.1,601.18,600.63,601.17,314.542,189037.09944
BNBUSDT,1775727600000,2026-04-09 09:40:00,2026-04-09 18:40:00,601.17,601.5,601.14,601.5,315.359,189623.22687
BNBUSDT,1775727900000,2026-04-09 09:45:00,2026-04-09 18:45:00,601.5,602.15,601.44,602.15,432.75,260428.95598
BNBUSDT,1775728200000,2026-04-09 09:50:00,2026-04-09 18:50:00,602.16,602.69,602.08,602.63,359.749,216688.62519
BNBUSDT,1775728500000,2026-04-09 09:55:00,2026-04-09 18:55:00,602.63,603.04,602.42,602.76,530.892,319990.46094
BNBUSDT,1775728800000,2026-04-09 10:00:00,2026-04-09 19:00:00,602.76,602.76,601.14,601.42,547.394,329360.96521
BNBUSDT,1775729100000,2026-04-09 10:05:00,2026-04-09 19:05:00,601.42,601.72,601.27,601.27,309.508,186154.11262
BNBUSDT,1775729400000,2026-04-09 10:10:00,2026-04-09 19:10:00,601.26,601.44,601.19,601.29,167.829,100916.5692
BNBUSDT,1775729700000,2026-04-09 10:15:00,2026-04-09 19:15:00,601.29,601.58,601.29,601.51,459.688,276459.59048
BNBUSDT,1775730000000,2026-04-09 10:20:00,2026-04-09 19:20:00,601.51,601.51,601.2,601.37,267.136,160650.57796
BNBUSDT,1775730300000,2026-04-09 10:25:00,2026-04-09 19:25:00,601.37,601.58,601.37,601.46,144.762,87076.31627
BNBUSDT,1775730600000,2026-04-09 10:30:00,2026-04-09 19:30:00,601.46,601.8,601.24,601.76,145.522,87537.6721
BNBUSDT,1775730900000,2026-04-09 10:35:00,2026-04-09 19:35:00,601.77,601.8,601.45,601.71,120.769,72664.31692
BNBUSDT,1775731200000,2026-04-09 10:40:00,2026-04-09 19:40:00,601.71,602.5,601.71,602.23,348.195,209645.72092
BNBUSDT,1775731500000,2026-04-09 10:45:00,2026-04-09 19:45:00,602.23,603.41,602.06,602.79,1295.456,780995.7456
BNBUSDT,1775731800000,2026-04-09 10:50:00,2026-04-09 19:50:00,602.8,602.8,602.01,602.54,208.339,125502.84293
BNBUSDT,1775732100000,2026-04-09 10:55:00,2026-04-09 19:55:00,602.54,602.68,602.41,602.57,302.783,182455.60698
BNBUSDT,1775732400000,2026-04-09 11:00:00,2026-04-09 20:00:00,602.57,603.13,602.56,602.89,492.023,296614.46848
BNBUSDT,1775732700000,2026-04-09 11:05:00,2026-04-09 20:05:00,602.88,602.98,602.74,602.77,218.778,131887.44913
BNBUSDT,1775733000000,2026-04-09 11:10:00,2026-04-09 20:10:00,602.78,602.78,602.42,602.43,213.513,128657.34546
BNBUSDT,1775733300000,2026-04-09 11:15:00,2026-04-09 20:15:00,602.43,602.43,601.63,601.95,563.356,339221.47206
BNBUSDT,1775733600000,2026-04-09 11:20:00,2026-04-09 20:20:00,601.96,602.32,601.9,602.1,178.222,107312.68273
BNBUSDT,1775733900000,2026-04-09 11:25:00,2026-04-09 20:25:00,602.1,602.1,601.47,601.63,238.636,143591.64632
BNBUSDT,1775734200000,2026-04-09 11:30:00,2026-04-09 20:30:00,601.64,602.11,601.55,601.75,151.966,91452.95252
BNBUSDT,1775734500000,2026-04-09 11:35:00,2026-04-09 20:35:00,601.74,601.87,601.26,601.87,175.209,105400.78068
BNBUSDT,1775734800000,2026-04-09 11:40:00,2026-04-09 20:40:00,601.87,601.91,601.48,601.7,208.217,125302.11542
BNBUSDT,1775735100000,2026-04-09 11:45:00,2026-04-09 20:45:00,601.69,602.33,601.67,602.33,90.313,54365.25696
BNBUSDT,1775735400000,2026-04-09 11:50:00,2026-04-09 20:50:00,602.32,602.61,602.32,602.38,206.658,124506.6316
BNBUSDT,1775735700000,2026-04-09 11:55:00,2026-04-09 20:55:00,602.38,602.61,602.25,602.44,162.274,97762.72626
BNBUSDT,1775736000000,2026-04-09 12:00:00,2026-04-09 21:00:00,602.45,602.76,602.44,602.59,205.234,123683.4164
BNBUSDT,1775736300000,2026-04-09 12:05:00,2026-04-09 21:05:00,602.59,602.7,602.46,602.52,112.356,67701.55704
BNBUSDT,1775736600000,2026-04-09 12:10:00,2026-04-09 21:10:00,602.53,602.72,602.26,602.32,101.843,61357.69653
BNBUSDT,1775736900000,2026-04-09 12:15:00,2026-04-09 21:15:00,602.33,602.5,601.79,601.79,190.95,114992.4685
BNBUSDT,1775737200000,2026-04-09 12:20:00,2026-04-09 21:20:00,601.79,601.86,601.35,601.83,469.819,282654.87097
BNBUSDT,1775737500000,2026-04-09 12:25:00,2026-04-09 21:25:00,601.82,602.93,601.82,602.64,358.538,215974.38601
BNBUSDT,1775737800000,2026-04-09 12:30:00,2026-04-09 21:30:00,602.65,602.84,602.08,602.6,302.096,182049.12421
BNBUSDT,1775738100000,2026-04-09 12:35:00,2026-04-09 21:35:00,602.59,603,602.4,602.58,250.976,151256.54183
BNBUSDT,1775738400000,2026-04-09 12:40:00,2026-04-09 21:40:00,602.58,603.73,602.41,603.12,419.918,253276.64028
BNBUSDT,1775738700000,2026-04-09 12:45:00,2026-04-09 21:45:00,603.11,603.12,602.39,602.83,276.609,166734.94768
BNBUSDT,1775739000000,2026-04-09 12:50:00,2026-04-09 21:50:00,602.82,603.11,602.73,602.93,134.093,80846.17592
BNBUSDT,1775739300000,2026-04-09 12:55:00,2026-04-09 21:55:00,602.93,603.31,602.92,603.29,179.395,108194.11623
BNBUSDT,1775739600000,2026-04-09 13:00:00,2026-04-09 22:00:00,603.29,603.65,602.82,603,418.762,252607.50384
BNBUSDT,1775739900000,2026-04-09 13:05:00,2026-04-09 22:05:00,603,603.05,602.31,602.48,246.58,148599.4842
BNBUSDT,1775740200000,2026-04-09 13:10:00,2026-04-09 22:10:00,602.47,602.81,602.45,602.46,268.119,161578.24049
BNBUSDT,1775740500000,2026-04-09 13:15:00,2026-04-09 22:15:00,602.46,602.54,602.32,602.32,172.049,103644.2865
BNBUSDT,1775740800000,2026-04-09 13:20:00,2026-04-09 22:20:00,602.33,602.33,601.72,601.95,283.935,170917.86409
BNBUSDT,1775741100000,2026-04-09 13:25:00,2026-04-09 22:25:00,601.94,602.25,601.92,602.19,184.883,111315.12935
BNBUSDT,1775741400000,2026-04-09 13:30:00,2026-04-09 22:30:00,602.19,602.75,601,601.52,505.899,304477.41728
BNBUSDT,1775741700000,2026-04-09 13:35:00,2026-04-09 22:35:00,601.52,602.31,600.63,601.2,468.592,281840.76787
BNBUSDT,1775742000000,2026-04-09 13:40:00,2026-04-09 22:40:00,601.2,601.51,600.64,601.1,404.744,243279.64518
BNBUSDT,1775742300000,2026-04-09 13:45:00,2026-04-09 22:45:00,601.1,601.2,600.29,601.08,357.247,214617.07213
BNBUSDT,1775742600000,2026-04-09 13:50:00,2026-04-09 22:50:00,601.09,601.09,600.32,600.52,355.02,213244.17231
BNBUSDT,1775742900000,2026-04-09 13:55:00,2026-04-09 22:55:00,600.53,600.97,600,600.65,556.853,334430.31758
BNBUSDT,1775743200000,2026-04-09 14:00:00,2026-04-09 23:00:00,600.66,600.76,600.01,600.57,538.892,323538.13882
BNBUSDT,1775743500000,2026-04-09 14:05:00,2026-04-09 23:05:00,600.56,600.56,600.01,600.01,231.226,138802.74049
BNBUSDT,1775743800000,2026-04-09 14:10:00,2026-04-09 23:10:00,600.02,601,599.73,600.43,472.667,283672.5598
BNBUSDT,1775744100000,2026-04-09 14:15:00,2026-04-09 23:15:00,600.43,600.46,599,599.07,287.911,172654.00691
BNBUSDT,1775744400000,2026-04-09 14:20:00,2026-04-09 23:20:00,599.06,599.65,599.04,599.53,327.921,196533.85657
BNBUSDT,1775744700000,2026-04-09 14:25:00,2026-04-09 23:25:00,599.54,599.59,598.2,599.07,601.219,360062.90543
BNBUSDT,1775745000000,2026-04-09 14:30:00,2026-04-09 23:30:00,599.06,599.5,598.79,599.5,427.22,255975.34766
BNBUSDT,1775745300000,2026-04-09 14:35:00,2026-04-09 23:35:00,599.5,600.09,599.01,599.94,588.423,352848.22329
BNBUSDT,1775745600000,2026-04-09 14:40:00,2026-04-09 23:40:00,599.93,600.33,599.72,600.14,355.452,213274.26348
BNBUSDT,1775745900000,2026-04-09 14:45:00,2026-04-09 23:45:00,600.14,600.85,600.13,600.58,425.024,255244.32461
BNBUSDT,1775746200000,2026-04-09 14:50:00,2026-04-09 23:50:00,600.59,601.41,600.42,600.64,443.337,266385.57152
BNBUSDT,1775746500000,2026-04-09 14:55:00,2026-04-09 23:55:00,600.65,601.18,600.59,600.85,351.067,210931.48011
BNBUSDT,1775746800000,2026-04-09 15:00:00,2026-04-10 00:00:00,600.85,600.91,600.2,600.35,320.736,192600.18963
BNBUSDT,1775747100000,2026-04-09 15:05:00,2026-04-10 00:05:00,600.36,600.44,599.7,599.7,188.944,113394.15261
BNBUSDT,1775747400000,2026-04-09 15:10:00,2026-04-10 00:10:00,599.71,602,599.71,601.87,394.638,237138.27596
BNBUSDT,1775747700000,2026-04-09 15:15:00,2026-04-10 00:15:00,601.86,602.84,601.85,601.89,620.539,373685.32083
BNBUSDT,1775748000000,2026-04-09 15:20:00,2026-04-10 00:20:00,601.89,602.96,601.83,601.95,550.825,331759.27562
BNBUSDT,1775748300000,2026-04-09 15:25:00,2026-04-10 00:25:00,601.96,602.08,601.3,601.43,291.298,175238.01183
BNBUSDT,1775748600000,2026-04-09 15:30:00,2026-04-10 00:30:00,601.42,605.8,600.94,605.64,1573.712,950434.37176
BNBUSDT,1775748900000,2026-04-09 15:35:00,2026-04-10 00:35:00,605.65,606.15,603.93,604.09,978.765,592537.85049
BNBUSDT,1775749200000,2026-04-09 15:40:00,2026-04-10 00:40:00,604.09,605.48,604.09,604.93,694.716,420134.00441
BNBUSDT,1775749500000,2026-04-09 15:45:00,2026-04-10 00:45:00,604.94,607.34,604.71,605.77,2309.989,1399679.70424
BNBUSDT,1775749800000,2026-04-09 15:50:00,2026-04-10 00:50:00,605.76,607.03,605.46,606.64,589.276,357201.74091
BNBUSDT,1775750100000,2026-04-09 15:55:00,2026-04-10 00:55:00,606.65,607.32,605.81,606.01,726.503,440615.478
BNBUSDT,1775750400000,2026-04-09 16:00:00,2026-04-10 01:00:00,606.01,607.41,606.01,606.58,602.433,365621.51222
BNBUSDT,1775750700000,2026-04-09 16:05:00,2026-04-10 01:05:00,606.58,606.58,604.59,604.6,820.375,496468.31851
BNBUSDT,1775751000000,2026-04-09 16:10:00,2026-04-10 01:10:00,604.61,605.95,604.61,605.53,765.224,463131.84075
BNBUSDT,1775751300000,2026-04-09 16:15:00,2026-04-10 01:15:00,605.53,606.53,605.38,606.41,278.63,168869.36186
BNBUSDT,1775751600000,2026-04-09 16:20:00,2026-04-10 01:20:00,606.41,606.41,604.96,605.1,267.959,162307.16348
BNBUSDT,1775751900000,2026-04-09 16:25:00,2026-04-10 01:25:00,605.1,605.43,604.95,605.08,260.69,157776.64312
BNBUSDT,1775752200000,2026-04-09 16:30:00,2026-04-10 01:30:00,605.08,605.25,604.63,604.89,340.544,206010.54722
BNBUSDT,1775752500000,2026-04-09 16:35:00,2026-04-10 01:35:00,604.89,605.5,603.63,604.19,541.725,327414.43994
BNBUSDT,1775752800000,2026-04-09 16:40:00,2026-04-10 01:40:00,604.2,605.19,603.98,605.19,472.073,285368.87857
BNBUSDT,1775753100000,2026-04-09 16:45:00,2026-04-10 01:45:00,605.18,605.44,603.64,604.03,386.72,233680.88233
BNBUSDT,1775753400000,2026-04-09 16:50:00,2026-04-10 01:50:00,604.03,605,603.92,604.65,341.729,206540.85007
BNBUSDT,1775753700000,2026-04-09 16:55:00,2026-04-10 01:55:00,604.64,605.96,604.63,605.96,227.053,137396.87024
BNBUSDT,1775754000000,2026-04-09 17:00:00,2026-04-10 02:00:00,605.96,607.52,605.95,607.06,609.88,370050.08451
BNBUSDT,1775754300000,2026-04-09 17:05:00,2026-04-10 02:05:00,607.07,607.66,606.68,607.31,611.695,371467.29164
BNBUSDT,1775754600000,2026-04-09 17:10:00,2026-04-10 02:10:00,607.3,607.53,606.77,607.35,1331.615,808608.80548
BNBUSDT,1775754900000,2026-04-09 17:15:00,2026-04-10 02:15:00,607.34,607.79,607.13,607.39,473.348,287531.27992
BNBUSDT,1775755200000,2026-04-09 17:20:00,2026-04-10 02:20:00,607.4,607.49,606.59,606.82,276.762,167957.85
BNBUSDT,1775755500000,2026-04-09 17:25:00,2026-04-10 02:25:00,606.82,606.92,606,606.57,300.227,182084.71621
BNBUSDT,1775755800000,2026-04-09 17:30:00,2026-04-10 02:30:00,606.57,606.58,605.48,605.94,317.43,192323.86176
BNBUSDT,1775756100000,2026-04-09 17:35:00,2026-04-10 02:35:00,605.94,608.5,605.93,608.03,811.313,493009.43736
BNBUSDT,1775756400000,2026-04-09 17:40:00,2026-04-10 02:40:00,608.02,608.55,607.77,608.17,360.267,219108.62022
BNBUSDT,1775756700000,2026-04-09 17:45:00,2026-04-10 02:45:00,608.16,608.43,608.04,608.1,227.633,138461.80394
BNBUSDT,1775757000000,2026-04-09 17:50:00,2026-04-10 02:50:00,608.1,608.77,607.6,608.26,236.28,143724.84684
BNBUSDT,1775757300000,2026-04-09 17:55:00,2026-04-10 02:55:00,608.25,608.65,607.89,608.45,94.347,57391.46511
BNBUSDT,1775757600000,2026-04-09 18:00:00,2026-04-10 03:00:00,608.45,608.65,605.6,606.23,400.691,243144.94704
BNBUSDT,1775757900000,2026-04-09 18:05:00,2026-04-10 03:05:00,606.24,607.12,606.24,606.9,239.967,145573.31788
BNBUSDT,1775758200000,2026-04-09 18:10:00,2026-04-10 03:10:00,606.89,606.96,606.06,606.18,200.93,121868.39876
BNBUSDT,1775758500000,2026-04-09 18:15:00,2026-04-10 03:15:00,606.18,606.82,605.91,606.43,147.996,89732.2405
BNBUSDT,1775758800000,2026-04-09 18:20:00,2026-04-10 03:20:00,606.43,606.43,605.68,606.11,290.484,176036.19391
BNBUSDT,1775759100000,2026-04-09 18:25:00,2026-04-10 03:25:00,606.1,607.05,605.73,606.85,248.579,150724.08031
BNBUSDT,1775759400000,2026-04-09 18:30:00,2026-04-10 03:30:00,606.85,606.85,605.39,605.96,448.061,271707.98746
BNBUSDT,1775759700000,2026-04-09 18:35:00,2026-04-10 03:35:00,605.96,606.29,605.81,606.22,529.419,320848.75562
BNBUSDT,1775760000000,2026-04-09 18:40:00,2026-04-10 03:40:00,606.23,606.29,605.6,605.86,580.813,351913.42508
BNBUSDT,1775760300000,2026-04-09 18:45:00,2026-04-10 03:45:00,605.86,606.05,605.41,606.03,254.549,154173.85901
BNBUSDT,1775760600000,2026-04-09 18:50:00,2026-04-10 03:50:00,606.04,606.29,605.76,606.18,169.356,102628.75833
BNBUSDT,1775760900000,2026-04-09 18:55:00,2026-04-10 03:55:00,606.18,607.02,606.16,606.67,272.339,165200.57846
BNBUSDT,1775761200000,2026-04-09 19:00:00,2026-04-10 04:00:00,606.66,607.36,606.32,607.36,337.295,204700.07195
BNBUSDT,1775761500000,2026-04-09 19:05:00,2026-04-10 04:05:00,607.35,609,606.96,608.72,1599.043,972946.17385
BNBUSDT,1775761800000,2026-04-09 19:10:00,2026-04-10 04:10:00,608.72,609.12,608.54,608.7,295.062,179632.26889
BNBUSDT,1775762100000,2026-04-09 19:15:00,2026-04-10 04:15:00,608.71,608.93,607.77,607.78,185.186,112660.20935
BNBUSDT,1775762400000,2026-04-09 19:20:00,2026-04-10 04:20:00,607.78,607.92,606.4,606.52,169.509,102888.47928
BNBUSDT,1775762700000,2026-04-09 19:25:00,2026-04-10 04:25:00,606.53,607.66,606.52,607.57,129.05,78350.00085
BNBUSDT,1775763000000,2026-04-09 19:30:00,2026-04-10 04:30:00,607.57,608.59,607.57,607.58,150.185,91338.63684
BNBUSDT,1775763300000,2026-04-09 19:35:00,2026-04-10 04:35:00,607.58,608.17,607.4,608.17,117.988,71712.6148
BNBUSDT,1775763600000,2026-04-09 19:40:00,2026-04-10 04:40:00,608.16,608.88,607.98,608.42,326.049,198350.14779
BNBUSDT,1775763900000,2026-04-09 19:45:00,2026-04-10 04:45:00,608.42,609.19,608.41,609.06,1402.436,853893.03065
BNBUSDT,1775764200000,2026-04-09 19:50:00,2026-04-10 04:50:00,609.06,609.5,608.8,608.85,405.578,247060.96926
BNBUSDT,1775764500000,2026-04-09 19:55:00,2026-04-10 04:55:00,608.84,609,608.31,608.76,263.284,160247.44942
BNBUSDT,1775764800000,2026-04-09 20:00:00,2026-04-10 05:00:00,608.76,609,608.46,608.78,282.447,171942.36212
BNBUSDT,1775765100000,2026-04-09 20:05:00,2026-04-10 05:05:00,608.78,608.78,607.81,608.18,159.268,96854.86056
BNBUSDT,1775765400000,2026-04-09 20:10:00,2026-04-10 05:10:00,608.18,608.7,608.08,608.61,159.974,97338.46243
BNBUSDT,1775765700000,2026-04-09 20:15:00,2026-04-10 05:15:00,608.61,609.23,608.35,609.17,202.83,123478.85107
BNBUSDT,1775766000000,2026-04-09 20:20:00,2026-04-10 05:20:00,609.17,609.65,609.11,609.56,305.965,186494.51692
BNBUSDT,1775766300000,2026-04-09 20:25:00,2026-04-10 05:25:00,609.55,609.65,608.87,609.04,367.705,224034.76171
BNBUSDT,1775766600000,2026-04-09 20:30:00,2026-04-10 05:30:00,609.05,609.52,608.74,609.41,285.295,173781.84366
BNBUSDT,1775766900000,2026-04-09 20:35:00,2026-04-10 05:35:00,609.41,609.48,608.97,608.97,98.55,60032.42712
BNBUSDT,1775767200000,2026-04-09 20:40:00,2026-04-10 05:40:00,608.97,609.18,608.91,608.95,153.228,93317.63518
BNBUSDT,1775767500000,2026-04-09 20:45:00,2026-04-10 05:45:00,608.95,608.95,608.41,608.41,51.179,31153.75398
BNBUSDT,1775767800000,2026-04-09 20:50:00,2026-04-10 05:50:00,608.42,608.81,608.14,608.81,46.714,28424.88285
BNBUSDT,1775768100000,2026-04-09 20:55:00,2026-04-10 05:55:00,608.81,608.9,608.31,608.45,127.173,77396.15373
BNBUSDT,1775768400000,2026-04-09 21:00:00,2026-04-10 06:00:00,608.46,609.47,607.81,609.44,400.322,243631.11322
BNBUSDT,1775768700000,2026-04-09 21:05:00,2026-04-10 06:05:00,609.43,610.26,608.09,608.09,621.628,378918.8786
BNBUSDT,1775769000000,2026-04-09 21:10:00,2026-04-10 06:10:00,608.08,608.7,607.81,608.58,400.466,243530.41116
BNBUSDT,1775769300000,2026-04-09 21:15:00,2026-04-10 06:15:00,608.57,608.7,608.13,608.13,80.048,48705.8485
BNBUSDT,1775769600000,2026-04-09 21:20:00,2026-04-10 06:20:00,608.13,608.44,607.52,608.41,174.564,106124.99198
BNBUSDT,1775769900000,2026-04-09 21:25:00,2026-04-10 06:25:00,608.42,608.42,607.79,607.79,147.993,90011.34682
BNBUSDT,1775770200000,2026-04-09 21:30:00,2026-04-10 06:30:00,607.79,607.84,607.47,607.75,267.47,162499.7764
BNBUSDT,1775770500000,2026-04-09 21:35:00,2026-04-10 06:35:00,607.75,607.96,606.84,607.07,419.519,254792.36448
BNBUSDT,1775770800000,2026-04-09 21:40:00,2026-04-10 06:40:00,607.08,608.21,607.08,608.21,297.293,180673.86774
BNBUSDT,1775771100000,2026-04-09 21:45:00,2026-04-10 06:45:00,608.21,608.35,607.96,608.34,113.84,69232.04376
BNBUSDT,1775771400000,2026-04-09 21:50:00,2026-04-10 06:50:00,608.34,608.35,607.41,607.41,66.056,40152.75911
BNBUSDT,1775771700000,2026-04-09 21:55:00,2026-04-10 06:55:00,607.41,607.5,606.69,606.9,1285.168,780094.20002
BNBUSDT,1775772000000,2026-04-09 22:00:00,2026-04-10 07:00:00,606.9,607.41,606.62,607.06,1461.537,887160.13617
BNBUSDT,1775772300000,2026-04-09 22:05:00,2026-04-10 07:05:00,607.06,607.2,606.66,607.16,260.505,158121.36625
BNBUSDT,1775772600000,2026-04-09 22:10:00,2026-04-10 07:10:00,607.15,607.69,607.03,607.69,459.705,279169.50113
BNBUSDT,1775772900000,2026-04-09 22:15:00,2026-04-10 07:15:00,607.69,612.1,607.68,609.71,1624.205,991386.51207
BNBUSDT,1775773200000,2026-04-09 22:20:00,2026-04-10 07:20:00,609.72,609.85,608.2,608.65,965.108,587657.43161
BNBUSDT,1775773500000,2026-04-09 22:25:00,2026-04-10 07:25:00,608.66,609.09,607.5,608.61,985.492,599514.1529
BNBUSDT,1775773800000,2026-04-09 22:30:00,2026-04-10 07:30:00,608.6,608.67,607.9,608.23,300.346,182694.52809
BNBUSDT,1775774100000,2026-04-09 22:35:00,2026-04-10 07:35:00,608.23,608.23,607.43,607.56,201.531,122474.95562
BNBUSDT,1775774400000,2026-04-09 22:40:00,2026-04-10 07:40:00,607.55,608.19,607.28,607.46,255.806,155431.11528
BNBUSDT,1775774700000,2026-04-09 22:45:00,2026-04-10 07:45:00,607.46,608.06,606.99,607.79,459.5,279042.21535
BNBUSDT,1775775000000,2026-04-09 22:50:00,2026-04-10 07:50:00,607.79,607.79,606.04,606.75,385.799,234086.44664
BNBUSDT,1775775300000,2026-04-09 22:55:00,2026-04-10 07:55:00,606.76,606.88,605.62,605.62,594.286,360160.44654
BNBUSDT,1775775600000,2026-04-09 23:00:00,2026-04-10 08:00:00,605.63,605.84,605,605.31,637.97,386151.42015
BNBUSDT,1775775900000,2026-04-09 23:05:00,2026-04-10 08:05:00,605.32,606,604.49,604.49,1814.876,1097898.09031
BNBUSDT,1775776200000,2026-04-09 23:10:00,2026-04-10 08:10:00,604.49,604.88,603.27,603.99,852.942,515295.04811
BNBUSDT,1775776500000,2026-04-09 23:15:00,2026-04-10 08:15:00,603.99,604.52,602.77,604.11,804.623,485606.39826
BNBUSDT,1775776800000,2026-04-09 23:20:00,2026-04-10 08:20:00,604.11,604.46,603.82,603.9,147.659,89212.6298
BNBUSDT,1775777100000,2026-04-09 23:25:00,2026-04-10 08:25:00,603.9,604.23,603.77,603.82,99.92,60351.89557
BNBUSDT,1775777400000,2026-04-09 23:30:00,2026-04-10 08:30:00,603.82,603.82,601.9,602.76,869.908,524223.04139
BNBUSDT,1775777700000,2026-04-09 23:35:00,2026-04-10 08:35:00,602.76,603.07,602.42,603.01,240.56,144973.13028
BNBUSDT,1775778000000,2026-04-09 23:40:00,2026-04-10 08:40:00,603.01,603.74,602.84,602.84,701.704,423385.45074
BNBUSDT,1775778300000,2026-04-09 23:45:00,2026-04-10 08:45:00,602.84,603.02,602.3,602.86,316.502,190764.30163
BNBUSDT,1775778600000,2026-04-09 23:50:00,2026-04-10 08:50:00,602.85,603.08,602.56,602.9,204.086,123020.75279
BNBUSDT,1775778900000,2026-04-09 23:55:00,2026-04-10 08:55:00,602.9,603.04,602.65,603.03,144.41,87055.4046
BNBUSDT,1775779200000,2026-04-10 00:00:00,2026-04-10 09:00:00,603.03,603.03,602.38,602.38,371.781,224096.68534
BNBUSDT,1775779500000,2026-04-10 00:05:00,2026-04-10 09:05:00,602.38,602.48,601.74,602.11,236.566,142435.20871
BNBUSDT,1775779800000,2026-04-10 00:10:00,2026-04-10 09:10:00,602.11,602.35,601.57,602.07,382.49,230198.92303
BNBUSDT,1775780100000,2026-04-10 00:15:00,2026-04-10 09:15:00,602.06,602.14,601.4,601.4,211.531,127285.95708
BNBUSDT,1775780400000,2026-04-10 00:20:00,2026-04-10 09:20:00,601.4,601.8,601.14,601.3,249.5,150044.65142
BNBUSDT,1775780700000,2026-04-10 00:25:00,2026-04-10 09:25:00,601.3,602.11,601.1,602.1,263.464,158458.56613
BNBUSDT,1775781000000,2026-04-10 00:30:00,2026-04-10 09:30:00,602.1,602.91,601.72,602.57,277.985,167405.25177
BNBUSDT,1775781300000,2026-04-10 00:35:00,2026-04-10 09:35:00,602.58,603,602.08,602.35,280.969,169299.22775
BNBUSDT,1775781600000,2026-04-10 00:40:00,2026-04-10 09:40:00,602.34,602.88,602.19,602.83,269.358,162284.5977
BNBUSDT,1775781900000,2026-04-10 00:45:00,2026-04-10 09:45:00,602.83,603.3,602.49,602.92,203.717,122835.10966
BNBUSDT,1775782200000,2026-04-10 00:50:00,2026-04-10 09:50:00,602.92,603.59,602.89,603.15,122.725,74033.18124
BNBUSDT,1775782500000,2026-04-10 00:55:00,2026-04-10 09:55:00,603.15,603.45,603,603.42,184.513,111305.37355
BNBUSDT,1775782800000,2026-04-10 01:00:00,2026-04-10 10:00:00,603.42,603.42,602.86,603.05,210.912,127178.14725
BNBUSDT,1775783100000,2026-04-10 01:05:00,2026-04-10 10:05:00,603.06,603.26,602.59,603.26,246.456,148597.50874
BNBUSDT,1775783400000,2026-04-10 01:10:00,2026-04-10 10:10:00,603.26,604.08,603.06,603.68,257.867,155676.64442
BNBUSDT,1775783700000,2026-04-10 01:15:00,2026-04-10 10:15:00,603.68,604,603.34,603.35,304.647,183925.39567
BNBUSDT,1775784000000,2026-04-10 01:20:00,2026-04-10 10:20:00,603.36,603.41,601.04,602.08,521.558,313963.95059
BNBUSDT,1775784300000,2026-04-10 01:25:00,2026-04-10 10:25:00,602.07,602.48,602.01,602.48,284.19,171149.48858
BNBUSDT,1775784600000,2026-04-10 01:30:00,2026-04-10 10:30:00,602.47,604.19,602.31,604.13,318.453,192092.49279
BNBUSDT,1775784900000,2026-04-10 01:35:00,2026-04-10 10:35:00,604.14,605.36,604.14,605.14,623.274,377041.0211
BNBUSDT,1775785200000,2026-04-10 01:40:00,2026-04-10 10:40:00,605.14,605.4,604.33,604.39,465.065,281410.19824
BNBUSDT,1775785500000,2026-04-10 01:45:00,2026-04-10 10:45:00,604.39,604.39,603.74,604.1,303.763,183501.7475
BNBUSDT,1775785800000,2026-04-10 01:50:00,2026-04-10 10:50:00,604.1,604.99,603.18,603.19,1153.025,696388.28218
BNBUSDT,1775786100000,2026-04-10 01:55:00,2026-04-10 10:55:00,603.19,603.45,602.88,603.01,359.851,217041.20281
BNBUSDT,1775786400000,2026-04-10 02:00:00,2026-04-10 11:00:00,603.01,603.51,602.7,602.71,176.042,106161.25439
BNBUSDT,1775786700000,2026-04-10 02:05:00,2026-04-10 11:05:00,602.71,603.35,602.61,603.17,1198.294,722560.33532
BNBUSDT,1775787000000,2026-04-10 02:10:00,2026-04-10 11:10:00,603.17,603.3,602.72,602.9,237.949,143472.10335
BNBUSDT,1775787300000,2026-04-10 02:15:00,2026-04-10 11:15:00,602.9,603,602.41,602.53,225.411,135842.29826
BNBUSDT,1775787600000,2026-04-10 02:20:00,2026-04-10 11:20:00,602.52,603.03,602.52,602.92,94.252,56817.05361
BNBUSDT,1775787900000,2026-04-10 02:25:00,2026-04-10 11:25:00,602.93,603.24,602.92,603.24,55.772,33635.05071
BNBUSDT,1775788200000,2026-04-10 02:30:00,2026-04-10 11:30:00,603.23,603.48,603.01,603.29,277.342,167269.45533
BNBUSDT,1775788500000,2026-04-10 02:35:00,2026-04-10 11:35:00,603.29,603.32,602.87,602.95,91.574,55225.5438
BNBUSDT,1775788800000,2026-04-10 02:40:00,2026-04-10 11:40:00,602.95,603.5,602.65,602.87,245.204,147891.3192
BNBUSDT,1775789100000,2026-04-10 02:45:00,2026-04-10 11:45:00,602.87,602.87,601.13,601.13,2273.435,1368651.61444
BNBUSDT,1775789400000,2026-04-10 02:50:00,2026-04-10 11:50:00,601.13,601.77,601,601.42,313.053,188255.53662
BNBUSDT,1775789700000,2026-04-10 02:55:00,2026-04-10 11:55:00,601.41,601.63,601.13,601.6,167.427,100677.07228
BNBUSDT,1775790000000,2026-04-10 03:00:00,2026-04-10 12:00:00,601.61,601.61,601.04,601.49,447.812,269305.37016
BNBUSDT,1775790300000,2026-04-10 03:05:00,2026-04-10 12:05:00,601.49,601.62,601.22,601.33,138.899,83546.38326
BNBUSDT,1775790600000,2026-04-10 03:10:00,2026-04-10 12:10:00,601.33,601.58,601.12,601.13,204.97,123256.71488
BNBUSDT,1775790900000,2026-04-10 03:15:00,2026-04-10 12:15:00,601.13,601.35,600.78,600.91,258.465,155345.02989
BNBUSDT,1775791200000,2026-04-10 03:20:00,2026-04-10 12:20:00,600.92,600.92,600.2,600.22,701.923,421430.59619
BNBUSDT,1775791500000,2026-04-10 03:25:00,2026-04-10 12:25:00,600.21,600.34,599.8,599.81,827.575,496625.82377
BNBUSDT,1775791800000,2026-04-10 03:30:00,2026-04-10 12:30:00,599.8,600.44,599.79,600.33,493.944,296411.71211
BNBUSDT,1775792100000,2026-04-10 03:35:00,2026-04-10 12:35:00,600.34,600.99,600.33,600.56,464.718,279138.20787
BNBUSDT,1775792400000,2026-04-10 03:40:00,2026-04-10 12:40:00,600.56,601.08,600.5,601.03,454.407,272977.75452
BNBUSDT,1775792700000,2026-04-10 03:45:00,2026-04-10 12:45:00,601.03,601.47,601.03,601.31,114.033,68562.44182
BNBUSDT,1775793000000,2026-04-10 03:50:00,2026-04-10 12:50:00,601.3,601.45,601.04,601.45,76.902,46238.77874
BNBUSDT,1775793300000,2026-04-10 03:55:00,2026-04-10 12:55:00,601.44,601.48,601.14,601.14,123.607,74322.00974
BNBUSDT,1775793600000,2026-04-10 04:00:00,2026-04-10 13:00:00,601.14,601.48,600.94,601.24,179.769,108075.67226
BNBUSDT,1775793900000,2026-04-10 04:05:00,2026-04-10 13:05:00,601.24,601.62,601.07,601.39,218.628,131476.12185
BNBUSDT,1775794200000,2026-04-10 04:10:00,2026-04-10 13:10:00,601.4,601.65,601.32,601.52,107.273,64520.12499
BNBUSDT,1775794500000,2026-04-10 04:15:00,2026-04-10 13:15:00,601.51,601.82,601.3,601.46,222.835,134028.02734
BNBUSDT,1775794800000,2026-04-10 04:20:00,2026-04-10 13:20:00,601.47,602,601.44,601.44,692.133,416591.4099
BNBUSDT,1775795100000,2026-04-10 04:25:00,2026-04-10 13:25:00,601.43,601.69,601.34,601.35,168.441,101324.81925
BNBUSDT,1775795400000,2026-04-10 04:30:00,2026-04-10 13:30:00,601.34,601.54,601.13,601.23,223.265,134248.05773
BNBUSDT,1775795700000,2026-04-10 04:35:00,2026-04-10 13:35:00,601.24,601.52,601.19,601.27,204.121,122751.09762
BNBUSDT,1775796000000,2026-04-10 04:40:00,2026-04-10 13:40:00,601.26,601.36,601.06,601.3,186.741,112274.77693
BNBUSDT,1775796300000,2026-04-10 04:45:00,2026-04-10 13:45:00,601.31,601.6,601.31,601.59,196.591,118235.93103
BNBUSDT,1775796600000,2026-04-10 04:50:00,2026-04-10 13:50:00,601.6,602.58,601.33,601.69,2994.498,1802659.02682
BNBUSDT,1775796900000,2026-04-10 04:55:00,2026-04-10 13:55:00,601.69,601.69,600.88,601.04,310.913,186936.54786
BNBUSDT,1775797200000,2026-04-10 05:00:00,2026-04-10 14:00:00,601.04,601.18,600.57,601.05,453.246,272300.62855
BNBUSDT,1775797500000,2026-04-10 05:05:00,2026-04-10 14:05:00,601.06,601.63,601.06,601.45,318.223,191405.2809
BNBUSDT,1775797800000,2026-04-10 05:10:00,2026-04-10 14:10:00,601.45,601.45,601.11,601.33,87.212,52441.88129
BNBUSDT,1775798100000,2026-04-10 05:15:00,2026-04-10 14:15:00,601.33,601.39,601.06,601.29,98.102,58983.75233
BNBUSDT,1775798400000,2026-04-10 05:20:00,2026-04-10 14:20:00,601.3,602.32,601.29,602.15,265.288,159704.38612
BNBUSDT,1775798700000,2026-04-10 05:25:00,2026-04-10 14:25:00,602.15,602.59,602.15,602.59,140.09,84404.35042
BNBUSDT,1775799000000,2026-04-10 05:30:00,2026-04-10 14:30:00,602.59,602.61,602.25,602.37,162.639,97977.84854
BNBUSDT,1775799300000,2026-04-10 05:35:00,2026-04-10 14:35:00,602.37,602.48,602.23,602.48,100.363,60447.80855
BNBUSDT,1775799600000,2026-04-10 05:40:00,2026-04-10 14:40:00,602.48,602.54,602.12,602.2,145.751,87778.96212
BNBUSDT,1775799900000,2026-04-10 05:45:00,2026-04-10 14:45:00,602.21,602.61,602.21,602.33,73.244,44122.63446
BNBUSDT,1775800200000,2026-04-10 05:50:00,2026-04-10 14:50:00,602.32,602.45,601.86,601.86,187.858,113120.35738
BNBUSDT,1775800500000,2026-04-10 05:55:00,2026-04-10 14:55:00,601.85,601.86,601.47,601.79,97.095,58421.21483
BNBUSDT,1775800800000,2026-04-10 06:00:00,2026-04-10 15:00:00,601.8,601.8,601.2,601.56,173.278,104202.21676
BNBUSDT,1775801100000,2026-04-10 06:05:00,2026-04-10 15:05:00,601.56,601.93,601.45,601.53,109.071,65622.42499
BNBUSDT,1775801400000,2026-04-10 06:10:00,2026-04-10 15:10:00,601.53,601.93,601.44,601.93,217.728,130994.24085
BNBUSDT,1775801700000,2026-04-10 06:15:00,2026-04-10 15:15:00,601.92,601.93,600.77,600.96,335.543,201745.17869
BNBUSDT,1775802000000,2026-04-10 06:20:00,2026-04-10 15:20:00,600.95,601.22,600.67,601.22,79.852,47994.36118
BNBUSDT,1775802300000,2026-04-10 06:25:00,2026-04-10 15:25:00,601.21,601.21,600.96,601.07,88.488,53184.26729
BNBUSDT,1775802600000,2026-04-10 06:30:00,2026-04-10 15:30:00,601.07,601.13,600.94,600.94,157.11,94427.46603
BNBUSDT,1775802900000,2026-04-10 06:35:00,2026-04-10 15:35:00,600.95,601.24,600.18,600.86,525.399,315618.13909
BNBUSDT,1775803200000,2026-04-10 06:40:00,2026-04-10 15:40:00,600.86,600.86,599.8,599.87,334.475,200717.87329
BNBUSDT,1775803500000,2026-04-10 06:45:00,2026-04-10 15:45:00,599.86,600.15,599.69,599.76,248.062,148817.16627
BNBUSDT,1775803800000,2026-04-10 06:50:00,2026-04-10 15:50:00,599.76,600.52,599.42,600.34,511.556,306939.65676
BNBUSDT,1775804100000,2026-04-10 06:55:00,2026-04-10 15:55:00,600.34,600.51,600.17,600.5,109.126,65510.01509
BNBUSDT,1775804400000,2026-04-10 07:00:00,2026-04-10 16:00:00,600.51,600.9,600.35,600.52,202.095,121378.65385
BNBUSDT,1775804700000,2026-04-10 07:05:00,2026-04-10 16:05:00,600.53,600.91,600.52,600.74,120.932,72631.86654
BNBUSDT,1775805000000,2026-04-10 07:10:00,2026-04-10 16:10:00,600.73,600.89,600.35,600.39,111.448,66942.81187
BNBUSDT,1775805300000,2026-04-10 07:15:00,2026-04-10 16:15:00,600.39,600.73,600.39,600.5,145.308,87263.52576
BNBUSDT,1775805600000,2026-04-10 07:20:00,2026-04-10 16:20:00,600.51,600.51,600,600.29,162.75,97693.62916
BNBUSDT,1775805900000,2026-04-10 07:25:00,2026-04-10 16:25:00,600.3,600.4,600.2,600.4,97.184,58339.52072
BNBUSDT,1775806200000,2026-04-10 07:30:00,2026-04-10 16:30:00,600.39,601.13,600.39,600.89,252.638,151756.96752
BNBUSDT,1775806500000,2026-04-10 07:35:00,2026-04-10 16:35:00,600.9,601.32,600.76,601.06,242.631,145831.33342
BNBUSDT,1775806800000,2026-04-10 07:40:00,2026-04-10 16:40:00,601.06,601.06,600.51,600.69,350.203,210409.26431
BNBUSDT,1775807100000,2026-04-10 07:45:00,2026-04-10 16:45:00,600.69,600.69,600.18,600.28,428.713,257436.40725
BNBUSDT,1775807400000,2026-04-10 07:50:00,2026-04-10 16:50:00,600.28,600.43,599.05,599.06,746.116,447491.75727
BNBUSDT,1775807700000,2026-04-10 07:55:00,2026-04-10 16:55:00,599.07,599.36,599.04,599.29,617.735,370169.44334
BNBUSDT,1775808000000,2026-04-10 08:00:00,2026-04-10 17:00:00,599.29,599.29,597.4,597.79,2109.581,1261929.24184
BNBUSDT,1775808300000,2026-04-10 08:05:00,2026-04-10 17:05:00,597.78,598.55,597.62,598.54,970.155,580083.5442
BNBUSDT,1775808600000,2026-04-10 08:10:00,2026-04-10 17:10:00,598.55,599.18,598.54,598.82,239.877,143667.28772
BNBUSDT,1775808900000,2026-04-10 08:15:00,2026-04-10 17:15:00,598.81,599.28,598.37,599.27,294.79,176513.32322
BNBUSDT,1775809200000,2026-04-10 08:20:00,2026-04-10 17:20:00,599.28,599.56,599.04,599.39,260.894,156350.95647
BNBUSDT,1775809500000,2026-04-10 08:25:00,2026-04-10 17:25:00,599.4,599.53,599.09,599.33,433.844,259987.81233
BNBUSDT,1775809800000,2026-04-10 08:30:00,2026-04-10 17:30:00,599.33,600.09,599.25,599.84,422.489,253420.52471
BNBUSDT,1775810100000,2026-04-10 08:35:00,2026-04-10 17:35:00,599.83,600.65,599.83,600.6,445.927,267644.2094
BNBUSDT,1775810400000,2026-04-10 08:40:00,2026-04-10 17:40:00,600.6,600.76,600.37,600.68,410.014,246242.43015
BNBUSDT,1775810700000,2026-04-10 08:45:00,2026-04-10 17:45:00,600.69,600.84,599.75,600.1,1001.24,601191.76305
BNBUSDT,1775811000000,2026-04-10 08:50:00,2026-04-10 17:50:00,600.11,600.42,599.7,600.42,219.725,131835.81416
BNBUSDT,1775811300000,2026-04-10 08:55:00,2026-04-10 17:55:00,600.42,600.62,600.25,600.53,130.846,78560.66336
BNBUSDT,1775811600000,2026-04-10 09:00:00,2026-04-10 18:00:00,600.53,601.32,600.52,601.2,198.831,119493.18737
BNBUSDT,1775811900000,2026-04-10 09:05:00,2026-04-10 18:05:00,601.2,601.27,600.81,600.82,288.995,173729.24875
BNBUSDT,1775812200000,2026-04-10 09:10:00,2026-04-10 18:10:00,600.83,600.83,600.39,600.45,224.532,134861.94599
BNBUSDT,1775812500000,2026-04-10 09:15:00,2026-04-10 18:15:00,600.45,601.47,600.23,601.13,449.892,270313.6785
BNBUSDT,1775812800000,2026-04-10 09:20:00,2026-04-10 18:20:00,601.14,601.47,601.02,601.24,259.724,156170.02053
BNBUSDT,1775813100000,2026-04-10 09:25:00,2026-04-10 18:25:00,601.24,601.37,600.94,601.3,177.486,106706.5494
BNBUSDT,1775813400000,2026-04-10 09:30:00,2026-04-10 18:30:00,601.29,601.57,601.29,601.44,158.29,95198.78188
BNBUSDT,1775813700000,2026-04-10 09:35:00,2026-04-10 18:35:00,601.45,601.57,601.08,601.26,149.508,89903.00605
BNBUSDT,1775814000000,2026-04-10 09:40:00,2026-04-10 18:40:00,601.26,601.34,600.86,601,454.385,273113.7503
BNBUSDT,1775814300000,2026-04-10 09:45:00,2026-04-10 18:45:00,600.99,601.06,600.69,600.96,550.858,330940.76675
BNBUSDT,1775814600000,2026-04-10 09:50:00,2026-04-10 18:50:00,600.96,601.38,600.95,601.24,116.232,69873.46851
BNBUSDT,1775814900000,2026-04-10 09:55:00,2026-04-10 18:55:00,601.24,602.17,601.13,601.71,486.514,292664.46703
BNBUSDT,1775815200000,2026-04-10 10:00:00,2026-04-10 19:00:00,601.72,601.86,601.1,601.13,694.949,417902.25722
BNBUSDT,1775815500000,2026-04-10 10:05:00,2026-04-10 19:05:00,601.13,601.28,600.7,600.91,228.066,137058.29932
BNBUSDT,1775815800000,2026-04-10 10:10:00,2026-04-10 19:10:00,600.91,600.91,600.66,600.79,139.535,83832.50926
BNBUSDT,1775816100000,2026-04-10 10:15:00,2026-04-10 19:15:00,600.8,601.03,600.71,601.02,72.762,43716.37383
BNBUSDT,1775816400000,2026-04-10 10:20:00,2026-04-10 19:20:00,601.03,601.03,600.79,600.8,80.25,48229.33022
BNBUSDT,1775816700000,2026-04-10 10:25:00,2026-04-10 19:25:00,600.79,601.01,600.61,600.69,203.96,122524.40311
BNBUSDT,1775817000000,2026-04-10 10:30:00,2026-04-10 19:30:00,600.7,600.77,600.05,600.17,297.375,178578.57955
BNBUSDT,1775817300000,2026-04-10 10:35:00,2026-04-10 19:35:00,600.17,600.47,599.79,600.46,362.78,217684.5
BNBUSDT,1775817600000,2026-04-10 10:40:00,2026-04-10 19:40:00,600.47,600.69,600.38,600.52,160.871,96606.16101
BNBUSDT,1775817900000,2026-04-10 10:45:00,2026-04-10 19:45:00,600.53,600.98,600.42,600.59,150.715,90525.53501
BNBUSDT,1775818200000,2026-04-10 10:50:00,2026-04-10 19:50:00,600.6,600.96,600.58,600.66,270.516,162514.91538
BNBUSDT,1775818500000,2026-04-10 10:55:00,2026-04-10 19:55:00,600.66,600.9,600.58,600.72,110.375,66300.48061
BNBUSDT,1775818800000,2026-04-10 11:00:00,2026-04-10 20:00:00,600.71,601.44,600.43,601.19,196.195,117928.83049
BNBUSDT,1775819100000,2026-04-10 11:05:00,2026-04-10 20:05:00,601.2,602.32,601.16,602.18,265.174,159549.34708
BNBUSDT,1775819400000,2026-04-10 11:10:00,2026-04-10 20:10:00,602.17,602.48,601.96,602.16,380.437,229118.80974
BNBUSDT,1775819700000,2026-04-10 11:15:00,2026-04-10 20:15:00,602.16,602.35,601.88,602.1,247.414,148975.12034
BNBUSDT,1775820000000,2026-04-10 11:20:00,2026-04-10 20:20:00,602.1,602.28,602,602.07,119.243,71798.38629
BNBUSDT,1775820300000,2026-04-10 11:25:00,2026-04-10 20:25:00,602.07,602.19,601.12,601.91,920.921,553924.1368
BNBUSDT,1775820600000,2026-04-10 11:30:00,2026-04-10 20:30:00,601.91,603.49,601.64,602.73,2614.186,1575634.37674
BNBUSDT,1775820900000,2026-04-10 11:35:00,2026-04-10 20:35:00,602.73,603.36,602.73,603.23,409.976,247238.04898
BNBUSDT,1775821200000,2026-04-10 11:40:00,2026-04-10 20:40:00,603.22,603.23,602.43,602.43,235.569,141996.89626
BNBUSDT,1775821500000,2026-04-10 11:45:00,2026-04-10 20:45:00,602.44,603.02,602.33,602.93,183.865,110795.95636
BNBUSDT,1775821800000,2026-04-10 11:50:00,2026-04-10 20:50:00,602.94,602.95,602.67,602.73,181.714,109546.08282
BNBUSDT,1775822100000,2026-04-10 11:55:00,2026-04-10 20:55:00,602.73,602.73,602.27,602.57,246.655,148601.08963
BNBUSDT,1775822400000,2026-04-10 12:00:00,2026-04-10 21:00:00,602.57,603.04,602.4,603.04,254.871,153609.57301
BNBUSDT,1775822700000,2026-04-10 12:05:00,2026-04-10 21:05:00,603.04,603.3,602.69,602.84,157.175,94778.79326
BNBUSDT,1775823000000,2026-04-10 12:10:00,2026-04-10 21:10:00,602.84,602.88,602.62,602.69,126.115,76011.91333
BNBUSDT,1775823300000,2026-04-10 12:15:00,2026-04-10 21:15:00,602.68,602.98,602.36,602.84,162.211,97768.20401
BNBUSDT,1775823600000,2026-04-10 12:20:00,2026-04-10 21:20:00,602.85,603.32,601.87,602.2,274.46,165374.01925
BNBUSDT,1775823900000,2026-04-10 12:25:00,2026-04-10 21:25:00,602.21,603.17,601.5,602.88,356.804,214856.77238
BNBUSDT,1775824200000,2026-04-10 12:30:00,2026-04-10 21:30:00,602.88,604.03,601.75,603.55,1246.967,752198.8421
BNBUSDT,1775824500000,2026-04-10 12:35:00,2026-04-10 21:35:00,603.54,603.54,603.06,603.48,219.572,132466.43308
BNBUSDT,1775824800000,2026-04-10 12:40:00,2026-04-10 21:40:00,603.48,604.54,603.48,603.77,376.975,227732.29997
BNBUSDT,1775825100000,2026-04-10 12:45:00,2026-04-10 21:45:00,603.77,604.19,603.42,604.19,188.879,114029.4583
BNBUSDT,1775825400000,2026-04-10 12:50:00,2026-04-10 21:50:00,604.19,604.19,602.72,602.72,184.247,111163.3789
BNBUSDT,1775825700000,2026-04-10 12:55:00,2026-04-10 21:55:00,602.72,602.94,602.59,602.75,175.689,105901.62912
BNBUSDT,1775826000000,2026-04-10 13:00:00,2026-04-10 22:00:00,602.75,602.75,602.25,602.27,217.547,131058.65535
BNBUSDT,1775826300000,2026-04-10 13:05:00,2026-04-10 22:05:00,602.26,602.55,602.26,602.43,169.412,102051.79464
BNBUSDT,1775826600000,2026-04-10 13:10:00,2026-04-10 22:10:00,602.42,602.74,602.34,602.41,248.072,149466.75556
BNBUSDT,1775826900000,2026-04-10 13:15:00,2026-04-10 22:15:00,602.4,602.4,602.18,602.33,150.022,90355.98559
BNBUSDT,1775827200000,2026-04-10 13:20:00,2026-04-10 22:20:00,602.33,602.74,602.32,602.57,226.312,136358.53034
BNBUSDT,1775827500000,2026-04-10 13:25:00,2026-04-10 22:25:00,602.56,602.84,602.46,602.72,242.167,145942.21318
BNBUSDT,1775827800000,2026-04-10 13:30:00,2026-04-10 22:30:00,602.72,603.27,601.85,601.91,767.948,462781.03102
BNBUSDT,1775828100000,2026-04-10 13:35:00,2026-04-10 22:35:00,601.91,601.92,601.04,601.23,447.909,269380.06834
BNBUSDT,1775828400000,2026-04-10 13:40:00,2026-04-10 22:40:00,601.22,601.34,601.07,601.32,264.894,159250.39736
BNBUSDT,1775828700000,2026-04-10 13:45:00,2026-04-10 22:45:00,601.33,602.5,601.28,602.3,399.973,240730.81624
BNBUSDT,1775829000000,2026-04-10 13:50:00,2026-04-10 22:50:00,602.3,602.3,601.33,602.07,221.804,133478.89885
BNBUSDT,1775829300000,2026-04-10 13:55:00,2026-04-10 22:55:00,602.06,602.35,601.94,602.3,297.189,178937.59295
BNBUSDT,1775829600000,2026-04-10 14:00:00,2026-04-10 23:00:00,602.3,602.82,602.03,602.33,520.387,313537.82258
BNBUSDT,1775829900000,2026-04-10 14:05:00,2026-04-10 23:05:00,602.34,603.07,602.22,602.23,485.769,292716.04419
BNBUSDT,1775830200000,2026-04-10 14:10:00,2026-04-10 23:10:00,602.23,604.09,602,604.04,662.164,399491.23315
BNBUSDT,1775830500000,2026-04-10 14:15:00,2026-04-10 23:15:00,604.04,605.37,604.04,604.92,1574.266,952120.26739
BNBUSDT,1775830800000,2026-04-10 14:20:00,2026-04-10 23:20:00,604.91,606.38,604.91,606.36,1072.542,649584.24268
BNBUSDT,1775831100000,2026-04-10 14:25:00,2026-04-10 23:25:00,606.36,606.75,605.52,606.08,783.803,474945.43165
BNBUSDT,1775831400000,2026-04-10 14:30:00,2026-04-10 23:30:00,606.08,606.89,606.08,606.47,717.282,435047.7309
BNBUSDT,1775831700000,2026-04-10 14:35:00,2026-04-10 23:35:00,606.47,607.48,606.27,606.9,949.802,576377.6018
BNBUSDT,1775832000000,2026-04-10 14:40:00,2026-04-10 23:40:00,606.89,607,604.86,606.15,1451.064,879440.56442
BNBUSDT,1775832300000,2026-04-10 14:45:00,2026-04-10 23:45:00,606.14,606.43,605.57,605.66,468.274,283835.07427
BNBUSDT,1775832600000,2026-04-10 14:50:00,2026-04-10 23:50:00,605.67,606.85,605.61,606.22,705.912,428089.78988
BNBUSDT,1775832900000,2026-04-10 14:55:00,2026-04-10 23:55:00,606.22,606.97,605.85,606.93,454.436,275588.17738
BNBUSDT,1775833200000,2026-04-10 15:00:00,2026-04-11 00:00:00,606.93,607.97,606.93,607.58,629.407,382307.68989
BNBUSDT,1775833500000,2026-04-10 15:05:00,2026-04-11 00:05:00,607.59,608.32,607.2,608.19,659.295,400690.28209
BNBUSDT,1775833800000,2026-04-10 15:10:00,2026-04-11 00:10:00,608.19,608.4,607.38,607.48,486.818,295941.7794
BNBUSDT,1775834100000,2026-04-10 15:15:00,2026-04-11 00:15:00,607.48,607.54,606.83,607.45,760.567,461756.12052
BNBUSDT,1775834400000,2026-04-10 15:20:00,2026-04-11 00:20:00,607.45,608.76,607.22,608.15,1022.916,621932.5298
BNBUSDT,1775834700000,2026-04-10 15:25:00,2026-04-11 00:25:00,608.14,608.14,605.41,605.51,877.772,532170.54286
BNBUSDT,1775835000000,2026-04-10 15:30:00,2026-04-11 00:30:00,605.51,606.08,605.3,605.73,449.739,272385.99194
BNBUSDT,1775835300000,2026-04-10 15:35:00,2026-04-11 00:35:00,605.74,605.74,604.71,605.4,543.232,328765.76459
BNBUSDT,1775835600000,2026-04-10 15:40:00,2026-04-11 00:40:00,605.41,605.41,602.98,604.46,2777.212,1676484.20879
BNBUSDT,1775835900000,2026-04-10 15:45:00,2026-04-11 00:45:00,604.46,604.65,603.41,603.65,897.743,542257.37862
BNBUSDT,1775836200000,2026-04-10 15:50:00,2026-04-11 00:50:00,603.65,604.12,603.37,603.38,335.383,202498.80273
BNBUSDT,1775836500000,2026-04-10 15:55:00,2026-04-11 00:55:00,603.37,603.66,602.81,603.27,945.248,570120.92363
BNBUSDT,1775836800000,2026-04-10 16:00:00,2026-04-11 01:00:00,603.27,604.04,603.2,603.82,449.236,271155.15642
BNBUSDT,1775837100000,2026-04-10 16:05:00,2026-04-11 01:05:00,603.82,604.2,603.74,603.95,298.078,180020.0319
BNBUSDT,1775837400000,2026-04-10 16:10:00,2026-04-11 01:10:00,603.95,604.87,603.95,604.62,204.329,123501.71882
BNBUSDT,1775837700000,2026-04-10 16:15:00,2026-04-11 01:15:00,604.63,605.37,604.54,605.1,455.777,275676.20576
BNBUSDT,1775838000000,2026-04-10 16:20:00,2026-04-11 01:20:00,605.11,605.19,604.14,605.15,338.95,204966.28502
BNBUSDT,1775838300000,2026-04-10 16:25:00,2026-04-11 01:25:00,605.14,605.27,604.93,605.14,269.161,162859.73456
BNBUSDT,1775838600000,2026-04-10 16:30:00,2026-04-11 01:30:00,605.15,605.46,604.66,605.46,517.044,312905.25862
BNBUSDT,1775838900000,2026-04-10 16:35:00,2026-04-11 01:35:00,605.47,605.63,605.26,605.36,168.678,102120.21317
BNBUSDT,1775839200000,2026-04-10 16:40:00,2026-04-11 01:40:00,605.36,605.36,604.77,604.77,274.177,165895.83369
BNBUSDT,1775839500000,2026-04-10 16:45:00,2026-04-11 01:45:00,604.77,605.32,604.66,605.1,460.24,278421.32507
BNBUSDT,1775839800000,2026-04-10 16:50:00,2026-04-11 01:50:00,605.11,605.95,605.11,605.58,182.019,110224.18392
BNBUSDT,1775840100000,2026-04-10 16:55:00,2026-04-11 01:55:00,605.58,606.1,605.57,605.82,127.116,77015.48748
BNBUSDT,1775840400000,2026-04-10 17:00:00,2026-04-11 02:00:00,605.83,606.07,605.6,605.69,319.231,193388.5547
BNBUSDT,1775840700000,2026-04-10 17:05:00,2026-04-11 02:05:00,605.69,605.89,605.58,605.73,213,129029.12167
BNBUSDT,1775841000000,2026-04-10 17:10:00,2026-04-11 02:10:00,605.73,605.73,605.41,605.44,292.038,176841.78132
BNBUSDT,1775841300000,2026-04-10 17:15:00,2026-04-11 02:15:00,605.43,605.72,605.33,605.59,168.919,102299.57354
BNBUSDT,1775841600000,2026-04-10 17:20:00,2026-04-11 02:20:00,605.6,605.99,605.54,605.79,331.544,200846.41972
BNBUSDT,1775841900000,2026-04-10 17:25:00,2026-04-11 02:25:00,605.78,606.2,605.66,605.87,112.739,68323.86458
BNBUSDT,1775842200000,2026-04-10 17:30:00,2026-04-11 02:30:00,605.88,606.2,605.77,606.01,199.652,120995.9599
BNBUSDT,1775842500000,2026-04-10 17:35:00,2026-04-11 02:35:00,606.01,606.01,605.37,605.99,209.847,127113.80523
BNBUSDT,1775842800000,2026-04-10 17:40:00,2026-04-11 02:40:00,605.99,606,605.47,605.9,166.987,101145.99188
BNBUSDT,1775843100000,2026-04-10 17:45:00,2026-04-11 02:45:00,605.9,606.73,605.89,606.52,291.833,176922.26466
BNBUSDT,1775843400000,2026-04-10 17:50:00,2026-04-11 02:50:00,606.52,607.14,606.51,606.89,149.611,90790.25656
BNBUSDT,1775843700000,2026-04-10 17:55:00,2026-04-11 02:55:00,606.89,607.37,606.84,607.28,133.183,80861.05761
BNBUSDT,1775844000000,2026-04-10 18:00:00,2026-04-11 03:00:00,607.28,607.39,606.64,606.75,368.193,223535.90121
BNBUSDT,1775844300000,2026-04-10 18:05:00,2026-04-11 03:05:00,606.74,607.04,606.52,606.94,241.382,146456.22141
BNBUSDT,1775844600000,2026-04-10 18:10:00,2026-04-11 03:10:00,606.94,607.54,606.93,607.54,154.236,93666.84577
BNBUSDT,1775844900000,2026-04-10 18:15:00,2026-04-11 03:15:00,607.54,607.97,606.86,607.24,374.873,227671.93153
BNBUSDT,1775845200000,2026-04-10 18:20:00,2026-04-11 03:20:00,607.25,607.67,607.24,607.37,162.409,98659.33707
BNBUSDT,1775845500000,2026-04-10 18:25:00,2026-04-11 03:25:00,607.37,608.16,607.18,608.05,387.183,235283.20186
BNBUSDT,1775845800000,2026-04-10 18:30:00,2026-04-11 03:30:00,608.05,608.38,607.87,608.11,223.195,135740.99741
BNBUSDT,1775846100000,2026-04-10 18:35:00,2026-04-11 03:35:00,608.1,608.28,608,608.2,185.14,112595.51577
BNBUSDT,1775846400000,2026-04-10 18:40:00,2026-04-11 03:40:00,608.2,608.21,607.86,607.89,176,107015.8036
BNBUSDT,1775846700000,2026-04-10 18:45:00,2026-04-11 03:45:00,607.88,608.52,607.88,608.46,228.757,139144.282
BNBUSDT,1775847000000,2026-04-10 18:50:00,2026-04-11 03:50:00,608.46,609.12,608.45,609.12,414.391,252284.92504
BNBUSDT,1775847300000,2026-04-10 18:55:00,2026-04-11 03:55:00,609.12,609.34,608.96,609.05,246.336,150066.79546
BNBUSDT,1775847600000,2026-04-10 19:00:00,2026-04-11 04:00:00,609.06,609.34,609.04,609.24,185.301,112882.39686
BNBUSDT,1775847900000,2026-04-10 19:05:00,2026-04-11 04:05:00,609.24,609.56,609,609.01,334.649,203898.98031
BNBUSDT,1775848200000,2026-04-10 19:10:00,2026-04-11 04:10:00,609.01,609.99,609,609.51,634.537,386890.76906
BNBUSDT,1775848500000,2026-04-10 19:15:00,2026-04-11 04:15:00,609.51,609.51,608.82,609.5,393.131,239498.04832
BNBUSDT,1775848800000,2026-04-10 19:20:00,2026-04-11 04:20:00,609.51,609.56,608.6,608.73,320.288,195019.5254
BNBUSDT,1775849100000,2026-04-10 19:25:00,2026-04-11 04:25:00,608.73,608.82,608.61,608.74,125.51,76400.89795
BNBUSDT,1775849400000,2026-04-10 19:30:00,2026-04-11 04:30:00,608.75,608.81,608.42,608.81,203.458,123811.02431
BNBUSDT,1775849700000,2026-04-10 19:35:00,2026-04-11 04:35:00,608.8,608.81,608.42,608.43,88.27,53716.38184
BNBUSDT,1775850000000,2026-04-10 19:40:00,2026-04-11 04:40:00,608.43,608.47,608.34,608.41,226.025,137515.49474
BNBUSDT,1775850300000,2026-04-10 19:45:00,2026-04-11 04:45:00,608.41,608.58,608.31,608.57,126.608,77037.71035
BNBUSDT,1775850600000,2026-04-10 19:50:00,2026-04-11 04:50:00,608.58,609.16,608.57,609.16,225.566,137360.35705
BNBUSDT,1775850900000,2026-04-10 19:55:00,2026-04-11 04:55:00,609.16,609.64,609.15,609.6,166.073,101204.18753
BNBUSDT,1775851200000,2026-04-10 20:00:00,2026-04-11 05:00:00,609.61,609.83,609.5,609.78,251.634,153402.22581
BNBUSDT,1775851500000,2026-04-10 20:05:00,2026-04-11 05:05:00,609.79,609.79,609.05,609.65,383.345,233630.27504
BNBUSDT,1775851800000,2026-04-10 20:10:00,2026-04-11 05:10:00,609.65,609.68,609.31,609.55,223.66,136303.10466
BNBUSDT,1775852100000,2026-04-10 20:15:00,2026-04-11 05:15:00,609.54,609.81,609.24,609.81,198.307,120877.27746
BNBUSDT,1775852400000,2026-04-10 20:20:00,2026-04-11 05:20:00,609.81,609.83,609.01,609.13,181.57,110626.20906
BNBUSDT,1775852700000,2026-04-10 20:25:00,2026-04-11 05:25:00,609.14,609.76,609.14,609.75,173.445,105703.22527
BNBUSDT,1775853000000,2026-04-10 20:30:00,2026-04-11 05:30:00,609.76,610.34,609.33,609.52,653.454,398567.8642
BNBUSDT,1775853300000,2026-04-10 20:35:00,2026-04-11 05:35:00,609.51,609.66,607.81,608.04,643.164,391291.95373
BNBUSDT,1775853600000,2026-04-10 20:40:00,2026-04-11 05:40:00,608.03,608.77,608.03,608.76,312.911,190358.56786
BNBUSDT,1775853900000,2026-04-10 20:45:00,2026-04-11 05:45:00,608.77,609.06,608.44,608.95,181.759,110643.29522
BNBUSDT,1775854200000,2026-04-10 20:50:00,2026-04-11 05:50:00,608.96,609.18,608.95,609.18,75.7,46106.34702
BNBUSDT,1775854500000,2026-04-10 20:55:00,2026-04-11 05:55:00,609.18,610.29,609.17,609.99,229.144,139745.24716
BNBUSDT,1775854800000,2026-04-10 21:00:00,2026-04-11 06:00:00,609.99,610.12,609.88,610.1,126.499,77166.40214
BNBUSDT,1775855100000,2026-04-10 21:05:00,2026-04-11 06:05:00,610.09,610.09,609.01,609.21,257.468,156921.36994
BNBUSDT,1775855400000,2026-04-10 21:10:00,2026-04-11 06:10:00,609.2,609.21,608.32,608.46,317.265,193136.68191
BNBUSDT,1775855700000,2026-04-10 21:15:00,2026-04-11 06:15:00,608.46,608.46,608.24,608.36,169.878,103343.70242
BNBUSDT,1775856000000,2026-04-10 21:20:00,2026-04-11 06:20:00,608.37,608.53,608.2,608.23,145.3,88398.16874
BNBUSDT,1775856300000,2026-04-10 21:25:00,2026-04-11 06:25:00,608.24,608.41,608.19,608.32,80.725,49104.71727
BNBUSDT,1775856600000,2026-04-10 21:30:00,2026-04-11 06:30:00,608.32,608.32,607.66,607.92,287.559,174818.18675
BNBUSDT,1775856900000,2026-04-10 21:35:00,2026-04-11 06:35:00,607.92,608.56,607.92,608.14,80.396,48903.54908
BNBUSDT,1775857200000,2026-04-10 21:40:00,2026-04-11 06:40:00,608.13,608.13,606.47,606.63,2068.891,1255686.72525
BNBUSDT,1775857500000,2026-04-10 21:45:00,2026-04-11 06:45:00,606.63,606.97,606.37,606.93,605.241,367151.87098
BNBUSDT,1775857800000,2026-04-10 21:50:00,2026-04-11 06:50:00,606.93,607.46,606.92,607.41,116.452,70708.37595
BNBUSDT,1775858100000,2026-04-10 21:55:00,2026-04-11 06:55:00,607.4,607.66,607.14,607.51,331.83,201524.4442
BNBUSDT,1775858400000,2026-04-10 22:00:00,2026-04-11 07:00:00,607.51,607.77,607.28,607.74,280.691,170521.7862
BNBUSDT,1775858700000,2026-04-10 22:05:00,2026-04-11 07:05:00,607.75,608.05,607.14,607.14,285.999,173784.36436
BNBUSDT,1775859000000,2026-04-10 22:10:00,2026-04-11 07:10:00,607.14,607.62,607.14,607.47,147.552,89624.30369
BNBUSDT,1775859300000,2026-04-10 22:15:00,2026-04-11 07:15:00,607.47,607.6,606.67,606.84,425.115,258113.92688
BNBUSDT,1775859600000,2026-04-10 22:20:00,2026-04-11 07:20:00,606.84,606.95,606.58,606.79,211.646,128418.76778
BNBUSDT,1775859900000,2026-04-10 22:25:00,2026-04-11 07:25:00,606.78,607.02,606.75,606.97,109.552,66491.56844
BNBUSDT,1775860200000,2026-04-10 22:30:00,2026-04-11 07:30:00,606.97,606.97,606.84,606.84,73.256,44459.01912
BNBUSDT,1775860500000,2026-04-10 22:35:00,2026-04-11 07:35:00,606.85,607.1,605.92,606.47,656.24,397911.66861
BNBUSDT,1775860800000,2026-04-10 22:40:00,2026-04-11 07:40:00,606.46,606.47,605.92,606.46,362.22,219595.48596
BNBUSDT,1775861100000,2026-04-10 22:45:00,2026-04-11 07:45:00,606.46,606.59,606.38,606.42,138.891,84238.52952
BNBUSDT,1775861400000,2026-04-10 22:50:00,2026-04-11 07:50:00,606.43,606.71,606.42,606.64,67.35,40853.70821
BNBUSDT,1775861700000,2026-04-10 22:55:00,2026-04-11 07:55:00,606.65,606.71,606.63,606.69,66.897,40583.40593
BNBUSDT,1775862000000,2026-04-10 23:00:00,2026-04-11 08:00:00,606.7,606.7,606.19,606.2,164.268,99624.33744
BNBUSDT,1775862300000,2026-04-10 23:05:00,2026-04-11 08:05:00,606.2,606.2,606.03,606.03,139.101,84315.56242
BNBUSDT,1775862600000,2026-04-10 23:10:00,2026-04-11 08:10:00,606.03,606.04,605.79,605.96,162.81,98641.4347
BNBUSDT,1775862900000,2026-04-10 23:15:00,2026-04-11 08:15:00,605.95,605.98,605.66,605.66,174.489,105708.10992
BNBUSDT,1775863200000,2026-04-10 23:20:00,2026-04-11 08:20:00,605.67,606.48,605.67,606.05,238.546,144603.2488
BNBUSDT,1775863500000,2026-04-10 23:25:00,2026-04-11 08:25:00,606.05,606.31,605.97,606.15,106.628,64631.44808
BNBUSDT,1775863800000,2026-04-10 23:30:00,2026-04-11 08:30:00,606.15,606.16,605.78,605.97,127.498,77253.76531
BNBUSDT,1775864100000,2026-04-10 23:35:00,2026-04-11 08:35:00,605.98,606.1,605.82,606.1,159.283,96518.86211
BNBUSDT,1775864400000,2026-04-10 23:40:00,2026-04-11 08:40:00,606.09,606.09,605.9,606.02,120.485,73009.41461
BNBUSDT,1775864700000,2026-04-10 23:45:00,2026-04-11 08:45:00,606.01,606.02,605.93,605.95,107.052,64867.95242
BNBUSDT,1775865000000,2026-04-10 23:50:00,2026-04-11 08:50:00,605.95,605.95,605.65,605.65,134.948,81762.53858
BNBUSDT,1775865300000,2026-04-10 23:55:00,2026-04-11 08:55:00,605.65,605.78,605.29,605.54,380.109,230174.33345
BNBUSDT,1775865600000,2026-04-11 00:00:00,2026-04-11 09:00:00,605.54,605.76,605.09,605.1,236.895,143447.35093
BNBUSDT,1775865900000,2026-04-11 00:05:00,2026-04-11 09:05:00,605.09,605.61,605.01,605.46,190.452,115277.46603
BNBUSDT,1775866200000,2026-04-11 00:10:00,2026-04-11 09:10:00,605.45,605.51,605.35,605.49,153.501,92936.20826
BNBUSDT,1775866500000,2026-04-11 00:15:00,2026-04-11 09:15:00,605.49,605.49,605.29,605.32,98.581,59681.19662
BNBUSDT,1775866800000,2026-04-11 00:20:00,2026-04-11 09:20:00,605.32,605.71,605.19,605.38,245.308,148550.018
BNBUSDT,1775867100000,2026-04-11 00:25:00,2026-04-11 09:25:00,605.38,605.52,605.11,605.27,350.477,212139.04829
BNBUSDT,1775867400000,2026-04-11 00:30:00,2026-04-11 09:30:00,605.26,605.26,604.8,604.86,431.699,261145.76683
BNBUSDT,1775867700000,2026-04-11 00:35:00,2026-04-11 09:35:00,604.85,605.3,604.8,605.3,144.501,87431.10268
BNBUSDT,1775868000000,2026-04-11 00:40:00,2026-04-11 09:40:00,605.3,605.32,604.9,604.93,85.881,51961.31768
BNBUSDT,1775868300000,2026-04-11 00:45:00,2026-04-11 09:45:00,604.93,604.93,604.34,604.7,308.188,186310.72668
BNBUSDT,1775868600000,2026-04-11 00:50:00,2026-04-11 09:50:00,604.7,604.75,604.47,604.68,259.738,157037.57157
BNBUSDT,1775868900000,2026-04-11 00:55:00,2026-04-11 09:55:00,604.67,604.68,604.48,604.54,151.624,91666.74499
BNBUSDT,1775869200000,2026-04-11 01:00:00,2026-04-11 10:00:00,604.53,604.7,604.24,604.3,227.139,137296.99427
BNBUSDT,1775869500000,2026-04-11 01:05:00,2026-04-11 10:05:00,604.3,604.96,604.3,604.96,151.205,91429.43331
BNBUSDT,1775869800000,2026-04-11 01:10:00,2026-04-11 10:10:00,604.95,604.95,604.6,604.71,132.459,80102.48315
BNBUSDT,1775870100000,2026-04-11 01:15:00,2026-04-11 10:15:00,604.71,604.72,603.84,603.85,687.613,415447.79462
BNBUSDT,1775870400000,2026-04-11 01:20:00,2026-04-11 10:20:00,603.84,603.85,603.41,603.69,396.317,239223.62589
BNBUSDT,1775870700000,2026-04-11 01:25:00,2026-04-11 10:25:00,603.68,603.83,603.4,603.83,246.834,148983.94412
BNBUSDT,1775871000000,2026-04-11 01:30:00,2026-04-11 10:30:00,603.83,604.46,603.82,604.2,152.889,92372.26209
BNBUSDT,1775871300000,2026-04-11 01:35:00,2026-04-11 10:35:00,604.19,604.19,603.86,604.09,195.456,118061.17408
BNBUSDT,1775871600000,2026-04-11 01:40:00,2026-04-11 10:40:00,604.09,604.2,604.09,604.16,184.593,111518.85761
BNBUSDT,1775871900000,2026-04-11 01:45:00,2026-04-11 10:45:00,604.17,604.93,604.17,604.93,253.637,153315.7519
BNBUSDT,1775872200000,2026-04-11 01:50:00,2026-04-11 10:50:00,604.93,605.43,604.92,605.43,354,214236.56589
BNBUSDT,1775872500000,2026-04-11 01:55:00,2026-04-11 10:55:00,605.43,605.43,605.05,605.08,183.143,110844.65174
BNBUSDT,1775872800000,2026-04-11 02:00:00,2026-04-11 11:00:00,605.08,605.22,604.59,604.83,174.73,105699.8448
BNBUSDT,1775873100000,2026-04-11 02:05:00,2026-04-11 11:05:00,604.82,605.18,604.45,604.67,256.834,155329.76678
BNBUSDT,1775873400000,2026-04-11 02:10:00,2026-04-11 11:10:00,604.66,605.09,604.58,604.93,120.185,72686.5906
BNBUSDT,1775873700000,2026-04-11 02:15:00,2026-04-11 11:15:00,604.92,605.52,604.86,605.52,194.892,117952.73408
BNBUSDT,1775874000000,2026-04-11 02:20:00,2026-04-11 11:20:00,605.51,606.31,605.29,605.47,1248.541,756373.03093
BNBUSDT,1775874300000,2026-04-11 02:25:00,2026-04-11 11:25:00,605.46,606.21,605.44,605.98,300.654,182181.53795
BNBUSDT,1775874600000,2026-04-11 02:30:00,2026-04-11 11:30:00,605.97,606.56,605.97,606.27,428.523,259800.56586
BNBUSDT,1775874900000,2026-04-11 02:35:00,2026-04-11 11:35:00,606.26,606.27,606.09,606.25,226.969,137591.43758
BNBUSDT,1775875200000,2026-04-11 02:40:00,2026-04-11 11:40:00,606.26,606.49,605.97,605.99,434.011,263073.91041
BNBUSDT,1775875500000,2026-04-11 02:45:00,2026-04-11 11:45:00,605.99,605.99,605.53,605.53,239.648,145167.33786
BNBUSDT,1775875800000,2026-04-11 02:50:00,2026-04-11 11:50:00,605.54,605.79,605.48,605.51,596.557,361298.8647
BNBUSDT,1775876100000,2026-04-11 02:55:00,2026-04-11 11:55:00,605.51,605.71,605.51,605.71,168.024,101753.79447
BNBUSDT,1775876400000,2026-04-11 03:00:00,2026-04-11 12:00:00,605.71,606.03,605.7,605.89,189.924,115078.11417
BNBUSDT,1775876700000,2026-04-11 03:05:00,2026-04-11 12:05:00,605.89,606.02,605.82,605.96,152.375,92330.21484
BNBUSDT,1775877000000,2026-04-11 03:10:00,2026-04-11 12:10:00,605.95,606.84,605.95,606.42,331.574,201113.8478
BNBUSDT,1775877300000,2026-04-11 03:15:00,2026-04-11 12:15:00,606.42,606.7,606.27,606.56,300.19,182066.18559
BNBUSDT,1775877600000,2026-04-11 03:20:00,2026-04-11 12:20:00,606.56,606.99,606.56,606.95,228.402,138603.07411
BNBUSDT,1775877900000,2026-04-11 03:25:00,2026-04-11 12:25:00,606.95,607.29,606.9,607.13,297.752,180783.18803
BNBUSDT,1775878200000,2026-04-11 03:30:00,2026-04-11 12:30:00,607.13,607.56,606.9,606.9,386.978,235032.16594
BNBUSDT,1775878500000,2026-04-11 03:35:00,2026-04-11 12:35:00,606.91,606.96,606.7,606.89,192.348,116721.28386
BNBUSDT,1775878800000,2026-04-11 03:40:00,2026-04-11 12:40:00,606.9,607.73,606.89,607.39,336.143,204233.88203
BNBUSDT,1775879100000,2026-04-11 03:45:00,2026-04-11 12:45:00,607.39,607.62,607.09,607.56,592.247,359691.73128
BNBUSDT,1775879400000,2026-04-11 03:50:00,2026-04-11 12:50:00,607.55,607.55,606.6,606.9,380.125,230726.66166
BNBUSDT,1775879700000,2026-04-11 03:55:00,2026-04-11 12:55:00,606.91,606.91,606,606.76,416.694,252700.35374
BNBUSDT,1775880000000,2026-04-11 04:00:00,2026-04-11 13:00:00,606.77,607.05,606.43,606.82,346.981,210504.09461
BNBUSDT,1775880300000,2026-04-11 04:05:00,2026-04-11 13:05:00,606.82,607.62,606.81,606.99,161.597,98128.56556
BNBUSDT,1775880600000,2026-04-11 04:10:00,2026-04-11 13:10:00,606.98,607.05,606.55,606.66,285.423,173180.69488
BNBUSDT,1775880900000,2026-04-11 04:15:00,2026-04-11 13:15:00,606.67,606.75,605.86,605.89,457.841,277548.88511
BNBUSDT,1775881200000,2026-04-11 04:20:00,2026-04-11 13:20:00,605.89,606.08,605.75,605.85,276.15,167309.81804
BNBUSDT,1775881500000,2026-04-11 04:25:00,2026-04-11 13:25:00,605.85,605.86,605.54,605.55,198.495,120217.66089
BNBUSDT,1775881800000,2026-04-11 04:30:00,2026-04-11 13:30:00,605.55,606.08,605.54,605.8,222.133,134551.53298
BNBUSDT,1775882100000,2026-04-11 04:35:00,2026-04-11 13:35:00,605.79,606.36,605.73,606.2,142.979,86645.35802
BNBUSDT,1775882400000,2026-04-11 04:40:00,2026-04-11 13:40:00,606.19,606.31,606.03,606.15,181.302,109899.12622
BNBUSDT,1775882700000,2026-04-11 04:45:00,2026-04-11 13:45:00,606.15,606.18,605.99,606.15,106.764,64712.85572
BNBUSDT,1775883000000,2026-04-11 04:50:00,2026-04-11 13:50:00,606.15,606.15,605.84,606.13,148.144,89780.67618
BNBUSDT,1775883300000,2026-04-11 04:55:00,2026-04-11 13:55:00,606.14,606.16,605.78,605.91,245.234,148614.02595
BNBUSDT,1775883600000,2026-04-11 05:00:00,2026-04-11 14:00:00,605.91,605.94,605.53,605.53,118.883,72015.49402
BNBUSDT,1775883900000,2026-04-11 05:05:00,2026-04-11 14:05:00,605.54,605.91,605.53,605.68,128.083,77585.57115
BNBUSDT,1775884200000,2026-04-11 05:10:00,2026-04-11 14:10:00,605.68,605.83,605.17,605.18,359.041,217406.04024
BNBUSDT,1775884500000,2026-04-11 05:15:00,2026-04-11 14:15:00,605.18,605.24,604.82,604.95,383.068,231778.54329
BNBUSDT,1775884800000,2026-04-11 05:20:00,2026-04-11 14:20:00,604.96,605.41,604.95,605.34,554.2,335399.98537
BNBUSDT,1775885100000,2026-04-11 05:25:00,2026-04-11 14:25:00,605.34,606.18,605.28,606.17,360.496,218305.54231
BNBUSDT,1775885400000,2026-04-11 05:30:00,2026-04-11 14:30:00,606.18,606.85,606.18,606.37,424.829,257650.09604
BNBUSDT,1775885700000,2026-04-11 05:35:00,2026-04-11 14:35:00,606.37,606.64,606.07,606.41,457.17,277165.80971
BNBUSDT,1775886000000,2026-04-11 05:40:00,2026-04-11 14:40:00,606.41,606.79,606.4,606.53,82.715,50175.36293
BNBUSDT,1775886300000,2026-04-11 05:45:00,2026-04-11 14:45:00,606.54,606.68,606.47,606.48,116.947,70936.24589
BNBUSDT,1775886600000,2026-04-11 05:50:00,2026-04-11 14:50:00,606.48,606.48,606.01,606.25,126.117,76455.40099
BNBUSDT,1775886900000,2026-04-11 05:55:00,2026-04-11 14:55:00,606.26,606.26,605.56,605.57,261.416,158348.0537
BNBUSDT,1775887200000,2026-04-11 06:00:00,2026-04-11 15:00:00,605.58,605.58,604.71,604.99,354.594,214565.072
BNBUSDT,1775887500000,2026-04-11 06:05:00,2026-04-11 15:05:00,605,605.06,604.61,604.75,216.567,130992.60111
BNBUSDT,1775887800000,2026-04-11 06:10:00,2026-04-11 15:10:00,604.75,605.09,604.56,604.6,158.854,96085.00752
BNBUSDT,1775888100000,2026-04-11 06:15:00,2026-04-11 15:15:00,604.6,604.87,604.41,604.76,268.129,162108.31781
BNBUSDT,1775888400000,2026-04-11 06:20:00,2026-04-11 15:20:00,604.77,605.15,604.77,605.01,186.456,112801.13166
BNBUSDT,1775888700000,2026-04-11 06:25:00,2026-04-11 15:25:00,605,605.07,604.69,605,162.607,98358.07584
BNBUSDT,1775889000000,2026-04-11 06:30:00,2026-04-11 15:30:00,605.01,605.46,605,605.16,188.043,113814.25452
BNBUSDT,1775889300000,2026-04-11 06:35:00,2026-04-11 15:35:00,605.17,605.65,605.16,605.4,185.997,112618.23961
BNBUSDT,1775889600000,2026-04-11 06:40:00,2026-04-11 15:40:00,605.41,605.62,605.2,605.62,109.332,66181.65898
BNBUSDT,1775889900000,2026-04-11 06:45:00,2026-04-11 15:45:00,605.62,606.05,605.61,605.78,236.11,143048.87414
BNBUSDT,1775890200000,2026-04-11 06:50:00,2026-04-11 15:50:00,605.78,606.05,605.78,605.98,102.334,62011.23409
BNBUSDT,1775890500000,2026-04-11 06:55:00,2026-04-11 15:55:00,605.99,605.99,605.86,605.87,72.801,44114.20159
BNBUSDT,1775890800000,2026-04-11 07:00:00,2026-04-11 16:00:00,605.87,605.87,605.49,605.62,190.497,115372.35271
BNBUSDT,1775891100000,2026-04-11 07:05:00,2026-04-11 16:05:00,605.62,606.06,605.49,605.98,287.858,174386.43538
BNBUSDT,1775891400000,2026-04-11 07:10:00,2026-04-11 16:10:00,605.97,606.04,605.76,606.03,58.816,35637.34456
BNBUSDT,1775891700000,2026-04-11 07:15:00,2026-04-11 16:15:00,606.04,606.42,606.04,606.14,207.254,125639.81354
BNBUSDT,1775892000000,2026-04-11 07:20:00,2026-04-11 16:20:00,606.15,606.43,606.14,606.43,76.576,46424.97391
BNBUSDT,1775892300000,2026-04-11 07:25:00,2026-04-11 16:25:00,606.44,606.55,606.15,606.15,198.851,120580.18804
BNBUSDT,1775892600000,2026-04-11 07:30:00,2026-04-11 16:30:00,606.15,606.48,606.07,606.48,118.25,71682.3179
BNBUSDT,1775892900000,2026-04-11 07:35:00,2026-04-11 16:35:00,606.48,606.5,606.21,606.49,241.315,146321.93598
BNBUSDT,1775893200000,2026-04-11 07:40:00,2026-04-11 16:40:00,606.49,606.56,606.26,606.38,445.089,269884.5443
BNBUSDT,1775893500000,2026-04-11 07:45:00,2026-04-11 16:45:00,606.38,606.42,606.08,606.16,315.391,191200.40286
BNBUSDT,1775893800000,2026-04-11 07:50:00,2026-04-11 16:50:00,606.15,606.16,605.58,605.72,125.652,76127.6887
BNBUSDT,1775894100000,2026-04-11 07:55:00,2026-04-11 16:55:00,605.71,606.09,605.71,606.09,203.187,123125.95524
BNBUSDT,1775894400000,2026-04-11 08:00:00,2026-04-11 17:00:00,606.09,606.09,605.82,605.86,139.682,84637.07525
BNBUSDT,1775894700000,2026-04-11 08:05:00,2026-04-11 17:05:00,605.86,605.94,605.79,605.8,294.539,178462.69062
BNBUSDT,1775895000000,2026-04-11 08:10:00,2026-04-11 17:10:00,605.81,606,605.8,605.94,322.166,195206.97576
BNBUSDT,1775895300000,2026-04-11 08:15:00,2026-04-11 17:15:00,605.94,606.11,605.94,606.01,605.218,366778.00998
BNBUSDT,1775895600000,2026-04-11 08:20:00,2026-04-11 17:20:00,606.02,606.51,605.07,606.16,3703.933,2244731.20787
BNBUSDT,1775895900000,2026-04-11 08:25:00,2026-04-11 17:25:00,606.17,606.5,605.95,606.38,586.707,355753.12902
BNBUSDT,1775896200000,2026-04-11 08:30:00,2026-04-11 17:30:00,606.39,607.32,605.92,605.92,1727.909,1048473.91285
BNBUSDT,1775896500000,2026-04-11 08:35:00,2026-04-11 17:35:00,605.91,605.91,605.15,605.55,3616.993,2189612.42351
BNBUSDT,1775896800000,2026-04-11 08:40:00,2026-04-11 17:40:00,605.55,605.9,605.48,605.67,406.231,246057.16824
BNBUSDT,1775897100000,2026-04-11 08:45:00,2026-04-11 17:45:00,605.66,605.86,605.6,605.8,123.735,74949.19047
BNBUSDT,1775897400000,2026-04-11 08:50:00,2026-04-11 17:50:00,605.79,605.85,605.61,605.81,202.664,122754.60473
BNBUSDT,1775897700000,2026-04-11 08:55:00,2026-04-11 17:55:00,605.81,605.97,605.81,605.84,105.527,63943.12952
BNBUSDT,1775898000000,2026-04-11 09:00:00,2026-04-11 18:00:00,605.85,605.93,605.7,605.85,81.953,49646.82072
BNBUSDT,1775898300000,2026-04-11 09:05:00,2026-04-11 18:05:00,605.85,605.92,605.63,605.78,134.018,81188.3831
BNBUSDT,1775898600000,2026-04-11 09:10:00,2026-04-11 18:10:00,605.77,605.9,605.63,605.73,163.206,98868.01561
BNBUSDT,1775898900000,2026-04-11 09:15:00,2026-04-11 18:15:00,605.73,607.06,605.73,606.83,555.845,337055.88871
BNBUSDT,1775899200000,2026-04-11 09:20:00,2026-04-11 18:20:00,606.84,607.25,606.83,606.93,296.97,180279.12497
BNBUSDT,1775899500000,2026-04-11 09:25:00,2026-04-11 18:25:00,606.93,607.15,606.8,606.91,134.543,81660.25596
BNBUSDT,1775899800000,2026-04-11 09:30:00,2026-04-11 18:30:00,606.92,607.09,606.16,606.17,328.505,199370.32284
BNBUSDT,1775900100000,2026-04-11 09:35:00,2026-04-11 18:35:00,606.16,606.84,606.09,606.83,260.074,157772.20972
BNBUSDT,1775900400000,2026-04-11 09:40:00,2026-04-11 18:40:00,606.83,606.93,606.54,606.63,452.1,274309.15921
BNBUSDT,1775900700000,2026-04-11 09:45:00,2026-04-11 18:45:00,606.64,607.04,606.63,606.79,144.381,87630.75199
BNBUSDT,1775901000000,2026-04-11 09:50:00,2026-04-11 18:50:00,606.79,606.8,606.09,606.26,902.767,547355.52961
BNBUSDT,1775901300000,2026-04-11 09:55:00,2026-04-11 18:55:00,606.27,606.7,606.26,606.69,123.457,74873.49817
BNBUSDT,1775901600000,2026-04-11 10:00:00,2026-04-11 19:00:00,606.69,606.81,606.41,606.47,203.417,123402.76494
BNBUSDT,1775901900000,2026-04-11 10:05:00,2026-04-11 19:05:00,606.48,606.56,606.38,606.55,123.604,74963.5221
BNBUSDT,1775902200000,2026-04-11 10:10:00,2026-04-11 19:10:00,606.55,606.56,605.76,605.93,264.894,160583.92391
BNBUSDT,1775902500000,2026-04-11 10:15:00,2026-04-11 19:15:00,605.93,605.97,605.45,605.87,464.51,281340.44317
BNBUSDT,1775902800000,2026-04-11 10:20:00,2026-04-11 19:20:00,605.87,606.34,605.86,606.28,121.045,73369.71301
BNBUSDT,1775903100000,2026-04-11 10:25:00,2026-04-11 19:25:00,606.28,606.34,606.2,606.3,58.695,35586.55761
BNBUSDT,1775903400000,2026-04-11 10:30:00,2026-04-11 19:30:00,606.3,606.3,605.95,606.11,176.717,107103.33549
BNBUSDT,1775903700000,2026-04-11 10:35:00,2026-04-11 19:35:00,606.11,606.12,605.77,605.78,206.759,125271.85425
BNBUSDT,1775904000000,2026-04-11 10:40:00,2026-04-11 19:40:00,605.78,605.92,605.72,605.79,115.159,69762.97351
BNBUSDT,1775904300000,2026-04-11 10:45:00,2026-04-11 19:45:00,605.78,605.96,605.71,605.88,337.217,204293.7455
BNBUSDT,1775904600000,2026-04-11 10:50:00,2026-04-11 19:50:00,605.89,605.89,605.61,605.73,173.854,105310.55163
BNBUSDT,1775904900000,2026-04-11 10:55:00,2026-04-11 19:55:00,605.74,605.91,605.2,605.51,1101.892,667304.85993
BNBUSDT,1775905200000,2026-04-11 11:00:00,2026-04-11 20:00:00,605.52,605.52,605.18,605.49,149.545,90532.10664
BNBUSDT,1775905500000,2026-04-11 11:05:00,2026-04-11 20:05:00,605.49,605.79,605.49,605.79,98.69,59775.2658
BNBUSDT,1775905800000,2026-04-11 11:10:00,2026-04-11 20:10:00,605.79,605.79,605.5,605.51,116.724,70688.79703
BNBUSDT,1775906100000,2026-04-11 11:15:00,2026-04-11 20:15:00,605.5,605.58,605.2,605.27,132.429,80174.74842
BNBUSDT,1775906400000,2026-04-11 11:20:00,2026-04-11 20:20:00,605.28,605.55,605.27,605.55,142.418,86216.91696
BNBUSDT,1775906700000,2026-04-11 11:25:00,2026-04-11 20:25:00,605.55,605.55,604.55,604.55,629.279,380750.90759
BNBUSDT,1775907000000,2026-04-11 11:30:00,2026-04-11 20:30:00,604.57,604.65,604.4,604.52,652.641,394508.36005
BNBUSDT,1775907300000,2026-04-11 11:35:00,2026-04-11 20:35:00,604.53,604.6,604.32,604.33,523.16,316238.2939
BNBUSDT,1775907600000,2026-04-11 11:40:00,2026-04-11 20:40:00,604.34,604.92,604.31,604.75,497.144,300608.48447
BNBUSDT,1775907900000,2026-04-11 11:45:00,2026-04-11 20:45:00,604.75,604.88,604.53,604.73,656.907,397269.89486
BNBUSDT,1775908200000,2026-04-11 11:50:00,2026-04-11 20:50:00,604.72,605.28,604.72,605.28,216.461,130954.62579
BNBUSDT,1775908500000,2026-04-11 11:55:00,2026-04-11 20:55:00,605.28,605.49,605.18,605.36,894.701,541554.08801
BNBUSDT,1775908800000,2026-04-11 12:00:00,2026-04-11 21:00:00,605.37,605.49,605.09,605.18,305.25,184770.38073
BNBUSDT,1775909100000,2026-04-11 12:05:00,2026-04-11 21:05:00,605.19,605.49,605.19,605.32,366.998,222162.99584
BNBUSDT,1775909400000,2026-04-11 12:10:00,2026-04-11 21:10:00,605.33,605.69,605.24,605.69,439.584,266104.66213
BNBUSDT,1775909700000,2026-04-11 12:15:00,2026-04-11 21:15:00,605.68,605.93,605.68,605.81,138.621,83979.31464
BNBUSDT,1775910000000,2026-04-11 12:20:00,2026-04-11 21:20:00,605.81,605.81,605.18,605.19,242.481,146873.94156
BNBUSDT,1775910300000,2026-04-11 12:25:00,2026-04-11 21:25:00,605.18,605.6,605.18,605.6,92.186,55816.81864
BNBUSDT,1775910600000,2026-04-11 12:30:00,2026-04-11 21:30:00,605.6,606,605.36,606,191.17,115761.7631
BNBUSDT,1775910900000,2026-04-11 12:35:00,2026-04-11 21:35:00,606,606.11,605.7,605.95,471.623,285731.18711
BNBUSDT,1775911200000,2026-04-11 12:40:00,2026-04-11 21:40:00,605.94,606.5,605.94,606.47,198.932,120589.3138
BNBUSDT,1775911500000,2026-04-11 12:45:00,2026-04-11 21:45:00,606.47,606.92,606.47,606.73,251.97,152879.44802
BNBUSDT,1775911800000,2026-04-11 12:50:00,2026-04-11 21:50:00,606.73,606.88,606.63,606.64,163.443,99180.98121
BNBUSDT,1775912100000,2026-04-11 12:55:00,2026-04-11 21:55:00,606.63,606.64,606.52,606.52,195.433,118542.1411
BNBUSDT,1775912400000,2026-04-11 13:00:00,2026-04-11 22:00:00,606.52,606.53,605.44,605.87,227.637,137950.32983
BNBUSDT,1775912700000,2026-04-11 13:05:00,2026-04-11 22:05:00,605.87,605.97,605.33,605.35,311.713,188812.51481
BNBUSDT,1775913000000,2026-04-11 13:10:00,2026-04-11 22:10:00,605.36,605.36,603.83,604.25,1020.292,616673.56384
BNBUSDT,1775913300000,2026-04-11 13:15:00,2026-04-11 22:15:00,604.26,605.33,604.15,605.17,418.894,253245.13867
BNBUSDT,1775913600000,2026-04-11 13:20:00,2026-04-11 22:20:00,605.17,605.17,604.33,604.33,198.436,120008.95989
BNBUSDT,1775913900000,2026-04-11 13:25:00,2026-04-11 22:25:00,604.33,604.93,603.92,603.95,408.469,246893.99349
BNBUSDT,1775914200000,2026-04-11 13:30:00,2026-04-11 22:30:00,603.96,604.28,603.76,604.01,259.907,156983.79568
BNBUSDT,1775914500000,2026-04-11 13:35:00,2026-04-11 22:35:00,604.01,604.48,604,604.47,354.627,214272.06861
BNBUSDT,1775914800000,2026-04-11 13:40:00,2026-04-11 22:40:00,604.46,604.97,604.46,604.67,180.151,108935.13164
BNBUSDT,1775915100000,2026-04-11 13:45:00,2026-04-11 22:45:00,604.66,604.95,604.54,604.94,178.117,107715.82202
BNBUSDT,1775915400000,2026-04-11 13:50:00,2026-04-11 22:50:00,604.95,605.03,604.7,604.77,190.014,114934.45943
BNBUSDT,1775915700000,2026-04-11 13:55:00,2026-04-11 22:55:00,604.77,604.92,604.72,604.73,157.25,95108.11103
BNBUSDT,1775916000000,2026-04-11 14:00:00,2026-04-11 23:00:00,604.73,604.73,604.49,604.55,139.855,84552.20591
BNBUSDT,1775916300000,2026-04-11 14:05:00,2026-04-11 23:05:00,604.55,605.35,604.32,605.34,381.178,230520.26865
BNBUSDT,1775916600000,2026-04-11 14:10:00,2026-04-11 23:10:00,605.35,605.44,604.99,605,199.515,120755.47499
BNBUSDT,1775916900000,2026-04-11 14:15:00,2026-04-11 23:15:00,605,605.36,604.83,605.19,292.525,177006.22067
BNBUSDT,1775917200000,2026-04-11 14:20:00,2026-04-11 23:20:00,605.19,605.41,605.06,605.37,227.777,137863.02046
BNBUSDT,1775917500000,2026-04-11 14:25:00,2026-04-11 23:25:00,605.37,605.42,605.2,605.2,158.051,95673.07407
BNBUSDT,1775917800000,2026-04-11 14:30:00,2026-04-11 23:30:00,605.2,605.59,604.56,605.31,732.069,443077.24767
BNBUSDT,1775918100000,2026-04-11 14:35:00,2026-04-11 23:35:00,605.32,605.48,604.77,604.8,192.679,116584.9342
BNBUSDT,1775918400000,2026-04-11 14:40:00,2026-04-11 23:40:00,604.81,604.81,604.3,604.4,385.856,233232.328
BNBUSDT,1775918700000,2026-04-11 14:45:00,2026-04-11 23:45:00,604.4,604.62,604.17,604.45,268.965,162556.58302
BNBUSDT,1775919000000,2026-04-11 14:50:00,2026-04-11 23:50:00,604.45,604.81,604.38,604.81,119.078,72002.78658
BNBUSDT,1775919300000,2026-04-11 14:55:00,2026-04-11 23:55:00,604.81,604.83,604.59,604.67,119.796,72441.89952
BNBUSDT,1775919600000,2026-04-11 15:00:00,2026-04-12 00:00:00,604.67,604.86,604.47,604.61,217.395,131448.26357
BNBUSDT,1775919900000,2026-04-11 15:05:00,2026-04-12 00:05:00,604.61,604.7,604.48,604.49,180.841,109335.89374
BNBUSDT,1775920200000,2026-04-11 15:10:00,2026-04-12 00:10:00,604.49,605,604.24,604.91,1255.631,759329.16705
BNBUSDT,1775920500000,2026-04-11 15:15:00,2026-04-12 00:15:00,604.9,606.67,604.88,605.92,435.766,264034.95977
BNBUSDT,1775920800000,2026-04-11 15:20:00,2026-04-12 00:20:00,605.92,605.92,605.2,605.44,663.894,402071.4274
BNBUSDT,1775921100000,2026-04-11 15:25:00,2026-04-12 00:25:00,605.44,605.9,605.21,605.69,131.992,79925.11311
BNBUSDT,1775921400000,2026-04-11 15:30:00,2026-04-12 00:30:00,605.69,606,605.68,605.99,332.365,201358.95176
BNBUSDT,1775921700000,2026-04-11 15:35:00,2026-04-12 00:35:00,605.99,606.05,605.78,605.88,243.215,147361.32435
BNBUSDT,1775922000000,2026-04-11 15:40:00,2026-04-12 00:40:00,605.88,605.89,605.45,605.71,227.092,137547.96143
BNBUSDT,1775922300000,2026-04-11 15:45:00,2026-04-12 00:45:00,605.7,606.2,605.59,605.59,202.021,122399.24334
BNBUSDT,1775922600000,2026-04-11 15:50:00,2026-04-12 00:50:00,605.6,606.03,605.45,605.93,180.662,109452.94379
BNBUSDT,1775922900000,2026-04-11 15:55:00,2026-04-12 00:55:00,605.94,606.03,605.73,605.74,147.523,89372.48522
BNBUSDT,1775923200000,2026-04-11 16:00:00,2026-04-12 01:00:00,605.74,606.06,605.7,606.06,239.993,145397.59083
BNBUSDT,1775923500000,2026-04-11 16:05:00,2026-04-12 01:05:00,606.07,606.34,606.07,606.3,158.249,95925.65493
BNBUSDT,1775923800000,2026-04-11 16:10:00,2026-04-12 01:10:00,606.3,606.83,606.16,606.75,319.717,193934.79766
BNBUSDT,1775924100000,2026-04-11 16:15:00,2026-04-12 01:15:00,606.75,607,606.7,606.8,119.27,72378.66993
BNBUSDT,1775924400000,2026-04-11 16:20:00,2026-04-12 01:20:00,606.81,606.81,606.33,606.49,281.369,170686.80768
BNBUSDT,1775924700000,2026-04-11 16:25:00,2026-04-12 01:25:00,606.49,606.6,606.48,606.6,138.912,84256.58633
BNBUSDT,1775925000000,2026-04-11 16:30:00,2026-04-12 01:30:00,606.6,606.78,606.43,606.43,339.472,205933.27951
BNBUSDT,1775925300000,2026-04-11 16:35:00,2026-04-12 01:35:00,606.44,606.92,606.44,606.64,138.753,84184.30974
BNBUSDT,1775925600000,2026-04-11 16:40:00,2026-04-12 01:40:00,606.64,608.86,606.64,608.05,856.548,520742.22445
BNBUSDT,1775925900000,2026-04-11 16:45:00,2026-04-12 01:45:00,608.05,608.18,607.51,607.78,135.259,82212.83637
BNBUSDT,1775926200000,2026-04-11 16:50:00,2026-04-12 01:50:00,607.79,607.97,607.43,607.5,115.477,70168.81241
BNBUSDT,1775926500000,2026-04-11 16:55:00,2026-04-12 01:55:00,607.51,607.74,607.46,607.46,218.578,132803.21162
BNBUSDT,1775926800000,2026-04-11 17:00:00,2026-04-12 02:00:00,607.47,607.84,607.47,607.7,142.187,86400.0129
BNBUSDT,1775927100000,2026-04-11 17:05:00,2026-04-12 02:05:00,607.71,607.71,607.1,607.11,101.68,61751.64322
BNBUSDT,1775927400000,2026-04-11 17:10:00,2026-04-12 02:10:00,607.11,607.63,607,607.22,294.967,179144.74899
BNBUSDT,1775927700000,2026-04-11 17:15:00,2026-04-12 02:15:00,607.21,607.21,606.6,606.77,261.436,158643.18643
BNBUSDT,1775928000000,2026-04-11 17:20:00,2026-04-12 02:20:00,606.77,607.34,606.43,607.33,127.781,77541.86804
BNBUSDT,1775928300000,2026-04-11 17:25:00,2026-04-12 02:25:00,607.34,607.34,607.07,607.19,55.857,33913.49657
BNBUSDT,1775928600000,2026-04-11 17:30:00,2026-04-12 02:30:00,607.2,607.83,607.2,607.83,162.458,98703.15148
BNBUSDT,1775928900000,2026-04-11 17:35:00,2026-04-12 02:35:00,607.83,607.89,607.72,607.89,159.824,97144.17816
BNBUSDT,1775929200000,2026-04-11 17:40:00,2026-04-12 02:40:00,607.89,608.06,607.88,608.05,186.967,113665.01339
BNBUSDT,1775929500000,2026-04-11 17:45:00,2026-04-12 02:45:00,608.06,608.4,607.91,608.01,342.987,208570.26915
BNBUSDT,1775929800000,2026-04-11 17:50:00,2026-04-12 02:50:00,608.02,608.35,607.95,608.13,326.646,198644.1077
BNBUSDT,1775930100000,2026-04-11 17:55:00,2026-04-12 02:55:00,608.12,608.13,607.75,607.89,106.087,64496.44253
BNBUSDT,1775930400000,2026-04-11 18:00:00,2026-04-12 03:00:00,607.89,607.89,607.37,607.38,91.474,55585.10728
BNBUSDT,1775930700000,2026-04-11 18:05:00,2026-04-12 03:05:00,607.37,607.83,607.15,607.82,372.675,226347.4705
BNBUSDT,1775931000000,2026-04-11 18:10:00,2026-04-12 03:10:00,607.83,607.83,607.15,607.63,214.352,130206.66077
BNBUSDT,1775931300000,2026-04-11 18:15:00,2026-04-12 03:15:00,607.63,608.1,607.6,608.1,97.329,59157.61472
BNBUSDT,1775931600000,2026-04-11 18:20:00,2026-04-12 03:20:00,608.1,608.35,607.98,608.18,184.149,111994.68745
BNBUSDT,1775931900000,2026-04-11 18:25:00,2026-04-12 03:25:00,608.18,608.27,608.06,608.07,55.437,33714.7782
BNBUSDT,1775932200000,2026-04-11 18:30:00,2026-04-12 03:30:00,608.07,609.59,608.07,609.19,779.535,474590.59474
BNBUSDT,1775932500000,2026-04-11 18:35:00,2026-04-12 03:35:00,609.19,611.7,609.16,611.16,2428.455,1482978.95791
BNBUSDT,1775932800000,2026-04-11 18:40:00,2026-04-12 03:40:00,611.16,611.17,610.24,610.47,268.259,163793.28418
BNBUSDT,1775933100000,2026-04-11 18:45:00,2026-04-12 03:45:00,610.47,611.32,610.16,610.7,410.058,250417.64489
BNBUSDT,1775933400000,2026-04-11 18:50:00,2026-04-12 03:50:00,610.7,610.74,610.46,610.61,137.113,83716.68941
BNBUSDT,1775933700000,2026-04-11 18:55:00,2026-04-12 03:55:00,610.61,611.01,610.41,611.01,1049.736,641120.52598
BNBUSDT,1775934000000,2026-04-11 19:00:00,2026-04-12 04:00:00,611.01,612.8,611.01,612.12,1032.536,631884.31605
BNBUSDT,1775934300000,2026-04-11 19:05:00,2026-04-12 04:05:00,612.12,613.58,612.11,612.87,805.259,493553.35485
BNBUSDT,1775934600000,2026-04-11 19:10:00,2026-04-12 04:10:00,612.88,612.96,612.41,612.75,277.837,170206.29116
BNBUSDT,1775934900000,2026-04-11 19:15:00,2026-04-12 04:15:00,612.76,613.86,612.6,612.75,385.043,236164.304
BNBUSDT,1775935200000,2026-04-11 19:20:00,2026-04-12 04:20:00,612.74,612.74,611.87,612.19,450.915,275984.65744
BNBUSDT,1775935500000,2026-04-11 19:25:00,2026-04-12 04:25:00,612.2,613.36,612.19,612.99,460.484,282284.27455
BNBUSDT,1775935800000,2026-04-11 19:30:00,2026-04-12 04:30:00,612.98,614.12,612.75,613.75,1446.901,887577.68847
BNBUSDT,1775936100000,2026-04-11 19:35:00,2026-04-12 04:35:00,613.74,613.76,613.32,613.7,229.435,140779.60485
BNBUSDT,1775936400000,2026-04-11 19:40:00,2026-04-12 04:40:00,613.71,613.89,613.51,613.89,397.584,243999.09197
BNBUSDT,1775936700000,2026-04-11 19:45:00,2026-04-12 04:45:00,613.89,613.89,612.97,613.18,481.797,295461.92929
BNBUSDT,1775937000000,2026-04-11 19:50:00,2026-04-12 04:50:00,613.18,613.34,612.85,612.99,116.558,71464.13967
BNBUSDT,1775937300000,2026-04-11 19:55:00,2026-04-12 04:55:00,612.99,612.99,612.64,612.92,107.858,66097.05288
BNBUSDT,1775937600000,2026-04-11 20:00:00,2026-04-12 05:00:00,612.93,613.02,611.36,611.59,556.36,340512.43593
BNBUSDT,1775937900000,2026-04-11 20:05:00,2026-04-12 05:05:00,611.58,612.02,611.31,611.97,354.414,216736.2993
BNBUSDT,1775938200000,2026-04-11 20:10:00,2026-04-12 05:10:00,611.96,611.96,610.85,611.5,427.197,261144.66474
BNBUSDT,1775938500000,2026-04-11 20:15:00,2026-04-12 05:15:00,611.49,611.99,611.13,611.83,171.605,104957.92553
BNBUSDT,1775938800000,2026-04-11 20:20:00,2026-04-12 05:20:00,611.83,611.83,611.17,611.17,224.749,137406.71267
BNBUSDT,1775939100000,2026-04-11 20:25:00,2026-04-12 05:25:00,611.17,611.4,610.86,610.86,174.666,106736.49443
BNBUSDT,1775939400000,2026-04-11 20:30:00,2026-04-12 05:30:00,610.86,610.86,609.14,609.56,893.344,544868.92936
BNBUSDT,1775939700000,2026-04-11 20:35:00,2026-04-12 05:35:00,609.55,610.53,609.35,609.71,438.231,267328.41725
BNBUSDT,1775940000000,2026-04-11 20:40:00,2026-04-12 05:40:00,609.7,610.21,609.7,610.19,152.101,92775.0641
BNBUSDT,1775940300000,2026-04-11 20:45:00,2026-04-12 05:45:00,610.2,610.83,610,610.77,93.192,56885.7876
BNBUSDT,1775940600000,2026-04-11 20:50:00,2026-04-12 05:50:00,610.78,610.89,610.47,610.74,101.441,61945.3753
BNBUSDT,1775940900000,2026-04-11 20:55:00,2026-04-12 05:55:00,610.74,610.74,610.16,610.17,92.663,56560.29694
BNBUSDT,1775941200000,2026-04-11 21:00:00,2026-04-12 06:00:00,610.17,610.99,609.87,610.86,198.74,121293.08682
BNBUSDT,1775941500000,2026-04-11 21:05:00,2026-04-12 06:05:00,610.86,611.1,610.79,611.1,59.07,36089.54936
BNBUSDT,1775941800000,2026-04-11 21:10:00,2026-04-12 06:10:00,611.1,611.22,610.76,610.81,321.044,196157.76131
BNBUSDT,1775942100000,2026-04-11 21:15:00,2026-04-12 06:15:00,610.8,610.8,610.61,610.75,74.884,45732.15091
BNBUSDT,1775942400000,2026-04-11 21:20:00,2026-04-12 06:20:00,610.75,610.78,610.04,610.39,280.887,171448.91336
BNBUSDT,1775942700000,2026-04-11 21:25:00,2026-04-12 06:25:00,610.39,610.46,610.29,610.46,75.764,46245.16085
BNBUSDT,1775943000000,2026-04-11 21:30:00,2026-04-12 06:30:00,610.45,611.08,610.28,611.02,75.783,46273.13674
BNBUSDT,1775943300000,2026-04-11 21:35:00,2026-04-12 06:35:00,611.01,611.24,610.14,610.17,341.12,208334.18336
BNBUSDT,1775943600000,2026-04-11 21:40:00,2026-04-12 06:40:00,610.18,610.74,610.18,610.43,451.598,275699.03211
BNBUSDT,1775943900000,2026-04-11 21:45:00,2026-04-12 06:45:00,610.43,610.96,610.32,610.32,300.49,183496.51058
BNBUSDT,1775944200000,2026-04-11 21:50:00,2026-04-12 06:50:00,610.32,611.17,610.32,610.99,362.419,221386.21153
BNBUSDT,1775944500000,2026-04-11 21:55:00,2026-04-12 06:55:00,610.98,610.98,610.01,610.02,300.485,183465.31932
BNBUSDT,1775944800000,2026-04-11 22:00:00,2026-04-12 07:00:00,610.01,610.72,609.93,610.72,361.279,220416.25054
BNBUSDT,1775945100000,2026-04-11 22:05:00,2026-04-12 07:05:00,610.73,611.39,610.73,611.29,212.653,129956.13526
BNBUSDT,1775945400000,2026-04-11 22:10:00,2026-04-12 07:10:00,611.3,611.54,611.3,611.35,181.932,111238.36511
BNBUSDT,1775945700000,2026-04-11 22:15:00,2026-04-12 07:15:00,611.34,612.16,611.07,611.22,412.385,252218.76523
BNBUSDT,1775946000000,2026-04-11 22:20:00,2026-04-12 07:20:00,611.21,611.46,611.21,611.35,138.003,84370.72881
BNBUSDT,1775946300000,2026-04-11 22:25:00,2026-04-12 07:25:00,611.35,611.51,610.85,611.31,322.328,196991.80951
BNBUSDT,1775946600000,2026-04-11 22:30:00,2026-04-12 07:30:00,611.32,611.4,610.56,611.1,331.304,202414.93437
BNBUSDT,1775946900000,2026-04-11 22:35:00,2026-04-12 07:35:00,611.1,611.47,609.97,610.49,449.329,274323.49976
BNBUSDT,1775947200000,2026-04-11 22:40:00,2026-04-12 07:40:00,610.5,611,610.37,610.6,142.726,87162.37731
BNBUSDT,1775947500000,2026-04-11 22:45:00,2026-04-12 07:45:00,610.6,611.01,610.5,611.01,160.655,98124.16115
BNBUSDT,1775947800000,2026-04-11 22:50:00,2026-04-12 07:50:00,611.01,611.02,610.34,610.43,189.102,115464.62587
BNBUSDT,1775948100000,2026-04-11 22:55:00,2026-04-12 07:55:00,610.44,611.06,610.43,610.99,243.826,148908.91298
BNBUSDT,1775948400000,2026-04-11 23:00:00,2026-04-12 08:00:00,610.98,610.98,609.12,609.27,275.589,168090.37088
BNBUSDT,1775948700000,2026-04-11 23:05:00,2026-04-12 08:05:00,609.26,609.28,606.87,606.88,1041.692,633465.9835
BNBUSDT,1775949000000,2026-04-11 23:10:00,2026-04-12 08:10:00,606.88,607.8,605.94,607.7,688.037,417496.2402
BNBUSDT,1775949300000,2026-04-11 23:15:00,2026-04-12 08:15:00,607.71,607.78,606.91,607.58,520.976,316408.43545
BNBUSDT,1775949600000,2026-04-11 23:20:00,2026-04-12 08:20:00,607.59,608.25,607.58,608.17,222.466,135237.38033
BNBUSDT,1775949900000,2026-04-11 23:25:00,2026-04-12 08:25:00,608.18,608.2,607.79,607.83,128.969,78404.39817
BNBUSDT,1775950200000,2026-04-11 23:30:00,2026-04-12 08:30:00,607.82,608.11,607.5,607.72,251.06,152580.4278
BNBUSDT,1775950500000,2026-04-11 23:35:00,2026-04-12 08:35:00,607.72,608.12,607.62,607.87,157.371,95653.78914
BNBUSDT,1775950800000,2026-04-11 23:40:00,2026-04-12 08:40:00,607.86,607.86,607.35,607.35,112.635,68429.60744
BNBUSDT,1775951100000,2026-04-11 23:45:00,2026-04-12 08:45:00,607.35,607.71,607.11,607.37,216.689,131629.24983
BNBUSDT,1775951400000,2026-04-11 23:50:00,2026-04-12 08:50:00,607.37,607.37,606.9,606.9,376.799,228741.83232
BNBUSDT,1775951700000,2026-04-11 23:55:00,2026-04-12 08:55:00,606.91,607.15,606.89,607.05,253.223,153708.03174
BNBUSDT,1775952000000,2026-04-12 00:00:00,2026-04-12 09:00:00,607.06,607.06,605.86,606.12,860.858,522168.93291
BNBUSDT,1775952300000,2026-04-12 00:05:00,2026-04-12 09:05:00,606.12,607.03,606.12,606.69,226.629,137500.43425
BNBUSDT,1775952600000,2026-04-12 00:10:00,2026-04-12 09:10:00,606.7,607.31,606.57,606.95,269.696,163697.70351
BNBUSDT,1775952900000,2026-04-12 00:15:00,2026-04-12 09:15:00,606.94,607.1,606.57,606.83,269.481,163524.42101
BNBUSDT,1775953200000,2026-04-12 00:20:00,2026-04-12 09:20:00,606.84,607.21,606.6,607.04,226.005,137163.40432
BNBUSDT,1775953500000,2026-04-12 00:25:00,2026-04-12 09:25:00,607.05,607.05,606.8,606.91,106.649,64731.05571
BNBUSDT,1775953800000,2026-04-12 00:30:00,2026-04-12 09:30:00,606.9,606.93,606.71,606.81,54.815,33264.09634
BNBUSDT,1775954100000,2026-04-12 00:35:00,2026-04-12 09:35:00,606.8,607.11,606.38,606.38,326.876,198370.82664
BNBUSDT,1775954400000,2026-04-12 00:40:00,2026-04-12 09:40:00,606.38,606.39,606.04,606.3,82.168,49813.2138
BNBUSDT,1775954700000,2026-04-12 00:45:00,2026-04-12 09:45:00,606.31,606.39,606.16,606.32,117.818,71435.29627
BNBUSDT,1775955000000,2026-04-12 00:50:00,2026-04-12 09:50:00,606.32,606.56,606.22,606.41,118.807,72043.59234
BNBUSDT,1775955300000,2026-04-12 00:55:00,2026-04-12 09:55:00,606.41,606.92,606.27,606.91,187.435,113688.09543
BNBUSDT,1775955600000,2026-04-12 01:00:00,2026-04-12 10:00:00,606.92,607.44,606.78,606.98,115.671,70233.82192
BNBUSDT,1775955900000,2026-04-12 01:05:00,2026-04-12 10:05:00,606.99,606.99,606.29,606.91,193.696,117510.62254
BNBUSDT,1775956200000,2026-04-12 01:10:00,2026-04-12 10:10:00,606.91,607.08,606.66,606.8,113.279,68752.10785
BNBUSDT,1775956500000,2026-04-12 01:15:00,2026-04-12 10:15:00,606.8,606.8,606.14,606.51,98.292,59609.47978
BNBUSDT,1775956800000,2026-04-12 01:20:00,2026-04-12 10:20:00,606.5,606.64,606.48,606.48,80.669,48931.37087
BNBUSDT,1775957100000,2026-04-12 01:25:00,2026-04-12 10:25:00,606.48,606.61,606.05,606.25,308.409,186970.40507
BNBUSDT,1775957400000,2026-04-12 01:30:00,2026-04-12 10:30:00,606.25,606.25,603.21,603.21,1703.386,1029490.03329
BNBUSDT,1775957700000,2026-04-12 01:35:00,2026-04-12 10:35:00,603.21,603.21,598.8,600.82,4388.539,2635296.79729
BNBUSDT,1775958000000,2026-04-12 01:40:00,2026-04-12 10:40:00,600.82,600.83,593.52,595.56,5931.951,3539097.77314
BNBUSDT,1775958300000,2026-04-12 01:45:00,2026-04-12 10:45:00,595.55,595.97,590.21,591.47,3289.418,1951229.83459
BNBUSDT,1775958600000,2026-04-12 01:50:00,2026-04-12 10:50:00,591.47,594.32,590.68,594.17,1476.142,874674.31401
BNBUSDT,1775958900000,2026-04-12 01:55:00,2026-04-12 10:55:00,594.18,594.29,592.59,593.61,630.651,374222.50965
BNBUSDT,1775959200000,2026-04-12 02:00:00,2026-04-12 11:00:00,593.61,593.8,592.39,592.4,1110.841,658852.9758
BNBUSDT,1775959500000,2026-04-12 02:05:00,2026-04-12 11:05:00,592.4,593.93,592.1,593.71,409.843,243093.09173
BNBUSDT,1775959800000,2026-04-12 02:10:00,2026-04-12 11:10:00,593.72,595.74,593.61,595.68,662.209,393958.01696
BNBUSDT,1775960100000,2026-04-12 02:15:00,2026-04-12 11:15:00,595.68,597.27,595.68,596.93,801.05,477962.0552
BNBUSDT,1775960400000,2026-04-12 02:20:00,2026-04-12 11:20:00,596.93,597.29,595.58,595.83,667.586,398365.83333
BNBUSDT,1775960700000,2026-04-12 02:25:00,2026-04-12 11:25:00,595.83,596.66,595.2,596.25,553.502,329902.9002
BNBUSDT,1775961000000,2026-04-12 02:30:00,2026-04-12 11:30:00,596.26,597.34,596.17,597.28,300.821,179526.65706
BNBUSDT,1775961300000,2026-04-12 02:35:00,2026-04-12 11:35:00,597.27,597.44,597.11,597.11,163.911,97904.80435
BNBUSDT,1775961600000,2026-04-12 02:40:00,2026-04-12 11:40:00,597.12,597.86,597.02,597.61,418.545,250123.61398
BNBUSDT,1775961900000,2026-04-12 02:45:00,2026-04-12 11:45:00,597.61,597.75,597.16,597.69,287.576,171826.41216
BNBUSDT,1775962200000,2026-04-12 02:50:00,2026-04-12 11:50:00,597.68,597.85,597.19,597.36,187.805,112217.32354
BNBUSDT,1775962500000,2026-04-12 02:55:00,2026-04-12 11:55:00,597.36,597.6,597.29,597.3,178.779,106804.25802
BNBUSDT,1775962800000,2026-04-12 03:00:00,2026-04-12 12:00:00,597.29,597.84,596.94,597.44,242.504,144881.15266
BNBUSDT,1775963100000,2026-04-12 03:05:00,2026-04-12 12:05:00,597.43,597.43,596,596.35,253.824,151438.39655
BNBUSDT,1775963400000,2026-04-12 03:10:00,2026-04-12 12:10:00,596.35,596.63,595.74,596.35,594.556,354483.13482
BNBUSDT,1775963700000,2026-04-12 03:15:00,2026-04-12 12:15:00,596.35,596.72,596.1,596.32,139.484,83186.34854
BNBUSDT,1775964000000,2026-04-12 03:20:00,2026-04-12 12:20:00,596.32,596.38,595.72,595.94,366.799,218633.48589
BNBUSDT,1775964300000,2026-04-12 03:25:00,2026-04-12 12:25:00,595.94,596.51,595.81,596.44,296.277,176598.21903
BNBUSDT,1775964600000,2026-04-12 03:30:00,2026-04-12 12:30:00,596.43,596.6,595.03,595.54,686.133,408966.73208
BNBUSDT,1775964900000,2026-04-12 03:35:00,2026-04-12 12:35:00,595.55,595.86,595.09,595.52,349.71,208260.13851
BNBUSDT,1775965200000,2026-04-12 03:40:00,2026-04-12 12:40:00,595.51,595.96,595.33,595.78,275.853,164332.18792
BNBUSDT,1775965500000,2026-04-12 03:45:00,2026-04-12 12:45:00,595.77,596,595.33,595.58,564.086,336052.683
BNBUSDT,1775965800000,2026-04-12 03:50:00,2026-04-12 12:50:00,595.58,596.17,595.58,596.15,101.127,60268.49732
BNBUSDT,1775966100000,2026-04-12 03:55:00,2026-04-12 12:55:00,596.15,596.3,595.49,595.5,288.353,171844.69966
BNBUSDT,1775966400000,2026-04-12 04:00:00,2026-04-12 13:00:00,595.5,595.57,594.67,595.25,760.786,452848.83213
BNBUSDT,1775966700000,2026-04-12 04:05:00,2026-04-12 13:05:00,595.25,595.69,594.75,594.89,260.244,154933.03461
BNBUSDT,1775967000000,2026-04-12 04:10:00,2026-04-12 13:10:00,594.89,595.1,594.68,595.1,272.817,162305.95676
BNBUSDT,1775967300000,2026-04-12 04:15:00,2026-04-12 13:15:00,595.1,595.52,594.46,594.72,248.487,147797.37121
BNBUSDT,1775967600000,2026-04-12 04:20:00,2026-04-12 13:20:00,594.72,595.18,594.56,594.96,332.822,197987.56426
BNBUSDT,1775967900000,2026-04-12 04:25:00,2026-04-12 13:25:00,594.96,595.22,594.84,594.99,202.179,120309.1658
BNBUSDT,1775968200000,2026-04-12 04:30:00,2026-04-12 13:30:00,594.98,594.98,594.56,594.77,258.399,153670.03729
BNBUSDT,1775968500000,2026-04-12 04:35:00,2026-04-12 13:35:00,594.76,595.08,594.56,594.96,144.87,86171.09507
BNBUSDT,1775968800000,2026-04-12 04:40:00,2026-04-12 13:40:00,594.97,595.1,594.76,594.85,192.115,114298.81728
BNBUSDT,1775969100000,2026-04-12 04:45:00,2026-04-12 13:45:00,594.84,594.93,594.37,594.87,99.832,59371.46605
BNBUSDT,1775969400000,2026-04-12 04:50:00,2026-04-12 13:50:00,594.87,595.16,594.46,594.65,421.548,250723.36293
BNBUSDT,1775969700000,2026-04-12 04:55:00,2026-04-12 13:55:00,594.66,595.14,594.65,594.78,341.517,203170.41907
BNBUSDT,1775970000000,2026-04-12 05:00:00,2026-04-12 14:00:00,594.79,595.02,594.43,594.5,381.537,226906.17551
BNBUSDT,1775970300000,2026-04-12 05:05:00,2026-04-12 14:05:00,594.5,594.79,594.1,594.64,301.003,178897.67049
BNBUSDT,1775970600000,2026-04-12 05:10:00,2026-04-12 14:10:00,594.65,594.74,594.31,594.31,102.732,61082.26463
BNBUSDT,1775970900000,2026-04-12 05:15:00,2026-04-12 14:15:00,594.32,594.65,594.2,594.55,205.595,122207.47135
BNBUSDT,1775971200000,2026-04-12 05:20:00,2026-04-12 14:20:00,594.54,595.31,594.31,595.29,255.347,151871.01474
BNBUSDT,1775971500000,2026-04-12 05:25:00,2026-04-12 14:25:00,595.29,595.77,595.28,595.72,217.317,129401.5534
BNBUSDT,1775971800000,2026-04-12 05:30:00,2026-04-12 14:30:00,595.72,596,595.3,595.31,623.571,371545.56567
BNBUSDT,1775972100000,2026-04-12 05:35:00,2026-04-12 14:35:00,595.3,595.3,595.14,595.3,129.913,77324.07465
BNBUSDT,1775972400000,2026-04-12 05:40:00,2026-04-12 14:40:00,595.3,595.36,595.19,595.26,188.003,111915.54948
BNBUSDT,1775972700000,2026-04-12 05:45:00,2026-04-12 14:45:00,595.26,595.46,595.06,595.3,565.636,336699.22229
BNBUSDT,1775973000000,2026-04-12 05:50:00,2026-04-12 14:50:00,595.3,595.77,595.3,595.48,298.315,177634.70225
BNBUSDT,1775973300000,2026-04-12 05:55:00,2026-04-12 14:55:00,595.48,595.86,595.48,595.71,316.31,188430.662
BNBUSDT,1775973600000,2026-04-12 06:00:00,2026-04-12 15:00:00,595.71,595.99,595.33,595.98,582.285,346856.58813
BNBUSDT,1775973900000,2026-04-12 06:05:00,2026-04-12 15:05:00,595.99,596,595.6,595.6,190.167,113311.94456
BNBUSDT,1775974200000,2026-04-12 06:10:00,2026-04-12 15:10:00,595.6,595.88,595.5,595.82,326.88,194734.94123
BNBUSDT,1775974500000,2026-04-12 06:15:00,2026-04-12 15:15:00,595.81,595.82,595.42,595.47,106.62,63496.47683
BNBUSDT,1775974800000,2026-04-12 06:20:00,2026-04-12 15:20:00,595.48,595.85,595.47,595.84,193.155,115048.37674
BNBUSDT,1775975100000,2026-04-12 06:25:00,2026-04-12 15:25:00,595.85,595.98,595.65,595.98,304.538,181459.22389
BNBUSDT,1775975400000,2026-04-12 06:30:00,2026-04-12 15:30:00,595.97,595.98,595.78,595.78,246.819,147072.23074
BNBUSDT,1775975700000,2026-04-12 06:35:00,2026-04-12 15:35:00,595.79,595.95,595.6,595.88,384.981,229384.7614
BNBUSDT,1775976000000,2026-04-12 06:40:00,2026-04-12 15:40:00,595.88,595.91,595.54,595.61,277.163,165098.96586
BNBUSDT,1775976300000,2026-04-12 06:45:00,2026-04-12 15:45:00,595.61,595.61,595.43,595.48,199.873,119030.82159
BNBUSDT,1775976600000,2026-04-12 06:50:00,2026-04-12 15:50:00,595.49,595.67,595.35,595.39,309.667,184417.14057
BNBUSDT,1775976900000,2026-04-12 06:55:00,2026-04-12 15:55:00,595.39,595.55,594.04,594.77,1455.785,865767.42307
BNBUSDT,1775977200000,2026-04-12 07:00:00,2026-04-12 16:00:00,594.78,594.78,594.03,594.03,176.061,104653.50997
BNBUSDT,1775977500000,2026-04-12 07:05:00,2026-04-12 16:05:00,594.02,594.02,593.61,593.9,502.916,298671.36558
BNBUSDT,1775977800000,2026-04-12 07:10:00,2026-04-12 16:10:00,593.89,594.23,593.4,593.41,489.653,290830.95845
BNBUSDT,1775978100000,2026-04-12 07:15:00,2026-04-12 16:15:00,593.41,593.77,592.87,593.22,606.802,360057.14648
BNBUSDT,1775978400000,2026-04-12 07:20:00,2026-04-12 16:20:00,593.22,593.5,593.22,593.48,142.168,84364.29256
BNBUSDT,1775978700000,2026-04-12 07:25:00,2026-04-12 16:25:00,593.48,593.85,593.48,593.65,438.889,260513.25162
BNBUSDT,1775979000000,2026-04-12 07:30:00,2026-04-12 16:30:00,593.64,593.64,593.46,593.62,119.235,70774.76719
BNBUSDT,1775979300000,2026-04-12 07:35:00,2026-04-12 16:35:00,593.62,594.28,593.62,594.2,224.281,133242.43466
BNBUSDT,1775979600000,2026-04-12 07:40:00,2026-04-12 16:40:00,594.2,594.41,594.2,594.4,151.893,90273.18863
BNBUSDT,1775979900000,2026-04-12 07:45:00,2026-04-12 16:45:00,594.41,594.47,594.23,594.24,105.45,62673.72978
BNBUSDT,1775980200000,2026-04-12 07:50:00,2026-04-12 16:50:00,594.24,594.72,594.23,594.72,97.087,57714.17323
BNBUSDT,1775980500000,2026-04-12 07:55:00,2026-04-12 16:55:00,594.72,594.72,594.3,594.3,106.554,63357.29991
BNBUSDT,1775980800000,2026-04-12 08:00:00,2026-04-12 17:00:00,594.3,594.48,594,594.29,303.085,180087.76822
BNBUSDT,1775981100000,2026-04-12 08:05:00,2026-04-12 17:05:00,594.29,594.46,594,594.04,189.745,112764.30044
BNBUSDT,1775981400000,2026-04-12 08:10:00,2026-04-12 17:10:00,594.04,594.2,593.74,593.86,243.485,144626.67671
BNBUSDT,1775981700000,2026-04-12 08:15:00,2026-04-12 17:15:00,593.85,594.42,593.85,594.33,203.379,120849.88053
BNBUSDT,1775982000000,2026-04-12 08:20:00,2026-04-12 17:20:00,594.33,594.6,594.26,594.59,113.549,67497.90885
BNBUSDT,1775982300000,2026-04-12 08:25:00,2026-04-12 17:25:00,594.59,594.82,594.59,594.76,91.155,54207.86295
BNBUSDT,1775982600000,2026-04-12 08:30:00,2026-04-12 17:30:00,594.75,594.76,594.27,594.35,257.96,153367.25547
BNBUSDT,1775982900000,2026-04-12 08:35:00,2026-04-12 17:35:00,594.36,594.45,594.15,594.45,110.934,65925.76612
BNBUSDT,1775983200000,2026-04-12 08:40:00,2026-04-12 17:40:00,594.44,594.61,594.14,594.24,283.507,168524.96666
BNBUSDT,1775983500000,2026-04-12 08:45:00,2026-04-12 17:45:00,594.25,594.28,593.55,593.55,181.924,108038.44646
BNBUSDT,1775983800000,2026-04-12 08:50:00,2026-04-12 17:50:00,593.56,593.81,593.51,593.52,198.829,118040.45467
BNBUSDT,1775984100000,2026-04-12 08:55:00,2026-04-12 17:55:00,593.52,593.71,593.43,593.63,127.523,75691.2773
BNBUSDT,1775984400000,2026-04-12 09:00:00,2026-04-12 18:00:00,593.64,593.7,593.09,593.35,265.488,157547.09933
BNBUSDT,1775984700000,2026-04-12 09:05:00,2026-04-12 18:05:00,593.34,593.51,593.15,593.41,200.786,119134.24477
BNBUSDT,1775985000000,2026-04-12 09:10:00,2026-04-12 18:10:00,593.42,593.84,593.41,593.83,120.729,71675.55597
BNBUSDT,1775985300000,2026-04-12 09:15:00,2026-04-12 18:15:00,593.84,594.28,593.83,594.19,222.895,132405.64344
BNBUSDT,1775985600000,2026-04-12 09:20:00,2026-04-12 18:20:00,594.19,594.32,594.02,594.32,131.899,78371.26568
BNBUSDT,1775985900000,2026-04-12 09:25:00,2026-04-12 18:25:00,594.31,594.32,594.02,594.13,207.713,123416.56138
BNBUSDT,1775986200000,2026-04-12 09:30:00,2026-04-12 18:30:00,594.14,594.31,594.08,594.31,102.103,60666.81292
BNBUSDT,1775986500000,2026-04-12 09:35:00,2026-04-12 18:35:00,594.31,594.41,594.08,594.32,195.226,116003.57084
BNBUSDT,1775986800000,2026-04-12 09:40:00,2026-04-12 18:40:00,594.32,594.35,594.02,594.04,171.647,101991.31757
BNBUSDT,1775987100000,2026-04-12 09:45:00,2026-04-12 18:45:00,594.04,594.24,593.49,593.58,552.06,327806.48464
BNBUSDT,1775987400000,2026-04-12 09:50:00,2026-04-12 18:50:00,593.59,593.77,593.58,593.73,125.91,74755.00594
BNBUSDT,1775987700000,2026-04-12 09:55:00,2026-04-12 18:55:00,593.73,593.78,593.49,593.5,165.78,98420.61488
BNBUSDT,1775988000000,2026-04-12 10:00:00,2026-04-12 19:00:00,593.5,593.5,593,593.39,296.692,176008.89064
BNBUSDT,1775988300000,2026-04-12 10:05:00,2026-04-12 19:05:00,593.38,594.25,593.38,594.24,255.387,151678.7487
BNBUSDT,1775988600000,2026-04-12 10:10:00,2026-04-12 19:10:00,594.25,594.4,593.94,594.4,206.044,122416.05506
BNBUSDT,1775988900000,2026-04-12 10:15:00,2026-04-12 19:15:00,594.4,595.28,594.4,595.23,484.798,288434.04003
BNBUSDT,1775989200000,2026-04-12 10:20:00,2026-04-12 19:20:00,595.22,595.49,594.94,595.48,136.284,81120.34709
BNBUSDT,1775989500000,2026-04-12 10:25:00,2026-04-12 19:25:00,595.49,595.59,595.2,595.33,259.809,154705.7207
BNBUSDT,1775989800000,2026-04-12 10:30:00,2026-04-12 19:30:00,595.32,595.32,595,595.01,265.983,158309.41991
BNBUSDT,1775990100000,2026-04-12 10:35:00,2026-04-12 19:35:00,595,595.01,594.47,594.48,321.654,191289.97431
BNBUSDT,1775990400000,2026-04-12 10:40:00,2026-04-12 19:40:00,594.48,594.57,594.16,594.3,187.625,111526.80204
BNBUSDT,1775990700000,2026-04-12 10:45:00,2026-04-12 19:45:00,594.3,594.3,594.02,594.1,198.595,117997.8671
BNBUSDT,1775991000000,2026-04-12 10:50:00,2026-04-12 19:50:00,594.1,594.46,592.91,593.09,600.427,356442.77908
BNBUSDT,1775991300000,2026-04-12 10:55:00,2026-04-12 19:55:00,593.08,593.86,592.95,593.64,407.376,241728.21753
BNBUSDT,1775991600000,2026-04-12 11:00:00,2026-04-12 20:00:00,593.64,593.85,593.55,593.55,772.011,458393.52904
BNBUSDT,1775991900000,2026-04-12 11:05:00,2026-04-12 20:05:00,593.55,594.88,593.46,594.21,1084.441,644609.3834
BNBUSDT,1775992200000,2026-04-12 11:10:00,2026-04-12 20:10:00,594.2,595.12,594,594.84,370.182,220051.08545
BNBUSDT,1775992500000,2026-04-12 11:15:00,2026-04-12 20:15:00,594.85,595.02,594.72,594.87,267.682,159227.58169
BNBUSDT,1775992800000,2026-04-12 11:20:00,2026-04-12 20:20:00,594.88,595.04,594.63,594.63,247.778,147407.24272
BNBUSDT,1775993100000,2026-04-12 11:25:00,2026-04-12 20:25:00,594.63,595,594.63,594.99,226.018,134453.37713
BNBUSDT,1775993400000,2026-04-12 11:30:00,2026-04-12 20:30:00,594.99,595.07,594.33,594.51,715.876,425770.16585
BNBUSDT,1775993700000,2026-04-12 11:35:00,2026-04-12 20:35:00,594.51,594.91,594.47,594.9,98.181,58385.38005
BNBUSDT,1775994000000,2026-04-12 11:40:00,2026-04-12 20:40:00,594.91,595.07,594.88,595.07,289.602,172310.08368
BNBUSDT,1775994300000,2026-04-12 11:45:00,2026-04-12 20:45:00,595.07,595.37,595.07,595.15,246.675,146824.20932
BNBUSDT,1775994600000,2026-04-12 11:50:00,2026-04-12 20:50:00,595.14,595.44,595.1,595.44,128.284,76357.15452
BNBUSDT,1775994900000,2026-04-12 11:55:00,2026-04-12 20:55:00,595.44,595.48,595.42,595.42,187.923,111900.54968
BNBUSDT,1775995200000,2026-04-12 12:00:00,2026-04-12 21:00:00,595.41,595.41,594.69,594.84,384.563,228793.86969
BNBUSDT,1775995500000,2026-04-12 12:05:00,2026-04-12 21:05:00,594.84,594.84,594.68,594.72,99.022,58893.92303
BNBUSDT,1775995800000,2026-04-12 12:10:00,2026-04-12 21:10:00,594.73,595,594.5,594.91,144.446,85918.82421
BNBUSDT,1775996100000,2026-04-12 12:15:00,2026-04-12 21:15:00,594.92,594.92,594.41,594.65,157.705,93772.60884
BNBUSDT,1775996400000,2026-04-12 12:20:00,2026-04-12 21:20:00,594.66,594.9,594.6,594.9,88.676,52736.71112
BNBUSDT,1775996700000,2026-04-12 12:25:00,2026-04-12 21:25:00,594.9,594.95,594.71,594.95,188.496,112126.71974
BNBUSDT,1775997000000,2026-04-12 12:30:00,2026-04-12 21:30:00,594.95,594.95,594.02,594.51,273.787,162752.23215
BNBUSDT,1775997300000,2026-04-12 12:35:00,2026-04-12 21:35:00,594.51,595.17,594.48,595.16,200.671,119350.80825
BNBUSDT,1775997600000,2026-04-12 12:40:00,2026-04-12 21:40:00,595.17,595.36,595.09,595.36,180.85,107642.16907
BNBUSDT,1775997900000,2026-04-12 12:45:00,2026-04-12 21:45:00,595.36,595.78,595,595.06,534.672,318351.07026
BNBUSDT,1775998200000,2026-04-12 12:50:00,2026-04-12 21:50:00,595.06,595.15,592.51,592.9,1311.758,778424.33991
BNBUSDT,1775998500000,2026-04-12 12:55:00,2026-04-12 21:55:00,592.91,593.56,592.81,592.82,385.048,228377.13473
BNBUSDT,1775998800000,2026-04-12 13:00:00,2026-04-12 22:00:00,592.82,593.01,590.77,592.22,1847.686,1093045.44169
BNBUSDT,1775999100000,2026-04-12 13:05:00,2026-04-12 22:05:00,592.21,593,592.12,592.93,446.764,264706.91588
BNBUSDT,1775999400000,2026-04-12 13:10:00,2026-04-12 22:10:00,592.94,592.94,591.9,591.91,392.932,232644.1833
BNBUSDT,1775999700000,2026-04-12 13:15:00,2026-04-12 22:15:00,591.91,592.83,591.83,592.48,367.375,217572.05939
BNBUSDT,1776000000000,2026-04-12 13:20:00,2026-04-12 22:20:00,592.48,592.98,592.46,592.82,516.527,306197.48549
BNBUSDT,1776000300000,2026-04-12 13:25:00,2026-04-12 22:25:00,592.82,592.82,592.38,592.39,181.197,107386.30064
BNBUSDT,1776000600000,2026-04-12 13:30:00,2026-04-12 22:30:00,592.39,592.67,591.75,592.61,317.077,187755.96341
BNBUSDT,1776000900000,2026-04-12 13:35:00,2026-04-12 22:35:00,592.6,592.67,591.73,591.93,532.048,315090.57162
BNBUSDT,1776001200000,2026-04-12 13:40:00,2026-04-12 22:40:00,591.94,592.37,591.58,592.37,194.142,114928.70636
BNBUSDT,1776001500000,2026-04-12 13:45:00,2026-04-12 22:45:00,592.37,592.37,591.42,592.08,350.038,207197.83665
BNBUSDT,1776001800000,2026-04-12 13:50:00,2026-04-12 22:50:00,592.09,592.09,591.16,591.34,312.245,184720.28272
BNBUSDT,1776002100000,2026-04-12 13:55:00,2026-04-12 22:55:00,591.35,591.62,591.13,591.25,223.484,132145.82383
BNBUSDT,1776002400000,2026-04-12 14:00:00,2026-04-12 23:00:00,591.24,591.75,591,591.48,378.3,223731.41061
BNBUSDT,1776002700000,2026-04-12 14:05:00,2026-04-12 23:05:00,591.48,592.36,591.44,592.24,211.261,125043.24706
BNBUSDT,1776003000000,2026-04-12 14:10:00,2026-04-12 23:10:00,592.24,592.24,591.17,591.64,1185.915,701698.40526
BNBUSDT,1776003300000,2026-04-12 14:15:00,2026-04-12 23:15:00,591.64,592.42,591.64,592.24,197.682,117054.25414
BNBUSDT,1776003600000,2026-04-12 14:20:00,2026-04-12 23:20:00,592.25,592.59,592.01,592.49,226.601,134217.21947
BNBUSDT,1776003900000,2026-04-12 14:25:00,2026-04-12 23:25:00,592.49,592.52,592.23,592.44,211.58,125335.187
BNBUSDT,1776004200000,2026-04-12 14:30:00,2026-04-12 23:30:00,592.44,592.54,591.69,591.75,218.401,129284.94725
BNBUSDT,1776004500000,2026-04-12 14:35:00,2026-04-12 23:35:00,591.74,591.9,591.13,591.13,229.327,135665.98935
BNBUSDT,1776004800000,2026-04-12 14:40:00,2026-04-12 23:40:00,591.13,591.16,589.2,589.55,2309.351,1362643.03979
BNBUSDT,1776005100000,2026-04-12 14:45:00,2026-04-12 23:45:00,589.54,589.92,589.1,589.5,635.949,374983.30505
BNBUSDT,1776005400000,2026-04-12 14:50:00,2026-04-12 23:50:00,589.5,590.06,589.21,589.26,635.27,374527.95801
BNBUSDT,1776005700000,2026-04-12 14:55:00,2026-04-12 23:55:00,589.25,590.58,589.15,589.87,427.802,252380.58333
BNBUSDT,1776006000000,2026-04-12 15:00:00,2026-04-13 00:00:00,589.87,590.55,589.87,590.35,414.337,244593.07439
BNBUSDT,1776006300000,2026-04-12 15:05:00,2026-04-13 00:05:00,590.35,590.8,590.28,590.72,252.295,148994.04717
BNBUSDT,1776006600000,2026-04-12 15:10:00,2026-04-13 00:10:00,590.73,591.14,590.67,591.13,296.786,175401.33413
BNBUSDT,1776006900000,2026-04-12 15:15:00,2026-04-13 00:15:00,591.12,591.28,590.51,590.69,245.362,145007.32676
BNBUSDT,1776007200000,2026-04-12 15:20:00,2026-04-13 00:20:00,590.69,590.99,590.54,590.82,163.418,96542.47647
BNBUSDT,1776007500000,2026-04-12 15:25:00,2026-04-13 00:25:00,590.82,590.94,590.41,590.56,419.892,247976.30945
BNBUSDT,1776007800000,2026-04-12 15:30:00,2026-04-13 00:30:00,590.56,591.09,589.92,590.77,412.099,243365.45757
BNBUSDT,1776008100000,2026-04-12 15:35:00,2026-04-13 00:35:00,590.76,590.96,590.68,590.91,193.332,114223.75945
BNBUSDT,1776008400000,2026-04-12 15:40:00,2026-04-13 00:40:00,590.91,591.6,590.9,591.43,361.935,213958.35076
BNBUSDT,1776008700000,2026-04-12 15:45:00,2026-04-13 00:45:00,591.44,591.72,591.43,591.67,278.503,164752.08694
BNBUSDT,1776009000000,2026-04-12 15:50:00,2026-04-13 00:50:00,591.66,592.1,591.58,591.98,254.773,150780.41119
BNBUSDT,1776009300000,2026-04-12 15:55:00,2026-04-13 00:55:00,591.97,591.98,591.43,591.65,278.066,164529.05698
BNBUSDT,1776009600000,2026-04-12 16:00:00,2026-04-13 01:00:00,591.66,592.38,591.43,592.3,376.78,223034.52628
BNBUSDT,1776009900000,2026-04-12 16:05:00,2026-04-13 01:05:00,592.29,592.29,591.66,591.69,151.583,89721.82978
BNBUSDT,1776010200000,2026-04-12 16:10:00,2026-04-13 01:10:00,591.69,592.43,591.69,592.39,198.456,117510.89837
BNBUSDT,1776010500000,2026-04-12 16:15:00,2026-04-13 01:15:00,592.39,592.39,591.72,591.73,167.561,99214.58107
BNBUSDT,1776010800000,2026-04-12 16:20:00,2026-04-13 01:20:00,591.73,592.03,591.36,592.03,183.237,108427.64543
BNBUSDT,1776011100000,2026-04-12 16:25:00,2026-04-13 01:25:00,592.04,592.07,591.79,591.83,179.418,106195.38951
BNBUSDT,1776011400000,2026-04-12 16:30:00,2026-04-13 01:30:00,591.83,591.89,591.8,591.81,136.579,80835.18932
BNBUSDT,1776011700000,2026-04-12 16:35:00,2026-04-13 01:35:00,591.8,591.81,591.26,591.27,300.266,177609.09135
BNBUSDT,1776012000000,2026-04-12 16:40:00,2026-04-13 01:40:00,591.26,591.4,591,591.31,265.964,157240.70399
BNBUSDT,1776012300000,2026-04-12 16:45:00,2026-04-13 01:45:00,591.32,591.55,591.18,591.45,216.983,128317.44955
BNBUSDT,1776012600000,2026-04-12 16:50:00,2026-04-13 01:50:00,591.45,591.89,591.44,591.73,212.001,125452.72564
BNBUSDT,1776012900000,2026-04-12 16:55:00,2026-04-13 01:55:00,591.72,592,591.6,591.92,155.113,91794.30217
BNBUSDT,1776013200000,2026-04-12 17:00:00,2026-04-13 02:00:00,591.92,592.39,591.62,592.2,332.885,197074.56587
BNBUSDT,1776013500000,2026-04-12 17:05:00,2026-04-13 02:05:00,592.19,592.29,591.86,591.98,184.402,109174.67474
BNBUSDT,1776013800000,2026-04-12 17:10:00,2026-04-13 02:10:00,591.97,591.97,591.58,591.59,173.425,102635.92378
BNBUSDT,1776014100000,2026-04-12 17:15:00,2026-04-13 02:15:00,591.59,591.7,591.5,591.63,153.399,90747.91283
BNBUSDT,1776014400000,2026-04-12 17:20:00,2026-04-13 02:20:00,591.62,591.99,591.62,591.66,270.571,160120.18917
BNBUSDT,1776014700000,2026-04-12 17:25:00,2026-04-13 02:25:00,591.67,591.83,591.37,591.74,234.424,138690.40269
BNBUSDT,1776015000000,2026-04-12 17:30:00,2026-04-13 02:30:00,591.73,592.31,591.73,592.11,265.353,157117.5262
BNBUSDT,1776015300000,2026-04-12 17:35:00,2026-04-13 02:35:00,592.12,592.17,591.57,591.93,326.474,193233.95294
BNBUSDT,1776015600000,2026-04-12 17:40:00,2026-04-13 02:40:00,591.93,592.5,591.92,592.5,254.917,150980.72365
BNBUSDT,1776015900000,2026-04-12 17:45:00,2026-04-13 02:45:00,592.49,592.49,591.72,592.16,346.38,205070.21444
BNBUSDT,1776016200000,2026-04-12 17:50:00,2026-04-13 02:50:00,592.17,593.36,592.17,592.6,575.212,341026.50814
BNBUSDT,1776016500000,2026-04-12 17:55:00,2026-04-13 02:55:00,592.6,592.77,592.42,592.7,284.7,168715.5793
BNBUSDT,1776016800000,2026-04-12 18:00:00,2026-04-13 03:00:00,592.7,593.02,592.36,592.89,399.266,236647.7696
BNBUSDT,1776017100000,2026-04-12 18:05:00,2026-04-13 03:05:00,592.9,592.9,591.42,591.85,459.847,272213.1552
BNBUSDT,1776017400000,2026-04-12 18:10:00,2026-04-13 03:10:00,591.84,592.09,591.57,592.08,240.348,142253.05452
BNBUSDT,1776017700000,2026-04-12 18:15:00,2026-04-13 03:15:00,592.09,592.49,591.58,591.76,558.051,330352.65239
BNBUSDT,1776018000000,2026-04-12 18:20:00,2026-04-13 03:20:00,591.75,591.84,591.45,591.68,203.484,120395.81222
BNBUSDT,1776018300000,2026-04-12 18:25:00,2026-04-13 03:25:00,591.69,592.05,591.58,591.88,165.439,97906.16482
BNBUSDT,1776018600000,2026-04-12 18:30:00,2026-04-13 03:30:00,591.88,592.26,591.8,592.12,124.447,73689.0829
BNBUSDT,1776018900000,2026-04-12 18:35:00,2026-04-13 03:35:00,592.12,592.93,592.08,592.92,198.269,117497.72049
BNBUSDT,1776019200000,2026-04-12 18:40:00,2026-04-13 03:40:00,592.92,592.93,592.41,592.61,232.645,137890.47611
BNBUSDT,1776019500000,2026-04-12 18:45:00,2026-04-13 03:45:00,592.61,592.62,592.43,592.57,185.976,110197.83589
BNBUSDT,1776019800000,2026-04-12 18:50:00,2026-04-13 03:50:00,592.57,592.62,592.48,592.53,111.02,65785.68225
BNBUSDT,1776020100000,2026-04-12 18:55:00,2026-04-13 03:55:00,592.53,592.6,592.42,592.48,88.716,52566.48008
BNBUSDT,1776020400000,2026-04-12 19:00:00,2026-04-13 04:00:00,592.49,592.6,592.44,592.45,96.432,57135.78185
BNBUSDT,1776020700000,2026-04-12 19:05:00,2026-04-13 04:05:00,592.44,592.66,592.44,592.53,109.738,65027.23137
BNBUSDT,1776021000000,2026-04-12 19:10:00,2026-04-13 04:10:00,592.53,593.03,592.44,592.44,184.005,109084.67925
BNBUSDT,1776021300000,2026-04-12 19:15:00,2026-04-13 04:15:00,592.44,592.71,592.44,592.6,228.373,135333.18702
BNBUSDT,1776021600000,2026-04-12 19:20:00,2026-04-13 04:20:00,592.59,592.78,592.59,592.78,282.219,167255.12685
BNBUSDT,1776021900000,2026-04-12 19:25:00,2026-04-13 04:25:00,592.78,592.86,592.65,592.86,79.589,47176.76715
BNBUSDT,1776022200000,2026-04-12 19:30:00,2026-04-13 04:30:00,592.85,592.86,592.66,592.85,148.72,88153.61536
BNBUSDT,1776022500000,2026-04-12 19:35:00,2026-04-13 04:35:00,592.84,593.09,592.66,592.86,299.502,177566.79318
BNBUSDT,1776022800000,2026-04-12 19:40:00,2026-04-13 04:40:00,592.85,593.04,592.85,592.94,132.168,78370.9587
BNBUSDT,1776023100000,2026-04-12 19:45:00,2026-04-13 04:45:00,592.94,592.94,592.8,592.94,195.247,115752.03133
BNBUSDT,1776023400000,2026-04-12 19:50:00,2026-04-13 04:50:00,592.94,592.94,592.59,592.85,304.882,180722.92876
BNBUSDT,1776023700000,2026-04-12 19:55:00,2026-04-13 04:55:00,592.85,592.85,592.31,592.36,296.749,175812.57404
BNBUSDT,1776024000000,2026-04-12 20:00:00,2026-04-13 05:00:00,592.36,592.58,591.89,591.99,626.55,371055.15535
BNBUSDT,1776024300000,2026-04-12 20:05:00,2026-04-13 05:05:00,591.99,592.09,591.76,591.98,207.599,122894.86798
BNBUSDT,1776024600000,2026-04-12 20:10:00,2026-04-13 05:10:00,591.98,592.41,591.83,592.41,181.603,107515.12755
BNBUSDT,1776024900000,2026-04-12 20:15:00,2026-04-13 05:15:00,592.41,592.41,592,592.31,181.907,107728.65116
BNBUSDT,1776025200000,2026-04-12 20:20:00,2026-04-13 05:20:00,592.31,592.4,591.89,592.27,224.495,132929.73358
BNBUSDT,1776025500000,2026-04-12 20:25:00,2026-04-13 05:25:00,592.28,592.37,592.13,592.21,89.068,52751.65616
BNBUSDT,1776025800000,2026-04-12 20:30:00,2026-04-13 05:30:00,592.2,592.73,592.15,592.73,114.513,67829.31148
BNBUSDT,1776026100000,2026-04-12 20:35:00,2026-04-13 05:35:00,592.73,595.38,592.73,594.3,1380.757,820948.90257
BNBUSDT,1776026400000,2026-04-12 20:40:00,2026-04-13 05:40:00,594.3,596.91,594.27,595.84,797.774,475257.58687
BNBUSDT,1776026700000,2026-04-12 20:45:00,2026-04-13 05:45:00,595.84,596.26,595.01,595.12,185.866,110685.228
BNBUSDT,1776027000000,2026-04-12 20:50:00,2026-04-13 05:50:00,595.12,595.72,594.9,595.4,174.409,103841.7138
BNBUSDT,1776027300000,2026-04-12 20:55:00,2026-04-13 05:55:00,595.39,595.72,595.22,595.7,85.808,51093.0542
BNBUSDT,1776027600000,2026-04-12 21:00:00,2026-04-13 06:00:00,595.7,596.85,595.7,596.14,440.342,262515.62921
BNBUSDT,1776027900000,2026-04-12 21:05:00,2026-04-13 06:05:00,596.14,596.21,595.64,595.65,291.498,173705.00491
BNBUSDT,1776028200000,2026-04-12 21:10:00,2026-04-13 06:10:00,595.65,595.72,594.61,595.21,204.174,121532.61225
BNBUSDT,1776028500000,2026-04-12 21:15:00,2026-04-13 06:15:00,595.22,595.7,595.22,595.55,122.917,73206.08752
BNBUSDT,1776028800000,2026-04-12 21:20:00,2026-04-13 06:20:00,595.54,595.55,595.29,595.38,98.753,58798.47839
BNBUSDT,1776029100000,2026-04-12 21:25:00,2026-04-13 06:25:00,595.37,595.4,595.27,595.28,84.915,50554.79299
BNBUSDT,1776029400000,2026-04-12 21:30:00,2026-04-13 06:30:00,595.29,595.38,594.59,594.59,108.734,64701.38343
BNBUSDT,1776029700000,2026-04-12 21:35:00,2026-04-13 06:35:00,594.59,595.19,594.3,595.18,158.402,94181.81506
BNBUSDT,1776030000000,2026-04-12 21:40:00,2026-04-13 06:40:00,595.18,595.36,594.84,594.93,116.69,69444.89269
BNBUSDT,1776030300000,2026-04-12 21:45:00,2026-04-13 06:45:00,594.94,595.07,594.55,594.55,105.009,62472.66142
BNBUSDT,1776030600000,2026-04-12 21:50:00,2026-04-13 06:50:00,594.56,594.87,594.39,594.63,126.82,75410.52184
BNBUSDT,1776030900000,2026-04-12 21:55:00,2026-04-13 06:55:00,594.63,595.39,594.53,595.39,111.801,66493.96999
BNBUSDT,1776031200000,2026-04-12 22:00:00,2026-04-13 07:00:00,595.38,595.39,591.86,592.2,994.346,589509.27288
BNBUSDT,1776031500000,2026-04-12 22:05:00,2026-04-13 07:05:00,592.21,594.26,592.21,593.58,563.652,334530.30839
BNBUSDT,1776031800000,2026-04-12 22:10:00,2026-04-13 07:10:00,593.58,593.61,592.63,593.49,290.028,172052.92716
BNBUSDT,1776032100000,2026-04-12 22:15:00,2026-04-13 07:15:00,593.5,593.62,591.91,592.11,318.464,188787.07962
BNBUSDT,1776032400000,2026-04-12 22:20:00,2026-04-13 07:20:00,592.12,592.9,591.84,592.47,322.257,190893.48003
BNBUSDT,1776032700000,2026-04-12 22:25:00,2026-04-13 07:25:00,592.46,592.75,591.24,591.77,616.55,364943.36159
BNBUSDT,1776033000000,2026-04-12 22:30:00,2026-04-13 07:30:00,591.77,592.83,591.11,592.46,480.506,284510.00202
BNBUSDT,1776033300000,2026-04-12 22:35:00,2026-04-13 07:35:00,592.45,593.63,592.36,593.23,302.854,179583.8484
BNBUSDT,1776033600000,2026-04-12 22:40:00,2026-04-13 07:40:00,593.23,593.76,592.87,593.13,217.587,129082.38177
BNBUSDT,1776033900000,2026-04-12 22:45:00,2026-04-13 07:45:00,593.14,593.79,593.14,593.15,159.799,94820.42575
BNBUSDT,1776034200000,2026-04-12 22:50:00,2026-04-13 07:50:00,593.15,593.82,593.14,593.6,90.167,53512.50973
BNBUSDT,1776034500000,2026-04-12 22:55:00,2026-04-13 07:55:00,593.61,594.15,593.52,593.92,109.763,65189.50971
BNBUSDT,1776034800000,2026-04-12 23:00:00,2026-04-13 08:00:00,593.91,593.91,592.53,592.93,205.521,121885.13854
BNBUSDT,1776035100000,2026-04-12 23:05:00,2026-04-13 08:05:00,592.94,593.07,592.4,592.73,88.04,52181.6342
BNBUSDT,1776035400000,2026-04-12 23:10:00,2026-04-13 08:10:00,592.73,592.81,592.01,592.01,58.405,34598.83861
BNBUSDT,1776035700000,2026-04-12 23:15:00,2026-04-13 08:15:00,592.01,592.4,591.94,592.4,121.148,71737.96783
BNBUSDT,1776036000000,2026-04-12 23:20:00,2026-04-13 08:20:00,592.4,592.4,591.68,591.71,91.574,54210.5755
BNBUSDT,1776036300000,2026-04-12 23:25:00,2026-04-13 08:25:00,591.71,592.28,591.71,592.17,227.52,134714.42262
BNBUSDT,1776036600000,2026-04-12 23:30:00,2026-04-13 08:30:00,592.17,592.17,590.97,591.09,595.235,351997.01894
BNBUSDT,1776036900000,2026-04-12 23:35:00,2026-04-13 08:35:00,591.1,591.41,590.95,591.05,344.779,203798.14152
BNBUSDT,1776037200000,2026-04-12 23:40:00,2026-04-13 08:40:00,591.04,592.33,590.96,592.33,487.929,288669.7894
BNBUSDT,1776037500000,2026-04-12 23:45:00,2026-04-13 08:45:00,592.33,592.33,591.47,591.65,223.188,132101.49889
BNBUSDT,1776037800000,2026-04-12 23:50:00,2026-04-13 08:50:00,591.65,592.74,591.64,592.01,228.031,135051.3153
BNBUSDT,1776038100000,2026-04-12 23:55:00,2026-04-13 08:55:00,592.02,592.39,592.01,592.19,114.874,68029.47541
BNBUSDT,1776038400000,2026-04-13 00:00:00,2026-04-13 09:00:00,592.19,592.79,591.6,592.78,438.761,259854.74075
BNBUSDT,1776038700000,2026-04-13 00:05:00,2026-04-13 09:05:00,592.78,593.7,592.72,593.69,285.112,169137.58526
BNBUSDT,1776039000000,2026-04-13 00:10:00,2026-04-13 09:10:00,593.69,594.06,593.47,594,334.718,198750.56293
BNBUSDT,1776039300000,2026-04-13 00:15:00,2026-04-13 09:15:00,594.01,594.11,593.7,593.7,145.495,86417.30015
BNBUSDT,1776039600000,2026-04-13 00:20:00,2026-04-13 09:20:00,593.71,594.12,593.63,594.04,238.628,141715.6886
BNBUSDT,1776039900000,2026-04-13 00:25:00,2026-04-13 09:25:00,594.03,594.91,593.9,594.43,364.927,216947.53467
BNBUSDT,1776040200000,2026-04-13 00:30:00,2026-04-13 09:30:00,594.43,595.63,594.42,595.55,240.319,143051.64533
BNBUSDT,1776040500000,2026-04-13 00:35:00,2026-04-13 09:35:00,595.55,595.73,595.31,595.32,206.129,122758.03021
BNBUSDT,1776040800000,2026-04-13 00:40:00,2026-04-13 09:40:00,595.33,595.65,594.98,595.31,209.964,124990.36494
BNBUSDT,1776041100000,2026-04-13 00:45:00,2026-04-13 09:45:00,595.3,595.44,595.01,595.31,230.531,137211.3805
BNBUSDT,1776041400000,2026-04-13 00:50:00,2026-04-13 09:50:00,595.31,596.35,595.15,596.08,422.543,251786.93865
BNBUSDT,1776041700000,2026-04-13 00:55:00,2026-04-13 09:55:00,596.08,596.08,595.68,596.06,165.616,98692.10845
BNBUSDT,1776042000000,2026-04-13 01:00:00,2026-04-13 10:00:00,596.07,596.51,595.94,596.06,292.477,174395.51132
BNBUSDT,1776042300000,2026-04-13 01:05:00,2026-04-13 10:05:00,596.06,596.09,595.4,595.43,170.004,101262.621
BNBUSDT,1776042600000,2026-04-13 01:10:00,2026-04-13 10:10:00,595.43,596.2,594.96,595.13,309.122,184123.85904
BNBUSDT,1776042900000,2026-04-13 01:15:00,2026-04-13 10:15:00,595.13,595.34,594.94,595.02,166.383,99013.89323
BNBUSDT,1776043200000,2026-04-13 01:20:00,2026-04-13 10:20:00,595.01,595.48,595.01,595.25,129.919,77338.28924
BNBUSDT,1776043500000,2026-04-13 01:25:00,2026-04-13 10:25:00,595.25,595.57,594.95,595.28,184.237,109677.23852
BNBUSDT,1776043800000,2026-04-13 01:30:00,2026-04-13 10:30:00,595.28,596.2,595.05,596.2,221.962,132178.1315
BNBUSDT,1776044100000,2026-04-13 01:35:00,2026-04-13 10:35:00,596.2,596.61,595.77,596.03,478.609,285395.55042
BNBUSDT,1776044400000,2026-04-13 01:40:00,2026-04-13 10:40:00,596.02,596.52,596.02,596.37,316.956,189005.63348
BNBUSDT,1776044700000,2026-04-13 01:45:00,2026-04-13 10:45:00,596.37,596.58,596.27,596.41,110.31,65794.39783
BNBUSDT,1776045000000,2026-04-13 01:50:00,2026-04-13 10:50:00,596.41,596.75,596.3,596.36,342.479,204305.86953
BNBUSDT,1776045300000,2026-04-13 01:55:00,2026-04-13 10:55:00,596.36,596.65,596.28,596.46,151.361,90273.18675
BNBUSDT,1776045600000,2026-04-13 02:00:00,2026-04-13 11:00:00,596.47,596.98,596.47,596.78,311.501,185894.82247
BNBUSDT,1776045900000,2026-04-13 02:05:00,2026-04-13 11:05:00,596.77,596.77,596.1,596.11,142.994,85283.17018
BNBUSDT,1776046200000,2026-04-13 02:10:00,2026-04-13 11:10:00,596.12,596.43,595.58,595.7,342.124,203950.14569
BNBUSDT,1776046500000,2026-04-13 02:15:00,2026-04-13 11:15:00,595.71,596.01,595.67,595.95,107.973,64336.39063
BNBUSDT,1776046800000,2026-04-13 02:20:00,2026-04-13 11:20:00,595.96,596.6,595.95,596.59,141.304,84247.41395
BNBUSDT,1776047100000,2026-04-13 02:25:00,2026-04-13 11:25:00,596.6,597.88,596.6,597.64,398.484,238071.09601
BNBUSDT,1776047400000,2026-04-13 02:30:00,2026-04-13 11:30:00,597.65,597.94,597.4,597.4,249.57,149174.82512
BNBUSDT,1776047700000,2026-04-13 02:35:00,2026-04-13 11:35:00,597.4,597.49,596.25,596.55,338.154,201817.2464
BNBUSDT,1776048000000,2026-04-13 02:40:00,2026-04-13 11:40:00,596.56,596.87,596.51,596.61,210.51,125605.82866
BNBUSDT,1776048300000,2026-04-13 02:45:00,2026-04-13 11:45:00,596.6,596.9,596.5,596.72,166.817,99539.13965
BNBUSDT,1776048600000,2026-04-13 02:50:00,2026-04-13 11:50:00,596.71,596.71,596,596.29,191.851,114407.56988
BNBUSDT,1776048900000,2026-04-13 02:55:00,2026-04-13 11:55:00,596.29,596.4,596.24,596.3,172.831,103061.1725
BNBUSDT,1776049200000,2026-04-13 03:00:00,2026-04-13 12:00:00,596.3,596.63,596.01,596.63,207.279,123591.28122
BNBUSDT,1776049500000,2026-04-13 03:05:00,2026-04-13 12:05:00,596.63,596.63,595.69,595.69,184.805,110177.50996
BNBUSDT,1776049800000,2026-04-13 03:10:00,2026-04-13 12:10:00,595.7,596.15,595.69,596.03,386.53,230360.35409
BNBUSDT,1776050100000,2026-04-13 03:15:00,2026-04-13 12:15:00,596.03,596.07,595.77,595.93,381.369,227266.27135
BNBUSDT,1776050400000,2026-04-13 03:20:00,2026-04-13 12:20:00,595.93,595.99,594.8,594.87,270.717,161187.51898
BNBUSDT,1776050700000,2026-04-13 03:25:00,2026-04-13 12:25:00,594.87,595.6,594.87,595.18,130.188,77511.9986
BNBUSDT,1776051000000,2026-04-13 03:30:00,2026-04-13 12:30:00,595.18,595.33,595.07,595.3,141.572,84270.74039
BNBUSDT,1776051300000,2026-04-13 03:35:00,2026-04-13 12:35:00,595.3,595.3,594.55,594.8,116.74,69452.07735
BNBUSDT,1776051600000,2026-04-13 03:40:00,2026-04-13 12:40:00,594.8,595,594.72,594.9,142.754,84920.22907
BNBUSDT,1776051900000,2026-04-13 03:45:00,2026-04-13 12:45:00,594.9,594.9,594.61,594.84,152.329,90599.07516
BNBUSDT,1776052200000,2026-04-13 03:50:00,2026-04-13 12:50:00,594.83,595,594.83,595,92.361,54946.57365
BNBUSDT,1776052500000,2026-04-13 03:55:00,2026-04-13 12:55:00,595,595,594.67,594.68,119.599,71153.24366
BNBUSDT,1776052800000,2026-04-13 04:00:00,2026-04-13 13:00:00,594.68,594.99,594.68,594.98,237.87,141512.19806
BNBUSDT,1776053100000,2026-04-13 04:05:00,2026-04-13 13:05:00,594.97,595,594.6,594.9,174.885,104033.55444
BNBUSDT,1776053400000,2026-04-13 04:10:00,2026-04-13 13:10:00,594.9,595,594.74,594.96,212.769,126584.62165
BNBUSDT,1776053700000,2026-04-13 04:15:00,2026-04-13 13:15:00,594.96,595.33,594.84,594.96,334.485,199032.47812
BNBUSDT,1776054000000,2026-04-13 04:20:00,2026-04-13 13:20:00,594.95,595.31,594.95,595.29,139.124,82813.62691
BNBUSDT,1776054300000,2026-04-13 04:25:00,2026-04-13 13:25:00,595.29,595.9,595.28,595.66,137.632,81991.14047
BNBUSDT,1776054600000,2026-04-13 04:30:00,2026-04-13 13:30:00,595.67,596.56,595.58,596.56,220.907,131673.27603
BNBUSDT,1776054900000,2026-04-13 04:35:00,2026-04-13 13:35:00,596.55,596.78,596.3,596.78,215.852,128761.64478
BNBUSDT,1776055200000,2026-04-13 04:40:00,2026-04-13 13:40:00,596.78,597.05,596.5,596.51,186.161,111112.17313
BNBUSDT,1776055500000,2026-04-13 04:45:00,2026-04-13 13:45:00,596.5,596.59,596.12,596.16,145.217,86594.88772
BNBUSDT,1776055800000,2026-04-13 04:50:00,2026-04-13 13:50:00,596.16,596.22,595.19,595.62,193.55,115273.76411
BNBUSDT,1776056100000,2026-04-13 04:55:00,2026-04-13 13:55:00,595.63,596.02,595.36,595.47,200.411,119382.01898
BNBUSDT,1776056400000,2026-04-13 05:00:00,2026-04-13 14:00:00,595.47,595.72,595.32,595.5,222.249,132359.87085
BNBUSDT,1776056700000,2026-04-13 05:05:00,2026-04-13 14:05:00,595.5,595.95,595.39,595.4,134.042,79848.81524
BNBUSDT,1776057000000,2026-04-13 05:10:00,2026-04-13 14:10:00,595.41,595.81,595.31,595.56,164.015,97673.64281
BNBUSDT,1776057300000,2026-04-13 05:15:00,2026-04-13 14:15:00,595.55,595.93,595.55,595.74,217.127,129359.32443
BNBUSDT,1776057600000,2026-04-13 05:20:00,2026-04-13 14:20:00,595.74,595.91,595.22,595.8,251.089,149539.59824
BNBUSDT,1776057900000,2026-04-13 05:25:00,2026-04-13 14:25:00,595.8,595.9,595.55,595.86,116.309,69288.84146
BNBUSDT,1776058200000,2026-04-13 05:30:00,2026-04-13 14:30:00,595.85,595.92,595.32,595.67,205.159,122206.80974
BNBUSDT,1776058500000,2026-04-13 05:35:00,2026-04-13 14:35:00,595.67,596.05,595.23,595.59,199.263,118714.7613
BNBUSDT,1776058800000,2026-04-13 05:40:00,2026-04-13 14:40:00,595.59,596.17,595.59,596.01,175.354,104510.75278
BNBUSDT,1776059100000,2026-04-13 05:45:00,2026-04-13 14:45:00,596.01,596.96,596.01,596.96,507.087,302462.63422
BNBUSDT,1776059400000,2026-04-13 05:50:00,2026-04-13 14:50:00,596.95,597.3,596.83,597.3,301.902,180258.98761
BNBUSDT,1776059700000,2026-04-13 05:55:00,2026-04-13 14:55:00,597.29,597.86,597.29,597.79,407.378,243434.24697
BNBUSDT,1776060000000,2026-04-13 06:00:00,2026-04-13 15:00:00,597.8,599.39,597.62,599.37,2852.506,1706227.15951
BNBUSDT,1776060300000,2026-04-13 06:05:00,2026-04-13 15:05:00,599.38,599.67,598.91,599.08,610.525,365825.22107
BNBUSDT,1776060600000,2026-04-13 06:10:00,2026-04-13 15:10:00,599.07,599.07,598.45,598.52,190.288,113952.1412
BNBUSDT,1776060900000,2026-04-13 06:15:00,2026-04-13 15:15:00,598.52,599,598.25,598.77,202.135,121008.01053
BNBUSDT,1776061200000,2026-04-13 06:20:00,2026-04-13 15:20:00,598.77,599.34,598.73,599.31,198.929,119149.63253
BNBUSDT,1776061500000,2026-04-13 06:25:00,2026-04-13 15:25:00,599.31,599.59,599.18,599.25,276.457,165718.99647
BNBUSDT,1776061800000,2026-04-13 06:30:00,2026-04-13 15:30:00,599.25,599.4,598.83,599,329.481,197422.85157
BNBUSDT,1776062100000,2026-04-13 06:35:00,2026-04-13 15:35:00,598.99,599,598.46,599,239.057,143142.58896
BNBUSDT,1776062400000,2026-04-13 06:40:00,2026-04-13 15:40:00,598.99,598.99,598.21,598.58,245.527,146975.0242
BNBUSDT,1776062700000,2026-04-13 06:45:00,2026-04-13 15:45:00,598.58,598.82,598.28,598.47,205.875,123214.89529
BNBUSDT,1776063000000,2026-04-13 06:50:00,2026-04-13 15:50:00,598.47,598.51,598.36,598.37,121.789,72882.94442
BNBUSDT,1776063300000,2026-04-13 06:55:00,2026-04-13 15:55:00,598.37,598.5,598.12,598.23,229.604,137391.36335
BNBUSDT,1776063600000,2026-04-13 07:00:00,2026-04-13 16:00:00,598.22,598.46,597.88,598.23,230.412,137810.25219
BNBUSDT,1776063900000,2026-04-13 07:05:00,2026-04-13 16:05:00,598.23,598.44,597.9,597.94,337.026,201595.04617
BNBUSDT,1776064200000,2026-04-13 07:10:00,2026-04-13 16:10:00,597.93,598.02,597.75,597.75,221.388,132363.31694
BNBUSDT,1776064500000,2026-04-13 07:15:00,2026-04-13 16:15:00,597.74,597.78,597.17,597.38,1895.057,1132623.64111
BNBUSDT,1776064800000,2026-04-13 07:20:00,2026-04-13 16:20:00,597.38,597.42,596.09,596.33,571.038,340603.8263
BNBUSDT,1776065100000,2026-04-13 07:25:00,2026-04-13 16:25:00,596.33,596.4,596.13,596.4,224.612,133926.13159
BNBUSDT,1776065400000,2026-04-13 07:30:00,2026-04-13 16:30:00,596.4,596.75,596.13,596.33,198.247,118234.71293
BNBUSDT,1776065700000,2026-04-13 07:35:00,2026-04-13 16:35:00,596.34,597.27,596.34,596.96,218.879,130617.82682
BNBUSDT,1776066000000,2026-04-13 07:40:00,2026-04-13 16:40:00,596.96,597.05,596.53,596.74,525.288,313421.75864
BNBUSDT,1776066300000,2026-04-13 07:45:00,2026-04-13 16:45:00,596.75,597.26,596.47,597.02,292.87,174764.32253
BNBUSDT,1776066600000,2026-04-13 07:50:00,2026-04-13 16:50:00,597.02,598.19,597.02,597.76,573.358,342713.36238
BNBUSDT,1776066900000,2026-04-13 07:55:00,2026-04-13 16:55:00,597.75,597.75,597.26,597.26,198.339,118501.45899
BNBUSDT,1776067200000,2026-04-13 08:00:00,2026-04-13 17:00:00,597.27,597.29,596.55,597.15,418.984,250095.36903
BNBUSDT,1776067500000,2026-04-13 08:05:00,2026-04-13 17:05:00,597.16,597.33,596.41,596.46,205.229,122501.97734
BNBUSDT,1776067800000,2026-04-13 08:10:00,2026-04-13 17:10:00,596.46,596.66,596.32,596.39,113.908,67947.6731
BNBUSDT,1776068100000,2026-04-13 08:15:00,2026-04-13 17:15:00,596.38,596.45,596.01,596.11,494.373,294773.89476
BNBUSDT,1776068400000,2026-04-13 08:20:00,2026-04-13 17:20:00,596.11,596.21,595.9,595.99,210.481,125458.60167
BNBUSDT,1776068700000,2026-04-13 08:25:00,2026-04-13 17:25:00,596,596.48,595.79,596.01,227.391,135562.26178
BNBUSDT,1776069000000,2026-04-13 08:30:00,2026-04-13 17:30:00,596.01,596.05,595.73,595.96,267.426,159360.15383
BNBUSDT,1776069300000,2026-04-13 08:35:00,2026-04-13 17:35:00,595.97,595.97,595.66,595.66,158.617,94512.72153
BNBUSDT,1776069600000,2026-04-13 08:40:00,2026-04-13 17:40:00,595.67,595.87,595.19,595.66,331.996,197725.75853
BNBUSDT,1776069900000,2026-04-13 08:45:00,2026-04-13 17:45:00,595.66,596.17,595.65,596.09,223.768,133332.20187
BNBUSDT,1776070200000,2026-04-13 08:50:00,2026-04-13 17:50:00,596.08,596.08,595.68,596.06,89.257,53182.52018
BNBUSDT,1776070500000,2026-04-13 08:55:00,2026-04-13 17:55:00,596.06,596.59,596.06,596.59,209.801,125120.32131
BNBUSDT,1776070800000,2026-04-13 09:00:00,2026-04-13 18:00:00,596.59,597.99,596.59,597.46,407.091,243195.39854
BNBUSDT,1776071100000,2026-04-13 09:05:00,2026-04-13 18:05:00,597.46,597.59,597,597.01,280.188,167378.17879
BNBUSDT,1776071400000,2026-04-13 09:10:00,2026-04-13 18:10:00,597.01,597.18,597,597.18,241.902,144448.13467
BNBUSDT,1776071700000,2026-04-13 09:15:00,2026-04-13 18:15:00,597.18,597.43,596.89,597.11,292.842,174881.27128
BNBUSDT,1776072000000,2026-04-13 09:20:00,2026-04-13 18:20:00,597.11,597.38,596.99,597,632.088,377433.4917
BNBUSDT,1776072300000,2026-04-13 09:25:00,2026-04-13 18:25:00,597.01,597.5,596.99,597.22,361.21,215714.55967
BNBUSDT,1776072600000,2026-04-13 09:30:00,2026-04-13 18:30:00,597.2,597.51,597.11,597.37,347.04,207314.40092
BNBUSDT,1776072900000,2026-04-13 09:35:00,2026-04-13 18:35:00,597.38,597.8,597.37,597.8,145.482,86941.7842
BNBUSDT,1776073200000,2026-04-13 09:40:00,2026-04-13 18:40:00,597.8,598.12,597.63,597.93,932.11,557201.124
BNBUSDT,1776073500000,2026-04-13 09:45:00,2026-04-13 18:45:00,597.93,597.93,597.29,597.39,241.748,144451.07634
BNBUSDT,1776073800000,2026-04-13 09:50:00,2026-04-13 18:50:00,597.39,597.69,597.25,597.4,375.957,224627.36325
BNBUSDT,1776074100000,2026-04-13 09:55:00,2026-04-13 18:55:00,597.39,597.56,597.25,597.31,165.496,98871.87878
BNBUSDT,1776074400000,2026-04-13 10:00:00,2026-04-13 19:00:00,597.32,597.35,597.05,597.34,242.641,144913.50901
BNBUSDT,1776074700000,2026-04-13 10:05:00,2026-04-13 19:05:00,597.35,597.71,597.34,597.61,237.823,142116.44738
BNBUSDT,1776075000000,2026-04-13 10:10:00,2026-04-13 19:10:00,597.61,597.68,597.42,597.68,120.609,72079.70033
BNBUSDT,1776075300000,2026-04-13 10:15:00,2026-04-13 19:15:00,597.67,597.9,597.24,597.87,227.843,136158.36396
BNBUSDT,1776075600000,2026-04-13 10:20:00,2026-04-13 19:20:00,597.88,598.12,597.59,597.6,474.124,283510.92439
BNBUSDT,1776075900000,2026-04-13 10:25:00,2026-04-13 19:25:00,597.6,597.86,597.57,597.57,179.184,107105.48214
BNBUSDT,1776076200000,2026-04-13 10:30:00,2026-04-13 19:30:00,597.56,597.7,597.52,597.52,143.248,85607.58277
BNBUSDT,1776076500000,2026-04-13 10:35:00,2026-04-13 19:35:00,597.53,598,596.75,598,239.303,142984.50152
BNBUSDT,1776076800000,2026-04-13 10:40:00,2026-04-13 19:40:00,597.99,598,597.71,597.83,217.972,130314.02198
BNBUSDT,1776077100000,2026-04-13 10:45:00,2026-04-13 19:45:00,597.82,598.12,597.54,597.55,295.619,176741.7142
BNBUSDT,1776077400000,2026-04-13 10:50:00,2026-04-13 19:50:00,597.55,597.79,597.44,597.54,267.884,160077.81511
BNBUSDT,1776077700000,2026-04-13 10:55:00,2026-04-13 19:55:00,597.54,597.74,597.3,597.42,254.109,151840.28457
BNBUSDT,1776078000000,2026-04-13 11:00:00,2026-04-13 20:00:00,597.43,598.24,597.24,598.24,547.386,327238.79201
BNBUSDT,1776078300000,2026-04-13 11:05:00,2026-04-13 20:05:00,598.23,598.64,598.23,598.52,234.273,140208.45837
BNBUSDT,1776078600000,2026-04-13 11:10:00,2026-04-13 20:10:00,598.51,598.71,598.39,598.66,219.289,131254.80001
BNBUSDT,1776078900000,2026-04-13 11:15:00,2026-04-13 20:15:00,598.66,598.7,598.32,598.44,372.816,223091.21788
BNBUSDT,1776079200000,2026-04-13 11:20:00,2026-04-13 20:20:00,598.45,598.55,598.05,598.05,183.769,109946.50698
BNBUSDT,1776079500000,2026-04-13 11:25:00,2026-04-13 20:25:00,598.06,598.26,597.8,597.8,159.531,95411.51198
BNBUSDT,1776079800000,2026-04-13 11:30:00,2026-04-13 20:30:00,597.8,598.09,597.58,597.59,110.886,66290.41347
BNBUSDT,1776080100000,2026-04-13 11:35:00,2026-04-13 20:35:00,597.58,597.86,597.33,597.61,125.989,75291.47701
BNBUSDT,1776080400000,2026-04-13 11:40:00,2026-04-13 20:40:00,597.62,597.93,597.51,597.82,172.938,103373.34715
BNBUSDT,1776080700000,2026-04-13 11:45:00,2026-04-13 20:45:00,597.82,598.27,597.62,598.03,160.159,95782.60333
BNBUSDT,1776081000000,2026-04-13 11:50:00,2026-04-13 20:50:00,598.03,598.24,597.35,597.72,394.775,236019.06623
BNBUSDT,1776081300000,2026-04-13 11:55:00,2026-04-13 20:55:00,597.73,597.73,597.13,597.2,173.966,103930.78057
BNBUSDT,1776081600000,2026-04-13 12:00:00,2026-04-13 21:00:00,597.2,597.64,596.48,597.49,837.676,500075.2446
BNBUSDT,1776081900000,2026-04-13 12:05:00,2026-04-13 21:05:00,597.49,598.19,597.38,597.97,327.66,195882.03571
BNBUSDT,1776082200000,2026-04-13 12:10:00,2026-04-13 21:10:00,597.97,598.29,597.88,597.94,141.395,84569.47622
BNBUSDT,1776082500000,2026-04-13 12:15:00,2026-04-13 21:15:00,597.94,597.99,597.64,597.68,163.796,97918.32954
BNBUSDT,1776082800000,2026-04-13 12:20:00,2026-04-13 21:20:00,597.68,597.68,597.14,597.15,131.775,78738.81487
BNBUSDT,1776083100000,2026-04-13 12:25:00,2026-04-13 21:25:00,597.14,597.19,596.81,596.82,294.679,175904.87809
BNBUSDT,1776083400000,2026-04-13 12:30:00,2026-04-13 21:30:00,596.82,597.17,596.52,596.98,173.42,103495.48452
BNBUSDT,1776083700000,2026-04-13 12:35:00,2026-04-13 21:35:00,596.97,598.33,596.81,597.64,758.7,453324.08303
BNBUSDT,1776084000000,2026-04-13 12:40:00,2026-04-13 21:40:00,597.64,597.77,596.89,597.68,489.543,292444.80669
BNBUSDT,1776084300000,2026-04-13 12:45:00,2026-04-13 21:45:00,597.69,598.32,597.68,598.14,245.585,146875.8232
BNBUSDT,1776084600000,2026-04-13 12:50:00,2026-04-13 21:50:00,598.14,599.21,598.02,599.08,1230.54,736732.41996
BNBUSDT,1776084900000,2026-04-13 12:55:00,2026-04-13 21:55:00,599.08,599.2,598.32,598.57,554.311,331865.55009
BNBUSDT,1776085200000,2026-04-13 13:00:00,2026-04-13 22:00:00,598.56,599.47,598.56,599.47,392.167,234947.57153
BNBUSDT,1776085500000,2026-04-13 13:05:00,2026-04-13 22:05:00,599.47,599.47,598.3,598.3,331.281,198404.51279
BNBUSDT,1776085800000,2026-04-13 13:10:00,2026-04-13 22:10:00,598.3,598.88,598.29,598.88,235.202,140786.52036
BNBUSDT,1776086100000,2026-04-13 13:15:00,2026-04-13 22:15:00,598.88,598.88,597.99,598.34,515.321,308296.78291
BNBUSDT,1776086400000,2026-04-13 13:20:00,2026-04-13 22:20:00,598.33,598.34,597.39,597.72,556.851,332858.65932
BNBUSDT,1776086700000,2026-04-13 13:25:00,2026-04-13 22:25:00,597.72,597.73,596.77,597.16,685.995,409741.74528
BNBUSDT,1776087000000,2026-04-13 13:30:00,2026-04-13 22:30:00,597.17,597.53,596.53,596.96,448.811,267975.24912
BNBUSDT,1776087300000,2026-04-13 13:35:00,2026-04-13 22:35:00,596.95,596.97,595.64,595.74,270.899,161524.87215
BNBUSDT,1776087600000,2026-04-13 13:40:00,2026-04-13 22:40:00,595.75,596.8,595.75,596.14,272.133,162246.09448
BNBUSDT,1776087900000,2026-04-13 13:45:00,2026-04-13 22:45:00,596.14,599.42,595.58,599.28,943.803,564050.60954
BNBUSDT,1776088200000,2026-04-13 13:50:00,2026-04-13 22:50:00,599.34,599.85,597.59,598.68,925.185,553834.64184
BNBUSDT,1776088500000,2026-04-13 13:55:00,2026-04-13 22:55:00,598.68,599.93,598.45,599.78,1169.969,701209.03558
BNBUSDT,1776088800000,2026-04-13 14:00:00,2026-04-13 23:00:00,599.79,601.61,598.8,598.97,1847.629,1108795.96621
BNBUSDT,1776089100000,2026-04-13 14:05:00,2026-04-13 23:05:00,598.97,599.18,598.4,598.89,399.725,239376.38659
BNBUSDT,1776089400000,2026-04-13 14:10:00,2026-04-13 23:10:00,598.89,599.46,598.74,599.29,353.23,211630.98589
BNBUSDT,1776089700000,2026-04-13 14:15:00,2026-04-13 23:15:00,599.28,600,598,598.86,853.237,511014.00079
BNBUSDT,1776090000000,2026-04-13 14:20:00,2026-04-13 23:20:00,598.87,599.57,597.83,599.56,498.952,298814.10272
BNBUSDT,1776090300000,2026-04-13 14:25:00,2026-04-13 23:25:00,599.56,599.8,599.26,599.74,293.148,175754.83869
BNBUSDT,1776090600000,2026-04-13 14:30:00,2026-04-13 23:30:00,599.74,600.87,599.58,600.55,405.901,243594.23653
BNBUSDT,1776090900000,2026-04-13 14:35:00,2026-04-13 23:35:00,600.55,600.74,600.21,600.67,564.223,338812.04509
BNBUSDT,1776091200000,2026-04-13 14:40:00,2026-04-13 23:40:00,600.68,601.81,600.24,601.61,513.216,308402.62615
BNBUSDT,1776091500000,2026-04-13 14:45:00,2026-04-13 23:45:00,601.61,602.5,601.05,601.42,1536.043,924603.14245
BNBUSDT,1776091800000,2026-04-13 14:50:00,2026-04-13 23:50:00,601.42,602.07,601.03,602.07,616.599,370864.7485
BNBUSDT,1776092100000,2026-04-13 14:55:00,2026-04-13 23:55:00,602.07,603.41,601.74,603.4,992.486,598193.81565
BNBUSDT,1776092400000,2026-04-13 15:00:00,2026-04-14 00:00:00,603.41,605,603.12,603.13,1944.565,1174982.51952
BNBUSDT,1776092700000,2026-04-13 15:05:00,2026-04-14 00:05:00,603.13,603.92,602.21,603.02,774.582,467103.34462
BNBUSDT,1776093000000,2026-04-13 15:10:00,2026-04-14 00:10:00,603.01,603.11,602.49,602.69,699.017,421318.16926
BNBUSDT,1776093300000,2026-04-13 15:15:00,2026-04-14 00:15:00,602.7,602.91,602.24,602.39,478.423,288298.90336
BNBUSDT,1776093600000,2026-04-13 15:20:00,2026-04-14 00:20:00,602.39,602.84,602.04,602.14,474.826,286057.57998
BNBUSDT,1776093900000,2026-04-13 15:25:00,2026-04-14 00:25:00,602.14,602.75,601.75,601.98,511.06,307737.5243
BNBUSDT,1776094200000,2026-04-13 15:30:00,2026-04-14 00:30:00,601.99,602,600.36,600.66,709.901,426626.36247
BNBUSDT,1776094500000,2026-04-13 15:35:00,2026-04-14 00:35:00,600.66,601,600.05,600.68,875.37,525731.87016
BNBUSDT,1776094800000,2026-04-13 15:40:00,2026-04-14 00:40:00,600.68,601.23,600.45,601.01,707.087,424881.9981
BNBUSDT,1776095100000,2026-04-13 15:45:00,2026-04-14 00:45:00,601.01,601.67,600.67,601.41,817.55,491606.35697
BNBUSDT,1776095400000,2026-04-13 15:50:00,2026-04-14 00:50:00,601.41,602.25,601.11,601.97,891.824,536531.41127
BNBUSDT,1776095700000,2026-04-13 15:55:00,2026-04-14 00:55:00,601.97,603.45,601.97,603.4,1137.426,685887.44739
BNBUSDT,1776096000000,2026-04-13 16:00:00,2026-04-14 01:00:00,603.39,603.79,602.86,603.04,972.258,586636.57369
BNBUSDT,1776096300000,2026-04-13 16:05:00,2026-04-14 01:05:00,603.04,604.91,602.15,604.89,1122.917,677715.72877
BNBUSDT,1776096600000,2026-04-13 16:10:00,2026-04-14 01:10:00,604.89,605.55,604.65,605.06,2105.582,1274241.68172
BNBUSDT,1776096900000,2026-04-13 16:15:00,2026-04-14 01:15:00,605.05,605.68,604.72,605.58,604.714,365944.88353
BNBUSDT,1776097200000,2026-04-13 16:20:00,2026-04-14 01:20:00,605.58,606.36,604.54,606.21,1155.948,699994.55911
BNBUSDT,1776097500000,2026-04-13 16:25:00,2026-04-14 01:25:00,606.21,607.28,606,607.23,1012.51,614151.87743
BNBUSDT,1776097800000,2026-04-13 16:30:00,2026-04-14 01:30:00,607.24,607.6,606.32,606.87,1433.303,870142.62524
BNBUSDT,1776098100000,2026-04-13 16:35:00,2026-04-14 01:35:00,606.86,607.94,606.64,607.3,703.247,427119.73516
BNBUSDT,1776098400000,2026-04-13 16:40:00,2026-04-14 01:40:00,607.29,607.5,606.55,606.87,551.704,334887.862
BNBUSDT,1776098700000,2026-04-13 16:45:00,2026-04-14 01:45:00,606.86,607.92,606.4,606.83,933.841,567024.32901
BNBUSDT,1776099000000,2026-04-13 16:50:00,2026-04-14 01:50:00,606.83,607.27,605.78,605.87,933.918,566550.00088
BNBUSDT,1776099300000,2026-04-13 16:55:00,2026-04-14 01:55:00,605.88,606.38,605.85,606.14,465.087,281846.79783
BNBUSDT,1776099600000,2026-04-13 17:00:00,2026-04-14 02:00:00,606.14,606.28,605.19,605.76,650.367,393950.50422
BNBUSDT,1776099900000,2026-04-13 17:05:00,2026-04-14 02:05:00,605.75,605.88,605.23,605.88,475.33,287789.16565
BNBUSDT,1776100200000,2026-04-13 17:10:00,2026-04-14 02:10:00,605.88,606.32,605.6,605.63,400.17,242514.88691
BNBUSDT,1776100500000,2026-04-13 17:15:00,2026-04-14 02:15:00,605.63,605.9,605.39,605.8,468.445,283691.13353
BNBUSDT,1776100800000,2026-04-13 17:20:00,2026-04-14 02:20:00,605.8,605.8,604.59,604.68,481.645,291364.60181
BNBUSDT,1776101100000,2026-04-13 17:25:00,2026-04-14 02:25:00,604.68,606.64,604.67,606.5,564.005,341659.66652
BNBUSDT,1776101400000,2026-04-13 17:30:00,2026-04-14 02:30:00,606.51,607.86,606.51,607.26,959.25,582635.39015
BNBUSDT,1776101700000,2026-04-13 17:35:00,2026-04-14 02:35:00,607.25,607.31,606.65,606.96,267.455,162362.2324
BNBUSDT,1776102000000,2026-04-13 17:40:00,2026-04-14 02:40:00,606.95,607.34,606.68,606.84,436.145,264754.63571
BNBUSDT,1776102300000,2026-04-13 17:45:00,2026-04-14 02:45:00,606.83,607.21,606.38,606.39,233.34,141571.14411
BNBUSDT,1776102600000,2026-04-13 17:50:00,2026-04-14 02:50:00,606.39,606.51,604.9,604.91,449.828,272386.82976
BNBUSDT,1776102900000,2026-04-13 17:55:00,2026-04-14 02:55:00,604.9,605,604.45,604.78,418.019,252783.28248
BNBUSDT,1776103200000,2026-04-13 18:00:00,2026-04-14 03:00:00,604.78,605.15,604.47,604.97,450.326,272342.9592
BNBUSDT,1776103500000,2026-04-13 18:05:00,2026-04-14 03:05:00,604.98,605.4,604.67,605.01,205.99,124618.69518
BNBUSDT,1776103800000,2026-04-13 18:10:00,2026-04-14 03:10:00,605,605.22,604.8,604.93,168.21,101770.34001
BNBUSDT,1776104100000,2026-04-13 18:15:00,2026-04-14 03:15:00,604.93,605.03,604.4,604.74,198.906,120291.22929
BNBUSDT,1776104400000,2026-04-13 18:20:00,2026-04-14 03:20:00,604.74,605.1,603.63,603.82,494.459,298786.87879
BNBUSDT,1776104700000,2026-04-13 18:25:00,2026-04-14 03:25:00,603.82,604.17,603.2,603.81,407.239,245816.95004
BNBUSDT,1776105000000,2026-04-13 18:30:00,2026-04-14 03:30:00,603.81,604.58,603.74,604.58,381.052,230238.17793
BNBUSDT,1776105300000,2026-04-13 18:35:00,2026-04-14 03:35:00,604.57,604.59,604.22,604.27,244.337,147682.35972
BNBUSDT,1776105600000,2026-04-13 18:40:00,2026-04-14 03:40:00,604.28,605.24,604.27,604.91,224.822,135974.33921
BNBUSDT,1776105900000,2026-04-13 18:45:00,2026-04-14 03:45:00,604.92,605.18,604.42,604.44,569.436,344435.62342
BNBUSDT,1776106200000,2026-04-13 18:50:00,2026-04-14 03:50:00,604.44,604.63,604.08,604.63,307.974,186116.42473
BNBUSDT,1776106500000,2026-04-13 18:55:00,2026-04-14 03:55:00,604.64,605.03,604.64,604.84,150.073,90771.4044
BNBUSDT,1776106800000,2026-04-13 19:00:00,2026-04-14 04:00:00,604.83,605,604.39,604.45,237.56,143644.97335
BNBUSDT,1776107100000,2026-04-13 19:05:00,2026-04-14 04:05:00,604.45,604.63,604.09,604.28,216.967,131105.83272
BNBUSDT,1776107400000,2026-04-13 19:10:00,2026-04-14 04:10:00,604.29,604.29,603.88,604.06,199.078,120252.18115
BNBUSDT,1776107700000,2026-04-13 19:15:00,2026-04-14 04:15:00,604.06,605.72,604.06,605,413.511,250157.88096
BNBUSDT,1776108000000,2026-04-13 19:20:00,2026-04-14 04:20:00,605,606.2,604.86,605.75,435.983,264062.45014
BNBUSDT,1776108300000,2026-04-13 19:25:00,2026-04-14 04:25:00,605.75,606.2,605.5,605.77,382.794,231923.28618
BNBUSDT,1776108600000,2026-04-13 19:30:00,2026-04-14 04:30:00,605.77,607.4,605.69,607.25,946.423,574177.98652
BNBUSDT,1776108900000,2026-04-13 19:35:00,2026-04-14 04:35:00,607.25,607.43,606.45,607.4,834.981,506889.22634
BNBUSDT,1776109200000,2026-04-13 19:40:00,2026-04-14 04:40:00,607.4,607.41,606.48,606.8,337.858,205076.47566
BNBUSDT,1776109500000,2026-04-13 19:45:00,2026-04-14 04:45:00,606.8,608,606.79,607.7,503.955,306188.24275
BNBUSDT,1776109800000,2026-04-13 19:50:00,2026-04-14 04:50:00,607.7,609,607.7,608.68,933.744,568227.23918
BNBUSDT,1776110100000,2026-04-13 19:55:00,2026-04-14 04:55:00,608.68,609.17,608.59,608.59,787.255,479340.15543
BNBUSDT,1776110400000,2026-04-13 20:00:00,2026-04-14 05:00:00,608.59,608.98,607.94,608.43,469.344,285513.70273
BNBUSDT,1776110700000,2026-04-13 20:05:00,2026-04-14 05:05:00,608.42,608.68,607.87,608.36,537.272,326857.48279
BNBUSDT,1776111000000,2026-04-13 20:10:00,2026-04-14 05:10:00,608.36,608.38,607.76,608,552.277,335854.42124
BNBUSDT,1776111300000,2026-04-13 20:15:00,2026-04-14 05:15:00,608,608.1,607.48,607.6,216.537,131623.62126
BNBUSDT,1776111600000,2026-04-13 20:20:00,2026-04-14 05:20:00,607.59,607.94,607.22,607.23,160.552,97531.02552
BNBUSDT,1776111900000,2026-04-13 20:25:00,2026-04-14 05:25:00,607.23,607.53,607.11,607.37,776.514,471611.17646
BNBUSDT,1776112200000,2026-04-13 20:30:00,2026-04-14 05:30:00,607.37,608,607.2,607.99,243.779,148097.21116
BNBUSDT,1776112500000,2026-04-13 20:35:00,2026-04-14 05:35:00,608,608.45,607.61,607.61,392.331,238573.26348
BNBUSDT,1776112800000,2026-04-13 20:40:00,2026-04-14 05:40:00,607.61,608.06,607.57,608,280.784,170673.80993
BNBUSDT,1776113100000,2026-04-13 20:45:00,2026-04-14 05:45:00,607.99,608.05,607.64,607.65,185.607,112829.15735
BNBUSDT,1776113400000,2026-04-13 20:50:00,2026-04-14 05:50:00,607.65,607.65,607.18,607.24,162.593,98767.19443
BNBUSDT,1776113700000,2026-04-13 20:55:00,2026-04-14 05:55:00,607.24,607.55,607.16,607.41,193.202,117354.55691
BNBUSDT,1776114000000,2026-04-13 21:00:00,2026-04-14 06:00:00,607.42,607.66,607.21,607.32,144.761,87929.84849
BNBUSDT,1776114300000,2026-04-13 21:05:00,2026-04-14 06:05:00,607.32,608.05,607.29,608.04,163.215,99201.50581
BNBUSDT,1776114600000,2026-04-13 21:10:00,2026-04-14 06:10:00,608.05,608.58,608.04,608.21,285.146,173454.9871
BNBUSDT,1776114900000,2026-04-13 21:15:00,2026-04-14 06:15:00,608.21,608.49,607.7,607.71,334.94,203712.66929
BNBUSDT,1776115200000,2026-04-13 21:20:00,2026-04-14 06:20:00,607.7,607.83,607.46,607.82,162.206,98557.01782
BNBUSDT,1776115500000,2026-04-13 21:25:00,2026-04-14 06:25:00,607.82,607.87,607.68,607.85,103.874,63133.86402
BNBUSDT,1776115800000,2026-04-13 21:30:00,2026-04-14 06:30:00,607.84,608.41,607.8,608.36,237.1,144174.68103
BNBUSDT,1776116100000,2026-04-13 21:35:00,2026-04-14 06:35:00,608.36,608.79,608.14,608.75,254.423,154808.02212
BNBUSDT,1776116400000,2026-04-13 21:40:00,2026-04-14 06:40:00,608.75,609.36,608.53,608.65,416.177,253420.41565
BNBUSDT,1776116700000,2026-04-13 21:45:00,2026-04-14 06:45:00,608.65,608.85,608.08,608.59,186.852,113689.62646
BNBUSDT,1776117000000,2026-04-13 21:50:00,2026-04-14 06:50:00,608.59,608.63,608.34,608.38,210.404,128036.24752
BNBUSDT,1776117300000,2026-04-13 21:55:00,2026-04-14 06:55:00,608.38,608.39,607.96,607.97,543.966,330854.09951
BNBUSDT,1776117600000,2026-04-13 22:00:00,2026-04-14 07:00:00,607.97,608.98,607.89,608.72,436.08,265339.24364
BNBUSDT,1776117900000,2026-04-13 22:05:00,2026-04-14 07:05:00,608.72,610.61,608.72,608.94,1560.062,951414.91602
BNBUSDT,1776118200000,2026-04-13 22:10:00,2026-04-14 07:10:00,608.95,612.88,608.95,612.09,2041.109,1247942.72761
BNBUSDT,1776118500000,2026-04-13 22:15:00,2026-04-14 07:15:00,612.08,614.75,612.07,614.18,3412.776,2094987.34728
BNBUSDT,1776118800000,2026-04-13 22:20:00,2026-04-14 07:20:00,614.18,615.41,613.57,614.32,2492.226,1531835.46601
BNBUSDT,1776119100000,2026-04-13 22:25:00,2026-04-14 07:25:00,614.33,614.48,613.77,614.3,534.484,328217.27497
BNBUSDT,1776119400000,2026-04-13 22:30:00,2026-04-14 07:30:00,614.3,615.58,614.26,614.81,1190.07,731858.2536
BNBUSDT,1776119700000,2026-04-13 22:35:00,2026-04-14 07:35:00,614.8,614.8,613.11,613.36,626.351,384505.72617
BNBUSDT,1776120000000,2026-04-13 22:40:00,2026-04-14 07:40:00,613.36,614.5,613.24,614.49,562.953,345659.85722
BNBUSDT,1776120300000,2026-04-13 22:45:00,2026-04-14 07:45:00,614.5,614.91,613.73,614.2,940.896,577944.20837
BNBUSDT,1776120600000,2026-04-13 22:50:00,2026-04-14 07:50:00,614.21,615.88,614.2,615.68,1066.621,655982.38084
BNBUSDT,1776120900000,2026-04-13 22:55:00,2026-04-14 07:55:00,615.67,616.49,615.35,615.46,1584.334,975923.35272
BNBUSDT,1776121200000,2026-04-13 23:00:00,2026-04-14 08:00:00,615.46,616,614.67,615.87,1515.679,932604.40572
BNBUSDT,1776121500000,2026-04-13 23:05:00,2026-04-14 08:05:00,615.86,616.4,615.32,616.4,591.332,364203.73366
BNBUSDT,1776121800000,2026-04-13 23:10:00,2026-04-14 08:10:00,616.4,616.94,615.67,616.38,1740.698,1073171.57496
BNBUSDT,1776122100000,2026-04-13 23:15:00,2026-04-14 08:15:00,616.38,616.6,615.4,616.07,555.391,342118.95593
BNBUSDT,1776122400000,2026-04-13 23:20:00,2026-04-14 08:20:00,616.07,617,615.53,616.17,2839.627,1750363.40774
BNBUSDT,1776122700000,2026-04-13 23:25:00,2026-04-14 08:25:00,616.17,617.97,616.12,617.06,2654.461,1638378.32379
BNBUSDT,1776123000000,2026-04-13 23:30:00,2026-04-14 08:30:00,617.07,617.39,616.44,616.76,1114.899,687829.35443
BNBUSDT,1776123300000,2026-04-13 23:35:00,2026-04-14 08:35:00,616.76,617.13,616.09,616.1,440.601,271737.04095
BNBUSDT,1776123600000,2026-04-13 23:40:00,2026-04-14 08:40:00,616.09,616.11,615.61,615.66,296.176,182417.29906
BNBUSDT,1776123900000,2026-04-13 23:45:00,2026-04-14 08:45:00,615.66,616.02,614.88,614.89,873.327,537457.69142
BNBUSDT,1776124200000,2026-04-13 23:50:00,2026-04-14 08:50:00,614.89,615.28,614.09,614.76,2096.903,1288907.98222
BNBUSDT,1776124500000,2026-04-13 23:55:00,2026-04-14 08:55:00,614.77,615,614.56,614.71,422.947,260022.01271
BNBUSDT,1776124800000,2026-04-14 00:00:00,2026-04-14 09:00:00,614.71,615.9,614.6,614.6,859.236,528703.03751
BNBUSDT,1776125100000,2026-04-14 00:05:00,2026-04-14 09:05:00,614.6,614.79,613.56,613.58,1510.792,927889.33662
BNBUSDT,1776125400000,2026-04-14 00:10:00,2026-04-14 09:10:00,613.57,613.9,613.4,613.83,1090.587,669206.54002
BNBUSDT,1776125700000,2026-04-14 00:15:00,2026-04-14 09:15:00,613.84,614.4,613.16,613.45,706.744,433778.68844
BNBUSDT,1776126000000,2026-04-14 00:20:00,2026-04-14 09:20:00,613.44,613.82,613.18,613.19,688.971,422600.22583
BNBUSDT,1776126300000,2026-04-14 00:25:00,2026-04-14 09:25:00,613.18,613.18,612.66,612.99,637.275,390605.5332
BNBUSDT,1776126600000,2026-04-14 00:30:00,2026-04-14 09:30:00,612.98,613.07,612.56,612.7,366.273,224443.95616
BNBUSDT,1776126900000,2026-04-14 00:35:00,2026-04-14 09:35:00,612.7,613.43,612.69,613.12,507.499,311125.03724
BNBUSDT,1776127200000,2026-04-14 00:40:00,2026-04-14 09:40:00,613.12,613.17,612.79,612.95,609.464,373621.53641
BNBUSDT,1776127500000,2026-04-14 00:45:00,2026-04-14 09:45:00,612.95,613.3,612.7,612.95,591.899,362869.07896
BNBUSDT,1776127800000,2026-04-14 00:50:00,2026-04-14 09:50:00,612.96,613,612.29,612.52,881.202,539831.28851
BNBUSDT,1776128100000,2026-04-14 00:55:00,2026-04-14 09:55:00,612.52,612.52,612,612.28,799.154,489226.90833
BNBUSDT,1776128400000,2026-04-14 01:00:00,2026-04-14 10:00:00,612.28,612.28,610.86,611.55,1429.494,874057.28337
BNBUSDT,1776128700000,2026-04-14 01:05:00,2026-04-14 10:05:00,611.54,612,611.53,611.99,270.851,165693.77309
BNBUSDT,1776129000000,2026-04-14 01:10:00,2026-04-14 10:10:00,612,612.39,611.84,612.39,318.567,194988.63496
BNBUSDT,1776129300000,2026-04-14 01:15:00,2026-04-14 10:15:00,612.39,613.21,612.12,613.14,396.606,242989.25851
BNBUSDT,1776129600000,2026-04-14 01:20:00,2026-04-14 10:20:00,613.15,613.48,612.99,613,342.205,209854.7902
BNBUSDT,1776129900000,2026-04-14 01:25:00,2026-04-14 10:25:00,613,613,612.39,612.63,132.424,81123.19037
BNBUSDT,1776130200000,2026-04-14 01:30:00,2026-04-14 10:30:00,612.62,613.07,612.31,612.98,405.088,248186.29126
BNBUSDT,1776130500000,2026-04-14 01:35:00,2026-04-14 10:35:00,612.97,613.57,612.91,613.48,231.46,141953.72958
BNBUSDT,1776130800000,2026-04-14 01:40:00,2026-04-14 10:40:00,613.49,613.96,613.48,613.79,318.803,195677.49483
BNBUSDT,1776131100000,2026-04-14 01:45:00,2026-04-14 10:45:00,613.79,614.09,613.78,614.06,208.068,127740.05829
BNBUSDT,1776131400000,2026-04-14 01:50:00,2026-04-14 10:50:00,614.06,614.19,613.9,614.04,222.64,136708.68769
BNBUSDT,1776131700000,2026-04-14 01:55:00,2026-04-14 10:55:00,614.05,614.05,613.8,613.81,248.491,152547.6712
BNBUSDT,1776132000000,2026-04-14 02:00:00,2026-04-14 11:00:00,613.81,613.9,613.41,613.42,347.466,213229.16293
BNBUSDT,1776132300000,2026-04-14 02:05:00,2026-04-14 11:05:00,613.42,613.66,613.18,613.39,245.142,150382.47086
BNBUSDT,1776132600000,2026-04-14 02:10:00,2026-04-14 11:10:00,613.39,614.04,613.24,613.91,550.441,337719.4188
BNBUSDT,1776132900000,2026-04-14 02:15:00,2026-04-14 11:15:00,613.92,614.08,613.62,613.83,496.305,304656.05646
BNBUSDT,1776133200000,2026-04-14 02:20:00,2026-04-14 11:20:00,613.83,614.05,613.72,613.91,228.203,140099.1271
BNBUSDT,1776133500000,2026-04-14 02:25:00,2026-04-14 11:25:00,613.9,613.91,613.66,613.73,348.269,213752.09004
BNBUSDT,1776133800000,2026-04-14 02:30:00,2026-04-14 11:30:00,613.73,613.73,613.22,613.22,258.595,158639.06368
BNBUSDT,1776134100000,2026-04-14 02:35:00,2026-04-14 11:35:00,613.23,613.54,612.88,613.45,296.509,181797.56549
BNBUSDT,1776134400000,2026-04-14 02:40:00,2026-04-14 11:40:00,613.45,613.73,613.45,613.71,225.068,138100.49897
BNBUSDT,1776134700000,2026-04-14 02:45:00,2026-04-14 11:45:00,613.72,615.43,613.58,615.4,2748.011,1689182.06094
BNBUSDT,1776135000000,2026-04-14 02:50:00,2026-04-14 11:50:00,615.39,615.39,614.91,615.1,1614.972,993281.51581
BNBUSDT,1776135300000,2026-04-14 02:55:00,2026-04-14 11:55:00,615.1,615.28,614.93,615.2,799.543,491770.98885
BNBUSDT,1776135600000,2026-04-14 03:00:00,2026-04-14 12:00:00,615.2,615.21,614.8,615.21,1453.914,894226.11416
BNBUSDT,1776135900000,2026-04-14 03:05:00,2026-04-14 12:05:00,615.2,615.72,615.1,615.62,911.643,561084.28255
BNBUSDT,1776136200000,2026-04-14 03:10:00,2026-04-14 12:10:00,615.61,615.61,614.51,614.88,723.836,445200.41452
BNBUSDT,1776136500000,2026-04-14 03:15:00,2026-04-14 12:15:00,614.88,615.5,614.87,615.49,897.547,552181.85164
BNBUSDT,1776136800000,2026-04-14 03:20:00,2026-04-14 12:20:00,615.5,615.53,615.22,615.33,272.474,167666.6017
BNBUSDT,1776137100000,2026-04-14 03:25:00,2026-04-14 12:25:00,615.33,615.33,614.96,615.16,223.223,137320.4248
BNBUSDT,1776137400000,2026-04-14 03:30:00,2026-04-14 12:30:00,615.17,615.8,615.15,615.68,257.723,158633.88493
BNBUSDT,1776137700000,2026-04-14 03:35:00,2026-04-14 12:35:00,615.67,615.68,615.62,615.67,116.7,71846.00838
BNBUSDT,1776138000000,2026-04-14 03:40:00,2026-04-14 12:40:00,615.66,616.05,615.66,615.95,606.689,373644.43502
BNBUSDT,1776138300000,2026-04-14 03:45:00,2026-04-14 12:45:00,615.96,616,615.71,615.86,226.748,139645.89505
BNBUSDT,1776138600000,2026-04-14 03:50:00,2026-04-14 12:50:00,615.86,616.02,615.86,615.97,223.425,137622.721
BNBUSDT,1776138900000,2026-04-14 03:55:00,2026-04-14 12:55:00,615.97,616.14,615.96,616.13,269.41,165975.09949
BNBUSDT,1776139200000,2026-04-14 04:00:00,2026-04-14 13:00:00,616.14,616.15,616.03,616.05,228.496,140768.83277
BNBUSDT,1776139500000,2026-04-14 04:05:00,2026-04-14 13:05:00,616.05,616.05,615.78,615.79,305.144,187935.46984
BNBUSDT,1776139800000,2026-04-14 04:10:00,2026-04-14 13:10:00,615.79,615.8,615.34,615.59,270.242,166374.99627
BNBUSDT,1776140100000,2026-04-14 04:15:00,2026-04-14 13:15:00,615.6,615.7,615.5,615.7,175.556,108074.4471
BNBUSDT,1776140400000,2026-04-14 04:20:00,2026-04-14 13:20:00,615.69,615.95,615.69,615.81,255.715,157473.40972
BNBUSDT,1776140700000,2026-04-14 04:25:00,2026-04-14 13:25:00,615.81,615.87,615.66,615.86,158.72,97735.28974
BNBUSDT,1776141000000,2026-04-14 04:30:00,2026-04-14 13:30:00,615.87,615.94,615.27,615.27,426.097,262288.51925
BNBUSDT,1776141300000,2026-04-14 04:35:00,2026-04-14 13:35:00,615.26,615.6,615.08,615.6,475.592,292629.30585
BNBUSDT,1776141600000,2026-04-14 04:40:00,2026-04-14 13:40:00,615.6,615.6,615.07,615.1,556.668,342536.09563
BNBUSDT,1776141900000,2026-04-14 04:45:00,2026-04-14 13:45:00,615.11,615.15,614.76,614.85,356.799,219426.18885
BNBUSDT,1776142200000,2026-04-14 04:50:00,2026-04-14 13:50:00,614.86,615.23,614.7,614.8,392.182,241180.94943
BNBUSDT,1776142500000,2026-04-14 04:55:00,2026-04-14 13:55:00,614.81,614.85,614.58,614.69,211.685,130125.2516
BNBUSDT,1776142800000,2026-04-14 05:00:00,2026-04-14 14:00:00,614.69,614.77,614.22,614.23,341.014,209518.70155
BNBUSDT,1776143100000,2026-04-14 05:05:00,2026-04-14 14:05:00,614.22,614.23,613.74,613.79,622.052,381973.10598
BNBUSDT,1776143400000,2026-04-14 05:10:00,2026-04-14 14:10:00,613.78,613.79,613.19,613.2,375.419,230304.78944
BNBUSDT,1776143700000,2026-04-14 05:15:00,2026-04-14 14:15:00,613.19,613.19,612.64,613.03,710.342,435350.76801
BNBUSDT,1776144000000,2026-04-14 05:20:00,2026-04-14 14:20:00,613.03,614.02,612.65,612.92,676.723,415011.37993
BNBUSDT,1776144300000,2026-04-14 05:25:00,2026-04-14 14:25:00,612.93,613.09,612.64,612.93,649.098,397782.87005
BNBUSDT,1776144600000,2026-04-14 05:30:00,2026-04-14 14:30:00,612.93,612.93,611.88,612.34,2934.077,1795997.41435
BNBUSDT,1776144900000,2026-04-14 05:35:00,2026-04-14 14:35:00,612.34,613.03,612.33,612.88,158.25,96950.6889
BNBUSDT,1776145200000,2026-04-14 05:40:00,2026-04-14 14:40:00,612.88,612.92,612.33,612.63,399.453,244694.09807
BNBUSDT,1776145500000,2026-04-14 05:45:00,2026-04-14 14:45:00,612.63,613.03,612.63,612.91,178.512,109403.1417
BNBUSDT,1776145800000,2026-04-14 05:50:00,2026-04-14 14:50:00,612.92,613,612.68,612.98,134.472,82419.06677
BNBUSDT,1776146100000,2026-04-14 05:55:00,2026-04-14 14:55:00,612.98,612.98,612.69,612.81,130.323,79862.44598
BNBUSDT,1776146400000,2026-04-14 06:00:00,2026-04-14 15:00:00,612.81,613.31,612.81,612.84,144.281,88459.83134
BNBUSDT,1776146700000,2026-04-14 06:05:00,2026-04-14 15:05:00,612.83,613.23,612.83,613.19,133.386,81775.4611
BNBUSDT,1776147000000,2026-04-14 06:10:00,2026-04-14 15:10:00,613.18,613.26,613.04,613.25,98.237,60234.21908
BNBUSDT,1776147300000,2026-04-14 06:15:00,2026-04-14 15:15:00,613.25,613.75,613.25,613.75,151.665,93034.95346
BNBUSDT,1776147600000,2026-04-14 06:20:00,2026-04-14 15:20:00,613.75,614.33,613.74,614.25,227.522,139687.78221
BNBUSDT,1776147900000,2026-04-14 06:25:00,2026-04-14 15:25:00,614.26,614.39,614,614,190.998,117323.93743
BNBUSDT,1776148200000,2026-04-14 06:30:00,2026-04-14 15:30:00,614.01,614.19,613.86,613.93,328.104,201445.07565
BNBUSDT,1776148500000,2026-04-14 06:35:00,2026-04-14 15:35:00,613.93,614.48,613.92,614.35,231.234,142032.52671
BNBUSDT,1776148800000,2026-04-14 06:40:00,2026-04-14 15:40:00,614.35,614.69,614.2,614.52,364.434,223939.8264
BNBUSDT,1776149100000,2026-04-14 06:45:00,2026-04-14 15:45:00,614.51,614.96,614.34,614.78,622.293,382427.21589
BNBUSDT,1776149400000,2026-04-14 06:50:00,2026-04-14 15:50:00,614.79,615,614.73,614.91,581.697,357721.44664
BNBUSDT,1776149700000,2026-04-14 06:55:00,2026-04-14 15:55:00,614.92,615.19,614.83,614.84,397.951,244755.24686
BNBUSDT,1776150000000,2026-04-14 07:00:00,2026-04-14 16:00:00,614.84,615.06,614.44,614.61,431.903,265485.59889
BNBUSDT,1776150300000,2026-04-14 07:05:00,2026-04-14 16:05:00,614.62,615.54,614.3,615.54,804.657,494891.17019
BNBUSDT,1776150600000,2026-04-14 07:10:00,2026-04-14 16:10:00,615.54,615.6,614.71,615.34,508.852,313051.60776
BNBUSDT,1776150900000,2026-04-14 07:15:00,2026-04-14 16:15:00,615.33,615.63,615.05,615.16,449.782,276764.44492
BNBUSDT,1776151200000,2026-04-14 07:20:00,2026-04-14 16:20:00,615.15,615.4,614.39,614.39,225.227,138514.97125
BNBUSDT,1776151500000,2026-04-14 07:25:00,2026-04-14 16:25:00,614.39,615.13,614.36,615.04,249.91,153648.94679
BNBUSDT,1776151800000,2026-04-14 07:30:00,2026-04-14 16:30:00,615.04,615.04,613.33,613.75,856.962,526144.87366
BNBUSDT,1776152100000,2026-04-14 07:35:00,2026-04-14 16:35:00,613.74,613.89,613.53,613.82,253.281,155443.64592
BNBUSDT,1776152400000,2026-04-14 07:40:00,2026-04-14 16:40:00,613.82,614,613.35,613.41,319.205,195904.73198
BNBUSDT,1776152700000,2026-04-14 07:45:00,2026-04-14 16:45:00,613.41,613.77,613.41,613.7,377.716,231777.24886
BNBUSDT,1776153000000,2026-04-14 07:50:00,2026-04-14 16:50:00,613.7,614,613.51,613.84,229.498,140867.45761
BNBUSDT,1776153300000,2026-04-14 07:55:00,2026-04-14 16:55:00,613.85,614,613.51,613.55,414.01,254090.15729
BNBUSDT,1776153600000,2026-04-14 08:00:00,2026-04-14 17:00:00,613.54,614.7,613.43,614.7,552.613,339298.335
BNBUSDT,1776153900000,2026-04-14 08:05:00,2026-04-14 17:05:00,614.7,615.25,614.53,615.22,590.911,363370.05108
BNBUSDT,1776154200000,2026-04-14 08:10:00,2026-04-14 17:10:00,615.21,615.89,615.21,615.89,806.747,496628.10213
BNBUSDT,1776154500000,2026-04-14 08:15:00,2026-04-14 17:15:00,615.89,616.6,615.88,616.57,1216.894,749974.83026
BNBUSDT,1776154800000,2026-04-14 08:20:00,2026-04-14 17:20:00,616.56,617.62,616.4,617.61,1208.428,745636.54348
BNBUSDT,1776155100000,2026-04-14 08:25:00,2026-04-14 17:25:00,617.62,617.68,617.54,617.59,545.231,336747.067
BNBUSDT,1776155400000,2026-04-14 08:30:00,2026-04-14 17:30:00,617.59,617.98,617.36,617.96,1346.559,831776.21192
BNBUSDT,1776155700000,2026-04-14 08:35:00,2026-04-14 17:35:00,617.95,618.16,617.61,617.98,1108.237,684833.21541
BNBUSDT,1776156000000,2026-04-14 08:40:00,2026-04-14 17:40:00,617.98,618.37,617.87,618.2,1195.214,738840.06443
BNBUSDT,1776156300000,2026-04-14 08:45:00,2026-04-14 17:45:00,618.2,618.34,617.8,617.88,836.274,516849.87603
BNBUSDT,1776156600000,2026-04-14 08:50:00,2026-04-14 17:50:00,617.88,617.88,617.3,617.3,590.256,364579.5711
BNBUSDT,1776156900000,2026-04-14 08:55:00,2026-04-14 17:55:00,617.31,617.53,617.3,617.5,497.216,306977.717
BNBUSDT,1776157200000,2026-04-14 09:00:00,2026-04-14 18:00:00,617.51,617.68,617.34,617.51,524.625,323979.14045
BNBUSDT,1776157500000,2026-04-14 09:05:00,2026-04-14 18:05:00,617.51,617.97,617.25,617.92,733.554,453031.721
BNBUSDT,1776157800000,2026-04-14 09:10:00,2026-04-14 18:10:00,617.93,618.11,617.57,617.94,601.883,371851.93376
BNBUSDT,1776158100000,2026-04-14 09:15:00,2026-04-14 18:15:00,617.94,618.48,617.81,618.4,429.508,265507.5884
BNBUSDT,1776158400000,2026-04-14 09:20:00,2026-04-14 18:20:00,618.4,618.58,617.84,618.05,551.89,341235.53209
BNBUSDT,1776158700000,2026-04-14 09:25:00,2026-04-14 18:25:00,618.04,618.5,617.93,618.39,456.244,282044.7242
BNBUSDT,1776159000000,2026-04-14 09:30:00,2026-04-14 18:30:00,618.4,619.15,618.39,618.48,972.625,601804.01842
BNBUSDT,1776159300000,2026-04-14 09:35:00,2026-04-14 18:35:00,618.49,618.49,617.89,617.94,666.177,411810.53135
BNBUSDT,1776159600000,2026-04-14 09:40:00,2026-04-14 18:40:00,617.94,618.19,617.72,617.72,784.038,484470.12918
BNBUSDT,1776159900000,2026-04-14 09:45:00,2026-04-14 18:45:00,617.73,618.18,617.55,617.64,538.704,332878.83368
BNBUSDT,1776160200000,2026-04-14 09:50:00,2026-04-14 18:50:00,617.63,617.88,617.63,617.66,395.574,244363.16467
BNBUSDT,1776160500000,2026-04-14 09:55:00,2026-04-14 18:55:00,617.65,618.15,617.64,617.9,336.317,207792.00824
BNBUSDT,1776160800000,2026-04-14 10:00:00,2026-04-14 19:00:00,617.9,618.08,617.63,617.87,262.397,162122.70313
BNBUSDT,1776161100000,2026-04-14 10:05:00,2026-04-14 19:05:00,617.88,618.34,617.85,618.13,603.581,373090.87076
BNBUSDT,1776161400000,2026-04-14 10:10:00,2026-04-14 19:10:00,618.14,618.56,618.14,618.55,326.642,201979.12567
BNBUSDT,1776161700000,2026-04-14 10:15:00,2026-04-14 19:15:00,618.56,618.87,618.49,618.49,545.984,337748.28558
BNBUSDT,1776162000000,2026-04-14 10:20:00,2026-04-14 19:20:00,618.49,619.4,618.49,619.16,851.633,527231.96491
BNBUSDT,1776162300000,2026-04-14 10:25:00,2026-04-14 19:25:00,619.15,619.23,618.74,618.74,523.131,323820.75676
BNBUSDT,1776162600000,2026-04-14 10:30:00,2026-04-14 19:30:00,618.75,618.75,618.16,618.19,386.062,238779.45123
BNBUSDT,1776162900000,2026-04-14 10:35:00,2026-04-14 19:35:00,618.19,618.55,617.49,617.5,547.147,338191.55644
BNBUSDT,1776163200000,2026-04-14 10:40:00,2026-04-14 19:40:00,617.49,617.62,617.25,617.56,402.624,248571.54759
BNBUSDT,1776163500000,2026-04-14 10:45:00,2026-04-14 19:45:00,617.55,617.85,617.44,617.79,297.059,183488.68505
BNBUSDT,1776163800000,2026-04-14 10:50:00,2026-04-14 19:50:00,617.78,617.79,617.52,617.53,346.103,213772.13696
BNBUSDT,1776164100000,2026-04-14 10:55:00,2026-04-14 19:55:00,617.53,618,617.52,617.9,224.382,138625.88284
BNBUSDT,1776164400000,2026-04-14 11:00:00,2026-04-14 20:00:00,617.89,617.89,617.3,617.83,367.81,227155.27717
BNBUSDT,1776164700000,2026-04-14 11:05:00,2026-04-14 20:05:00,617.84,617.84,616.8,617.09,811.054,500628.53271
BNBUSDT,1776165000000,2026-04-14 11:10:00,2026-04-14 20:10:00,617.09,617.31,616.7,616.88,512.436,316154.80332
BNBUSDT,1776165300000,2026-04-14 11:15:00,2026-04-14 20:15:00,616.87,616.87,616.26,616.27,349.305,215383.14496
BNBUSDT,1776165600000,2026-04-14 11:20:00,2026-04-14 20:20:00,616.27,616.57,616.18,616.27,470.88,290228.42523
BNBUSDT,1776165900000,2026-04-14 11:25:00,2026-04-14 20:25:00,616.27,616.45,616.18,616.21,194.777,120039.25991
BNBUSDT,1776166200000,2026-04-14 11:30:00,2026-04-14 20:30:00,616.2,616.2,615.53,615.9,659.562,406198.62803
BNBUSDT,1776166500000,2026-04-14 11:35:00,2026-04-14 20:35:00,615.91,616.26,615.81,615.86,374.073,230430.71893
BNBUSDT,1776166800000,2026-04-14 11:40:00,2026-04-14 20:40:00,615.86,616.51,615.86,616.27,399.531,246182.26688
BNBUSDT,1776167100000,2026-04-14 11:45:00,2026-04-14 20:45:00,616.28,616.61,616.03,616.39,305.271,188132.42889
BNBUSDT,1776167400000,2026-04-14 11:50:00,2026-04-14 20:50:00,616.39,617.01,616.38,616.91,333.522,205677.38474
BNBUSDT,1776167700000,2026-04-14 11:55:00,2026-04-14 20:55:00,616.9,616.99,616.14,616.41,551.344,339986.64024
BNBUSDT,1776168000000,2026-04-14 12:00:00,2026-04-14 21:00:00,616.42,616.65,615.96,616.48,575.503,354705.05096
BNBUSDT,1776168300000,2026-04-14 12:05:00,2026-04-14 21:05:00,616.48,616.48,616.02,616.46,207.427,127817.22634
BNBUSDT,1776168600000,2026-04-14 12:10:00,2026-04-14 21:10:00,616.47,616.58,616.03,616.32,297.463,183318.10746
BNBUSDT,1776168900000,2026-04-14 12:15:00,2026-04-14 21:15:00,616.32,616.33,615.86,615.86,295.538,182073.08663
BNBUSDT,1776169200000,2026-04-14 12:20:00,2026-04-14 21:20:00,615.87,616.11,615.6,615.75,210.724,129771.80578
BNBUSDT,1776169500000,2026-04-14 12:25:00,2026-04-14 21:25:00,615.75,616,615.56,615.71,268.013,165027.66888
BNBUSDT,1776169800000,2026-04-14 12:30:00,2026-04-14 21:30:00,615.72,616.19,615.18,615.64,772.992,475785.23622
BNBUSDT,1776170100000,2026-04-14 12:35:00,2026-04-14 21:35:00,615.65,616.16,615.55,616.05,388.227,239091.98898
BNBUSDT,1776170400000,2026-04-14 12:40:00,2026-04-14 21:40:00,616.05,616.26,615.47,615.53,189.194,116530.95177
BNBUSDT,1776170700000,2026-04-14 12:45:00,2026-04-14 21:45:00,615.54,615.6,615.38,615.49,207.242,127561.02167
BNBUSDT,1776171000000,2026-04-14 12:50:00,2026-04-14 21:50:00,615.49,615.89,615.34,615.44,542.907,334158.84455
BNBUSDT,1776171300000,2026-04-14 12:55:00,2026-04-14 21:55:00,615.44,615.68,615.37,615.55,237.765,146337.29666
BNBUSDT,1776171600000,2026-04-14 13:00:00,2026-04-14 22:00:00,615.55,616.4,615.49,616.16,365.975,225477.40156
BNBUSDT,1776171900000,2026-04-14 13:05:00,2026-04-14 22:05:00,616.17,616.26,615.85,616,408.331,251570.42706
BNBUSDT,1776172200000,2026-04-14 13:10:00,2026-04-14 22:10:00,615.99,616.42,615.95,616.42,440.202,271210.48023
BNBUSDT,1776172500000,2026-04-14 13:15:00,2026-04-14 22:15:00,616.42,616.75,616.18,616.74,611.683,377086.5732
BNBUSDT,1776172800000,2026-04-14 13:20:00,2026-04-14 22:20:00,616.73,616.99,616.57,616.99,512.36,316001.15298
BNBUSDT,1776173100000,2026-04-14 13:25:00,2026-04-14 22:25:00,616.98,616.98,616.31,616.32,494.136,304765.66272
BNBUSDT,1776173400000,2026-04-14 13:30:00,2026-04-14 22:30:00,616.31,617.9,616.31,617.35,1662.771,1025686.52036
BNBUSDT,1776173700000,2026-04-14 13:35:00,2026-04-14 22:35:00,617.35,618.07,617.35,617.87,880.825,544164.07647
BNBUSDT,1776174000000,2026-04-14 13:40:00,2026-04-14 22:40:00,617.87,620,617.86,619.81,1794.905,1111220.3221
BNBUSDT,1776174300000,2026-04-14 13:45:00,2026-04-14 22:45:00,619.81,620.83,619.81,620.63,3137.267,1945887.38831
BNBUSDT,1776174600000,2026-04-14 13:50:00,2026-04-14 22:50:00,620.63,622.21,620.5,622.07,2210.322,1373308.74611
BNBUSDT,1776174900000,2026-04-14 13:55:00,2026-04-14 22:55:00,622.07,622.53,621.99,622.24,1480.263,921010.10629
BNBUSDT,1776175200000,2026-04-14 14:00:00,2026-04-14 23:00:00,622.24,622.85,620.49,620.5,1989.036,1236233.59982
BNBUSDT,1776175500000,2026-04-14 14:05:00,2026-04-14 23:05:00,620.5,621,619,619.75,1430.789,886968.08315
BNBUSDT,1776175800000,2026-04-14 14:10:00,2026-04-14 23:10:00,619.75,620.6,619.5,620.49,790.413,490046.11895
BNBUSDT,1776176100000,2026-04-14 14:15:00,2026-04-14 23:15:00,620.49,620.6,619.51,619.68,717.021,444601.15164
BNBUSDT,1776176400000,2026-04-14 14:20:00,2026-04-14 23:20:00,619.69,620.6,619.6,619.84,591.529,366911.89878
BNBUSDT,1776176700000,2026-04-14 14:25:00,2026-04-14 23:25:00,619.83,620.89,619.69,620.68,700.482,434495.95919
BNBUSDT,1776177000000,2026-04-14 14:30:00,2026-04-14 23:30:00,620.68,622.2,618.63,618.9,1982.552,1230606.45625
BNBUSDT,1776177300000,2026-04-14 14:35:00,2026-04-14 23:35:00,618.9,619.9,618.44,619.59,2925.272,1811415.02039
BNBUSDT,1776177600000,2026-04-14 14:40:00,2026-04-14 23:40:00,619.6,620.02,618.86,619.62,1672.73,1036249.00249
BNBUSDT,1776177900000,2026-04-14 14:45:00,2026-04-14 23:45:00,619.62,619.62,618.57,618.57,634.81,392986.77292
BNBUSDT,1776178200000,2026-04-14 14:50:00,2026-04-14 23:50:00,618.58,619.56,618.33,619.56,979.184,606122.4816
BNBUSDT,1776178500000,2026-04-14 14:55:00,2026-04-14 23:55:00,619.55,619.81,618.69,619.11,736.118,455956.73278
BNBUSDT,1776178800000,2026-04-14 15:00:00,2026-04-15 00:00:00,619.12,621.02,618.41,620.99,1248.968,774258.21985
BNBUSDT,1776179100000,2026-04-14 15:05:00,2026-04-15 00:05:00,621,621,618.74,619.45,1506.561,934125.10048
BNBUSDT,1776179400000,2026-04-14 15:10:00,2026-04-15 00:10:00,619.45,620.75,619.17,620.25,1267.311,785948.25599
BNBUSDT,1776179700000,2026-04-14 15:15:00,2026-04-15 00:15:00,620.25,620.99,619.52,619.76,1250.808,775891.69002
BNBUSDT,1776180000000,2026-04-14 15:20:00,2026-04-15 00:20:00,619.77,620.37,619.39,620.04,1121.217,694919.31471
BNBUSDT,1776180300000,2026-04-14 15:25:00,2026-04-15 00:25:00,620.04,620.91,619.87,620,774.83,480727.87227
BNBUSDT,1776180600000,2026-04-14 15:30:00,2026-04-15 00:30:00,620.01,622,619.96,621.11,700.639,435270.98377
BNBUSDT,1776180900000,2026-04-14 15:35:00,2026-04-15 00:35:00,621.1,623.85,620.8,623.64,2855.974,1778065.22081
BNBUSDT,1776181200000,2026-04-14 15:40:00,2026-04-15 00:40:00,623.64,625.38,623.64,624.48,2268.929,1417400.39437
BNBUSDT,1776181500000,2026-04-14 15:45:00,2026-04-15 00:45:00,624.48,624.48,623.02,623.03,555.419,346309.38143
BNBUSDT,1776181800000,2026-04-14 15:50:00,2026-04-15 00:50:00,623.04,624.11,622.92,624.01,577.621,360094.07847
BNBUSDT,1776182100000,2026-04-14 15:55:00,2026-04-15 00:55:00,624,624.03,623.44,623.45,470.365,293358.88858
BNBUSDT,1776182400000,2026-04-14 16:00:00,2026-04-15 01:00:00,623.45,624.66,623.44,624.28,1757.354,1096581.24515
BNBUSDT,1776182700000,2026-04-14 16:05:00,2026-04-15 01:05:00,624.29,625.12,623.9,624.9,779.142,486647.6967
BNBUSDT,1776183000000,2026-04-14 16:10:00,2026-04-15 01:10:00,624.89,624.94,623.89,624.43,760.682,475017.3639
BNBUSDT,1776183300000,2026-04-14 16:15:00,2026-04-15 01:15:00,624.43,624.5,623.33,623.34,720.553,449705.02386
BNBUSDT,1776183600000,2026-04-14 16:20:00,2026-04-15 01:20:00,623.33,623.59,622.22,622.34,776.893,483772.66636
BNBUSDT,1776183900000,2026-04-14 16:25:00,2026-04-15 01:25:00,622.35,623.11,622.35,622.45,363.774,226537.21747
BNBUSDT,1776184200000,2026-04-14 16:30:00,2026-04-15 01:30:00,622.45,622.9,622.21,622.73,328.631,204613.64619
BNBUSDT,1776184500000,2026-04-14 16:35:00,2026-04-15 01:35:00,622.73,623.2,622.07,622.64,640.915,399012.76959
BNBUSDT,1776184800000,2026-04-14 16:40:00,2026-04-15 01:40:00,622.65,622.7,621.88,622.12,484.152,301260.77961
BNBUSDT,1776185100000,2026-04-14 16:45:00,2026-04-15 01:45:00,622.13,622.28,620.99,621.21,1747.972,1085925.15079
BNBUSDT,1776185400000,2026-04-14 16:50:00,2026-04-15 01:50:00,621.21,621.21,618.65,618.79,1214.895,752692.44103
BNBUSDT,1776185700000,2026-04-14 16:55:00,2026-04-15 01:55:00,618.79,618.99,618.07,618.96,642.845,397664.01803
BNBUSDT,1776186000000,2026-04-14 17:00:00,2026-04-15 02:00:00,618.96,619.77,618.29,618.3,942.729,583460.33854
BNBUSDT,1776186300000,2026-04-14 17:05:00,2026-04-15 02:05:00,618.29,619.21,618.24,618.87,1237.724,765642.71884
BNBUSDT,1776186600000,2026-04-14 17:10:00,2026-04-15 02:10:00,618.88,619.76,618.88,619.76,563.247,348755.21524
BNBUSDT,1776186900000,2026-04-14 17:15:00,2026-04-15 02:15:00,619.76,620.23,619.44,620.02,1588.929,984781.14864
BNBUSDT,1776187200000,2026-04-14 17:20:00,2026-04-15 02:20:00,620.02,620.27,619.74,619.88,630.431,390856.94888
BNBUSDT,1776187500000,2026-04-14 17:25:00,2026-04-15 02:25:00,619.88,620.24,618.96,618.96,1295.45,803029.55568
BNBUSDT,1776187800000,2026-04-14 17:30:00,2026-04-15 02:30:00,618.97,618.97,616,616.32,2734.304,1689481.99434
BNBUSDT,1776188100000,2026-04-14 17:35:00,2026-04-15 02:35:00,616.31,617.06,615.72,616.43,2981.232,1836648.72863
BNBUSDT,1776188400000,2026-04-14 17:40:00,2026-04-15 02:40:00,616.43,617.43,616.23,617.12,2277.154,1404239.59026
BNBUSDT,1776188700000,2026-04-14 17:45:00,2026-04-15 02:45:00,617.12,617.13,616.79,617.04,616.72,380518.65306
BNBUSDT,1776189000000,2026-04-14 17:50:00,2026-04-15 02:50:00,617.03,617.1,616.46,616.79,2036.409,1255950.72914
BNBUSDT,1776189300000,2026-04-14 17:55:00,2026-04-15 02:55:00,616.78,617.08,616.69,617.04,673.323,415311.865
BNBUSDT,1776189600000,2026-04-14 18:00:00,2026-04-15 03:00:00,617.04,618.42,617.03,618.15,431.875,266751.29421
BNBUSDT,1776189900000,2026-04-14 18:05:00,2026-04-15 03:05:00,618.16,618.25,617.97,618.09,104.027,64295.65649
BNBUSDT,1776190200000,2026-04-14 18:10:00,2026-04-15 03:10:00,618.1,618.22,617.4,617.73,476.574,294414.05964
BNBUSDT,1776190500000,2026-04-14 18:15:00,2026-04-15 03:15:00,617.73,617.83,617.34,617.51,131.916,81466.03473
BNBUSDT,1776190800000,2026-04-14 18:20:00,2026-04-15 03:20:00,617.51,617.76,616.49,616.86,536.078,330733.54866
BNBUSDT,1776191100000,2026-04-14 18:25:00,2026-04-15 03:25:00,616.85,617.69,616.64,617.33,165.502,102171.18544
BNBUSDT,1776191400000,2026-04-14 18:30:00,2026-04-15 03:30:00,617.33,617.85,617.18,617.18,186.37,115083.71344
BNBUSDT,1776191700000,2026-04-14 18:35:00,2026-04-15 03:35:00,617.17,617.17,615.48,615.49,406.566,250547.08741
BNBUSDT,1776192000000,2026-04-14 18:40:00,2026-04-15 03:40:00,615.49,616.41,615.49,616.18,305.742,188368.48866
BNBUSDT,1776192300000,2026-04-14 18:45:00,2026-04-15 03:45:00,616.18,616.52,613.11,613.18,1657.572,1018855.46529
BNBUSDT,1776192600000,2026-04-14 18:50:00,2026-04-15 03:50:00,613.19,615.01,613.16,614.32,1917.673,1178206.11673
BNBUSDT,1776192900000,2026-04-14 18:55:00,2026-04-15 03:55:00,614.32,614.49,613.73,613.92,257.583,158195.82702
BNBUSDT,1776193200000,2026-04-14 19:00:00,2026-04-15 04:00:00,613.92,614.39,613.6,614.27,309.186,189826.51313
BNBUSDT,1776193500000,2026-04-14 19:05:00,2026-04-15 04:05:00,614.27,614.75,614.27,614.73,147.534,90678.55793
BNBUSDT,1776193800000,2026-04-14 19:10:00,2026-04-15 04:10:00,614.73,615.3,614.6,614.6,215.247,132372.74318
BNBUSDT,1776194100000,2026-04-14 19:15:00,2026-04-15 04:15:00,614.59,615.03,614.5,614.51,218.82,134501.28184
BNBUSDT,1776194400000,2026-04-14 19:20:00,2026-04-15 04:20:00,614.51,614.81,612.82,612.83,316.718,194429.8486
BNBUSDT,1776194700000,2026-04-14 19:25:00,2026-04-15 04:25:00,612.83,613.62,611.94,613.41,505.346,309550.02961
BNBUSDT,1776195000000,2026-04-14 19:30:00,2026-04-15 04:30:00,613.41,614.1,613.19,613.19,196.438,120567.02838
BNBUSDT,1776195300000,2026-04-14 19:35:00,2026-04-15 04:35:00,613.19,613.77,613,613.57,202.723,124339.13769
BNBUSDT,1776195600000,2026-04-14 19:40:00,2026-04-15 04:40:00,613.57,613.8,613.28,613.5,166.659,102262.74258
BNBUSDT,1776195900000,2026-04-14 19:45:00,2026-04-15 04:45:00,613.49,613.77,613.49,613.69,166.122,101941.99749
BNBUSDT,1776196200000,2026-04-14 19:50:00,2026-04-15 04:50:00,613.69,614.49,613.59,613.83,362.159,222341.05172
BNBUSDT,1776196500000,2026-04-14 19:55:00,2026-04-15 04:55:00,613.84,614.11,613.34,613.95,660.535,405325.21062
BNBUSDT,1776196800000,2026-04-14 20:00:00,2026-04-15 05:00:00,613.95,614.65,613.73,614.05,271.397,166705.49872
BNBUSDT,1776197100000,2026-04-14 20:05:00,2026-04-15 05:05:00,614.05,614.29,613.81,614.29,256.076,157237.29363
BNBUSDT,1776197400000,2026-04-14 20:10:00,2026-04-15 05:10:00,614.28,614.93,614.23,614.92,216.552,133091.6267
BNBUSDT,1776197700000,2026-04-14 20:15:00,2026-04-15 05:15:00,614.93,615,614.52,614.54,95.479,58702.40367
BNBUSDT,1776198000000,2026-04-14 20:20:00,2026-04-15 05:20:00,614.53,614.56,613.13,613.58,332.968,204434.35766
BNBUSDT,1776198300000,2026-04-14 20:25:00,2026-04-15 05:25:00,613.58,613.67,613.39,613.64,78.451,48136.82132
BNBUSDT,1776198600000,2026-04-14 20:30:00,2026-04-15 05:30:00,613.65,614.32,613.65,614,75.747,46522.51696
BNBUSDT,1776198900000,2026-04-14 20:35:00,2026-04-15 05:35:00,614.01,614.1,613.43,613.64,197.719,121342.80222
BNBUSDT,1776199200000,2026-04-14 20:40:00,2026-04-15 05:40:00,613.65,613.99,613.31,613.97,166.356,102082.37906
BNBUSDT,1776199500000,2026-04-14 20:45:00,2026-04-15 05:45:00,613.97,614.32,613.9,614.06,152.978,93937.83322
BNBUSDT,1776199800000,2026-04-14 20:50:00,2026-04-15 05:50:00,614.06,614.16,613.76,613.82,52.317,32122.99151
BNBUSDT,1776200100000,2026-04-14 20:55:00,2026-04-15 05:55:00,613.82,613.87,613.31,613.69,113.334,69541.0228
BNBUSDT,1776200400000,2026-04-14 21:00:00,2026-04-15 06:00:00,613.7,615.19,613.64,615.09,249.173,153052.47189
BNBUSDT,1776200700000,2026-04-14 21:05:00,2026-04-15 06:05:00,615.08,615.08,614.34,614.69,91.413,56179.13713
BNBUSDT,1776201000000,2026-04-14 21:10:00,2026-04-15 06:10:00,614.68,614.73,614.37,614.72,414.416,254647.84071
BNBUSDT,1776201300000,2026-04-14 21:15:00,2026-04-15 06:15:00,614.72,614.73,614.41,614.5,56.367,34641.86058
BNBUSDT,1776201600000,2026-04-14 21:20:00,2026-04-15 06:20:00,614.49,614.5,614.07,614.19,97.832,60088.21046
BNBUSDT,1776201900000,2026-04-14 21:25:00,2026-04-15 06:25:00,614.19,614.83,614.19,614.79,109.109,67047.38566
BNBUSDT,1776202200000,2026-04-14 21:30:00,2026-04-15 06:30:00,614.79,614.95,614.79,614.82,83.639,51430.6654
BNBUSDT,1776202500000,2026-04-14 21:35:00,2026-04-15 06:35:00,614.82,615.39,614.64,615.08,244.286,150248.24315
BNBUSDT,1776202800000,2026-04-14 21:40:00,2026-04-15 06:40:00,615.08,615.17,614.44,614.92,235.365,144684.66554
BNBUSDT,1776203100000,2026-04-14 21:45:00,2026-04-15 06:45:00,614.91,615,614.87,614.96,129.828,79836.68862
BNBUSDT,1776203400000,2026-04-14 21:50:00,2026-04-15 06:50:00,614.97,615.8,614.96,615.79,123.107,75771.22897
BNBUSDT,1776203700000,2026-04-14 21:55:00,2026-04-15 06:55:00,615.79,616.2,615.78,615.79,173.135,106634.81909
BNBUSDT,1776204000000,2026-04-14 22:00:00,2026-04-15 07:00:00,615.79,615.79,614.91,615.28,417.272,256822.60311
BNBUSDT,1776204300000,2026-04-14 22:05:00,2026-04-15 07:05:00,615.28,617.16,615.22,617.09,536.195,330544.79933
BNBUSDT,1776204600000,2026-04-14 22:10:00,2026-04-15 07:10:00,617.09,617.09,616.35,616.4,305.373,188293.73932
BNBUSDT,1776204900000,2026-04-14 22:15:00,2026-04-15 07:15:00,616.39,616.39,615.66,615.66,224.07,138033.44581
BNBUSDT,1776205200000,2026-04-14 22:20:00,2026-04-15 07:20:00,615.66,615.73,614.94,615.43,263.02,161828.59623
BNBUSDT,1776205500000,2026-04-14 22:25:00,2026-04-15 07:25:00,615.43,615.43,614.48,614.66,221.701,136341.63691
BNBUSDT,1776205800000,2026-04-14 22:30:00,2026-04-15 07:30:00,614.65,615.15,614.17,614.66,414.272,254640.25694
BNBUSDT,1776206100000,2026-04-14 22:35:00,2026-04-15 07:35:00,614.65,614.74,613.98,614.28,177.444,109007.30568
BNBUSDT,1776206400000,2026-04-14 22:40:00,2026-04-15 07:40:00,614.28,614.71,614.27,614.38,116.737,71730.39845
BNBUSDT,1776206700000,2026-04-14 22:45:00,2026-04-15 07:45:00,614.38,614.94,614.33,614.45,201.471,123828.23855
BNBUSDT,1776207000000,2026-04-14 22:50:00,2026-04-15 07:50:00,614.44,614.89,614.44,614.56,174.905,107508.24379
BNBUSDT,1776207300000,2026-04-14 22:55:00,2026-04-15 07:55:00,614.57,614.91,614.14,614.14,208.374,128058.75354
BNBUSDT,1776207600000,2026-04-14 23:00:00,2026-04-15 08:00:00,614.15,614.36,613.63,614.35,269.233,165286.92286
BNBUSDT,1776207900000,2026-04-14 23:05:00,2026-04-15 08:05:00,614.36,614.74,614.17,614.17,307.11,188733.97471
BNBUSDT,1776208200000,2026-04-14 23:10:00,2026-04-15 08:10:00,614.16,614.26,613.83,614.21,302.581,185790.95895
BNBUSDT,1776208500000,2026-04-14 23:15:00,2026-04-15 08:15:00,614.2,614.6,613.81,614.34,1365.329,838578.31015
BNBUSDT,1776208800000,2026-04-14 23:20:00,2026-04-15 08:20:00,614.33,614.46,614.11,614.22,222.164,136469.28508
BNBUSDT,1776209100000,2026-04-14 23:25:00,2026-04-15 08:25:00,614.22,614.23,613.53,613.82,186.864,114683.94119
BNBUSDT,1776209400000,2026-04-14 23:30:00,2026-04-15 08:30:00,613.82,614.22,613.7,614.22,308.391,189347.96181
BNBUSDT,1776209700000,2026-04-14 23:35:00,2026-04-15 08:35:00,614.22,614.32,613.38,613.89,229.68,140969.00268
BNBUSDT,1776210000000,2026-04-14 23:40:00,2026-04-15 08:40:00,613.89,614.29,613.81,613.94,301.224,184955.21894
BNBUSDT,1776210300000,2026-04-14 23:45:00,2026-04-15 08:45:00,613.93,614.49,613.87,614.08,365.791,224640.25334
BNBUSDT,1776210600000,2026-04-14 23:50:00,2026-04-15 08:50:00,614.08,614.17,613.5,613.73,362.818,222714.16297
BNBUSDT,1776210900000,2026-04-14 23:55:00,2026-04-15 08:55:00,613.73,614.1,613.72,613.75,138.816,85219.16198
BNBUSDT,1776211200000,2026-04-15 00:00:00,2026-04-15 09:00:00,613.75,615.52,613.75,615.13,601.605,369850.40978
BNBUSDT,1776211500000,2026-04-15 00:05:00,2026-04-15 09:05:00,615.2,616.23,614.88,615.81,579.311,356724.67147
BNBUSDT,1776211800000,2026-04-15 00:10:00,2026-04-15 09:10:00,615.81,616.14,615.52,615.53,204.325,125817.04325
BNBUSDT,1776212100000,2026-04-15 00:15:00,2026-04-15 09:15:00,615.53,615.53,614.45,614.55,287.245,176640.87851
BNBUSDT,1776212400000,2026-04-15 00:20:00,2026-04-15 09:20:00,614.55,616.72,614.55,616.2,418.93,258071.59117
BNBUSDT,1776212700000,2026-04-15 00:25:00,2026-04-15 09:25:00,616.2,616.81,616.09,616.81,457.633,282119.44817
BNBUSDT,1776213000000,2026-04-15 00:30:00,2026-04-15 09:30:00,616.81,616.92,615.99,616.25,440.011,271245.27568
BNBUSDT,1776213300000,2026-04-15 00:35:00,2026-04-15 09:35:00,616.24,616.28,615.66,616.11,268.346,165309.38785
BNBUSDT,1776213600000,2026-04-15 00:40:00,2026-04-15 09:40:00,616.11,616.24,615.75,616.14,269.383,165967.36541
BNBUSDT,1776213900000,2026-04-15 00:45:00,2026-04-15 09:45:00,616.15,617.06,616.01,616.1,654.709,403710.54656
BNBUSDT,1776214200000,2026-04-15 00:50:00,2026-04-15 09:50:00,616.09,616.84,616.09,616.15,216.276,133332.12092
BNBUSDT,1776214500000,2026-04-15 00:55:00,2026-04-15 09:55:00,616.15,616.94,615.99,616.85,226.852,139827.69773
BNBUSDT,1776214800000,2026-04-15 01:00:00,2026-04-15 10:00:00,616.85,617.14,616.59,617.04,189.179,116696.39449
BNBUSDT,1776215100000,2026-04-15 01:05:00,2026-04-15 10:05:00,617.04,617.4,617,617.33,229.775,141812.33046
BNBUSDT,1776215400000,2026-04-15 01:10:00,2026-04-15 10:10:00,617.34,617.48,616.8,617.48,270.917,167195.36055
BNBUSDT,1776215700000,2026-04-15 01:15:00,2026-04-15 10:15:00,617.48,617.59,617.14,617.15,148.089,91412.82713
BNBUSDT,1776216000000,2026-04-15 01:20:00,2026-04-15 10:20:00,617.15,617.18,615.96,616.34,503.491,310438.9943
BNBUSDT,1776216300000,2026-04-15 01:25:00,2026-04-15 10:25:00,616.34,616.78,616.34,616.6,76.938,47438.02508
BNBUSDT,1776216600000,2026-04-15 01:30:00,2026-04-15 10:30:00,616.59,616.78,616.45,616.6,153.923,94911.61151
BNBUSDT,1776216900000,2026-04-15 01:35:00,2026-04-15 10:35:00,616.61,617.79,616.35,617.6,260.576,160825.52376
BNBUSDT,1776217200000,2026-04-15 01:40:00,2026-04-15 10:40:00,617.6,618.01,617.36,617.87,400.224,247222.56381
BNBUSDT,1776217500000,2026-04-15 01:45:00,2026-04-15 10:45:00,617.87,618.13,617.65,618.13,194.762,120341.3411
BNBUSDT,1776217800000,2026-04-15 01:50:00,2026-04-15 10:50:00,618.13,619.99,618.13,618.5,1030.785,638099.82142
BNBUSDT,1776218100000,2026-04-15 01:55:00,2026-04-15 10:55:00,618.5,620,618.3,619.45,2487.837,1541034.10877
BNBUSDT,1776218400000,2026-04-15 02:00:00,2026-04-15 11:00:00,619.45,619.45,618.97,619.04,266.835,165227.39716
BNBUSDT,1776218700000,2026-04-15 02:05:00,2026-04-15 11:05:00,619.04,619.05,618.75,618.75,135.627,83934.94181
BNBUSDT,1776219000000,2026-04-15 02:10:00,2026-04-15 11:10:00,618.76,619.15,618.58,619.13,260.019,160906.52538
BNBUSDT,1776219300000,2026-04-15 02:15:00,2026-04-15 11:15:00,619.12,619.8,619.07,619.32,404.863,250770.17034
BNBUSDT,1776219600000,2026-04-15 02:20:00,2026-04-15 11:20:00,619.31,619.45,618.19,618.26,413.752,256079.2174
BNBUSDT,1776219900000,2026-04-15 02:25:00,2026-04-15 11:25:00,618.25,618.4,617.27,617.44,425.427,262824.88534
BNBUSDT,1776220200000,2026-04-15 02:30:00,2026-04-15 11:30:00,617.44,617.44,615.85,615.86,369.118,227514.2582
BNBUSDT,1776220500000,2026-04-15 02:35:00,2026-04-15 11:35:00,615.86,616.1,615.57,615.89,406.48,250337.77672
BNBUSDT,1776220800000,2026-04-15 02:40:00,2026-04-15 11:40:00,615.89,616.36,615.77,616.35,397.718,245038.26143
BNBUSDT,1776221100000,2026-04-15 02:45:00,2026-04-15 11:45:00,616.36,616.39,615.47,615.47,306.292,188697.86093
BNBUSDT,1776221400000,2026-04-15 02:50:00,2026-04-15 11:50:00,615.47,615.69,615.46,615.65,827.484,509427.21637
BNBUSDT,1776221700000,2026-04-15 02:55:00,2026-04-15 11:55:00,615.65,616.39,615.65,616.05,406.288,250227.4758
BNBUSDT,1776222000000,2026-04-15 03:00:00,2026-04-15 12:00:00,616.05,616.17,615.62,615.9,212.987,131167.44451
BNBUSDT,1776222300000,2026-04-15 03:05:00,2026-04-15 12:05:00,615.91,616.05,615.66,615.73,203.013,125024.26908
BNBUSDT,1776222600000,2026-04-15 03:10:00,2026-04-15 12:10:00,615.73,615.73,615.36,615.37,153.274,94336.57977
BNBUSDT,1776222900000,2026-04-15 03:15:00,2026-04-15 12:15:00,615.36,615.54,615.11,615.54,116.835,71899.00011
BNBUSDT,1776223200000,2026-04-15 03:20:00,2026-04-15 12:20:00,615.54,616.5,615.54,616.32,211.138,130055.27413
BNBUSDT,1776223500000,2026-04-15 03:25:00,2026-04-15 12:25:00,616.33,616.56,616.1,616.11,75.25,46381.39829
BNBUSDT,1776223800000,2026-04-15 03:30:00,2026-04-15 12:30:00,616.1,616.58,616.07,616.27,160.403,98859.82284
BNBUSDT,1776224100000,2026-04-15 03:35:00,2026-04-15 12:35:00,616.26,616.28,615.53,615.7,193.426,119112.99159
BNBUSDT,1776224400000,2026-04-15 03:40:00,2026-04-15 12:40:00,615.71,615.71,615.19,615.47,163.837,100824.36486
BNBUSDT,1776224700000,2026-04-15 03:45:00,2026-04-15 12:45:00,615.47,615.52,615.2,615.31,178.504,109848.67311
BNBUSDT,1776225000000,2026-04-15 03:50:00,2026-04-15 12:50:00,615.3,615.71,615.3,615.59,220.792,135898.91455
BNBUSDT,1776225300000,2026-04-15 03:55:00,2026-04-15 12:55:00,615.59,616.3,615.58,616.14,147.249,90723.97322
BNBUSDT,1776225600000,2026-04-15 04:00:00,2026-04-15 13:00:00,616.14,617.27,615.97,617,286.771,176832.93125
BNBUSDT,1776225900000,2026-04-15 04:05:00,2026-04-15 13:05:00,617.01,617.01,616.31,616.43,132.987,82005.93283
BNBUSDT,1776226200000,2026-04-15 04:10:00,2026-04-15 13:10:00,616.44,616.78,616.11,616.36,254.464,156872.14929
BNBUSDT,1776226500000,2026-04-15 04:15:00,2026-04-15 13:15:00,616.35,616.39,615.63,615.63,254.692,156899.83037
BNBUSDT,1776226800000,2026-04-15 04:20:00,2026-04-15 13:20:00,615.63,615.63,615.19,615.43,162.17,99786.02149
BNBUSDT,1776227100000,2026-04-15 04:25:00,2026-04-15 13:25:00,615.44,615.44,614.83,614.84,257.019,158091.56395
BNBUSDT,1776227400000,2026-04-15 04:30:00,2026-04-15 13:30:00,614.84,614.96,614.5,614.6,216.048,132803.94026
BNBUSDT,1776227700000,2026-04-15 04:35:00,2026-04-15 13:35:00,614.59,615.18,614.51,614.67,266.014,163544.19769
BNBUSDT,1776228000000,2026-04-15 04:40:00,2026-04-15 13:40:00,614.67,615.01,614.61,614.85,254.601,156529.84549
BNBUSDT,1776228300000,2026-04-15 04:45:00,2026-04-15 13:45:00,614.86,614.97,614.27,614.97,320.367,196906.81769
BNBUSDT,1776228600000,2026-04-15 04:50:00,2026-04-15 13:50:00,614.97,615.31,614.83,615.08,250.432,154039.72821
BNBUSDT,1776228900000,2026-04-15 04:55:00,2026-04-15 13:55:00,615.09,615.33,614.68,615.33,221.964,136513.04765
BNBUSDT,1776229200000,2026-04-15 05:00:00,2026-04-15 14:00:00,615.34,616.39,615.33,615.9,345.251,212661.21691
BNBUSDT,1776229500000,2026-04-15 05:05:00,2026-04-15 14:05:00,615.89,615.89,614.98,615.3,84.553,52022.81097
BNBUSDT,1776229800000,2026-04-15 05:10:00,2026-04-15 14:10:00,615.29,615.44,615.13,615.18,195.05,120016.18327
BNBUSDT,1776230100000,2026-04-15 05:15:00,2026-04-15 14:15:00,615.19,615.4,615.03,615.39,131.391,80828.65318
BNBUSDT,1776230400000,2026-04-15 05:20:00,2026-04-15 14:20:00,615.4,615.4,614.18,614.72,190.246,116949.29599
BNBUSDT,1776230700000,2026-04-15 05:25:00,2026-04-15 14:25:00,614.73,614.98,614.4,614.57,159.283,97916.4646
BNBUSDT,1776231000000,2026-04-15 05:30:00,2026-04-15 14:30:00,614.57,614.76,614.18,614.76,212.112,130324.70166
BNBUSDT,1776231300000,2026-04-15 05:35:00,2026-04-15 14:35:00,614.76,614.76,613.44,613.47,546.637,335634.85389
BNBUSDT,1776231600000,2026-04-15 05:40:00,2026-04-15 14:40:00,613.47,613.79,613.18,613.26,314.143,192715.74432
BNBUSDT,1776231900000,2026-04-15 05:45:00,2026-04-15 14:45:00,613.25,613.53,613.11,613.34,343.201,210454.83334
BNBUSDT,1776232200000,2026-04-15 05:50:00,2026-04-15 14:50:00,613.34,613.44,613.02,613.4,142.424,87350.26959
BNBUSDT,1776232500000,2026-04-15 05:55:00,2026-04-15 14:55:00,613.39,613.74,613.19,613.42,632.273,387846.46725
BNBUSDT,1776232800000,2026-04-15 06:00:00,2026-04-15 15:00:00,613.43,613.47,612.81,613.05,433.85,265967.95014
BNBUSDT,1776233100000,2026-04-15 06:05:00,2026-04-15 15:05:00,613.04,613.72,613.04,613.65,172.516,105830.43052
BNBUSDT,1776233400000,2026-04-15 06:10:00,2026-04-15 15:10:00,613.65,614.43,613.65,614.25,166.517,102265.62479
BNBUSDT,1776233700000,2026-04-15 06:15:00,2026-04-15 15:15:00,614.25,614.67,614.24,614.44,171.354,105291.08358
BNBUSDT,1776234000000,2026-04-15 06:20:00,2026-04-15 15:20:00,614.45,614.57,614,614.1,237.171,145675.69145
BNBUSDT,1776234300000,2026-04-15 06:25:00,2026-04-15 15:25:00,614.11,614.12,613.81,613.82,108.761,66774.55546
BNBUSDT,1776234600000,2026-04-15 06:30:00,2026-04-15 15:30:00,613.81,614.55,613.74,614.28,219.168,134605.88619
BNBUSDT,1776234900000,2026-04-15 06:35:00,2026-04-15 15:35:00,614.28,614.68,614.16,614.41,185.747,114121.87556
BNBUSDT,1776235200000,2026-04-15 06:40:00,2026-04-15 15:40:00,614.41,614.73,614.41,614.66,206.229,126751.18132
BNBUSDT,1776235500000,2026-04-15 06:45:00,2026-04-15 15:45:00,614.66,614.98,614.66,614.89,124.034,76261.25666
BNBUSDT,1776235800000,2026-04-15 06:50:00,2026-04-15 15:50:00,614.89,615.15,614.44,614.45,320.765,197239.83431
BNBUSDT,1776236100000,2026-04-15 06:55:00,2026-04-15 15:55:00,614.45,614.52,614.08,614.09,297.014,182480.48094
BNBUSDT,1776236400000,2026-04-15 07:00:00,2026-04-15 16:00:00,614.09,614.57,614.09,614.47,467.445,287194.70628
BNBUSDT,1776236700000,2026-04-15 07:05:00,2026-04-15 16:05:00,614.46,614.47,613.97,614.13,677.245,416059.96998
BNBUSDT,1776237000000,2026-04-15 07:10:00,2026-04-15 16:10:00,614.12,614.43,614.03,614.3,998.902,613573.5282
BNBUSDT,1776237300000,2026-04-15 07:15:00,2026-04-15 16:15:00,614.29,614.3,612.72,613.07,798.543,490157.40756
BNBUSDT,1776237600000,2026-04-15 07:20:00,2026-04-15 16:20:00,613.07,613.07,612.48,612.51,634.416,388717.09263
BNBUSDT,1776237900000,2026-04-15 07:25:00,2026-04-15 16:25:00,612.5,612.5,611.81,612.24,681.001,416869.14131
BNBUSDT,1776238200000,2026-04-15 07:30:00,2026-04-15 16:30:00,612.24,612.5,612,612.29,252.917,154845.64565
BNBUSDT,1776238500000,2026-04-15 07:35:00,2026-04-15 16:35:00,612.3,612.77,611.91,611.95,254.221,155642.37009
BNBUSDT,1776238800000,2026-04-15 07:40:00,2026-04-15 16:40:00,611.95,611.99,611.39,611.47,631.274,386113.48984
BNBUSDT,1776239100000,2026-04-15 07:45:00,2026-04-15 16:45:00,611.48,611.48,610.78,611.4,734.016,448561.36087
BNBUSDT,1776239400000,2026-04-15 07:50:00,2026-04-15 16:50:00,611.41,611.63,610.71,611.28,929.372,567903.07184
BNBUSDT,1776239700000,2026-04-15 07:55:00,2026-04-15 16:55:00,611.28,611.57,611.11,611.54,384.458,235053.91499
BNBUSDT,1776240000000,2026-04-15 08:00:00,2026-04-15 17:00:00,611.55,611.55,610.69,610.98,1775.49,1084865.11423
BNBUSDT,1776240300000,2026-04-15 08:05:00,2026-04-15 17:05:00,610.97,611.52,610.45,610.8,2816.993,1721244.21132
BNBUSDT,1776240600000,2026-04-15 08:10:00,2026-04-15 17:10:00,610.81,612.22,610.8,611.97,373.254,228226.5945
BNBUSDT,1776240900000,2026-04-15 08:15:00,2026-04-15 17:15:00,611.97,611.97,611.3,611.54,257.002,157191.63896
BNBUSDT,1776241200000,2026-04-15 08:20:00,2026-04-15 17:20:00,611.53,612.19,611.53,612.06,657.541,402347.38099
BNBUSDT,1776241500000,2026-04-15 08:25:00,2026-04-15 17:25:00,612.07,613.16,612.06,613.09,690.575,423146.20031
BNBUSDT,1776241800000,2026-04-15 08:30:00,2026-04-15 17:30:00,613.08,614.16,613.08,614.13,294.758,180847.23388
BNBUSDT,1776242100000,2026-04-15 08:35:00,2026-04-15 17:35:00,614.13,614.82,614.12,614.21,437.302,268682.97987
BNBUSDT,1776242400000,2026-04-15 08:40:00,2026-04-15 17:40:00,614.22,614.72,614.21,614.43,257.357,158151.30819
BNBUSDT,1776242700000,2026-04-15 08:45:00,2026-04-15 17:45:00,614.44,614.44,614.07,614.39,83.913,51536.99714
BNBUSDT,1776243000000,2026-04-15 08:50:00,2026-04-15 17:50:00,614.39,614.79,614.06,614.61,249.323,153194.3249
BNBUSDT,1776243300000,2026-04-15 08:55:00,2026-04-15 17:55:00,614.61,614.77,614.41,614.41,170.264,104657.08268
BNBUSDT,1776243600000,2026-04-15 09:00:00,2026-04-15 18:00:00,614.42,614.79,613.74,614.31,227.027,139474.54086
BNBUSDT,1776243900000,2026-04-15 09:05:00,2026-04-15 18:05:00,614.31,614.61,614.11,614.33,234.117,143836.10174
BNBUSDT,1776244200000,2026-04-15 09:10:00,2026-04-15 18:10:00,614.33,614.79,613.74,614.67,820.859,504263.91276
BNBUSDT,1776244500000,2026-04-15 09:15:00,2026-04-15 18:15:00,614.67,614.78,614.2,614.34,293.736,180497.35726
BNBUSDT,1776244800000,2026-04-15 09:20:00,2026-04-15 18:20:00,614.34,614.7,614.28,614.52,407.821,250594.93688
BNBUSDT,1776245100000,2026-04-15 09:25:00,2026-04-15 18:25:00,614.53,614.67,613.92,614.33,295.231,181366.2412
BNBUSDT,1776245400000,2026-04-15 09:30:00,2026-04-15 18:30:00,614.33,615.13,614.25,614.98,494.111,303759.40179
BNBUSDT,1776245700000,2026-04-15 09:35:00,2026-04-15 18:35:00,614.97,615.82,614.87,614.9,428.179,263484.89058
BNBUSDT,1776246000000,2026-04-15 09:40:00,2026-04-15 18:40:00,614.89,615.63,614.89,615.5,513.87,316136.87756
BNBUSDT,1776246300000,2026-04-15 09:45:00,2026-04-15 18:45:00,615.5,615.73,615.11,615.27,333.26,205071.4368
BNBUSDT,1776246600000,2026-04-15 09:50:00,2026-04-15 18:50:00,615.27,615.69,615.26,615.54,399.093,245643.08853
BNBUSDT,1776246900000,2026-04-15 09:55:00,2026-04-15 18:55:00,615.54,615.75,615.34,615.55,383.217,235866.5302
BNBUSDT,1776247200000,2026-04-15 10:00:00,2026-04-15 19:00:00,615.56,616.13,615.49,615.91,619.395,381381.69558
BNBUSDT,1776247500000,2026-04-15 10:05:00,2026-04-15 19:05:00,615.92,617.96,615.91,617.57,1061.683,655109.88163
BNBUSDT,1776247800000,2026-04-15 10:10:00,2026-04-15 19:10:00,617.57,618,617.55,617.93,556.574,343869.41647
BNBUSDT,1776248100000,2026-04-15 10:15:00,2026-04-15 19:15:00,617.94,617.98,617.18,617.42,388.531,239926.73125
BNBUSDT,1776248400000,2026-04-15 10:20:00,2026-04-15 19:20:00,617.41,617.68,617.09,617.34,393.421,242916.15083
BNBUSDT,1776248700000,2026-04-15 10:25:00,2026-04-15 19:25:00,617.34,617.8,616.52,616.71,460.41,284063.16803
BNBUSDT,1776249000000,2026-04-15 10:30:00,2026-04-15 19:30:00,616.71,616.72,616.02,616.28,246.092,151688.43407
BNBUSDT,1776249300000,2026-04-15 10:35:00,2026-04-15 19:35:00,616.28,616.5,615.92,616.35,240.53,148208.88635
BNBUSDT,1776249600000,2026-04-15 10:40:00,2026-04-15 19:40:00,616.36,617.56,616.29,617.53,1084.771,668904.56085
BNBUSDT,1776249900000,2026-04-15 10:45:00,2026-04-15 19:45:00,617.54,618.55,617.54,618.07,617.303,381612.65723
BNBUSDT,1776250200000,2026-04-15 10:50:00,2026-04-15 19:50:00,618.08,618.19,617.43,617.58,176.873,109264.88279
BNBUSDT,1776250500000,2026-04-15 10:55:00,2026-04-15 19:55:00,617.59,617.93,616.92,617.01,830.71,513048.61457
BNBUSDT,1776250800000,2026-04-15 11:00:00,2026-04-15 20:00:00,617.02,617.57,617.02,617.44,212.223,131005.22413
BNBUSDT,1776251100000,2026-04-15 11:05:00,2026-04-15 20:05:00,617.43,617.81,617.2,617.64,226.041,139577.39171
BNBUSDT,1776251400000,2026-04-15 11:10:00,2026-04-15 20:10:00,617.64,618.62,617.57,618.23,264.72,163637.47234
BNBUSDT,1776251700000,2026-04-15 11:15:00,2026-04-15 20:15:00,618.24,618.24,617.49,617.82,613.524,379071.93236
BNBUSDT,1776252000000,2026-04-15 11:20:00,2026-04-15 20:20:00,617.83,618.06,617.62,618.06,214.614,132611.78903
BNBUSDT,1776252300000,2026-04-15 11:25:00,2026-04-15 20:25:00,618.06,618.61,618.02,618.29,342.309,211671.30473
BNBUSDT,1776252600000,2026-04-15 11:30:00,2026-04-15 20:30:00,618.29,619,618.24,618.65,395.742,244810.23231
BNBUSDT,1776252900000,2026-04-15 11:35:00,2026-04-15 20:35:00,618.65,619.07,618.65,618.76,281.117,173982.11258
BNBUSDT,1776253200000,2026-04-15 11:40:00,2026-04-15 20:40:00,618.77,618.93,618.51,618.73,366.234,226592.65506
BNBUSDT,1776253500000,2026-04-15 11:45:00,2026-04-15 20:45:00,618.72,620.66,618.71,619.94,1573.251,975242.70273
BNBUSDT,1776253800000,2026-04-15 11:50:00,2026-04-15 20:50:00,619.93,620.22,619.72,619.86,780.693,484011.47206
BNBUSDT,1776254100000,2026-04-15 11:55:00,2026-04-15 20:55:00,619.87,619.98,619.47,619.7,535.788,332015.62401
BNBUSDT,1776254400000,2026-04-15 12:00:00,2026-04-15 21:00:00,619.71,619.71,618.9,618.91,590.511,365750.94989
BNBUSDT,1776254700000,2026-04-15 12:05:00,2026-04-15 21:05:00,618.91,618.94,617.89,618.32,409.898,253445.86304
BNBUSDT,1776255000000,2026-04-15 12:10:00,2026-04-15 21:10:00,618.33,618.65,618.08,618.45,370.563,229144.95755
BNBUSDT,1776255300000,2026-04-15 12:15:00,2026-04-15 21:15:00,618.45,618.47,618.01,618.47,324.43,200583.32513
BNBUSDT,1776255600000,2026-04-15 12:20:00,2026-04-15 21:20:00,618.48,618.75,618.44,618.5,425.657,263301.57043
BNBUSDT,1776255900000,2026-04-15 12:25:00,2026-04-15 21:25:00,618.51,618.69,618.09,618.45,317.962,196621.41317
BNBUSDT,1776256200000,2026-04-15 12:30:00,2026-04-15 21:30:00,618.45,618.6,617.78,617.97,862.571,533204.54121
BNBUSDT,1776256500000,2026-04-15 12:35:00,2026-04-15 21:35:00,617.97,619.15,617.96,619.14,2331.23,1441519.22667
BNBUSDT,1776256800000,2026-04-15 12:40:00,2026-04-15 21:40:00,619.14,619.34,618.71,618.92,439.021,271746.05651
BNBUSDT,1776257100000,2026-04-15 12:45:00,2026-04-15 21:45:00,618.91,619.01,617.22,618.42,2640.386,1631713.308
BNBUSDT,1776257400000,2026-04-15 12:50:00,2026-04-15 21:50:00,618.41,618.42,617.98,618.24,182.867,113046.14867
BNBUSDT,1776257700000,2026-04-15 12:55:00,2026-04-15 21:55:00,618.23,618.29,618.06,618.06,325.409,201157.13249
BNBUSDT,1776258000000,2026-04-15 13:00:00,2026-04-15 22:00:00,618.07,618.14,617.23,617.67,317.472,196108.22868
BNBUSDT,1776258300000,2026-04-15 13:05:00,2026-04-15 22:05:00,617.67,618.54,617.67,618.33,202.835,125353.23276
BNBUSDT,1776258600000,2026-04-15 13:10:00,2026-04-15 22:10:00,618.33,618.59,618,618.44,258.854,160041.23158
BNBUSDT,1776258900000,2026-04-15 13:15:00,2026-04-15 22:15:00,618.43,618.63,618.36,618.36,134.328,83079.31774
BNBUSDT,1776259200000,2026-04-15 13:20:00,2026-04-15 22:20:00,618.36,618.53,618.19,618.45,185.288,114581.98232
BNBUSDT,1776259500000,2026-04-15 13:25:00,2026-04-15 22:25:00,618.46,619.2,618.46,619,433.621,268308.74707
BNBUSDT,1776259800000,2026-04-15 13:30:00,2026-04-15 22:30:00,619,619.15,617.15,617.32,511.44,315998.96514
BNBUSDT,1776260100000,2026-04-15 13:35:00,2026-04-15 22:35:00,617.32,617.93,616.86,617.88,682.185,421088.13654
BNBUSDT,1776260400000,2026-04-15 13:40:00,2026-04-15 22:40:00,617.87,617.94,616.58,616.81,713.846,440538.64146
BNBUSDT,1776260700000,2026-04-15 13:45:00,2026-04-15 22:45:00,616.82,618.08,616.77,617.65,488.483,301656.2963
BNBUSDT,1776261000000,2026-04-15 13:50:00,2026-04-15 22:50:00,617.65,618.19,617.27,617.8,530.463,327716.17526
BNBUSDT,1776261300000,2026-04-15 13:55:00,2026-04-15 22:55:00,617.8,619.24,617.8,618.97,491.885,304288.92117
BNBUSDT,1776261600000,2026-04-15 14:00:00,2026-04-15 23:00:00,618.98,619.07,618.49,618.58,279.64,173029.60745
BNBUSDT,1776261900000,2026-04-15 14:05:00,2026-04-15 23:05:00,618.58,619,618.08,618.64,305.241,188783.2969
BNBUSDT,1776262200000,2026-04-15 14:10:00,2026-04-15 23:10:00,618.64,619.14,618.2,619.13,310.715,192266.4957
BNBUSDT,1776262500000,2026-04-15 14:15:00,2026-04-15 23:15:00,619.13,620.39,619.04,619.04,903.811,560155.79141
BNBUSDT,1776262800000,2026-04-15 14:20:00,2026-04-15 23:20:00,619.05,620.17,619.04,620.06,442.731,274353.55666
BNBUSDT,1776263100000,2026-04-15 14:25:00,2026-04-15 23:25:00,620.06,620.42,619.74,619.91,454.5,281867.49183
BNBUSDT,1776263400000,2026-04-15 14:30:00,2026-04-15 23:30:00,619.9,619.91,618.83,618.84,417.482,258647.92377
BNBUSDT,1776263700000,2026-04-15 14:35:00,2026-04-15 23:35:00,618.84,619.31,617.68,617.68,478.461,296015.10389
BNBUSDT,1776264000000,2026-04-15 14:40:00,2026-04-15 23:40:00,617.69,618.01,616.99,617.11,544.859,336467.30934
BNBUSDT,1776264300000,2026-04-15 14:45:00,2026-04-15 23:45:00,617.11,618.13,617.1,618.06,286.841,177129.39477
BNBUSDT,1776264600000,2026-04-15 14:50:00,2026-04-15 23:50:00,618.06,618.44,617.8,618.36,286.041,176821.0878
BNBUSDT,1776264900000,2026-04-15 14:55:00,2026-04-15 23:55:00,618.37,619.05,618.36,618.49,371.732,230001.03654
BNBUSDT,1776265200000,2026-04-15 15:00:00,2026-04-16 00:00:00,618.49,619.3,618.37,618.66,464.811,287634.57636
BNBUSDT,1776265500000,2026-04-15 15:05:00,2026-04-16 00:05:00,618.67,618.76,617.68,618.28,199.66,123436.37911
BNBUSDT,1776265800000,2026-04-15 15:10:00,2026-04-16 00:10:00,618.27,619.77,618.18,619.58,385.413,238424.62513
BNBUSDT,1776266100000,2026-04-15 15:15:00,2026-04-16 00:15:00,619.59,619.75,618.85,618.98,453.773,280955.99902
BNBUSDT,1776266400000,2026-04-15 15:20:00,2026-04-16 00:20:00,618.98,619.26,618.28,618.59,419.885,259869.43885
BNBUSDT,1776266700000,2026-04-15 15:25:00,2026-04-16 00:25:00,618.59,618.86,617.81,618.18,459.397,284036.61021
BNBUSDT,1776267000000,2026-04-15 15:30:00,2026-04-16 00:30:00,618.17,618.17,616,616.6,1288.846,794828.39598
BNBUSDT,1776267300000,2026-04-15 15:35:00,2026-04-16 00:35:00,616.6,617.96,616.6,617.92,380.502,234893.84002
BNBUSDT,1776267600000,2026-04-15 15:40:00,2026-04-16 00:40:00,617.92,618.75,617.78,618.62,459.994,284452.95972
BNBUSDT,1776267900000,2026-04-15 15:45:00,2026-04-16 00:45:00,618.63,619.35,618.37,619.1,332.141,205573.01991
BNBUSDT,1776268200000,2026-04-15 15:50:00,2026-04-16 00:50:00,619.1,619.26,618.75,618.76,257.015,159112.55332
BNBUSDT,1776268500000,2026-04-15 15:55:00,2026-04-16 00:55:00,618.76,619.16,618.3,619.04,318.01,196791.77076
BNBUSDT,1776268800000,2026-04-15 16:00:00,2026-04-16 01:00:00,619.05,619.6,618.57,619.4,326.608,202241.62924
BNBUSDT,1776269100000,2026-04-15 16:05:00,2026-04-16 01:05:00,619.4,619.68,619.03,619.67,359.715,222804.73732
BNBUSDT,1776269400000,2026-04-15 16:10:00,2026-04-16 01:10:00,619.68,619.84,619.16,619.79,356.766,221025.26131
BNBUSDT,1776269700000,2026-04-15 16:15:00,2026-04-16 01:15:00,619.79,620.2,619.57,620.2,610.188,378290.08155
BNBUSDT,1776270000000,2026-04-15 16:20:00,2026-04-16 01:20:00,620.2,621,620.2,620.99,657.187,407878.42461
BNBUSDT,1776270300000,2026-04-15 16:25:00,2026-04-16 01:25:00,620.99,621.31,620.51,620.87,536.061,332834.85293
BNBUSDT,1776270600000,2026-04-15 16:30:00,2026-04-16 01:30:00,620.87,621,620.33,620.63,445.835,276705.73732
BNBUSDT,1776270900000,2026-04-15 16:35:00,2026-04-16 01:35:00,620.63,621.42,620.5,620.51,300.816,186814.43
BNBUSDT,1776271200000,2026-04-15 16:40:00,2026-04-16 01:40:00,620.51,620.57,619.8,620.07,737.304,457248.47304
BNBUSDT,1776271500000,2026-04-15 16:45:00,2026-04-16 01:45:00,620.07,620.81,619.87,620.81,344.517,213633.7046
BNBUSDT,1776271800000,2026-04-15 16:50:00,2026-04-16 01:50:00,620.82,621.01,619.9,619.94,350.665,217564.82238
BNBUSDT,1776272100000,2026-04-15 16:55:00,2026-04-16 01:55:00,619.95,620.79,619.71,620.72,299.585,185807.37232
BNBUSDT,1776272400000,2026-04-15 17:00:00,2026-04-16 02:00:00,620.72,621.71,620.59,621.7,651.734,404754.5597
BNBUSDT,1776272700000,2026-04-15 17:05:00,2026-04-16 02:05:00,621.71,621.77,620.88,621.07,447.2,277857.98608
BNBUSDT,1776273000000,2026-04-15 17:10:00,2026-04-16 02:10:00,621.08,621.13,620.27,620.61,263.272,163379.37605
BNBUSDT,1776273300000,2026-04-15 17:15:00,2026-04-16 02:15:00,620.6,620.69,620.29,620.29,166.523,103324.93389
BNBUSDT,1776273600000,2026-04-15 17:20:00,2026-04-16 02:20:00,620.29,620.36,620,620.21,134.605,83483.1561
BNBUSDT,1776273900000,2026-04-15 17:25:00,2026-04-16 02:25:00,620.21,621.77,620.21,621.12,663.543,412153.02287
BNBUSDT,1776274200000,2026-04-15 17:30:00,2026-04-16 02:30:00,621.13,621.44,620.75,621.3,184.463,114568.5518
BNBUSDT,1776274500000,2026-04-15 17:35:00,2026-04-16 02:35:00,621.29,621.66,620.81,620.81,156.704,97347.25776
BNBUSDT,1776274800000,2026-04-15 17:40:00,2026-04-16 02:40:00,620.82,621.07,619.95,620.18,215.483,133682.40159
BNBUSDT,1776275100000,2026-04-15 17:45:00,2026-04-16 02:45:00,620.19,620.66,620.06,620.54,150.483,93349.76992
BNBUSDT,1776275400000,2026-04-15 17:50:00,2026-04-16 02:50:00,620.53,621.25,620.53,621.06,290.216,180184.91644
BNBUSDT,1776275700000,2026-04-15 17:55:00,2026-04-16 02:55:00,621.06,621.44,621.02,621.44,225.148,139864.80863
BNBUSDT,1776276000000,2026-04-15 18:00:00,2026-04-16 03:00:00,621.44,622.5,621,622.5,672.496,418143.75916
BNBUSDT,1776276300000,2026-04-15 18:05:00,2026-04-16 03:05:00,622.5,622.94,621.91,621.93,328.588,204531.8811
BNBUSDT,1776276600000,2026-04-15 18:10:00,2026-04-16 03:10:00,621.94,622.42,621.78,622.42,127.67,79407.24575
BNBUSDT,1776276900000,2026-04-15 18:15:00,2026-04-16 03:15:00,622.42,622.91,622.41,622.55,174.95,108931.35836
BNBUSDT,1776277200000,2026-04-15 18:20:00,2026-04-16 03:20:00,622.54,622.61,622.34,622.34,185.619,115538.43803
BNBUSDT,1776277500000,2026-04-15 18:25:00,2026-04-16 03:25:00,622.35,622.47,621.81,621.9,358.23,222910.98175
BNBUSDT,1776277800000,2026-04-15 18:30:00,2026-04-16 03:30:00,621.89,622.82,621.89,622.75,125.417,78050.26615
BNBUSDT,1776278100000,2026-04-15 18:35:00,2026-04-16 03:35:00,622.76,622.93,622.52,622.86,144.176,89783.50389
BNBUSDT,1776278400000,2026-04-15 18:40:00,2026-04-16 03:40:00,622.86,622.94,622.51,622.71,118.712,73925.97431
BNBUSDT,1776278700000,2026-04-15 18:45:00,2026-04-16 03:45:00,622.72,622.82,622.38,622.64,231.086,143898.40792
BNBUSDT,1776279000000,2026-04-15 18:50:00,2026-04-16 03:50:00,622.64,622.8,622.56,622.64,218.65,136153.78228
BNBUSDT,1776279300000,2026-04-15 18:55:00,2026-04-16 03:55:00,622.64,622.64,622.3,622.38,98.671,61418.08854
BNBUSDT,1776279600000,2026-04-15 19:00:00,2026-04-16 04:00:00,622.39,623.08,622.26,622.7,348.039,216705.6136
BNBUSDT,1776279900000,2026-04-15 19:05:00,2026-04-16 04:05:00,622.71,623.54,622.71,623.17,159.307,99288.08861
BNBUSDT,1776280200000,2026-04-15 19:10:00,2026-04-16 04:10:00,623.17,623.31,622.72,622.85,133.16,82971.61139
BNBUSDT,1776280500000,2026-04-15 19:15:00,2026-04-16 04:15:00,622.85,623,622.44,622.78,106.21,66152.97636
BNBUSDT,1776280800000,2026-04-15 19:20:00,2026-04-16 04:20:00,622.78,622.79,622.35,622.4,190.933,118869.04808
BNBUSDT,1776281100000,2026-04-15 19:25:00,2026-04-16 04:25:00,622.41,622.84,622.35,622.72,56.474,35159.42782
BNBUSDT,1776281400000,2026-04-15 19:30:00,2026-04-16 04:30:00,622.72,624.58,622.71,624.32,552.454,344462.99822
BNBUSDT,1776281700000,2026-04-15 19:35:00,2026-04-16 04:35:00,624.33,627.64,624.27,626.52,2829.678,1771708.48279
BNBUSDT,1776282000000,2026-04-15 19:40:00,2026-04-16 04:40:00,626.51,627.42,625.93,626.62,421.612,264233.34094
BNBUSDT,1776282300000,2026-04-15 19:45:00,2026-04-16 04:45:00,626.62,626.81,625.69,625.97,276.247,172933.07645
BNBUSDT,1776282600000,2026-04-15 19:50:00,2026-04-16 04:50:00,625.98,626.5,625.67,625.77,239.399,149863.03271
BNBUSDT,1776282900000,2026-04-15 19:55:00,2026-04-16 04:55:00,625.78,625.88,625.31,625.38,294.718,184381.23775
BNBUSDT,1776283200000,2026-04-15 20:00:00,2026-04-16 05:00:00,625.38,625.53,624.08,624.1,265.268,165695.35059
BNBUSDT,1776283500000,2026-04-15 20:05:00,2026-04-16 05:05:00,624.1,624.13,623.18,623.63,835.381,520928.78881
BNBUSDT,1776283800000,2026-04-15 20:10:00,2026-04-16 05:10:00,623.63,623.79,622.92,623.21,106.958,66666.5297
BNBUSDT,1776284100000,2026-04-15 20:15:00,2026-04-16 05:15:00,623.21,623.21,622.3,622.98,150.517,93728.26082
BNBUSDT,1776284400000,2026-04-15 20:20:00,2026-04-16 05:20:00,622.98,623.02,622.58,623,149.615,93187.21048
BNBUSDT,1776284700000,2026-04-15 20:25:00,2026-04-16 05:25:00,623.01,623.08,622.28,622.95,266.081,165659.30717
BNBUSDT,1776285000000,2026-04-15 20:30:00,2026-04-16 05:30:00,622.95,624.14,622.71,622.8,899.1,560343.70623
BNBUSDT,1776285300000,2026-04-15 20:35:00,2026-04-16 05:35:00,622.79,623.32,622.28,622.28,220.046,137050.17245
BNBUSDT,1776285600000,2026-04-15 20:40:00,2026-04-16 05:40:00,622.27,622.8,622.13,622.67,206.713,128651.93631
BNBUSDT,1776285900000,2026-04-15 20:45:00,2026-04-16 05:45:00,622.67,623.33,622.58,622.92,158.482,98714.31078
BNBUSDT,1776286200000,2026-04-15 20:50:00,2026-04-16 05:50:00,622.91,623.43,622.76,623.43,107.069,66708.4901
BNBUSDT,1776286500000,2026-04-15 20:55:00,2026-04-16 05:55:00,623.43,623.66,623.25,623.5,107.803,67209.13535
BNBUSDT,1776286800000,2026-04-15 21:00:00,2026-04-16 06:00:00,623.49,623.61,623.31,623.33,60.455,37690.37315
BNBUSDT,1776287100000,2026-04-15 21:05:00,2026-04-16 06:05:00,623.32,623.33,622.9,623,198.731,123817.50195
BNBUSDT,1776287400000,2026-04-15 21:10:00,2026-04-16 06:10:00,622.99,623.21,622.53,622.53,405.816,252837.53456
BNBUSDT,1776287700000,2026-04-15 21:15:00,2026-04-16 06:15:00,622.54,622.71,622.13,622.46,249.015,154992.81303
BNBUSDT,1776288000000,2026-04-15 21:20:00,2026-04-16 06:20:00,622.46,623.23,622.2,623.22,47.64,29669.67021
BNBUSDT,1776288300000,2026-04-15 21:25:00,2026-04-16 06:25:00,623.21,623.42,622.99,623.29,61.21,38144.7007
BNBUSDT,1776288600000,2026-04-15 21:30:00,2026-04-16 06:30:00,623.29,623.4,622.42,622.42,119.686,74544.13889
BNBUSDT,1776288900000,2026-04-15 21:35:00,2026-04-16 06:35:00,622.42,623.62,622.38,623.61,250.655,156119.54972
BNBUSDT,1776289200000,2026-04-15 21:40:00,2026-04-16 06:40:00,623.62,623.62,622.84,623.25,171.502,106875.04841
BNBUSDT,1776289500000,2026-04-15 21:45:00,2026-04-16 06:45:00,623.24,623.79,623.14,623.6,142.125,88616.39177
BNBUSDT,1776289800000,2026-04-15 21:50:00,2026-04-16 06:50:00,623.6,623.8,623.59,623.74,72.165,45009.34976
BNBUSDT,1776290100000,2026-04-15 21:55:00,2026-04-16 06:55:00,623.74,623.74,623.2,623.28,213.809,133293.33428
BNBUSDT,1776290400000,2026-04-15 22:00:00,2026-04-16 07:00:00,623.28,625.02,622.85,624.69,743.009,463577.46841
BNBUSDT,1776290700000,2026-04-15 22:05:00,2026-04-16 07:05:00,624.68,626.11,624.25,626.02,567.055,354379.85577
BNBUSDT,1776291000000,2026-04-15 22:10:00,2026-04-16 07:10:00,626.01,626.01,625.28,625.29,279.497,174848.41459
BNBUSDT,1776291300000,2026-04-15 22:15:00,2026-04-16 07:15:00,625.29,625.4,624.35,624.44,384.844,240445.80425
BNBUSDT,1776291600000,2026-04-15 22:20:00,2026-04-16 07:20:00,624.45,624.89,624.34,624.58,309.288,193176.42455
BNBUSDT,1776291900000,2026-04-15 22:25:00,2026-04-16 07:25:00,624.58,624.58,624.28,624.37,170.245,106302.55151
BNBUSDT,1776292200000,2026-04-15 22:30:00,2026-04-16 07:30:00,624.36,624.79,624.11,624.31,472.964,295358.5734
BNBUSDT,1776292500000,2026-04-15 22:35:00,2026-04-16 07:35:00,624.3,626.8,624,625.81,773.365,483474.8194
BNBUSDT,1776292800000,2026-04-15 22:40:00,2026-04-16 07:40:00,625.81,625.91,624.68,624.69,210.137,131434.56093
BNBUSDT,1776293100000,2026-04-15 22:45:00,2026-04-16 07:45:00,624.68,625.44,624.56,625.17,280.498,175287.23815
BNBUSDT,1776293400000,2026-04-15 22:50:00,2026-04-16 07:50:00,625.17,625.49,624.97,624.97,406.366,254072.93384
BNBUSDT,1776293700000,2026-04-15 22:55:00,2026-04-16 07:55:00,624.96,624.96,624.02,624.28,611.196,381604.35208
BNBUSDT,1776294000000,2026-04-15 23:00:00,2026-04-16 08:00:00,624.28,624.28,623.33,623.5,450.596,280975.10136
BNBUSDT,1776294300000,2026-04-15 23:05:00,2026-04-16 08:05:00,623.5,623.9,623,623.22,448.989,279942.32103
BNBUSDT,1776294600000,2026-04-15 23:10:00,2026-04-16 08:10:00,623.22,623.23,622.75,622.97,192.062,119665.99204
BNBUSDT,1776294900000,2026-04-15 23:15:00,2026-04-16 08:15:00,622.98,622.98,622.42,622.64,406.374,253008.49174
BNBUSDT,1776295200000,2026-04-15 23:20:00,2026-04-16 08:20:00,622.64,622.74,622.3,622.46,204.691,127420.65785
BNBUSDT,1776295500000,2026-04-15 23:25:00,2026-04-16 08:25:00,622.47,623.1,622.46,622.87,185.758,115677.28872
BNBUSDT,1776295800000,2026-04-15 23:30:00,2026-04-16 08:30:00,622.86,623.12,622.26,622.35,234.522,146064.55633
BNBUSDT,1776296100000,2026-04-15 23:35:00,2026-04-16 08:35:00,622.35,622.36,621.42,621.44,384.455,239063.45129
BNBUSDT,1776296400000,2026-04-15 23:40:00,2026-04-16 08:40:00,621.43,622.08,621.43,621.78,276.382,171811.6003
BNBUSDT,1776296700000,2026-04-15 23:45:00,2026-04-16 08:45:00,621.78,622.48,621.56,622.21,273.908,170335.58024
BNBUSDT,1776297000000,2026-04-15 23:50:00,2026-04-16 08:50:00,622.2,622.86,622.13,622.82,151.12,94080.72995
BNBUSDT,1776297300000,2026-04-15 23:55:00,2026-04-16 08:55:00,622.81,622.81,622.43,622.59,254.63,158522.89976
BNBUSDT,1776297600000,2026-04-16 00:00:00,2026-04-16 09:00:00,622.58,622.93,621.77,621.78,231.855,144323.02945
BNBUSDT,1776297900000,2026-04-16 00:05:00,2026-04-16 09:05:00,621.77,622.21,621.75,621.81,229.559,142781.43443
BNBUSDT,1776298200000,2026-04-16 00:10:00,2026-04-16 09:10:00,621.81,621.98,621.54,621.55,235.419,146387.13193
BNBUSDT,1776298500000,2026-04-16 00:15:00,2026-04-16 09:15:00,621.54,621.93,621.38,621.63,253.138,157365.17724
BNBUSDT,1776298800000,2026-04-16 00:20:00,2026-04-16 09:20:00,621.62,621.62,620.91,621,677.31,420758.50301
BNBUSDT,1776299100000,2026-04-16 00:25:00,2026-04-16 09:25:00,620.99,621.4,620.38,620.99,1694.915,1052072.36665
BNBUSDT,1776299400000,2026-04-16 00:30:00,2026-04-16 09:30:00,620.99,622.49,620.99,622.49,333.798,207575.8177
BNBUSDT,1776299700000,2026-04-16 00:35:00,2026-04-16 09:35:00,622.49,622.49,622.08,622.18,263.088,163708.59234
BNBUSDT,1776300000000,2026-04-16 00:40:00,2026-04-16 09:40:00,622.18,622.64,622.11,622.47,259.353,161420.57358
BNBUSDT,1776300300000,2026-04-16 00:45:00,2026-04-16 09:45:00,622.47,622.47,621.84,622.04,144.419,89844.38399
BNBUSDT,1776300600000,2026-04-16 00:50:00,2026-04-16 09:50:00,622.05,622.83,622.05,622.39,228.075,141968.00983
BNBUSDT,1776300900000,2026-04-16 00:55:00,2026-04-16 09:55:00,622.38,623.25,622.38,623.24,281.904,175624.53673
BNBUSDT,1776301200000,2026-04-16 01:00:00,2026-04-16 10:00:00,623.23,623.24,622,622.3,423.379,263526.1525
BNBUSDT,1776301500000,2026-04-16 01:05:00,2026-04-16 10:05:00,622.3,622.3,620.84,621.93,491.432,305387.22245
BNBUSDT,1776301800000,2026-04-16 01:10:00,2026-04-16 10:10:00,621.92,622.37,621.47,621.69,242.729,150976.19493
BNBUSDT,1776302100000,2026-04-16 01:15:00,2026-04-16 10:15:00,621.7,621.87,621.39,621.87,215.933,134213.7719
BNBUSDT,1776302400000,2026-04-16 01:20:00,2026-04-16 10:20:00,621.87,622.46,621.4,621.54,154.697,96217.09071
BNBUSDT,1776302700000,2026-04-16 01:25:00,2026-04-16 10:25:00,621.54,621.87,621.35,621.69,135.388,84151.68449
BNBUSDT,1776303000000,2026-04-16 01:30:00,2026-04-16 10:30:00,621.69,622.13,621.55,621.95,157.356,97848.80065
BNBUSDT,1776303300000,2026-04-16 01:35:00,2026-04-16 10:35:00,621.95,622.2,621.71,621.71,131.385,81719.84726
BNBUSDT,1776303600000,2026-04-16 01:40:00,2026-04-16 10:40:00,621.71,622.6,621.71,622.5,179.879,111907.15239
BNBUSDT,1776303900000,2026-04-16 01:45:00,2026-04-16 10:45:00,622.5,622.98,622.24,622.85,153.955,95855.79844
BNBUSDT,1776304200000,2026-04-16 01:50:00,2026-04-16 10:50:00,622.85,622.85,622.33,622.34,141.986,88391.65757
BNBUSDT,1776304500000,2026-04-16 01:55:00,2026-04-16 10:55:00,622.33,622.37,621.6,622.37,309.099,192310.46104
BNBUSDT,1776304800000,2026-04-16 02:00:00,2026-04-16 11:00:00,622.38,622.91,622.15,622.86,180.835,112589.44536
BNBUSDT,1776305100000,2026-04-16 02:05:00,2026-04-16 11:05:00,622.86,623.49,622.41,622.41,326.902,203684.06333
BNBUSDT,1776305400000,2026-04-16 02:10:00,2026-04-16 11:10:00,622.41,623.22,622.4,622.55,206.558,128662.21388
BNBUSDT,1776305700000,2026-04-16 02:15:00,2026-04-16 11:15:00,622.54,622.74,622.17,622.45,189.767,118122.31587
BNBUSDT,1776306000000,2026-04-16 02:20:00,2026-04-16 11:20:00,622.45,622.93,622.44,622.69,143.684,89478.55643
BNBUSDT,1776306300000,2026-04-16 02:25:00,2026-04-16 11:25:00,622.69,624.06,622.58,624.05,289.89,180699.71257
BNBUSDT,1776306600000,2026-04-16 02:30:00,2026-04-16 11:30:00,624.05,625.09,624.05,624.44,427.206,266843.03625
BNBUSDT,1776306900000,2026-04-16 02:35:00,2026-04-16 11:35:00,624.43,625.13,624.39,625.06,461.302,288176.90177
BNBUSDT,1776307200000,2026-04-16 02:40:00,2026-04-16 11:40:00,625.06,626.1,625.06,625.95,504.917,315902.25263
BNBUSDT,1776307500000,2026-04-16 02:45:00,2026-04-16 11:45:00,625.95,626.16,624.45,624.59,387.596,242325.60797
BNBUSDT,1776307800000,2026-04-16 02:50:00,2026-04-16 11:50:00,624.6,624.69,623.61,624.01,304.29,189977.38233
BNBUSDT,1776308100000,2026-04-16 02:55:00,2026-04-16 11:55:00,624.02,624.58,624.01,624.2,336.329,210002.0793
BNBUSDT,1776308400000,2026-04-16 03:00:00,2026-04-16 12:00:00,624.19,624.89,624.19,624.79,525.298,328116.76837
BNBUSDT,1776308700000,2026-04-16 03:05:00,2026-04-16 12:05:00,624.78,625.22,624.25,624.25,956.479,597623.03139
BNBUSDT,1776309000000,2026-04-16 03:10:00,2026-04-16 12:10:00,624.26,624.73,624.14,624.33,394.546,246409.17107
BNBUSDT,1776309300000,2026-04-16 03:15:00,2026-04-16 12:15:00,624.33,625.17,624.32,625.15,251.363,157035.41969
BNBUSDT,1776309600000,2026-04-16 03:20:00,2026-04-16 12:20:00,625.15,625.35,625,625.2,272.319,170255.71691
BNBUSDT,1776309900000,2026-04-16 03:25:00,2026-04-16 12:25:00,625.21,625.69,624.97,625,253.261,158368.73344
BNBUSDT,1776310200000,2026-04-16 03:30:00,2026-04-16 12:30:00,625,625.14,624.47,624.54,401.029,250567.14625
BNBUSDT,1776310500000,2026-04-16 03:35:00,2026-04-16 12:35:00,624.53,624.67,624.4,624.66,144.864,90470.77923
BNBUSDT,1776310800000,2026-04-16 03:40:00,2026-04-16 12:40:00,624.66,624.91,624.63,624.85,250.06,156243.34246
BNBUSDT,1776311100000,2026-04-16 03:45:00,2026-04-16 12:45:00,624.84,625,624.35,624.56,255.873,159849.80475
BNBUSDT,1776311400000,2026-04-16 03:50:00,2026-04-16 12:50:00,624.56,624.81,623.95,624.78,789.502,492833.58011
BNBUSDT,1776311700000,2026-04-16 03:55:00,2026-04-16 12:55:00,624.73,624.89,624.15,624.25,217.459,135805.41484
BNBUSDT,1776312000000,2026-04-16 04:00:00,2026-04-16 13:00:00,624.25,624.25,623.52,623.67,292.342,182378.32647
BNBUSDT,1776312300000,2026-04-16 04:05:00,2026-04-16 13:05:00,623.67,624.39,623.48,623.96,429.588,268070.48528
BNBUSDT,1776312600000,2026-04-16 04:10:00,2026-04-16 13:10:00,623.96,624.62,623.67,623.9,244.026,152299.60336
BNBUSDT,1776312900000,2026-04-16 04:15:00,2026-04-16 13:15:00,623.9,624.18,623.71,624.15,184.762,115276.66336
BNBUSDT,1776313200000,2026-04-16 04:20:00,2026-04-16 13:20:00,624.15,624.16,623.43,623.63,164.768,102791.90467
BNBUSDT,1776313500000,2026-04-16 04:25:00,2026-04-16 13:25:00,623.64,624.15,623.63,624.02,198.895,124109.32931
BNBUSDT,1776313800000,2026-04-16 04:30:00,2026-04-16 13:30:00,624.02,624.14,623.5,623.77,709.247,442384.53457
BNBUSDT,1776314100000,2026-04-16 04:35:00,2026-04-16 13:35:00,623.78,624.72,623.78,624.71,147.929,92342.30134
BNBUSDT,1776314400000,2026-04-16 04:40:00,2026-04-16 13:40:00,624.71,625.17,624.51,624.52,245.691,153520.68895
BNBUSDT,1776314700000,2026-04-16 04:45:00,2026-04-16 13:45:00,624.51,624.51,622.31,623.01,672.512,419218.22433
BNBUSDT,1776315000000,2026-04-16 04:50:00,2026-04-16 13:50:00,623.01,623.61,622.7,623.2,443.211,276191.96245
BNBUSDT,1776315300000,2026-04-16 04:55:00,2026-04-16 13:55:00,623.2,623.51,623.1,623.36,247.942,154535.11365
BNBUSDT,1776315600000,2026-04-16 05:00:00,2026-04-16 14:00:00,623.35,623.72,623.14,623.59,172.943,107825.70905
BNBUSDT,1776315900000,2026-04-16 05:05:00,2026-04-16 14:05:00,623.59,623.74,622.88,622.98,274.02,170830.44173
BNBUSDT,1776316200000,2026-04-16 05:10:00,2026-04-16 14:10:00,622.98,623.02,622.58,622.75,297.267,185131.23353
BNBUSDT,1776316500000,2026-04-16 05:15:00,2026-04-16 14:15:00,622.74,623.11,622.57,623.03,162.813,101408.28029
BNBUSDT,1776316800000,2026-04-16 05:20:00,2026-04-16 14:20:00,623.03,624.4,622.99,624.4,388.355,242331.13482
BNBUSDT,1776317100000,2026-04-16 05:25:00,2026-04-16 14:25:00,624.39,624.9,624.33,624.68,240.71,150359.32261
BNBUSDT,1776317400000,2026-04-16 05:30:00,2026-04-16 14:30:00,624.67,625.04,623.89,624.87,1657.626,1034921.63243
BNBUSDT,1776317700000,2026-04-16 05:35:00,2026-04-16 14:35:00,624.87,625.26,624.58,625.16,378.214,236362.52842
BNBUSDT,1776318000000,2026-04-16 05:40:00,2026-04-16 14:40:00,625.16,625.22,624.43,624.64,175.036,109364.52184
BNBUSDT,1776318300000,2026-04-16 05:45:00,2026-04-16 14:45:00,624.64,624.87,624.6,624.68,228.484,142740.26633
BNBUSDT,1776318600000,2026-04-16 05:50:00,2026-04-16 14:50:00,624.68,625.11,624.6,625.03,283.823,177353.49156
BNBUSDT,1776318900000,2026-04-16 05:55:00,2026-04-16 14:55:00,625.03,625.17,624.85,625.09,124.135,77581.97635
BNBUSDT,1776319200000,2026-04-16 06:00:00,2026-04-16 15:00:00,625.1,625.68,625.1,625.4,253.593,158593.04009
BNBUSDT,1776319500000,2026-04-16 06:05:00,2026-04-16 15:05:00,625.4,626.05,625.16,625.96,531.237,332357.77679
BNBUSDT,1776319800000,2026-04-16 06:10:00,2026-04-16 15:10:00,625.96,626.08,625.59,625.59,321.69,201336.16545
BNBUSDT,1776320100000,2026-04-16 06:15:00,2026-04-16 15:15:00,625.58,625.8,625.44,625.56,307.052,192106.64402
BNBUSDT,1776320400000,2026-04-16 06:20:00,2026-04-16 15:20:00,625.55,625.56,625.17,625.17,169.276,105843.48252
BNBUSDT,1776320700000,2026-04-16 06:25:00,2026-04-16 15:25:00,625.17,625.17,624.86,625,168.264,105164.10431
BNBUSDT,1776321000000,2026-04-16 06:30:00,2026-04-16 15:30:00,625,625.22,624.64,624.78,169.585,105982.91016
BNBUSDT,1776321300000,2026-04-16 06:35:00,2026-04-16 15:35:00,624.78,625,624.72,624.8,148.421,92746.25311
BNBUSDT,1776321600000,2026-04-16 06:40:00,2026-04-16 15:40:00,624.8,624.87,624.04,624.74,324.397,202580.9098
BNBUSDT,1776321900000,2026-04-16 06:45:00,2026-04-16 15:45:00,624.73,625.18,624.7,624.97,192.46,120248.43288
BNBUSDT,1776322200000,2026-04-16 06:50:00,2026-04-16 15:50:00,624.97,625.19,624.6,624.67,221.395,138363.32599
BNBUSDT,1776322500000,2026-04-16 06:55:00,2026-04-16 15:55:00,624.67,624.89,624.61,624.8,281.138,175633.35449
BNBUSDT,1776322800000,2026-04-16 07:00:00,2026-04-16 16:00:00,624.8,625.36,624.56,625.22,202.284,126397.82723
BNBUSDT,1776323100000,2026-04-16 07:05:00,2026-04-16 16:05:00,625.22,625.22,624.43,624.59,326.807,204126.4212
BNBUSDT,1776323400000,2026-04-16 07:10:00,2026-04-16 16:10:00,624.6,624.74,624.23,624.41,225.649,140897.28668
BNBUSDT,1776323700000,2026-04-16 07:15:00,2026-04-16 16:15:00,624.42,624.64,624.24,624.27,352.081,219856.12248
BNBUSDT,1776324000000,2026-04-16 07:20:00,2026-04-16 16:20:00,624.27,624.45,624,624.01,171.1,106801.08843
BNBUSDT,1776324300000,2026-04-16 07:25:00,2026-04-16 16:25:00,624.01,624.07,623.04,623.44,363.907,226846.68262
BNBUSDT,1776324600000,2026-04-16 07:30:00,2026-04-16 16:30:00,623.44,623.44,622.89,623.38,293.031,182607.55806
BNBUSDT,1776324900000,2026-04-16 07:35:00,2026-04-16 16:35:00,623.37,623.43,622.68,623.06,340.964,212424.31938
BNBUSDT,1776325200000,2026-04-16 07:40:00,2026-04-16 16:40:00,623.06,623.26,622.77,623.21,382.995,238602.51736
BNBUSDT,1776325500000,2026-04-16 07:45:00,2026-04-16 16:45:00,623.2,623.23,622.53,622.97,536.276,334025.78862
BNBUSDT,1776325800000,2026-04-16 07:50:00,2026-04-16 16:50:00,622.97,623.55,621.86,621.99,731.137,455261.09461
BNBUSDT,1776326100000,2026-04-16 07:55:00,2026-04-16 16:55:00,622,622.69,621.9,622.69,293.25,182504.30237
BNBUSDT,1776326400000,2026-04-16 08:00:00,2026-04-16 17:00:00,622.69,623.22,621.99,621.99,649.357,404196.69861
BNBUSDT,1776326700000,2026-04-16 08:05:00,2026-04-16 17:05:00,622,622.35,621.58,621.75,496.502,308807.18309
BNBUSDT,1776327000000,2026-04-16 08:10:00,2026-04-16 17:10:00,621.75,621.82,621.18,621.42,396.627,246473.03391
BNBUSDT,1776327300000,2026-04-16 08:15:00,2026-04-16 17:15:00,621.41,621.8,621,621.7,605.66,376338.02011
BNBUSDT,1776327600000,2026-04-16 08:20:00,2026-04-16 17:20:00,621.7,622.33,621.54,622.3,495.3,308064.19868
BNBUSDT,1776327900000,2026-04-16 08:25:00,2026-04-16 17:25:00,622.29,622.34,622.01,622.23,240.974,149930.74549
BNBUSDT,1776328200000,2026-04-16 08:30:00,2026-04-16 17:30:00,622.23,622.29,621.87,622.21,312.243,194259.74871
BNBUSDT,1776328500000,2026-04-16 08:35:00,2026-04-16 17:35:00,622.19,622.43,621.96,622.42,460.343,286432.09285
BNBUSDT,1776328800000,2026-04-16 08:40:00,2026-04-16 17:40:00,622.41,622.41,621.85,622.39,188.215,117102.57068
BNBUSDT,1776329100000,2026-04-16 08:45:00,2026-04-16 17:45:00,622.38,622.84,622.28,622.8,164.789,102616.13181
BNBUSDT,1776329400000,2026-04-16 08:50:00,2026-04-16 17:50:00,622.8,622.82,622.44,622.77,174.335,108541.8813
BNBUSDT,1776329700000,2026-04-16 08:55:00,2026-04-16 17:55:00,622.76,622.82,622.44,622.51,196.459,122329.47294
BNBUSDT,1776330000000,2026-04-16 09:00:00,2026-04-16 18:00:00,622.51,622.82,621.81,622.82,332.232,206753.67003
BNBUSDT,1776330300000,2026-04-16 09:05:00,2026-04-16 18:05:00,622.81,622.82,622.18,622.37,147.789,91994.49109
BNBUSDT,1776330600000,2026-04-16 09:10:00,2026-04-16 18:10:00,622.37,622.82,622.36,622.82,170.905,106407.03151
BNBUSDT,1776330900000,2026-04-16 09:15:00,2026-04-16 18:15:00,622.82,623.82,622.81,623.41,517.908,322785.61085
BNBUSDT,1776331200000,2026-04-16 09:20:00,2026-04-16 18:20:00,623.41,623.74,623.13,623.71,195.216,121726.47518
BNBUSDT,1776331500000,2026-04-16 09:25:00,2026-04-16 18:25:00,623.71,623.95,623.32,623.49,438.367,273401.52291
BNBUSDT,1776331800000,2026-04-16 09:30:00,2026-04-16 18:30:00,623.5,623.77,623.18,623.32,345.719,215570.9553
BNBUSDT,1776332100000,2026-04-16 09:35:00,2026-04-16 18:35:00,623.31,623.32,622.41,622.65,595.903,371053.83403
BNBUSDT,1776332400000,2026-04-16 09:40:00,2026-04-16 18:40:00,622.64,622.65,621.84,622.34,616.851,383856.76344
BNBUSDT,1776332700000,2026-04-16 09:45:00,2026-04-16 18:45:00,622.35,622.86,622.3,622.43,287.861,179198.22521
BNBUSDT,1776333000000,2026-04-16 09:50:00,2026-04-16 18:50:00,622.42,622.8,622.4,622.8,164.661,102519.38876
BNBUSDT,1776333300000,2026-04-16 09:55:00,2026-04-16 18:55:00,622.8,623.18,622.75,622.75,278.46,173483.33351
BNBUSDT,1776333600000,2026-04-16 10:00:00,2026-04-16 19:00:00,622.76,623.36,622.54,622.69,315.305,196423.63828
BNBUSDT,1776333900000,2026-04-16 10:05:00,2026-04-16 19:05:00,622.69,622.86,621.57,622.17,1296.376,806214.37994
BNBUSDT,1776334200000,2026-04-16 10:10:00,2026-04-16 19:10:00,622.17,622.17,619.16,620.15,1590.454,986519.87683
BNBUSDT,1776334500000,2026-04-16 10:15:00,2026-04-16 19:15:00,620.15,620.36,619.64,619.75,413.537,256385.29619
BNBUSDT,1776334800000,2026-04-16 10:20:00,2026-04-16 19:20:00,619.74,620.55,619.74,620.5,277.433,172056.24002
BNBUSDT,1776335100000,2026-04-16 10:25:00,2026-04-16 19:25:00,620.5,620.98,620.21,620.42,159.832,99175.42675
BNBUSDT,1776335400000,2026-04-16 10:30:00,2026-04-16 19:30:00,620.41,621.59,620.41,621.12,251.834,156403.30676
BNBUSDT,1776335700000,2026-04-16 10:35:00,2026-04-16 19:35:00,621.13,621.32,620.89,621.17,202.435,125724.45514
BNBUSDT,1776336000000,2026-04-16 10:40:00,2026-04-16 19:40:00,621.16,621.25,620.5,620.53,162.994,101188.29275
BNBUSDT,1776336300000,2026-04-16 10:45:00,2026-04-16 19:45:00,620.54,620.65,619.57,619.58,355.233,220272.81408
BNBUSDT,1776336600000,2026-04-16 10:50:00,2026-04-16 19:50:00,619.58,620.17,619.46,620.17,852.435,528333.23032
BNBUSDT,1776336900000,2026-04-16 10:55:00,2026-04-16 19:55:00,620.17,620.53,619.58,619.72,337.919,209540.89438
BNBUSDT,1776337200000,2026-04-16 11:00:00,2026-04-16 20:00:00,619.72,619.88,619.62,619.73,158.357,98143.99631
BNBUSDT,1776337500000,2026-04-16 11:05:00,2026-04-16 20:05:00,619.73,619.8,618.86,618.87,389.494,241222.36716
BNBUSDT,1776337800000,2026-04-16 11:10:00,2026-04-16 20:10:00,618.87,619.42,618.86,619.19,208.962,129377.98969
BNBUSDT,1776338100000,2026-04-16 11:15:00,2026-04-16 20:15:00,619.2,619.49,619.17,619.17,167.45,103709.79554
BNBUSDT,1776338400000,2026-04-16 11:20:00,2026-04-16 20:20:00,619.17,619.65,619.17,619.45,142.572,88311.80064
BNBUSDT,1776338700000,2026-04-16 11:25:00,2026-04-16 20:25:00,619.45,619.95,619.44,619.94,73.576,45592.59779
BNBUSDT,1776339000000,2026-04-16 11:30:00,2026-04-16 20:30:00,619.95,620.67,619.54,620.29,428.994,266072.14863
BNBUSDT,1776339300000,2026-04-16 11:35:00,2026-04-16 20:35:00,620.3,620.59,620.22,620.41,415.824,257973.03285
BNBUSDT,1776339600000,2026-04-16 11:40:00,2026-04-16 20:40:00,620.41,620.41,620.01,620.29,148.866,92331.42497
BNBUSDT,1776339900000,2026-04-16 11:45:00,2026-04-16 20:45:00,620.3,620.62,620.01,620.62,133.365,82735.06297
BNBUSDT,1776340200000,2026-04-16 11:50:00,2026-04-16 20:50:00,620.62,621.16,620.42,620.94,244.025,151495.17644
BNBUSDT,1776340500000,2026-04-16 11:55:00,2026-04-16 20:55:00,620.94,621.09,620.78,620.95,292.525,181634.71487
BNBUSDT,1776340800000,2026-04-16 12:00:00,2026-04-16 21:00:00,620.95,621.8,620.94,621.65,384.256,238777.68156
BNBUSDT,1776341100000,2026-04-16 12:05:00,2026-04-16 21:05:00,621.65,621.65,620.68,620.76,480.286,298251.94372
BNBUSDT,1776341400000,2026-04-16 12:10:00,2026-04-16 21:10:00,620.77,622.04,620.76,620.84,449.832,279544.21054
BNBUSDT,1776341700000,2026-04-16 12:15:00,2026-04-16 21:15:00,620.84,621.46,620.83,621.26,308.558,191659.56702
BNBUSDT,1776342000000,2026-04-16 12:20:00,2026-04-16 21:20:00,621.25,621.33,620.75,620.98,203.176,126161.68134
BNBUSDT,1776342300000,2026-04-16 12:25:00,2026-04-16 21:25:00,620.97,621.17,620.94,621.12,117.296,72853.48653
BNBUSDT,1776342600000,2026-04-16 12:30:00,2026-04-16 21:30:00,621.11,621.56,621.11,621.54,187.154,116300.67142
BNBUSDT,1776342900000,2026-04-16 12:35:00,2026-04-16 21:35:00,621.54,621.69,621.23,621.3,273.119,169726.78342
BNBUSDT,1776343200000,2026-04-16 12:40:00,2026-04-16 21:40:00,621.3,621.77,621.25,621.77,191.828,119203.35866
BNBUSDT,1776343500000,2026-04-16 12:45:00,2026-04-16 21:45:00,621.77,621.77,621.34,621.55,165.814,103060.04335
BNBUSDT,1776343800000,2026-04-16 12:50:00,2026-04-16 21:50:00,621.54,621.67,621.3,621.39,139.302,86574.65877
BNBUSDT,1776344100000,2026-04-16 12:55:00,2026-04-16 21:55:00,621.38,621.66,621.05,621.58,360.493,224008.18489
BNBUSDT,1776344400000,2026-04-16 13:00:00,2026-04-16 22:00:00,621.58,622.14,621.52,621.86,230.704,143483.90598
BNBUSDT,1776344700000,2026-04-16 13:05:00,2026-04-16 22:05:00,621.85,622.69,621.85,622.45,317.453,197585.18589
BNBUSDT,1776345000000,2026-04-16 13:10:00,2026-04-16 22:10:00,622.46,622.94,622.07,622.77,284.545,177104.99044
BNBUSDT,1776345300000,2026-04-16 13:15:00,2026-04-16 22:15:00,622.77,623.77,622.77,623.58,443.273,276299.26158
BNBUSDT,1776345600000,2026-04-16 13:20:00,2026-04-16 22:20:00,623.58,623.67,623.28,623.57,357.28,222760.4519
BNBUSDT,1776345900000,2026-04-16 13:25:00,2026-04-16 22:25:00,623.57,623.98,623.22,623.58,421.772,262998.60729
BNBUSDT,1776346200000,2026-04-16 13:30:00,2026-04-16 22:30:00,623.58,623.76,622.75,623.18,327.649,204202.53314
BNBUSDT,1776346500000,2026-04-16 13:35:00,2026-04-16 22:35:00,623.18,623.28,621.58,621.86,609.194,379106.62876
BNBUSDT,1776346800000,2026-04-16 13:40:00,2026-04-16 22:40:00,621.85,622.5,621.54,622.38,776.505,483040.78253
BNBUSDT,1776347100000,2026-04-16 13:45:00,2026-04-16 22:45:00,622.37,622.38,621.21,621.43,456.233,283617.33433
BNBUSDT,1776347400000,2026-04-16 13:50:00,2026-04-16 22:50:00,621.43,621.43,615.38,615.69,3598.17,2222717.17893
BNBUSDT,1776347700000,2026-04-16 13:55:00,2026-04-16 22:55:00,615.69,617.8,614.89,617.63,2223.632,1371015.64933
BNBUSDT,1776348000000,2026-04-16 14:00:00,2026-04-16 23:00:00,617.62,617.63,616.16,617.08,1511.013,932220.90994
BNBUSDT,1776348300000,2026-04-16 14:05:00,2026-04-16 23:05:00,617.08,618.64,616.54,618.32,828.438,511688.42616
BNBUSDT,1776348600000,2026-04-16 14:10:00,2026-04-16 23:10:00,618.32,618.54,617.67,617.78,985.056,609025.41792
BNBUSDT,1776348900000,2026-04-16 14:15:00,2026-04-16 23:15:00,617.77,618.23,615.51,616.38,914.457,564145.23355
BNBUSDT,1776349200000,2026-04-16 14:20:00,2026-04-16 23:20:00,616.38,617.03,615.3,615.91,997.064,614410.16768
BNBUSDT,1776349500000,2026-04-16 14:25:00,2026-04-16 23:25:00,615.92,617.23,615.62,617.22,597.856,368381.16656
BNBUSDT,1776349800000,2026-04-16 14:30:00,2026-04-16 23:30:00,617.23,618.53,617.01,618.24,764.382,472195.02712
BNBUSDT,1776350100000,2026-04-16 14:35:00,2026-04-16 23:35:00,618.24,618.61,617.99,618.17,441.227,272816.62435
BNBUSDT,1776350400000,2026-04-16 14:40:00,2026-04-16 23:40:00,618.17,618.86,617.73,618.69,470.011,290598.02825
BNBUSDT,1776350700000,2026-04-16 14:45:00,2026-04-16 23:45:00,618.7,620,618.69,619.84,676.423,418959.84995
BNBUSDT,1776351000000,2026-04-16 14:50:00,2026-04-16 23:50:00,619.83,620.6,619.48,619.86,582.849,361325.54092
BNBUSDT,1776351300000,2026-04-16 14:55:00,2026-04-16 23:55:00,619.86,619.91,619.02,619.35,325.262,201463.66579
BNBUSDT,1776351600000,2026-04-16 15:00:00,2026-04-17 00:00:00,619.35,619.64,618.64,619.5,325.688,201649.22364
BNBUSDT,1776351900000,2026-04-16 15:05:00,2026-04-17 00:05:00,619.5,622.04,619.47,621.71,926.912,575330.94477
BNBUSDT,1776352200000,2026-04-16 15:10:00,2026-04-17 00:10:00,621.71,622.7,621.16,621.97,772.79,480649.28636
BNBUSDT,1776352500000,2026-04-16 15:15:00,2026-04-17 00:15:00,621.97,622.37,621.23,621.76,420.783,261606.36402
BNBUSDT,1776352800000,2026-04-16 15:20:00,2026-04-17 00:20:00,621.76,623,621.76,623,558.507,347737.57429
BNBUSDT,1776353100000,2026-04-16 15:25:00,2026-04-17 00:25:00,623,623.22,621.83,621.83,543.263,338192.6376
BNBUSDT,1776353400000,2026-04-16 15:30:00,2026-04-17 00:30:00,621.83,622.94,621.65,622.41,404.644,251904.9339
BNBUSDT,1776353700000,2026-04-16 15:35:00,2026-04-17 00:35:00,622.41,626.38,622.32,624.37,2279.071,1424160.93567
BNBUSDT,1776354000000,2026-04-16 15:40:00,2026-04-17 00:40:00,624.36,625.05,623.67,625.04,941.857,588048.57623
BNBUSDT,1776354300000,2026-04-16 15:45:00,2026-04-17 00:45:00,625.04,625.4,623.79,624.12,604.394,377608.90187
BNBUSDT,1776354600000,2026-04-16 15:50:00,2026-04-17 00:50:00,624.13,624.86,624.07,624.24,304.894,190406.50153
BNBUSDT,1776354900000,2026-04-16 15:55:00,2026-04-17 00:55:00,624.24,625.4,624.23,624.89,569.623,356013.93106
BNBUSDT,1776355200000,2026-04-16 16:00:00,2026-04-17 01:00:00,624.89,625.54,624.89,625.22,607.104,379545.94905
BNBUSDT,1776355500000,2026-04-16 16:05:00,2026-04-17 01:05:00,625.21,626.38,625.03,625.45,772.692,483538.1987
BNBUSDT,1776355800000,2026-04-16 16:10:00,2026-04-17 01:10:00,625.45,626.39,625.42,625.54,549.245,343748.29316
BNBUSDT,1776356100000,2026-04-16 16:15:00,2026-04-17 01:15:00,625.54,627.92,625.54,627.86,901.509,565265.58595
BNBUSDT,1776356400000,2026-04-16 16:20:00,2026-04-17 01:20:00,627.86,627.99,626.09,626.22,940.291,589799.39087
BNBUSDT,1776356700000,2026-04-16 16:25:00,2026-04-17 01:25:00,626.22,627.57,626.21,626.78,617.484,387149.34051
BNBUSDT,1776357000000,2026-04-16 16:30:00,2026-04-17 01:30:00,626.78,627.48,624.21,625.47,1070.203,669583.45582
BNBUSDT,1776357300000,2026-04-16 16:35:00,2026-04-17 01:35:00,625.48,626.6,624.9,626.26,818.592,512418.95988
BNBUSDT,1776357600000,2026-04-16 16:40:00,2026-04-17 01:40:00,626.25,626.56,625.34,625.88,583.833,365406.3455
BNBUSDT,1776357900000,2026-04-16 16:45:00,2026-04-17 01:45:00,625.89,626.5,625.53,626.32,492.775,308535.61786
BNBUSDT,1776358200000,2026-04-16 16:50:00,2026-04-17 01:50:00,626.32,626.32,623.94,624.72,709.82,443736.69064
BNBUSDT,1776358500000,2026-04-16 16:55:00,2026-04-17 01:55:00,624.72,625.6,624.72,625.52,410.533,256645.75923
BNBUSDT,1776358800000,2026-04-16 17:00:00,2026-04-17 02:00:00,625.52,625.95,624.92,625.56,352.687,220647.04121
BNBUSDT,1776359100000,2026-04-16 17:05:00,2026-04-17 02:05:00,625.57,625.93,624.61,624.94,406.896,254417.83755
BNBUSDT,1776359400000,2026-04-16 17:10:00,2026-04-17 02:10:00,624.94,625.6,623.85,623.95,332.223,207631.58099
BNBUSDT,1776359700000,2026-04-16 17:15:00,2026-04-17 02:15:00,623.94,625.6,623.6,625.6,555.7,347133.18766
BNBUSDT,1776360000000,2026-04-16 17:20:00,2026-04-17 02:20:00,625.6,626.35,624.92,626.12,452.513,283097.11223
BNBUSDT,1776360300000,2026-04-16 17:25:00,2026-04-17 02:25:00,626.12,626.49,625.2,626.12,283.579,177496.0307
BNBUSDT,1776360600000,2026-04-16 17:30:00,2026-04-17 02:30:00,626.11,627.02,625.97,626.34,324.896,203548.65641
BNBUSDT,1776360900000,2026-04-16 17:35:00,2026-04-17 02:35:00,626.34,626.39,625.58,626.3,447.743,280228.33328
BNBUSDT,1776361200000,2026-04-16 17:40:00,2026-04-17 02:40:00,626.3,627.5,626.3,627.26,404.709,253757.81582
BNBUSDT,1776361500000,2026-04-16 17:45:00,2026-04-17 02:45:00,627.26,627.39,626.86,627.26,135.958,85269.54414
BNBUSDT,1776361800000,2026-04-16 17:50:00,2026-04-17 02:50:00,627.26,627.63,626.73,627.4,514.227,322495.72174
BNBUSDT,1776362100000,2026-04-16 17:55:00,2026-04-17 02:55:00,627.4,627.48,626.74,627.44,237.574,148987.91727
BNBUSDT,1776362400000,2026-04-16 18:00:00,2026-04-17 03:00:00,627.44,628.98,627.43,627.49,1101.104,691789.80573
BNBUSDT,1776362700000,2026-04-16 18:05:00,2026-04-17 03:05:00,627.49,628.02,626.48,626.49,396.968,249122.00501
BNBUSDT,1776363000000,2026-04-16 18:10:00,2026-04-17 03:10:00,626.49,627.79,626.49,627.63,387.874,243356.72148
BNBUSDT,1776363300000,2026-04-16 18:15:00,2026-04-17 03:15:00,627.62,628.4,627.36,628.18,798.438,501392.68617
BNBUSDT,1776363600000,2026-04-16 18:20:00,2026-04-17 03:20:00,628.17,628.23,627.25,627.39,300.55,188680.95558
BNBUSDT,1776363900000,2026-04-16 18:25:00,2026-04-17 03:25:00,627.39,630.72,627.39,630.01,3371.776,2122611.48934
BNBUSDT,1776364200000,2026-04-16 18:30:00,2026-04-17 03:30:00,630.01,630.8,629.77,630.51,651.581,410634.95807
BNBUSDT,1776364500000,2026-04-16 18:35:00,2026-04-17 03:35:00,630.5,631.82,630.3,631.16,899.473,567717.22078
BNBUSDT,1776364800000,2026-04-16 18:40:00,2026-04-17 03:40:00,631.15,632.59,631.15,632.4,911.472,576179.45924
BNBUSDT,1776365100000,2026-04-16 18:45:00,2026-04-17 03:45:00,632.4,636,632.4,635.27,3283.212,2084274.94533
BNBUSDT,1776365400000,2026-04-16 18:50:00,2026-04-17 03:50:00,635.28,637.31,634.92,635.73,1914.237,1217351.5436
BNBUSDT,1776365700000,2026-04-16 18:55:00,2026-04-17 03:55:00,635.73,636.18,635.47,635.85,619.144,393673.58077
BNBUSDT,1776366000000,2026-04-16 19:00:00,2026-04-17 04:00:00,635.85,637,635.85,636.09,911.968,580532.92067
BNBUSDT,1776366300000,2026-04-16 19:05:00,2026-04-17 04:05:00,636.08,636.16,635,635.98,494.699,314495.33594
BNBUSDT,1776366600000,2026-04-16 19:10:00,2026-04-17 04:10:00,635.99,635.99,634.77,635.29,433.077,275056.34064
BNBUSDT,1776366900000,2026-04-16 19:15:00,2026-04-17 04:15:00,635.3,635.84,634.84,635.22,515.87,327687.78992
BNBUSDT,1776367200000,2026-04-16 19:20:00,2026-04-17 04:20:00,635.22,635.22,634.51,634.91,392.305,249074.86947
BNBUSDT,1776367500000,2026-04-16 19:25:00,2026-04-17 04:25:00,634.92,635.19,633.92,634.64,710.869,450974.98197
BNBUSDT,1776367800000,2026-04-16 19:30:00,2026-04-17 04:30:00,634.64,635.79,634.11,634.56,1015.852,645015.2704
BNBUSDT,1776368100000,2026-04-16 19:35:00,2026-04-17 04:35:00,634.55,635.68,634.43,635.64,319.778,203139.72403
BNBUSDT,1776368400000,2026-04-16 19:40:00,2026-04-17 04:40:00,635.64,636.83,635.48,636.24,946.656,602323.70838
BNBUSDT,1776368700000,2026-04-16 19:45:00,2026-04-17 04:45:00,636.24,636.84,636.24,636.74,517.595,329462.53541
BNBUSDT,1776369000000,2026-04-16 19:50:00,2026-04-17 04:50:00,636.75,636.93,636.13,636.78,694.096,441874.61104
BNBUSDT,1776369300000,2026-04-16 19:55:00,2026-04-17 04:55:00,636.79,636.82,636.28,636.55,292.109,185945.67274
BNBUSDT,1776369600000,2026-04-16 20:00:00,2026-04-17 05:00:00,636.55,637.4,635.83,636.15,371.279,236358.26442
BNBUSDT,1776369900000,2026-04-16 20:05:00,2026-04-17 05:05:00,636.15,636.41,635.1,635.29,468.113,297720.89666
BNBUSDT,1776370200000,2026-04-16 20:10:00,2026-04-17 05:10:00,635.28,636.88,635.28,636.74,285.508,181636.9791
BNBUSDT,1776370500000,2026-04-16 20:15:00,2026-04-17 05:15:00,636.75,637.02,635.84,635.9,246.284,156777.9817
BNBUSDT,1776370800000,2026-04-16 20:20:00,2026-04-17 05:20:00,635.91,635.91,634.7,635.22,203.58,129287.16315
BNBUSDT,1776371100000,2026-04-16 20:25:00,2026-04-17 05:25:00,635.22,635.23,634.58,634.8,271.35,172285.46281
BNBUSDT,1776371400000,2026-04-16 20:30:00,2026-04-17 05:30:00,634.8,634.8,633.52,633.88,414.796,262989.05075
BNBUSDT,1776371700000,2026-04-16 20:35:00,2026-04-17 05:35:00,633.87,634.04,633.5,633.6,230.171,145849.58365
BNBUSDT,1776372000000,2026-04-16 20:40:00,2026-04-17 05:40:00,633.6,633.82,633.2,633.65,296.463,187799.58913
BNBUSDT,1776372300000,2026-04-16 20:45:00,2026-04-17 05:45:00,633.64,635.52,633.33,634.57,392.378,248978.18356
BNBUSDT,1776372600000,2026-04-16 20:50:00,2026-04-17 05:50:00,634.57,634.91,634.34,634.54,170.658,108292.65813
BNBUSDT,1776372900000,2026-04-16 20:55:00,2026-04-17 05:55:00,634.54,634.71,634.32,634.6,147.215,93419.39735
BNBUSDT,1776373200000,2026-04-16 21:00:00,2026-04-17 06:00:00,634.61,635,634.25,634.28,241.982,153547.85924
BNBUSDT,1776373500000,2026-04-16 21:05:00,2026-04-17 06:05:00,634.29,635.06,634.13,635.05,126.266,80124.27633
BNBUSDT,1776373800000,2026-04-16 21:10:00,2026-04-17 06:10:00,635.06,635.08,634.22,634.22,230.286,146190.73984
BNBUSDT,1776374100000,2026-04-16 21:15:00,2026-04-17 06:15:00,634.22,634.88,633.73,634.74,156.747,99424.95127
BNBUSDT,1776374400000,2026-04-16 21:20:00,2026-04-17 06:20:00,634.73,634.73,632.51,633.27,834.815,528607.99921
BNBUSDT,1776374700000,2026-04-16 21:25:00,2026-04-17 06:25:00,633.27,633.71,632.91,633.71,235.391,149082.88332
BNBUSDT,1776375000000,2026-04-16 21:30:00,2026-04-17 06:30:00,633.7,633.85,633.27,633.65,201.834,127880.72281
BNBUSDT,1776375300000,2026-04-16 21:35:00,2026-04-17 06:35:00,633.65,634.06,633.5,633.5,157.272,99669.40352
BNBUSDT,1776375600000,2026-04-16 21:40:00,2026-04-17 06:40:00,633.51,633.7,633.2,633.3,264.746,167702.77197
BNBUSDT,1776375900000,2026-04-16 21:45:00,2026-04-17 06:45:00,633.3,633.4,632.5,632.6,357.97,226603.80061
BNBUSDT,1776376200000,2026-04-16 21:50:00,2026-04-17 06:50:00,632.6,632.78,631.71,632.62,665.95,421022.91983
BNBUSDT,1776376500000,2026-04-16 21:55:00,2026-04-17 06:55:00,632.61,632.83,632.29,632.63,177.57,112343.859
BNBUSDT,1776376800000,2026-04-16 22:00:00,2026-04-17 07:00:00,632.63,634.04,632.63,633.81,458.063,290216.36809
BNBUSDT,1776377100000,2026-04-16 22:05:00,2026-04-17 07:05:00,633.81,634.36,633.81,633.81,159.297,101010.97356
BNBUSDT,1776377400000,2026-04-16 22:10:00,2026-04-17 07:10:00,633.8,633.99,633.39,633.6,221.883,140626.70134
BNBUSDT,1776377700000,2026-04-16 22:15:00,2026-04-17 07:15:00,633.61,633.64,632.29,632.35,134.349,85016.1638
BNBUSDT,1776378000000,2026-04-16 22:20:00,2026-04-17 07:20:00,632.35,632.44,631.89,631.9,220.144,139154.52029
BNBUSDT,1776378300000,2026-04-16 22:25:00,2026-04-17 07:25:00,631.89,632.73,631.89,632.43,178.271,112718.66041
BNBUSDT,1776378600000,2026-04-16 22:30:00,2026-04-17 07:30:00,632.43,632.67,632.18,632.48,268.849,170023.87233
BNBUSDT,1776378900000,2026-04-16 22:35:00,2026-04-17 07:35:00,632.47,632.64,632.21,632.49,184.238,116517.89566
BNBUSDT,1776379200000,2026-04-16 22:40:00,2026-04-17 07:40:00,632.49,633.11,632.49,633.07,154.342,97680.23186
BNBUSDT,1776379500000,2026-04-16 22:45:00,2026-04-17 07:45:00,633.07,633.38,633.05,633.38,68.095,43116.26412
BNBUSDT,1776379800000,2026-04-16 22:50:00,2026-04-17 07:50:00,633.38,634.15,633.09,633.76,844.161,534933.30822
BNBUSDT,1776380100000,2026-04-16 22:55:00,2026-04-17 07:55:00,633.76,633.76,633.23,633.41,155.514,98502.30656
BNBUSDT,1776380400000,2026-04-16 23:00:00,2026-04-17 08:00:00,633.42,634.17,633.01,634.06,1325.104,839757.79964
BNBUSDT,1776380700000,2026-04-16 23:05:00,2026-04-17 08:05:00,634.06,634.38,634.02,634.09,276.297,175228.06611
BNBUSDT,1776381000000,2026-04-16 23:10:00,2026-04-17 08:10:00,634.1,635,634.09,634.36,787.703,499841.71588
BNBUSDT,1776381300000,2026-04-16 23:15:00,2026-04-17 08:15:00,634.37,634.37,633.7,634.06,422.719,268035.92175
BNBUSDT,1776381600000,2026-04-16 23:20:00,2026-04-17 08:20:00,634.07,635.96,634.07,635.42,903.573,573739.81963
BNBUSDT,1776381900000,2026-04-16 23:25:00,2026-04-17 08:25:00,635.42,635.61,635.13,635.55,503.139,319694.62644
BNBUSDT,1776382200000,2026-04-16 23:30:00,2026-04-17 08:30:00,635.55,636.65,635.54,636.07,384.593,244656.78985
BNBUSDT,1776382500000,2026-04-16 23:35:00,2026-04-17 08:35:00,636.08,636.44,635.79,636.23,321.622,204567.69458
BNBUSDT,1776382800000,2026-04-16 23:40:00,2026-04-17 08:40:00,636.23,636.31,635.88,636.27,409.339,260355.09318
BNBUSDT,1776383100000,2026-04-16 23:45:00,2026-04-17 08:45:00,636.26,636.26,635.49,635.55,530.429,337307.22262
BNBUSDT,1776383400000,2026-04-16 23:50:00,2026-04-17 08:50:00,635.54,635.54,635.21,635.22,144.604,91870.43826
BNBUSDT,1776383700000,2026-04-16 23:55:00,2026-04-17 08:55:00,635.22,635.81,635.22,635.77,278.091,176730.43117
BNBUSDT,1776384000000,2026-04-17 00:00:00,2026-04-17 09:00:00,635.77,636.55,635.77,636.07,424.336,269929.92203
BNBUSDT,1776384300000,2026-04-17 00:05:00,2026-04-17 09:05:00,636.06,636.06,635.08,635.37,364.449,231541.15296
BNBUSDT,1776384600000,2026-04-17 00:10:00,2026-04-17 09:10:00,635.36,635.58,634.72,634.99,242.743,154189.21869
BNBUSDT,1776384900000,2026-04-17 00:15:00,2026-04-17 09:15:00,634.99,635.45,634.7,635.41,277.445,176179.86831
BNBUSDT,1776385200000,2026-04-17 00:20:00,2026-04-17 09:20:00,635.41,635.63,634.89,635.1,451.256,286716.49092
BNBUSDT,1776385500000,2026-04-17 00:25:00,2026-04-17 09:25:00,635.09,635.32,634.69,635.06,195.851,124368.51402
BNBUSDT,1776385800000,2026-04-17 00:30:00,2026-04-17 09:30:00,635.05,636.04,635.05,635.67,255.871,162666.92256
BNBUSDT,1776386100000,2026-04-17 00:35:00,2026-04-17 09:35:00,635.68,635.68,634.48,634.67,193.533,122882.89232
BNBUSDT,1776386400000,2026-04-17 00:40:00,2026-04-17 09:40:00,634.66,634.81,634.34,634.34,228.704,145135.32342
BNBUSDT,1776386700000,2026-04-17 00:45:00,2026-04-17 09:45:00,634.34,634.34,633.03,633.5,447.533,283520.60386
BNBUSDT,1776387000000,2026-04-17 00:50:00,2026-04-17 09:50:00,633.5,633.89,633.45,633.45,139.907,88647.66641
BNBUSDT,1776387300000,2026-04-17 00:55:00,2026-04-17 09:55:00,633.44,633.56,633.12,633.49,270.734,171480.51759
BNBUSDT,1776387600000,2026-04-17 01:00:00,2026-04-17 10:00:00,633.5,633.94,633.48,633.48,307.287,194705.86013
BNBUSDT,1776387900000,2026-04-17 01:05:00,2026-04-17 10:05:00,633.48,634.41,633.48,634,210.826,133672.51928
BNBUSDT,1776388200000,2026-04-17 01:10:00,2026-04-17 10:10:00,633.99,634,633.1,633.38,187.973,119060.638
BNBUSDT,1776388500000,2026-04-17 01:15:00,2026-04-17 10:15:00,633.38,633.74,633.32,633.44,189.938,120319.39164
BNBUSDT,1776388800000,2026-04-17 01:20:00,2026-04-17 10:20:00,633.45,633.55,631.44,631.64,870.887,550665.12919
BNBUSDT,1776389100000,2026-04-17 01:25:00,2026-04-17 10:25:00,631.65,632.09,631.52,631.6,277.663,175412.74537
BNBUSDT,1776389400000,2026-04-17 01:30:00,2026-04-17 10:30:00,631.61,631.86,631.2,631.39,166.802,105331.03676
BNBUSDT,1776389700000,2026-04-17 01:35:00,2026-04-17 10:35:00,631.38,631.98,631.38,631.88,165.865,104795.1079
BNBUSDT,1776390000000,2026-04-17 01:40:00,2026-04-17 10:40:00,631.88,631.98,630.64,631.3,335.872,212010.31594
BNBUSDT,1776390300000,2026-04-17 01:45:00,2026-04-17 10:45:00,631.29,631.33,630.24,630.32,215.291,135820.42012
BNBUSDT,1776390600000,2026-04-17 01:50:00,2026-04-17 10:50:00,630.33,630.48,629.44,629.61,689.845,434530.49013
BNBUSDT,1776390900000,2026-04-17 01:55:00,2026-04-17 10:55:00,629.61,631.78,629.61,631.28,368.845,232681.33115
BNBUSDT,1776391200000,2026-04-17 02:00:00,2026-04-17 11:00:00,631.28,631.64,630.96,631.64,296.565,187185.03628
BNBUSDT,1776391500000,2026-04-17 02:05:00,2026-04-17 11:05:00,631.65,631.82,630,630.1,265.884,167712.84122
BNBUSDT,1776391800000,2026-04-17 02:10:00,2026-04-17 11:10:00,630.1,630.33,629.63,629.94,362.638,228425.97434
BNBUSDT,1776392100000,2026-04-17 02:15:00,2026-04-17 11:15:00,629.94,629.94,628.61,628.89,543.048,341614.9226
BNBUSDT,1776392400000,2026-04-17 02:20:00,2026-04-17 11:20:00,628.89,629.1,628.55,628.87,409.084,257221.4544
BNBUSDT,1776392700000,2026-04-17 02:25:00,2026-04-17 11:25:00,628.88,629.25,628.55,628.55,229.117,144091.41449
BNBUSDT,1776393000000,2026-04-17 02:30:00,2026-04-17 11:30:00,628.54,629.38,628.18,629.3,343.287,215821.55723
BNBUSDT,1776393300000,2026-04-17 02:35:00,2026-04-17 11:35:00,629.31,630.21,629.3,629.9,215.437,135686.55276
BNBUSDT,1776393600000,2026-04-17 02:40:00,2026-04-17 11:40:00,629.91,630.21,629.55,629.79,260.733,164248.76533
BNBUSDT,1776393900000,2026-04-17 02:45:00,2026-04-17 11:45:00,629.8,630.2,629.71,629.77,231.567,145873.95673
BNBUSDT,1776394200000,2026-04-17 02:50:00,2026-04-17 11:50:00,629.76,629.92,629.33,629.91,202.945,127750.83231
BNBUSDT,1776394500000,2026-04-17 02:55:00,2026-04-17 11:55:00,629.92,630.03,629.57,629.66,163.103,102713.28806
BNBUSDT,1776394800000,2026-04-17 03:00:00,2026-04-17 12:00:00,629.65,629.74,629,629,579.687,364978.25462
BNBUSDT,1776395100000,2026-04-17 03:05:00,2026-04-17 12:05:00,629.01,630.92,628.99,630.37,959.614,604787.2928
BNBUSDT,1776395400000,2026-04-17 03:10:00,2026-04-17 12:10:00,630.38,631,630.37,630.88,241.182,152136.98667
BNBUSDT,1776395700000,2026-04-17 03:15:00,2026-04-17 12:15:00,630.88,631.22,630.01,630.14,342.38,215836.16603
BNBUSDT,1776396000000,2026-04-17 03:20:00,2026-04-17 12:20:00,630.13,630.14,629.14,629.84,657.061,413627.76197
BNBUSDT,1776396300000,2026-04-17 03:25:00,2026-04-17 12:25:00,629.83,629.87,629.37,629.54,170.967,107663.90114
BNBUSDT,1776396600000,2026-04-17 03:30:00,2026-04-17 12:30:00,629.54,630.12,629.53,630.05,172.518,108667.44148
BNBUSDT,1776396900000,2026-04-17 03:35:00,2026-04-17 12:35:00,630.05,630.23,630.03,630.22,120.51,75938.56206
BNBUSDT,1776397200000,2026-04-17 03:40:00,2026-04-17 12:40:00,630.23,630.45,629.32,630.22,456.416,287508.33125
BNBUSDT,1776397500000,2026-04-17 03:45:00,2026-04-17 12:45:00,630.22,630.32,629.68,629.9,99.461,62657.93934
BNBUSDT,1776397800000,2026-04-17 03:50:00,2026-04-17 12:50:00,629.89,629.96,629.47,629.61,214.884,135309.58957
BNBUSDT,1776398100000,2026-04-17 03:55:00,2026-04-17 12:55:00,629.6,629.61,629.19,629.26,156.18,98297.34212
BNBUSDT,1776398400000,2026-04-17 04:00:00,2026-04-17 13:00:00,629.26,629.46,629.06,629.46,235.54,148215.08996
BNBUSDT,1776398700000,2026-04-17 04:05:00,2026-04-17 13:05:00,629.46,629.5,628.77,628.96,300.203,188917.32216
BNBUSDT,1776399000000,2026-04-17 04:10:00,2026-04-17 13:10:00,628.97,629,628.73,629,283.966,178584.13655
BNBUSDT,1776399300000,2026-04-17 04:15:00,2026-04-17 13:15:00,628.99,630,628.99,629.99,856.163,538902.04186
BNBUSDT,1776399600000,2026-04-17 04:20:00,2026-04-17 13:20:00,630,630.22,629.75,629.93,274.294,172788.58448
BNBUSDT,1776399900000,2026-04-17 04:25:00,2026-04-17 13:25:00,629.92,629.92,629.51,629.54,209.196,131719.14036
BNBUSDT,1776400200000,2026-04-17 04:30:00,2026-04-17 13:30:00,629.54,629.9,629.42,629.87,204.53,128775.18974
BNBUSDT,1776400500000,2026-04-17 04:35:00,2026-04-17 13:35:00,629.86,630.08,629.34,629.63,206.169,129845.2866
BNBUSDT,1776400800000,2026-04-17 04:40:00,2026-04-17 13:40:00,629.63,629.65,629.31,629.64,254.539,160233.00537
BNBUSDT,1776401100000,2026-04-17 04:45:00,2026-04-17 13:45:00,629.64,630.1,629.64,629.69,249.509,157152.01457
BNBUSDT,1776401400000,2026-04-17 04:50:00,2026-04-17 13:50:00,629.7,630.04,629.62,629.96,109.008,68663.43648
BNBUSDT,1776401700000,2026-04-17 04:55:00,2026-04-17 13:55:00,629.95,630.04,629.52,629.52,180.488,113662.61849
BNBUSDT,1776402000000,2026-04-17 05:00:00,2026-04-17 14:00:00,629.53,629.83,628.17,628.36,991.92,624138.56185
BNBUSDT,1776402300000,2026-04-17 05:05:00,2026-04-17 14:05:00,628.36,628.72,627.14,627.42,450.379,282796.5127
BNBUSDT,1776402600000,2026-04-17 05:10:00,2026-04-17 14:10:00,627.43,627.9,627.24,627.48,368.249,231077.18796
BNBUSDT,1776402900000,2026-04-17 05:15:00,2026-04-17 14:15:00,627.48,627.96,627.4,627.95,240.454,150932.78049
BNBUSDT,1776403200000,2026-04-17 05:20:00,2026-04-17 14:20:00,627.96,628.32,627.96,628.24,215.932,135640.87336
BNBUSDT,1776403500000,2026-04-17 05:25:00,2026-04-17 14:25:00,628.23,628.26,627.48,627.77,277.179,174042.00736
BNBUSDT,1776403800000,2026-04-17 05:30:00,2026-04-17 14:30:00,627.77,628,627.46,628,311.123,195276.74901
BNBUSDT,1776404100000,2026-04-17 05:35:00,2026-04-17 14:35:00,628,628.11,627.61,627.61,230.579,144786.0503
BNBUSDT,1776404400000,2026-04-17 05:40:00,2026-04-17 14:40:00,627.61,628.04,627.31,628,532.033,333964.25164
BNBUSDT,1776404700000,2026-04-17 05:45:00,2026-04-17 14:45:00,628,628.53,627.85,628.29,299.298,188027.15672
BNBUSDT,1776405000000,2026-04-17 05:50:00,2026-04-17 14:50:00,628.29,628.68,628.09,628.17,452.26,284205.27603
BNBUSDT,1776405300000,2026-04-17 05:55:00,2026-04-17 14:55:00,628.17,628.19,627.86,627.87,142.13,89266.55493
BNBUSDT,1776405600000,2026-04-17 06:00:00,2026-04-17 15:00:00,627.87,628.51,627.59,628.49,491.82,308935.12819
BNBUSDT,1776405900000,2026-04-17 06:05:00,2026-04-17 15:05:00,628.49,628.52,628,628,1083.377,680759.08031
BNBUSDT,1776406200000,2026-04-17 06:10:00,2026-04-17 15:10:00,628,628.68,628,628.14,893.134,561125.65991
BNBUSDT,1776406500000,2026-04-17 06:15:00,2026-04-17 15:15:00,628.14,628.4,627.79,627.98,541.819,340341.35909
BNBUSDT,1776406800000,2026-04-17 06:20:00,2026-04-17 15:20:00,627.97,628.21,627.81,627.82,166.897,104809.96572
BNBUSDT,1776407100000,2026-04-17 06:25:00,2026-04-17 15:25:00,627.82,627.99,627.69,627.92,159.494,100136.48693
BNBUSDT,1776407400000,2026-04-17 06:30:00,2026-04-17 15:30:00,627.91,628.5,627.69,628.5,339.683,213322.00794
BNBUSDT,1776407700000,2026-04-17 06:35:00,2026-04-17 15:35:00,628.49,628.5,627.66,628.02,254.666,159915.46679
BNBUSDT,1776408000000,2026-04-17 06:40:00,2026-04-17 15:40:00,628.01,628.49,627.9,628.48,313.522,196957.32263
BNBUSDT,1776408300000,2026-04-17 06:45:00,2026-04-17 15:45:00,628.49,628.71,628.26,628.71,314.183,197442.72579
BNBUSDT,1776408600000,2026-04-17 06:50:00,2026-04-17 15:50:00,628.7,629.09,628.59,628.76,417.484,262546.69834
BNBUSDT,1776408900000,2026-04-17 06:55:00,2026-04-17 15:55:00,628.75,628.76,628.17,628.32,217.39,136591.04327
BNBUSDT,1776409200000,2026-04-17 07:00:00,2026-04-17 16:00:00,628.33,629.43,628.31,629.11,468.459,294613.54743
BNBUSDT,1776409500000,2026-04-17 07:05:00,2026-04-17 16:05:00,629.11,629.71,628.8,629.71,554.855,349146.71168
BNBUSDT,1776409800000,2026-04-17 07:10:00,2026-04-17 16:10:00,629.71,629.72,629.24,629.41,408.253,256955.52729
BNBUSDT,1776410100000,2026-04-17 07:15:00,2026-04-17 16:15:00,629.4,629.47,629,629.2,350.311,220400.68363
BNBUSDT,1776410400000,2026-04-17 07:20:00,2026-04-17 16:20:00,629.19,629.27,628.59,628.6,447.869,281692.99491
BNBUSDT,1776410700000,2026-04-17 07:25:00,2026-04-17 16:25:00,628.59,628.7,628.5,628.63,151.452,95207.16328
BNBUSDT,1776411000000,2026-04-17 07:30:00,2026-04-17 16:30:00,628.63,628.94,627.8,627.88,593.477,372814.58823
BNBUSDT,1776411300000,2026-04-17 07:35:00,2026-04-17 16:35:00,627.88,628.1,627.62,628.09,617.932,387934.22314
BNBUSDT,1776411600000,2026-04-17 07:40:00,2026-04-17 16:40:00,628.09,628.1,627.58,627.74,607.176,381114.36084
BNBUSDT,1776411900000,2026-04-17 07:45:00,2026-04-17 16:45:00,627.74,627.75,627.28,627.29,559.459,351101.39093
BNBUSDT,1776412200000,2026-04-17 07:50:00,2026-04-17 16:50:00,627.29,627.4,626.86,627.3,888.553,557188.67833
BNBUSDT,1776412500000,2026-04-17 07:55:00,2026-04-17 16:55:00,627.3,627.31,626.66,627.21,942.848,591158.5246
BNBUSDT,1776412800000,2026-04-17 08:00:00,2026-04-17 17:00:00,627.21,627.59,626.89,627.5,1043.716,654644.33255
BNBUSDT,1776413100000,2026-04-17 08:05:00,2026-04-17 17:05:00,627.51,628.9,627.5,628.36,358.711,225303.09894
BNBUSDT,1776413400000,2026-04-17 08:10:00,2026-04-17 17:10:00,628.36,628.7,628.02,628.39,549.928,345541.5145
BNBUSDT,1776413700000,2026-04-17 08:15:00,2026-04-17 17:15:00,628.39,628.75,628.24,628.33,712.608,447844.93157
BNBUSDT,1776414000000,2026-04-17 08:20:00,2026-04-17 17:20:00,628.33,628.86,627.9,628.65,896.909,563518.27524
BNBUSDT,1776414300000,2026-04-17 08:25:00,2026-04-17 17:25:00,628.64,629.09,628.45,628.59,764.773,480815.68813
BNBUSDT,1776414600000,2026-04-17 08:30:00,2026-04-17 17:30:00,628.58,630.65,628.36,630.51,953.617,600282.0922
BNBUSDT,1776414900000,2026-04-17 08:35:00,2026-04-17 17:35:00,630.51,630.79,629.17,629.36,502.537,316615.12994
BNBUSDT,1776415200000,2026-04-17 08:40:00,2026-04-17 17:40:00,629.37,629.73,629.04,629.37,710.874,447416.72341
BNBUSDT,1776415500000,2026-04-17 08:45:00,2026-04-17 17:45:00,629.37,630.45,628.67,629.52,1019.38,641507.33275
BNBUSDT,1776415800000,2026-04-17 08:50:00,2026-04-17 17:50:00,629.52,630.97,629.49,630.69,1089.063,686170.35118
BNBUSDT,1776416100000,2026-04-17 08:55:00,2026-04-17 17:55:00,630.69,631.34,630.45,631,811.844,512162.05715
BNBUSDT,1776416400000,2026-04-17 09:00:00,2026-04-17 18:00:00,631,631,630.31,630.54,1096.072,691193.39008
BNBUSDT,1776416700000,2026-04-17 09:05:00,2026-04-17 18:05:00,630.54,631.11,630.11,631.06,969.004,611157.19792
BNBUSDT,1776417000000,2026-04-17 09:10:00,2026-04-17 18:10:00,631.07,631.88,630.88,631.76,1344.506,849016.74173
BNBUSDT,1776417300000,2026-04-17 09:15:00,2026-04-17 18:15:00,631.77,632.07,630.79,630.8,955.88,603688.33502
BNBUSDT,1776417600000,2026-04-17 09:20:00,2026-04-17 18:20:00,630.79,631.75,630.79,631.75,800.977,505653.91655
BNBUSDT,1776417900000,2026-04-17 09:25:00,2026-04-17 18:25:00,631.74,635,631.74,634.58,1607.78,1018606.80216
BNBUSDT,1776418200000,2026-04-17 09:30:00,2026-04-17 18:30:00,634.58,634.75,630.11,630.76,1108.196,700070.65863
BNBUSDT,1776418500000,2026-04-17 09:35:00,2026-04-17 18:35:00,630.76,630.87,629.57,630.5,588.062,370603.0201
BNBUSDT,1776418800000,2026-04-17 09:40:00,2026-04-17 18:40:00,630.5,631.34,630.37,631.34,720.689,454636.19524
BNBUSDT,1776419100000,2026-04-17 09:45:00,2026-04-17 18:45:00,631.34,631.71,630.7,631.31,639.662,403741.36871
BNBUSDT,1776419400000,2026-04-17 09:50:00,2026-04-17 18:50:00,631.31,632.49,631.31,632.4,612.331,386760.12131
BNBUSDT,1776419700000,2026-04-17 09:55:00,2026-04-17 18:55:00,632.41,632.76,632.11,632.75,310.745,196516.91871
BNBUSDT,1776420000000,2026-04-17 10:00:00,2026-04-17 19:00:00,632.76,633.39,632.04,633.02,903.986,572033.17134
BNBUSDT,1776420300000,2026-04-17 10:05:00,2026-04-17 19:05:00,633.03,633.28,632.64,632.69,532.907,337336.46257
BNBUSDT,1776420600000,2026-04-17 10:10:00,2026-04-17 19:10:00,632.68,632.69,631.72,631.98,369.487,233536.02089
BNBUSDT,1776420900000,2026-04-17 10:15:00,2026-04-17 19:15:00,631.97,631.98,631.31,631.63,477.4,301591.89559
BNBUSDT,1776421200000,2026-04-17 10:20:00,2026-04-17 19:20:00,631.63,632.26,631.59,632.12,251.341,158830.41713
BNBUSDT,1776421500000,2026-04-17 10:25:00,2026-04-17 19:25:00,632.11,632.18,629.71,629.72,1227.964,774325.63278
BNBUSDT,1776421800000,2026-04-17 10:30:00,2026-04-17 19:30:00,629.72,630.25,628.92,630.03,605.712,381346.1754
BNBUSDT,1776422100000,2026-04-17 10:35:00,2026-04-17 19:35:00,630.02,630.35,629.51,629.6,493.701,310956.94625
BNBUSDT,1776422400000,2026-04-17 10:40:00,2026-04-17 19:40:00,629.59,629.7,629.08,629.13,330.827,208216.12237
BNBUSDT,1776422700000,2026-04-17 10:45:00,2026-04-17 19:45:00,629.13,630.02,628.93,629.89,220.685,138932.19608
BNBUSDT,1776423000000,2026-04-17 10:50:00,2026-04-17 19:50:00,629.9,630.5,629.65,630.12,814.652,513215.96971
BNBUSDT,1776423300000,2026-04-17 10:55:00,2026-04-17 19:55:00,630.12,630.62,630.1,630.52,290.672,183201.19851
BNBUSDT,1776423600000,2026-04-17 11:00:00,2026-04-17 20:00:00,630.52,631.14,630.28,630.89,190.114,119901.66573
BNBUSDT,1776423900000,2026-04-17 11:05:00,2026-04-17 20:05:00,630.89,631.48,630.64,631.41,287.613,181492.01862
BNBUSDT,1776424200000,2026-04-17 11:10:00,2026-04-17 20:10:00,631.42,631.54,631.14,631.53,331.739,209442.52625
BNBUSDT,1776424500000,2026-04-17 11:15:00,2026-04-17 20:15:00,631.52,633,631.45,632.7,372.663,235580.6802
BNBUSDT,1776424800000,2026-04-17 11:20:00,2026-04-17 20:20:00,632.69,633.36,632.44,633.36,215.167,136182.95127
BNBUSDT,1776425100000,2026-04-17 11:25:00,2026-04-17 20:25:00,633.36,633.65,633.11,633.18,297.764,188601.11966
BNBUSDT,1776425400000,2026-04-17 11:30:00,2026-04-17 20:30:00,633.19,633.97,633.19,633.57,257.338,163026.71917
BNBUSDT,1776425700000,2026-04-17 11:35:00,2026-04-17 20:35:00,633.56,633.57,633.11,633.25,239.714,151828.00348
BNBUSDT,1776426000000,2026-04-17 11:40:00,2026-04-17 20:40:00,633.24,633.33,632.56,632.57,713.191,451492.72643
BNBUSDT,1776426300000,2026-04-17 11:45:00,2026-04-17 20:45:00,632.56,632.64,632.34,632.52,211.725,133922.87995
BNBUSDT,1776426600000,2026-04-17 11:50:00,2026-04-17 20:50:00,632.51,632.67,632.22,632.23,294.578,186319.92566
BNBUSDT,1776426900000,2026-04-17 11:55:00,2026-04-17 20:55:00,632.22,632.59,632.11,632.5,184.475,116656.24774
BNBUSDT,1776427200000,2026-04-17 12:00:00,2026-04-17 21:00:00,632.5,632.81,631.76,632.25,365.511,231180.05033
BNBUSDT,1776427500000,2026-04-17 12:05:00,2026-04-17 21:05:00,632.25,633.07,632.22,633.07,237.349,150112.9571
BNBUSDT,1776427800000,2026-04-17 12:10:00,2026-04-17 21:10:00,633.06,633.45,633.04,633.07,198.52,125699.38719
BNBUSDT,1776428100000,2026-04-17 12:15:00,2026-04-17 21:15:00,633.06,633.16,632.95,633.09,209.681,132738.53761
BNBUSDT,1776428400000,2026-04-17 12:20:00,2026-04-17 21:20:00,633.08,633.47,632.46,633.35,1573.329,995757.28874
BNBUSDT,1776428700000,2026-04-17 12:25:00,2026-04-17 21:25:00,633.35,634.25,632.26,633.28,452.633,286639.3764
BNBUSDT,1776429000000,2026-04-17 12:30:00,2026-04-17 21:30:00,633.29,634.39,633.29,634.17,384.251,243578.74505
BNBUSDT,1776429300000,2026-04-17 12:35:00,2026-04-17 21:35:00,634.18,634.26,633.5,633.5,270.178,171265.21854
BNBUSDT,1776429600000,2026-04-17 12:40:00,2026-04-17 21:40:00,633.5,633.88,633.5,633.76,249.119,157862.10345
BNBUSDT,1776429900000,2026-04-17 12:45:00,2026-04-17 21:45:00,633.77,635.36,633.55,635.36,925.487,587323.3782
BNBUSDT,1776430200000,2026-04-17 12:50:00,2026-04-17 21:50:00,635.36,636.62,634.76,636.26,1014.455,645067.74197
BNBUSDT,1776430500000,2026-04-17 12:55:00,2026-04-17 21:55:00,636.26,636.26,635.38,635.9,778.632,494989.8328
BNBUSDT,1776430800000,2026-04-17 13:00:00,2026-04-17 22:00:00,635.91,637.49,635.43,636.11,1169.68,744171.39075
BNBUSDT,1776431100000,2026-04-17 13:05:00,2026-04-17 22:05:00,636.12,639.78,635.71,639.56,1878.689,1198935.12794
BNBUSDT,1776431400000,2026-04-17 13:10:00,2026-04-17 22:10:00,639.57,640.1,638.85,639.78,2626.008,1679424.45847
BNBUSDT,1776431700000,2026-04-17 13:15:00,2026-04-17 22:15:00,639.79,640.61,638.91,640.48,1502.968,961654.34874
BNBUSDT,1776432000000,2026-04-17 13:20:00,2026-04-17 22:20:00,640.49,641.58,640.13,641.33,1352.757,866779.90513
BNBUSDT,1776432300000,2026-04-17 13:25:00,2026-04-17 22:25:00,641.32,641.56,637.65,639.15,2440.295,1560775.84367
BNBUSDT,1776432600000,2026-04-17 13:30:00,2026-04-17 22:30:00,639.15,639.42,637.2,639.22,3645.594,2326400.11903
BNBUSDT,1776432900000,2026-04-17 13:35:00,2026-04-17 22:35:00,639.23,641.37,639.23,641.34,1563.416,1001107.39124
BNBUSDT,1776433200000,2026-04-17 13:40:00,2026-04-17 22:40:00,641.33,642,640.93,641.5,1355.158,869568.69918
BNBUSDT,1776433500000,2026-04-17 13:45:00,2026-04-17 22:45:00,641.5,642,639.88,641.93,1578.557,1011822.82455
BNBUSDT,1776433800000,2026-04-17 13:50:00,2026-04-17 22:50:00,641.93,643.4,641.72,642.89,2478.177,1592429.57802
BNBUSDT,1776434100000,2026-04-17 13:55:00,2026-04-17 22:55:00,642.88,643.23,642.12,643.04,2273.446,1461214.77683
BNBUSDT,1776434400000,2026-04-17 14:00:00,2026-04-17 23:00:00,643.05,644,641.63,641.82,2353.462,1513549.53752
BNBUSDT,1776434700000,2026-04-17 14:05:00,2026-04-17 23:05:00,641.82,642.15,641.1,641.68,1518.995,974814.02665
BNBUSDT,1776435000000,2026-04-17 14:10:00,2026-04-17 23:10:00,641.67,641.83,640.86,641.77,772.59,495497.71322
BNBUSDT,1776435300000,2026-04-17 14:15:00,2026-04-17 23:15:00,641.78,642.51,641.67,642.4,955.169,613263.17196
BNBUSDT,1776435600000,2026-04-17 14:20:00,2026-04-17 23:20:00,642.39,644.01,641.85,643.23,988.592,635808.41475
BNBUSDT,1776435900000,2026-04-17 14:25:00,2026-04-17 23:25:00,643.24,644.63,643.2,643.29,1144.894,737218.10346
BNBUSDT,1776436200000,2026-04-17 14:30:00,2026-04-17 23:30:00,643.3,644.79,643.29,644.78,702.538,452386.54295
BNBUSDT,1776436500000,2026-04-17 14:35:00,2026-04-17 23:35:00,644.78,645.13,643.99,644.99,1931.132,1244779.80024
BNBUSDT,1776436800000,2026-04-17 14:40:00,2026-04-17 23:40:00,644.99,645.67,644.06,645.15,1318.815,850859.35469
BNBUSDT,1776437100000,2026-04-17 14:45:00,2026-04-17 23:45:00,645.15,645.15,643.8,644.34,879.375,566611.28087
BNBUSDT,1776437400000,2026-04-17 14:50:00,2026-04-17 23:50:00,644.34,644.8,643.69,643.94,690.126,444617.62668
BNBUSDT,1776437700000,2026-04-17 14:55:00,2026-04-17 23:55:00,643.94,644.49,643.18,643.86,569.963,366989.35479
BNBUSDT,1776438000000,2026-04-17 15:00:00,2026-04-18 00:00:00,643.86,643.86,641.6,642.31,946.299,608145.90982
BNBUSDT,1776438300000,2026-04-17 15:05:00,2026-04-18 00:05:00,642.32,642.98,641.92,642.9,707.479,454446.89299
BNBUSDT,1776438600000,2026-04-17 15:10:00,2026-04-18 00:10:00,642.91,643.47,642.51,642.84,456.199,293339.14238
BNBUSDT,1776438900000,2026-04-17 15:15:00,2026-04-18 00:15:00,642.84,643.63,642.66,643.07,461.386,296754.8362
BNBUSDT,1776439200000,2026-04-17 15:20:00,2026-04-18 00:20:00,643.07,643.55,642.72,643.21,410.186,263802.85586
BNBUSDT,1776439500000,2026-04-17 15:25:00,2026-04-18 00:25:00,643.2,643.21,642.12,642.7,312.797,200994.67346
BNBUSDT,1776439800000,2026-04-17 15:30:00,2026-04-18 00:30:00,642.69,642.96,642.16,642.72,505.451,324784.11298
BNBUSDT,1776440100000,2026-04-17 15:35:00,2026-04-18 00:35:00,642.72,643.07,642.3,642.36,707.203,454522.14692
BNBUSDT,1776440400000,2026-04-17 15:40:00,2026-04-18 00:40:00,642.36,642.53,641.22,641.41,584.177,374941.57682
BNBUSDT,1776440700000,2026-04-17 15:45:00,2026-04-18 00:45:00,641.41,642.39,641.18,641.33,627.038,402376.51997
BNBUSDT,1776441000000,2026-04-17 15:50:00,2026-04-18 00:50:00,641.32,643.15,641,643.04,726.378,466411.52591
BNBUSDT,1776441300000,2026-04-17 15:55:00,2026-04-18 00:55:00,643.04,643.8,643.02,643.34,255.531,164393.63304
BNBUSDT,1776441600000,2026-04-17 16:00:00,2026-04-18 01:00:00,643.33,643.82,643.16,643.67,417.634,268749.61045
BNBUSDT,1776441900000,2026-04-17 16:05:00,2026-04-18 01:05:00,643.67,644.85,643.66,643.74,547.017,352397.8316
BNBUSDT,1776442200000,2026-04-17 16:10:00,2026-04-18 01:10:00,643.75,644.13,643.51,643.52,490.932,316101.64582
BNBUSDT,1776442500000,2026-04-17 16:15:00,2026-04-18 01:15:00,643.51,644.16,643.4,643.99,446.167,287157.05841
BNBUSDT,1776442800000,2026-04-17 16:20:00,2026-04-18 01:20:00,644,645.42,643.83,644.7,1053.377,679193.31621
BNBUSDT,1776443100000,2026-04-17 16:25:00,2026-04-18 01:25:00,644.7,644.98,644.54,644.63,228.143,147089.45356
BNBUSDT,1776443400000,2026-04-17 16:30:00,2026-04-18 01:30:00,644.63,645.54,644.49,644.9,586.402,378212.56815
BNBUSDT,1776443700000,2026-04-17 16:35:00,2026-04-18 01:35:00,644.9,645.56,644.72,645.32,265.225,171139.03931
BNBUSDT,1776444000000,2026-04-17 16:40:00,2026-04-18 01:40:00,645.32,645.55,644.64,645.04,364.406,235087.36048
BNBUSDT,1776444300000,2026-04-17 16:45:00,2026-04-18 01:45:00,645.04,645.56,645.04,645.11,509.833,328982.65746
BNBUSDT,1776444600000,2026-04-17 16:50:00,2026-04-18 01:50:00,645.11,645.58,644.76,645.29,653.477,421526.72174
BNBUSDT,1776444900000,2026-04-17 16:55:00,2026-04-18 01:55:00,645.3,645.6,644.82,645.6,663.48,428141.12748
BNBUSDT,1776445200000,2026-04-17 17:00:00,2026-04-18 02:00:00,645.59,645.6,644.69,645.06,358.053,230957.94984
BNBUSDT,1776445500000,2026-04-17 17:05:00,2026-04-18 02:05:00,645.07,645.22,642.89,643.63,933.025,601114.66593
BNBUSDT,1776445800000,2026-04-17 17:10:00,2026-04-18 02:10:00,643.64,643.76,641.91,642.9,764.4,491254.94627
BNBUSDT,1776446100000,2026-04-17 17:15:00,2026-04-18 02:15:00,642.9,643.36,642.5,642.81,554.111,356252.88887
BNBUSDT,1776446400000,2026-04-17 17:20:00,2026-04-18 02:20:00,642.8,642.8,640.03,640.5,653.275,418976.69819
BNBUSDT,1776446700000,2026-04-17 17:25:00,2026-04-18 02:25:00,640.5,641.03,640.03,640.92,690.896,442487.28356
BNBUSDT,1776447000000,2026-04-17 17:30:00,2026-04-18 02:30:00,640.92,642.41,640.91,642.16,336.947,216297.90751
BNBUSDT,1776447300000,2026-04-17 17:35:00,2026-04-18 02:35:00,642.16,642.87,641.92,642.87,253.572,162924.42687
BNBUSDT,1776447600000,2026-04-17 17:40:00,2026-04-18 02:40:00,642.87,643.24,642.19,642.6,334.57,215056.58531
BNBUSDT,1776447900000,2026-04-17 17:45:00,2026-04-18 02:45:00,642.61,643.48,642.59,642.85,170.849,109891.22097
BNBUSDT,1776448200000,2026-04-17 17:50:00,2026-04-18 02:50:00,642.84,642.96,641.79,641.92,146.107,93871.11277
BNBUSDT,1776448500000,2026-04-17 17:55:00,2026-04-18 02:55:00,641.92,642.07,641.71,641.84,192.166,123345.06425
BNBUSDT,1776448800000,2026-04-17 18:00:00,2026-04-18 03:00:00,641.84,642.16,640.4,640.5,240.862,154455.57328
BNBUSDT,1776449100000,2026-04-17 18:05:00,2026-04-18 03:05:00,640.5,640.74,639.48,639.82,1695.375,1085007.20333
BNBUSDT,1776449400000,2026-04-17 18:10:00,2026-04-18 03:10:00,639.83,639.97,639,639.3,545.895,348979.62046
BNBUSDT,1776449700000,2026-04-17 18:15:00,2026-04-18 03:15:00,639.31,640,639.23,639.61,348.868,223126.72991
BNBUSDT,1776450000000,2026-04-17 18:20:00,2026-04-18 03:20:00,639.62,640.15,639.08,640.12,568.588,363642.42263
BNBUSDT,1776450300000,2026-04-17 18:25:00,2026-04-18 03:25:00,640.11,640.81,639.62,639.71,285.687,182916.62711
BNBUSDT,1776450600000,2026-04-17 18:30:00,2026-04-18 03:30:00,639.71,639.96,639.15,639.8,333.009,213015.92632
BNBUSDT,1776450900000,2026-04-17 18:35:00,2026-04-18 03:35:00,639.8,640.07,639.44,640.07,188.886,120832.81996
BNBUSDT,1776451200000,2026-04-17 18:40:00,2026-04-18 03:40:00,640.07,640.61,639.97,640.28,302.356,193589.73171
BNBUSDT,1776451500000,2026-04-17 18:45:00,2026-04-18 03:45:00,640.27,640.5,639.65,639.71,396.523,253840.96863
BNBUSDT,1776451800000,2026-04-17 18:50:00,2026-04-18 03:50:00,639.72,639.93,638.83,639.47,248.141,158635.98903
BNBUSDT,1776452100000,2026-04-17 18:55:00,2026-04-18 03:55:00,639.47,640,639.1,639.78,247.005,157962.24641
BNBUSDT,1776452400000,2026-04-17 19:00:00,2026-04-18 04:00:00,639.78,640.25,639.36,639.41,246.653,157818.64738
BNBUSDT,1776452700000,2026-04-17 19:05:00,2026-04-18 04:05:00,639.41,639.65,638.88,639.63,376.225,240487.40915
BNBUSDT,1776453000000,2026-04-17 19:10:00,2026-04-18 04:10:00,639.64,640.54,639.48,640.47,258.075,165135.48208
BNBUSDT,1776453300000,2026-04-17 19:15:00,2026-04-18 04:15:00,640.46,641.81,640.46,641.4,337.88,216644.44076
BNBUSDT,1776453600000,2026-04-17 19:20:00,2026-04-18 04:20:00,641.4,641.85,641.06,641.39,221.911,142357.66027
BNBUSDT,1776453900000,2026-04-17 19:25:00,2026-04-18 04:25:00,641.39,641.49,640.75,640.96,116.115,74448.38371
BNBUSDT,1776454200000,2026-04-17 19:30:00,2026-04-18 04:30:00,640.95,641.63,640.95,641.5,112.95,72448.04978
BNBUSDT,1776454500000,2026-04-17 19:35:00,2026-04-18 04:35:00,641.49,642,640.95,641.76,129.533,83079.21202
BNBUSDT,1776454800000,2026-04-17 19:40:00,2026-04-18 04:40:00,641.76,642.04,641.61,641.65,173.687,111471.58324
BNBUSDT,1776455100000,2026-04-17 19:45:00,2026-04-18 04:45:00,641.65,641.7,641.04,641.7,94.652,60700.23596
BNBUSDT,1776455400000,2026-04-17 19:50:00,2026-04-18 04:50:00,641.7,641.81,641.28,641.58,148.197,95073.89013
BNBUSDT,1776455700000,2026-04-17 19:55:00,2026-04-18 04:55:00,641.58,641.78,641.26,641.36,197.222,126528.98501
BNBUSDT,1776456000000,2026-04-17 20:00:00,2026-04-18 05:00:00,641.36,642.25,641.36,642.21,237.685,152568.01204
BNBUSDT,1776456300000,2026-04-17 20:05:00,2026-04-18 05:05:00,642.22,642.25,641.83,641.93,126.979,81525.29022
BNBUSDT,1776456600000,2026-04-17 20:10:00,2026-04-18 05:10:00,641.93,642,641.34,642,141.352,90715.00989
BNBUSDT,1776456900000,2026-04-17 20:15:00,2026-04-18 05:15:00,641.99,641.99,641.43,641.62,231.278,148408.8665
BNBUSDT,1776457200000,2026-04-17 20:20:00,2026-04-18 05:20:00,641.61,641.62,641.08,641.37,122.521,78571.64907
BNBUSDT,1776457500000,2026-04-17 20:25:00,2026-04-18 05:25:00,641.38,641.42,640.63,640.73,281.705,180600.26325
BNBUSDT,1776457800000,2026-04-17 20:30:00,2026-04-18 05:30:00,640.74,640.8,639.26,639.53,817.654,523250.74207
BNBUSDT,1776458100000,2026-04-17 20:35:00,2026-04-18 05:35:00,639.54,640,639.27,639.98,266.527,170446.02178
BNBUSDT,1776458400000,2026-04-17 20:40:00,2026-04-18 05:40:00,639.98,640.03,639.58,639.93,168.983,108102.50443
BNBUSDT,1776458700000,2026-04-17 20:45:00,2026-04-18 05:45:00,639.92,640.56,639.67,640.56,144.636,92568.21446
BNBUSDT,1776459000000,2026-04-17 20:50:00,2026-04-18 05:50:00,640.56,640.91,640.36,640.84,95.202,60987.90093
BNBUSDT,1776459300000,2026-04-17 20:55:00,2026-04-18 05:55:00,640.84,640.92,640.74,640.88,79.049,50657.38602
BNBUSDT,1776459600000,2026-04-17 21:00:00,2026-04-18 06:00:00,640.88,641.66,640.86,641.15,134.228,86059.33365
BNBUSDT,1776459900000,2026-04-17 21:05:00,2026-04-18 06:05:00,641.15,641.28,641.08,641.2,117.505,75341.13816
BNBUSDT,1776460200000,2026-04-17 21:10:00,2026-04-18 06:10:00,641.2,642.13,641.19,641.88,308.677,198123.43154
BNBUSDT,1776460500000,2026-04-17 21:15:00,2026-04-18 06:15:00,641.88,642.11,641.67,642.02,228.764,146845.67766
BNBUSDT,1776460800000,2026-04-17 21:20:00,2026-04-18 06:20:00,642.01,642.46,642.01,642.25,261.672,168074.7106
BNBUSDT,1776461100000,2026-04-17 21:25:00,2026-04-18 06:25:00,642.25,642.37,641.94,642.17,615.858,395501.99138
BNBUSDT,1776461400000,2026-04-17 21:30:00,2026-04-18 06:30:00,642.16,642.31,641.94,642.15,301.311,193488.73471
BNBUSDT,1776461700000,2026-04-17 21:35:00,2026-04-18 06:35:00,642.16,642.16,641.04,641.1,414.279,265870.96219
BNBUSDT,1776462000000,2026-04-17 21:40:00,2026-04-18 06:40:00,641.1,642.08,641.07,642.08,251.601,161415.52423
BNBUSDT,1776462300000,2026-04-17 21:45:00,2026-04-18 06:45:00,642.08,642.28,641.89,642.28,223.01,143202.03276
BNBUSDT,1776462600000,2026-04-17 21:50:00,2026-04-18 06:50:00,642.27,642.48,642.18,642.48,152.347,97857.36924
BNBUSDT,1776462900000,2026-04-17 21:55:00,2026-04-18 06:55:00,642.47,642.62,642.27,642.4,165.183,106126.39506
BNBUSDT,1776463200000,2026-04-17 22:00:00,2026-04-18 07:00:00,642.39,642.64,641.98,642.48,223.572,143619.96347
BNBUSDT,1776463500000,2026-04-17 22:05:00,2026-04-18 07:05:00,642.49,643,642.49,643,125.815,80879.48183
BNBUSDT,1776463800000,2026-04-17 22:10:00,2026-04-18 07:10:00,643,643.16,642.67,642.68,1341.911,862833.51769
BNBUSDT,1776464100000,2026-04-17 22:15:00,2026-04-18 07:15:00,642.68,642.91,641.58,641.83,382.687,245778.81155
BNBUSDT,1776464400000,2026-04-17 22:20:00,2026-04-18 07:20:00,641.83,642.58,641.64,642.48,114.445,73494.40662
BNBUSDT,1776464700000,2026-04-17 22:25:00,2026-04-18 07:25:00,642.47,642.98,642.47,642.86,221.12,142123.49809
BNBUSDT,1776465000000,2026-04-17 22:30:00,2026-04-18 07:30:00,642.85,644,642.54,644,495.02,318479.57694
BNBUSDT,1776465300000,2026-04-17 22:35:00,2026-04-18 07:35:00,644,644.25,643.48,643.55,190.97,122968.22006
BNBUSDT,1776465600000,2026-04-17 22:40:00,2026-04-18 07:40:00,643.55,644.72,643.26,644.25,1209.92,779182.41645
BNBUSDT,1776465900000,2026-04-17 22:45:00,2026-04-18 07:45:00,644.24,644.36,644.08,644.27,244.197,157313.93859
BNBUSDT,1776466200000,2026-04-17 22:50:00,2026-04-18 07:50:00,644.26,644.53,644.12,644.12,210.912,135893.7003
BNBUSDT,1776466500000,2026-04-17 22:55:00,2026-04-18 07:55:00,644.13,644.13,644,644.04,994.302,640343.57423
BNBUSDT,1776466800000,2026-04-17 23:00:00,2026-04-18 08:00:00,644.04,644.45,644,644.32,2430.109,1565071.75089
BNBUSDT,1776467100000,2026-04-17 23:05:00,2026-04-18 08:05:00,644.33,644.77,644.21,644.28,350.348,225801.56535
BNBUSDT,1776467400000,2026-04-17 23:10:00,2026-04-18 08:10:00,644.27,644.65,644.1,644.34,272.695,175710.06242
BNBUSDT,1776467700000,2026-04-17 23:15:00,2026-04-18 08:15:00,644.34,644.34,642.36,642.37,1391.224,895744.90094
BNBUSDT,1776468000000,2026-04-17 23:20:00,2026-04-18 08:20:00,642.36,643.2,642.12,642.75,361.78,232440.85651
BNBUSDT,1776468300000,2026-04-17 23:25:00,2026-04-18 08:25:00,642.74,643.1,642.74,642.94,150.874,97001.75202
BNBUSDT,1776468600000,2026-04-17 23:30:00,2026-04-18 08:30:00,642.93,643.21,642.57,642.57,228.906,147175.75215
BNBUSDT,1776468900000,2026-04-17 23:35:00,2026-04-18 08:35:00,642.57,642.62,641.82,641.82,352.185,226211.01639
BNBUSDT,1776469200000,2026-04-17 23:40:00,2026-04-18 08:40:00,641.81,642.23,641.76,642.21,194.322,124758.96136
BNBUSDT,1776469500000,2026-04-17 23:45:00,2026-04-18 08:45:00,642.22,643.03,642.16,642.88,128.117,82348.88179
BNBUSDT,1776469800000,2026-04-17 23:50:00,2026-04-18 08:50:00,642.88,643.33,642.75,643.25,267.979,172314.07214
BNBUSDT,1776470100000,2026-04-17 23:55:00,2026-04-18 08:55:00,643.26,643.5,643.11,643.12,121.141,77941.07936
BNBUSDT,1776470400000,2026-04-18 00:00:00,2026-04-18 09:00:00,643.12,644.38,642.94,643.83,302.783,194946.22128
BNBUSDT,1776470700000,2026-04-18 00:05:00,2026-04-18 09:05:00,643.82,644.38,643.27,643.35,317.953,204774.98297
BNBUSDT,1776471000000,2026-04-18 00:10:00,2026-04-18 09:10:00,643.35,643.99,643.28,643.39,165.367,106412.24429
BNBUSDT,1776471300000,2026-04-18 00:15:00,2026-04-18 09:15:00,643.39,644.28,643.39,643.98,396.532,255281.19726
BNBUSDT,1776471600000,2026-04-18 00:20:00,2026-04-18 09:20:00,643.98,644.11,643.42,643.66,122.872,79111.22596
BNBUSDT,1776471900000,2026-04-18 00:25:00,2026-04-18 09:25:00,643.66,644.38,643.66,644.38,193.615,124703.88272
BNBUSDT,1776472200000,2026-04-18 00:30:00,2026-04-18 09:30:00,644.38,644.48,641.64,641.95,324.026,208407.36116
BNBUSDT,1776472500000,2026-04-18 00:35:00,2026-04-18 09:35:00,641.95,643.11,641.91,642.73,285.511,183442.99522
BNBUSDT,1776472800000,2026-04-18 00:40:00,2026-04-18 09:40:00,642.74,643.27,642.6,642.61,219.921,141416.4873
BNBUSDT,1776473100000,2026-04-18 00:45:00,2026-04-18 09:45:00,642.61,644.37,642.48,644.37,221.839,142689.97367
BNBUSDT,1776473400000,2026-04-18 00:50:00,2026-04-18 09:50:00,644.37,644.6,644.07,644.58,245.477,158169.83776
BNBUSDT,1776473700000,2026-04-18 00:55:00,2026-04-18 09:55:00,644.58,645.5,643.75,644,741.69,478166.43347
BNBUSDT,1776474000000,2026-04-18 01:00:00,2026-04-18 10:00:00,644,644.08,643.19,643.81,377.22,242764.85968
BNBUSDT,1776474300000,2026-04-18 01:05:00,2026-04-18 10:05:00,643.81,644.54,643.72,644.35,218.176,140559.26259
BNBUSDT,1776474600000,2026-04-18 01:10:00,2026-04-18 10:10:00,644.36,645.77,644.35,645.65,364.522,235203.20827
BNBUSDT,1776474900000,2026-04-18 01:15:00,2026-04-18 10:15:00,645.66,646.38,645.15,645.98,1153.854,745100.53779
BNBUSDT,1776475200000,2026-04-18 01:20:00,2026-04-18 10:20:00,645.97,646.38,645.49,646.38,634.077,409524.02532
BNBUSDT,1776475500000,2026-04-18 01:25:00,2026-04-18 10:25:00,646.37,646.81,645.51,646.72,1977.095,1277894.83425
BNBUSDT,1776475800000,2026-04-18 01:30:00,2026-04-18 10:30:00,646.72,646.88,645.03,645.04,941.534,608401.93219
BNBUSDT,1776476100000,2026-04-18 01:35:00,2026-04-18 10:35:00,645.03,645.22,644.37,644.84,453.289,292201.02872
BNBUSDT,1776476400000,2026-04-18 01:40:00,2026-04-18 10:40:00,644.85,644.88,644.33,644.4,405.705,261473.305
BNBUSDT,1776476700000,2026-04-18 01:45:00,2026-04-18 10:45:00,644.4,644.92,643.82,643.83,307.018,197839.40228
BNBUSDT,1776477000000,2026-04-18 01:50:00,2026-04-18 10:50:00,643.83,644.49,643.56,644.28,398.443,256576.57961
BNBUSDT,1776477300000,2026-04-18 01:55:00,2026-04-18 10:55:00,644.28,645.07,644.11,644.98,261.05,168244.18184
BNBUSDT,1776477600000,2026-04-18 02:00:00,2026-04-18 11:00:00,644.99,645.04,643.75,645.04,618.518,398637.72655
BNBUSDT,1776477900000,2026-04-18 02:05:00,2026-04-18 11:05:00,645.04,645.87,644.69,644.85,2440.854,1574584.85247
BNBUSDT,1776478200000,2026-04-18 02:10:00,2026-04-18 11:10:00,644.86,645.31,644.72,645.11,405.892,261764.72452
BNBUSDT,1776478500000,2026-04-18 02:15:00,2026-04-18 11:15:00,645.11,645.91,645.11,645.58,328.629,212153.94951
BNBUSDT,1776478800000,2026-04-18 02:20:00,2026-04-18 11:20:00,645.59,645.95,645.24,645.79,917.671,592427.5954
BNBUSDT,1776479100000,2026-04-18 02:25:00,2026-04-18 11:25:00,645.79,645.85,645.36,645.82,399.148,257712.08264
BNBUSDT,1776479400000,2026-04-18 02:30:00,2026-04-18 11:30:00,645.81,645.81,644.29,644.32,412.929,266402.99671
BNBUSDT,1776479700000,2026-04-18 02:35:00,2026-04-18 11:35:00,644.33,645.25,644.25,645.12,227.945,146974.68715
BNBUSDT,1776480000000,2026-04-18 02:40:00,2026-04-18 11:40:00,645.12,645.46,644.85,645.03,364.921,235436.55794
BNBUSDT,1776480300000,2026-04-18 02:45:00,2026-04-18 11:45:00,645.02,645.59,644.3,645.59,1466.984,946233.42803
BNBUSDT,1776480600000,2026-04-18 02:50:00,2026-04-18 11:50:00,645.59,645.59,644.33,644.85,445.122,287002.65999
BNBUSDT,1776480900000,2026-04-18 02:55:00,2026-04-18 11:55:00,644.84,644.84,644.16,644.16,154.96,99871.51428
BNBUSDT,1776481200000,2026-04-18 03:00:00,2026-04-18 12:00:00,644.16,644.16,642.94,643.19,761.329,489671.76654
BNBUSDT,1776481500000,2026-04-18 03:05:00,2026-04-18 12:05:00,643.19,643.62,642.63,643.48,1376.13,884969.26831
BNBUSDT,1776481800000,2026-04-18 03:10:00,2026-04-18 12:10:00,643.47,643.47,642.21,642.29,1151.421,739983.17849
BNBUSDT,1776482100000,2026-04-18 03:15:00,2026-04-18 12:15:00,642.28,642.52,642.05,642.42,322.541,207180.47976
BNBUSDT,1776482400000,2026-04-18 03:20:00,2026-04-18 12:20:00,642.42,642.45,641.81,642.16,591.797,379965.84955
BNBUSDT,1776482700000,2026-04-18 03:25:00,2026-04-18 12:25:00,642.16,642.31,641.38,642.09,1837.39,1179621.25594
BNBUSDT,1776483000000,2026-04-18 03:30:00,2026-04-18 12:30:00,642.08,642.08,640.83,641.97,561.732,360447.81377
BNBUSDT,1776483300000,2026-04-18 03:35:00,2026-04-18 12:35:00,641.97,642.23,641.53,641.67,227.695,146173.97758
BNBUSDT,1776483600000,2026-04-18 03:40:00,2026-04-18 12:40:00,641.67,642.47,641.66,641.98,286.992,184281.19058
BNBUSDT,1776483900000,2026-04-18 03:45:00,2026-04-18 12:45:00,641.98,642.68,641.78,642.59,245.709,157802.29186
BNBUSDT,1776484200000,2026-04-18 03:50:00,2026-04-18 12:50:00,642.59,643,640.49,640.5,655.218,420358.64538
BNBUSDT,1776484500000,2026-04-18 03:55:00,2026-04-18 12:55:00,640.5,641.04,640.06,640.2,1708.221,1094147.42717
BNBUSDT,1776484800000,2026-04-18 04:00:00,2026-04-18 13:00:00,640.21,641.57,640.08,641.41,457.534,293189.76494
BNBUSDT,1776485100000,2026-04-18 04:05:00,2026-04-18 13:05:00,641.41,642.02,641.4,641.9,478.303,306927.21929
BNBUSDT,1776485400000,2026-04-18 04:10:00,2026-04-18 13:10:00,641.9,642.35,641.89,642.27,86.425,55498.75351
BNBUSDT,1776485700000,2026-04-18 04:15:00,2026-04-18 13:15:00,642.27,642.4,642.19,642.37,137.246,88151.48293
BNBUSDT,1776486000000,2026-04-18 04:20:00,2026-04-18 13:20:00,642.37,642.63,642.16,642.24,243.334,156304.66051
BNBUSDT,1776486300000,2026-04-18 04:25:00,2026-04-18 13:25:00,642.23,642.37,641.58,641.69,518.019,332597.29379
BNBUSDT,1776486600000,2026-04-18 04:30:00,2026-04-18 13:30:00,641.7,642,641.25,641.68,413.421,265273.93959
BNBUSDT,1776486900000,2026-04-18 04:35:00,2026-04-18 13:35:00,641.68,642.84,641.63,642.83,345.985,222136.98355
BNBUSDT,1776487200000,2026-04-18 04:40:00,2026-04-18 13:40:00,642.84,643.88,642.82,643.37,453.561,291777.78146
BNBUSDT,1776487500000,2026-04-18 04:45:00,2026-04-18 13:45:00,643.38,644.09,643.38,644.09,316.376,203654.32944
BNBUSDT,1776487800000,2026-04-18 04:50:00,2026-04-18 13:50:00,644.08,644.51,644.08,644.37,528.154,340263.23273
BNBUSDT,1776488100000,2026-04-18 04:55:00,2026-04-18 13:55:00,644.37,644.99,644.3,644.33,457.225,294714.82215
BNBUSDT,1776488400000,2026-04-18 05:00:00,2026-04-18 14:00:00,644.33,646.18,644.18,646.05,1064.312,686866.59153
BNBUSDT,1776488700000,2026-04-18 05:05:00,2026-04-18 14:05:00,646.06,647.63,646.05,647.56,923.252,597170.17705
BNBUSDT,1776489000000,2026-04-18 05:10:00,2026-04-18 14:10:00,647.56,648.78,647.55,648.66,1793.726,1162656.42064
BNBUSDT,1776489300000,2026-04-18 05:15:00,2026-04-18 14:15:00,648.65,648.79,648.06,648.06,617.637,400519.21794
BNBUSDT,1776489600000,2026-04-18 05:20:00,2026-04-18 14:20:00,648.06,648.26,647.19,647.58,880.765,570468.64413
BNBUSDT,1776489900000,2026-04-18 05:25:00,2026-04-18 14:25:00,647.57,647.58,646.86,647.07,282.326,182702.28308
BNBUSDT,1776490200000,2026-04-18 05:30:00,2026-04-18 14:30:00,647.06,647.78,646.49,646.75,686.695,444266.25782
BNBUSDT,1776490500000,2026-04-18 05:35:00,2026-04-18 14:35:00,646.74,646.74,644.92,645.8,1386.019,894779.07243
BNBUSDT,1776490800000,2026-04-18 05:40:00,2026-04-18 14:40:00,645.8,645.8,645.18,645.6,525.071,338879.80539
BNBUSDT,1776491100000,2026-04-18 05:45:00,2026-04-18 14:45:00,645.6,645.67,645.14,645.42,379.587,244991.44976
BNBUSDT,1776491400000,2026-04-18 05:50:00,2026-04-18 14:50:00,645.42,645.66,645.14,645.39,497.662,321243.07644
BNBUSDT,1776491700000,2026-04-18 05:55:00,2026-04-18 14:55:00,645.39,645.65,644.47,645.08,927.38,598144.46331
BNBUSDT,1776492000000,2026-04-18 06:00:00,2026-04-18 15:00:00,645.09,645.34,644.99,645.01,402.012,259355.7133
BNBUSDT,1776492300000,2026-04-18 06:05:00,2026-04-18 15:05:00,645.01,645.42,644.96,645.15,307.884,198636.81494
BNBUSDT,1776492600000,2026-04-18 06:10:00,2026-04-18 15:10:00,645.15,645.82,645.14,645.3,385.953,249113.15365
BNBUSDT,1776492900000,2026-04-18 06:15:00,2026-04-18 15:15:00,645.3,645.59,645.21,645.32,228.795,147660.95768
BNBUSDT,1776493200000,2026-04-18 06:20:00,2026-04-18 15:20:00,645.32,645.32,644.01,644.01,303.526,195680.35395
BNBUSDT,1776493500000,2026-04-18 06:25:00,2026-04-18 15:25:00,644.02,644.5,643.21,644.33,406.357,261636.96896
BNBUSDT,1776493800000,2026-04-18 06:30:00,2026-04-18 15:30:00,644.33,644.69,644.06,644.53,224.361,144584.79369
BNBUSDT,1776494100000,2026-04-18 06:35:00,2026-04-18 15:35:00,644.53,644.71,643.78,643.79,703.16,452993.67397
BNBUSDT,1776494400000,2026-04-18 06:40:00,2026-04-18 15:40:00,643.79,644.32,643.79,644.07,408.321,262992.53423
BNBUSDT,1776494700000,2026-04-18 06:45:00,2026-04-18 15:45:00,644.07,644.44,644.03,644.22,360.978,232553.98
BNBUSDT,1776495000000,2026-04-18 06:50:00,2026-04-18 15:50:00,644.21,644.45,643.47,643.99,1112.832,716603.46516
BNBUSDT,1776495300000,2026-04-18 06:55:00,2026-04-18 15:55:00,644,644.11,643.5,643.8,551.861,355285.23486
BNBUSDT,1776495600000,2026-04-18 07:00:00,2026-04-18 16:00:00,643.81,644.53,643.51,644.31,305.511,196757.75795
BNBUSDT,1776495900000,2026-04-18 07:05:00,2026-04-18 16:05:00,644.31,644.47,643.89,643.93,263.231,169539.14297
BNBUSDT,1776496200000,2026-04-18 07:10:00,2026-04-18 16:10:00,643.93,644.16,643.05,643.14,561.582,361463.87248
BNBUSDT,1776496500000,2026-04-18 07:15:00,2026-04-18 16:15:00,643.14,643.67,642.76,643.6,988.21,635615.19402
BNBUSDT,1776496800000,2026-04-18 07:20:00,2026-04-18 16:20:00,643.59,644.21,643.36,644.05,2406.174,1549314.69225
BNBUSDT,1776497100000,2026-04-18 07:25:00,2026-04-18 16:25:00,644.06,644.34,644.03,644.04,327.502,210972.1854
BNBUSDT,1776497400000,2026-04-18 07:30:00,2026-04-18 16:30:00,644.03,644.23,643.6,644.09,575.819,370813.67674
BNBUSDT,1776497700000,2026-04-18 07:35:00,2026-04-18 16:35:00,644.08,644.13,643.63,643.64,490.267,315712.70739
BNBUSDT,1776498000000,2026-04-18 07:40:00,2026-04-18 16:40:00,643.63,644.06,643.56,643.94,526.338,338845.13594
BNBUSDT,1776498300000,2026-04-18 07:45:00,2026-04-18 16:45:00,643.94,644.22,643.72,644.06,220.958,142294.98104
BNBUSDT,1776498600000,2026-04-18 07:50:00,2026-04-18 16:50:00,644.06,644.06,643.21,643.31,302.045,194360.19583
BNBUSDT,1776498900000,2026-04-18 07:55:00,2026-04-18 16:55:00,643.31,643.43,643.01,643.35,319.427,205472.22319
BNBUSDT,1776499200000,2026-04-18 08:00:00,2026-04-18 17:00:00,643.35,643.55,642.78,642.92,277.309,178352.05836
BNBUSDT,1776499500000,2026-04-18 08:05:00,2026-04-18 17:05:00,642.92,643.36,642.84,642.99,295.728,190195.38178
BNBUSDT,1776499800000,2026-04-18 08:10:00,2026-04-18 17:10:00,642.99,643.28,641.95,641.96,426.272,274019.09075
BNBUSDT,1776500100000,2026-04-18 08:15:00,2026-04-18 17:15:00,641.95,641.96,638.66,640.41,2340.986,1498737.39426
BNBUSDT,1776500400000,2026-04-18 08:20:00,2026-04-18 17:20:00,640.41,640.63,638.2,638.89,1012.649,647140.22176
BNBUSDT,1776500700000,2026-04-18 08:25:00,2026-04-18 17:25:00,638.88,638.95,637.86,638.05,829.569,529410.65466
BNBUSDT,1776501000000,2026-04-18 08:30:00,2026-04-18 17:30:00,638.04,638.4,636.26,636.59,1330.563,848299.91032
BNBUSDT,1776501300000,2026-04-18 08:35:00,2026-04-18 17:35:00,636.59,636.59,635.22,636.27,1787.252,1136662.69546
BNBUSDT,1776501600000,2026-04-18 08:40:00,2026-04-18 17:40:00,636.26,636.27,634.81,635.05,781.42,496490.09964
BNBUSDT,1776501900000,2026-04-18 08:45:00,2026-04-18 17:45:00,635.06,636.39,634.83,635.83,717.766,456417.75415
BNBUSDT,1776502200000,2026-04-18 08:50:00,2026-04-18 17:50:00,635.84,636.8,635.76,636.8,692.803,440688.57336
BNBUSDT,1776502500000,2026-04-18 08:55:00,2026-04-18 17:55:00,636.8,637.35,636.8,637.1,513.941,327405.34892
BNBUSDT,1776502800000,2026-04-18 09:00:00,2026-04-18 18:00:00,637.1,637.1,635.77,636.5,416.548,265039.18148
BNBUSDT,1776503100000,2026-04-18 09:05:00,2026-04-18 18:05:00,636.51,636.67,634,634.2,924.952,587428.55465
BNBUSDT,1776503400000,2026-04-18 09:10:00,2026-04-18 18:10:00,634.19,635.31,634.06,634.83,429.268,272526.32597
BNBUSDT,1776503700000,2026-04-18 09:15:00,2026-04-18 18:15:00,634.82,635,633.58,634.17,438.598,278219.75368
BNBUSDT,1776504000000,2026-04-18 09:20:00,2026-04-18 18:20:00,634.18,634.8,634.18,634.76,289.155,183480.05787
BNBUSDT,1776504300000,2026-04-18 09:25:00,2026-04-18 18:25:00,634.76,635.61,634.76,635.57,357.051,226859.98283
BNBUSDT,1776504600000,2026-04-18 09:30:00,2026-04-18 18:30:00,635.58,636.64,635.44,636.53,279.179,177549.0059
BNBUSDT,1776504900000,2026-04-18 09:35:00,2026-04-18 18:35:00,636.53,636.53,635.46,635.82,168.856,107382.72055
BNBUSDT,1776505200000,2026-04-18 09:40:00,2026-04-18 18:40:00,635.81,636.06,635.56,635.74,312.966,199012.06412
BNBUSDT,1776505500000,2026-04-18 09:45:00,2026-04-18 18:45:00,635.74,636.18,635.5,635.92,241.896,153806.62993
BNBUSDT,1776505800000,2026-04-18 09:50:00,2026-04-18 18:50:00,635.92,635.93,635.19,635.28,262.968,167117.59844
BNBUSDT,1776506100000,2026-04-18 09:55:00,2026-04-18 18:55:00,635.28,636.14,635.27,635.87,272.359,173097.26777
BNBUSDT,1776506400000,2026-04-18 10:00:00,2026-04-18 19:00:00,635.87,635.93,633.7,633.97,485.534,308198.97079
BNBUSDT,1776506700000,2026-04-18 10:05:00,2026-04-18 19:05:00,633.97,634.02,632.33,632.6,1335.717,845765.79274
BNBUSDT,1776507000000,2026-04-18 10:10:00,2026-04-18 19:10:00,632.6,633.23,632,633.23,875.79,553881.40741
BNBUSDT,1776507300000,2026-04-18 10:15:00,2026-04-18 19:15:00,633.23,633.44,633.05,633.38,302.975,191833.13888
BNBUSDT,1776507600000,2026-04-18 10:20:00,2026-04-18 19:20:00,633.38,633.81,632.97,633.74,462.971,293200.43539
BNBUSDT,1776507900000,2026-04-18 10:25:00,2026-04-18 19:25:00,633.75,634.1,633.58,633.9,199.71,126589.07904
BNBUSDT,1776508200000,2026-04-18 10:30:00,2026-04-18 19:30:00,633.89,633.91,633.03,633.9,180.937,114642.47041
BNBUSDT,1776508500000,2026-04-18 10:35:00,2026-04-18 19:35:00,633.9,634.34,633.6,634.33,191.604,121485.31918
BNBUSDT,1776508800000,2026-04-18 10:40:00,2026-04-18 19:40:00,634.33,634.5,633.59,633.71,264.462,167716.69059
BNBUSDT,1776509100000,2026-04-18 10:45:00,2026-04-18 19:45:00,633.71,634.71,633.61,634.35,433.461,274902.35524
BNBUSDT,1776509400000,2026-04-18 10:50:00,2026-04-18 19:50:00,634.36,634.36,633.47,633.55,140.326,88931.06951
BNBUSDT,1776509700000,2026-04-18 10:55:00,2026-04-18 19:55:00,633.56,634.02,633.56,634.01,136.564,86554.97641
BNBUSDT,1776510000000,2026-04-18 11:00:00,2026-04-18 20:00:00,634.01,634.18,633.43,633.95,359.697,227997.81878
BNBUSDT,1776510300000,2026-04-18 11:05:00,2026-04-18 20:05:00,633.95,634.24,632.6,633.25,518.489,328363.18963
BNBUSDT,1776510600000,2026-04-18 11:10:00,2026-04-18 20:10:00,633.24,633.83,632.39,632.46,652.592,413015.94208
BNBUSDT,1776510900000,2026-04-18 11:15:00,2026-04-18 20:15:00,632.46,633.51,632.38,633.41,398.287,252024.65993
BNBUSDT,1776511200000,2026-04-18 11:20:00,2026-04-18 20:20:00,633.41,634.23,633.27,634.19,460.174,291653.68698
BNBUSDT,1776511500000,2026-04-18 11:25:00,2026-04-18 20:25:00,634.18,634.22,633.69,634.09,148.47,94121.32952
BNBUSDT,1776511800000,2026-04-18 11:30:00,2026-04-18 20:30:00,634.1,634.63,633.98,634.31,270.736,171697.03331
BNBUSDT,1776512100000,2026-04-18 11:35:00,2026-04-18 20:35:00,634.3,634.3,632.25,632.27,355.128,224846.00425
BNBUSDT,1776512400000,2026-04-18 11:40:00,2026-04-18 20:40:00,632.26,632.67,631.52,631.94,1306.749,825913.22217
BNBUSDT,1776512700000,2026-04-18 11:45:00,2026-04-18 20:45:00,631.94,632.62,631.66,632.23,1158.315,732253.13121
BNBUSDT,1776513000000,2026-04-18 11:50:00,2026-04-18 20:50:00,632.23,633.31,632.17,633.31,363.142,229753.7754
BNBUSDT,1776513300000,2026-04-18 11:55:00,2026-04-18 20:55:00,633.3,633.75,632.91,633.37,273.175,173013.44588
BNBUSDT,1776513600000,2026-04-18 12:00:00,2026-04-18 21:00:00,633.38,634.63,633.12,634.62,388.497,246342.54732
BNBUSDT,1776513900000,2026-04-18 12:05:00,2026-04-18 21:05:00,634.62,634.73,634.29,634.55,299.811,190240.44152
BNBUSDT,1776514200000,2026-04-18 12:10:00,2026-04-18 21:10:00,634.56,634.56,633.91,634.3,229.657,145671.80622
BNBUSDT,1776514500000,2026-04-18 12:15:00,2026-04-18 21:15:00,634.3,634.71,634.06,634.07,543.267,344691.72571
BNBUSDT,1776514800000,2026-04-18 12:20:00,2026-04-18 21:20:00,634.08,634.08,633.47,633.65,264.565,167683.12164
BNBUSDT,1776515100000,2026-04-18 12:25:00,2026-04-18 21:25:00,633.65,633.74,633.5,633.5,168.261,106616.27328
BNBUSDT,1776515400000,2026-04-18 12:30:00,2026-04-18 21:30:00,633.5,633.55,633.06,633.29,314.906,199411.36168
BNBUSDT,1776515700000,2026-04-18 12:35:00,2026-04-18 21:35:00,633.29,633.35,632.16,632.16,183.079,115845.8181
BNBUSDT,1776516000000,2026-04-18 12:40:00,2026-04-18 21:40:00,632.15,632.76,631.61,632.55,809.32,511589.40905
BNBUSDT,1776516300000,2026-04-18 12:45:00,2026-04-18 21:45:00,632.55,632.91,632.23,632.91,410.4,259604.01105
BNBUSDT,1776516600000,2026-04-18 12:50:00,2026-04-18 21:50:00,632.91,633.68,632.91,633.64,169.59,107420.15281
BNBUSDT,1776516900000,2026-04-18 12:55:00,2026-04-18 21:55:00,633.65,634.11,633.64,634.11,240.229,152280.97497
BNBUSDT,1776517200000,2026-04-18 13:00:00,2026-04-18 22:00:00,634.1,634.42,633.79,634.08,245.296,155523.39917
BNBUSDT,1776517500000,2026-04-18 13:05:00,2026-04-18 22:05:00,634.09,634.09,633.7,633.84,172.498,109341.9874
BNBUSDT,1776517800000,2026-04-18 13:10:00,2026-04-18 22:10:00,633.84,633.87,633.63,633.71,115.803,73392.8078
BNBUSDT,1776518100000,2026-04-18 13:15:00,2026-04-18 22:15:00,633.71,633.76,633.04,633.45,319.765,202560.62237
BNBUSDT,1776518400000,2026-04-18 13:20:00,2026-04-18 22:20:00,633.45,634.54,633.45,633.63,352.845,223739.95151
BNBUSDT,1776518700000,2026-04-18 13:25:00,2026-04-18 22:25:00,633.62,633.9,633,633.22,383.723,243028.24483
BNBUSDT,1776519000000,2026-04-18 13:30:00,2026-04-18 22:30:00,633.22,633.46,632.77,632.94,261.824,165765.64656
BNBUSDT,1776519300000,2026-04-18 13:35:00,2026-04-18 22:35:00,632.94,632.94,632.12,632.12,299.134,189266.54639
BNBUSDT,1776519600000,2026-04-18 13:40:00,2026-04-18 22:40:00,632.11,632.21,631.42,632.08,327.509,206930.03971
BNBUSDT,1776519900000,2026-04-18 13:45:00,2026-04-18 22:45:00,632.07,633.16,631.83,633.15,155.534,98369.66736
BNBUSDT,1776520200000,2026-04-18 13:50:00,2026-04-18 22:50:00,633.15,633.84,633.11,633.6,284.278,180121.77369
BNBUSDT,1776520500000,2026-04-18 13:55:00,2026-04-18 22:55:00,633.6,633.82,633.4,633.57,233.909,148211.37566
BNBUSDT,1776520800000,2026-04-18 14:00:00,2026-04-18 23:00:00,633.57,633.94,633.57,633.69,190.027,120445.533
BNBUSDT,1776521100000,2026-04-18 14:05:00,2026-04-18 23:05:00,633.68,634,633.5,633.68,222.129,140770.3211
BNBUSDT,1776521400000,2026-04-18 14:10:00,2026-04-18 23:10:00,633.67,633.8,633.63,633.79,162.504,102985.64772
BNBUSDT,1776521700000,2026-04-18 14:15:00,2026-04-18 23:15:00,633.79,634,633.65,633.65,259.24,164317.594
BNBUSDT,1776522000000,2026-04-18 14:20:00,2026-04-18 23:20:00,633.65,633.65,632.22,632.56,191.353,121102.93938
BNBUSDT,1776522300000,2026-04-18 14:25:00,2026-04-18 23:25:00,632.55,633.45,632.55,633.25,147.68,93504.49673
BNBUSDT,1776522600000,2026-04-18 14:30:00,2026-04-18 23:30:00,633.26,633.9,633.15,633.81,219.269,138911.95401
BNBUSDT,1776522900000,2026-04-18 14:35:00,2026-04-18 23:35:00,633.81,634,633.59,633.98,306.367,194185.28203
BNBUSDT,1776523200000,2026-04-18 14:40:00,2026-04-18 23:40:00,633.97,634.19,633.63,633.78,561.183,355749.87833
BNBUSDT,1776523500000,2026-04-18 14:45:00,2026-04-18 23:45:00,633.77,634.02,633.65,634.01,109.95,69694.36217
BNBUSDT,1776523800000,2026-04-18 14:50:00,2026-04-18 23:50:00,634.02,634.42,633.99,634.38,262.736,166628.39681
BNBUSDT,1776524100000,2026-04-18 14:55:00,2026-04-18 23:55:00,634.38,634.51,634.08,634.2,288.318,182881.41809
BNBUSDT,1776524400000,2026-04-18 15:00:00,2026-04-19 00:00:00,634.2,635,633.84,633.85,1208.029,766584.94417
BNBUSDT,1776524700000,2026-04-18 15:05:00,2026-04-19 00:05:00,633.85,633.85,633.03,633.03,120.197,76139.25626
BNBUSDT,1776525000000,2026-04-18 15:10:00,2026-04-19 00:10:00,633.03,633.27,632.44,633.27,245.133,155124.54501
BNBUSDT,1776525300000,2026-04-18 15:15:00,2026-04-19 00:15:00,633.26,633.26,632.44,632.76,225.855,142918.14033
BNBUSDT,1776525600000,2026-04-18 15:20:00,2026-04-19 00:20:00,632.76,633.25,632.6,633.25,295.355,186942.33753
BNBUSDT,1776525900000,2026-04-18 15:25:00,2026-04-19 00:25:00,633.25,633.55,633.03,633.53,176.48,111770.82404
BNBUSDT,1776526200000,2026-04-18 15:30:00,2026-04-19 00:30:00,633.53,634.24,633.53,634.24,154.903,98182.57929
BNBUSDT,1776526500000,2026-04-18 15:35:00,2026-04-19 00:35:00,634.23,634.36,633.76,634.04,145.043,91968.33563
BNBUSDT,1776526800000,2026-04-18 15:40:00,2026-04-19 00:40:00,634.03,634.05,633.55,633.56,193.704,122777.51564
BNBUSDT,1776527100000,2026-04-18 15:45:00,2026-04-19 00:45:00,633.55,633.89,633.55,633.66,141.86,89897.10417
BNBUSDT,1776527400000,2026-04-18 15:50:00,2026-04-19 00:50:00,633.66,633.92,633.08,633.42,220.78,139855.00311
BNBUSDT,1776527700000,2026-04-18 15:55:00,2026-04-19 00:55:00,633.42,633.93,633.2,633.37,154.25,97732.47943
BNBUSDT,1776528000000,2026-04-18 16:00:00,2026-04-19 01:00:00,633.37,633.48,632.56,632.56,387.659,245412.00843
BNBUSDT,1776528300000,2026-04-18 16:05:00,2026-04-19 01:05:00,632.56,633.68,632.56,633.68,178.783,113155.51463
BNBUSDT,1776528600000,2026-04-18 16:10:00,2026-04-19 01:10:00,633.68,634.19,633.68,634.01,177.744,112685.02816
BNBUSDT,1776528900000,2026-04-18 16:15:00,2026-04-19 01:15:00,634,634,631.21,632.77,871.006,550816.84455
BNBUSDT,1776529200000,2026-04-18 16:20:00,2026-04-19 01:20:00,632.78,634.22,632.62,633.51,456.754,289349.14534
BNBUSDT,1776529500000,2026-04-18 16:25:00,2026-04-19 01:25:00,633.52,633.94,633.34,633.74,322.403,204327.53446
BNBUSDT,1776529800000,2026-04-18 16:30:00,2026-04-19 01:30:00,633.74,634.49,633.5,633.63,436.026,276533.02627
BNBUSDT,1776530100000,2026-04-18 16:35:00,2026-04-19 01:35:00,633.64,634.59,633.64,633.87,921.061,584109.66407
BNBUSDT,1776530400000,2026-04-18 16:40:00,2026-04-19 01:40:00,633.86,634.17,633.66,633.67,412.482,261470.63914
BNBUSDT,1776530700000,2026-04-18 16:45:00,2026-04-19 01:45:00,633.67,634.14,633.32,633.32,88.823,56293.06479
BNBUSDT,1776531000000,2026-04-18 16:50:00,2026-04-19 01:50:00,633.33,633.4,632.63,633.06,232.28,147021.72314
BNBUSDT,1776531300000,2026-04-18 16:55:00,2026-04-19 01:55:00,633.06,633.51,633.05,633.34,308.984,195677.89258
BNBUSDT,1776531600000,2026-04-18 17:00:00,2026-04-19 02:00:00,633.34,633.51,632.79,633.34,376.496,238377.69747
BNBUSDT,1776531900000,2026-04-18 17:05:00,2026-04-19 02:05:00,633.33,633.33,632.51,632.81,170.479,107881.99436
BNBUSDT,1776532200000,2026-04-18 17:10:00,2026-04-19 02:10:00,632.8,633.13,631.82,632.6,301.441,190702.20822
BNBUSDT,1776532500000,2026-04-18 17:15:00,2026-04-19 02:15:00,632.61,633.4,632.61,633.27,174.282,110335.71575
BNBUSDT,1776532800000,2026-04-18 17:20:00,2026-04-19 02:20:00,633.27,633.62,633.01,633.12,201.533,127637.94055
BNBUSDT,1776533100000,2026-04-18 17:25:00,2026-04-19 02:25:00,633.12,633.66,632.8,633.3,182.65,115655.63942
BNBUSDT,1776533400000,2026-04-18 17:30:00,2026-04-19 02:30:00,633.31,634.12,633.31,634.06,195.595,123977.12947
BNBUSDT,1776533700000,2026-04-18 17:35:00,2026-04-19 02:35:00,634.06,634.09,633.72,633.88,115.487,73208.1443
BNBUSDT,1776534000000,2026-04-18 17:40:00,2026-04-19 02:40:00,633.88,633.93,633.54,633.54,129.614,82148.97576
BNBUSDT,1776534300000,2026-04-18 17:45:00,2026-04-19 02:45:00,633.55,633.83,633.51,633.81,94.052,59601.97432
BNBUSDT,1776534600000,2026-04-18 17:50:00,2026-04-19 02:50:00,633.81,633.81,633.6,633.71,141.778,89838.98709
BNBUSDT,1776534900000,2026-04-18 17:55:00,2026-04-19 02:55:00,633.72,633.72,633.36,633.51,121.102,76726.16532
BNBUSDT,1776535200000,2026-04-18 18:00:00,2026-04-19 03:00:00,633.51,633.56,632.69,633.55,235.946,149366.60688
BNBUSDT,1776535500000,2026-04-18 18:05:00,2026-04-19 03:05:00,633.55,633.9,633.25,633.89,174.531,110568.15529
BNBUSDT,1776535800000,2026-04-18 18:10:00,2026-04-19 03:10:00,633.9,634.05,633.79,633.86,103.69,65731.02282
BNBUSDT,1776536100000,2026-04-18 18:15:00,2026-04-19 03:15:00,633.87,633.87,632.62,632.63,189.135,119766.99993
BNBUSDT,1776536400000,2026-04-18 18:20:00,2026-04-19 03:20:00,632.63,632.7,632.09,632.1,186.167,117737.24319
BNBUSDT,1776536700000,2026-04-18 18:25:00,2026-04-19 03:25:00,632.09,632.59,631.9,632.24,191.352,120979.91823
BNBUSDT,1776537000000,2026-04-18 18:30:00,2026-04-19 03:30:00,632.25,632.44,630.6,631.12,1174.332,741341.86012
BNBUSDT,1776537300000,2026-04-18 18:35:00,2026-04-19 03:35:00,631.12,631.41,630.2,630.53,851.49,537100.01796
BNBUSDT,1776537600000,2026-04-18 18:40:00,2026-04-19 03:40:00,630.54,630.54,629.49,630.46,1024.524,645492.23921
BNBUSDT,1776537900000,2026-04-18 18:45:00,2026-04-19 03:45:00,630.46,631.41,630.04,630.25,430.998,271808.71771
BNBUSDT,1776538200000,2026-04-18 18:50:00,2026-04-19 03:50:00,630.25,630.37,629.37,629.38,288.08,181496.66014
BNBUSDT,1776538500000,2026-04-18 18:55:00,2026-04-19 03:55:00,629.38,629.92,629.09,629.56,358.216,225476.5507
BNBUSDT,1776538800000,2026-04-18 19:00:00,2026-04-19 04:00:00,629.57,631.28,629.54,631.09,320.485,202079.99141
BNBUSDT,1776539100000,2026-04-18 19:05:00,2026-04-19 04:05:00,631.08,631.25,630.74,630.82,194.363,122640.00456
BNBUSDT,1776539400000,2026-04-18 19:10:00,2026-04-19 04:10:00,630.82,631.25,630.69,630.84,265.974,167821.87835
BNBUSDT,1776539700000,2026-04-18 19:15:00,2026-04-19 04:15:00,630.84,630.96,630.48,630.48,327.581,206612.32478
BNBUSDT,1776540000000,2026-04-18 19:20:00,2026-04-19 04:20:00,630.49,630.68,629.27,629.46,190.1,119754.62653
BNBUSDT,1776540300000,2026-04-18 19:25:00,2026-04-19 04:25:00,629.46,629.87,629.46,629.7,169.909,106982.38763
BNBUSDT,1776540600000,2026-04-18 19:30:00,2026-04-19 04:30:00,629.7,629.8,628.58,628.76,355.978,224017.72975
BNBUSDT,1776540900000,2026-04-18 19:35:00,2026-04-19 04:35:00,628.76,628.78,628.03,628.31,574.813,361199.52808
BNBUSDT,1776541200000,2026-04-18 19:40:00,2026-04-19 04:40:00,628.31,629,628.2,628.82,352.743,221670.19076
BNBUSDT,1776541500000,2026-04-18 19:45:00,2026-04-19 04:45:00,628.82,629.87,628.71,629.85,117.785,74121.19731
BNBUSDT,1776541800000,2026-04-18 19:50:00,2026-04-19 04:50:00,629.85,630.23,629.7,629.76,100.324,63207.49589
BNBUSDT,1776542100000,2026-04-18 19:55:00,2026-04-19 04:55:00,629.75,630.69,629.75,630.39,147.494,92966.71788
BNBUSDT,1776542400000,2026-04-18 20:00:00,2026-04-19 05:00:00,630.39,630.55,629.84,629.95,170.479,107424.59061
BNBUSDT,1776542700000,2026-04-18 20:05:00,2026-04-19 05:05:00,629.95,630.68,629.95,630.36,165.775,104498.90511
BNBUSDT,1776543000000,2026-04-18 20:10:00,2026-04-19 05:10:00,630.36,630.42,629.9,629.93,238.698,150392.64253
BNBUSDT,1776543300000,2026-04-18 20:15:00,2026-04-19 05:15:00,629.93,630.58,629.77,629.77,225.717,142246.57095
BNBUSDT,1776543600000,2026-04-18 20:20:00,2026-04-19 05:20:00,629.77,630.11,629.71,630.08,214.712,135237.61569
BNBUSDT,1776543900000,2026-04-18 20:25:00,2026-04-19 05:25:00,630.09,630.24,630,630.12,77.502,48834.09991
BNBUSDT,1776544200000,2026-04-18 20:30:00,2026-04-19 05:30:00,630.13,630.8,630.13,630.79,101.321,63890.12557
BNBUSDT,1776544500000,2026-04-18 20:35:00,2026-04-19 05:35:00,630.79,630.84,630.28,630.69,138.413,87264.73271
BNBUSDT,1776544800000,2026-04-18 20:40:00,2026-04-19 05:40:00,630.69,631.07,630.62,631.07,107.125,67577.6526
BNBUSDT,1776545100000,2026-04-18 20:45:00,2026-04-19 05:45:00,631.07,631.55,631.06,631.32,190.091,120007.26538
BNBUSDT,1776545400000,2026-04-18 20:50:00,2026-04-19 05:50:00,631.33,631.4,630.76,630.88,208.688,131707.67252
BNBUSDT,1776545700000,2026-04-18 20:55:00,2026-04-19 05:55:00,630.88,630.88,630.22,630.22,215.621,135935.32034
BNBUSDT,1776546000000,2026-04-18 21:00:00,2026-04-19 06:00:00,630.23,631.07,630.12,630.71,202.798,127915.76336
BNBUSDT,1776546300000,2026-04-18 21:05:00,2026-04-19 06:05:00,630.71,630.94,630.58,630.88,75.855,47846.90615
BNBUSDT,1776546600000,2026-04-18 21:10:00,2026-04-19 06:10:00,630.88,630.88,630.22,630.55,148.934,93915.78472
BNBUSDT,1776546900000,2026-04-18 21:15:00,2026-04-19 06:15:00,630.54,630.75,630.12,630.13,93.914,59205.04286
BNBUSDT,1776547200000,2026-04-18 21:20:00,2026-04-19 06:20:00,630.12,630.23,629.7,630.19,247.854,156135.34181
BNBUSDT,1776547500000,2026-04-18 21:25:00,2026-04-19 06:25:00,630.19,631.4,630.05,631.35,274.507,173183.75175
BNBUSDT,1776547800000,2026-04-18 21:30:00,2026-04-19 06:30:00,631.35,631.35,630.99,631.03,233.496,147382.08892
BNBUSDT,1776548100000,2026-04-18 21:35:00,2026-04-19 06:35:00,631.04,631.27,631.03,631.04,98.672,62272.69113
BNBUSDT,1776548400000,2026-04-18 21:40:00,2026-04-19 06:40:00,631.04,631.71,630.9,631.46,163.537,103228.55637
BNBUSDT,1776548700000,2026-04-18 21:45:00,2026-04-19 06:45:00,631.46,631.81,631.45,631.7,111.819,70632.21274
BNBUSDT,1776549000000,2026-04-18 21:50:00,2026-04-19 06:50:00,631.7,631.7,631.34,631.64,68.938,43533.69853
BNBUSDT,1776549300000,2026-04-18 21:55:00,2026-04-19 06:55:00,631.64,631.84,631.64,631.79,67.32,42531.20686
BNBUSDT,1776549600000,2026-04-18 22:00:00,2026-04-19 07:00:00,631.79,631.79,629.86,630,1045.643,659226.82884
BNBUSDT,1776549900000,2026-04-18 22:05:00,2026-04-19 07:05:00,630,630.45,629.79,629.89,937.3,590610.94425
BNBUSDT,1776550200000,2026-04-18 22:10:00,2026-04-19 07:10:00,629.89,629.94,629.69,629.71,103.908,65446.60225
BNBUSDT,1776550500000,2026-04-18 22:15:00,2026-04-19 07:15:00,629.71,630.23,629.71,630.05,152.984,96389.19417
BNBUSDT,1776550800000,2026-04-18 22:20:00,2026-04-19 07:20:00,630.05,630.24,629.91,630.23,63.244,39850.40005
BNBUSDT,1776551100000,2026-04-18 22:25:00,2026-04-19 07:25:00,630.23,630.33,630.19,630.32,89.931,56681.33663
BNBUSDT,1776551400000,2026-04-18 22:30:00,2026-04-19 07:30:00,630.33,630.81,630.33,630.81,86.203,54363.72007
BNBUSDT,1776551700000,2026-04-18 22:35:00,2026-04-19 07:35:00,630.8,631.09,630.4,630.41,197.388,124533.79868
BNBUSDT,1776552000000,2026-04-18 22:40:00,2026-04-19 07:40:00,630.41,630.54,630.31,630.44,88.611,55863.73967
BNBUSDT,1776552300000,2026-04-18 22:45:00,2026-04-19 07:45:00,630.44,631.02,630.43,630.98,129.798,81865.30013
BNBUSDT,1776552600000,2026-04-18 22:50:00,2026-04-19 07:50:00,630.99,631.11,630.78,630.89,88.125,55598.78945
BNBUSDT,1776552900000,2026-04-18 22:55:00,2026-04-19 07:55:00,630.88,631.01,630.81,630.89,82.294,51917.26716
BNBUSDT,1776553200000,2026-04-18 23:00:00,2026-04-19 08:00:00,630.88,631.49,630.88,631.41,61.935,39094.80645
BNBUSDT,1776553500000,2026-04-18 23:05:00,2026-04-19 08:05:00,631.42,631.66,631.17,631.25,193.941,122466.52212
BNBUSDT,1776553800000,2026-04-18 23:10:00,2026-04-19 08:10:00,631.25,631.32,631.13,631.2,80.044,50527.67005
BNBUSDT,1776554100000,2026-04-18 23:15:00,2026-04-19 08:15:00,631.2,631.29,630.9,631.03,250.021,157780.47979
BNBUSDT,1776554400000,2026-04-18 23:20:00,2026-04-19 08:20:00,631.03,631.03,630.86,630.95,80.424,50740.98319
BNBUSDT,1776554700000,2026-04-18 23:25:00,2026-04-19 08:25:00,630.96,631.02,630.74,630.75,88.433,55794.38987
BNBUSDT,1776555000000,2026-04-18 23:30:00,2026-04-19 08:30:00,630.74,630.75,630.22,630.33,58.165,36674.26545
BNBUSDT,1776555300000,2026-04-18 23:35:00,2026-04-19 08:35:00,630.33,630.34,629.93,629.94,90.333,56923.51147
BNBUSDT,1776555600000,2026-04-18 23:40:00,2026-04-19 08:40:00,629.94,630.46,629.93,630.44,129.065,81339.88088
BNBUSDT,1776555900000,2026-04-18 23:45:00,2026-04-19 08:45:00,630.44,630.78,630.43,630.69,99.433,62703.97062
BNBUSDT,1776556200000,2026-04-18 23:50:00,2026-04-19 08:50:00,630.69,630.69,630.05,630.06,115.337,72709.34506
BNBUSDT,1776556500000,2026-04-18 23:55:00,2026-04-19 08:55:00,630.06,630.15,629.73,629.9,112.949,71153.24788
BNBUSDT,1776556800000,2026-04-19 00:00:00,2026-04-19 09:00:00,629.9,630.2,629.8,630.07,150.02,94505.07369
BNBUSDT,1776557100000,2026-04-19 00:05:00,2026-04-19 09:05:00,630.07,630.33,630.07,630.31,114.786,72343.50053
BNBUSDT,1776557400000,2026-04-19 00:10:00,2026-04-19 09:10:00,630.31,630.36,629.88,630.22,164.682,103766.68132
BNBUSDT,1776557700000,2026-04-19 00:15:00,2026-04-19 09:15:00,630.21,630.21,629.42,629.85,145.302,91514.69915
BNBUSDT,1776558000000,2026-04-19 00:20:00,2026-04-19 09:20:00,629.85,630.03,629.16,629.18,257.93,162372.21743
BNBUSDT,1776558300000,2026-04-19 00:25:00,2026-04-19 09:25:00,629.17,629.32,628.67,629.07,302.036,189968.76491
BNBUSDT,1776558600000,2026-04-19 00:30:00,2026-04-19 09:30:00,629.07,629.78,629.01,629.24,282.924,178091.37912
BNBUSDT,1776558900000,2026-04-19 00:35:00,2026-04-19 09:35:00,629.24,629.3,628.53,628.68,159.383,100233.0245
BNBUSDT,1776559200000,2026-04-19 00:40:00,2026-04-19 09:40:00,628.68,628.7,628.36,628.69,170.544,107189.80255
BNBUSDT,1776559500000,2026-04-19 00:45:00,2026-04-19 09:45:00,628.7,629.63,628.7,629.56,189.772,119391.78681
BNBUSDT,1776559800000,2026-04-19 00:50:00,2026-04-19 09:50:00,629.55,629.68,629.31,629.32,160.788,101211.13566
BNBUSDT,1776560100000,2026-04-19 00:55:00,2026-04-19 09:55:00,629.31,629.32,629,629.31,247.462,155705.32679
BNBUSDT,1776560400000,2026-04-19 01:00:00,2026-04-19 10:00:00,629.32,630.43,629.31,630.12,201.497,126969.24313
BNBUSDT,1776560700000,2026-04-19 01:05:00,2026-04-19 10:05:00,630.11,630.11,629.36,629.37,74.501,46923.13825
BNBUSDT,1776561000000,2026-04-19 01:10:00,2026-04-19 10:10:00,629.36,629.37,628.94,629.24,174.573,109825.45146
BNBUSDT,1776561300000,2026-04-19 01:15:00,2026-04-19 10:15:00,629.24,629.46,628.85,628.97,156.99,98766.12368
BNBUSDT,1776561600000,2026-04-19 01:20:00,2026-04-19 10:20:00,628.97,628.97,628.67,628.78,183.24,115215.38723
BNBUSDT,1776561900000,2026-04-19 01:25:00,2026-04-19 10:25:00,628.78,628.89,627.56,627.98,1522.119,956062.23678
BNBUSDT,1776562200000,2026-04-19 01:30:00,2026-04-19 10:30:00,627.98,628.51,627.91,627.91,180.922,113638.80858
BNBUSDT,1776562500000,2026-04-19 01:35:00,2026-04-19 10:35:00,627.92,628.1,627.47,627.57,257.011,161327.48653
BNBUSDT,1776562800000,2026-04-19 01:40:00,2026-04-19 10:40:00,627.58,627.92,627.58,627.67,160.37,100671.3328
BNBUSDT,1776563100000,2026-04-19 01:45:00,2026-04-19 10:45:00,627.67,628.31,627.66,627.89,379.185,238067.54507
BNBUSDT,1776563400000,2026-04-19 01:50:00,2026-04-19 10:50:00,627.89,628.35,627.88,628.34,302.993,190283.86555
BNBUSDT,1776563700000,2026-04-19 01:55:00,2026-04-19 10:55:00,628.34,628.35,628.06,628.07,90.645,56941.36483
BNBUSDT,1776564000000,2026-04-19 02:00:00,2026-04-19 11:00:00,628.06,628.07,627.32,627.72,296.497,186100.21858
BNBUSDT,1776564300000,2026-04-19 02:05:00,2026-04-19 11:05:00,627.73,627.75,627.33,627.37,240.765,151080.92808
BNBUSDT,1776564600000,2026-04-19 02:10:00,2026-04-19 11:10:00,627.37,627.51,627.26,627.51,97.998,61480.63205
BNBUSDT,1776564900000,2026-04-19 02:15:00,2026-04-19 11:15:00,627.51,627.72,627.23,627.23,138.761,87065.16015
BNBUSDT,1776565200000,2026-04-19 02:20:00,2026-04-19 11:20:00,627.23,627.61,625,625.03,1118.305,700292.17176
BNBUSDT,1776565500000,2026-04-19 02:25:00,2026-04-19 11:25:00,625.02,625.02,624.05,624.46,1191.268,744033.1296
BNBUSDT,1776565800000,2026-04-19 02:30:00,2026-04-19 11:30:00,624.45,624.53,623.88,623.88,639.462,399099.6669
BNBUSDT,1776566100000,2026-04-19 02:35:00,2026-04-19 11:35:00,623.89,624.13,623.55,624.12,864.082,539034.11475
BNBUSDT,1776566400000,2026-04-19 02:40:00,2026-04-19 11:40:00,624.13,626.23,624.13,625.92,531.657,332409.71053
BNBUSDT,1776566700000,2026-04-19 02:45:00,2026-04-19 11:45:00,625.93,626.3,625.11,625.19,462.944,289668.34628
BNBUSDT,1776567000000,2026-04-19 02:50:00,2026-04-19 11:50:00,625.18,625.45,624.89,625.37,330.926,206866.43371
BNBUSDT,1776567300000,2026-04-19 02:55:00,2026-04-19 11:55:00,625.37,625.78,625.03,625.04,208.819,130627.90862
BNBUSDT,1776567600000,2026-04-19 03:00:00,2026-04-19 12:00:00,625.03,625.2,624.04,624.35,324.214,202495.40947
BNBUSDT,1776567900000,2026-04-19 03:05:00,2026-04-19 12:05:00,624.35,624.35,621.08,621.98,1748.031,1087783.79076
BNBUSDT,1776568200000,2026-04-19 03:10:00,2026-04-19 12:10:00,621.98,623.35,621.97,623.35,313.239,194999.5368
BNBUSDT,1776568500000,2026-04-19 03:15:00,2026-04-19 12:15:00,623.35,623.55,623.29,623.32,307.856,191920.26442
BNBUSDT,1776568800000,2026-04-19 03:20:00,2026-04-19 12:20:00,623.31,623.74,623.14,623.68,273.282,170369.72668
BNBUSDT,1776569100000,2026-04-19 03:25:00,2026-04-19 12:25:00,623.69,624.14,623.58,624.14,198.755,124008.94665
BNBUSDT,1776569400000,2026-04-19 03:30:00,2026-04-19 12:30:00,624.14,624.84,623.94,624.84,171.29,106938.00483
BNBUSDT,1776569700000,2026-04-19 03:35:00,2026-04-19 12:35:00,624.83,625.15,624.78,624.96,128.555,80337.80288
BNBUSDT,1776570000000,2026-04-19 03:40:00,2026-04-19 12:40:00,624.96,625.29,624.64,625.22,252.28,157677.67023
BNBUSDT,1776570300000,2026-04-19 03:45:00,2026-04-19 12:45:00,625.21,625.3,624.8,624.86,176.26,110170.48756
BNBUSDT,1776570600000,2026-04-19 03:50:00,2026-04-19 12:50:00,624.87,624.95,624.19,624.23,81.667,51006.06704
BNBUSDT,1776570900000,2026-04-19 03:55:00,2026-04-19 12:55:00,624.22,624.28,623.18,623.26,250.477,156218.11284
BNBUSDT,1776571200000,2026-04-19 04:00:00,2026-04-19 13:00:00,623.26,623.52,622.89,623.47,434.261,270611.36946
BNBUSDT,1776571500000,2026-04-19 04:05:00,2026-04-19 13:05:00,623.47,623.71,623.47,623.51,130.189,81186.49847
BNBUSDT,1776571800000,2026-04-19 04:10:00,2026-04-19 13:10:00,623.5,624.72,623.5,624.39,228.974,142952.68571
BNBUSDT,1776572100000,2026-04-19 04:15:00,2026-04-19 13:15:00,624.39,624.53,624.11,624.18,324.37,202521.05706
BNBUSDT,1776572400000,2026-04-19 04:20:00,2026-04-19 13:20:00,624.19,624.45,624.06,624.39,160.15,99976.34565
BNBUSDT,1776572700000,2026-04-19 04:25:00,2026-04-19 13:25:00,624.4,624.59,624.11,624.28,203.241,126903.07534
BNBUSDT,1776573000000,2026-04-19 04:30:00,2026-04-19 13:30:00,624.28,624.29,623,623.09,276.973,172640.43844
BNBUSDT,1776573300000,2026-04-19 04:35:00,2026-04-19 13:35:00,623.09,623.09,622.4,622.4,457.433,284898.99608
BNBUSDT,1776573600000,2026-04-19 04:40:00,2026-04-19 13:40:00,622.4,622.4,620.48,621.32,822.151,510856.83373
BNBUSDT,1776573900000,2026-04-19 04:45:00,2026-04-19 13:45:00,621.31,622.01,621.24,621.81,301.03,187158.83798
BNBUSDT,1776574200000,2026-04-19 04:50:00,2026-04-19 13:50:00,621.8,622.85,621.65,622.11,232.572,144710.79705
BNBUSDT,1776574500000,2026-04-19 04:55:00,2026-04-19 13:55:00,622.1,622.47,622.04,622.06,264.867,164816.23793
BNBUSDT,1776574800000,2026-04-19 05:00:00,2026-04-19 14:00:00,622.06,622.71,622,622.42,683.434,425314.45997
BNBUSDT,1776575100000,2026-04-19 05:05:00,2026-04-19 14:05:00,622.41,622.66,622.2,622.36,245.882,153024.37551
BNBUSDT,1776575400000,2026-04-19 05:10:00,2026-04-19 14:10:00,622.37,622.85,622.36,622.69,144.984,90265.02301
BNBUSDT,1776575700000,2026-04-19 05:15:00,2026-04-19 14:15:00,622.69,622.69,621.84,622.26,227.13,141337.11977
BNBUSDT,1776576000000,2026-04-19 05:20:00,2026-04-19 14:20:00,622.26,622.77,622.24,622.69,192.359,119761.83618
BNBUSDT,1776576300000,2026-04-19 05:25:00,2026-04-19 14:25:00,622.68,622.69,622.43,622.54,118.07,73509.13724
BNBUSDT,1776576600000,2026-04-19 05:30:00,2026-04-19 14:30:00,622.55,623.49,622.55,623.3,1192.504,742719.31657
BNBUSDT,1776576900000,2026-04-19 05:35:00,2026-04-19 14:35:00,623.29,623.43,622.79,622.98,193.977,120897.01884
BNBUSDT,1776577200000,2026-04-19 05:40:00,2026-04-19 14:40:00,622.97,622.97,622.56,622.88,296.536,184692.66616
BNBUSDT,1776577500000,2026-04-19 05:45:00,2026-04-19 14:45:00,622.88,623.19,622.74,623.18,121.137,75460.0007
BNBUSDT,1776577800000,2026-04-19 05:50:00,2026-04-19 14:50:00,623.19,623.25,622.72,622.85,83.647,52114.07792
BNBUSDT,1776578100000,2026-04-19 05:55:00,2026-04-19 14:55:00,622.85,622.91,622.58,622.65,152.685,95086.47717
BNBUSDT,1776578400000,2026-04-19 06:00:00,2026-04-19 15:00:00,622.65,622.73,621.88,621.98,249.85,155511.81803
BNBUSDT,1776578700000,2026-04-19 06:05:00,2026-04-19 15:05:00,621.99,622.53,621.47,621.74,276.452,171947.81975
BNBUSDT,1776579000000,2026-04-19 06:10:00,2026-04-19 15:10:00,621.75,622.2,620.8,620.85,812.47,504982.51231
BNBUSDT,1776579300000,2026-04-19 06:15:00,2026-04-19 15:15:00,620.85,621.22,619.77,620.7,2136.629,1325425.08914
BNBUSDT,1776579600000,2026-04-19 06:20:00,2026-04-19 15:20:00,620.69,621.52,620.62,621.52,267.226,165982.49157
BNBUSDT,1776579900000,2026-04-19 06:25:00,2026-04-19 15:25:00,621.52,621.97,621.52,621.81,156.814,97495.7245
BNBUSDT,1776580200000,2026-04-19 06:30:00,2026-04-19 15:30:00,621.81,623.11,621.81,622.84,352.116,219251.80313
BNBUSDT,1776580500000,2026-04-19 06:35:00,2026-04-19 15:35:00,622.84,623.55,622.84,623.16,332.789,207369.23448
BNBUSDT,1776580800000,2026-04-19 06:40:00,2026-04-19 15:40:00,623.16,623.4,623.04,623.04,275.406,171645.40622
BNBUSDT,1776581100000,2026-04-19 06:45:00,2026-04-19 15:45:00,623.05,623.25,622.99,623.15,100.654,62721.88878
BNBUSDT,1776581400000,2026-04-19 06:50:00,2026-04-19 15:50:00,623.14,623.25,622.7,622.71,118.624,73908.72571
BNBUSDT,1776581700000,2026-04-19 06:55:00,2026-04-19 15:55:00,622.71,622.81,622.66,622.81,94.454,58820.17342
BNBUSDT,1776582000000,2026-04-19 07:00:00,2026-04-19 16:00:00,622.81,622.82,622.53,622.6,141.56,88148.5937
BNBUSDT,1776582300000,2026-04-19 07:05:00,2026-04-19 16:05:00,622.59,622.67,621.54,621.59,124.191,77256.37526
BNBUSDT,1776582600000,2026-04-19 07:10:00,2026-04-19 16:10:00,621.59,621.94,621.44,621.53,207.427,128963.48074
BNBUSDT,1776582900000,2026-04-19 07:15:00,2026-04-19 16:15:00,621.53,621.68,620.32,620.56,233.049,144729.6453
BNBUSDT,1776583200000,2026-04-19 07:20:00,2026-04-19 16:20:00,620.55,620.75,618.1,619.29,1818.189,1125629.71347
BNBUSDT,1776583500000,2026-04-19 07:25:00,2026-04-19 16:25:00,619.29,619.45,618.43,618.62,399.096,247002.1943
BNBUSDT,1776583800000,2026-04-19 07:30:00,2026-04-19 16:30:00,618.61,619.58,618.34,619.47,386.556,239335.08613
BNBUSDT,1776584100000,2026-04-19 07:35:00,2026-04-19 16:35:00,619.48,619.82,618.48,619.36,473.549,293234.15553
BNBUSDT,1776584400000,2026-04-19 07:40:00,2026-04-19 16:40:00,619.37,621.19,619.36,620.69,617.054,382831.78604
BNBUSDT,1776584700000,2026-04-19 07:45:00,2026-04-19 16:45:00,620.7,620.74,620.45,620.55,225.129,139720.18405
BNBUSDT,1776585000000,2026-04-19 07:50:00,2026-04-19 16:50:00,620.55,620.85,620.24,620.53,279.815,173637.48775
BNBUSDT,1776585300000,2026-04-19 07:55:00,2026-04-19 16:55:00,620.52,620.98,620.31,620.32,253.442,157275.63737
BNBUSDT,1776585600000,2026-04-19 08:00:00,2026-04-19 17:00:00,620.32,620.32,618,619.2,1205.858,746728.30436
BNBUSDT,1776585900000,2026-04-19 08:05:00,2026-04-19 17:05:00,619.2,619.33,619.1,619.12,275.884,170831.3444
BNBUSDT,1776586200000,2026-04-19 08:10:00,2026-04-19 17:10:00,619.12,619.94,618.95,619.25,677.522,419672.15302
BNBUSDT,1776586500000,2026-04-19 08:15:00,2026-04-19 17:15:00,619.26,620.3,619.17,620.3,344.236,213389.10111
BNBUSDT,1776586800000,2026-04-19 08:20:00,2026-04-19 17:20:00,620.3,620.48,620.15,620.42,239.77,148743.05237
BNBUSDT,1776587100000,2026-04-19 08:25:00,2026-04-19 17:25:00,620.43,620.88,620.36,620.36,228.278,141668.43134
BNBUSDT,1776587400000,2026-04-19 08:30:00,2026-04-19 17:30:00,620.37,620.8,619.9,620.79,253.976,157542.11058
BNBUSDT,1776587700000,2026-04-19 08:35:00,2026-04-19 17:35:00,620.79,621.21,620.65,620.82,507.733,315275.25788
BNBUSDT,1776588000000,2026-04-19 08:40:00,2026-04-19 17:40:00,620.81,620.98,620.76,620.86,161.825,100467.57777
BNBUSDT,1776588300000,2026-04-19 08:45:00,2026-04-19 17:45:00,620.87,621.21,620.85,621.12,182.409,113279.88229
BNBUSDT,1776588600000,2026-04-19 08:50:00,2026-04-19 17:50:00,621.12,621.47,620.71,621.33,183.921,114239.22838
BNBUSDT,1776588900000,2026-04-19 08:55:00,2026-04-19 17:55:00,621.33,621.46,621.05,621.23,243.089,151020.66131
BNBUSDT,1776589200000,2026-04-19 09:00:00,2026-04-19 18:00:00,621.23,621.53,621.07,621.47,311.943,193816.15006
BNBUSDT,1776589500000,2026-04-19 09:05:00,2026-04-19 18:05:00,621.46,621.6,620.74,620.88,311.974,193751.73215
BNBUSDT,1776589800000,2026-04-19 09:10:00,2026-04-19 18:10:00,620.89,621.35,620.8,621.35,146.837,91181.97725
BNBUSDT,1776590100000,2026-04-19 09:15:00,2026-04-19 18:15:00,621.35,621.36,620.94,621.22,246.357,153023.91148
BNBUSDT,1776590400000,2026-04-19 09:20:00,2026-04-19 18:20:00,621.22,621.23,620.53,620.53,231.917,143979.96565
BNBUSDT,1776590700000,2026-04-19 09:25:00,2026-04-19 18:25:00,620.53,620.54,619.24,620.26,600.713,372381.66041
BNBUSDT,1776591000000,2026-04-19 09:30:00,2026-04-19 18:30:00,620.25,620.79,619.93,620.2,288.487,178981.03419
BNBUSDT,1776591300000,2026-04-19 09:35:00,2026-04-19 18:35:00,620.21,620.33,619.62,619.62,430.58,266923.59688
BNBUSDT,1776591600000,2026-04-19 09:40:00,2026-04-19 18:40:00,619.63,619.98,619.62,619.67,230.398,142789.10972
BNBUSDT,1776591900000,2026-04-19 09:45:00,2026-04-19 18:45:00,619.67,619.67,619.08,619.29,273.019,169101.664
BNBUSDT,1776592200000,2026-04-19 09:50:00,2026-04-19 18:50:00,619.28,619.84,619.25,619.84,173.119,107237.51299
BNBUSDT,1776592500000,2026-04-19 09:55:00,2026-04-19 18:55:00,619.84,620.11,619.49,619.89,231.818,143701.33036
BNBUSDT,1776592800000,2026-04-19 10:00:00,2026-04-19 19:00:00,619.89,620.21,619.31,619.84,332.526,206116.43144
BNBUSDT,1776593100000,2026-04-19 10:05:00,2026-04-19 19:05:00,619.83,619.87,619.26,619.53,222.582,137896.82237
BNBUSDT,1776593400000,2026-04-19 10:10:00,2026-04-19 19:10:00,619.52,619.84,619.4,619.73,203.379,126035.19824
BNBUSDT,1776593700000,2026-04-19 10:15:00,2026-04-19 19:15:00,619.73,619.73,619.23,619.49,197.48,122327.6076
BNBUSDT,1776594000000,2026-04-19 10:20:00,2026-04-19 19:20:00,619.5,620.11,619.46,619.62,120.924,74948.48401
BNBUSDT,1776594300000,2026-04-19 10:25:00,2026-04-19 19:25:00,619.62,620.08,619.62,619.97,184.286,114245.09253
BNBUSDT,1776594600000,2026-04-19 10:30:00,2026-04-19 19:30:00,619.98,620.37,619.86,620.37,170.335,105618.446
BNBUSDT,1776594900000,2026-04-19 10:35:00,2026-04-19 19:35:00,620.36,620.36,619.4,619.4,312.801,193933.1628
BNBUSDT,1776595200000,2026-04-19 10:40:00,2026-04-19 19:40:00,619.41,620.11,619.17,620.02,320.424,198554.05653
BNBUSDT,1776595500000,2026-04-19 10:45:00,2026-04-19 19:45:00,620.01,620.33,619.89,620.24,226.142,140241.49733
BNBUSDT,1776595800000,2026-04-19 10:50:00,2026-04-19 19:50:00,620.25,620.86,620.13,620.34,406.804,252379.65681
BNBUSDT,1776596100000,2026-04-19 10:55:00,2026-04-19 19:55:00,620.33,620.61,620.19,620.35,217.366,134857.30798
BNBUSDT,1776596400000,2026-04-19 11:00:00,2026-04-19 20:00:00,620.35,620.96,620.16,620.81,336.338,208757.03704
BNBUSDT,1776596700000,2026-04-19 11:05:00,2026-04-19 20:05:00,620.8,622.38,620.48,622.38,421.603,261926.32149
BNBUSDT,1776597000000,2026-04-19 11:10:00,2026-04-19 20:10:00,622.37,622.99,621.74,622.81,680.441,423548.32218
BNBUSDT,1776597300000,2026-04-19 11:15:00,2026-04-19 20:15:00,622.81,623.33,621.84,621.84,430.735,268235.41052
BNBUSDT,1776597600000,2026-04-19 11:20:00,2026-04-19 20:20:00,621.85,622.16,621.49,621.99,243.981,151741.27898
BNBUSDT,1776597900000,2026-04-19 11:25:00,2026-04-19 20:25:00,621.98,622.06,621.45,621.5,257.926,160348.74008
BNBUSDT,1776598200000,2026-04-19 11:30:00,2026-04-19 20:30:00,621.5,622.43,621.49,622.06,202.75,126119.95897
BNBUSDT,1776598500000,2026-04-19 11:35:00,2026-04-19 20:35:00,622.07,622.45,621.96,622.06,175.306,109076.70478
BNBUSDT,1776598800000,2026-04-19 11:40:00,2026-04-19 20:40:00,622.06,622.61,622.03,622.45,164.174,102152.04174
BNBUSDT,1776599100000,2026-04-19 11:45:00,2026-04-19 20:45:00,622.44,622.52,622.19,622.27,145.164,90339.67124
BNBUSDT,1776599400000,2026-04-19 11:50:00,2026-04-19 20:50:00,622.27,622.64,622.01,622.52,192.325,119686.47946
BNBUSDT,1776599700000,2026-04-19 11:55:00,2026-04-19 20:55:00,622.51,622.75,622.26,622.4,345.037,214760.08947
BNBUSDT,1776600000000,2026-04-19 12:00:00,2026-04-19 21:00:00,622.4,622.9,622.3,622.87,261.195,162605.41188
BNBUSDT,1776600300000,2026-04-19 12:05:00,2026-04-19 21:05:00,622.87,623.19,622.53,623.15,441.948,275265.95408
BNBUSDT,1776600600000,2026-04-19 12:10:00,2026-04-19 21:10:00,623.16,623.32,622.4,623.23,468.562,291857.75882
BNBUSDT,1776600900000,2026-04-19 12:15:00,2026-04-19 21:15:00,623.24,623.3,622.99,623.09,226.656,141236.63727
BNBUSDT,1776601200000,2026-04-19 12:20:00,2026-04-19 21:20:00,623.08,623.18,622.74,622.81,277.218,172698.91536
BNBUSDT,1776601500000,2026-04-19 12:25:00,2026-04-19 21:25:00,622.81,622.83,622.5,622.64,169.126,105305.38772
BNBUSDT,1776601800000,2026-04-19 12:30:00,2026-04-19 21:30:00,622.64,622.73,622.09,622.72,188.422,117279.23477
BNBUSDT,1776602100000,2026-04-19 12:35:00,2026-04-19 21:35:00,622.73,622.74,622.36,622.39,187.573,116770.57516
BNBUSDT,1776602400000,2026-04-19 12:40:00,2026-04-19 21:40:00,622.39,622.51,622.06,622.35,258.828,161068.68732
BNBUSDT,1776602700000,2026-04-19 12:45:00,2026-04-19 21:45:00,622.36,623.04,622.36,623.04,379.709,236442.59491
BNBUSDT,1776603000000,2026-04-19 12:50:00,2026-04-19 21:50:00,623.05,623.27,622.62,623.17,179.302,111692.90019
BNBUSDT,1776603300000,2026-04-19 12:55:00,2026-04-19 21:55:00,623.18,623.92,623.07,623.23,273.206,170345.16772
BNBUSDT,1776603600000,2026-04-19 13:00:00,2026-04-19 22:00:00,623.23,624.04,623.1,624.04,351.415,219101.31752
BNBUSDT,1776603900000,2026-04-19 13:05:00,2026-04-19 22:05:00,624.04,624.49,623.82,624.48,629.933,393236.56912
BNBUSDT,1776604200000,2026-04-19 13:10:00,2026-04-19 22:10:00,624.48,624.49,623.79,624.27,239.487,149460.86391
BNBUSDT,1776604500000,2026-04-19 13:15:00,2026-04-19 22:15:00,624.27,625.24,624.15,625.03,603.051,376748.11288
BNBUSDT,1776604800000,2026-04-19 13:20:00,2026-04-19 22:20:00,625.04,626.23,624.71,625.19,708.751,443345.63067
BNBUSDT,1776605100000,2026-04-19 13:25:00,2026-04-19 22:25:00,625.19,625.86,625,625.25,890.098,556635.19553
BNBUSDT,1776605400000,2026-04-19 13:30:00,2026-04-19 22:30:00,625.26,625.8,625.25,625.67,427.93,267687.42064
BNBUSDT,1776605700000,2026-04-19 13:35:00,2026-04-19 22:35:00,625.67,625.74,625,625.62,255.197,159606.13603
BNBUSDT,1776606000000,2026-04-19 13:40:00,2026-04-19 22:40:00,625.63,625.79,625.03,625.59,239.613,149854.13622
BNBUSDT,1776606300000,2026-04-19 13:45:00,2026-04-19 22:45:00,625.59,625.59,624.54,624.89,454.201,283929.49231
BNBUSDT,1776606600000,2026-04-19 13:50:00,2026-04-19 22:50:00,624.89,625.35,624.89,625.03,403.663,252370.50229
BNBUSDT,1776606900000,2026-04-19 13:55:00,2026-04-19 22:55:00,625.04,625.42,624.91,625.16,353.933,221283.77171
BNBUSDT,1776607200000,2026-04-19 14:00:00,2026-04-19 23:00:00,625.15,625.69,624.01,624.5,435.484,272168.559
BNBUSDT,1776607500000,2026-04-19 14:05:00,2026-04-19 23:05:00,624.49,624.5,623.68,623.79,307.346,191782.80831
BNBUSDT,1776607800000,2026-04-19 14:10:00,2026-04-19 23:10:00,623.8,624.51,623.78,624.43,168.078,104900.90466
BNBUSDT,1776608100000,2026-04-19 14:15:00,2026-04-19 23:15:00,624.44,625.45,624.28,625.15,267.597,167200.26864
BNBUSDT,1776608400000,2026-04-19 14:20:00,2026-04-19 23:20:00,625.15,625.71,625.07,625.53,334.646,209259.18542
BNBUSDT,1776608700000,2026-04-19 14:25:00,2026-04-19 23:25:00,625.53,626.73,625.52,626.54,351.193,219956.89636
BNBUSDT,1776609000000,2026-04-19 14:30:00,2026-04-19 23:30:00,626.54,626.96,625.6,626.01,314.566,196993.34757
BNBUSDT,1776609300000,2026-04-19 14:35:00,2026-04-19 23:35:00,626.01,626.58,625.89,626.57,242.577,151877.0458
BNBUSDT,1776609600000,2026-04-19 14:40:00,2026-04-19 23:40:00,626.58,627.05,626.58,627,227.902,142852.59879
BNBUSDT,1776609900000,2026-04-19 14:45:00,2026-04-19 23:45:00,627.01,628.3,626.82,628.2,615.276,386215.1735
BNBUSDT,1776610200000,2026-04-19 14:50:00,2026-04-19 23:50:00,628.19,628.36,627.44,627.45,209.851,131778.48484
BNBUSDT,1776610500000,2026-04-19 14:55:00,2026-04-19 23:55:00,627.44,627.65,627,627.06,190.651,119588.77729
BNBUSDT,1776610800000,2026-04-19 15:00:00,2026-04-20 00:00:00,627.07,627.52,626,627.46,1346.637,844331.82604
BNBUSDT,1776611100000,2026-04-19 15:05:00,2026-04-20 00:05:00,627.47,627.56,626.14,626.45,395.093,247671.26595
BNBUSDT,1776611400000,2026-04-19 15:10:00,2026-04-20 00:10:00,626.45,626.81,626.01,626.11,572.093,358367.90674
BNBUSDT,1776611700000,2026-04-19 15:15:00,2026-04-20 00:15:00,626.1,627.16,626.06,627.08,337.328,211415.03823
BNBUSDT,1776612000000,2026-04-19 15:20:00,2026-04-20 00:20:00,627.09,627.15,625.68,626.48,296.229,185515.95763
BNBUSDT,1776612300000,2026-04-19 15:25:00,2026-04-20 00:25:00,626.48,626.59,625.9,625.91,268.68,168258.45204
BNBUSDT,1776612600000,2026-04-19 15:30:00,2026-04-20 00:30:00,625.91,626.18,624.38,624.61,461.174,288420.61508
BNBUSDT,1776612900000,2026-04-19 15:35:00,2026-04-20 00:35:00,624.61,625,623.33,624.35,1059.308,661413.27712
BNBUSDT,1776613200000,2026-04-19 15:40:00,2026-04-20 00:40:00,624.35,624.77,624.18,624.19,663.058,414038.07738
BNBUSDT,1776613500000,2026-04-19 15:45:00,2026-04-20 00:45:00,624.19,625.05,624.11,625.05,245.505,153310.5127
BNBUSDT,1776613800000,2026-04-19 15:50:00,2026-04-20 00:50:00,625.05,625.76,624.32,625.39,324.5,202771.60383
BNBUSDT,1776614100000,2026-04-19 15:55:00,2026-04-20 00:55:00,625.4,626.08,625.39,626.07,176.866,110674.26998
BNBUSDT,1776614400000,2026-04-19 16:00:00,2026-04-20 01:00:00,626.07,626.52,625.38,626.51,280.562,175616.37636
BNBUSDT,1776614700000,2026-04-19 16:05:00,2026-04-20 01:05:00,626.51,626.64,625.8,625.81,198.636,124381.04235
BNBUSDT,1776615000000,2026-04-19 16:10:00,2026-04-20 01:10:00,625.82,626.34,625.33,626.17,876.557,548620.86901
BNBUSDT,1776615300000,2026-04-19 16:15:00,2026-04-20 01:15:00,626.16,626.51,625.5,625.5,320.349,200575.04098
BNBUSDT,1776615600000,2026-04-19 16:20:00,2026-04-20 01:20:00,625.5,625.72,625,625.45,191.512,119763.56196
BNBUSDT,1776615900000,2026-04-19 16:25:00,2026-04-20 01:25:00,625.44,626.21,625.09,625.22,155.38,97203.4537
BNBUSDT,1776616200000,2026-04-19 16:30:00,2026-04-20 01:30:00,625.22,626.01,624.82,625.71,349.495,218564.9201
BNBUSDT,1776616500000,2026-04-19 16:35:00,2026-04-20 01:35:00,625.72,625.9,625.22,625.46,100.849,63090.72777
BNBUSDT,1776616800000,2026-04-19 16:40:00,2026-04-20 01:40:00,625.45,625.62,624.34,624.69,341.724,213615.47133
BNBUSDT,1776617100000,2026-04-19 16:45:00,2026-04-20 01:45:00,624.69,625.33,624.58,625.24,135.842,84895.73424
BNBUSDT,1776617400000,2026-04-19 16:50:00,2026-04-20 01:50:00,625.24,625.29,623.22,623.52,684.759,427472.33955
BNBUSDT,1776617700000,2026-04-19 16:55:00,2026-04-20 01:55:00,623.53,624.18,622.96,623.53,336.025,209510.8812
BNBUSDT,1776618000000,2026-04-19 17:00:00,2026-04-20 02:00:00,623.53,623.61,622.32,622.44,453.417,282471.21747
BNBUSDT,1776618300000,2026-04-19 17:05:00,2026-04-20 02:05:00,622.43,623.3,621.91,622.88,663.327,412906.9427
BNBUSDT,1776618600000,2026-04-19 17:10:00,2026-04-20 02:10:00,622.89,623.63,622.62,623.63,226.717,141299.25098
BNBUSDT,1776618900000,2026-04-19 17:15:00,2026-04-20 02:15:00,623.64,624.19,623.42,624,480.987,300001.4374
BNBUSDT,1776619200000,2026-04-19 17:20:00,2026-04-20 02:20:00,624,625.04,623.98,624.05,645.497,403102.4701
BNBUSDT,1776619500000,2026-04-19 17:25:00,2026-04-20 02:25:00,624.05,624.33,623.73,624.27,149.797,93460.30233
BNBUSDT,1776619800000,2026-04-19 17:30:00,2026-04-20 02:30:00,624.28,625.05,622.72,622.75,414.784,259011.65397
BNBUSDT,1776620100000,2026-04-19 17:35:00,2026-04-20 02:35:00,622.75,623.35,622.43,623.35,186.601,116249.57941
BNBUSDT,1776620400000,2026-04-19 17:40:00,2026-04-20 02:40:00,623.35,623.4,623,623.36,132.37,82486.07783
BNBUSDT,1776620700000,2026-04-19 17:45:00,2026-04-20 02:45:00,623.36,623.69,622.69,622.7,132.266,82420.53618
BNBUSDT,1776621000000,2026-04-19 17:50:00,2026-04-20 02:50:00,622.7,622.7,620.37,620.71,823.673,511547.83616
BNBUSDT,1776621300000,2026-04-19 17:55:00,2026-04-20 02:55:00,620.71,621.05,620.31,620.42,188.08,116735.33844
BNBUSDT,1776621600000,2026-04-19 18:00:00,2026-04-20 03:00:00,620.43,621.05,619.39,619.55,665.355,412612.89705
BNBUSDT,1776621900000,2026-04-19 18:05:00,2026-04-20 03:05:00,619.55,620.75,619.55,620.63,262.38,162730.7084
BNBUSDT,1776622200000,2026-04-19 18:10:00,2026-04-20 03:10:00,620.64,621.11,620.39,620.82,219.849,136472.91768
BNBUSDT,1776622500000,2026-04-19 18:15:00,2026-04-20 03:15:00,620.82,621.15,620.51,620.72,134.95,83767.59274
BNBUSDT,1776622800000,2026-04-19 18:20:00,2026-04-20 03:20:00,620.72,621.2,620.43,620.53,177.343,110101.24
BNBUSDT,1776623100000,2026-04-19 18:25:00,2026-04-20 03:25:00,620.53,622.2,620.22,621.5,955.12,593555.27002
BNBUSDT,1776623400000,2026-04-19 18:30:00,2026-04-20 03:30:00,621.49,621.74,620.59,620.96,381.968,237222.72939
BNBUSDT,1776623700000,2026-04-19 18:35:00,2026-04-20 03:35:00,620.96,621.49,620.94,621.4,144.952,90048.89337
BNBUSDT,1776624000000,2026-04-19 18:40:00,2026-04-20 03:40:00,621.4,621.45,621.01,621.11,141.277,87752.55234
BNBUSDT,1776624300000,2026-04-19 18:45:00,2026-04-20 03:45:00,621.11,621.48,620.53,621.42,190.422,118244.35717
BNBUSDT,1776624600000,2026-04-19 18:50:00,2026-04-20 03:50:00,621.43,621.95,621.26,621.56,125.946,78291.18831
BNBUSDT,1776624900000,2026-04-19 18:55:00,2026-04-20 03:55:00,621.55,622.09,621.43,622.09,87.185,54214.17037
BNBUSDT,1776625200000,2026-04-19 19:00:00,2026-04-20 04:00:00,622.09,623.02,622.09,622.49,160.502,99934.98389
BNBUSDT,1776625500000,2026-04-19 19:05:00,2026-04-20 04:05:00,622.5,623.05,622.5,623.02,281.298,175218.9491
BNBUSDT,1776625800000,2026-04-19 19:10:00,2026-04-20 04:10:00,623.01,623.07,622.6,622.83,207.368,129165.66445
BNBUSDT,1776626100000,2026-04-19 19:15:00,2026-04-20 04:15:00,622.83,623.33,622.83,623.3,227.413,141699.40814
BNBUSDT,1776626400000,2026-04-19 19:20:00,2026-04-20 04:20:00,623.3,623.3,622.14,622.18,140.749,87648.006
BNBUSDT,1776626700000,2026-04-19 19:25:00,2026-04-20 04:25:00,622.18,622.86,622.1,622.65,185.241,115330.31055
BNBUSDT,1776627000000,2026-04-19 19:30:00,2026-04-20 04:30:00,622.65,623.51,622.53,622.71,182.136,113488.83174
BNBUSDT,1776627300000,2026-04-19 19:35:00,2026-04-20 04:35:00,622.71,622.91,622.5,622.85,80.121,49889.04802
BNBUSDT,1776627600000,2026-04-19 19:40:00,2026-04-20 04:40:00,622.86,623.03,622.51,622.51,117.84,73388.78186
BNBUSDT,1776627900000,2026-04-19 19:45:00,2026-04-20 04:45:00,622.51,623.08,622.5,622.71,123.729,77071.31534
BNBUSDT,1776628200000,2026-04-19 19:50:00,2026-04-20 04:50:00,622.72,622.88,622.5,622.51,90.981,56650.71572
BNBUSDT,1776628500000,2026-04-19 19:55:00,2026-04-20 04:55:00,622.51,623.05,622.38,622.93,137.949,85898.94345
BNBUSDT,1776628800000,2026-04-19 20:00:00,2026-04-20 05:00:00,622.93,622.93,621.65,621.7,176.925,110065.77327
BNBUSDT,1776629100000,2026-04-19 20:05:00,2026-04-20 05:05:00,621.7,621.76,621.45,621.61,125.318,77894.04567
BNBUSDT,1776629400000,2026-04-19 20:10:00,2026-04-20 05:10:00,621.6,621.7,621.22,621.67,129.825,80694.00167
BNBUSDT,1776629700000,2026-04-19 20:15:00,2026-04-20 05:15:00,621.67,621.68,621.02,621.06,131.439,81667.16255
BNBUSDT,1776630000000,2026-04-19 20:20:00,2026-04-20 05:20:00,621.05,621.2,620.76,621.02,169.048,104975.22719
BNBUSDT,1776630300000,2026-04-19 20:25:00,2026-04-20 05:25:00,621.03,621.64,621.02,621.53,75.426,46866.69066
BNBUSDT,1776630600000,2026-04-19 20:30:00,2026-04-20 05:30:00,621.54,622.46,621.47,622.43,84.621,52639.17391
BNBUSDT,1776630900000,2026-04-19 20:35:00,2026-04-20 05:35:00,622.44,622.44,621.53,621.53,92.354,57444.73337
BNBUSDT,1776631200000,2026-04-19 20:40:00,2026-04-20 05:40:00,621.53,621.53,620,620.27,449.176,278716.5081
BNBUSDT,1776631500000,2026-04-19 20:45:00,2026-04-20 05:45:00,620.26,620.87,620,620.39,1617.875,1003212.94558
BNBUSDT,1776631800000,2026-04-19 20:50:00,2026-04-20 05:50:00,620.39,621.59,620.28,621.4,250.619,155638.76259
BNBUSDT,1776632100000,2026-04-19 20:55:00,2026-04-20 05:55:00,621.4,621.45,621.01,621.02,109.432,67978.81944
BNBUSDT,1776632400000,2026-04-19 21:00:00,2026-04-20 06:00:00,621.03,621.25,620.71,621.17,171.382,106427.55595
BNBUSDT,1776632700000,2026-04-19 21:05:00,2026-04-20 06:05:00,621.18,621.71,621.15,621.71,222.36,138179.86341
BNBUSDT,1776633000000,2026-04-19 21:10:00,2026-04-20 06:10:00,621.72,622.02,621.43,622.01,373.692,232309.98712
BNBUSDT,1776633300000,2026-04-19 21:15:00,2026-04-20 06:15:00,622.01,622.02,621.45,621.79,207.92,129262.15174
BNBUSDT,1776633600000,2026-04-19 21:20:00,2026-04-20 06:20:00,621.8,622.2,621.79,622.14,83.008,51630.18219
BNBUSDT,1776633900000,2026-04-19 21:25:00,2026-04-20 06:25:00,622.14,622.45,622.05,622.4,64.557,40170.53618
BNBUSDT,1776634200000,2026-04-19 21:30:00,2026-04-20 06:30:00,622.41,622.74,622.13,622.69,278.258,173219.5602
BNBUSDT,1776634500000,2026-04-19 21:35:00,2026-04-20 06:35:00,622.7,623.36,622.68,623.09,316.457,197190.40752
BNBUSDT,1776634800000,2026-04-19 21:40:00,2026-04-20 06:40:00,623.08,623.15,622.51,622.51,111.954,69735.83335
BNBUSDT,1776635100000,2026-04-19 21:45:00,2026-04-20 06:45:00,622.52,622.77,621.7,621.8,205.355,127817.59916
BNBUSDT,1776635400000,2026-04-19 21:50:00,2026-04-20 06:50:00,621.8,621.84,620.4,620.4,308.063,191314.38798
BNBUSDT,1776635700000,2026-04-19 21:55:00,2026-04-20 06:55:00,620.4,620.93,620.12,620.46,275.482,170947.39936
BNBUSDT,1776636000000,2026-04-19 22:00:00,2026-04-20 07:00:00,620.45,620.45,616.01,616.53,2576.275,1591625.88014
BNBUSDT,1776636300000,2026-04-19 22:05:00,2026-04-20 07:05:00,616.53,618.71,616.53,618.27,395.147,244060.23594
BNBUSDT,1776636600000,2026-04-19 22:10:00,2026-04-20 07:10:00,618.28,618.39,616.44,616.52,522.35,322524.97723
BNBUSDT,1776636900000,2026-04-19 22:15:00,2026-04-20 07:15:00,616.52,616.78,615.4,616.58,813.285,500903.16035
BNBUSDT,1776637200000,2026-04-19 22:20:00,2026-04-20 07:20:00,616.57,616.57,615,615.99,1272.119,782823.55306
BNBUSDT,1776637500000,2026-04-19 22:25:00,2026-04-20 07:25:00,616,616.48,615.23,615.96,2056.387,1265841.46105
BNBUSDT,1776637800000,2026-04-19 22:30:00,2026-04-20 07:30:00,615.95,617.53,615.7,616.84,359.852,221870.75053
BNBUSDT,1776638100000,2026-04-19 22:35:00,2026-04-20 07:35:00,616.84,617.76,616.84,617.32,252.73,156048.24437
BNBUSDT,1776638400000,2026-04-19 22:40:00,2026-04-20 07:40:00,617.32,617.67,617.31,617.43,269.947,166672.34424
BNBUSDT,1776638700000,2026-04-19 22:45:00,2026-04-20 07:45:00,617.43,617.58,616.82,616.98,216.513,133636.58168
BNBUSDT,1776639000000,2026-04-19 22:50:00,2026-04-20 07:50:00,616.98,617.64,616.98,617.23,855.219,527946.17089
BNBUSDT,1776639300000,2026-04-19 22:55:00,2026-04-20 07:55:00,617.23,617.56,617,617.01,148.418,91622.11533
BNBUSDT,1776639600000,2026-04-19 23:00:00,2026-04-20 08:00:00,617.01,617.01,615.1,615.54,740.792,456168.47166
BNBUSDT,1776639900000,2026-04-19 23:05:00,2026-04-20 08:05:00,615.54,616.16,615.47,616.16,258.95,159439.67315
BNBUSDT,1776640200000,2026-04-19 23:10:00,2026-04-20 08:10:00,616.16,616.31,615.51,616.29,718.14,442306.91379
BNBUSDT,1776640500000,2026-04-19 23:15:00,2026-04-20 08:15:00,616.29,616.63,615.1,616.41,323.388,199138.13492
BNBUSDT,1776640800000,2026-04-19 23:20:00,2026-04-20 08:20:00,616.42,616.61,615.79,616.19,265.29,163448.47943
BNBUSDT,1776641100000,2026-04-19 23:25:00,2026-04-20 08:25:00,616.18,616.85,616.11,616.75,71.346,43994.05875
BNBUSDT,1776641400000,2026-04-19 23:30:00,2026-04-20 08:30:00,616.75,617.41,616.67,616.95,187.758,115839.49156
BNBUSDT,1776641700000,2026-04-19 23:35:00,2026-04-20 08:35:00,616.94,617.79,616.78,617.34,172.685,106604.65016
BNBUSDT,1776642000000,2026-04-19 23:40:00,2026-04-20 08:40:00,617.33,617.39,616.93,616.96,151.961,93787.7774
BNBUSDT,1776642300000,2026-04-19 23:45:00,2026-04-20 08:45:00,616.95,616.96,616.28,616.35,327.988,202259.24751
BNBUSDT,1776642600000,2026-04-19 23:50:00,2026-04-20 08:50:00,616.36,617.02,616.2,616.6,210.715,129924.18432
BNBUSDT,1776642900000,2026-04-19 23:55:00,2026-04-20 08:55:00,616.6,616.6,615.93,616.06,130.352,80305.15401
BNBUSDT,1776643200000,2026-04-20 00:00:00,2026-04-20 09:00:00,616.07,618.56,615.97,617.89,689.063,425233.00729
BNBUSDT,1776643500000,2026-04-20 00:05:00,2026-04-20 09:05:00,617.88,619.09,617.1,618.84,882.266,545381.30811
BNBUSDT,1776643800000,2026-04-20 00:10:00,2026-04-20 09:10:00,618.83,619.42,618.49,618.9,623.898,386138.7849
BNBUSDT,1776644100000,2026-04-20 00:15:00,2026-04-20 09:15:00,618.91,620,618.91,619.53,434.157,269055.47108
BNBUSDT,1776644400000,2026-04-20 00:20:00,2026-04-20 09:20:00,619.52,620.13,619.16,620.12,383.993,237958.75098
BNBUSDT,1776644700000,2026-04-20 00:25:00,2026-04-20 09:25:00,620.13,620.54,619.89,620.48,301.774,187130.16469
BNBUSDT,1776645000000,2026-04-20 00:30:00,2026-04-20 09:30:00,620.47,621.1,620.32,620.82,270.06,167651.0798
BNBUSDT,1776645300000,2026-04-20 00:35:00,2026-04-20 09:35:00,620.82,620.82,619.94,619.95,293.866,182261.57493
BNBUSDT,1776645600000,2026-04-20 00:40:00,2026-04-20 09:40:00,619.94,620.41,619.94,620.22,84.168,52194.05424
BNBUSDT,1776645900000,2026-04-20 00:45:00,2026-04-20 09:45:00,620.22,620.26,619.85,620.17,79.539,49314.072
BNBUSDT,1776646200000,2026-04-20 00:50:00,2026-04-20 09:50:00,620.17,620.75,620.12,620.39,329.315,204289.59088
BNBUSDT,1776646500000,2026-04-20 00:55:00,2026-04-20 09:55:00,620.39,620.46,619.84,619.84,238.806,148128.26691
BNBUSDT,1776646800000,2026-04-20 01:00:00,2026-04-20 10:00:00,619.85,620.55,619.66,620.3,136.645,84758.26229
BNBUSDT,1776647100000,2026-04-20 01:05:00,2026-04-20 10:05:00,620.3,620.79,619.79,620.42,232.462,144195.04026
BNBUSDT,1776647400000,2026-04-20 01:10:00,2026-04-20 10:10:00,620.41,620.92,620.22,620.91,82.951,51483.20543
BNBUSDT,1776647700000,2026-04-20 01:15:00,2026-04-20 10:15:00,620.92,620.94,620.42,620.65,144.046,89410.26747
BNBUSDT,1776648000000,2026-04-20 01:20:00,2026-04-20 10:20:00,620.64,620.64,620.09,620.44,188.825,117132.66902
BNBUSDT,1776648300000,2026-04-20 01:25:00,2026-04-20 10:25:00,620.43,620.73,620.37,620.45,200.101,124172.62693
BNBUSDT,1776648600000,2026-04-20 01:30:00,2026-04-20 10:30:00,620.44,622.49,620.44,622.32,506.189,314689.09883
BNBUSDT,1776648900000,2026-04-20 01:35:00,2026-04-20 10:35:00,622.31,622.33,621.85,622.02,155.666,96837.63262
BNBUSDT,1776649200000,2026-04-20 01:40:00,2026-04-20 10:40:00,622.01,622.63,622.01,622.32,176.514,109842.84614
BNBUSDT,1776649500000,2026-04-20 01:45:00,2026-04-20 10:45:00,622.32,622.8,622.28,622.55,177.657,110584.61207
BNBUSDT,1776649800000,2026-04-20 01:50:00,2026-04-20 10:50:00,622.54,622.65,622.32,622.56,135.6,84411.23875
BNBUSDT,1776650100000,2026-04-20 01:55:00,2026-04-20 10:55:00,622.55,622.56,621.92,621.93,137.312,85438.10573
BNBUSDT,1776650400000,2026-04-20 02:00:00,2026-04-20 11:00:00,621.92,622,621.12,621.37,233.873,145369.72877
BNBUSDT,1776650700000,2026-04-20 02:05:00,2026-04-20 11:05:00,621.37,621.8,621.15,621.8,145.681,90524.75557
BNBUSDT,1776651000000,2026-04-20 02:10:00,2026-04-20 11:10:00,621.79,621.8,620.23,620.6,216.727,134594.63001
BNBUSDT,1776651300000,2026-04-20 02:15:00,2026-04-20 11:15:00,620.59,621.2,620.07,620.31,336.115,208642.65212
BNBUSDT,1776651600000,2026-04-20 02:20:00,2026-04-20 11:20:00,620.32,620.73,620.21,620.73,192.069,119176.8056
BNBUSDT,1776651900000,2026-04-20 02:25:00,2026-04-20 11:25:00,620.73,620.74,620.13,620.72,283.753,176067.62082
BNBUSDT,1776652200000,2026-04-20 02:30:00,2026-04-20 11:30:00,620.71,621.13,620.71,621.07,285.843,177487.41205
BNBUSDT,1776652500000,2026-04-20 02:35:00,2026-04-20 11:35:00,621.07,621.32,620.92,621.24,193.361,120098.42206
BNBUSDT,1776652800000,2026-04-20 02:40:00,2026-04-20 11:40:00,621.24,621.49,620.93,621.48,245.588,152563.69673
BNBUSDT,1776653100000,2026-04-20 02:45:00,2026-04-20 11:45:00,621.48,621.7,621.07,621.7,225.004,139802.24891
BNBUSDT,1776653400000,2026-04-20 02:50:00,2026-04-20 11:50:00,621.71,621.99,621.37,621.64,117.891,73283.66789
BNBUSDT,1776653700000,2026-04-20 02:55:00,2026-04-20 11:55:00,621.65,621.65,621.23,621.24,148.149,92062.12814
BNBUSDT,1776654000000,2026-04-20 03:00:00,2026-04-20 12:00:00,621.24,621.7,621.2,621.42,139.412,86634.59409
BNBUSDT,1776654300000,2026-04-20 03:05:00,2026-04-20 12:05:00,621.43,621.43,621,621,150.988,93784.09362
BNBUSDT,1776654600000,2026-04-20 03:10:00,2026-04-20 12:10:00,621.01,621.77,621.01,621.76,268.763,166962.06414
BNBUSDT,1776654900000,2026-04-20 03:15:00,2026-04-20 12:15:00,621.77,622.04,621.12,621.12,173.581,107878.3915
BNBUSDT,1776655200000,2026-04-20 03:20:00,2026-04-20 12:20:00,621.13,621.81,621.01,621.39,276.121,171583.80001
BNBUSDT,1776655500000,2026-04-20 03:25:00,2026-04-20 12:25:00,621.39,621.5,621.29,621.3,183.516,114033.26526
BNBUSDT,1776655800000,2026-04-20 03:30:00,2026-04-20 12:30:00,621.3,621.3,621.08,621.3,150.882,93729.64186
BNBUSDT,1776656100000,2026-04-20 03:35:00,2026-04-20 12:35:00,621.3,621.3,621.02,621.2,110.279,68503.16471
BNBUSDT,1776656400000,2026-04-20 03:40:00,2026-04-20 12:40:00,621.2,621.35,621.19,621.28,71.879,44657.80306
BNBUSDT,1776656700000,2026-04-20 03:45:00,2026-04-20 12:45:00,621.27,621.35,621.15,621.25,112.15,69677.53395
BNBUSDT,1776657000000,2026-04-20 03:50:00,2026-04-20 12:50:00,621.25,621.8,621.16,621.8,425.081,264194.04866
BNBUSDT,1776657300000,2026-04-20 03:55:00,2026-04-20 12:55:00,621.8,621.9,621.67,621.69,112.019,69655.82963
BNBUSDT,1776657600000,2026-04-20 04:00:00,2026-04-20 13:00:00,621.7,621.7,621.1,621.39,149.559,92922.51038
BNBUSDT,1776657900000,2026-04-20 04:05:00,2026-04-20 13:05:00,621.38,621.6,621.11,621.43,120.602,74938.89648
BNBUSDT,1776658200000,2026-04-20 04:10:00,2026-04-20 13:10:00,621.43,621.46,621,621,101.739,63202.67969
BNBUSDT,1776658500000,2026-04-20 04:15:00,2026-04-20 13:15:00,621,621.16,620.61,620.62,147.481,91581.03557
BNBUSDT,1776658800000,2026-04-20 04:20:00,2026-04-20 13:20:00,620.61,620.64,620.31,620.53,675.616,419154.80149
BNBUSDT,1776659100000,2026-04-20 04:25:00,2026-04-20 13:25:00,620.52,620.98,620.37,620.98,80.263,49825.99672
BNBUSDT,1776659400000,2026-04-20 04:30:00,2026-04-20 13:30:00,620.98,621,620.78,621,129.796,80589.24119
BNBUSDT,1776659700000,2026-04-20 04:35:00,2026-04-20 13:35:00,621,621,620.8,620.81,49.907,30985.15574
BNBUSDT,1776660000000,2026-04-20 04:40:00,2026-04-20 13:40:00,620.81,620.81,620.44,620.59,92.3,57283.95816
BNBUSDT,1776660300000,2026-04-20 04:45:00,2026-04-20 13:45:00,620.59,621.66,620.58,621.23,357.349,222015.84042
BNBUSDT,1776660600000,2026-04-20 04:50:00,2026-04-20 13:50:00,621.22,621.39,621,621.09,125.477,77940.90633
BNBUSDT,1776660900000,2026-04-20 04:55:00,2026-04-20 13:55:00,621.09,621.09,620.87,621.02,38.205,23724.33101
BNBUSDT,1776661200000,2026-04-20 05:00:00,2026-04-20 14:00:00,621.01,621.01,620,620.07,174.222,108113.85505
BNBUSDT,1776661500000,2026-04-20 05:05:00,2026-04-20 14:05:00,620.07,620.07,619,619.2,262.191,162441.56278
BNBUSDT,1776661800000,2026-04-20 05:10:00,2026-04-20 14:10:00,619.19,619.19,618.33,618.96,235.519,145701.62497
BNBUSDT,1776662100000,2026-04-20 05:15:00,2026-04-20 14:15:00,618.95,618.95,618.14,618.25,109.685,67825.64227
BNBUSDT,1776662400000,2026-04-20 05:20:00,2026-04-20 14:20:00,618.26,618.26,617.5,617.66,219.993,135914.94362
BNBUSDT,1776662700000,2026-04-20 05:25:00,2026-04-20 14:25:00,617.66,618.13,617.54,617.72,210.395,129992.64659
BNBUSDT,1776663000000,2026-04-20 05:30:00,2026-04-20 14:30:00,617.71,617.87,617.42,617.81,105.632,65250.71592
BNBUSDT,1776663300000,2026-04-20 05:35:00,2026-04-20 14:35:00,617.81,618.17,617.74,617.78,118.931,73486.65417
BNBUSDT,1776663600000,2026-04-20 05:40:00,2026-04-20 14:40:00,617.79,618.01,617.37,617.38,247.402,152844.15567
BNBUSDT,1776663900000,2026-04-20 05:45:00,2026-04-20 14:45:00,617.37,617.82,617,617.01,669.002,413037.30132
BNBUSDT,1776664200000,2026-04-20 05:50:00,2026-04-20 14:50:00,617.01,618.61,617,618.48,371.343,229415.05854
BNBUSDT,1776664500000,2026-04-20 05:55:00,2026-04-20 14:55:00,618.49,618.95,618.21,618.74,398.829,246696.6105
BNBUSDT,1776664800000,2026-04-20 06:00:00,2026-04-20 15:00:00,618.75,619.66,618.51,619.37,230.648,142766.17811
BNBUSDT,1776665100000,2026-04-20 06:05:00,2026-04-20 15:05:00,619.36,619.69,619.18,619.67,179.817,111397.50659
BNBUSDT,1776665400000,2026-04-20 06:10:00,2026-04-20 15:10:00,619.66,619.66,619.12,619.39,320.748,198680.90326
BNBUSDT,1776665700000,2026-04-20 06:15:00,2026-04-20 15:15:00,619.39,620,619.01,619.99,267.763,165882.11755
BNBUSDT,1776666000000,2026-04-20 06:20:00,2026-04-20 15:20:00,619.99,620.18,619.14,619.87,500.163,309904.35131
BNBUSDT,1776666300000,2026-04-20 06:25:00,2026-04-20 15:25:00,619.87,620.42,619.48,620.3,499.547,309678.60208
BNBUSDT,1776666600000,2026-04-20 06:30:00,2026-04-20 15:30:00,620.31,622.14,620.31,622.14,510.487,317288.33499
BNBUSDT,1776666900000,2026-04-20 06:35:00,2026-04-20 15:35:00,622.15,622.41,621.96,622.32,192.292,119647.61261
BNBUSDT,1776667200000,2026-04-20 06:40:00,2026-04-20 15:40:00,622.32,623.95,622.32,623.35,327.064,203865.04834
BNBUSDT,1776667500000,2026-04-20 06:45:00,2026-04-20 15:45:00,623.35,623.72,623.12,623.72,268.845,167632.41976
BNBUSDT,1776667800000,2026-04-20 06:50:00,2026-04-20 15:50:00,623.71,624.15,623.3,623.78,241.82,150837.25453
BNBUSDT,1776668100000,2026-04-20 06:55:00,2026-04-20 15:55:00,623.78,624.38,623.33,624.24,245.95,153455.32183
BNBUSDT,1776668400000,2026-04-20 07:00:00,2026-04-20 16:00:00,624.23,624.57,624.1,624.29,322.853,201571.24417
BNBUSDT,1776668700000,2026-04-20 07:05:00,2026-04-20 16:05:00,624.29,624.39,623.4,623.83,136.816,85358.55836
BNBUSDT,1776669000000,2026-04-20 07:10:00,2026-04-20 16:10:00,623.83,624.47,623.53,624.17,211.383,131925.65095
BNBUSDT,1776669300000,2026-04-20 07:15:00,2026-04-20 16:15:00,624.16,624.66,623.6,624.65,329.159,205366.72009
BNBUSDT,1776669600000,2026-04-20 07:20:00,2026-04-20 16:20:00,624.66,629.48,624.66,628.23,2486.044,1559789.72682
BNBUSDT,1776669900000,2026-04-20 07:25:00,2026-04-20 16:25:00,628.23,628.73,626.79,627.17,751.597,471747.0641
BNBUSDT,1776670200000,2026-04-20 07:30:00,2026-04-20 16:30:00,627.17,627.37,625.15,625.91,540.293,338270.47173
BNBUSDT,1776670500000,2026-04-20 07:35:00,2026-04-20 16:35:00,625.9,625.91,624.13,624.54,395.398,247064.4991
BNBUSDT,1776670800000,2026-04-20 07:40:00,2026-04-20 16:40:00,624.55,624.7,624.11,624.42,327.531,204529.05957
BNBUSDT,1776671100000,2026-04-20 07:45:00,2026-04-20 16:45:00,624.43,625.22,623.97,624.01,284.886,177984.40706
BNBUSDT,1776671400000,2026-04-20 07:50:00,2026-04-20 16:50:00,624.01,624.23,623.21,623.47,628.197,391801.58401
BNBUSDT,1776671700000,2026-04-20 07:55:00,2026-04-20 16:55:00,623.47,624.69,623.22,624.69,228.993,142897.91467
BNBUSDT,1776672000000,2026-04-20 08:00:00,2026-04-20 17:00:00,624.69,625.37,624.41,624.42,509.452,318428.55522
BNBUSDT,1776672300000,2026-04-20 08:05:00,2026-04-20 17:05:00,624.42,624.77,624.3,624.31,168.093,104978.81988
BNBUSDT,1776672600000,2026-04-20 08:10:00,2026-04-20 17:10:00,624.32,625.07,624.31,624.88,337.196,210650.37401
BNBUSDT,1776672900000,2026-04-20 08:15:00,2026-04-20 17:15:00,624.88,625.56,624.41,625.56,273.26,170770.98122
BNBUSDT,1776673200000,2026-04-20 08:20:00,2026-04-20 17:20:00,625.55,625.55,624.71,624.96,236.594,147889.01908
BNBUSDT,1776673500000,2026-04-20 08:25:00,2026-04-20 17:25:00,624.95,625.07,623.81,624.34,291.715,182167.74477
BNBUSDT,1776673800000,2026-04-20 08:30:00,2026-04-20 17:30:00,624.33,624.71,623.88,624.23,265.939,166026.8682
BNBUSDT,1776674100000,2026-04-20 08:35:00,2026-04-20 17:35:00,624.23,624.42,623.18,623.39,452.413,282299.06253
BNBUSDT,1776674400000,2026-04-20 08:40:00,2026-04-20 17:40:00,623.4,623.63,622.83,623.2,989.46,616670.13654
BNBUSDT,1776674700000,2026-04-20 08:45:00,2026-04-20 17:45:00,623.2,623.86,622.74,623.53,1144.058,713139.83815
BNBUSDT,1776675000000,2026-04-20 08:50:00,2026-04-20 17:50:00,623.53,623.64,622.71,623.1,391.039,243624.9896
BNBUSDT,1776675300000,2026-04-20 08:55:00,2026-04-20 17:55:00,623.1,623.89,623.06,623.82,286.613,178727.40803
BNBUSDT,1776675600000,2026-04-20 09:00:00,2026-04-20 18:00:00,623.81,623.99,623.47,623.7,142.918,89145.22233
BNBUSDT,1776675900000,2026-04-20 09:05:00,2026-04-20 18:05:00,623.71,625.31,623.65,624.54,527.117,329226.72898
BNBUSDT,1776676200000,2026-04-20 09:10:00,2026-04-20 18:10:00,624.54,625.43,624.18,625.03,336.556,210293.01612
BNBUSDT,1776676500000,2026-04-20 09:15:00,2026-04-20 18:15:00,625.04,625.83,624.82,625.38,667.602,417660.0665
BNBUSDT,1776676800000,2026-04-20 09:20:00,2026-04-20 18:20:00,625.38,626.22,625.25,625.93,424.477,265583.92628
BNBUSDT,1776677100000,2026-04-20 09:25:00,2026-04-20 18:25:00,625.92,626.21,625.37,625.59,245.971,153916.23922
BNBUSDT,1776677400000,2026-04-20 09:30:00,2026-04-20 18:30:00,625.59,625.92,625.28,625.4,182.978,114462.61523
BNBUSDT,1776677700000,2026-04-20 09:35:00,2026-04-20 18:35:00,625.39,626.46,625.39,626.41,257.959,161508.24773
BNBUSDT,1776678000000,2026-04-20 09:40:00,2026-04-20 18:40:00,626.4,626.62,626.24,626.5,233.538,146293.26471
BNBUSDT,1776678300000,2026-04-20 09:45:00,2026-04-20 18:45:00,626.5,626.83,626.06,626.24,603.903,378351.86076
BNBUSDT,1776678600000,2026-04-20 09:50:00,2026-04-20 18:50:00,626.21,626.55,625.92,626.55,238.235,149192.80934
BNBUSDT,1776678900000,2026-04-20 09:55:00,2026-04-20 18:55:00,626.55,627.03,626.25,626.71,815.933,511275.86994
BNBUSDT,1776679200000,2026-04-20 10:00:00,2026-04-20 19:00:00,626.72,627.31,626.72,627.2,340.162,213305.44102
BNBUSDT,1776679500000,2026-04-20 10:05:00,2026-04-20 19:05:00,627.19,627.48,626.73,627.24,365.366,229137.17281
BNBUSDT,1776679800000,2026-04-20 10:10:00,2026-04-20 19:10:00,627.24,627.98,627.24,627.89,452.829,284244.35081
BNBUSDT,1776680100000,2026-04-20 10:15:00,2026-04-20 19:15:00,627.89,628.14,627.68,627.79,453.182,284549.8619
BNBUSDT,1776680400000,2026-04-20 10:20:00,2026-04-20 19:20:00,627.79,627.8,626.79,627.01,280.383,175851.52551
BNBUSDT,1776680700000,2026-04-20 10:25:00,2026-04-20 19:25:00,627,627.46,626.91,627.41,308.126,193274.33325
BNBUSDT,1776681000000,2026-04-20 10:30:00,2026-04-20 19:30:00,627.4,627.4,626.62,626.63,457.183,286677.89759
BNBUSDT,1776681300000,2026-04-20 10:35:00,2026-04-20 19:35:00,626.62,626.67,626.4,626.67,174.238,109178.36742
BNBUSDT,1776681600000,2026-04-20 10:40:00,2026-04-20 19:40:00,626.66,626.89,626.51,626.88,159.23,99796.38492
BNBUSDT,1776681900000,2026-04-20 10:45:00,2026-04-20 19:45:00,626.89,627.22,626.66,626.66,594.502,372740.3311
BNBUSDT,1776682200000,2026-04-20 10:50:00,2026-04-20 19:50:00,626.66,626.86,626.51,626.86,315.924,197971.86149
BNBUSDT,1776682500000,2026-04-20 10:55:00,2026-04-20 19:55:00,626.85,626.95,626.01,626.05,217.105,135996.67576
BNBUSDT,1776682800000,2026-04-20 11:00:00,2026-04-20 20:00:00,626.04,626.25,625.58,625.91,287.991,180262.93136
BNBUSDT,1776683100000,2026-04-20 11:05:00,2026-04-20 20:05:00,625.92,626.22,625.82,626.14,369.288,231200.647
BNBUSDT,1776683400000,2026-04-20 11:10:00,2026-04-20 20:10:00,626.15,626.37,625.68,626.36,244.42,153024.28053
BNBUSDT,1776683700000,2026-04-20 11:15:00,2026-04-20 20:15:00,626.36,626.8,626.24,626.48,202.555,126916.5029
BNBUSDT,1776684000000,2026-04-20 11:20:00,2026-04-20 20:20:00,626.49,626.49,625.71,626.04,198.713,124398.29889
BNBUSDT,1776684300000,2026-04-20 11:25:00,2026-04-20 20:25:00,626.04,626.12,625.48,625.48,310.042,194041.51831
BNBUSDT,1776684600000,2026-04-20 11:30:00,2026-04-20 20:30:00,625.47,626.14,625.15,625.84,344.911,215756.00282
BNBUSDT,1776684900000,2026-04-20 11:35:00,2026-04-20 20:35:00,625.84,625.95,625.55,625.65,408.26,255467.97178
BNBUSDT,1776685200000,2026-04-20 11:40:00,2026-04-20 20:40:00,625.66,625.95,625.52,625.52,237.88,148847.74625
BNBUSDT,1776685500000,2026-04-20 11:45:00,2026-04-20 20:45:00,625.52,625.87,625.52,625.63,333.591,208710.81574
BNBUSDT,1776685800000,2026-04-20 11:50:00,2026-04-20 20:50:00,625.63,625.83,625.52,625.65,278.127,174018.9937
BNBUSDT,1776686100000,2026-04-20 11:55:00,2026-04-20 20:55:00,625.65,625.87,625.42,625.5,195.461,122290.22096
BNBUSDT,1776686400000,2026-04-20 12:00:00,2026-04-20 21:00:00,625.49,625.91,625.18,625.81,283.443,177282.21412
BNBUSDT,1776686700000,2026-04-20 12:05:00,2026-04-20 21:05:00,625.81,626.55,625.72,626.21,368.094,230449.32378
BNBUSDT,1776687000000,2026-04-20 12:10:00,2026-04-20 21:10:00,626.2,626.77,626.2,626.21,298.228,186833.73559
BNBUSDT,1776687300000,2026-04-20 12:15:00,2026-04-20 21:15:00,626.2,626.99,625.85,626.99,189.905,118974.21761
BNBUSDT,1776687600000,2026-04-20 12:20:00,2026-04-20 21:20:00,626.99,627.94,626.67,626.88,612.28,384047.44895
BNBUSDT,1776687900000,2026-04-20 12:25:00,2026-04-20 21:25:00,626.88,626.9,626,626,739.111,462922.45728
BNBUSDT,1776688200000,2026-04-20 12:30:00,2026-04-20 21:30:00,626.01,626.59,626,626.13,397.959,249182.73098
BNBUSDT,1776688500000,2026-04-20 12:35:00,2026-04-20 21:35:00,626.12,626.12,625,625.08,504.682,315779.39251
BNBUSDT,1776688800000,2026-04-20 12:40:00,2026-04-20 21:40:00,625.07,625.07,624.3,624.82,514.954,321666.57759
BNBUSDT,1776689100000,2026-04-20 12:45:00,2026-04-20 21:45:00,624.82,625.36,624.8,625.35,263.872,164926.34178
BNBUSDT,1776689400000,2026-04-20 12:50:00,2026-04-20 21:50:00,625.36,625.79,624.91,625.14,342.007,213862.29392
BNBUSDT,1776689700000,2026-04-20 12:55:00,2026-04-20 21:55:00,625.14,625.16,624.63,625.05,405.865,253616.43448
BNBUSDT,1776690000000,2026-04-20 13:00:00,2026-04-20 22:00:00,625.05,626.6,624.76,625.1,2171.807,1359178.02927
BNBUSDT,1776690300000,2026-04-20 13:05:00,2026-04-20 22:05:00,625.09,626.52,624.7,625.94,741.033,463541.64233
BNBUSDT,1776690600000,2026-04-20 13:10:00,2026-04-20 22:10:00,625.94,626.18,625.5,625.53,519.642,325208.44539
BNBUSDT,1776690900000,2026-04-20 13:15:00,2026-04-20 22:15:00,625.52,625.84,624.73,625.03,545.573,341014.80499
BNBUSDT,1776691200000,2026-04-20 13:20:00,2026-04-20 22:20:00,625.02,625.27,624.45,624.51,383.845,239864.69001
BNBUSDT,1776691500000,2026-04-20 13:25:00,2026-04-20 22:25:00,624.51,625.21,624.2,625.2,472.827,295364.00755
BNBUSDT,1776691800000,2026-04-20 13:30:00,2026-04-20 22:30:00,625.21,625.65,623.4,625.51,644.366,402545.82287
BNBUSDT,1776692100000,2026-04-20 13:35:00,2026-04-20 22:35:00,625.5,626.29,625,625.09,952.931,596178.89539
BNBUSDT,1776692400000,2026-04-20 13:40:00,2026-04-20 22:40:00,625.1,625.63,624.69,625.6,319.333,199627.58204
BNBUSDT,1776692700000,2026-04-20 13:45:00,2026-04-20 22:45:00,625.59,626.08,624.44,624.75,331.772,207449.94105
BNBUSDT,1776693000000,2026-04-20 13:50:00,2026-04-20 22:50:00,624.76,625.11,624.39,625.04,252.812,157946.94987
BNBUSDT,1776693300000,2026-04-20 13:55:00,2026-04-20 22:55:00,625.05,626.47,624.85,625.82,341.032,213381.41315
BNBUSDT,1776693600000,2026-04-20 14:00:00,2026-04-20 23:00:00,625.82,625.82,624.91,625.17,519.818,325033.03307
BNBUSDT,1776693900000,2026-04-20 14:05:00,2026-04-20 23:05:00,625.18,626.08,624.45,625.37,815.853,510249.12548
BNBUSDT,1776694200000,2026-04-20 14:10:00,2026-04-20 23:10:00,625.36,625.65,624.43,624.72,258.671,161650.81383
BNBUSDT,1776694500000,2026-04-20 14:15:00,2026-04-20 23:15:00,624.72,625.92,624.65,625.72,523.799,327615.78909
BNBUSDT,1776694800000,2026-04-20 14:20:00,2026-04-20 23:20:00,625.73,627.27,625.73,627.13,635.856,398462.04964
BNBUSDT,1776695100000,2026-04-20 14:25:00,2026-04-20 23:25:00,627.13,628.06,626.15,626.68,630.994,395714.93748
BNBUSDT,1776695400000,2026-04-20 14:30:00,2026-04-20 23:30:00,626.68,627.32,626.29,626.64,573.834,359729.85828
BNBUSDT,1776695700000,2026-04-20 14:35:00,2026-04-20 23:35:00,626.64,626.79,626.22,626.33,278.144,174261.04262
BNBUSDT,1776696000000,2026-04-20 14:40:00,2026-04-20 23:40:00,626.32,626.32,624.58,625.37,981.332,613400.48525
BNBUSDT,1776696300000,2026-04-20 14:45:00,2026-04-20 23:45:00,625.36,625.92,624.8,625.9,275.23,172079.91401
BNBUSDT,1776696600000,2026-04-20 14:50:00,2026-04-20 23:50:00,625.9,626.04,623,623.64,846.973,528569.44914
BNBUSDT,1776696900000,2026-04-20 14:55:00,2026-04-20 23:55:00,623.64,623.65,622.81,623.58,588.199,366622.20378
BNBUSDT,1776697200000,2026-04-20 15:00:00,2026-04-21 00:00:00,623.59,624.06,621.25,621.7,775.338,482705.9474
BNBUSDT,1776697500000,2026-04-20 15:05:00,2026-04-21 00:05:00,621.71,622.19,620.87,621.81,417.548,259533.16614
BNBUSDT,1776697800000,2026-04-20 15:10:00,2026-04-21 00:10:00,621.81,623.1,621.78,623.07,267.762,166736.92296
BNBUSDT,1776698100000,2026-04-20 15:15:00,2026-04-21 00:15:00,623.07,624,622.73,623.95,320.797,199944.07784
BNBUSDT,1776698400000,2026-04-20 15:20:00,2026-04-21 00:20:00,623.95,626.59,623.83,626.12,761.385,476183.23003
BNBUSDT,1776698700000,2026-04-20 15:25:00,2026-04-21 00:25:00,626.13,627.92,626.13,627.84,334.347,209664.76993
BNBUSDT,1776699000000,2026-04-20 15:30:00,2026-04-21 00:30:00,627.84,627.84,626.45,627.05,367.396,230331.6261
BNBUSDT,1776699300000,2026-04-20 15:35:00,2026-04-21 00:35:00,627.04,627.68,626.94,627.19,257.712,161645.08341
BNBUSDT,1776699600000,2026-04-20 15:40:00,2026-04-21 00:40:00,627.18,627.56,627.07,627.16,193.926,121652.41081
BNBUSDT,1776699900000,2026-04-20 15:45:00,2026-04-21 00:45:00,627.15,627.65,626.9,626.98,179.455,112554.45023
BNBUSDT,1776700200000,2026-04-20 15:50:00,2026-04-21 00:50:00,626.98,627.75,626.97,627.64,177.519,111395.70804
BNBUSDT,1776700500000,2026-04-20 15:55:00,2026-04-21 00:55:00,627.64,628.36,627.64,628.31,259.801,163137.89547
BNBUSDT,1776700800000,2026-04-20 16:00:00,2026-04-21 01:00:00,628.31,629.42,628.15,628.29,694.142,436577.39794
BNBUSDT,1776701100000,2026-04-20 16:05:00,2026-04-21 01:05:00,628.3,628.77,627.97,628.21,265.385,166767.81369
BNBUSDT,1776701400000,2026-04-20 16:10:00,2026-04-21 01:10:00,628.21,628.55,628.09,628.13,243.38,152939.42702
BNBUSDT,1776701700000,2026-04-20 16:15:00,2026-04-21 01:15:00,628.12,628.15,627.41,628,262.056,164510.87708
BNBUSDT,1776702000000,2026-04-20 16:20:00,2026-04-21 01:20:00,628.01,628.41,627.59,628.13,194.268,122008.48132
BNBUSDT,1776702300000,2026-04-20 16:25:00,2026-04-21 01:25:00,628.12,628.12,627.59,627.66,186.4,117028.72739
BNBUSDT,1776702600000,2026-04-20 16:30:00,2026-04-21 01:30:00,627.66,627.8,627.33,627.38,174.434,109465.12034
BNBUSDT,1776702900000,2026-04-20 16:35:00,2026-04-21 01:35:00,627.38,627.4,626.91,627.4,176.259,110543.4977
BNBUSDT,1776703200000,2026-04-20 16:40:00,2026-04-21 01:40:00,627.4,628.42,627.11,628.24,256.733,161224.86088
BNBUSDT,1776703500000,2026-04-20 16:45:00,2026-04-21 01:45:00,628.24,628.51,627.2,627.26,256.87,161326.44212
BNBUSDT,1776703800000,2026-04-20 16:50:00,2026-04-21 01:50:00,627.27,627.85,627.05,627.44,156.419,98150.54441
BNBUSDT,1776704100000,2026-04-20 16:55:00,2026-04-21 01:55:00,627.44,627.52,626.89,627.11,120.878,75814.99135
BNBUSDT,1776704400000,2026-04-20 17:00:00,2026-04-21 02:00:00,627.12,628.08,626.71,627.71,199.366,125090.08387
BNBUSDT,1776704700000,2026-04-20 17:05:00,2026-04-21 02:05:00,627.71,628.67,627.51,628.29,270.502,169907.3713
BNBUSDT,1776705000000,2026-04-20 17:10:00,2026-04-21 02:10:00,628.29,628.9,628.17,628.6,232.2,145954.47605
BNBUSDT,1776705300000,2026-04-20 17:15:00,2026-04-21 02:15:00,628.6,629.82,628.4,629.72,263.31,165674.73396
BNBUSDT,1776705600000,2026-04-20 17:20:00,2026-04-21 02:20:00,629.72,629.98,629,629.56,897.109,564807.66056
BNBUSDT,1776705900000,2026-04-20 17:25:00,2026-04-21 02:25:00,629.55,629.55,628.76,629,85.94,54073.95686
BNBUSDT,1776706200000,2026-04-20 17:30:00,2026-04-21 02:30:00,629,629,628.24,628.61,272.958,171568.43624
BNBUSDT,1776706500000,2026-04-20 17:35:00,2026-04-21 02:35:00,628.6,629.1,628.33,628.9,146.387,92041.65709
BNBUSDT,1776706800000,2026-04-20 17:40:00,2026-04-21 02:40:00,628.91,629.33,628.75,628.93,155.237,97651.86097
BNBUSDT,1776707100000,2026-04-20 17:45:00,2026-04-21 02:45:00,628.92,629.76,628.67,629.71,222.825,140214.48141
BNBUSDT,1776707400000,2026-04-20 17:50:00,2026-04-21 02:50:00,629.71,630,629,629.43,235.817,148497.71825
BNBUSDT,1776707700000,2026-04-20 17:55:00,2026-04-21 02:55:00,629.43,629.72,629.12,629.48,187.139,117799.89006
BNBUSDT,1776708000000,2026-04-20 18:00:00,2026-04-21 03:00:00,629.48,631.38,629.48,630.26,840.11,529734.46103
BNBUSDT,1776708300000,2026-04-20 18:05:00,2026-04-21 03:05:00,630.26,631.47,630.25,631.41,289.293,182509.3255
BNBUSDT,1776708600000,2026-04-20 18:10:00,2026-04-21 03:10:00,631.4,631.47,631.03,631.4,469.887,296621.43535
BNBUSDT,1776708900000,2026-04-20 18:15:00,2026-04-21 03:15:00,631.4,631.8,631.39,631.64,223.09,140897.85263
BNBUSDT,1776709200000,2026-04-20 18:20:00,2026-04-21 03:20:00,631.63,631.76,630.45,630.7,956.401,603349.81261
BNBUSDT,1776709500000,2026-04-20 18:25:00,2026-04-21 03:25:00,630.7,630.97,630.1,630.17,258.293,162854.79437
BNBUSDT,1776709800000,2026-04-20 18:30:00,2026-04-21 03:30:00,630.18,630.28,629.3,630.05,279.984,176299.42022
BNBUSDT,1776710100000,2026-04-20 18:35:00,2026-04-21 03:35:00,630.05,630.11,629.28,629.32,171.872,108223.57857
BNBUSDT,1776710400000,2026-04-20 18:40:00,2026-04-21 03:40:00,629.31,630.74,629.31,630.24,462.306,291341.77415
BNBUSDT,1776710700000,2026-04-20 18:45:00,2026-04-21 03:45:00,630.23,630.36,629.79,630.36,112.202,70698.54516
BNBUSDT,1776711000000,2026-04-20 18:50:00,2026-04-21 03:50:00,630.36,631.47,630.36,631.18,178.619,112727.45664
BNBUSDT,1776711300000,2026-04-20 18:55:00,2026-04-21 03:55:00,631.19,631.7,630.81,630.97,427.683,269935.85613
BNBUSDT,1776711600000,2026-04-20 19:00:00,2026-04-21 04:00:00,630.97,631.17,630.42,630.91,180.11,113607.18538
BNBUSDT,1776711900000,2026-04-20 19:05:00,2026-04-21 04:05:00,630.91,631.33,630.74,631.25,122.847,77518.27704
BNBUSDT,1776712200000,2026-04-20 19:10:00,2026-04-21 04:10:00,631.24,631.7,630.9,631.28,211.002,133209.11617
BNBUSDT,1776712500000,2026-04-20 19:15:00,2026-04-21 04:15:00,631.27,631.28,630.34,630.34,198.858,125429.04856
BNBUSDT,1776712800000,2026-04-20 19:20:00,2026-04-21 04:20:00,630.34,630.42,630.15,630.27,116.967,73726.16142
BNBUSDT,1776713100000,2026-04-20 19:25:00,2026-04-21 04:25:00,630.27,630.55,630,630.5,182.611,115091.97952
BNBUSDT,1776713400000,2026-04-20 19:30:00,2026-04-21 04:30:00,630.5,630.85,630.32,630.84,138.932,87600.41865
BNBUSDT,1776713700000,2026-04-20 19:35:00,2026-04-21 04:35:00,630.85,631.04,630.79,630.84,58.217,36729.64428
BNBUSDT,1776714000000,2026-04-20 19:40:00,2026-04-21 04:40:00,630.83,630.84,630.58,630.59,88.874,56054.26047
BNBUSDT,1776714300000,2026-04-20 19:45:00,2026-04-21 04:45:00,630.59,630.64,630.37,630.38,66.665,42032.15162
BNBUSDT,1776714600000,2026-04-20 19:50:00,2026-04-21 04:50:00,630.37,630.54,630.37,630.45,223.161,140692.07893
BNBUSDT,1776714900000,2026-04-20 19:55:00,2026-04-21 04:55:00,630.45,630.88,630.37,630.56,174.618,110095.27095
BNBUSDT,1776715200000,2026-04-20 20:00:00,2026-04-21 05:00:00,630.57,630.57,629.94,630.23,241.157,151985.53592
BNBUSDT,1776715500000,2026-04-20 20:05:00,2026-04-21 05:05:00,630.23,630.37,629.56,630.1,162.714,102525.66344
BNBUSDT,1776715800000,2026-04-20 20:10:00,2026-04-21 05:10:00,630.11,630.85,630.1,630.78,56.876,35857.61452
BNBUSDT,1776716100000,2026-04-20 20:15:00,2026-04-21 05:15:00,630.78,631.1,630.43,631.1,285.961,180401.76905
BNBUSDT,1776716400000,2026-04-20 20:20:00,2026-04-21 05:20:00,631.09,631.9,631.04,631.23,165.974,104806.45421
BNBUSDT,1776716700000,2026-04-20 20:25:00,2026-04-21 05:25:00,631.23,631.38,630.75,630.8,88.664,55958.78912
BNBUSDT,1776717000000,2026-04-20 20:30:00,2026-04-21 05:30:00,630.79,630.8,630.11,630.27,244.18,153949.24302
BNBUSDT,1776717300000,2026-04-20 20:35:00,2026-04-21 05:35:00,630.27,630.43,630.2,630.21,66.221,41742.57324
BNBUSDT,1776717600000,2026-04-20 20:40:00,2026-04-21 05:40:00,630.2,630.27,629.83,630.27,603.379,380155.5239
BNBUSDT,1776717900000,2026-04-20 20:45:00,2026-04-21 05:45:00,630.26,630.86,629.96,630.71,1427.119,899518.32501
BNBUSDT,1776718200000,2026-04-20 20:50:00,2026-04-21 05:50:00,630.72,630.92,630.52,630.77,356.53,224878.6562
BNBUSDT,1776718500000,2026-04-20 20:55:00,2026-04-21 05:55:00,630.78,631.12,630.77,631.01,349.207,220334.39999
BNBUSDT,1776718800000,2026-04-20 21:00:00,2026-04-21 06:00:00,631.01,631.81,630.99,631.69,627.296,396040.42761
BNBUSDT,1776719100000,2026-04-20 21:05:00,2026-04-21 06:05:00,631.69,632.08,631.1,631.11,582.358,367877.11455
BNBUSDT,1776719400000,2026-04-20 21:10:00,2026-04-21 06:10:00,631.11,631.11,629.9,630.48,555.119,349904.19226
BNBUSDT,1776719700000,2026-04-20 21:15:00,2026-04-21 06:15:00,630.49,630.49,629.33,629.78,155.34,97835.31463
BNBUSDT,1776720000000,2026-04-20 21:20:00,2026-04-21 06:20:00,629.78,630.21,629.71,630,158.043,99569.01353
BNBUSDT,1776720300000,2026-04-20 21:25:00,2026-04-21 06:25:00,630.01,630.14,629.64,630.1,150.407,94736.4224
BNBUSDT,1776720600000,2026-04-20 21:30:00,2026-04-21 06:30:00,630.1,630.11,629.17,629.81,455.456,286744.69733
BNBUSDT,1776720900000,2026-04-20 21:35:00,2026-04-21 06:35:00,629.82,630.24,629.75,629.86,316.373,199293.89447
BNBUSDT,1776721200000,2026-04-20 21:40:00,2026-04-21 06:40:00,629.85,630.21,629.79,629.85,203.708,128336.57591
BNBUSDT,1776721500000,2026-04-20 21:45:00,2026-04-21 06:45:00,629.85,630.28,629.85,629.99,105.614,66541.69585
BNBUSDT,1776721800000,2026-04-20 21:50:00,2026-04-21 06:50:00,630,630.41,630,630.41,49.602,31257.85155
BNBUSDT,1776722100000,2026-04-20 21:55:00,2026-04-21 06:55:00,630.41,630.61,630.26,630.42,83.776,52812.22718
BNBUSDT,1776722400000,2026-04-20 22:00:00,2026-04-21 07:00:00,630.42,631.3,630.42,631,139.25,87850.27314
BNBUSDT,1776722700000,2026-04-20 22:05:00,2026-04-21 07:05:00,631,631.5,630.85,630.92,255.536,161251.03536
BNBUSDT,1776723000000,2026-04-20 22:10:00,2026-04-21 07:10:00,630.92,630.94,630.56,630.61,127.336,80322.41142
BNBUSDT,1776723300000,2026-04-20 22:15:00,2026-04-21 07:15:00,630.62,630.77,629.75,629.75,115.388,72744.42192
BNBUSDT,1776723600000,2026-04-20 22:20:00,2026-04-21 07:20:00,629.74,629.81,629.36,629.7,99.212,62462.05848
BNBUSDT,1776723900000,2026-04-20 22:25:00,2026-04-21 07:25:00,629.7,629.84,629.46,629.46,35.913,22612.53651
BNBUSDT,1776724200000,2026-04-20 22:30:00,2026-04-21 07:30:00,629.47,630.08,629.39,630.08,111.078,69932.35399
BNBUSDT,1776724500000,2026-04-20 22:35:00,2026-04-21 07:35:00,630.08,630.4,629.46,629.47,86.248,54333.68974
BNBUSDT,1776724800000,2026-04-20 22:40:00,2026-04-21 07:40:00,629.47,629.72,628.99,629.44,146.886,92423.70272
BNBUSDT,1776725100000,2026-04-20 22:45:00,2026-04-21 07:45:00,629.43,629.44,628.87,628.88,197.968,124569.94082
BNBUSDT,1776725400000,2026-04-20 22:50:00,2026-04-21 07:50:00,628.87,629.12,628.75,629.05,59.364,37335.54801
BNBUSDT,1776725700000,2026-04-20 22:55:00,2026-04-21 07:55:00,629.05,629.05,628.8,628.94,109.438,68833.59539
BNBUSDT,1776726000000,2026-04-20 23:00:00,2026-04-21 08:00:00,628.93,628.93,628,628.43,358.881,225505.61949
BNBUSDT,1776726300000,2026-04-20 23:05:00,2026-04-21 08:05:00,628.44,628.44,628.02,628.19,134.706,84623.00684
BNBUSDT,1776726600000,2026-04-20 23:10:00,2026-04-21 08:10:00,628.2,628.45,628.05,628.21,94.494,59365.97486
BNBUSDT,1776726900000,2026-04-20 23:15:00,2026-04-21 08:15:00,628.2,628.45,628.06,628.3,72.077,45279.98288
BNBUSDT,1776727200000,2026-04-20 23:20:00,2026-04-21 08:20:00,628.29,628.75,628.29,628.75,56.457,35490.28571
BNBUSDT,1776727500000,2026-04-20 23:25:00,2026-04-21 08:25:00,628.75,628.75,628,628.29,232.214,145923.35536
BNBUSDT,1776727800000,2026-04-20 23:30:00,2026-04-21 08:30:00,628.29,628.56,628.04,628.39,178.06,111894.76352
BNBUSDT,1776728100000,2026-04-20 23:35:00,2026-04-21 08:35:00,628.39,628.8,628.25,628.8,111.541,70099.67369
BNBUSDT,1776728400000,2026-04-20 23:40:00,2026-04-21 08:40:00,628.8,628.86,628.64,628.68,99.293,62427.75438
BNBUSDT,1776728700000,2026-04-20 23:45:00,2026-04-21 08:45:00,628.68,629.13,628.45,628.96,244.591,153782.25848
BNBUSDT,1776729000000,2026-04-20 23:50:00,2026-04-21 08:50:00,628.96,629.03,628.85,628.98,176.109,110755.22332
BNBUSDT,1776729300000,2026-04-20 23:55:00,2026-04-21 08:55:00,628.98,629.4,628.89,629.26,131.101,82482.25205
BNBUSDT,1776729600000,2026-04-21 00:00:00,2026-04-21 09:00:00,629.26,630.38,629.26,630.01,596.832,375914.13024
BNBUSDT,1776729900000,2026-04-21 00:05:00,2026-04-21 09:05:00,630,630.34,629.64,629.88,338.895,213499.17127
BNBUSDT,1776730200000,2026-04-21 00:10:00,2026-04-21 09:10:00,629.89,630.54,629.89,630.32,291.127,183490.8798
BNBUSDT,1776730500000,2026-04-21 00:15:00,2026-04-21 09:15:00,630.31,630.58,630.14,630.58,188.869,119063.96192
BNBUSDT,1776730800000,2026-04-21 00:20:00,2026-04-21 09:20:00,630.57,630.77,630.32,630.7,216.463,136487.58476
BNBUSDT,1776731100000,2026-04-21 00:25:00,2026-04-21 09:25:00,630.69,630.78,630.14,630.77,135.481,85408.66369
BNBUSDT,1776731400000,2026-04-21 00:30:00,2026-04-21 09:30:00,630.77,630.98,630.4,630.67,147.761,93193.15317
BNBUSDT,1776731700000,2026-04-21 00:35:00,2026-04-21 09:35:00,630.67,631.06,630.59,630.95,379.151,239154.14218
BNBUSDT,1776732000000,2026-04-21 00:40:00,2026-04-21 09:40:00,630.96,631.3,630.63,630.73,349.585,220556.90229
BNBUSDT,1776732300000,2026-04-21 00:45:00,2026-04-21 09:45:00,630.73,631.99,630.73,631.48,479.798,302938.16039
BNBUSDT,1776732600000,2026-04-21 00:50:00,2026-04-21 09:50:00,631.48,631.48,630.86,630.87,104,65635.45325
BNBUSDT,1776732900000,2026-04-21 00:55:00,2026-04-21 09:55:00,630.87,631.6,630.84,631.52,102.357,64622.10755
BNBUSDT,1776733200000,2026-04-21 01:00:00,2026-04-21 10:00:00,631.52,631.52,630.84,631.16,110.712,69881.92459
BNBUSDT,1776733500000,2026-04-21 01:05:00,2026-04-21 10:05:00,631.16,632.46,631.16,631.72,281.08,177607.86142
BNBUSDT,1776733800000,2026-04-21 01:10:00,2026-04-21 10:10:00,631.72,631.86,631.49,631.79,99.784,63026.05062
BNBUSDT,1776734100000,2026-04-21 01:15:00,2026-04-21 10:15:00,631.78,631.78,630.73,630.74,97.116,61295.75158
BNBUSDT,1776734400000,2026-04-21 01:20:00,2026-04-21 10:20:00,630.74,631.66,630.69,631.19,338.42,213587.84681
BNBUSDT,1776734700000,2026-04-21 01:25:00,2026-04-21 10:25:00,631.19,631.58,630.32,631.57,302.641,190878.31846
BNBUSDT,1776735000000,2026-04-21 01:30:00,2026-04-21 10:30:00,631.58,632.22,631.56,631.57,262.308,165744.41611
BNBUSDT,1776735300000,2026-04-21 01:35:00,2026-04-21 10:35:00,631.56,631.79,630.98,631.01,183.335,115761.50954
BNBUSDT,1776735600000,2026-04-21 01:40:00,2026-04-21 10:40:00,631,631.24,630.94,631.23,84.312,53202.92979
BNBUSDT,1776735900000,2026-04-21 01:45:00,2026-04-21 10:45:00,631.24,631.24,630.82,631.11,90.7,57236.96815
BNBUSDT,1776736200000,2026-04-21 01:50:00,2026-04-21 10:50:00,631.11,631.31,630.25,630.44,188.957,119191.75319
BNBUSDT,1776736500000,2026-04-21 01:55:00,2026-04-21 10:55:00,630.45,630.52,630.12,630.47,170.801,107652.92196
BNBUSDT,1776736800000,2026-04-21 02:00:00,2026-04-21 11:00:00,630.47,630.69,629.61,629.85,469.572,295913.624
BNBUSDT,1776737100000,2026-04-21 02:05:00,2026-04-21 11:05:00,629.85,630.16,629.57,629.71,171.101,107781.26209
BNBUSDT,1776737400000,2026-04-21 02:10:00,2026-04-21 11:10:00,629.7,629.78,629.14,629.37,214.746,135181.14499
BNBUSDT,1776737700000,2026-04-21 02:15:00,2026-04-21 11:15:00,629.36,629.62,629.26,629.37,329.772,207576.38614
BNBUSDT,1776738000000,2026-04-21 02:20:00,2026-04-21 11:20:00,629.37,629.62,629.25,629.34,102.848,64735.81454
BNBUSDT,1776738300000,2026-04-21 02:25:00,2026-04-21 11:25:00,629.34,629.79,629.09,629.26,184.302,116003.21866
BNBUSDT,1776738600000,2026-04-21 02:30:00,2026-04-21 11:30:00,629.27,629.77,629.27,629.51,276.957,174349.83827
BNBUSDT,1776738900000,2026-04-21 02:35:00,2026-04-21 11:35:00,629.51,629.58,629.17,629.3,286.56,180355.54439
BNBUSDT,1776739200000,2026-04-21 02:40:00,2026-04-21 11:40:00,629.29,629.52,629.03,629.13,289.789,182353.95106
BNBUSDT,1776739500000,2026-04-21 02:45:00,2026-04-21 11:45:00,629.13,629.3,628.7,628.72,154.306,97055.19664
BNBUSDT,1776739800000,2026-04-21 02:50:00,2026-04-21 11:50:00,628.72,629.04,628.42,628.62,140.813,88525.48215
BNBUSDT,1776740100000,2026-04-21 02:55:00,2026-04-21 11:55:00,628.63,628.91,628.63,628.64,109.695,68970.36365
BNBUSDT,1776740400000,2026-04-21 03:00:00,2026-04-21 12:00:00,628.63,629.06,628.1,629.04,420.907,264581.46011
BNBUSDT,1776740700000,2026-04-21 03:05:00,2026-04-21 12:05:00,629.05,629.19,628.74,628.74,324.533,204125.36978
BNBUSDT,1776741000000,2026-04-21 03:10:00,2026-04-21 12:10:00,628.74,628.85,628.42,628.77,170.255,107034.97762
BNBUSDT,1776741300000,2026-04-21 03:15:00,2026-04-21 12:15:00,628.78,629.15,628.23,628.32,186.878,117508.23806
BNBUSDT,1776741600000,2026-04-21 03:20:00,2026-04-21 12:20:00,628.32,628.83,628.27,628.82,178.989,112500.33803
BNBUSDT,1776741900000,2026-04-21 03:25:00,2026-04-21 12:25:00,628.83,629.71,628.82,629.34,395.6,248949.46193
BNBUSDT,1776742200000,2026-04-21 03:30:00,2026-04-21 12:30:00,629.34,629.92,629.33,629.84,141.409,89049.50697
BNBUSDT,1776742500000,2026-04-21 03:35:00,2026-04-21 12:35:00,629.84,629.85,628.97,629.03,192.361,121046.22192
BNBUSDT,1776742800000,2026-04-21 03:40:00,2026-04-21 12:40:00,629.03,629.4,628.78,629.33,84.606,53220.3868
BNBUSDT,1776743100000,2026-04-21 03:45:00,2026-04-21 12:45:00,629.34,629.89,629.3,629.79,288.426,181567.40332
BNBUSDT,1776743400000,2026-04-21 03:50:00,2026-04-21 12:50:00,629.79,630.19,629.7,629.98,322.249,203013.04064
BNBUSDT,1776743700000,2026-04-21 03:55:00,2026-04-21 12:55:00,629.98,630.05,629.85,629.87,118.32,74538.44111
BNBUSDT,1776744000000,2026-04-21 04:00:00,2026-04-21 13:00:00,629.87,630.39,629.86,629.89,212.275,133769.41571
BNBUSDT,1776744300000,2026-04-21 04:05:00,2026-04-21 13:05:00,629.89,629.89,629.34,629.37,115.95,72996.8046
BNBUSDT,1776744600000,2026-04-21 04:10:00,2026-04-21 13:10:00,629.38,629.46,628.93,628.93,144.331,90827.03262
BNBUSDT,1776744900000,2026-04-21 04:15:00,2026-04-21 13:15:00,628.94,629.38,628.81,628.84,167.219,105190.97092
BNBUSDT,1776745200000,2026-04-21 04:20:00,2026-04-21 13:20:00,628.83,629.32,628.83,629.32,93.306,58690.28673
BNBUSDT,1776745500000,2026-04-21 04:25:00,2026-04-21 13:25:00,629.31,629.94,629.31,629.75,203.126,127900.78604
BNBUSDT,1776745800000,2026-04-21 04:30:00,2026-04-21 13:30:00,629.75,630.22,629.75,629.9,184.693,116356.3755
BNBUSDT,1776746100000,2026-04-21 04:35:00,2026-04-21 13:35:00,629.91,630.37,629.9,630.01,133.266,83991.93866
BNBUSDT,1776746400000,2026-04-21 04:40:00,2026-04-21 13:40:00,630.02,630.16,629.75,630.12,154.727,97454.16024
BNBUSDT,1776746700000,2026-04-21 04:45:00,2026-04-21 13:45:00,630.12,630.51,629.99,630.44,144.391,91009.80378
BNBUSDT,1776747000000,2026-04-21 04:50:00,2026-04-21 13:50:00,630.44,630.76,630.44,630.56,101.038,63716.79422
BNBUSDT,1776747300000,2026-04-21 04:55:00,2026-04-21 13:55:00,630.56,630.75,630.55,630.61,230.722,145511.44738
BNBUSDT,1776747600000,2026-04-21 05:00:00,2026-04-21 14:00:00,630.61,630.91,630.6,630.9,63.182,39854.05253
BNBUSDT,1776747900000,2026-04-21 05:05:00,2026-04-21 14:05:00,630.91,631.93,630.9,631.83,225.317,142264.57512
BNBUSDT,1776748200000,2026-04-21 05:10:00,2026-04-21 14:10:00,631.83,631.83,631.1,631.41,241.612,152544.66254
BNBUSDT,1776748500000,2026-04-21 05:15:00,2026-04-21 14:15:00,631.4,631.41,631.17,631.2,83.984,53020.32333
BNBUSDT,1776748800000,2026-04-21 05:20:00,2026-04-21 14:20:00,631.2,632,631.2,632,112.598,71120.9003
BNBUSDT,1776749100000,2026-04-21 05:25:00,2026-04-21 14:25:00,632,632.06,631.43,631.89,302.085,190851.42823
BNBUSDT,1776749400000,2026-04-21 05:30:00,2026-04-21 14:30:00,631.9,631.92,631.31,631.6,401.246,253440.27814
BNBUSDT,1776749700000,2026-04-21 05:35:00,2026-04-21 14:35:00,631.6,631.87,631.45,631.46,268.866,169827.39194
BNBUSDT,1776750000000,2026-04-21 05:40:00,2026-04-21 14:40:00,631.45,631.51,631.24,631.24,142.826,90182.15478
BNBUSDT,1776750300000,2026-04-21 05:45:00,2026-04-21 14:45:00,631.23,631.23,630.72,630.97,236.455,149184.52668
BNBUSDT,1776750600000,2026-04-21 05:50:00,2026-04-21 14:50:00,630.98,631.05,630.55,631.05,194.617,122774.31413
BNBUSDT,1776750900000,2026-04-21 05:55:00,2026-04-21 14:55:00,631.04,631.23,630.89,630.91,122.204,77114.98289
BNBUSDT,1776751200000,2026-04-21 06:00:00,2026-04-21 15:00:00,630.9,630.99,630.37,630.59,210.711,132894.94138
BNBUSDT,1776751500000,2026-04-21 06:05:00,2026-04-21 15:05:00,630.59,630.6,630.42,630.48,177.848,112141.99555
BNBUSDT,1776751800000,2026-04-21 06:10:00,2026-04-21 15:10:00,630.49,630.53,630.2,630.44,108.453,68366.84097
BNBUSDT,1776752100000,2026-04-21 06:15:00,2026-04-21 15:15:00,630.44,630.55,630.31,630.32,143.963,90764.05723
BNBUSDT,1776752400000,2026-04-21 06:20:00,2026-04-21 15:20:00,630.32,630.4,630.04,630.19,126.958,80008.97122
BNBUSDT,1776752700000,2026-04-21 06:25:00,2026-04-21 15:25:00,630.2,630.76,630.2,630.76,84.861,53495.76112
BNBUSDT,1776753000000,2026-04-21 06:30:00,2026-04-21 15:30:00,630.76,632.8,630.7,632.8,468.253,295935.49931
BNBUSDT,1776753300000,2026-04-21 06:35:00,2026-04-21 15:35:00,632.8,633.08,632.13,632.16,470.97,297959.57867
BNBUSDT,1776753600000,2026-04-21 06:40:00,2026-04-21 15:40:00,632.16,632.48,632.16,632.22,156.477,98943.16645
BNBUSDT,1776753900000,2026-04-21 06:45:00,2026-04-21 15:45:00,632.22,632.79,632.02,632.75,167.266,105777.56119
BNBUSDT,1776754200000,2026-04-21 06:50:00,2026-04-21 15:50:00,632.74,632.76,632.39,632.43,96.726,61191.08262
BNBUSDT,1776754500000,2026-04-21 06:55:00,2026-04-21 15:55:00,632.44,632.69,632.4,632.46,198.296,125428.74761
BNBUSDT,1776754800000,2026-04-21 07:00:00,2026-04-21 16:00:00,632.46,632.55,631.78,632.08,300.163,189742.36952
BNBUSDT,1776755100000,2026-04-21 07:05:00,2026-04-21 16:05:00,632.07,632.48,631.91,632.44,289.322,182920.14657
BNBUSDT,1776755400000,2026-04-21 07:10:00,2026-04-21 16:10:00,632.45,632.7,632.15,632.31,266.276,168421.58682
BNBUSDT,1776755700000,2026-04-21 07:15:00,2026-04-21 16:15:00,632.3,632.87,632.16,632.84,174.244,110212.76219
BNBUSDT,1776756000000,2026-04-21 07:20:00,2026-04-21 16:20:00,632.84,633.04,632.66,633.04,316.935,200584.48854
BNBUSDT,1776756300000,2026-04-21 07:25:00,2026-04-21 16:25:00,633.03,633.79,633.03,633.55,511.345,323908.21549
BNBUSDT,1776756600000,2026-04-21 07:30:00,2026-04-21 16:30:00,633.55,633.71,632.49,632.93,447.02,282973.61882
BNBUSDT,1776756900000,2026-04-21 07:35:00,2026-04-21 16:35:00,632.94,633.57,632.94,633.52,382.45,242205.20861
BNBUSDT,1776757200000,2026-04-21 07:40:00,2026-04-21 16:40:00,633.52,633.93,633.52,633.56,442.212,280253.28674
BNBUSDT,1776757500000,2026-04-21 07:45:00,2026-04-21 16:45:00,633.55,633.55,633.3,633.54,228.436,144691.34935
BNBUSDT,1776757800000,2026-04-21 07:50:00,2026-04-21 16:50:00,633.53,633.83,633.34,633.47,434.599,275344.77714
BNBUSDT,1776758100000,2026-04-21 07:55:00,2026-04-21 16:55:00,633.46,633.47,632.88,632.88,655.526,415125.99786
BNBUSDT,1776758400000,2026-04-21 08:00:00,2026-04-21 17:00:00,632.89,633.09,632.61,632.72,330.184,208950.47907
BNBUSDT,1776758700000,2026-04-21 08:05:00,2026-04-21 17:05:00,632.71,633.4,632.71,633.02,304.8,192967.58665
BNBUSDT,1776759000000,2026-04-21 08:10:00,2026-04-21 17:10:00,633.02,633.03,632.2,632.64,400.741,253500.95788
BNBUSDT,1776759300000,2026-04-21 08:15:00,2026-04-21 17:15:00,632.64,633.29,632.55,633.2,333.383,211059.87581
BNBUSDT,1776759600000,2026-04-21 08:20:00,2026-04-21 17:20:00,633.2,634.35,633.11,634.2,1140.844,723212.22116
BNBUSDT,1776759900000,2026-04-21 08:25:00,2026-04-21 17:25:00,634.2,634.86,634.13,634.62,779.784,494782.25633
BNBUSDT,1776760200000,2026-04-21 08:30:00,2026-04-21 17:30:00,634.62,635,634.52,634.91,433.338,275101.2178
BNBUSDT,1776760500000,2026-04-21 08:35:00,2026-04-21 17:35:00,634.91,634.98,634.4,634.97,306.836,194743.21923
BNBUSDT,1776760800000,2026-04-21 08:40:00,2026-04-21 17:40:00,634.96,635.66,634.8,635.5,526.318,334339.34587
BNBUSDT,1776761100000,2026-04-21 08:45:00,2026-04-21 17:45:00,635.5,637.51,635.49,636.3,1541.164,980777.34223
BNBUSDT,1776761400000,2026-04-21 08:50:00,2026-04-21 17:50:00,636.3,636.32,635.41,635.41,834.379,530603.38051
BNBUSDT,1776761700000,2026-04-21 08:55:00,2026-04-21 17:55:00,635.41,635.49,635,635.2,567.354,360382.66112
BNBUSDT,1776762000000,2026-04-21 09:00:00,2026-04-21 18:00:00,635.21,635.51,634.69,635,1431.45,909091.11873
BNBUSDT,1776762300000,2026-04-21 09:05:00,2026-04-21 18:05:00,635,635.8,634.78,635.79,826.216,524749.18327
BNBUSDT,1776762600000,2026-04-21 09:10:00,2026-04-21 18:10:00,635.79,636.27,635.74,635.83,625.43,397802.59489
BNBUSDT,1776762900000,2026-04-21 09:15:00,2026-04-21 18:15:00,635.83,636.37,635.77,636.37,500.553,318419.42373
BNBUSDT,1776763200000,2026-04-21 09:20:00,2026-04-21 18:20:00,636.37,636.88,636.36,636.5,687.918,438001.33227
BNBUSDT,1776763500000,2026-04-21 09:25:00,2026-04-21 18:25:00,636.5,636.6,635.5,635.71,815.157,518533.62938
BNBUSDT,1776763800000,2026-04-21 09:30:00,2026-04-21 18:30:00,635.71,636.2,635.59,635.85,537.082,341541.02844
BNBUSDT,1776764100000,2026-04-21 09:35:00,2026-04-21 18:35:00,635.85,636.02,635.34,636.02,614.898,390894.16719
BNBUSDT,1776764400000,2026-04-21 09:40:00,2026-04-21 18:40:00,636.02,636.82,636.02,636.67,796.723,507168.77893
BNBUSDT,1776764700000,2026-04-21 09:45:00,2026-04-21 18:45:00,636.68,636.88,636.09,636.54,533.854,339765.43787
BNBUSDT,1776765000000,2026-04-21 09:50:00,2026-04-21 18:50:00,636.55,636.75,636.4,636.41,477.255,303826.1246
BNBUSDT,1776765300000,2026-04-21 09:55:00,2026-04-21 18:55:00,636.41,636.88,636.41,636.75,533.457,339620.75846
BNBUSDT,1776765600000,2026-04-21 10:00:00,2026-04-21 19:00:00,636.76,637.18,636.76,637.03,724.299,461371.72559
BNBUSDT,1776765900000,2026-04-21 10:05:00,2026-04-21 19:05:00,637.02,638.09,637.02,638.02,683.684,435927.89567
BNBUSDT,1776766200000,2026-04-21 10:10:00,2026-04-21 19:10:00,638.02,638.02,637.18,637.47,585.749,373446.77907
BNBUSDT,1776766500000,2026-04-21 10:15:00,2026-04-21 19:15:00,637.46,637.76,636.92,637.28,952.811,607286.6956
BNBUSDT,1776766800000,2026-04-21 10:20:00,2026-04-21 19:20:00,637.28,638.15,637.04,637.98,631.221,402534.00634
BNBUSDT,1776767100000,2026-04-21 10:25:00,2026-04-21 19:25:00,637.99,638.07,637.53,638.06,766.321,488811.03132
BNBUSDT,1776767400000,2026-04-21 10:30:00,2026-04-21 19:30:00,638.07,638.62,637.95,638.62,870.874,555928.63062
BNBUSDT,1776767700000,2026-04-21 10:35:00,2026-04-21 19:35:00,638.62,639,638.59,638.9,805.607,514648.89095
BNBUSDT,1776768000000,2026-04-21 10:40:00,2026-04-21 19:40:00,638.9,639.53,638.62,639.52,1222.538,781161.58704
BNBUSDT,1776768300000,2026-04-21 10:45:00,2026-04-21 19:45:00,639.53,640.22,639.52,640.13,1592.988,1019445.03778
BNBUSDT,1776768600000,2026-04-21 10:50:00,2026-04-21 19:50:00,640.13,640.7,640.12,640.42,1284.779,822885.15538
BNBUSDT,1776768900000,2026-04-21 10:55:00,2026-04-21 19:55:00,640.42,640.66,638.55,638.55,783.519,501314.14618
BNBUSDT,1776769200000,2026-04-21 11:00:00,2026-04-21 20:00:00,638.56,638.63,636.37,636.71,4069.327,2593653.05656
BNBUSDT,1776769500000,2026-04-21 11:05:00,2026-04-21 20:05:00,636.71,636.79,635.58,635.83,2927.659,1862812.54033
BNBUSDT,1776769800000,2026-04-21 11:10:00,2026-04-21 20:10:00,635.83,635.98,634.06,634.14,2125.001,1348783.02437
BNBUSDT,1776770100000,2026-04-21 11:15:00,2026-04-21 20:15:00,634.14,634.93,633.77,634.93,1221.997,774922.91061
BNBUSDT,1776770400000,2026-04-21 11:20:00,2026-04-21 20:20:00,634.94,635.64,634.79,635.29,853.239,541932.69461
BNBUSDT,1776770700000,2026-04-21 11:25:00,2026-04-21 20:25:00,635.29,635.29,633.78,634.25,931.414,590849.50586
BNBUSDT,1776771000000,2026-04-21 11:30:00,2026-04-21 20:30:00,634.24,634.68,633.99,634.09,623.619,395565.30238
BNBUSDT,1776771300000,2026-04-21 11:35:00,2026-04-21 20:35:00,634.09,634.09,633.62,634.05,557.509,353387.53586
BNBUSDT,1776771600000,2026-04-21 11:40:00,2026-04-21 20:40:00,634.06,634.51,633.44,633.64,627.356,397742.81705
BNBUSDT,1776771900000,2026-04-21 11:45:00,2026-04-21 20:45:00,633.64,633.85,633.54,633.71,401.717,254556.7037
BNBUSDT,1776772200000,2026-04-21 11:50:00,2026-04-21 20:50:00,633.71,633.83,633.63,633.74,282.273,178890.10395
BNBUSDT,1776772500000,2026-04-21 11:55:00,2026-04-21 20:55:00,633.73,634.56,633.73,634.14,284.049,180116.07689
BNBUSDT,1776772800000,2026-04-21 12:00:00,2026-04-21 21:00:00,634.14,634.87,633.67,633.93,497.199,315395.77164
BNBUSDT,1776773100000,2026-04-21 12:05:00,2026-04-21 21:05:00,633.93,634.3,633.79,634.12,348.722,221087.60026
BNBUSDT,1776773400000,2026-04-21 12:10:00,2026-04-21 21:10:00,634.12,634.12,633.24,633.24,601.017,380809.20769
BNBUSDT,1776773700000,2026-04-21 12:15:00,2026-04-21 21:15:00,633.25,633.68,633.15,633.53,293.483,185876.66438
BNBUSDT,1776774000000,2026-04-21 12:20:00,2026-04-21 21:20:00,633.53,633.89,633.45,633.47,369.794,234330.23163
BNBUSDT,1776774300000,2026-04-21 12:25:00,2026-04-21 21:25:00,633.47,633.65,633.33,633.53,346.481,219495.57728
BNBUSDT,1776774600000,2026-04-21 12:30:00,2026-04-21 21:30:00,633.52,633.8,632.71,633.77,634.674,401914.8023
BNBUSDT,1776774900000,2026-04-21 12:35:00,2026-04-21 21:35:00,633.78,633.8,631.74,631.74,365.83,231517.63922
BNBUSDT,1776775200000,2026-04-21 12:40:00,2026-04-21 21:40:00,631.75,631.82,630.07,630.49,1255.23,792061.16628
BNBUSDT,1776775500000,2026-04-21 12:45:00,2026-04-21 21:45:00,630.49,631.06,629.9,630.58,899.954,567279.77933
BNBUSDT,1776775800000,2026-04-21 12:50:00,2026-04-21 21:50:00,630.57,631.63,630.5,631.63,395.621,249696.34411
BNBUSDT,1776776100000,2026-04-21 12:55:00,2026-04-21 21:55:00,631.63,632.27,631.52,631.96,345.032,218047.63024
BNBUSDT,1776776400000,2026-04-21 13:00:00,2026-04-21 22:00:00,631.96,632.02,631,631.01,281.819,178033.22687
BNBUSDT,1776776700000,2026-04-21 13:05:00,2026-04-21 22:05:00,631.01,631.55,630.78,631.24,410.557,259116.52203
BNBUSDT,1776777000000,2026-04-21 13:10:00,2026-04-21 22:10:00,631.23,631.68,631.15,631.51,280.046,176810.84782
BNBUSDT,1776777300000,2026-04-21 13:15:00,2026-04-21 22:15:00,631.51,631.98,631.3,631.95,313.489,198035.63112
BNBUSDT,1776777600000,2026-04-21 13:20:00,2026-04-21 22:20:00,631.95,632,631.64,631.94,356.828,225470.4234
BNBUSDT,1776777900000,2026-04-21 13:25:00,2026-04-21 22:25:00,631.95,632.5,631.77,631.87,190.61,120479.02731
BNBUSDT,1776778200000,2026-04-21 13:30:00,2026-04-21 22:30:00,631.86,632.07,631.36,631.63,374.445,236521.66289
BNBUSDT,1776778500000,2026-04-21 13:35:00,2026-04-21 22:35:00,631.63,631.93,630.85,631.05,323.053,203942.73368
BNBUSDT,1776778800000,2026-04-21 13:40:00,2026-04-21 22:40:00,631.05,633.14,630.69,632.45,362.669,229229.37764
BNBUSDT,1776779100000,2026-04-21 13:45:00,2026-04-21 22:45:00,632.44,632.7,631.55,631.7,266.199,168211.06379
BNBUSDT,1776779400000,2026-04-21 13:50:00,2026-04-21 22:50:00,631.69,632.21,631.25,631.51,245.204,154898.09263
BNBUSDT,1776779700000,2026-04-21 13:55:00,2026-04-21 22:55:00,631.51,632.42,631.51,632.27,329.823,208508.59199
BNBUSDT,1776780000000,2026-04-21 14:00:00,2026-04-21 23:00:00,632.28,632.5,630.69,631.48,289.225,182668.35172
BNBUSDT,1776780300000,2026-04-21 14:05:00,2026-04-21 23:05:00,631.47,631.7,630.75,631.69,209.742,132399.67622
BNBUSDT,1776780600000,2026-04-21 14:10:00,2026-04-21 23:10:00,631.69,631.69,631.08,631.39,121.551,76741.9071
BNBUSDT,1776780900000,2026-04-21 14:15:00,2026-04-21 23:15:00,631.39,633.84,631.39,632.65,582.484,368650.24492
BNBUSDT,1776781200000,2026-04-21 14:20:00,2026-04-21 23:20:00,632.65,633.22,632.32,632.74,320.86,203048.15195
BNBUSDT,1776781500000,2026-04-21 14:25:00,2026-04-21 23:25:00,632.75,633.4,632.73,633.14,465.009,294362.24822
BNBUSDT,1776781800000,2026-04-21 14:30:00,2026-04-21 23:30:00,633.14,633.87,633.02,633.55,459.912,291363.36372
BNBUSDT,1776782100000,2026-04-21 14:35:00,2026-04-21 23:35:00,633.54,634.37,633.33,633.99,375.705,238119.63119
BNBUSDT,1776782400000,2026-04-21 14:40:00,2026-04-21 23:40:00,634,635.17,633.91,634.18,576.127,365603.09984
BNBUSDT,1776782700000,2026-04-21 14:45:00,2026-04-21 23:45:00,634.17,634.27,632.97,633.23,1079.667,684309.93503
BNBUSDT,1776783000000,2026-04-21 14:50:00,2026-04-21 23:50:00,633.24,633.26,632.47,632.71,419.727,265644.29469
BNBUSDT,1776783300000,2026-04-21 14:55:00,2026-04-21 23:55:00,632.7,632.7,630.12,630.39,502.483,317122.759
BNBUSDT,1776783600000,2026-04-21 15:00:00,2026-04-22 00:00:00,630.39,631.04,629.37,631,609.096,383873.27437
BNBUSDT,1776783900000,2026-04-21 15:05:00,2026-04-22 00:05:00,630.99,631.5,630.29,631.33,234.844,148170.15249
BNBUSDT,1776784200000,2026-04-21 15:10:00,2026-04-22 00:10:00,631.32,632.01,631.32,632,333.374,210561.4605
BNBUSDT,1776784500000,2026-04-21 15:15:00,2026-04-22 00:15:00,631.99,632.83,631.59,632.79,319.504,201983.67879
BNBUSDT,1776784800000,2026-04-21 15:20:00,2026-04-22 00:20:00,632.8,632.83,631.65,631.78,245.768,155411.94198
BNBUSDT,1776785100000,2026-04-21 15:25:00,2026-04-22 00:25:00,631.78,631.78,630.68,631.4,315.866,199354.58584
BNBUSDT,1776785400000,2026-04-21 15:30:00,2026-04-22 00:30:00,631.39,631.54,630.67,630.92,295.61,186558.56107
BNBUSDT,1776785700000,2026-04-21 15:35:00,2026-04-22 00:35:00,630.91,631.58,629.7,631.58,350.512,220961.22943
BNBUSDT,1776786000000,2026-04-21 15:40:00,2026-04-22 00:40:00,631.59,631.88,630.7,630.91,309.279,195171.41931
BNBUSDT,1776786300000,2026-04-21 15:45:00,2026-04-22 00:45:00,630.92,631.49,630.83,631.31,221.386,139713.52108
BNBUSDT,1776786600000,2026-04-21 15:50:00,2026-04-22 00:50:00,631.32,631.59,630.94,631.06,186.491,117720.18279
BNBUSDT,1776786900000,2026-04-21 15:55:00,2026-04-22 00:55:00,631.06,631.87,630.84,631.81,397.424,250960.92131
BNBUSDT,1776787200000,2026-04-21 16:00:00,2026-04-22 01:00:00,631.82,632.76,631.55,631.82,600.686,379736.24441
BNBUSDT,1776787500000,2026-04-21 16:05:00,2026-04-22 01:05:00,631.81,632.75,631.69,632.75,270.306,170825.45385
BNBUSDT,1776787800000,2026-04-21 16:10:00,2026-04-22 01:10:00,632.76,632.76,632.12,632.49,154.061,97423.16271
BNBUSDT,1776788100000,2026-04-21 16:15:00,2026-04-22 01:15:00,632.49,632.76,631.99,632.39,136.178,86129.99415
BNBUSDT,1776788400000,2026-04-21 16:20:00,2026-04-22 01:20:00,632.39,632.39,631.24,631.7,321.282,203020.70526
BNBUSDT,1776788700000,2026-04-21 16:25:00,2026-04-22 01:25:00,631.7,632.5,631.7,631.96,225.399,142474.10969
BNBUSDT,1776789000000,2026-04-21 16:30:00,2026-04-22 01:30:00,631.96,633.27,631.74,633.27,191.555,121151.12505
BNBUSDT,1776789300000,2026-04-21 16:35:00,2026-04-22 01:35:00,633.28,633.66,632.83,632.94,430.403,272524.28749
BNBUSDT,1776789600000,2026-04-21 16:40:00,2026-04-22 01:40:00,632.95,633.49,632.2,632.4,382.907,242379.21648
BNBUSDT,1776789900000,2026-04-21 16:45:00,2026-04-22 01:45:00,632.41,633.29,632.4,633.23,323.315,204645.60573
BNBUSDT,1776790200000,2026-04-21 16:50:00,2026-04-22 01:50:00,633.23,633.23,632.4,632.41,236.931,149920.92096
BNBUSDT,1776790500000,2026-04-21 16:55:00,2026-04-22 01:55:00,632.42,632.47,631.44,631.88,247.418,156381.24014
BNBUSDT,1776790800000,2026-04-21 17:00:00,2026-04-22 02:00:00,631.88,632.15,631.55,631.78,219.526,138710.3127
BNBUSDT,1776791100000,2026-04-21 17:05:00,2026-04-22 02:05:00,631.77,631.78,630.69,631.2,350.624,221284.36486
BNBUSDT,1776791400000,2026-04-21 17:10:00,2026-04-22 02:10:00,631.2,631.2,629.73,630.25,503.859,317579.98167
BNBUSDT,1776791700000,2026-04-21 17:15:00,2026-04-22 02:15:00,630.26,630.26,627.52,627.53,570.724,358864.1124
BNBUSDT,1776792000000,2026-04-21 17:20:00,2026-04-22 02:20:00,627.53,628.88,627.04,628.7,348.865,219175.82659
BNBUSDT,1776792300000,2026-04-21 17:25:00,2026-04-22 02:25:00,628.69,629.26,628,628.57,287.308,180567.9585
BNBUSDT,1776792600000,2026-04-21 17:30:00,2026-04-22 02:30:00,628.58,628.8,628.24,628.5,244.353,153598.34539
BNBUSDT,1776792900000,2026-04-21 17:35:00,2026-04-22 02:35:00,628.51,630.97,628.11,629.84,773.596,487017.25893
BNBUSDT,1776793200000,2026-04-21 17:40:00,2026-04-22 02:40:00,629.85,631.91,629.85,631.05,423.408,267207.45592
BNBUSDT,1776793500000,2026-04-21 17:45:00,2026-04-22 02:45:00,631.05,631.1,630.45,630.77,161.16,101645.74029
BNBUSDT,1776793800000,2026-04-21 17:50:00,2026-04-22 02:50:00,630.76,631.22,629.98,629.99,104.348,65807.82467
BNBUSDT,1776794100000,2026-04-21 17:55:00,2026-04-22 02:55:00,629.98,629.98,629.58,629.74,221.884,139726.72732
BNBUSDT,1776794400000,2026-04-21 18:00:00,2026-04-22 03:00:00,629.74,630.31,629.61,629.84,126.888,79927.34248
BNBUSDT,1776794700000,2026-04-21 18:05:00,2026-04-22 03:05:00,629.84,630.05,629.59,629.7,77.513,48818.00757
BNBUSDT,1776795000000,2026-04-21 18:10:00,2026-04-22 03:10:00,629.69,629.95,629.18,629.84,134.535,84703.8756
BNBUSDT,1776795300000,2026-04-21 18:15:00,2026-04-22 03:15:00,629.85,630.43,628.59,629.27,672.736,423470.519
BNBUSDT,1776795600000,2026-04-21 18:20:00,2026-04-22 03:20:00,629.27,629.6,628.89,629.28,90.627,57032.90092
BNBUSDT,1776795900000,2026-04-21 18:25:00,2026-04-22 03:25:00,629.27,629.46,628.74,629.06,155.239,97677.20435
BNBUSDT,1776796200000,2026-04-21 18:30:00,2026-04-22 03:30:00,629.06,629.85,629.06,629.85,111.839,70403.62085
BNBUSDT,1776796500000,2026-04-21 18:35:00,2026-04-22 03:35:00,629.84,629.93,629.48,629.71,71.195,44830.67971
BNBUSDT,1776796800000,2026-04-21 18:40:00,2026-04-22 03:40:00,629.7,629.84,629.4,629.75,104.546,65825.31178
BNBUSDT,1776797100000,2026-04-21 18:45:00,2026-04-22 03:45:00,629.76,629.79,628.75,628.75,53.665,33770.49787
BNBUSDT,1776797400000,2026-04-21 18:50:00,2026-04-22 03:50:00,628.76,629.96,628.31,629.52,443.348,278931.70329
BNBUSDT,1776797700000,2026-04-21 18:55:00,2026-04-22 03:55:00,629.53,630.49,629.3,630.3,141.504,89131.41888
BNBUSDT,1776798000000,2026-04-21 19:00:00,2026-04-22 04:00:00,630.31,631.16,630.31,631.04,263.176,166045.53699
BNBUSDT,1776798300000,2026-04-21 19:05:00,2026-04-22 04:05:00,631.05,631.38,630.82,630.82,45.317,28601.92083
BNBUSDT,1776798600000,2026-04-21 19:10:00,2026-04-22 04:10:00,630.82,631.21,629.53,630.14,255.363,161000.92887
BNBUSDT,1776798900000,2026-04-21 19:15:00,2026-04-22 04:15:00,630.14,630.39,629.67,630.05,185.356,116794.75147
BNBUSDT,1776799200000,2026-04-21 19:20:00,2026-04-22 04:20:00,630.06,631.51,630.06,631.37,232.809,146849.77721
BNBUSDT,1776799500000,2026-04-21 19:25:00,2026-04-22 04:25:00,631.35,631.58,630.68,630.69,181.525,114595.43869
BNBUSDT,1776799800000,2026-04-21 19:30:00,2026-04-22 04:30:00,630.69,630.72,629.72,629.73,65.823,41492.16977
BNBUSDT,1776800100000,2026-04-21 19:35:00,2026-04-22 04:35:00,629.73,629.73,626.76,627.3,572.3,359425.63077
BNBUSDT,1776800400000,2026-04-21 19:40:00,2026-04-22 04:40:00,627.3,627.31,625,625.21,607.803,380415.68113
BNBUSDT,1776800700000,2026-04-21 19:45:00,2026-04-22 04:45:00,625.22,626.43,625.06,626.24,241.865,151316.47402
BNBUSDT,1776801000000,2026-04-21 19:50:00,2026-04-22 04:50:00,626.25,626.8,625.9,626.3,233.817,146449.15973
BNBUSDT,1776801300000,2026-04-21 19:55:00,2026-04-22 04:55:00,626.3,626.6,626.21,626.6,197.755,123877.94202
BNBUSDT,1776801600000,2026-04-21 20:00:00,2026-04-22 05:00:00,626.59,626.74,625.9,626.41,388.923,243544.82589
BNBUSDT,1776801900000,2026-04-21 20:05:00,2026-04-22 05:05:00,626.4,629.12,625.56,628.5,870.525,546178.01029
BNBUSDT,1776802200000,2026-04-21 20:10:00,2026-04-22 05:10:00,628.51,630.48,628.33,629.49,1059.136,666802.74136
BNBUSDT,1776802500000,2026-04-21 20:15:00,2026-04-22 05:15:00,629.48,629.8,629.18,629.23,273.83,172363.26746
BNBUSDT,1776802800000,2026-04-21 20:20:00,2026-04-22 05:20:00,629.23,629.98,629.23,629.86,122.099,76884.89247
BNBUSDT,1776803100000,2026-04-21 20:25:00,2026-04-22 05:25:00,629.86,630.48,629.6,629.65,161.852,101985.97374
BNBUSDT,1776803400000,2026-04-21 20:30:00,2026-04-22 05:30:00,629.65,630.7,629.65,630.53,210.317,132577.44498
BNBUSDT,1776803700000,2026-04-21 20:35:00,2026-04-22 05:35:00,630.52,630.58,629.92,630.33,113.474,71512.98799
BNBUSDT,1776804000000,2026-04-21 20:40:00,2026-04-22 05:40:00,630.33,630.33,629.79,629.89,133.227,83929.77726
BNBUSDT,1776804300000,2026-04-21 20:45:00,2026-04-22 05:45:00,629.89,629.89,629.21,629.73,67.049,42204.6004
BNBUSDT,1776804600000,2026-04-21 20:50:00,2026-04-22 05:50:00,629.73,630,629.47,630,82.652,52048.10925
BNBUSDT,1776804900000,2026-04-21 20:55:00,2026-04-22 05:55:00,629.99,630.43,629.8,629.8,95.741,60327.89274
BNBUSDT,1776805200000,2026-04-21 21:00:00,2026-04-22 06:00:00,629.81,630.11,629.41,629.6,251.161,158180.68278
BNBUSDT,1776805500000,2026-04-21 21:05:00,2026-04-22 06:05:00,629.6,629.71,629.17,629.18,142.122,89445.25738
BNBUSDT,1776805800000,2026-04-21 21:10:00,2026-04-22 06:10:00,629.19,629.21,628.68,629.2,137.641,86572.81149
BNBUSDT,1776806100000,2026-04-21 21:15:00,2026-04-22 06:15:00,629.21,629.27,628.93,629.15,215.242,135400.95785
BNBUSDT,1776806400000,2026-04-21 21:20:00,2026-04-22 06:20:00,629.15,629.75,629.15,629.42,61.723,38854.24256
BNBUSDT,1776806700000,2026-04-21 21:25:00,2026-04-22 06:25:00,629.41,629.41,628.83,628.86,187.553,117976.88755
BNBUSDT,1776807000000,2026-04-21 21:30:00,2026-04-22 06:30:00,628.86,629.19,628.86,629.14,112.587,70816.56905
BNBUSDT,1776807300000,2026-04-21 21:35:00,2026-04-22 06:35:00,629.14,629.57,629.14,629.27,72.382,45553.362
BNBUSDT,1776807600000,2026-04-21 21:40:00,2026-04-22 06:40:00,629.27,629.34,628.79,628.81,86.429,54377.12645
BNBUSDT,1776807900000,2026-04-21 21:45:00,2026-04-22 06:45:00,628.82,629.23,628.78,628.99,78.631,49459.18784
BNBUSDT,1776808200000,2026-04-21 21:50:00,2026-04-22 06:50:00,629,629.22,628.88,629.05,138.131,86886.92794
BNBUSDT,1776808500000,2026-04-21 21:55:00,2026-04-22 06:55:00,629.05,629.46,628.98,629.19,47.137,29658.86471
BNBUSDT,1776808800000,2026-04-21 22:00:00,2026-04-22 07:00:00,629.19,629.66,628.85,629.03,140.498,88400.93107
BNBUSDT,1776809100000,2026-04-21 22:05:00,2026-04-22 07:05:00,629.02,629.42,628.76,629.08,99.787,62773.4141
BNBUSDT,1776809400000,2026-04-21 22:10:00,2026-04-22 07:10:00,629.08,629.71,629.07,629.62,71.938,45276.02492
BNBUSDT,1776809700000,2026-04-21 22:15:00,2026-04-22 07:15:00,629.61,629.61,628.04,628.04,130.025,81753.08251
BNBUSDT,1776810000000,2026-04-21 22:20:00,2026-04-22 07:20:00,628.05,628.53,627.78,628.11,93.612,58801.33963
BNBUSDT,1776810300000,2026-04-21 22:25:00,2026-04-22 07:25:00,628.11,628.33,628.11,628.12,27.963,17565.36672
BNBUSDT,1776810600000,2026-04-21 22:30:00,2026-04-22 07:30:00,628.12,628.47,627.71,628.04,199.225,125136.2985
BNBUSDT,1776810900000,2026-04-21 22:35:00,2026-04-22 07:35:00,628.04,628.3,627.99,628.09,76.166,47846.2717
BNBUSDT,1776811200000,2026-04-21 22:40:00,2026-04-22 07:40:00,628.09,628.95,628.06,628.94,97.101,61015.09015
BNBUSDT,1776811500000,2026-04-21 22:45:00,2026-04-22 07:45:00,628.94,628.94,628.19,628.19,125.027,78597.19087
BNBUSDT,1776811800000,2026-04-21 22:50:00,2026-04-22 07:50:00,628.2,628.5,628.2,628.49,107.946,67827.07119
BNBUSDT,1776812100000,2026-04-21 22:55:00,2026-04-22 07:55:00,628.5,628.9,628.49,628.9,129.462,81397.33389
BNBUSDT,1776812400000,2026-04-21 23:00:00,2026-04-22 08:00:00,628.89,629.98,628.8,629.73,539.391,339360.93519
BNBUSDT,1776812700000,2026-04-21 23:05:00,2026-04-22 08:05:00,629.74,630.58,629.73,630.52,178.429,112468.40621
BNBUSDT,1776813000000,2026-04-21 23:10:00,2026-04-22 08:10:00,630.51,630.51,629.8,629.99,132.814,83672.23417
BNBUSDT,1776813300000,2026-04-21 23:15:00,2026-04-22 08:15:00,630,630.5,630,630.26,239.837,151149.12481
BNBUSDT,1776813600000,2026-04-21 23:20:00,2026-04-22 08:20:00,630.27,630.28,630.02,630.27,128.719,81105.98642
BNBUSDT,1776813900000,2026-04-21 23:25:00,2026-04-22 08:25:00,630.27,630.28,629.91,629.92,160.666,101237.94535
BNBUSDT,1776814200000,2026-04-21 23:30:00,2026-04-22 08:30:00,629.92,630.13,629.69,630.12,169.207,106587.56149
BNBUSDT,1776814500000,2026-04-21 23:35:00,2026-04-22 08:35:00,630.12,630.43,629.68,630.42,131.205,82653.65728
BNBUSDT,1776814800000,2026-04-21 23:40:00,2026-04-22 08:40:00,630.43,631.26,630.11,631.08,311.561,196531.32714
BNBUSDT,1776815100000,2026-04-21 23:45:00,2026-04-22 08:45:00,631.08,632.45,631.07,632.1,278.671,176133.309
BNBUSDT,1776815400000,2026-04-21 23:50:00,2026-04-22 08:50:00,632.1,632.16,631.51,631.74,254.724,160933.59349
BNBUSDT,1776815700000,2026-04-21 23:55:00,2026-04-22 08:55:00,631.74,631.83,631.61,631.72,210.143,132759.46481
BNBUSDT,1776816000000,2026-04-22 00:00:00,2026-04-22 09:00:00,631.73,632.57,631.73,632,294.441,186124.43179
BNBUSDT,1776816300000,2026-04-22 00:05:00,2026-04-22 09:05:00,632,632.84,632,632.69,251.894,159314.74526
BNBUSDT,1776816600000,2026-04-22 00:10:00,2026-04-22 09:10:00,632.69,632.89,632.2,632.72,300.664,190190.37552
BNBUSDT,1776816900000,2026-04-22 00:15:00,2026-04-22 09:15:00,632.72,633,632.17,632.99,229.918,145445.04889
BNBUSDT,1776817200000,2026-04-22 00:20:00,2026-04-22 09:20:00,633,633.34,632.5,632.5,181.521,114913.96781
BNBUSDT,1776817500000,2026-04-22 00:25:00,2026-04-22 09:25:00,632.49,632.74,632.13,632.65,109.129,69016.25594
BNBUSDT,1776817800000,2026-04-22 00:30:00,2026-04-22 09:30:00,632.65,632.85,632.35,632.36,195.771,123858.81638
BNBUSDT,1776818100000,2026-04-22 00:35:00,2026-04-22 09:35:00,632.35,632.51,632.09,632.45,129.263,81731.89591
BNBUSDT,1776818400000,2026-04-22 00:40:00,2026-04-22 09:40:00,632.44,632.72,632.28,632.45,80.42,50863.58399
BNBUSDT,1776818700000,2026-04-22 00:45:00,2026-04-22 09:45:00,632.45,632.72,632.4,632.41,144.471,91386.90079
BNBUSDT,1776819000000,2026-04-22 00:50:00,2026-04-22 09:50:00,632.41,632.73,632.11,632.52,94.537,59783.58204
BNBUSDT,1776819300000,2026-04-22 00:55:00,2026-04-22 09:55:00,632.51,632.85,632.38,632.84,184.327,116597.91576
BNBUSDT,1776819600000,2026-04-22 01:00:00,2026-04-22 10:00:00,632.85,633.1,632.65,632.66,150.792,95432.45821
BNBUSDT,1776819900000,2026-04-22 01:05:00,2026-04-22 10:05:00,632.67,632.92,632.33,632.35,102.726,64993.74802
BNBUSDT,1776820200000,2026-04-22 01:10:00,2026-04-22 10:10:00,632.34,633,632,632.73,91.526,57877.48699
BNBUSDT,1776820500000,2026-04-22 01:15:00,2026-04-22 10:15:00,632.73,632.73,631.36,631.4,124.878,78901.60344
BNBUSDT,1776820800000,2026-04-22 01:20:00,2026-04-22 10:20:00,631.4,632.11,631.19,631.58,155.419,98167.62265
BNBUSDT,1776821100000,2026-04-22 01:25:00,2026-04-22 10:25:00,631.58,631.66,631.25,631.26,141.675,89461.80048
BNBUSDT,1776821400000,2026-04-22 01:30:00,2026-04-22 10:30:00,631.26,631.62,631.19,631.47,132.776,83841.10289
BNBUSDT,1776821700000,2026-04-22 01:35:00,2026-04-22 10:35:00,631.46,632.17,631.46,632.16,101.657,64231.1542
BNBUSDT,1776822000000,2026-04-22 01:40:00,2026-04-22 10:40:00,632.16,632.24,631.88,632.03,80.819,51080.78557
BNBUSDT,1776822300000,2026-04-22 01:45:00,2026-04-22 10:45:00,632.02,632.31,631.7,632.31,116.075,73368.76475
BNBUSDT,1776822600000,2026-04-22 01:50:00,2026-04-22 10:50:00,632.31,633,632.13,632.22,205.794,130170.65148
BNBUSDT,1776822900000,2026-04-22 01:55:00,2026-04-22 10:55:00,632.22,632.82,632.21,632.68,201.971,127776.34116
BNBUSDT,1776823200000,2026-04-22 02:00:00,2026-04-22 11:00:00,632.68,633.26,632.44,632.87,160.449,101536.68023
BNBUSDT,1776823500000,2026-04-22 02:05:00,2026-04-22 11:05:00,632.87,633.17,632.51,633.16,134.683,85234.54266
BNBUSDT,1776823800000,2026-04-22 02:10:00,2026-04-22 11:10:00,633.17,635.43,633.17,634.98,1087.142,690210.07012
BNBUSDT,1776824100000,2026-04-22 02:15:00,2026-04-22 11:15:00,634.98,637.42,634.98,636.56,991.266,630752.28898
BNBUSDT,1776824400000,2026-04-22 02:20:00,2026-04-22 11:20:00,636.55,636.82,635.12,636.21,619.125,393910.47897
BNBUSDT,1776824700000,2026-04-22 02:25:00,2026-04-22 11:25:00,636.21,638,636.21,637.71,359.244,228916.45144
BNBUSDT,1776825000000,2026-04-22 02:30:00,2026-04-22 11:30:00,637.71,638.48,636.66,637.31,573.216,365489.94172
BNBUSDT,1776825300000,2026-04-22 02:35:00,2026-04-22 11:35:00,637.3,638.23,637.3,637.65,463.078,295322.27859
BNBUSDT,1776825600000,2026-04-22 02:40:00,2026-04-22 11:40:00,637.65,639.54,637.42,639.24,1545.608,987306.61627
BNBUSDT,1776825900000,2026-04-22 02:45:00,2026-04-22 11:45:00,639.24,639.51,638.16,639.5,1924.383,1229889.30658
BNBUSDT,1776826200000,2026-04-22 02:50:00,2026-04-22 11:50:00,639.49,640.12,639.3,640.1,1152.794,737586.34612
BNBUSDT,1776826500000,2026-04-22 02:55:00,2026-04-22 11:55:00,640.11,640.82,639.75,640.08,2128.435,1362668.55487
BNBUSDT,1776826800000,2026-04-22 03:00:00,2026-04-22 12:00:00,640.08,640.4,639.24,639.91,1095.058,700550.02417
BNBUSDT,1776827100000,2026-04-22 03:05:00,2026-04-22 12:05:00,639.9,640.88,639.82,640.83,892.016,571159.07724
BNBUSDT,1776827400000,2026-04-22 03:10:00,2026-04-22 12:10:00,640.84,641.4,640.43,640.64,797.957,511421.71739
BNBUSDT,1776827700000,2026-04-22 03:15:00,2026-04-22 12:15:00,640.64,640.65,639.56,639.87,380.745,243718.70637
BNBUSDT,1776828000000,2026-04-22 03:20:00,2026-04-22 12:20:00,639.88,639.97,639.12,639.65,423.957,271131.90808
BNBUSDT,1776828300000,2026-04-22 03:25:00,2026-04-22 12:25:00,639.65,640.72,639.65,640.39,347.263,222308.94884
BNBUSDT,1776828600000,2026-04-22 03:30:00,2026-04-22 12:30:00,640.39,640.46,639.43,639.44,397.543,254361.25599
BNBUSDT,1776828900000,2026-04-22 03:35:00,2026-04-22 12:35:00,639.44,639.56,639.19,639.38,174.123,111333.24191
BNBUSDT,1776829200000,2026-04-22 03:40:00,2026-04-22 12:40:00,639.38,639.87,639.33,639.87,400.283,255994.92352
BNBUSDT,1776829500000,2026-04-22 03:45:00,2026-04-22 12:45:00,639.88,640.28,639.66,640,328.032,209909.74839
BNBUSDT,1776829800000,2026-04-22 03:50:00,2026-04-22 12:50:00,640.01,640.48,639.88,639.88,201.656,129079.90233
BNBUSDT,1776830100000,2026-04-22 03:55:00,2026-04-22 12:55:00,639.89,640.14,639.57,639.57,187.928,120262.86293
BNBUSDT,1776830400000,2026-04-22 04:00:00,2026-04-22 13:00:00,639.57,640,639.56,639.99,205.312,131367.21718
BNBUSDT,1776830700000,2026-04-22 04:05:00,2026-04-22 13:05:00,639.99,639.99,639.65,639.8,157.756,100936.49371
BNBUSDT,1776831000000,2026-04-22 04:10:00,2026-04-22 13:10:00,639.81,639.9,639.35,639.36,400.745,256337.04051
BNBUSDT,1776831300000,2026-04-22 04:15:00,2026-04-22 13:15:00,639.35,639.4,639,639.13,103.058,65873.42453
BNBUSDT,1776831600000,2026-04-22 04:20:00,2026-04-22 13:20:00,639.13,639.13,638.66,638.84,198.307,126706.73935
BNBUSDT,1776831900000,2026-04-22 04:25:00,2026-04-22 13:25:00,638.83,639.1,638.76,639.09,156.99,100302.38423
BNBUSDT,1776832200000,2026-04-22 04:30:00,2026-04-22 13:30:00,639.1,639.38,639.09,639.38,431.771,275973.71418
BNBUSDT,1776832500000,2026-04-22 04:35:00,2026-04-22 13:35:00,639.38,640.15,639.3,640.15,439.425,281080.76837
BNBUSDT,1776832800000,2026-04-22 04:40:00,2026-04-22 13:40:00,640.15,640.58,639.99,640.05,207.703,132994.2299
BNBUSDT,1776833100000,2026-04-22 04:45:00,2026-04-22 13:45:00,640.05,640.09,639.71,639.83,268.341,171735.41254
BNBUSDT,1776833400000,2026-04-22 04:50:00,2026-04-22 13:50:00,639.83,639.85,639.36,639.59,197.795,126525.72006
BNBUSDT,1776833700000,2026-04-22 04:55:00,2026-04-22 13:55:00,639.59,639.75,639.35,639.74,216.331,138346.88156
BNBUSDT,1776834000000,2026-04-22 05:00:00,2026-04-22 14:00:00,639.75,640.23,639.65,640.09,186.13,119101.90177
BNBUSDT,1776834300000,2026-04-22 05:05:00,2026-04-22 14:05:00,640.09,640.47,639.97,640.35,133.968,85766.1722
BNBUSDT,1776834600000,2026-04-22 05:10:00,2026-04-22 14:10:00,640.35,640.36,640,640.01,129.626,82976.6118
BNBUSDT,1776834900000,2026-04-22 05:15:00,2026-04-22 14:15:00,640.01,642.5,639.82,641.99,1223.353,784673.04282
BNBUSDT,1776835200000,2026-04-22 05:20:00,2026-04-22 14:20:00,642,643.88,641.71,643.01,2247.138,1444113.92236
BNBUSDT,1776835500000,2026-04-22 05:25:00,2026-04-22 14:25:00,643.01,644.39,642.42,642.83,1751.37,1127067.61071
BNBUSDT,1776835800000,2026-04-22 05:30:00,2026-04-22 14:30:00,642.83,643.97,642.74,643.28,1238.309,796561.61863
BNBUSDT,1776836100000,2026-04-22 05:35:00,2026-04-22 14:35:00,643.27,643.87,642.74,642.75,1167.373,750908.11773
BNBUSDT,1776836400000,2026-04-22 05:40:00,2026-04-22 14:40:00,642.75,644.1,642.34,643.95,2368.554,1524119.12147
BNBUSDT,1776836700000,2026-04-22 05:45:00,2026-04-22 14:45:00,643.95,644.89,643.69,644.64,2471.304,1592484.45045
BNBUSDT,1776837000000,2026-04-22 05:50:00,2026-04-22 14:50:00,644.64,644.95,642.97,643.56,1020.934,657722.56612
BNBUSDT,1776837300000,2026-04-22 05:55:00,2026-04-22 14:55:00,643.57,644,641.16,642.84,2460.48,1580986.54048
BNBUSDT,1776837600000,2026-04-22 06:00:00,2026-04-22 15:00:00,642.83,642.84,642.12,642.28,386.487,248293.52429
BNBUSDT,1776837900000,2026-04-22 06:05:00,2026-04-22 15:05:00,642.29,642.71,642.01,642.02,266.377,171103.01295
BNBUSDT,1776838200000,2026-04-22 06:10:00,2026-04-22 15:10:00,642.02,642.02,641.54,641.62,392.245,251740.88317
BNBUSDT,1776838500000,2026-04-22 06:15:00,2026-04-22 15:15:00,641.62,643,641.62,642.76,806.157,517684.39667
BNBUSDT,1776838800000,2026-04-22 06:20:00,2026-04-22 15:20:00,642.77,643.2,642.51,642.68,331.054,212856.99273
BNBUSDT,1776839100000,2026-04-22 06:25:00,2026-04-22 15:25:00,642.68,642.8,642.05,642.48,188.546,121138.27931
BNBUSDT,1776839400000,2026-04-22 06:30:00,2026-04-22 15:30:00,642.49,642.79,642.07,642.09,266.552,171254.86144
BNBUSDT,1776839700000,2026-04-22 06:35:00,2026-04-22 15:35:00,642.09,642.17,641.67,642.02,389.737,250181.11002
BNBUSDT,1776840000000,2026-04-22 06:40:00,2026-04-22 15:40:00,642.01,642.11,641.67,641.81,262.267,168344.2289
BNBUSDT,1776840300000,2026-04-22 06:45:00,2026-04-22 15:45:00,641.81,641.85,641.46,641.78,152.934,98147.27717
BNBUSDT,1776840600000,2026-04-22 06:50:00,2026-04-22 15:50:00,641.79,642.1,641.78,642.1,78.822,50601.53328
BNBUSDT,1776840900000,2026-04-22 06:55:00,2026-04-22 15:55:00,642.1,642.3,641.98,642.3,139.205,89382.21945
BNBUSDT,1776841200000,2026-04-22 07:00:00,2026-04-22 16:00:00,642.3,642.58,641.97,642.04,276.337,177483.79544
BNBUSDT,1776841500000,2026-04-22 07:05:00,2026-04-22 16:05:00,642.04,642.21,642.03,642.1,230.531,148026.0728
BNBUSDT,1776841800000,2026-04-22 07:10:00,2026-04-22 16:10:00,642.1,642.69,642.08,642.69,269.064,172798.65693
BNBUSDT,1776842100000,2026-04-22 07:15:00,2026-04-22 16:15:00,642.69,642.69,641.71,641.92,244.205,156782.95848
BNBUSDT,1776842400000,2026-04-22 07:20:00,2026-04-22 16:20:00,641.93,641.93,641.26,641.79,429.579,275587.61954
BNBUSDT,1776842700000,2026-04-22 07:25:00,2026-04-22 16:25:00,641.8,642,641.58,641.82,180.963,116152.32001
BNBUSDT,1776843000000,2026-04-22 07:30:00,2026-04-22 16:30:00,641.81,642.32,641.76,642.04,168.859,108406.51598
BNBUSDT,1776843300000,2026-04-22 07:35:00,2026-04-22 16:35:00,642.04,642.47,641.83,641.95,71.655,46018.0133
BNBUSDT,1776843600000,2026-04-22 07:40:00,2026-04-22 16:40:00,641.94,642.82,641.77,642.68,272.6,175093.48701
BNBUSDT,1776843900000,2026-04-22 07:45:00,2026-04-22 16:45:00,642.69,642.75,642.13,642.14,442.311,284196.09923
BNBUSDT,1776844200000,2026-04-22 07:50:00,2026-04-22 16:50:00,642.13,642.58,642.03,642.15,166.018,106641.35312
BNBUSDT,1776844500000,2026-04-22 07:55:00,2026-04-22 16:55:00,642.16,642.32,641.96,641.99,165.268,106130.8558
BNBUSDT,1776844800000,2026-04-22 08:00:00,2026-04-22 17:00:00,642,642.57,641.86,641.87,187.957,120705.25482
BNBUSDT,1776845100000,2026-04-22 08:05:00,2026-04-22 17:05:00,641.87,642.44,641.87,642.34,147.557,94749.65868
BNBUSDT,1776845400000,2026-04-22 08:10:00,2026-04-22 17:10:00,642.35,642.85,642.34,642.84,159.238,102342.95303
BNBUSDT,1776845700000,2026-04-22 08:15:00,2026-04-22 17:15:00,642.85,642.96,642.5,642.54,524.487,337029.84762
BNBUSDT,1776846000000,2026-04-22 08:20:00,2026-04-22 17:20:00,642.55,642.72,642.08,642.08,1085.325,697315.25738
BNBUSDT,1776846300000,2026-04-22 08:25:00,2026-04-22 17:25:00,642.07,642.09,641.68,641.71,371.489,238450.60363
BNBUSDT,1776846600000,2026-04-22 08:30:00,2026-04-22 17:30:00,641.72,641.72,641.24,641.29,96.73,62053.19902
BNBUSDT,1776846900000,2026-04-22 08:35:00,2026-04-22 17:35:00,641.29,641.61,641.14,641.17,383.198,245738.9452
BNBUSDT,1776847200000,2026-04-22 08:40:00,2026-04-22 17:40:00,641.17,641.55,641,641.41,488.015,312921.06722
BNBUSDT,1776847500000,2026-04-22 08:45:00,2026-04-22 17:45:00,641.4,641.75,641.38,641.54,177.433,113831.29059
BNBUSDT,1776847800000,2026-04-22 08:50:00,2026-04-22 17:50:00,641.55,642.07,641.54,642.07,258.585,165941.86159
BNBUSDT,1776848100000,2026-04-22 08:55:00,2026-04-22 17:55:00,642.07,642.62,641.89,642.17,391.819,251659.28027
BNBUSDT,1776848400000,2026-04-22 09:00:00,2026-04-22 18:00:00,642.17,642.36,641.95,642.31,179.292,115135.45068
BNBUSDT,1776848700000,2026-04-22 09:05:00,2026-04-22 18:05:00,642.32,643.39,642.17,643.35,267.515,171971.77928
BNBUSDT,1776849000000,2026-04-22 09:10:00,2026-04-22 18:10:00,643.35,643.81,643.34,643.45,322.755,207708.76617
BNBUSDT,1776849300000,2026-04-22 09:15:00,2026-04-22 18:15:00,643.44,643.59,642.94,643,141.119,90785.27257
BNBUSDT,1776849600000,2026-04-22 09:20:00,2026-04-22 18:20:00,642.99,643.52,642.86,643.03,296.423,190642.77953
BNBUSDT,1776849900000,2026-04-22 09:25:00,2026-04-22 18:25:00,643.03,643.34,642.9,643.17,168.49,108350.12825
BNBUSDT,1776850200000,2026-04-22 09:30:00,2026-04-22 18:30:00,643.16,643.35,642.87,642.99,158.524,101943.30384
BNBUSDT,1776850500000,2026-04-22 09:35:00,2026-04-22 18:35:00,643,643,642.57,642.95,143.823,92446.84467
BNBUSDT,1776850800000,2026-04-22 09:40:00,2026-04-22 18:40:00,642.94,643.49,642.88,642.89,240.417,154619.31513
BNBUSDT,1776851100000,2026-04-22 09:45:00,2026-04-22 18:45:00,642.89,642.89,642.38,642.63,196.092,125998.4275
BNBUSDT,1776851400000,2026-04-22 09:50:00,2026-04-22 18:50:00,642.62,642.93,641.91,641.91,187.205,120284.45325
BNBUSDT,1776851700000,2026-04-22 09:55:00,2026-04-22 18:55:00,641.92,642.15,641.75,642.13,175.628,112760.47631
BNBUSDT,1776852000000,2026-04-22 10:00:00,2026-04-22 19:00:00,642.13,642.46,641.61,641.65,150.162,96411.4452
BNBUSDT,1776852300000,2026-04-22 10:05:00,2026-04-22 19:05:00,641.66,642.19,641.52,641.7,327.37,210123.32374
BNBUSDT,1776852600000,2026-04-22 10:10:00,2026-04-22 19:10:00,641.7,642.04,641.7,642.03,235.216,150990.78952
BNBUSDT,1776852900000,2026-04-22 10:15:00,2026-04-22 19:15:00,642.04,642.17,641.88,642.03,144.935,93052.7862
BNBUSDT,1776853200000,2026-04-22 10:20:00,2026-04-22 19:20:00,642.02,642.53,642.02,642.38,137.333,88218.21664
BNBUSDT,1776853500000,2026-04-22 10:25:00,2026-04-22 19:25:00,642.39,642.63,642.32,642.62,114.479,73546.60438
BNBUSDT,1776853800000,2026-04-22 10:30:00,2026-04-22 19:30:00,642.63,643,642.54,643,140.288,90176.88009
BNBUSDT,1776854100000,2026-04-22 10:35:00,2026-04-22 19:35:00,643,643.17,642.99,643,181.827,116929.77305
BNBUSDT,1776854400000,2026-04-22 10:40:00,2026-04-22 19:40:00,642.99,643.17,642.72,642.79,232.539,149517.63127
BNBUSDT,1776854700000,2026-04-22 10:45:00,2026-04-22 19:45:00,642.78,642.9,642.64,642.9,155.923,100224.35431
BNBUSDT,1776855000000,2026-04-22 10:50:00,2026-04-22 19:50:00,642.9,642.98,642.72,642.76,354.573,227935.68143
BNBUSDT,1776855300000,2026-04-22 10:55:00,2026-04-22 19:55:00,642.76,642.77,641,642.07,3184.981,2043686.40692
BNBUSDT,1776855600000,2026-04-22 11:00:00,2026-04-22 20:00:00,642.07,642.27,641.64,641.68,287.923,184838.99027
BNBUSDT,1776855900000,2026-04-22 11:05:00,2026-04-22 20:05:00,641.68,641.85,641.13,641.33,289.4,185674.56119
BNBUSDT,1776856200000,2026-04-22 11:10:00,2026-04-22 20:10:00,641.33,641.72,641.33,641.65,331.724,212827.26438
BNBUSDT,1776856500000,2026-04-22 11:15:00,2026-04-22 20:15:00,641.64,642.04,641.63,641.64,311.277,199795.85918
BNBUSDT,1776856800000,2026-04-22 11:20:00,2026-04-22 20:20:00,641.64,641.9,641.63,641.77,170.22,109244.4616
BNBUSDT,1776857100000,2026-04-22 11:25:00,2026-04-22 20:25:00,641.78,642,641.67,642,267.415,171632.34334
BNBUSDT,1776857400000,2026-04-22 11:30:00,2026-04-22 20:30:00,642,642.32,641.7,641.89,397.313,255058.96201
BNBUSDT,1776857700000,2026-04-22 11:35:00,2026-04-22 20:35:00,641.89,642.4,641.45,641.8,488.884,313788.46609
BNBUSDT,1776858000000,2026-04-22 11:40:00,2026-04-22 20:40:00,641.8,642.2,641.65,642.08,185.933,119354.81132
BNBUSDT,1776858300000,2026-04-22 11:45:00,2026-04-22 20:45:00,642.09,642.75,642.08,642.72,158.653,101909.93543
BNBUSDT,1776858600000,2026-04-22 11:50:00,2026-04-22 20:50:00,642.72,642.97,642.36,642.72,157.774,101400.57646
BNBUSDT,1776858900000,2026-04-22 11:55:00,2026-04-22 20:55:00,642.72,642.78,642.41,642.77,179.341,115264.0769
BNBUSDT,1776859200000,2026-04-22 12:00:00,2026-04-22 21:00:00,642.78,643.59,642.14,643.32,707.41,454875.91565
BNBUSDT,1776859500000,2026-04-22 12:05:00,2026-04-22 21:05:00,643.31,643.66,642.99,643.65,190.839,122774.19792
BNBUSDT,1776859800000,2026-04-22 12:10:00,2026-04-22 21:10:00,643.65,643.93,643.53,643.69,427.349,275091.67663
BNBUSDT,1776860100000,2026-04-22 12:15:00,2026-04-22 21:15:00,643.69,643.9,643.31,643.39,207.926,133826.34734
BNBUSDT,1776860400000,2026-04-22 12:20:00,2026-04-22 21:20:00,643.39,643.48,642.91,642.91,180.356,116020.03782
BNBUSDT,1776860700000,2026-04-22 12:25:00,2026-04-22 21:25:00,642.91,643.24,642.45,642.72,378.534,243341.03048
BNBUSDT,1776861000000,2026-04-22 12:30:00,2026-04-22 21:30:00,642.72,642.93,642.49,642.91,172.855,111092.59058
BNBUSDT,1776861300000,2026-04-22 12:35:00,2026-04-22 21:35:00,642.9,642.9,642.52,642.62,169.31,108807.15891
BNBUSDT,1776861600000,2026-04-22 12:40:00,2026-04-22 21:40:00,642.61,642.87,642.43,642.69,334.689,215086.25338
BNBUSDT,1776861900000,2026-04-22 12:45:00,2026-04-22 21:45:00,642.69,643.68,642.69,642.94,216.045,138962.53792
BNBUSDT,1776862200000,2026-04-22 12:50:00,2026-04-22 21:50:00,642.95,643.42,642.94,643.42,211.762,136206.73829
BNBUSDT,1776862500000,2026-04-22 12:55:00,2026-04-22 21:55:00,643.42,643.82,643.3,643.45,168.44,108386.98085
BNBUSDT,1776862800000,2026-04-22 13:00:00,2026-04-22 22:00:00,643.45,643.98,643.11,643.98,364.695,234689.76594
BNBUSDT,1776863100000,2026-04-22 13:05:00,2026-04-22 22:05:00,643.98,645,643.38,643.58,1271.473,819337.81457
BNBUSDT,1776863400000,2026-04-22 13:10:00,2026-04-22 22:10:00,643.57,644.34,643.53,644.25,237.422,152897.27952
BNBUSDT,1776863700000,2026-04-22 13:15:00,2026-04-22 22:15:00,644.26,644.86,644.12,644.72,394.078,253959.88127
BNBUSDT,1776864000000,2026-04-22 13:20:00,2026-04-22 22:20:00,644.73,644.95,644.42,644.85,287.082,185076.70841
BNBUSDT,1776864300000,2026-04-22 13:25:00,2026-04-22 22:25:00,644.84,644.84,644.63,644.71,263.799,170069.95503
BNBUSDT,1776864600000,2026-04-22 13:30:00,2026-04-22 22:30:00,644.72,645.5,644.14,644.54,1245.574,803242.08716
BNBUSDT,1776864900000,2026-04-22 13:35:00,2026-04-22 22:35:00,644.54,645.23,643.8,645.16,664.846,428414.19279
BNBUSDT,1776865200000,2026-04-22 13:40:00,2026-04-22 22:40:00,645.16,654.19,645.09,650.71,10663.299,6931971.74568
BNBUSDT,1776865500000,2026-04-22 13:45:00,2026-04-22 22:45:00,650.71,652.28,650.58,651.28,1093.427,712395.50046
BNBUSDT,1776865800000,2026-04-22 13:50:00,2026-04-22 22:50:00,651.28,651.41,649.86,650.91,659.153,428971.75452
BNBUSDT,1776866100000,2026-04-22 13:55:00,2026-04-22 22:55:00,650.92,651.11,650.59,650.59,500.921,326006.20728
BNBUSDT,1776866400000,2026-04-22 14:00:00,2026-04-22 23:00:00,650.6,653.4,650.6,651.46,1713.951,1117281.85068
BNBUSDT,1776866700000,2026-04-22 14:05:00,2026-04-22 23:05:00,651.46,651.46,650.33,650.97,1089.453,709048.47771
BNBUSDT,1776867000000,2026-04-22 14:10:00,2026-04-22 23:10:00,650.98,652.41,650.98,652.31,1199.42,781657.83534
BNBUSDT,1776867300000,2026-04-22 14:15:00,2026-04-22 23:15:00,652.3,652.55,650.5,650.54,925.845,603232.06867
BNBUSDT,1776867600000,2026-04-22 14:20:00,2026-04-22 23:20:00,650.54,651.82,650.28,650.83,779.228,507320.25558
BNBUSDT,1776867900000,2026-04-22 14:25:00,2026-04-22 23:25:00,650.83,651.29,650.28,650.28,500.466,325699.78104
BNBUSDT,1776868200000,2026-04-22 14:30:00,2026-04-22 23:30:00,650.28,650.39,647.91,648.57,1313.96,852724.34066
BNBUSDT,1776868500000,2026-04-22 14:35:00,2026-04-22 23:35:00,648.57,649.18,647.7,649.18,684.742,443847.28094
BNBUSDT,1776868800000,2026-04-22 14:40:00,2026-04-22 23:40:00,649.18,650,648.49,648.63,561.111,364387.69632
BNBUSDT,1776869100000,2026-04-22 14:45:00,2026-04-22 23:45:00,648.63,649.63,648.62,649.45,826.787,536863.91315
BNBUSDT,1776869400000,2026-04-22 14:50:00,2026-04-22 23:50:00,649.45,650,649.4,649.79,1280.07,831625.45272
BNBUSDT,1776869700000,2026-04-22 14:55:00,2026-04-22 23:55:00,649.79,650.91,649.36,650.26,951.121,618470.27982
BNBUSDT,1776870000000,2026-04-22 15:00:00,2026-04-23 00:00:00,650.27,650.45,649.65,649.96,956.343,621679.63389
BNBUSDT,1776870300000,2026-04-22 15:05:00,2026-04-23 00:05:00,649.97,650.11,649.36,649.54,657.099,426952.3036
BNBUSDT,1776870600000,2026-04-22 15:10:00,2026-04-23 00:10:00,649.54,650,648.79,648.92,372.668,242036.08152
BNBUSDT,1776870900000,2026-04-22 15:15:00,2026-04-23 00:15:00,648.92,649.18,648.41,648.96,357.35,231858.73293
BNBUSDT,1776871200000,2026-04-22 15:20:00,2026-04-23 00:20:00,648.96,649.62,648.69,649.11,403.408,261862.75387
BNBUSDT,1776871500000,2026-04-22 15:25:00,2026-04-23 00:25:00,649.1,649.19,648.29,649.18,735.2,476901.68027
BNBUSDT,1776871800000,2026-04-22 15:30:00,2026-04-23 00:30:00,649.19,649.97,648.31,649,557.352,361802.48225
BNBUSDT,1776872100000,2026-04-22 15:35:00,2026-04-23 00:35:00,649,650,648.32,649.96,483.53,313877.12188
BNBUSDT,1776872400000,2026-04-22 15:40:00,2026-04-23 00:40:00,649.96,650,649.35,649.56,405.329,263372.51522
BNBUSDT,1776872700000,2026-04-22 15:45:00,2026-04-23 00:45:00,649.57,649.94,649.53,649.59,225.162,146310.16508
BNBUSDT,1776873000000,2026-04-22 15:50:00,2026-04-23 00:50:00,649.59,650,649.1,650,601.774,390876.57455
BNBUSDT,1776873300000,2026-04-22 15:55:00,2026-04-23 00:55:00,650,650.21,649.09,649.1,416.299,270496.83314
BNBUSDT,1776873600000,2026-04-22 16:00:00,2026-04-23 01:00:00,649.1,650.85,649.1,650.62,803.127,522119.30151
BNBUSDT,1776873900000,2026-04-22 16:05:00,2026-04-23 01:05:00,650.63,650.96,650.25,650.26,409.782,266647.6512
BNBUSDT,1776874200000,2026-04-22 16:10:00,2026-04-23 01:10:00,650.26,650.26,649.3,649.54,360.824,234381.23934
BNBUSDT,1776874500000,2026-04-22 16:15:00,2026-04-23 01:15:00,649.54,649.54,648.66,648.67,312.936,203168.40095
BNBUSDT,1776874800000,2026-04-22 16:20:00,2026-04-23 01:20:00,648.66,648.83,647.57,647.88,720.893,467240.47971
BNBUSDT,1776875100000,2026-04-22 16:25:00,2026-04-23 01:25:00,647.87,648.01,647.03,647.52,569.531,368763.73885
BNBUSDT,1776875400000,2026-04-22 16:30:00,2026-04-23 01:30:00,647.51,647.51,646.93,647.28,545.205,352883.63997
BNBUSDT,1776875700000,2026-04-22 16:35:00,2026-04-23 01:35:00,647.28,647.28,646.69,646.93,396.041,256231.71069
BNBUSDT,1776876000000,2026-04-22 16:40:00,2026-04-23 01:40:00,646.93,647.27,646.18,646.74,834.306,539488.36418
BNBUSDT,1776876300000,2026-04-22 16:45:00,2026-04-23 01:45:00,646.73,646.73,646.14,646.61,473.847,306286.87038
BNBUSDT,1776876600000,2026-04-22 16:50:00,2026-04-23 01:50:00,646.61,646.61,645.38,645.43,477.752,308597.9077
BNBUSDT,1776876900000,2026-04-22 16:55:00,2026-04-23 01:55:00,645.43,645.43,642.89,644.4,2189.215,1410619.59233
BNBUSDT,1776877200000,2026-04-22 17:00:00,2026-04-23 02:00:00,644.4,645.32,644.05,644.74,1338.765,862938.68346
BNBUSDT,1776877500000,2026-04-22 17:05:00,2026-04-23 02:05:00,644.75,644.96,644.22,644.96,893.698,575989.37827
BNBUSDT,1776877800000,2026-04-22 17:10:00,2026-04-23 02:10:00,644.96,645.78,644.96,645.15,203.663,131459.73324
BNBUSDT,1776878100000,2026-04-22 17:15:00,2026-04-23 02:15:00,645.15,645.4,644.2,644.62,226.838,146226.71353
BNBUSDT,1776878400000,2026-04-22 17:20:00,2026-04-23 02:20:00,644.61,644.62,643.72,643.9,171.909,110752.66605
BNBUSDT,1776878700000,2026-04-22 17:25:00,2026-04-23 02:25:00,643.89,644.84,643.78,644.43,214.992,138520.79974
BNBUSDT,1776879000000,2026-04-22 17:30:00,2026-04-23 02:30:00,644.43,644.96,644.26,644.4,244.787,157802.95817
BNBUSDT,1776879300000,2026-04-22 17:35:00,2026-04-23 02:35:00,644.4,645.05,644.36,645.05,97.543,62887.24015
BNBUSDT,1776879600000,2026-04-22 17:40:00,2026-04-23 02:40:00,645.05,645.38,644.66,644.66,389.074,250998.30387
BNBUSDT,1776879900000,2026-04-22 17:45:00,2026-04-23 02:45:00,644.65,644.91,643.82,644.67,313.651,202131.44042
BNBUSDT,1776880200000,2026-04-22 17:50:00,2026-04-23 02:50:00,644.67,645.07,644.45,645.07,190.243,122678.35058
BNBUSDT,1776880500000,2026-04-22 17:55:00,2026-04-23 02:55:00,645.06,645.24,644.68,644.68,140.399,90561.78896
BNBUSDT,1776880800000,2026-04-22 18:00:00,2026-04-23 03:00:00,644.69,645.8,644.68,645.64,187.473,121004.55629
BNBUSDT,1776881100000,2026-04-22 18:05:00,2026-04-23 03:05:00,645.64,645.82,645.09,645.57,868.617,560668.03906
BNBUSDT,1776881400000,2026-04-22 18:10:00,2026-04-23 03:10:00,645.57,646,645.33,645.79,130.734,84422.65358
BNBUSDT,1776881700000,2026-04-22 18:15:00,2026-04-23 03:15:00,645.8,645.86,645.46,645.74,85.458,55177.16713
BNBUSDT,1776882000000,2026-04-22 18:20:00,2026-04-23 03:20:00,645.74,646.09,645.39,646.09,174.478,112663.4256
BNBUSDT,1776882300000,2026-04-22 18:25:00,2026-04-23 03:25:00,646.09,646.1,645.52,645.81,180.011,116255.88519
BNBUSDT,1776882600000,2026-04-22 18:30:00,2026-04-23 03:30:00,645.8,645.8,645.33,645.41,197.285,127358.51281
BNBUSDT,1776882900000,2026-04-22 18:35:00,2026-04-23 03:35:00,645.4,645.94,645.4,645.83,332.884,214902.16964
BNBUSDT,1776883200000,2026-04-22 18:40:00,2026-04-23 03:40:00,645.84,646.21,645.66,645.66,272.69,176151.56424
BNBUSDT,1776883500000,2026-04-22 18:45:00,2026-04-23 03:45:00,645.66,646.85,645.43,646.85,348.829,225330.44245
BNBUSDT,1776883800000,2026-04-22 18:50:00,2026-04-23 03:50:00,646.84,646.84,646.16,646.25,206.211,133317.42802
BNBUSDT,1776884100000,2026-04-22 18:55:00,2026-04-23 03:55:00,646.25,646.25,645,645.08,373.284,240889.29724
BNBUSDT,1776884400000,2026-04-22 19:00:00,2026-04-23 04:00:00,645.08,645.15,644.19,644.57,234.062,150869.14276
BNBUSDT,1776884700000,2026-04-22 19:05:00,2026-04-23 04:05:00,644.56,644.88,644.18,644.85,127.367,82104.07517
BNBUSDT,1776885000000,2026-04-22 19:10:00,2026-04-23 04:10:00,644.85,645.25,644.85,645.13,125.512,80962.92845
BNBUSDT,1776885300000,2026-04-22 19:15:00,2026-04-23 04:15:00,645.13,646.01,644.97,645.76,256.342,165506.9846
BNBUSDT,1776885600000,2026-04-22 19:20:00,2026-04-23 04:20:00,645.75,646.23,645.44,646.23,309.816,200105.82413
BNBUSDT,1776885900000,2026-04-22 19:25:00,2026-04-23 04:25:00,646.22,646.43,645.95,646.22,220.877,142741.04546
BNBUSDT,1776886200000,2026-04-22 19:30:00,2026-04-23 04:30:00,646.22,646.49,644.88,645.07,274.027,176956.27332
BNBUSDT,1776886500000,2026-04-22 19:35:00,2026-04-23 04:35:00,645.06,645.06,644.01,644.61,223.661,144134.52471
BNBUSDT,1776886800000,2026-04-22 19:40:00,2026-04-23 04:40:00,644.61,644.61,644.16,644.17,63.051,40627.40302
BNBUSDT,1776887100000,2026-04-22 19:45:00,2026-04-23 04:45:00,644.17,644.43,644,644.43,64.891,41796.6633
BNBUSDT,1776887400000,2026-04-22 19:50:00,2026-04-23 04:50:00,644.43,644.63,643.93,644.35,105.041,67671.03529
BNBUSDT,1776887700000,2026-04-22 19:55:00,2026-04-23 04:55:00,644.35,644.49,644.01,644.1,416.954,268620.76885
BNBUSDT,1776888000000,2026-04-22 20:00:00,2026-04-23 05:00:00,644.1,644.18,640.46,642.47,4718.991,3026837.26318
BNBUSDT,1776888300000,2026-04-22 20:05:00,2026-04-23 05:05:00,642.48,642.54,641.77,641.83,331.349,212734.85136
BNBUSDT,1776888600000,2026-04-22 20:10:00,2026-04-23 05:10:00,641.83,642,641.44,641.85,184.693,118525.44231
BNBUSDT,1776888900000,2026-04-22 20:15:00,2026-04-23 05:15:00,641.84,641.85,640.98,641.13,281.635,180658.34541
BNBUSDT,1776889200000,2026-04-22 20:20:00,2026-04-23 05:20:00,641.13,641.57,640.77,641.32,414.7,265903.1046
BNBUSDT,1776889500000,2026-04-22 20:25:00,2026-04-23 05:25:00,641.32,641.82,641.31,641.71,87.741,56290.98886
BNBUSDT,1776889800000,2026-04-22 20:30:00,2026-04-23 05:30:00,641.7,641.96,641.52,641.53,167.607,107563.15401
BNBUSDT,1776890100000,2026-04-22 20:35:00,2026-04-23 05:35:00,641.53,641.71,641.12,641.44,239.507,153625.71256
BNBUSDT,1776890400000,2026-04-22 20:40:00,2026-04-23 05:40:00,641.44,641.56,641.2,641.4,275.41,176657.56323
BNBUSDT,1776890700000,2026-04-22 20:45:00,2026-04-23 05:45:00,641.4,641.71,641.18,641.51,158.474,101635.93536
BNBUSDT,1776891000000,2026-04-22 20:50:00,2026-04-23 05:50:00,641.51,641.57,641.35,641.47,148.078,94988.60093
BNBUSDT,1776891300000,2026-04-22 20:55:00,2026-04-23 05:55:00,641.47,641.54,640.88,641.06,773.925,496190.62855
BNBUSDT,1776891600000,2026-04-22 21:00:00,2026-04-23 06:00:00,641.07,641.73,641.02,641.62,117.235,75194.00632
BNBUSDT,1776891900000,2026-04-22 21:05:00,2026-04-23 06:05:00,641.62,642.21,641.58,642.21,186.249,119558.65624
BNBUSDT,1776892200000,2026-04-22 21:10:00,2026-04-23 06:10:00,642.21,642.65,641.89,642.58,458.06,294259.41758
BNBUSDT,1776892500000,2026-04-22 21:15:00,2026-04-23 06:15:00,642.57,642.57,641.61,642.1,182.132,116940.30233
BNBUSDT,1776892800000,2026-04-22 21:20:00,2026-04-23 06:20:00,642.09,642.39,642.09,642.38,66.432,42669.4291
BNBUSDT,1776893100000,2026-04-22 21:25:00,2026-04-23 06:25:00,642.39,642.69,642.3,642.52,149.637,96141.59428
BNBUSDT,1776893400000,2026-04-22 21:30:00,2026-04-23 06:30:00,642.52,642.91,642.52,642.87,252.339,162175.12351
BNBUSDT,1776893700000,2026-04-22 21:35:00,2026-04-23 06:35:00,642.88,643.34,642.73,643.32,162.784,104680.31061
BNBUSDT,1776894000000,2026-04-22 21:40:00,2026-04-23 06:40:00,643.33,643.41,640.23,641.79,819.038,525378.31186
BNBUSDT,1776894300000,2026-04-22 21:45:00,2026-04-23 06:45:00,641.79,642.01,641.78,642.01,56.909,36529.40951
BNBUSDT,1776894600000,2026-04-22 21:50:00,2026-04-23 06:50:00,642.01,642.06,641.65,641.66,67.965,43630.73519
BNBUSDT,1776894900000,2026-04-22 21:55:00,2026-04-23 06:55:00,641.66,641.76,641.47,641.47,73.359,47069.63548
BNBUSDT,1776895200000,2026-04-22 22:00:00,2026-04-23 07:00:00,641.47,641.88,641.28,641.49,175.577,112645.41398
BNBUSDT,1776895500000,2026-04-22 22:05:00,2026-04-23 07:05:00,641.5,642.29,641.5,642.29,71.637,45982.38531
BNBUSDT,1776895800000,2026-04-22 22:10:00,2026-04-23 07:10:00,642.28,642.43,642.02,642.03,80.058,51417.89488
BNBUSDT,1776896100000,2026-04-22 22:15:00,2026-04-23 07:15:00,642.02,642.06,640.85,640.9,332.39,213261.04117
BNBUSDT,1776896400000,2026-04-22 22:20:00,2026-04-23 07:20:00,640.89,640.92,640.71,640.83,124.294,79653.83957
BNBUSDT,1776896700000,2026-04-22 22:25:00,2026-04-23 07:25:00,640.82,640.82,640.25,640.35,115.934,74247.17255
BNBUSDT,1776897000000,2026-04-22 22:30:00,2026-04-23 07:30:00,640.35,640.56,640.15,640.16,111.004,71077.3825
BNBUSDT,1776897300000,2026-04-22 22:35:00,2026-04-23 07:35:00,640.16,640.32,639.69,639.91,374.03,239345.1666
BNBUSDT,1776897600000,2026-04-22 22:40:00,2026-04-23 07:40:00,639.91,640.4,639.63,639.74,214.237,137110.00783
BNBUSDT,1776897900000,2026-04-22 22:45:00,2026-04-23 07:45:00,639.73,640.13,639.46,639.58,132.447,84739.89938
BNBUSDT,1776898200000,2026-04-22 22:50:00,2026-04-23 07:50:00,639.58,639.81,639.46,639.64,202.085,129248.68591
BNBUSDT,1776898500000,2026-04-22 22:55:00,2026-04-23 07:55:00,639.65,640,639.42,640,81.776,52302.49774
BNBUSDT,1776898800000,2026-04-22 23:00:00,2026-04-23 08:00:00,639.99,639.99,639.02,639.3,257.365,164544.70448
BNBUSDT,1776899100000,2026-04-22 23:05:00,2026-04-23 08:05:00,639.31,639.88,639.16,639.88,81.703,52238.08549
BNBUSDT,1776899400000,2026-04-22 23:10:00,2026-04-23 08:10:00,639.88,640.36,639.83,640.36,154.58,98975.39355
BNBUSDT,1776899700000,2026-04-22 23:15:00,2026-04-23 08:15:00,640.36,640.57,639.98,640.04,283.769,181656.9815
BNBUSDT,1776900000000,2026-04-22 23:20:00,2026-04-23 08:20:00,640.04,640.04,637.72,637.73,610.916,390175.44926
BNBUSDT,1776900300000,2026-04-22 23:25:00,2026-04-23 08:25:00,637.73,638.58,637.64,638.57,439.71,280549.83178
BNBUSDT,1776900600000,2026-04-22 23:30:00,2026-04-23 08:30:00,638.57,638.57,637.5,637.82,294.097,187640.11166
BNBUSDT,1776900900000,2026-04-22 23:35:00,2026-04-23 08:35:00,637.83,638.12,637.42,637.46,298.331,190281.90411
BNBUSDT,1776901200000,2026-04-22 23:40:00,2026-04-23 08:40:00,637.45,637.78,637.35,637.66,330.009,210391.84117
BNBUSDT,1776901500000,2026-04-22 23:45:00,2026-04-23 08:45:00,637.67,638.4,637.55,637.93,212.901,135866.02298
BNBUSDT,1776901800000,2026-04-22 23:50:00,2026-04-23 08:50:00,637.93,638.14,637.71,637.88,260.212,166016.25086
BNBUSDT,1776902100000,2026-04-22 23:55:00,2026-04-23 08:55:00,637.88,638.14,637.33,637.47,202.607,129194.50756
BNBUSDT,1776902400000,2026-04-23 00:00:00,2026-04-23 09:00:00,637.47,638.6,637.47,638,810.591,517126.14971
BNBUSDT,1776902700000,2026-04-23 00:05:00,2026-04-23 09:05:00,637.99,638.45,637.45,637.52,835.541,533075.96931
BNBUSDT,1776903000000,2026-04-23 00:10:00,2026-04-23 09:10:00,637.52,637.56,636.2,636.22,963.273,613678.55484
BNBUSDT,1776903300000,2026-04-23 00:15:00,2026-04-23 09:15:00,636.21,639.31,633.95,639.05,1785.971,1135990.28831
BNBUSDT,1776903600000,2026-04-23 00:20:00,2026-04-23 09:20:00,639.04,639.05,637.39,637.65,699.937,446571.11996
BNBUSDT,1776903900000,2026-04-23 00:25:00,2026-04-23 09:25:00,637.65,638.29,636.97,638.18,560.503,357339.08723
BNBUSDT,1776904200000,2026-04-23 00:30:00,2026-04-23 09:30:00,638.19,638.81,637.27,638.52,432.025,275600.47989
BNBUSDT,1776904500000,2026-04-23 00:35:00,2026-04-23 09:35:00,638.52,639.5,638.16,639.04,423.242,270405.46151
BNBUSDT,1776904800000,2026-04-23 00:40:00,2026-04-23 09:40:00,639.05,639.1,638.4,638.58,247.577,158120.09796
BNBUSDT,1776905100000,2026-04-23 00:45:00,2026-04-23 09:45:00,638.57,638.95,638.16,638.93,337.545,215545.88744
BNBUSDT,1776905400000,2026-04-23 00:50:00,2026-04-23 09:50:00,638.94,639.08,638.11,638.12,382.246,244125.53158
BNBUSDT,1776905700000,2026-04-23 00:55:00,2026-04-23 09:55:00,638.12,638.57,638.02,638.57,94.356,60224.21987
BNBUSDT,1776906000000,2026-04-23 01:00:00,2026-04-23 10:00:00,638.58,638.67,638.07,638.15,206.945,132121.48251
BNBUSDT,1776906300000,2026-04-23 01:05:00,2026-04-23 10:05:00,638.15,639.11,638.14,638.6,225.217,143807.41193
BNBUSDT,1776906600000,2026-04-23 01:10:00,2026-04-23 10:10:00,638.6,638.64,637.92,638.19,273.567,174603.79471
BNBUSDT,1776906900000,2026-04-23 01:15:00,2026-04-23 10:15:00,638.2,638.33,637.8,637.92,230.196,146868.80207
BNBUSDT,1776907200000,2026-04-23 01:20:00,2026-04-23 10:20:00,637.93,637.98,637.03,637.04,208.403,132861.67082
BNBUSDT,1776907500000,2026-04-23 01:25:00,2026-04-23 10:25:00,637.05,638.22,637.05,637.37,289.725,184767.76453
BNBUSDT,1776907800000,2026-04-23 01:30:00,2026-04-23 10:30:00,637.36,637.7,636.82,637.09,248.795,158512.56344
BNBUSDT,1776908100000,2026-04-23 01:35:00,2026-04-23 10:35:00,637.09,637.67,637.09,637.63,332.397,211887.78891
BNBUSDT,1776908400000,2026-04-23 01:40:00,2026-04-23 10:40:00,637.63,638.77,637.63,638.14,296.167,189048.84099
BNBUSDT,1776908700000,2026-04-23 01:45:00,2026-04-23 10:45:00,638.15,638.5,637.8,638.5,198.529,126671.34275
BNBUSDT,1776909000000,2026-04-23 01:50:00,2026-04-23 10:50:00,638.5,638.65,637.83,637.9,261.064,166613.32826
BNBUSDT,1776909300000,2026-04-23 01:55:00,2026-04-23 10:55:00,637.9,638.13,637.48,637.76,221.965,141553.62057
BNBUSDT,1776909600000,2026-04-23 02:00:00,2026-04-23 11:00:00,637.76,638.16,637.36,637.43,275.087,175415.37532
BNBUSDT,1776909900000,2026-04-23 02:05:00,2026-04-23 11:05:00,637.43,637.93,637.4,637.55,177.715,113315.47378
BNBUSDT,1776910200000,2026-04-23 02:10:00,2026-04-23 11:10:00,637.56,637.9,637.11,637.15,175.382,111806.23121
BNBUSDT,1776910500000,2026-04-23 02:15:00,2026-04-23 11:15:00,637.15,637.85,636.45,637.1,526.965,335878.49068
BNBUSDT,1776910800000,2026-04-23 02:20:00,2026-04-23 11:20:00,637.1,637.5,636.75,636.75,253.67,161617.56435
BNBUSDT,1776911100000,2026-04-23 02:25:00,2026-04-23 11:25:00,636.75,636.9,635.81,636.26,589.632,375219.89425
BNBUSDT,1776911400000,2026-04-23 02:30:00,2026-04-23 11:30:00,636.26,636.26,635.55,636,330.642,210253.70106
BNBUSDT,1776911700000,2026-04-23 02:35:00,2026-04-23 11:35:00,635.99,636.34,634.45,634.8,570.223,362347.67843
BNBUSDT,1776912000000,2026-04-23 02:40:00,2026-04-23 11:40:00,634.8,634.9,633.79,634.34,1169.374,741672.00007
BNBUSDT,1776912300000,2026-04-23 02:45:00,2026-04-23 11:45:00,634.34,634.82,633.98,634.35,490.157,310946.21262
BNBUSDT,1776912600000,2026-04-23 02:50:00,2026-04-23 11:50:00,634.35,635.2,634.34,634.84,186.429,118372.9369
BNBUSDT,1776912900000,2026-04-23 02:55:00,2026-04-23 11:55:00,634.84,635.11,634.57,634.87,149.145,94683.6115
BNBUSDT,1776913200000,2026-04-23 03:00:00,2026-04-23 12:00:00,634.86,635.87,634.7,635.87,418.215,265753.47261
BNBUSDT,1776913500000,2026-04-23 03:05:00,2026-04-23 12:05:00,635.86,635.87,635.36,635.37,1109.007,704879.86531
BNBUSDT,1776913800000,2026-04-23 03:10:00,2026-04-23 12:10:00,635.37,635.88,635.07,635.14,1820.37,1157091.66701
BNBUSDT,1776914100000,2026-04-23 03:15:00,2026-04-23 12:15:00,635.14,635.73,635.05,635.15,1382.909,878657.70101
BNBUSDT,1776914400000,2026-04-23 03:20:00,2026-04-23 12:20:00,635.15,635.31,634.5,634.59,294.102,186734.00014
BNBUSDT,1776914700000,2026-04-23 03:25:00,2026-04-23 12:25:00,634.59,634.82,634.18,634.73,201.127,127636.69999
BNBUSDT,1776915000000,2026-04-23 03:30:00,2026-04-23 12:30:00,634.72,634.78,633.89,633.89,391.9,248654.88148
BNBUSDT,1776915300000,2026-04-23 03:35:00,2026-04-23 12:35:00,633.89,634.15,633.23,633.89,462.905,293351.71841
BNBUSDT,1776915600000,2026-04-23 03:40:00,2026-04-23 12:40:00,633.89,634.4,633.4,634.4,300.128,190271.02305
BNBUSDT,1776915900000,2026-04-23 03:45:00,2026-04-23 12:45:00,634.4,634.96,634.18,634.42,252.232,160030.75511
BNBUSDT,1776916200000,2026-04-23 03:50:00,2026-04-23 12:50:00,634.42,635.09,634.42,635.05,193.146,122629.41379
BNBUSDT,1776916500000,2026-04-23 03:55:00,2026-04-23 12:55:00,635.05,635.61,634.73,635.6,280.438,178128.22248
BNBUSDT,1776916800000,2026-04-23 04:00:00,2026-04-23 13:00:00,635.61,635.61,635.02,635.38,496.624,315490.8475
BNBUSDT,1776917100000,2026-04-23 04:05:00,2026-04-23 13:05:00,635.38,635.48,635.01,635.09,458.703,291371.28945
BNBUSDT,1776917400000,2026-04-23 04:10:00,2026-04-23 13:10:00,635.09,635.78,635.09,635.47,398.812,253378.26074
BNBUSDT,1776917700000,2026-04-23 04:15:00,2026-04-23 13:15:00,635.47,635.53,635.02,635.02,192.387,122220.90579
BNBUSDT,1776918000000,2026-04-23 04:20:00,2026-04-23 13:20:00,635.03,635.79,635.03,635.34,156.553,99486.28007
BNBUSDT,1776918300000,2026-04-23 04:25:00,2026-04-23 13:25:00,635.35,635.8,635.26,635.7,128.111,81420.80927
BNBUSDT,1776918600000,2026-04-23 04:30:00,2026-04-23 13:30:00,635.7,636.32,635.7,636.17,221.257,140733.83248
BNBUSDT,1776918900000,2026-04-23 04:35:00,2026-04-23 13:35:00,636.17,636.28,636.16,636.21,104.155,66262.54194
BNBUSDT,1776919200000,2026-04-23 04:40:00,2026-04-23 13:40:00,636.21,636.28,636.17,636.18,163.338,103920.96323
BNBUSDT,1776919500000,2026-04-23 04:45:00,2026-04-23 13:45:00,636.19,636.38,635.88,636,136.953,87115.81062
BNBUSDT,1776919800000,2026-04-23 04:50:00,2026-04-23 13:50:00,635.99,636.19,635.79,636.19,143.29,91134.17537
BNBUSDT,1776920100000,2026-04-23 04:55:00,2026-04-23 13:55:00,636.18,636.24,636.02,636.18,89.208,56744.33294
BNBUSDT,1776920400000,2026-04-23 05:00:00,2026-04-23 14:00:00,636.17,636.66,636.17,636.65,191.152,121656.71785
BNBUSDT,1776920700000,2026-04-23 05:05:00,2026-04-23 14:05:00,636.65,636.74,636.4,636.55,206.242,131289.21931
BNBUSDT,1776921000000,2026-04-23 05:10:00,2026-04-23 14:10:00,636.56,636.64,636.49,636.55,109.793,69889.96717
BNBUSDT,1776921300000,2026-04-23 05:15:00,2026-04-23 14:15:00,636.56,636.56,636.08,636.42,188.713,120078.67516
BNBUSDT,1776921600000,2026-04-23 05:20:00,2026-04-23 14:20:00,636.43,636.8,636.43,636.55,91.622,58328.44745
BNBUSDT,1776921900000,2026-04-23 05:25:00,2026-04-23 14:25:00,636.55,636.55,636.22,636.45,150.411,95718.37041
BNBUSDT,1776922200000,2026-04-23 05:30:00,2026-04-23 14:30:00,636.46,636.68,635.55,635.96,221.899,141165.51239
BNBUSDT,1776922500000,2026-04-23 05:35:00,2026-04-23 14:35:00,635.97,635.97,635.47,635.74,154.248,98062.16539
BNBUSDT,1776922800000,2026-04-23 05:40:00,2026-04-23 14:40:00,635.74,636.21,635.74,636.09,86.775,55190.28512
BNBUSDT,1776923100000,2026-04-23 05:45:00,2026-04-23 14:45:00,636.09,636.65,635.97,636.65,125.803,80065.91907
BNBUSDT,1776923400000,2026-04-23 05:50:00,2026-04-23 14:50:00,636.65,637.14,636.6,636.62,213.813,136172.4972
BNBUSDT,1776923700000,2026-04-23 05:55:00,2026-04-23 14:55:00,636.62,637.19,636.62,636.96,118.687,75600.78167
BNBUSDT,1776924000000,2026-04-23 06:00:00,2026-04-23 15:00:00,636.96,637.71,636.96,637.71,269.04,171481.65309
BNBUSDT,1776924300000,2026-04-23 06:05:00,2026-04-23 15:05:00,637.71,638.04,637.29,637.68,429.672,274021.07608
BNBUSDT,1776924600000,2026-04-23 06:10:00,2026-04-23 15:10:00,637.67,637.78,637.25,637.45,417.909,266426.05691
BNBUSDT,1776924900000,2026-04-23 06:15:00,2026-04-23 15:15:00,637.45,638.01,637.24,637.24,218.836,139546.47851
BNBUSDT,1776925200000,2026-04-23 06:20:00,2026-04-23 15:20:00,637.27,638.14,637.2,637.83,458.029,292073.82261
BNBUSDT,1776925500000,2026-04-23 06:25:00,2026-04-23 15:25:00,637.83,637.83,637.45,637.63,100.697,64211.57031
BNBUSDT,1776925800000,2026-04-23 06:30:00,2026-04-23 15:30:00,637.64,638.02,637.54,637.7,132.547,84542.03017
BNBUSDT,1776926100000,2026-04-23 06:35:00,2026-04-23 15:35:00,637.7,638.43,637.38,637.64,530.427,338336.22966
BNBUSDT,1776926400000,2026-04-23 06:40:00,2026-04-23 15:40:00,637.64,637.8,637,637.11,400.155,255112.3221
BNBUSDT,1776926700000,2026-04-23 06:45:00,2026-04-23 15:45:00,637.11,637.36,636.65,636.66,422.011,268843.87221
BNBUSDT,1776927000000,2026-04-23 06:50:00,2026-04-23 15:50:00,636.66,637.51,636.65,637.32,139.255,88734.02421
BNBUSDT,1776927300000,2026-04-23 06:55:00,2026-04-23 15:55:00,637.31,637.31,636.58,636.94,412.771,262882.80125
BNBUSDT,1776927600000,2026-04-23 07:00:00,2026-04-23 16:00:00,636.95,637.05,636.64,636.81,876.945,558517.42315
BNBUSDT,1776927900000,2026-04-23 07:05:00,2026-04-23 16:05:00,636.82,637,636.58,636.58,860.217,547796.28678
BNBUSDT,1776928200000,2026-04-23 07:10:00,2026-04-23 16:10:00,636.59,636.98,636.47,636.54,169.638,108014.30459
BNBUSDT,1776928500000,2026-04-23 07:15:00,2026-04-23 16:15:00,636.55,636.72,636.2,636.63,234.608,149321.09876
BNBUSDT,1776928800000,2026-04-23 07:20:00,2026-04-23 16:20:00,636.63,636.98,636.54,636.91,177.097,112765.66456
BNBUSDT,1776929100000,2026-04-23 07:25:00,2026-04-23 16:25:00,636.91,637.16,636.89,636.92,126.954,80870.99548
BNBUSDT,1776929400000,2026-04-23 07:30:00,2026-04-23 16:30:00,636.92,637.17,636.69,637.17,136.972,87239.86874
BNBUSDT,1776929700000,2026-04-23 07:35:00,2026-04-23 16:35:00,637.18,637.2,636.34,636.78,200.92,127935.29415
BNBUSDT,1776930000000,2026-04-23 07:40:00,2026-04-23 16:40:00,636.79,636.79,636.48,636.59,332.537,211711.01981
BNBUSDT,1776930300000,2026-04-23 07:45:00,2026-04-23 16:45:00,636.59,636.84,636.09,636.6,618.125,393444.41632
BNBUSDT,1776930600000,2026-04-23 07:50:00,2026-04-23 16:50:00,636.61,636.74,635.46,635.53,496.852,315941.39281
BNBUSDT,1776930900000,2026-04-23 07:55:00,2026-04-23 16:55:00,635.53,635.85,635.3,635.7,472.749,300452.54856
BNBUSDT,1776931200000,2026-04-23 08:00:00,2026-04-23 17:00:00,635.7,635.93,635.28,635.28,526.856,334913.59564
BNBUSDT,1776931500000,2026-04-23 08:05:00,2026-04-23 17:05:00,635.29,635.9,635.11,635.9,278.099,176698.82775
BNBUSDT,1776931800000,2026-04-23 08:10:00,2026-04-23 17:10:00,635.91,636.29,635.64,635.98,202.898,129036.9959
BNBUSDT,1776932100000,2026-04-23 08:15:00,2026-04-23 17:15:00,635.99,636.24,635.73,636.04,494.856,314716.12923
BNBUSDT,1776932400000,2026-04-23 08:20:00,2026-04-23 17:20:00,636.03,636.22,635.59,635.66,190.407,121092.39211
BNBUSDT,1776932700000,2026-04-23 08:25:00,2026-04-23 17:25:00,635.65,635.99,635.43,635.69,268.074,170428.30423
BNBUSDT,1776933000000,2026-04-23 08:30:00,2026-04-23 17:30:00,635.7,635.7,634.33,634.66,370.27,235043.09923
BNBUSDT,1776933300000,2026-04-23 08:35:00,2026-04-23 17:35:00,634.66,634.82,634.32,634.38,107.626,68296.33252
BNBUSDT,1776933600000,2026-04-23 08:40:00,2026-04-23 17:40:00,634.39,634.6,634.17,634.18,290.531,184295.48178
BNBUSDT,1776933900000,2026-04-23 08:45:00,2026-04-23 17:45:00,634.19,634.68,634.19,634.53,185.494,117682.78538
BNBUSDT,1776934200000,2026-04-23 08:50:00,2026-04-23 17:50:00,634.54,635.25,634.54,635.25,193.353,122764.82594
BNBUSDT,1776934500000,2026-04-23 08:55:00,2026-04-23 17:55:00,635.24,635.61,635.24,635.37,115.176,73182.30557
BNBUSDT,1776934800000,2026-04-23 09:00:00,2026-04-23 18:00:00,635.38,635.45,634.23,634.24,263.828,167520.00281
BNBUSDT,1776935100000,2026-04-23 09:05:00,2026-04-23 18:05:00,634.23,634.24,632.12,633.31,1168.799,740273.96742
BNBUSDT,1776935400000,2026-04-23 09:10:00,2026-04-23 18:10:00,633.31,633.53,632.77,633.53,331.779,210080.95361
BNBUSDT,1776935700000,2026-04-23 09:15:00,2026-04-23 18:15:00,633.52,634.65,633.52,634.41,219.942,139476.0954
BNBUSDT,1776936000000,2026-04-23 09:20:00,2026-04-23 18:20:00,634.4,634.41,633.57,633.6,262.184,166210.57254
BNBUSDT,1776936300000,2026-04-23 09:25:00,2026-04-23 18:25:00,633.6,633.87,633.59,633.79,276.696,175356.35526
BNBUSDT,1776936600000,2026-04-23 09:30:00,2026-04-23 18:30:00,633.8,633.86,633.64,633.82,307.816,195095.49564
BNBUSDT,1776936900000,2026-04-23 09:35:00,2026-04-23 18:35:00,633.81,633.85,633.59,633.85,137.059,86856.34122
BNBUSDT,1776937200000,2026-04-23 09:40:00,2026-04-23 18:40:00,633.86,634.14,633.53,633.69,631.55,400332.0995
BNBUSDT,1776937500000,2026-04-23 09:45:00,2026-04-23 18:45:00,633.68,633.71,632.17,632.67,376.717,238386.56882
BNBUSDT,1776937800000,2026-04-23 09:50:00,2026-04-23 18:50:00,632.67,633,632.44,632.66,191.256,121005.40548
BNBUSDT,1776938100000,2026-04-23 09:55:00,2026-04-23 18:55:00,632.65,633,632.59,632.85,138.001,87331.21675
BNBUSDT,1776938400000,2026-04-23 10:00:00,2026-04-23 19:00:00,632.86,633.33,632.58,633.01,219.64,139025.27099
BNBUSDT,1776938700000,2026-04-23 10:05:00,2026-04-23 19:05:00,633.01,633.01,631.32,631.65,1238.923,782904.78878
BNBUSDT,1776939000000,2026-04-23 10:10:00,2026-04-23 19:10:00,631.64,631.74,631,631.15,780.199,492624.67542
BNBUSDT,1776939300000,2026-04-23 10:15:00,2026-04-23 19:15:00,631.16,631.54,631.06,631.41,538.794,340112.17504
BNBUSDT,1776939600000,2026-04-23 10:20:00,2026-04-23 19:20:00,631.41,631.76,631.21,631.36,472.19,298165.44282
BNBUSDT,1776939900000,2026-04-23 10:25:00,2026-04-23 19:25:00,631.36,631.58,631.35,631.5,188.925,119306.80679
BNBUSDT,1776940200000,2026-04-23 10:30:00,2026-04-23 19:30:00,631.51,631.87,631.36,631.8,265.848,167894.35466
BNBUSDT,1776940500000,2026-04-23 10:35:00,2026-04-23 19:35:00,631.8,631.86,631.5,631.69,171.896,108581.19943
BNBUSDT,1776940800000,2026-04-23 10:40:00,2026-04-23 19:40:00,631.69,631.9,631.56,631.75,350.86,221661.12797
BNBUSDT,1776941100000,2026-04-23 10:45:00,2026-04-23 19:45:00,631.75,632.36,631.75,631.9,215.777,136384.97928
BNBUSDT,1776941400000,2026-04-23 10:50:00,2026-04-23 19:50:00,631.91,632.03,631.5,631.63,366.79,231731.4819
BNBUSDT,1776941700000,2026-04-23 10:55:00,2026-04-23 19:55:00,631.62,631.94,631.61,631.62,256.918,162310.51545
BNBUSDT,1776942000000,2026-04-23 11:00:00,2026-04-23 20:00:00,631.63,632,631.38,631.81,208.166,131495.54324
BNBUSDT,1776942300000,2026-04-23 11:05:00,2026-04-23 20:05:00,631.81,631.81,631.36,631.46,284.893,179942.50903
BNBUSDT,1776942600000,2026-04-23 11:10:00,2026-04-23 20:10:00,631.46,631.73,631.24,631.56,348.193,219885.06504
BNBUSDT,1776942900000,2026-04-23 11:15:00,2026-04-23 20:15:00,631.56,632.1,631.43,632.04,194.618,122945.36377
BNBUSDT,1776943200000,2026-04-23 11:20:00,2026-04-23 20:20:00,632.04,632.85,632.03,632.71,371.797,235183.23228
BNBUSDT,1776943500000,2026-04-23 11:25:00,2026-04-23 20:25:00,632.72,632.9,632.41,632.58,306.084,193668.65383
BNBUSDT,1776943800000,2026-04-23 11:30:00,2026-04-23 20:30:00,632.58,632.75,632.18,632.25,299.644,189516.68483
BNBUSDT,1776944100000,2026-04-23 11:35:00,2026-04-23 20:35:00,632.25,633.05,632.25,632.82,365.688,231409.80964
BNBUSDT,1776944400000,2026-04-23 11:40:00,2026-04-23 20:40:00,632.82,633.16,632.82,633.07,451.537,285831.92589
BNBUSDT,1776944700000,2026-04-23 11:45:00,2026-04-23 20:45:00,633.07,634.14,633.02,633.16,953.064,603925.00535
BNBUSDT,1776945000000,2026-04-23 11:50:00,2026-04-23 20:50:00,633.16,633.92,633.15,633.67,343.516,217646.23081
BNBUSDT,1776945300000,2026-04-23 11:55:00,2026-04-23 20:55:00,633.67,633.87,633.55,633.56,164.487,104233.4202
BNBUSDT,1776945600000,2026-04-23 12:00:00,2026-04-23 21:00:00,633.56,633.88,633.18,633.87,486.953,308523.04933
BNBUSDT,1776945900000,2026-04-23 12:05:00,2026-04-23 21:05:00,633.87,634.56,633.86,634.24,344.422,218423.6036
BNBUSDT,1776946200000,2026-04-23 12:10:00,2026-04-23 21:10:00,634.24,634.98,634.12,634.57,374.415,237564.03726
BNBUSDT,1776946500000,2026-04-23 12:15:00,2026-04-23 21:15:00,634.57,634.77,634.2,634.52,227.843,144566.48884
BNBUSDT,1776946800000,2026-04-23 12:20:00,2026-04-23 21:20:00,634.52,634.67,633.95,634.66,180.138,114261.13506
BNBUSDT,1776947100000,2026-04-23 12:25:00,2026-04-23 21:25:00,634.66,634.75,633.99,634,629.561,399214.60252
BNBUSDT,1776947400000,2026-04-23 12:30:00,2026-04-23 21:30:00,633.99,634.45,633.8,633.83,300.561,190590.18496
BNBUSDT,1776947700000,2026-04-23 12:35:00,2026-04-23 21:35:00,633.83,634.32,633.82,634.02,387.719,245868.81635
BNBUSDT,1776948000000,2026-04-23 12:40:00,2026-04-23 21:40:00,634.02,634.1,633.8,633.81,187.123,118624.25102
BNBUSDT,1776948300000,2026-04-23 12:45:00,2026-04-23 21:45:00,633.81,634.18,632,633.19,1577.894,998720.69876
BNBUSDT,1776948600000,2026-04-23 12:50:00,2026-04-23 21:50:00,633.19,634.01,633.07,633.9,159.301,100924.27882
BNBUSDT,1776948900000,2026-04-23 12:55:00,2026-04-23 21:55:00,633.9,634.7,633.9,634.7,618.341,392160.97572
BNBUSDT,1776949200000,2026-04-23 13:00:00,2026-04-23 22:00:00,634.69,635.8,634.64,635.36,207.081,131539.86775
BNBUSDT,1776949500000,2026-04-23 13:05:00,2026-04-23 22:05:00,635.35,635.54,635.15,635.47,163.694,104005.73065
BNBUSDT,1776949800000,2026-04-23 13:10:00,2026-04-23 22:10:00,635.47,635.64,634.53,634.78,440.164,279587.38638
BNBUSDT,1776950100000,2026-04-23 13:15:00,2026-04-23 22:15:00,634.77,635.26,634.51,634.91,364.103,231142.48004
BNBUSDT,1776950400000,2026-04-23 13:20:00,2026-04-23 22:20:00,634.9,635.25,634.9,635.06,156.779,99573.23884
BNBUSDT,1776950700000,2026-04-23 13:25:00,2026-04-23 22:25:00,635.06,635.37,634.6,634.71,375.115,238250.28543
BNBUSDT,1776951000000,2026-04-23 13:30:00,2026-04-23 22:30:00,634.71,635.37,634.6,635.09,355.71,225843.65121
BNBUSDT,1776951300000,2026-04-23 13:35:00,2026-04-23 22:35:00,635.09,635.32,634.57,634.92,251.494,159683.42502
BNBUSDT,1776951600000,2026-04-23 13:40:00,2026-04-23 22:40:00,634.92,635.23,634.67,634.92,289.032,183517.11484
BNBUSDT,1776951900000,2026-04-23 13:45:00,2026-04-23 22:45:00,634.92,635.29,634.33,635.18,393.328,249754.79478
BNBUSDT,1776952200000,2026-04-23 13:50:00,2026-04-23 22:50:00,635.18,635.22,634.51,634.83,238.264,151258.02862
BNBUSDT,1776952500000,2026-04-23 13:55:00,2026-04-23 22:55:00,634.83,635.99,634.69,635.99,374.018,237625.62102
BNBUSDT,1776952800000,2026-04-23 14:00:00,2026-04-23 23:00:00,636,637.16,635.33,636.84,555.429,353445.10164
BNBUSDT,1776953100000,2026-04-23 14:05:00,2026-04-23 23:05:00,636.84,637,636.11,636.65,239.434,152428.53619
BNBUSDT,1776953400000,2026-04-23 14:10:00,2026-04-23 23:10:00,636.66,636.66,635.68,635.97,324.095,206132.13905
BNBUSDT,1776953700000,2026-04-23 14:15:00,2026-04-23 23:15:00,635.97,636.45,635.42,635.43,213.923,136061.69695
BNBUSDT,1776954000000,2026-04-23 14:20:00,2026-04-23 23:20:00,635.43,636.69,635.42,636.58,381.755,242752.99916
BNBUSDT,1776954300000,2026-04-23 14:25:00,2026-04-23 23:25:00,636.57,636.85,635.33,635.36,332.744,211709.57749
BNBUSDT,1776954600000,2026-04-23 14:30:00,2026-04-23 23:30:00,635.36,636.15,635.36,635.72,209.279,133066.22587
BNBUSDT,1776954900000,2026-04-23 14:35:00,2026-04-23 23:35:00,635.71,636.51,635.64,636.02,233.289,148364.50164
BNBUSDT,1776955200000,2026-04-23 14:40:00,2026-04-23 23:40:00,636.02,636.3,635.79,636.22,201.649,128242.35201
BNBUSDT,1776955500000,2026-04-23 14:45:00,2026-04-23 23:45:00,636.21,636.86,636.21,636.24,140.606,89500.52493
BNBUSDT,1776955800000,2026-04-23 14:50:00,2026-04-23 23:50:00,636.23,636.96,636.1,636.86,131.433,83682.1918
BNBUSDT,1776956100000,2026-04-23 14:55:00,2026-04-23 23:55:00,636.86,637.33,636.75,637.01,232.471,148086.56133
BNBUSDT,1776956400000,2026-04-23 15:00:00,2026-04-24 00:00:00,637.01,637.27,636.38,636.38,363.466,231476.0746
BNBUSDT,1776956700000,2026-04-23 15:05:00,2026-04-24 00:05:00,636.39,636.59,635.85,635.94,371.887,236535.67764
BNBUSDT,1776957000000,2026-04-23 15:10:00,2026-04-24 00:10:00,635.94,636.41,635.94,636.28,360.324,229213.56973
BNBUSDT,1776957300000,2026-04-23 15:15:00,2026-04-24 00:15:00,636.27,638.29,636.06,637.87,532.955,339804.63664
BNBUSDT,1776957600000,2026-04-23 15:20:00,2026-04-24 00:20:00,637.87,639.52,637.87,639.33,441.481,281980.9479
BNBUSDT,1776957900000,2026-04-23 15:25:00,2026-04-24 00:25:00,639.34,639.42,638.16,638.3,416.339,266057.44974
BNBUSDT,1776958200000,2026-04-23 15:30:00,2026-04-24 00:30:00,638.3,638.9,637.8,638.71,290.61,185525.53963
BNBUSDT,1776958500000,2026-04-23 15:35:00,2026-04-24 00:35:00,638.7,639.29,638.3,639.29,286.01,182674.78749
BNBUSDT,1776958800000,2026-04-23 15:40:00,2026-04-24 00:40:00,639.29,640,639.25,639.32,698.507,446850.59285
BNBUSDT,1776959100000,2026-04-23 15:45:00,2026-04-24 00:45:00,639.33,640,638.93,640,1613.149,1031273.68593
BNBUSDT,1776959400000,2026-04-23 15:50:00,2026-04-24 00:50:00,640,640,639.02,639.09,349.353,223410.63726
BNBUSDT,1776959700000,2026-04-23 15:55:00,2026-04-24 00:55:00,639.09,639.79,639.08,639.74,398.63,254947.71751
BNBUSDT,1776960000000,2026-04-23 16:00:00,2026-04-24 01:00:00,639.74,640.38,639.38,639.38,468.314,299723.92737
BNBUSDT,1776960300000,2026-04-23 16:05:00,2026-04-24 01:05:00,639.39,640.38,639.35,639.94,485.279,310508.9117
BNBUSDT,1776960600000,2026-04-23 16:10:00,2026-04-24 01:10:00,639.93,640.24,639.5,639.5,244.93,156756.08818
BNBUSDT,1776960900000,2026-04-23 16:15:00,2026-04-24 01:15:00,639.51,639.65,639.04,639.53,271.639,173675.8774
BNBUSDT,1776961200000,2026-04-23 16:20:00,2026-04-24 01:20:00,639.53,639.59,638.77,639.08,258.011,164880.31892
BNBUSDT,1776961500000,2026-04-23 16:25:00,2026-04-24 01:25:00,639.09,639.38,638.49,639,880.005,562287.53412
BNBUSDT,1776961800000,2026-04-23 16:30:00,2026-04-24 01:30:00,639,639.92,638.84,639.91,246.19,157400.60895
BNBUSDT,1776962100000,2026-04-23 16:35:00,2026-04-24 01:35:00,639.91,640.11,639.27,639.27,162.268,103803.8718
BNBUSDT,1776962400000,2026-04-23 16:40:00,2026-04-24 01:40:00,639.27,639.75,639.27,639.59,285.155,182358.36888
BNBUSDT,1776962700000,2026-04-23 16:45:00,2026-04-24 01:45:00,639.59,639.82,639.34,639.54,158.747,101534.15573
BNBUSDT,1776963000000,2026-04-23 16:50:00,2026-04-24 01:50:00,639.54,640,638.73,638.73,394.555,252288.17397
BNBUSDT,1776963300000,2026-04-23 16:55:00,2026-04-24 01:55:00,638.74,639.09,638.41,638.54,173.867,111057.19176
BNBUSDT,1776963600000,2026-04-23 17:00:00,2026-04-24 02:00:00,638.54,638.92,636.72,637.41,500.317,319078.44565
BNBUSDT,1776963900000,2026-04-23 17:05:00,2026-04-24 02:05:00,637.4,637.89,636.68,636.87,472.308,300972.98493
BNBUSDT,1776964200000,2026-04-23 17:10:00,2026-04-24 02:10:00,636.86,637.9,636.57,637.5,249.774,159183.17792
BNBUSDT,1776964500000,2026-04-23 17:15:00,2026-04-24 02:15:00,637.5,637.5,635.71,636.55,779.265,495843.19663
BNBUSDT,1776964800000,2026-04-23 17:20:00,2026-04-24 02:20:00,636.56,636.91,636.07,636.27,362.02,230406.39762
BNBUSDT,1776965100000,2026-04-23 17:25:00,2026-04-24 02:25:00,636.3,637.16,635.83,635.84,379.64,241618.75163
BNBUSDT,1776965400000,2026-04-23 17:30:00,2026-04-24 02:30:00,635.84,636.6,635.22,636.59,535.103,340232.54842
BNBUSDT,1776965700000,2026-04-23 17:35:00,2026-04-24 02:35:00,636.6,636.76,633.8,633.99,709.038,450518.42228
BNBUSDT,1776966000000,2026-04-23 17:40:00,2026-04-24 02:40:00,634,634.05,631.99,632.95,958.004,606208.79594
BNBUSDT,1776966300000,2026-04-23 17:45:00,2026-04-24 02:45:00,632.96,632.96,631.14,631.81,1398.828,883955.35952
BNBUSDT,1776966600000,2026-04-23 17:50:00,2026-04-24 02:50:00,631.81,634.81,631.24,633.87,1140.023,721927.54214
BNBUSDT,1776966900000,2026-04-23 17:55:00,2026-04-24 02:55:00,633.85,634.38,633.49,633.88,987.485,625977.41944
BNBUSDT,1776967200000,2026-04-23 18:00:00,2026-04-24 03:00:00,633.89,635.01,633.62,634.07,1020.268,647062.099
BNBUSDT,1776967500000,2026-04-23 18:05:00,2026-04-24 03:05:00,634.06,635.44,633.77,634.81,197.723,125506.71932
BNBUSDT,1776967800000,2026-04-23 18:10:00,2026-04-24 03:10:00,634.81,635.75,634.81,634.92,322.607,204978.94067
BNBUSDT,1776968100000,2026-04-23 18:15:00,2026-04-24 03:15:00,634.92,635.51,634.73,634.83,309.001,196258.17764
BNBUSDT,1776968400000,2026-04-23 18:20:00,2026-04-24 03:20:00,634.83,635.1,634.21,634.52,329.336,208996.24585
BNBUSDT,1776968700000,2026-04-23 18:25:00,2026-04-24 03:25:00,634.51,634.63,634.18,634.51,142.316,90280.89831
BNBUSDT,1776969000000,2026-04-23 18:30:00,2026-04-24 03:30:00,634.51,635.67,634.51,635.4,122.971,78116.91648
BNBUSDT,1776969300000,2026-04-23 18:35:00,2026-04-24 03:35:00,635.39,636.44,635.32,636.25,245.743,156308.10876
BNBUSDT,1776969600000,2026-04-23 18:40:00,2026-04-24 03:40:00,636.25,636.66,636.21,636.49,191.701,122017.75478
BNBUSDT,1776969900000,2026-04-23 18:45:00,2026-04-24 03:45:00,636.48,636.61,635.12,635.23,229.357,145826.78559
BNBUSDT,1776970200000,2026-04-23 18:50:00,2026-04-24 03:50:00,635.22,635.59,634.77,635.32,102.343,65009.75679
BNBUSDT,1776970500000,2026-04-23 18:55:00,2026-04-24 03:55:00,635.32,635.34,634,634.11,205.214,130230.56202
BNBUSDT,1776970800000,2026-04-23 19:00:00,2026-04-24 04:00:00,634.11,634.37,633.65,633.81,211.13,133869.84976
BNBUSDT,1776971100000,2026-04-23 19:05:00,2026-04-24 04:05:00,633.82,635.06,633.81,634.91,96.68,61345.62574
BNBUSDT,1776971400000,2026-04-23 19:10:00,2026-04-24 04:10:00,634.91,635.36,634.61,635.23,92.665,58855.26572
BNBUSDT,1776971700000,2026-04-23 19:15:00,2026-04-24 04:15:00,635.23,636.11,635.23,635.73,163.047,103650.82596
BNBUSDT,1776972000000,2026-04-23 19:20:00,2026-04-24 04:20:00,635.74,636.17,635.68,636.01,257.157,163529.74362
BNBUSDT,1776972300000,2026-04-23 19:25:00,2026-04-24 04:25:00,636,636.55,636,636.33,110.047,70036.19997
BNBUSDT,1776972600000,2026-04-23 19:30:00,2026-04-24 04:30:00,636.32,636.47,635.49,635.6,73.947,47035.37171
BNBUSDT,1776972900000,2026-04-23 19:35:00,2026-04-24 04:35:00,635.6,635.6,634.85,635.2,128.501,81639.55818
BNBUSDT,1776973200000,2026-04-23 19:40:00,2026-04-24 04:40:00,635.19,635.55,634.89,634.94,114.003,72423.53687
BNBUSDT,1776973500000,2026-04-23 19:45:00,2026-04-24 04:45:00,634.95,636.17,634.94,636.07,58.169,36969.7131
BNBUSDT,1776973800000,2026-04-23 19:50:00,2026-04-24 04:50:00,636.07,636.23,634.37,635.92,642.926,408531.59606
BNBUSDT,1776974100000,2026-04-23 19:55:00,2026-04-24 04:55:00,635.93,636.48,635.91,635.91,158.423,100776.1305
BNBUSDT,1776974400000,2026-04-23 20:00:00,2026-04-24 05:00:00,635.9,636.95,635.84,636.95,87.78,55863.49731
BNBUSDT,1776974700000,2026-04-23 20:05:00,2026-04-24 05:05:00,636.96,637.69,636.96,637.6,131.871,84052.30805
BNBUSDT,1776975000000,2026-04-23 20:10:00,2026-04-24 05:10:00,637.61,637.65,636.89,636.97,112.151,71471.42055
BNBUSDT,1776975300000,2026-04-23 20:15:00,2026-04-24 05:15:00,636.98,637.24,636.68,637.11,151.89,96760.13868
BNBUSDT,1776975600000,2026-04-23 20:20:00,2026-04-24 05:20:00,637.11,637.25,636.88,637.11,202.71,129148.76481
BNBUSDT,1776975900000,2026-04-23 20:25:00,2026-04-24 05:25:00,637.11,637.11,635.6,635.95,1141.591,726118.65571
BNBUSDT,1776976200000,2026-04-23 20:30:00,2026-04-24 05:30:00,635.96,636.65,635.82,636.52,238.502,151718.63685
BNBUSDT,1776976500000,2026-04-23 20:35:00,2026-04-24 05:35:00,636.52,637.46,636.39,637.46,232.843,148265.2173
BNBUSDT,1776976800000,2026-04-23 20:40:00,2026-04-24 05:40:00,637.46,638.35,637.46,638.18,461.506,294450.92776
BNBUSDT,1776977100000,2026-04-23 20:45:00,2026-04-24 05:45:00,638.19,638.55,638.04,638.04,179.935,114837.75723
BNBUSDT,1776977400000,2026-04-23 20:50:00,2026-04-24 05:50:00,638.05,638.14,637.7,637.79,113.134,72167.0326
BNBUSDT,1776977700000,2026-04-23 20:55:00,2026-04-24 05:55:00,637.79,637.8,637.36,637.8,172.213,109800.42849
BNBUSDT,1776978000000,2026-04-23 21:00:00,2026-04-24 06:00:00,637.8,637.88,637.5,637.51,288.469,183959.77687
BNBUSDT,1776978300000,2026-04-23 21:05:00,2026-04-24 06:05:00,637.5,637.69,637.44,637.64,277.998,177254.84291
BNBUSDT,1776978600000,2026-04-23 21:10:00,2026-04-24 06:10:00,637.65,637.74,637.38,637.44,152.563,97271.79957
BNBUSDT,1776978900000,2026-04-23 21:15:00,2026-04-24 06:15:00,637.44,637.55,637.14,637.31,70.3,44804.2922
BNBUSDT,1776979200000,2026-04-23 21:20:00,2026-04-24 06:20:00,637.32,637.9,636.86,637.64,268.554,171174.08556
BNBUSDT,1776979500000,2026-04-23 21:25:00,2026-04-24 06:25:00,637.64,637.65,637.39,637.62,134.326,85633.9167
BNBUSDT,1776979800000,2026-04-23 21:30:00,2026-04-24 06:30:00,637.62,638.28,637.62,638.27,129.797,82812.77636
BNBUSDT,1776980100000,2026-04-23 21:35:00,2026-04-24 06:35:00,638.27,638.77,638.27,638.43,119.159,76081.59968
BNBUSDT,1776980400000,2026-04-23 21:40:00,2026-04-24 06:40:00,638.42,638.93,638.24,638.72,176.985,113027.4119
BNBUSDT,1776980700000,2026-04-23 21:45:00,2026-04-24 06:45:00,638.72,638.82,638.47,638.72,113.09,72220.9272
BNBUSDT,1776981000000,2026-04-23 21:50:00,2026-04-24 06:50:00,638.73,638.96,638.67,638.95,168.658,107735.11423
BNBUSDT,1776981300000,2026-04-23 21:55:00,2026-04-24 06:55:00,638.95,638.95,637.81,637.81,215.912,137839.81332
BNBUSDT,1776981600000,2026-04-23 22:00:00,2026-04-24 07:00:00,637.81,638.94,637.8,638.51,230.913,147430.32615
BNBUSDT,1776981900000,2026-04-23 22:05:00,2026-04-24 07:05:00,638.51,639.01,638.42,638.51,241.698,154357.00316
BNBUSDT,1776982200000,2026-04-23 22:10:00,2026-04-24 07:10:00,638.52,638.94,638.52,638.68,86.834,55459.40509
BNBUSDT,1776982500000,2026-04-23 22:15:00,2026-04-24 07:15:00,638.69,639.74,638.5,639.72,179.567,114778.92269
BNBUSDT,1776982800000,2026-04-23 22:20:00,2026-04-24 07:20:00,639.73,639.79,639.05,639.22,76.877,49155.92332
BNBUSDT,1776983100000,2026-04-23 22:25:00,2026-04-24 07:25:00,639.21,639.36,638.91,638.97,90.498,57839.30532
BNBUSDT,1776983400000,2026-04-23 22:30:00,2026-04-24 07:30:00,638.96,639.31,638.96,639.17,44.011,28129.18278
BNBUSDT,1776983700000,2026-04-23 22:35:00,2026-04-24 07:35:00,639.17,639.45,639.16,639.29,56.496,36119.96677
BNBUSDT,1776984000000,2026-04-23 22:40:00,2026-04-24 07:40:00,639.29,639.4,639.21,639.31,125.816,80433.5229
BNBUSDT,1776984300000,2026-04-23 22:45:00,2026-04-24 07:45:00,639.31,639.53,638.99,638.99,116.331,74367.27352
BNBUSDT,1776984600000,2026-04-23 22:50:00,2026-04-24 07:50:00,638.99,639.13,638.76,638.9,215.378,137623.37511
BNBUSDT,1776984900000,2026-04-23 22:55:00,2026-04-24 07:55:00,638.89,638.9,638.36,638.57,97.324,62151.06826
BNBUSDT,1776985200000,2026-04-23 23:00:00,2026-04-24 08:00:00,638.56,638.84,638.37,638.37,496.33,316954.43205
BNBUSDT,1776985500000,2026-04-23 23:05:00,2026-04-24 08:05:00,638.38,638.43,638.24,638.32,266.145,169885.00283
BNBUSDT,1776985800000,2026-04-23 23:10:00,2026-04-24 08:10:00,638.31,638.32,637.82,638.03,426.578,272221.41481
BNBUSDT,1776986100000,2026-04-23 23:15:00,2026-04-24 08:15:00,638.02,638.02,637.56,637.73,181.487,115735.93017
BNBUSDT,1776986400000,2026-04-23 23:20:00,2026-04-24 08:20:00,637.74,638.11,637.73,638.1,81.834,52207.65429
BNBUSDT,1776986700000,2026-04-23 23:25:00,2026-04-24 08:25:00,638.1,638.28,638.04,638.05,74.039,47249.09692
BNBUSDT,1776987000000,2026-04-23 23:30:00,2026-04-24 08:30:00,638.05,638.13,637.92,638.03,63.393,40445.92602
BNBUSDT,1776987300000,2026-04-23 23:35:00,2026-04-24 08:35:00,638.03,638.21,637.95,638.21,80.411,51303.54858
BNBUSDT,1776987600000,2026-04-23 23:40:00,2026-04-24 08:40:00,638.21,638.71,638.2,638.53,56.771,36245.55096
BNBUSDT,1776987900000,2026-04-23 23:45:00,2026-04-24 08:45:00,638.54,638.55,638.3,638.3,92.226,58883.83443
BNBUSDT,1776988200000,2026-04-23 23:50:00,2026-04-24 08:50:00,638.31,638.45,638.26,638.34,48.116,30714.57193
BNBUSDT,1776988500000,2026-04-23 23:55:00,2026-04-24 08:55:00,638.34,638.86,638.33,638.54,572.432,365586.63972
BNBUSDT,1776988800000,2026-04-24 00:00:00,2026-04-24 09:00:00,638.55,639.24,638.28,638.29,355.199,226905.13498
BNBUSDT,1776989100000,2026-04-24 00:05:00,2026-04-24 09:05:00,638.29,639.11,638.08,639.1,119.562,76364.43737
BNBUSDT,1776989400000,2026-04-24 00:10:00,2026-04-24 09:10:00,639.1,639.11,638.71,638.82,153.948,98355.25688
BNBUSDT,1776989700000,2026-04-24 00:15:00,2026-04-24 09:15:00,638.83,639.47,638.67,639.47,76.112,48629.52363
BNBUSDT,1776990000000,2026-04-24 00:20:00,2026-04-24 09:20:00,639.47,639.93,639.23,639.23,281.932,180306.91254
BNBUSDT,1776990300000,2026-04-24 00:25:00,2026-04-24 09:25:00,639.24,639.71,639.24,639.42,148.069,94678.29158
BNBUSDT,1776990600000,2026-04-24 00:30:00,2026-04-24 09:30:00,639.42,639.95,639.42,639.92,117.586,75215.34572
BNBUSDT,1776990900000,2026-04-24 00:35:00,2026-04-24 09:35:00,639.91,640.42,639.91,640.13,294.389,188453.94592
BNBUSDT,1776991200000,2026-04-24 00:40:00,2026-04-24 09:40:00,640.12,640.13,639.66,639.67,108.76,69589.83228
BNBUSDT,1776991500000,2026-04-24 00:45:00,2026-04-24 09:45:00,639.67,640.24,639.61,640.15,116.725,74700.15538
BNBUSDT,1776991800000,2026-04-24 00:50:00,2026-04-24 09:50:00,640.15,640.15,639.79,639.93,80.302,51389.09694
BNBUSDT,1776992100000,2026-04-24 00:55:00,2026-04-24 09:55:00,639.94,639.94,639.59,639.92,156.419,100069.38373
BNBUSDT,1776992400000,2026-04-24 01:00:00,2026-04-24 10:00:00,639.93,639.93,638.92,638.92,140.166,89594.14488
BNBUSDT,1776992700000,2026-04-24 01:05:00,2026-04-24 10:05:00,638.92,638.92,638.23,638.52,275.906,176181.19783
BNBUSDT,1776993000000,2026-04-24 01:10:00,2026-04-24 10:10:00,638.51,638.66,638.36,638.49,81.644,52132.05466
BNBUSDT,1776993300000,2026-04-24 01:15:00,2026-04-24 10:15:00,638.48,638.55,638.04,638.05,71.029,45343.2881
BNBUSDT,1776993600000,2026-04-24 01:20:00,2026-04-24 10:20:00,638.04,638.13,637.8,638,169.939,108412.95207
BNBUSDT,1776993900000,2026-04-24 01:25:00,2026-04-24 10:25:00,638.01,638.38,638,638.19,69.45,44323.82072
BNBUSDT,1776994200000,2026-04-24 01:30:00,2026-04-24 10:30:00,638.18,638.21,637.43,637.67,218.644,139435.01002
BNBUSDT,1776994500000,2026-04-24 01:35:00,2026-04-24 10:35:00,637.68,638.26,637.55,638,179.983,114831.03034
BNBUSDT,1776994800000,2026-04-24 01:40:00,2026-04-24 10:40:00,638,638.3,637.63,637.63,80.345,51263.30176
BNBUSDT,1776995100000,2026-04-24 01:45:00,2026-04-24 10:45:00,637.63,638.89,637.55,638.89,184.265,117584.09255
BNBUSDT,1776995400000,2026-04-24 01:50:00,2026-04-24 10:50:00,638.89,639.55,638.89,639.35,194.237,124186.42602
BNBUSDT,1776995700000,2026-04-24 01:55:00,2026-04-24 10:55:00,639.34,639.73,639.34,639.6,107.097,68499.19042
BNBUSDT,1776996000000,2026-04-24 02:00:00,2026-04-24 11:00:00,639.6,639.76,639.36,639.37,214.938,137456.30881
BNBUSDT,1776996300000,2026-04-24 02:05:00,2026-04-24 11:05:00,639.37,639.37,638.55,638.56,120.219,76799.56715
BNBUSDT,1776996600000,2026-04-24 02:10:00,2026-04-24 11:10:00,638.56,638.6,638.15,638.24,114.383,73014.60987
BNBUSDT,1776996900000,2026-04-24 02:15:00,2026-04-24 11:15:00,638.24,638.25,638.02,638.06,90.764,57918.54881
BNBUSDT,1776997200000,2026-04-24 02:20:00,2026-04-24 11:20:00,638.06,638.22,637.74,637.75,108.018,68908.89114
BNBUSDT,1776997500000,2026-04-24 02:25:00,2026-04-24 11:25:00,637.75,637.77,637.55,637.57,143.255,91342.56996
BNBUSDT,1776997800000,2026-04-24 02:30:00,2026-04-24 11:30:00,637.56,638,637.56,637.94,116.145,74075.04194
BNBUSDT,1776998100000,2026-04-24 02:35:00,2026-04-24 11:35:00,637.95,638.51,637.95,638.19,155.648,99339.96918
BNBUSDT,1776998400000,2026-04-24 02:40:00,2026-04-24 11:40:00,638.18,638.27,638.01,638.26,243.698,155507.61597
BNBUSDT,1776998700000,2026-04-24 02:45:00,2026-04-24 11:45:00,638.27,638.68,638.21,638.38,632.763,403995.02422
BNBUSDT,1776999000000,2026-04-24 02:50:00,2026-04-24 11:50:00,638.38,638.52,636.6,637.07,301.066,191985.03541
BNBUSDT,1776999300000,2026-04-24 02:55:00,2026-04-24 11:55:00,637.06,637.07,636.6,636.77,107.958,68754.44647
BNBUSDT,1776999600000,2026-04-24 03:00:00,2026-04-24 12:00:00,636.77,636.82,636.16,636.51,179.799,114433.60786
BNBUSDT,1776999900000,2026-04-24 03:05:00,2026-04-24 12:05:00,636.52,636.6,636.25,636.59,107.792,68596.17779
BNBUSDT,1777000200000,2026-04-24 03:10:00,2026-04-24 12:10:00,636.6,636.73,636.26,636.49,81.036,51579.93666
BNBUSDT,1777000500000,2026-04-24 03:15:00,2026-04-24 12:15:00,636.48,636.49,635.89,636.1,95.324,60641.68949
BNBUSDT,1777000800000,2026-04-24 03:20:00,2026-04-24 12:20:00,636.1,636.1,634.32,634.43,419.998,266748.2465
BNBUSDT,1777001100000,2026-04-24 03:25:00,2026-04-24 12:25:00,634.44,635.41,634.44,634.66,203.807,129447.81696
BNBUSDT,1777001400000,2026-04-24 03:30:00,2026-04-24 12:30:00,634.66,634.74,633.6,633.93,514.924,326472.78038
BNBUSDT,1777001700000,2026-04-24 03:35:00,2026-04-24 12:35:00,633.94,634.52,633.93,634.46,217.182,137749.24606
BNBUSDT,1777002000000,2026-04-24 03:40:00,2026-04-24 12:40:00,634.45,634.45,633.93,634.15,283.955,180052.98028
BNBUSDT,1777002300000,2026-04-24 03:45:00,2026-04-24 12:45:00,634.15,635.05,634.15,634.68,859.091,545141.51293
BNBUSDT,1777002600000,2026-04-24 03:50:00,2026-04-24 12:50:00,634.69,634.91,634.4,634.61,154.585,98109.17693
BNBUSDT,1777002900000,2026-04-24 03:55:00,2026-04-24 12:55:00,634.6,634.68,634.36,634.61,283.544,179916.52804
BNBUSDT,1777003200000,2026-04-24 04:00:00,2026-04-24 13:00:00,634.61,634.61,634.19,634.44,300.7,190770.97504
BNBUSDT,1777003500000,2026-04-24 04:05:00,2026-04-24 13:05:00,634.44,634.6,634.16,634.16,250.048,158621.20377
BNBUSDT,1777003800000,2026-04-24 04:10:00,2026-04-24 13:10:00,634.17,634.27,633.94,633.95,200.903,127387.49102
BNBUSDT,1777004100000,2026-04-24 04:15:00,2026-04-24 13:15:00,633.95,633.95,633.37,633.54,261.932,165952.92485
BNBUSDT,1777004400000,2026-04-24 04:20:00,2026-04-24 13:20:00,633.54,634,633.51,633.77,336.638,213374.15671
BNBUSDT,1777004700000,2026-04-24 04:25:00,2026-04-24 13:25:00,633.76,633.76,633.03,633.04,166.302,105321.30478
BNBUSDT,1777005000000,2026-04-24 04:30:00,2026-04-24 13:30:00,633.03,633.34,632.5,632.92,350.654,221973.08917
BNBUSDT,1777005300000,2026-04-24 04:35:00,2026-04-24 13:35:00,632.92,633.23,632.45,632.78,323.143,204521.73561
BNBUSDT,1777005600000,2026-04-24 04:40:00,2026-04-24 13:40:00,632.78,633.16,632.66,633.16,327.929,207513.86377
BNBUSDT,1777005900000,2026-04-24 04:45:00,2026-04-24 13:45:00,633.15,634.21,633.13,634.07,184.211,116757.37146
BNBUSDT,1777006200000,2026-04-24 04:50:00,2026-04-24 13:50:00,634.06,634.5,634.06,634.19,539.463,342157.06798
BNBUSDT,1777006500000,2026-04-24 04:55:00,2026-04-24 13:55:00,634.2,634.24,633.73,633.87,277.382,175874.10054
BNBUSDT,1777006800000,2026-04-24 05:00:00,2026-04-24 14:00:00,633.87,633.87,632.72,632.93,331.823,210097.52714
BNBUSDT,1777007100000,2026-04-24 05:05:00,2026-04-24 14:05:00,632.93,633.12,632.33,632.96,561.31,355222.22801
BNBUSDT,1777007400000,2026-04-24 05:10:00,2026-04-24 14:10:00,632.96,632.98,632.67,632.72,59.256,37497.30116
BNBUSDT,1777007700000,2026-04-24 05:15:00,2026-04-24 14:15:00,632.72,632.76,632.04,632.42,284.624,179979.25911
BNBUSDT,1777008000000,2026-04-24 05:20:00,2026-04-24 14:20:00,632.42,632.57,632.06,632.28,280.104,177132.84423
BNBUSDT,1777008300000,2026-04-24 05:25:00,2026-04-24 14:25:00,632.28,632.77,632.06,632.16,273.396,172883.06783
BNBUSDT,1777008600000,2026-04-24 05:30:00,2026-04-24 14:30:00,632.17,633.06,632.12,632.92,293.997,185945.70221
BNBUSDT,1777008900000,2026-04-24 05:35:00,2026-04-24 14:35:00,632.91,632.99,632.36,632.99,270.195,170972.45403
BNBUSDT,1777009200000,2026-04-24 05:40:00,2026-04-24 14:40:00,632.98,633.2,632.78,633.03,447.172,283038.39414
BNBUSDT,1777009500000,2026-04-24 05:45:00,2026-04-24 14:45:00,633.03,633.4,633,633.27,235.693,149228.04575
BNBUSDT,1777009800000,2026-04-24 05:50:00,2026-04-24 14:50:00,633.28,633.92,633.27,633.71,176.35,111734.71579
BNBUSDT,1777010100000,2026-04-24 05:55:00,2026-04-24 14:55:00,633.7,634.66,633.62,634.11,415.168,263303.01928
BNBUSDT,1777010400000,2026-04-24 06:00:00,2026-04-24 15:00:00,634.11,634.3,633.38,633.61,295.72,187436.66427
BNBUSDT,1777010700000,2026-04-24 06:05:00,2026-04-24 15:05:00,633.62,634.25,633.44,634.13,103.381,65520.21237
BNBUSDT,1777011000000,2026-04-24 06:10:00,2026-04-24 15:10:00,634.13,634.78,633.88,634.78,285.17,180885.12688
BNBUSDT,1777011300000,2026-04-24 06:15:00,2026-04-24 15:15:00,634.77,634.98,634.54,634.98,108.852,69090.91666
BNBUSDT,1777011600000,2026-04-24 06:20:00,2026-04-24 15:20:00,634.98,635.15,634.32,634.91,396.188,251449.71303
BNBUSDT,1777011900000,2026-04-24 06:25:00,2026-04-24 15:25:00,634.92,634.92,634.14,634.19,485.072,307777.77545
BNBUSDT,1777012200000,2026-04-24 06:30:00,2026-04-24 15:30:00,634.19,634.44,633.62,633.97,366.757,232567.3479
BNBUSDT,1777012500000,2026-04-24 06:35:00,2026-04-24 15:35:00,633.96,634.34,633.78,634.34,85.84,54416.55358
BNBUSDT,1777012800000,2026-04-24 06:40:00,2026-04-24 15:40:00,634.34,634.76,634.33,634.46,221.916,140831.42059
BNBUSDT,1777013100000,2026-04-24 06:45:00,2026-04-24 15:45:00,634.46,635,634.26,635,123.616,78440.90727
BNBUSDT,1777013400000,2026-04-24 06:50:00,2026-04-24 15:50:00,635,635.36,635,635.13,256.718,163081.25085
BNBUSDT,1777013700000,2026-04-24 06:55:00,2026-04-24 15:55:00,635.14,635.14,634.46,634.56,271.194,172158.10128
BNBUSDT,1777014000000,2026-04-24 07:00:00,2026-04-24 16:00:00,634.57,635.27,634.5,635.21,162.872,103398.0581
BNBUSDT,1777014300000,2026-04-24 07:05:00,2026-04-24 16:05:00,635.21,636.04,635.21,635.95,183.405,116588.7715
BNBUSDT,1777014600000,2026-04-24 07:10:00,2026-04-24 16:10:00,635.96,636.4,635.96,636.29,165.391,105221.33851
BNBUSDT,1777014900000,2026-04-24 07:15:00,2026-04-24 16:15:00,636.29,636.56,636.26,636.26,210.412,133904.38131
BNBUSDT,1777015200000,2026-04-24 07:20:00,2026-04-24 16:20:00,636.27,636.43,636.2,636.27,156.183,99377.15008
BNBUSDT,1777015500000,2026-04-24 07:25:00,2026-04-24 16:25:00,636.28,637.17,636.27,637.06,309.443,197029.24632
BNBUSDT,1777015800000,2026-04-24 07:30:00,2026-04-24 16:30:00,637.05,637.06,636.38,636.69,545.654,347440.53915
BNBUSDT,1777016100000,2026-04-24 07:35:00,2026-04-24 16:35:00,636.68,636.82,636.29,636.4,495.865,315668.24736
BNBUSDT,1777016400000,2026-04-24 07:40:00,2026-04-24 16:40:00,636.4,636.4,635.35,635.38,194.226,123486.05604
BNBUSDT,1777016700000,2026-04-24 07:45:00,2026-04-24 16:45:00,635.38,635.53,635.22,635.38,262.264,166629.53528
BNBUSDT,1777017000000,2026-04-24 07:50:00,2026-04-24 16:50:00,635.38,635.38,634.72,634.79,464.105,294702.65844
BNBUSDT,1777017300000,2026-04-24 07:55:00,2026-04-24 16:55:00,634.78,635.05,634.33,635,310.501,197051.81568
BNBUSDT,1777017600000,2026-04-24 08:00:00,2026-04-24 17:00:00,634.99,635.59,634.54,635.07,672.174,426735.88797
BNBUSDT,1777017900000,2026-04-24 08:05:00,2026-04-24 17:05:00,635.07,635.21,634.79,635.1,228.578,145150.61692
BNBUSDT,1777018200000,2026-04-24 08:10:00,2026-04-24 17:10:00,635.09,635.55,635.01,635.49,200.423,127331.67642
BNBUSDT,1777018500000,2026-04-24 08:15:00,2026-04-24 17:15:00,635.49,636.75,635.49,636.75,259.398,165049.83264
BNBUSDT,1777018800000,2026-04-24 08:20:00,2026-04-24 17:20:00,636.74,637.59,636.58,637.37,463.378,295184.54496
BNBUSDT,1777019100000,2026-04-24 08:25:00,2026-04-24 17:25:00,637.36,637.84,636.88,637.57,495.182,315598.56405
BNBUSDT,1777019400000,2026-04-24 08:30:00,2026-04-24 17:30:00,637.57,637.66,637.4,637.41,149.623,95384.38012
BNBUSDT,1777019700000,2026-04-24 08:35:00,2026-04-24 17:35:00,637.4,637.41,637.17,637.23,194.888,124192.30962
BNBUSDT,1777020000000,2026-04-24 08:40:00,2026-04-24 17:40:00,637.22,637.31,636.54,636.78,489.891,312014.19823
BNBUSDT,1777020300000,2026-04-24 08:45:00,2026-04-24 17:45:00,636.78,637.59,636.77,637.58,173.249,110382.51878
BNBUSDT,1777020600000,2026-04-24 08:50:00,2026-04-24 17:50:00,637.59,637.87,637.48,637.74,293.279,187016.45033
BNBUSDT,1777020900000,2026-04-24 08:55:00,2026-04-24 17:55:00,637.75,637.75,636.9,637.04,378.28,241055.39575
BNBUSDT,1777021200000,2026-04-24 09:00:00,2026-04-24 18:00:00,637.04,637.19,635.69,635.96,294.131,187170.8872
BNBUSDT,1777021500000,2026-04-24 09:05:00,2026-04-24 18:05:00,635.96,636.01,634.29,634.39,493.764,313718.64674
BNBUSDT,1777021800000,2026-04-24 09:10:00,2026-04-24 18:10:00,634.4,634.46,634.13,634.45,182.643,115862.52521
BNBUSDT,1777022100000,2026-04-24 09:15:00,2026-04-24 18:15:00,634.45,634.92,634.39,634.71,176.728,112166.47854
BNBUSDT,1777022400000,2026-04-24 09:20:00,2026-04-24 18:20:00,634.71,634.93,633.9,634.22,502.423,318716.32066
BNBUSDT,1777022700000,2026-04-24 09:25:00,2026-04-24 18:25:00,634.22,634.32,633.94,634.07,415.272,263342.39382
BNBUSDT,1777023000000,2026-04-24 09:30:00,2026-04-24 18:30:00,634.08,634.49,633.96,634.3,265.468,168359.82545
BNBUSDT,1777023300000,2026-04-24 09:35:00,2026-04-24 18:35:00,634.3,634.41,634,634.01,339.041,215004.84414
BNBUSDT,1777023600000,2026-04-24 09:40:00,2026-04-24 18:40:00,634.01,634.39,634,634.3,1206.166,764905.26409
BNBUSDT,1777023900000,2026-04-24 09:45:00,2026-04-24 18:45:00,634.31,634.34,633.71,633.71,263.156,166843.25931
BNBUSDT,1777024200000,2026-04-24 09:50:00,2026-04-24 18:50:00,633.7,633.71,633.33,633.65,340.813,215905.99083
BNBUSDT,1777024500000,2026-04-24 09:55:00,2026-04-24 18:55:00,633.65,633.97,633.52,633.97,271.905,172302.50755
BNBUSDT,1777024800000,2026-04-24 10:00:00,2026-04-24 19:00:00,633.97,634.38,633.79,634.27,302.398,191738.11865
BNBUSDT,1777025100000,2026-04-24 10:05:00,2026-04-24 19:05:00,634.27,634.28,633.6,633.97,198.559,125872.56776
BNBUSDT,1777025400000,2026-04-24 10:10:00,2026-04-24 19:10:00,633.97,634.31,633.85,634.2,291.658,184917.60287
BNBUSDT,1777025700000,2026-04-24 10:15:00,2026-04-24 19:15:00,634.2,634.53,634.19,634.52,195.988,124340.67162
BNBUSDT,1777026000000,2026-04-24 10:20:00,2026-04-24 19:20:00,634.52,635.24,634.5,635.23,236.503,150122.54614
BNBUSDT,1777026300000,2026-04-24 10:25:00,2026-04-24 19:25:00,635.23,635.55,634.89,634.9,185.956,118131.76737
BNBUSDT,1777026600000,2026-04-24 10:30:00,2026-04-24 19:30:00,634.89,634.97,634.74,634.75,138.695,88052.27151
BNBUSDT,1777026900000,2026-04-24 10:35:00,2026-04-24 19:35:00,634.74,635.04,634.51,634.52,133.084,84480.94986
BNBUSDT,1777027200000,2026-04-24 10:40:00,2026-04-24 19:40:00,634.52,634.77,634.48,634.75,217.603,138092.25542
BNBUSDT,1777027500000,2026-04-24 10:45:00,2026-04-24 19:45:00,634.75,635.2,634.39,634.82,302.041,191768.12784
BNBUSDT,1777027800000,2026-04-24 10:50:00,2026-04-24 19:50:00,634.81,635.01,634.64,635.01,190.666,121028.52329
BNBUSDT,1777028100000,2026-04-24 10:55:00,2026-04-24 19:55:00,635.01,635.44,634.88,634.88,218.101,138542.88197
BNBUSDT,1777028400000,2026-04-24 11:00:00,2026-04-24 20:00:00,634.89,636.22,634.89,635.96,483.063,307020.01303
BNBUSDT,1777028700000,2026-04-24 11:05:00,2026-04-24 20:05:00,635.94,637.3,635.69,636.45,803.751,511685.79795
BNBUSDT,1777029000000,2026-04-24 11:10:00,2026-04-24 20:10:00,636.46,637.34,636.46,637.33,200.262,127542.17468
BNBUSDT,1777029300000,2026-04-24 11:15:00,2026-04-24 20:15:00,637.33,637.33,636.69,636.69,125.061,79668.12981
BNBUSDT,1777029600000,2026-04-24 11:20:00,2026-04-24 20:20:00,636.7,638.09,636.6,637.76,762.991,486494.08008
BNBUSDT,1777029900000,2026-04-24 11:25:00,2026-04-24 20:25:00,637.75,638.3,637.53,638.23,228.493,145760.83244
BNBUSDT,1777030200000,2026-04-24 11:30:00,2026-04-24 20:30:00,638.24,638.4,637.98,638.17,317.248,202465.67066
BNBUSDT,1777030500000,2026-04-24 11:35:00,2026-04-24 20:35:00,638.16,638.39,637.81,638.33,370.559,236458.4625
BNBUSDT,1777030800000,2026-04-24 11:40:00,2026-04-24 20:40:00,638.33,638.75,638.22,638.22,353.804,225885.47972
BNBUSDT,1777031100000,2026-04-24 11:45:00,2026-04-24 20:45:00,638.22,638.22,637.51,637.93,636.926,406185.18835
BNBUSDT,1777031400000,2026-04-24 11:50:00,2026-04-24 20:50:00,637.93,637.93,637.68,637.69,166.748,106355.03525
BNBUSDT,1777031700000,2026-04-24 11:55:00,2026-04-24 20:55:00,637.69,638.1,637.18,638.1,156.267,99613.84681
BNBUSDT,1777032000000,2026-04-24 12:00:00,2026-04-24 21:00:00,638.1,638.35,637.85,637.87,183.002,116776.75027
BNBUSDT,1777032300000,2026-04-24 12:05:00,2026-04-24 21:05:00,637.86,638.26,637.81,638.21,177.417,113201.51984
BNBUSDT,1777032600000,2026-04-24 12:10:00,2026-04-24 21:10:00,638.22,638.78,638.16,638.78,205.925,131494.82637
BNBUSDT,1777032900000,2026-04-24 12:15:00,2026-04-24 21:15:00,638.78,638.82,637.6,638.05,286.483,182880.64874
BNBUSDT,1777033200000,2026-04-24 12:20:00,2026-04-24 21:20:00,638.04,638.57,637.64,638.56,208.865,133271.22288
BNBUSDT,1777033500000,2026-04-24 12:25:00,2026-04-24 21:25:00,638.55,638.67,638.27,638.35,157.61,100623.98964
BNBUSDT,1777033800000,2026-04-24 12:30:00,2026-04-24 21:30:00,638.34,638.35,637.03,637.04,185.91,118540.16296
BNBUSDT,1777034100000,2026-04-24 12:35:00,2026-04-24 21:35:00,637.03,637.14,636.48,636.55,195.373,124393.87081
BNBUSDT,1777034400000,2026-04-24 12:40:00,2026-04-24 21:40:00,636.55,637.66,636.55,637.04,192.018,122351.99417
BNBUSDT,1777034700000,2026-04-24 12:45:00,2026-04-24 21:45:00,637.04,637.98,637.04,637.04,192.819,122946.73308
BNBUSDT,1777035000000,2026-04-24 12:50:00,2026-04-24 21:50:00,637.04,637.12,636.79,637.12,324.643,206770.74181
BNBUSDT,1777035300000,2026-04-24 12:55:00,2026-04-24 21:55:00,637.11,638.56,637.11,638.56,171.921,109631.80946
BNBUSDT,1777035600000,2026-04-24 13:00:00,2026-04-24 22:00:00,638.57,639.21,638.56,639.05,541.241,345861.37852
BNBUSDT,1777035900000,2026-04-24 13:05:00,2026-04-24 22:05:00,639.05,639.9,639.05,639.77,555.18,355055.72326
BNBUSDT,1777036200000,2026-04-24 13:10:00,2026-04-24 22:10:00,639.76,640.49,639.76,639.81,588.538,376698.77408
BNBUSDT,1777036500000,2026-04-24 13:15:00,2026-04-24 22:15:00,639.82,640.1,639.6,640.09,506.657,324198.5758
BNBUSDT,1777036800000,2026-04-24 13:20:00,2026-04-24 22:20:00,640.1,640.11,639.01,639.18,397.899,254475.66477
BNBUSDT,1777037100000,2026-04-24 13:25:00,2026-04-24 22:25:00,639.17,639.27,638.89,639.04,130.236,83232.78978
BNBUSDT,1777037400000,2026-04-24 13:30:00,2026-04-24 22:30:00,639.03,639.12,637.99,638.91,328.117,209517.32721
BNBUSDT,1777037700000,2026-04-24 13:35:00,2026-04-24 22:35:00,638.9,639.18,638.34,638.88,196.634,125609.30083
BNBUSDT,1777038000000,2026-04-24 13:40:00,2026-04-24 22:40:00,638.88,638.99,638.17,638.54,300.451,191843.73626
BNBUSDT,1777038300000,2026-04-24 13:45:00,2026-04-24 22:45:00,638.54,638.74,637.66,637.87,205.096,130903.55589
BNBUSDT,1777038600000,2026-04-24 13:50:00,2026-04-24 22:50:00,637.87,638.27,637.56,637.7,263.798,168270.68892
BNBUSDT,1777038900000,2026-04-24 13:55:00,2026-04-24 22:55:00,637.7,638.53,637.42,638.45,315.968,201546.96292
BNBUSDT,1777039200000,2026-04-24 14:00:00,2026-04-24 23:00:00,638.44,639.11,637.23,638.39,2776.677,1773002.00886
BNBUSDT,1777039500000,2026-04-24 14:05:00,2026-04-24 23:05:00,638.39,638.79,637.72,638.59,284.62,181668.96458
BNBUSDT,1777039800000,2026-04-24 14:10:00,2026-04-24 23:10:00,638.6,638.97,637.36,637.36,243.317,155289.98925
BNBUSDT,1777040100000,2026-04-24 14:15:00,2026-04-24 23:15:00,637.36,638.12,637.2,637.75,245.222,156368.42962
BNBUSDT,1777040400000,2026-04-24 14:20:00,2026-04-24 23:20:00,637.75,637.94,637,637.2,194.86,124197.71234
BNBUSDT,1777040700000,2026-04-24 14:25:00,2026-04-24 23:25:00,637.2,637.21,636.05,636.36,230.79,146898.25643
BNBUSDT,1777041000000,2026-04-24 14:30:00,2026-04-24 23:30:00,636.36,637.08,636.23,636.98,255.185,162450.61363
BNBUSDT,1777041300000,2026-04-24 14:35:00,2026-04-24 23:35:00,636.98,638.34,636.98,638.2,209.315,133480.08526
BNBUSDT,1777041600000,2026-04-24 14:40:00,2026-04-24 23:40:00,638.19,638.55,638.02,638.27,191.482,122217.74924
BNBUSDT,1777041900000,2026-04-24 14:45:00,2026-04-24 23:45:00,638.28,638.52,637.58,637.83,126.022,80430.65849
BNBUSDT,1777042200000,2026-04-24 14:50:00,2026-04-24 23:50:00,637.83,638.19,637.82,638.13,133.805,85369.10124
BNBUSDT,1777042500000,2026-04-24 14:55:00,2026-04-24 23:55:00,638.13,638.39,638.02,638.23,97.03,61926.46935
BNBUSDT,1777042800000,2026-04-24 15:00:00,2026-04-25 00:00:00,638.23,638.23,637.12,637.17,229.204,146170.14775
BNBUSDT,1777043100000,2026-04-24 15:05:00,2026-04-25 00:05:00,637.16,637.17,635.95,636.7,242.637,154408.5898
BNBUSDT,1777043400000,2026-04-24 15:10:00,2026-04-25 00:10:00,636.7,637.41,636.7,637.12,130.779,83337.67711
BNBUSDT,1777043700000,2026-04-24 15:15:00,2026-04-25 00:15:00,637.13,637.58,637.06,637.07,133.002,84759.60176
BNBUSDT,1777044000000,2026-04-24 15:20:00,2026-04-25 00:20:00,637.07,638.02,636.86,637.65,205.269,130815.85435
BNBUSDT,1777044300000,2026-04-24 15:25:00,2026-04-25 00:25:00,637.65,637.81,637.45,637.73,88.489,56425.39452
BNBUSDT,1777044600000,2026-04-24 15:30:00,2026-04-25 00:30:00,637.74,638.42,637.74,638.17,162.523,103697.58827
BNBUSDT,1777044900000,2026-04-24 15:35:00,2026-04-25 00:35:00,638.16,638.25,637.87,637.98,110.854,70735.84271
BNBUSDT,1777045200000,2026-04-24 15:40:00,2026-04-25 00:40:00,637.97,639.41,637.97,639.19,2240.339,1430778.07811
BNBUSDT,1777045500000,2026-04-24 15:45:00,2026-04-25 00:45:00,639.18,639.78,638.53,638.69,783.868,500879.88419
BNBUSDT,1777045800000,2026-04-24 15:50:00,2026-04-25 00:50:00,638.69,639.57,638.69,639.32,611.081,390671.69465
BNBUSDT,1777046100000,2026-04-24 15:55:00,2026-04-25 00:55:00,639.31,639.71,639.31,639.6,216.354,138370.93548
BNBUSDT,1777046400000,2026-04-24 16:00:00,2026-04-25 01:00:00,639.6,639.8,639.24,639.61,717.454,458816.86234
BNBUSDT,1777046700000,2026-04-24 16:05:00,2026-04-25 01:05:00,639.61,639.97,639.06,639.22,505.323,323177.73021
BNBUSDT,1777047000000,2026-04-24 16:10:00,2026-04-25 01:10:00,639.22,639.56,638.69,638.69,337.236,215581.42982
BNBUSDT,1777047300000,2026-04-24 16:15:00,2026-04-25 01:15:00,638.69,638.69,637.98,638.08,252.082,160883.67624
BNBUSDT,1777047600000,2026-04-24 16:20:00,2026-04-25 01:20:00,638.08,638.23,637.73,637.95,253.471,161710.32374
BNBUSDT,1777047900000,2026-04-24 16:25:00,2026-04-25 01:25:00,637.95,638.11,637.68,637.71,110.52,70498.71661
BNBUSDT,1777048200000,2026-04-24 16:30:00,2026-04-25 01:30:00,637.72,638.15,637.71,638.07,324.999,207344.14362
BNBUSDT,1777048500000,2026-04-24 16:35:00,2026-04-25 01:35:00,638.08,638.47,637.87,637.88,395.771,252581.963
BNBUSDT,1777048800000,2026-04-24 16:40:00,2026-04-25 01:40:00,637.88,637.89,636.75,637.2,317.247,202101.78096
BNBUSDT,1777049100000,2026-04-24 16:45:00,2026-04-25 01:45:00,637.19,637.31,636.76,636.77,78.762,50180.73444
BNBUSDT,1777049400000,2026-04-24 16:50:00,2026-04-25 01:50:00,636.77,637.24,636.76,637.2,91.38,58214.2929
BNBUSDT,1777049700000,2026-04-24 16:55:00,2026-04-25 01:55:00,637.19,637.94,637.15,637.9,190.879,121685.57382
BNBUSDT,1777050000000,2026-04-24 17:00:00,2026-04-25 02:00:00,637.91,638.06,637.8,637.94,234.361,149508.58238
BNBUSDT,1777050300000,2026-04-24 17:05:00,2026-04-25 02:05:00,637.94,638.27,637.67,637.93,165.064,105306.54981
BNBUSDT,1777050600000,2026-04-24 17:10:00,2026-04-25 02:10:00,637.92,638.49,637.92,638.34,100.221,63965.7501
BNBUSDT,1777050900000,2026-04-24 17:15:00,2026-04-25 02:15:00,638.34,638.34,637.8,637.96,103.138,65803.33433
BNBUSDT,1777051200000,2026-04-24 17:20:00,2026-04-25 02:20:00,637.96,638,637.63,637.67,269.638,171976.67993
BNBUSDT,1777051500000,2026-04-24 17:25:00,2026-04-25 02:25:00,637.67,637.83,637.24,637.53,309.484,197325.79891
BNBUSDT,1777051800000,2026-04-24 17:30:00,2026-04-25 02:30:00,637.53,637.74,636.6,636.89,433.302,276130.1283
BNBUSDT,1777052100000,2026-04-24 17:35:00,2026-04-25 02:35:00,636.88,637.43,636.54,636.54,317.471,202243.10154
BNBUSDT,1777052400000,2026-04-24 17:40:00,2026-04-25 02:40:00,636.55,637.11,636.54,637.11,102.002,64956.47966
BNBUSDT,1777052700000,2026-04-24 17:45:00,2026-04-25 02:45:00,637.11,637.35,636.76,636.87,117.646,74953.8139
BNBUSDT,1777053000000,2026-04-24 17:50:00,2026-04-25 02:50:00,636.88,638.04,636.87,637.43,170.14,108437.80172
BNBUSDT,1777053300000,2026-04-24 17:55:00,2026-04-25 02:55:00,637.43,637.83,637.42,637.76,221.616,141313.91015
BNBUSDT,1777053600000,2026-04-24 18:00:00,2026-04-25 03:00:00,637.77,637.86,637.09,637.14,194.083,123701.2207
BNBUSDT,1777053900000,2026-04-24 18:05:00,2026-04-25 03:05:00,637.15,637.15,636.89,637.02,57.337,36525.52852
BNBUSDT,1777054200000,2026-04-24 18:10:00,2026-04-25 03:10:00,637.02,637.27,636.43,636.44,100.838,64238.98491
BNBUSDT,1777054500000,2026-04-24 18:15:00,2026-04-25 03:15:00,636.44,636.44,635.34,635.71,207.785,132128.90238
BNBUSDT,1777054800000,2026-04-24 18:20:00,2026-04-25 03:20:00,635.7,636.43,635.69,636.43,101.412,64494.22862
BNBUSDT,1777055100000,2026-04-24 18:25:00,2026-04-25 03:25:00,636.42,636.78,636.3,636.52,54.362,34606.80162
BNBUSDT,1777055400000,2026-04-24 18:30:00,2026-04-25 03:30:00,636.53,637.09,636.52,636.97,60.065,38250.51538
BNBUSDT,1777055700000,2026-04-24 18:35:00,2026-04-25 03:35:00,636.98,637.5,636.97,637.18,155.368,99021.2203
BNBUSDT,1777056000000,2026-04-24 18:40:00,2026-04-25 03:40:00,637.17,637.33,636.98,637.14,110.594,70467.73254
BNBUSDT,1777056300000,2026-04-24 18:45:00,2026-04-25 03:45:00,637.15,637.71,636.98,637.41,147.702,94131.3549
BNBUSDT,1777056600000,2026-04-24 18:50:00,2026-04-25 03:50:00,637.4,637.5,637.26,637.34,78.455,50008.13312
BNBUSDT,1777056900000,2026-04-24 18:55:00,2026-04-25 03:55:00,637.34,637.5,637.23,637.48,127.244,81105.48495
BNBUSDT,1777057200000,2026-04-24 19:00:00,2026-04-25 04:00:00,637.48,638.03,637.48,637.57,75.818,48362.4523
BNBUSDT,1777057500000,2026-04-24 19:05:00,2026-04-25 04:05:00,637.57,637.58,637.08,637.18,89.553,57073.13684
BNBUSDT,1777057800000,2026-04-24 19:10:00,2026-04-25 04:10:00,637.19,637.31,636.76,637.01,172.236,109699.48975
BNBUSDT,1777058100000,2026-04-24 19:15:00,2026-04-25 04:15:00,637.01,637.45,637.01,637.23,60.965,38857.33574
BNBUSDT,1777058400000,2026-04-24 19:20:00,2026-04-25 04:20:00,637.24,637.51,637.15,637.24,94.097,59965.49359
BNBUSDT,1777058700000,2026-04-24 19:25:00,2026-04-25 04:25:00,637.25,637.51,637.22,637.51,38.01,24226.82835
BNBUSDT,1777059000000,2026-04-24 19:30:00,2026-04-25 04:30:00,637.51,638,637.4,637.84,91.69,58465.7211
BNBUSDT,1777059300000,2026-04-24 19:35:00,2026-04-25 04:35:00,637.84,638.54,637.57,638.53,212.988,135935.47869
BNBUSDT,1777059600000,2026-04-24 19:40:00,2026-04-25 04:40:00,638.53,638.75,638.53,638.57,107.464,68628.39699
BNBUSDT,1777059900000,2026-04-24 19:45:00,2026-04-25 04:45:00,638.57,638.86,638.48,638.62,212.129,135472.80068
BNBUSDT,1777060200000,2026-04-24 19:50:00,2026-04-25 04:50:00,638.62,638.9,638.49,638.75,92.35,58978.987
BNBUSDT,1777060500000,2026-04-24 19:55:00,2026-04-25 04:55:00,638.74,638.75,638.04,638.24,127.704,81530.97277
BNBUSDT,1777060800000,2026-04-24 20:00:00,2026-04-25 05:00:00,638.24,638.3,637.44,637.65,147.96,94366.69507
BNBUSDT,1777061100000,2026-04-24 20:05:00,2026-04-25 05:05:00,637.65,637.66,636.86,636.94,129.323,82428.98347
BNBUSDT,1777061400000,2026-04-24 20:10:00,2026-04-25 05:10:00,636.94,637.44,636.94,637.44,123.217,78511.2894
BNBUSDT,1777061700000,2026-04-24 20:15:00,2026-04-25 05:15:00,637.43,637.44,636.99,637.05,201.601,128447.5188
BNBUSDT,1777062000000,2026-04-24 20:20:00,2026-04-25 05:20:00,637.06,637.2,636.55,636.67,265.87,169333.57753
BNBUSDT,1777062300000,2026-04-24 20:25:00,2026-04-25 05:25:00,636.67,636.79,636.46,636.56,131.843,83933.32933
BNBUSDT,1777062600000,2026-04-24 20:30:00,2026-04-25 05:30:00,636.56,637.23,636.56,637.18,137.832,87782.21234
BNBUSDT,1777062900000,2026-04-24 20:35:00,2026-04-25 05:35:00,637.18,638.09,637.18,638.08,163.406,104202.11682
BNBUSDT,1777063200000,2026-04-24 20:40:00,2026-04-25 05:40:00,638.08,638.09,637.71,637.87,109.85,70068.27665
BNBUSDT,1777063500000,2026-04-24 20:45:00,2026-04-25 05:45:00,637.88,638.04,637.87,637.98,31.371,20012.76049
BNBUSDT,1777063800000,2026-04-24 20:50:00,2026-04-25 05:50:00,637.99,637.99,637.89,637.9,68.895,43948.3723
BNBUSDT,1777064100000,2026-04-24 20:55:00,2026-04-25 05:55:00,637.89,638.07,637.87,637.99,154.518,98573.5673
BNBUSDT,1777064400000,2026-04-24 21:00:00,2026-04-25 06:00:00,638,638.24,637.99,638.23,72.348,46164.23304
BNBUSDT,1777064700000,2026-04-24 21:05:00,2026-04-25 06:05:00,638.23,638.36,637.99,638.11,282.141,180045.82854
BNBUSDT,1777065000000,2026-04-24 21:10:00,2026-04-25 06:10:00,638.11,638.37,637.03,637.05,729.72,465431.91308
BNBUSDT,1777065300000,2026-04-24 21:15:00,2026-04-25 06:15:00,637.04,637.3,636.89,637.3,148.191,94404.71598
BNBUSDT,1777065600000,2026-04-24 21:20:00,2026-04-25 06:20:00,637.3,637.3,637.08,637.27,96.189,61287.61599
BNBUSDT,1777065900000,2026-04-24 21:25:00,2026-04-25 06:25:00,637.27,637.38,636.94,637.08,49.215,31353.45521
BNBUSDT,1777066200000,2026-04-24 21:30:00,2026-04-25 06:30:00,637.07,637.47,637.07,637.47,55.781,35544.04931
BNBUSDT,1777066500000,2026-04-24 21:35:00,2026-04-25 06:35:00,637.46,637.49,636.95,637.43,175.693,111961.73375
BNBUSDT,1777066800000,2026-04-24 21:40:00,2026-04-25 06:40:00,637.43,637.6,637.27,637.31,129.97,82851.56796
BNBUSDT,1777067100000,2026-04-24 21:45:00,2026-04-25 06:45:00,637.3,637.31,637.07,637.08,66.141,42141.0102
BNBUSDT,1777067400000,2026-04-24 21:50:00,2026-04-25 06:50:00,637.08,637.58,637.08,637.53,88.171,56195.95538
BNBUSDT,1777067700000,2026-04-24 21:55:00,2026-04-25 06:55:00,637.53,637.8,637.45,637.47,133.353,85030.42027
BNBUSDT,1777068000000,2026-04-24 22:00:00,2026-04-25 07:00:00,637.47,637.71,637.24,637.4,108.03,68864.96976
BNBUSDT,1777068300000,2026-04-24 22:05:00,2026-04-25 07:05:00,637.4,637.58,637.01,637.01,190.491,121420.96301
BNBUSDT,1777068600000,2026-04-24 22:10:00,2026-04-25 07:10:00,637.01,637.56,637,637.56,73.055,46558.68377
BNBUSDT,1777068900000,2026-04-24 22:15:00,2026-04-25 07:15:00,637.56,637.69,637.55,637.65,107.488,68537.63768
BNBUSDT,1777069200000,2026-04-24 22:20:00,2026-04-25 07:20:00,637.66,637.68,637.26,637.27,49.132,31319.12732
BNBUSDT,1777069500000,2026-04-24 22:25:00,2026-04-25 07:25:00,637.27,637.27,637.1,637.1,67.245,42848.87493
BNBUSDT,1777069800000,2026-04-24 22:30:00,2026-04-25 07:30:00,637.11,637.11,636.27,636.28,162.606,103555.2372
BNBUSDT,1777070100000,2026-04-24 22:35:00,2026-04-25 07:35:00,636.28,636.59,635.43,635.6,122.855,78144.38058
BNBUSDT,1777070400000,2026-04-24 22:40:00,2026-04-25 07:40:00,635.59,635.9,635.59,635.89,49.191,31271.90858
BNBUSDT,1777070700000,2026-04-24 22:45:00,2026-04-25 07:45:00,635.9,636.42,635.9,636.06,103.329,65726.6756
BNBUSDT,1777071000000,2026-04-24 22:50:00,2026-04-25 07:50:00,636.06,636.32,636.01,636.05,125.277,79702.5582
BNBUSDT,1777071300000,2026-04-24 22:55:00,2026-04-25 07:55:00,636.05,636.2,636.02,636.11,48.662,30953.65879
BNBUSDT,1777071600000,2026-04-24 23:00:00,2026-04-25 08:00:00,636.12,636.18,635.94,636.06,127.335,80995.65847
BNBUSDT,1777071900000,2026-04-24 23:05:00,2026-04-25 08:05:00,636.07,636.23,636.07,636.22,50.832,32335.61562
BNBUSDT,1777072200000,2026-04-24 23:10:00,2026-04-25 08:10:00,636.23,636.52,636.23,636.52,31.017,19739.26444
BNBUSDT,1777072500000,2026-04-24 23:15:00,2026-04-25 08:15:00,636.52,636.52,636.35,636.36,40.991,26089.37384
BNBUSDT,1777072800000,2026-04-24 23:20:00,2026-04-25 08:20:00,636.36,636.36,636.02,636.28,89.139,56708.19261
BNBUSDT,1777073100000,2026-04-24 23:25:00,2026-04-25 08:25:00,636.28,636.38,636.27,636.38,39.054,24851.13809
BNBUSDT,1777073400000,2026-04-24 23:30:00,2026-04-25 08:30:00,636.38,636.68,636.25,636.67,128.425,81729.09276
BNBUSDT,1777073700000,2026-04-24 23:35:00,2026-04-25 08:35:00,636.68,636.68,636.4,636.4,46.239,29430.42921
BNBUSDT,1777074000000,2026-04-24 23:40:00,2026-04-25 08:40:00,636.4,636.4,636.25,636.26,57.381,36510.02062
BNBUSDT,1777074300000,2026-04-24 23:45:00,2026-04-25 08:45:00,636.25,636.25,636.03,636.04,38.373,24408.23949
BNBUSDT,1777074600000,2026-04-24 23:50:00,2026-04-25 08:50:00,636.03,636.36,636.03,636.36,71.214,45308.4679
BNBUSDT,1777074900000,2026-04-24 23:55:00,2026-04-25 08:55:00,636.36,636.36,636.2,636.21,54.861,34908.37534
BNBUSDT,1777075200000,2026-04-25 00:00:00,2026-04-25 09:00:00,636.21,636.25,636.08,636.11,106.738,67905.5391
BNBUSDT,1777075500000,2026-04-25 00:05:00,2026-04-25 09:05:00,636.11,636.11,635.88,635.88,121.803,77468.46222
BNBUSDT,1777075800000,2026-04-25 00:10:00,2026-04-25 09:10:00,635.88,636.01,635.76,635.87,80.897,51439.48407
BNBUSDT,1777076100000,2026-04-25 00:15:00,2026-04-25 09:15:00,635.87,636.1,635.84,635.92,121.046,76987.7258
BNBUSDT,1777076400000,2026-04-25 00:20:00,2026-04-25 09:20:00,635.92,635.94,635.85,635.86,55.618,35368.03719
BNBUSDT,1777076700000,2026-04-25 00:25:00,2026-04-25 09:25:00,635.85,635.86,635.5,635.5,120.76,76761.31265
BNBUSDT,1777077000000,2026-04-25 00:30:00,2026-04-25 09:30:00,635.51,635.94,635.49,635.94,242.594,154195.77654
BNBUSDT,1777077300000,2026-04-25 00:35:00,2026-04-25 09:35:00,635.93,636.22,635.93,636.22,87.085,55387.54969
BNBUSDT,1777077600000,2026-04-25 00:40:00,2026-04-25 09:40:00,636.22,636.66,636.21,636.35,194.026,123496.85376
BNBUSDT,1777077900000,2026-04-25 00:45:00,2026-04-25 09:45:00,636.35,636.61,635.74,635.76,1245.261,792103.7135
BNBUSDT,1777078200000,2026-04-25 00:50:00,2026-04-25 09:50:00,635.76,635.98,635.75,635.85,84.22,53553.18047
BNBUSDT,1777078500000,2026-04-25 00:55:00,2026-04-25 09:55:00,635.85,636.02,635.84,635.97,70.23,44662.31334
BNBUSDT,1777078800000,2026-04-25 01:00:00,2026-04-25 10:00:00,635.97,636.11,635.86,635.87,154.702,98385.76551
BNBUSDT,1777079100000,2026-04-25 01:05:00,2026-04-25 10:05:00,635.87,635.87,635.75,635.76,64.117,40766.5089
BNBUSDT,1777079400000,2026-04-25 01:10:00,2026-04-25 10:10:00,635.76,636.26,635.75,636.17,123.538,78566.77058
BNBUSDT,1777079700000,2026-04-25 01:15:00,2026-04-25 10:15:00,636.17,636.79,636.16,636.77,150.971,96109.23969
BNBUSDT,1777080000000,2026-04-25 01:20:00,2026-04-25 10:20:00,636.77,636.77,636.06,636.37,203.502,129502.40131
BNBUSDT,1777080300000,2026-04-25 01:25:00,2026-04-25 10:25:00,636.37,636.43,636.27,636.37,101.363,64504.19611
BNBUSDT,1777080600000,2026-04-25 01:30:00,2026-04-25 10:30:00,636.37,636.77,636.37,636.76,225.041,143245.94672
BNBUSDT,1777080900000,2026-04-25 01:35:00,2026-04-25 10:35:00,636.77,636.88,636.6,636.8,153.093,97479.96923
BNBUSDT,1777081200000,2026-04-25 01:40:00,2026-04-25 10:40:00,636.8,636.97,636.8,636.97,68.213,43447.12941
BNBUSDT,1777081500000,2026-04-25 01:45:00,2026-04-25 10:45:00,636.96,637.28,636.96,637.27,137.914,87864.55659
BNBUSDT,1777081800000,2026-04-25 01:50:00,2026-04-25 10:50:00,637.28,637.34,636.85,636.94,166.198,105885.15484
BNBUSDT,1777082100000,2026-04-25 01:55:00,2026-04-25 10:55:00,636.95,637.04,636.9,637.04,100.064,63737.00261
BNBUSDT,1777082400000,2026-04-25 02:00:00,2026-04-25 11:00:00,637.04,637.09,636.67,636.68,153.747,97927.77384
BNBUSDT,1777082700000,2026-04-25 02:05:00,2026-04-25 11:05:00,636.67,637.11,636.56,637.11,112.997,71956.15824
BNBUSDT,1777083000000,2026-04-25 02:10:00,2026-04-25 11:10:00,637.11,637.62,637.01,637.24,167.165,106553.02963
BNBUSDT,1777083300000,2026-04-25 02:15:00,2026-04-25 11:15:00,637.24,637.24,637.14,637.14,61.128,38951.48426
BNBUSDT,1777083600000,2026-04-25 02:20:00,2026-04-25 11:20:00,637.15,637.2,636.85,637.07,140.308,89387.23178
BNBUSDT,1777083900000,2026-04-25 02:25:00,2026-04-25 11:25:00,637.07,637.45,637,637.44,68.246,43491.9886
BNBUSDT,1777084200000,2026-04-25 02:30:00,2026-04-25 11:30:00,637.45,637.58,637.44,637.54,99.824,63641.59742
BNBUSDT,1777084500000,2026-04-25 02:35:00,2026-04-25 11:35:00,637.55,637.55,637.45,637.45,56.082,35750.22304
BNBUSDT,1777084800000,2026-04-25 02:40:00,2026-04-25 11:40:00,637.46,637.46,637.15,637.29,123.971,79006.67166
BNBUSDT,1777085100000,2026-04-25 02:45:00,2026-04-25 11:45:00,637.29,637.64,637.22,637.44,479.418,305601.12576
BNBUSDT,1777085400000,2026-04-25 02:50:00,2026-04-25 11:50:00,637.44,637.45,637.37,637.37,77.541,49423.82805
BNBUSDT,1777085700000,2026-04-25 02:55:00,2026-04-25 11:55:00,637.38,637.69,637.1,637.68,760.762,484885.16114
BNBUSDT,1777086000000,2026-04-25 03:00:00,2026-04-25 12:00:00,637.69,637.69,637.09,637.1,225.903,143963.38053
BNBUSDT,1777086300000,2026-04-25 03:05:00,2026-04-25 12:05:00,637.1,637.53,636.99,637,195.87,124807.60778
BNBUSDT,1777086600000,2026-04-25 03:10:00,2026-04-25 12:10:00,636.99,637.2,636.91,637.2,113.186,72103.13038
BNBUSDT,1777086900000,2026-04-25 03:15:00,2026-04-25 12:15:00,637.2,637.23,637.02,637.1,171.631,109354.01025
BNBUSDT,1777087200000,2026-04-25 03:20:00,2026-04-25 12:20:00,637.11,637.33,637.06,637.15,435.957,277768.05219
BNBUSDT,1777087500000,2026-04-25 03:25:00,2026-04-25 12:25:00,637.15,637.17,636.98,637.06,403.37,256989.19222
BNBUSDT,1777087800000,2026-04-25 03:30:00,2026-04-25 12:30:00,637.07,637.27,637.06,637.25,158.405,100937.74652
BNBUSDT,1777088100000,2026-04-25 03:35:00,2026-04-25 12:35:00,637.25,637.52,637.24,637.36,153.531,97847.16179
BNBUSDT,1777088400000,2026-04-25 03:40:00,2026-04-25 12:40:00,637.37,637.47,637.29,637.33,151.607,96630.48934
BNBUSDT,1777088700000,2026-04-25 03:45:00,2026-04-25 12:45:00,637.33,637.53,637.32,637.5,58.986,37600.83099
BNBUSDT,1777089000000,2026-04-25 03:50:00,2026-04-25 12:50:00,637.5,637.5,637.19,637.24,84.51,53860.06413
BNBUSDT,1777089300000,2026-04-25 03:55:00,2026-04-25 12:55:00,637.25,637.46,637.24,637.45,259.355,165304.32631
BNBUSDT,1777089600000,2026-04-25 04:00:00,2026-04-25 13:00:00,637.45,637.64,637.45,637.64,94.46,60219.48044
BNBUSDT,1777089900000,2026-04-25 04:05:00,2026-04-25 13:05:00,637.64,637.81,637.52,637.81,115.905,73901.44783
BNBUSDT,1777090200000,2026-04-25 04:10:00,2026-04-25 13:10:00,637.82,637.89,637.75,637.77,138.307,88211.95145
BNBUSDT,1777090500000,2026-04-25 04:15:00,2026-04-25 13:15:00,637.76,637.76,637.36,637.4,38.567,24587.17689
BNBUSDT,1777090800000,2026-04-25 04:20:00,2026-04-25 13:20:00,637.4,637.41,637.28,637.33,46.231,29465.94459
BNBUSDT,1777091100000,2026-04-25 04:25:00,2026-04-25 13:25:00,637.33,637.38,637.15,637.16,64.003,40786.30192
BNBUSDT,1777091400000,2026-04-25 04:30:00,2026-04-25 13:30:00,637.16,637.16,637.09,637.09,34.231,21810.42042
BNBUSDT,1777091700000,2026-04-25 04:35:00,2026-04-25 13:35:00,637.1,637.16,636.92,637.15,40.968,26096.02283
BNBUSDT,1777092000000,2026-04-25 04:40:00,2026-04-25 13:40:00,637.16,637.36,637.15,637.2,149.168,95053.85571
BNBUSDT,1777092300000,2026-04-25 04:45:00,2026-04-25 13:45:00,637.21,637.53,637.2,637.52,119.148,75934.34834
BNBUSDT,1777092600000,2026-04-25 04:50:00,2026-04-25 13:50:00,637.52,637.79,637.52,637.78,59.675,38047.31453
BNBUSDT,1777092900000,2026-04-25 04:55:00,2026-04-25 13:55:00,637.78,637.85,637.71,637.73,151.136,96387.62391
BNBUSDT,1777093200000,2026-04-25 05:00:00,2026-04-25 14:00:00,637.72,637.72,636.92,636.93,149.463,95246.18705
BNBUSDT,1777093500000,2026-04-25 05:05:00,2026-04-25 14:05:00,636.93,637.26,636.92,637.26,51.457,32781.40698
BNBUSDT,1777093800000,2026-04-25 05:10:00,2026-04-25 14:10:00,637.26,637.26,636.99,637.14,80.656,51386.79631
BNBUSDT,1777094100000,2026-04-25 05:15:00,2026-04-25 14:15:00,637.14,637.14,636.81,636.82,151.739,96648.30972
BNBUSDT,1777094400000,2026-04-25 05:20:00,2026-04-25 14:20:00,636.82,636.84,636.69,636.7,96.564,61492.16551
BNBUSDT,1777094700000,2026-04-25 05:25:00,2026-04-25 14:25:00,636.7,636.7,636.41,636.49,120.098,76445.67128
BNBUSDT,1777095000000,2026-04-25 05:30:00,2026-04-25 14:30:00,636.49,636.72,636.45,636.59,65.181,41494.79313
BNBUSDT,1777095300000,2026-04-25 05:35:00,2026-04-25 14:35:00,636.59,636.65,636.47,636.64,91.314,58122.30524
BNBUSDT,1777095600000,2026-04-25 05:40:00,2026-04-25 14:40:00,636.64,636.81,636.64,636.76,67.196,42788.57485
BNBUSDT,1777095900000,2026-04-25 05:45:00,2026-04-25 14:45:00,636.76,636.8,636.69,636.71,37.008,23564.82125
BNBUSDT,1777096200000,2026-04-25 05:50:00,2026-04-25 14:50:00,636.71,636.88,636.7,636.87,105.814,67382.99283
BNBUSDT,1777096500000,2026-04-25 05:55:00,2026-04-25 14:55:00,636.88,636.88,636.6,636.7,81.913,52158.39275
BNBUSDT,1777096800000,2026-04-25 06:00:00,2026-04-25 15:00:00,636.7,636.93,636.7,636.83,100.102,63752.22956
BNBUSDT,1777097100000,2026-04-25 06:05:00,2026-04-25 15:05:00,636.83,637.07,636.82,637.07,90.766,57808.30986
BNBUSDT,1777097400000,2026-04-25 06:10:00,2026-04-25 15:10:00,637.07,637.26,637.06,637.26,91.33,58190.47951
BNBUSDT,1777097700000,2026-04-25 06:15:00,2026-04-25 15:15:00,637.26,637.26,636.7,636.7,113.069,72037.75692
BNBUSDT,1777098000000,2026-04-25 06:20:00,2026-04-25 15:20:00,636.7,636.7,636.41,636.42,40.14,25552.2409
BNBUSDT,1777098300000,2026-04-25 06:25:00,2026-04-25 15:25:00,636.41,636.7,636.29,636.69,183.825,117005.19042
BNBUSDT,1777098600000,2026-04-25 06:30:00,2026-04-25 15:30:00,636.7,637.35,636.69,637.22,183.019,116577.99425
BNBUSDT,1777098900000,2026-04-25 06:35:00,2026-04-25 15:35:00,637.21,637.54,637.14,637.51,227.575,145035.78485
BNBUSDT,1777099200000,2026-04-25 06:40:00,2026-04-25 15:40:00,637.52,637.73,637.52,637.7,105.232,67097.07484
BNBUSDT,1777099500000,2026-04-25 06:45:00,2026-04-25 15:45:00,637.69,637.8,637.69,637.79,92.439,58949.60534
BNBUSDT,1777099800000,2026-04-25 06:50:00,2026-04-25 15:50:00,637.79,638.08,637.79,637.82,205.049,130813.33207
BNBUSDT,1777100100000,2026-04-25 06:55:00,2026-04-25 15:55:00,637.82,637.82,637.45,637.45,64.352,41034.24123
BNBUSDT,1777100400000,2026-04-25 07:00:00,2026-04-25 16:00:00,637.46,637.46,637.06,637.32,236.544,150723.60123
BNBUSDT,1777100700000,2026-04-25 07:05:00,2026-04-25 16:05:00,637.32,637.42,637.12,637.12,76.116,48511.18596
BNBUSDT,1777101000000,2026-04-25 07:10:00,2026-04-25 16:10:00,637.16,637.16,636.92,636.99,85.181,54261.25358
BNBUSDT,1777101300000,2026-04-25 07:15:00,2026-04-25 16:15:00,636.98,637.22,636.82,637.22,175.361,111701.29823
BNBUSDT,1777101600000,2026-04-25 07:20:00,2026-04-25 16:20:00,637.22,637.23,637.07,637.13,141.583,90212.52124
BNBUSDT,1777101900000,2026-04-25 07:25:00,2026-04-25 16:25:00,637.14,637.46,637.14,637.45,141.875,90406.04622
BNBUSDT,1777102200000,2026-04-25 07:30:00,2026-04-25 16:30:00,637.46,637.56,637.03,637.56,145.567,92764.17055
BNBUSDT,1777102500000,2026-04-25 07:35:00,2026-04-25 16:35:00,637.56,637.61,637.28,637.51,78.95,50325.38767
BNBUSDT,1777102800000,2026-04-25 07:40:00,2026-04-25 16:40:00,637.51,637.51,637.07,637.39,321.324,204776.42314
BNBUSDT,1777103100000,2026-04-25 07:45:00,2026-04-25 16:45:00,637.39,637.39,637.17,637.39,75.662,48220.19028
BNBUSDT,1777103400000,2026-04-25 07:50:00,2026-04-25 16:50:00,637.39,637.39,637.32,637.32,55.637,35460.18852
BNBUSDT,1777103700000,2026-04-25 07:55:00,2026-04-25 16:55:00,637.33,637.51,636.7,636.7,274.604,175014.85024
BNBUSDT,1777104000000,2026-04-25 08:00:00,2026-04-25 17:00:00,636.71,637.2,636.47,637.11,214.793,136789.82269
BNBUSDT,1777104300000,2026-04-25 08:05:00,2026-04-25 17:05:00,637.11,637.51,637.11,637.5,66.525,42401.2098
BNBUSDT,1777104600000,2026-04-25 08:10:00,2026-04-25 17:10:00,637.5,637.69,637.39,637.39,94.173,60039.02219
BNBUSDT,1777104900000,2026-04-25 08:15:00,2026-04-25 17:15:00,637.39,637.49,637.24,637.47,180.327,114937.79855
BNBUSDT,1777105200000,2026-04-25 08:20:00,2026-04-25 17:20:00,637.46,637.7,637.46,637.6,81.537,51984.83791
BNBUSDT,1777105500000,2026-04-25 08:25:00,2026-04-25 17:25:00,637.61,637.95,637.6,637.91,83.655,53356.83971
BNBUSDT,1777105800000,2026-04-25 08:30:00,2026-04-25 17:30:00,637.92,638.29,637.91,638.04,528.155,336996.18958
BNBUSDT,1777106100000,2026-04-25 08:35:00,2026-04-25 17:35:00,638.04,638.49,638.03,638.31,219.703,140235.53793
BNBUSDT,1777106400000,2026-04-25 08:40:00,2026-04-25 17:40:00,638.3,638.5,638.3,638.36,309.156,197367.67387
BNBUSDT,1777106700000,2026-04-25 08:45:00,2026-04-25 17:45:00,638.37,638.4,638.1,638.11,154.516,98625.82026
BNBUSDT,1777107000000,2026-04-25 08:50:00,2026-04-25 17:50:00,638.11,638.17,638.08,638.17,366.221,233689.6665
BNBUSDT,1777107300000,2026-04-25 08:55:00,2026-04-25 17:55:00,638.16,638.17,637.82,638.07,456.696,291380.89107
BNBUSDT,1777107600000,2026-04-25 09:00:00,2026-04-25 18:00:00,638.08,638.17,637.88,637.95,575.576,367245.81279
BNBUSDT,1777107900000,2026-04-25 09:05:00,2026-04-25 18:05:00,637.94,638.13,637.87,637.87,331.079,211227.19578
BNBUSDT,1777108200000,2026-04-25 09:10:00,2026-04-25 18:10:00,637.88,637.93,637.74,637.93,159.27,101588.61989
BNBUSDT,1777108500000,2026-04-25 09:15:00,2026-04-25 18:15:00,637.92,637.92,637.59,637.6,114.867,73262.4899
BNBUSDT,1777108800000,2026-04-25 09:20:00,2026-04-25 18:20:00,637.59,637.6,637.38,637.44,129.923,82828.39289
BNBUSDT,1777109100000,2026-04-25 09:25:00,2026-04-25 18:25:00,637.44,637.47,637.16,637.17,376.343,239878.00788
BNBUSDT,1777109400000,2026-04-25 09:30:00,2026-04-25 18:30:00,637.16,637.46,637.16,637.46,244.246,155648.60768
BNBUSDT,1777109700000,2026-04-25 09:35:00,2026-04-25 18:35:00,637.45,638.34,637.45,638.14,270.164,172307.10306
BNBUSDT,1777110000000,2026-04-25 09:40:00,2026-04-25 18:40:00,638.14,638.14,637.98,638.02,199.667,127390.17487
BNBUSDT,1777110300000,2026-04-25 09:45:00,2026-04-25 18:45:00,638.01,638.02,637.79,637.8,199.173,127041.62172
BNBUSDT,1777110600000,2026-04-25 09:50:00,2026-04-25 18:50:00,637.8,637.97,637.67,637.97,182.502,116395.69707
BNBUSDT,1777110900000,2026-04-25 09:55:00,2026-04-25 18:55:00,637.97,637.97,637.64,637.65,80.669,51458.41897
BNBUSDT,1777111200000,2026-04-25 10:00:00,2026-04-25 19:00:00,637.64,637.86,637.64,637.73,56.151,35810.42133
BNBUSDT,1777111500000,2026-04-25 10:05:00,2026-04-25 19:05:00,637.73,637.74,637.57,637.57,80.775,51504.16339
BNBUSDT,1777111800000,2026-04-25 10:10:00,2026-04-25 19:10:00,637.57,637.69,637.46,637.65,273.205,174192.58731
BNBUSDT,1777112100000,2026-04-25 10:15:00,2026-04-25 19:15:00,637.65,637.74,637.54,637.55,90.128,57471.51077
BNBUSDT,1777112400000,2026-04-25 10:20:00,2026-04-25 19:20:00,637.54,638,637.53,637.93,121.343,77394.27277
BNBUSDT,1777112700000,2026-04-25 10:25:00,2026-04-25 19:25:00,637.94,638.1,637.77,637.83,104.351,66569.67674
BNBUSDT,1777113000000,2026-04-25 10:30:00,2026-04-25 19:30:00,637.84,638.17,637.83,638.16,66.68,42544.77214
BNBUSDT,1777113300000,2026-04-25 10:35:00,2026-04-25 19:35:00,638.17,638.28,638.16,638.2,88.296,56351.13454
BNBUSDT,1777113600000,2026-04-25 10:40:00,2026-04-25 19:40:00,638.2,638.28,638.13,638.14,79.714,50873.79796
BNBUSDT,1777113900000,2026-04-25 10:45:00,2026-04-25 19:45:00,638.15,638.26,638.11,638.12,60.667,38714.80163
BNBUSDT,1777114200000,2026-04-25 10:50:00,2026-04-25 19:50:00,638.12,638.3,638.11,638.25,99.952,63790.82168
BNBUSDT,1777114500000,2026-04-25 10:55:00,2026-04-25 19:55:00,638.24,638.25,637.93,637.99,60.879,38843.01901
BNBUSDT,1777114800000,2026-04-25 11:00:00,2026-04-25 20:00:00,637.99,637.99,637.65,637.71,122.133,77892.92305
BNBUSDT,1777115100000,2026-04-25 11:05:00,2026-04-25 20:05:00,637.72,637.75,637.49,637.55,123.828,78951.86538
BNBUSDT,1777115400000,2026-04-25 11:10:00,2026-04-25 20:10:00,637.55,637.55,637.29,637.29,136.845,87224.09792
BNBUSDT,1777115700000,2026-04-25 11:15:00,2026-04-25 20:15:00,637.3,637.4,637.29,637.34,111.917,71329.58624
BNBUSDT,1777116000000,2026-04-25 11:20:00,2026-04-25 20:20:00,637.33,637.34,636.62,636.75,341.909,217801.55104
BNBUSDT,1777116300000,2026-04-25 11:25:00,2026-04-25 20:25:00,636.75,636.76,636.52,636.65,206.856,131690.53835
BNBUSDT,1777116600000,2026-04-25 11:30:00,2026-04-25 20:30:00,636.65,636.74,636.3,636.31,250.904,159729.05419
BNBUSDT,1777116900000,2026-04-25 11:35:00,2026-04-25 20:35:00,636.32,636.32,635.73,635.85,206.462,131316.68497
BNBUSDT,1777117200000,2026-04-25 11:40:00,2026-04-25 20:40:00,635.85,635.85,635,635,331.597,210732.55505
BNBUSDT,1777117500000,2026-04-25 11:45:00,2026-04-25 20:45:00,635.01,635.1,634.33,634.34,579.991,368178.19331
BNBUSDT,1777117800000,2026-04-25 11:50:00,2026-04-25 20:50:00,634.34,634.67,634.21,634.26,360.315,228596.52343
BNBUSDT,1777118100000,2026-04-25 11:55:00,2026-04-25 20:55:00,634.26,634.67,634.2,634.66,214.392,136011.07417
BNBUSDT,1777118400000,2026-04-25 12:00:00,2026-04-25 21:00:00,634.66,634.67,634,634.15,443.875,281543.15813
BNBUSDT,1777118700000,2026-04-25 12:05:00,2026-04-25 21:05:00,634.14,634.69,634.14,634.68,192.593,122188.98406
BNBUSDT,1777119000000,2026-04-25 12:10:00,2026-04-25 21:10:00,634.68,634.8,634.56,634.6,146.682,93100.05855
BNBUSDT,1777119300000,2026-04-25 12:15:00,2026-04-25 21:15:00,634.61,634.93,634.61,634.64,182.554,115881.23652
BNBUSDT,1777119600000,2026-04-25 12:20:00,2026-04-25 21:20:00,634.64,635,634.64,634.99,352.632,223839.8599
BNBUSDT,1777119900000,2026-04-25 12:25:00,2026-04-25 21:25:00,634.99,635.15,634.75,634.75,122.408,77730.52329
BNBUSDT,1777120200000,2026-04-25 12:30:00,2026-04-25 21:30:00,634.75,634.86,634.19,634.8,367.868,233419.9885
BNBUSDT,1777120500000,2026-04-25 12:35:00,2026-04-25 21:35:00,634.8,634.8,634.3,634.31,181.776,115346.50318
BNBUSDT,1777120800000,2026-04-25 12:40:00,2026-04-25 21:40:00,634.31,634.31,633.9,633.91,185.903,117884.97386
BNBUSDT,1777121100000,2026-04-25 12:45:00,2026-04-25 21:45:00,633.9,634.29,633.9,633.97,109.174,69221.54512
BNBUSDT,1777121400000,2026-04-25 12:50:00,2026-04-25 21:50:00,633.96,634.15,633.96,634,100.814,63919.58585
BNBUSDT,1777121700000,2026-04-25 12:55:00,2026-04-25 21:55:00,634.01,634.01,632.85,632.93,396.635,251136.84682
BNBUSDT,1777122000000,2026-04-25 13:00:00,2026-04-25 22:00:00,632.94,633.18,632.8,632.99,313.803,198627.0089
BNBUSDT,1777122300000,2026-04-25 13:05:00,2026-04-25 22:05:00,632.99,633.39,632.98,633.39,203.564,128893.24207
BNBUSDT,1777122600000,2026-04-25 13:10:00,2026-04-25 22:10:00,633.39,633.74,633.38,633.73,169.226,107209.60472
BNBUSDT,1777122900000,2026-04-25 13:15:00,2026-04-25 22:15:00,633.73,633.73,633.16,633.27,302.835,191814.75657
BNBUSDT,1777123200000,2026-04-25 13:20:00,2026-04-25 22:20:00,633.27,633.49,633.27,633.35,287.418,182044.35781
BNBUSDT,1777123500000,2026-04-25 13:25:00,2026-04-25 22:25:00,633.35,633.5,633.1,633.37,639.023,404654.99155
BNBUSDT,1777123800000,2026-04-25 13:30:00,2026-04-25 22:30:00,633.37,633.37,633.05,633.28,882.379,558757.58308
BNBUSDT,1777124100000,2026-04-25 13:35:00,2026-04-25 22:35:00,633.28,633.84,633.27,633.79,418.621,265223.08148
BNBUSDT,1777124400000,2026-04-25 13:40:00,2026-04-25 22:40:00,633.78,633.9,633.46,633.86,123.683,78377.48959
BNBUSDT,1777124700000,2026-04-25 13:45:00,2026-04-25 22:45:00,633.86,633.9,633.68,633.79,184.419,116882.40096
BNBUSDT,1777125000000,2026-04-25 13:50:00,2026-04-25 22:50:00,633.78,633.85,633.31,633.4,239.44,151695.2896
BNBUSDT,1777125300000,2026-04-25 13:55:00,2026-04-25 22:55:00,633.39,633.4,632.73,632.74,255.608,161819.48155
BNBUSDT,1777125600000,2026-04-25 14:00:00,2026-04-25 23:00:00,632.74,632.87,632.2,632.21,502.887,318107.59322
BNBUSDT,1777125900000,2026-04-25 14:05:00,2026-04-25 23:05:00,632.2,632.31,632,632.21,202.393,127944.47777
BNBUSDT,1777126200000,2026-04-25 14:10:00,2026-04-25 23:10:00,632.2,632.25,631.23,631.78,488.398,308542.88076
BNBUSDT,1777126500000,2026-04-25 14:15:00,2026-04-25 23:15:00,631.78,632.03,631.21,631.33,297.006,187564.2415
BNBUSDT,1777126800000,2026-04-25 14:20:00,2026-04-25 23:20:00,631.33,631.82,631.32,631.5,223.353,141070.4532
BNBUSDT,1777127100000,2026-04-25 14:25:00,2026-04-25 23:25:00,631.5,632.28,631.5,632.1,271.467,171574.68005
BNBUSDT,1777127400000,2026-04-25 14:30:00,2026-04-25 23:30:00,632.11,632.78,632.1,632.43,416.268,263321.66656
BNBUSDT,1777127700000,2026-04-25 14:35:00,2026-04-25 23:35:00,632.42,632.5,632.16,632.3,250.538,158422.26505
BNBUSDT,1777128000000,2026-04-25 14:40:00,2026-04-25 23:40:00,632.3,632.9,632.01,632.1,1137.583,719460.08171
BNBUSDT,1777128300000,2026-04-25 14:45:00,2026-04-25 23:45:00,632.1,632.27,631.7,631.81,312.926,197776.51703
BNBUSDT,1777128600000,2026-04-25 14:50:00,2026-04-25 23:50:00,631.8,631.83,631.27,631.27,544.545,343940.45171
BNBUSDT,1777128900000,2026-04-25 14:55:00,2026-04-25 23:55:00,631.27,631.28,630.92,630.92,766.975,484005.59626
BNBUSDT,1777129200000,2026-04-25 15:00:00,2026-04-26 00:00:00,630.92,630.92,629.11,629.9,2181.03,1373878.51551
BNBUSDT,1777129500000,2026-04-25 15:05:00,2026-04-26 00:05:00,629.9,630.61,629.89,630.47,312.415,196902.82382
BNBUSDT,1777129800000,2026-04-25 15:10:00,2026-04-26 00:10:00,630.47,630.95,630.18,630.75,341.344,215245.74441
BNBUSDT,1777130100000,2026-04-25 15:15:00,2026-04-26 00:15:00,630.74,631.19,630.66,631.01,450.935,284547.36898
BNBUSDT,1777130400000,2026-04-25 15:20:00,2026-04-26 00:20:00,631,631.01,630.74,630.93,181.623,114587.0614
BNBUSDT,1777130700000,2026-04-25 15:25:00,2026-04-26 00:25:00,630.92,631.3,630.92,631.13,310.051,195673.6106
BNBUSDT,1777131000000,2026-04-25 15:30:00,2026-04-26 00:30:00,631.13,631.58,631.12,631.58,180.83,114179.35371
BNBUSDT,1777131300000,2026-04-25 15:35:00,2026-04-26 00:35:00,631.57,631.67,631.37,631.48,135.149,85346.55504
BNBUSDT,1777131600000,2026-04-25 15:40:00,2026-04-26 00:40:00,631.48,631.61,631.43,631.44,145.181,91685.13586
BNBUSDT,1777131900000,2026-04-25 15:45:00,2026-04-26 00:45:00,631.44,631.44,630.24,630.24,288.337,181897.57164
BNBUSDT,1777132200000,2026-04-25 15:50:00,2026-04-26 00:50:00,630.25,630.4,629.15,629.56,2549.753,1606174.20673
BNBUSDT,1777132500000,2026-04-25 15:55:00,2026-04-26 00:55:00,629.55,630.1,629.55,629.91,429.028,270190.8578
BNBUSDT,1777132800000,2026-04-25 16:00:00,2026-04-26 01:00:00,629.9,630,629.29,629.78,533.801,336090.1775
BNBUSDT,1777133100000,2026-04-25 16:05:00,2026-04-26 01:05:00,629.78,630.06,629.46,629.74,177.832,111991.08199
BNBUSDT,1777133400000,2026-04-25 16:10:00,2026-04-26 01:10:00,629.74,629.94,629.36,629.93,324.823,204501.58742
BNBUSDT,1777133700000,2026-04-25 16:15:00,2026-04-26 01:15:00,629.93,630.35,629.93,630.15,140.844,88754.95037
BNBUSDT,1777134000000,2026-04-25 16:20:00,2026-04-26 01:20:00,630.15,630.41,629.93,630.13,196.258,123670.6187
BNBUSDT,1777134300000,2026-04-25 16:25:00,2026-04-26 01:25:00,630.14,630.14,629.42,629.5,221.425,139441.63453
BNBUSDT,1777134600000,2026-04-25 16:30:00,2026-04-26 01:30:00,629.51,629.97,629,629.19,516.137,324928.27001
BNBUSDT,1777134900000,2026-04-25 16:35:00,2026-04-26 01:35:00,629.19,629.64,627.36,628.23,1103.799,693426.94906
BNBUSDT,1777135200000,2026-04-25 16:40:00,2026-04-26 01:40:00,628.23,628.98,628.22,628.85,214.446,134791.48708
BNBUSDT,1777135500000,2026-04-25 16:45:00,2026-04-26 01:45:00,628.86,629.17,628.79,629.17,160.117,100712.29699
BNBUSDT,1777135800000,2026-04-25 16:50:00,2026-04-26 01:50:00,629.17,629.45,629.04,629.17,143.711,90428.67262
BNBUSDT,1777136100000,2026-04-25 16:55:00,2026-04-26 01:55:00,629.16,629.52,629.1,629.52,88.485,55688.08371
BNBUSDT,1777136400000,2026-04-25 17:00:00,2026-04-26 02:00:00,629.52,629.65,628.83,629.08,316.816,199310.04152
BNBUSDT,1777136700000,2026-04-25 17:05:00,2026-04-26 02:05:00,629.08,629.51,629.08,629.51,135.958,85539.60764
BNBUSDT,1777137000000,2026-04-25 17:10:00,2026-04-26 02:10:00,629.52,629.6,629.36,629.43,338.698,213190.88696
BNBUSDT,1777137300000,2026-04-25 17:15:00,2026-04-26 02:15:00,629.43,629.49,629.17,629.34,169.361,106587.86075
BNBUSDT,1777137600000,2026-04-25 17:20:00,2026-04-26 02:20:00,629.34,629.97,629.34,629.83,158.075,99537.42412
BNBUSDT,1777137900000,2026-04-25 17:25:00,2026-04-26 02:25:00,629.84,629.99,628,628.03,495.931,311853.67012
BNBUSDT,1777138200000,2026-04-25 17:30:00,2026-04-26 02:30:00,628.03,628.11,627.32,627.73,507.068,318324.77384
BNBUSDT,1777138500000,2026-04-25 17:35:00,2026-04-26 02:35:00,627.73,628.33,627.73,628.33,177.578,111513.95165
BNBUSDT,1777138800000,2026-04-25 17:40:00,2026-04-26 02:40:00,628.33,628.42,628.16,628.16,137.773,86552.80459
BNBUSDT,1777139100000,2026-04-25 17:45:00,2026-04-26 02:45:00,628.15,628.15,627.57,627.57,133.668,83939.54906
BNBUSDT,1777139400000,2026-04-25 17:50:00,2026-04-26 02:50:00,627.58,627.62,627.39,627.5,105.127,65971.10622
BNBUSDT,1777139700000,2026-04-25 17:55:00,2026-04-26 02:55:00,627.5,627.69,627.4,627.41,121.794,76436.13324
BNBUSDT,1777140000000,2026-04-25 18:00:00,2026-04-26 03:00:00,627.41,628.08,627.15,628.01,247.807,155534.62803
BNBUSDT,1777140300000,2026-04-25 18:05:00,2026-04-26 03:05:00,628.01,628.01,627.65,627.99,118.969,74689.9088
BNBUSDT,1777140600000,2026-04-25 18:10:00,2026-04-26 03:10:00,627.98,628.18,627.85,628.1,198.47,124628.96492
BNBUSDT,1777140900000,2026-04-25 18:15:00,2026-04-26 03:15:00,628.09,628.1,627.92,628.06,134.437,84424.67204
BNBUSDT,1777141200000,2026-04-25 18:20:00,2026-04-26 03:20:00,628.06,628.42,627.96,628.13,236.127,148332.62943
BNBUSDT,1777141500000,2026-04-25 18:25:00,2026-04-26 03:25:00,628.13,628.35,628,628.35,114.229,71750.95137
BNBUSDT,1777141800000,2026-04-25 18:30:00,2026-04-26 03:30:00,628.35,628.9,628.35,628.9,128.988,81091.82622
BNBUSDT,1777142100000,2026-04-25 18:35:00,2026-04-26 03:35:00,628.9,628.9,628.66,628.8,100.506,63195.04516
BNBUSDT,1777142400000,2026-04-25 18:40:00,2026-04-26 03:40:00,628.81,628.89,628.72,628.73,53.849,33862.39333
BNBUSDT,1777142700000,2026-04-25 18:45:00,2026-04-26 03:45:00,628.72,629.13,628.66,628.9,134.106,84347.74226
BNBUSDT,1777143000000,2026-04-25 18:50:00,2026-04-26 03:50:00,628.89,628.98,628.81,628.83,97.171,61111.16208
BNBUSDT,1777143300000,2026-04-25 18:55:00,2026-04-26 03:55:00,628.84,629.08,628.71,628.71,100.405,63148.20036
BNBUSDT,1777143600000,2026-04-25 19:00:00,2026-04-26 04:00:00,628.71,628.78,628.51,628.77,86.39,54306.59624
BNBUSDT,1777143900000,2026-04-25 19:05:00,2026-04-26 04:05:00,628.78,628.84,628.67,628.84,115.282,72480.57016
BNBUSDT,1777144200000,2026-04-25 19:10:00,2026-04-26 04:10:00,628.83,629.33,628.82,629.06,194.361,122251.26939
BNBUSDT,1777144500000,2026-04-25 19:15:00,2026-04-26 04:15:00,629.07,629.4,629.06,629.4,94.877,59698.86839
BNBUSDT,1777144800000,2026-04-25 19:20:00,2026-04-26 04:20:00,629.4,629.4,628.78,628.89,92.9,58431.97783
BNBUSDT,1777145100000,2026-04-25 19:25:00,2026-04-26 04:25:00,628.89,628.89,628.37,628.37,60.546,38064.85677
BNBUSDT,1777145400000,2026-04-25 19:30:00,2026-04-26 04:30:00,628.38,628.6,628.26,628.36,96.759,60808.92231
BNBUSDT,1777145700000,2026-04-25 19:35:00,2026-04-26 04:35:00,628.37,628.46,628.3,628.43,97.617,61342.17168
BNBUSDT,1777146000000,2026-04-25 19:40:00,2026-04-26 04:40:00,628.43,628.55,628.17,628.17,72.101,45307.23015
BNBUSDT,1777146300000,2026-04-25 19:45:00,2026-04-26 04:45:00,628.18,628.48,628.17,628.45,74.91,47065.40031
BNBUSDT,1777146600000,2026-04-25 19:50:00,2026-04-26 04:50:00,628.46,628.83,628.45,628.82,27.013,16979.98732
BNBUSDT,1777146900000,2026-04-25 19:55:00,2026-04-26 04:55:00,628.82,629.02,628.66,628.66,74.205,46664.46174
BNBUSDT,1777147200000,2026-04-25 20:00:00,2026-04-26 05:00:00,628.67,628.85,628.44,628.52,89.588,56324.78751
BNBUSDT,1777147500000,2026-04-25 20:05:00,2026-04-26 05:05:00,628.53,628.68,628.34,628.68,62.173,39076.21983
BNBUSDT,1777147800000,2026-04-25 20:10:00,2026-04-26 05:10:00,628.68,629.02,628.68,629.02,55.569,34944.27529
BNBUSDT,1777148100000,2026-04-25 20:15:00,2026-04-26 05:15:00,629.02,629.1,628.78,629.01,56.521,35549.62619
BNBUSDT,1777148400000,2026-04-25 20:20:00,2026-04-26 05:20:00,629,629.25,629,629.09,82.665,52002.0179
BNBUSDT,1777148700000,2026-04-25 20:25:00,2026-04-26 05:25:00,629.1,629.15,628.91,629.05,154.061,96915.03476
BNBUSDT,1777149000000,2026-04-25 20:30:00,2026-04-26 05:30:00,629.05,629.13,629.05,629.11,53.586,33711.68208
BNBUSDT,1777149300000,2026-04-25 20:35:00,2026-04-26 05:35:00,629.1,629.28,629.01,629.14,74.895,47119.10112
BNBUSDT,1777149600000,2026-04-25 20:40:00,2026-04-26 05:40:00,629.15,629.21,629.14,629.21,60.718,38202.77405
BNBUSDT,1777149900000,2026-04-25 20:45:00,2026-04-26 05:45:00,629.2,629.25,629.14,629.14,54.784,34471.47029
BNBUSDT,1777150200000,2026-04-25 20:50:00,2026-04-26 05:50:00,629.13,629.2,629.13,629.2,25.394,15976.55866
BNBUSDT,1777150500000,2026-04-25 20:55:00,2026-04-26 05:55:00,629.2,629.41,629.19,629.33,46.736,29411.0878
BNBUSDT,1777150800000,2026-04-25 21:00:00,2026-04-26 06:00:00,629.32,629.75,629.32,629.57,140.636,88535.21475
BNBUSDT,1777151100000,2026-04-25 21:05:00,2026-04-26 06:05:00,629.56,629.57,629.37,629.38,115.109,72451.36391
BNBUSDT,1777151400000,2026-04-25 21:10:00,2026-04-26 06:10:00,629.39,629.41,629,629.22,347.721,218812.10555
BNBUSDT,1777151700000,2026-04-25 21:15:00,2026-04-26 06:15:00,629.21,629.26,629.08,629.09,32.852,20670.71174
BNBUSDT,1777152000000,2026-04-25 21:20:00,2026-04-26 06:20:00,629.09,629.3,629.09,629.29,54.502,34291.26998
BNBUSDT,1777152300000,2026-04-25 21:25:00,2026-04-26 06:25:00,629.29,629.29,629.1,629.24,101.97,64159.36619
BNBUSDT,1777152600000,2026-04-25 21:30:00,2026-04-26 06:30:00,629.24,629.24,628.92,628.94,108.138,68027.19417
BNBUSDT,1777152900000,2026-04-25 21:35:00,2026-04-26 06:35:00,628.93,629.45,628.93,629.39,331.289,208460.82683
BNBUSDT,1777153200000,2026-04-25 21:40:00,2026-04-26 06:40:00,629.39,629.45,629.1,629.32,238.18,149865.34787
BNBUSDT,1777153500000,2026-04-25 21:45:00,2026-04-26 06:45:00,629.31,629.38,629.24,629.38,62.633,39413.74281
BNBUSDT,1777153800000,2026-04-25 21:50:00,2026-04-26 06:50:00,629.38,629.39,629.37,629.39,39.192,24666.87225
BNBUSDT,1777154100000,2026-04-25 21:55:00,2026-04-26 06:55:00,629.39,629.5,629.07,629.4,132.771,83551.23544
BNBUSDT,1777154400000,2026-04-25 22:00:00,2026-04-26 07:00:00,629.41,629.44,629.01,629.44,115.6,72743.93372
BNBUSDT,1777154700000,2026-04-25 22:05:00,2026-04-26 07:05:00,629.44,629.59,629.16,629.4,93.185,58654.80925
BNBUSDT,1777155000000,2026-04-25 22:10:00,2026-04-26 07:10:00,629.41,629.41,629.16,629.27,31.364,19737.49803
BNBUSDT,1777155300000,2026-04-25 22:15:00,2026-04-26 07:15:00,629.27,629.33,629.18,629.25,118.791,74752.25135
BNBUSDT,1777155600000,2026-04-25 22:20:00,2026-04-26 07:20:00,629.25,629.52,629.24,629.52,32.822,20658.2497
BNBUSDT,1777155900000,2026-04-25 22:25:00,2026-04-26 07:25:00,629.52,629.85,629.51,629.81,124.667,78502.98769
BNBUSDT,1777156200000,2026-04-25 22:30:00,2026-04-26 07:30:00,629.82,630.43,629.82,630.2,178.833,112687.931
BNBUSDT,1777156500000,2026-04-25 22:35:00,2026-04-26 07:35:00,630.19,630.2,629.88,629.88,64.344,40533.58808
BNBUSDT,1777156800000,2026-04-25 22:40:00,2026-04-26 07:40:00,629.89,629.9,629.61,629.84,116.26,73217.74357
BNBUSDT,1777157100000,2026-04-25 22:45:00,2026-04-26 07:45:00,629.84,629.84,629.61,629.62,47.653,30009.13906
BNBUSDT,1777157400000,2026-04-25 22:50:00,2026-04-26 07:50:00,629.61,629.62,629.44,629.51,58.41,36770.8115
BNBUSDT,1777157700000,2026-04-25 22:55:00,2026-04-26 07:55:00,629.52,629.62,629.52,629.57,58.702,36957.13608
BNBUSDT,1777158000000,2026-04-25 23:00:00,2026-04-26 08:00:00,629.57,629.62,629.16,629.51,131.181,82566.59781
BNBUSDT,1777158300000,2026-04-25 23:05:00,2026-04-26 08:05:00,629.51,629.67,629.46,629.62,119.044,74938.31969
BNBUSDT,1777158600000,2026-04-25 23:10:00,2026-04-26 08:10:00,629.61,629.61,629.45,629.48,129.032,81227.63596
BNBUSDT,1777158900000,2026-04-25 23:15:00,2026-04-26 08:15:00,629.47,629.51,629.2,629.37,111.523,70180.32083
BNBUSDT,1777159200000,2026-04-25 23:20:00,2026-04-26 08:20:00,629.38,629.39,628.85,629.25,672.883,423280.94515
BNBUSDT,1777159500000,2026-04-25 23:25:00,2026-04-26 08:25:00,629.25,629.25,628.82,628.84,49.111,30889.7062
BNBUSDT,1777159800000,2026-04-25 23:30:00,2026-04-26 08:30:00,628.84,629.07,628.61,628.98,218.945,137685.31554
BNBUSDT,1777160100000,2026-04-25 23:35:00,2026-04-26 08:35:00,628.97,629.37,628.97,629.2,86.713,54565.7986
BNBUSDT,1777160400000,2026-04-25 23:40:00,2026-04-26 08:40:00,629.2,629.34,628.68,628.69,323.673,203631.18351
BNBUSDT,1777160700000,2026-04-25 23:45:00,2026-04-26 08:45:00,628.69,628.75,628.68,628.75,43.43,27305.4448
BNBUSDT,1777161000000,2026-04-25 23:50:00,2026-04-26 08:50:00,628.75,628.75,628.57,628.58,111.726,70237.55843
BNBUSDT,1777161300000,2026-04-25 23:55:00,2026-04-26 08:55:00,628.58,628.58,628.4,628.53,128.04,80471.38187
BNBUSDT,1777161600000,2026-04-26 00:00:00,2026-04-26 09:00:00,628.52,628.89,628.47,628.55,169.115,106313.10793
BNBUSDT,1777161900000,2026-04-26 00:05:00,2026-04-26 09:05:00,628.56,628.59,627.76,628.04,593.041,372469.04633
BNBUSDT,1777162200000,2026-04-26 00:10:00,2026-04-26 09:10:00,628.04,628.04,627.79,628.03,72.656,45624.20095
BNBUSDT,1777162500000,2026-04-26 00:15:00,2026-04-26 09:15:00,628.04,628.09,627.79,628.01,91.997,57772.57114
BNBUSDT,1777162800000,2026-04-26 00:20:00,2026-04-26 09:20:00,628.01,628.15,627.58,627.74,248.737,156166.96937
BNBUSDT,1777163100000,2026-04-26 00:25:00,2026-04-26 09:25:00,627.74,627.79,627.5,627.79,78.65,49360.65449
BNBUSDT,1777163400000,2026-04-26 00:30:00,2026-04-26 09:30:00,627.78,628.33,627.65,628.33,54.972,34519.63413
BNBUSDT,1777163700000,2026-04-26 00:35:00,2026-04-26 09:35:00,628.33,628.5,628.33,628.5,43.02,27035.19401
BNBUSDT,1777164000000,2026-04-26 00:40:00,2026-04-26 09:40:00,628.5,629.1,628.5,629.1,110.425,69436.40334
BNBUSDT,1777164300000,2026-04-26 00:45:00,2026-04-26 09:45:00,629.1,629.34,628.87,628.88,797.137,501484.47287
BNBUSDT,1777164600000,2026-04-26 00:50:00,2026-04-26 09:50:00,628.89,629.33,628.89,629.24,77.232,48591.16109
BNBUSDT,1777164900000,2026-04-26 00:55:00,2026-04-26 09:55:00,629.25,629.25,628.78,628.81,150.522,94672.99091
BNBUSDT,1777165200000,2026-04-26 01:00:00,2026-04-26 10:00:00,628.82,628.92,628.52,628.58,84.618,53197.40333
BNBUSDT,1777165500000,2026-04-26 01:05:00,2026-04-26 10:05:00,628.58,628.59,628.45,628.48,84.819,53309.23622
BNBUSDT,1777165800000,2026-04-26 01:10:00,2026-04-26 10:10:00,628.48,628.58,628.24,628.57,211.267,132759.7213
BNBUSDT,1777166100000,2026-04-26 01:15:00,2026-04-26 10:15:00,628.57,629.06,628.56,628.77,65.746,41347.7113
BNBUSDT,1777166400000,2026-04-26 01:20:00,2026-04-26 10:20:00,628.78,629.04,628.77,628.99,72.256,45442.45494
BNBUSDT,1777166700000,2026-04-26 01:25:00,2026-04-26 10:25:00,628.99,629.3,628.93,629.3,288.086,181239.92931
BNBUSDT,1777167000000,2026-04-26 01:30:00,2026-04-26 10:30:00,629.3,629.73,629.18,629.73,200.992,126503.7481
BNBUSDT,1777167300000,2026-04-26 01:35:00,2026-04-26 10:35:00,629.73,630.12,629.72,630.03,202.116,127327.86957
BNBUSDT,1777167600000,2026-04-26 01:40:00,2026-04-26 10:40:00,630.04,630.21,629.75,629.93,733.13,461858.39402
BNBUSDT,1777167900000,2026-04-26 01:45:00,2026-04-26 10:45:00,629.92,629.93,629.46,629.86,184.386,116119.57103
BNBUSDT,1777168200000,2026-04-26 01:50:00,2026-04-26 10:50:00,629.87,630.35,629.87,630.34,84.876,53487.81554
BNBUSDT,1777168500000,2026-04-26 01:55:00,2026-04-26 10:55:00,630.34,630.34,629.59,629.77,111.258,70077.44338
BNBUSDT,1777168800000,2026-04-26 02:00:00,2026-04-26 11:00:00,629.77,630.11,629.22,629.63,606.752,382054.99112
BNBUSDT,1777169100000,2026-04-26 02:05:00,2026-04-26 11:05:00,629.63,629.78,629.27,629.5,41.676,26237.94784
BNBUSDT,1777169400000,2026-04-26 02:10:00,2026-04-26 11:10:00,629.5,629.8,629.41,629.8,95.454,60105.2304
BNBUSDT,1777169700000,2026-04-26 02:15:00,2026-04-26 11:15:00,629.8,629.96,629.43,629.51,56.031,35286.13885
BNBUSDT,1777170000000,2026-04-26 02:20:00,2026-04-26 11:20:00,629.51,629.8,629.44,629.8,85.144,53611.69413
BNBUSDT,1777170300000,2026-04-26 02:25:00,2026-04-26 11:25:00,629.8,629.8,629.33,629.43,55.255,34784.70235
BNBUSDT,1777170600000,2026-04-26 02:30:00,2026-04-26 11:30:00,629.43,629.83,629.42,629.69,55.642,35036.01618
BNBUSDT,1777170900000,2026-04-26 02:35:00,2026-04-26 11:35:00,629.69,629.69,629.53,629.6,43.141,27161.53784
BNBUSDT,1777171200000,2026-04-26 02:40:00,2026-04-26 11:40:00,629.6,629.6,629.34,629.34,62.469,39320.99946
BNBUSDT,1777171500000,2026-04-26 02:45:00,2026-04-26 11:45:00,629.34,629.34,629.18,629.21,80.705,50783.58306
BNBUSDT,1777171800000,2026-04-26 02:50:00,2026-04-26 11:50:00,629.21,629.37,629.2,629.37,54.641,34383.40297
BNBUSDT,1777172100000,2026-04-26 02:55:00,2026-04-26 11:55:00,629.36,629.95,629.26,629.94,92.447,58186.30111
BNBUSDT,1777172400000,2026-04-26 03:00:00,2026-04-26 12:00:00,629.95,629.99,629.51,629.58,185.5,116819.90189
BNBUSDT,1777172700000,2026-04-26 03:05:00,2026-04-26 12:05:00,629.57,629.73,629.55,629.73,72.949,45928.45295
BNBUSDT,1777173000000,2026-04-26 03:10:00,2026-04-26 12:10:00,629.73,629.99,629.69,629.77,139.721,88001.07689
BNBUSDT,1777173300000,2026-04-26 03:15:00,2026-04-26 12:15:00,629.78,629.9,629.5,629.51,75.566,47584.21117
BNBUSDT,1777173600000,2026-04-26 03:20:00,2026-04-26 12:20:00,629.51,629.51,629.31,629.37,68.958,43405.01075
BNBUSDT,1777173900000,2026-04-26 03:25:00,2026-04-26 12:25:00,629.38,629.44,629,629.01,109.164,68696.58906
BNBUSDT,1777174200000,2026-04-26 03:30:00,2026-04-26 12:30:00,629,629.01,628.08,628.08,122.167,76783.2623
BNBUSDT,1777174500000,2026-04-26 03:35:00,2026-04-26 12:35:00,628.09,628.15,627,627.42,484.579,304148.78563
BNBUSDT,1777174800000,2026-04-26 03:40:00,2026-04-26 12:40:00,627.42,627.78,627.42,627.72,83.513,52415.04629
BNBUSDT,1777175100000,2026-04-26 03:45:00,2026-04-26 12:45:00,627.71,628.2,627.71,628.12,238.939,150032.34769
BNBUSDT,1777175400000,2026-04-26 03:50:00,2026-04-26 12:50:00,628.13,628.53,628.13,628.49,96.715,60767.18569
BNBUSDT,1777175700000,2026-04-26 03:55:00,2026-04-26 12:55:00,628.5,628.81,628.49,628.63,95.762,60206.48353
BNBUSDT,1777176000000,2026-04-26 04:00:00,2026-04-26 13:00:00,628.63,629.01,628.6,628.75,134.007,84267.64299
BNBUSDT,1777176300000,2026-04-26 04:05:00,2026-04-26 13:05:00,628.75,629,628.72,628.9,103.699,65211.58859
BNBUSDT,1777176600000,2026-04-26 04:10:00,2026-04-26 13:10:00,628.9,629.09,628.74,628.74,58.574,36840.41439
BNBUSDT,1777176900000,2026-04-26 04:15:00,2026-04-26 13:15:00,628.74,628.97,628.74,628.91,86.7,54524.15692
BNBUSDT,1777177200000,2026-04-26 04:20:00,2026-04-26 13:20:00,628.92,628.92,628.76,628.83,288.877,181672.97362
BNBUSDT,1777177500000,2026-04-26 04:25:00,2026-04-26 13:25:00,628.84,628.84,628.44,628.51,93.117,58531.85674
BNBUSDT,1777177800000,2026-04-26 04:30:00,2026-04-26 13:30:00,628.5,628.51,628.27,628.44,216.258,135877.85448
BNBUSDT,1777178100000,2026-04-26 04:35:00,2026-04-26 13:35:00,628.43,628.92,628.43,628.82,59.854,37632.94857
BNBUSDT,1777178400000,2026-04-26 04:40:00,2026-04-26 13:40:00,628.81,629.71,628.81,629.45,390.059,245379.21042
BNBUSDT,1777178700000,2026-04-26 04:45:00,2026-04-26 13:45:00,629.45,630.72,629.38,630.27,220.055,138630.37142
BNBUSDT,1777179000000,2026-04-26 04:50:00,2026-04-26 13:50:00,630.27,630.7,630.09,630.28,181.168,114190.48118
BNBUSDT,1777179300000,2026-04-26 04:55:00,2026-04-26 13:55:00,630.28,630.41,630.09,630.09,133.55,84174.63539
BNBUSDT,1777179600000,2026-04-26 05:00:00,2026-04-26 14:00:00,630.09,630.37,630.01,630.37,128.922,81236.01394
BNBUSDT,1777179900000,2026-04-26 05:05:00,2026-04-26 14:05:00,630.36,630.57,630.13,630.57,367.575,231679.82033
BNBUSDT,1777180200000,2026-04-26 05:10:00,2026-04-26 14:10:00,630.57,631.88,630.24,631.86,547.807,345849.34789
BNBUSDT,1777180500000,2026-04-26 05:15:00,2026-04-26 14:15:00,631.85,632.65,631.68,632.48,615.044,388823.04427
BNBUSDT,1777180800000,2026-04-26 05:20:00,2026-04-26 14:20:00,632.47,632.47,631.77,631.88,204.066,129007.59425
BNBUSDT,1777181100000,2026-04-26 05:25:00,2026-04-26 14:25:00,631.89,632.79,631.73,632.33,187.901,118814.06959
BNBUSDT,1777181400000,2026-04-26 05:30:00,2026-04-26 14:30:00,632.34,632.51,632,632.28,81.107,51274.24698
BNBUSDT,1777181700000,2026-04-26 05:35:00,2026-04-26 14:35:00,632.28,632.28,631.99,632.22,251.701,159098.74439
BNBUSDT,1777182000000,2026-04-26 05:40:00,2026-04-26 14:40:00,632.23,632.31,631.99,632.11,245.895,155442.76954
BNBUSDT,1777182300000,2026-04-26 05:45:00,2026-04-26 14:45:00,632.11,632.26,631.68,632.23,172.52,109022.785
BNBUSDT,1777182600000,2026-04-26 05:50:00,2026-04-26 14:50:00,632.23,632.23,631.66,631.85,67.111,42406.49977
BNBUSDT,1777182900000,2026-04-26 05:55:00,2026-04-26 14:55:00,631.85,631.85,631.6,631.62,93.217,58884.79887
BNBUSDT,1777183200000,2026-04-26 06:00:00,2026-04-26 15:00:00,631.62,632.34,631.61,632.3,241.384,152576.82075
BNBUSDT,1777183500000,2026-04-26 06:05:00,2026-04-26 15:05:00,632.29,632.46,632.12,632.15,146.568,92679.10432
BNBUSDT,1777183800000,2026-04-26 06:10:00,2026-04-26 15:10:00,632.15,632.4,632.14,632.28,61.578,38934.15477
BNBUSDT,1777184100000,2026-04-26 06:15:00,2026-04-26 15:15:00,632.28,632.3,631.55,631.55,110.25,69674.42798
BNBUSDT,1777184400000,2026-04-26 06:20:00,2026-04-26 15:20:00,631.56,631.68,631.15,631.37,131.52,83041.44086
BNBUSDT,1777184700000,2026-04-26 06:25:00,2026-04-26 15:25:00,631.37,631.79,631.36,631.68,248.223,156765.08057
BNBUSDT,1777185000000,2026-04-26 06:30:00,2026-04-26 15:30:00,631.69,631.86,631.26,631.36,421.845,266367.06268
BNBUSDT,1777185300000,2026-04-26 06:35:00,2026-04-26 15:35:00,631.35,631.5,631.3,631.46,159.137,100477.62453
BNBUSDT,1777185600000,2026-04-26 06:40:00,2026-04-26 15:40:00,631.45,631.92,631.45,631.61,150.733,95206.15412
BNBUSDT,1777185900000,2026-04-26 06:45:00,2026-04-26 15:45:00,631.61,631.74,630.95,630.96,150.359,94947.30761
BNBUSDT,1777186200000,2026-04-26 06:50:00,2026-04-26 15:50:00,630.96,631.23,630.76,631.23,226.47,142883.49617
BNBUSDT,1777186500000,2026-04-26 06:55:00,2026-04-26 15:55:00,631.23,631.24,630.94,631.04,117.451,74122.72474
BNBUSDT,1777186800000,2026-04-26 07:00:00,2026-04-26 16:00:00,631.05,631.35,631.04,631.25,142.438,89899.72449
BNBUSDT,1777187100000,2026-04-26 07:05:00,2026-04-26 16:05:00,631.25,631.38,630.96,631.22,480.332,303184.02679
BNBUSDT,1777187400000,2026-04-26 07:10:00,2026-04-26 16:10:00,631.23,631.56,631.11,631.27,753.736,475900.81515
BNBUSDT,1777187700000,2026-04-26 07:15:00,2026-04-26 16:15:00,631.27,631.61,631.26,631.6,69.493,43882.73948
BNBUSDT,1777188000000,2026-04-26 07:20:00,2026-04-26 16:20:00,631.6,631.83,631.57,631.77,171.571,108386.98194
BNBUSDT,1777188300000,2026-04-26 07:25:00,2026-04-26 16:25:00,631.77,631.84,631.47,631.47,140.027,88455.27955
BNBUSDT,1777188600000,2026-04-26 07:30:00,2026-04-26 16:30:00,631.48,631.61,631.23,631.28,158.603,100147.36205
BNBUSDT,1777188900000,2026-04-26 07:35:00,2026-04-26 16:35:00,631.28,631.28,631,631.16,129.644,81812.22001
BNBUSDT,1777189200000,2026-04-26 07:40:00,2026-04-26 16:40:00,631.15,631.23,631.15,631.22,75.081,47389.94035
BNBUSDT,1777189500000,2026-04-26 07:45:00,2026-04-26 16:45:00,631.22,631.59,631.21,631.59,91.328,57661.01642
BNBUSDT,1777189800000,2026-04-26 07:50:00,2026-04-26 16:50:00,631.6,631.98,631.6,631.98,92.418,58386.80395
BNBUSDT,1777190100000,2026-04-26 07:55:00,2026-04-26 16:55:00,631.98,632.61,631.98,632.52,413.43,261447.75786
BNBUSDT,1777190400000,2026-04-26 08:00:00,2026-04-26 17:00:00,632.52,632.75,631.99,632.14,220.2,139269.29729
BNBUSDT,1777190700000,2026-04-26 08:05:00,2026-04-26 17:05:00,632.13,632.28,631.89,631.94,134.73,85170.79003
BNBUSDT,1777191000000,2026-04-26 08:10:00,2026-04-26 17:10:00,631.95,631.95,631.38,631.39,464.24,293208.46283
BNBUSDT,1777191300000,2026-04-26 08:15:00,2026-04-26 17:15:00,631.38,631.39,630.78,630.79,369.893,233440.78677
BNBUSDT,1777191600000,2026-04-26 08:20:00,2026-04-26 17:20:00,630.79,630.79,629.9,630.2,713.255,449497.57194
BNBUSDT,1777191900000,2026-04-26 08:25:00,2026-04-26 17:25:00,630.2,630.52,630.2,630.52,208.817,131622.88713
BNBUSDT,1777192200000,2026-04-26 08:30:00,2026-04-26 17:30:00,630.52,631.01,630.52,631.01,108.346,68344.54943
BNBUSDT,1777192500000,2026-04-26 08:35:00,2026-04-26 17:35:00,631.01,631.41,631,631.11,99.572,62852.3866
BNBUSDT,1777192800000,2026-04-26 08:40:00,2026-04-26 17:40:00,631.11,631.22,630.64,630.73,235.922,148859.86003
BNBUSDT,1777193100000,2026-04-26 08:45:00,2026-04-26 17:45:00,630.73,631.09,630.51,630.52,749.462,472759.73563
BNBUSDT,1777193400000,2026-04-26 08:50:00,2026-04-26 17:50:00,630.52,631.19,630.51,631.19,212.296,133902.10379
BNBUSDT,1777193700000,2026-04-26 08:55:00,2026-04-26 17:55:00,631.18,631.26,630.4,630.6,338.12,213304.45086
BNBUSDT,1777194000000,2026-04-26 09:00:00,2026-04-26 18:00:00,630.61,630.74,630.39,630.74,137.682,86810.06562
BNBUSDT,1777194300000,2026-04-26 09:05:00,2026-04-26 18:05:00,630.74,630.79,630.34,630.37,189.894,119732.97575
BNBUSDT,1777194600000,2026-04-26 09:10:00,2026-04-26 18:10:00,630.38,630.44,630.19,630.32,250.456,157867.90998
BNBUSDT,1777194900000,2026-04-26 09:15:00,2026-04-26 18:15:00,630.32,630.39,630,630.01,83.981,52929.32684
BNBUSDT,1777195200000,2026-04-26 09:20:00,2026-04-26 18:20:00,630.01,630.29,630,630.24,83.884,52863.06243
BNBUSDT,1777195500000,2026-04-26 09:25:00,2026-04-26 18:25:00,630.24,630.99,630.17,630.68,687.632,433695.33416
BNBUSDT,1777195800000,2026-04-26 09:30:00,2026-04-26 18:30:00,630.68,630.89,630.37,630.41,233.798,147451.85088
BNBUSDT,1777196100000,2026-04-26 09:35:00,2026-04-26 18:35:00,630.41,630.51,630.41,630.45,76.546,48260.12788
BNBUSDT,1777196400000,2026-04-26 09:40:00,2026-04-26 18:40:00,630.45,630.81,630.44,630.8,116.29,73340.47779
BNBUSDT,1777196700000,2026-04-26 09:45:00,2026-04-26 18:45:00,630.81,631.18,630.81,631.03,168.306,106201.8358
BNBUSDT,1777197000000,2026-04-26 09:50:00,2026-04-26 18:50:00,631.04,632.31,631.03,631.89,969.856,612864.59055
BNBUSDT,1777197300000,2026-04-26 09:55:00,2026-04-26 18:55:00,631.89,631.9,631.65,631.7,128.24,81016.266
BNBUSDT,1777197600000,2026-04-26 10:00:00,2026-04-26 19:00:00,631.7,631.7,631.19,631.31,166.716,105253.95217
BNBUSDT,1777197900000,2026-04-26 10:05:00,2026-04-26 19:05:00,631.31,631.84,631.3,631.55,79.056,49929.1692
BNBUSDT,1777198200000,2026-04-26 10:10:00,2026-04-26 19:10:00,631.56,631.59,631.41,631.49,73.903,46671.99966
BNBUSDT,1777198500000,2026-04-26 10:15:00,2026-04-26 19:15:00,631.48,631.53,631.21,631.35,156.108,98570.25711
BNBUSDT,1777198800000,2026-04-26 10:20:00,2026-04-26 19:20:00,631.35,631.53,631.28,631.42,67.313,42503.9709
BNBUSDT,1777199100000,2026-04-26 10:25:00,2026-04-26 19:25:00,631.42,631.63,631.32,631.62,124.515,78634.82307
BNBUSDT,1777199400000,2026-04-26 10:30:00,2026-04-26 19:30:00,631.63,631.71,631.55,631.68,118.017,74543.33151
BNBUSDT,1777199700000,2026-04-26 10:35:00,2026-04-26 19:35:00,631.68,631.78,631.49,631.49,123.914,78272.35617
BNBUSDT,1777200000000,2026-04-26 10:40:00,2026-04-26 19:40:00,631.49,631.8,631.41,631.62,190.149,120094.28939
BNBUSDT,1777200300000,2026-04-26 10:45:00,2026-04-26 19:45:00,631.63,631.84,631.45,631.59,183.522,115938.46289
BNBUSDT,1777200600000,2026-04-26 10:50:00,2026-04-26 19:50:00,631.58,631.59,631.35,631.36,52.061,32872.54777
BNBUSDT,1777200900000,2026-04-26 10:55:00,2026-04-26 19:55:00,631.35,631.44,631.35,631.44,36.419,22995.26355
BNBUSDT,1777201200000,2026-04-26 11:00:00,2026-04-26 20:00:00,631.44,631.8,631.44,631.67,44.917,28372.29681
BNBUSDT,1777201500000,2026-04-26 11:05:00,2026-04-26 20:05:00,631.67,631.8,631.67,631.68,69.448,43871.80657
BNBUSDT,1777201800000,2026-04-26 11:10:00,2026-04-26 20:10:00,631.68,632,631.67,631.74,242.14,152996.13043
BNBUSDT,1777202100000,2026-04-26 11:15:00,2026-04-26 20:15:00,631.74,631.84,631.7,631.81,127.292,80421.16155
BNBUSDT,1777202400000,2026-04-26 11:20:00,2026-04-26 20:20:00,631.81,632.2,631.8,632.2,68.355,43194.82369
BNBUSDT,1777202700000,2026-04-26 11:25:00,2026-04-26 20:25:00,632.2,632.26,632.1,632.25,213.883,135218.04221
BNBUSDT,1777203000000,2026-04-26 11:30:00,2026-04-26 20:30:00,632.25,632.4,631.99,632.24,176.949,111864.78865
BNBUSDT,1777203300000,2026-04-26 11:35:00,2026-04-26 20:35:00,632.24,632.48,632.04,632.44,113.178,71563.9988
BNBUSDT,1777203600000,2026-04-26 11:40:00,2026-04-26 20:40:00,632.44,632.57,632.19,632.33,179.508,113526.18493
BNBUSDT,1777203900000,2026-04-26 11:45:00,2026-04-26 20:45:00,632.34,632.54,632.13,632.53,59.318,37503.84426
BNBUSDT,1777204200000,2026-04-26 11:50:00,2026-04-26 20:50:00,632.54,632.7,632.53,632.65,90.862,57481.37813
BNBUSDT,1777204500000,2026-04-26 11:55:00,2026-04-26 20:55:00,632.65,632.66,632.54,632.54,73.851,46718.03585
BNBUSDT,1777204800000,2026-04-26 12:00:00,2026-04-26 21:00:00,632.55,632.55,632.09,632.17,140.284,88705.01344
BNBUSDT,1777205100000,2026-04-26 12:05:00,2026-04-26 21:05:00,632.17,632.18,632.02,632.03,49.376,31212.62823
BNBUSDT,1777205400000,2026-04-26 12:10:00,2026-04-26 21:10:00,632.02,632.03,631.57,631.64,170.31,107594.5926
BNBUSDT,1777205700000,2026-04-26 12:15:00,2026-04-26 21:15:00,631.64,631.67,631.32,631.33,206.948,130688.44822
BNBUSDT,1777206000000,2026-04-26 12:20:00,2026-04-26 21:20:00,631.32,631.62,631.32,631.49,132.766,83835.26201
BNBUSDT,1777206300000,2026-04-26 12:25:00,2026-04-26 21:25:00,631.49,631.55,631.11,631.12,121.841,76923.5276
BNBUSDT,1777206600000,2026-04-26 12:30:00,2026-04-26 21:30:00,631.11,631.12,631,631.05,195.203,123187.44434
BNBUSDT,1777206900000,2026-04-26 12:35:00,2026-04-26 21:35:00,631.05,631.52,631,631.51,245.186,154780.17497
BNBUSDT,1777207200000,2026-04-26 12:40:00,2026-04-26 21:40:00,631.52,631.62,631.41,631.61,166.76,105307.33336
BNBUSDT,1777207500000,2026-04-26 12:45:00,2026-04-26 21:45:00,631.62,631.62,630.6,630.95,299.136,188719.15768
BNBUSDT,1777207800000,2026-04-26 12:50:00,2026-04-26 21:50:00,630.96,631.15,630.95,631.15,86.392,54517.55283
BNBUSDT,1777208100000,2026-04-26 12:55:00,2026-04-26 21:55:00,631.14,631.15,630.95,630.97,146.753,92604.09182
BNBUSDT,1777208400000,2026-04-26 13:00:00,2026-04-26 22:00:00,630.98,631.1,630.64,630.94,245.463,154871.78667
BNBUSDT,1777208700000,2026-04-26 13:05:00,2026-04-26 22:05:00,630.94,631.68,630.94,631.55,116.666,73626.35932
BNBUSDT,1777209000000,2026-04-26 13:10:00,2026-04-26 22:10:00,631.56,631.86,631.45,631.45,253.311,160011.1523
BNBUSDT,1777209300000,2026-04-26 13:15:00,2026-04-26 22:15:00,631.46,631.6,631.08,631.37,134.075,84640.21107
BNBUSDT,1777209600000,2026-04-26 13:20:00,2026-04-26 22:20:00,631.37,631.38,631.08,631.09,79.953,50471.27334
BNBUSDT,1777209900000,2026-04-26 13:25:00,2026-04-26 22:25:00,631.08,631.09,630.74,631.04,115.316,72752.66836
BNBUSDT,1777210200000,2026-04-26 13:30:00,2026-04-26 22:30:00,631.03,631.59,630.9,631.45,102.187,64502.02968
BNBUSDT,1777210500000,2026-04-26 13:35:00,2026-04-26 22:35:00,631.45,631.45,631.08,631.38,118.49,74797.27575
BNBUSDT,1777210800000,2026-04-26 13:40:00,2026-04-26 22:40:00,631.38,631.49,631.18,631.38,255.631,161386.56044
BNBUSDT,1777211100000,2026-04-26 13:45:00,2026-04-26 22:45:00,631.37,631.48,631.32,631.33,73.864,46636.80761
BNBUSDT,1777211400000,2026-04-26 13:50:00,2026-04-26 22:50:00,631.33,631.57,631.29,631.51,223.162,140900.40258
BNBUSDT,1777211700000,2026-04-26 13:55:00,2026-04-26 22:55:00,631.52,631.52,631.19,631.37,187.369,118282.56619
BNBUSDT,1777212000000,2026-04-26 14:00:00,2026-04-26 23:00:00,631.38,631.38,631.04,631.06,112.389,70940.35696
BNBUSDT,1777212300000,2026-04-26 14:05:00,2026-04-26 23:05:00,631.05,631.49,630.93,631.49,304.447,192164.516
BNBUSDT,1777212600000,2026-04-26 14:10:00,2026-04-26 23:10:00,631.5,631.55,631.35,631.54,121.217,76545.50967
BNBUSDT,1777212900000,2026-04-26 14:15:00,2026-04-26 23:15:00,631.55,632,630.88,631.76,975.35,615696.72168
BNBUSDT,1777213200000,2026-04-26 14:20:00,2026-04-26 23:20:00,631.76,632.91,631.76,632.21,393.96,249190.92647
BNBUSDT,1777213500000,2026-04-26 14:25:00,2026-04-26 23:25:00,632.21,632.4,631.69,632.1,265.108,167570.12779
BNBUSDT,1777213800000,2026-04-26 14:30:00,2026-04-26 23:30:00,632.09,632.24,631.72,632,255.636,161569.09005
BNBUSDT,1777214100000,2026-04-26 14:35:00,2026-04-26 23:35:00,631.99,632.63,631.93,632.57,166.708,105413.8984
BNBUSDT,1777214400000,2026-04-26 14:40:00,2026-04-26 23:40:00,632.57,633.03,632.39,632.39,291.813,184676.04799
BNBUSDT,1777214700000,2026-04-26 14:45:00,2026-04-26 23:45:00,632.4,632.42,631.9,632.24,229.474,145058.86179
BNBUSDT,1777215000000,2026-04-26 14:50:00,2026-04-26 23:50:00,632.23,632.66,632.23,632.37,239.824,151672.32905
BNBUSDT,1777215300000,2026-04-26 14:55:00,2026-04-26 23:55:00,632.37,632.44,632.03,632.14,250.053,158085.51963
BNBUSDT,1777215600000,2026-04-26 15:00:00,2026-04-27 00:00:00,632.14,632.22,631.92,631.93,96.461,60970.41425
BNBUSDT,1777215900000,2026-04-26 15:05:00,2026-04-27 00:05:00,631.93,631.93,631.62,631.69,235.776,148954.9772
BNBUSDT,1777216200000,2026-04-26 15:10:00,2026-04-27 00:10:00,631.7,632.05,631.64,632.05,288.756,182446.76474
BNBUSDT,1777216500000,2026-04-26 15:15:00,2026-04-27 00:15:00,632.05,632.45,632.04,632.45,125.511,79345.89306
BNBUSDT,1777216800000,2026-04-26 15:20:00,2026-04-27 00:20:00,632.45,632.57,631.94,632.19,251.52,159038.64362
BNBUSDT,1777217100000,2026-04-26 15:25:00,2026-04-27 00:25:00,632.19,632.82,632.18,632.82,150.772,95373.39076
BNBUSDT,1777217400000,2026-04-26 15:30:00,2026-04-27 00:30:00,632.82,632.82,632.23,632.38,150.997,95507.78677
BNBUSDT,1777217700000,2026-04-26 15:35:00,2026-04-27 00:35:00,632.38,632.88,632.38,632.74,191.301,121017.3411
BNBUSDT,1777218000000,2026-04-26 15:40:00,2026-04-27 00:40:00,632.73,632.73,632.36,632.43,106.512,67365.67653
BNBUSDT,1777218300000,2026-04-26 15:45:00,2026-04-27 00:45:00,632.43,632.51,632.14,632.21,86.526,54711.67692
BNBUSDT,1777218600000,2026-04-26 15:50:00,2026-04-27 00:50:00,632.22,632.29,632.05,632.21,116.991,73961.69904
BNBUSDT,1777218900000,2026-04-26 15:55:00,2026-04-27 00:55:00,632.21,632.29,632,632.29,103.845,65643.88863
BNBUSDT,1777219200000,2026-04-26 16:00:00,2026-04-27 01:00:00,632.29,632.54,631.4,631.83,194.933,123157.60971
BNBUSDT,1777219500000,2026-04-26 16:05:00,2026-04-27 01:05:00,631.83,631.93,631.48,631.67,183.787,116093.61328
BNBUSDT,1777219800000,2026-04-26 16:10:00,2026-04-27 01:10:00,631.67,631.91,631.59,631.59,76.594,48388.79209
BNBUSDT,1777220100000,2026-04-26 16:15:00,2026-04-27 01:15:00,631.59,631.76,631.59,631.75,56.353,35597.34347
BNBUSDT,1777220400000,2026-04-26 16:20:00,2026-04-27 01:20:00,631.76,631.92,631.66,631.91,116.132,73368.1521
BNBUSDT,1777220700000,2026-04-26 16:25:00,2026-04-27 01:25:00,631.91,631.93,631.79,631.9,91.201,57628.07762
BNBUSDT,1777221000000,2026-04-26 16:30:00,2026-04-27 01:30:00,631.9,631.93,631.75,631.91,65.556,41418.51906
BNBUSDT,1777221300000,2026-04-26 16:35:00,2026-04-27 01:35:00,631.91,631.92,631.45,631.56,117.42,74164.22895
BNBUSDT,1777221600000,2026-04-26 16:40:00,2026-04-27 01:40:00,631.55,631.62,631.35,631.36,49.722,31394.85739
BNBUSDT,1777221900000,2026-04-26 16:45:00,2026-04-27 01:45:00,631.35,631.49,631.08,631.44,108.758,68654.37905
BNBUSDT,1777222200000,2026-04-26 16:50:00,2026-04-27 01:50:00,631.44,631.44,631.43,631.44,32.73,20666.91065
BNBUSDT,1777222500000,2026-04-26 16:55:00,2026-04-27 01:55:00,631.44,631.44,631.14,631.15,95.803,60481.23989
BNBUSDT,1777222800000,2026-04-26 17:00:00,2026-04-27 02:00:00,631.14,631.15,630.59,630.94,78.915,49779.45745
BNBUSDT,1777223100000,2026-04-26 17:05:00,2026-04-27 02:05:00,630.95,631.28,630.95,631.09,58.129,36685.44311
BNBUSDT,1777223400000,2026-04-26 17:10:00,2026-04-27 02:10:00,631.09,631.22,631.08,631.22,49.938,31518.12387
BNBUSDT,1777223700000,2026-04-26 17:15:00,2026-04-27 02:15:00,631.21,631.43,631.21,631.29,55.938,35316.42169
BNBUSDT,1777224000000,2026-04-26 17:20:00,2026-04-27 02:20:00,631.29,631.64,631.28,631.45,140.939,89001.0989
BNBUSDT,1777224300000,2026-04-26 17:25:00,2026-04-27 02:25:00,631.45,631.77,631.45,631.68,38.256,24164.05878
BNBUSDT,1777224600000,2026-04-26 17:30:00,2026-04-27 02:30:00,631.68,631.68,631.39,631.53,52.935,33427.90973
BNBUSDT,1777224900000,2026-04-26 17:35:00,2026-04-27 02:35:00,631.52,631.63,631.51,631.55,47.106,29750.72607
BNBUSDT,1777225200000,2026-04-26 17:40:00,2026-04-27 02:40:00,631.56,631.79,631.55,631.78,66.701,42137.49192
BNBUSDT,1777225500000,2026-04-26 17:45:00,2026-04-27 02:45:00,631.78,631.96,631.58,631.91,70.875,44774.49835
BNBUSDT,1777225800000,2026-04-26 17:50:00,2026-04-27 02:50:00,631.91,631.94,631.83,631.88,42.447,26821.90338
BNBUSDT,1777226100000,2026-04-26 17:55:00,2026-04-27 02:55:00,631.87,632,631.87,631.99,85.438,53989.53163
BNBUSDT,1777226400000,2026-04-26 18:00:00,2026-04-27 03:00:00,631.99,632,631.72,631.73,91.055,57540.70273
BNBUSDT,1777226700000,2026-04-26 18:05:00,2026-04-27 03:05:00,631.72,632.65,631.72,632.56,178.279,112702.59414
BNBUSDT,1777227000000,2026-04-26 18:10:00,2026-04-27 03:10:00,632.55,633.9,632.43,633.67,751.738,476186.97262
BNBUSDT,1777227300000,2026-04-26 18:15:00,2026-04-27 03:15:00,633.68,634.4,633.62,633.69,378.847,240169.54639
BNBUSDT,1777227600000,2026-04-26 18:20:00,2026-04-27 03:20:00,633.68,633.82,633.46,633.63,111.185,70448.0893
BNBUSDT,1777227900000,2026-04-26 18:25:00,2026-04-27 03:25:00,633.62,633.63,633.14,633.14,295.41,187080.23036
BNBUSDT,1777228200000,2026-04-26 18:30:00,2026-04-27 03:30:00,633.14,633.51,632.85,632.99,123.639,78286.8573
BNBUSDT,1777228500000,2026-04-26 18:35:00,2026-04-27 03:35:00,632.98,633.18,632.83,632.84,180.995,114581.2453
BNBUSDT,1777228800000,2026-04-26 18:40:00,2026-04-27 03:40:00,632.84,633.39,632.75,633.21,176.167,111532.99584
BNBUSDT,1777229100000,2026-04-26 18:45:00,2026-04-27 03:45:00,633.21,633.56,632.97,633.32,267.738,169542.61838
BNBUSDT,1777229400000,2026-04-26 18:50:00,2026-04-27 03:50:00,633.33,633.69,633.32,633.59,96.727,61272.84013
BNBUSDT,1777229700000,2026-04-26 18:55:00,2026-04-27 03:55:00,633.59,633.89,633.58,633.87,201.992,128012.84311
BNBUSDT,1777230000000,2026-04-26 19:00:00,2026-04-27 04:00:00,633.86,633.99,633.5,633.73,136.399,86444.37389
BNBUSDT,1777230300000,2026-04-26 19:05:00,2026-04-27 04:05:00,633.74,634.41,633.67,634.36,72.498,45958.79431
BNBUSDT,1777230600000,2026-04-26 19:10:00,2026-04-27 04:10:00,634.36,634.66,634.15,634.56,152.805,96950.11607
BNBUSDT,1777230900000,2026-04-26 19:15:00,2026-04-27 04:15:00,634.55,635.51,634.55,635.5,635.649,403703.18335
BNBUSDT,1777231200000,2026-04-26 19:20:00,2026-04-27 04:20:00,635.51,636.74,635.5,635.73,1458.253,927691.14519
BNBUSDT,1777231500000,2026-04-26 19:25:00,2026-04-27 04:25:00,635.73,635.74,634.52,634.95,600.645,381539.56016
BNBUSDT,1777231800000,2026-04-26 19:30:00,2026-04-27 04:30:00,634.95,635.38,634.87,635.36,476.789,302776.10547
BNBUSDT,1777232100000,2026-04-26 19:35:00,2026-04-27 04:35:00,635.37,635.66,635.14,635.16,133.098,84563.88232
BNBUSDT,1777232400000,2026-04-26 19:40:00,2026-04-27 04:40:00,635.16,635.3,635.07,635.15,85.268,54163.15586
BNBUSDT,1777232700000,2026-04-26 19:45:00,2026-04-27 04:45:00,635.2,635.47,635.06,635.47,82.673,52519.0358
BNBUSDT,1777233000000,2026-04-26 19:50:00,2026-04-27 04:50:00,635.48,635.77,635.48,635.66,89.597,56952.77391
BNBUSDT,1777233300000,2026-04-26 19:55:00,2026-04-27 04:55:00,635.67,636.12,635.67,635.89,186.826,118808.11736
BNBUSDT,1777233600000,2026-04-26 20:00:00,2026-04-27 05:00:00,635.9,636.28,635.73,635.92,108.342,68896.00028
BNBUSDT,1777233900000,2026-04-26 20:05:00,2026-04-27 05:05:00,635.92,636.09,635.75,635.81,106.341,67627.14915
BNBUSDT,1777234200000,2026-04-26 20:10:00,2026-04-27 05:10:00,635.81,635.81,635.15,635.16,114.199,72576.84552
BNBUSDT,1777234500000,2026-04-26 20:15:00,2026-04-27 05:15:00,635.16,635.16,634.72,634.84,35.862,22770.20981
BNBUSDT,1777234800000,2026-04-26 20:20:00,2026-04-27 05:20:00,634.84,635.1,634.77,634.97,97.216,61720.61033
BNBUSDT,1777235100000,2026-04-26 20:25:00,2026-04-27 05:25:00,634.98,635.41,634.98,635.25,56.429,35845.61488
BNBUSDT,1777235400000,2026-04-26 20:30:00,2026-04-27 05:30:00,635.26,636.1,635.26,635.89,244.099,155185.98763
BNBUSDT,1777235700000,2026-04-26 20:35:00,2026-04-27 05:35:00,635.89,635.89,635.3,635.38,92.206,58590.25713
BNBUSDT,1777236000000,2026-04-26 20:40:00,2026-04-27 05:40:00,635.38,635.38,635.18,635.25,51.739,32867.70515
BNBUSDT,1777236300000,2026-04-26 20:45:00,2026-04-27 05:45:00,635.25,635.35,635.1,635.11,55.685,35373.9343
BNBUSDT,1777236600000,2026-04-26 20:50:00,2026-04-27 05:50:00,635.11,635.19,634.92,634.99,87.143,55345.80436
BNBUSDT,1777236900000,2026-04-26 20:55:00,2026-04-27 05:55:00,634.99,634.99,634.54,634.62,132.566,84133.25981
BNBUSDT,1777237200000,2026-04-26 21:00:00,2026-04-27 06:00:00,634.62,635.7,634.55,635.31,180.548,114706.45728
BNBUSDT,1777237500000,2026-04-26 21:05:00,2026-04-27 06:05:00,635.32,635.45,635.31,635.45,31.704,20144.99659
BNBUSDT,1777237800000,2026-04-26 21:10:00,2026-04-27 06:10:00,635.45,636.17,635.44,635.9,257.337,163627.51941
BNBUSDT,1777238100000,2026-04-26 21:15:00,2026-04-27 06:15:00,635.9,636.25,635.79,635.84,125.607,79890.07692
BNBUSDT,1777238400000,2026-04-26 21:20:00,2026-04-27 06:20:00,635.85,636.03,635.84,636,69.842,44419.1664
BNBUSDT,1777238700000,2026-04-26 21:25:00,2026-04-27 06:25:00,635.99,636.17,635.79,635.8,176.492,112253.44766
BNBUSDT,1777239000000,2026-04-26 21:30:00,2026-04-27 06:30:00,635.79,635.8,634,634.33,362.51,230049.84288
BNBUSDT,1777239300000,2026-04-26 21:35:00,2026-04-27 06:35:00,634.32,634.68,633.96,634.24,162.553,103115.84923
BNBUSDT,1777239600000,2026-04-26 21:40:00,2026-04-27 06:40:00,634.23,634.44,633.9,634.12,117.732,74659.32686
BNBUSDT,1777239900000,2026-04-26 21:45:00,2026-04-27 06:45:00,634.12,634.12,633.47,633.87,247.306,156754.82626
BNBUSDT,1777240200000,2026-04-26 21:50:00,2026-04-27 06:50:00,633.88,635.15,633,635.15,293.668,186125.33196
BNBUSDT,1777240500000,2026-04-26 21:55:00,2026-04-27 06:55:00,635.15,636.84,634.76,635.7,600.185,381700.16454
BNBUSDT,1777240800000,2026-04-26 22:00:00,2026-04-27 07:00:00,635.7,636.86,635.58,636.31,304.794,193950.55831
BNBUSDT,1777241100000,2026-04-26 22:05:00,2026-04-27 07:05:00,636.32,637,636.29,636.83,228.949,145777.54944
BNBUSDT,1777241400000,2026-04-26 22:10:00,2026-04-27 07:10:00,636.82,636.82,636.3,636.62,59.199,37683.13284
BNBUSDT,1777241700000,2026-04-26 22:15:00,2026-04-27 07:15:00,636.62,638.06,636.49,637.47,489.658,312206.02334
BNBUSDT,1777242000000,2026-04-26 22:20:00,2026-04-27 07:20:00,637.47,637.47,636.82,637.1,109.21,69589.5694
BNBUSDT,1777242300000,2026-04-26 22:25:00,2026-04-27 07:25:00,637.1,637.13,636.02,636.09,92.083,58618.71432
BNBUSDT,1777242600000,2026-04-26 22:30:00,2026-04-27 07:30:00,636.08,636.08,633.69,633.89,290.044,184107.89473
BNBUSDT,1777242900000,2026-04-26 22:35:00,2026-04-27 07:35:00,633.89,634.37,633.72,634.11,89.12,56511.77108
BNBUSDT,1777243200000,2026-04-26 22:40:00,2026-04-27 07:40:00,634.11,634.54,634.05,634.5,25.951,16460.56059
BNBUSDT,1777243500000,2026-04-26 22:45:00,2026-04-27 07:45:00,634.5,635.35,634.46,635.21,89.573,56870.73348
BNBUSDT,1777243800000,2026-04-26 22:50:00,2026-04-27 07:50:00,635.21,635.23,634.96,635.15,65.997,41914.88355
BNBUSDT,1777244100000,2026-04-26 22:55:00,2026-04-27 07:55:00,635.15,635.22,634.82,635.02,34.773,22080.11261
BNBUSDT,1777244400000,2026-04-26 23:00:00,2026-04-27 08:00:00,635.03,635.31,634.82,635.04,70.133,44533.90586
BNBUSDT,1777244700000,2026-04-26 23:05:00,2026-04-27 08:05:00,635.04,635.28,634.82,635.07,119.693,76023.81891
BNBUSDT,1777245000000,2026-04-26 23:10:00,2026-04-27 08:10:00,635.08,635.08,634.91,634.92,135.497,86041.3988
BNBUSDT,1777245300000,2026-04-26 23:15:00,2026-04-27 08:15:00,634.93,635.04,634.54,634.55,41.757,26502.92136
BNBUSDT,1777245600000,2026-04-26 23:20:00,2026-04-27 08:20:00,634.55,635.5,634.54,635.24,49.15,31217.45405
BNBUSDT,1777245900000,2026-04-26 23:25:00,2026-04-27 08:25:00,635.24,635.49,634.54,634.55,163.192,103676.15217
BNBUSDT,1777246200000,2026-04-26 23:30:00,2026-04-27 08:30:00,634.54,635.11,633.84,634.69,221.773,140717.35599
BNBUSDT,1777246500000,2026-04-26 23:35:00,2026-04-27 08:35:00,634.69,635.34,634.6,635.05,95.904,60893.55764
BNBUSDT,1777246800000,2026-04-26 23:40:00,2026-04-27 08:40:00,635.06,635.89,635.05,635.89,176.088,111902.31905
BNBUSDT,1777247100000,2026-04-26 23:45:00,2026-04-27 08:45:00,635.89,636.79,635.09,636.37,1575.887,1001816.19901
BNBUSDT,1777247400000,2026-04-26 23:50:00,2026-04-27 08:50:00,636.37,636.71,635.79,635.91,131.64,83766.69576
BNBUSDT,1777247700000,2026-04-26 23:55:00,2026-04-27 08:55:00,635.9,635.97,635.71,635.76,121.538,77278.44102
BNBUSDT,1777248000000,2026-04-27 00:00:00,2026-04-27 09:00:00,635.77,637.11,635.77,636.64,211.458,134638.81431
BNBUSDT,1777248300000,2026-04-27 00:05:00,2026-04-27 09:05:00,636.64,636.8,635.82,635.96,174.699,111161.23579
BNBUSDT,1777248600000,2026-04-27 00:10:00,2026-04-27 09:10:00,635.96,636.08,635.4,635.41,81.412,51743.22436
BNBUSDT,1777248900000,2026-04-27 00:15:00,2026-04-27 09:15:00,635.4,635.4,635.08,635.38,66.93,42518.22497
BNBUSDT,1777249200000,2026-04-27 00:20:00,2026-04-27 09:20:00,635.39,635.49,634.58,634.69,92.704,58874.24307
BNBUSDT,1777249500000,2026-04-27 00:25:00,2026-04-27 09:25:00,634.69,634.69,633.9,634.49,326.635,207172.50747
BNBUSDT,1777249800000,2026-04-27 00:30:00,2026-04-27 09:30:00,634.49,634.49,633.74,634.12,307.966,195258.50842
BNBUSDT,1777250100000,2026-04-27 00:35:00,2026-04-27 09:35:00,634.12,635.2,634.07,635.2,103.621,65757.92762
BNBUSDT,1777250400000,2026-04-27 00:40:00,2026-04-27 09:40:00,635.21,636.6,635.21,636.55,126.975,80799.30001
BNBUSDT,1777250700000,2026-04-27 00:45:00,2026-04-27 09:45:00,636.55,637,636.53,636.73,189.285,120524.56388
BNBUSDT,1777251000000,2026-04-27 00:50:00,2026-04-27 09:50:00,636.72,637.22,636.23,637.14,241.541,153811.15928
BNBUSDT,1777251300000,2026-04-27 00:55:00,2026-04-27 09:55:00,637.15,638.39,637.15,638.29,1103.294,703883.32493
BNBUSDT,1777251600000,2026-04-27 01:00:00,2026-04-27 10:00:00,638.3,639.81,638.3,639.36,1372.613,877270.13668
BNBUSDT,1777251900000,2026-04-27 01:05:00,2026-04-27 10:05:00,639.35,639.48,638.41,638.57,365.938,233795.79177
BNBUSDT,1777252200000,2026-04-27 01:10:00,2026-04-27 10:10:00,638.57,638.6,637.59,637.63,808.159,515736.62646
BNBUSDT,1777252500000,2026-04-27 01:15:00,2026-04-27 10:15:00,637.64,637.81,636.19,636.66,379.235,241507.13594
BNBUSDT,1777252800000,2026-04-27 01:20:00,2026-04-27 10:20:00,636.66,636.81,636.22,636.57,286.488,182385.05746
BNBUSDT,1777253100000,2026-04-27 01:25:00,2026-04-27 10:25:00,636.57,636.81,635.73,636.58,383.611,244097.61031
BNBUSDT,1777253400000,2026-04-27 01:30:00,2026-04-27 10:30:00,636.58,637.4,636.43,636.96,180.639,115038.70198
BNBUSDT,1777253700000,2026-04-27 01:35:00,2026-04-27 10:35:00,636.96,637.98,636.36,637.61,363.526,231512.46801
BNBUSDT,1777254000000,2026-04-27 01:40:00,2026-04-27 10:40:00,637.62,637.96,637.12,637.35,184.738,117782.87719
BNBUSDT,1777254300000,2026-04-27 01:45:00,2026-04-27 10:45:00,637.36,638.5,637.36,638.41,459.829,293400.46137
BNBUSDT,1777254600000,2026-04-27 01:50:00,2026-04-27 10:50:00,638.42,638.5,637.68,637.95,423.231,270070.22049
BNBUSDT,1777254900000,2026-04-27 01:55:00,2026-04-27 10:55:00,637.95,638.5,637.53,638.49,453.443,289224.3486
BNBUSDT,1777255200000,2026-04-27 02:00:00,2026-04-27 11:00:00,638.49,639.5,638.41,638.57,881.097,563081.00943
BNBUSDT,1777255500000,2026-04-27 02:05:00,2026-04-27 11:05:00,638.58,638.76,637.72,638.06,839.26,535630.33068
BNBUSDT,1777255800000,2026-04-27 02:10:00,2026-04-27 11:10:00,638.07,638.62,637.94,638.49,138.968,88690.76835
BNBUSDT,1777256100000,2026-04-27 02:15:00,2026-04-27 11:15:00,638.5,639.65,638.49,639.34,304.637,194760.43566
BNBUSDT,1777256400000,2026-04-27 02:20:00,2026-04-27 11:20:00,639.34,639.34,638.48,638.58,348.667,222792.14862
BNBUSDT,1777256700000,2026-04-27 02:25:00,2026-04-27 11:25:00,638.59,638.82,637.21,638.56,2289.713,1460538.14457
BNBUSDT,1777257000000,2026-04-27 02:30:00,2026-04-27 11:30:00,638.56,639.04,637.82,638.11,491.519,313899.3097
BNBUSDT,1777257300000,2026-04-27 02:35:00,2026-04-27 11:35:00,638.11,638.65,638.11,638.45,150.908,96336.67292
BNBUSDT,1777257600000,2026-04-27 02:40:00,2026-04-27 11:40:00,638.46,638.46,638,638.24,183.028,116815.26191
BNBUSDT,1777257900000,2026-04-27 02:45:00,2026-04-27 11:45:00,638.24,638.88,638.23,638.64,225.742,144133.50813
BNBUSDT,1777258200000,2026-04-27 02:50:00,2026-04-27 11:50:00,638.65,639.2,638.5,639.03,537.003,343122.54848
BNBUSDT,1777258500000,2026-04-27 02:55:00,2026-04-27 11:55:00,639.04,639.04,638.39,638.47,262.61,167718.61491
BNBUSDT,1777258800000,2026-04-27 03:00:00,2026-04-27 12:00:00,638.48,638.82,638.18,638.54,258.751,165197.82719
BNBUSDT,1777259100000,2026-04-27 03:05:00,2026-04-27 12:05:00,638.54,638.72,638.45,638.72,130.573,83374.83123
BNBUSDT,1777259400000,2026-04-27 03:10:00,2026-04-27 12:10:00,638.72,639.18,638.72,638.88,341.116,217965.94606
BNBUSDT,1777259700000,2026-04-27 03:15:00,2026-04-27 12:15:00,638.87,639.11,638.68,638.96,225.136,143838.10576
BNBUSDT,1777260000000,2026-04-27 03:20:00,2026-04-27 12:20:00,638.95,639.17,638.76,638.93,132.477,84652.02438
BNBUSDT,1777260300000,2026-04-27 03:25:00,2026-04-27 12:25:00,638.93,639.17,638.83,639.17,127.009,81151.99074
BNBUSDT,1777260600000,2026-04-27 03:30:00,2026-04-27 12:30:00,639.17,639.44,638.92,639.04,546.473,349294.75952
BNBUSDT,1777260900000,2026-04-27 03:35:00,2026-04-27 12:35:00,639.05,639.05,638.64,638.83,114.832,73363.45979
BNBUSDT,1777261200000,2026-04-27 03:40:00,2026-04-27 12:40:00,638.83,639.65,638.78,639.64,359.292,229673.42597
BNBUSDT,1777261500000,2026-04-27 03:45:00,2026-04-27 12:45:00,639.65,639.78,639.2,639.3,134.52,86027.03388
BNBUSDT,1777261800000,2026-04-27 03:50:00,2026-04-27 12:50:00,639.3,639.3,638.79,638.79,240.68,153789.6374
BNBUSDT,1777262100000,2026-04-27 03:55:00,2026-04-27 12:55:00,638.8,638.8,638.26,638.27,92.132,58827.70161
BNBUSDT,1777262400000,2026-04-27 04:00:00,2026-04-27 13:00:00,638.27,638.64,638.19,638.54,311.821,199073.29075
BNBUSDT,1777262700000,2026-04-27 04:05:00,2026-04-27 13:05:00,638.53,638.62,638.16,638.17,1028.789,656742.2023
BNBUSDT,1777263000000,2026-04-27 04:10:00,2026-04-27 13:10:00,638.17,638.17,637.68,637.94,277.219,176873.40361
BNBUSDT,1777263300000,2026-04-27 04:15:00,2026-04-27 13:15:00,637.94,638,637.64,637.99,216.308,137969.38956
BNBUSDT,1777263600000,2026-04-27 04:20:00,2026-04-27 13:20:00,637.99,638.12,637.75,637.89,256.88,163883.36086
BNBUSDT,1777263900000,2026-04-27 04:25:00,2026-04-27 13:25:00,637.89,638.07,637.88,637.96,262.434,167425.17759
BNBUSDT,1777264200000,2026-04-27 04:30:00,2026-04-27 13:30:00,637.97,638,637.48,637.53,509.287,324857.26804
BNBUSDT,1777264500000,2026-04-27 04:35:00,2026-04-27 13:35:00,637.52,638,637.2,637.71,222.021,141520.62
BNBUSDT,1777264800000,2026-04-27 04:40:00,2026-04-27 13:40:00,637.72,637.72,637.37,637.49,232.935,148477.23941
BNBUSDT,1777265100000,2026-04-27 04:45:00,2026-04-27 13:45:00,637.49,637.62,637.07,637.09,140.726,89687.7219
BNBUSDT,1777265400000,2026-04-27 04:50:00,2026-04-27 13:50:00,637.09,637.25,636.84,637.14,239.015,152254.62734
BNBUSDT,1777265700000,2026-04-27 04:55:00,2026-04-27 13:55:00,637.13,637.13,636.4,636.87,234.518,149326.23046
BNBUSDT,1777266000000,2026-04-27 05:00:00,2026-04-27 14:00:00,636.88,637.11,636.13,636.14,460.735,293399.70643
BNBUSDT,1777266300000,2026-04-27 05:05:00,2026-04-27 14:05:00,636.13,636.13,634,634.46,1009.185,640627.73657
BNBUSDT,1777266600000,2026-04-27 05:10:00,2026-04-27 14:10:00,634.46,634.46,633.44,633.57,906.277,574417.04549
BNBUSDT,1777266900000,2026-04-27 05:15:00,2026-04-27 14:15:00,633.57,633.6,630.09,630.84,2028.383,1280406.7584
BNBUSDT,1777267200000,2026-04-27 05:20:00,2026-04-27 14:20:00,630.84,631,629.08,630.77,2525.702,1591019.33089
BNBUSDT,1777267500000,2026-04-27 05:25:00,2026-04-27 14:25:00,630.77,631.17,629.84,630.36,1271.607,801962.93769
BNBUSDT,1777267800000,2026-04-27 05:30:00,2026-04-27 14:30:00,630.35,630.68,629.55,630.01,685.63,431931.86848
BNBUSDT,1777268100000,2026-04-27 05:35:00,2026-04-27 14:35:00,630,630.01,627.88,628.64,1216.209,764492.28261
BNBUSDT,1777268400000,2026-04-27 05:40:00,2026-04-27 14:40:00,628.65,629.52,628.51,629.25,469.749,295504.06464
BNBUSDT,1777268700000,2026-04-27 05:45:00,2026-04-27 14:45:00,629.25,629.41,628.45,628.68,474.335,298333.24842
BNBUSDT,1777269000000,2026-04-27 05:50:00,2026-04-27 14:50:00,628.68,629.32,628.59,629.27,177.185,111436.13966
BNBUSDT,1777269300000,2026-04-27 05:55:00,2026-04-27 14:55:00,629.26,629.57,629.15,629.2,202.831,127648.37965
BNBUSDT,1777269600000,2026-04-27 06:00:00,2026-04-27 15:00:00,629.2,629.2,628.02,628.25,342.599,215331.40283
BNBUSDT,1777269900000,2026-04-27 06:05:00,2026-04-27 15:05:00,628.24,628.63,627.37,628.51,1010.661,634689.97388
BNBUSDT,1777270200000,2026-04-27 06:10:00,2026-04-27 15:10:00,628.51,628.7,628.38,628.43,181.113,113842.10176
BNBUSDT,1777270500000,2026-04-27 06:15:00,2026-04-27 15:15:00,628.44,628.68,628.01,628.63,1336.574,839778.44674
BNBUSDT,1777270800000,2026-04-27 06:20:00,2026-04-27 15:20:00,628.63,629.67,628.4,628.82,1188.075,747548.50304
BNBUSDT,1777271100000,2026-04-27 06:25:00,2026-04-27 15:25:00,628.81,629.04,628.51,628.91,489.688,307886.0713
BNBUSDT,1777271400000,2026-04-27 06:30:00,2026-04-27 15:30:00,628.92,628.92,625.15,625.87,2031.41,1272294.66886
BNBUSDT,1777271700000,2026-04-27 06:35:00,2026-04-27 15:35:00,625.86,626.14,625.5,625.75,1161.933,727299.14924
BNBUSDT,1777272000000,2026-04-27 06:40:00,2026-04-27 15:40:00,625.75,626.23,625.69,626.16,284.552,178089.89
BNBUSDT,1777272300000,2026-04-27 06:45:00,2026-04-27 15:45:00,626.17,626.87,626.04,626.58,240.602,150713.65283
BNBUSDT,1777272600000,2026-04-27 06:50:00,2026-04-27 15:50:00,626.58,627.09,626.53,627.03,270.663,169667.35645
BNBUSDT,1777272900000,2026-04-27 06:55:00,2026-04-27 15:55:00,627.03,627.57,627.03,627.31,332.72,208725.11726
BNBUSDT,1777273200000,2026-04-27 07:00:00,2026-04-27 16:00:00,627.32,627.59,626.89,626.92,606.09,380125.5751
BNBUSDT,1777273500000,2026-04-27 07:05:00,2026-04-27 16:05:00,626.92,626.92,626.31,626.53,334.577,209646.0816
BNBUSDT,1777273800000,2026-04-27 07:10:00,2026-04-27 16:10:00,626.53,626.68,626.02,626.07,444.243,278265.79661
BNBUSDT,1777274100000,2026-04-27 07:15:00,2026-04-27 16:15:00,626.07,626.12,625.52,625.98,645.392,403986.34461
BNBUSDT,1777274400000,2026-04-27 07:20:00,2026-04-27 16:20:00,625.97,626.65,625.97,626.4,276.454,173179.01369
BNBUSDT,1777274700000,2026-04-27 07:25:00,2026-04-27 16:25:00,626.4,626.5,626.02,626.41,111.323,69721.3045
BNBUSDT,1777275000000,2026-04-27 07:30:00,2026-04-27 16:30:00,626.42,626.42,625.5,625.86,543.687,340307.47628
BNBUSDT,1777275300000,2026-04-27 07:35:00,2026-04-27 16:35:00,625.86,626.17,625.65,626.08,203.193,127166.41541
BNBUSDT,1777275600000,2026-04-27 07:40:00,2026-04-27 16:40:00,626.08,626.41,625.9,626.4,305.12,191079.99687
BNBUSDT,1777275900000,2026-04-27 07:45:00,2026-04-27 16:45:00,626.41,626.62,626.25,626.59,157.041,98379.55172
BNBUSDT,1777276200000,2026-04-27 07:50:00,2026-04-27 16:50:00,626.6,627.25,626.59,626.91,234.086,146779.69775
BNBUSDT,1777276500000,2026-04-27 07:55:00,2026-04-27 16:55:00,626.9,627,625.71,625.87,318.475,199512.99465
BNBUSDT,1777276800000,2026-04-27 08:00:00,2026-04-27 17:00:00,625.87,626.44,625.4,626.44,419.499,262565.51199
BNBUSDT,1777277100000,2026-04-27 08:05:00,2026-04-27 17:05:00,626.45,626.69,625.81,626.06,220.399,138028.34018
BNBUSDT,1777277400000,2026-04-27 08:10:00,2026-04-27 17:10:00,626.07,626.52,626.07,626.3,186.967,117096.728
BNBUSDT,1777277700000,2026-04-27 08:15:00,2026-04-27 17:15:00,626.31,626.76,626.21,626.7,389.654,244086.15431
BNBUSDT,1777278000000,2026-04-27 08:20:00,2026-04-27 17:20:00,626.71,627.03,626.46,627.02,479.863,300739.86297
BNBUSDT,1777278300000,2026-04-27 08:25:00,2026-04-27 17:25:00,627.03,627.08,626.02,626.02,506.424,317274.41277
BNBUSDT,1777278600000,2026-04-27 08:30:00,2026-04-27 17:30:00,626.02,626.48,625.8,626.28,155.545,97396.51727
BNBUSDT,1777278900000,2026-04-27 08:35:00,2026-04-27 17:35:00,626.29,626.85,626.28,626.64,215.584,135066.97002
BNBUSDT,1777279200000,2026-04-27 08:40:00,2026-04-27 17:40:00,626.65,626.73,626.36,626.65,301.125,188668.68474
BNBUSDT,1777279500000,2026-04-27 08:45:00,2026-04-27 17:45:00,626.66,627.83,626.66,627.46,641.623,402563.0494
BNBUSDT,1777279800000,2026-04-27 08:50:00,2026-04-27 17:50:00,627.46,627.74,627.32,627.54,348.591,218758.14141
BNBUSDT,1777280100000,2026-04-27 08:55:00,2026-04-27 17:55:00,627.54,628.27,627.54,628.04,480.539,301763.34199
BNBUSDT,1777280400000,2026-04-27 09:00:00,2026-04-27 18:00:00,628.04,628.29,628,628.23,200.84,126145.98789
BNBUSDT,1777280700000,2026-04-27 09:05:00,2026-04-27 18:05:00,628.23,628.65,628.22,628.5,349.133,219407.82149
BNBUSDT,1777281000000,2026-04-27 09:10:00,2026-04-27 18:10:00,628.5,628.56,628.23,628.47,196.543,123504.60078
BNBUSDT,1777281300000,2026-04-27 09:15:00,2026-04-27 18:15:00,628.47,628.48,628.05,628.26,209.782,131810.09615
BNBUSDT,1777281600000,2026-04-27 09:20:00,2026-04-27 18:20:00,628.26,628.5,627.41,627.41,227.908,143132.51177
BNBUSDT,1777281900000,2026-04-27 09:25:00,2026-04-27 18:25:00,627.41,628.1,627.3,627.81,147.524,92596.25241
BNBUSDT,1777282200000,2026-04-27 09:30:00,2026-04-27 18:30:00,627.81,628.65,627.8,628.33,315.544,198242.27841
BNBUSDT,1777282500000,2026-04-27 09:35:00,2026-04-27 18:35:00,628.32,628.4,628.06,628.29,290.436,182463.99961
BNBUSDT,1777282800000,2026-04-27 09:40:00,2026-04-27 18:40:00,628.29,628.77,628.16,628.54,392.088,246422.51866
BNBUSDT,1777283100000,2026-04-27 09:45:00,2026-04-27 18:45:00,628.54,628.76,628.29,628.32,149.902,94207.08753
BNBUSDT,1777283400000,2026-04-27 09:50:00,2026-04-27 18:50:00,628.33,628.93,628.3,628.93,146.545,92112.26653
BNBUSDT,1777283700000,2026-04-27 09:55:00,2026-04-27 18:55:00,628.93,628.94,628.43,628.49,147.817,92940.86551
BNBUSDT,1777284000000,2026-04-27 10:00:00,2026-04-27 19:00:00,628.49,628.62,628.08,628.09,182.768,114835.54933
BNBUSDT,1777284300000,2026-04-27 10:05:00,2026-04-27 19:05:00,628.09,628.48,628.08,628.42,111.376,69974.6961
BNBUSDT,1777284600000,2026-04-27 10:10:00,2026-04-27 19:10:00,628.42,628.42,628.24,628.25,46.522,29231.47739
BNBUSDT,1777284900000,2026-04-27 10:15:00,2026-04-27 19:15:00,628.24,628.26,627.73,628.14,401.616,252245.27973
BNBUSDT,1777285200000,2026-04-27 10:20:00,2026-04-27 19:20:00,628.13,628.14,627.62,627.62,86.55,54346.94393
BNBUSDT,1777285500000,2026-04-27 10:25:00,2026-04-27 19:25:00,627.63,627.84,627.62,627.83,73.836,46346.75565
BNBUSDT,1777285800000,2026-04-27 10:30:00,2026-04-27 19:30:00,627.83,628.17,627.72,627.82,168.145,105578.27211
BNBUSDT,1777286100000,2026-04-27 10:35:00,2026-04-27 19:35:00,627.82,628.09,627.72,627.97,186.951,117384.4054
BNBUSDT,1777286400000,2026-04-27 10:40:00,2026-04-27 19:40:00,627.98,628.17,627.9,627.99,37.485,23540.83905
BNBUSDT,1777286700000,2026-04-27 10:45:00,2026-04-27 19:45:00,627.99,628.05,627.84,627.99,145.262,91215.55103
BNBUSDT,1777287000000,2026-04-27 10:50:00,2026-04-27 19:50:00,627.99,628.3,627.98,628.15,83.254,52296.39103
BNBUSDT,1777287300000,2026-04-27 10:55:00,2026-04-27 19:55:00,628.15,628.27,627.8,627.8,95.547,60006.75557
BNBUSDT,1777287600000,2026-04-27 11:00:00,2026-04-27 20:00:00,627.8,627.92,627.13,627.13,170.872,107236.31318
BNBUSDT,1777287900000,2026-04-27 11:05:00,2026-04-27 20:05:00,627.14,627.41,626.69,626.69,182.606,114496.77509
BNBUSDT,1777288200000,2026-04-27 11:10:00,2026-04-27 20:10:00,626.69,626.89,626.57,626.73,138.61,86871.93044
BNBUSDT,1777288500000,2026-04-27 11:15:00,2026-04-27 20:15:00,626.73,627.08,626.6,627.08,80.132,50229.87281
BNBUSDT,1777288800000,2026-04-27 11:20:00,2026-04-27 20:20:00,627.07,627.6,627.03,627.5,300.319,188393.799
BNBUSDT,1777289100000,2026-04-27 11:25:00,2026-04-27 20:25:00,627.51,627.76,627.24,627.53,276.508,173496.48721
BNBUSDT,1777289400000,2026-04-27 11:30:00,2026-04-27 20:30:00,627.54,627.87,627.52,627.52,172.16,108066.03816
BNBUSDT,1777289700000,2026-04-27 11:35:00,2026-04-27 20:35:00,627.52,627.56,626.88,627.13,354.725,222462.25609
BNBUSDT,1777290000000,2026-04-27 11:40:00,2026-04-27 20:40:00,627.13,627.33,627.04,627.12,152.27,95495.28259
BNBUSDT,1777290300000,2026-04-27 11:45:00,2026-04-27 20:45:00,627.12,627.21,627.03,627.14,84.652,53083.3253
BNBUSDT,1777290600000,2026-04-27 11:50:00,2026-04-27 20:50:00,627.14,627.36,627.05,627.24,86.579,54300.09816
BNBUSDT,1777290900000,2026-04-27 11:55:00,2026-04-27 20:55:00,627.24,627.64,627.23,627.4,198.111,124307.60702
BNBUSDT,1777291200000,2026-04-27 12:00:00,2026-04-27 21:00:00,627.39,627.39,626.66,626.85,158.062,99083.93374
BNBUSDT,1777291500000,2026-04-27 12:05:00,2026-04-27 21:05:00,626.85,627,626.79,626.88,106.752,66922.9712
BNBUSDT,1777291800000,2026-04-27 12:10:00,2026-04-27 21:10:00,626.89,627.36,626.83,626.83,101.657,63744.46019
BNBUSDT,1777292100000,2026-04-27 12:15:00,2026-04-27 21:15:00,626.83,627.15,626.82,627.01,179.507,112560.33336
BNBUSDT,1777292400000,2026-04-27 12:20:00,2026-04-27 21:20:00,627.01,627.01,626.49,626.49,129.695,81282.15618
BNBUSDT,1777292700000,2026-04-27 12:25:00,2026-04-27 21:25:00,626.49,626.55,625.89,626.11,483.954,303047.17905
BNBUSDT,1777293000000,2026-04-27 12:30:00,2026-04-27 21:30:00,626.11,626.19,625.64,625.65,366.479,229418.62253
BNBUSDT,1777293300000,2026-04-27 12:35:00,2026-04-27 21:35:00,625.65,625.72,625.2,625.43,305.003,190763.24692
BNBUSDT,1777293600000,2026-04-27 12:40:00,2026-04-27 21:40:00,625.43,626.06,625.37,625.94,526.01,329145.26114
BNBUSDT,1777293900000,2026-04-27 12:45:00,2026-04-27 21:45:00,625.94,625.99,625.71,625.99,327.51,204984.906
BNBUSDT,1777294200000,2026-04-27 12:50:00,2026-04-27 21:50:00,625.99,626.12,625.92,625.98,297.532,186253.91113
BNBUSDT,1777294500000,2026-04-27 12:55:00,2026-04-27 21:55:00,625.98,626.12,625.65,625.79,692.166,433176.33524
BNBUSDT,1777294800000,2026-04-27 13:00:00,2026-04-27 22:00:00,625.79,625.94,625.54,625.91,832.795,521096.65389
BNBUSDT,1777295100000,2026-04-27 13:05:00,2026-04-27 22:05:00,625.9,626.36,625.68,626.36,333.513,208769.08959
BNBUSDT,1777295400000,2026-04-27 13:10:00,2026-04-27 22:10:00,626.36,626.56,626.27,626.31,189.964,118986.91403
BNBUSDT,1777295700000,2026-04-27 13:15:00,2026-04-27 22:15:00,626.31,626.88,626.3,626.54,203.765,127676.401
BNBUSDT,1777296000000,2026-04-27 13:20:00,2026-04-27 22:20:00,626.54,626.85,626.53,626.78,163.811,102662.17968
BNBUSDT,1777296300000,2026-04-27 13:25:00,2026-04-27 22:25:00,626.77,626.77,626.31,626.61,187.965,117759.00802
BNBUSDT,1777296600000,2026-04-27 13:30:00,2026-04-27 22:30:00,626.6,626.88,626.07,626.38,321.941,201699.10199
BNBUSDT,1777296900000,2026-04-27 13:35:00,2026-04-27 22:35:00,626.38,626.79,626.27,626.66,262.933,164749.04884
BNBUSDT,1777297200000,2026-04-27 13:40:00,2026-04-27 22:40:00,626.66,627.02,625.82,626.24,371.534,232759.00631
BNBUSDT,1777297500000,2026-04-27 13:45:00,2026-04-27 22:45:00,626.23,626.26,624.19,624.55,1141.456,713448.02776
BNBUSDT,1777297800000,2026-04-27 13:50:00,2026-04-27 22:50:00,624.54,625.72,624.17,625.72,525.051,328128.74339
BNBUSDT,1777298100000,2026-04-27 13:55:00,2026-04-27 22:55:00,625.72,625.98,625.33,625.49,300.737,188140.08766
BNBUSDT,1777298400000,2026-04-27 14:00:00,2026-04-27 23:00:00,625.49,625.94,625,625.41,961.896,601523.70203
BNBUSDT,1777298700000,2026-04-27 14:05:00,2026-04-27 23:05:00,625.4,626.19,625,625.43,326.057,203939.34692
BNBUSDT,1777299000000,2026-04-27 14:10:00,2026-04-27 23:10:00,625.43,626.11,625.15,625.79,300.297,187861.8657
BNBUSDT,1777299300000,2026-04-27 14:15:00,2026-04-27 23:15:00,625.79,626.12,625.42,625.82,266.361,166675.05043
BNBUSDT,1777299600000,2026-04-27 14:20:00,2026-04-27 23:20:00,625.82,626.09,625.57,626,284.172,177841.11188
BNBUSDT,1777299900000,2026-04-27 14:25:00,2026-04-27 23:25:00,626,626.15,625.64,625.81,220.063,137735.9218
BNBUSDT,1777300200000,2026-04-27 14:30:00,2026-04-27 23:30:00,625.82,626.48,625.58,626.26,303.937,190255.69991
BNBUSDT,1777300500000,2026-04-27 14:35:00,2026-04-27 23:35:00,626.27,628.36,626.26,628.35,740.697,464808.4787
BNBUSDT,1777300800000,2026-04-27 14:40:00,2026-04-27 23:40:00,628.36,628.44,627.62,628.36,278.229,174747.77449
BNBUSDT,1777301100000,2026-04-27 14:45:00,2026-04-27 23:45:00,628.36,628.56,627.79,628.29,364.988,229293.18579
BNBUSDT,1777301400000,2026-04-27 14:50:00,2026-04-27 23:50:00,628.28,628.29,626.51,627,349.633,219288.90257
BNBUSDT,1777301700000,2026-04-27 14:55:00,2026-04-27 23:55:00,626.99,627,626.06,626.29,894.792,560635.66222
BNBUSDT,1777302000000,2026-04-27 15:00:00,2026-04-28 00:00:00,626.3,626.45,623.39,623.76,899.853,562229.63835
BNBUSDT,1777302300000,2026-04-27 15:05:00,2026-04-28 00:05:00,623.76,624.81,623.32,624.36,580.257,362293.47277
BNBUSDT,1777302600000,2026-04-27 15:10:00,2026-04-28 00:10:00,624.36,624.71,623.98,624.03,431.84,269625.03572
BNBUSDT,1777302900000,2026-04-27 15:15:00,2026-04-28 00:15:00,624.04,624.04,621.48,621.6,1203.773,749557.76819
BNBUSDT,1777303200000,2026-04-27 15:20:00,2026-04-28 00:20:00,621.6,622.12,618.38,619.07,3608.959,2236542.75471
BNBUSDT,1777303500000,2026-04-27 15:25:00,2026-04-28 00:25:00,619.07,621.09,618.61,620.89,1639.732,1016639.79345
BNBUSDT,1777303800000,2026-04-27 15:30:00,2026-04-28 00:30:00,620.89,622.16,620.71,622.04,586.62,364599.21531
BNBUSDT,1777304100000,2026-04-27 15:35:00,2026-04-28 00:35:00,622.03,622.4,621.72,622.3,254.033,158002.27069
BNBUSDT,1777304400000,2026-04-27 15:40:00,2026-04-28 00:40:00,622.29,622.65,621.84,622.37,1243.454,773708.4817
BNBUSDT,1777304700000,2026-04-27 15:45:00,2026-04-28 00:45:00,622.37,622.37,621.05,621.06,151.034,93904.16914
BNBUSDT,1777305000000,2026-04-27 15:50:00,2026-04-28 00:50:00,621.05,621.52,620.23,621.28,441.372,274011.57077
BNBUSDT,1777305300000,2026-04-27 15:55:00,2026-04-28 00:55:00,621.29,621.3,620.66,620.94,536.034,332833.99652
BNBUSDT,1777305600000,2026-04-27 16:00:00,2026-04-28 01:00:00,620.93,621.24,620.5,620.94,395.606,245580.41092
BNBUSDT,1777305900000,2026-04-27 16:05:00,2026-04-28 01:05:00,620.95,621.52,620.58,621.18,2247.353,1395805.89087
BNBUSDT,1777306200000,2026-04-27 16:10:00,2026-04-28 01:10:00,621.18,621.59,621,621.42,299.834,186311.49035
BNBUSDT,1777306500000,2026-04-27 16:15:00,2026-04-28 01:15:00,621.43,622.3,621.42,622.14,223.057,138723.30469
BNBUSDT,1777306800000,2026-04-27 16:20:00,2026-04-28 01:20:00,622.14,622.15,621.5,621.59,233.174,144986.06834
BNBUSDT,1777307100000,2026-04-27 16:25:00,2026-04-28 01:25:00,621.59,621.75,621.21,621.24,144.544,89837.83062
BNBUSDT,1777307400000,2026-04-27 16:30:00,2026-04-28 01:30:00,621.25,621.85,621.25,621.45,117.672,73140.79432
BNBUSDT,1777307700000,2026-04-27 16:35:00,2026-04-28 01:35:00,621.44,621.93,621.04,621.69,178.243,110771.75016
BNBUSDT,1777308000000,2026-04-27 16:40:00,2026-04-28 01:40:00,621.68,621.68,621.28,621.34,193.853,120467.69968
BNBUSDT,1777308300000,2026-04-27 16:45:00,2026-04-28 01:45:00,621.33,621.76,621.29,621.54,137.586,85512.47973
BNBUSDT,1777308600000,2026-04-27 16:50:00,2026-04-28 01:50:00,621.55,621.74,621.43,621.55,188.589,117224.50148
BNBUSDT,1777308900000,2026-04-27 16:55:00,2026-04-28 01:55:00,621.54,621.55,621.08,621.5,124.167,77153.62596
BNBUSDT,1777309200000,2026-04-27 17:00:00,2026-04-28 02:00:00,621.5,622.55,621.49,622.5,211.108,131373.29492
BNBUSDT,1777309500000,2026-04-27 17:05:00,2026-04-28 02:05:00,622.49,622.83,622.18,622.4,251.961,156855.8699
BNBUSDT,1777309800000,2026-04-27 17:10:00,2026-04-28 02:10:00,622.39,622.87,622.34,622.57,293.8,182943.10522
BNBUSDT,1777310100000,2026-04-27 17:15:00,2026-04-28 02:15:00,622.58,622.87,622.38,622.74,192.543,119893.47935
BNBUSDT,1777310400000,2026-04-27 17:20:00,2026-04-28 02:20:00,622.75,623.2,622.46,623.07,381.126,237377.73124
BNBUSDT,1777310700000,2026-04-27 17:25:00,2026-04-28 02:25:00,623.08,623.82,623.07,623.51,420.763,262413.03129
BNBUSDT,1777311000000,2026-04-27 17:30:00,2026-04-28 02:30:00,623.52,624.02,623.4,623.54,360.555,224877.29681
BNBUSDT,1777311300000,2026-04-27 17:35:00,2026-04-28 02:35:00,623.54,623.68,623.33,623.33,149.378,93141.98705
BNBUSDT,1777311600000,2026-04-27 17:40:00,2026-04-28 02:40:00,623.34,623.44,622.78,623.37,362.959,226148.10249
BNBUSDT,1777311900000,2026-04-27 17:45:00,2026-04-28 02:45:00,623.37,623.46,623.18,623.39,284.73,177485.93778
BNBUSDT,1777312200000,2026-04-27 17:50:00,2026-04-28 02:50:00,623.39,624.01,623.03,623.41,1339.327,835372.60387
BNBUSDT,1777312500000,2026-04-27 17:55:00,2026-04-28 02:55:00,623.41,623.57,623.05,623.06,151.863,94662.94186
BNBUSDT,1777312800000,2026-04-27 18:00:00,2026-04-28 03:00:00,623.05,623.25,622.85,623,188.818,117634.27253
BNBUSDT,1777313100000,2026-04-27 18:05:00,2026-04-28 03:05:00,623,623.01,622.25,622.37,489.323,304641.14791
BNBUSDT,1777313400000,2026-04-27 18:10:00,2026-04-28 03:10:00,622.38,622.72,622.32,622.66,204.791,127491.93644
BNBUSDT,1777313700000,2026-04-27 18:15:00,2026-04-28 03:15:00,622.66,623.33,622.66,622.84,216.405,134805.89239
BNBUSDT,1777314000000,2026-04-27 18:20:00,2026-04-28 03:20:00,622.84,623.43,622.83,623.16,138.287,86160.93295
BNBUSDT,1777314300000,2026-04-27 18:25:00,2026-04-28 03:25:00,623.15,623.15,622.31,622.65,287.532,179012.83362
BNBUSDT,1777314600000,2026-04-27 18:30:00,2026-04-28 03:30:00,622.64,622.98,622.44,622.76,157.787,98264.16767
BNBUSDT,1777314900000,2026-04-27 18:35:00,2026-04-28 03:35:00,622.75,623.1,622.75,622.95,95.691,59612.93075
BNBUSDT,1777315200000,2026-04-27 18:40:00,2026-04-28 03:40:00,622.94,623.11,622.87,623.05,200.831,125111.08738
BNBUSDT,1777315500000,2026-04-27 18:45:00,2026-04-28 03:45:00,623.04,623.4,622.77,623.34,100.589,62686.02614
BNBUSDT,1777315800000,2026-04-27 18:50:00,2026-04-28 03:50:00,623.34,623.66,623.29,623.52,143.567,89506.30164
BNBUSDT,1777316100000,2026-04-27 18:55:00,2026-04-28 03:55:00,623.52,623.8,623.49,623.49,287.738,179448.09825
BNBUSDT,1777316400000,2026-04-27 19:00:00,2026-04-28 04:00:00,623.49,623.58,622.94,622.94,108.996,67936.54303
BNBUSDT,1777316700000,2026-04-27 19:05:00,2026-04-28 04:05:00,622.95,622.95,622.46,622.75,115.357,71833.53941
BNBUSDT,1777317000000,2026-04-27 19:10:00,2026-04-28 04:10:00,622.74,623.31,622.6,623.21,103.608,64538.32181
BNBUSDT,1777317300000,2026-04-27 19:15:00,2026-04-28 04:15:00,623.21,623.24,622.84,622.85,147.022,91604.89649
BNBUSDT,1777317600000,2026-04-27 19:20:00,2026-04-28 04:20:00,622.85,622.97,622.42,622.43,152.279,94821.13355
BNBUSDT,1777317900000,2026-04-27 19:25:00,2026-04-28 04:25:00,622.43,622.43,621.53,621.6,247.589,153967.46987
BNBUSDT,1777318200000,2026-04-27 19:30:00,2026-04-28 04:30:00,621.6,621.83,621.01,621.7,573.764,356616.47518
BNBUSDT,1777318500000,2026-04-27 19:35:00,2026-04-28 04:35:00,621.69,622.19,621.65,622.09,181.813,113072.39035
BNBUSDT,1777318800000,2026-04-27 19:40:00,2026-04-28 04:40:00,622.1,622.88,622.1,622.86,151.415,94272.20417
BNBUSDT,1777319100000,2026-04-27 19:45:00,2026-04-28 04:45:00,622.87,623.38,622.87,623.36,327.927,204336.81114
BNBUSDT,1777319400000,2026-04-27 19:50:00,2026-04-28 04:50:00,623.36,623.37,623.18,623.22,88.252,55006.87471
BNBUSDT,1777319700000,2026-04-27 19:55:00,2026-04-28 04:55:00,623.21,623.53,623.21,623.53,53.717,33484.72338
BNBUSDT,1777320000000,2026-04-27 20:00:00,2026-04-28 05:00:00,623.53,624.23,623.52,624.23,149.118,93028.93862
BNBUSDT,1777320300000,2026-04-27 20:05:00,2026-04-28 05:05:00,624.24,624.36,623.89,623.99,104.571,65272.49186
BNBUSDT,1777320600000,2026-04-27 20:10:00,2026-04-28 05:10:00,623.99,624.28,623.81,623.82,185.618,115806.73058
BNBUSDT,1777320900000,2026-04-27 20:15:00,2026-04-28 05:15:00,623.81,623.91,623.76,623.77,89.74,55982.15345
BNBUSDT,1777321200000,2026-04-27 20:20:00,2026-04-28 05:20:00,623.77,623.96,623.58,623.96,168.18,104906.86892
BNBUSDT,1777321500000,2026-04-27 20:25:00,2026-04-28 05:25:00,623.96,623.96,623.72,623.92,83.193,51901.19248
BNBUSDT,1777321800000,2026-04-27 20:30:00,2026-04-28 05:30:00,623.93,624.1,623.86,623.96,55.712,34764.94954
BNBUSDT,1777322100000,2026-04-27 20:35:00,2026-04-28 05:35:00,623.95,624.35,623.95,624.01,112.972,70511.59759
BNBUSDT,1777322400000,2026-04-27 20:40:00,2026-04-28 05:40:00,624.01,624.06,623.86,623.98,72.243,45073.77371
BNBUSDT,1777322700000,2026-04-27 20:45:00,2026-04-28 05:45:00,623.98,623.99,623.67,623.89,92.905,57956.40242
BNBUSDT,1777323000000,2026-04-27 20:50:00,2026-04-28 05:50:00,623.88,624.05,623.88,623.94,63.556,39654.10377
BNBUSDT,1777323300000,2026-04-27 20:55:00,2026-04-28 05:55:00,623.93,624.36,623.93,623.95,62.919,39267.16334
BNBUSDT,1777323600000,2026-04-27 21:00:00,2026-04-28 06:00:00,623.96,623.96,623.64,623.74,175.43,109428.32855
BNBUSDT,1777323900000,2026-04-27 21:05:00,2026-04-28 06:05:00,623.73,623.8,623.67,623.68,68.607,42791.44033
BNBUSDT,1777324200000,2026-04-27 21:10:00,2026-04-28 06:10:00,623.69,624.03,623.42,623.99,501.313,312636.38688
BNBUSDT,1777324500000,2026-04-27 21:15:00,2026-04-28 06:15:00,623.99,624.02,623.63,623.63,179.174,111789.24168
BNBUSDT,1777324800000,2026-04-27 21:20:00,2026-04-28 06:20:00,623.63,623.93,623.63,623.8,91.6,57141.31106
BNBUSDT,1777325100000,2026-04-27 21:25:00,2026-04-28 06:25:00,623.81,624.32,623.77,624.22,93.574,58392.94219
BNBUSDT,1777325400000,2026-04-27 21:30:00,2026-04-28 06:30:00,624.21,624.47,624.21,624.44,57.368,35817.23689
BNBUSDT,1777325700000,2026-04-27 21:35:00,2026-04-28 06:35:00,624.45,624.65,624.44,624.51,45.838,28628.16347
BNBUSDT,1777326000000,2026-04-27 21:40:00,2026-04-28 06:40:00,624.52,624.68,624.22,624.37,178.122,111234.95611
BNBUSDT,1777326300000,2026-04-27 21:45:00,2026-04-28 06:45:00,624.37,624.38,623.86,624.04,310.255,193641.84699
BNBUSDT,1777326600000,2026-04-27 21:50:00,2026-04-28 06:50:00,624.04,624.17,623.73,623.73,256.474,160039.98678
BNBUSDT,1777326900000,2026-04-27 21:55:00,2026-04-28 06:55:00,623.73,623.74,623.33,623.34,135.837,84691.26392
BNBUSDT,1777327200000,2026-04-27 22:00:00,2026-04-28 07:00:00,623.34,623.67,623.13,623.4,140.667,87677.74056
BNBUSDT,1777327500000,2026-04-27 22:05:00,2026-04-28 07:05:00,623.39,623.97,623.24,623.7,121.868,76014.8547
BNBUSDT,1777327800000,2026-04-27 22:10:00,2026-04-28 07:10:00,623.69,623.9,623.58,623.89,83.944,52361.0647
BNBUSDT,1777328100000,2026-04-27 22:15:00,2026-04-28 07:15:00,623.9,624.1,623.79,623.88,83.531,52121.50484
BNBUSDT,1777328400000,2026-04-27 22:20:00,2026-04-28 07:20:00,623.88,624.02,623.87,624.01,172.886,107871.08016
BNBUSDT,1777328700000,2026-04-27 22:25:00,2026-04-28 07:25:00,624.02,624.64,624.01,624.64,194.478,121417.52585
BNBUSDT,1777329000000,2026-04-27 22:30:00,2026-04-28 07:30:00,624.64,625.09,624.39,624.4,213.794,133595.78654
BNBUSDT,1777329300000,2026-04-27 22:35:00,2026-04-28 07:35:00,624.39,624.69,624.39,624.69,48.504,30294.40011
BNBUSDT,1777329600000,2026-04-27 22:40:00,2026-04-28 07:40:00,624.68,624.97,624.68,624.86,71.454,44648.05135
BNBUSDT,1777329900000,2026-04-27 22:45:00,2026-04-28 07:45:00,624.86,625.12,624.86,624.94,103.252,64534.04558
BNBUSDT,1777330200000,2026-04-27 22:50:00,2026-04-28 07:50:00,624.94,624.94,624.78,624.82,59.585,37231.55474
BNBUSDT,1777330500000,2026-04-27 22:55:00,2026-04-28 07:55:00,624.81,625.1,624.78,624.78,84.783,52985.1929
BNBUSDT,1777330800000,2026-04-27 23:00:00,2026-04-28 08:00:00,624.78,624.95,624.42,624.5,277.67,173467.75635
BNBUSDT,1777331100000,2026-04-27 23:05:00,2026-04-28 08:05:00,624.5,624.59,624.34,624.35,58.136,36307.13538
BNBUSDT,1777331400000,2026-04-27 23:10:00,2026-04-28 08:10:00,624.35,625.01,624.3,624.65,555.59,347084.95651
BNBUSDT,1777331700000,2026-04-27 23:15:00,2026-04-28 08:15:00,624.66,625.85,624.65,625.57,370.983,232037.74916
BNBUSDT,1777332000000,2026-04-27 23:20:00,2026-04-28 08:20:00,625.57,625.82,625.53,625.65,252.436,157936.75296
BNBUSDT,1777332300000,2026-04-27 23:25:00,2026-04-28 08:25:00,625.65,625.73,625.59,625.66,50.598,31657.26331
BNBUSDT,1777332600000,2026-04-27 23:30:00,2026-04-28 08:30:00,625.66,626,625.66,625.88,259.336,162302.71574
BNBUSDT,1777332900000,2026-04-27 23:35:00,2026-04-28 08:35:00,625.89,625.93,625.68,625.78,121.879,76275.10843
BNBUSDT,1777333200000,2026-04-27 23:40:00,2026-04-28 08:40:00,625.79,626.38,625.78,626.27,287.009,179706.43608
BNBUSDT,1777333500000,2026-04-27 23:45:00,2026-04-28 08:45:00,626.26,626.5,626.18,626.48,79.901,50039.71193
BNBUSDT,1777333800000,2026-04-27 23:50:00,2026-04-28 08:50:00,626.48,627.26,626.47,627.23,271.657,170299.09872
BNBUSDT,1777334100000,2026-04-27 23:55:00,2026-04-28 08:55:00,627.22,627.31,626.8,626.83,231.568,145206.13283
BNBUSDT,1777334400000,2026-04-28 00:00:00,2026-04-28 09:00:00,626.83,626.88,626.47,626.64,166.282,104206.95335
BNBUSDT,1777334700000,2026-04-28 00:05:00,2026-04-28 09:05:00,626.63,626.9,626.34,626.87,138.343,86683.42536
BNBUSDT,1777335000000,2026-04-28 00:10:00,2026-04-28 09:10:00,626.87,627,626.6,626.7,207.224,129881.33789
BNBUSDT,1777335300000,2026-04-28 00:15:00,2026-04-28 09:15:00,626.71,627.03,626.48,626.54,174.682,109499.06516
BNBUSDT,1777335600000,2026-04-28 00:20:00,2026-04-28 09:20:00,626.53,626.54,626.04,626.04,93.521,58573.03209
BNBUSDT,1777335900000,2026-04-28 00:25:00,2026-04-28 09:25:00,626.05,626.3,626.01,626.24,94.178,58971.06767
BNBUSDT,1777336200000,2026-04-28 00:30:00,2026-04-28 09:30:00,626.25,626.54,626.11,626.22,100.683,63058.21337
BNBUSDT,1777336500000,2026-04-28 00:35:00,2026-04-28 09:35:00,626.22,627.05,626.22,626.77,119.924,75148.14626
BNBUSDT,1777336800000,2026-04-28 00:40:00,2026-04-28 09:40:00,626.77,627.26,626.68,627,168.288,105533.71552
BNBUSDT,1777337100000,2026-04-28 00:45:00,2026-04-28 09:45:00,627.01,627.58,627,627.42,146.2,91724.75778
BNBUSDT,1777337400000,2026-04-28 00:50:00,2026-04-28 09:50:00,627.41,627.41,626.94,627.38,84.783,53171.25588
BNBUSDT,1777337700000,2026-04-28 00:55:00,2026-04-28 09:55:00,627.39,627.51,627.07,627.08,56.737,35588.31829
BNBUSDT,1777338000000,2026-04-28 01:00:00,2026-04-28 10:00:00,627.07,627.07,626.66,627.04,89.553,56136.44082
BNBUSDT,1777338300000,2026-04-28 01:05:00,2026-04-28 10:05:00,627.05,627.1,626.72,626.8,115.363,72328.58815
BNBUSDT,1777338600000,2026-04-28 01:10:00,2026-04-28 10:10:00,626.81,626.95,626.76,626.93,74.115,46459.48676
BNBUSDT,1777338900000,2026-04-28 01:15:00,2026-04-28 10:15:00,626.93,626.94,626.54,626.54,70.234,44020.25663
BNBUSDT,1777339200000,2026-04-28 01:20:00,2026-04-28 10:20:00,626.54,626.76,626.34,626.73,100.841,63181.20524
BNBUSDT,1777339500000,2026-04-28 01:25:00,2026-04-28 10:25:00,626.72,626.86,626.63,626.79,147.378,92365.88385
BNBUSDT,1777339800000,2026-04-28 01:30:00,2026-04-28 10:30:00,626.79,626.79,626,626.07,90.388,56614.66509
BNBUSDT,1777340100000,2026-04-28 01:35:00,2026-04-28 10:35:00,626.06,626.55,626.06,626.43,65.592,41087.1114
BNBUSDT,1777340400000,2026-04-28 01:40:00,2026-04-28 10:40:00,626.42,626.5,625.96,625.99,141.913,88873.47651
BNBUSDT,1777340700000,2026-04-28 01:45:00,2026-04-28 10:45:00,625.99,626.51,625.7,626.27,321.044,200968.14234
BNBUSDT,1777341000000,2026-04-28 01:50:00,2026-04-28 10:50:00,626.28,626.28,625.96,626.14,111.664,69916.19566
BNBUSDT,1777341300000,2026-04-28 01:55:00,2026-04-28 10:55:00,626.15,626.17,625.5,625.82,372.687,233199.51929
BNBUSDT,1777341600000,2026-04-28 02:00:00,2026-04-28 11:00:00,625.83,626.41,625.5,626.35,207.717,129990.68821
BNBUSDT,1777341900000,2026-04-28 02:05:00,2026-04-28 11:05:00,626.34,626.45,626.03,626.03,53.764,33669.27334
BNBUSDT,1777342200000,2026-04-28 02:10:00,2026-04-28 11:10:00,626.04,626.22,626.03,626.22,56.391,35308.69211
BNBUSDT,1777342500000,2026-04-28 02:15:00,2026-04-28 11:15:00,626.21,626.64,626.03,626.62,203.053,127159.62757
BNBUSDT,1777342800000,2026-04-28 02:20:00,2026-04-28 11:20:00,626.61,626.61,625.64,625.71,202.263,126604.40184
BNBUSDT,1777343100000,2026-04-28 02:25:00,2026-04-28 11:25:00,625.72,625.76,625.04,625.05,130.749,81749.98861
BNBUSDT,1777343400000,2026-04-28 02:30:00,2026-04-28 11:30:00,625.04,625.13,624.51,624.51,230.913,144300.01332
BNBUSDT,1777343700000,2026-04-28 02:35:00,2026-04-28 11:35:00,624.5,624.64,623.33,623.59,331.675,206989.45244
BNBUSDT,1777344000000,2026-04-28 02:40:00,2026-04-28 11:40:00,623.58,623.7,623.31,623.31,178.071,111041.81699
BNBUSDT,1777344300000,2026-04-28 02:45:00,2026-04-28 11:45:00,623.32,623.7,623.28,623.47,139.183,86783.91383
BNBUSDT,1777344600000,2026-04-28 02:50:00,2026-04-28 11:50:00,623.48,624.36,623.48,624.35,281.43,175656.20055
BNBUSDT,1777344900000,2026-04-28 02:55:00,2026-04-28 11:55:00,624.35,624.51,624.19,624.43,333.712,208335.68803
BNBUSDT,1777345200000,2026-04-28 03:00:00,2026-04-28 12:00:00,624.42,624.63,624.2,624.21,126.307,78870.38368
BNBUSDT,1777345500000,2026-04-28 03:05:00,2026-04-28 12:05:00,624.21,624.35,623.66,623.99,247.337,154340.29468
BNBUSDT,1777345800000,2026-04-28 03:10:00,2026-04-28 12:10:00,624,624.35,623.94,623.96,135.022,84264.71366
BNBUSDT,1777346100000,2026-04-28 03:15:00,2026-04-28 12:15:00,623.96,624.09,623.63,623.63,125.075,78036.77068
BNBUSDT,1777346400000,2026-04-28 03:20:00,2026-04-28 12:20:00,623.62,623.85,623.47,623.48,170.933,106604.58754
BNBUSDT,1777346700000,2026-04-28 03:25:00,2026-04-28 12:25:00,623.47,623.82,623.44,623.79,95.403,59496.25892
BNBUSDT,1777347000000,2026-04-28 03:30:00,2026-04-28 12:30:00,623.79,624.35,623.52,624.07,113.575,70853.78757
BNBUSDT,1777347300000,2026-04-28 03:35:00,2026-04-28 12:35:00,624.06,624.29,623.78,623.94,100.609,62788.04228
BNBUSDT,1777347600000,2026-04-28 03:40:00,2026-04-28 12:40:00,623.94,624.03,623.73,623.74,206.663,128934.79574
BNBUSDT,1777347900000,2026-04-28 03:45:00,2026-04-28 12:45:00,623.74,624.12,623.65,624.11,94.792,59131.67889
BNBUSDT,1777348200000,2026-04-28 03:50:00,2026-04-28 12:50:00,624.12,624.28,624.08,624.28,60.016,37458.49802
BNBUSDT,1777348500000,2026-04-28 03:55:00,2026-04-28 12:55:00,624.28,624.66,624.27,624.52,50.237,31371.43644
BNBUSDT,1777348800000,2026-04-28 04:00:00,2026-04-28 13:00:00,624.52,624.63,624.3,624.31,110.969,69298.36052
BNBUSDT,1777349100000,2026-04-28 04:05:00,2026-04-28 13:05:00,624.3,624.35,624.02,624.35,130.011,81153.5005
BNBUSDT,1777349400000,2026-04-28 04:10:00,2026-04-28 13:10:00,624.34,624.97,624.34,624.97,170.28,106375.90087
BNBUSDT,1777349700000,2026-04-28 04:15:00,2026-04-28 13:15:00,624.97,625.99,624.97,625.05,1041.417,651677.27062
BNBUSDT,1777350000000,2026-04-28 04:20:00,2026-04-28 13:20:00,625.04,625.14,624.14,624.31,175.576,109660.80437
BNBUSDT,1777350300000,2026-04-28 04:25:00,2026-04-28 13:25:00,624.3,624.39,623.87,624.27,112.31,70096.23641
BNBUSDT,1777350600000,2026-04-28 04:30:00,2026-04-28 13:30:00,624.26,624.46,623.87,624.08,210.274,131224.02256
BNBUSDT,1777350900000,2026-04-28 04:35:00,2026-04-28 13:35:00,624.09,624.21,623.87,624.04,180.647,112727.4677
BNBUSDT,1777351200000,2026-04-28 04:40:00,2026-04-28 13:40:00,624.04,624.8,624.03,624.52,194.358,121370.60613
BNBUSDT,1777351500000,2026-04-28 04:45:00,2026-04-28 13:45:00,624.52,625.25,624.51,625.24,153.217,95773.71267
BNBUSDT,1777351800000,2026-04-28 04:50:00,2026-04-28 13:50:00,625.24,625.31,625.13,625.29,76.009,47520.81672
BNBUSDT,1777352100000,2026-04-28 04:55:00,2026-04-28 13:55:00,625.29,625.71,625.09,625.51,450.683,281840.56591
BNBUSDT,1777352400000,2026-04-28 05:00:00,2026-04-28 14:00:00,625.51,626,625.34,626,428.756,268246.81792
BNBUSDT,1777352700000,2026-04-28 05:05:00,2026-04-28 14:05:00,625.99,626.5,625.89,625.9,256.126,160392.61877
BNBUSDT,1777353000000,2026-04-28 05:10:00,2026-04-28 14:10:00,625.9,625.9,625.56,625.79,274.966,172062.93639
BNBUSDT,1777353300000,2026-04-28 05:15:00,2026-04-28 14:15:00,625.79,625.79,625.19,625.56,364.878,228179.17241
BNBUSDT,1777353600000,2026-04-28 05:20:00,2026-04-28 14:20:00,625.57,625.73,625.4,625.52,156.464,97880.44253
BNBUSDT,1777353900000,2026-04-28 05:25:00,2026-04-28 14:25:00,625.52,626.62,625.52,626.16,144.526,90485.88536
BNBUSDT,1777354200000,2026-04-28 05:30:00,2026-04-28 14:30:00,626.16,626.16,625.71,625.71,103.083,64518.27662
BNBUSDT,1777354500000,2026-04-28 05:35:00,2026-04-28 14:35:00,625.71,626.14,625.11,625.16,438.325,274305.34521
BNBUSDT,1777354800000,2026-04-28 05:40:00,2026-04-28 14:40:00,625.15,625.15,624.43,624.48,201.12,125645.47689
BNBUSDT,1777355100000,2026-04-28 05:45:00,2026-04-28 14:45:00,624.48,624.74,624.46,624.54,38.543,24072.50615
BNBUSDT,1777355400000,2026-04-28 05:50:00,2026-04-28 14:50:00,624.54,624.96,624.54,624.78,160.287,100137.81196
BNBUSDT,1777355700000,2026-04-28 05:55:00,2026-04-28 14:55:00,624.78,624.98,624.62,624.75,164.881,103020.66842
BNBUSDT,1777356000000,2026-04-28 06:00:00,2026-04-28 15:00:00,624.75,625.14,624.69,625.14,153.517,95923.75909
BNBUSDT,1777356300000,2026-04-28 06:05:00,2026-04-28 15:05:00,625.14,625.65,625.13,625.59,110.41,69052.87808
BNBUSDT,1777356600000,2026-04-28 06:10:00,2026-04-28 15:10:00,625.58,625.68,625.52,625.6,80.368,50277.23263
BNBUSDT,1777356900000,2026-04-28 06:15:00,2026-04-28 15:15:00,625.6,625.63,625.27,625.41,143.172,89541.32025
BNBUSDT,1777357200000,2026-04-28 06:20:00,2026-04-28 15:20:00,625.4,625.55,624.82,624.83,487.8,305076.30522
BNBUSDT,1777357500000,2026-04-28 06:25:00,2026-04-28 15:25:00,624.82,625.96,624.68,625.75,2117.932,1324811.80976
BNBUSDT,1777357800000,2026-04-28 06:30:00,2026-04-28 15:30:00,625.75,625.89,625.47,625.65,384.739,240728.39028
BNBUSDT,1777358100000,2026-04-28 06:35:00,2026-04-28 15:35:00,625.64,625.65,624.51,624.65,380.608,237858.99214
BNBUSDT,1777358400000,2026-04-28 06:40:00,2026-04-28 15:40:00,624.66,624.71,623.22,623.52,547.536,341675.36948
BNBUSDT,1777358700000,2026-04-28 06:45:00,2026-04-28 15:45:00,623.53,623.88,623.13,623.21,679.182,423467.96736
BNBUSDT,1777359000000,2026-04-28 06:50:00,2026-04-28 15:50:00,623.21,623.82,623.21,623.48,176.304,109915.30599
BNBUSDT,1777359300000,2026-04-28 06:55:00,2026-04-28 15:55:00,623.48,623.74,623.09,623.16,284.826,177553.07268
BNBUSDT,1777359600000,2026-04-28 07:00:00,2026-04-28 16:00:00,623.16,623.34,622.88,623.04,536.281,334134.13984
BNBUSDT,1777359900000,2026-04-28 07:05:00,2026-04-28 16:05:00,623.04,623.31,622.8,622.81,273.987,170706.1448
BNBUSDT,1777360200000,2026-04-28 07:10:00,2026-04-28 16:10:00,622.82,622.82,622.58,622.67,237.357,147800.93962
BNBUSDT,1777360500000,2026-04-28 07:15:00,2026-04-28 16:15:00,622.67,622.67,621.86,622.47,617.73,384381.8907
BNBUSDT,1777360800000,2026-04-28 07:20:00,2026-04-28 16:20:00,622.47,623.21,622.34,623.21,544.458,339053.49796
BNBUSDT,1777361100000,2026-04-28 07:25:00,2026-04-28 16:25:00,623.21,623.35,622.74,623.35,435.675,271458.37517
BNBUSDT,1777361400000,2026-04-28 07:30:00,2026-04-28 16:30:00,623.34,624,623.04,623.08,1517.918,946271.41826
BNBUSDT,1777361700000,2026-04-28 07:35:00,2026-04-28 16:35:00,623.07,623.88,623.06,623.77,257.967,160830.65718
BNBUSDT,1777362000000,2026-04-28 07:40:00,2026-04-28 16:40:00,623.77,624.29,623.76,623.93,215.797,134674.68393
BNBUSDT,1777362300000,2026-04-28 07:45:00,2026-04-28 16:45:00,623.94,624.42,623.79,624.24,214.541,133872.65564
BNBUSDT,1777362600000,2026-04-28 07:50:00,2026-04-28 16:50:00,624.23,624.43,624.21,624.42,235.868,147271.51411
BNBUSDT,1777362900000,2026-04-28 07:55:00,2026-04-28 16:55:00,624.42,624.5,624.25,624.26,136.411,85178.81384
BNBUSDT,1777363200000,2026-04-28 08:00:00,2026-04-28 17:00:00,624.26,624.26,623.9,623.91,109.507,68338.22305
BNBUSDT,1777363500000,2026-04-28 08:05:00,2026-04-28 17:05:00,623.91,624.43,623.88,624,173.919,108553.42998
BNBUSDT,1777363800000,2026-04-28 08:10:00,2026-04-28 17:10:00,624,624.33,623.82,624.26,203.554,127032.36041
BNBUSDT,1777364100000,2026-04-28 08:15:00,2026-04-28 17:15:00,624.26,625.21,624.25,624.72,200.947,125577.621
BNBUSDT,1777364400000,2026-04-28 08:20:00,2026-04-28 17:20:00,624.72,625.08,624.69,624.69,126.17,78837.60011
BNBUSDT,1777364700000,2026-04-28 08:25:00,2026-04-28 17:25:00,624.69,625.31,624.68,625.26,159.201,99496.35021
BNBUSDT,1777365000000,2026-04-28 08:30:00,2026-04-28 17:30:00,625.26,625.47,625.12,625.28,158.871,99338.60034
BNBUSDT,1777365300000,2026-04-28 08:35:00,2026-04-28 17:35:00,625.28,625.28,624.78,624.85,129.859,81155.90333
BNBUSDT,1777365600000,2026-04-28 08:40:00,2026-04-28 17:40:00,624.86,624.86,624.29,624.3,310.102,193659.57666
BNBUSDT,1777365900000,2026-04-28 08:45:00,2026-04-28 17:45:00,624.3,624.3,623.76,624.26,187.641,117098.32066
BNBUSDT,1777366200000,2026-04-28 08:50:00,2026-04-28 17:50:00,624.25,624.35,623.91,624.34,135.44,84536.40699
BNBUSDT,1777366500000,2026-04-28 08:55:00,2026-04-28 17:55:00,624.35,624.54,624.13,624.54,172.096,107441.03959
BNBUSDT,1777366800000,2026-04-28 09:00:00,2026-04-28 18:00:00,624.55,624.58,623.84,624.49,168.334,105061.01428
BNBUSDT,1777367100000,2026-04-28 09:05:00,2026-04-28 18:05:00,624.48,624.91,624.27,624.91,153.453,95844.65104
BNBUSDT,1777367400000,2026-04-28 09:10:00,2026-04-28 18:10:00,624.91,624.91,624.55,624.64,125.428,78348.43758
BNBUSDT,1777367700000,2026-04-28 09:15:00,2026-04-28 18:15:00,624.63,624.66,624.36,624.61,79.014,49347.21412
BNBUSDT,1777368000000,2026-04-28 09:20:00,2026-04-28 18:20:00,624.61,624.65,624.35,624.36,205.354,128250.60512
BNBUSDT,1777368300000,2026-04-28 09:25:00,2026-04-28 18:25:00,624.35,624.36,624.02,624.17,68.108,42509.35432
BNBUSDT,1777368600000,2026-04-28 09:30:00,2026-04-28 18:30:00,624.17,624.17,623.07,623.12,120.838,75346.46863
BNBUSDT,1777368900000,2026-04-28 09:35:00,2026-04-28 18:35:00,623.12,623.63,622.95,623.36,191.828,119570.8054
BNBUSDT,1777369200000,2026-04-28 09:40:00,2026-04-28 18:40:00,623.35,623.36,622.95,623.06,274.329,170943.86839
BNBUSDT,1777369500000,2026-04-28 09:45:00,2026-04-28 18:45:00,623.06,623.15,622.66,622.94,426.061,265422.25932
BNBUSDT,1777369800000,2026-04-28 09:50:00,2026-04-28 18:50:00,622.94,623.1,622.4,623.1,538.78,335536.5443
BNBUSDT,1777370100000,2026-04-28 09:55:00,2026-04-28 18:55:00,623.1,623.28,622.78,622.97,106.987,66652.79359
BNBUSDT,1777370400000,2026-04-28 10:00:00,2026-04-28 19:00:00,622.97,623.83,622.97,623.36,523.303,326274.4492
BNBUSDT,1777370700000,2026-04-28 10:05:00,2026-04-28 19:05:00,623.36,623.41,623.1,623.21,118.055,73580.90916
BNBUSDT,1777371000000,2026-04-28 10:10:00,2026-04-28 19:10:00,623.21,623.21,622.99,623.08,111.326,69365.71198
BNBUSDT,1777371300000,2026-04-28 10:15:00,2026-04-28 19:15:00,623.08,623.25,622.66,623.18,112.429,70039.08321
BNBUSDT,1777371600000,2026-04-28 10:20:00,2026-04-28 19:20:00,623.17,623.31,623.09,623.17,78.701,49045.842
BNBUSDT,1777371900000,2026-04-28 10:25:00,2026-04-28 19:25:00,623.18,623.22,622.92,622.93,116.122,72350.30423
BNBUSDT,1777372200000,2026-04-28 10:30:00,2026-04-28 19:30:00,622.93,623.38,622.92,623.28,219.699,136897.65632
BNBUSDT,1777372500000,2026-04-28 10:35:00,2026-04-28 19:35:00,623.29,623.29,622.77,622.78,150.901,94028.97398
BNBUSDT,1777372800000,2026-04-28 10:40:00,2026-04-28 19:40:00,622.78,623.2,622.71,623.17,170.41,106164.86295
BNBUSDT,1777373100000,2026-04-28 10:45:00,2026-04-28 19:45:00,623.17,623.29,622.96,623.19,190.462,118677.32714
BNBUSDT,1777373400000,2026-04-28 10:50:00,2026-04-28 19:50:00,623.19,623.2,623,623.2,135.736,84578.09311
BNBUSDT,1777373700000,2026-04-28 10:55:00,2026-04-28 19:55:00,623.2,623.31,622.41,622.71,432.809,269580.92475
BNBUSDT,1777374000000,2026-04-28 11:00:00,2026-04-28 20:00:00,622.7,622.96,622.21,622.21,254.421,158387.91571
BNBUSDT,1777374300000,2026-04-28 11:05:00,2026-04-28 20:05:00,622.21,622.42,621.97,622.31,106.729,66405.86885
BNBUSDT,1777374600000,2026-04-28 11:10:00,2026-04-28 20:10:00,622.3,622.31,622.02,622.03,99.44,61868.62638
BNBUSDT,1777374900000,2026-04-28 11:15:00,2026-04-28 20:15:00,622.03,622.5,621.5,622.07,493.717,307063.28843
BNBUSDT,1777375200000,2026-04-28 11:20:00,2026-04-28 20:20:00,622.08,622.84,622.07,622.52,156.365,97329.1603
BNBUSDT,1777375500000,2026-04-28 11:25:00,2026-04-28 20:25:00,622.52,622.69,621.97,622.22,190.607,118611.41603
BNBUSDT,1777375800000,2026-04-28 11:30:00,2026-04-28 20:30:00,622.21,622.41,621.95,622.34,91.165,56716.81556
BNBUSDT,1777376100000,2026-04-28 11:35:00,2026-04-28 20:35:00,622.34,622.34,621.55,621.68,327.902,203882.46185
BNBUSDT,1777376400000,2026-04-28 11:40:00,2026-04-28 20:40:00,621.69,622.09,621.53,622.09,225.508,140221.10903
BNBUSDT,1777376700000,2026-04-28 11:45:00,2026-04-28 20:45:00,622.08,622.17,621.21,621.27,249.977,155400.27907
BNBUSDT,1777377000000,2026-04-28 11:50:00,2026-04-28 20:50:00,621.27,621.8,621.27,621.45,465.962,289606.51424
BNBUSDT,1777377300000,2026-04-28 11:55:00,2026-04-28 20:55:00,621.46,621.86,621.46,621.85,128.958,80167.11353
BNBUSDT,1777377600000,2026-04-28 12:00:00,2026-04-28 21:00:00,621.86,622.13,621.7,621.81,341.164,212178.72772
BNBUSDT,1777377900000,2026-04-28 12:05:00,2026-04-28 21:05:00,621.81,622.13,621.69,621.74,137.353,85413.37981
BNBUSDT,1777378200000,2026-04-28 12:10:00,2026-04-28 21:10:00,621.75,622.27,621.58,622.04,88.494,55039.57542
BNBUSDT,1777378500000,2026-04-28 12:15:00,2026-04-28 21:15:00,622.04,622.22,621.67,621.82,199.104,123845.58859
BNBUSDT,1777378800000,2026-04-28 12:20:00,2026-04-28 21:20:00,621.83,622.94,621.62,621.73,503.81,313544.26947
BNBUSDT,1777379100000,2026-04-28 12:25:00,2026-04-28 21:25:00,621.72,621.73,621.41,621.5,154.498,96024.07445
BNBUSDT,1777379400000,2026-04-28 12:30:00,2026-04-28 21:30:00,621.5,621.76,621.13,621.76,159.283,98984.93133
BNBUSDT,1777379700000,2026-04-28 12:35:00,2026-04-28 21:35:00,621.75,622.29,621.64,622.29,422.516,262789.23931
BNBUSDT,1777380000000,2026-04-28 12:40:00,2026-04-28 21:40:00,622.28,622.85,622.23,622.76,290.189,180644.94254
BNBUSDT,1777380300000,2026-04-28 12:45:00,2026-04-28 21:45:00,622.76,623.54,622.72,623.28,458.48,285686.33683
BNBUSDT,1777380600000,2026-04-28 12:50:00,2026-04-28 21:50:00,623.29,623.5,623.12,623.12,253.483,158020.56719
BNBUSDT,1777380900000,2026-04-28 12:55:00,2026-04-28 21:55:00,623.13,623.39,623.02,623.26,272.019,169531.82216
BNBUSDT,1777381200000,2026-04-28 13:00:00,2026-04-28 22:00:00,623.26,623.26,622.63,622.63,158.14,98505.58654
BNBUSDT,1777381500000,2026-04-28 13:05:00,2026-04-28 22:05:00,622.63,622.63,621.31,621.32,328.876,204573.43594
BNBUSDT,1777381800000,2026-04-28 13:10:00,2026-04-28 22:10:00,621.31,622.07,620.54,621.54,569.342,353676.33286
BNBUSDT,1777382100000,2026-04-28 13:15:00,2026-04-28 22:15:00,621.54,621.71,621,621.61,140.192,87101.82593
BNBUSDT,1777382400000,2026-04-28 13:20:00,2026-04-28 22:20:00,621.61,621.87,621.57,621.65,120.826,75114.76058
BNBUSDT,1777382700000,2026-04-28 13:25:00,2026-04-28 22:25:00,621.66,622.23,620.87,621.65,2032.771,1262725.64919
BNBUSDT,1777383000000,2026-04-28 13:30:00,2026-04-28 22:30:00,621.66,622.35,621.07,622.11,234.334,145665.63111
BNBUSDT,1777383300000,2026-04-28 13:35:00,2026-04-28 22:35:00,622.1,622.77,621.95,622.35,128.265,79836.5939
BNBUSDT,1777383600000,2026-04-28 13:40:00,2026-04-28 22:40:00,622.35,622.88,621.75,622.82,580.431,361270.30713
BNBUSDT,1777383900000,2026-04-28 13:45:00,2026-04-28 22:45:00,622.81,623.63,622.59,622.8,314.748,196126.3799
BNBUSDT,1777384200000,2026-04-28 13:50:00,2026-04-28 22:50:00,622.8,622.8,621.76,621.83,165.98,103271.03766
BNBUSDT,1777384500000,2026-04-28 13:55:00,2026-04-28 22:55:00,621.83,622.23,621.21,622.22,154.064,95782.26349
BNBUSDT,1777384800000,2026-04-28 14:00:00,2026-04-28 23:00:00,622.22,622.22,620.83,621.34,156.809,97452.08032
BNBUSDT,1777385100000,2026-04-28 14:05:00,2026-04-28 23:05:00,621.37,621.77,620.92,621.01,100.177,62253.52745
BNBUSDT,1777385400000,2026-04-28 14:10:00,2026-04-28 23:10:00,621,621.23,620.78,621.02,151.12,93838.48793
BNBUSDT,1777385700000,2026-04-28 14:15:00,2026-04-28 23:15:00,621.02,621.3,620.49,620.89,469.416,291433.88485
BNBUSDT,1777386000000,2026-04-28 14:20:00,2026-04-28 23:20:00,620.88,621.25,620.23,620.54,559.645,347335.65397
BNBUSDT,1777386300000,2026-04-28 14:25:00,2026-04-28 23:25:00,620.53,620.54,619.62,620.21,980.208,607759.55226
BNBUSDT,1777386600000,2026-04-28 14:30:00,2026-04-28 23:30:00,620.22,620.58,619.87,619.88,307.206,190555.54798
BNBUSDT,1777386900000,2026-04-28 14:35:00,2026-04-28 23:35:00,619.87,619.98,619,619.98,612.927,379731.92836
BNBUSDT,1777387200000,2026-04-28 14:40:00,2026-04-28 23:40:00,619.97,620.98,619.71,620.94,644.139,399571.53061
BNBUSDT,1777387500000,2026-04-28 14:45:00,2026-04-28 23:45:00,620.94,621.09,620.17,620.64,503.252,312280.42263
BNBUSDT,1777387800000,2026-04-28 14:50:00,2026-04-28 23:50:00,620.64,620.8,620.06,620.64,249.499,154794.05907
BNBUSDT,1777388100000,2026-04-28 14:55:00,2026-04-28 23:55:00,620.64,622.29,620.62,622.29,728.955,453201.5599
BNBUSDT,1777388400000,2026-04-28 15:00:00,2026-04-29 00:00:00,622.3,622.93,622.3,622.75,460.052,286440.02287
BNBUSDT,1777388700000,2026-04-28 15:05:00,2026-04-29 00:05:00,622.76,622.87,622.18,622.87,268.487,167156.78315
BNBUSDT,1777389000000,2026-04-28 15:10:00,2026-04-29 00:10:00,622.87,622.88,622.6,622.65,146.389,91163.37002
BNBUSDT,1777389300000,2026-04-28 15:15:00,2026-04-29 00:15:00,622.65,623,622.37,622.82,280.818,174881.9864
BNBUSDT,1777389600000,2026-04-28 15:20:00,2026-04-29 00:20:00,622.83,622.87,622.4,622.66,321.409,200173.6334
BNBUSDT,1777389900000,2026-04-28 15:25:00,2026-04-29 00:25:00,622.66,622.66,622.19,622.5,118.725,73904.13253
BNBUSDT,1777390200000,2026-04-28 15:30:00,2026-04-29 00:30:00,622.5,622.5,621.81,622,163.822,101911.92278
BNBUSDT,1777390500000,2026-04-28 15:35:00,2026-04-29 00:35:00,621.99,622.64,621.92,622.33,306.307,190570.29147
BNBUSDT,1777390800000,2026-04-28 15:40:00,2026-04-29 00:40:00,622.33,622.68,621.92,621.98,409.699,255010.47595
BNBUSDT,1777391100000,2026-04-28 15:45:00,2026-04-29 00:45:00,621.97,622.72,621.89,622.19,222.109,138246.85926
BNBUSDT,1777391400000,2026-04-28 15:50:00,2026-04-29 00:50:00,622.19,622.82,622.1,622.74,223.08,138876.4935
BNBUSDT,1777391700000,2026-04-28 15:55:00,2026-04-29 00:55:00,622.73,622.82,622.51,622.82,288.198,179446.62997
BNBUSDT,1777392000000,2026-04-28 16:00:00,2026-04-29 01:00:00,622.82,623,622.49,622.97,204.981,127663.17165
BNBUSDT,1777392300000,2026-04-28 16:05:00,2026-04-29 01:05:00,622.97,622.98,622.55,622.68,175.045,109022.14082
BNBUSDT,1777392600000,2026-04-28 16:10:00,2026-04-29 01:10:00,622.68,622.78,622.15,622.56,196.909,122592.90773
BNBUSDT,1777392900000,2026-04-28 16:15:00,2026-04-29 01:15:00,622.56,622.56,622.04,622.15,142.149,88445.9083
BNBUSDT,1777393200000,2026-04-28 16:20:00,2026-04-29 01:20:00,622.15,622.61,622.14,622.23,205.316,127791.53617
BNBUSDT,1777393500000,2026-04-28 16:25:00,2026-04-29 01:25:00,622.24,622.38,622.07,622.1,71.641,44579.01759
BNBUSDT,1777393800000,2026-04-28 16:30:00,2026-04-29 01:30:00,622.09,622.36,622,622.02,113.119,70378.36837
BNBUSDT,1777394100000,2026-04-28 16:35:00,2026-04-29 01:35:00,622.02,622.27,621.82,622.14,99.089,61638.3438
BNBUSDT,1777394400000,2026-04-28 16:40:00,2026-04-29 01:40:00,622.15,622.43,622.09,622.23,102.013,63476.12236
BNBUSDT,1777394700000,2026-04-28 16:45:00,2026-04-29 01:45:00,622.23,622.61,622.21,622.58,129.196,80414.96129
BNBUSDT,1777395000000,2026-04-28 16:50:00,2026-04-29 01:50:00,622.59,623.59,622.41,623.3,643.617,400857.82745
BNBUSDT,1777395300000,2026-04-28 16:55:00,2026-04-29 01:55:00,623.31,623.52,622.99,623.48,268.219,167177.35529
BNBUSDT,1777395600000,2026-04-28 17:00:00,2026-04-29 02:00:00,623.48,623.9,622.94,623.07,289.472,180485.45401
BNBUSDT,1777395900000,2026-04-28 17:05:00,2026-04-29 02:05:00,623.07,623.07,622.7,622.91,228.481,142318.1882
BNBUSDT,1777396200000,2026-04-28 17:10:00,2026-04-29 02:10:00,622.91,623.25,622.71,622.99,243.961,151982.1393
BNBUSDT,1777396500000,2026-04-28 17:15:00,2026-04-29 02:15:00,623,623.07,622.5,622.5,378.733,235884.15938
BNBUSDT,1777396800000,2026-04-28 17:20:00,2026-04-29 02:20:00,622.51,622.85,622.43,622.84,186.764,116262.90517
BNBUSDT,1777397100000,2026-04-28 17:25:00,2026-04-29 02:25:00,622.85,623.14,622.69,622.97,72.909,45416.29358
BNBUSDT,1777397400000,2026-04-28 17:30:00,2026-04-29 02:30:00,622.97,623.39,622.97,623.39,88.983,55455.0039
BNBUSDT,1777397700000,2026-04-28 17:35:00,2026-04-29 02:35:00,623.4,623.86,623.34,623.55,200.567,125080.93809
BNBUSDT,1777398000000,2026-04-28 17:40:00,2026-04-29 02:40:00,623.54,623.81,623.54,623.79,62.052,38701.64544
BNBUSDT,1777398300000,2026-04-28 17:45:00,2026-04-29 02:45:00,623.79,624,623.7,623.85,114.384,71364.36268
BNBUSDT,1777398600000,2026-04-28 17:50:00,2026-04-29 02:50:00,623.85,623.85,623.36,623.36,126.953,79176.30997
BNBUSDT,1777398900000,2026-04-28 17:55:00,2026-04-29 02:55:00,623.35,623.79,623.34,623.52,145.742,90888.44026
BNBUSDT,1777399200000,2026-04-28 18:00:00,2026-04-29 03:00:00,623.52,623.73,623.37,623.71,70.681,44071.22695
BNBUSDT,1777399500000,2026-04-28 18:05:00,2026-04-29 03:05:00,623.71,623.82,623.3,623.46,106.655,66504.3672
BNBUSDT,1777399800000,2026-04-28 18:10:00,2026-04-29 03:10:00,623.46,623.55,623.38,623.46,39.142,24403.01435
BNBUSDT,1777400100000,2026-04-28 18:15:00,2026-04-29 03:15:00,623.46,623.98,623.45,623.94,104.345,65084.91089
BNBUSDT,1777400400000,2026-04-28 18:20:00,2026-04-29 03:20:00,623.95,623.96,623.53,623.92,217.267,135539.98364
BNBUSDT,1777400700000,2026-04-28 18:25:00,2026-04-29 03:25:00,623.91,623.97,623.63,623.92,68.642,42818.07238
BNBUSDT,1777401000000,2026-04-28 18:30:00,2026-04-29 03:30:00,623.92,624.01,623.68,623.68,194.506,121350.2784
BNBUSDT,1777401300000,2026-04-28 18:35:00,2026-04-29 03:35:00,623.68,623.8,623.56,623.6,134.17,83682.48515
BNBUSDT,1777401600000,2026-04-28 18:40:00,2026-04-29 03:40:00,623.61,623.61,623.29,623.39,74.088,46189.17056
BNBUSDT,1777401900000,2026-04-28 18:45:00,2026-04-29 03:45:00,623.39,623.39,623.05,623.14,88.831,55358.81091
BNBUSDT,1777402200000,2026-04-28 18:50:00,2026-04-29 03:50:00,623.15,623.55,623.15,623.5,77.745,48459.18335
BNBUSDT,1777402500000,2026-04-28 18:55:00,2026-04-29 03:55:00,623.51,623.77,623.43,623.73,118.703,74021.99031
BNBUSDT,1777402800000,2026-04-28 19:00:00,2026-04-29 04:00:00,623.73,623.73,623.25,623.25,70.083,43696.53013
BNBUSDT,1777403100000,2026-04-28 19:05:00,2026-04-29 04:05:00,623.26,623.51,623.25,623.41,46.526,29002.73648
BNBUSDT,1777403400000,2026-04-28 19:10:00,2026-04-29 04:10:00,623.41,623.41,622.97,623.13,74.015,46129.63052
BNBUSDT,1777403700000,2026-04-28 19:15:00,2026-04-29 04:15:00,623.12,623.27,623.04,623.07,39.9,24864.18626
BNBUSDT,1777404000000,2026-04-28 19:20:00,2026-04-29 04:20:00,623.07,623.16,623.06,623.15,58.041,36165.27054
BNBUSDT,1777404300000,2026-04-28 19:25:00,2026-04-29 04:25:00,623.16,623.3,623.14,623.3,38.301,23869.22293
BNBUSDT,1777404600000,2026-04-28 19:30:00,2026-04-29 04:30:00,623.3,623.35,623.28,623.3,47.084,29347.58743
BNBUSDT,1777404900000,2026-04-28 19:35:00,2026-04-29 04:35:00,623.29,623.64,623.29,623.63,71.588,44631.68038
BNBUSDT,1777405200000,2026-04-28 19:40:00,2026-04-29 04:40:00,623.64,624.06,623.63,624.06,163.219,101814.56956
BNBUSDT,1777405500000,2026-04-28 19:45:00,2026-04-29 04:45:00,624.05,624.27,623.81,623.88,105.114,65602.45994
BNBUSDT,1777405800000,2026-04-28 19:50:00,2026-04-29 04:50:00,623.89,624.2,623.89,624.02,170.551,106436.2472
BNBUSDT,1777406100000,2026-04-28 19:55:00,2026-04-29 04:55:00,624.02,624.3,624.02,624.17,468.379,292326.71759
BNBUSDT,1777406400000,2026-04-28 20:00:00,2026-04-29 05:00:00,624.17,624.39,624.16,624.39,55.169,34440.12367
BNBUSDT,1777406700000,2026-04-28 20:05:00,2026-04-29 05:05:00,624.4,624.46,623.77,624,158.234,98748.10305
BNBUSDT,1777407000000,2026-04-28 20:10:00,2026-04-29 05:10:00,624,624.18,623.99,624.18,124.945,77972.9193
BNBUSDT,1777407300000,2026-04-28 20:15:00,2026-04-29 05:15:00,624.17,624.19,623.93,624.18,204.906,127876.41284
BNBUSDT,1777407600000,2026-04-28 20:20:00,2026-04-29 05:20:00,624.19,624.24,623.91,623.91,93.912,58605.05674
BNBUSDT,1777407900000,2026-04-28 20:25:00,2026-04-29 05:25:00,623.92,623.97,623.74,623.9,150.964,94182.99148
BNBUSDT,1777408200000,2026-04-28 20:30:00,2026-04-29 05:30:00,623.9,624.31,623.81,624.18,186.811,116568.7754
BNBUSDT,1777408500000,2026-04-28 20:35:00,2026-04-29 05:35:00,624.19,624.26,623.87,624.18,436.779,272592.4213
BNBUSDT,1777408800000,2026-04-28 20:40:00,2026-04-29 05:40:00,624.17,624.18,623.88,623.89,129.88,81050.55212
BNBUSDT,1777409100000,2026-04-28 20:45:00,2026-04-29 05:45:00,623.89,624.2,623.88,624.16,89.972,56147.90292
BNBUSDT,1777409400000,2026-04-28 20:50:00,2026-04-29 05:50:00,624.16,624.31,624.15,624.25,111.832,69809.04441
BNBUSDT,1777409700000,2026-04-28 20:55:00,2026-04-29 05:55:00,624.25,624.4,624.2,624.28,122.536,76495.92057
BNBUSDT,1777410000000,2026-04-28 21:00:00,2026-04-29 06:00:00,624.29,624.62,624.28,624.62,156.997,98046.37873
BNBUSDT,1777410300000,2026-04-28 21:05:00,2026-04-29 06:05:00,624.62,624.66,624.15,624.17,149.442,93317.58227
BNBUSDT,1777410600000,2026-04-28 21:10:00,2026-04-29 06:10:00,624.17,624.18,623.79,623.9,141.753,88453.98606
BNBUSDT,1777410900000,2026-04-28 21:15:00,2026-04-29 06:15:00,623.91,623.94,623.67,623.75,103.496,64559.74227
BNBUSDT,1777411200000,2026-04-28 21:20:00,2026-04-29 06:20:00,623.75,623.9,623.7,623.71,97.437,60779.57005
BNBUSDT,1777411500000,2026-04-28 21:25:00,2026-04-29 06:25:00,623.71,623.71,623.41,623.46,77.417,48272.7039
BNBUSDT,1777411800000,2026-04-28 21:30:00,2026-04-29 06:30:00,623.45,623.66,623.45,623.56,61.665,38451.45818
BNBUSDT,1777412100000,2026-04-28 21:35:00,2026-04-29 06:35:00,623.56,623.8,623.45,623.54,101.213,63116.01771
BNBUSDT,1777412400000,2026-04-28 21:40:00,2026-04-29 06:40:00,623.54,623.74,623.25,623.25,153.892,95953.03163
BNBUSDT,1777412700000,2026-04-28 21:45:00,2026-04-29 06:45:00,623.25,623.28,623.1,623.28,28.269,17616.65802
BNBUSDT,1777413000000,2026-04-28 21:50:00,2026-04-29 06:50:00,623.28,623.34,623,623.08,120.765,75245.08239
BNBUSDT,1777413300000,2026-04-28 21:55:00,2026-04-29 06:55:00,623.08,623.81,623.07,623.61,69.913,43597.10366
BNBUSDT,1777413600000,2026-04-28 22:00:00,2026-04-29 07:00:00,623.61,623.9,623.57,623.83,67.057,41822.66439
BNBUSDT,1777413900000,2026-04-28 22:05:00,2026-04-29 07:05:00,623.83,624.38,623.83,624.17,55.801,34822.97313
BNBUSDT,1777414200000,2026-04-28 22:10:00,2026-04-29 07:10:00,624.17,624.17,623.66,623.7,175.016,109186.61955
BNBUSDT,1777414500000,2026-04-28 22:15:00,2026-04-29 07:15:00,623.7,623.7,623.6,623.69,16.927,10557.11738
BNBUSDT,1777414800000,2026-04-28 22:20:00,2026-04-29 07:20:00,623.69,623.79,623.6,623.72,56.979,35536.69428
BNBUSDT,1777415100000,2026-04-28 22:25:00,2026-04-29 07:25:00,623.72,623.8,623.69,623.78,56.295,35113.51537
BNBUSDT,1777415400000,2026-04-28 22:30:00,2026-04-29 07:30:00,623.79,623.85,623.38,623.51,168.192,104873.65497
BNBUSDT,1777415700000,2026-04-28 22:35:00,2026-04-29 07:35:00,623.51,623.52,623.27,623.27,77.61,48384.87226
BNBUSDT,1777416000000,2026-04-28 22:40:00,2026-04-29 07:40:00,623.27,623.28,623.1,623.15,41.25,25705.50703
BNBUSDT,1777416300000,2026-04-28 22:45:00,2026-04-29 07:45:00,623.15,623.16,623,623.04,38.354,23898.05507
BNBUSDT,1777416600000,2026-04-28 22:50:00,2026-04-29 07:50:00,623.04,623.04,622.87,622.94,148.631,92593.99893
BNBUSDT,1777416900000,2026-04-28 22:55:00,2026-04-29 07:55:00,622.93,623.25,622.87,623.24,45.419,28298.34887
BNBUSDT,1777417200000,2026-04-28 23:00:00,2026-04-29 08:00:00,623.24,623.25,622.95,623.24,116.623,72665.90811
BNBUSDT,1777417500000,2026-04-28 23:05:00,2026-04-29 08:05:00,623.24,623.84,623.23,623.73,45.719,28504.83282
BNBUSDT,1777417800000,2026-04-28 23:10:00,2026-04-29 08:10:00,623.73,623.9,623.72,623.84,33.607,20965.03566
BNBUSDT,1777418100000,2026-04-28 23:15:00,2026-04-29 08:15:00,623.84,624,623.76,623.79,63.217,39443.46607
BNBUSDT,1777418400000,2026-04-28 23:20:00,2026-04-29 08:20:00,623.8,623.91,623.79,623.91,25.335,15805.45992
BNBUSDT,1777418700000,2026-04-28 23:25:00,2026-04-29 08:25:00,623.91,623.97,623.61,623.85,82.568,51507.21742
BNBUSDT,1777419000000,2026-04-28 23:30:00,2026-04-29 08:30:00,623.85,623.88,623.57,623.58,130.947,81686.63021
BNBUSDT,1777419300000,2026-04-28 23:35:00,2026-04-29 08:35:00,623.58,623.85,623.57,623.85,44.193,27563.48694
BNBUSDT,1777419600000,2026-04-28 23:40:00,2026-04-29 08:40:00,623.85,624,623.84,624,102.659,64058.12553
BNBUSDT,1777419900000,2026-04-28 23:45:00,2026-04-29 08:45:00,624,624.48,624,624.24,88.204,55060.92692
BNBUSDT,1777420200000,2026-04-28 23:50:00,2026-04-29 08:50:00,624.24,624.33,624.22,624.3,77.045,48098.50009
BNBUSDT,1777420500000,2026-04-28 23:55:00,2026-04-29 08:55:00,624.3,624.64,624.15,624.55,132.092,82486.35071
BNBUSDT,1777420800000,2026-04-29 00:00:00,2026-04-29 09:00:00,624.56,624.81,624.28,624.72,174.97,109283.06143
BNBUSDT,1777421100000,2026-04-29 00:05:00,2026-04-29 09:05:00,624.72,624.91,624.72,624.87,125.28,78277.98491
BNBUSDT,1777421400000,2026-04-29 00:10:00,2026-04-29 09:10:00,624.87,624.88,624.64,624.82,137.553,85935.26307
BNBUSDT,1777421700000,2026-04-29 00:15:00,2026-04-29 09:15:00,624.82,624.82,624.56,624.76,201.786,126060.77767
BNBUSDT,1777422000000,2026-04-29 00:20:00,2026-04-29 09:20:00,624.76,624.77,624.32,624.39,96.32,60152.22953
BNBUSDT,1777422300000,2026-04-29 00:25:00,2026-04-29 09:25:00,624.4,624.4,623.86,623.86,88.082,54972.16421
BNBUSDT,1777422600000,2026-04-29 00:30:00,2026-04-29 09:30:00,623.87,624.05,623.57,623.68,130.275,81270.01336
BNBUSDT,1777422900000,2026-04-29 00:35:00,2026-04-29 09:35:00,623.68,623.98,623.68,623.98,108.693,67810.88955
BNBUSDT,1777423200000,2026-04-29 00:40:00,2026-04-29 09:40:00,623.98,624.38,623.97,624.17,44.694,27897.13402
BNBUSDT,1777423500000,2026-04-29 00:45:00,2026-04-29 09:45:00,624.17,624.17,623.94,624.15,128.903,80443.02477
BNBUSDT,1777423800000,2026-04-29 00:50:00,2026-04-29 09:50:00,624.15,624.63,623.96,624.56,212.197,132470.87832
BNBUSDT,1777424100000,2026-04-29 00:55:00,2026-04-29 09:55:00,624.56,624.81,624.55,624.6,76.157,47573.39313
BNBUSDT,1777424400000,2026-04-29 01:00:00,2026-04-29 10:00:00,624.61,624.82,624.36,624.79,95.796,59834.38576
BNBUSDT,1777424700000,2026-04-29 01:05:00,2026-04-29 10:05:00,624.79,624.8,623.34,623.76,147.297,91937.20495
BNBUSDT,1777425000000,2026-04-29 01:10:00,2026-04-29 10:10:00,623.76,624.12,623.7,623.81,134.547,83935.55083
BNBUSDT,1777425300000,2026-04-29 01:15:00,2026-04-29 10:15:00,623.82,623.94,623.06,623.55,285.588,178101.82523
BNBUSDT,1777425600000,2026-04-29 01:20:00,2026-04-29 10:20:00,623.56,623.62,623.05,623.15,58.508,36472.01223
BNBUSDT,1777425900000,2026-04-29 01:25:00,2026-04-29 10:25:00,623.14,623.29,623,623.01,99.819,62201.68567
BNBUSDT,1777426200000,2026-04-29 01:30:00,2026-04-29 10:30:00,623.01,623.06,622.56,622.93,142.429,88709.02906
BNBUSDT,1777426500000,2026-04-29 01:35:00,2026-04-29 10:35:00,622.94,623.6,622.94,623.5,143.969,89733.72107
BNBUSDT,1777426800000,2026-04-29 01:40:00,2026-04-29 10:40:00,623.51,624.55,623.51,624.54,154.224,96235.66643
BNBUSDT,1777427100000,2026-04-29 01:45:00,2026-04-29 10:45:00,624.54,625.25,624.35,625.25,313.114,195662.6994
BNBUSDT,1777427400000,2026-04-29 01:50:00,2026-04-29 10:50:00,625.25,625.33,624.86,624.86,301.648,188583.4341
BNBUSDT,1777427700000,2026-04-29 01:55:00,2026-04-29 10:55:00,624.87,624.97,624.61,624.72,165.185,103196.72494
BNBUSDT,1777428000000,2026-04-29 02:00:00,2026-04-29 11:00:00,624.73,625.3,624.7,624.92,141.6,88501.80935
BNBUSDT,1777428300000,2026-04-29 02:05:00,2026-04-29 11:05:00,624.92,625.06,624.77,625.06,102.01,63751.78685
BNBUSDT,1777428600000,2026-04-29 02:10:00,2026-04-29 11:10:00,625.07,625.11,624.7,624.74,221.909,138663.40555
BNBUSDT,1777428900000,2026-04-29 02:15:00,2026-04-29 11:15:00,624.73,624.87,624.28,624.75,267.373,166998.91909
BNBUSDT,1777429200000,2026-04-29 02:20:00,2026-04-29 11:20:00,624.74,624.74,624.37,624.44,191.685,119719.20729
BNBUSDT,1777429500000,2026-04-29 02:25:00,2026-04-29 11:25:00,624.43,624.84,624.38,624.4,65.078,40649.01784
BNBUSDT,1777429800000,2026-04-29 02:30:00,2026-04-29 11:30:00,624.4,624.46,623.61,624.07,249.073,155424.67268
BNBUSDT,1777430100000,2026-04-29 02:35:00,2026-04-29 11:35:00,624.08,624.12,623.89,623.91,67.478,42106.90028
BNBUSDT,1777430400000,2026-04-29 02:40:00,2026-04-29 11:40:00,623.9,624.05,623.89,623.89,109.238,68157.56937
BNBUSDT,1777430700000,2026-04-29 02:45:00,2026-04-29 11:45:00,623.89,623.99,623.71,623.9,96.299,60072.98227
BNBUSDT,1777431000000,2026-04-29 02:50:00,2026-04-29 11:50:00,623.91,624.15,623.8,624.11,221.298,138092.29162
BNBUSDT,1777431300000,2026-04-29 02:55:00,2026-04-29 11:55:00,624.11,624.21,624.1,624.18,148.378,92610.0208
BNBUSDT,1777431600000,2026-04-29 03:00:00,2026-04-29 12:00:00,624.19,624.68,624.19,624.19,190.89,119197.87241
BNBUSDT,1777431900000,2026-04-29 03:05:00,2026-04-29 12:05:00,624.19,624.38,624.11,624.37,87.001,54311.67146
BNBUSDT,1777432200000,2026-04-29 03:10:00,2026-04-29 12:10:00,624.38,624.65,624.38,624.55,60.07,37516.06449
BNBUSDT,1777432500000,2026-04-29 03:15:00,2026-04-29 12:15:00,624.54,626.11,624.54,625.61,931.226,582676.34192
BNBUSDT,1777432800000,2026-04-29 03:20:00,2026-04-29 12:20:00,625.6,626,625.3,625.43,548.004,342882.38163
BNBUSDT,1777433100000,2026-04-29 03:25:00,2026-04-29 12:25:00,625.43,625.79,625.12,625.73,199.051,124503.76949
BNBUSDT,1777433400000,2026-04-29 03:30:00,2026-04-29 12:30:00,625.72,625.73,625.05,625.07,132.529,82893.35356
BNBUSDT,1777433700000,2026-04-29 03:35:00,2026-04-29 12:35:00,625.06,626.73,625.06,625.96,1274.903,798076.56172
BNBUSDT,1777434000000,2026-04-29 03:40:00,2026-04-29 12:40:00,625.95,626.61,625.51,626.31,521.2,326294.16553
BNBUSDT,1777434300000,2026-04-29 03:45:00,2026-04-29 12:45:00,626.31,626.44,625.99,626.14,128.602,80523.85562
BNBUSDT,1777434600000,2026-04-29 03:50:00,2026-04-29 12:50:00,626.15,626.15,625.93,626.02,94.153,58940.36102
BNBUSDT,1777434900000,2026-04-29 03:55:00,2026-04-29 12:55:00,626.02,626.1,625.89,626.05,65.06,40727.3757
BNBUSDT,1777435200000,2026-04-29 04:00:00,2026-04-29 13:00:00,626.05,626.27,625.64,625.75,278.157,174133.92029
BNBUSDT,1777435500000,2026-04-29 04:05:00,2026-04-29 13:05:00,625.74,625.75,625.46,625.49,80.543,50390.14338
BNBUSDT,1777435800000,2026-04-29 04:10:00,2026-04-29 13:10:00,625.49,625.49,625,625.35,243.294,152123.50683
BNBUSDT,1777436100000,2026-04-29 04:15:00,2026-04-29 13:15:00,625.34,625.69,625.34,625.69,202.071,126405.27488
BNBUSDT,1777436400000,2026-04-29 04:20:00,2026-04-29 13:20:00,625.68,626,625.67,625.88,305.793,191355.77656
BNBUSDT,1777436700000,2026-04-29 04:25:00,2026-04-29 13:25:00,625.88,625.95,625.85,625.87,79.4,49696.63504
BNBUSDT,1777437000000,2026-04-29 04:30:00,2026-04-29 13:30:00,625.86,627,625.79,626.69,544.758,341297.9427
BNBUSDT,1777437300000,2026-04-29 04:35:00,2026-04-29 13:35:00,626.69,627.3,626.57,627.26,763.311,478530.61093
BNBUSDT,1777437600000,2026-04-29 04:40:00,2026-04-29 13:40:00,627.25,628.5,627.25,627.61,1402.55,880787.9117
BNBUSDT,1777437900000,2026-04-29 04:45:00,2026-04-29 13:45:00,627.61,628.44,627.6,628.24,419.835,263703.25742
BNBUSDT,1777438200000,2026-04-29 04:50:00,2026-04-29 13:50:00,628.24,628.5,627.92,628.15,438.66,275508.27434
BNBUSDT,1777438500000,2026-04-29 04:55:00,2026-04-29 13:55:00,628.15,628.33,627.79,627.86,308.297,193614.76754
BNBUSDT,1777438800000,2026-04-29 05:00:00,2026-04-29 14:00:00,627.86,628.05,627.23,627.63,366.08,229758.30553
BNBUSDT,1777439100000,2026-04-29 05:05:00,2026-04-29 14:05:00,627.62,628.05,627.62,627.91,553.199,347357.50091
BNBUSDT,1777439400000,2026-04-29 05:10:00,2026-04-29 14:10:00,627.9,627.91,627.51,627.51,713.819,448158.58241
BNBUSDT,1777439700000,2026-04-29 05:15:00,2026-04-29 14:15:00,627.52,627.68,627.12,627.23,172.821,108441.1273
BNBUSDT,1777440000000,2026-04-29 05:20:00,2026-04-29 14:20:00,627.24,627.38,627.14,627.15,92.268,57871.7016
BNBUSDT,1777440300000,2026-04-29 05:25:00,2026-04-29 14:25:00,627.15,627.43,627.05,627.43,201.641,126462.4142
BNBUSDT,1777440600000,2026-04-29 05:30:00,2026-04-29 14:30:00,627.44,627.49,627.17,627.17,82.235,51585.80625
BNBUSDT,1777440900000,2026-04-29 05:35:00,2026-04-29 14:35:00,627.17,627.69,627.14,627.69,70.601,44292.01855
BNBUSDT,1777441200000,2026-04-29 05:40:00,2026-04-29 14:40:00,627.69,627.72,627.52,627.64,219.611,137831.56915
BNBUSDT,1777441500000,2026-04-29 05:45:00,2026-04-29 14:45:00,627.64,628.23,627.64,628.02,286.987,180239.78613
BNBUSDT,1777441800000,2026-04-29 05:50:00,2026-04-29 14:50:00,628.02,628.03,627.46,627.57,230.152,144485.60179
BNBUSDT,1777442100000,2026-04-29 05:55:00,2026-04-29 14:55:00,627.57,627.58,627.15,627.35,196.422,123234.72455
BNBUSDT,1777442400000,2026-04-29 06:00:00,2026-04-29 15:00:00,627.35,627.56,626.95,626.97,296.017,185645.34148
BNBUSDT,1777442700000,2026-04-29 06:05:00,2026-04-29 15:05:00,626.97,627.61,626.9,627.04,281.032,176284.15629
BNBUSDT,1777443000000,2026-04-29 06:10:00,2026-04-29 15:10:00,627.03,627.2,626.7,626.83,176.017,110349.31832
BNBUSDT,1777443300000,2026-04-29 06:15:00,2026-04-29 15:15:00,626.84,626.94,626.57,626.93,160.677,100707.8819
BNBUSDT,1777443600000,2026-04-29 06:20:00,2026-04-29 15:20:00,626.93,627.11,626.28,626.5,214.104,134167.92628
BNBUSDT,1777443900000,2026-04-29 06:25:00,2026-04-29 15:25:00,626.51,626.8,626.44,626.68,115.672,72480.99976
BNBUSDT,1777444200000,2026-04-29 06:30:00,2026-04-29 15:30:00,626.68,626.81,626.2,626.34,328.246,205677.32688
BNBUSDT,1777444500000,2026-04-29 06:35:00,2026-04-29 15:35:00,626.35,626.41,626,626.12,318.718,199569.94681
BNBUSDT,1777444800000,2026-04-29 06:40:00,2026-04-29 15:40:00,626.11,626.32,625.77,625.78,255.731,160114.62274
BNBUSDT,1777445100000,2026-04-29 06:45:00,2026-04-29 15:45:00,625.77,626.11,625.77,626.02,105.107,65797.14759
BNBUSDT,1777445400000,2026-04-29 06:50:00,2026-04-29 15:50:00,626.03,626.03,625.49,625.71,507.094,317290.18598
BNBUSDT,1777445700000,2026-04-29 06:55:00,2026-04-29 15:55:00,625.71,626.26,625.49,626.06,427.044,267242.74442
BNBUSDT,1777446000000,2026-04-29 07:00:00,2026-04-29 16:00:00,626.06,626.43,625.73,626.27,582.167,364429.64563
BNBUSDT,1777446300000,2026-04-29 07:05:00,2026-04-29 16:05:00,626.27,626.36,626.01,626.14,564.652,353597.13178
BNBUSDT,1777446600000,2026-04-29 07:10:00,2026-04-29 16:10:00,626.13,626.47,626.04,626.2,899.615,563420.30795
BNBUSDT,1777446900000,2026-04-29 07:15:00,2026-04-29 16:15:00,626.19,626.2,625.57,625.63,496.575,310796.91131
BNBUSDT,1777447200000,2026-04-29 07:20:00,2026-04-29 16:20:00,625.62,625.71,625.51,625.56,221.544,138600.68974
BNBUSDT,1777447500000,2026-04-29 07:25:00,2026-04-29 16:25:00,625.55,625.89,625.49,625.69,359.388,224858.50343
BNBUSDT,1777447800000,2026-04-29 07:30:00,2026-04-29 16:30:00,625.68,626.73,625.68,626.12,221.568,138739.29511
BNBUSDT,1777448100000,2026-04-29 07:35:00,2026-04-29 16:35:00,626.11,626.56,625.84,625.85,354.362,221909.94145
BNBUSDT,1777448400000,2026-04-29 07:40:00,2026-04-29 16:40:00,625.84,626.12,625.82,626.05,451.635,282694.44526
BNBUSDT,1777448700000,2026-04-29 07:45:00,2026-04-29 16:45:00,626.05,626.05,625.61,625.64,522.435,326983.18307
BNBUSDT,1777449000000,2026-04-29 07:50:00,2026-04-29 16:50:00,625.64,625.65,625.17,625.18,229.09,143291.41035
BNBUSDT,1777449300000,2026-04-29 07:55:00,2026-04-29 16:55:00,625.17,625.29,625,625.13,305.432,190922.10467
BNBUSDT,1777449600000,2026-04-29 08:00:00,2026-04-29 17:00:00,625.13,625.27,624.72,624.96,1167.402,729648.78577
BNBUSDT,1777449900000,2026-04-29 08:05:00,2026-04-29 17:05:00,624.96,625.03,624.55,624.81,353.501,220873.28869
BNBUSDT,1777450200000,2026-04-29 08:10:00,2026-04-29 17:10:00,624.81,625.31,624.8,625.11,227.867,142437.14531
BNBUSDT,1777450500000,2026-04-29 08:15:00,2026-04-29 17:15:00,625.11,625.55,624.99,625.5,314.005,196327.84374
BNBUSDT,1777450800000,2026-04-29 08:20:00,2026-04-29 17:20:00,625.5,625.65,625.25,625.65,736.159,460383.4911
BNBUSDT,1777451100000,2026-04-29 08:25:00,2026-04-29 17:25:00,625.66,625.86,625.58,625.58,370.699,231960.17055
BNBUSDT,1777451400000,2026-04-29 08:30:00,2026-04-29 17:30:00,625.58,625.58,624.54,624.69,146.28,91433.15129
BNBUSDT,1777451700000,2026-04-29 08:35:00,2026-04-29 17:35:00,624.69,625.28,624.57,625.28,228.769,142967.89618
BNBUSDT,1777452000000,2026-04-29 08:40:00,2026-04-29 17:40:00,625.27,625.39,625,625.38,389.151,243288.89288
BNBUSDT,1777452300000,2026-04-29 08:45:00,2026-04-29 17:45:00,625.38,625.57,625.25,625.5,175.093,109504.20196
BNBUSDT,1777452600000,2026-04-29 08:50:00,2026-04-29 17:50:00,625.49,625.76,625.49,625.76,215.882,135060.48241
BNBUSDT,1777452900000,2026-04-29 08:55:00,2026-04-29 17:55:00,625.75,625.82,625.61,625.62,200.95,125747.8566
BNBUSDT,1777453200000,2026-04-29 09:00:00,2026-04-29 18:00:00,625.62,625.71,625.41,625.49,172.908,108161.49677
BNBUSDT,1777453500000,2026-04-29 09:05:00,2026-04-29 18:05:00,625.49,625.6,625.25,625.44,153.907,96250.06075
BNBUSDT,1777453800000,2026-04-29 09:10:00,2026-04-29 18:10:00,625.45,626.13,625.43,626.06,219.748,137485.63134
BNBUSDT,1777454100000,2026-04-29 09:15:00,2026-04-29 18:15:00,626.07,626.44,625.96,626.44,152.673,95599.83939
BNBUSDT,1777454400000,2026-04-29 09:20:00,2026-04-29 18:20:00,626.44,626.89,626.39,626.53,180.966,113393.1149
BNBUSDT,1777454700000,2026-04-29 09:25:00,2026-04-29 18:25:00,626.53,626.6,626.42,626.49,276.118,172991.53075
BNBUSDT,1777455000000,2026-04-29 09:30:00,2026-04-29 18:30:00,626.5,626.93,626.48,626.86,168.664,105692.05318
BNBUSDT,1777455300000,2026-04-29 09:35:00,2026-04-29 18:35:00,626.85,627.07,626.4,626.56,274.775,172221.64763
BNBUSDT,1777455600000,2026-04-29 09:40:00,2026-04-29 18:40:00,626.57,626.73,626.13,626.31,573.209,359105.1144
BNBUSDT,1777455900000,2026-04-29 09:45:00,2026-04-29 18:45:00,626.31,629.28,626.23,628.59,1449.677,910413.66781
BNBUSDT,1777456200000,2026-04-29 09:50:00,2026-04-29 18:50:00,628.59,629.3,628.03,629.08,922.426,579882.97729
BNBUSDT,1777456500000,2026-04-29 09:55:00,2026-04-29 18:55:00,629.08,629.45,628.52,629.05,534.516,336170.69757
BNBUSDT,1777456800000,2026-04-29 10:00:00,2026-04-29 19:00:00,629.06,629.45,628.7,628.8,461.806,290505.4749
BNBUSDT,1777457100000,2026-04-29 10:05:00,2026-04-29 19:05:00,628.8,629.2,628.57,629,350.84,220640.95181
BNBUSDT,1777457400000,2026-04-29 10:10:00,2026-04-29 19:10:00,629,629.15,628.5,628.98,318.616,200344.85947
BNBUSDT,1777457700000,2026-04-29 10:15:00,2026-04-29 19:15:00,628.98,629.48,628.98,629.18,265.82,167249.82758
BNBUSDT,1777458000000,2026-04-29 10:20:00,2026-04-29 19:20:00,629.18,629.18,628.73,628.74,279.226,175616.01964
BNBUSDT,1777458300000,2026-04-29 10:25:00,2026-04-29 19:25:00,628.74,629.5,628.54,629.5,247.745,155815.92627
BNBUSDT,1777458600000,2026-04-29 10:30:00,2026-04-29 19:30:00,629.5,629.61,628.67,628.79,362.824,228305.34361
BNBUSDT,1777458900000,2026-04-29 10:35:00,2026-04-29 19:35:00,628.8,628.8,628.36,628.37,209.079,131423.6378
BNBUSDT,1777459200000,2026-04-29 10:40:00,2026-04-29 19:40:00,628.37,628.49,627.5,627.95,538.61,338323.85889
BNBUSDT,1777459500000,2026-04-29 10:45:00,2026-04-29 19:45:00,627.94,628.69,627.76,628.56,216.912,136263.04555
BNBUSDT,1777459800000,2026-04-29 10:50:00,2026-04-29 19:50:00,628.56,628.56,627.84,628.22,357.532,224628.55528
BNBUSDT,1777460100000,2026-04-29 10:55:00,2026-04-29 19:55:00,628.22,628.22,627.46,627.85,264.095,165790.055
BNBUSDT,1777460400000,2026-04-29 11:00:00,2026-04-29 20:00:00,627.85,628,627.17,627.99,200.442,125781.24953
BNBUSDT,1777460700000,2026-04-29 11:05:00,2026-04-29 20:05:00,628,628,627.22,627.34,274.434,172187.69654
BNBUSDT,1777461000000,2026-04-29 11:10:00,2026-04-29 20:10:00,627.34,627.51,627.19,627.42,213.581,133984.80577
BNBUSDT,1777461300000,2026-04-29 11:15:00,2026-04-29 20:15:00,627.42,627.7,627,627.01,211.746,132853.98404
BNBUSDT,1777461600000,2026-04-29 11:20:00,2026-04-29 20:20:00,627.01,627.2,626.96,627.04,346.53,217297.45779
BNBUSDT,1777461900000,2026-04-29 11:25:00,2026-04-29 20:25:00,627.03,627.04,626.01,626.5,1783.995,1117683.63764
BNBUSDT,1777462200000,2026-04-29 11:30:00,2026-04-29 20:30:00,626.5,626.89,626.44,626.84,423.635,265451.26414
BNBUSDT,1777462500000,2026-04-29 11:35:00,2026-04-29 20:35:00,626.83,627.1,626.53,626.57,906.584,568224.48722
BNBUSDT,1777462800000,2026-04-29 11:40:00,2026-04-29 20:40:00,626.57,626.7,626.1,626.24,371.123,232479.22767
BNBUSDT,1777463100000,2026-04-29 11:45:00,2026-04-29 20:45:00,626.23,626.66,626.03,626.09,353.673,221482.31032
BNBUSDT,1777463400000,2026-04-29 11:50:00,2026-04-29 20:50:00,626.09,626.24,625.98,626.01,650.907,407511.98753
BNBUSDT,1777463700000,2026-04-29 11:55:00,2026-04-29 20:55:00,626,626.06,625.92,626.02,264.186,165372.03883
BNBUSDT,1777464000000,2026-04-29 12:00:00,2026-04-29 21:00:00,626.01,626.06,625.05,625.22,397.318,248572.89332
BNBUSDT,1777464300000,2026-04-29 12:05:00,2026-04-29 21:05:00,625.22,625.31,624.88,624.88,284.86,178065.30572
BNBUSDT,1777464600000,2026-04-29 12:10:00,2026-04-29 21:10:00,624.89,625.1,623.64,623.67,715.201,446639.3367
BNBUSDT,1777464900000,2026-04-29 12:15:00,2026-04-29 21:15:00,623.67,624.5,623.52,624.16,421.74,263167.24405
BNBUSDT,1777465200000,2026-04-29 12:20:00,2026-04-29 21:20:00,624.17,624.17,622.2,623.15,1217.355,758527.81643
BNBUSDT,1777465500000,2026-04-29 12:25:00,2026-04-29 21:25:00,623.15,623.17,622.6,623.01,430.784,268325.20788
BNBUSDT,1777465800000,2026-04-29 12:30:00,2026-04-29 21:30:00,623,623.09,622.2,622.51,302.108,188093.93171
BNBUSDT,1777466100000,2026-04-29 12:35:00,2026-04-29 21:35:00,622.51,623.01,622.19,623,412.724,256906.09354
BNBUSDT,1777466400000,2026-04-29 12:40:00,2026-04-29 21:40:00,623.01,623.51,623.01,623.33,205.943,128371.30412
BNBUSDT,1777466700000,2026-04-29 12:45:00,2026-04-29 21:45:00,623.32,623.71,623.19,623.21,155.981,97241.21763
BNBUSDT,1777467000000,2026-04-29 12:50:00,2026-04-29 21:50:00,623.21,623.84,623.21,623.34,153.844,95940.85191
BNBUSDT,1777467300000,2026-04-29 12:55:00,2026-04-29 21:55:00,623.33,623.88,623.08,623.88,290.403,181073.31272
BNBUSDT,1777467600000,2026-04-29 13:00:00,2026-04-29 22:00:00,623.88,624.2,623.42,623.64,273.163,170416.49889
BNBUSDT,1777467900000,2026-04-29 13:05:00,2026-04-29 22:05:00,623.63,623.76,623.3,623.34,219.125,136623.3258
BNBUSDT,1777468200000,2026-04-29 13:10:00,2026-04-29 22:10:00,623.33,623.97,623.21,623.94,151.564,94508.64116
BNBUSDT,1777468500000,2026-04-29 13:15:00,2026-04-29 22:15:00,623.95,624.01,623.25,623.25,114.95,71701.22307
BNBUSDT,1777468800000,2026-04-29 13:20:00,2026-04-29 22:20:00,623.25,623.69,622.51,622.58,265.92,165701.93685
BNBUSDT,1777469100000,2026-04-29 13:25:00,2026-04-29 22:25:00,622.59,622.79,622.21,622.63,171.437,106722.25454
BNBUSDT,1777469400000,2026-04-29 13:30:00,2026-04-29 22:30:00,622.63,622.63,621.24,621.24,688.957,428602.23528
BNBUSDT,1777469700000,2026-04-29 13:35:00,2026-04-29 22:35:00,621.24,621.83,620.71,621.28,580.772,360810.10688
BNBUSDT,1777470000000,2026-04-29 13:40:00,2026-04-29 22:40:00,621.29,621.59,620.73,620.73,489.424,304056.42359
BNBUSDT,1777470300000,2026-04-29 13:45:00,2026-04-29 22:45:00,620.74,621.12,620.02,621.02,520.862,323278.19644
BNBUSDT,1777470600000,2026-04-29 13:50:00,2026-04-29 22:50:00,621.02,622.4,621.02,622.18,345.233,214694.43239
BNBUSDT,1777470900000,2026-04-29 13:55:00,2026-04-29 22:55:00,622.19,622.52,622.1,622.17,218.549,135996.95604
BNBUSDT,1777471200000,2026-04-29 14:00:00,2026-04-29 23:00:00,622.16,622.17,621.38,621.61,261.416,162512.67086
BNBUSDT,1777471500000,2026-04-29 14:05:00,2026-04-29 23:05:00,621.6,621.67,620.63,621.01,309.119,192001.97806
BNBUSDT,1777471800000,2026-04-29 14:10:00,2026-04-29 23:10:00,621.01,621.55,621,621.29,173.305,107663.6548
BNBUSDT,1777472100000,2026-04-29 14:15:00,2026-04-29 23:15:00,621.28,621.77,620.79,621.6,237.147,147370.23348
BNBUSDT,1777472400000,2026-04-29 14:20:00,2026-04-29 23:20:00,621.61,622.33,621.38,622.33,242.994,151096.97327
BNBUSDT,1777472700000,2026-04-29 14:25:00,2026-04-29 23:25:00,622.34,622.68,621.93,622.31,734.389,457009.84591
BNBUSDT,1777473000000,2026-04-29 14:30:00,2026-04-29 23:30:00,622.31,622.33,621.63,622.28,197.273,122708.38216
BNBUSDT,1777473300000,2026-04-29 14:35:00,2026-04-29 23:35:00,622.29,622.86,622.02,622.36,446.509,277909.54886
BNBUSDT,1777473600000,2026-04-29 14:40:00,2026-04-29 23:40:00,622.35,622.37,621.7,621.89,257.765,160336.72773
BNBUSDT,1777473900000,2026-04-29 14:45:00,2026-04-29 23:45:00,621.88,621.95,621.38,621.9,183.015,113773.5477
BNBUSDT,1777474200000,2026-04-29 14:50:00,2026-04-29 23:50:00,621.9,621.9,621.2,621.74,640.619,398257.38673
BNBUSDT,1777474500000,2026-04-29 14:55:00,2026-04-29 23:55:00,621.74,621.75,621.12,621.13,174.946,108717.65411
BNBUSDT,1777474800000,2026-04-29 15:00:00,2026-04-30 00:00:00,621.14,621.33,620.49,620.49,422.918,262584.97407
BNBUSDT,1777475100000,2026-04-29 15:05:00,2026-04-30 00:05:00,620.48,620.48,619.5,619.93,787.544,488228.39822
BNBUSDT,1777475400000,2026-04-29 15:10:00,2026-04-30 00:10:00,619.93,619.93,617.96,618.38,1627.346,1006553.14341
BNBUSDT,1777475700000,2026-04-29 15:15:00,2026-04-30 00:15:00,618.39,618.89,617.76,618.21,592.863,366521.47523
BNBUSDT,1777476000000,2026-04-29 15:20:00,2026-04-30 00:20:00,618.21,618.79,618.03,618.72,209.444,129504.84484
BNBUSDT,1777476300000,2026-04-29 15:25:00,2026-04-30 00:25:00,618.71,619.34,618.53,619.07,285.473,176681.65048
BNBUSDT,1777476600000,2026-04-29 15:30:00,2026-04-30 00:30:00,619.07,619.38,618.2,618.68,411.654,254699.98946
BNBUSDT,1777476900000,2026-04-29 15:35:00,2026-04-30 00:35:00,618.69,618.75,616.85,617.2,717.382,442961.83354
BNBUSDT,1777477200000,2026-04-29 15:40:00,2026-04-30 00:40:00,617.21,617.27,616.5,616.51,1068.498,659090.55357
BNBUSDT,1777477500000,2026-04-29 15:45:00,2026-04-30 00:45:00,616.51,617.11,616.2,616.7,759.681,468393.36699
BNBUSDT,1777477800000,2026-04-29 15:50:00,2026-04-30 00:50:00,616.7,616.87,615.48,616.2,982.611,605342.01747
BNBUSDT,1777478100000,2026-04-29 15:55:00,2026-04-30 00:55:00,616.19,616.7,615.89,616.51,332.95,205216.09788
BNBUSDT,1777478400000,2026-04-29 16:00:00,2026-04-30 01:00:00,616.52,616.7,616.21,616.69,489.873,302011.57144
BNBUSDT,1777478700000,2026-04-29 16:05:00,2026-04-30 01:05:00,616.69,617.66,616.59,617.66,472.848,291808.43166
BNBUSDT,1777479000000,2026-04-29 16:10:00,2026-04-30 01:10:00,617.66,618.01,617.38,617.38,267.77,165410.23617
BNBUSDT,1777479300000,2026-04-29 16:15:00,2026-04-30 01:15:00,617.37,617.96,616.88,617.21,360.694,222664.6714
BNBUSDT,1777479600000,2026-04-29 16:20:00,2026-04-30 01:20:00,617.2,617.45,616.36,616.68,327.244,201920.69292
BNBUSDT,1777479900000,2026-04-29 16:25:00,2026-04-30 01:25:00,616.68,617.53,616.68,617.25,249.26,153851.73464
BNBUSDT,1777480200000,2026-04-29 16:30:00,2026-04-30 01:30:00,617.24,617.51,616.9,616.95,223.356,137861.36525
BNBUSDT,1777480500000,2026-04-29 16:35:00,2026-04-30 01:35:00,616.95,617.56,616.38,617.56,542.316,334511.43493
BNBUSDT,1777480800000,2026-04-29 16:40:00,2026-04-30 01:40:00,617.57,617.72,617.3,617.64,205.035,126598.37749
BNBUSDT,1777481100000,2026-04-29 16:45:00,2026-04-30 01:45:00,617.64,617.81,617.28,617.44,238.122,147051.63239
BNBUSDT,1777481400000,2026-04-29 16:50:00,2026-04-30 01:50:00,617.44,617.87,617.18,617.87,281.207,173643.65403
BNBUSDT,1777481700000,2026-04-29 16:55:00,2026-04-30 01:55:00,617.88,617.92,617.36,617.73,431.175,266298.34046
BNBUSDT,1777482000000,2026-04-29 17:00:00,2026-04-30 02:00:00,617.73,618.8,617.73,618.67,485.346,300067.55782
BNBUSDT,1777482300000,2026-04-29 17:05:00,2026-04-30 02:05:00,618.67,618.75,618.33,618.42,145.907,90239.56337
BNBUSDT,1777482600000,2026-04-29 17:10:00,2026-04-30 02:10:00,618.43,618.79,618.42,618.67,198.056,122515.17726
BNBUSDT,1777482900000,2026-04-29 17:15:00,2026-04-30 02:15:00,618.68,619.04,618.47,618.97,169.985,105173.54663
BNBUSDT,1777483200000,2026-04-29 17:20:00,2026-04-30 02:20:00,618.98,619.82,618.98,619.64,494.501,306330.79775
BNBUSDT,1777483500000,2026-04-29 17:25:00,2026-04-30 02:25:00,619.64,619.7,618.22,618.91,237.789,147207.31891
BNBUSDT,1777483800000,2026-04-29 17:30:00,2026-04-30 02:30:00,618.9,619.64,618.85,619.59,216.612,134155.90575
BNBUSDT,1777484100000,2026-04-29 17:35:00,2026-04-30 02:35:00,619.58,619.78,619.12,619.36,218.615,135408.96995
BNBUSDT,1777484400000,2026-04-29 17:40:00,2026-04-30 02:40:00,619.35,619.52,619,619.52,272.452,168696.74238
BNBUSDT,1777484700000,2026-04-29 17:45:00,2026-04-30 02:45:00,619.51,620.01,619.19,619.69,312.511,193660.27629
BNBUSDT,1777485000000,2026-04-29 17:50:00,2026-04-30 02:50:00,619.7,619.84,618.88,618.98,607.643,376369.12213
BNBUSDT,1777485300000,2026-04-29 17:55:00,2026-04-30 02:55:00,618.99,620,618.76,619.92,466.728,288931.51396
BNBUSDT,1777485600000,2026-04-29 18:00:00,2026-04-30 03:00:00,619.92,620.28,618.51,618.51,619.422,383594.17514
BNBUSDT,1777485900000,2026-04-29 18:05:00,2026-04-30 03:05:00,618.51,618.59,610.28,611,5611.521,3445443.20936
BNBUSDT,1777486200000,2026-04-29 18:10:00,2026-04-30 03:10:00,610.99,613.63,610.26,612.82,3018.858,1847994.46467
BNBUSDT,1777486500000,2026-04-29 18:15:00,2026-04-30 03:15:00,612.81,613.42,611.91,611.97,966.54,592154.79356
BNBUSDT,1777486800000,2026-04-29 18:20:00,2026-04-30 03:20:00,611.97,614.01,611.38,613.87,1402.364,859517.07528
BNBUSDT,1777487100000,2026-04-29 18:25:00,2026-04-30 03:25:00,613.86,613.86,611.36,612.02,624.732,382606.58757
BNBUSDT,1777487400000,2026-04-29 18:30:00,2026-04-30 03:30:00,612.02,612.12,610.53,611.91,1084.575,662858.55535
BNBUSDT,1777487700000,2026-04-29 18:35:00,2026-04-30 03:35:00,611.91,613.08,611.82,612.68,909.58,557152.63439
BNBUSDT,1777488000000,2026-04-29 18:40:00,2026-04-30 03:40:00,612.69,612.72,611.79,611.81,349.892,214260.38696
BNBUSDT,1777488300000,2026-04-29 18:45:00,2026-04-30 03:45:00,611.81,612.51,611.54,612.09,325.64,199301.12621
BNBUSDT,1777488600000,2026-04-29 18:50:00,2026-04-30 03:50:00,612.08,612.91,612.08,612.85,519.702,318362.6258
BNBUSDT,1777488900000,2026-04-29 18:55:00,2026-04-30 03:55:00,612.84,613.76,612.84,613.76,293.211,179864.4392
BNBUSDT,1777489200000,2026-04-29 19:00:00,2026-04-30 04:00:00,613.76,614.09,613.52,613.73,335.709,206060.91131
BNBUSDT,1777489500000,2026-04-29 19:05:00,2026-04-30 04:05:00,613.73,613.73,613.13,613.17,351.408,215543.29563
BNBUSDT,1777489800000,2026-04-29 19:10:00,2026-04-30 04:10:00,613.18,614.22,612.97,614.22,321.669,197327.67532
BNBUSDT,1777490100000,2026-04-29 19:15:00,2026-04-30 04:15:00,614.22,614.46,613.68,614.15,215.345,132238.25187
BNBUSDT,1777490400000,2026-04-29 19:20:00,2026-04-30 04:20:00,614.16,614.3,613.75,614.1,115.845,71141.2585
BNBUSDT,1777490700000,2026-04-29 19:25:00,2026-04-30 04:25:00,614.11,614.11,613.88,613.92,81.746,50190.88601
BNBUSDT,1777491000000,2026-04-29 19:30:00,2026-04-30 04:30:00,613.92,613.92,612.37,612.82,227.912,139701.04553
BNBUSDT,1777491300000,2026-04-29 19:35:00,2026-04-30 04:35:00,612.82,613.25,612.63,612.95,226.993,139126.83456
BNBUSDT,1777491600000,2026-04-29 19:40:00,2026-04-30 04:40:00,612.95,613.43,612.85,613.15,261.812,160534.93204
BNBUSDT,1777491900000,2026-04-29 19:45:00,2026-04-30 04:45:00,613.16,613.67,613.08,613.28,152.938,93805.3099
BNBUSDT,1777492200000,2026-04-29 19:50:00,2026-04-30 04:50:00,613.28,613.56,613,613.26,518.34,317863.37358
BNBUSDT,1777492500000,2026-04-29 19:55:00,2026-04-30 04:55:00,613.25,613.44,613.04,613.31,103.369,63389.11905
BNBUSDT,1777492800000,2026-04-29 20:00:00,2026-04-30 05:00:00,613.32,614.33,613.02,613.84,453.425,278234.36597
BNBUSDT,1777493100000,2026-04-29 20:05:00,2026-04-30 05:05:00,613.84,613.86,613.25,613.47,145.975,89567.44433
BNBUSDT,1777493400000,2026-04-29 20:10:00,2026-04-30 05:10:00,613.47,614.29,613.39,613.62,563.633,346030.90215
BNBUSDT,1777493700000,2026-04-29 20:15:00,2026-04-30 05:15:00,613.63,614.67,613.59,614.67,203.122,124766.73974
BNBUSDT,1777494000000,2026-04-29 20:20:00,2026-04-30 05:20:00,614.67,615.01,614.66,615,125.568,77213.14274
BNBUSDT,1777494300000,2026-04-29 20:25:00,2026-04-30 05:25:00,615,615.12,614.89,615.11,121.161,74514.15442
BNBUSDT,1777494600000,2026-04-29 20:30:00,2026-04-30 05:30:00,615.11,615.24,614.6,615.15,148.18,91136.6552
BNBUSDT,1777494900000,2026-04-29 20:35:00,2026-04-30 05:35:00,615.15,615.83,614.99,615.63,348.141,214295.74263
BNBUSDT,1777495200000,2026-04-29 20:40:00,2026-04-30 05:40:00,615.64,615.9,615.31,615.82,115.438,71050.01656
BNBUSDT,1777495500000,2026-04-29 20:45:00,2026-04-30 05:45:00,615.81,616.11,615.63,615.87,357.614,220271.41581
BNBUSDT,1777495800000,2026-04-29 20:50:00,2026-04-30 05:50:00,615.88,616.15,615.65,615.93,228.364,140667.29991
BNBUSDT,1777496100000,2026-04-29 20:55:00,2026-04-30 05:55:00,615.93,616.1,615.38,615.39,181.108,111520.39635
BNBUSDT,1777496400000,2026-04-29 21:00:00,2026-04-30 06:00:00,615.38,615.59,615.03,615.45,105.647,65007.50581
BNBUSDT,1777496700000,2026-04-29 21:05:00,2026-04-30 06:05:00,615.45,615.7,615.12,615.25,378.563,232959.00416
BNBUSDT,1777497000000,2026-04-29 21:10:00,2026-04-30 06:10:00,615.25,616.21,615.18,616.03,135.261,83295.93741
BNBUSDT,1777497300000,2026-04-29 21:15:00,2026-04-30 06:15:00,616.04,616.41,616.03,616.35,204.41,125962.1303
BNBUSDT,1777497600000,2026-04-29 21:20:00,2026-04-30 06:20:00,616.35,616.41,616.27,616.39,166.782,102794.87993
BNBUSDT,1777497900000,2026-04-29 21:25:00,2026-04-30 06:25:00,616.4,616.75,616.36,616.48,453.392,279505.45218
BNBUSDT,1777498200000,2026-04-29 21:30:00,2026-04-30 06:30:00,616.49,617.1,616.32,617.1,255.292,157456.3682
BNBUSDT,1777498500000,2026-04-29 21:35:00,2026-04-30 06:35:00,617.1,617.31,617.1,617.16,116.887,72147.92118
BNBUSDT,1777498800000,2026-04-29 21:40:00,2026-04-30 06:40:00,617.16,617.44,617.1,617.27,106.05,65466.02873
BNBUSDT,1777499100000,2026-04-29 21:45:00,2026-04-30 06:45:00,617.27,618.58,617.19,617.87,344.502,212906.88664
BNBUSDT,1777499400000,2026-04-29 21:50:00,2026-04-30 06:50:00,617.87,617.95,617.48,617.56,165.969,102513.11782
BNBUSDT,1777499700000,2026-04-29 21:55:00,2026-04-30 06:55:00,617.57,617.63,617.1,617.19,65.756,40595.775
BNBUSDT,1777500000000,2026-04-29 22:00:00,2026-04-30 07:00:00,617.18,617.18,616.56,616.99,426.752,263234.6532
BNBUSDT,1777500300000,2026-04-29 22:05:00,2026-04-30 07:05:00,616.98,617.27,616.98,617.07,106.453,65689.28228
BNBUSDT,1777500600000,2026-04-29 22:10:00,2026-04-30 07:10:00,617.07,617.26,616.8,617.26,57.143,35255.1247
BNBUSDT,1777500900000,2026-04-29 22:15:00,2026-04-30 07:15:00,617.27,617.56,617.27,617.48,97.317,60082.56695
BNBUSDT,1777501200000,2026-04-29 22:20:00,2026-04-30 07:20:00,617.47,617.76,617.33,617.5,89.187,55071.52109
BNBUSDT,1777501500000,2026-04-29 22:25:00,2026-04-30 07:25:00,617.5,617.5,617.03,617.1,70.05,43243.79376
BNBUSDT,1777501800000,2026-04-29 22:30:00,2026-04-30 07:30:00,617.1,617.82,617.09,617.76,71.431,44113.20636
BNBUSDT,1777502100000,2026-04-29 22:35:00,2026-04-30 07:35:00,617.76,618.1,617.71,618.1,74.105,45784.61952
BNBUSDT,1777502400000,2026-04-29 22:40:00,2026-04-30 07:40:00,618.09,618.1,617.82,617.86,129.007,79727.57218
BNBUSDT,1777502700000,2026-04-29 22:45:00,2026-04-30 07:45:00,617.86,618.14,617.72,617.79,77.212,47714.38057
BNBUSDT,1777503000000,2026-04-29 22:50:00,2026-04-30 07:50:00,617.78,618.14,617.78,618.14,44.318,27385.43576
BNBUSDT,1777503300000,2026-04-29 22:55:00,2026-04-30 07:55:00,618.14,618.14,618.02,618.03,35.443,21907.62761
BNBUSDT,1777503600000,2026-04-29 23:00:00,2026-04-30 08:00:00,618.03,618.12,617.36,617.36,106.563,65842.15709
BNBUSDT,1777503900000,2026-04-29 23:05:00,2026-04-30 08:05:00,617.35,617.78,617.35,617.78,69.72,43049.44566
BNBUSDT,1777504200000,2026-04-29 23:10:00,2026-04-30 08:10:00,617.78,618.13,617.66,618.01,98.027,60570.79021
BNBUSDT,1777504500000,2026-04-29 23:15:00,2026-04-30 08:15:00,618,618.01,617.36,617.36,165.124,101987.54326
BNBUSDT,1777504800000,2026-04-29 23:20:00,2026-04-30 08:20:00,617.37,617.37,616.73,616.76,80.047,49393.46046
BNBUSDT,1777505100000,2026-04-29 23:25:00,2026-04-30 08:25:00,616.75,617.64,616.72,617.29,488.008,301261.44213
BNBUSDT,1777505400000,2026-04-29 23:30:00,2026-04-30 08:30:00,617.29,617.79,617.29,617.79,122.407,75582.56076
BNBUSDT,1777505700000,2026-04-29 23:35:00,2026-04-30 08:35:00,617.78,617.87,617.54,617.87,35.465,21906.78081
BNBUSDT,1777506000000,2026-04-29 23:40:00,2026-04-30 08:40:00,617.87,618.16,617.75,618.08,67.297,41587.40556
BNBUSDT,1777506300000,2026-04-29 23:45:00,2026-04-30 08:45:00,618.09,618.24,617.6,617.61,133.361,82403.24928
BNBUSDT,1777506600000,2026-04-29 23:50:00,2026-04-30 08:50:00,617.6,617.6,617.16,617.43,153.484,94760.98396
BNBUSDT,1777506900000,2026-04-29 23:55:00,2026-04-30 08:55:00,617.43,617.56,617.38,617.39,78.91,48723.41905
BNBUSDT,1777507200000,2026-04-30 00:00:00,2026-04-30 09:00:00,617.39,617.95,617.39,617.41,214.192,132316.07622
BNBUSDT,1777507500000,2026-04-30 00:05:00,2026-04-30 09:05:00,617.41,618.04,617.31,617.55,223.643,138092.65423
BNBUSDT,1777507800000,2026-04-30 00:10:00,2026-04-30 09:10:00,617.55,617.75,617.33,617.44,152.782,94333.75801
BNBUSDT,1777508100000,2026-04-30 00:15:00,2026-04-30 09:15:00,617.43,617.66,616.33,617.26,1760.27,1085944.18264
BNBUSDT,1777508400000,2026-04-30 00:20:00,2026-04-30 09:20:00,617.26,617.39,616.8,617.14,202.252,124802.41626
BNBUSDT,1777508700000,2026-04-30 00:25:00,2026-04-30 09:25:00,617.13,617.7,617.13,617.7,162.006,100034.94566
BNBUSDT,1777509000000,2026-04-30 00:30:00,2026-04-30 09:30:00,617.7,619.27,617.7,618.41,391.595,242283.04881
BNBUSDT,1777509300000,2026-04-30 00:35:00,2026-04-30 09:35:00,618.41,619.56,618.41,619.56,267.396,165579.52218
BNBUSDT,1777509600000,2026-04-30 00:40:00,2026-04-30 09:40:00,619.56,619.59,618.74,619.02,261.735,162061.25047
BNBUSDT,1777509900000,2026-04-30 00:45:00,2026-04-30 09:45:00,619.02,620.2,619.02,619.64,486.694,301615.79261
BNBUSDT,1777510200000,2026-04-30 00:50:00,2026-04-30 09:50:00,619.64,620.26,619.63,620.25,153.05,94892.96614
BNBUSDT,1777510500000,2026-04-30 00:55:00,2026-04-30 09:55:00,620.25,620.41,620.09,620.28,256.516,159116.11927
BNBUSDT,1777510800000,2026-04-30 01:00:00,2026-04-30 10:00:00,620.27,620.53,619.92,620.01,200.748,124518.20541
BNBUSDT,1777511100000,2026-04-30 01:05:00,2026-04-30 10:05:00,620.01,620.01,619.59,619.9,143.403,88879.52407
BNBUSDT,1777511400000,2026-04-30 01:10:00,2026-04-30 10:10:00,619.9,619.98,619.51,619.59,154.97,96033.28983
BNBUSDT,1777511700000,2026-04-30 01:15:00,2026-04-30 10:15:00,619.59,619.6,619.31,619.6,156.652,97035.00871
BNBUSDT,1777512000000,2026-04-30 01:20:00,2026-04-30 10:20:00,619.6,619.79,619.29,619.6,148.201,91812.97634
BNBUSDT,1777512300000,2026-04-30 01:25:00,2026-04-30 10:25:00,619.6,620.53,619.59,620.08,244.699,151761.09036
BNBUSDT,1777512600000,2026-04-30 01:30:00,2026-04-30 10:30:00,620.07,620.53,620.07,620.21,227.59,141189.55382
BNBUSDT,1777512900000,2026-04-30 01:35:00,2026-04-30 10:35:00,620.2,620.21,619.43,619.68,137.774,85382.78334
BNBUSDT,1777513200000,2026-04-30 01:40:00,2026-04-30 10:40:00,619.68,619.89,619.59,619.81,131.58,81548.75239
BNBUSDT,1777513500000,2026-04-30 01:45:00,2026-04-30 10:45:00,619.82,620.01,619.63,620,134.968,83648.1
BNBUSDT,1777513800000,2026-04-30 01:50:00,2026-04-30 10:50:00,620.01,620.35,619.6,619.94,213.535,132368.52485
BNBUSDT,1777514100000,2026-04-30 01:55:00,2026-04-30 10:55:00,619.94,619.95,619.22,619.23,163.531,101308.68308
BNBUSDT,1777514400000,2026-04-30 02:00:00,2026-04-30 11:00:00,619.23,619.87,619.22,619.46,194.053,120225.20292
BNBUSDT,1777514700000,2026-04-30 02:05:00,2026-04-30 11:05:00,619.46,619.92,619.38,619.75,298.717,185092.80442
BNBUSDT,1777515000000,2026-04-30 02:10:00,2026-04-30 11:10:00,619.75,620,619.53,619.67,262.509,162696.04718
BNBUSDT,1777515300000,2026-04-30 02:15:00,2026-04-30 11:15:00,619.67,620,619.46,619.7,205.592,127405.38818
BNBUSDT,1777515600000,2026-04-30 02:20:00,2026-04-30 11:20:00,619.7,619.84,619.11,619.82,210.486,130377.27792
BNBUSDT,1777515900000,2026-04-30 02:25:00,2026-04-30 11:25:00,619.81,620.18,619.68,619.85,308.183,191054.74781
BNBUSDT,1777516200000,2026-04-30 02:30:00,2026-04-30 11:30:00,619.84,619.84,617,617.59,646.786,399614.73918
BNBUSDT,1777516500000,2026-04-30 02:35:00,2026-04-30 11:35:00,617.59,617.79,616.03,616.69,540.655,333519.34869
BNBUSDT,1777516800000,2026-04-30 02:40:00,2026-04-30 11:40:00,616.69,617.25,616.67,616.7,423.84,261471.81532
BNBUSDT,1777517100000,2026-04-30 02:45:00,2026-04-30 11:45:00,616.7,616.91,616.14,616.26,362.603,223526.54253
BNBUSDT,1777517400000,2026-04-30 02:50:00,2026-04-30 11:50:00,616.26,617.55,616.26,617.27,302.512,186647.14268
BNBUSDT,1777517700000,2026-04-30 02:55:00,2026-04-30 11:55:00,617.27,617.74,617.26,617.43,243.769,150509.37866
BNBUSDT,1777518000000,2026-04-30 03:00:00,2026-04-30 12:00:00,617.42,617.66,617.29,617.3,284.703,175789.92314
BNBUSDT,1777518300000,2026-04-30 03:05:00,2026-04-30 12:05:00,617.29,617.42,616.99,617.42,173.681,107199.79757
BNBUSDT,1777518600000,2026-04-30 03:10:00,2026-04-30 12:10:00,617.42,617.76,617.01,617.27,245.047,151265.01084
BNBUSDT,1777518900000,2026-04-30 03:15:00,2026-04-30 12:15:00,617.26,617.82,617,617.47,154.43,95351.32476
BNBUSDT,1777519200000,2026-04-30 03:20:00,2026-04-30 12:20:00,617.46,617.55,617.12,617.41,120.765,74553.29922
BNBUSDT,1777519500000,2026-04-30 03:25:00,2026-04-30 12:25:00,617.4,617.81,617.18,617.81,100.952,62323.08635
BNBUSDT,1777519800000,2026-04-30 03:30:00,2026-04-30 12:30:00,617.81,617.82,617.4,617.4,101.264,62538.71814
BNBUSDT,1777520100000,2026-04-30 03:35:00,2026-04-30 12:35:00,617.41,618.32,617.41,618.2,118.183,73021.7773
BNBUSDT,1777520400000,2026-04-30 03:40:00,2026-04-30 12:40:00,618.2,618.3,617.91,618.26,156.614,96809.24442
BNBUSDT,1777520700000,2026-04-30 03:45:00,2026-04-30 12:45:00,618.25,618.26,618.04,618.21,141.763,87629.68045
BNBUSDT,1777521000000,2026-04-30 03:50:00,2026-04-30 12:50:00,618.21,618.48,618.2,618.39,93.465,57791.28344
BNBUSDT,1777521300000,2026-04-30 03:55:00,2026-04-30 12:55:00,618.39,618.39,617.88,617.88,285.738,176647.2888
BNBUSDT,1777521600000,2026-04-30 04:00:00,2026-04-30 13:00:00,617.88,618,617.24,617.31,307.234,189762.34858
BNBUSDT,1777521900000,2026-04-30 04:05:00,2026-04-30 13:05:00,617.32,617.41,616.59,616.95,209.132,129012.45761
BNBUSDT,1777522200000,2026-04-30 04:10:00,2026-04-30 13:10:00,616.94,617.02,616.67,617.01,192.916,119008.39223
BNBUSDT,1777522500000,2026-04-30 04:15:00,2026-04-30 13:15:00,617.01,617.07,616.34,616.54,177.536,109465.73423
BNBUSDT,1777522800000,2026-04-30 04:20:00,2026-04-30 13:20:00,616.54,616.58,616.2,616.27,228.519,140852.26048
BNBUSDT,1777523100000,2026-04-30 04:25:00,2026-04-30 13:25:00,616.26,616.42,616.19,616.27,136.886,84365.16184
BNBUSDT,1777523400000,2026-04-30 04:30:00,2026-04-30 13:30:00,616.28,616.28,615.39,615.41,279.961,172370.41664
BNBUSDT,1777523700000,2026-04-30 04:35:00,2026-04-30 13:35:00,615.41,615.66,614.64,614.65,472.841,290897.45889
BNBUSDT,1777524000000,2026-04-30 04:40:00,2026-04-30 13:40:00,614.65,614.89,614.53,614.56,287.844,176941.22001
BNBUSDT,1777524300000,2026-04-30 04:45:00,2026-04-30 13:45:00,614.56,615.06,614.56,615.06,130.401,80181.1837
BNBUSDT,1777524600000,2026-04-30 04:50:00,2026-04-30 13:50:00,615.06,615.14,614.88,614.88,149.469,91924.96386
BNBUSDT,1777524900000,2026-04-30 04:55:00,2026-04-30 13:55:00,614.89,614.96,614.61,614.66,239.352,147151.35509
BNBUSDT,1777525200000,2026-04-30 05:00:00,2026-04-30 14:00:00,614.66,614.95,614.54,614.71,381.957,234834.42206
BNBUSDT,1777525500000,2026-04-30 05:05:00,2026-04-30 14:05:00,614.7,615.48,614.7,615.28,199.192,122556.26861
BNBUSDT,1777525800000,2026-04-30 05:10:00,2026-04-30 14:10:00,615.27,615.36,615.16,615.17,115.749,71217.49403
BNBUSDT,1777526100000,2026-04-30 05:15:00,2026-04-30 14:15:00,615.18,615.35,614.72,615.03,143.033,87961.67698
BNBUSDT,1777526400000,2026-04-30 05:20:00,2026-04-30 14:20:00,615.03,615.22,614.81,614.84,112.406,69134.15968
BNBUSDT,1777526700000,2026-04-30 05:25:00,2026-04-30 14:25:00,614.83,614.83,613.47,614.25,416.027,255476.299
BNBUSDT,1777527000000,2026-04-30 05:30:00,2026-04-30 14:30:00,614.24,615.42,614.15,615.42,146.808,90268.28476
BNBUSDT,1777527300000,2026-04-30 05:35:00,2026-04-30 14:35:00,615.42,615.99,615.42,615.98,201.58,124130.78745
BNBUSDT,1777527600000,2026-04-30 05:40:00,2026-04-30 14:40:00,615.98,616.39,615.91,616.1,277.568,171017.67792
BNBUSDT,1777527900000,2026-04-30 05:45:00,2026-04-30 14:45:00,616.09,616.32,615.99,616.13,146.059,89993.66297
BNBUSDT,1777528200000,2026-04-30 05:50:00,2026-04-30 14:50:00,616.12,616.51,616.01,616.01,129.561,79838.869
BNBUSDT,1777528500000,2026-04-30 05:55:00,2026-04-30 14:55:00,616,616.38,615.09,616.35,3063.279,1887100.61555
BNBUSDT,1777528800000,2026-04-30 06:00:00,2026-04-30 15:00:00,616.34,616.67,615.81,615.89,1182.311,728723.63737
BNBUSDT,1777529100000,2026-04-30 06:05:00,2026-04-30 15:05:00,615.89,616.39,615.89,616.16,216.453,133356.28941
BNBUSDT,1777529400000,2026-04-30 06:10:00,2026-04-30 15:10:00,616.16,616.16,615.55,615.58,155.563,95783.53747
BNBUSDT,1777529700000,2026-04-30 06:15:00,2026-04-30 15:15:00,615.58,615.78,615.58,615.76,180.523,111147.22842
BNBUSDT,1777530000000,2026-04-30 06:20:00,2026-04-30 15:20:00,615.77,615.94,615.56,615.61,195.884,120601.64554
BNBUSDT,1777530300000,2026-04-30 06:25:00,2026-04-30 15:25:00,615.61,615.88,615.56,615.76,177.439,109251.69551
BNBUSDT,1777530600000,2026-04-30 06:30:00,2026-04-30 15:30:00,615.77,616.8,615.77,616.75,832.265,513146.25243
BNBUSDT,1777530900000,2026-04-30 06:35:00,2026-04-30 15:35:00,616.74,616.75,616.35,616.35,240.175,148088.11388
BNBUSDT,1777531200000,2026-04-30 06:40:00,2026-04-30 15:40:00,616.35,616.36,615.83,615.87,255.601,157490.30742
BNBUSDT,1777531500000,2026-04-30 06:45:00,2026-04-30 15:45:00,615.86,615.93,615.58,615.69,185.537,114235.72446
BNBUSDT,1777531800000,2026-04-30 06:50:00,2026-04-30 15:50:00,615.7,616.09,615.67,616.02,138.012,85008.57723
BNBUSDT,1777532100000,2026-04-30 06:55:00,2026-04-30 15:55:00,616.02,616.23,615.52,615.64,325.684,200561.8649
BNBUSDT,1777532400000,2026-04-30 07:00:00,2026-04-30 16:00:00,615.65,616.05,615.64,615.93,185.023,113956.78142
BNBUSDT,1777532700000,2026-04-30 07:05:00,2026-04-30 16:05:00,615.94,616.43,615.52,616.41,248.06,152786.57805
BNBUSDT,1777533000000,2026-04-30 07:10:00,2026-04-30 16:10:00,616.41,616.43,616.12,616.15,365.431,225203.3123
BNBUSDT,1777533300000,2026-04-30 07:15:00,2026-04-30 16:15:00,616.15,616.36,615.81,615.88,365.13,224950.41526
BNBUSDT,1777533600000,2026-04-30 07:20:00,2026-04-30 16:20:00,615.88,616.23,615.87,616.2,184.483,113664.24403
BNBUSDT,1777533900000,2026-04-30 07:25:00,2026-04-30 16:25:00,616.19,616.65,616.19,616.64,160.627,99019.61813
BNBUSDT,1777534200000,2026-04-30 07:30:00,2026-04-30 16:30:00,616.64,617.27,616.63,617.26,760.694,469352.49941
BNBUSDT,1777534500000,2026-04-30 07:35:00,2026-04-30 16:35:00,617.27,617.39,616.75,617.19,686.854,423875.59959
BNBUSDT,1777534800000,2026-04-30 07:40:00,2026-04-30 16:40:00,617.19,617.31,617,617.25,386.503,238532.94157
BNBUSDT,1777535100000,2026-04-30 07:45:00,2026-04-30 16:45:00,617.25,618.26,617.1,618.26,974.863,602212.00166
BNBUSDT,1777535400000,2026-04-30 07:50:00,2026-04-30 16:50:00,618.26,618.26,617.54,617.79,2010.273,1242438.52451
BNBUSDT,1777535700000,2026-04-30 07:55:00,2026-04-30 16:55:00,617.79,617.8,617.4,617.5,238.363,147210.15253
BNBUSDT,1777536000000,2026-04-30 08:00:00,2026-04-30 17:00:00,617.5,617.91,617.1,617.91,311.307,192215.90649
BNBUSDT,1777536300000,2026-04-30 08:05:00,2026-04-30 17:05:00,617.91,618.29,617.73,617.91,365.207,225690.3533
BNBUSDT,1777536600000,2026-04-30 08:10:00,2026-04-30 17:10:00,617.91,617.93,617.44,617.63,364.765,225313.23909
BNBUSDT,1777536900000,2026-04-30 08:15:00,2026-04-30 17:15:00,617.63,617.64,617.24,617.34,178.647,110288.17251
BNBUSDT,1777537200000,2026-04-30 08:20:00,2026-04-30 17:20:00,617.34,617.35,616.81,616.96,151.126,93260.99267
BNBUSDT,1777537500000,2026-04-30 08:25:00,2026-04-30 17:25:00,616.96,617.64,616.96,617.1,299.7,185001.00919
BNBUSDT,1777537800000,2026-04-30 08:30:00,2026-04-30 17:30:00,617.11,617.44,617.03,617.14,188.223,116163.16402
BNBUSDT,1777538100000,2026-04-30 08:35:00,2026-04-30 17:35:00,617.15,617.15,616.93,617.01,227.471,140349.38815
BNBUSDT,1777538400000,2026-04-30 08:40:00,2026-04-30 17:40:00,617,617.1,616.92,617.1,419.6,258893.26132
BNBUSDT,1777538700000,2026-04-30 08:45:00,2026-04-30 17:45:00,617.11,617.29,616.92,617.09,290.587,179317.38042
BNBUSDT,1777539000000,2026-04-30 08:50:00,2026-04-30 17:50:00,617.08,617.14,616.93,617.1,212.16,130908.54363
BNBUSDT,1777539300000,2026-04-30 08:55:00,2026-04-30 17:55:00,617.1,617.1,616.6,616.61,497.6,306930.55723
BNBUSDT,1777539600000,2026-04-30 09:00:00,2026-04-30 18:00:00,616.61,616.8,616.6,616.78,305.822,188611.04726
BNBUSDT,1777539900000,2026-04-30 09:05:00,2026-04-30 18:05:00,616.77,616.98,616.64,616.97,196.745,121364.17981
BNBUSDT,1777540200000,2026-04-30 09:10:00,2026-04-30 18:10:00,616.98,616.98,616.57,616.98,223.344,137740.47241
BNBUSDT,1777540500000,2026-04-30 09:15:00,2026-04-30 18:15:00,616.98,617.34,616.97,616.99,156.794,96755.08751
BNBUSDT,1777540800000,2026-04-30 09:20:00,2026-04-30 18:20:00,616.99,616.99,616.57,616.9,153.205,94500.1645
BNBUSDT,1777541100000,2026-04-30 09:25:00,2026-04-30 18:25:00,616.89,617.75,616.89,617.75,143.188,88371.71844
BNBUSDT,1777541400000,2026-04-30 09:30:00,2026-04-30 18:30:00,617.75,618.75,617.75,617.98,255.321,157853.83651
BNBUSDT,1777541700000,2026-04-30 09:35:00,2026-04-30 18:35:00,617.98,618.31,617.9,617.91,172.198,106427.9207
BNBUSDT,1777542000000,2026-04-30 09:40:00,2026-04-30 18:40:00,617.92,617.92,617.48,617.48,201.578,124522.0938
BNBUSDT,1777542300000,2026-04-30 09:45:00,2026-04-30 18:45:00,617.49,617.59,617.24,617.28,247.744,152956.28878
BNBUSDT,1777542600000,2026-04-30 09:50:00,2026-04-30 18:50:00,617.28,617.38,617.21,617.22,91.062,56208.43934
BNBUSDT,1777542900000,2026-04-30 09:55:00,2026-04-30 18:55:00,617.21,617.21,616.86,616.9,177.811,109725.8467
BNBUSDT,1777543200000,2026-04-30 10:00:00,2026-04-30 19:00:00,616.9,617.05,616.6,616.98,187.955,115944.12785
BNBUSDT,1777543500000,2026-04-30 10:05:00,2026-04-30 19:05:00,616.98,617.28,616.92,617.1,153.308,94608.40417
BNBUSDT,1777543800000,2026-04-30 10:10:00,2026-04-30 19:10:00,617.11,617.11,616.45,616.52,126.838,78245.47415
BNBUSDT,1777544100000,2026-04-30 10:15:00,2026-04-30 19:15:00,616.52,616.56,616.14,616.15,294.468,181486.6584
BNBUSDT,1777544400000,2026-04-30 10:20:00,2026-04-30 19:20:00,616.15,616.15,615.79,615.79,188.791,116295.987
BNBUSDT,1777544700000,2026-04-30 10:25:00,2026-04-30 19:25:00,615.79,616.08,615.75,615.76,192.738,118704.08388
BNBUSDT,1777545000000,2026-04-30 10:30:00,2026-04-30 19:30:00,615.76,616.27,615.76,615.99,351.119,216282.71069
BNBUSDT,1777545300000,2026-04-30 10:35:00,2026-04-30 19:35:00,615.99,616.39,615.93,616.18,225.785,139134.73755
BNBUSDT,1777545600000,2026-04-30 10:40:00,2026-04-30 19:40:00,616.18,616.27,615.93,616.12,173.135,106665.14043
BNBUSDT,1777545900000,2026-04-30 10:45:00,2026-04-30 19:45:00,616.13,616.35,616.06,616.06,217.444,134004.04876
BNBUSDT,1777546200000,2026-04-30 10:50:00,2026-04-30 19:50:00,616.07,616.2,615.86,616.13,210.633,129755.43338
BNBUSDT,1777546500000,2026-04-30 10:55:00,2026-04-30 19:55:00,616.13,616.14,615.62,615.84,510.794,314580.6865
BNBUSDT,1777546800000,2026-04-30 11:00:00,2026-04-30 20:00:00,615.85,616.16,615.85,616,236.592,145729.38638
BNBUSDT,1777547100000,2026-04-30 11:05:00,2026-04-30 20:05:00,616.01,616.69,615.82,616.64,516.313,318156.93239
BNBUSDT,1777547400000,2026-04-30 11:10:00,2026-04-30 20:10:00,616.64,617.33,616.57,616.66,311.908,192400.61129
BNBUSDT,1777547700000,2026-04-30 11:15:00,2026-04-30 20:15:00,616.65,616.83,616.54,616.61,215.728,133031.01191
BNBUSDT,1777548000000,2026-04-30 11:20:00,2026-04-30 20:20:00,616.61,616.61,616.31,616.31,271.254,167203.93161
BNBUSDT,1777548300000,2026-04-30 11:25:00,2026-04-30 20:25:00,616.32,616.41,616.26,616.29,252.406,155558.03596
BNBUSDT,1777548600000,2026-04-30 11:30:00,2026-04-30 20:30:00,616.29,616.3,615.81,616.1,555.068,341945.60628
BNBUSDT,1777548900000,2026-04-30 11:35:00,2026-04-30 20:35:00,616.1,616.29,615.96,616.02,364.223,224389.9811
BNBUSDT,1777549200000,2026-04-30 11:40:00,2026-04-30 20:40:00,616.03,616.03,615.14,615.16,1047.958,645263.77736
BNBUSDT,1777549500000,2026-04-30 11:45:00,2026-04-30 20:45:00,615.17,615.53,614.38,615.52,744.667,457939.61294
BNBUSDT,1777549800000,2026-04-30 11:50:00,2026-04-30 20:50:00,615.53,615.69,615.15,615.64,266.306,163881.68916
BNBUSDT,1777550100000,2026-04-30 11:55:00,2026-04-30 20:55:00,615.64,615.76,615.54,615.63,294.696,181429.68463
BNBUSDT,1777550400000,2026-04-30 12:00:00,2026-04-30 21:00:00,615.64,616.1,615.63,615.77,343.86,211756.27712
BNBUSDT,1777550700000,2026-04-30 12:05:00,2026-04-30 21:05:00,615.77,616.18,615.63,615.69,310.84,191431.95908
BNBUSDT,1777551000000,2026-04-30 12:10:00,2026-04-30 21:10:00,615.68,615.89,615.5,615.81,295.067,181674.04238
BNBUSDT,1777551300000,2026-04-30 12:15:00,2026-04-30 21:15:00,615.81,616.25,615.78,616.11,280.331,172700.9579
BNBUSDT,1777551600000,2026-04-30 12:20:00,2026-04-30 21:20:00,616.11,616.8,616.11,616.73,513.358,316434.39778
BNBUSDT,1777551900000,2026-04-30 12:25:00,2026-04-30 21:25:00,616.72,616.73,616.11,616.25,328.389,202437.51548
BNBUSDT,1777552200000,2026-04-30 12:30:00,2026-04-30 21:30:00,616.24,616.69,615.96,615.96,555.838,342617.09944
BNBUSDT,1777552500000,2026-04-30 12:35:00,2026-04-30 21:35:00,615.96,615.97,615.53,615.66,313.575,193045.54867
BNBUSDT,1777552800000,2026-04-30 12:40:00,2026-04-30 21:40:00,615.66,615.67,615,615.11,251.733,154912.19133
BNBUSDT,1777553100000,2026-04-30 12:45:00,2026-04-30 21:45:00,615.11,615.4,615.09,615.12,308.851,190031.41687
BNBUSDT,1777553400000,2026-04-30 12:50:00,2026-04-30 21:50:00,615.12,615.73,615.12,615.38,487.527,300011.6007
BNBUSDT,1777553700000,2026-04-30 12:55:00,2026-04-30 21:55:00,615.38,615.49,615.24,615.28,356.357,219283.16554
BNBUSDT,1777554000000,2026-04-30 13:00:00,2026-04-30 22:00:00,615.29,615.67,615.28,615.51,344.973,212321.46434
BNBUSDT,1777554300000,2026-04-30 13:05:00,2026-04-30 22:05:00,615.51,615.69,615.28,615.53,593.379,365204.92466
BNBUSDT,1777554600000,2026-04-30 13:10:00,2026-04-30 22:10:00,615.53,615.58,615.06,615.07,339.515,208881.11941
BNBUSDT,1777554900000,2026-04-30 13:15:00,2026-04-30 22:15:00,615.06,615.17,614.99,615.06,273.865,168443.98212
BNBUSDT,1777555200000,2026-04-30 13:20:00,2026-04-30 22:20:00,615.06,615.31,615.06,615.08,232.341,142931.42117
BNBUSDT,1777555500000,2026-04-30 13:25:00,2026-04-30 22:25:00,615.08,615.09,614.56,614.67,195.138,119968.82665
BNBUSDT,1777555800000,2026-04-30 13:30:00,2026-04-30 22:30:00,614.67,615.55,614.14,615.33,390.017,239798.66719
BNBUSDT,1777556100000,2026-04-30 13:35:00,2026-04-30 22:35:00,615.33,615.66,615.01,615.58,327.802,201710.72017
BNBUSDT,1777556400000,2026-04-30 13:40:00,2026-04-30 22:40:00,615.58,616.68,615.55,616.68,552.972,340721.51103
BNBUSDT,1777556700000,2026-04-30 13:45:00,2026-04-30 22:45:00,616.68,616.7,615.72,616.07,342.615,211123.64665
BNBUSDT,1777557000000,2026-04-30 13:50:00,2026-04-30 22:50:00,616.07,616.11,615.53,615.64,257.502,158575.11444
BNBUSDT,1777557300000,2026-04-30 13:55:00,2026-04-30 22:55:00,615.64,616.11,615.42,615.6,217.126,133691.39632
BNBUSDT,1777557600000,2026-04-30 14:00:00,2026-04-30 23:00:00,615.61,616.15,615.53,615.73,400.319,246570.93001
BNBUSDT,1777557900000,2026-04-30 14:05:00,2026-04-30 23:05:00,615.73,616.08,615.06,615.28,372.648,229390.20527
BNBUSDT,1777558200000,2026-04-30 14:10:00,2026-04-30 23:10:00,615.28,615.41,614.8,615.12,466.612,287046.66226
BNBUSDT,1777558500000,2026-04-30 14:15:00,2026-04-30 23:15:00,615.12,615.14,613.58,614.44,579.466,355859.58336
BNBUSDT,1777558800000,2026-04-30 14:20:00,2026-04-30 23:20:00,614.43,615.17,614.31,614.82,384.735,236529.72556
BNBUSDT,1777559100000,2026-04-30 14:25:00,2026-04-30 23:25:00,614.81,615.1,614.05,615.09,157.516,96799.04947
BNBUSDT,1777559400000,2026-04-30 14:30:00,2026-04-30 23:30:00,615.09,615.97,614.79,614.97,599.612,369099.52955
BNBUSDT,1777559700000,2026-04-30 14:35:00,2026-04-30 23:35:00,614.97,615.3,614.45,614.75,174.278,107169.69214
BNBUSDT,1777560000000,2026-04-30 14:40:00,2026-04-30 23:40:00,614.76,615.64,614.75,615.57,579.155,356413.02759
BNBUSDT,1777560300000,2026-04-30 14:45:00,2026-04-30 23:45:00,615.57,616.13,615.48,615.81,679.124,418183.47827
BNBUSDT,1777560600000,2026-04-30 14:50:00,2026-04-30 23:50:00,615.82,616.21,615.7,615.79,569.51,350733.57963
BNBUSDT,1777560900000,2026-04-30 14:55:00,2026-04-30 23:55:00,615.79,616.51,615.56,616.43,1523.763,938840.42744
BNBUSDT,1777561200000,2026-04-30 15:00:00,2026-05-01 00:00:00,616.42,616.94,615.76,616.26,886.726,546704.56289
BNBUSDT,1777561500000,2026-04-30 15:05:00,2026-05-01 00:05:00,616.26,617.18,616.07,617.18,462.019,284926.3701
BNBUSDT,1777561800000,2026-04-30 15:10:00,2026-05-01 00:10:00,617.19,617.2,616.58,616.99,279.756,172594.07264
BNBUSDT,1777562100000,2026-04-30 15:15:00,2026-05-01 00:15:00,617,617.13,616.67,617.02,395.508,243954.01716
BNBUSDT,1777562400000,2026-04-30 15:20:00,2026-05-01 00:20:00,617.02,617.11,616.67,616.89,231.736,142952.27145
BNBUSDT,1777562700000,2026-04-30 15:25:00,2026-05-01 00:25:00,616.88,617.13,616.68,617.13,293.938,181315.69099
BNBUSDT,1777563000000,2026-04-30 15:30:00,2026-05-01 00:30:00,617.13,618.13,616.77,616.87,412.515,254657.8943
BNBUSDT,1777563300000,2026-04-30 15:35:00,2026-05-01 00:35:00,616.86,616.91,616.47,616.72,208.593,128641.09508
BNBUSDT,1777563600000,2026-04-30 15:40:00,2026-05-01 00:40:00,616.72,616.89,616.38,616.64,226.947,139945.15426
BNBUSDT,1777563900000,2026-04-30 15:45:00,2026-05-01 00:45:00,616.64,616.64,616.02,616.59,141.568,87248.73576
BNBUSDT,1777564200000,2026-04-30 15:50:00,2026-05-01 00:50:00,616.6,617.23,616.47,617.1,493.739,304628.34042
BNBUSDT,1777564500000,2026-04-30 15:55:00,2026-05-01 00:55:00,617.1,617.44,617.01,617.1,202.307,124872.20614
BNBUSDT,1777564800000,2026-04-30 16:00:00,2026-05-01 01:00:00,617.09,617.09,616.23,616.97,257.611,158831.61151
BNBUSDT,1777565100000,2026-04-30 16:05:00,2026-05-01 01:05:00,616.96,617.09,616.75,616.78,170.912,105435.69261
BNBUSDT,1777565400000,2026-04-30 16:10:00,2026-05-01 01:10:00,616.78,617.15,616.6,617.14,143.983,88817.09029
BNBUSDT,1777565700000,2026-04-30 16:15:00,2026-05-01 01:15:00,617.15,617.15,616.6,616.64,120.023,74026.71869
BNBUSDT,1777566000000,2026-04-30 16:20:00,2026-05-01 01:20:00,616.63,616.87,616.61,616.68,123.15,75947.54793
BNBUSDT,1777566300000,2026-04-30 16:25:00,2026-05-01 01:25:00,616.69,616.99,616.63,616.98,240.333,148235.3621
BNBUSDT,1777566600000,2026-04-30 16:30:00,2026-05-01 01:30:00,616.99,617.06,616.61,616.93,240.407,148281.49907
BNBUSDT,1777566900000,2026-04-30 16:35:00,2026-05-01 01:35:00,616.92,617.01,616.65,616.84,123.72,76310.66892
BNBUSDT,1777567200000,2026-04-30 16:40:00,2026-05-01 01:40:00,616.83,616.95,616.52,616.72,495.123,305360.08291
BNBUSDT,1777567500000,2026-04-30 16:45:00,2026-05-01 01:45:00,616.71,616.87,616.68,616.85,137.682,84915.44053
BNBUSDT,1777567800000,2026-04-30 16:50:00,2026-05-01 01:50:00,616.84,616.96,616.19,616.47,147.123,90708.42902
BNBUSDT,1777568100000,2026-04-30 16:55:00,2026-05-01 01:55:00,616.46,616.46,616,616.33,202.63,124855.44559
BNBUSDT,1777568400000,2026-04-30 17:00:00,2026-05-01 02:00:00,616.33,616.45,616.19,616.36,141.696,87331.47828
BNBUSDT,1777568700000,2026-04-30 17:05:00,2026-05-01 02:05:00,616.36,616.72,616.27,616.72,109.863,67729.35315
BNBUSDT,1777569000000,2026-04-30 17:10:00,2026-05-01 02:10:00,616.71,616.72,616.07,616.24,118.147,72817.20295
BNBUSDT,1777569300000,2026-04-30 17:15:00,2026-05-01 02:15:00,616.23,616.31,615.75,616.05,499.441,307641.93604
BNBUSDT,1777569600000,2026-04-30 17:20:00,2026-05-01 02:20:00,616.06,616.22,615.82,616.12,215.721,132893.06636
BNBUSDT,1777569900000,2026-04-30 17:25:00,2026-05-01 02:25:00,616.12,616.14,616.03,616.05,124.34,76603.94251
BNBUSDT,1777570200000,2026-04-30 17:30:00,2026-05-01 02:30:00,616.06,616.7,616,616.37,305.458,188256.01788
BNBUSDT,1777570500000,2026-04-30 17:35:00,2026-05-01 02:35:00,616.37,616.42,616.28,616.4,125.063,77085.75058
BNBUSDT,1777570800000,2026-04-30 17:40:00,2026-05-01 02:40:00,616.4,616.41,616.23,616.27,177.43,109346.08316
BNBUSDT,1777571100000,2026-04-30 17:45:00,2026-05-01 02:45:00,616.27,616.52,616.26,616.52,108.332,66777.57128
BNBUSDT,1777571400000,2026-04-30 17:50:00,2026-05-01 02:50:00,616.51,617.04,616.51,616.99,94.339,58187.67704
BNBUSDT,1777571700000,2026-04-30 17:55:00,2026-05-01 02:55:00,616.99,617.36,616.99,617.11,106.771,65898.86192
BNBUSDT,1777572000000,2026-04-30 18:00:00,2026-05-01 03:00:00,617.11,618.1,617.1,617.86,180.655,111615.84228
BNBUSDT,1777572300000,2026-04-30 18:05:00,2026-05-01 03:05:00,617.85,617.85,617.55,617.77,121.103,74806.33684
BNBUSDT,1777572600000,2026-04-30 18:10:00,2026-05-01 03:10:00,617.76,617.76,617.46,617.58,135.509,83684.38046
BNBUSDT,1777572900000,2026-04-30 18:15:00,2026-05-01 03:15:00,617.58,618.49,617.58,618.16,122.123,75486.24353
BNBUSDT,1777573200000,2026-04-30 18:20:00,2026-05-01 03:20:00,618.16,618.32,618,618.32,214.192,132414.79732
BNBUSDT,1777573500000,2026-04-30 18:25:00,2026-05-01 03:25:00,618.32,618.32,617.68,617.7,109.07,67394.22894
BNBUSDT,1777573800000,2026-04-30 18:30:00,2026-05-01 03:30:00,617.7,618,617.48,617.75,215.704,133254.86489
BNBUSDT,1777574100000,2026-04-30 18:35:00,2026-05-01 03:35:00,617.76,617.94,617.72,617.77,103.398,63880.46755
BNBUSDT,1777574400000,2026-04-30 18:40:00,2026-05-01 03:40:00,617.77,618.33,617.72,618.19,118.058,72950.34876
BNBUSDT,1777574700000,2026-04-30 18:45:00,2026-05-01 03:45:00,618.19,618.39,618,618.33,87.646,54186.97386
BNBUSDT,1777575000000,2026-04-30 18:50:00,2026-05-01 03:50:00,618.33,618.69,618,618,117.843,72874.51817
BNBUSDT,1777575300000,2026-04-30 18:55:00,2026-05-01 03:55:00,618.01,618.01,617.56,617.56,76.17,47060.33639
BNBUSDT,1777575600000,2026-04-30 19:00:00,2026-05-01 04:00:00,617.57,617.62,617.23,617.34,113.075,69821.599
BNBUSDT,1777575900000,2026-04-30 19:05:00,2026-05-01 04:05:00,617.34,618.03,617.34,617.82,176.507,109043.75703
BNBUSDT,1777576200000,2026-04-30 19:10:00,2026-05-01 04:10:00,617.83,618.3,617.82,618.17,100.079,61856.51696
BNBUSDT,1777576500000,2026-04-30 19:15:00,2026-05-01 04:15:00,618.17,618.18,618.05,618.05,83.452,51581.26103
BNBUSDT,1777576800000,2026-04-30 19:20:00,2026-05-01 04:20:00,618.04,618.35,617.84,618.32,105.524,65215.54749
BNBUSDT,1777577100000,2026-04-30 19:25:00,2026-05-01 04:25:00,618.33,618.53,618.23,618.35,137.516,85025.73275
BNBUSDT,1777577400000,2026-04-30 19:30:00,2026-05-01 04:30:00,618.35,618.5,618.25,618.39,121.644,75223.36793
BNBUSDT,1777577700000,2026-04-30 19:35:00,2026-05-01 04:35:00,618.39,618.56,618.25,618.56,94.268,58301.21294
BNBUSDT,1777578000000,2026-04-30 19:40:00,2026-05-01 04:40:00,618.55,618.77,618.38,618.61,124.901,77257.22191
BNBUSDT,1777578300000,2026-04-30 19:45:00,2026-05-01 04:45:00,618.6,618.6,618.21,618.55,183.449,113454.60691
BNBUSDT,1777578600000,2026-04-30 19:50:00,2026-05-01 04:50:00,618.55,618.84,618.29,618.73,420.169,259882.80568
BNBUSDT,1777578900000,2026-04-30 19:55:00,2026-05-01 04:55:00,618.73,618.74,618.37,618.45,230.939,142859.59226
BNBUSDT,1777579200000,2026-04-30 20:00:00,2026-05-01 05:00:00,618.44,618.45,617.91,618.05,182.128,112576.70235
BNBUSDT,1777579500000,2026-04-30 20:05:00,2026-05-01 05:05:00,618.06,618.17,618,618.11,149.052,92125.83615
BNBUSDT,1777579800000,2026-04-30 20:10:00,2026-05-01 05:10:00,618.11,618.32,618.01,618.17,119.684,73978.42198
BNBUSDT,1777580100000,2026-04-30 20:15:00,2026-05-01 05:15:00,618.17,618.31,617.94,618.18,147.46,91142.24517
BNBUSDT,1777580400000,2026-04-30 20:20:00,2026-05-01 05:20:00,618.18,618.61,618.18,618.22,127.7,78970.9338
BNBUSDT,1777580700000,2026-04-30 20:25:00,2026-05-01 05:25:00,618.23,618.23,618.16,618.16,114.98,71078.25034
BNBUSDT,1777581000000,2026-04-30 20:30:00,2026-05-01 05:30:00,618.16,618.22,617.87,618.22,123.61,76400.84929
BNBUSDT,1777581300000,2026-04-30 20:35:00,2026-05-01 05:35:00,618.22,618.23,618.14,618.14,91.57,56605.76301
BNBUSDT,1777581600000,2026-04-30 20:40:00,2026-05-01 05:40:00,618.14,618.28,618.07,618.14,103.797,64162.81866
BNBUSDT,1777581900000,2026-04-30 20:45:00,2026-05-01 05:45:00,618.14,618.18,617.87,618.11,170.767,105536.35734
BNBUSDT,1777582200000,2026-04-30 20:50:00,2026-05-01 05:50:00,618.11,618.12,617.88,617.9,93.696,57903.37132
BNBUSDT,1777582500000,2026-04-30 20:55:00,2026-05-01 05:55:00,617.91,617.93,617.73,617.74,103.573,63995.67399
BNBUSDT,1777582800000,2026-04-30 21:00:00,2026-05-01 06:00:00,617.73,617.79,617.72,617.78,103.593,63994.39951
BNBUSDT,1777583100000,2026-04-30 21:05:00,2026-05-01 06:05:00,617.78,617.79,617.31,617.31,135.854,83902.85093
BNBUSDT,1777583400000,2026-04-30 21:10:00,2026-05-01 06:10:00,617.32,617.66,617.31,617.64,161.953,99992.75809
BNBUSDT,1777583700000,2026-04-30 21:15:00,2026-05-01 06:15:00,617.64,617.64,617.32,617.33,76.653,47327.91635
BNBUSDT,1777584000000,2026-04-30 21:20:00,2026-05-01 06:20:00,617.32,617.4,617.04,617.09,115.804,71469.61569
BNBUSDT,1777584300000,2026-04-30 21:25:00,2026-05-01 06:25:00,617.1,617.1,616.7,616.7,130.369,80433.0181
BNBUSDT,1777584600000,2026-04-30 21:30:00,2026-05-01 06:30:00,616.71,617.21,616.71,617.09,173.259,106877.45888
BNBUSDT,1777584900000,2026-04-30 21:35:00,2026-05-01 06:35:00,617.1,617.2,617.03,617.04,91.926,56728.26513
BNBUSDT,1777585200000,2026-04-30 21:40:00,2026-05-01 06:40:00,617.03,617.35,616.98,617.07,113.067,69781.52879
BNBUSDT,1777585500000,2026-04-30 21:45:00,2026-05-01 06:45:00,617.07,617.07,616.59,616.6,142.504,87903.69426
BNBUSDT,1777585800000,2026-04-30 21:50:00,2026-05-01 06:50:00,616.59,616.59,616.28,616.28,173.935,107230.07915
BNBUSDT,1777586100000,2026-04-30 21:55:00,2026-05-01 06:55:00,616.29,616.29,616,616.01,121.761,75023.87097
BNBUSDT,1777586400000,2026-04-30 22:00:00,2026-05-01 07:00:00,616.01,616.24,615.73,615.77,179.975,110865.94027
BNBUSDT,1777586700000,2026-04-30 22:05:00,2026-05-01 07:05:00,615.77,616.1,615.76,616,115.804,71331.89739
BNBUSDT,1777587000000,2026-04-30 22:10:00,2026-05-01 07:10:00,616,616.1,615.7,615.95,163.977,100996.49346
BNBUSDT,1777587300000,2026-04-30 22:15:00,2026-05-01 07:15:00,615.95,616.41,615.93,616.06,117.092,72148.46987
BNBUSDT,1777587600000,2026-04-30 22:20:00,2026-05-01 07:20:00,616.06,616.22,616.02,616.1,177.676,109471.10212
BNBUSDT,1777587900000,2026-04-30 22:25:00,2026-05-01 07:25:00,616.1,616.22,615.99,616.1,176.699,108863.39284
BNBUSDT,1777588200000,2026-04-30 22:30:00,2026-05-01 07:30:00,616.09,616.17,615.53,615.54,146.065,89968.04196
BNBUSDT,1777588500000,2026-04-30 22:35:00,2026-05-01 07:35:00,615.54,615.54,615.04,615.11,246.724,151814.46416
BNBUSDT,1777588800000,2026-04-30 22:40:00,2026-05-01 07:40:00,615.11,615.3,615.01,615.3,78.759,48446.74179
BNBUSDT,1777589100000,2026-04-30 22:45:00,2026-05-01 07:45:00,615.29,615.29,615.14,615.21,80.637,49606.74346
BNBUSDT,1777589400000,2026-04-30 22:50:00,2026-05-01 07:50:00,615.21,615.43,615,615.02,159.614,98200.56028
BNBUSDT,1777589700000,2026-04-30 22:55:00,2026-05-01 07:55:00,615.01,615.11,614.91,615.08,150.633,92640.57154
BNBUSDT,1777590000000,2026-04-30 23:00:00,2026-05-01 08:00:00,615.08,615.13,614.91,615.05,179.667,110498.4329
BNBUSDT,1777590300000,2026-04-30 23:05:00,2026-05-01 08:05:00,615.05,615.32,614.8,614.8,161.29,99210.27958
BNBUSDT,1777590600000,2026-04-30 23:10:00,2026-05-01 08:10:00,614.8,614.94,614.79,614.93,58.743,36118.26379
BNBUSDT,1777590900000,2026-04-30 23:15:00,2026-05-01 08:15:00,614.93,615.17,614.93,615.11,121.602,74792.72126
BNBUSDT,1777591200000,2026-04-30 23:20:00,2026-05-01 08:20:00,615.12,615.22,615.1,615.21,73.302,45089.73566
BNBUSDT,1777591500000,2026-04-30 23:25:00,2026-05-01 08:25:00,615.22,615.22,615.01,615.21,141.742,87182.33538
BNBUSDT,1777591800000,2026-04-30 23:30:00,2026-05-01 08:30:00,615.21,615.63,615.21,615.3,139.589,85905.47049
BNBUSDT,1777592100000,2026-04-30 23:35:00,2026-05-01 08:35:00,615.31,615.45,615.31,615.39,75.375,46385.86797
BNBUSDT,1777592400000,2026-04-30 23:40:00,2026-05-01 08:40:00,615.38,615.5,615.27,615.29,155.306,95566.93858
BNBUSDT,1777592700000,2026-04-30 23:45:00,2026-05-01 08:45:00,615.3,615.48,615.19,615.4,119.79,73705.75647
BNBUSDT,1777593000000,2026-04-30 23:50:00,2026-05-01 08:50:00,615.4,615.47,615.35,615.35,91.95,56589.36219
BNBUSDT,1777593300000,2026-04-30 23:55:00,2026-05-01 08:55:00,615.35,615.44,615.11,615.38,169.901,104543.20804
