symbol,open_time,datetime_utc,datetime_kst,open,high,low,close,volume,quote_volume
BNBUSDT,1751328000000,2025-07-01 00:00:00,2025-07-01 09:00:00,656.9,657.68,656.89,657.32,343.063,225527.7476
BNBUSDT,1751328300000,2025-07-01 00:05:00,2025-07-01 09:05:00,657.33,658.12,657.27,658.12,243.609,160191.87767
BNBUSDT,1751328600000,2025-07-01 00:10:00,2025-07-01 09:10:00,658.12,658.44,658.06,658.38,195.439,128658.46488
BNBUSDT,1751328900000,2025-07-01 00:15:00,2025-07-01 09:15:00,658.37,658.99,658.37,658.92,280.577,184839.57447
BNBUSDT,1751329200000,2025-07-01 00:20:00,2025-07-01 09:20:00,658.92,659.1,657.97,657.97,302.286,199140.78974
BNBUSDT,1751329500000,2025-07-01 00:25:00,2025-07-01 09:25:00,657.98,658.2,657.45,657.46,184.87,121618.0399
BNBUSDT,1751329800000,2025-07-01 00:30:00,2025-07-01 09:30:00,657.45,657.51,656.7,657.51,648.663,426142.43728
BNBUSDT,1751330100000,2025-07-01 00:35:00,2025-07-01 09:35:00,657.52,658.4,657.52,657.85,364.02,239533.50591
BNBUSDT,1751330400000,2025-07-01 00:40:00,2025-07-01 09:40:00,657.85,658.09,657.82,657.99,221.438,145698.54321
BNBUSDT,1751330700000,2025-07-01 00:45:00,2025-07-01 09:45:00,657.98,658.15,657.73,657.74,175.142,115242.87394
BNBUSDT,1751331000000,2025-07-01 00:50:00,2025-07-01 09:50:00,657.74,658.33,657.73,658.13,174.401,114761.11724
BNBUSDT,1751331300000,2025-07-01 00:55:00,2025-07-01 09:55:00,658.13,658.15,657.75,658.15,244.986,161190.58285
BNBUSDT,1751331600000,2025-07-01 01:00:00,2025-07-01 10:00:00,658.15,658.33,658,658.25,214.604,141256.10095
BNBUSDT,1751331900000,2025-07-01 01:05:00,2025-07-01 10:05:00,658.25,658.49,658.06,658.15,136.632,89940.68073
BNBUSDT,1751332200000,2025-07-01 01:10:00,2025-07-01 10:10:00,658.16,658.43,658.06,658.42,91.563,60264.45503
BNBUSDT,1751332500000,2025-07-01 01:15:00,2025-07-01 10:15:00,658.42,658.8,658.23,658.65,327.476,215655.89554
BNBUSDT,1751332800000,2025-07-01 01:20:00,2025-07-01 10:20:00,658.65,658.67,658.35,658.66,143.872,94745.13997
BNBUSDT,1751333100000,2025-07-01 01:25:00,2025-07-01 10:25:00,658.66,658.86,658.5,658.58,116.866,76976.17282
BNBUSDT,1751333400000,2025-07-01 01:30:00,2025-07-01 10:30:00,658.58,658.83,658.11,658.83,134.42,88492.01842
BNBUSDT,1751333700000,2025-07-01 01:35:00,2025-07-01 10:35:00,658.84,658.89,658.34,658.35,144.215,95007.76442
BNBUSDT,1751334000000,2025-07-01 01:40:00,2025-07-01 10:40:00,658.35,658.5,657.98,658.05,172.753,113709.33478
BNBUSDT,1751334300000,2025-07-01 01:45:00,2025-07-01 10:45:00,658.04,658.8,658.04,658.61,108.946,71737.85843
BNBUSDT,1751334600000,2025-07-01 01:50:00,2025-07-01 10:50:00,658.6,658.61,657.73,657.73,168.331,110784.98915
BNBUSDT,1751334900000,2025-07-01 01:55:00,2025-07-01 10:55:00,657.72,658.03,657.61,658.02,114.904,75599.23129
BNBUSDT,1751335200000,2025-07-01 02:00:00,2025-07-01 11:00:00,658.02,658.02,657.51,657.88,194.895,128187.20101
BNBUSDT,1751335500000,2025-07-01 02:05:00,2025-07-01 11:05:00,657.88,658.4,657.88,658.17,175.062,115229.86236
BNBUSDT,1751335800000,2025-07-01 02:10:00,2025-07-01 11:10:00,658.18,658.49,657.9,658.24,212.351,139773.8279
BNBUSDT,1751336100000,2025-07-01 02:15:00,2025-07-01 11:15:00,658.24,658.8,658.16,658.61,339.032,223210.49187
BNBUSDT,1751336400000,2025-07-01 02:20:00,2025-07-01 11:20:00,658.6,658.86,658.53,658.64,293.999,193659.27512
BNBUSDT,1751336700000,2025-07-01 02:25:00,2025-07-01 11:25:00,658.65,658.72,658.49,658.71,394.25,259666.05956
BNBUSDT,1751337000000,2025-07-01 02:30:00,2025-07-01 11:30:00,658.7,658.83,658.03,658.03,176.641,116319.06518
BNBUSDT,1751337300000,2025-07-01 02:35:00,2025-07-01 11:35:00,658.04,658.15,657.71,657.79,119.189,78420.19645
BNBUSDT,1751337600000,2025-07-01 02:40:00,2025-07-01 11:40:00,657.79,657.86,657.69,657.79,182.296,119906.15714
BNBUSDT,1751337900000,2025-07-01 02:45:00,2025-07-01 11:45:00,657.79,657.8,657.2,657.2,283.431,186371.88295
BNBUSDT,1751338200000,2025-07-01 02:50:00,2025-07-01 11:50:00,657.21,657.21,656.68,656.71,188.294,123683.44906
BNBUSDT,1751338500000,2025-07-01 02:55:00,2025-07-01 11:55:00,656.7,656.92,656.7,656.92,359.185,235912.16909
BNBUSDT,1751338800000,2025-07-01 03:00:00,2025-07-01 12:00:00,656.93,656.97,656.7,656.89,340.788,223830.79212
BNBUSDT,1751339100000,2025-07-01 03:05:00,2025-07-01 12:05:00,656.89,657,656.68,656.68,271.431,178282.72452
BNBUSDT,1751339400000,2025-07-01 03:10:00,2025-07-01 12:10:00,656.68,656.9,656.35,656.53,477.32,313423.31525
BNBUSDT,1751339700000,2025-07-01 03:15:00,2025-07-01 12:15:00,656.52,656.55,656.27,656.47,231.413,151902.65017
BNBUSDT,1751340000000,2025-07-01 03:20:00,2025-07-01 12:20:00,656.46,656.72,656.05,656.37,323.987,212675.22324
BNBUSDT,1751340300000,2025-07-01 03:25:00,2025-07-01 12:25:00,656.38,656.38,656.06,656.17,271.598,178236.14698
BNBUSDT,1751340600000,2025-07-01 03:30:00,2025-07-01 12:30:00,656.17,656.19,655.98,656.04,240.155,157558.44977
BNBUSDT,1751340900000,2025-07-01 03:35:00,2025-07-01 12:35:00,656.04,656.1,656.01,656.09,122.619,80447.75182
BNBUSDT,1751341200000,2025-07-01 03:40:00,2025-07-01 12:40:00,656.1,656.15,655.95,655.96,207.687,136252.89237
BNBUSDT,1751341500000,2025-07-01 03:45:00,2025-07-01 12:45:00,655.96,655.96,654.76,655.69,1429.945,937061.76667
BNBUSDT,1751341800000,2025-07-01 03:50:00,2025-07-01 12:50:00,655.69,655.96,655.69,655.77,214.288,140542.98163
BNBUSDT,1751342100000,2025-07-01 03:55:00,2025-07-01 12:55:00,655.77,655.78,655.65,655.77,168.005,110161.61665
BNBUSDT,1751342400000,2025-07-01 04:00:00,2025-07-01 13:00:00,655.77,655.78,655.29,655.29,223.762,146660.50993
BNBUSDT,1751342700000,2025-07-01 04:05:00,2025-07-01 13:05:00,655.3,655.36,654.75,654.78,385.399,252456.68753
BNBUSDT,1751343000000,2025-07-01 04:10:00,2025-07-01 13:10:00,654.78,654.87,654.65,654.66,241.161,157896.58536
BNBUSDT,1751343300000,2025-07-01 04:15:00,2025-07-01 13:15:00,654.65,654.72,654.43,654.45,240.637,157512.76737
BNBUSDT,1751343600000,2025-07-01 04:20:00,2025-07-01 13:20:00,654.45,654.64,654.4,654.47,290.344,190042.00239
BNBUSDT,1751343900000,2025-07-01 04:25:00,2025-07-01 13:25:00,654.46,654.46,653.77,653.96,451.159,295055.06067
BNBUSDT,1751344200000,2025-07-01 04:30:00,2025-07-01 13:30:00,653.97,654.34,653.72,654.34,316.009,206661.77327
BNBUSDT,1751344500000,2025-07-01 04:35:00,2025-07-01 13:35:00,654.35,654.38,653.71,653.85,268.271,175446.37308
BNBUSDT,1751344800000,2025-07-01 04:40:00,2025-07-01 13:40:00,653.85,654,653.77,654,467.126,305444.09782
BNBUSDT,1751345100000,2025-07-01 04:45:00,2025-07-01 13:45:00,654,654.2,653.67,653.85,528.811,345776.0423
BNBUSDT,1751345400000,2025-07-01 04:50:00,2025-07-01 13:50:00,653.85,653.85,652.9,652.95,456.985,298539.30741
BNBUSDT,1751345700000,2025-07-01 04:55:00,2025-07-01 13:55:00,652.94,653.03,652.38,652.5,690.622,450805.46282
BNBUSDT,1751346000000,2025-07-01 05:00:00,2025-07-01 14:00:00,652.5,653.04,652.48,653.02,477.1,311433.48299
BNBUSDT,1751346300000,2025-07-01 05:05:00,2025-07-01 14:05:00,653.01,653.16,652.5,652.5,237.508,155059.11943
BNBUSDT,1751346600000,2025-07-01 05:10:00,2025-07-01 14:10:00,652.5,652.52,652.1,652.27,323.594,211078.95287
BNBUSDT,1751346900000,2025-07-01 05:15:00,2025-07-01 14:15:00,652.27,652.81,652.09,652.36,481.398,314056.20122
BNBUSDT,1751347200000,2025-07-01 05:20:00,2025-07-01 14:20:00,652.36,652.6,652.17,652.3,672.063,438447.02508
BNBUSDT,1751347500000,2025-07-01 05:25:00,2025-07-01 14:25:00,652.3,652.3,651.68,651.8,458.586,298984.67509
BNBUSDT,1751347800000,2025-07-01 05:30:00,2025-07-01 14:30:00,651.79,652.7,651.68,651.69,1010.734,659061.54347
BNBUSDT,1751348100000,2025-07-01 05:35:00,2025-07-01 14:35:00,651.7,652.3,651.5,651.84,1157.787,754645.61412
BNBUSDT,1751348400000,2025-07-01 05:40:00,2025-07-01 14:40:00,651.85,652.17,651.8,651.98,323.426,210859.96197
BNBUSDT,1751348700000,2025-07-01 05:45:00,2025-07-01 14:45:00,651.97,652.59,651.85,652.48,349.912,228189.50599
BNBUSDT,1751349000000,2025-07-01 05:50:00,2025-07-01 14:50:00,652.47,652.48,652,652.2,476.401,310694.95052
BNBUSDT,1751349300000,2025-07-01 05:55:00,2025-07-01 14:55:00,652.2,652.5,652.15,652.37,407.42,265786.31888
BNBUSDT,1751349600000,2025-07-01 06:00:00,2025-07-01 15:00:00,652.37,652.37,651.86,651.86,188.716,123066.99482
BNBUSDT,1751349900000,2025-07-01 06:05:00,2025-07-01 15:05:00,651.87,652.2,651.8,652.11,219.55,143127.12396
BNBUSDT,1751350200000,2025-07-01 06:10:00,2025-07-01 15:10:00,652.11,652.11,651.74,652.1,605.743,394909.43155
BNBUSDT,1751350500000,2025-07-01 06:15:00,2025-07-01 15:15:00,652.1,652.4,651.89,652.2,257.105,167645.04959
BNBUSDT,1751350800000,2025-07-01 06:20:00,2025-07-01 15:20:00,652.21,652.67,652.21,652.57,111.946,73045.53844
BNBUSDT,1751351100000,2025-07-01 06:25:00,2025-07-01 15:25:00,652.57,652.77,652.46,652.48,175.551,114567.8387
BNBUSDT,1751351400000,2025-07-01 06:30:00,2025-07-01 15:30:00,652.49,652.93,652.48,652.92,194.439,126918.48441
BNBUSDT,1751351700000,2025-07-01 06:35:00,2025-07-01 15:35:00,652.93,653.23,652.92,653.21,104.088,67978.86957
BNBUSDT,1751352000000,2025-07-01 06:40:00,2025-07-01 15:40:00,653.22,653.69,653.21,653.36,163.413,106784.00002
BNBUSDT,1751352300000,2025-07-01 06:45:00,2025-07-01 15:45:00,653.37,653.6,653.36,653.49,221.69,144861.12279
BNBUSDT,1751352600000,2025-07-01 06:50:00,2025-07-01 15:50:00,653.48,653.66,653.41,653.48,272.749,178250.54937
BNBUSDT,1751352900000,2025-07-01 06:55:00,2025-07-01 15:55:00,653.47,653.8,653.41,653.53,266.159,173963.25884
BNBUSDT,1751353200000,2025-07-01 07:00:00,2025-07-01 16:00:00,653.53,653.8,653.52,653.79,175.337,114610.77526
BNBUSDT,1751353500000,2025-07-01 07:05:00,2025-07-01 16:05:00,653.79,654.22,653.77,654.22,250.209,163624.76312
BNBUSDT,1751353800000,2025-07-01 07:10:00,2025-07-01 16:10:00,654.22,654.23,653.99,653.99,166.413,108856.38698
BNBUSDT,1751354100000,2025-07-01 07:15:00,2025-07-01 16:15:00,653.98,654.15,653.46,653.51,453.148,296220.34335
BNBUSDT,1751354400000,2025-07-01 07:20:00,2025-07-01 16:20:00,653.5,653.51,652.5,652.89,521.311,340449.77943
BNBUSDT,1751354700000,2025-07-01 07:25:00,2025-07-01 16:25:00,652.89,654.22,652.89,654.15,392.726,256604.07074
BNBUSDT,1751355000000,2025-07-01 07:30:00,2025-07-01 16:30:00,654.14,654.44,654.1,654.3,278.831,182436.28919
BNBUSDT,1751355300000,2025-07-01 07:35:00,2025-07-01 16:35:00,654.3,654.3,653.85,654.03,183.298,119885.93706
BNBUSDT,1751355600000,2025-07-01 07:40:00,2025-07-01 16:40:00,654.03,654.1,653.69,653.86,342.678,224085.23152
BNBUSDT,1751355900000,2025-07-01 07:45:00,2025-07-01 16:45:00,653.86,654.1,653.82,653.89,276.889,181073.6687
BNBUSDT,1751356200000,2025-07-01 07:50:00,2025-07-01 16:50:00,653.89,654.3,653.89,654.18,386.437,252782.62763
BNBUSDT,1751356500000,2025-07-01 07:55:00,2025-07-01 16:55:00,654.17,654.18,653.87,653.92,416.077,272100.2327
BNBUSDT,1751356800000,2025-07-01 08:00:00,2025-07-01 17:00:00,653.93,653.93,653.13,653.14,360.121,235374.67886
BNBUSDT,1751357100000,2025-07-01 08:05:00,2025-07-01 17:05:00,653.14,653.14,652.8,652.82,141.945,92675.64391
BNBUSDT,1751357400000,2025-07-01 08:10:00,2025-07-01 17:10:00,652.82,652.87,652.31,652.32,164.098,107095.47706
BNBUSDT,1751357700000,2025-07-01 08:15:00,2025-07-01 17:15:00,652.32,652.7,652.32,652.67,249.22,162609.92816
BNBUSDT,1751358000000,2025-07-01 08:20:00,2025-07-01 17:20:00,652.67,652.77,652.45,652.76,160.135,104503.83334
BNBUSDT,1751358300000,2025-07-01 08:25:00,2025-07-01 17:25:00,652.76,652.8,652.36,652.61,257.408,167969.71132
BNBUSDT,1751358600000,2025-07-01 08:30:00,2025-07-01 17:30:00,652.62,652.68,652.33,652.34,209.443,136663.96589
BNBUSDT,1751358900000,2025-07-01 08:35:00,2025-07-01 17:35:00,652.35,652.4,652.11,652.17,314.511,205144.25035
BNBUSDT,1751359200000,2025-07-01 08:40:00,2025-07-01 17:40:00,652.16,652.17,651.92,651.95,353.776,230672.36865
BNBUSDT,1751359500000,2025-07-01 08:45:00,2025-07-01 17:45:00,651.95,652.59,651.9,652.59,239.879,156455.47874
BNBUSDT,1751359800000,2025-07-01 08:50:00,2025-07-01 17:50:00,652.59,652.6,652.17,652.49,202.678,132210.88778
BNBUSDT,1751360100000,2025-07-01 08:55:00,2025-07-01 17:55:00,652.5,652.5,652.21,652.3,258.006,168306.95478
BNBUSDT,1751360400000,2025-07-01 09:00:00,2025-07-01 18:00:00,652.31,652.96,652.25,652.81,213.822,139535.58923
BNBUSDT,1751360700000,2025-07-01 09:05:00,2025-07-01 18:05:00,652.8,653.2,652.6,653.2,243.101,158719.55853
BNBUSDT,1751361000000,2025-07-01 09:10:00,2025-07-01 18:10:00,653.19,653.2,652.74,652.74,153.512,100235.62001
BNBUSDT,1751361300000,2025-07-01 09:15:00,2025-07-01 18:15:00,652.74,652.99,652.48,652.85,320.781,209373.05245
BNBUSDT,1751361600000,2025-07-01 09:20:00,2025-07-01 18:20:00,652.86,653.08,652.48,653.07,248.276,162066.17177
BNBUSDT,1751361900000,2025-07-01 09:25:00,2025-07-01 18:25:00,653.07,653.08,652.71,652.73,248.316,162106.64392
BNBUSDT,1751362200000,2025-07-01 09:30:00,2025-07-01 18:30:00,652.73,653.22,652.66,652.66,437.462,285644.72953
BNBUSDT,1751362500000,2025-07-01 09:35:00,2025-07-01 18:35:00,652.67,652.97,652.64,652.83,579.957,378606.12414
BNBUSDT,1751362800000,2025-07-01 09:40:00,2025-07-01 18:40:00,652.84,652.95,652.67,652.95,268.265,175124.92865
BNBUSDT,1751363100000,2025-07-01 09:45:00,2025-07-01 18:45:00,652.94,652.95,652.6,652.7,486.922,317846.06289
BNBUSDT,1751363400000,2025-07-01 09:50:00,2025-07-01 18:50:00,652.71,652.8,652.64,652.76,254.075,165842.58694
BNBUSDT,1751363700000,2025-07-01 09:55:00,2025-07-01 18:55:00,652.75,653.17,652.75,652.93,264.771,172896.67869
BNBUSDT,1751364000000,2025-07-01 10:00:00,2025-07-01 19:00:00,652.94,653,652.58,653,197.289,128786.64868
BNBUSDT,1751364300000,2025-07-01 10:05:00,2025-07-01 19:05:00,653,653,652.42,652.66,203.168,132597.43061
BNBUSDT,1751364600000,2025-07-01 10:10:00,2025-07-01 19:10:00,652.65,652.65,652.2,652.2,233.999,152672.77599
BNBUSDT,1751364900000,2025-07-01 10:15:00,2025-07-01 19:15:00,652.21,652.69,652.08,652.69,546.813,356711.23903
BNBUSDT,1751365200000,2025-07-01 10:20:00,2025-07-01 19:20:00,652.68,653.1,652.68,652.9,368.081,240341.53571
BNBUSDT,1751365500000,2025-07-01 10:25:00,2025-07-01 19:25:00,652.9,652.9,652.7,652.71,162.758,106240.42801
BNBUSDT,1751365800000,2025-07-01 10:30:00,2025-07-01 19:30:00,652.72,653.12,652.68,653.12,341.935,223222.78514
BNBUSDT,1751366100000,2025-07-01 10:35:00,2025-07-01 19:35:00,653.12,653.12,652.39,652.79,350.701,228918.9836
BNBUSDT,1751366400000,2025-07-01 10:40:00,2025-07-01 19:40:00,652.79,653.08,652.77,653.04,466.674,304716.5342
BNBUSDT,1751366700000,2025-07-01 10:45:00,2025-07-01 19:45:00,653.03,653.06,652.65,652.72,403.568,263481.52798
BNBUSDT,1751367000000,2025-07-01 10:50:00,2025-07-01 19:50:00,652.72,653.26,652.71,653,202.389,132173.89686
BNBUSDT,1751367300000,2025-07-01 10:55:00,2025-07-01 19:55:00,653.01,653.11,653,653.1,280.738,183341.42881
BNBUSDT,1751367600000,2025-07-01 11:00:00,2025-07-01 20:00:00,653.11,653.11,652.34,652.35,403.19,263212.42602
BNBUSDT,1751367900000,2025-07-01 11:05:00,2025-07-01 20:05:00,652.35,652.4,652.16,652.19,131.053,85479.66774
BNBUSDT,1751368200000,2025-07-01 11:10:00,2025-07-01 20:10:00,652.2,652.2,651.62,651.62,444.476,289728.59343
BNBUSDT,1751368500000,2025-07-01 11:15:00,2025-07-01 20:15:00,651.63,651.82,651.56,651.66,250.095,162982.64055
BNBUSDT,1751368800000,2025-07-01 11:20:00,2025-07-01 20:20:00,651.66,651.92,651.65,651.87,223.169,145459.05988
BNBUSDT,1751369100000,2025-07-01 11:25:00,2025-07-01 20:25:00,651.88,651.9,651.81,651.89,273.537,178307.19556
BNBUSDT,1751369400000,2025-07-01 11:30:00,2025-07-01 20:30:00,651.9,652.25,651.89,652.16,208.771,136119.02376
BNBUSDT,1751369700000,2025-07-01 11:35:00,2025-07-01 20:35:00,652.15,652.49,651.92,652.2,653.893,426465.92932
BNBUSDT,1751370000000,2025-07-01 11:40:00,2025-07-01 20:40:00,652.21,652.21,652.01,652.02,241.723,157638.07608
BNBUSDT,1751370300000,2025-07-01 11:45:00,2025-07-01 20:45:00,652.02,652.3,652.01,652.23,172.684,112606.26413
BNBUSDT,1751370600000,2025-07-01 11:50:00,2025-07-01 20:50:00,652.23,652.24,651.72,651.88,259.717,169320.73614
BNBUSDT,1751370900000,2025-07-01 11:55:00,2025-07-01 20:55:00,651.88,652.39,651.88,652.27,449.398,293095.14936
BNBUSDT,1751371200000,2025-07-01 12:00:00,2025-07-01 21:00:00,652.28,652.46,652.15,652.46,146.823,95764.16522
BNBUSDT,1751371500000,2025-07-01 12:05:00,2025-07-01 21:05:00,652.45,652.59,652.18,652.19,173.727,113353.02551
BNBUSDT,1751371800000,2025-07-01 12:10:00,2025-07-01 21:10:00,652.19,652.31,652.01,652.3,239.666,156303.5771
BNBUSDT,1751372100000,2025-07-01 12:15:00,2025-07-01 21:15:00,652.31,652.31,652.3,652.3,357.862,233434.1641
BNBUSDT,1751372400000,2025-07-01 12:20:00,2025-07-01 21:20:00,652.3,652.32,652.01,652.02,789.651,515080.58086
BNBUSDT,1751372700000,2025-07-01 12:25:00,2025-07-01 21:25:00,652.02,652.02,651.78,651.9,233.887,152466.84826
BNBUSDT,1751373000000,2025-07-01 12:30:00,2025-07-01 21:30:00,651.91,651.91,651.48,651.71,392.273,255625.25338
BNBUSDT,1751373300000,2025-07-01 12:35:00,2025-07-01 21:35:00,651.72,651.91,651.71,651.75,197.222,128543.05603
BNBUSDT,1751373600000,2025-07-01 12:40:00,2025-07-01 21:40:00,651.74,651.94,651.38,651.4,427.027,278267.79787
BNBUSDT,1751373900000,2025-07-01 12:45:00,2025-07-01 21:45:00,651.4,651.4,650.83,651.12,602.547,392302.73374
BNBUSDT,1751374200000,2025-07-01 12:50:00,2025-07-01 21:50:00,651.12,651.28,650.89,650.95,271.205,176554.89826
BNBUSDT,1751374500000,2025-07-01 12:55:00,2025-07-01 21:55:00,650.94,651.24,650.8,650.81,405.613,264028.25174
BNBUSDT,1751374800000,2025-07-01 13:00:00,2025-07-01 22:00:00,650.81,650.81,650.45,650.56,582.873,379262.8028
BNBUSDT,1751375100000,2025-07-01 13:05:00,2025-07-01 22:05:00,650.56,651.05,650.44,650.98,261.129,169926.84971
BNBUSDT,1751375400000,2025-07-01 13:10:00,2025-07-01 22:10:00,650.97,650.98,650.12,650.2,348.302,226518.6857
BNBUSDT,1751375700000,2025-07-01 13:15:00,2025-07-01 22:15:00,650.2,650.59,650.04,650.22,411.42,267522.69179
BNBUSDT,1751376000000,2025-07-01 13:20:00,2025-07-01 22:20:00,650.21,650.4,650.1,650.16,205.265,133464.71936
BNBUSDT,1751376300000,2025-07-01 13:25:00,2025-07-01 22:25:00,650.16,650.98,650.16,650.95,447.113,290927.67349
BNBUSDT,1751376600000,2025-07-01 13:30:00,2025-07-01 22:30:00,650.96,651.43,650.89,651.39,318.762,207567.4377
BNBUSDT,1751376900000,2025-07-01 13:35:00,2025-07-01 22:35:00,651.39,651.68,650.54,650.55,528.864,344462.82469
BNBUSDT,1751377200000,2025-07-01 13:40:00,2025-07-01 22:40:00,650.54,650.66,649.39,649.79,1177.597,765354.45354
BNBUSDT,1751377500000,2025-07-01 13:45:00,2025-07-01 22:45:00,649.78,650.95,649.7,650.92,364.047,236806.16924
BNBUSDT,1751377800000,2025-07-01 13:50:00,2025-07-01 22:50:00,650.92,651.53,650.92,651.42,187.309,121995.86651
BNBUSDT,1751378100000,2025-07-01 13:55:00,2025-07-01 22:55:00,651.42,651.45,651.06,651.18,155.445,101231.61352
BNBUSDT,1751378400000,2025-07-01 14:00:00,2025-07-01 23:00:00,651.18,651.57,651.07,651.43,296.889,193375.11669
BNBUSDT,1751378700000,2025-07-01 14:05:00,2025-07-01 23:05:00,651.43,651.83,651.42,651.8,337.249,219757.75971
BNBUSDT,1751379000000,2025-07-01 14:10:00,2025-07-01 23:10:00,651.8,652.05,651.48,652.05,325.834,212360.80402
BNBUSDT,1751379300000,2025-07-01 14:15:00,2025-07-01 23:15:00,652.04,652.4,651.3,651.51,339.717,221472.00564
BNBUSDT,1751379600000,2025-07-01 14:20:00,2025-07-01 23:20:00,651.52,651.66,650.52,650.66,322.602,210054.14927
BNBUSDT,1751379900000,2025-07-01 14:25:00,2025-07-01 23:25:00,650.65,650.89,649,649.13,667.263,433529.22859
BNBUSDT,1751380200000,2025-07-01 14:30:00,2025-07-01 23:30:00,649.13,649.46,648.1,648.1,1068.719,693504.58205
BNBUSDT,1751380500000,2025-07-01 14:35:00,2025-07-01 23:35:00,648.11,648.39,646.16,646.27,2173.612,1407248.98113
BNBUSDT,1751380800000,2025-07-01 14:40:00,2025-07-01 23:40:00,646.27,647.15,646.14,646.4,1840.446,1190057.38594
BNBUSDT,1751381100000,2025-07-01 14:45:00,2025-07-01 23:45:00,646.41,647.21,646.29,646.89,653.596,422696.54484
BNBUSDT,1751381400000,2025-07-01 14:50:00,2025-07-01 23:50:00,646.9,647.82,646.68,647.08,916.124,592893.61992
BNBUSDT,1751381700000,2025-07-01 14:55:00,2025-07-01 23:55:00,647.09,647.29,646.71,647.18,388.719,251523.70368
BNBUSDT,1751382000000,2025-07-01 15:00:00,2025-07-02 00:00:00,647.17,647.41,646.93,647.38,295.302,191121.9166
BNBUSDT,1751382300000,2025-07-01 15:05:00,2025-07-02 00:05:00,647.38,647.5,646.8,646.82,429.1,277783.89168
BNBUSDT,1751382600000,2025-07-01 15:10:00,2025-07-02 00:10:00,646.82,646.82,645.96,646.18,1416.034,915133.33249
BNBUSDT,1751382900000,2025-07-01 15:15:00,2025-07-02 00:15:00,646.18,646.39,646.17,646.29,327.765,211832.39026
BNBUSDT,1751383200000,2025-07-01 15:20:00,2025-07-02 00:20:00,646.3,646.55,646.1,646.25,193.147,124831.45399
BNBUSDT,1751383500000,2025-07-01 15:25:00,2025-07-02 00:25:00,646.25,646.57,646.24,646.36,188.298,121715.72717
BNBUSDT,1751383800000,2025-07-01 15:30:00,2025-07-02 00:30:00,646.36,646.95,646.2,646.91,222.432,143814.15573
BNBUSDT,1751384100000,2025-07-01 15:35:00,2025-07-02 00:35:00,646.91,646.91,645.84,645.84,346.685,224086.02031
BNBUSDT,1751384400000,2025-07-01 15:40:00,2025-07-02 00:40:00,645.84,646,645.64,645.81,276.441,178528.60954
BNBUSDT,1751384700000,2025-07-01 15:45:00,2025-07-02 00:45:00,645.81,646.24,645.76,646.01,206.853,133622.21511
BNBUSDT,1751385000000,2025-07-01 15:50:00,2025-07-02 00:50:00,646.01,646.08,645.9,645.92,84.174,54376.41038
BNBUSDT,1751385300000,2025-07-01 15:55:00,2025-07-02 00:55:00,645.92,646.16,645.86,645.98,127.465,82341.70842
BNBUSDT,1751385600000,2025-07-01 16:00:00,2025-07-02 01:00:00,645.98,646.05,645.74,645.83,165.923,107166.60327
BNBUSDT,1751385900000,2025-07-01 16:05:00,2025-07-02 01:05:00,645.83,646.3,645.82,646.29,172.275,111283.485
BNBUSDT,1751386200000,2025-07-01 16:10:00,2025-07-02 01:10:00,646.3,647,646.25,646.92,552.173,357024.40185
BNBUSDT,1751386500000,2025-07-01 16:15:00,2025-07-02 01:15:00,646.92,646.92,646.02,646.26,254.31,164360.29462
BNBUSDT,1751386800000,2025-07-01 16:20:00,2025-07-02 01:20:00,646.25,646.26,646.01,646.23,140.2,90578.02267
BNBUSDT,1751387100000,2025-07-01 16:25:00,2025-07-02 01:25:00,646.23,646.44,646.22,646.34,117.174,75731.16763
BNBUSDT,1751387400000,2025-07-01 16:30:00,2025-07-02 01:30:00,646.33,646.56,646.13,646.56,122.037,78867.9698
BNBUSDT,1751387700000,2025-07-01 16:35:00,2025-07-02 01:35:00,646.56,646.56,646.14,646.2,94.395,61006.4454
BNBUSDT,1751388000000,2025-07-01 16:40:00,2025-07-02 01:40:00,646.2,646.35,646.04,646.05,124.566,80495.82986
BNBUSDT,1751388300000,2025-07-01 16:45:00,2025-07-02 01:45:00,646.05,646.2,645.77,646.09,186.266,120321.4429
BNBUSDT,1751388600000,2025-07-01 16:50:00,2025-07-02 01:50:00,646.09,646.2,645.9,646.2,89.753,57983.09374
BNBUSDT,1751388900000,2025-07-01 16:55:00,2025-07-02 01:55:00,646.2,646.2,645.8,646.19,95.69,61817.60991
BNBUSDT,1751389200000,2025-07-01 17:00:00,2025-07-02 02:00:00,646.2,646.27,645.7,645.7,120.771,78015.36892
BNBUSDT,1751389500000,2025-07-01 17:05:00,2025-07-02 02:05:00,645.7,646.17,645.7,646.1,204.797,132277.83261
BNBUSDT,1751389800000,2025-07-01 17:10:00,2025-07-02 02:10:00,646.1,646.59,646.03,646.36,109.939,71061.16135
BNBUSDT,1751390100000,2025-07-01 17:15:00,2025-07-02 02:15:00,646.36,646.5,646.35,646.5,91.09,58882.19156
BNBUSDT,1751390400000,2025-07-01 17:20:00,2025-07-02 02:20:00,646.49,646.7,646.4,646.7,137.134,88671.0732
BNBUSDT,1751390700000,2025-07-01 17:25:00,2025-07-02 02:25:00,646.7,646.75,646.26,646.27,119.704,77391.58402
BNBUSDT,1751391000000,2025-07-01 17:30:00,2025-07-02 02:30:00,646.27,646.27,645.76,645.82,253.708,163904.82294
BNBUSDT,1751391300000,2025-07-01 17:35:00,2025-07-02 02:35:00,645.82,646.07,645.82,646,167.233,108011.79214
BNBUSDT,1751391600000,2025-07-01 17:40:00,2025-07-02 02:40:00,645.99,646.39,645.99,646.17,993.42,641871.55107
BNBUSDT,1751391900000,2025-07-01 17:45:00,2025-07-02 02:45:00,646.16,646.35,646.13,646.17,125.739,81255.12494
BNBUSDT,1751392200000,2025-07-01 17:50:00,2025-07-02 02:50:00,646.17,646.39,646.15,646.26,111.175,71848.60727
BNBUSDT,1751392500000,2025-07-01 17:55:00,2025-07-02 02:55:00,646.26,646.46,646.07,646.37,100.759,65117.94888
BNBUSDT,1751392800000,2025-07-01 18:00:00,2025-07-02 03:00:00,646.36,646.37,645.91,645.92,117.406,75864.25014
BNBUSDT,1751393100000,2025-07-01 18:05:00,2025-07-02 03:05:00,645.91,646,645.8,645.82,239.979,154990.46399
BNBUSDT,1751393400000,2025-07-01 18:10:00,2025-07-02 03:10:00,645.82,645.86,645.82,645.86,53.699,34681.75288
BNBUSDT,1751393700000,2025-07-01 18:15:00,2025-07-02 03:15:00,645.86,645.86,645.51,645.57,175.992,113627.00926
BNBUSDT,1751394000000,2025-07-01 18:20:00,2025-07-02 03:20:00,645.57,645.57,644.76,644.92,1200.913,774827.9272
BNBUSDT,1751394300000,2025-07-01 18:25:00,2025-07-02 03:25:00,644.92,645.03,644.79,645.03,117.402,75716.45931
BNBUSDT,1751394600000,2025-07-01 18:30:00,2025-07-02 03:30:00,645.03,645.48,645.02,645.26,279.912,180635.58221
BNBUSDT,1751394900000,2025-07-01 18:35:00,2025-07-02 03:35:00,645.27,645.27,645.07,645.24,101.169,65270.75591
BNBUSDT,1751395200000,2025-07-01 18:40:00,2025-07-02 03:40:00,645.23,645.3,645.11,645.3,148.222,95635.98424
BNBUSDT,1751395500000,2025-07-01 18:45:00,2025-07-02 03:45:00,645.29,645.3,645.04,645.18,108.263,69846.23829
BNBUSDT,1751395800000,2025-07-01 18:50:00,2025-07-02 03:50:00,645.17,645.8,645.17,645.31,617.676,398707.518
BNBUSDT,1751396100000,2025-07-01 18:55:00,2025-07-02 03:55:00,645.31,645.32,644.5,645,380.799,245582.2794
BNBUSDT,1751396400000,2025-07-01 19:00:00,2025-07-02 04:00:00,645,645.31,644.75,645.31,339.167,218757.56182
BNBUSDT,1751396700000,2025-07-01 19:05:00,2025-07-02 04:05:00,645.31,645.8,645.31,645.62,328.683,212219.35454
BNBUSDT,1751397000000,2025-07-01 19:10:00,2025-07-02 04:10:00,645.63,646.61,645.62,646.59,279.425,180550.91413
BNBUSDT,1751397300000,2025-07-01 19:15:00,2025-07-02 04:15:00,646.59,646.7,646.3,646.31,53.089,34326.15511
BNBUSDT,1751397600000,2025-07-01 19:20:00,2025-07-02 04:20:00,646.3,646.58,646.14,646.57,56.794,36710.25068
BNBUSDT,1751397900000,2025-07-01 19:25:00,2025-07-02 04:25:00,646.57,646.7,646.42,646.43,119.488,77254.73373
BNBUSDT,1751398200000,2025-07-01 19:30:00,2025-07-02 04:30:00,646.44,646.59,646.13,646.13,110.841,71648.92312
BNBUSDT,1751398500000,2025-07-01 19:35:00,2025-07-02 04:35:00,646.14,646.52,645.81,645.81,196.218,126813.38412
BNBUSDT,1751398800000,2025-07-01 19:40:00,2025-07-02 04:40:00,645.82,645.9,645.51,645.9,284.263,183551.51202
BNBUSDT,1751399100000,2025-07-01 19:45:00,2025-07-02 04:45:00,645.89,646.5,645.89,646.19,249,160915.5681
BNBUSDT,1751399400000,2025-07-01 19:50:00,2025-07-02 04:50:00,646.19,646.41,645.96,646.24,183.488,118568.94832
BNBUSDT,1751399700000,2025-07-01 19:55:00,2025-07-02 04:55:00,646.23,646.29,645.65,645.65,144.286,93201.55368
BNBUSDT,1751400000000,2025-07-01 20:00:00,2025-07-02 05:00:00,645.65,645.85,644,644.36,556.292,358667.88733
BNBUSDT,1751400300000,2025-07-01 20:05:00,2025-07-02 05:05:00,644.37,645.39,644.37,644.81,197.973,127706.57567
BNBUSDT,1751400600000,2025-07-01 20:10:00,2025-07-02 05:10:00,644.81,645.1,644.33,644.74,139.652,90037.25626
BNBUSDT,1751400900000,2025-07-01 20:15:00,2025-07-02 05:15:00,644.74,645.6,644.73,645.6,111.349,71835.47483
BNBUSDT,1751401200000,2025-07-01 20:20:00,2025-07-02 05:20:00,645.6,645.79,645.32,645.59,149.445,96475.15444
BNBUSDT,1751401500000,2025-07-01 20:25:00,2025-07-02 05:25:00,645.58,646.06,645.58,646.02,117.053,75605.82558
BNBUSDT,1751401800000,2025-07-01 20:30:00,2025-07-02 05:30:00,646.03,646.24,645.93,646.03,187.472,121122.65856
BNBUSDT,1751402100000,2025-07-01 20:35:00,2025-07-02 05:35:00,646.03,646.4,646.01,646.18,137.115,88598.95752
BNBUSDT,1751402400000,2025-07-01 20:40:00,2025-07-02 05:40:00,646.18,646.19,645.7,645.9,464.189,299786.61989
BNBUSDT,1751402700000,2025-07-01 20:45:00,2025-07-02 05:45:00,645.89,646.01,645.86,646,143.639,92778.36663
BNBUSDT,1751403000000,2025-07-01 20:50:00,2025-07-02 05:50:00,646.01,646.07,645.85,645.86,181.277,117100.86805
BNBUSDT,1751403300000,2025-07-01 20:55:00,2025-07-02 05:55:00,645.85,646.16,645.85,646.03,95.867,61923.57206
BNBUSDT,1751403600000,2025-07-01 21:00:00,2025-07-02 06:00:00,646.03,646.03,645.6,645.61,115.915,74860.15739
BNBUSDT,1751403900000,2025-07-01 21:05:00,2025-07-02 06:05:00,645.6,645.78,645.23,645.78,293.581,189487.5912
BNBUSDT,1751404200000,2025-07-01 21:10:00,2025-07-02 06:10:00,645.78,645.97,645.5,645.92,282.956,182701.64559
BNBUSDT,1751404500000,2025-07-01 21:15:00,2025-07-02 06:15:00,645.92,646.49,645.81,646.45,228.193,147436.60621
BNBUSDT,1751404800000,2025-07-01 21:20:00,2025-07-02 06:20:00,646.46,647.4,646.44,647.36,533.15,344898.30702
BNBUSDT,1751405100000,2025-07-01 21:25:00,2025-07-02 06:25:00,647.35,647.35,646.6,646.66,307.446,198915.376
BNBUSDT,1751405400000,2025-07-01 21:30:00,2025-07-02 06:30:00,646.67,646.67,646.3,646.49,209.412,135378.72042
BNBUSDT,1751405700000,2025-07-01 21:35:00,2025-07-02 06:35:00,646.49,646.58,646.23,646.57,93.252,60286.16069
BNBUSDT,1751406000000,2025-07-01 21:40:00,2025-07-02 06:40:00,646.57,646.97,646.5,646.83,300.275,194177.57334
BNBUSDT,1751406300000,2025-07-01 21:45:00,2025-07-02 06:45:00,646.84,646.85,646.5,646.56,105.868,68468.53265
BNBUSDT,1751406600000,2025-07-01 21:50:00,2025-07-02 06:50:00,646.57,646.67,646.56,646.66,38.757,25062.58618
BNBUSDT,1751406900000,2025-07-01 21:55:00,2025-07-02 06:55:00,646.67,646.67,646.43,646.56,71.79,46413.60977
BNBUSDT,1751407200000,2025-07-01 22:00:00,2025-07-02 07:00:00,646.56,647.17,646.14,646.82,424.095,274225.94981
BNBUSDT,1751407500000,2025-07-01 22:05:00,2025-07-02 07:05:00,646.82,646.94,645.65,645.91,200.872,129815.02795
BNBUSDT,1751407800000,2025-07-01 22:10:00,2025-07-02 07:10:00,645.91,646.3,645.69,646.15,145.37,93914.48738
BNBUSDT,1751408100000,2025-07-01 22:15:00,2025-07-02 07:15:00,646.16,646.37,645.82,645.82,153.016,98863.43501
BNBUSDT,1751408400000,2025-07-01 22:20:00,2025-07-02 07:20:00,645.82,646,645.82,645.85,74.612,48193.99312
BNBUSDT,1751408700000,2025-07-01 22:25:00,2025-07-02 07:25:00,645.85,645.86,645.84,645.86,29.998,19374.32862
BNBUSDT,1751409000000,2025-07-01 22:30:00,2025-07-02 07:30:00,645.85,646.26,645.55,646.26,158.915,102623.81116
BNBUSDT,1751409300000,2025-07-01 22:35:00,2025-07-02 07:35:00,646.25,646.65,646.25,646.41,147.573,95412.98181
BNBUSDT,1751409600000,2025-07-01 22:40:00,2025-07-02 07:40:00,646.4,646.5,646.2,646.41,82.949,53613.03864
BNBUSDT,1751409900000,2025-07-01 22:45:00,2025-07-02 07:45:00,646.4,646.59,646.38,646.45,77.245,49934.99505
BNBUSDT,1751410200000,2025-07-01 22:50:00,2025-07-02 07:50:00,646.45,646.5,646.29,646.35,53.954,34873.53549
BNBUSDT,1751410500000,2025-07-01 22:55:00,2025-07-02 07:55:00,646.35,646.35,645.41,645.51,288.176,186098.09606
BNBUSDT,1751410800000,2025-07-01 23:00:00,2025-07-02 08:00:00,645.5,645.51,644.67,644.67,175.719,113361.0707
BNBUSDT,1751411100000,2025-07-01 23:05:00,2025-07-02 08:05:00,644.67,645,644.6,644.77,154.523,99638.47746
BNBUSDT,1751411400000,2025-07-01 23:10:00,2025-07-02 08:10:00,644.78,644.89,644.12,644.37,301.052,193994.80225
BNBUSDT,1751411700000,2025-07-01 23:15:00,2025-07-02 08:15:00,644.38,644.98,644.37,644.79,118.314,76276.25957
BNBUSDT,1751412000000,2025-07-01 23:20:00,2025-07-02 08:20:00,644.78,645.3,644.75,645.22,91.287,58886.36243
BNBUSDT,1751412300000,2025-07-01 23:25:00,2025-07-02 08:25:00,645.22,645.5,644.95,645.49,171.025,110340.75693
BNBUSDT,1751412600000,2025-07-01 23:30:00,2025-07-02 08:30:00,645.5,645.7,645.35,645.65,75.897,48992.49309
BNBUSDT,1751412900000,2025-07-01 23:35:00,2025-07-02 08:35:00,645.65,645.66,645.47,645.6,141.848,91569.76391
BNBUSDT,1751413200000,2025-07-01 23:40:00,2025-07-02 08:40:00,645.59,645.91,645.58,645.91,79.581,51387.42049
BNBUSDT,1751413500000,2025-07-01 23:45:00,2025-07-02 08:45:00,645.9,646.3,645.9,646.29,132.076,85327.22449
BNBUSDT,1751413800000,2025-07-01 23:50:00,2025-07-02 08:50:00,646.3,646.3,646,646,65.713,42464.36604
BNBUSDT,1751414100000,2025-07-01 23:55:00,2025-07-02 08:55:00,646.01,646.34,646,646.33,58.873,38047.43629
BNBUSDT,1751414400000,2025-07-02 00:00:00,2025-07-02 09:00:00,646.34,646.41,646.2,646.4,246.522,159338.34307
BNBUSDT,1751414700000,2025-07-02 00:05:00,2025-07-02 09:05:00,646.39,646.41,646.02,646.15,182.815,118136.85265
BNBUSDT,1751415000000,2025-07-02 00:10:00,2025-07-02 09:10:00,646.16,646.34,646.09,646.23,215.997,139572.16433
BNBUSDT,1751415300000,2025-07-02 00:15:00,2025-07-02 09:15:00,646.23,646.37,646.02,646.16,290.806,187933.58985
BNBUSDT,1751415600000,2025-07-02 00:20:00,2025-07-02 09:20:00,646.17,646.46,646.17,646.32,151.215,97725.76059
BNBUSDT,1751415900000,2025-07-02 00:25:00,2025-07-02 09:25:00,646.32,646.56,646.25,646.46,71.107,45965.86596
BNBUSDT,1751416200000,2025-07-02 00:30:00,2025-07-02 09:30:00,646.47,646.59,646.4,646.53,78.49,50741.64401
BNBUSDT,1751416500000,2025-07-02 00:35:00,2025-07-02 09:35:00,646.54,646.59,646.06,646.11,153.715,99367.02013
BNBUSDT,1751416800000,2025-07-02 00:40:00,2025-07-02 09:40:00,646.12,646.59,646.12,646.49,63.015,40733.48892
BNBUSDT,1751417100000,2025-07-02 00:45:00,2025-07-02 09:45:00,646.49,646.51,645.51,645.66,156.895,101336.07536
BNBUSDT,1751417400000,2025-07-02 00:50:00,2025-07-02 09:50:00,645.66,645.89,645.37,645.41,154.884,99995.11962
BNBUSDT,1751417700000,2025-07-02 00:55:00,2025-07-02 09:55:00,645.41,645.55,645.41,645.55,62.391,40274.11721
BNBUSDT,1751418000000,2025-07-02 01:00:00,2025-07-02 10:00:00,645.55,645.72,645.52,645.53,99.955,64534.83918
BNBUSDT,1751418300000,2025-07-02 01:05:00,2025-07-02 10:05:00,645.53,645.8,645.52,645.65,107.643,69500.30687
BNBUSDT,1751418600000,2025-07-02 01:10:00,2025-07-02 10:10:00,645.64,645.91,645.56,645.86,87.649,56604.45783
BNBUSDT,1751418900000,2025-07-02 01:15:00,2025-07-02 10:15:00,645.87,645.98,643.71,645.76,927.849,597970.33367
BNBUSDT,1751419200000,2025-07-02 01:20:00,2025-07-02 10:20:00,645.76,646.92,645.76,646.64,384.409,248497.12485
BNBUSDT,1751419500000,2025-07-02 01:25:00,2025-07-02 10:25:00,646.65,647.13,646.28,647.06,432.37,279633.07307
BNBUSDT,1751419800000,2025-07-02 01:30:00,2025-07-02 10:30:00,647.07,647.14,646.52,646.89,195.437,126426.95674
BNBUSDT,1751420100000,2025-07-02 01:35:00,2025-07-02 10:35:00,646.89,647.28,646.89,647.1,397.787,257427.54619
BNBUSDT,1751420400000,2025-07-02 01:40:00,2025-07-02 10:40:00,647.1,647.8,646.96,647.77,416.366,269536.0451
BNBUSDT,1751420700000,2025-07-02 01:45:00,2025-07-02 10:45:00,647.77,647.77,647.42,647.55,215.489,139542.969
BNBUSDT,1751421000000,2025-07-02 01:50:00,2025-07-02 10:50:00,647.55,647.55,647.14,647.21,103.186,66792.26602
BNBUSDT,1751421300000,2025-07-02 01:55:00,2025-07-02 10:55:00,647.21,647.26,647.1,647.14,183.736,118909.73614
BNBUSDT,1751421600000,2025-07-02 02:00:00,2025-07-02 11:00:00,647.14,647.61,647,647.35,242.453,156940.40626
BNBUSDT,1751421900000,2025-07-02 02:05:00,2025-07-02 11:05:00,647.35,647.41,647.3,647.31,166.176,107573.89347
BNBUSDT,1751422200000,2025-07-02 02:10:00,2025-07-02 11:10:00,647.31,647.31,646.71,646.72,153.647,99393.19476
BNBUSDT,1751422500000,2025-07-02 02:15:00,2025-07-02 11:15:00,646.72,647.11,646.71,646.75,224.967,145539.61074
BNBUSDT,1751422800000,2025-07-02 02:20:00,2025-07-02 11:20:00,646.75,647.1,646.75,646.99,312.594,202226.18716
BNBUSDT,1751423100000,2025-07-02 02:25:00,2025-07-02 11:25:00,647,647.51,646.82,647.5,422.688,273499.12218
BNBUSDT,1751423400000,2025-07-02 02:30:00,2025-07-02 11:30:00,647.51,647.6,647.22,647.27,283.473,183519.82278
BNBUSDT,1751423700000,2025-07-02 02:35:00,2025-07-02 11:35:00,647.27,647.47,647.03,647.03,136.702,88480.01547
BNBUSDT,1751424000000,2025-07-02 02:40:00,2025-07-02 11:40:00,647.03,647.6,647,647.6,347.087,224672.58411
BNBUSDT,1751424300000,2025-07-02 02:45:00,2025-07-02 11:45:00,647.59,648.57,647.47,648.56,531.164,344249.69393
BNBUSDT,1751424600000,2025-07-02 02:50:00,2025-07-02 11:50:00,648.57,648.73,648.44,648.51,308.961,200370.09432
BNBUSDT,1751424900000,2025-07-02 02:55:00,2025-07-02 11:55:00,648.5,648.87,648.46,648.8,223.262,144825.7565
BNBUSDT,1751425200000,2025-07-02 03:00:00,2025-07-02 12:00:00,648.81,648.88,648.3,648.55,352.059,228345.54005
BNBUSDT,1751425500000,2025-07-02 03:05:00,2025-07-02 12:05:00,648.55,648.88,648.5,648.79,892.274,578774.78414
BNBUSDT,1751425800000,2025-07-02 03:10:00,2025-07-02 12:10:00,648.79,648.95,648.66,648.94,233.173,151280.27059
BNBUSDT,1751426100000,2025-07-02 03:15:00,2025-07-02 12:15:00,648.94,649.35,648.8,649.19,790.704,513136.94865
BNBUSDT,1751426400000,2025-07-02 03:20:00,2025-07-02 12:20:00,649.18,649.9,649.18,649.86,352.717,229120.43034
BNBUSDT,1751426700000,2025-07-02 03:25:00,2025-07-02 12:25:00,649.85,650,649.8,649.81,289.599,188210.51478
BNBUSDT,1751427000000,2025-07-02 03:30:00,2025-07-02 12:30:00,649.81,649.81,649.51,649.51,228.986,148758.43466
BNBUSDT,1751427300000,2025-07-02 03:35:00,2025-07-02 12:35:00,649.52,649.93,649.51,649.87,331.549,215414.10316
BNBUSDT,1751427600000,2025-07-02 03:40:00,2025-07-02 12:40:00,649.87,649.87,649.49,649.77,328.107,213162.39654
BNBUSDT,1751427900000,2025-07-02 03:45:00,2025-07-02 12:45:00,649.76,649.81,649.63,649.77,216.164,140450.86129
BNBUSDT,1751428200000,2025-07-02 03:50:00,2025-07-02 12:50:00,649.77,649.78,649.53,649.71,174.793,113545.72912
BNBUSDT,1751428500000,2025-07-02 03:55:00,2025-07-02 12:55:00,649.7,649.71,649.59,649.6,110.709,71916.68405
BNBUSDT,1751428800000,2025-07-02 04:00:00,2025-07-02 13:00:00,649.59,649.7,649.5,649.5,142.944,92856.50996
BNBUSDT,1751429100000,2025-07-02 04:05:00,2025-07-02 13:05:00,649.5,649.9,649.5,649.71,331.386,215315.35234
BNBUSDT,1751429400000,2025-07-02 04:10:00,2025-07-02 13:10:00,649.71,649.84,649.65,649.84,122.909,79857.38377
BNBUSDT,1751429700000,2025-07-02 04:15:00,2025-07-02 13:15:00,649.83,649.84,649.6,649.69,214.784,139542.19303
BNBUSDT,1751430000000,2025-07-02 04:20:00,2025-07-02 13:20:00,649.7,649.93,649.7,649.88,62.589,40673.93416
BNBUSDT,1751430300000,2025-07-02 04:25:00,2025-07-02 13:25:00,649.88,650.1,649.87,650.03,194.942,126709.75105
BNBUSDT,1751430600000,2025-07-02 04:30:00,2025-07-02 13:30:00,650.04,650.04,649.52,649.65,159.696,103758.52652
BNBUSDT,1751430900000,2025-07-02 04:35:00,2025-07-02 13:35:00,649.66,650.16,649.66,650.16,140.248,91154.15983
BNBUSDT,1751431200000,2025-07-02 04:40:00,2025-07-02 13:40:00,650.16,650.34,650.11,650.12,161.488,104997.78287
BNBUSDT,1751431500000,2025-07-02 04:45:00,2025-07-02 13:45:00,650.12,650.23,649.88,649.89,117.516,76388.37573
BNBUSDT,1751431800000,2025-07-02 04:50:00,2025-07-02 13:50:00,649.88,650.19,649.81,650.06,413.51,268789.63414
BNBUSDT,1751432100000,2025-07-02 04:55:00,2025-07-02 13:55:00,650.06,650.3,650.06,650.28,211.859,137758.51021
BNBUSDT,1751432400000,2025-07-02 05:00:00,2025-07-02 14:00:00,650.28,650.3,650.08,650.26,131.321,85387.81955
BNBUSDT,1751432700000,2025-07-02 05:05:00,2025-07-02 14:05:00,650.25,650.26,650.12,650.13,54.422,35385.97953
BNBUSDT,1751433000000,2025-07-02 05:10:00,2025-07-02 14:10:00,650.13,650.13,649.86,649.94,176.114,114478.71877
BNBUSDT,1751433300000,2025-07-02 05:15:00,2025-07-02 14:15:00,649.94,650.92,649.94,650.3,327.111,212810.88452
BNBUSDT,1751433600000,2025-07-02 05:20:00,2025-07-02 14:20:00,650.3,650.44,650.25,650.27,210.082,136624.32962
BNBUSDT,1751433900000,2025-07-02 05:25:00,2025-07-02 14:25:00,650.27,650.43,650.26,650.31,128.489,83561.90714
BNBUSDT,1751434200000,2025-07-02 05:30:00,2025-07-02 14:30:00,650.3,650.48,650.13,650.45,146.012,94945.79965
BNBUSDT,1751434500000,2025-07-02 05:35:00,2025-07-02 14:35:00,650.45,650.45,650.17,650.17,91.591,59567.47214
BNBUSDT,1751434800000,2025-07-02 05:40:00,2025-07-02 14:40:00,650.18,650.59,650.17,650.37,278.08,180861.7353
BNBUSDT,1751435100000,2025-07-02 05:45:00,2025-07-02 14:45:00,650.38,650.44,650.2,650.27,131.954,85809.67316
BNBUSDT,1751435400000,2025-07-02 05:50:00,2025-07-02 14:50:00,650.27,650.28,650.22,650.27,138.235,89887.67213
BNBUSDT,1751435700000,2025-07-02 05:55:00,2025-07-02 14:55:00,650.26,650.68,650.26,650.67,143.495,93344.39442
BNBUSDT,1751436000000,2025-07-02 06:00:00,2025-07-02 15:00:00,650.68,650.98,650.63,650.98,158.627,103227.17374
BNBUSDT,1751436300000,2025-07-02 06:05:00,2025-07-02 15:05:00,650.97,651.3,650.97,651.2,184.265,119982.3518
BNBUSDT,1751436600000,2025-07-02 06:10:00,2025-07-02 15:10:00,651.21,651.28,651.1,651.13,271.471,176766.56302
BNBUSDT,1751436900000,2025-07-02 06:15:00,2025-07-02 15:15:00,651.13,651.26,651,651.26,183.316,119358.3443
BNBUSDT,1751437200000,2025-07-02 06:20:00,2025-07-02 15:20:00,651.26,651.37,651.1,651.11,119.493,77816.86888
BNBUSDT,1751437500000,2025-07-02 06:25:00,2025-07-02 15:25:00,651.1,651.11,650.6,650.85,153.864,100141.92785
BNBUSDT,1751437800000,2025-07-02 06:30:00,2025-07-02 15:30:00,650.87,651.73,650.87,651.73,230.476,150123.94401
BNBUSDT,1751438100000,2025-07-02 06:35:00,2025-07-02 15:35:00,651.72,653.75,651.72,653.52,1255.441,819725.95604
BNBUSDT,1751438400000,2025-07-02 06:40:00,2025-07-02 15:40:00,653.51,654.42,653.43,654.24,697.514,456083.63459
BNBUSDT,1751438700000,2025-07-02 06:45:00,2025-07-02 15:45:00,654.24,654.26,653.46,653.95,1334.368,872531.851
BNBUSDT,1751439000000,2025-07-02 06:50:00,2025-07-02 15:50:00,653.95,654.23,653.23,653.86,921.918,602715.33145
BNBUSDT,1751439300000,2025-07-02 06:55:00,2025-07-02 15:55:00,653.85,655.91,653.85,655.79,1801.751,1180354.57769
BNBUSDT,1751439600000,2025-07-02 07:00:00,2025-07-02 16:00:00,655.8,656.09,655.57,655.96,803.497,527033.0254
BNBUSDT,1751439900000,2025-07-02 07:05:00,2025-07-02 16:05:00,655.97,656.16,655.5,655.82,651.38,427178.32176
BNBUSDT,1751440200000,2025-07-02 07:10:00,2025-07-02 16:10:00,655.82,655.82,655.26,655.26,381.438,250051.18174
BNBUSDT,1751440500000,2025-07-02 07:15:00,2025-07-02 16:15:00,655.27,655.45,654.7,654.83,412.731,270371.85841
BNBUSDT,1751440800000,2025-07-02 07:20:00,2025-07-02 16:20:00,654.83,655.17,654.63,654.75,532.682,348853.6091
BNBUSDT,1751441100000,2025-07-02 07:25:00,2025-07-02 16:25:00,654.76,654.97,654.51,654.96,285.892,187165.34637
BNBUSDT,1751441400000,2025-07-02 07:30:00,2025-07-02 16:30:00,654.97,655.65,654.96,655.45,462.635,303185.20606
BNBUSDT,1751441700000,2025-07-02 07:35:00,2025-07-02 16:35:00,655.45,656.58,655.44,656.56,514.726,337667.9436
BNBUSDT,1751442000000,2025-07-02 07:40:00,2025-07-02 16:40:00,656.56,656.9,656.49,656.88,737.82,484525.63856
BNBUSDT,1751442300000,2025-07-02 07:45:00,2025-07-02 16:45:00,656.89,657.44,656.89,657.17,765.013,502780.49754
BNBUSDT,1751442600000,2025-07-02 07:50:00,2025-07-02 16:50:00,657.17,657.17,656.84,657.1,229.807,150980.13891
BNBUSDT,1751442900000,2025-07-02 07:55:00,2025-07-02 16:55:00,657.09,657.42,657.09,657.33,449.019,295144.11189
BNBUSDT,1751443200000,2025-07-02 08:00:00,2025-07-02 17:00:00,657.33,659.38,657.33,659.25,1450.616,955342.35199
BNBUSDT,1751443500000,2025-07-02 08:05:00,2025-07-02 17:05:00,659.24,659.85,658.92,659.05,1982.069,1307011.9765
BNBUSDT,1751443800000,2025-07-02 08:10:00,2025-07-02 17:10:00,659.04,659.35,658.77,658.83,460.644,303608.85443
BNBUSDT,1751444100000,2025-07-02 08:15:00,2025-07-02 17:15:00,658.84,659.37,658.83,659.16,478.731,315512.72693
BNBUSDT,1751444400000,2025-07-02 08:20:00,2025-07-02 17:20:00,659.16,659.39,658.99,659.02,547.837,361117.27283
BNBUSDT,1751444700000,2025-07-02 08:25:00,2025-07-02 17:25:00,659.01,659.02,658.7,658.89,228.883,150792.4772
BNBUSDT,1751445000000,2025-07-02 08:30:00,2025-07-02 17:30:00,658.89,659.1,658.56,658.64,618.18,407280.99225
BNBUSDT,1751445300000,2025-07-02 08:35:00,2025-07-02 17:35:00,658.63,659,658.63,658.92,514.398,338876.19781
BNBUSDT,1751445600000,2025-07-02 08:40:00,2025-07-02 17:40:00,658.93,659.11,658.82,658.84,325.318,214373.56415
BNBUSDT,1751445900000,2025-07-02 08:45:00,2025-07-02 17:45:00,658.84,659.02,658.7,658.9,542.41,357366.85749
BNBUSDT,1751446200000,2025-07-02 08:50:00,2025-07-02 17:50:00,658.89,659.32,658.89,659.21,428.749,282601.83399
BNBUSDT,1751446500000,2025-07-02 08:55:00,2025-07-02 17:55:00,659.21,659.44,659.09,659.43,465.459,306853.3822
BNBUSDT,1751446800000,2025-07-02 09:00:00,2025-07-02 18:00:00,659.44,659.58,659.3,659.42,551.895,363938.74538
BNBUSDT,1751447100000,2025-07-02 09:05:00,2025-07-02 18:05:00,659.43,659.53,659.42,659.53,327.747,216140.70969
BNBUSDT,1751447400000,2025-07-02 09:10:00,2025-07-02 18:10:00,659.53,659.53,659.35,659.35,161.006,106174.43153
BNBUSDT,1751447700000,2025-07-02 09:15:00,2025-07-02 18:15:00,659.34,659.35,658.73,658.73,294.97,194467.15241
BNBUSDT,1751448000000,2025-07-02 09:20:00,2025-07-02 18:20:00,658.73,658.84,658.59,658.7,173.532,114307.77121
BNBUSDT,1751448300000,2025-07-02 09:25:00,2025-07-02 18:25:00,658.7,658.9,658.7,658.89,258.837,170513.87231
BNBUSDT,1751448600000,2025-07-02 09:30:00,2025-07-02 18:30:00,658.89,659.29,658.64,658.9,521.962,343934.85557
BNBUSDT,1751448900000,2025-07-02 09:35:00,2025-07-02 18:35:00,658.9,658.9,658.74,658.75,218.135,143708.64285
BNBUSDT,1751449200000,2025-07-02 09:40:00,2025-07-02 18:40:00,658.75,658.84,658.74,658.83,225.598,148626.28906
BNBUSDT,1751449500000,2025-07-02 09:45:00,2025-07-02 18:45:00,658.84,659,658.53,658.54,312.248,205690.8166
BNBUSDT,1751449800000,2025-07-02 09:50:00,2025-07-02 18:50:00,658.54,658.54,658,658.13,301.09,198176.29899
BNBUSDT,1751450100000,2025-07-02 09:55:00,2025-07-02 18:55:00,658.13,658.29,658.1,658.28,211.549,139237.92777
BNBUSDT,1751450400000,2025-07-02 10:00:00,2025-07-02 19:00:00,658.29,658.47,658.14,658.41,301.292,198355.93696
BNBUSDT,1751450700000,2025-07-02 10:05:00,2025-07-02 19:05:00,658.41,658.49,658.02,658.15,317.843,209233.06366
BNBUSDT,1751451000000,2025-07-02 10:10:00,2025-07-02 19:10:00,658.15,658.2,657.74,657.91,465.601,306363.52036
BNBUSDT,1751451300000,2025-07-02 10:15:00,2025-07-02 19:15:00,657.91,658.09,657.72,657.9,299.694,197167.03343
BNBUSDT,1751451600000,2025-07-02 10:20:00,2025-07-02 19:20:00,657.9,658.16,657.89,658.06,734.988,483649.47676
BNBUSDT,1751451900000,2025-07-02 10:25:00,2025-07-02 19:25:00,658.06,658.06,657.64,657.64,506.444,333202.90982
BNBUSDT,1751452200000,2025-07-02 10:30:00,2025-07-02 19:30:00,657.65,657.88,657.64,657.81,173.801,114328.11543
BNBUSDT,1751452500000,2025-07-02 10:35:00,2025-07-02 19:35:00,657.82,657.82,657.44,657.47,253.346,166614.89528
BNBUSDT,1751452800000,2025-07-02 10:40:00,2025-07-02 19:40:00,657.47,657.58,657.44,657.45,168.844,111018.36741
BNBUSDT,1751453100000,2025-07-02 10:45:00,2025-07-02 19:45:00,657.45,657.49,657.43,657.43,158.341,104104.26849
BNBUSDT,1751453400000,2025-07-02 10:50:00,2025-07-02 19:50:00,657.43,657.87,657.43,657.65,245.251,161284.12486
BNBUSDT,1751453700000,2025-07-02 10:55:00,2025-07-02 19:55:00,657.65,657.65,657.43,657.64,161.56,106228.72806
BNBUSDT,1751454000000,2025-07-02 11:00:00,2025-07-02 20:00:00,657.64,657.69,657.25,657.26,186.636,122698.91067
BNBUSDT,1751454300000,2025-07-02 11:05:00,2025-07-02 20:05:00,657.26,657.77,657.25,657.75,602.085,395927.12362
BNBUSDT,1751454600000,2025-07-02 11:10:00,2025-07-02 20:10:00,657.75,658.09,657.74,657.92,272.396,179204.33783
BNBUSDT,1751454900000,2025-07-02 11:15:00,2025-07-02 20:15:00,657.91,657.92,657.62,657.7,302.868,199225.53234
BNBUSDT,1751455200000,2025-07-02 11:20:00,2025-07-02 20:20:00,657.69,657.71,657.25,657.26,285.579,187786.67308
BNBUSDT,1751455500000,2025-07-02 11:25:00,2025-07-02 20:25:00,657.26,657.39,657.25,657.32,263.203,173007.61508
BNBUSDT,1751455800000,2025-07-02 11:30:00,2025-07-02 20:30:00,657.32,657.45,657.08,657.08,183.13,120370.79843
BNBUSDT,1751456100000,2025-07-02 11:35:00,2025-07-02 20:35:00,657.09,657.76,656.9,657.76,300.359,197391.41963
BNBUSDT,1751456400000,2025-07-02 11:40:00,2025-07-02 20:40:00,657.75,657.76,657.39,657.53,218.057,143399.63179
BNBUSDT,1751456700000,2025-07-02 11:45:00,2025-07-02 20:45:00,657.53,657.53,657,657.01,180.35,118542.6832
BNBUSDT,1751457000000,2025-07-02 11:50:00,2025-07-02 20:50:00,657.01,657.24,656.9,656.9,104.456,68641.6863
BNBUSDT,1751457300000,2025-07-02 11:55:00,2025-07-02 20:55:00,656.91,657.14,656.75,657.11,351.013,230587.93375
BNBUSDT,1751457600000,2025-07-02 12:00:00,2025-07-02 21:00:00,657.11,657.11,656.73,656.81,246.248,161753.61329
BNBUSDT,1751457900000,2025-07-02 12:05:00,2025-07-02 21:05:00,656.81,657.07,656.44,656.44,262.649,172510.02587
BNBUSDT,1751458200000,2025-07-02 12:10:00,2025-07-02 21:10:00,656.45,656.45,655.9,656.16,742.247,487020.35219
BNBUSDT,1751458500000,2025-07-02 12:15:00,2025-07-02 21:15:00,656.16,656.27,655.81,656.02,621.292,407557.35992
BNBUSDT,1751458800000,2025-07-02 12:20:00,2025-07-02 21:20:00,656.01,656.78,656.01,656.22,326.93,214597.83873
BNBUSDT,1751459100000,2025-07-02 12:25:00,2025-07-02 21:25:00,656.22,656.81,656.01,656.81,214.49,140795.25384
BNBUSDT,1751459400000,2025-07-02 12:30:00,2025-07-02 21:30:00,656.81,657.18,655.93,656.2,385.418,253018.57017
BNBUSDT,1751459700000,2025-07-02 12:35:00,2025-07-02 21:35:00,656.21,656.64,656.2,656.56,182.5,119795.49952
BNBUSDT,1751460000000,2025-07-02 12:40:00,2025-07-02 21:40:00,656.56,656.56,655.29,655.56,450.223,295288.8881
BNBUSDT,1751460300000,2025-07-02 12:45:00,2025-07-02 21:45:00,655.56,655.94,655.55,655.79,186.14,122067.89168
BNBUSDT,1751460600000,2025-07-02 12:50:00,2025-07-02 21:50:00,655.8,656.28,655.79,656.12,237.159,155585.56105
BNBUSDT,1751460900000,2025-07-02 12:55:00,2025-07-02 21:55:00,656.12,656.23,656.02,656.22,117.192,76895.40281
BNBUSDT,1751461200000,2025-07-02 13:00:00,2025-07-02 22:00:00,656.22,657.2,656.22,657.18,345.775,227032.0917
BNBUSDT,1751461500000,2025-07-02 13:05:00,2025-07-02 22:05:00,657.18,657.26,656.8,656.8,205.055,134734.7828
BNBUSDT,1751461800000,2025-07-02 13:10:00,2025-07-02 22:10:00,656.81,657.51,656.76,657.49,424.11,278649.60886
BNBUSDT,1751462100000,2025-07-02 13:15:00,2025-07-02 22:15:00,657.49,657.49,657.17,657.21,215.214,141470.47594
BNBUSDT,1751462400000,2025-07-02 13:20:00,2025-07-02 22:20:00,657.21,657.5,657.21,657.32,170.247,111914.96046
BNBUSDT,1751462700000,2025-07-02 13:25:00,2025-07-02 22:25:00,657.31,657.51,657.2,657.51,139.921,91981.45216
BNBUSDT,1751463000000,2025-07-02 13:30:00,2025-07-02 22:30:00,657.51,657.51,656.78,657.31,234.966,154426.12195
BNBUSDT,1751463300000,2025-07-02 13:35:00,2025-07-02 22:35:00,657.31,657.89,657.26,657.88,162.828,107075.93425
BNBUSDT,1751463600000,2025-07-02 13:40:00,2025-07-02 22:40:00,657.89,658,657.67,657.88,362.254,238314.40893
BNBUSDT,1751463900000,2025-07-02 13:45:00,2025-07-02 22:45:00,657.88,658.3,657.8,657.8,538.653,354464.05609
BNBUSDT,1751464200000,2025-07-02 13:50:00,2025-07-02 22:50:00,657.8,657.81,657.5,657.6,207.657,136546.84514
BNBUSDT,1751464500000,2025-07-02 13:55:00,2025-07-02 22:55:00,657.6,657.9,657.51,657.89,262.416,172590.0408
BNBUSDT,1751464800000,2025-07-02 14:00:00,2025-07-02 23:00:00,657.9,658.26,657.83,658.25,304.544,200416.48176
BNBUSDT,1751465100000,2025-07-02 14:05:00,2025-07-02 23:05:00,658.26,658.55,658,658.14,373.459,245840.48089
BNBUSDT,1751465400000,2025-07-02 14:10:00,2025-07-02 23:10:00,658.13,658.49,658.13,658.42,270.417,178017.70194
BNBUSDT,1751465700000,2025-07-02 14:15:00,2025-07-02 23:15:00,658.43,658.43,657.74,657.91,206.82,136076.09563
BNBUSDT,1751466000000,2025-07-02 14:20:00,2025-07-02 23:20:00,657.91,657.97,657.3,657.78,365.192,240181.14307
BNBUSDT,1751466300000,2025-07-02 14:25:00,2025-07-02 23:25:00,657.79,659,657.72,658.23,581.851,383110.77434
BNBUSDT,1751466600000,2025-07-02 14:30:00,2025-07-02 23:30:00,658.23,658.32,657.8,658.14,159.536,104980.5305
BNBUSDT,1751466900000,2025-07-02 14:35:00,2025-07-02 23:35:00,658.14,658.33,657.74,658.33,265.351,174637.8502
BNBUSDT,1751467200000,2025-07-02 14:40:00,2025-07-02 23:40:00,658.33,658.85,658.3,658.3,597.817,393709.21003
BNBUSDT,1751467500000,2025-07-02 14:45:00,2025-07-02 23:45:00,658.31,659.25,658.3,659.25,479.465,315871.98516
BNBUSDT,1751467800000,2025-07-02 14:50:00,2025-07-02 23:50:00,659.25,659.5,659.14,659.15,265.944,175343.21903
BNBUSDT,1751468100000,2025-07-02 14:55:00,2025-07-02 23:55:00,659.14,659.4,659.14,659.29,233.835,154162.7328
BNBUSDT,1751468400000,2025-07-02 15:00:00,2025-07-03 00:00:00,659.3,659.52,658.77,659.13,531.408,350303.44864
BNBUSDT,1751468700000,2025-07-02 15:05:00,2025-07-03 00:05:00,659.14,659.5,659.14,659.43,281.894,185863.6906
BNBUSDT,1751469000000,2025-07-02 15:10:00,2025-07-03 00:10:00,659.44,661.34,659.43,660.84,2806.455,1852974.97579
BNBUSDT,1751469300000,2025-07-02 15:15:00,2025-07-03 00:15:00,660.85,661.68,660.84,661.68,1311.479,867480.01654
BNBUSDT,1751469600000,2025-07-02 15:20:00,2025-07-03 00:20:00,661.68,661.7,661.35,661.42,345.268,228402.67201
BNBUSDT,1751469900000,2025-07-02 15:25:00,2025-07-03 00:25:00,661.42,661.51,661.18,661.39,279.206,184633.95052
BNBUSDT,1751470200000,2025-07-02 15:30:00,2025-07-03 00:30:00,661.39,661.61,661.11,661.56,636.984,421250.00096
BNBUSDT,1751470500000,2025-07-02 15:35:00,2025-07-03 00:35:00,661.57,661.99,661.14,661.31,594.696,393449.98266
BNBUSDT,1751470800000,2025-07-02 15:40:00,2025-07-03 00:40:00,661.31,661.54,661.26,661.33,362.622,239830.60541
BNBUSDT,1751471100000,2025-07-02 15:45:00,2025-07-03 00:45:00,661.34,661.5,661.3,661.41,348.782,230692.26236
BNBUSDT,1751471400000,2025-07-02 15:50:00,2025-07-03 00:50:00,661.42,661.47,661.32,661.42,276.565,182924.93099
BNBUSDT,1751471700000,2025-07-02 15:55:00,2025-07-03 00:55:00,661.42,661.76,661.41,661.64,564.158,373222.69729
BNBUSDT,1751472000000,2025-07-02 16:00:00,2025-07-03 01:00:00,661.65,661.9,661.43,661.83,237.237,156981.32873
BNBUSDT,1751472300000,2025-07-02 16:05:00,2025-07-03 01:05:00,661.83,664.36,661.83,664.24,2400.796,1591654.86211
BNBUSDT,1751472600000,2025-07-02 16:10:00,2025-07-03 01:10:00,664.24,664.31,663.3,663.59,824,546854.85518
BNBUSDT,1751472900000,2025-07-02 16:15:00,2025-07-03 01:15:00,663.6,664.53,663.12,664.17,1194.688,793224.30769
BNBUSDT,1751473200000,2025-07-02 16:20:00,2025-07-03 01:20:00,664.17,664.43,662.73,663.27,929.483,616626.77777
BNBUSDT,1751473500000,2025-07-02 16:25:00,2025-07-03 01:25:00,663.26,663.26,662.6,663.05,1101.33,729898.41058
BNBUSDT,1751473800000,2025-07-02 16:30:00,2025-07-03 01:30:00,663.06,663.19,662.7,662.99,516.973,342745.90763
BNBUSDT,1751474100000,2025-07-02 16:35:00,2025-07-03 01:35:00,663,663.19,662.9,663.19,444.888,294978.38297
BNBUSDT,1751474400000,2025-07-02 16:40:00,2025-07-03 01:40:00,663.19,663.47,662.9,663.05,967.015,641296.73299
BNBUSDT,1751474700000,2025-07-02 16:45:00,2025-07-03 01:45:00,663.05,663.65,663,663.63,615.02,407970.55148
BNBUSDT,1751475000000,2025-07-02 16:50:00,2025-07-03 01:50:00,663.63,664.46,663.2,663.85,1362.987,904788.16698
BNBUSDT,1751475300000,2025-07-02 16:55:00,2025-07-03 01:55:00,663.85,664.62,663.7,664.13,1529.199,1015689.02556
BNBUSDT,1751475600000,2025-07-02 17:00:00,2025-07-03 02:00:00,664.12,664.8,664.06,664.36,1324.859,880449.74359
BNBUSDT,1751475900000,2025-07-02 17:05:00,2025-07-03 02:05:00,664.36,664.36,663.48,663.6,425.086,282181.30287
BNBUSDT,1751476200000,2025-07-02 17:10:00,2025-07-03 02:10:00,663.6,663.99,663.51,663.99,377.963,250880.99097
BNBUSDT,1751476500000,2025-07-02 17:15:00,2025-07-03 02:15:00,663.98,664.15,663.03,663.33,687.494,456277.13139
BNBUSDT,1751476800000,2025-07-02 17:20:00,2025-07-03 02:20:00,663.32,663.96,663.03,663.68,742.99,492924.39603
BNBUSDT,1751477100000,2025-07-02 17:25:00,2025-07-03 02:25:00,663.68,663.71,663.04,663.04,404.605,268344.51193
BNBUSDT,1751477400000,2025-07-02 17:30:00,2025-07-03 02:30:00,663.05,663.39,663.04,663.21,338.94,224779.31685
BNBUSDT,1751477700000,2025-07-02 17:35:00,2025-07-03 02:35:00,663.21,663.56,662.6,662.6,1856.674,1231254.14751
BNBUSDT,1751478000000,2025-07-02 17:40:00,2025-07-03 02:40:00,662.6,663.37,662.6,663.11,1039.462,688954.02422
BNBUSDT,1751478300000,2025-07-02 17:45:00,2025-07-03 02:45:00,663.11,663.13,662.6,662.6,630.733,418028.42148
BNBUSDT,1751478600000,2025-07-02 17:50:00,2025-07-03 02:50:00,662.61,663.38,662.6,663.36,305.619,202621.52183
BNBUSDT,1751478900000,2025-07-02 17:55:00,2025-07-03 02:55:00,663.36,663.37,662.8,663.17,231.87,153755.2513
BNBUSDT,1751479200000,2025-07-02 18:00:00,2025-07-03 03:00:00,663.16,664.02,663.16,664.01,611.071,405591.92265
BNBUSDT,1751479500000,2025-07-02 18:05:00,2025-07-03 03:05:00,664.02,664.02,663.16,663.17,188.014,124774.55344
BNBUSDT,1751479800000,2025-07-02 18:10:00,2025-07-03 03:10:00,663.17,663.24,662.61,662.84,863.886,572664.9226
BNBUSDT,1751480100000,2025-07-02 18:15:00,2025-07-03 03:15:00,662.84,663.34,662.77,663.05,216.887,143798.82646
BNBUSDT,1751480400000,2025-07-02 18:20:00,2025-07-03 03:20:00,663.06,663.09,662.87,663,209.757,139065.804
BNBUSDT,1751480700000,2025-07-02 18:25:00,2025-07-03 03:25:00,663,663.08,662.9,662.92,123.635,81968.01833
BNBUSDT,1751481000000,2025-07-02 18:30:00,2025-07-03 03:30:00,662.93,663.03,662.78,662.89,199.601,132319.35727
BNBUSDT,1751481300000,2025-07-02 18:35:00,2025-07-03 03:35:00,662.89,663.64,662.8,663.6,171.399,113666.55396
BNBUSDT,1751481600000,2025-07-02 18:40:00,2025-07-03 03:40:00,663.61,664.15,663.42,663.46,399.082,264942.65541
BNBUSDT,1751481900000,2025-07-02 18:45:00,2025-07-03 03:45:00,663.46,663.54,663.22,663.41,207.374,137568.12799
BNBUSDT,1751482200000,2025-07-02 18:50:00,2025-07-03 03:50:00,663.4,663.54,663.23,663.3,127.046,84274.58639
BNBUSDT,1751482500000,2025-07-02 18:55:00,2025-07-03 03:55:00,663.32,663.56,663.26,663.56,154.036,102182.2028
BNBUSDT,1751482800000,2025-07-02 19:00:00,2025-07-03 04:00:00,663.55,663.55,663.11,663.25,222.642,147681.81076
BNBUSDT,1751483100000,2025-07-02 19:05:00,2025-07-03 04:05:00,663.24,663.25,662.8,662.8,142.978,94795.63486
BNBUSDT,1751483400000,2025-07-02 19:10:00,2025-07-03 04:10:00,662.81,663.09,662.74,663.08,146.961,97418.27155
BNBUSDT,1751483700000,2025-07-02 19:15:00,2025-07-03 04:15:00,663.08,663.2,662.95,663.1,117.351,77815.20782
BNBUSDT,1751484000000,2025-07-02 19:20:00,2025-07-03 04:20:00,663.1,663.34,662.81,662.81,191.413,126918.8834
BNBUSDT,1751484300000,2025-07-02 19:25:00,2025-07-03 04:25:00,662.8,662.87,662.6,662.78,440.916,292199.48584
BNBUSDT,1751484600000,2025-07-02 19:30:00,2025-07-03 04:30:00,662.79,662.79,662.6,662.61,110.368,73140.95667
BNBUSDT,1751484900000,2025-07-02 19:35:00,2025-07-03 04:35:00,662.61,662.85,662.6,662.84,147.704,97884.28799
BNBUSDT,1751485200000,2025-07-02 19:40:00,2025-07-03 04:40:00,662.84,662.87,662.82,662.83,86.288,57195.67697
BNBUSDT,1751485500000,2025-07-02 19:45:00,2025-07-03 04:45:00,662.83,662.83,662.68,662.8,120.772,80044.34377
BNBUSDT,1751485800000,2025-07-02 19:50:00,2025-07-03 04:50:00,662.81,663.34,662.81,663.33,161.989,107389.36841
BNBUSDT,1751486100000,2025-07-02 19:55:00,2025-07-03 04:55:00,663.34,663.9,663.12,663.85,408.598,271101.48152
BNBUSDT,1751486400000,2025-07-02 20:00:00,2025-07-03 05:00:00,663.85,663.99,663.5,663.52,332.243,220539.53748
BNBUSDT,1751486700000,2025-07-02 20:05:00,2025-07-03 05:05:00,663.51,663.78,663.3,663.3,225.008,149313.64118
BNBUSDT,1751487000000,2025-07-02 20:10:00,2025-07-03 05:10:00,663.31,663.67,663.24,663.46,241.521,160226.20659
BNBUSDT,1751487300000,2025-07-02 20:15:00,2025-07-03 05:15:00,663.46,663.61,663.16,663.43,528.185,350425.93079
BNBUSDT,1751487600000,2025-07-02 20:20:00,2025-07-03 05:20:00,663.43,663.51,663.24,663.47,225.108,149334.83646
BNBUSDT,1751487900000,2025-07-02 20:25:00,2025-07-03 05:25:00,663.47,664.79,663.45,664.54,831.599,552426.15522
BNBUSDT,1751488200000,2025-07-02 20:30:00,2025-07-03 05:30:00,664.55,664.85,664.08,664.4,1249.778,830620.22971
BNBUSDT,1751488500000,2025-07-02 20:35:00,2025-07-03 05:35:00,664.4,664.4,663.8,663.88,224.419,149001.58294
BNBUSDT,1751488800000,2025-07-02 20:40:00,2025-07-03 05:40:00,663.87,664.16,663.87,664,283.439,188207.33228
BNBUSDT,1751489100000,2025-07-02 20:45:00,2025-07-03 05:45:00,664.01,664.01,663.63,663.63,349.282,231849.77674
BNBUSDT,1751489400000,2025-07-02 20:50:00,2025-07-03 05:50:00,663.64,663.64,663.12,663.12,334.791,222097.38104
BNBUSDT,1751489700000,2025-07-02 20:55:00,2025-07-03 05:55:00,663.12,663.12,662.82,662.87,138.967,92123.43332
BNBUSDT,1751490000000,2025-07-02 21:00:00,2025-07-03 06:00:00,662.88,663.1,662.87,662.89,393.243,260716.86084
BNBUSDT,1751490300000,2025-07-02 21:05:00,2025-07-03 06:05:00,662.89,662.95,662.75,662.75,247.533,164083.97818
BNBUSDT,1751490600000,2025-07-02 21:10:00,2025-07-03 06:10:00,662.76,662.76,661.81,662.34,1276.993,845970.33914
BNBUSDT,1751490900000,2025-07-02 21:15:00,2025-07-03 06:15:00,662.34,662.65,662.29,662.59,479.765,317781.19367
BNBUSDT,1751491200000,2025-07-02 21:20:00,2025-07-03 06:20:00,662.6,662.6,662.13,662.14,147.123,97457.92499
BNBUSDT,1751491500000,2025-07-02 21:25:00,2025-07-03 06:25:00,662.14,662.22,661.98,661.98,105.515,69866.7685
BNBUSDT,1751491800000,2025-07-02 21:30:00,2025-07-03 06:30:00,661.99,662.23,661.98,662.22,195.67,129555.20056
BNBUSDT,1751492100000,2025-07-02 21:35:00,2025-07-03 06:35:00,662.23,662.24,662.04,662.05,258.186,170962.40014
BNBUSDT,1751492400000,2025-07-02 21:40:00,2025-07-03 06:40:00,662.05,662.24,661.85,662.17,215.683,142792.71514
BNBUSDT,1751492700000,2025-07-02 21:45:00,2025-07-03 06:45:00,662.18,662.18,661.72,661.89,236.564,156585.0945
BNBUSDT,1751493000000,2025-07-02 21:50:00,2025-07-03 06:50:00,661.89,662.54,661.88,662.48,286.506,189681.16851
BNBUSDT,1751493300000,2025-07-02 21:55:00,2025-07-03 06:55:00,662.47,662.48,661.83,662.05,459.924,304502.81293
BNBUSDT,1751493600000,2025-07-02 22:00:00,2025-07-03 07:00:00,662.05,662.35,661.63,661.81,312.529,206908.95396
BNBUSDT,1751493900000,2025-07-02 22:05:00,2025-07-03 07:05:00,661.81,661.95,661.6,661.61,98.251,65023.61497
BNBUSDT,1751494200000,2025-07-02 22:10:00,2025-07-03 07:10:00,661.6,662.96,661.6,662.26,1883.29,1247450.64731
BNBUSDT,1751494500000,2025-07-02 22:15:00,2025-07-03 07:15:00,662.26,662.54,662.14,662.37,215.101,142476.75838
BNBUSDT,1751494800000,2025-07-02 22:20:00,2025-07-03 07:20:00,662.37,662.49,662,662.3,293.487,194362.35289
BNBUSDT,1751495100000,2025-07-02 22:25:00,2025-07-03 07:25:00,662.29,662.7,662.23,662.68,178.663,118349.89299
BNBUSDT,1751495400000,2025-07-02 22:30:00,2025-07-03 07:30:00,662.68,663.73,662.67,663.6,357.015,236797.60877
BNBUSDT,1751495700000,2025-07-02 22:35:00,2025-07-03 07:35:00,663.59,663.61,663.2,663.2,197.465,131002.10239
BNBUSDT,1751496000000,2025-07-02 22:40:00,2025-07-03 07:40:00,663.2,663.21,662.78,662.78,186.254,123469.94688
BNBUSDT,1751496300000,2025-07-02 22:45:00,2025-07-03 07:45:00,662.79,662.79,662.22,662.23,156.692,103807.91882
BNBUSDT,1751496600000,2025-07-02 22:50:00,2025-07-03 07:50:00,662.22,662.23,661.97,662.16,126.212,83562.72261
BNBUSDT,1751496900000,2025-07-02 22:55:00,2025-07-03 07:55:00,662.16,662.16,661.36,661.94,866.813,573628.3034
BNBUSDT,1751497200000,2025-07-02 23:00:00,2025-07-03 08:00:00,661.95,662.19,661.92,662.11,238.013,157569.97305
BNBUSDT,1751497500000,2025-07-02 23:05:00,2025-07-03 08:05:00,662.1,662.11,660.81,661.06,335.996,222180.62692
BNBUSDT,1751497800000,2025-07-02 23:10:00,2025-07-03 08:10:00,661.06,661.61,661.05,661.2,266.868,176489.39879
BNBUSDT,1751498100000,2025-07-02 23:15:00,2025-07-03 08:15:00,661.21,661.21,660.76,660.76,89.765,59335.93753
BNBUSDT,1751498400000,2025-07-02 23:20:00,2025-07-03 08:20:00,660.76,660.77,660.42,660.44,318.547,210405.52348
BNBUSDT,1751498700000,2025-07-02 23:25:00,2025-07-03 08:25:00,660.44,660.68,660.38,660.68,235.435,155506.46496
BNBUSDT,1751499000000,2025-07-02 23:30:00,2025-07-03 08:30:00,660.68,660.84,660.06,660.12,364.536,240735.32405
BNBUSDT,1751499300000,2025-07-02 23:35:00,2025-07-03 08:35:00,660.13,660.13,659.61,659.72,470.685,310639.7349
BNBUSDT,1751499600000,2025-07-02 23:40:00,2025-07-03 08:40:00,659.73,659.9,659.2,659.38,316.614,208795.15689
BNBUSDT,1751499900000,2025-07-02 23:45:00,2025-07-03 08:45:00,659.38,660.2,659.38,660.1,243.011,160356.34987
BNBUSDT,1751500200000,2025-07-02 23:50:00,2025-07-03 08:50:00,660.1,660.1,659.7,659.9,299.209,197419.61589
BNBUSDT,1751500500000,2025-07-02 23:55:00,2025-07-03 08:55:00,659.89,659.9,659.7,659.71,102.791,67821.54983
BNBUSDT,1751500800000,2025-07-03 00:00:00,2025-07-03 09:00:00,659.7,660.5,659.34,660.49,729.203,481078.30588
BNBUSDT,1751501100000,2025-07-03 00:05:00,2025-07-03 09:05:00,660.49,660.65,660.12,660.64,441.399,291465.40401
BNBUSDT,1751501400000,2025-07-03 00:10:00,2025-07-03 09:10:00,660.65,660.69,660.05,660.11,122.672,81011.78492
BNBUSDT,1751501700000,2025-07-03 00:15:00,2025-07-03 09:15:00,660.12,660.12,659.04,659.04,316.593,208886.59715
BNBUSDT,1751502000000,2025-07-03 00:20:00,2025-07-03 09:20:00,659.04,659.15,658.06,658.43,615.371,405252.87159
BNBUSDT,1751502300000,2025-07-03 00:25:00,2025-07-03 09:25:00,658.43,658.89,658.2,658.87,265.418,174794.18872
BNBUSDT,1751502600000,2025-07-03 00:30:00,2025-07-03 09:30:00,658.87,658.9,658.6,658.71,198.313,130629.91845
BNBUSDT,1751502900000,2025-07-03 00:35:00,2025-07-03 09:35:00,658.72,659.07,658.71,658.98,284.306,187324.9337
BNBUSDT,1751503200000,2025-07-03 00:40:00,2025-07-03 09:40:00,658.97,660.05,658.97,660.04,215.011,141780.36343
BNBUSDT,1751503500000,2025-07-03 00:45:00,2025-07-03 09:45:00,660.05,660.05,659.3,659.43,152.554,100625.63635
BNBUSDT,1751503800000,2025-07-03 00:50:00,2025-07-03 09:50:00,659.44,659.6,659.31,659.52,91.042,60039.03025
BNBUSDT,1751504100000,2025-07-03 00:55:00,2025-07-03 09:55:00,659.52,659.88,659.52,659.88,96.128,63408.10928
BNBUSDT,1751504400000,2025-07-03 01:00:00,2025-07-03 10:00:00,659.87,660.04,659.32,659.6,197.027,129995.3072
BNBUSDT,1751504700000,2025-07-03 01:05:00,2025-07-03 10:05:00,659.59,660.24,659.59,660.15,200.701,132444.82054
BNBUSDT,1751505000000,2025-07-03 01:10:00,2025-07-03 10:10:00,660.15,660.27,660,660.22,83.156,54892.44858
BNBUSDT,1751505300000,2025-07-03 01:15:00,2025-07-03 10:15:00,660.23,660.5,660.22,660.37,66.491,43906.27387
BNBUSDT,1751505600000,2025-07-03 01:20:00,2025-07-03 10:20:00,660.37,661.14,660.18,660.92,259.896,171714.15948
BNBUSDT,1751505900000,2025-07-03 01:25:00,2025-07-03 10:25:00,660.93,660.93,660.72,660.77,193.711,127999.94339
BNBUSDT,1751506200000,2025-07-03 01:30:00,2025-07-03 10:30:00,660.77,660.98,660.61,660.61,161.066,106436.72809
BNBUSDT,1751506500000,2025-07-03 01:35:00,2025-07-03 10:35:00,660.61,661.09,660.54,660.83,194.673,128654.87261
BNBUSDT,1751506800000,2025-07-03 01:40:00,2025-07-03 10:40:00,660.83,660.92,660.7,660.79,152.01,100447.93147
BNBUSDT,1751507100000,2025-07-03 01:45:00,2025-07-03 10:45:00,660.79,660.83,660.61,660.71,119.884,79211.75276
BNBUSDT,1751507400000,2025-07-03 01:50:00,2025-07-03 10:50:00,660.71,660.89,660.61,660.65,133.883,88464.06072
BNBUSDT,1751507700000,2025-07-03 01:55:00,2025-07-03 10:55:00,660.66,660.8,660.48,660.78,155.687,102847.47391
BNBUSDT,1751508000000,2025-07-03 02:00:00,2025-07-03 11:00:00,660.78,660.78,660.3,660.3,171.931,113556.73587
BNBUSDT,1751508300000,2025-07-03 02:05:00,2025-07-03 11:05:00,660.3,660.58,660,660.01,162.823,107525.20333
BNBUSDT,1751508600000,2025-07-03 02:10:00,2025-07-03 11:10:00,660,660.06,659.86,659.96,128.464,84778.48451
BNBUSDT,1751508900000,2025-07-03 02:15:00,2025-07-03 11:15:00,659.97,659.97,659.34,659.38,125.917,83068.51722
BNBUSDT,1751509200000,2025-07-03 02:20:00,2025-07-03 11:20:00,659.38,659.65,659.22,659.6,197.525,130255.35277
BNBUSDT,1751509500000,2025-07-03 02:25:00,2025-07-03 11:25:00,659.59,659.9,659.39,659.59,544.486,359117.7763
BNBUSDT,1751509800000,2025-07-03 02:30:00,2025-07-03 11:30:00,659.6,659.6,658.8,658.95,361.481,238284.5385
BNBUSDT,1751510100000,2025-07-03 02:35:00,2025-07-03 11:35:00,658.95,659.03,658.61,658.67,204.264,134578.77926
BNBUSDT,1751510400000,2025-07-03 02:40:00,2025-07-03 11:40:00,658.66,658.66,658.31,658.48,327.326,215544.64976
BNBUSDT,1751510700000,2025-07-03 02:45:00,2025-07-03 11:45:00,658.49,658.97,658.48,658.84,308.813,203394.61732
BNBUSDT,1751511000000,2025-07-03 02:50:00,2025-07-03 11:50:00,658.84,658.99,658.73,658.79,105.11,69247.04853
BNBUSDT,1751511300000,2025-07-03 02:55:00,2025-07-03 11:55:00,658.8,659.18,658.79,659.17,105.597,69587.87703
BNBUSDT,1751511600000,2025-07-03 03:00:00,2025-07-03 12:00:00,659.18,659.25,659.17,659.25,91.426,60270.33179
BNBUSDT,1751511900000,2025-07-03 03:05:00,2025-07-03 12:05:00,659.25,659.41,658.95,659.07,132.272,87192.75772
BNBUSDT,1751512200000,2025-07-03 03:10:00,2025-07-03 12:10:00,659.08,659.09,658.79,658.79,164.187,108182.29298
BNBUSDT,1751512500000,2025-07-03 03:15:00,2025-07-03 12:15:00,658.79,658.8,658.5,658.68,179.492,118229.55041
BNBUSDT,1751512800000,2025-07-03 03:20:00,2025-07-03 12:20:00,658.68,659.8,658.66,659.79,132.742,87475.73968
BNBUSDT,1751513100000,2025-07-03 03:25:00,2025-07-03 12:25:00,659.8,659.99,659.7,659.72,269.631,177915.75891
BNBUSDT,1751513400000,2025-07-03 03:30:00,2025-07-03 12:30:00,659.72,659.77,659.5,659.5,102.595,67675.18435
BNBUSDT,1751513700000,2025-07-03 03:35:00,2025-07-03 12:35:00,659.5,659.65,659.15,659.54,197.931,130522.91677
BNBUSDT,1751514000000,2025-07-03 03:40:00,2025-07-03 12:40:00,659.54,659.92,659.53,659.75,226.326,149317.3068
BNBUSDT,1751514300000,2025-07-03 03:45:00,2025-07-03 12:45:00,659.75,659.75,659.36,659.36,318.227,209877.58241
BNBUSDT,1751514600000,2025-07-03 03:50:00,2025-07-03 12:50:00,659.37,659.66,659.36,659.58,285.215,188095.23613
BNBUSDT,1751514900000,2025-07-03 03:55:00,2025-07-03 12:55:00,659.58,659.59,659.36,659.36,153.759,101402.13806
BNBUSDT,1751515200000,2025-07-03 04:00:00,2025-07-03 13:00:00,659.36,659.4,659.01,659.11,296.506,195468.84713
BNBUSDT,1751515500000,2025-07-03 04:05:00,2025-07-03 13:05:00,659.11,659.44,659.06,659.29,417.401,275168.69956
BNBUSDT,1751515800000,2025-07-03 04:10:00,2025-07-03 13:10:00,659.29,659.48,659.22,659.48,143.881,94859.14331
BNBUSDT,1751516100000,2025-07-03 04:15:00,2025-07-03 13:15:00,659.47,659.76,659.47,659.76,80.001,52765.69982
BNBUSDT,1751516400000,2025-07-03 04:20:00,2025-07-03 13:20:00,659.76,659.76,659.5,659.51,192.066,126677.15802
BNBUSDT,1751516700000,2025-07-03 04:25:00,2025-07-03 13:25:00,659.51,659.79,659.5,659.63,139.865,92265.10121
BNBUSDT,1751517000000,2025-07-03 04:30:00,2025-07-03 13:30:00,659.63,659.67,659.53,659.65,183.399,120965.45226
BNBUSDT,1751517300000,2025-07-03 04:35:00,2025-07-03 13:35:00,659.66,660,659.65,659.99,214.701,141689.73846
BNBUSDT,1751517600000,2025-07-03 04:40:00,2025-07-03 13:40:00,659.98,660,659.8,659.8,176.343,116375.6489
BNBUSDT,1751517900000,2025-07-03 04:45:00,2025-07-03 13:45:00,659.8,660.16,659,659.52,1715.547,1131548.65643
BNBUSDT,1751518200000,2025-07-03 04:50:00,2025-07-03 13:50:00,659.55,659.7,659.26,659.35,405.806,267626.57613
BNBUSDT,1751518500000,2025-07-03 04:55:00,2025-07-03 13:55:00,659.35,659.5,659.35,659.49,193.575,127648.47787
BNBUSDT,1751518800000,2025-07-03 05:00:00,2025-07-03 14:00:00,659.49,659.62,659.4,659.5,212.192,139942.67028
BNBUSDT,1751519100000,2025-07-03 05:05:00,2025-07-03 14:05:00,659.5,660.5,659.4,660.47,766.002,505551.57357
BNBUSDT,1751519400000,2025-07-03 05:10:00,2025-07-03 14:10:00,660.47,660.47,660.27,660.29,383.016,252931.2358
BNBUSDT,1751519700000,2025-07-03 05:15:00,2025-07-03 14:15:00,660.3,660.9,660.3,660.53,266.48,176049.43609
BNBUSDT,1751520000000,2025-07-03 05:20:00,2025-07-03 14:20:00,660.52,661.1,660.5,661.1,294.94,194919.1021
BNBUSDT,1751520300000,2025-07-03 05:25:00,2025-07-03 14:25:00,661.1,661.12,660.86,661.01,134.851,89140.9206
BNBUSDT,1751520600000,2025-07-03 05:30:00,2025-07-03 14:30:00,661.01,662.58,661,662.45,700.879,463823.10295
BNBUSDT,1751520900000,2025-07-03 05:35:00,2025-07-03 14:35:00,662.45,662.51,661.65,661.69,654.842,433446.52382
BNBUSDT,1751521200000,2025-07-03 05:40:00,2025-07-03 14:40:00,661.69,661.69,660.48,660.5,1761.351,1164252.2854
BNBUSDT,1751521500000,2025-07-03 05:45:00,2025-07-03 14:45:00,660.5,661.05,659.99,660.99,645.503,426200.13016
BNBUSDT,1751521800000,2025-07-03 05:50:00,2025-07-03 14:50:00,660.99,661,660.62,660.81,259.73,171629.80837
BNBUSDT,1751522100000,2025-07-03 05:55:00,2025-07-03 14:55:00,660.81,660.81,660.61,660.76,275.639,182121.3877
BNBUSDT,1751522400000,2025-07-03 06:00:00,2025-07-03 15:00:00,660.76,660.8,660.25,660.42,189.132,124918.25075
BNBUSDT,1751522700000,2025-07-03 06:05:00,2025-07-03 15:05:00,660.42,660.96,660.25,660.71,226.739,149774.74193
BNBUSDT,1751523000000,2025-07-03 06:10:00,2025-07-03 15:10:00,660.72,660.76,660.43,660.58,108.164,71452.88502
BNBUSDT,1751523300000,2025-07-03 06:15:00,2025-07-03 15:15:00,660.58,660.69,660.34,660.69,221.007,145971.75597
BNBUSDT,1751523600000,2025-07-03 06:20:00,2025-07-03 15:20:00,660.7,661.38,660.7,661.24,169.677,112197.85416
BNBUSDT,1751523900000,2025-07-03 06:25:00,2025-07-03 15:25:00,661.23,661.36,661.21,661.36,106.53,70448.18631
BNBUSDT,1751524200000,2025-07-03 06:30:00,2025-07-03 15:30:00,661.36,661.36,661,661.05,223.208,147561.02973
BNBUSDT,1751524500000,2025-07-03 06:35:00,2025-07-03 15:35:00,661.06,661.09,660.5,661.09,233.742,154449.19669
BNBUSDT,1751524800000,2025-07-03 06:40:00,2025-07-03 15:40:00,661.09,661.15,660.84,661.12,417.828,276200.58225
BNBUSDT,1751525100000,2025-07-03 06:45:00,2025-07-03 15:45:00,661.13,661.6,661.13,661.39,337.078,222919.75861
BNBUSDT,1751525400000,2025-07-03 06:50:00,2025-07-03 15:50:00,661.39,661.47,661.06,661.47,409.593,270840.19017
BNBUSDT,1751525700000,2025-07-03 06:55:00,2025-07-03 15:55:00,661.47,661.47,661.07,661.24,336.797,222697.19499
BNBUSDT,1751526000000,2025-07-03 07:00:00,2025-07-03 16:00:00,661.24,661.38,661.03,661.25,468.546,309813.97203
BNBUSDT,1751526300000,2025-07-03 07:05:00,2025-07-03 16:05:00,661.25,661.34,661,661.04,191.563,126658.29034
BNBUSDT,1751526600000,2025-07-03 07:10:00,2025-07-03 16:10:00,661.05,661.06,660.83,661.05,332.347,219674.71931
BNBUSDT,1751526900000,2025-07-03 07:15:00,2025-07-03 16:15:00,661.06,661.44,660.95,660.95,425.845,281554.06313
BNBUSDT,1751527200000,2025-07-03 07:20:00,2025-07-03 16:20:00,660.95,661.68,660.95,661.5,383.164,253433.30674
BNBUSDT,1751527500000,2025-07-03 07:25:00,2025-07-03 16:25:00,661.51,662.04,661.49,661.98,331.097,219086.32552
BNBUSDT,1751527800000,2025-07-03 07:30:00,2025-07-03 16:30:00,661.98,662.23,661.94,662.23,244.294,161727.3064
BNBUSDT,1751528100000,2025-07-03 07:35:00,2025-07-03 16:35:00,662.23,662.28,662.04,662.28,185.546,122867.70389
BNBUSDT,1751528400000,2025-07-03 07:40:00,2025-07-03 16:40:00,662.27,662.32,661.86,662.14,522.334,345840.53193
BNBUSDT,1751528700000,2025-07-03 07:45:00,2025-07-03 16:45:00,662.15,662.43,662.05,662.33,399.652,264662.85639
BNBUSDT,1751529000000,2025-07-03 07:50:00,2025-07-03 16:50:00,662.32,662.8,662.32,662.69,452.598,299886.23593
BNBUSDT,1751529300000,2025-07-03 07:55:00,2025-07-03 16:55:00,662.68,663,662.6,662.77,816.661,541302.2402
BNBUSDT,1751529600000,2025-07-03 08:00:00,2025-07-03 17:00:00,662.77,662.99,662.3,662.3,1067.741,707607.83532
BNBUSDT,1751529900000,2025-07-03 08:05:00,2025-07-03 17:05:00,662.3,662.31,661.56,662.18,675.713,447286.93329
BNBUSDT,1751530200000,2025-07-03 08:10:00,2025-07-03 17:10:00,662.19,662.19,660.99,662.07,1517.974,1004087.51932
BNBUSDT,1751530500000,2025-07-03 08:15:00,2025-07-03 17:15:00,662.08,662.33,661.97,662.2,140.709,93171.88458
BNBUSDT,1751530800000,2025-07-03 08:20:00,2025-07-03 17:20:00,662.2,662.2,660.99,661.73,2344.597,1550534.7554
BNBUSDT,1751531100000,2025-07-03 08:25:00,2025-07-03 17:25:00,661.74,661.89,661.57,661.66,290.868,192485.77874
BNBUSDT,1751531400000,2025-07-03 08:30:00,2025-07-03 17:30:00,661.67,661.77,661.45,661.67,228.608,151252.06112
BNBUSDT,1751531700000,2025-07-03 08:35:00,2025-07-03 17:35:00,661.68,662.03,661.67,662.03,589.948,390441.51668
BNBUSDT,1751532000000,2025-07-03 08:40:00,2025-07-03 17:40:00,662.03,662.25,661.89,662.23,331.552,219486.47136
BNBUSDT,1751532300000,2025-07-03 08:45:00,2025-07-03 17:45:00,662.22,662.38,662,662.34,294.319,194889.05084
BNBUSDT,1751532600000,2025-07-03 08:50:00,2025-07-03 17:50:00,662.34,662.48,662.3,662.31,152.61,101082.82136
BNBUSDT,1751532900000,2025-07-03 08:55:00,2025-07-03 17:55:00,662.32,662.32,661.5,661.5,449.261,297391.81112
BNBUSDT,1751533200000,2025-07-03 09:00:00,2025-07-03 18:00:00,661.51,661.84,661.44,661.61,254.22,168202.99715
BNBUSDT,1751533500000,2025-07-03 09:05:00,2025-07-03 18:05:00,661.62,662.11,661.61,662.1,191.585,126805.5821
BNBUSDT,1751533800000,2025-07-03 09:10:00,2025-07-03 18:10:00,662.11,662.37,662.1,662.24,181.411,120141.98161
BNBUSDT,1751534100000,2025-07-03 09:15:00,2025-07-03 18:15:00,662.25,662.57,662.24,662.56,121.824,80687.30654
BNBUSDT,1751534400000,2025-07-03 09:20:00,2025-07-03 18:20:00,662.57,663.2,662.55,663.14,489.691,324620.80073
BNBUSDT,1751534700000,2025-07-03 09:25:00,2025-07-03 18:25:00,663.15,663.2,663.01,663.19,191.702,127120.4076
BNBUSDT,1751535000000,2025-07-03 09:30:00,2025-07-03 18:30:00,663.2,663.46,663.19,663.45,342.987,227495.68099
BNBUSDT,1751535300000,2025-07-03 09:35:00,2025-07-03 18:35:00,663.45,663.51,663.25,663.51,349.66,231958.40512
BNBUSDT,1751535600000,2025-07-03 09:40:00,2025-07-03 18:40:00,663.51,664.38,663.5,664.37,825.171,547778.19175
BNBUSDT,1751535900000,2025-07-03 09:45:00,2025-07-03 18:45:00,664.38,664.5,663.1,663.3,747.443,496070.56348
BNBUSDT,1751536200000,2025-07-03 09:50:00,2025-07-03 18:50:00,663.29,663.97,663.23,663.97,242.06,160605.66319
BNBUSDT,1751536500000,2025-07-03 09:55:00,2025-07-03 18:55:00,663.96,663.98,663.5,663.59,184.093,122191.3913
BNBUSDT,1751536800000,2025-07-03 10:00:00,2025-07-03 19:00:00,663.58,663.72,663,663.03,310.56,205992.6419
BNBUSDT,1751537100000,2025-07-03 10:05:00,2025-07-03 19:05:00,663.04,663.2,662.9,662.9,578.863,383798.10683
BNBUSDT,1751537400000,2025-07-03 10:10:00,2025-07-03 19:10:00,662.9,663.43,662.9,663.26,282.959,187635.73453
BNBUSDT,1751537700000,2025-07-03 10:15:00,2025-07-03 19:15:00,663.25,663.26,662.37,662.38,347.305,230200.74275
BNBUSDT,1751538000000,2025-07-03 10:20:00,2025-07-03 19:20:00,662.37,662.8,662.04,662.59,494.724,327719.91611
BNBUSDT,1751538300000,2025-07-03 10:25:00,2025-07-03 19:25:00,662.59,663.06,662.52,663.06,196.408,130189.37451
BNBUSDT,1751538600000,2025-07-03 10:30:00,2025-07-03 19:30:00,663.06,663.71,662.98,663.54,301.522,199984.26552
BNBUSDT,1751538900000,2025-07-03 10:35:00,2025-07-03 19:35:00,663.55,663.55,662.96,663.05,282.367,187249.71545
BNBUSDT,1751539200000,2025-07-03 10:40:00,2025-07-03 19:40:00,663.04,663.24,662.78,662.96,334.069,221490.90281
BNBUSDT,1751539500000,2025-07-03 10:45:00,2025-07-03 19:45:00,662.96,663.1,662.72,662.75,330.545,219126.96349
BNBUSDT,1751539800000,2025-07-03 10:50:00,2025-07-03 19:50:00,662.74,663.22,662.57,663.22,311.359,206386.96487
BNBUSDT,1751540100000,2025-07-03 10:55:00,2025-07-03 19:55:00,663.22,663.22,662.83,662.84,209.913,139164.04879
BNBUSDT,1751540400000,2025-07-03 11:00:00,2025-07-03 20:00:00,662.84,663.04,662.57,663.04,293.502,194504.07796
BNBUSDT,1751540700000,2025-07-03 11:05:00,2025-07-03 20:05:00,663.04,663.04,662.08,662.29,269.243,178370.55881
BNBUSDT,1751541000000,2025-07-03 11:10:00,2025-07-03 20:10:00,662.29,662.5,662.1,662.2,214.228,141891.90859
BNBUSDT,1751541300000,2025-07-03 11:15:00,2025-07-03 20:15:00,662.19,662.44,662.09,662.21,458.041,303340.28534
BNBUSDT,1751541600000,2025-07-03 11:20:00,2025-07-03 20:20:00,662.2,662.22,662.03,662.04,170.218,112709.60296
BNBUSDT,1751541900000,2025-07-03 11:25:00,2025-07-03 20:25:00,662.04,662.04,661.3,661.34,260.839,172577.92416
BNBUSDT,1751542200000,2025-07-03 11:30:00,2025-07-03 20:30:00,661.35,661.55,661.05,661.36,266.005,175926.77958
BNBUSDT,1751542500000,2025-07-03 11:35:00,2025-07-03 20:35:00,661.36,661.92,661.35,661.71,175.172,115915.62022
BNBUSDT,1751542800000,2025-07-03 11:40:00,2025-07-03 20:40:00,661.71,661.83,661.56,661.7,171.532,113504.16846
BNBUSDT,1751543100000,2025-07-03 11:45:00,2025-07-03 20:45:00,661.7,661.77,661.6,661.77,211.398,139881.25272
BNBUSDT,1751543400000,2025-07-03 11:50:00,2025-07-03 20:50:00,661.77,662.11,661.77,662.05,181.061,119853.66835
BNBUSDT,1751543700000,2025-07-03 11:55:00,2025-07-03 20:55:00,662.06,662.1,661.83,661.91,268.17,177520.59628
BNBUSDT,1751544000000,2025-07-03 12:00:00,2025-07-03 21:00:00,661.92,662.69,661.84,662.69,408.865,270762.32932
BNBUSDT,1751544300000,2025-07-03 12:05:00,2025-07-03 21:05:00,662.68,663.4,662.68,663.16,268.064,177723.51358
BNBUSDT,1751544600000,2025-07-03 12:10:00,2025-07-03 21:10:00,663.17,663.28,662.85,663.07,172.608,114446.53982
BNBUSDT,1751544900000,2025-07-03 12:15:00,2025-07-03 21:15:00,663.06,663.36,663.05,663.1,113.958,75570.6941
BNBUSDT,1751545200000,2025-07-03 12:20:00,2025-07-03 21:20:00,663.1,663.1,662.82,662.92,335.439,222391.2405
BNBUSDT,1751545500000,2025-07-03 12:25:00,2025-07-03 21:25:00,662.93,663.2,662.82,663.2,339.718,225214.32106
BNBUSDT,1751545800000,2025-07-03 12:30:00,2025-07-03 21:30:00,663.19,664.17,661.2,661.2,1486.906,985422.0639
BNBUSDT,1751546100000,2025-07-03 12:35:00,2025-07-03 21:35:00,661.21,661.69,658.79,659.13,1730.207,1142048.04871
BNBUSDT,1751546400000,2025-07-03 12:40:00,2025-07-03 21:40:00,659.14,659.76,658.74,659.66,1259.249,830286.42274
BNBUSDT,1751546700000,2025-07-03 12:45:00,2025-07-03 21:45:00,659.66,660.24,658.91,658.97,1002.737,661407.70766
BNBUSDT,1751547000000,2025-07-03 12:50:00,2025-07-03 21:50:00,658.97,660.21,658.86,660.21,467.291,308177.68974
BNBUSDT,1751547300000,2025-07-03 12:55:00,2025-07-03 21:55:00,660.2,660.82,660,660.74,290.609,191902.87202
BNBUSDT,1751547600000,2025-07-03 13:00:00,2025-07-03 22:00:00,660.75,661.39,660.45,660.87,603.825,399118.3192
BNBUSDT,1751547900000,2025-07-03 13:05:00,2025-07-03 22:05:00,660.86,661.15,660.7,660.8,670.752,443318.23635
BNBUSDT,1751548200000,2025-07-03 13:10:00,2025-07-03 22:10:00,660.81,661.14,660.6,661.07,728.867,481672.44633
BNBUSDT,1751548500000,2025-07-03 13:15:00,2025-07-03 22:15:00,661.07,661.3,660.72,660.92,185.944,122913.94194
BNBUSDT,1751548800000,2025-07-03 13:20:00,2025-07-03 22:20:00,660.92,661.2,660.78,660.83,137.22,90699.9923
BNBUSDT,1751549100000,2025-07-03 13:25:00,2025-07-03 22:25:00,660.83,661,660.7,660.75,163.95,108352.6365
BNBUSDT,1751549400000,2025-07-03 13:30:00,2025-07-03 22:30:00,660.76,662.5,660.76,662.45,900.24,595932.75676
BNBUSDT,1751549700000,2025-07-03 13:35:00,2025-07-03 22:35:00,662.45,663.56,662.07,662.76,964.058,639113.63773
BNBUSDT,1751550000000,2025-07-03 13:40:00,2025-07-03 22:40:00,662.76,663.47,662.6,663.35,690.904,458118.77785
BNBUSDT,1751550300000,2025-07-03 13:45:00,2025-07-03 22:45:00,663.35,664,662.7,663.82,1117.903,741641.33751
BNBUSDT,1751550600000,2025-07-03 13:50:00,2025-07-03 22:50:00,663.82,664.09,663.31,663.85,557.831,370287.72641
BNBUSDT,1751550900000,2025-07-03 13:55:00,2025-07-03 22:55:00,663.84,664.39,663.56,663.89,557.516,370163.53246
BNBUSDT,1751551200000,2025-07-03 14:00:00,2025-07-03 23:00:00,663.89,664.4,663.79,663.87,802.716,533104.61981
BNBUSDT,1751551500000,2025-07-03 14:05:00,2025-07-03 23:05:00,663.86,664.26,663.22,663.48,553.497,367427.25175
BNBUSDT,1751551800000,2025-07-03 14:10:00,2025-07-03 23:10:00,663.48,664.07,663.06,663.07,451.138,299455.17784
BNBUSDT,1751552100000,2025-07-03 14:15:00,2025-07-03 23:15:00,663.07,663.97,663.06,663.94,727.41,482520.46425
BNBUSDT,1751552400000,2025-07-03 14:20:00,2025-07-03 23:20:00,663.95,663.95,663.23,663.29,480.051,318520.7469
BNBUSDT,1751552700000,2025-07-03 14:25:00,2025-07-03 23:25:00,663.28,663.29,661.76,661.96,490.384,324867.87423
BNBUSDT,1751553000000,2025-07-03 14:30:00,2025-07-03 23:30:00,661.97,662.12,660.62,661.7,783.978,518457.22515
BNBUSDT,1751553300000,2025-07-03 14:35:00,2025-07-03 23:35:00,661.7,662.57,661.61,662.22,658.711,436090.9336
BNBUSDT,1751553600000,2025-07-03 14:40:00,2025-07-03 23:40:00,662.21,662.77,662,662.61,654.725,433760.16482
BNBUSDT,1751553900000,2025-07-03 14:45:00,2025-07-03 23:45:00,662.61,662.8,662.25,662.55,202.639,134251.5005
BNBUSDT,1751554200000,2025-07-03 14:50:00,2025-07-03 23:50:00,662.55,662.55,661.8,661.81,397.057,262922.19885
BNBUSDT,1751554500000,2025-07-03 14:55:00,2025-07-03 23:55:00,661.82,662.48,661.81,662.47,186.363,123426.43666
BNBUSDT,1751554800000,2025-07-03 15:00:00,2025-07-04 00:00:00,662.48,662.74,661.49,661.55,328.043,217250.99347
BNBUSDT,1751555100000,2025-07-03 15:05:00,2025-07-04 00:05:00,661.54,661.55,660.44,660.45,518.082,342353.03479
BNBUSDT,1751555400000,2025-07-03 15:10:00,2025-07-04 00:10:00,660.46,660.75,660.36,660.53,267.902,176970.58106
BNBUSDT,1751555700000,2025-07-03 15:15:00,2025-07-04 00:15:00,660.54,660.86,660.12,660.57,365.27,241276.24967
BNBUSDT,1751556000000,2025-07-03 15:20:00,2025-07-04 00:20:00,660.56,660.57,660,660.37,240.439,158742.5578
BNBUSDT,1751556300000,2025-07-03 15:25:00,2025-07-04 00:25:00,660.37,660.65,660,660.01,204.797,135222.82157
BNBUSDT,1751556600000,2025-07-03 15:30:00,2025-07-04 00:30:00,660.01,660.18,657.44,657.44,1875.08,1234959.1808
BNBUSDT,1751556900000,2025-07-03 15:35:00,2025-07-04 00:35:00,657.44,658.17,656.84,657.7,975.897,641591.20683
BNBUSDT,1751557200000,2025-07-03 15:40:00,2025-07-04 00:40:00,657.71,658.17,657.6,657.91,467.179,307348.85769
BNBUSDT,1751557500000,2025-07-03 15:45:00,2025-07-04 00:45:00,657.92,658.07,657.25,657.8,438.525,288374.60226
BNBUSDT,1751557800000,2025-07-03 15:50:00,2025-07-04 00:50:00,657.8,657.84,657.23,657.24,266.347,175123.96213
BNBUSDT,1751558100000,2025-07-03 15:55:00,2025-07-04 00:55:00,657.24,657.24,656.7,657.07,367.752,241585.67626
BNBUSDT,1751558400000,2025-07-03 16:00:00,2025-07-04 01:00:00,657.07,658.63,657.06,658.21,324.31,213419.89699
BNBUSDT,1751558700000,2025-07-03 16:05:00,2025-07-04 01:05:00,658.21,658.73,658,658.59,249.927,164555.68563
BNBUSDT,1751559000000,2025-07-03 16:10:00,2025-07-04 01:10:00,658.6,659.31,658.43,659.06,407.279,268345.33204
BNBUSDT,1751559300000,2025-07-03 16:15:00,2025-07-04 01:15:00,659.04,659.04,657.8,658.31,335.681,220998.2847
BNBUSDT,1751559600000,2025-07-03 16:20:00,2025-07-04 01:20:00,658.3,658.47,657.83,658.3,335.62,220900.93171
BNBUSDT,1751559900000,2025-07-03 16:25:00,2025-07-04 01:25:00,658.3,658.5,658.11,658.27,307.568,202480.44509
BNBUSDT,1751560200000,2025-07-03 16:30:00,2025-07-04 01:30:00,658.27,658.79,658.14,658.77,339.401,223475.70894
BNBUSDT,1751560500000,2025-07-03 16:35:00,2025-07-04 01:35:00,658.78,658.82,658.32,658.81,258.879,170502.72037
BNBUSDT,1751560800000,2025-07-03 16:40:00,2025-07-04 01:40:00,658.82,658.92,658.42,658.62,289.525,190717.45492
BNBUSDT,1751561100000,2025-07-03 16:45:00,2025-07-04 01:45:00,658.62,659.39,658.61,659.28,493.988,325569.61161
BNBUSDT,1751561400000,2025-07-03 16:50:00,2025-07-04 01:50:00,659.29,659.3,658.13,658.54,280.742,184940.70986
BNBUSDT,1751561700000,2025-07-03 16:55:00,2025-07-04 01:55:00,658.55,658.9,658.49,658.49,149.336,98361.51986
BNBUSDT,1751562000000,2025-07-03 17:00:00,2025-07-04 02:00:00,658.48,659.17,658.41,659,254.319,167571.40599
BNBUSDT,1751562300000,2025-07-03 17:05:00,2025-07-04 02:05:00,659,659,658.72,658.78,130.475,85958.76839
BNBUSDT,1751562600000,2025-07-03 17:10:00,2025-07-04 02:10:00,658.78,659.36,658.77,659.36,367.42,242139.27493
BNBUSDT,1751562900000,2025-07-03 17:15:00,2025-07-04 02:15:00,659.35,659.47,659.13,659.4,301.919,199055.74308
BNBUSDT,1751563200000,2025-07-03 17:20:00,2025-07-04 02:20:00,659.39,659.4,658.53,658.54,174.263,114839.9735
BNBUSDT,1751563500000,2025-07-03 17:25:00,2025-07-04 02:25:00,658.54,658.8,658.53,658.8,119.034,78401.99752
BNBUSDT,1751563800000,2025-07-03 17:30:00,2025-07-04 02:30:00,658.79,659.2,658.79,659.19,160.597,105838.58492
BNBUSDT,1751564100000,2025-07-03 17:35:00,2025-07-04 02:35:00,659.19,659.26,659.03,659.15,160.155,105556.2752
BNBUSDT,1751564400000,2025-07-03 17:40:00,2025-07-04 02:40:00,659.14,659.23,659.07,659.22,161.986,106772.64545
BNBUSDT,1751564700000,2025-07-03 17:45:00,2025-07-04 02:45:00,659.22,659.38,659.2,659.37,84.96,56010.55726
BNBUSDT,1751565000000,2025-07-03 17:50:00,2025-07-04 02:50:00,659.38,659.43,659.23,659.24,155.872,102775.70682
BNBUSDT,1751565300000,2025-07-03 17:55:00,2025-07-04 02:55:00,659.24,659.24,659.01,659.11,262.679,173138.51182
BNBUSDT,1751565600000,2025-07-03 18:00:00,2025-07-04 03:00:00,659.1,659.83,659.1,659.68,226.888,149610.88575
BNBUSDT,1751565900000,2025-07-03 18:05:00,2025-07-04 03:05:00,659.68,659.68,659.5,659.59,84.919,56011.79878
BNBUSDT,1751566200000,2025-07-03 18:10:00,2025-07-04 03:10:00,659.59,659.59,658.69,658.99,291.68,192224.88535
BNBUSDT,1751566500000,2025-07-03 18:15:00,2025-07-04 03:15:00,658.99,659.06,658.87,659.05,160.72,105913.14197
BNBUSDT,1751566800000,2025-07-03 18:20:00,2025-07-04 03:20:00,659.06,659.5,659.06,659.49,197.114,129946.05281
BNBUSDT,1751567100000,2025-07-03 18:25:00,2025-07-04 03:25:00,659.49,660,659.46,660,142.504,94010.77464
BNBUSDT,1751567400000,2025-07-03 18:30:00,2025-07-04 03:30:00,660,660,659.53,659.54,189.113,124767.65854
BNBUSDT,1751567700000,2025-07-03 18:35:00,2025-07-04 03:35:00,659.54,660.24,659.54,660.1,442.297,291927.54306
BNBUSDT,1751568000000,2025-07-03 18:40:00,2025-07-04 03:40:00,660.11,660.18,660.06,660.17,117.068,77278.83441
BNBUSDT,1751568300000,2025-07-03 18:45:00,2025-07-04 03:45:00,660.18,660.18,660.05,660.06,89.769,59256.55994
BNBUSDT,1751568600000,2025-07-03 18:50:00,2025-07-04 03:50:00,660.07,660.3,660.06,660.29,109.546,72324.09862
BNBUSDT,1751568900000,2025-07-03 18:55:00,2025-07-04 03:55:00,660.3,660.53,660.29,660.53,87.906,58048.5953
BNBUSDT,1751569200000,2025-07-03 19:00:00,2025-07-04 04:00:00,660.52,661.15,660.52,661.15,181.425,119876.18171
BNBUSDT,1751569500000,2025-07-03 19:05:00,2025-07-04 04:05:00,661.14,661.4,661.05,661.32,109.784,72594.74721
BNBUSDT,1751569800000,2025-07-03 19:10:00,2025-07-04 04:10:00,661.31,661.49,661.31,661.42,118.246,78208.08131
BNBUSDT,1751570100000,2025-07-03 19:15:00,2025-07-04 04:15:00,661.43,661.58,661.42,661.54,102.287,67663.59559
BNBUSDT,1751570400000,2025-07-03 19:20:00,2025-07-04 04:20:00,661.55,661.68,661.54,661.67,71.387,47230.69284
BNBUSDT,1751570700000,2025-07-03 19:25:00,2025-07-04 04:25:00,661.67,661.89,661.67,661.89,63.883,42273.47491
BNBUSDT,1751571000000,2025-07-03 19:30:00,2025-07-04 04:30:00,661.88,661.89,661.35,661.36,218.858,144809.82781
BNBUSDT,1751571300000,2025-07-03 19:35:00,2025-07-04 04:35:00,661.36,661.68,661.35,661.62,102.165,67577.67657
BNBUSDT,1751571600000,2025-07-03 19:40:00,2025-07-04 04:40:00,661.62,661.9,661.62,661.89,97.575,64564.40974
BNBUSDT,1751571900000,2025-07-03 19:45:00,2025-07-04 04:45:00,661.89,661.9,661.83,661.84,170.417,112793.29956
BNBUSDT,1751572200000,2025-07-03 19:50:00,2025-07-04 04:50:00,661.84,661.84,661.44,661.5,156.445,103503.0671
BNBUSDT,1751572500000,2025-07-03 19:55:00,2025-07-04 04:55:00,661.5,661.77,661.47,661.57,164.502,108827.28875
BNBUSDT,1751572800000,2025-07-03 20:00:00,2025-07-04 05:00:00,661.57,661.99,661.56,661.86,147.155,97385.70635
BNBUSDT,1751573100000,2025-07-03 20:05:00,2025-07-04 05:05:00,661.87,662.2,661.87,662.2,157.766,104445.14719
BNBUSDT,1751573400000,2025-07-03 20:10:00,2025-07-04 05:10:00,662.2,662.35,662.1,662.1,114.591,75892.30216
BNBUSDT,1751573700000,2025-07-03 20:15:00,2025-07-04 05:15:00,662.11,662.19,661.94,662.17,102.263,67705.28524
BNBUSDT,1751574000000,2025-07-03 20:20:00,2025-07-04 05:20:00,662.18,662.27,662.1,662.25,111.764,74009.46488
BNBUSDT,1751574300000,2025-07-03 20:25:00,2025-07-04 05:25:00,662.25,662.5,662.24,662.41,84.388,55895.2107
BNBUSDT,1751574600000,2025-07-03 20:30:00,2025-07-04 05:30:00,662.4,662.44,662,662.01,94.418,62535.06488
BNBUSDT,1751574900000,2025-07-03 20:35:00,2025-07-04 05:35:00,662.01,662.19,661.98,661.98,181.352,120065.26496
BNBUSDT,1751575200000,2025-07-03 20:40:00,2025-07-04 05:40:00,661.98,662.1,661.98,662.09,222.647,147407.51511
BNBUSDT,1751575500000,2025-07-03 20:45:00,2025-07-04 05:45:00,662.08,662.33,661.62,662.16,567.493,375635.96521
BNBUSDT,1751575800000,2025-07-03 20:50:00,2025-07-04 05:50:00,662.16,662.18,661.85,661.85,117.902,78063.04513
BNBUSDT,1751576100000,2025-07-03 20:55:00,2025-07-04 05:55:00,661.86,661.89,661.75,661.75,76.669,50743.80081
BNBUSDT,1751576400000,2025-07-03 21:00:00,2025-07-04 06:00:00,661.76,662.4,661.75,662.29,165.274,109436.07147
BNBUSDT,1751576700000,2025-07-03 21:05:00,2025-07-04 06:05:00,662.3,662.37,661.61,662.2,166.883,110484.66166
BNBUSDT,1751577000000,2025-07-03 21:10:00,2025-07-04 06:10:00,662.19,663.1,661.97,661.98,1028.993,681754.94956
BNBUSDT,1751577300000,2025-07-03 21:15:00,2025-07-04 06:15:00,661.97,662.16,661.84,662.12,117.865,78022.84175
BNBUSDT,1751577600000,2025-07-03 21:20:00,2025-07-04 06:20:00,662.11,662.27,661.98,662.24,125.85,83322.3763
BNBUSDT,1751577900000,2025-07-03 21:25:00,2025-07-04 06:25:00,662.24,662.25,662.19,662.22,107.72,71334.68219
BNBUSDT,1751578200000,2025-07-03 21:30:00,2025-07-04 06:30:00,662.22,663.38,662.16,662.39,1437.808,953071.83365
BNBUSDT,1751578500000,2025-07-03 21:35:00,2025-07-04 06:35:00,662.4,662.59,661.13,662.58,1274.358,843456.25525
BNBUSDT,1751578800000,2025-07-03 21:40:00,2025-07-04 06:40:00,662.59,662.83,662.59,662.74,231.609,153496.55429
BNBUSDT,1751579100000,2025-07-03 21:45:00,2025-07-04 06:45:00,662.74,662.75,662.64,662.65,50.568,33511.34873
BNBUSDT,1751579400000,2025-07-03 21:50:00,2025-07-04 06:50:00,662.65,663.16,662.64,663.16,152.054,100796.57525
BNBUSDT,1751579700000,2025-07-03 21:55:00,2025-07-04 06:55:00,663.15,663.16,662.84,662.99,114.093,75649.34878
BNBUSDT,1751580000000,2025-07-03 22:00:00,2025-07-04 07:00:00,662.99,663.27,662.82,663.26,270.004,179033.82393
BNBUSDT,1751580300000,2025-07-03 22:05:00,2025-07-04 07:05:00,663.27,664,663.26,663.89,339.56,225392.05784
BNBUSDT,1751580600000,2025-07-03 22:10:00,2025-07-04 07:10:00,663.9,664.02,663.74,663.74,313.494,208136.52604
BNBUSDT,1751580900000,2025-07-03 22:15:00,2025-07-04 07:15:00,663.75,664.04,663.74,663.93,302.1,200563.52536
BNBUSDT,1751581200000,2025-07-03 22:20:00,2025-07-04 07:20:00,663.92,664.03,663.7,663.97,271.355,180137.48222
BNBUSDT,1751581500000,2025-07-03 22:25:00,2025-07-04 07:25:00,663.97,664,663.85,663.97,341.298,226600.08409
BNBUSDT,1751581800000,2025-07-03 22:30:00,2025-07-04 07:30:00,663.97,664.57,663.96,664.44,467.357,310491.63881
BNBUSDT,1751582100000,2025-07-03 22:35:00,2025-07-04 07:35:00,664.45,664.45,663.51,663.57,334.469,222014.53099
BNBUSDT,1751582400000,2025-07-03 22:40:00,2025-07-04 07:40:00,663.56,663.67,663.45,663.45,101.287,67208.4287
BNBUSDT,1751582700000,2025-07-03 22:45:00,2025-07-04 07:45:00,663.45,663.5,663.16,663.49,165.177,109564.51132
BNBUSDT,1751583000000,2025-07-03 22:50:00,2025-07-04 07:50:00,663.5,663.5,663.41,663.48,75.646,50188.65311
BNBUSDT,1751583300000,2025-07-03 22:55:00,2025-07-04 07:55:00,663.48,663.87,663.47,663.68,190.219,126251.67182
BNBUSDT,1751583600000,2025-07-03 23:00:00,2025-07-04 08:00:00,663.68,663.9,663.68,663.88,95.394,63323.43733
BNBUSDT,1751583900000,2025-07-03 23:05:00,2025-07-04 08:05:00,663.87,664.22,663.86,664.22,230.141,152813.92732
BNBUSDT,1751584200000,2025-07-03 23:10:00,2025-07-04 08:10:00,664.22,664.22,663.7,663.7,134.965,89611.83289
BNBUSDT,1751584500000,2025-07-03 23:15:00,2025-07-04 08:15:00,663.71,663.71,663.16,663.17,122.737,81427.05727
BNBUSDT,1751584800000,2025-07-03 23:20:00,2025-07-04 08:20:00,663.16,663.17,662.65,662.89,181.564,120347.17561
BNBUSDT,1751585100000,2025-07-03 23:25:00,2025-07-04 08:25:00,662.9,662.9,662.75,662.88,64.487,42743.52055
BNBUSDT,1751585400000,2025-07-03 23:30:00,2025-07-04 08:30:00,662.89,662.98,662.7,662.71,124.651,82633.05572
BNBUSDT,1751585700000,2025-07-03 23:35:00,2025-07-04 08:35:00,662.71,663.17,662.67,662.68,421.047,279129.21814
BNBUSDT,1751586000000,2025-07-03 23:40:00,2025-07-04 08:40:00,662.67,662.79,662.57,662.76,270.256,179099.63415
BNBUSDT,1751586300000,2025-07-03 23:45:00,2025-07-04 08:45:00,662.75,662.76,662.47,662.75,468.57,310493.38857
BNBUSDT,1751586600000,2025-07-03 23:50:00,2025-07-04 08:50:00,662.75,663,662.74,662.99,51.802,34340.82163
BNBUSDT,1751586900000,2025-07-03 23:55:00,2025-07-04 08:55:00,663,663.59,662.99,663.59,1234.154,818344.44975
BNBUSDT,1751587200000,2025-07-04 00:00:00,2025-07-04 09:00:00,663.58,664.02,663.51,664.01,458.22,304149.58719
BNBUSDT,1751587500000,2025-07-04 00:05:00,2025-07-04 09:05:00,664.01,664.17,663.78,663.87,209.19,138901.2281
BNBUSDT,1751587800000,2025-07-04 00:10:00,2025-07-04 09:10:00,663.86,663.87,663.3,663.47,181.605,120497.72365
BNBUSDT,1751588100000,2025-07-04 00:15:00,2025-07-04 09:15:00,663.47,663.48,662.67,662.67,181.653,120457.42699
BNBUSDT,1751588400000,2025-07-04 00:20:00,2025-07-04 09:20:00,662.67,662.96,662.2,662.21,191.148,126630.55158
BNBUSDT,1751588700000,2025-07-04 00:25:00,2025-07-04 09:25:00,662.2,662.64,662.18,662.46,112.405,74466.90989
BNBUSDT,1751589000000,2025-07-04 00:30:00,2025-07-04 09:30:00,662.47,662.72,662.31,662.55,196.26,130032.03581
BNBUSDT,1751589300000,2025-07-04 00:35:00,2025-07-04 09:35:00,662.55,662.89,662.55,662.74,164.942,109329.86242
BNBUSDT,1751589600000,2025-07-04 00:40:00,2025-07-04 09:40:00,662.74,663.36,662.73,662.9,171.623,113802.3783
BNBUSDT,1751589900000,2025-07-04 00:45:00,2025-07-04 09:45:00,662.9,663.37,662.82,663.26,113.28,75116.87107
BNBUSDT,1751590200000,2025-07-04 00:50:00,2025-07-04 09:50:00,663.25,663.26,662.35,662.35,134.643,89234.32026
BNBUSDT,1751590500000,2025-07-04 00:55:00,2025-07-04 09:55:00,662.36,662.36,661.6,662.28,301.666,199697.1115
BNBUSDT,1751590800000,2025-07-04 01:00:00,2025-07-04 10:00:00,662.28,662.58,661.92,662.58,179.774,119069.40854
BNBUSDT,1751591100000,2025-07-04 01:05:00,2025-07-04 10:05:00,662.58,662.97,662.32,662.64,139.117,92182.3608
BNBUSDT,1751591400000,2025-07-04 01:10:00,2025-07-04 10:10:00,662.64,662.95,662.62,662.9,131.879,87407.5003
BNBUSDT,1751591700000,2025-07-04 01:15:00,2025-07-04 10:15:00,662.9,663.3,662.74,663.21,274.906,182262.57804
BNBUSDT,1751592000000,2025-07-04 01:20:00,2025-07-04 10:20:00,663.21,663.44,662.9,663.44,203.08,134676.98098
BNBUSDT,1751592300000,2025-07-04 01:25:00,2025-07-04 10:25:00,663.44,663.55,662.86,662.86,87.156,57804.70654
BNBUSDT,1751592600000,2025-07-04 01:30:00,2025-07-04 10:30:00,662.87,663.08,662.87,663.07,90.51,60008.93677
BNBUSDT,1751592900000,2025-07-04 01:35:00,2025-07-04 10:35:00,663.08,663.08,662.43,662.54,124.279,82363.46771
BNBUSDT,1751593200000,2025-07-04 01:40:00,2025-07-04 10:40:00,662.54,662.54,661.94,662.01,257.351,170404.22799
BNBUSDT,1751593500000,2025-07-04 01:45:00,2025-07-04 10:45:00,662.01,662.01,661.9,662,85.063,56308.94613
BNBUSDT,1751593800000,2025-07-04 01:50:00,2025-07-04 10:50:00,661.99,662.19,661.9,661.9,219,144982.6085
BNBUSDT,1751594100000,2025-07-04 01:55:00,2025-07-04 10:55:00,661.9,662.07,661.9,662.03,160.786,106443.50086
BNBUSDT,1751594400000,2025-07-04 02:00:00,2025-07-04 11:00:00,662.03,662.5,661.98,662.49,436.378,288984.0583
BNBUSDT,1751594700000,2025-07-04 02:05:00,2025-07-04 11:05:00,662.49,662.61,661.78,662.45,876.539,580493.43898
BNBUSDT,1751595000000,2025-07-04 02:10:00,2025-07-04 11:10:00,662.46,662.46,661.57,661.9,697.61,461770.50371
BNBUSDT,1751595300000,2025-07-04 02:15:00,2025-07-04 11:15:00,661.9,662.25,661.62,661.62,431.518,285626.84011
BNBUSDT,1751595600000,2025-07-04 02:20:00,2025-07-04 11:20:00,661.63,662.4,661.62,662.39,496.007,328404.54159
BNBUSDT,1751595900000,2025-07-04 02:25:00,2025-07-04 11:25:00,662.4,663.05,662.4,663.04,465.339,308384.09451
BNBUSDT,1751596200000,2025-07-04 02:30:00,2025-07-04 11:30:00,663.05,663.71,662.44,662.44,1291.604,856564.29412
BNBUSDT,1751596500000,2025-07-04 02:35:00,2025-07-04 11:35:00,662.44,663.06,662.18,662.41,579.024,383677.16748
BNBUSDT,1751596800000,2025-07-04 02:40:00,2025-07-04 11:40:00,662.41,662.49,661,661.13,485.993,321611.73839
BNBUSDT,1751597100000,2025-07-04 02:45:00,2025-07-04 11:45:00,661.13,661.45,660.57,661.45,875.678,578816.88808
BNBUSDT,1751597400000,2025-07-04 02:50:00,2025-07-04 11:50:00,661.45,661.53,660.62,660.62,226.188,149532.15459
BNBUSDT,1751597700000,2025-07-04 02:55:00,2025-07-04 11:55:00,660.63,661.13,660.62,660.81,209.544,138481.87877
BNBUSDT,1751598000000,2025-07-04 03:00:00,2025-07-04 12:00:00,660.81,660.94,660.48,660.49,306.885,202749.70545
BNBUSDT,1751598300000,2025-07-04 03:05:00,2025-07-04 12:05:00,660.49,661.36,660.2,661.25,336.734,222500.12107
BNBUSDT,1751598600000,2025-07-04 03:10:00,2025-07-04 12:10:00,661.26,661.95,661.25,661.94,361.174,239030.07576
BNBUSDT,1751598900000,2025-07-04 03:15:00,2025-07-04 12:15:00,661.93,662.34,661.71,662.33,488.055,323031.09653
BNBUSDT,1751599200000,2025-07-04 03:20:00,2025-07-04 12:20:00,662.34,662.44,662.33,662.44,177.036,117270.50356
BNBUSDT,1751599500000,2025-07-04 03:25:00,2025-07-04 12:25:00,662.44,662.5,662.28,662.5,246.96,163580.10644
BNBUSDT,1751599800000,2025-07-04 03:30:00,2025-07-04 12:30:00,662.5,662.64,662.49,662.63,119.787,79372.17295
BNBUSDT,1751600100000,2025-07-04 03:35:00,2025-07-04 12:35:00,662.64,662.76,662.45,662.52,329.805,218531.18259
BNBUSDT,1751600400000,2025-07-04 03:40:00,2025-07-04 12:40:00,662.53,662.67,662.43,662.67,297.711,197246.39987
BNBUSDT,1751600700000,2025-07-04 03:45:00,2025-07-04 12:45:00,662.66,662.79,662.3,662.33,377.795,250306.47091
BNBUSDT,1751601000000,2025-07-04 03:50:00,2025-07-04 12:50:00,662.34,662.35,662.2,662.3,86.892,57544.9838
BNBUSDT,1751601300000,2025-07-04 03:55:00,2025-07-04 12:55:00,662.29,662.3,662.03,662.04,189.995,125806.11975
BNBUSDT,1751601600000,2025-07-04 04:00:00,2025-07-04 13:00:00,662.04,662.09,661.9,661.96,173.434,114810.13309
BNBUSDT,1751601900000,2025-07-04 04:05:00,2025-07-04 13:05:00,661.95,662.02,661.88,661.91,84.465,55910.18632
BNBUSDT,1751602200000,2025-07-04 04:10:00,2025-07-04 13:10:00,661.91,661.96,661.64,661.8,137.768,91181.56782
BNBUSDT,1751602500000,2025-07-04 04:15:00,2025-07-04 13:15:00,661.8,662,661.51,661.68,222.584,147282.05749
BNBUSDT,1751602800000,2025-07-04 04:20:00,2025-07-04 13:20:00,661.68,661.69,661.05,661.28,103.506,68452.95173
BNBUSDT,1751603100000,2025-07-04 04:25:00,2025-07-04 13:25:00,661.29,661.32,660.93,661.08,493.294,326142.93688
BNBUSDT,1751603400000,2025-07-04 04:30:00,2025-07-04 13:30:00,661.08,661.08,660.44,660.69,277.809,183574.57003
BNBUSDT,1751603700000,2025-07-04 04:35:00,2025-07-04 13:35:00,660.7,660.99,660.42,660.43,112.423,74271.11559
BNBUSDT,1751604000000,2025-07-04 04:40:00,2025-07-04 13:40:00,660.43,660.66,660.38,660.49,136.234,89984.99276
BNBUSDT,1751604300000,2025-07-04 04:45:00,2025-07-04 13:45:00,660.49,660.63,660.2,660.32,287.096,189596.39496
BNBUSDT,1751604600000,2025-07-04 04:50:00,2025-07-04 13:50:00,660.32,660.37,659.81,659.82,567.402,374605.97203
BNBUSDT,1751604900000,2025-07-04 04:55:00,2025-07-04 13:55:00,659.82,660.06,659.82,659.98,236.047,155768.97494
BNBUSDT,1751605200000,2025-07-04 05:00:00,2025-07-04 14:00:00,659.98,660.2,659.78,659.78,452.699,298787.02725
BNBUSDT,1751605500000,2025-07-04 05:05:00,2025-07-04 14:05:00,659.79,660.73,659.7,660.66,1175.693,776180.46064
BNBUSDT,1751605800000,2025-07-04 05:10:00,2025-07-04 14:10:00,660.67,660.67,660.07,660.12,205.285,135568.44498
BNBUSDT,1751606100000,2025-07-04 05:15:00,2025-07-04 14:15:00,660.12,660.5,659.93,659.94,159.684,105416.78547
BNBUSDT,1751606400000,2025-07-04 05:20:00,2025-07-04 14:20:00,659.93,659.99,659.27,659.56,467.094,308109.0074
BNBUSDT,1751606700000,2025-07-04 05:25:00,2025-07-04 14:25:00,659.57,660.2,659.5,660.19,234.774,154900.16553
BNBUSDT,1751607000000,2025-07-04 05:30:00,2025-07-04 14:30:00,660.2,660.92,660.2,660.74,249.869,165073.53448
BNBUSDT,1751607300000,2025-07-04 05:35:00,2025-07-04 14:35:00,660.75,660.8,660.51,660.61,228.728,151110.05696
BNBUSDT,1751607600000,2025-07-04 05:40:00,2025-07-04 14:40:00,660.61,660.61,660.31,660.33,133.195,87967.39335
BNBUSDT,1751607900000,2025-07-04 05:45:00,2025-07-04 14:45:00,660.32,661,660.3,660.48,475.061,313859.22263
BNBUSDT,1751608200000,2025-07-04 05:50:00,2025-07-04 14:50:00,660.44,660.78,660.4,660.77,119.777,79110.86094
BNBUSDT,1751608500000,2025-07-04 05:55:00,2025-07-04 14:55:00,660.77,660.78,660.12,660.31,336.365,222118.91222
BNBUSDT,1751608800000,2025-07-04 06:00:00,2025-07-04 15:00:00,660.32,660.32,659.4,659.52,329.061,217114.69163
BNBUSDT,1751609100000,2025-07-04 06:05:00,2025-07-04 15:05:00,659.53,659.61,658.88,658.92,755.392,497921.12674
BNBUSDT,1751609400000,2025-07-04 06:10:00,2025-07-04 15:10:00,658.92,658.92,658.01,658.23,627.512,413160.5276
BNBUSDT,1751609700000,2025-07-04 06:15:00,2025-07-04 15:15:00,658.23,658.64,658.12,658.47,435.005,286382.6486
BNBUSDT,1751610000000,2025-07-04 06:20:00,2025-07-04 15:20:00,658.46,658.59,658.28,658.35,216.566,142588.45023
BNBUSDT,1751610300000,2025-07-04 06:25:00,2025-07-04 15:25:00,658.35,658.45,658,658.3,369.554,243242.12968
BNBUSDT,1751610600000,2025-07-04 06:30:00,2025-07-04 15:30:00,658.31,659.16,658.23,659.16,188.338,124063.58818
BNBUSDT,1751610900000,2025-07-04 06:35:00,2025-07-04 15:35:00,659.15,659.16,658.67,658.83,138.6,91323.27127
BNBUSDT,1751611200000,2025-07-04 06:40:00,2025-07-04 15:40:00,658.84,658.9,658.52,658.62,199.549,131456.91329
BNBUSDT,1751611500000,2025-07-04 06:45:00,2025-07-04 15:45:00,658.62,658.89,658.62,658.7,133.919,88220.90553
BNBUSDT,1751611800000,2025-07-04 06:50:00,2025-07-04 15:50:00,658.71,658.71,658.33,658.37,136.356,89794.43476
BNBUSDT,1751612100000,2025-07-04 06:55:00,2025-07-04 15:55:00,658.37,658.49,658.19,658.2,115.623,76117.47377
BNBUSDT,1751612400000,2025-07-04 07:00:00,2025-07-04 16:00:00,658.2,659.05,658.19,659.03,253.642,167042.2463
BNBUSDT,1751612700000,2025-07-04 07:05:00,2025-07-04 16:05:00,659.03,659.04,657.97,657.98,218.367,143753.08003
BNBUSDT,1751613000000,2025-07-04 07:10:00,2025-07-04 16:10:00,657.97,657.97,657.35,657.35,337.804,222136.25351
BNBUSDT,1751613300000,2025-07-04 07:15:00,2025-07-04 16:15:00,657.36,657.72,657,657.17,330.685,217355.36108
BNBUSDT,1751613600000,2025-07-04 07:20:00,2025-07-04 16:20:00,657.17,657.48,656.96,657.17,286.535,188309.5465
BNBUSDT,1751613900000,2025-07-04 07:25:00,2025-07-04 16:25:00,657.17,657.35,657.01,657.11,245.585,161392.25733
BNBUSDT,1751614200000,2025-07-04 07:30:00,2025-07-04 16:30:00,657.12,657.48,656.59,656.91,493.059,323953.07109
BNBUSDT,1751614500000,2025-07-04 07:35:00,2025-07-04 16:35:00,656.92,657.3,656.86,657.3,332.946,218746.96327
BNBUSDT,1751614800000,2025-07-04 07:40:00,2025-07-04 16:40:00,657.3,657.36,656.82,656.82,437.587,287563.91066
BNBUSDT,1751615100000,2025-07-04 07:45:00,2025-07-04 16:45:00,656.82,656.89,656.55,656.57,554.464,364145.74492
BNBUSDT,1751615400000,2025-07-04 07:50:00,2025-07-04 16:50:00,656.56,656.6,656.11,656.33,774.071,508048.67598
BNBUSDT,1751615700000,2025-07-04 07:55:00,2025-07-04 16:55:00,656.34,656.46,655.92,655.93,1119.58,734567.88362
BNBUSDT,1751616000000,2025-07-04 08:00:00,2025-07-04 17:00:00,655.93,656.08,655.65,655.7,1004.208,658564.61754
BNBUSDT,1751616300000,2025-07-04 08:05:00,2025-07-04 17:05:00,655.7,655.7,655.09,655.2,872.649,571942.61989
BNBUSDT,1751616600000,2025-07-04 08:10:00,2025-07-04 17:10:00,655.2,655.43,655.05,655.11,338.544,221831.17061
BNBUSDT,1751616900000,2025-07-04 08:15:00,2025-07-04 17:15:00,655.11,655.7,654.69,655.6,678.314,444339.58115
BNBUSDT,1751617200000,2025-07-04 08:20:00,2025-07-04 17:20:00,655.59,656.95,655.59,656.94,946.744,621081.22709
BNBUSDT,1751617500000,2025-07-04 08:25:00,2025-07-04 17:25:00,656.95,657,656.7,656.87,188.709,123962.61518
BNBUSDT,1751617800000,2025-07-04 08:30:00,2025-07-04 17:30:00,656.88,657,656.5,656.9,206.717,135761.84589
BNBUSDT,1751618100000,2025-07-04 08:35:00,2025-07-04 17:35:00,656.9,657.66,656.74,657.54,357.151,234696.23436
BNBUSDT,1751618400000,2025-07-04 08:40:00,2025-07-04 17:40:00,657.53,657.7,657.24,657.61,268.744,176691.79385
BNBUSDT,1751618700000,2025-07-04 08:45:00,2025-07-04 17:45:00,657.6,657.74,657.25,657.4,218.586,143718.43344
BNBUSDT,1751619000000,2025-07-04 08:50:00,2025-07-04 17:50:00,657.4,657.63,657.2,657.49,142.643,93775.20423
BNBUSDT,1751619300000,2025-07-04 08:55:00,2025-07-04 17:55:00,657.48,657.79,657.38,657.75,252.235,165881.59514
BNBUSDT,1751619600000,2025-07-04 09:00:00,2025-07-04 18:00:00,657.75,658.17,657.75,658.12,179.268,117963.28495
BNBUSDT,1751619900000,2025-07-04 09:05:00,2025-07-04 18:05:00,658.11,658.28,658.11,658.21,138.239,90984.71694
BNBUSDT,1751620200000,2025-07-04 09:10:00,2025-07-04 18:10:00,658.21,658.36,658.06,658.35,225.652,148523.70414
BNBUSDT,1751620500000,2025-07-04 09:15:00,2025-07-04 18:15:00,658.36,658.42,657.92,658.42,211.765,139403.79778
BNBUSDT,1751620800000,2025-07-04 09:20:00,2025-07-04 18:20:00,658.42,658.47,658.22,658.47,298.061,196232.77097
BNBUSDT,1751621100000,2025-07-04 09:25:00,2025-07-04 18:25:00,658.46,658.55,658.38,658.44,210.126,138363.6358
BNBUSDT,1751621400000,2025-07-04 09:30:00,2025-07-04 18:30:00,658.44,658.44,658.28,658.36,153.697,101187.87117
BNBUSDT,1751621700000,2025-07-04 09:35:00,2025-07-04 18:35:00,658.36,658.36,658.26,658.31,99.412,65443.75196
BNBUSDT,1751622000000,2025-07-04 09:40:00,2025-07-04 18:40:00,658.31,658.34,658.26,658.33,148.605,97828.01894
BNBUSDT,1751622300000,2025-07-04 09:45:00,2025-07-04 18:45:00,658.33,658.34,657.57,657.58,233.778,153840.33875
BNBUSDT,1751622600000,2025-07-04 09:50:00,2025-07-04 18:50:00,657.57,657.6,657.3,657.39,202.145,132893.4225
BNBUSDT,1751622900000,2025-07-04 09:55:00,2025-07-04 18:55:00,657.4,657.8,657.34,657.8,230.787,151747.49737
BNBUSDT,1751623200000,2025-07-04 10:00:00,2025-07-04 19:00:00,657.8,658.17,657.79,658.06,145.815,95956.00777
BNBUSDT,1751623500000,2025-07-04 10:05:00,2025-07-04 19:05:00,658.06,658.06,657.85,657.97,147.355,96956.63728
BNBUSDT,1751623800000,2025-07-04 10:10:00,2025-07-04 19:10:00,657.97,657.97,657.8,657.82,135.816,89345.29049
BNBUSDT,1751624100000,2025-07-04 10:15:00,2025-07-04 19:15:00,657.83,657.93,657.35,657.35,104.274,68588.57485
BNBUSDT,1751624400000,2025-07-04 10:20:00,2025-07-04 19:20:00,657.36,657.56,657.31,657.51,212.688,139829.75076
BNBUSDT,1751624700000,2025-07-04 10:25:00,2025-07-04 19:25:00,657.5,657.99,657.5,657.98,72.248,47516.13821
BNBUSDT,1751625000000,2025-07-04 10:30:00,2025-07-04 19:30:00,657.98,658.29,657.98,658.28,156.08,102725.27245
BNBUSDT,1751625300000,2025-07-04 10:35:00,2025-07-04 19:35:00,658.28,658.58,658.2,658.57,239.798,157870.00285
BNBUSDT,1751625600000,2025-07-04 10:40:00,2025-07-04 19:40:00,658.58,658.68,658.28,658.31,155.132,102154.28029
BNBUSDT,1751625900000,2025-07-04 10:45:00,2025-07-04 19:45:00,658.32,658.6,658.31,658.56,137.692,90667.4324
BNBUSDT,1751626200000,2025-07-04 10:50:00,2025-07-04 19:50:00,658.56,659,658.5,658.88,395.151,260287.75018
BNBUSDT,1751626500000,2025-07-04 10:55:00,2025-07-04 19:55:00,658.87,659.7,658.64,659.13,650.137,428511.67176
BNBUSDT,1751626800000,2025-07-04 11:00:00,2025-07-04 20:00:00,659.12,659.65,659.12,659.65,112.032,73866.24005
BNBUSDT,1751627100000,2025-07-04 11:05:00,2025-07-04 20:05:00,659.64,659.69,659.49,659.68,307.412,202766.11599
BNBUSDT,1751627400000,2025-07-04 11:10:00,2025-07-04 20:10:00,659.69,659.8,659.5,659.5,98.461,64952.34774
BNBUSDT,1751627700000,2025-07-04 11:15:00,2025-07-04 20:15:00,659.5,659.51,659.08,659.09,77.616,51169.57035
BNBUSDT,1751628000000,2025-07-04 11:20:00,2025-07-04 20:20:00,659.09,659.49,659.08,659.48,97.135,64043.12138
BNBUSDT,1751628300000,2025-07-04 11:25:00,2025-07-04 20:25:00,659.48,659.83,659.48,659.82,121.591,80208.93051
BNBUSDT,1751628600000,2025-07-04 11:30:00,2025-07-04 20:30:00,659.83,659.83,659.53,659.61,152.085,100324.44025
BNBUSDT,1751628900000,2025-07-04 11:35:00,2025-07-04 20:35:00,659.62,659.69,659.48,659.69,141.555,93367.55557
BNBUSDT,1751629200000,2025-07-04 11:40:00,2025-07-04 20:40:00,659.69,659.86,659.64,659.71,159.567,105273.15486
BNBUSDT,1751629500000,2025-07-04 11:45:00,2025-07-04 20:45:00,659.71,659.8,659.65,659.66,111.111,73303.2409
BNBUSDT,1751629800000,2025-07-04 11:50:00,2025-07-04 20:50:00,659.66,659.82,659.6,659.75,386.358,254878.18953
BNBUSDT,1751630100000,2025-07-04 11:55:00,2025-07-04 20:55:00,659.76,659.76,659.54,659.62,124.748,82287.01154
BNBUSDT,1751630400000,2025-07-04 12:00:00,2025-07-04 21:00:00,659.63,660.1,659.62,660.1,391.442,258296.85384
BNBUSDT,1751630700000,2025-07-04 12:05:00,2025-07-04 21:05:00,660.1,660.1,659.7,659.85,167.458,110485.12146
BNBUSDT,1751631000000,2025-07-04 12:10:00,2025-07-04 21:10:00,659.85,659.98,659.67,659.9,423.701,279566.08024
BNBUSDT,1751631300000,2025-07-04 12:15:00,2025-07-04 21:15:00,659.9,660,658.87,659.75,865.511,570836.03646
BNBUSDT,1751631600000,2025-07-04 12:20:00,2025-07-04 21:20:00,659.74,659.75,659.5,659.57,150.083,98998.57588
BNBUSDT,1751631900000,2025-07-04 12:25:00,2025-07-04 21:25:00,659.57,659.92,659.56,659.7,187.532,123724.30256
BNBUSDT,1751632200000,2025-07-04 12:30:00,2025-07-04 21:30:00,659.7,659.76,659.5,659.76,180.862,119305.62322
BNBUSDT,1751632500000,2025-07-04 12:35:00,2025-07-04 21:35:00,659.77,660,659.7,659.83,288.68,190492.32742
BNBUSDT,1751632800000,2025-07-04 12:40:00,2025-07-04 21:40:00,659.83,659.83,658.97,658.98,417.574,275336.94247
BNBUSDT,1751633100000,2025-07-04 12:45:00,2025-07-04 21:45:00,658.97,659.1,658.65,658.69,226.153,149012.43193
BNBUSDT,1751633400000,2025-07-04 12:50:00,2025-07-04 21:50:00,658.69,658.69,658.3,658.44,317.805,209253.46483
BNBUSDT,1751633700000,2025-07-04 12:55:00,2025-07-04 21:55:00,658.43,658.9,658.43,658.73,289.753,190868.18841
BNBUSDT,1751634000000,2025-07-04 13:00:00,2025-07-04 22:00:00,658.74,659.19,658.69,658.69,684.119,450788.84929
BNBUSDT,1751634300000,2025-07-04 13:05:00,2025-07-04 22:05:00,658.7,659.75,658.69,659.11,558.83,368481.50815
BNBUSDT,1751634600000,2025-07-04 13:10:00,2025-07-04 22:10:00,659.1,659.11,658.3,658.31,305.255,201058.03464
BNBUSDT,1751634900000,2025-07-04 13:15:00,2025-07-04 22:15:00,658.31,658.31,658,658.13,494.908,325734.5611
BNBUSDT,1751635200000,2025-07-04 13:20:00,2025-07-04 22:20:00,658.14,658.26,657.87,657.89,300.822,197970.52661
BNBUSDT,1751635500000,2025-07-04 13:25:00,2025-07-04 22:25:00,657.89,658.18,657.88,657.88,127.763,84066.81563
BNBUSDT,1751635800000,2025-07-04 13:30:00,2025-07-04 22:30:00,657.89,658.2,657.51,658.15,609.847,401154.02187
BNBUSDT,1751636100000,2025-07-04 13:35:00,2025-07-04 22:35:00,658.16,658.16,657.32,657.46,400.705,263560.64632
BNBUSDT,1751636400000,2025-07-04 13:40:00,2025-07-04 22:40:00,657.46,657.72,657.26,657.45,391.595,257467.53958
BNBUSDT,1751636700000,2025-07-04 13:45:00,2025-07-04 22:45:00,657.45,657.48,656.52,656.52,353.79,232429.71522
BNBUSDT,1751637000000,2025-07-04 13:50:00,2025-07-04 22:50:00,656.52,657.13,655.9,656.4,725.173,476020.29766
BNBUSDT,1751637300000,2025-07-04 13:55:00,2025-07-04 22:55:00,656.41,656.67,655.67,655.68,454.083,297945.83572
BNBUSDT,1751637600000,2025-07-04 14:00:00,2025-07-04 23:00:00,655.67,655.95,655.25,655.25,735.555,482250.09206
BNBUSDT,1751637900000,2025-07-04 14:05:00,2025-07-04 23:05:00,655.25,655.5,654.41,654.66,801.94,525172.49425
BNBUSDT,1751638200000,2025-07-04 14:10:00,2025-07-04 23:10:00,654.67,654.95,653.37,654.22,1194.366,781210.53326
BNBUSDT,1751638500000,2025-07-04 14:15:00,2025-07-04 23:15:00,654.22,654.4,653.31,653.33,631.583,412983.31992
BNBUSDT,1751638800000,2025-07-04 14:20:00,2025-07-04 23:20:00,653.33,655.03,653,655.03,1576.604,1030566.95428
BNBUSDT,1751639100000,2025-07-04 14:25:00,2025-07-04 23:25:00,655.03,655.82,654.83,655.5,781.931,512369.66936
BNBUSDT,1751639400000,2025-07-04 14:30:00,2025-07-04 23:30:00,655.5,655.5,654.72,654.9,361.432,236742.43733
BNBUSDT,1751639700000,2025-07-04 14:35:00,2025-07-04 23:35:00,654.89,655.71,654.73,655.44,448.685,294082.20326
BNBUSDT,1751640000000,2025-07-04 14:40:00,2025-07-04 23:40:00,655.44,656,655.17,656,481.095,315398.21612
BNBUSDT,1751640300000,2025-07-04 14:45:00,2025-07-04 23:45:00,655.99,656,655.23,655.23,447.137,293182.19637
BNBUSDT,1751640600000,2025-07-04 14:50:00,2025-07-04 23:50:00,655.24,655.65,655.23,655.5,214.729,140746.74415
BNBUSDT,1751640900000,2025-07-04 14:55:00,2025-07-04 23:55:00,655.51,655.79,655.4,655.5,225.31,147696.64498
BNBUSDT,1751641200000,2025-07-04 15:00:00,2025-07-05 00:00:00,655.51,655.59,655.14,655.24,379.423,248660.07984
BNBUSDT,1751641500000,2025-07-04 15:05:00,2025-07-05 00:05:00,655.24,655.24,654.3,654.38,485.476,317820.6125
BNBUSDT,1751641800000,2025-07-04 15:10:00,2025-07-05 00:10:00,654.39,654.48,653.84,653.85,535.969,350645.8105
BNBUSDT,1751642100000,2025-07-04 15:15:00,2025-07-05 00:15:00,653.84,653.85,653.12,653.13,772.476,504822.58251
BNBUSDT,1751642400000,2025-07-04 15:20:00,2025-07-05 00:20:00,653.13,653.78,652.41,653.51,1712.767,1118350.84953
BNBUSDT,1751642700000,2025-07-04 15:25:00,2025-07-05 00:25:00,653.51,653.51,652.51,652.81,494.184,322694.88534
BNBUSDT,1751643000000,2025-07-04 15:30:00,2025-07-05 00:30:00,652.81,652.98,652.35,652.52,293.545,191572.38484
BNBUSDT,1751643300000,2025-07-04 15:35:00,2025-07-05 00:35:00,652.52,652.9,652.43,652.69,703.606,459237.51215
BNBUSDT,1751643600000,2025-07-04 15:40:00,2025-07-05 00:40:00,652.69,653.2,652.46,652.8,548.238,357955.18108
BNBUSDT,1751643900000,2025-07-04 15:45:00,2025-07-05 00:45:00,652.8,652.8,652.15,652.6,761.567,496941.61008
BNBUSDT,1751644200000,2025-07-04 15:50:00,2025-07-05 00:50:00,652.6,652.88,652.09,652.7,326.279,212902.14595
BNBUSDT,1751644500000,2025-07-04 15:55:00,2025-07-05 00:55:00,652.7,653.17,652.56,652.78,250.477,163524.14305
BNBUSDT,1751644800000,2025-07-04 16:00:00,2025-07-05 01:00:00,652.79,653.01,651.74,651.74,1068.198,696707.74143
BNBUSDT,1751645100000,2025-07-04 16:05:00,2025-07-05 01:05:00,651.74,652.67,651.2,651.23,897.026,584579.00696
BNBUSDT,1751645400000,2025-07-04 16:10:00,2025-07-05 01:10:00,651.24,651.56,651.02,651.14,390.766,254501.65093
BNBUSDT,1751645700000,2025-07-04 16:15:00,2025-07-05 01:15:00,651.14,651.59,650.56,650.58,771.911,502515.77497
BNBUSDT,1751646000000,2025-07-04 16:20:00,2025-07-05 01:20:00,650.58,651.11,650.21,651.11,536.699,349153.60175
BNBUSDT,1751646300000,2025-07-04 16:25:00,2025-07-05 01:25:00,651.11,651.66,650.97,651.43,429.53,279784.27453
BNBUSDT,1751646600000,2025-07-04 16:30:00,2025-07-05 01:30:00,651.44,651.45,650.3,650.63,525.413,341914.86585
BNBUSDT,1751646900000,2025-07-04 16:35:00,2025-07-05 01:35:00,650.63,652.44,650.63,651.73,550.311,358603.57773
BNBUSDT,1751647200000,2025-07-04 16:40:00,2025-07-05 01:40:00,651.74,651.74,650.53,651,767.942,499910.18783
BNBUSDT,1751647500000,2025-07-04 16:45:00,2025-07-05 01:45:00,651,651.89,650.95,651.63,311.8,203111.47154
BNBUSDT,1751647800000,2025-07-04 16:50:00,2025-07-05 01:50:00,651.62,651.62,651.1,651.48,200.528,130625.12464
BNBUSDT,1751648100000,2025-07-04 16:55:00,2025-07-05 01:55:00,651.47,652.08,651.41,652.08,198.582,129433.91675
BNBUSDT,1751648400000,2025-07-04 17:00:00,2025-07-05 02:00:00,652.08,652.7,652.02,652.65,362.15,236279.74985
BNBUSDT,1751648700000,2025-07-04 17:05:00,2025-07-05 02:05:00,652.64,652.64,651.9,651.9,206.608,134753.8767
BNBUSDT,1751649000000,2025-07-04 17:10:00,2025-07-05 02:10:00,651.9,652.49,651.8,652,404.767,263924.58481
BNBUSDT,1751649300000,2025-07-04 17:15:00,2025-07-05 02:15:00,652,652.63,652,652.62,227.769,148608.27101
BNBUSDT,1751649600000,2025-07-04 17:20:00,2025-07-05 02:20:00,652.61,652.7,652.13,652.2,167.834,109484.29096
BNBUSDT,1751649900000,2025-07-04 17:25:00,2025-07-05 02:25:00,652.21,652.46,652.15,652.37,151.325,98710.68046
BNBUSDT,1751650200000,2025-07-04 17:30:00,2025-07-05 02:30:00,652.37,652.48,652.09,652.36,128.169,83602.98055
BNBUSDT,1751650500000,2025-07-04 17:35:00,2025-07-05 02:35:00,652.37,652.92,652.36,652.92,208.441,136049.69817
BNBUSDT,1751650800000,2025-07-04 17:40:00,2025-07-05 02:40:00,652.92,652.93,652.74,652.75,242.01,157991.01206
BNBUSDT,1751651100000,2025-07-04 17:45:00,2025-07-05 02:45:00,652.76,652.79,652.18,652.79,334.771,218422.22382
BNBUSDT,1751651400000,2025-07-04 17:50:00,2025-07-05 02:50:00,652.79,653.29,652.54,653.27,346.6,226298.16516
BNBUSDT,1751651700000,2025-07-04 17:55:00,2025-07-05 02:55:00,653.28,653.41,653.27,653.39,132.988,86890.32563
BNBUSDT,1751652000000,2025-07-04 18:00:00,2025-07-05 03:00:00,653.38,653.39,652.92,653.06,218.807,142923.52958
BNBUSDT,1751652300000,2025-07-04 18:05:00,2025-07-05 03:05:00,653.07,653.15,652.93,653,108.421,70802.83209
BNBUSDT,1751652600000,2025-07-04 18:10:00,2025-07-05 03:10:00,653,653.1,652.94,652.94,114.302,74639.47275
BNBUSDT,1751652900000,2025-07-04 18:15:00,2025-07-05 03:15:00,652.94,653.22,652.13,652.43,1071.105,699046.77026
BNBUSDT,1751653200000,2025-07-04 18:20:00,2025-07-05 03:20:00,652.42,652.52,651.88,651.89,668.692,436149.75073
BNBUSDT,1751653500000,2025-07-04 18:25:00,2025-07-05 03:25:00,651.89,651.99,651.16,651.18,232.979,151811.06669
BNBUSDT,1751653800000,2025-07-04 18:30:00,2025-07-05 03:30:00,651.17,651.88,651.17,651.72,362.636,236302.91541
BNBUSDT,1751654100000,2025-07-04 18:35:00,2025-07-05 03:35:00,651.73,651.82,651.54,651.82,131.163,85475.30997
BNBUSDT,1751654400000,2025-07-04 18:40:00,2025-07-05 03:40:00,651.82,651.9,651.53,651.68,243.194,158492.75371
BNBUSDT,1751654700000,2025-07-04 18:45:00,2025-07-05 03:45:00,651.69,652.1,651,651,239.411,156039.56213
BNBUSDT,1751655000000,2025-07-04 18:50:00,2025-07-05 03:50:00,651,651.36,650.91,651.27,238.41,155242.86496
BNBUSDT,1751655300000,2025-07-04 18:55:00,2025-07-05 03:55:00,651.26,651.4,651.26,651.34,67.287,43825.67094
BNBUSDT,1751655600000,2025-07-04 19:00:00,2025-07-05 04:00:00,651.33,651.84,651.1,651.84,269.442,175498.75283
BNBUSDT,1751655900000,2025-07-04 19:05:00,2025-07-05 04:05:00,651.84,652.05,651.83,652.02,120.933,78844.54474
BNBUSDT,1751656200000,2025-07-04 19:10:00,2025-07-05 04:10:00,652.02,652.49,652.01,652.42,117.761,76808.25302
BNBUSDT,1751656500000,2025-07-04 19:15:00,2025-07-05 04:15:00,652.41,652.45,652.13,652.15,175.205,114293.35104
BNBUSDT,1751656800000,2025-07-04 19:20:00,2025-07-05 04:20:00,652.14,652.14,651.1,651.16,153.276,99882.88065
BNBUSDT,1751657100000,2025-07-04 19:25:00,2025-07-05 04:25:00,651.15,651.39,650.8,650.8,135.681,88346.92099
BNBUSDT,1751657400000,2025-07-04 19:30:00,2025-07-05 04:30:00,650.81,651.58,650.76,651.52,122.172,79551.72427
BNBUSDT,1751657700000,2025-07-04 19:35:00,2025-07-05 04:35:00,651.52,651.78,651.32,651.77,79.879,52043.59925
BNBUSDT,1751658000000,2025-07-04 19:40:00,2025-07-05 04:40:00,651.77,652,651.7,652,74.798,48752.32725
BNBUSDT,1751658300000,2025-07-04 19:45:00,2025-07-05 04:45:00,651.99,652,651.6,651.6,107.483,70066.70331
BNBUSDT,1751658600000,2025-07-04 19:50:00,2025-07-05 04:50:00,651.61,651.61,651.42,651.59,51.661,33657.91432
BNBUSDT,1751658900000,2025-07-04 19:55:00,2025-07-05 04:55:00,651.6,651.66,651.51,651.52,73.731,48041.54275
BNBUSDT,1751659200000,2025-07-04 20:00:00,2025-07-05 05:00:00,651.52,651.52,650.65,650.99,444.853,289627.79553
BNBUSDT,1751659500000,2025-07-04 20:05:00,2025-07-05 05:05:00,650.98,651.2,650.9,651.18,268.982,175134.98536
BNBUSDT,1751659800000,2025-07-04 20:10:00,2025-07-05 05:10:00,651.19,651.75,651,651.74,82.829,53957.76609
BNBUSDT,1751660100000,2025-07-04 20:15:00,2025-07-05 05:15:00,651.75,651.86,651.6,651.7,225.818,147162.11173
BNBUSDT,1751660400000,2025-07-04 20:20:00,2025-07-05 05:20:00,651.71,651.97,651.53,651.77,86.958,56668.71882
BNBUSDT,1751660700000,2025-07-04 20:25:00,2025-07-05 05:25:00,651.78,651.96,651.77,651.81,93.934,61235.0214
BNBUSDT,1751661000000,2025-07-04 20:30:00,2025-07-05 05:30:00,651.82,652.05,651.78,652.03,126.582,82520.7952
BNBUSDT,1751661300000,2025-07-04 20:35:00,2025-07-05 05:35:00,652.02,652.1,651.94,652.02,144.477,94198.89247
BNBUSDT,1751661600000,2025-07-04 20:40:00,2025-07-05 05:40:00,652.02,652.32,652,652.21,187.025,121976.99566
BNBUSDT,1751661900000,2025-07-04 20:45:00,2025-07-05 05:45:00,652.2,652.41,652.2,652.37,195.551,127554.58169
BNBUSDT,1751662200000,2025-07-04 20:50:00,2025-07-05 05:50:00,652.36,652.51,652.36,652.5,205.649,134169.37609
BNBUSDT,1751662500000,2025-07-04 20:55:00,2025-07-05 05:55:00,652.51,652.58,652.49,652.55,106.208,69303.19572
BNBUSDT,1751662800000,2025-07-04 21:00:00,2025-07-05 06:00:00,652.56,652.56,652.27,652.38,223.897,146085.3583
BNBUSDT,1751663100000,2025-07-04 21:05:00,2025-07-05 06:05:00,652.39,652.39,652,652.14,146.852,95772.50314
BNBUSDT,1751663400000,2025-07-04 21:10:00,2025-07-05 06:10:00,652.14,652.44,652.01,652.32,322.305,210185.76643
BNBUSDT,1751663700000,2025-07-04 21:15:00,2025-07-05 06:15:00,652.31,652.53,652.14,652.3,167.856,109493.06836
BNBUSDT,1751664000000,2025-07-04 21:20:00,2025-07-05 06:20:00,652.31,652.53,652.26,652.51,51.897,33855.36385
BNBUSDT,1751664300000,2025-07-04 21:25:00,2025-07-05 06:25:00,652.5,652.63,652.5,652.63,181.57,118492.27199
BNBUSDT,1751664600000,2025-07-04 21:30:00,2025-07-05 06:30:00,652.62,652.63,652.2,652.21,59.792,39011.74998
BNBUSDT,1751664900000,2025-07-04 21:35:00,2025-07-05 06:35:00,652.21,652.33,652.19,652.19,137.899,89945.87757
BNBUSDT,1751665200000,2025-07-04 21:40:00,2025-07-05 06:40:00,652.2,652.56,652.2,652.51,134.247,87572.55931
BNBUSDT,1751665500000,2025-07-04 21:45:00,2025-07-05 06:45:00,652.52,652.78,652.51,652.77,40.975,26743.06281
BNBUSDT,1751665800000,2025-07-04 21:50:00,2025-07-05 06:50:00,652.77,652.8,652.77,652.78,25.947,16937.99208
BNBUSDT,1751666100000,2025-07-04 21:55:00,2025-07-05 06:55:00,652.78,652.86,652.65,652.86,112.492,73430.0904
BNBUSDT,1751666400000,2025-07-04 22:00:00,2025-07-05 07:00:00,652.86,652.89,652.44,652.87,188.618,123119.92738
BNBUSDT,1751666700000,2025-07-04 22:05:00,2025-07-05 07:05:00,652.88,653.5,652.87,653.39,242.995,158734.00251
BNBUSDT,1751667000000,2025-07-04 22:10:00,2025-07-05 07:10:00,653.39,653.41,653.15,653.4,94.216,61548.82938
BNBUSDT,1751667300000,2025-07-04 22:15:00,2025-07-05 07:15:00,653.41,653.51,653.23,653.51,150.567,98371.85242
BNBUSDT,1751667600000,2025-07-04 22:20:00,2025-07-05 07:20:00,653.5,653.78,653.44,653.46,241.928,158127.86066
BNBUSDT,1751667900000,2025-07-04 22:25:00,2025-07-05 07:25:00,653.45,653.58,653.45,653.56,101.623,66411.36407
BNBUSDT,1751668200000,2025-07-04 22:30:00,2025-07-05 07:30:00,653.57,653.8,653.29,653.8,115.333,75374.33557
BNBUSDT,1751668500000,2025-07-04 22:35:00,2025-07-05 07:35:00,653.79,654.11,653.79,654.05,121.439,79418.63912
BNBUSDT,1751668800000,2025-07-04 22:40:00,2025-07-05 07:40:00,654.05,654.06,653.77,653.92,285.679,186802.80515
BNBUSDT,1751669100000,2025-07-04 22:45:00,2025-07-05 07:45:00,653.93,654,653.83,653.9,70.962,46402.53995
BNBUSDT,1751669400000,2025-07-04 22:50:00,2025-07-05 07:50:00,653.91,653.91,653.87,653.87,49.563,32408.24558
BNBUSDT,1751669700000,2025-07-04 22:55:00,2025-07-05 07:55:00,653.88,654.1,653.88,654.08,155.692,101826.28554
BNBUSDT,1751670000000,2025-07-04 23:00:00,2025-07-05 08:00:00,654.07,654.08,653.72,653.72,156.357,102246.51131
BNBUSDT,1751670300000,2025-07-04 23:05:00,2025-07-05 08:05:00,653.73,653.8,653.6,653.79,135.578,88620.95952
BNBUSDT,1751670600000,2025-07-04 23:10:00,2025-07-05 08:10:00,653.79,653.79,653.62,653.78,59.925,39175.41662
BNBUSDT,1751670900000,2025-07-04 23:15:00,2025-07-05 08:15:00,653.78,653.79,653.42,653.42,96.483,63052.55635
BNBUSDT,1751671200000,2025-07-04 23:20:00,2025-07-05 08:20:00,653.43,653.69,653.42,653.69,42.852,28007.63802
BNBUSDT,1751671500000,2025-07-04 23:25:00,2025-07-05 08:25:00,653.69,653.69,653.36,653.52,85.31,55747.55053
BNBUSDT,1751671800000,2025-07-04 23:30:00,2025-07-05 08:30:00,653.53,653.53,653.4,653.49,30.811,20134.49212
BNBUSDT,1751672100000,2025-07-04 23:35:00,2025-07-05 08:35:00,653.5,653.7,653.43,653.7,104.691,68419.0035
BNBUSDT,1751672400000,2025-07-04 23:40:00,2025-07-05 08:40:00,653.7,653.7,653.05,653.31,164.617,107537.08775
BNBUSDT,1751672700000,2025-07-04 23:45:00,2025-07-05 08:45:00,653.32,653.44,653.23,653.43,61.299,40050.14741
BNBUSDT,1751673000000,2025-07-04 23:50:00,2025-07-05 08:50:00,653.44,653.6,653.43,653.6,89.825,58704.7328
BNBUSDT,1751673300000,2025-07-04 23:55:00,2025-07-05 08:55:00,653.59,653.6,653.55,653.6,79.56,51999.57012
BNBUSDT,1751673600000,2025-07-05 00:00:00,2025-07-05 09:00:00,653.6,653.63,653.41,653.59,101.394,66263.10142
BNBUSDT,1751673900000,2025-07-05 00:05:00,2025-07-05 09:05:00,653.59,653.79,653.46,653.79,65.657,42911.36702
BNBUSDT,1751674200000,2025-07-05 00:10:00,2025-07-05 09:10:00,653.79,654.16,653.78,654.16,72.563,47455.0276
BNBUSDT,1751674500000,2025-07-05 00:15:00,2025-07-05 09:15:00,654.15,654.39,654.15,654.38,149.297,97687.90677
BNBUSDT,1751674800000,2025-07-05 00:20:00,2025-07-05 09:20:00,654.39,655.01,654.31,654.55,1572.035,1029381.99901
BNBUSDT,1751675100000,2025-07-05 00:25:00,2025-07-05 09:25:00,654.54,654.67,654.54,654.67,33.736,22084.77139
BNBUSDT,1751675400000,2025-07-05 00:30:00,2025-07-05 09:30:00,654.67,654.67,654.31,654.43,149.679,97966.71599
BNBUSDT,1751675700000,2025-07-05 00:35:00,2025-07-05 09:35:00,654.44,654.69,654.43,654.69,70.352,46046.62536
BNBUSDT,1751676000000,2025-07-05 00:40:00,2025-07-05 09:40:00,654.69,654.84,654.64,654.72,283.935,185894.98271
BNBUSDT,1751676300000,2025-07-05 00:45:00,2025-07-05 09:45:00,654.73,654.73,654.55,654.64,137.22,89832.73038
BNBUSDT,1751676600000,2025-07-05 00:50:00,2025-07-05 09:50:00,654.63,654.75,654.56,654.74,60.128,39363.61819
BNBUSDT,1751676900000,2025-07-05 00:55:00,2025-07-05 09:55:00,654.75,654.77,654.67,654.73,123.392,80786.24749
BNBUSDT,1751677200000,2025-07-05 01:00:00,2025-07-05 10:00:00,654.73,654.73,654.42,654.62,107.183,70158.77908
BNBUSDT,1751677500000,2025-07-05 01:05:00,2025-07-05 10:05:00,654.62,654.7,654.62,654.7,130.979,85744.23726
BNBUSDT,1751677800000,2025-07-05 01:10:00,2025-07-05 10:10:00,654.7,654.75,654.6,654.73,297.717,194903.21517
BNBUSDT,1751678100000,2025-07-05 01:15:00,2025-07-05 10:15:00,654.73,654.73,654.29,654.3,121.283,79383.69931
BNBUSDT,1751678400000,2025-07-05 01:20:00,2025-07-05 10:20:00,654.3,654.59,654.01,654.14,644.556,421739.37234
BNBUSDT,1751678700000,2025-07-05 01:25:00,2025-07-05 10:25:00,654.14,654.36,654.14,654.28,142.608,93305.1717
BNBUSDT,1751679000000,2025-07-05 01:30:00,2025-07-05 10:30:00,654.28,654.54,654.03,654.4,484.169,316785.69416
BNBUSDT,1751679300000,2025-07-05 01:35:00,2025-07-05 10:35:00,654.4,654.51,654.3,654.5,895.668,586141.32913
BNBUSDT,1751679600000,2025-07-05 01:40:00,2025-07-05 10:40:00,654.5,654.66,654.28,654.33,558.38,365433.15336
BNBUSDT,1751679900000,2025-07-05 01:45:00,2025-07-05 10:45:00,654.33,654.6,654.33,654.55,213.622,139799.49447
BNBUSDT,1751680200000,2025-07-05 01:50:00,2025-07-05 10:50:00,654.54,654.55,654.36,654.49,215.048,140740.42912
BNBUSDT,1751680500000,2025-07-05 01:55:00,2025-07-05 10:55:00,654.5,654.7,654.5,654.7,156.515,102453.1204
BNBUSDT,1751680800000,2025-07-05 02:00:00,2025-07-05 11:00:00,654.7,654.7,654.5,654.63,153.287,100341.71246
BNBUSDT,1751681100000,2025-07-05 02:05:00,2025-07-05 11:05:00,654.63,654.84,654.56,654.77,200.56,131305.79192
BNBUSDT,1751681400000,2025-07-05 02:10:00,2025-07-05 11:10:00,654.77,654.77,654.49,654.69,79.432,51999.78561
BNBUSDT,1751681700000,2025-07-05 02:15:00,2025-07-05 11:15:00,654.7,654.86,654.63,654.82,84.089,55060.99434
BNBUSDT,1751682000000,2025-07-05 02:20:00,2025-07-05 11:20:00,654.83,654.83,654.57,654.57,118.795,77774.66058
BNBUSDT,1751682300000,2025-07-05 02:25:00,2025-07-05 11:25:00,654.57,654.58,653.98,653.98,98.824,64663.12831
BNBUSDT,1751682600000,2025-07-05 02:30:00,2025-07-05 11:30:00,653.98,653.99,652.8,653.53,283.084,184951.01701
BNBUSDT,1751682900000,2025-07-05 02:35:00,2025-07-05 11:35:00,653.53,654.21,653.52,654.15,192.942,126192.75055
BNBUSDT,1751683200000,2025-07-05 02:40:00,2025-07-05 11:40:00,654.14,654.15,654,654.15,105.752,69170.69923
BNBUSDT,1751683500000,2025-07-05 02:45:00,2025-07-05 11:45:00,654.15,654.65,654.14,654.62,149.863,98076.18059
BNBUSDT,1751683800000,2025-07-05 02:50:00,2025-07-05 11:50:00,654.62,654.76,654.61,654.75,81.313,53234.55938
BNBUSDT,1751684100000,2025-07-05 02:55:00,2025-07-05 11:55:00,654.76,654.76,654.6,654.75,74.234,48599.77117
BNBUSDT,1751684400000,2025-07-05 03:00:00,2025-07-05 12:00:00,654.75,654.85,654.73,654.85,89.482,58591.58097
BNBUSDT,1751684700000,2025-07-05 03:05:00,2025-07-05 12:05:00,654.85,655,654.84,654.91,207.689,136030.17389
BNBUSDT,1751685000000,2025-07-05 03:10:00,2025-07-05 12:10:00,654.92,654.92,654.7,654.7,146.296,95800.38903
BNBUSDT,1751685300000,2025-07-05 03:15:00,2025-07-05 12:15:00,654.7,654.82,654.7,654.82,115.627,75704.4803
BNBUSDT,1751685600000,2025-07-05 03:20:00,2025-07-05 12:20:00,654.82,654.92,654.81,654.91,130.486,85445.5405
BNBUSDT,1751685900000,2025-07-05 03:25:00,2025-07-05 12:25:00,654.92,654.99,654.91,654.99,89.323,58502.00917
BNBUSDT,1751686200000,2025-07-05 03:30:00,2025-07-05 12:30:00,654.99,655.58,654.99,655.58,1311.964,859487.25071
BNBUSDT,1751686500000,2025-07-05 03:35:00,2025-07-05 12:35:00,655.58,655.58,655.37,655.38,81.762,53593.62648
BNBUSDT,1751686800000,2025-07-05 03:40:00,2025-07-05 12:40:00,655.38,655.63,655.37,655.47,177.781,116544.49368
BNBUSDT,1751687100000,2025-07-05 03:45:00,2025-07-05 12:45:00,655.48,655.99,655.47,655.98,80.072,52507.13531
BNBUSDT,1751687400000,2025-07-05 03:50:00,2025-07-05 12:50:00,655.98,656.13,655.85,656.01,440.285,288835.60323
BNBUSDT,1751687700000,2025-07-05 03:55:00,2025-07-05 12:55:00,656.02,656.09,655.95,656,53.408,35035.57579
BNBUSDT,1751688000000,2025-07-05 04:00:00,2025-07-05 13:00:00,656,656.01,655.75,655.75,128.221,84103.23814
BNBUSDT,1751688300000,2025-07-05 04:05:00,2025-07-05 13:05:00,655.75,655.76,654.91,655.05,132.734,86971.20346
BNBUSDT,1751688600000,2025-07-05 04:10:00,2025-07-05 13:10:00,655.04,655.3,655.04,655.18,99.841,65414.13135
BNBUSDT,1751688900000,2025-07-05 04:15:00,2025-07-05 13:15:00,655.17,655.3,655.1,655.3,48.172,31562.46817
BNBUSDT,1751689200000,2025-07-05 04:20:00,2025-07-05 13:20:00,655.3,655.53,655.3,655.52,57.817,37894.64179
BNBUSDT,1751689500000,2025-07-05 04:25:00,2025-07-05 13:25:00,655.52,656.1,655.52,656.09,183.85,120579.04754
BNBUSDT,1751689800000,2025-07-05 04:30:00,2025-07-05 13:30:00,656.09,656.2,655.81,655.82,130.491,85604.33838
BNBUSDT,1751690100000,2025-07-05 04:35:00,2025-07-05 13:35:00,655.81,655.94,655.8,655.8,45.979,30155.35544
BNBUSDT,1751690400000,2025-07-05 04:40:00,2025-07-05 13:40:00,655.81,655.92,655.73,655.92,96.496,63282.73644
BNBUSDT,1751690700000,2025-07-05 04:45:00,2025-07-05 13:45:00,655.92,655.92,655.19,655.19,66.38,43519.94097
BNBUSDT,1751691000000,2025-07-05 04:50:00,2025-07-05 13:50:00,655.19,655.4,655.19,655.39,49.958,32739.92921
BNBUSDT,1751691300000,2025-07-05 04:55:00,2025-07-05 13:55:00,655.4,655.4,655.3,655.31,59.48,38981.06847
BNBUSDT,1751691600000,2025-07-05 05:00:00,2025-07-05 14:00:00,655.3,655.4,655.14,655.25,99.965,65507.42661
BNBUSDT,1751691900000,2025-07-05 05:05:00,2025-07-05 14:05:00,655.26,655.47,655.25,655.4,163.455,107122.27965
BNBUSDT,1751692200000,2025-07-05 05:10:00,2025-07-05 14:10:00,655.41,655.7,655.4,655.69,53.772,35248.42535
BNBUSDT,1751692500000,2025-07-05 05:15:00,2025-07-05 14:15:00,655.7,655.7,655.27,655.57,360.086,236011.21119
BNBUSDT,1751692800000,2025-07-05 05:20:00,2025-07-05 14:20:00,655.58,655.8,655.57,655.77,85.444,56029.1103
BNBUSDT,1751693100000,2025-07-05 05:25:00,2025-07-05 14:25:00,655.78,656.36,655.77,656.33,293.691,192683.28715
BNBUSDT,1751693400000,2025-07-05 05:30:00,2025-07-05 14:30:00,656.32,656.32,655.7,655.75,192.845,126532.86445
BNBUSDT,1751693700000,2025-07-05 05:35:00,2025-07-05 14:35:00,655.74,655.88,655.62,655.87,97.119,63684.64916
BNBUSDT,1751694000000,2025-07-05 05:40:00,2025-07-05 14:40:00,655.88,656.07,655.87,655.88,72.246,47393.67278
BNBUSDT,1751694300000,2025-07-05 05:45:00,2025-07-05 14:45:00,655.89,656.2,655.88,656.19,52.026,34131.8521
BNBUSDT,1751694600000,2025-07-05 05:50:00,2025-07-05 14:50:00,656.2,656.38,656.18,656.37,137.286,90100.89619
BNBUSDT,1751694900000,2025-07-05 05:55:00,2025-07-05 14:55:00,656.38,656.75,655.7,655.71,429.131,281662.45783
BNBUSDT,1751695200000,2025-07-05 06:00:00,2025-07-05 15:00:00,655.71,655.76,655.46,655.46,235.368,154304.73313
BNBUSDT,1751695500000,2025-07-05 06:05:00,2025-07-05 15:05:00,655.47,655.47,655.08,655.31,164.476,107768.16233
BNBUSDT,1751695800000,2025-07-05 06:10:00,2025-07-05 15:10:00,655.32,655.53,655.31,655.5,117.818,77222.02395
BNBUSDT,1751696100000,2025-07-05 06:15:00,2025-07-05 15:15:00,655.49,655.65,655.49,655.59,83.273,54592.2471
BNBUSDT,1751696400000,2025-07-05 06:20:00,2025-07-05 15:20:00,655.6,656.46,655.59,656.45,183.915,120640.04543
BNBUSDT,1751696700000,2025-07-05 06:25:00,2025-07-05 15:25:00,656.45,656.5,656.18,656.24,193.56,127050.61135
BNBUSDT,1751697000000,2025-07-05 06:30:00,2025-07-05 15:30:00,656.23,656.39,656.11,656.35,507.91,333292.54221
BNBUSDT,1751697300000,2025-07-05 06:35:00,2025-07-05 15:35:00,656.35,656.35,655.91,656.06,207.792,136331.29406
BNBUSDT,1751697600000,2025-07-05 06:40:00,2025-07-05 15:40:00,656.06,656.33,655.85,656.16,496.672,325818.42113
BNBUSDT,1751697900000,2025-07-05 06:45:00,2025-07-05 15:45:00,656.16,656.45,656.04,656.04,394.136,258652.49412
BNBUSDT,1751698200000,2025-07-05 06:50:00,2025-07-05 15:50:00,656.05,656.2,656,656.05,209.428,137398.0971
BNBUSDT,1751698500000,2025-07-05 06:55:00,2025-07-05 15:55:00,656.05,656.05,655.97,655.98,127.151,83412.28613
BNBUSDT,1751698800000,2025-07-05 07:00:00,2025-07-05 16:00:00,655.98,655.98,655.7,655.85,132.296,86765.58424
BNBUSDT,1751699100000,2025-07-05 07:05:00,2025-07-05 16:05:00,655.85,656.16,655.61,655.61,317.437,208228.19556
BNBUSDT,1751699400000,2025-07-05 07:10:00,2025-07-05 16:10:00,655.61,655.61,655.38,655.39,270.745,177465.74819
BNBUSDT,1751699700000,2025-07-05 07:15:00,2025-07-05 16:15:00,655.38,655.38,654.8,654.9,205.856,134824.1827
BNBUSDT,1751700000000,2025-07-05 07:20:00,2025-07-05 16:20:00,654.9,655.2,654.89,655.19,182.161,119316.65017
BNBUSDT,1751700300000,2025-07-05 07:25:00,2025-07-05 16:25:00,655.2,655.47,654.96,654.99,416.877,273142.2048
BNBUSDT,1751700600000,2025-07-05 07:30:00,2025-07-05 16:30:00,654.99,654.99,654.68,654.71,219.112,143465.36391
BNBUSDT,1751700900000,2025-07-05 07:35:00,2025-07-05 16:35:00,654.7,654.71,654.53,654.53,88.683,58053.13736
BNBUSDT,1751701200000,2025-07-05 07:40:00,2025-07-05 16:40:00,654.54,654.54,654.39,654.43,206.532,135172.63766
BNBUSDT,1751701500000,2025-07-05 07:45:00,2025-07-05 16:45:00,654.43,654.54,654.3,654.53,136.119,89072.47216
BNBUSDT,1751701800000,2025-07-05 07:50:00,2025-07-05 16:50:00,654.54,654.54,654.27,654.31,146.195,95672.67031
BNBUSDT,1751702100000,2025-07-05 07:55:00,2025-07-05 16:55:00,654.31,654.5,654.28,654.46,317.033,207471.41714
BNBUSDT,1751702400000,2025-07-05 08:00:00,2025-07-05 17:00:00,654.47,654.76,654.46,654.54,103.61,67823.78238
BNBUSDT,1751702700000,2025-07-05 08:05:00,2025-07-05 17:05:00,654.55,654.85,654.46,654.85,159.941,104716.52989
BNBUSDT,1751703000000,2025-07-05 08:10:00,2025-07-05 17:10:00,654.85,655.47,654.84,655.47,213.078,139605.96615
BNBUSDT,1751703300000,2025-07-05 08:15:00,2025-07-05 17:15:00,655.47,655.47,655.13,655.25,100.315,65734.50557
BNBUSDT,1751703600000,2025-07-05 08:20:00,2025-07-05 17:20:00,655.25,655.36,655.01,655.29,184.235,120706.61283
BNBUSDT,1751703900000,2025-07-05 08:25:00,2025-07-05 17:25:00,655.28,655.45,655.16,655.26,171.73,112538.7835
BNBUSDT,1751704200000,2025-07-05 08:30:00,2025-07-05 17:30:00,655.25,655.34,654.98,654.98,304.74,199652.64793
BNBUSDT,1751704500000,2025-07-05 08:35:00,2025-07-05 17:35:00,654.99,654.99,654.05,654.29,469.975,307582.75877
BNBUSDT,1751704800000,2025-07-05 08:40:00,2025-07-05 17:40:00,654.28,654.3,654.07,654.18,210.408,137647.92067
BNBUSDT,1751705100000,2025-07-05 08:45:00,2025-07-05 17:45:00,654.18,654.29,653.92,654.19,171.876,112423.66393
BNBUSDT,1751705400000,2025-07-05 08:50:00,2025-07-05 17:50:00,654.2,654.21,653.88,654.06,413.092,270162.02738
BNBUSDT,1751705700000,2025-07-05 08:55:00,2025-07-05 17:55:00,654.07,654.33,653.99,654.28,332.107,217250.92377
BNBUSDT,1751706000000,2025-07-05 09:00:00,2025-07-05 18:00:00,654.29,654.48,654.29,654.43,101.173,66211.30224
BNBUSDT,1751706300000,2025-07-05 09:05:00,2025-07-05 18:05:00,654.42,654.42,654,654.2,322.056,210666.11236
BNBUSDT,1751706600000,2025-07-05 09:10:00,2025-07-05 18:10:00,654.21,654.36,654.21,654.24,161.022,105358.6749
BNBUSDT,1751706900000,2025-07-05 09:15:00,2025-07-05 18:15:00,654.25,654.34,654.1,654.15,186.877,122258.72656
BNBUSDT,1751707200000,2025-07-05 09:20:00,2025-07-05 18:20:00,654.15,654.33,654.07,654.19,445.605,291514.7335
BNBUSDT,1751707500000,2025-07-05 09:25:00,2025-07-05 18:25:00,654.19,654.65,654.12,654.49,435.84,285206.99891
BNBUSDT,1751707800000,2025-07-05 09:30:00,2025-07-05 18:30:00,654.5,655.1,654.43,655.1,161.215,105558.10525
BNBUSDT,1751708100000,2025-07-05 09:35:00,2025-07-05 18:35:00,655.09,655.29,654.88,655.15,280.112,183501.81875
BNBUSDT,1751708400000,2025-07-05 09:40:00,2025-07-05 18:40:00,655.15,655.19,654.78,654.97,360.347,236026.91548
BNBUSDT,1751708700000,2025-07-05 09:45:00,2025-07-05 18:45:00,654.98,655.51,654.97,655,697.684,457096.60452
BNBUSDT,1751709000000,2025-07-05 09:50:00,2025-07-05 18:50:00,655,655.35,654.99,655.3,422.635,276868.14766
BNBUSDT,1751709300000,2025-07-05 09:55:00,2025-07-05 18:55:00,655.3,655.39,655.2,655.29,93.003,60946.74341
BNBUSDT,1751709600000,2025-07-05 10:00:00,2025-07-05 19:00:00,655.28,655.28,655.21,655.27,80.898,53010.1949
BNBUSDT,1751709900000,2025-07-05 10:05:00,2025-07-05 19:05:00,655.28,655.3,655.19,655.19,90.545,59329.404
BNBUSDT,1751710200000,2025-07-05 10:10:00,2025-07-05 19:10:00,655.19,655.25,655.02,655.02,118.462,77612.15625
BNBUSDT,1751710500000,2025-07-05 10:15:00,2025-07-05 19:15:00,655.03,655.03,654.74,654.9,96.568,63243.45653
BNBUSDT,1751710800000,2025-07-05 10:20:00,2025-07-05 19:20:00,654.89,655.12,654.89,655.11,46.291,30323.59386
BNBUSDT,1751711100000,2025-07-05 10:25:00,2025-07-05 19:25:00,655.11,655.13,655.02,655.13,142.102,93084.30956
BNBUSDT,1751711400000,2025-07-05 10:30:00,2025-07-05 19:30:00,655.12,655.27,654.9,655.14,366.473,240061.25874
BNBUSDT,1751711700000,2025-07-05 10:35:00,2025-07-05 19:35:00,655.14,655.22,655.12,655.21,73.311,48031.71147
BNBUSDT,1751712000000,2025-07-05 10:40:00,2025-07-05 19:40:00,655.22,655.5,655.16,655.42,334.722,219348.54205
BNBUSDT,1751712300000,2025-07-05 10:45:00,2025-07-05 19:45:00,655.42,655.42,655.23,655.35,195.096,127853.01596
BNBUSDT,1751712600000,2025-07-05 10:50:00,2025-07-05 19:50:00,655.36,655.36,655.12,655.13,50.357,32994.52499
BNBUSDT,1751712900000,2025-07-05 10:55:00,2025-07-05 19:55:00,655.13,655.13,654.91,654.95,112.8,73881.92312
BNBUSDT,1751713200000,2025-07-05 11:00:00,2025-07-05 20:00:00,654.96,655.29,654.95,655.29,117.054,76680.94763
BNBUSDT,1751713500000,2025-07-05 11:05:00,2025-07-05 20:05:00,655.29,655.32,655.24,655.31,75.916,49746.41516
BNBUSDT,1751713800000,2025-07-05 11:10:00,2025-07-05 20:10:00,655.31,655.36,655.31,655.35,79.055,51807.92755
BNBUSDT,1751714100000,2025-07-05 11:15:00,2025-07-05 20:15:00,655.35,655.5,655.26,655.49,72.711,47648.9922
BNBUSDT,1751714400000,2025-07-05 11:20:00,2025-07-05 20:20:00,655.49,655.74,655.49,655.73,86.883,56958.10454
BNBUSDT,1751714700000,2025-07-05 11:25:00,2025-07-05 20:25:00,655.73,655.74,655.69,655.7,107.772,70667.89915
BNBUSDT,1751715000000,2025-07-05 11:30:00,2025-07-05 20:30:00,655.69,655.9,655.58,655.75,330.229,216538.12784
BNBUSDT,1751715300000,2025-07-05 11:35:00,2025-07-05 20:35:00,655.75,655.89,655.66,655.86,292.227,191637.23419
BNBUSDT,1751715600000,2025-07-05 11:40:00,2025-07-05 20:40:00,655.86,655.9,655.7,655.7,150.494,98698.23161
BNBUSDT,1751715900000,2025-07-05 11:45:00,2025-07-05 20:45:00,655.7,655.79,655.7,655.72,46.745,30652.28079
BNBUSDT,1751716200000,2025-07-05 11:50:00,2025-07-05 20:50:00,655.71,655.72,655.5,655.5,182.841,119876.46483
BNBUSDT,1751716500000,2025-07-05 11:55:00,2025-07-05 20:55:00,655.5,655.56,655.34,655.35,84.168,55171.3907
BNBUSDT,1751716800000,2025-07-05 12:00:00,2025-07-05 21:00:00,655.34,655.46,655.05,655.23,163.6,107195.02687
BNBUSDT,1751717100000,2025-07-05 12:05:00,2025-07-05 21:05:00,655.23,655.52,654.9,655.2,223.179,146229.73452
BNBUSDT,1751717400000,2025-07-05 12:10:00,2025-07-05 21:10:00,655.2,655.28,655.19,655.27,55.175,36153.30778
BNBUSDT,1751717700000,2025-07-05 12:15:00,2025-07-05 21:15:00,655.27,655.34,655.12,655.12,102.477,67150.0267
BNBUSDT,1751718000000,2025-07-05 12:20:00,2025-07-05 21:20:00,655.12,655.12,654.63,654.64,271.491,177793.5458
BNBUSDT,1751718300000,2025-07-05 12:25:00,2025-07-05 21:25:00,654.64,654.71,654.5,654.51,82.992,54324.76654
BNBUSDT,1751718600000,2025-07-05 12:30:00,2025-07-05 21:30:00,654.51,655,654.51,654.7,106.465,69708.8934
BNBUSDT,1751718900000,2025-07-05 12:35:00,2025-07-05 21:35:00,654.71,654.71,654.34,654.6,86.465,56591.09628
BNBUSDT,1751719200000,2025-07-05 12:40:00,2025-07-05 21:40:00,654.6,654.87,654.59,654.79,71.073,46532.41279
BNBUSDT,1751719500000,2025-07-05 12:45:00,2025-07-05 21:45:00,654.79,655.17,654.62,655.11,100.984,66136.60079
BNBUSDT,1751719800000,2025-07-05 12:50:00,2025-07-05 21:50:00,655.11,655.2,655.11,655.13,52.554,34430.3947
BNBUSDT,1751720100000,2025-07-05 12:55:00,2025-07-05 21:55:00,655.14,655.17,655.13,655.14,43.375,28417.34125
BNBUSDT,1751720400000,2025-07-05 13:00:00,2025-07-05 22:00:00,655.14,655.26,655.14,655.17,102.078,66883.99118
BNBUSDT,1751720700000,2025-07-05 13:05:00,2025-07-05 22:05:00,655.17,655.22,655.1,655.22,122.846,80488.32752
BNBUSDT,1751721000000,2025-07-05 13:10:00,2025-07-05 22:10:00,655.22,655.22,654.9,654.96,102.465,67116.23372
BNBUSDT,1751721300000,2025-07-05 13:15:00,2025-07-05 22:15:00,654.97,654.98,654.9,654.98,91.413,59869.88405
BNBUSDT,1751721600000,2025-07-05 13:20:00,2025-07-05 22:20:00,654.97,655.26,654.97,655.26,136.563,89472.75429
BNBUSDT,1751721900000,2025-07-05 13:25:00,2025-07-05 22:25:00,655.26,655.53,655.25,655.26,427.685,280265.57029
BNBUSDT,1751722200000,2025-07-05 13:30:00,2025-07-05 22:30:00,655.26,655.26,654.81,654.9,328.178,215010.70201
BNBUSDT,1751722500000,2025-07-05 13:35:00,2025-07-05 22:35:00,654.9,654.9,654.73,654.74,95.053,62235.06575
BNBUSDT,1751722800000,2025-07-05 13:40:00,2025-07-05 22:40:00,654.73,655.07,654.71,655.06,112.943,73958.22687
BNBUSDT,1751723100000,2025-07-05 13:45:00,2025-07-05 22:45:00,655.07,655.11,654.78,655.09,273.833,179355.73105
BNBUSDT,1751723400000,2025-07-05 13:50:00,2025-07-05 22:50:00,655.09,655.09,654.74,654.74,158.177,103594.74815
BNBUSDT,1751723700000,2025-07-05 13:55:00,2025-07-05 22:55:00,654.74,654.98,654.69,654.69,213.746,139969.23789
BNBUSDT,1751724000000,2025-07-05 14:00:00,2025-07-05 23:00:00,654.69,654.9,654.69,654.88,164.934,107998.60749
BNBUSDT,1751724300000,2025-07-05 14:05:00,2025-07-05 23:05:00,654.87,654.9,654.45,654.46,145.431,95221.99522
BNBUSDT,1751724600000,2025-07-05 14:10:00,2025-07-05 23:10:00,654.46,654.76,654.24,654.74,159.671,104496.0237
BNBUSDT,1751724900000,2025-07-05 14:15:00,2025-07-05 23:15:00,654.75,655.14,654.63,654.8,129.569,84848.65965
BNBUSDT,1751725200000,2025-07-05 14:20:00,2025-07-05 23:20:00,654.81,655.1,654.62,654.92,127.66,83590.05039
BNBUSDT,1751725500000,2025-07-05 14:25:00,2025-07-05 23:25:00,654.92,654.92,654.83,654.83,46.399,30386.40484
BNBUSDT,1751725800000,2025-07-05 14:30:00,2025-07-05 23:30:00,654.83,655.07,654.5,654.83,179.988,117841.03399
BNBUSDT,1751726100000,2025-07-05 14:35:00,2025-07-05 23:35:00,654.84,655.16,654.83,655.13,38.213,25030.3357
BNBUSDT,1751726400000,2025-07-05 14:40:00,2025-07-05 23:40:00,655.14,655.14,654.91,654.92,74.981,49115.05964
BNBUSDT,1751726700000,2025-07-05 14:45:00,2025-07-05 23:45:00,654.92,654.92,654.71,654.9,98.846,64726.26904
BNBUSDT,1751727000000,2025-07-05 14:50:00,2025-07-05 23:50:00,654.9,655.2,654.89,655.2,114.192,74797.7577
BNBUSDT,1751727300000,2025-07-05 14:55:00,2025-07-05 23:55:00,655.19,655.2,655,655,99.419,65128.277
BNBUSDT,1751727600000,2025-07-05 15:00:00,2025-07-06 00:00:00,655.01,655.04,654.85,655,66.336,43449.04221
BNBUSDT,1751727900000,2025-07-05 15:05:00,2025-07-06 00:05:00,655.01,655.2,655,655.19,174.59,114374.44525
BNBUSDT,1751728200000,2025-07-05 15:10:00,2025-07-06 00:10:00,655.19,655.23,655.19,655.22,52.1,34136.40774
BNBUSDT,1751728500000,2025-07-05 15:15:00,2025-07-06 00:15:00,655.22,655.25,655.1,655.25,73,47826.88167
BNBUSDT,1751728800000,2025-07-05 15:20:00,2025-07-06 00:20:00,655.24,655.25,655.17,655.21,60.792,39829.93748
BNBUSDT,1751729100000,2025-07-05 15:25:00,2025-07-06 00:25:00,655.21,655.21,654.87,654.88,552.361,361831.92109
BNBUSDT,1751729400000,2025-07-05 15:30:00,2025-07-06 00:30:00,654.88,655.06,654.83,654.9,73.747,48298.72438
BNBUSDT,1751729700000,2025-07-05 15:35:00,2025-07-06 00:35:00,654.91,655.05,654.8,655.03,198.089,129746.34898
BNBUSDT,1751730000000,2025-07-05 15:40:00,2025-07-06 00:40:00,655.04,655.04,654.86,654.91,102.921,67402.83869
BNBUSDT,1751730300000,2025-07-05 15:45:00,2025-07-06 00:45:00,654.9,654.91,654.17,654.21,240.66,157478.05716
BNBUSDT,1751730600000,2025-07-05 15:50:00,2025-07-06 00:50:00,654.21,654.47,654.21,654.47,96.125,62894.1389
BNBUSDT,1751730900000,2025-07-05 15:55:00,2025-07-06 00:55:00,654.46,654.49,654.35,654.36,87.072,56981.05512
BNBUSDT,1751731200000,2025-07-05 16:00:00,2025-07-06 01:00:00,654.36,654.5,654.35,654.5,118.686,77668.8215
BNBUSDT,1751731500000,2025-07-05 16:05:00,2025-07-06 01:05:00,654.5,654.5,654.35,654.4,91.082,59604.82655
BNBUSDT,1751731800000,2025-07-05 16:10:00,2025-07-06 01:10:00,654.41,654.6,654.29,654.57,123.274,80671.90997
BNBUSDT,1751732100000,2025-07-05 16:15:00,2025-07-06 01:15:00,654.58,654.82,654.5,654.51,189.916,124336.17239
BNBUSDT,1751732400000,2025-07-05 16:20:00,2025-07-06 01:20:00,654.5,654.51,654.09,654.09,108.482,70975.92947
BNBUSDT,1751732700000,2025-07-05 16:25:00,2025-07-06 01:25:00,654.1,654.1,654,654,85.314,55798.45877
BNBUSDT,1751733000000,2025-07-05 16:30:00,2025-07-06 01:30:00,654,654,653.61,653.61,116.978,76480.80932
BNBUSDT,1751733300000,2025-07-05 16:35:00,2025-07-06 01:35:00,653.61,653.62,652.9,652.91,417.448,272626.1534
BNBUSDT,1751733600000,2025-07-05 16:40:00,2025-07-06 01:40:00,652.91,653,652.63,652.76,249.782,163064.68979
BNBUSDT,1751733900000,2025-07-05 16:45:00,2025-07-06 01:45:00,652.76,653.03,652.74,653.02,184.082,120180.654
BNBUSDT,1751734200000,2025-07-05 16:50:00,2025-07-06 01:50:00,653.03,653.16,653.02,653.15,212.851,139012.69598
BNBUSDT,1751734500000,2025-07-05 16:55:00,2025-07-06 01:55:00,653.16,653.7,653.15,653.69,186.15,121627.26078
BNBUSDT,1751734800000,2025-07-05 17:00:00,2025-07-06 02:00:00,653.7,654.1,653.51,653.79,287.42,187919.93949
BNBUSDT,1751735100000,2025-07-05 17:05:00,2025-07-06 02:05:00,653.8,654.18,653.66,654.1,113.975,74530.56281
BNBUSDT,1751735400000,2025-07-05 17:10:00,2025-07-06 02:10:00,654.09,654.1,653.01,653.04,348.424,227653.99507
BNBUSDT,1751735700000,2025-07-05 17:15:00,2025-07-06 02:15:00,653.04,653.15,652.48,652.52,746.193,487152.87095
BNBUSDT,1751736000000,2025-07-05 17:20:00,2025-07-06 02:20:00,652.51,652.52,652,652.22,337.577,220174.49385
BNBUSDT,1751736300000,2025-07-05 17:25:00,2025-07-06 02:25:00,652.22,652.52,652.11,652.52,100.752,65720.08515
BNBUSDT,1751736600000,2025-07-05 17:30:00,2025-07-06 02:30:00,652.52,652.62,652.3,652.49,220.827,144078.49177
BNBUSDT,1751736900000,2025-07-05 17:35:00,2025-07-06 02:35:00,652.49,652.77,652.49,652.77,95.966,62626.05183
BNBUSDT,1751737200000,2025-07-05 17:40:00,2025-07-06 02:40:00,652.76,653.2,652.76,653.19,136.47,89111.1576
BNBUSDT,1751737500000,2025-07-05 17:45:00,2025-07-06 02:45:00,653.19,653.43,652.63,652.74,535.847,349941.57861
BNBUSDT,1751737800000,2025-07-05 17:50:00,2025-07-06 02:50:00,652.75,654.11,652.75,653.64,1153.666,754018.2036
BNBUSDT,1751738100000,2025-07-05 17:55:00,2025-07-06 02:55:00,653.63,653.65,653.53,653.62,77.929,50932.71417
BNBUSDT,1751738400000,2025-07-05 18:00:00,2025-07-06 03:00:00,653.62,653.62,653.3,653.38,189.357,123737.72201
BNBUSDT,1751738700000,2025-07-05 18:05:00,2025-07-06 03:05:00,653.38,653.38,653.03,653.35,126.346,82532.92279
BNBUSDT,1751739000000,2025-07-05 18:10:00,2025-07-06 03:10:00,653.35,653.52,653.35,653.51,74.12,48434.67329
BNBUSDT,1751739300000,2025-07-05 18:15:00,2025-07-06 03:15:00,653.52,653.52,652.95,653.02,207.81,135766.06854
BNBUSDT,1751739600000,2025-07-05 18:20:00,2025-07-06 03:20:00,653.03,653.06,652.66,652.68,213.07,139095.8355
BNBUSDT,1751739900000,2025-07-05 18:25:00,2025-07-06 03:25:00,652.68,652.73,652.61,652.62,55.385,36148.79229
BNBUSDT,1751740200000,2025-07-05 18:30:00,2025-07-06 03:30:00,652.62,652.92,652.49,652.5,150.638,98318.30567
BNBUSDT,1751740500000,2025-07-05 18:35:00,2025-07-06 03:35:00,652.5,652.8,652.32,652.52,781.326,509913.14801
BNBUSDT,1751740800000,2025-07-05 18:40:00,2025-07-06 03:40:00,652.53,652.76,652.52,652.71,108.151,70583.55881
BNBUSDT,1751741100000,2025-07-05 18:45:00,2025-07-06 03:45:00,652.72,653.01,652.5,652.51,136.536,89134.01236
BNBUSDT,1751741400000,2025-07-05 18:50:00,2025-07-06 03:50:00,652.51,653.43,652.5,652.81,460.485,300715.64845
BNBUSDT,1751741700000,2025-07-05 18:55:00,2025-07-06 03:55:00,652.8,652.81,652.53,652.68,200.3,130738.21424
BNBUSDT,1751742000000,2025-07-05 19:00:00,2025-07-06 04:00:00,652.69,652.76,652.35,652.39,124.01,80930.78848
BNBUSDT,1751742300000,2025-07-05 19:05:00,2025-07-06 04:05:00,652.39,652.4,652.14,652.14,125.929,82144.96191
BNBUSDT,1751742600000,2025-07-05 19:10:00,2025-07-06 04:10:00,652.14,652.3,652.09,652.09,61.636,40197.31439
BNBUSDT,1751742900000,2025-07-05 19:15:00,2025-07-06 04:15:00,652.1,652.66,652.04,652.55,77.267,50406.76181
BNBUSDT,1751743200000,2025-07-05 19:20:00,2025-07-06 04:20:00,652.54,652.81,652.5,652.8,53.422,34863.19548
BNBUSDT,1751743500000,2025-07-05 19:25:00,2025-07-06 04:25:00,652.81,653.35,652.8,653.34,116.286,75931.49463
BNBUSDT,1751743800000,2025-07-05 19:30:00,2025-07-06 04:30:00,653.35,653.5,653.35,653.45,94.491,61744.39307
BNBUSDT,1751744100000,2025-07-05 19:35:00,2025-07-06 04:35:00,653.45,653.6,653.45,653.6,45.372,29652.77135
BNBUSDT,1751744400000,2025-07-05 19:40:00,2025-07-06 04:40:00,653.59,654.04,653.59,653.89,206.388,134942.11109
BNBUSDT,1751744700000,2025-07-05 19:45:00,2025-07-06 04:45:00,653.89,654.05,653.8,654.05,57.874,37846.40631
BNBUSDT,1751745000000,2025-07-05 19:50:00,2025-07-06 04:50:00,654.05,654.11,654.01,654.06,68.088,44534.92635
BNBUSDT,1751745300000,2025-07-05 19:55:00,2025-07-06 04:55:00,654.07,654.1,654.06,654.1,28.975,18952.09736
BNBUSDT,1751745600000,2025-07-05 20:00:00,2025-07-06 05:00:00,654.1,654.14,654,654,135.929,88909.60136
BNBUSDT,1751745900000,2025-07-05 20:05:00,2025-07-06 05:05:00,654,654.19,653.85,653.85,110.46,72251.00079
BNBUSDT,1751746200000,2025-07-05 20:10:00,2025-07-06 05:10:00,653.85,654.1,653.85,654,37.674,24639.92386
BNBUSDT,1751746500000,2025-07-05 20:15:00,2025-07-06 05:15:00,654.01,654.09,653.97,653.98,61.302,40092.57217
BNBUSDT,1751746800000,2025-07-05 20:20:00,2025-07-06 05:20:00,653.98,654.04,653.97,654.04,55.63,36383.98461
BNBUSDT,1751747100000,2025-07-05 20:25:00,2025-07-06 05:25:00,654.04,654.2,654.03,654.04,179.018,117099.32968
BNBUSDT,1751747400000,2025-07-05 20:30:00,2025-07-06 05:30:00,654.05,654.38,654.04,654.38,171.456,112171.53016
BNBUSDT,1751747700000,2025-07-05 20:35:00,2025-07-06 05:35:00,654.37,654.44,654.37,654.43,102.514,67087.21421
BNBUSDT,1751748000000,2025-07-05 20:40:00,2025-07-06 05:40:00,654.43,654.46,654.29,654.46,289.09,189174.007
BNBUSDT,1751748300000,2025-07-05 20:45:00,2025-07-06 05:45:00,654.46,654.56,654.45,654.56,105.816,69255.90648
BNBUSDT,1751748600000,2025-07-05 20:50:00,2025-07-06 05:50:00,654.56,654.72,654.55,654.72,72.165,47242.9874
BNBUSDT,1751748900000,2025-07-05 20:55:00,2025-07-06 05:55:00,654.72,654.89,654.71,654.89,52.931,34658.07399
BNBUSDT,1751749200000,2025-07-05 21:00:00,2025-07-06 06:00:00,654.89,655.01,654.88,654.9,156.089,102230.89721
BNBUSDT,1751749500000,2025-07-05 21:05:00,2025-07-06 06:05:00,654.91,654.98,654.79,654.97,61.469,40254.48194
BNBUSDT,1751749800000,2025-07-05 21:10:00,2025-07-06 06:10:00,654.98,654.98,654.54,654.54,247.891,162353.34241
BNBUSDT,1751750100000,2025-07-05 21:15:00,2025-07-06 06:15:00,654.54,654.78,654.48,654.77,66.413,43475.30607
BNBUSDT,1751750400000,2025-07-05 21:20:00,2025-07-06 06:20:00,654.77,655.17,654.77,655.17,87.617,57386.66096
BNBUSDT,1751750700000,2025-07-05 21:25:00,2025-07-06 06:25:00,655.17,655.17,655.11,655.14,35.658,23360.89489
BNBUSDT,1751751000000,2025-07-05 21:30:00,2025-07-06 06:30:00,655.15,655.3,655.15,655.29,60.372,39558.46841
BNBUSDT,1751751300000,2025-07-05 21:35:00,2025-07-06 06:35:00,655.29,655.7,655.29,655.49,276.461,181236.27691
BNBUSDT,1751751600000,2025-07-05 21:40:00,2025-07-06 06:40:00,655.49,655.62,655.43,655.44,163.232,107008.57923
BNBUSDT,1751751900000,2025-07-05 21:45:00,2025-07-06 06:45:00,655.44,655.5,655.41,655.5,32.737,21457.04836
BNBUSDT,1751752200000,2025-07-05 21:50:00,2025-07-06 06:50:00,655.49,655.6,655.49,655.54,45.198,29628.98205
BNBUSDT,1751752500000,2025-07-05 21:55:00,2025-07-06 06:55:00,655.54,655.84,655.49,655.77,131.37,86131.47314
BNBUSDT,1751752800000,2025-07-05 22:00:00,2025-07-06 07:00:00,655.77,655.77,655.23,655.5,94.799,62136.55159
BNBUSDT,1751753100000,2025-07-05 22:05:00,2025-07-06 07:05:00,655.5,655.56,655.34,655.56,82.288,53940.03127
BNBUSDT,1751753400000,2025-07-05 22:10:00,2025-07-06 07:10:00,655.56,655.71,655.42,655.71,120.899,79259.25157
BNBUSDT,1751753700000,2025-07-05 22:15:00,2025-07-06 07:15:00,655.7,655.74,655.5,655.73,38.382,25164.59644
BNBUSDT,1751754000000,2025-07-05 22:20:00,2025-07-06 07:20:00,655.74,655.78,655.65,655.76,60.024,39358.94336
BNBUSDT,1751754300000,2025-07-05 22:25:00,2025-07-06 07:25:00,655.77,655.77,655.62,655.63,39.899,26159.26503
BNBUSDT,1751754600000,2025-07-05 22:30:00,2025-07-06 07:30:00,655.63,655.63,655.45,655.49,135.805,89029.16595
BNBUSDT,1751754900000,2025-07-05 22:35:00,2025-07-06 07:35:00,655.5,655.5,655.41,655.43,115.906,75971.41436
BNBUSDT,1751755200000,2025-07-05 22:40:00,2025-07-06 07:40:00,655.43,655.79,655.4,655.7,220.52,144567.99265
BNBUSDT,1751755500000,2025-07-05 22:45:00,2025-07-06 07:45:00,655.7,655.78,655.7,655.78,21.27,13947.8641
BNBUSDT,1751755800000,2025-07-05 22:50:00,2025-07-06 07:50:00,655.78,656.31,655.77,656.16,341.929,224310.63604
BNBUSDT,1751756100000,2025-07-05 22:55:00,2025-07-06 07:55:00,656.16,656.31,656.16,656.23,82.675,54253.19026
BNBUSDT,1751756400000,2025-07-05 23:00:00,2025-07-06 08:00:00,656.24,656.38,656.23,656.38,87.595,57489.16207
BNBUSDT,1751756700000,2025-07-05 23:05:00,2025-07-06 08:05:00,656.38,656.4,656.37,656.37,78.171,51309.9378
BNBUSDT,1751757000000,2025-07-05 23:10:00,2025-07-06 08:10:00,656.37,656.38,656.24,656.28,118.735,77926.23384
BNBUSDT,1751757300000,2025-07-05 23:15:00,2025-07-06 08:15:00,656.28,656.39,656.02,656.03,156.388,102632.5712
BNBUSDT,1751757600000,2025-07-05 23:20:00,2025-07-06 08:20:00,656.02,656.2,656.02,656.14,67.715,44430.52264
BNBUSDT,1751757900000,2025-07-05 23:25:00,2025-07-06 08:25:00,656.15,656.15,655.86,656,54.736,35904.04523
BNBUSDT,1751758200000,2025-07-05 23:30:00,2025-07-06 08:30:00,655.99,656.09,655.94,655.95,105.579,69262.49726
BNBUSDT,1751758500000,2025-07-05 23:35:00,2025-07-06 08:35:00,655.94,655.95,655.85,655.86,32.745,21476.50555
BNBUSDT,1751758800000,2025-07-05 23:40:00,2025-07-06 08:40:00,655.86,655.93,655.85,655.92,43.3,28398.81488
BNBUSDT,1751759100000,2025-07-05 23:45:00,2025-07-06 08:45:00,655.92,656.02,655.92,656.01,20.195,13247.53668
BNBUSDT,1751759400000,2025-07-05 23:50:00,2025-07-06 08:50:00,656.02,656.02,655.85,655.86,55.214,36218.31034
BNBUSDT,1751759700000,2025-07-05 23:55:00,2025-07-06 08:55:00,655.85,656.17,655.85,656.16,183.877,120630.29216
BNBUSDT,1751760000000,2025-07-06 00:00:00,2025-07-06 09:00:00,656.17,656.28,655.99,656.19,154.601,101438.53728
BNBUSDT,1751760300000,2025-07-06 00:05:00,2025-07-06 09:05:00,656.19,656.57,656.11,656.54,240.753,158025.29841
BNBUSDT,1751760600000,2025-07-06 00:10:00,2025-07-06 09:10:00,656.54,656.54,656.28,656.4,107.465,70541.93659
BNBUSDT,1751760900000,2025-07-06 00:15:00,2025-07-06 09:15:00,656.4,656.5,656.02,656.33,516.647,339065.96325
BNBUSDT,1751761200000,2025-07-06 00:20:00,2025-07-06 09:20:00,656.33,656.67,656.2,656.53,618.669,406136.42497
BNBUSDT,1751761500000,2025-07-06 00:25:00,2025-07-06 09:25:00,656.53,656.65,656.53,656.64,132.116,86744.42289
BNBUSDT,1751761800000,2025-07-06 00:30:00,2025-07-06 09:30:00,656.65,656.65,656.2,656.39,60.563,39752.58611
BNBUSDT,1751762100000,2025-07-06 00:35:00,2025-07-06 09:35:00,656.4,656.45,656.39,656.45,38.297,25139.03724
BNBUSDT,1751762400000,2025-07-06 00:40:00,2025-07-06 09:40:00,656.45,656.59,656.45,656.59,31.184,20474.07094
BNBUSDT,1751762700000,2025-07-06 00:45:00,2025-07-06 09:45:00,656.59,656.59,655.93,656.08,60.982,40022.73652
BNBUSDT,1751763000000,2025-07-06 00:50:00,2025-07-06 09:50:00,656.1,656.5,656.1,656.49,63.281,41537.53856
BNBUSDT,1751763300000,2025-07-06 00:55:00,2025-07-06 09:55:00,656.49,656.65,656.49,656.61,68.964,45278.58186
BNBUSDT,1751763600000,2025-07-06 01:00:00,2025-07-06 10:00:00,656.61,656.61,656.4,656.5,88.348,58001.78928
BNBUSDT,1751763900000,2025-07-06 01:05:00,2025-07-06 10:05:00,656.5,656.8,656.32,656.52,223.861,146985.06354
BNBUSDT,1751764200000,2025-07-06 01:10:00,2025-07-06 10:10:00,656.53,656.6,656.42,656.42,80.709,52989.33937
BNBUSDT,1751764500000,2025-07-06 01:15:00,2025-07-06 10:15:00,656.43,656.49,656.26,656.27,68.521,44976.91159
BNBUSDT,1751764800000,2025-07-06 01:20:00,2025-07-06 10:20:00,656.26,656.27,655.92,655.95,109.368,71749.12971
BNBUSDT,1751765100000,2025-07-06 01:25:00,2025-07-06 10:25:00,655.95,655.95,655.66,655.66,197.577,129581.51859
BNBUSDT,1751765400000,2025-07-06 01:30:00,2025-07-06 10:30:00,655.66,656.01,655.66,656.01,66.165,43392.95865
BNBUSDT,1751765700000,2025-07-06 01:35:00,2025-07-06 10:35:00,656.01,656.1,655.89,656.09,52.835,34658.62162
BNBUSDT,1751766000000,2025-07-06 01:40:00,2025-07-06 10:40:00,656.1,656.1,655.59,655.76,188.192,123395.421
BNBUSDT,1751766300000,2025-07-06 01:45:00,2025-07-06 10:45:00,655.75,655.76,655.75,655.75,50.438,33075.03254
BNBUSDT,1751766600000,2025-07-06 01:50:00,2025-07-06 10:50:00,655.75,655.78,655.66,655.74,81.436,53399.22565
BNBUSDT,1751766900000,2025-07-06 01:55:00,2025-07-06 10:55:00,655.74,655.78,655.68,655.78,39.804,26099.94849
BNBUSDT,1751767200000,2025-07-06 02:00:00,2025-07-06 11:00:00,655.78,655.96,655.7,655.95,54.265,35585.87295
BNBUSDT,1751767500000,2025-07-06 02:05:00,2025-07-06 11:05:00,655.96,656.11,655.96,656.06,76.241,50016.76188
BNBUSDT,1751767800000,2025-07-06 02:10:00,2025-07-06 11:10:00,656.06,656.06,655.73,655.77,93.486,61311.6419
BNBUSDT,1751768100000,2025-07-06 02:15:00,2025-07-06 11:15:00,655.78,655.81,655.35,655.35,99.575,65288.78635
BNBUSDT,1751768400000,2025-07-06 02:20:00,2025-07-06 11:20:00,655.36,655.36,655.11,655.11,39.244,25714.72365
BNBUSDT,1751768700000,2025-07-06 02:25:00,2025-07-06 11:25:00,655.12,655.36,655.11,655.2,87.79,57521.66154
BNBUSDT,1751769000000,2025-07-06 02:30:00,2025-07-06 11:30:00,655.21,655.33,655.2,655.33,135.351,88690.45478
BNBUSDT,1751769300000,2025-07-06 02:35:00,2025-07-06 11:35:00,655.34,655.34,655.04,655.04,142.352,93254.27502
BNBUSDT,1751769600000,2025-07-06 02:40:00,2025-07-06 11:40:00,655.04,655.09,655.01,655.09,248.562,162817.81939
BNBUSDT,1751769900000,2025-07-06 02:45:00,2025-07-06 11:45:00,655.08,655.1,655,655,241.435,158150.35672
BNBUSDT,1751770200000,2025-07-06 02:50:00,2025-07-06 11:50:00,655,655.08,655,655,337.645,221169.52612
BNBUSDT,1751770500000,2025-07-06 02:55:00,2025-07-06 11:55:00,655,655.05,654.83,654.83,69.814,45724.51057
BNBUSDT,1751770800000,2025-07-06 03:00:00,2025-07-06 12:00:00,654.83,654.83,654.5,654.67,265.389,173720.87973
BNBUSDT,1751771100000,2025-07-06 03:05:00,2025-07-06 12:05:00,654.67,654.89,654.61,654.79,78.654,51502.23425
BNBUSDT,1751771400000,2025-07-06 03:10:00,2025-07-06 12:10:00,654.79,654.9,654.74,654.89,50.084,32796.53994
BNBUSDT,1751771700000,2025-07-06 03:15:00,2025-07-06 12:15:00,654.9,654.9,654.62,654.63,99.443,65114.71038
BNBUSDT,1751772000000,2025-07-06 03:20:00,2025-07-06 12:20:00,654.63,654.63,654.46,654.48,117.299,76777.03821
BNBUSDT,1751772300000,2025-07-06 03:25:00,2025-07-06 12:25:00,654.48,654.59,654.47,654.59,53.628,35101.14771
BNBUSDT,1751772600000,2025-07-06 03:30:00,2025-07-06 12:30:00,654.58,654.7,654.55,654.7,87.225,57098.02964
BNBUSDT,1751772900000,2025-07-06 03:35:00,2025-07-06 12:35:00,654.7,654.74,654.69,654.71,134.507,88063.24462
BNBUSDT,1751773200000,2025-07-06 03:40:00,2025-07-06 12:40:00,654.71,654.71,654.63,654.64,70.672,46267.32812
BNBUSDT,1751773500000,2025-07-06 03:45:00,2025-07-06 12:45:00,654.64,654.84,654.63,654.73,81.851,53590.61128
BNBUSDT,1751773800000,2025-07-06 03:50:00,2025-07-06 12:50:00,654.73,654.85,654.72,654.84,34.837,22811.69653
BNBUSDT,1751774100000,2025-07-06 03:55:00,2025-07-06 12:55:00,654.83,654.84,654.83,654.84,59.112,38708.66023
BNBUSDT,1751774400000,2025-07-06 04:00:00,2025-07-06 13:00:00,654.84,654.99,654.71,654.98,121.025,79254.58865
BNBUSDT,1751774700000,2025-07-06 04:05:00,2025-07-06 13:05:00,654.99,655.4,654.98,655.12,98.428,64491.01277
BNBUSDT,1751775000000,2025-07-06 04:10:00,2025-07-06 13:10:00,655.11,655.12,654.74,654.74,110.083,72092.01663
BNBUSDT,1751775300000,2025-07-06 04:15:00,2025-07-06 13:15:00,654.75,654.75,654.31,654.31,48.499,31740.49904
BNBUSDT,1751775600000,2025-07-06 04:20:00,2025-07-06 13:20:00,654.32,654.37,654.11,654.11,107.074,70053.50588
BNBUSDT,1751775900000,2025-07-06 04:25:00,2025-07-06 13:25:00,654.11,654.11,654,654.06,68.318,44682.42988
BNBUSDT,1751776200000,2025-07-06 04:30:00,2025-07-06 13:30:00,654.06,654.08,653.79,653.98,201.999,132098.21876
BNBUSDT,1751776500000,2025-07-06 04:35:00,2025-07-06 13:35:00,653.98,653.99,653.86,653.94,35.611,23288.0561
BNBUSDT,1751776800000,2025-07-06 04:40:00,2025-07-06 13:40:00,653.94,654.33,653.89,654.21,238.526,156024.20199
BNBUSDT,1751777100000,2025-07-06 04:45:00,2025-07-06 13:45:00,654.21,654.22,654.14,654.15,51.917,33962.93463
BNBUSDT,1751777400000,2025-07-06 04:50:00,2025-07-06 13:50:00,654.15,654.15,653.92,653.92,77.417,50630.28239
BNBUSDT,1751777700000,2025-07-06 04:55:00,2025-07-06 13:55:00,653.92,653.97,653.92,653.96,75.63,49457.97656
BNBUSDT,1751778000000,2025-07-06 05:00:00,2025-07-06 14:00:00,653.97,654.12,653.94,653.94,243.585,159305.21042
BNBUSDT,1751778300000,2025-07-06 05:05:00,2025-07-06 14:05:00,653.95,653.95,653.8,653.8,103.682,67793.64209
BNBUSDT,1751778600000,2025-07-06 05:10:00,2025-07-06 14:10:00,653.81,653.81,653.77,653.78,33.152,21674.20092
BNBUSDT,1751778900000,2025-07-06 05:15:00,2025-07-06 14:15:00,653.78,653.78,653.61,653.61,139.907,91458.93521
BNBUSDT,1751779200000,2025-07-06 05:20:00,2025-07-06 14:20:00,653.62,653.99,653.61,653.99,47.644,31146.55273
BNBUSDT,1751779500000,2025-07-06 05:25:00,2025-07-06 14:25:00,653.98,653.99,653.98,653.98,59.662,39018.09282
BNBUSDT,1751779800000,2025-07-06 05:30:00,2025-07-06 14:30:00,653.99,654,653.88,653.95,55.775,36475.63577
BNBUSDT,1751780100000,2025-07-06 05:35:00,2025-07-06 14:35:00,653.94,653.94,653.66,653.75,78.932,51601.83364
BNBUSDT,1751780400000,2025-07-06 05:40:00,2025-07-06 14:40:00,653.76,653.89,653.75,653.85,77.35,50575.24375
BNBUSDT,1751780700000,2025-07-06 05:45:00,2025-07-06 14:45:00,653.86,654.2,653.86,654.19,57.368,37519.76557
BNBUSDT,1751781000000,2025-07-06 05:50:00,2025-07-06 14:50:00,654.2,654.25,654.1,654.11,68.588,44866.53766
BNBUSDT,1751781300000,2025-07-06 05:55:00,2025-07-06 14:55:00,654.1,654.18,653.99,654.18,50.137,32792.94909
BNBUSDT,1751781600000,2025-07-06 06:00:00,2025-07-06 15:00:00,654.18,654.18,653.9,653.91,74.688,48844.96025
BNBUSDT,1751781900000,2025-07-06 06:05:00,2025-07-06 15:05:00,653.91,654.13,653.9,654.06,92.473,60481.98407
BNBUSDT,1751782200000,2025-07-06 06:10:00,2025-07-06 15:10:00,654.07,654.92,654.06,654.9,161.86,105923.7547
BNBUSDT,1751782500000,2025-07-06 06:15:00,2025-07-06 15:15:00,654.9,655.9,654.89,655.4,293.005,192061.83626
BNBUSDT,1751782800000,2025-07-06 06:20:00,2025-07-06 15:20:00,655.4,656.13,655.33,655.44,708.964,464895.47998
BNBUSDT,1751783100000,2025-07-06 06:25:00,2025-07-06 15:25:00,655.45,655.45,655.31,655.32,77.594,50853.252
BNBUSDT,1751783400000,2025-07-06 06:30:00,2025-07-06 15:30:00,655.31,655.32,655.1,655.23,125.34,82121.76014
BNBUSDT,1751783700000,2025-07-06 06:35:00,2025-07-06 15:35:00,655.23,655.53,655.23,655.37,83.069,54447.18112
BNBUSDT,1751784000000,2025-07-06 06:40:00,2025-07-06 15:40:00,655.37,655.37,655.31,655.36,89.313,58531.95938
BNBUSDT,1751784300000,2025-07-06 06:45:00,2025-07-06 15:45:00,655.37,655.44,655.2,655.2,74.985,49140.06023
BNBUSDT,1751784600000,2025-07-06 06:50:00,2025-07-06 15:50:00,655.21,655.27,655.14,655.27,61.174,40080.95987
BNBUSDT,1751784900000,2025-07-06 06:55:00,2025-07-06 15:55:00,655.26,655.4,655.26,655.29,95.871,62826.08256
BNBUSDT,1751785200000,2025-07-06 07:00:00,2025-07-06 16:00:00,655.3,655.37,655.2,655.33,164.485,107785.75835
BNBUSDT,1751785500000,2025-07-06 07:05:00,2025-07-06 16:05:00,655.33,655.34,655.23,655.25,170.345,111623.84156
BNBUSDT,1751785800000,2025-07-06 07:10:00,2025-07-06 16:10:00,655.26,655.26,655.2,655.21,252.904,165710.38558
BNBUSDT,1751786100000,2025-07-06 07:15:00,2025-07-06 16:15:00,655.21,655.42,654.91,654.91,182.016,119271.38888
BNBUSDT,1751786400000,2025-07-06 07:20:00,2025-07-06 16:20:00,654.91,655.05,654.71,654.94,133.337,87321.3397
BNBUSDT,1751786700000,2025-07-06 07:25:00,2025-07-06 16:25:00,654.93,654.94,654.77,654.78,108.754,71213.51067
BNBUSDT,1751787000000,2025-07-06 07:30:00,2025-07-06 16:30:00,654.78,654.94,654.78,654.91,371.57,243338.83472
BNBUSDT,1751787300000,2025-07-06 07:35:00,2025-07-06 16:35:00,654.91,654.92,654.71,654.76,104.998,68751.29292
BNBUSDT,1751787600000,2025-07-06 07:40:00,2025-07-06 16:40:00,654.76,654.9,654.73,654.9,171.825,112513.63822
BNBUSDT,1751787900000,2025-07-06 07:45:00,2025-07-06 16:45:00,654.9,654.9,654.73,654.78,164.383,107640.55067
BNBUSDT,1751788200000,2025-07-06 07:50:00,2025-07-06 16:50:00,654.78,655.01,654.77,655.01,117.215,76762.83037
BNBUSDT,1751788500000,2025-07-06 07:55:00,2025-07-06 16:55:00,655,655.01,654.75,654.76,134.819,88293.71312
BNBUSDT,1751788800000,2025-07-06 08:00:00,2025-07-06 17:00:00,654.76,654.76,653.99,654.09,254.604,166571.59285
BNBUSDT,1751789100000,2025-07-06 08:05:00,2025-07-06 17:05:00,654.1,654.38,654.09,654.16,133.604,87402.94218
BNBUSDT,1751789400000,2025-07-06 08:10:00,2025-07-06 17:10:00,654.17,654.24,653.9,653.91,64.711,42323.27591
BNBUSDT,1751789700000,2025-07-06 08:15:00,2025-07-06 17:15:00,653.91,653.91,653.72,653.73,139.983,91518.88832
BNBUSDT,1751790000000,2025-07-06 08:20:00,2025-07-06 17:20:00,653.72,654.11,653.54,654.1,760.624,497251.41548
BNBUSDT,1751790300000,2025-07-06 08:25:00,2025-07-06 17:25:00,654.1,654.51,654.1,654.16,926.921,606540.54432
BNBUSDT,1751790600000,2025-07-06 08:30:00,2025-07-06 17:30:00,654.17,654.27,654.16,654.22,163.834,107184.0115
BNBUSDT,1751790900000,2025-07-06 08:35:00,2025-07-06 17:35:00,654.22,654.5,654.12,654.49,217.774,142483.65451
BNBUSDT,1751791200000,2025-07-06 08:40:00,2025-07-06 17:40:00,654.5,654.8,654.49,654.79,119.584,78285.14281
BNBUSDT,1751791500000,2025-07-06 08:45:00,2025-07-06 17:45:00,654.8,655,654.79,655,120.443,78880.49779
BNBUSDT,1751791800000,2025-07-06 08:50:00,2025-07-06 17:50:00,654.99,655.02,654.86,655.01,136.15,89166.78242
BNBUSDT,1751792100000,2025-07-06 08:55:00,2025-07-06 17:55:00,655.02,655.07,654.79,654.79,423.842,277598.3113
BNBUSDT,1751792400000,2025-07-06 09:00:00,2025-07-06 18:00:00,654.8,654.8,654.65,654.72,186.821,122318.37612
BNBUSDT,1751792700000,2025-07-06 09:05:00,2025-07-06 18:05:00,654.72,654.81,654.6,654.61,391.448,256305.79733
BNBUSDT,1751793000000,2025-07-06 09:10:00,2025-07-06 18:10:00,654.6,654.61,654.42,654.61,157.337,102977.26645
BNBUSDT,1751793300000,2025-07-06 09:15:00,2025-07-06 18:15:00,654.6,654.62,654.31,654.61,257.057,168241.83234
BNBUSDT,1751793600000,2025-07-06 09:20:00,2025-07-06 18:20:00,654.62,654.8,654.52,654.52,236.503,154828.52571
BNBUSDT,1751793900000,2025-07-06 09:25:00,2025-07-06 18:25:00,654.52,654.53,654.5,654.51,163.654,107113.72277
BNBUSDT,1751794200000,2025-07-06 09:30:00,2025-07-06 18:30:00,654.5,654.7,654.4,654.64,510.809,334346.19468
BNBUSDT,1751794500000,2025-07-06 09:35:00,2025-07-06 18:35:00,654.64,654.76,654.6,654.73,175.623,114981.32653
BNBUSDT,1751794800000,2025-07-06 09:40:00,2025-07-06 18:40:00,654.72,654.8,654.59,654.8,330.788,216570.23435
BNBUSDT,1751795100000,2025-07-06 09:45:00,2025-07-06 18:45:00,654.8,654.84,654.15,654.34,438.587,287125.65313
BNBUSDT,1751795400000,2025-07-06 09:50:00,2025-07-06 18:50:00,654.34,654.4,654.1,654.21,186.477,121997.85801
BNBUSDT,1751795700000,2025-07-06 09:55:00,2025-07-06 18:55:00,654.21,654.21,654,654,65.868,43087.06544
BNBUSDT,1751796000000,2025-07-06 10:00:00,2025-07-06 19:00:00,654.01,654.18,653.92,654.17,162.017,105962.22623
BNBUSDT,1751796300000,2025-07-06 10:05:00,2025-07-06 19:05:00,654.17,654.18,654,654.13,146.662,95933.42303
BNBUSDT,1751796600000,2025-07-06 10:10:00,2025-07-06 19:10:00,654.13,654.26,654.12,654.26,111.95,73236.0342
BNBUSDT,1751796900000,2025-07-06 10:15:00,2025-07-06 19:15:00,654.25,654.26,654.1,654.1,93.168,60947.75935
BNBUSDT,1751797200000,2025-07-06 10:20:00,2025-07-06 19:20:00,654.1,654.18,653.91,654.18,126.088,82466.8076
BNBUSDT,1751797500000,2025-07-06 10:25:00,2025-07-06 19:25:00,654.18,654.32,654.17,654.32,128.926,84349.87002
BNBUSDT,1751797800000,2025-07-06 10:30:00,2025-07-06 19:30:00,654.32,654.96,654.31,654.88,198.705,130108.13598
BNBUSDT,1751798100000,2025-07-06 10:35:00,2025-07-06 19:35:00,654.88,654.88,654.71,654.71,103.861,68006.75988
BNBUSDT,1751798400000,2025-07-06 10:40:00,2025-07-06 19:40:00,654.71,654.82,654.7,654.81,61.023,39956.11864
BNBUSDT,1751798700000,2025-07-06 10:45:00,2025-07-06 19:45:00,654.82,654.82,654.68,654.68,88.679,58065.0318
BNBUSDT,1751799000000,2025-07-06 10:50:00,2025-07-06 19:50:00,654.69,654.79,654.52,654.78,51.849,33944.68757
BNBUSDT,1751799300000,2025-07-06 10:55:00,2025-07-06 19:55:00,654.78,654.79,654.76,654.77,41.098,26909.68003
BNBUSDT,1751799600000,2025-07-06 11:00:00,2025-07-06 20:00:00,654.76,654.81,654.7,654.79,125.358,82076.01955
BNBUSDT,1751799900000,2025-07-06 11:05:00,2025-07-06 20:05:00,654.8,655,654.8,655,128.381,84073.03848
BNBUSDT,1751800200000,2025-07-06 11:10:00,2025-07-06 20:10:00,655,655,654.82,654.94,91.468,59903.59538
BNBUSDT,1751800500000,2025-07-06 11:15:00,2025-07-06 20:15:00,654.95,655.08,654.52,654.67,586.107,383816.41976
BNBUSDT,1751800800000,2025-07-06 11:20:00,2025-07-06 20:20:00,654.66,654.9,654.66,654.89,247.211,161871.50865
BNBUSDT,1751801100000,2025-07-06 11:25:00,2025-07-06 20:25:00,654.89,655,654.89,654.95,94.108,61635.01188
BNBUSDT,1751801400000,2025-07-06 11:30:00,2025-07-06 20:30:00,654.95,655.2,654.94,655.19,90.698,59415.33411
BNBUSDT,1751801700000,2025-07-06 11:35:00,2025-07-06 20:35:00,655.19,655.45,655.19,655.44,65.064,42638.18275
BNBUSDT,1751802000000,2025-07-06 11:40:00,2025-07-06 20:40:00,655.45,655.92,655.44,655.92,196.239,128677.70737
BNBUSDT,1751802300000,2025-07-06 11:45:00,2025-07-06 20:45:00,655.92,656.3,655.91,656.24,267.827,175746.11466
BNBUSDT,1751802600000,2025-07-06 11:50:00,2025-07-06 20:50:00,656.24,656.25,656.14,656.19,44.145,28966.8176
BNBUSDT,1751802900000,2025-07-06 11:55:00,2025-07-06 20:55:00,656.19,656.48,656.19,656.46,138.595,90976.06898
BNBUSDT,1751803200000,2025-07-06 12:00:00,2025-07-06 21:00:00,656.46,656.58,655.95,655.96,515.368,338195.12863
BNBUSDT,1751803500000,2025-07-06 12:05:00,2025-07-06 21:05:00,655.96,655.98,655.81,655.82,124.734,81813.27339
BNBUSDT,1751803800000,2025-07-06 12:10:00,2025-07-06 21:10:00,655.81,656,655.49,656,822.9,539478.87273
BNBUSDT,1751804100000,2025-07-06 12:15:00,2025-07-06 21:15:00,655.99,656.06,655.92,656.05,71,46574.4081
BNBUSDT,1751804400000,2025-07-06 12:20:00,2025-07-06 21:20:00,656.05,656.2,656.05,656.2,47.366,31079.34625
BNBUSDT,1751804700000,2025-07-06 12:25:00,2025-07-06 21:25:00,656.19,656.2,656.01,656.06,153.607,100782.46819
BNBUSDT,1751805000000,2025-07-06 12:30:00,2025-07-06 21:30:00,656.05,656.25,656.05,656.25,45.589,29914.40521
BNBUSDT,1751805300000,2025-07-06 12:35:00,2025-07-06 21:35:00,656.25,656.5,656.22,656.41,178.863,117397.92826
BNBUSDT,1751805600000,2025-07-06 12:40:00,2025-07-06 21:40:00,656.41,656.41,656.27,656.38,94.349,61926.66612
BNBUSDT,1751805900000,2025-07-06 12:45:00,2025-07-06 21:45:00,656.38,656.57,656.29,656.57,145.175,95292.44307
BNBUSDT,1751806200000,2025-07-06 12:50:00,2025-07-06 21:50:00,656.56,656.57,656.25,656.56,189.733,124556.67103
BNBUSDT,1751806500000,2025-07-06 12:55:00,2025-07-06 21:55:00,656.55,657.62,656.55,657.53,432.719,284286.55723
BNBUSDT,1751806800000,2025-07-06 13:00:00,2025-07-06 22:00:00,657.54,658.38,657.33,657.59,629.241,413918.2711
BNBUSDT,1751807100000,2025-07-06 13:05:00,2025-07-06 22:05:00,657.6,658.55,657.54,658.32,1175.4,773710.50655
BNBUSDT,1751807400000,2025-07-06 13:10:00,2025-07-06 22:10:00,658.32,658.51,658.2,658.51,171.281,112755.87895
BNBUSDT,1751807700000,2025-07-06 13:15:00,2025-07-06 22:15:00,658.51,659.55,658.5,659.3,1166.129,768451.98046
BNBUSDT,1751808000000,2025-07-06 13:20:00,2025-07-06 22:20:00,659.3,659.68,658.7,658.7,424.495,279824.25337
BNBUSDT,1751808300000,2025-07-06 13:25:00,2025-07-06 22:25:00,658.71,659.44,658.61,659.44,297.236,195865.37289
BNBUSDT,1751808600000,2025-07-06 13:30:00,2025-07-06 22:30:00,659.44,660.43,659.33,660.39,864.832,570791.46901
BNBUSDT,1751808900000,2025-07-06 13:35:00,2025-07-06 22:35:00,660.4,660.49,659.74,659.77,754.153,497860.13873
BNBUSDT,1751809200000,2025-07-06 13:40:00,2025-07-06 22:40:00,659.76,660.47,659.54,660.1,973.068,642250.24457
BNBUSDT,1751809500000,2025-07-06 13:45:00,2025-07-06 22:45:00,660.11,660.57,659.65,659.89,711.669,469730.93013
BNBUSDT,1751809800000,2025-07-06 13:50:00,2025-07-06 22:50:00,659.89,662,659.88,661.81,1216.583,804479.59734
BNBUSDT,1751810100000,2025-07-06 13:55:00,2025-07-06 22:55:00,661.81,662.05,661.4,661.43,698.874,462461.32006
BNBUSDT,1751810400000,2025-07-06 14:00:00,2025-07-06 23:00:00,661.44,662.62,661.44,662.24,957.382,633912.4601
BNBUSDT,1751810700000,2025-07-06 14:05:00,2025-07-06 23:05:00,662.25,662.38,661.41,661.99,703.287,465536.74675
BNBUSDT,1751811000000,2025-07-06 14:10:00,2025-07-06 23:10:00,661.98,662,660.78,661.24,838.19,554240.16479
BNBUSDT,1751811300000,2025-07-06 14:15:00,2025-07-06 23:15:00,661.24,661.89,661.04,661.04,446.181,295090.59488
BNBUSDT,1751811600000,2025-07-06 14:20:00,2025-07-06 23:20:00,661.03,661.56,661.03,661.49,257.416,170250.56925
BNBUSDT,1751811900000,2025-07-06 14:25:00,2025-07-06 23:25:00,661.5,661.79,661.1,661.1,322.895,213581.34491
BNBUSDT,1751812200000,2025-07-06 14:30:00,2025-07-06 23:30:00,661.11,661.87,661.11,661.3,726.871,480870.02918
BNBUSDT,1751812500000,2025-07-06 14:35:00,2025-07-06 23:35:00,661.31,661.41,660.9,660.91,724.049,478760.14398
BNBUSDT,1751812800000,2025-07-06 14:40:00,2025-07-06 23:40:00,660.9,660.97,659.63,660.36,715.942,472732.19415
BNBUSDT,1751813100000,2025-07-06 14:45:00,2025-07-06 23:45:00,660.37,661.23,659.81,661.23,534.11,352842.86271
BNBUSDT,1751813400000,2025-07-06 14:50:00,2025-07-06 23:50:00,661.23,661.3,660.75,660.75,331.443,219061.37319
BNBUSDT,1751813700000,2025-07-06 14:55:00,2025-07-06 23:55:00,660.74,661.17,660.7,661.16,143.739,95003.29596
BNBUSDT,1751814000000,2025-07-06 15:00:00,2025-07-07 00:00:00,661.17,661.7,661.16,661.66,834.708,552177.42116
BNBUSDT,1751814300000,2025-07-06 15:05:00,2025-07-07 00:05:00,661.66,663.48,661.65,662.97,1498.95,993548.22783
BNBUSDT,1751814600000,2025-07-06 15:10:00,2025-07-07 00:10:00,662.97,663.5,662.76,663.15,1049.674,696064.85315
BNBUSDT,1751814900000,2025-07-06 15:15:00,2025-07-07 00:15:00,663.15,663.5,661.51,661.78,963.109,638188.44992
BNBUSDT,1751815200000,2025-07-06 15:20:00,2025-07-07 00:20:00,661.78,662.35,661.52,662.34,389.209,257608.06405
BNBUSDT,1751815500000,2025-07-06 15:25:00,2025-07-07 00:25:00,662.35,663.1,662.34,662.8,471.069,312210.78214
BNBUSDT,1751815800000,2025-07-06 15:30:00,2025-07-07 00:30:00,662.81,662.96,662.62,662.62,198.794,131752.55912
BNBUSDT,1751816100000,2025-07-06 15:35:00,2025-07-07 00:35:00,662.63,662.8,662.52,662.53,250.907,166251.97194
BNBUSDT,1751816400000,2025-07-06 15:40:00,2025-07-07 00:40:00,662.52,662.67,662.52,662.57,1403.058,929578.06367
BNBUSDT,1751816700000,2025-07-06 15:45:00,2025-07-07 00:45:00,662.57,662.87,662.55,662.86,318.033,210747.17247
BNBUSDT,1751817000000,2025-07-06 15:50:00,2025-07-07 00:50:00,662.87,663,662.64,662.8,340.296,225545.5811
BNBUSDT,1751817300000,2025-07-06 15:55:00,2025-07-07 00:55:00,662.81,662.99,662.8,662.85,269.835,178867.94865
BNBUSDT,1751817600000,2025-07-06 16:00:00,2025-07-07 01:00:00,662.86,663.3,662.8,662.88,337.357,223670.63379
BNBUSDT,1751817900000,2025-07-06 16:05:00,2025-07-07 01:05:00,662.87,663.2,662.68,662.76,425.133,281834.45207
BNBUSDT,1751818200000,2025-07-06 16:10:00,2025-07-07 01:10:00,662.75,662.76,662.52,662.53,514.316,340759.17375
BNBUSDT,1751818500000,2025-07-06 16:15:00,2025-07-07 01:15:00,662.54,662.9,662.52,662.74,256.78,170170.01735
BNBUSDT,1751818800000,2025-07-06 16:20:00,2025-07-07 01:20:00,662.75,663.16,662.74,663.15,229.765,152338.01987
BNBUSDT,1751819100000,2025-07-06 16:25:00,2025-07-07 01:25:00,663.15,663.16,662.89,663.03,197.846,131171.62295
BNBUSDT,1751819400000,2025-07-06 16:30:00,2025-07-07 01:30:00,663.03,663.29,662.52,662.52,720.664,477809.25525
BNBUSDT,1751819700000,2025-07-06 16:35:00,2025-07-07 01:35:00,662.53,663.1,662.52,662.93,284.457,188535.42815
BNBUSDT,1751820000000,2025-07-06 16:40:00,2025-07-07 01:40:00,662.94,663.2,662.8,662.8,463.986,307606.20483
BNBUSDT,1751820300000,2025-07-06 16:45:00,2025-07-07 01:45:00,662.81,663,662.62,662.93,250.041,165744.42579
BNBUSDT,1751820600000,2025-07-06 16:50:00,2025-07-07 01:50:00,662.94,663.4,662.85,663.28,367.399,243616.52435
BNBUSDT,1751820900000,2025-07-06 16:55:00,2025-07-07 01:55:00,663.28,663.36,663.23,663.36,152.009,100821.87142
BNBUSDT,1751821200000,2025-07-06 17:00:00,2025-07-07 02:00:00,663.36,663.36,662.9,662.95,184.183,122148.55513
BNBUSDT,1751821500000,2025-07-06 17:05:00,2025-07-07 02:05:00,662.96,663.45,662.91,663.45,208.382,138189.99062
BNBUSDT,1751821800000,2025-07-06 17:10:00,2025-07-07 02:10:00,663.45,663.7,662.82,662.83,206.43,136950.74014
BNBUSDT,1751822100000,2025-07-06 17:15:00,2025-07-07 02:15:00,662.83,663.1,662.6,662.83,156.057,103436.54002
BNBUSDT,1751822400000,2025-07-06 17:20:00,2025-07-07 02:20:00,662.83,663,662.78,662.98,71.439,47355.64167
BNBUSDT,1751822700000,2025-07-06 17:25:00,2025-07-07 02:25:00,662.99,663.1,662.93,662.94,186.462,123619.01565
BNBUSDT,1751823000000,2025-07-06 17:30:00,2025-07-07 02:30:00,662.93,662.99,662.72,662.98,176.832,117210.23491
BNBUSDT,1751823300000,2025-07-06 17:35:00,2025-07-07 02:35:00,662.98,663.4,662.9,663.08,989.305,656033.90793
BNBUSDT,1751823600000,2025-07-06 17:40:00,2025-07-07 02:40:00,663.08,663.15,663.07,663.13,117.737,78071.18857
BNBUSDT,1751823900000,2025-07-06 17:45:00,2025-07-07 02:45:00,663.12,663.18,663.09,663.1,103.645,68730.53595
BNBUSDT,1751824200000,2025-07-06 17:50:00,2025-07-07 02:50:00,663.09,663.1,662.75,662.76,170.589,113106.21115
BNBUSDT,1751824500000,2025-07-06 17:55:00,2025-07-07 02:55:00,662.76,662.9,662.59,662.85,285.762,189387.0447
BNBUSDT,1751824800000,2025-07-06 18:00:00,2025-07-07 03:00:00,662.84,663,662.84,662.99,469.066,310957.66573
BNBUSDT,1751825100000,2025-07-06 18:05:00,2025-07-07 03:05:00,663,663.3,662.89,663.17,165.54,109764.77896
BNBUSDT,1751825400000,2025-07-06 18:10:00,2025-07-07 03:10:00,663.18,663.35,663.17,663.34,59.027,39151.72557
BNBUSDT,1751825700000,2025-07-06 18:15:00,2025-07-07 03:15:00,663.34,663.42,663.15,663.15,413.553,274292.82432
BNBUSDT,1751826000000,2025-07-06 18:20:00,2025-07-07 03:20:00,663.16,663.3,662.53,662.64,473.112,313603.73394
BNBUSDT,1751826300000,2025-07-06 18:25:00,2025-07-07 03:25:00,662.65,662.81,662.11,662.29,1465.096,970569.57062
BNBUSDT,1751826600000,2025-07-06 18:30:00,2025-07-07 03:30:00,662.3,662.95,662,662.06,290.051,192212.04737
BNBUSDT,1751826900000,2025-07-06 18:35:00,2025-07-07 03:35:00,662.07,662.58,661.83,662.58,183.867,121759.29745
BNBUSDT,1751827200000,2025-07-06 18:40:00,2025-07-07 03:40:00,662.57,662.77,661.92,662.15,316.94,209933.61889
BNBUSDT,1751827500000,2025-07-06 18:45:00,2025-07-07 03:45:00,662.15,662.37,661.2,661.53,562.979,372513.8162
BNBUSDT,1751827800000,2025-07-06 18:50:00,2025-07-07 03:50:00,661.54,661.9,661.25,661.45,332.653,220114.46807
BNBUSDT,1751828100000,2025-07-06 18:55:00,2025-07-07 03:55:00,661.45,662.25,661.44,662.25,269.141,178110.36625
BNBUSDT,1751828400000,2025-07-06 19:00:00,2025-07-07 04:00:00,662.25,663.17,662.24,663.17,451.451,299178.88235
BNBUSDT,1751828700000,2025-07-06 19:05:00,2025-07-07 04:05:00,663.17,663.32,663.16,663.31,138.923,92136.14457
BNBUSDT,1751829000000,2025-07-06 19:10:00,2025-07-07 04:10:00,663.31,663.49,663.13,663.49,240.855,159761.18478
BNBUSDT,1751829300000,2025-07-06 19:15:00,2025-07-07 04:15:00,663.49,663.58,663.44,663.44,100.498,66681.09212
BNBUSDT,1751829600000,2025-07-06 19:20:00,2025-07-07 04:20:00,663.44,663.45,663.19,663.36,108.337,71865.17859
BNBUSDT,1751829900000,2025-07-06 19:25:00,2025-07-07 04:25:00,663.37,663.38,663.36,663.36,67.66,44883.28639
BNBUSDT,1751830200000,2025-07-06 19:30:00,2025-07-07 04:30:00,663.37,663.37,662.72,662.84,114.503,75924.23957
BNBUSDT,1751830500000,2025-07-06 19:35:00,2025-07-07 04:35:00,662.84,663.08,662.73,662.81,469.319,311100.00802
BNBUSDT,1751830800000,2025-07-06 19:40:00,2025-07-07 04:40:00,662.81,663.01,662.5,662.5,528.142,350038.06906
BNBUSDT,1751831100000,2025-07-06 19:45:00,2025-07-07 04:45:00,662.5,662.51,662.2,662.32,659.809,436994.25793
BNBUSDT,1751831400000,2025-07-06 19:50:00,2025-07-07 04:50:00,662.32,662.67,662.18,662.66,310.541,205682.2606
BNBUSDT,1751831700000,2025-07-06 19:55:00,2025-07-07 04:55:00,662.67,663.07,662.51,663.07,96.684,64070.86435
BNBUSDT,1751832000000,2025-07-06 20:00:00,2025-07-07 05:00:00,663.06,663.29,662.94,663.26,344.965,228769.51569
BNBUSDT,1751832300000,2025-07-06 20:05:00,2025-07-07 05:05:00,663.27,663.57,663.27,663.56,162.368,107724.40501
BNBUSDT,1751832600000,2025-07-06 20:10:00,2025-07-07 05:10:00,663.56,663.56,663.35,663.45,625.794,415225.27748
BNBUSDT,1751832900000,2025-07-06 20:15:00,2025-07-07 05:15:00,663.45,663.56,663.23,663.56,144.827,96081.80341
BNBUSDT,1751833200000,2025-07-06 20:20:00,2025-07-07 05:20:00,663.55,663.56,661.35,662.12,1305.001,864232.66863
BNBUSDT,1751833500000,2025-07-06 20:25:00,2025-07-07 05:25:00,662.12,662.51,662.1,662.15,256.655,169985.22341
BNBUSDT,1751833800000,2025-07-06 20:30:00,2025-07-07 05:30:00,662.16,662.35,662.04,662.27,139.891,92640.46279
BNBUSDT,1751834100000,2025-07-06 20:35:00,2025-07-07 05:35:00,662.26,662.34,662.26,662.26,138.456,91698.38412
BNBUSDT,1751834400000,2025-07-06 20:40:00,2025-07-07 05:40:00,662.27,662.28,662.07,662.25,146.964,97318.8228
BNBUSDT,1751834700000,2025-07-06 20:45:00,2025-07-07 05:45:00,662.24,662.5,661.7,661.79,273.028,180768.41455
BNBUSDT,1751835000000,2025-07-06 20:50:00,2025-07-07 05:50:00,661.8,661.8,661.5,661.5,133.528,88347.59183
BNBUSDT,1751835300000,2025-07-06 20:55:00,2025-07-07 05:55:00,661.51,661.51,660.92,661,368.984,244014.5741
BNBUSDT,1751835600000,2025-07-06 21:00:00,2025-07-07 06:00:00,661,661.45,660.99,661.28,181.059,119710.30528
BNBUSDT,1751835900000,2025-07-06 21:05:00,2025-07-07 06:05:00,661.28,661.39,661.23,661.39,57.274,37875.60945
BNBUSDT,1751836200000,2025-07-06 21:10:00,2025-07-07 06:10:00,661.38,662.1,661.28,662.1,354.763,234760.42883
BNBUSDT,1751836500000,2025-07-06 21:15:00,2025-07-07 06:15:00,662.1,662.1,661.65,661.79,143.494,94969.6447
BNBUSDT,1751836800000,2025-07-06 21:20:00,2025-07-07 06:20:00,661.8,662.29,661.79,662.29,146.221,96797.76656
BNBUSDT,1751837100000,2025-07-06 21:25:00,2025-07-07 06:25:00,662.29,663.42,662.28,663.24,437.294,289958.62931
BNBUSDT,1751837400000,2025-07-06 21:30:00,2025-07-07 06:30:00,663.24,664.99,663.23,663.52,2439.849,1620577.16127
BNBUSDT,1751837700000,2025-07-06 21:35:00,2025-07-07 06:35:00,663.52,664.76,663.5,664.27,511.637,339850.99813
BNBUSDT,1751838000000,2025-07-06 21:40:00,2025-07-07 06:40:00,664.26,664.28,663.52,663.69,280.668,186352.41141
BNBUSDT,1751838300000,2025-07-06 21:45:00,2025-07-07 06:45:00,663.68,663.69,662.52,662.59,321.784,213404.72935
BNBUSDT,1751838600000,2025-07-06 21:50:00,2025-07-07 06:50:00,662.59,662.61,662.12,662.5,321.125,212709.4875
BNBUSDT,1751838900000,2025-07-06 21:55:00,2025-07-07 06:55:00,662.51,662.8,662.2,662.77,220.453,146026.99312
BNBUSDT,1751839200000,2025-07-06 22:00:00,2025-07-07 07:00:00,662.77,664.81,662.77,663.61,963.795,640015.44094
BNBUSDT,1751839500000,2025-07-06 22:05:00,2025-07-07 07:05:00,663.62,664.2,663.5,664.16,215.567,143109.36667
BNBUSDT,1751839800000,2025-07-06 22:10:00,2025-07-07 07:10:00,664.16,664.16,663.47,663.79,355.086,235713.40476
BNBUSDT,1751840100000,2025-07-06 22:15:00,2025-07-07 07:15:00,663.8,664.37,663.79,664.37,596.514,396147.94543
BNBUSDT,1751840400000,2025-07-06 22:20:00,2025-07-07 07:20:00,664.37,664.37,663.24,663.62,642.974,426820.47414
BNBUSDT,1751840700000,2025-07-06 22:25:00,2025-07-07 07:25:00,663.62,663.94,663.23,663.81,138.364,91805.85195
BNBUSDT,1751841000000,2025-07-06 22:30:00,2025-07-07 07:30:00,663.82,663.85,663.01,663.5,707.865,469634.00929
BNBUSDT,1751841300000,2025-07-06 22:35:00,2025-07-07 07:35:00,663.5,663.55,663.34,663.34,209.527,139017.32668
BNBUSDT,1751841600000,2025-07-06 22:40:00,2025-07-07 07:40:00,663.35,663.78,663.34,663.71,296.225,196596.56125
BNBUSDT,1751841900000,2025-07-06 22:45:00,2025-07-07 07:45:00,663.71,664,663.71,663.98,395.375,262498.74898
BNBUSDT,1751842200000,2025-07-06 22:50:00,2025-07-07 07:50:00,663.97,664.04,663.66,663.87,235.984,156648.15812
BNBUSDT,1751842500000,2025-07-06 22:55:00,2025-07-07 07:55:00,663.87,663.98,663.7,663.72,336.471,223375.58492
BNBUSDT,1751842800000,2025-07-06 23:00:00,2025-07-07 08:00:00,663.73,663.85,662.83,663.22,603.622,400358.58589
BNBUSDT,1751843100000,2025-07-06 23:05:00,2025-07-07 08:05:00,663.22,663.52,662.6,663.41,345.821,229276.50733
BNBUSDT,1751843400000,2025-07-06 23:10:00,2025-07-07 08:10:00,663.41,663.41,663.02,663.04,83.534,55394.51116
BNBUSDT,1751843700000,2025-07-06 23:15:00,2025-07-07 08:15:00,663.04,663.25,662.8,663.18,193.961,128584.26385
BNBUSDT,1751844000000,2025-07-06 23:20:00,2025-07-07 08:20:00,663.18,663.27,662.69,662.7,217.816,144414.7219
BNBUSDT,1751844300000,2025-07-06 23:25:00,2025-07-07 08:25:00,662.7,662.86,662.52,662.68,244.127,161771.98072
BNBUSDT,1751844600000,2025-07-06 23:30:00,2025-07-07 08:30:00,662.69,662.7,662.4,662.41,210.166,139256.68489
BNBUSDT,1751844900000,2025-07-06 23:35:00,2025-07-07 08:35:00,662.41,662.85,662.1,662.55,243.245,161149.31118
BNBUSDT,1751845200000,2025-07-06 23:40:00,2025-07-07 08:40:00,662.54,663.3,662.02,662.8,816.943,541396.8513
BNBUSDT,1751845500000,2025-07-06 23:45:00,2025-07-07 08:45:00,662.8,662.98,662.7,662.81,96.216,63773.54021
BNBUSDT,1751845800000,2025-07-06 23:50:00,2025-07-07 08:50:00,662.81,662.94,662.75,662.94,91.919,60932.71942
BNBUSDT,1751846100000,2025-07-06 23:55:00,2025-07-07 08:55:00,662.94,663.2,662.93,663.13,447.28,296583.27715
BNBUSDT,1751846400000,2025-07-07 00:00:00,2025-07-07 09:00:00,663.13,663.2,663.06,663.07,345.779,229297.91763
BNBUSDT,1751846700000,2025-07-07 00:05:00,2025-07-07 09:05:00,663.07,663.11,662.73,662.86,150.752,99935.14752
BNBUSDT,1751847000000,2025-07-07 00:10:00,2025-07-07 09:10:00,662.86,662.87,662.61,662.86,190.742,126410.03438
BNBUSDT,1751847300000,2025-07-07 00:15:00,2025-07-07 09:15:00,662.87,663,662.12,662.14,180.478,119572.30274
BNBUSDT,1751847600000,2025-07-07 00:20:00,2025-07-07 09:20:00,662.14,662.14,661.95,661.95,158.439,104890.05291
BNBUSDT,1751847900000,2025-07-07 00:25:00,2025-07-07 09:25:00,661.96,661.96,661.43,661.46,298.684,197615.77833
BNBUSDT,1751848200000,2025-07-07 00:30:00,2025-07-07 09:30:00,661.46,661.59,660.74,661.31,998.68,660310.86578
BNBUSDT,1751848500000,2025-07-07 00:35:00,2025-07-07 09:35:00,661.31,661.61,661.14,661.35,323.18,213754.0078
BNBUSDT,1751848800000,2025-07-07 00:40:00,2025-07-07 09:40:00,661.35,661.4,661.11,661.12,340.705,225291.84159
BNBUSDT,1751849100000,2025-07-07 00:45:00,2025-07-07 09:45:00,661.11,661.4,661.11,661.39,216.719,143319.53966
BNBUSDT,1751849400000,2025-07-07 00:50:00,2025-07-07 09:50:00,661.38,661.39,661.23,661.3,70.339,46517.88309
BNBUSDT,1751849700000,2025-07-07 00:55:00,2025-07-07 09:55:00,661.31,661.36,661.14,661.36,78.981,52223.74109
BNBUSDT,1751850000000,2025-07-07 01:00:00,2025-07-07 10:00:00,661.36,661.39,660.75,660.75,391.379,258716.99612
BNBUSDT,1751850300000,2025-07-07 01:05:00,2025-07-07 10:05:00,660.76,660.76,660.42,660.54,207.818,137280.61743
BNBUSDT,1751850600000,2025-07-07 01:10:00,2025-07-07 10:10:00,660.54,660.7,660.48,660.68,217.371,143592.96884
BNBUSDT,1751850900000,2025-07-07 01:15:00,2025-07-07 10:15:00,660.68,661.28,660.38,661.15,132.327,87441.86131
BNBUSDT,1751851200000,2025-07-07 01:20:00,2025-07-07 10:20:00,661.14,661.24,660.55,660.62,117.349,77549.804
BNBUSDT,1751851500000,2025-07-07 01:25:00,2025-07-07 10:25:00,660.62,661.12,660.62,660.97,239.184,158103.70436
BNBUSDT,1751851800000,2025-07-07 01:30:00,2025-07-07 10:30:00,660.97,661.6,660.96,661.42,168.322,111309.17567
BNBUSDT,1751852100000,2025-07-07 01:35:00,2025-07-07 10:35:00,661.42,661.64,661.4,661.42,93.31,61728.47683
BNBUSDT,1751852400000,2025-07-07 01:40:00,2025-07-07 10:40:00,661.43,661.43,661.2,661.2,52.261,34562.60949
BNBUSDT,1751852700000,2025-07-07 01:45:00,2025-07-07 10:45:00,661.21,661.39,660.84,660.91,166.315,109955.09554
BNBUSDT,1751853000000,2025-07-07 01:50:00,2025-07-07 10:50:00,660.9,661.2,660.84,661.02,140.542,92906.85654
BNBUSDT,1751853300000,2025-07-07 01:55:00,2025-07-07 10:55:00,661.03,661.16,661,661.16,114.69,75815.22609
BNBUSDT,1751853600000,2025-07-07 02:00:00,2025-07-07 11:00:00,661.15,661.7,661.15,661.67,167.363,110723.86315
BNBUSDT,1751853900000,2025-07-07 02:05:00,2025-07-07 11:05:00,661.68,662,661.6,661.99,156.569,103616.86503
BNBUSDT,1751854200000,2025-07-07 02:10:00,2025-07-07 11:10:00,662,663.23,661.91,662.76,624.16,413606.82375
BNBUSDT,1751854500000,2025-07-07 02:15:00,2025-07-07 11:15:00,662.77,663.18,662.71,663.07,233.106,154528.44772
BNBUSDT,1751854800000,2025-07-07 02:20:00,2025-07-07 11:20:00,663.07,663.07,662.75,662.85,335.147,222161.69815
BNBUSDT,1751855100000,2025-07-07 02:25:00,2025-07-07 11:25:00,662.85,662.85,662.52,662.53,418.029,277064.71995
BNBUSDT,1751855400000,2025-07-07 02:30:00,2025-07-07 11:30:00,662.53,662.53,662.02,662.19,157.098,104042.88933
BNBUSDT,1751855700000,2025-07-07 02:35:00,2025-07-07 11:35:00,662.19,662.46,662.19,662.31,162.221,107435.44348
BNBUSDT,1751856000000,2025-07-07 02:40:00,2025-07-07 11:40:00,662.3,662.58,662.3,662.57,246.597,163367.84874
BNBUSDT,1751856300000,2025-07-07 02:45:00,2025-07-07 11:45:00,662.56,662.57,662.2,662.21,133.26,88270.27659
BNBUSDT,1751856600000,2025-07-07 02:50:00,2025-07-07 11:50:00,662.21,662.21,661.8,661.99,138.918,91956.2023
BNBUSDT,1751856900000,2025-07-07 02:55:00,2025-07-07 11:55:00,662,662.07,661.84,661.9,148.45,98269.12283
BNBUSDT,1751857200000,2025-07-07 03:00:00,2025-07-07 12:00:00,661.9,661.99,661.81,661.84,101.255,67025.69538
BNBUSDT,1751857500000,2025-07-07 03:05:00,2025-07-07 12:05:00,661.84,662.05,661.83,662.04,186.361,123370.13012
BNBUSDT,1751857800000,2025-07-07 03:10:00,2025-07-07 12:10:00,662.05,662.54,662.04,662.53,258.674,171292.93751
BNBUSDT,1751858100000,2025-07-07 03:15:00,2025-07-07 12:15:00,662.53,662.57,662.36,662.36,274.653,181949.69712
BNBUSDT,1751858400000,2025-07-07 03:20:00,2025-07-07 12:20:00,662.37,662.37,661.9,662.27,145.493,96330.46129
BNBUSDT,1751858700000,2025-07-07 03:25:00,2025-07-07 12:25:00,662.27,663.14,662.26,662.64,913.588,605548.39823
BNBUSDT,1751859000000,2025-07-07 03:30:00,2025-07-07 12:30:00,662.65,662.67,661.92,661.93,145.201,96189.07529
BNBUSDT,1751859300000,2025-07-07 03:35:00,2025-07-07 12:35:00,661.92,662.08,661.35,661.51,218.108,144322.2912
BNBUSDT,1751859600000,2025-07-07 03:40:00,2025-07-07 12:40:00,661.52,661.52,661.1,661.11,86.3,57070.38046
BNBUSDT,1751859900000,2025-07-07 03:45:00,2025-07-07 12:45:00,661.1,661.15,660.8,661,136.658,90327.90512
BNBUSDT,1751860200000,2025-07-07 03:50:00,2025-07-07 12:50:00,660.99,661.04,660.82,660.92,130.451,86214.73912
BNBUSDT,1751860500000,2025-07-07 03:55:00,2025-07-07 12:55:00,660.93,660.99,660.83,660.84,71.003,46924.29682
BNBUSDT,1751860800000,2025-07-07 04:00:00,2025-07-07 13:00:00,660.84,661.19,660.83,661.09,128.406,84874.28508
BNBUSDT,1751861100000,2025-07-07 04:05:00,2025-07-07 13:05:00,661.1,661.1,660.82,660.82,95.969,63426.55114
BNBUSDT,1751861400000,2025-07-07 04:10:00,2025-07-07 13:10:00,660.83,660.94,660.74,660.94,77.219,51028.26486
BNBUSDT,1751861700000,2025-07-07 04:15:00,2025-07-07 13:15:00,660.94,661.05,660.67,660.74,141.02,93189.46773
BNBUSDT,1751862000000,2025-07-07 04:20:00,2025-07-07 13:20:00,660.74,660.75,660.62,660.72,97.033,64109.93248
BNBUSDT,1751862300000,2025-07-07 04:25:00,2025-07-07 13:25:00,660.72,660.8,660.72,660.8,59.204,39119.01516
BNBUSDT,1751862600000,2025-07-07 04:30:00,2025-07-07 13:30:00,660.81,661.3,660.8,661.3,104.043,68769.51508
BNBUSDT,1751862900000,2025-07-07 04:35:00,2025-07-07 13:35:00,661.29,661.45,661.21,661.22,159.837,105708.28335
BNBUSDT,1751863200000,2025-07-07 04:40:00,2025-07-07 13:40:00,661.22,661.22,660.92,661.02,113.338,74926.75638
BNBUSDT,1751863500000,2025-07-07 04:45:00,2025-07-07 13:45:00,661.02,661.2,660.99,661.17,103.682,68545.22099
BNBUSDT,1751863800000,2025-07-07 04:50:00,2025-07-07 13:50:00,661.17,661.2,661.01,661.19,368.038,243326.50967
BNBUSDT,1751864100000,2025-07-07 04:55:00,2025-07-07 13:55:00,661.2,661.21,661.17,661.18,115.173,76151.98231
BNBUSDT,1751864400000,2025-07-07 05:00:00,2025-07-07 14:00:00,661.18,661.26,661.09,661.14,283.836,187664.07655
BNBUSDT,1751864700000,2025-07-07 05:05:00,2025-07-07 14:05:00,661.15,661.15,661.01,661.08,86.239,57008.55453
BNBUSDT,1751865000000,2025-07-07 05:10:00,2025-07-07 14:10:00,661.07,661.12,661.07,661.1,81.131,53635.58731
BNBUSDT,1751865300000,2025-07-07 05:15:00,2025-07-07 14:15:00,661.1,661.12,661.01,661.02,140.438,92840.88196
BNBUSDT,1751865600000,2025-07-07 05:20:00,2025-07-07 14:20:00,661.01,661.26,661,661.25,283.224,187217.29714
BNBUSDT,1751865900000,2025-07-07 05:25:00,2025-07-07 14:25:00,661.26,661.26,661.14,661.15,140.53,92917.45206
BNBUSDT,1751866200000,2025-07-07 05:30:00,2025-07-07 14:30:00,661.15,661.27,661.1,661.26,121.047,80034.66868
BNBUSDT,1751866500000,2025-07-07 05:35:00,2025-07-07 14:35:00,661.27,661.59,661.2,661.21,168.163,111227.67033
BNBUSDT,1751866800000,2025-07-07 05:40:00,2025-07-07 14:40:00,661.21,661.28,661.08,661.17,314.896,208211.87909
BNBUSDT,1751867100000,2025-07-07 05:45:00,2025-07-07 14:45:00,661.16,661.35,661.16,661.27,98.661,65239.70046
BNBUSDT,1751867400000,2025-07-07 05:50:00,2025-07-07 14:50:00,661.26,661.27,661,661.01,191.03,126297.6313
BNBUSDT,1751867700000,2025-07-07 05:55:00,2025-07-07 14:55:00,661.01,661.3,661,661.3,128.213,84754.75118
BNBUSDT,1751868000000,2025-07-07 06:00:00,2025-07-07 15:00:00,661.3,661.38,661.02,661.02,185.014,122341.47285
BNBUSDT,1751868300000,2025-07-07 06:05:00,2025-07-07 15:05:00,661.03,661.2,661.02,661.2,127.123,84041.49336
BNBUSDT,1751868600000,2025-07-07 06:10:00,2025-07-07 15:10:00,661.2,661.75,661.19,661.74,179.872,118964.84858
BNBUSDT,1751868900000,2025-07-07 06:15:00,2025-07-07 15:15:00,661.75,661.93,661.7,661.76,129.498,85699.49681
BNBUSDT,1751869200000,2025-07-07 06:20:00,2025-07-07 15:20:00,661.77,661.92,661.75,661.91,110.553,73166.31777
BNBUSDT,1751869500000,2025-07-07 06:25:00,2025-07-07 15:25:00,661.91,661.94,661.91,661.92,162.443,107525.06878
BNBUSDT,1751869800000,2025-07-07 06:30:00,2025-07-07 15:30:00,661.92,661.92,661.6,661.61,116.359,77002.10618
BNBUSDT,1751870100000,2025-07-07 06:35:00,2025-07-07 15:35:00,661.61,661.61,661.44,661.57,107.243,70946.33037
BNBUSDT,1751870400000,2025-07-07 06:40:00,2025-07-07 15:40:00,661.57,661.57,661.18,661.18,943.706,624187.30735
BNBUSDT,1751870700000,2025-07-07 06:45:00,2025-07-07 15:45:00,661.18,661.54,661.15,661.46,171.801,113608.31982
BNBUSDT,1751871000000,2025-07-07 06:50:00,2025-07-07 15:50:00,661.46,661.49,661.23,661.24,159.094,105220.40464
BNBUSDT,1751871300000,2025-07-07 06:55:00,2025-07-07 15:55:00,661.23,661.36,661.05,661.36,233.045,154083.62767
BNBUSDT,1751871600000,2025-07-07 07:00:00,2025-07-07 16:00:00,661.36,661.55,661.28,661.32,244.148,161471.30875
BNBUSDT,1751871900000,2025-07-07 07:05:00,2025-07-07 16:05:00,661.31,661.52,660.87,661.43,339.819,224683.67687
BNBUSDT,1751872200000,2025-07-07 07:10:00,2025-07-07 16:10:00,661.42,662.54,661.39,662.21,1100.791,728812.89186
BNBUSDT,1751872500000,2025-07-07 07:15:00,2025-07-07 16:15:00,662.21,662.52,662.13,662.14,418.225,276980.36537
BNBUSDT,1751872800000,2025-07-07 07:20:00,2025-07-07 16:20:00,662.13,662.42,662.13,662.35,184.777,122382.30391
BNBUSDT,1751873100000,2025-07-07 07:25:00,2025-07-07 16:25:00,662.35,662.53,662.34,662.51,195.016,129190.56202
BNBUSDT,1751873400000,2025-07-07 07:30:00,2025-07-07 16:30:00,662.52,662.52,662.28,662.47,156.368,103576.54213
BNBUSDT,1751873700000,2025-07-07 07:35:00,2025-07-07 16:35:00,662.46,662.57,662.46,662.57,166.926,110590.73726
BNBUSDT,1751874000000,2025-07-07 07:40:00,2025-07-07 16:40:00,662.56,662.61,662.28,662.4,329.887,218536.24127
BNBUSDT,1751874300000,2025-07-07 07:45:00,2025-07-07 16:45:00,662.41,662.75,662.4,662.65,195.323,129423.73857
BNBUSDT,1751874600000,2025-07-07 07:50:00,2025-07-07 16:50:00,662.64,662.72,662.63,662.72,232.472,154054.40944
BNBUSDT,1751874900000,2025-07-07 07:55:00,2025-07-07 16:55:00,662.71,662.79,662.71,662.78,178.882,118549.22612
BNBUSDT,1751875200000,2025-07-07 08:00:00,2025-07-07 17:00:00,662.79,662.83,662.4,662.41,365.868,242464.3534
BNBUSDT,1751875500000,2025-07-07 08:05:00,2025-07-07 17:05:00,662.41,662.5,662.24,662.3,436.079,288827.80644
BNBUSDT,1751875800000,2025-07-07 08:10:00,2025-07-07 17:10:00,662.31,662.4,662.14,662.23,509.433,337394.42668
BNBUSDT,1751876100000,2025-07-07 08:15:00,2025-07-07 17:15:00,662.22,662.23,661.84,662,421.651,279159.59509
BNBUSDT,1751876400000,2025-07-07 08:20:00,2025-07-07 17:20:00,662.01,662.3,662,662.3,260.119,172240.22154
BNBUSDT,1751876700000,2025-07-07 08:25:00,2025-07-07 17:25:00,662.3,662.32,662.22,662.32,244.981,162245.24848
BNBUSDT,1751877000000,2025-07-07 08:30:00,2025-07-07 17:30:00,662.32,662.97,662.23,662.61,916.575,607371.91558
BNBUSDT,1751877300000,2025-07-07 08:35:00,2025-07-07 17:35:00,662.61,662.91,662.49,662.83,477.454,316413.16659
BNBUSDT,1751877600000,2025-07-07 08:40:00,2025-07-07 17:40:00,662.84,663.01,662.76,662.97,488.091,323556.93269
BNBUSDT,1751877900000,2025-07-07 08:45:00,2025-07-07 17:45:00,662.97,662.97,662.6,662.61,284.791,188756.44262
BNBUSDT,1751878200000,2025-07-07 08:50:00,2025-07-07 17:50:00,662.6,662.75,662.55,662.75,383.421,254064.4236
BNBUSDT,1751878500000,2025-07-07 08:55:00,2025-07-07 17:55:00,662.74,663.42,662.71,663.41,594.424,394106.58895
BNBUSDT,1751878800000,2025-07-07 09:00:00,2025-07-07 18:00:00,663.42,663.5,662.91,663.03,404.812,268456.30798
BNBUSDT,1751879100000,2025-07-07 09:05:00,2025-07-07 18:05:00,663.03,663.13,663.02,663.08,210.635,139669.42181
BNBUSDT,1751879400000,2025-07-07 09:10:00,2025-07-07 18:10:00,663.09,663.2,663.08,663.13,251.829,167007.27529
BNBUSDT,1751879700000,2025-07-07 09:15:00,2025-07-07 18:15:00,663.13,663.39,662.8,662.9,838.513,555988.84866
BNBUSDT,1751880000000,2025-07-07 09:20:00,2025-07-07 18:20:00,662.91,663.41,662.8,662.85,1317.288,873468.57625
BNBUSDT,1751880300000,2025-07-07 09:25:00,2025-07-07 18:25:00,662.84,662.85,662.68,662.69,267.634,177388.69759
BNBUSDT,1751880600000,2025-07-07 09:30:00,2025-07-07 18:30:00,662.69,662.71,662.5,662.55,312.256,206907.83552
BNBUSDT,1751880900000,2025-07-07 09:35:00,2025-07-07 18:35:00,662.56,662.65,662.55,662.59,468.649,310521.60277
BNBUSDT,1751881200000,2025-07-07 09:40:00,2025-07-07 18:40:00,662.59,662.59,662.52,662.54,361.691,239637.75301
BNBUSDT,1751881500000,2025-07-07 09:45:00,2025-07-07 18:45:00,662.54,662.54,662.12,662.29,843.135,558412.39018
BNBUSDT,1751881800000,2025-07-07 09:50:00,2025-07-07 18:50:00,662.3,662.63,662.29,662.38,506.517,335538.05958
BNBUSDT,1751882100000,2025-07-07 09:55:00,2025-07-07 18:55:00,662.39,662.6,662.38,662.48,447.554,296507.40178
BNBUSDT,1751882400000,2025-07-07 10:00:00,2025-07-07 19:00:00,662.48,662.48,661.82,661.83,1327.402,879072.8352
BNBUSDT,1751882700000,2025-07-07 10:05:00,2025-07-07 19:05:00,661.83,662.22,661.71,662.11,1236.139,818317.41516
BNBUSDT,1751883000000,2025-07-07 10:10:00,2025-07-07 19:10:00,662.1,662.32,661.86,662.32,456.942,302519.69885
BNBUSDT,1751883300000,2025-07-07 10:15:00,2025-07-07 19:15:00,662.31,663.15,662.31,662.73,837.12,554775.12922
BNBUSDT,1751883600000,2025-07-07 10:20:00,2025-07-07 19:20:00,662.72,662.8,662.31,662.43,457.525,303134.46135
BNBUSDT,1751883900000,2025-07-07 10:25:00,2025-07-07 19:25:00,662.42,662.43,662.16,662.16,206.76,136926.00912
BNBUSDT,1751884200000,2025-07-07 10:30:00,2025-07-07 19:30:00,662.16,662.16,662.11,662.16,159.893,105867.86605
BNBUSDT,1751884500000,2025-07-07 10:35:00,2025-07-07 19:35:00,662.17,662.28,661.94,661.95,225.876,149572.70194
BNBUSDT,1751884800000,2025-07-07 10:40:00,2025-07-07 19:40:00,661.94,662.08,661.94,662.07,161.137,106671.55822
BNBUSDT,1751885100000,2025-07-07 10:45:00,2025-07-07 19:45:00,662.07,662.17,662.01,662.1,164.908,109180.60259
BNBUSDT,1751885400000,2025-07-07 10:50:00,2025-07-07 19:50:00,662.1,662.1,661.97,661.97,202.461,134042.86465
BNBUSDT,1751885700000,2025-07-07 10:55:00,2025-07-07 19:55:00,661.98,661.98,661.8,661.81,266.466,176355.13039
BNBUSDT,1751886000000,2025-07-07 11:00:00,2025-07-07 20:00:00,661.81,662.01,661.65,662.01,364.269,241083.38968
BNBUSDT,1751886300000,2025-07-07 11:05:00,2025-07-07 20:05:00,662.01,662.1,661.88,662.1,214.323,141875.48731
BNBUSDT,1751886600000,2025-07-07 11:10:00,2025-07-07 20:10:00,662.1,662.1,662.02,662.03,99.239,65701.93716
BNBUSDT,1751886900000,2025-07-07 11:15:00,2025-07-07 20:15:00,662.02,662.03,661.62,661.71,194.555,128744.94697
BNBUSDT,1751887200000,2025-07-07 11:20:00,2025-07-07 20:20:00,661.7,661.85,661.43,661.82,319.692,211500.28377
BNBUSDT,1751887500000,2025-07-07 11:25:00,2025-07-07 20:25:00,661.82,662.56,661.81,662.49,837.216,554403.76482
BNBUSDT,1751887800000,2025-07-07 11:30:00,2025-07-07 20:30:00,662.5,662.53,662,662.16,193.249,127999.1506
BNBUSDT,1751888100000,2025-07-07 11:35:00,2025-07-07 20:35:00,662.17,662.19,662.07,662.07,69.42,45966.80417
BNBUSDT,1751888400000,2025-07-07 11:40:00,2025-07-07 20:40:00,662.08,662.49,662.07,662.35,178.197,118012.57886
BNBUSDT,1751888700000,2025-07-07 11:45:00,2025-07-07 20:45:00,662.36,662.36,662.04,662.04,173.988,115215.96066
BNBUSDT,1751889000000,2025-07-07 11:50:00,2025-07-07 20:50:00,662.05,662.2,662.03,662.2,205.907,136328.155
BNBUSDT,1751889300000,2025-07-07 11:55:00,2025-07-07 20:55:00,662.2,662.39,662.2,662.31,151.482,100332.12171
BNBUSDT,1751889600000,2025-07-07 12:00:00,2025-07-07 21:00:00,662.31,662.31,662.01,662.15,123.043,81474.89362
BNBUSDT,1751889900000,2025-07-07 12:05:00,2025-07-07 21:05:00,662.16,662.16,662.01,662.16,161.82,107142.02314
BNBUSDT,1751890200000,2025-07-07 12:10:00,2025-07-07 21:10:00,662.15,662.16,661.71,661.72,132.23,87515.33421
BNBUSDT,1751890500000,2025-07-07 12:15:00,2025-07-07 21:15:00,661.72,661.73,661,661,362.706,239819.61591
BNBUSDT,1751890800000,2025-07-07 12:20:00,2025-07-07 21:20:00,661.01,661.12,660.7,661.09,596.601,394314.68575
BNBUSDT,1751891100000,2025-07-07 12:25:00,2025-07-07 21:25:00,661.09,661.41,661.09,661.4,323.266,213769.5053
BNBUSDT,1751891400000,2025-07-07 12:30:00,2025-07-07 21:30:00,661.4,661.7,661.4,661.7,432.135,285832.52759
BNBUSDT,1751891700000,2025-07-07 12:35:00,2025-07-07 21:35:00,661.7,662.14,661.45,661.96,465.65,308116.35227
BNBUSDT,1751892000000,2025-07-07 12:40:00,2025-07-07 21:40:00,661.96,662.07,661.79,661.92,358.138,237074.78932
BNBUSDT,1751892300000,2025-07-07 12:45:00,2025-07-07 21:45:00,661.92,662.14,661.92,662,143.099,94743.5832
BNBUSDT,1751892600000,2025-07-07 12:50:00,2025-07-07 21:50:00,662.01,662.01,661.47,661.47,199.437,131973.09198
BNBUSDT,1751892900000,2025-07-07 12:55:00,2025-07-07 21:55:00,661.47,661.49,661.4,661.48,114.464,75713.51984
BNBUSDT,1751893200000,2025-07-07 13:00:00,2025-07-07 22:00:00,661.49,661.7,661.48,661.65,171.291,113325.68491
BNBUSDT,1751893500000,2025-07-07 13:05:00,2025-07-07 22:05:00,661.65,661.92,661.5,661.51,181.047,119792.12095
BNBUSDT,1751893800000,2025-07-07 13:10:00,2025-07-07 22:10:00,661.5,661.51,661.22,661.33,210.886,139462.62091
BNBUSDT,1751894100000,2025-07-07 13:15:00,2025-07-07 22:15:00,661.32,661.33,660.35,660.35,640.825,423392.01365
BNBUSDT,1751894400000,2025-07-07 13:20:00,2025-07-07 22:20:00,660.36,661.29,660.21,661.29,455.471,300921.16749
BNBUSDT,1751894700000,2025-07-07 13:25:00,2025-07-07 22:25:00,661.3,662.21,661.29,662.14,728.323,482053.9463
BNBUSDT,1751895000000,2025-07-07 13:30:00,2025-07-07 22:30:00,662.14,662.4,661.34,661.48,349.449,231302.12308
BNBUSDT,1751895300000,2025-07-07 13:35:00,2025-07-07 22:35:00,661.49,661.58,661.33,661.44,199.514,131971.34363
BNBUSDT,1751895600000,2025-07-07 13:40:00,2025-07-07 22:40:00,661.43,661.57,661.2,661.32,283.657,187595.48594
BNBUSDT,1751895900000,2025-07-07 13:45:00,2025-07-07 22:45:00,661.33,661.58,660.86,661.58,153.542,101534.71088
BNBUSDT,1751896200000,2025-07-07 13:50:00,2025-07-07 22:50:00,661.57,662.13,661.57,662.13,282.536,187005.51833
BNBUSDT,1751896500000,2025-07-07 13:55:00,2025-07-07 22:55:00,662.12,662.6,661.92,662.46,627.337,415533.87022
BNBUSDT,1751896800000,2025-07-07 14:00:00,2025-07-07 23:00:00,662.46,662.6,661.71,662.6,611.421,404904.28343
BNBUSDT,1751897100000,2025-07-07 14:05:00,2025-07-07 23:05:00,662.59,662.7,662.24,662.34,264.23,175045.51612
BNBUSDT,1751897400000,2025-07-07 14:10:00,2025-07-07 23:10:00,662.34,662.37,660.9,661.07,488.979,323433.97029
BNBUSDT,1751897700000,2025-07-07 14:15:00,2025-07-07 23:15:00,661.07,661.3,660.71,661.07,468.416,309607.03102
BNBUSDT,1751898000000,2025-07-07 14:20:00,2025-07-07 23:20:00,661.08,661.44,661,661.41,218.334,144361.506
BNBUSDT,1751898300000,2025-07-07 14:25:00,2025-07-07 23:25:00,661.41,661.48,661,661.01,261.173,172711.34335
BNBUSDT,1751898600000,2025-07-07 14:30:00,2025-07-07 23:30:00,661.01,661.01,659.76,659.77,571.936,377615.92449
BNBUSDT,1751898900000,2025-07-07 14:35:00,2025-07-07 23:35:00,659.77,660.02,659.31,659.41,695.163,458594.5022
BNBUSDT,1751899200000,2025-07-07 14:40:00,2025-07-07 23:40:00,659.42,659.83,659.15,659.5,421.35,277932.49937
BNBUSDT,1751899500000,2025-07-07 14:45:00,2025-07-07 23:45:00,659.5,660.37,659.5,660.28,853.403,563230.56098
BNBUSDT,1751899800000,2025-07-07 14:50:00,2025-07-07 23:50:00,660.28,660.29,659.91,659.97,251.22,165839.53328
BNBUSDT,1751900100000,2025-07-07 14:55:00,2025-07-07 23:55:00,659.96,660,659.77,659.78,171.884,113432.0608
BNBUSDT,1751900400000,2025-07-07 15:00:00,2025-07-08 00:00:00,659.78,660.5,659.78,659.8,247.977,163709.55427
BNBUSDT,1751900700000,2025-07-07 15:05:00,2025-07-08 00:05:00,659.81,660.47,659.51,660.47,245.153,161770.23901
BNBUSDT,1751901000000,2025-07-07 15:10:00,2025-07-08 00:10:00,660.47,660.7,660.39,660.53,250.542,165504.51276
BNBUSDT,1751901300000,2025-07-07 15:15:00,2025-07-08 00:15:00,660.52,660.57,659.6,659.6,176.141,116236.51667
BNBUSDT,1751901600000,2025-07-07 15:20:00,2025-07-08 00:20:00,659.61,659.61,659.25,659.41,149.212,98394.97865
BNBUSDT,1751901900000,2025-07-07 15:25:00,2025-07-08 00:25:00,659.41,660,659.4,659.82,223.679,147600.92865
BNBUSDT,1751902200000,2025-07-07 15:30:00,2025-07-08 00:30:00,659.83,660.1,659.7,659.82,199.373,131567.27266
BNBUSDT,1751902500000,2025-07-07 15:35:00,2025-07-08 00:35:00,659.83,659.86,659.5,659.5,183.386,120964.38511
BNBUSDT,1751902800000,2025-07-07 15:40:00,2025-07-08 00:40:00,659.5,659.51,659.1,659.4,238.041,156937.96426
BNBUSDT,1751903100000,2025-07-07 15:45:00,2025-07-08 00:45:00,659.41,659.5,658.92,659.07,225.672,148751.27439
BNBUSDT,1751903400000,2025-07-07 15:50:00,2025-07-08 00:50:00,659.07,659.09,658.92,659.04,137.153,90378.50906
BNBUSDT,1751903700000,2025-07-07 15:55:00,2025-07-08 00:55:00,659.03,659.13,658.87,659.02,215.481,142008.42113
BNBUSDT,1751904000000,2025-07-07 16:00:00,2025-07-08 01:00:00,659.02,659.02,658.8,658.96,205.554,135439.09314
BNBUSDT,1751904300000,2025-07-07 16:05:00,2025-07-08 01:05:00,658.97,659.1,658.4,658.86,323.916,213383.3745
BNBUSDT,1751904600000,2025-07-07 16:10:00,2025-07-08 01:10:00,658.89,659.05,658.65,658.8,256.62,169065.19623
BNBUSDT,1751904900000,2025-07-07 16:15:00,2025-07-08 01:15:00,658.8,659.62,658.38,658.38,483.133,318457.33714
BNBUSDT,1751905200000,2025-07-07 16:20:00,2025-07-08 01:20:00,658.37,658.47,656.77,657.9,1329.667,874164.28259
BNBUSDT,1751905500000,2025-07-07 16:25:00,2025-07-08 01:25:00,657.9,658.4,657.43,657.61,586.725,385949.27475
BNBUSDT,1751905800000,2025-07-07 16:30:00,2025-07-08 01:30:00,657.62,658.26,657.48,658.16,782.788,514914.10329
BNBUSDT,1751906100000,2025-07-07 16:35:00,2025-07-08 01:35:00,658.16,658.47,657.63,658.14,415.896,273678.88336
BNBUSDT,1751906400000,2025-07-07 16:40:00,2025-07-08 01:40:00,658.14,658.5,658.14,658.47,275.764,181539.53252
BNBUSDT,1751906700000,2025-07-07 16:45:00,2025-07-08 01:45:00,658.48,658.78,657.69,657.75,276.048,181673.10141
BNBUSDT,1751907000000,2025-07-07 16:50:00,2025-07-08 01:50:00,657.74,657.99,657.46,657.6,339.929,223577.29244
BNBUSDT,1751907300000,2025-07-07 16:55:00,2025-07-08 01:55:00,657.6,657.6,657.24,657.37,104.466,68676.39116
BNBUSDT,1751907600000,2025-07-07 17:00:00,2025-07-08 02:00:00,657.38,657.46,657.01,657.07,339.846,223352.46018
BNBUSDT,1751907900000,2025-07-07 17:05:00,2025-07-08 02:05:00,657.08,658.09,656.88,657.6,663.768,436335.59779
BNBUSDT,1751908200000,2025-07-07 17:10:00,2025-07-08 02:10:00,657.6,658.22,657.54,658.16,181.049,119119.79641
BNBUSDT,1751908500000,2025-07-07 17:15:00,2025-07-08 02:15:00,658.16,658.2,657.83,657.94,147.559,97094.96584
BNBUSDT,1751908800000,2025-07-07 17:20:00,2025-07-08 02:20:00,657.94,658.3,657.8,657.88,275.254,181144.25116
BNBUSDT,1751909100000,2025-07-07 17:25:00,2025-07-08 02:25:00,657.87,658.65,657.8,658.65,249.015,163881.65248
BNBUSDT,1751909400000,2025-07-07 17:30:00,2025-07-08 02:30:00,658.65,659.8,658.65,659.07,621.276,409577.55313
BNBUSDT,1751909700000,2025-07-07 17:35:00,2025-07-08 02:35:00,659.08,659.12,658.51,658.71,216.097,142342.33655
BNBUSDT,1751910000000,2025-07-07 17:40:00,2025-07-08 02:40:00,658.72,658.96,658.5,658.81,540.86,356281.82127
BNBUSDT,1751910300000,2025-07-07 17:45:00,2025-07-08 02:45:00,658.82,659.22,658.61,658.87,544.704,358915.30674
BNBUSDT,1751910600000,2025-07-07 17:50:00,2025-07-08 02:50:00,658.88,658.95,658.61,658.71,110.161,72570.283
BNBUSDT,1751910900000,2025-07-07 17:55:00,2025-07-08 02:55:00,658.71,659.11,658.7,659.11,132.231,87128.90787
BNBUSDT,1751911200000,2025-07-07 18:00:00,2025-07-08 03:00:00,659.11,659.21,659,659,92.778,61150.3246
BNBUSDT,1751911500000,2025-07-07 18:05:00,2025-07-08 03:05:00,659,659.26,658.83,659.25,97.29,64119.55943
BNBUSDT,1751911800000,2025-07-07 18:10:00,2025-07-08 03:10:00,659.26,659.67,659.03,659.67,268.617,177110.72844
BNBUSDT,1751912100000,2025-07-07 18:15:00,2025-07-08 03:15:00,659.66,659.67,658.66,658.97,254.054,167468.30444
BNBUSDT,1751912400000,2025-07-07 18:20:00,2025-07-08 03:20:00,658.97,659.7,658.96,659.11,1585.936,1045585.14574
BNBUSDT,1751912700000,2025-07-07 18:25:00,2025-07-08 03:25:00,659.12,659.24,658.5,658.51,215.755,142141.94921
BNBUSDT,1751913000000,2025-07-07 18:30:00,2025-07-08 03:30:00,658.51,659.12,658.5,658.86,485.599,319951.14059
BNBUSDT,1751913300000,2025-07-07 18:35:00,2025-07-08 03:35:00,658.86,659.05,658.7,658.98,474.431,312597.66097
BNBUSDT,1751913600000,2025-07-07 18:40:00,2025-07-08 03:40:00,658.97,659.1,658.94,659.09,130.983,86318.86176
BNBUSDT,1751913900000,2025-07-07 18:45:00,2025-07-08 03:45:00,659.1,659.33,659.09,659.33,84.87,55946.87887
BNBUSDT,1751914200000,2025-07-07 18:50:00,2025-07-08 03:50:00,659.32,660.84,659.32,660.26,1379.001,910434.752
BNBUSDT,1751914500000,2025-07-07 18:55:00,2025-07-08 03:55:00,660.26,660.9,660.25,660.9,310.638,205209.8236
BNBUSDT,1751914800000,2025-07-07 19:00:00,2025-07-08 04:00:00,660.9,661.6,660.6,661.01,598.984,395938.62151
BNBUSDT,1751915100000,2025-07-07 19:05:00,2025-07-08 04:05:00,661.01,661.28,660.86,661.08,158.457,104752.73917
BNBUSDT,1751915400000,2025-07-07 19:10:00,2025-07-08 04:10:00,661.09,661.09,660.87,660.89,356.516,235645.67175
BNBUSDT,1751915700000,2025-07-07 19:15:00,2025-07-08 04:15:00,660.89,661.7,660.85,661.59,383.136,253367.86316
BNBUSDT,1751916000000,2025-07-07 19:20:00,2025-07-08 04:20:00,661.59,661.76,661.55,661.56,127.17,84142.03608
BNBUSDT,1751916300000,2025-07-07 19:25:00,2025-07-08 04:25:00,661.55,661.56,661.52,661.52,58.373,38616.71592
BNBUSDT,1751916600000,2025-07-07 19:30:00,2025-07-08 04:30:00,661.53,661.68,661.52,661.61,83.618,55321.94547
BNBUSDT,1751916900000,2025-07-07 19:35:00,2025-07-08 04:35:00,661.6,661.83,661.5,661.51,104.429,69102.11668
BNBUSDT,1751917200000,2025-07-07 19:40:00,2025-07-08 04:40:00,661.5,661.56,661.07,661.07,173.135,114514.37947
BNBUSDT,1751917500000,2025-07-07 19:45:00,2025-07-08 04:45:00,661.08,661.08,660.61,660.91,221.374,146288.72037
BNBUSDT,1751917800000,2025-07-07 19:50:00,2025-07-08 04:50:00,660.92,661.87,660.92,661.4,409.138,270680.18703
BNBUSDT,1751918100000,2025-07-07 19:55:00,2025-07-08 04:55:00,661.4,661.56,661.3,661.45,121.749,80529.9836
BNBUSDT,1751918400000,2025-07-07 20:00:00,2025-07-08 05:00:00,661.44,661.45,659.74,659.74,899.458,593995.30965
BNBUSDT,1751918700000,2025-07-07 20:05:00,2025-07-08 05:05:00,659.75,660.1,659.71,659.91,199.534,131673.88388
BNBUSDT,1751919000000,2025-07-07 20:10:00,2025-07-08 05:10:00,659.91,659.91,659.36,659.68,132.93,87687.14001
BNBUSDT,1751919300000,2025-07-07 20:15:00,2025-07-08 05:15:00,659.69,659.69,658.9,659.63,292.78,193020.39991
BNBUSDT,1751919600000,2025-07-07 20:20:00,2025-07-08 05:20:00,659.62,660.2,659.37,660.2,165.039,108909.04397
BNBUSDT,1751919900000,2025-07-07 20:25:00,2025-07-08 05:25:00,660.19,660.29,659.92,660.03,132.21,87264.64633
BNBUSDT,1751920200000,2025-07-07 20:30:00,2025-07-08 05:30:00,660.04,660.65,660,660.65,124.238,82032.04084
BNBUSDT,1751920500000,2025-07-07 20:35:00,2025-07-08 05:35:00,660.65,660.65,660.2,660.46,196.697,129902.98119
BNBUSDT,1751920800000,2025-07-07 20:40:00,2025-07-08 05:40:00,660.46,660.46,659.76,659.76,349.82,230946.73827
BNBUSDT,1751921100000,2025-07-07 20:45:00,2025-07-08 05:45:00,659.77,659.77,659.14,659.2,129.277,85242.94345
BNBUSDT,1751921400000,2025-07-07 20:50:00,2025-07-08 05:50:00,659.2,659.46,659.12,659.33,119.242,78618.06315
BNBUSDT,1751921700000,2025-07-07 20:55:00,2025-07-08 05:55:00,659.33,659.33,659.07,659.28,97.898,64532.10725
BNBUSDT,1751922000000,2025-07-07 21:00:00,2025-07-08 06:00:00,659.29,659.4,659.03,659.39,96.169,63398.1611
BNBUSDT,1751922300000,2025-07-07 21:05:00,2025-07-08 06:05:00,659.4,659.47,659.27,659.47,93.881,61908.60575
BNBUSDT,1751922600000,2025-07-07 21:10:00,2025-07-08 06:10:00,659.46,659.52,659.1,659.1,207.91,137085.23119
BNBUSDT,1751922900000,2025-07-07 21:15:00,2025-07-08 06:15:00,659.11,659.17,659,659.01,119.2,78564.38289
BNBUSDT,1751923200000,2025-07-07 21:20:00,2025-07-08 06:20:00,659.01,659.01,658.25,658.25,187.258,123333.80294
BNBUSDT,1751923500000,2025-07-07 21:25:00,2025-07-08 06:25:00,658.26,658.36,658,658.01,190.492,125387.27437
BNBUSDT,1751923800000,2025-07-07 21:30:00,2025-07-08 06:30:00,658.01,659.2,658,658.91,294.127,193640.88955
BNBUSDT,1751924100000,2025-07-07 21:35:00,2025-07-08 06:35:00,658.91,659.85,658.9,659.7,149.092,98312.86607
BNBUSDT,1751924400000,2025-07-07 21:40:00,2025-07-08 06:40:00,659.7,660.02,659.47,659.81,192.366,126914.83782
BNBUSDT,1751924700000,2025-07-07 21:45:00,2025-07-08 06:45:00,659.81,660.12,659.8,660.11,60.352,39827.2152
BNBUSDT,1751925000000,2025-07-07 21:50:00,2025-07-08 06:50:00,660.12,660.48,660.11,660.44,114.883,75862.31084
BNBUSDT,1751925300000,2025-07-07 21:55:00,2025-07-08 06:55:00,660.45,660.5,660.13,660.26,111.436,73588.32954
BNBUSDT,1751925600000,2025-07-07 22:00:00,2025-07-08 07:00:00,660.25,660.42,659.81,659.93,235.734,155594.74278
BNBUSDT,1751925900000,2025-07-07 22:05:00,2025-07-08 07:05:00,659.94,660.34,659.9,660.13,129.011,85162.44797
BNBUSDT,1751926200000,2025-07-07 22:10:00,2025-07-08 07:10:00,660.13,660.28,659.9,660.06,151.521,100011.04383
BNBUSDT,1751926500000,2025-07-07 22:15:00,2025-07-08 07:15:00,660.06,660.28,659.95,659.96,99.47,65670.22903
BNBUSDT,1751926800000,2025-07-07 22:20:00,2025-07-08 07:20:00,659.95,660.01,659.9,659.99,127.267,83990.11765
BNBUSDT,1751927100000,2025-07-07 22:25:00,2025-07-08 07:25:00,660,660,659.61,659.62,176.217,116274.52356
BNBUSDT,1751927400000,2025-07-07 22:30:00,2025-07-08 07:30:00,659.62,660.03,659.61,660.02,209.03,137905.36372
BNBUSDT,1751927700000,2025-07-07 22:35:00,2025-07-08 07:35:00,660.02,660.39,660.02,660.39,129.387,85427.02041
BNBUSDT,1751928000000,2025-07-07 22:40:00,2025-07-08 07:40:00,660.39,660.44,660.11,660.44,212.946,140598.22954
BNBUSDT,1751928300000,2025-07-07 22:45:00,2025-07-08 07:45:00,660.44,660.44,660.1,660.1,95.332,62943.27219
BNBUSDT,1751928600000,2025-07-07 22:50:00,2025-07-08 07:50:00,660.1,660.18,660.03,660.09,112.673,74372.13218
BNBUSDT,1751928900000,2025-07-07 22:55:00,2025-07-08 07:55:00,660.08,660.2,660.08,660.19,36.358,24000.85465
BNBUSDT,1751929200000,2025-07-07 23:00:00,2025-07-08 08:00:00,660.2,660.4,660.19,660.26,136.875,90382.42651
BNBUSDT,1751929500000,2025-07-07 23:05:00,2025-07-08 08:05:00,660.27,660.47,660.27,660.41,68.816,45445.77505
BNBUSDT,1751929800000,2025-07-07 23:10:00,2025-07-08 08:10:00,660.42,660.95,660.41,660.9,327.883,216634.33723
BNBUSDT,1751930100000,2025-07-07 23:15:00,2025-07-08 08:15:00,660.9,661,660.74,660.75,142.514,94187.24457
BNBUSDT,1751930400000,2025-07-07 23:20:00,2025-07-08 08:20:00,660.74,660.83,660.72,660.74,85.19,56289.33314
BNBUSDT,1751930700000,2025-07-07 23:25:00,2025-07-08 08:25:00,660.74,660.74,660.41,660.41,140.676,92926.81732
BNBUSDT,1751931000000,2025-07-07 23:30:00,2025-07-08 08:30:00,660.42,660.89,660.41,660.82,253.915,167731.02226
BNBUSDT,1751931300000,2025-07-07 23:35:00,2025-07-08 08:35:00,660.83,660.83,660.68,660.75,203.33,134352.19243
BNBUSDT,1751931600000,2025-07-07 23:40:00,2025-07-08 08:40:00,660.75,661,660.75,660.81,308.933,204170.86308
BNBUSDT,1751931900000,2025-07-07 23:45:00,2025-07-08 08:45:00,660.81,661.17,660.81,661.1,381.416,252081.9096
BNBUSDT,1751932200000,2025-07-07 23:50:00,2025-07-08 08:50:00,661.11,661.24,661.07,661.24,161.014,106447.18053
BNBUSDT,1751932500000,2025-07-07 23:55:00,2025-07-08 08:55:00,661.24,661.24,661,661.06,337.714,223273.22252
BNBUSDT,1751932800000,2025-07-08 00:00:00,2025-07-08 09:00:00,661.06,661.32,661.05,661.32,240.748,159181.45737
BNBUSDT,1751933100000,2025-07-08 00:05:00,2025-07-08 09:05:00,661.32,661.65,661.2,661.65,204.725,135402.5736
BNBUSDT,1751933400000,2025-07-08 00:10:00,2025-07-08 09:10:00,661.65,662,661.6,662,439.225,290657.83159
BNBUSDT,1751933700000,2025-07-08 00:15:00,2025-07-08 09:15:00,661.99,662.13,661.8,661.81,200.472,132710.30788
BNBUSDT,1751934000000,2025-07-08 00:20:00,2025-07-08 09:20:00,661.8,662,661.8,661.85,106.249,70324.8918
BNBUSDT,1751934300000,2025-07-08 00:25:00,2025-07-08 09:25:00,661.86,662.5,661.85,662.43,317.8,210466.57449
BNBUSDT,1751934600000,2025-07-08 00:30:00,2025-07-08 09:30:00,662.44,662.6,661.72,661.72,476.656,315734.84433
BNBUSDT,1751934900000,2025-07-08 00:35:00,2025-07-08 09:35:00,661.72,661.86,661.72,661.78,374.548,247859.31984
BNBUSDT,1751935200000,2025-07-08 00:40:00,2025-07-08 09:40:00,661.77,662.49,661.77,662.48,265.904,176070.03832
BNBUSDT,1751935500000,2025-07-08 00:45:00,2025-07-08 09:45:00,662.49,662.49,661.5,661.56,498.58,330125.88092
BNBUSDT,1751935800000,2025-07-08 00:50:00,2025-07-08 09:50:00,661.56,661.69,660.95,661.63,541.859,358397.55486
BNBUSDT,1751936100000,2025-07-08 00:55:00,2025-07-08 09:55:00,661.64,661.64,661.23,661.27,284.426,188113.69116
BNBUSDT,1751936400000,2025-07-08 01:00:00,2025-07-08 10:00:00,661.28,661.28,660.3,660.51,248.724,164329.41782
BNBUSDT,1751936700000,2025-07-08 01:05:00,2025-07-08 10:05:00,660.51,660.8,660.46,660.71,230.591,152340.67975
BNBUSDT,1751937000000,2025-07-08 01:10:00,2025-07-08 10:10:00,660.71,660.79,660.57,660.72,227.667,150414.59711
BNBUSDT,1751937300000,2025-07-08 01:15:00,2025-07-08 10:15:00,660.71,660.72,660.37,660.37,168.892,111567.67427
BNBUSDT,1751937600000,2025-07-08 01:20:00,2025-07-08 10:20:00,660.38,660.89,660.37,660.62,104.101,68782.08239
BNBUSDT,1751937900000,2025-07-08 01:25:00,2025-07-08 10:25:00,660.63,660.85,660.38,660.38,111.665,73770.07697
BNBUSDT,1751938200000,2025-07-08 01:30:00,2025-07-08 10:30:00,660.38,660.42,659.9,660.41,356.663,235434.64499
BNBUSDT,1751938500000,2025-07-08 01:35:00,2025-07-08 10:35:00,660.41,660.42,660.04,660.1,251.925,166323.00269
BNBUSDT,1751938800000,2025-07-08 01:40:00,2025-07-08 10:40:00,660.1,660.11,659.14,659.18,462.05,304753.21605
BNBUSDT,1751939100000,2025-07-08 01:45:00,2025-07-08 10:45:00,659.18,659.38,659.07,659.37,129.306,85247.93192
BNBUSDT,1751939400000,2025-07-08 01:50:00,2025-07-08 10:50:00,659.38,659.38,658.35,658.85,939.118,618814.0814
BNBUSDT,1751939700000,2025-07-08 01:55:00,2025-07-08 10:55:00,658.86,659.02,658.45,658.55,221.627,145974.81901
BNBUSDT,1751940000000,2025-07-08 02:00:00,2025-07-08 11:00:00,658.55,658.56,657.5,657.66,478.607,314917.64251
BNBUSDT,1751940300000,2025-07-08 02:05:00,2025-07-08 11:05:00,657.66,657.97,657.65,657.87,232.98,153252.16184
BNBUSDT,1751940600000,2025-07-08 02:10:00,2025-07-08 11:10:00,657.88,658.7,657.87,658.39,493.415,324818.88082
BNBUSDT,1751940900000,2025-07-08 02:15:00,2025-07-08 11:15:00,658.4,659.3,658.1,659.08,827.519,544941.23838
BNBUSDT,1751941200000,2025-07-08 02:20:00,2025-07-08 11:20:00,659.09,659.71,659.04,659.69,419.805,276839.73186
BNBUSDT,1751941500000,2025-07-08 02:25:00,2025-07-08 11:25:00,659.69,659.7,659.56,659.66,115.491,76182.94983
BNBUSDT,1751941800000,2025-07-08 02:30:00,2025-07-08 11:30:00,659.67,659.86,658.72,658.9,473.168,311925.01262
BNBUSDT,1751942100000,2025-07-08 02:35:00,2025-07-08 11:35:00,658.9,659.3,658.73,659.14,299.058,197111.9967
BNBUSDT,1751942400000,2025-07-08 02:40:00,2025-07-08 11:40:00,659.13,659.2,658.72,658.84,146.307,96403.2085
BNBUSDT,1751942700000,2025-07-08 02:45:00,2025-07-08 11:45:00,658.84,659.04,657.63,657.98,746.991,491660.45947
BNBUSDT,1751943000000,2025-07-08 02:50:00,2025-07-08 11:50:00,657.98,658.48,657.74,658.44,569.099,374531.57919
BNBUSDT,1751943300000,2025-07-08 02:55:00,2025-07-08 11:55:00,658.45,658.5,658.22,658.22,97.893,64451.95435
BNBUSDT,1751943600000,2025-07-08 03:00:00,2025-07-08 12:00:00,658.22,658.52,658.1,658.41,125.641,82716.47282
BNBUSDT,1751943900000,2025-07-08 03:05:00,2025-07-08 12:05:00,658.4,658.66,658.37,658.46,171.872,113182.76833
BNBUSDT,1751944200000,2025-07-08 03:10:00,2025-07-08 12:10:00,658.46,658.64,658.43,658.63,100.901,66445.53933
BNBUSDT,1751944500000,2025-07-08 03:15:00,2025-07-08 12:15:00,658.63,658.66,658.61,658.65,111.898,73698.69879
BNBUSDT,1751944800000,2025-07-08 03:20:00,2025-07-08 12:20:00,658.65,659.47,658.65,659.46,240.538,158541.49675
BNBUSDT,1751945100000,2025-07-08 03:25:00,2025-07-08 12:25:00,659.46,659.56,659.3,659.4,134.854,88930.63407
BNBUSDT,1751945400000,2025-07-08 03:30:00,2025-07-08 12:30:00,659.4,659.59,659.31,659.52,108.627,71632.6812
BNBUSDT,1751945700000,2025-07-08 03:35:00,2025-07-08 12:35:00,659.52,659.53,659.32,659.52,172.923,114025.44692
BNBUSDT,1751946000000,2025-07-08 03:40:00,2025-07-08 12:40:00,659.51,659.53,659.4,659.48,174.835,115301.19548
BNBUSDT,1751946300000,2025-07-08 03:45:00,2025-07-08 12:45:00,659.49,659.54,659.3,659.46,149.219,98405.01779
BNBUSDT,1751946600000,2025-07-08 03:50:00,2025-07-08 12:50:00,659.47,659.87,659.41,659.76,118.544,78202.11915
BNBUSDT,1751946900000,2025-07-08 03:55:00,2025-07-08 12:55:00,659.76,659.76,659.52,659.75,269.849,178023.57922
BNBUSDT,1751947200000,2025-07-08 04:00:00,2025-07-08 13:00:00,659.76,659.76,659.35,659.36,232.614,153439.42145
BNBUSDT,1751947500000,2025-07-08 04:05:00,2025-07-08 13:05:00,659.35,659.53,659.24,659.31,130.642,86144.50134
BNBUSDT,1751947800000,2025-07-08 04:10:00,2025-07-08 13:10:00,659.3,659.4,659.17,659.2,156.642,103268.52652
BNBUSDT,1751948100000,2025-07-08 04:15:00,2025-07-08 13:15:00,659.2,659.32,658.75,658.86,384.467,253381.94614
BNBUSDT,1751948400000,2025-07-08 04:20:00,2025-07-08 13:20:00,658.86,658.91,658.8,658.81,125.282,82546.20129
BNBUSDT,1751948700000,2025-07-08 04:25:00,2025-07-08 13:25:00,658.81,658.81,658.64,658.79,121.642,80130.24196
BNBUSDT,1751949000000,2025-07-08 04:30:00,2025-07-08 13:30:00,658.79,659.7,658.79,659.66,247.198,162990.20986
BNBUSDT,1751949300000,2025-07-08 04:35:00,2025-07-08 13:35:00,659.65,659.8,659.58,659.61,120.917,79769.08707
BNBUSDT,1751949600000,2025-07-08 04:40:00,2025-07-08 13:40:00,659.61,659.7,659.52,659.53,117.723,77653.34642
BNBUSDT,1751949900000,2025-07-08 04:45:00,2025-07-08 13:45:00,659.53,659.76,659.43,659.49,122.728,80954.03797
BNBUSDT,1751950200000,2025-07-08 04:50:00,2025-07-08 13:50:00,659.49,659.49,658.92,659.43,189.449,124896.10144
BNBUSDT,1751950500000,2025-07-08 04:55:00,2025-07-08 13:55:00,659.42,659.5,659.38,659.49,364.06,240088.15777
BNBUSDT,1751950800000,2025-07-08 05:00:00,2025-07-08 14:00:00,659.5,659.5,659.02,659.1,474.071,312602.04824
BNBUSDT,1751951100000,2025-07-08 05:05:00,2025-07-08 14:05:00,659.1,659.26,659.09,659.11,116.602,76862.72516
BNBUSDT,1751951400000,2025-07-08 05:10:00,2025-07-08 14:10:00,659.11,659.11,658.87,658.88,95.297,62800.40641
BNBUSDT,1751951700000,2025-07-08 05:15:00,2025-07-08 14:15:00,658.88,659.06,658.76,658.86,171.197,112800.69811
BNBUSDT,1751952000000,2025-07-08 05:20:00,2025-07-08 14:20:00,658.85,659.27,658.85,659.27,142.593,93984.18816
BNBUSDT,1751952300000,2025-07-08 05:25:00,2025-07-08 14:25:00,659.27,659.4,659.17,659.39,124.228,81902.45567
BNBUSDT,1751952600000,2025-07-08 05:30:00,2025-07-08 14:30:00,659.4,659.4,659.2,659.33,85.979,56690.03788
BNBUSDT,1751952900000,2025-07-08 05:35:00,2025-07-08 14:35:00,659.34,659.46,659.21,659.23,192.699,127044.29345
BNBUSDT,1751953200000,2025-07-08 05:40:00,2025-07-08 14:40:00,659.23,659.8,659.23,659.8,1068.016,704398.28306
BNBUSDT,1751953500000,2025-07-08 05:45:00,2025-07-08 14:45:00,659.79,660.1,659.79,659.86,179.107,118199.74643
BNBUSDT,1751953800000,2025-07-08 05:50:00,2025-07-08 14:50:00,659.86,659.91,659.1,659.41,961.048,633897.0096
BNBUSDT,1751954100000,2025-07-08 05:55:00,2025-07-08 14:55:00,659.41,659.45,659.22,659.44,321.502,211988.60629
BNBUSDT,1751954400000,2025-07-08 06:00:00,2025-07-08 15:00:00,659.45,659.55,659.28,659.54,327.294,215821.71922
BNBUSDT,1751954700000,2025-07-08 06:05:00,2025-07-08 15:05:00,659.55,659.75,659.35,659.46,172.896,114038.0005
BNBUSDT,1751955000000,2025-07-08 06:10:00,2025-07-08 15:10:00,659.46,659.8,659.45,659.79,270.532,178449.01153
BNBUSDT,1751955300000,2025-07-08 06:15:00,2025-07-08 15:15:00,659.8,659.92,659.67,659.71,250.443,165243.45971
BNBUSDT,1751955600000,2025-07-08 06:20:00,2025-07-08 15:20:00,659.7,659.88,659.4,659.83,586.247,386711.80084
BNBUSDT,1751955900000,2025-07-08 06:25:00,2025-07-08 15:25:00,659.83,659.84,659.5,659.72,100.136,66058.14144
BNBUSDT,1751956200000,2025-07-08 06:30:00,2025-07-08 15:30:00,659.72,660,659.71,660,171.168,112952.95561
BNBUSDT,1751956500000,2025-07-08 06:35:00,2025-07-08 15:35:00,660,660,659.7,659.79,109.367,72165.76503
BNBUSDT,1751956800000,2025-07-08 06:40:00,2025-07-08 15:40:00,659.79,660.38,659.79,660.37,387.725,255892.8034
BNBUSDT,1751957100000,2025-07-08 06:45:00,2025-07-08 15:45:00,660.37,660.38,660,660.32,264.457,174607.28291
BNBUSDT,1751957400000,2025-07-08 06:50:00,2025-07-08 15:50:00,660.32,660.32,660,660.07,159.193,105089.17755
BNBUSDT,1751957700000,2025-07-08 06:55:00,2025-07-08 15:55:00,660.08,660.08,659.99,660,109.089,72001.93972
BNBUSDT,1751958000000,2025-07-08 07:00:00,2025-07-08 16:00:00,660,660,659.88,659.88,160.415,105870.96869
BNBUSDT,1751958300000,2025-07-08 07:05:00,2025-07-08 16:05:00,659.88,659.92,659.54,659.9,301.84,199143.7237
BNBUSDT,1751958600000,2025-07-08 07:10:00,2025-07-08 16:10:00,659.89,659.9,659.63,659.63,292.149,192768.54984
BNBUSDT,1751958900000,2025-07-08 07:15:00,2025-07-08 16:15:00,659.64,659.7,659.4,659.69,169.268,111640.85509
BNBUSDT,1751959200000,2025-07-08 07:20:00,2025-07-08 16:20:00,659.7,660.09,659.7,660.01,310.742,205074.22901
BNBUSDT,1751959500000,2025-07-08 07:25:00,2025-07-08 16:25:00,660.02,660.29,659.9,660.06,407.33,268872.35935
BNBUSDT,1751959800000,2025-07-08 07:30:00,2025-07-08 16:30:00,660.06,660.43,659.97,660.42,217.591,143656.76191
BNBUSDT,1751960100000,2025-07-08 07:35:00,2025-07-08 16:35:00,660.42,660.43,660.11,660.11,292.599,193207.43233
BNBUSDT,1751960400000,2025-07-08 07:40:00,2025-07-08 16:40:00,660.11,660.12,659.9,659.9,259.846,171500.92993
BNBUSDT,1751960700000,2025-07-08 07:45:00,2025-07-08 16:45:00,659.91,659.91,659.84,659.84,293.921,193943.29401
BNBUSDT,1751961000000,2025-07-08 07:50:00,2025-07-08 16:50:00,659.84,660.1,659.84,659.94,368.728,243349.63814
BNBUSDT,1751961300000,2025-07-08 07:55:00,2025-07-08 16:55:00,659.93,660.14,658.95,659.81,1145.78,755666.96319
BNBUSDT,1751961600000,2025-07-08 08:00:00,2025-07-08 17:00:00,659.8,660.71,659.78,660.22,1174.273,775325.97576
BNBUSDT,1751961900000,2025-07-08 08:05:00,2025-07-08 17:05:00,660.22,660.52,660.12,660.51,343.008,226507.13917
BNBUSDT,1751962200000,2025-07-08 08:10:00,2025-07-08 17:10:00,660.51,660.87,660.39,660.86,390.614,258047.47207
BNBUSDT,1751962500000,2025-07-08 08:15:00,2025-07-08 17:15:00,660.86,660.87,660.64,660.7,301.619,199292.3671
BNBUSDT,1751962800000,2025-07-08 08:20:00,2025-07-08 17:20:00,660.7,660.86,660.69,660.85,284.799,188185.53233
BNBUSDT,1751963100000,2025-07-08 08:25:00,2025-07-08 17:25:00,660.85,660.98,660.85,660.91,263.156,173920.19015
BNBUSDT,1751963400000,2025-07-08 08:30:00,2025-07-08 17:30:00,660.92,661,660.88,660.88,337.897,223335.02713
BNBUSDT,1751963700000,2025-07-08 08:35:00,2025-07-08 17:35:00,660.89,660.89,660.8,660.85,324.567,214486.73158
BNBUSDT,1751964000000,2025-07-08 08:40:00,2025-07-08 17:40:00,660.84,661,660.6,660.62,580.66,383695.70404
BNBUSDT,1751964300000,2025-07-08 08:45:00,2025-07-08 17:45:00,660.62,660.7,660.5,660.68,616.146,407015.61382
BNBUSDT,1751964600000,2025-07-08 08:50:00,2025-07-08 17:50:00,660.68,660.68,660.57,660.57,315.449,208397.11692
BNBUSDT,1751964900000,2025-07-08 08:55:00,2025-07-08 17:55:00,660.58,660.62,660.54,660.61,356.059,235211.66862
BNBUSDT,1751965200000,2025-07-08 09:00:00,2025-07-08 18:00:00,660.6,660.88,660.42,660.87,299.013,197528.7905
BNBUSDT,1751965500000,2025-07-08 09:05:00,2025-07-08 18:05:00,660.88,661,660.69,660.86,500.789,330989.37053
BNBUSDT,1751965800000,2025-07-08 09:10:00,2025-07-08 18:10:00,660.87,660.98,660.86,660.97,262.769,173666.35354
BNBUSDT,1751966100000,2025-07-08 09:15:00,2025-07-08 18:15:00,660.97,661.27,660.97,661.1,686.065,453532.90897
BNBUSDT,1751966400000,2025-07-08 09:20:00,2025-07-08 18:20:00,661.11,661.35,660.8,661.35,663.706,438770.18193
BNBUSDT,1751966700000,2025-07-08 09:25:00,2025-07-08 18:25:00,661.35,661.42,661.1,661.11,638.499,422216.10698
BNBUSDT,1751967000000,2025-07-08 09:30:00,2025-07-08 18:30:00,661.11,661.21,661,661.02,517.699,342259.92614
BNBUSDT,1751967300000,2025-07-08 09:35:00,2025-07-08 18:35:00,661.02,661.36,660.08,660.23,2099.883,1387453.31314
BNBUSDT,1751967600000,2025-07-08 09:40:00,2025-07-08 18:40:00,660.23,660.54,660.22,660.53,522.934,345307.65484
BNBUSDT,1751967900000,2025-07-08 09:45:00,2025-07-08 18:45:00,660.54,660.56,660.35,660.36,547.796,361803.00603
BNBUSDT,1751968200000,2025-07-08 09:50:00,2025-07-08 18:50:00,660.37,660.37,660.11,660.26,831.055,548720.77719
BNBUSDT,1751968500000,2025-07-08 09:55:00,2025-07-08 18:55:00,660.27,660.43,660.26,660.37,593.422,391875.48157
BNBUSDT,1751968800000,2025-07-08 10:00:00,2025-07-08 19:00:00,660.37,660.44,659.27,659.98,1475.586,973482.9072
BNBUSDT,1751969100000,2025-07-08 10:05:00,2025-07-08 19:05:00,659.99,659.99,659.43,659.6,1297.149,855700.22516
BNBUSDT,1751969400000,2025-07-08 10:10:00,2025-07-08 19:10:00,659.61,659.61,659.4,659.41,487.955,321807.06898
BNBUSDT,1751969700000,2025-07-08 10:15:00,2025-07-08 19:15:00,659.41,660.7,659.26,660.34,1705.664,1125577.80616
BNBUSDT,1751970000000,2025-07-08 10:20:00,2025-07-08 19:20:00,660.35,660.61,660.34,660.55,465.984,307766.20733
BNBUSDT,1751970300000,2025-07-08 10:25:00,2025-07-08 19:25:00,660.54,660.55,660,660.01,346.386,228686.12798
BNBUSDT,1751970600000,2025-07-08 10:30:00,2025-07-08 19:30:00,660.01,660.48,660,660.47,219.202,144709.81871
BNBUSDT,1751970900000,2025-07-08 10:35:00,2025-07-08 19:35:00,660.48,660.83,660.47,660.82,373.516,246751.40099
BNBUSDT,1751971200000,2025-07-08 10:40:00,2025-07-08 19:40:00,660.83,661,660.63,660.89,327.257,216263.63919
BNBUSDT,1751971500000,2025-07-08 10:45:00,2025-07-08 19:45:00,660.88,660.89,660.45,660.59,373.808,246931.86325
BNBUSDT,1751971800000,2025-07-08 10:50:00,2025-07-08 19:50:00,660.6,660.62,660.52,660.57,220.728,145805.67167
BNBUSDT,1751972100000,2025-07-08 10:55:00,2025-07-08 19:55:00,660.58,660.61,659.98,659.99,285.899,188772.78711
BNBUSDT,1751972400000,2025-07-08 11:00:00,2025-07-08 20:00:00,659.99,660.67,659.99,660.67,321.12,212005.63701
BNBUSDT,1751972700000,2025-07-08 11:05:00,2025-07-08 20:05:00,660.66,661.4,660.66,660.8,498.164,329303.85646
BNBUSDT,1751973000000,2025-07-08 11:10:00,2025-07-08 20:10:00,660.8,661,660.75,660.82,219.829,145266.6208
BNBUSDT,1751973300000,2025-07-08 11:15:00,2025-07-08 20:15:00,660.82,660.92,660.56,660.84,160.94,106323.52788
BNBUSDT,1751973600000,2025-07-08 11:20:00,2025-07-08 20:20:00,660.86,661.15,660.85,661.01,159.84,105664.79684
BNBUSDT,1751973900000,2025-07-08 11:25:00,2025-07-08 20:25:00,661.01,661.01,660.7,660.89,126.69,83724.1208
BNBUSDT,1751974200000,2025-07-08 11:30:00,2025-07-08 20:30:00,660.89,661.05,660.63,660.99,230.238,152162.29803
BNBUSDT,1751974500000,2025-07-08 11:35:00,2025-07-08 20:35:00,660.99,661,660.82,660.92,140.46,92837.52621
BNBUSDT,1751974800000,2025-07-08 11:40:00,2025-07-08 20:40:00,660.92,661.69,660.92,661.37,977.645,646616.7321
BNBUSDT,1751975100000,2025-07-08 11:45:00,2025-07-08 20:45:00,661.36,661.44,661.17,661.27,292.347,193315.11661
BNBUSDT,1751975400000,2025-07-08 11:50:00,2025-07-08 20:50:00,661.27,661.28,661.12,661.13,164.625,108852.34426
BNBUSDT,1751975700000,2025-07-08 11:55:00,2025-07-08 20:55:00,661.13,661.23,661.07,661.11,167.072,110458.87443
BNBUSDT,1751976000000,2025-07-08 12:00:00,2025-07-08 21:00:00,661.11,661.42,661.11,661.29,280.886,185747.48326
BNBUSDT,1751976300000,2025-07-08 12:05:00,2025-07-08 21:05:00,661.29,661.41,661.27,661.41,135.017,89288.19121
BNBUSDT,1751976600000,2025-07-08 12:10:00,2025-07-08 21:10:00,661.41,661.5,661.33,661.5,128.815,85196.63727
BNBUSDT,1751976900000,2025-07-08 12:15:00,2025-07-08 21:15:00,661.49,661.5,661.13,661.13,154.643,102268.8359
BNBUSDT,1751977200000,2025-07-08 12:20:00,2025-07-08 21:20:00,661.13,661.29,661.11,661.11,131.796,87139.26722
BNBUSDT,1751977500000,2025-07-08 12:25:00,2025-07-08 21:25:00,661.12,661.12,660.67,660.78,204.737,135292.96124
BNBUSDT,1751977800000,2025-07-08 12:30:00,2025-07-08 21:30:00,660.78,661.06,660.77,661,424.654,280661.07162
BNBUSDT,1751978100000,2025-07-08 12:35:00,2025-07-08 21:35:00,661.01,661.01,660.25,660.26,479.506,316777.30061
BNBUSDT,1751978400000,2025-07-08 12:40:00,2025-07-08 21:40:00,660.26,660.35,660.06,660.14,196.386,129661.49992
BNBUSDT,1751978700000,2025-07-08 12:45:00,2025-07-08 21:45:00,660.15,660.73,660.15,660.61,296.109,195606.46221
BNBUSDT,1751979000000,2025-07-08 12:50:00,2025-07-08 21:50:00,660.6,661.07,660.6,661.07,209.196,138255.72782
BNBUSDT,1751979300000,2025-07-08 12:55:00,2025-07-08 21:55:00,661.07,661.21,661.06,661.21,111.264,73556.52229
BNBUSDT,1751979600000,2025-07-08 13:00:00,2025-07-08 22:00:00,661.21,661.21,660.66,660.68,307.083,202975.72653
BNBUSDT,1751979900000,2025-07-08 13:05:00,2025-07-08 22:05:00,660.68,660.99,660.68,660.85,226.723,149831.96987
BNBUSDT,1751980200000,2025-07-08 13:10:00,2025-07-08 22:10:00,660.85,660.85,660.37,660.49,253.974,167765.14192
BNBUSDT,1751980500000,2025-07-08 13:15:00,2025-07-08 22:15:00,660.5,660.53,660.44,660.47,212.981,140669.78977
BNBUSDT,1751980800000,2025-07-08 13:20:00,2025-07-08 22:20:00,660.48,660.83,660.47,660.82,374.519,247442.21235
BNBUSDT,1751981100000,2025-07-08 13:25:00,2025-07-08 22:25:00,660.82,660.91,660.74,660.74,165.339,109259.61106
BNBUSDT,1751981400000,2025-07-08 13:30:00,2025-07-08 22:30:00,660.75,660.75,660.27,660.28,330.397,218198.6707
BNBUSDT,1751981700000,2025-07-08 13:35:00,2025-07-08 22:35:00,660.28,660.5,660.1,660.1,176.183,116334.30046
BNBUSDT,1751982000000,2025-07-08 13:40:00,2025-07-08 22:40:00,660.1,661.1,660.1,661.1,393.551,260022.51699
BNBUSDT,1751982300000,2025-07-08 13:45:00,2025-07-08 22:45:00,661.09,661.83,661.09,661.42,558.366,369388.73666
BNBUSDT,1751982600000,2025-07-08 13:50:00,2025-07-08 22:50:00,661.43,661.51,661.05,661.5,364.439,241009.13404
BNBUSDT,1751982900000,2025-07-08 13:55:00,2025-07-08 22:55:00,661.5,661.78,661.43,661.61,403.167,266747.45016
BNBUSDT,1751983200000,2025-07-08 14:00:00,2025-07-08 23:00:00,661.61,661.61,661.13,661.25,304.83,201604.42644
BNBUSDT,1751983500000,2025-07-08 14:05:00,2025-07-08 23:05:00,661.24,661.34,660.29,660.65,485.655,320820.39214
BNBUSDT,1751983800000,2025-07-08 14:10:00,2025-07-08 23:10:00,660.66,660.74,659.76,660.13,484.592,319893.72008
BNBUSDT,1751984100000,2025-07-08 14:15:00,2025-07-08 23:15:00,660.13,660.46,659.61,659.97,205.901,135904.26754
BNBUSDT,1751984400000,2025-07-08 14:20:00,2025-07-08 23:20:00,659.99,660.1,659.3,659.3,203.502,134275.13176
BNBUSDT,1751984700000,2025-07-08 14:25:00,2025-07-08 23:25:00,659.31,659.83,659.27,659.65,153.253,101090.1064
BNBUSDT,1751985000000,2025-07-08 14:30:00,2025-07-08 23:30:00,659.66,660,659.59,659.99,168.492,111174.01136
BNBUSDT,1751985300000,2025-07-08 14:35:00,2025-07-08 23:35:00,659.99,660.34,659.78,660.21,206.65,136416.03501
BNBUSDT,1751985600000,2025-07-08 14:40:00,2025-07-08 23:40:00,660.21,660.37,659.89,659.93,189.824,125306.3788
BNBUSDT,1751985900000,2025-07-08 14:45:00,2025-07-08 23:45:00,659.93,660.03,659.3,659.68,263.225,173657.55483
BNBUSDT,1751986200000,2025-07-08 14:50:00,2025-07-08 23:50:00,659.68,659.89,658.55,658.72,509.284,335660.32472
BNBUSDT,1751986500000,2025-07-08 14:55:00,2025-07-08 23:55:00,658.73,658.77,658.11,658.34,728.92,479990.719
BNBUSDT,1751986800000,2025-07-08 15:00:00,2025-07-09 00:00:00,658.34,658.76,658.13,658.65,424.029,279237.99723
BNBUSDT,1751987100000,2025-07-08 15:05:00,2025-07-09 00:05:00,658.65,659.2,658.6,658.61,223.381,147183.53977
BNBUSDT,1751987400000,2025-07-08 15:10:00,2025-07-09 00:10:00,658.6,659,658.6,658.92,181.55,119604.69717
BNBUSDT,1751987700000,2025-07-08 15:15:00,2025-07-09 00:15:00,658.92,659.4,658.91,659.27,117.947,77750.4742
BNBUSDT,1751988000000,2025-07-08 15:20:00,2025-07-09 00:20:00,659.26,659.3,658.4,658.41,216.465,142607.40749
BNBUSDT,1751988300000,2025-07-08 15:25:00,2025-07-09 00:25:00,658.41,658.42,657.77,657.78,477.944,314537.28673
BNBUSDT,1751988600000,2025-07-08 15:30:00,2025-07-09 00:30:00,657.78,658.25,657.64,657.83,441.322,290355.54599
BNBUSDT,1751988900000,2025-07-08 15:35:00,2025-07-09 00:35:00,657.84,658.4,657.8,658.36,217.74,143279.13498
BNBUSDT,1751989200000,2025-07-08 15:40:00,2025-07-09 00:40:00,658.36,658.5,658.22,658.28,277.999,183029.09183
BNBUSDT,1751989500000,2025-07-08 15:45:00,2025-07-09 00:45:00,658.27,658.4,658.13,658.23,211.879,139474.15184
BNBUSDT,1751989800000,2025-07-08 15:50:00,2025-07-09 00:50:00,658.24,658.25,658.08,658.08,93.075,61258.40582
BNBUSDT,1751990100000,2025-07-08 15:55:00,2025-07-09 00:55:00,658.08,658.2,658,658.18,151.053,99416.16013
BNBUSDT,1751990400000,2025-07-08 16:00:00,2025-07-09 01:00:00,658.17,658.77,658.12,658.74,236.418,155659.65627
BNBUSDT,1751990700000,2025-07-08 16:05:00,2025-07-09 01:05:00,658.73,658.74,658,658,202.815,133502.58686
BNBUSDT,1751991000000,2025-07-08 16:10:00,2025-07-09 01:10:00,658.01,658.01,657.5,657.5,279.49,183825.29304
BNBUSDT,1751991300000,2025-07-08 16:15:00,2025-07-09 01:15:00,657.51,657.74,657.36,657.63,272.307,179063.9922
BNBUSDT,1751991600000,2025-07-08 16:20:00,2025-07-09 01:20:00,657.63,659.2,657.63,659.19,481.695,317075.00649
BNBUSDT,1751991900000,2025-07-08 16:25:00,2025-07-09 01:25:00,659.19,659.61,659.17,659.29,222.044,146402.42926
BNBUSDT,1751992200000,2025-07-08 16:30:00,2025-07-09 01:30:00,659.3,659.46,658.3,658.3,280.357,184759.3985
BNBUSDT,1751992500000,2025-07-08 16:35:00,2025-07-09 01:35:00,658.31,658.49,657.84,658.28,114.088,75090.36098
BNBUSDT,1751992800000,2025-07-08 16:40:00,2025-07-09 01:40:00,658.29,658.67,658.28,658.53,237.356,156312.90962
BNBUSDT,1751993100000,2025-07-08 16:45:00,2025-07-09 01:45:00,658.52,658.53,658.1,658.13,152.669,100502.0318
BNBUSDT,1751993400000,2025-07-08 16:50:00,2025-07-09 01:50:00,658.13,658.56,658.13,658.49,325.184,214094.58151
BNBUSDT,1751993700000,2025-07-08 16:55:00,2025-07-09 01:55:00,658.5,658.69,658.39,658.68,241.224,158865.57803
BNBUSDT,1751994000000,2025-07-08 17:00:00,2025-07-09 02:00:00,658.69,659.24,658.65,659.18,142.349,93789.01236
BNBUSDT,1751994300000,2025-07-08 17:05:00,2025-07-09 02:05:00,659.19,660.91,659.19,660.59,955.656,631057.8705
BNBUSDT,1751994600000,2025-07-08 17:10:00,2025-07-09 02:10:00,660.58,661.22,660.4,660.86,610.784,403660.52611
BNBUSDT,1751994900000,2025-07-08 17:15:00,2025-07-09 02:15:00,660.87,661.28,660.31,660.46,885.155,585012.89139
BNBUSDT,1751995200000,2025-07-08 17:20:00,2025-07-09 02:20:00,660.47,661.45,660.47,661.25,441.897,292064.8959
BNBUSDT,1751995500000,2025-07-08 17:25:00,2025-07-09 02:25:00,661.25,661.46,660.9,660.96,434.964,287586.51636
BNBUSDT,1751995800000,2025-07-08 17:30:00,2025-07-09 02:30:00,660.96,661.37,660.57,660.61,310.1,204968.29391
BNBUSDT,1751996100000,2025-07-08 17:35:00,2025-07-09 02:35:00,660.6,660.8,660.6,660.68,193.582,127897.14339
BNBUSDT,1751996400000,2025-07-08 17:40:00,2025-07-09 02:40:00,660.68,660.77,660.55,660.7,192.936,127472.20781
BNBUSDT,1751996700000,2025-07-08 17:45:00,2025-07-09 02:45:00,660.7,661.22,660.61,661.22,242.12,160024.66896
BNBUSDT,1751997000000,2025-07-08 17:50:00,2025-07-09 02:50:00,661.22,661.61,661.17,661.39,293.476,194114.02682
BNBUSDT,1751997300000,2025-07-08 17:55:00,2025-07-09 02:55:00,661.38,661.45,660.83,660.83,302.632,200065.17737
BNBUSDT,1751997600000,2025-07-08 18:00:00,2025-07-09 03:00:00,660.84,662,660.83,661.49,888.198,587518.33078
BNBUSDT,1751997900000,2025-07-08 18:05:00,2025-07-09 03:05:00,661.5,661.56,661.42,661.42,147.852,97798.81547
BNBUSDT,1751998200000,2025-07-08 18:10:00,2025-07-09 03:10:00,661.42,661.62,661.42,661.61,224.159,148296.78359
BNBUSDT,1751998500000,2025-07-08 18:15:00,2025-07-09 03:15:00,661.62,661.67,661.4,661.48,201.407,133241.00329
BNBUSDT,1751998800000,2025-07-08 18:20:00,2025-07-09 03:20:00,661.49,661.67,661.34,661.53,152.687,100996.38143
BNBUSDT,1751999100000,2025-07-08 18:25:00,2025-07-09 03:25:00,661.54,661.55,661.3,661.5,183.245,121212.08959
BNBUSDT,1751999400000,2025-07-08 18:30:00,2025-07-09 03:30:00,661.5,661.52,661.3,661.44,240.766,159238.43734
BNBUSDT,1751999700000,2025-07-08 18:35:00,2025-07-09 03:35:00,661.45,661.58,661.23,661.34,126.175,83458.2372
BNBUSDT,1752000000000,2025-07-08 18:40:00,2025-07-09 03:40:00,661.33,661.83,661.31,661.78,450.243,297880.96454
BNBUSDT,1752000300000,2025-07-08 18:45:00,2025-07-09 03:45:00,661.78,661.78,661.13,661.13,176.028,116467.12126
BNBUSDT,1752000600000,2025-07-08 18:50:00,2025-07-09 03:50:00,661.13,661.57,661.13,661.56,96.728,63973.4243
BNBUSDT,1752000900000,2025-07-08 18:55:00,2025-07-09 03:55:00,661.57,661.81,661.56,661.76,180.661,119546.86872
BNBUSDT,1752001200000,2025-07-08 19:00:00,2025-07-09 04:00:00,661.77,661.98,661.59,661.59,195.485,129375.26021
BNBUSDT,1752001500000,2025-07-08 19:05:00,2025-07-09 04:05:00,661.6,661.6,661.3,661.41,127.241,84163.0573
BNBUSDT,1752001800000,2025-07-08 19:10:00,2025-07-09 04:10:00,661.41,661.56,661.38,661.46,121.262,80211.24702
BNBUSDT,1752002100000,2025-07-08 19:15:00,2025-07-09 04:15:00,661.47,661.69,661.22,661.22,177.423,117357.28051
BNBUSDT,1752002400000,2025-07-08 19:20:00,2025-07-09 04:20:00,661.23,661.23,661.12,661.12,56.336,37249.4465
BNBUSDT,1752002700000,2025-07-08 19:25:00,2025-07-09 04:25:00,661.13,661.3,660.87,660.9,545.312,360497.60119
BNBUSDT,1752003000000,2025-07-08 19:30:00,2025-07-09 04:30:00,660.89,660.95,660.36,660.6,267.631,176797.76043
BNBUSDT,1752003300000,2025-07-08 19:35:00,2025-07-09 04:35:00,660.6,660.89,660.44,660.58,145.317,96004.32664
BNBUSDT,1752003600000,2025-07-08 19:40:00,2025-07-09 04:40:00,660.58,660.8,660.57,660.79,159.585,105439.00855
BNBUSDT,1752003900000,2025-07-08 19:45:00,2025-07-09 04:45:00,660.8,661.26,660.7,661.2,60.158,39762.27349
BNBUSDT,1752004200000,2025-07-08 19:50:00,2025-07-09 04:50:00,661.19,661.2,660.53,660.6,85.207,56315.77616
BNBUSDT,1752004500000,2025-07-08 19:55:00,2025-07-09 04:55:00,660.6,660.97,660.56,660.96,102.029,67408.01439
BNBUSDT,1752004800000,2025-07-08 20:00:00,2025-07-09 05:00:00,660.96,660.98,660.8,660.8,267.042,176482.8584
BNBUSDT,1752005100000,2025-07-08 20:05:00,2025-07-09 05:05:00,660.8,660.88,660.65,660.73,78.887,52128.4692
BNBUSDT,1752005400000,2025-07-08 20:10:00,2025-07-09 05:10:00,660.74,660.74,660.36,660.36,84.045,55517.9965
BNBUSDT,1752005700000,2025-07-08 20:15:00,2025-07-09 05:15:00,660.37,660.39,660,660.08,117.404,77513.17371
BNBUSDT,1752006000000,2025-07-08 20:20:00,2025-07-09 05:20:00,660.08,660.59,659.96,660.59,218.119,144009.95728
BNBUSDT,1752006300000,2025-07-08 20:25:00,2025-07-09 05:25:00,660.59,660.8,660.5,660.5,99.806,65930.61966
BNBUSDT,1752006600000,2025-07-08 20:30:00,2025-07-09 05:30:00,660.51,660.57,660.1,660.1,156.099,103082.20706
BNBUSDT,1752006900000,2025-07-08 20:35:00,2025-07-09 05:35:00,660.1,660.21,660.04,660.04,36.328,23981.98468
BNBUSDT,1752007200000,2025-07-08 20:40:00,2025-07-09 05:40:00,660.04,660.1,659.95,659.99,93.122,61463.94395
BNBUSDT,1752007500000,2025-07-08 20:45:00,2025-07-09 05:45:00,660,660.11,659.37,659.37,146.139,96416.59268
BNBUSDT,1752007800000,2025-07-08 20:50:00,2025-07-09 05:50:00,659.38,659.52,658.97,659.27,461.977,304531.90051
BNBUSDT,1752008100000,2025-07-08 20:55:00,2025-07-09 05:55:00,659.28,659.29,658.8,658.81,248.884,164032.34119
BNBUSDT,1752008400000,2025-07-08 21:00:00,2025-07-09 06:00:00,658.81,658.81,658.14,658.59,591.327,389369.05215
BNBUSDT,1752008700000,2025-07-08 21:05:00,2025-07-09 06:05:00,658.6,658.95,658.5,658.6,288.327,189934.1031
BNBUSDT,1752009000000,2025-07-08 21:10:00,2025-07-09 06:10:00,658.61,658.61,658.2,658.2,136.343,89785.99453
BNBUSDT,1752009300000,2025-07-08 21:15:00,2025-07-09 06:15:00,658.21,658.3,658.01,658.02,227.394,149653.67637
BNBUSDT,1752009600000,2025-07-08 21:20:00,2025-07-09 06:20:00,658.01,658.01,657.76,657.76,259.2,170532.46573
BNBUSDT,1752009900000,2025-07-08 21:25:00,2025-07-09 06:25:00,657.77,658.13,657.75,658.12,161.941,106536.01965
BNBUSDT,1752010200000,2025-07-08 21:30:00,2025-07-09 06:30:00,658.12,658.79,658.12,658.53,244.257,160862.61399
BNBUSDT,1752010500000,2025-07-08 21:35:00,2025-07-09 06:35:00,658.53,658.79,658.43,658.76,94.14,61995.07294
BNBUSDT,1752010800000,2025-07-08 21:40:00,2025-07-09 06:40:00,658.76,659.5,658.4,659.49,452.477,298192.23683
BNBUSDT,1752011100000,2025-07-08 21:45:00,2025-07-09 06:45:00,659.5,659.6,659.15,659.6,141.691,93431.71149
BNBUSDT,1752011400000,2025-07-08 21:50:00,2025-07-09 06:50:00,659.59,659.75,659.59,659.74,42.347,27933.70435
BNBUSDT,1752011700000,2025-07-08 21:55:00,2025-07-09 06:55:00,659.75,659.9,659.52,659.85,101.78,67146.29024
BNBUSDT,1752012000000,2025-07-08 22:00:00,2025-07-09 07:00:00,659.84,660.1,659.43,659.59,128.154,84560.72084
BNBUSDT,1752012300000,2025-07-08 22:05:00,2025-07-09 07:05:00,659.58,659.58,658.99,659.01,78.881,51988.22235
BNBUSDT,1752012600000,2025-07-08 22:10:00,2025-07-09 07:10:00,659.01,659.05,658.73,658.79,94.314,62138.73592
BNBUSDT,1752012900000,2025-07-08 22:15:00,2025-07-09 07:15:00,658.79,658.93,658.78,658.93,55.564,36610.11397
BNBUSDT,1752013200000,2025-07-08 22:20:00,2025-07-09 07:20:00,658.93,658.94,658.93,658.94,50.814,33482.99591
BNBUSDT,1752013500000,2025-07-08 22:25:00,2025-07-09 07:25:00,658.93,658.99,658.93,658.99,77.504,51070.26978
BNBUSDT,1752013800000,2025-07-08 22:30:00,2025-07-09 07:30:00,659,659.5,658.93,659.48,88.347,58234.70289
BNBUSDT,1752014100000,2025-07-08 22:35:00,2025-07-09 07:35:00,659.48,659.5,659.48,659.49,64.632,42624.37811
BNBUSDT,1752014400000,2025-07-08 22:40:00,2025-07-09 07:40:00,659.48,659.76,659.48,659.75,130.312,85952.93663
BNBUSDT,1752014700000,2025-07-08 22:45:00,2025-07-09 07:45:00,659.76,659.8,659.69,659.79,59.475,39238.12021
BNBUSDT,1752015000000,2025-07-08 22:50:00,2025-07-09 07:50:00,659.79,659.8,659.79,659.79,55.714,36759.87857
BNBUSDT,1752015300000,2025-07-08 22:55:00,2025-07-09 07:55:00,659.8,660.12,659.79,660.07,218.018,143884.95457
BNBUSDT,1752015600000,2025-07-08 23:00:00,2025-07-09 08:00:00,660.06,660.11,659.85,659.86,131.709,86934.51779
BNBUSDT,1752015900000,2025-07-08 23:05:00,2025-07-09 08:05:00,659.85,660.06,659.51,660.03,130.68,86222.64096
BNBUSDT,1752016200000,2025-07-08 23:10:00,2025-07-09 08:10:00,660.03,660.3,659.97,660.3,104.323,68870.72901
BNBUSDT,1752016500000,2025-07-08 23:15:00,2025-07-09 08:15:00,660.31,660.49,660.31,660.46,110.778,73160.66398
BNBUSDT,1752016800000,2025-07-08 23:20:00,2025-07-09 08:20:00,660.46,660.57,660.34,660.45,152.132,100474.71118
BNBUSDT,1752017100000,2025-07-08 23:25:00,2025-07-09 08:25:00,660.44,660.45,659.9,659.92,742.852,490388.56318
BNBUSDT,1752017400000,2025-07-08 23:30:00,2025-07-09 08:30:00,659.92,660.3,659.92,660.23,88.073,58135.34336
BNBUSDT,1752017700000,2025-07-08 23:35:00,2025-07-09 08:35:00,660.24,660.5,660.16,660.49,76.821,50726.14847
BNBUSDT,1752018000000,2025-07-08 23:40:00,2025-07-09 08:40:00,660.49,660.6,660.49,660.55,82.792,54689.92326
BNBUSDT,1752018300000,2025-07-08 23:45:00,2025-07-09 08:45:00,660.54,660.78,660.54,660.77,71.762,47407.98608
BNBUSDT,1752018600000,2025-07-08 23:50:00,2025-07-09 08:50:00,660.77,660.78,660.73,660.74,47.611,31458.56418
BNBUSDT,1752018900000,2025-07-08 23:55:00,2025-07-09 08:55:00,660.73,660.74,660.49,660.63,115.033,75991.06653
BNBUSDT,1752019200000,2025-07-09 00:00:00,2025-07-09 09:00:00,660.63,660.73,660.42,660.43,185.691,122672.73806
BNBUSDT,1752019500000,2025-07-09 00:05:00,2025-07-09 09:05:00,660.43,660.73,660.43,660.73,200.647,132548.12026
BNBUSDT,1752019800000,2025-07-09 00:10:00,2025-07-09 09:10:00,660.73,660.73,660.1,660.32,188.37,124394.58976
BNBUSDT,1752020100000,2025-07-09 00:15:00,2025-07-09 09:15:00,660.33,660.63,660.22,660.48,147.353,97311.36729
BNBUSDT,1752020400000,2025-07-09 00:20:00,2025-07-09 09:20:00,660.48,660.58,660.4,660.41,121.35,80153.53613
BNBUSDT,1752020700000,2025-07-09 00:25:00,2025-07-09 09:25:00,660.41,660.41,660.23,660.31,112.877,74533.1043
BNBUSDT,1752021000000,2025-07-09 00:30:00,2025-07-09 09:30:00,660.3,660.33,660.06,660.28,158.606,104718.30004
BNBUSDT,1752021300000,2025-07-09 00:35:00,2025-07-09 09:35:00,660.29,660.5,660.23,660.49,74.765,49372.11419
BNBUSDT,1752021600000,2025-07-09 00:40:00,2025-07-09 09:40:00,660.5,660.96,660.49,660.91,226.263,149519.76056
BNBUSDT,1752021900000,2025-07-09 00:45:00,2025-07-09 09:45:00,660.91,661.1,660.91,661.09,134.067,88619.73199
BNBUSDT,1752022200000,2025-07-09 00:50:00,2025-07-09 09:50:00,661.09,661.46,661.01,661.45,509.982,337217.62587
BNBUSDT,1752022500000,2025-07-09 00:55:00,2025-07-09 09:55:00,661.46,661.58,661.4,661.58,151.983,100535.67261
BNBUSDT,1752022800000,2025-07-09 01:00:00,2025-07-09 10:00:00,661.58,661.82,661.5,661.7,554.619,366964.00881
BNBUSDT,1752023100000,2025-07-09 01:05:00,2025-07-09 10:05:00,661.71,662.43,661.71,662.23,834.929,552800.29274
BNBUSDT,1752023400000,2025-07-09 01:10:00,2025-07-09 10:10:00,662.24,662.3,661.95,662.27,281.688,186518.26063
BNBUSDT,1752023700000,2025-07-09 01:15:00,2025-07-09 10:15:00,662.27,662.27,661.5,661.51,183.251,121288.2507
BNBUSDT,1752024000000,2025-07-09 01:20:00,2025-07-09 10:20:00,661.5,661.5,660.76,661.16,262.974,173859.72603
BNBUSDT,1752024300000,2025-07-09 01:25:00,2025-07-09 10:25:00,661.16,661.2,660.73,660.73,135.71,89704.56652
BNBUSDT,1752024600000,2025-07-09 01:30:00,2025-07-09 10:30:00,660.73,660.79,660.56,660.79,209.628,138495.24551
BNBUSDT,1752024900000,2025-07-09 01:35:00,2025-07-09 10:35:00,660.79,660.9,660.52,660.69,131.645,86982.27251
BNBUSDT,1752025200000,2025-07-09 01:40:00,2025-07-09 10:40:00,660.7,660.78,660.61,660.73,148.28,97968.88061
BNBUSDT,1752025500000,2025-07-09 01:45:00,2025-07-09 10:45:00,660.74,660.74,660.15,660.3,165.136,109054.68533
BNBUSDT,1752025800000,2025-07-09 01:50:00,2025-07-09 10:50:00,660.3,660.41,660.17,660.4,127.776,84373.01498
BNBUSDT,1752026100000,2025-07-09 01:55:00,2025-07-09 10:55:00,660.41,660.69,660.4,660.67,187.703,123980.44145
BNBUSDT,1752026400000,2025-07-09 02:00:00,2025-07-09 11:00:00,660.67,660.88,660.52,660.87,147.611,97526.51833
BNBUSDT,1752026700000,2025-07-09 02:05:00,2025-07-09 11:05:00,660.88,661.95,660.88,661.63,401.051,265333.61806
BNBUSDT,1752027000000,2025-07-09 02:10:00,2025-07-09 11:10:00,661.64,661.8,661.56,661.72,149.225,98741.29861
BNBUSDT,1752027300000,2025-07-09 02:15:00,2025-07-09 11:15:00,661.72,661.81,661.41,661.59,180.464,119406.33431
BNBUSDT,1752027600000,2025-07-09 02:20:00,2025-07-09 11:20:00,661.58,661.65,661.35,661.64,451.983,298968.00053
BNBUSDT,1752027900000,2025-07-09 02:25:00,2025-07-09 11:25:00,661.65,661.7,661.36,661.42,234.634,155227.7173
BNBUSDT,1752028200000,2025-07-09 02:30:00,2025-07-09 11:30:00,661.42,661.8,661.41,661.64,567.788,375649.12013
BNBUSDT,1752028500000,2025-07-09 02:35:00,2025-07-09 11:35:00,661.64,661.78,661.43,661.72,741.611,490688.69973
BNBUSDT,1752028800000,2025-07-09 02:40:00,2025-07-09 11:40:00,661.72,662.1,661.72,662.01,376.169,248994.97758
BNBUSDT,1752029100000,2025-07-09 02:45:00,2025-07-09 11:45:00,662.01,662.18,661.6,661.92,565.786,374512.84994
BNBUSDT,1752029400000,2025-07-09 02:50:00,2025-07-09 11:50:00,661.93,661.93,661.66,661.73,266.923,176649.91
BNBUSDT,1752029700000,2025-07-09 02:55:00,2025-07-09 11:55:00,661.73,661.73,661.53,661.53,115.951,76715.86657
BNBUSDT,1752030000000,2025-07-09 03:00:00,2025-07-09 12:00:00,661.54,661.79,661.51,661.63,433.34,286695.89973
BNBUSDT,1752030300000,2025-07-09 03:05:00,2025-07-09 12:05:00,661.62,661.81,661.36,661.68,445.642,294853.66548
BNBUSDT,1752030600000,2025-07-09 03:10:00,2025-07-09 12:10:00,661.68,661.75,661.39,661.45,485.671,321271.3989
BNBUSDT,1752030900000,2025-07-09 03:15:00,2025-07-09 12:15:00,661.45,661.72,660.83,661.62,414.495,274131.40756
BNBUSDT,1752031200000,2025-07-09 03:20:00,2025-07-09 12:20:00,661.62,661.77,661.5,661.5,217.915,144191.47482
BNBUSDT,1752031500000,2025-07-09 03:25:00,2025-07-09 12:25:00,661.5,661.57,661.29,661.57,104.884,69374.19766
BNBUSDT,1752031800000,2025-07-09 03:30:00,2025-07-09 12:30:00,661.57,661.59,661.36,661.4,174.576,115476.43747
BNBUSDT,1752032100000,2025-07-09 03:35:00,2025-07-09 12:35:00,661.41,661.64,661.24,661.63,78.696,52048.11712
BNBUSDT,1752032400000,2025-07-09 03:40:00,2025-07-09 12:40:00,661.64,661.64,661.41,661.42,100.136,66242.52195
BNBUSDT,1752032700000,2025-07-09 03:45:00,2025-07-09 12:45:00,661.43,661.83,661.3,661.73,188.176,124504.78501
BNBUSDT,1752033000000,2025-07-09 03:50:00,2025-07-09 12:50:00,661.74,661.84,661.69,661.72,141.23,93463.92428
BNBUSDT,1752033300000,2025-07-09 03:55:00,2025-07-09 12:55:00,661.72,661.79,661.6,661.61,116.345,76985.45665
BNBUSDT,1752033600000,2025-07-09 04:00:00,2025-07-09 13:00:00,661.61,661.62,661.33,661.34,209.135,138357.79692
BNBUSDT,1752033900000,2025-07-09 04:05:00,2025-07-09 13:05:00,661.34,661.61,661.27,661.6,134.539,88990.3923
BNBUSDT,1752034200000,2025-07-09 04:10:00,2025-07-09 13:10:00,661.61,661.61,661.3,661.31,76.419,50555.56097
BNBUSDT,1752034500000,2025-07-09 04:15:00,2025-07-09 13:15:00,661.31,661.59,661.3,661.42,97.42,64437.38241
BNBUSDT,1752034800000,2025-07-09 04:20:00,2025-07-09 13:20:00,661.42,661.84,661.42,661.7,457.691,302862.62614
BNBUSDT,1752035100000,2025-07-09 04:25:00,2025-07-09 13:25:00,661.7,661.7,661.49,661.66,326.564,216035.98577
BNBUSDT,1752035400000,2025-07-09 04:30:00,2025-07-09 13:30:00,661.66,661.85,661.65,661.82,103.691,68619.42133
BNBUSDT,1752035700000,2025-07-09 04:35:00,2025-07-09 13:35:00,661.82,661.9,661.72,661.9,101.206,66976.7633
BNBUSDT,1752036000000,2025-07-09 04:40:00,2025-07-09 13:40:00,661.89,662.05,661.89,661.91,146.987,97302.58024
BNBUSDT,1752036300000,2025-07-09 04:45:00,2025-07-09 13:45:00,661.9,661.91,661.34,661.89,670.604,443700.39911
BNBUSDT,1752036600000,2025-07-09 04:50:00,2025-07-09 13:50:00,661.89,661.95,661.88,661.95,111.152,73572.16737
BNBUSDT,1752036900000,2025-07-09 04:55:00,2025-07-09 13:55:00,661.95,662.11,661.94,662.1,116.937,77410.11963
BNBUSDT,1752037200000,2025-07-09 05:00:00,2025-07-09 14:00:00,662.1,662.59,662.1,662.35,419.629,277977.93034
BNBUSDT,1752037500000,2025-07-09 05:05:00,2025-07-09 14:05:00,662.35,662.59,662.26,662.3,309.546,205054.50397
BNBUSDT,1752037800000,2025-07-09 05:10:00,2025-07-09 14:10:00,662.29,662.44,662.29,662.33,96.362,63827.62249
BNBUSDT,1752038100000,2025-07-09 05:15:00,2025-07-09 14:15:00,662.33,662.56,662.33,662.51,92.6,61344.46492
BNBUSDT,1752038400000,2025-07-09 05:20:00,2025-07-09 14:20:00,662.5,662.51,662.34,662.45,99.978,66227.30917
BNBUSDT,1752038700000,2025-07-09 05:25:00,2025-07-09 14:25:00,662.45,662.46,662.24,662.25,57.96,38390.74504
BNBUSDT,1752039000000,2025-07-09 05:30:00,2025-07-09 14:30:00,662.25,662.4,662.12,662.39,208.202,137888.9596
BNBUSDT,1752039300000,2025-07-09 05:35:00,2025-07-09 14:35:00,662.39,664,662.39,663.38,1211.038,803118.82846
BNBUSDT,1752039600000,2025-07-09 05:40:00,2025-07-09 14:40:00,663.38,664,663.38,664,492.672,327026.85322
BNBUSDT,1752039900000,2025-07-09 05:45:00,2025-07-09 14:45:00,664,664.09,663.03,663.9,1030.277,683657.03688
BNBUSDT,1752040200000,2025-07-09 05:50:00,2025-07-09 14:50:00,663.9,664.05,663.89,663.95,297.452,197497.84346
BNBUSDT,1752040500000,2025-07-09 05:55:00,2025-07-09 14:55:00,663.96,664.13,663.95,664.12,116.666,77472.25329
BNBUSDT,1752040800000,2025-07-09 06:00:00,2025-07-09 15:00:00,664.13,664.5,664.08,664.32,566.441,376283.41234
BNBUSDT,1752041100000,2025-07-09 06:05:00,2025-07-09 15:05:00,664.33,664.55,664.32,664.35,545.285,362318.3994
BNBUSDT,1752041400000,2025-07-09 06:10:00,2025-07-09 15:10:00,664.35,664.35,663.82,663.9,247.949,164666.96317
BNBUSDT,1752041700000,2025-07-09 06:15:00,2025-07-09 15:15:00,663.89,664,663.7,664,260.657,173030.11228
BNBUSDT,1752042000000,2025-07-09 06:20:00,2025-07-09 15:20:00,663.99,664,663.69,663.7,104.469,69349.0293
BNBUSDT,1752042300000,2025-07-09 06:25:00,2025-07-09 15:25:00,663.7,663.7,663.6,663.66,105.915,70291.42371
BNBUSDT,1752042600000,2025-07-09 06:30:00,2025-07-09 15:30:00,663.66,663.76,663.65,663.65,152.027,100896.59313
BNBUSDT,1752042900000,2025-07-09 06:35:00,2025-07-09 15:35:00,663.66,663.66,663.52,663.52,99.864,66267.10793
BNBUSDT,1752043200000,2025-07-09 06:40:00,2025-07-09 15:40:00,663.53,663.53,663.09,663.3,202.905,134577.73353
BNBUSDT,1752043500000,2025-07-09 06:45:00,2025-07-09 15:45:00,663.3,663.42,663.29,663.42,72.955,48395.56977
BNBUSDT,1752043800000,2025-07-09 06:50:00,2025-07-09 15:50:00,663.42,663.72,663.42,663.71,507.692,336871.20426
BNBUSDT,1752044100000,2025-07-09 06:55:00,2025-07-09 15:55:00,663.71,663.72,663.56,663.57,137.059,90952.77754
BNBUSDT,1752044400000,2025-07-09 07:00:00,2025-07-09 16:00:00,663.57,663.64,663.32,663.46,162.762,107993.81436
BNBUSDT,1752044700000,2025-07-09 07:05:00,2025-07-09 16:05:00,663.46,663.46,663.3,663.31,147.096,97579.87505
BNBUSDT,1752045000000,2025-07-09 07:10:00,2025-07-09 16:10:00,663.3,663.3,662.84,662.85,104.259,69119.04782
BNBUSDT,1752045300000,2025-07-09 07:15:00,2025-07-09 16:15:00,662.85,663.17,662.63,663.1,313.854,208043.41502
BNBUSDT,1752045600000,2025-07-09 07:20:00,2025-07-09 16:20:00,663.11,663.14,662.88,662.89,139.978,92803.99824
BNBUSDT,1752045900000,2025-07-09 07:25:00,2025-07-09 16:25:00,662.89,663.12,662.8,663,264.65,175458.30208
BNBUSDT,1752046200000,2025-07-09 07:30:00,2025-07-09 16:30:00,663,663.01,662.84,662.96,160.618,106476.98281
BNBUSDT,1752046500000,2025-07-09 07:35:00,2025-07-09 16:35:00,662.96,662.96,662.62,662.63,92.414,61245.44817
BNBUSDT,1752046800000,2025-07-09 07:40:00,2025-07-09 16:40:00,662.63,662.63,662.37,662.37,130.457,86426.27966
BNBUSDT,1752047100000,2025-07-09 07:45:00,2025-07-09 16:45:00,662.38,663,662.37,662.57,422.962,280311.96143
BNBUSDT,1752047400000,2025-07-09 07:50:00,2025-07-09 16:50:00,662.56,662.72,662.56,662.71,128.084,84880.15714
BNBUSDT,1752047700000,2025-07-09 07:55:00,2025-07-09 16:55:00,662.72,662.72,662.57,662.61,177.071,117332.59665
BNBUSDT,1752048000000,2025-07-09 08:00:00,2025-07-09 17:00:00,662.6,662.85,662.6,662.84,110.024,72906.65982
BNBUSDT,1752048300000,2025-07-09 08:05:00,2025-07-09 17:05:00,662.85,662.87,662.76,662.77,114.217,75706.74143
BNBUSDT,1752048600000,2025-07-09 08:10:00,2025-07-09 17:10:00,662.76,662.77,662.56,662.56,284.191,188319.92294
BNBUSDT,1752048900000,2025-07-09 08:15:00,2025-07-09 17:15:00,662.56,662.57,662.23,662.35,408.406,270512.04283
BNBUSDT,1752049200000,2025-07-09 08:20:00,2025-07-09 17:20:00,662.35,662.35,661.69,661.69,370.122,245011.15344
BNBUSDT,1752049500000,2025-07-09 08:25:00,2025-07-09 17:25:00,661.7,661.9,661.69,661.89,189.351,125298.43099
BNBUSDT,1752049800000,2025-07-09 08:30:00,2025-07-09 17:30:00,661.9,662.28,661.7,661.92,521.998,345530.14913
BNBUSDT,1752050100000,2025-07-09 08:35:00,2025-07-09 17:35:00,661.93,661.95,661.7,661.7,111.254,73633.08852
BNBUSDT,1752050400000,2025-07-09 08:40:00,2025-07-09 17:40:00,661.7,661.76,661.7,661.75,78.039,51641.98023
BNBUSDT,1752050700000,2025-07-09 08:45:00,2025-07-09 17:45:00,661.76,661.84,661.48,661.56,635.957,420830.91194
BNBUSDT,1752051000000,2025-07-09 08:50:00,2025-07-09 17:50:00,661.56,661.6,661.18,661.18,331.974,219557.71164
BNBUSDT,1752051300000,2025-07-09 08:55:00,2025-07-09 17:55:00,661.17,661.2,660.94,660.96,268.851,177739.53682
BNBUSDT,1752051600000,2025-07-09 09:00:00,2025-07-09 18:00:00,660.96,660.96,660.52,660.52,386.666,255488.85431
BNBUSDT,1752051900000,2025-07-09 09:05:00,2025-07-09 18:05:00,660.52,660.53,660.18,660.28,409.638,270491.07546
BNBUSDT,1752052200000,2025-07-09 09:10:00,2025-07-09 18:10:00,660.28,660.28,660,660.01,274.757,181359.96674
BNBUSDT,1752052500000,2025-07-09 09:15:00,2025-07-09 18:15:00,660.01,660.65,660,660.41,402.394,265691.79818
BNBUSDT,1752052800000,2025-07-09 09:20:00,2025-07-09 18:20:00,660.41,660.66,660.4,660.66,340.507,224935.6128
BNBUSDT,1752053100000,2025-07-09 09:25:00,2025-07-09 18:25:00,660.66,660.68,660.31,660.36,114.332,75505.23067
BNBUSDT,1752053400000,2025-07-09 09:30:00,2025-07-09 18:30:00,660.36,660.36,660.2,660.21,155.763,102847.96971
BNBUSDT,1752053700000,2025-07-09 09:35:00,2025-07-09 18:35:00,660.2,660.28,660.13,660.14,269.989,178250.38572
BNBUSDT,1752054000000,2025-07-09 09:40:00,2025-07-09 18:40:00,660.14,660.17,659.96,660.17,605.654,399763.84298
BNBUSDT,1752054300000,2025-07-09 09:45:00,2025-07-09 18:45:00,660.17,660.4,660.07,660.39,210.034,138660.25077
BNBUSDT,1752054600000,2025-07-09 09:50:00,2025-07-09 18:50:00,660.4,660.4,660.19,660.21,250.068,165110.75648
BNBUSDT,1752054900000,2025-07-09 09:55:00,2025-07-09 18:55:00,660.22,660.3,660.18,660.19,85.466,56427.30611
BNBUSDT,1752055200000,2025-07-09 10:00:00,2025-07-09 19:00:00,660.19,660.19,659.97,659.97,187.859,123991.62236
BNBUSDT,1752055500000,2025-07-09 10:05:00,2025-07-09 19:05:00,659.97,660.01,659.71,660,264.423,174483.88252
BNBUSDT,1752055800000,2025-07-09 10:10:00,2025-07-09 19:10:00,660.01,660.12,659.85,660.04,368.419,243147.05657
BNBUSDT,1752056100000,2025-07-09 10:15:00,2025-07-09 19:15:00,660.04,660.1,659.9,659.92,211.355,139496.34792
BNBUSDT,1752056400000,2025-07-09 10:20:00,2025-07-09 19:20:00,659.91,660.2,659.91,660.19,177.868,117402.12756
BNBUSDT,1752056700000,2025-07-09 10:25:00,2025-07-09 19:25:00,660.2,660.2,659.05,659.47,782.629,516150.87334
BNBUSDT,1752057000000,2025-07-09 10:30:00,2025-07-09 19:30:00,659.48,659.57,659.33,659.57,249.547,164563.44229
BNBUSDT,1752057300000,2025-07-09 10:35:00,2025-07-09 19:35:00,659.57,659.8,659.5,659.8,310.972,205127.58026
BNBUSDT,1752057600000,2025-07-09 10:40:00,2025-07-09 19:40:00,659.8,660.31,659.79,660.12,761.886,502876.72669
BNBUSDT,1752057900000,2025-07-09 10:45:00,2025-07-09 19:45:00,660.12,660.25,660.07,660.25,314.07,207324.78765
BNBUSDT,1752058200000,2025-07-09 10:50:00,2025-07-09 19:50:00,660.25,660.57,660.24,660.39,219.308,144834.40992
BNBUSDT,1752058500000,2025-07-09 10:55:00,2025-07-09 19:55:00,660.39,660.65,660.38,660.65,141.178,93252.23496
BNBUSDT,1752058800000,2025-07-09 11:00:00,2025-07-09 20:00:00,660.65,660.84,660.64,660.73,215.878,142634.92482
BNBUSDT,1752059100000,2025-07-09 11:05:00,2025-07-09 20:05:00,660.74,661.3,660.74,661.22,360.885,238543.69366
BNBUSDT,1752059400000,2025-07-09 11:10:00,2025-07-09 20:10:00,661.22,661.23,660.98,660.98,191.764,126786.42117
BNBUSDT,1752059700000,2025-07-09 11:15:00,2025-07-09 20:15:00,660.99,661.08,660.85,661.03,471.634,311721.16601
BNBUSDT,1752060000000,2025-07-09 11:20:00,2025-07-09 20:20:00,661.03,661.03,660.87,660.93,267.467,176773.57097
BNBUSDT,1752060300000,2025-07-09 11:25:00,2025-07-09 20:25:00,660.94,660.94,660.89,660.92,163.205,107865.19862
BNBUSDT,1752060600000,2025-07-09 11:30:00,2025-07-09 20:30:00,660.92,661.2,660.91,661.09,225.816,149293.67305
BNBUSDT,1752060900000,2025-07-09 11:35:00,2025-07-09 20:35:00,661.1,661.52,661.1,661.37,426.549,282094.04771
BNBUSDT,1752061200000,2025-07-09 11:40:00,2025-07-09 20:40:00,661.37,661.7,661.15,661.69,257.135,170055.4422
BNBUSDT,1752061500000,2025-07-09 11:45:00,2025-07-09 20:45:00,661.7,662.27,661.69,662.08,424.813,281220.47057
BNBUSDT,1752061800000,2025-07-09 11:50:00,2025-07-09 20:50:00,662.09,662.09,661.91,661.95,228.209,151077.29193
BNBUSDT,1752062100000,2025-07-09 11:55:00,2025-07-09 20:55:00,661.94,661.95,661.24,661.35,230.032,152162.78859
BNBUSDT,1752062400000,2025-07-09 12:00:00,2025-07-09 21:00:00,661.35,661.84,661.34,661.8,292.81,193702.48811
BNBUSDT,1752062700000,2025-07-09 12:05:00,2025-07-09 21:05:00,661.8,662.14,661.6,661.81,638.223,422412.93802
BNBUSDT,1752063000000,2025-07-09 12:10:00,2025-07-09 21:10:00,661.8,662.24,660.68,661.41,1659.186,1097560.53254
BNBUSDT,1752063300000,2025-07-09 12:15:00,2025-07-09 21:15:00,661.41,662.05,661.32,661.9,865.781,572862.64381
BNBUSDT,1752063600000,2025-07-09 12:20:00,2025-07-09 21:20:00,661.9,662.1,661.74,662.09,465.102,307854.71365
BNBUSDT,1752063900000,2025-07-09 12:25:00,2025-07-09 21:25:00,662.1,662.1,661.8,662.03,353.263,233850.49135
BNBUSDT,1752064200000,2025-07-09 12:30:00,2025-07-09 21:30:00,662.04,662.29,661.82,662,454.474,300910.90261
BNBUSDT,1752064500000,2025-07-09 12:35:00,2025-07-09 21:35:00,662,662.31,661.77,662.31,660.303,437094.84959
BNBUSDT,1752064800000,2025-07-09 12:40:00,2025-07-09 21:40:00,662.31,662.5,662.3,662.5,340.558,225590.14963
BNBUSDT,1752065100000,2025-07-09 12:45:00,2025-07-09 21:45:00,662.5,662.6,662.1,662.22,389.179,257757.60077
BNBUSDT,1752065400000,2025-07-09 12:50:00,2025-07-09 21:50:00,662.22,662.39,662.13,662.14,224.234,148505.79203
BNBUSDT,1752065700000,2025-07-09 12:55:00,2025-07-09 21:55:00,662.14,662.24,662,662.23,226.766,150146.94884
BNBUSDT,1752066000000,2025-07-09 13:00:00,2025-07-09 22:00:00,662.23,662.54,662.2,662.53,130.704,86581.13468
BNBUSDT,1752066300000,2025-07-09 13:05:00,2025-07-09 22:05:00,662.54,662.92,662.53,662.85,544.797,361086.64066
BNBUSDT,1752066600000,2025-07-09 13:10:00,2025-07-09 22:10:00,662.85,662.92,662.72,662.9,471.747,312695.37917
BNBUSDT,1752066900000,2025-07-09 13:15:00,2025-07-09 22:15:00,662.9,662.98,662.68,662.81,708.53,469612.98106
BNBUSDT,1752067200000,2025-07-09 13:20:00,2025-07-09 22:20:00,662.8,662.81,662.4,662.57,362.649,240298.21104
BNBUSDT,1752067500000,2025-07-09 13:25:00,2025-07-09 22:25:00,662.57,662.58,662.27,662.31,235.212,155793.8425
BNBUSDT,1752067800000,2025-07-09 13:30:00,2025-07-09 22:30:00,662.31,662.66,662.3,662.4,505.567,334927.17827
BNBUSDT,1752068100000,2025-07-09 13:35:00,2025-07-09 22:35:00,662.4,662.6,662.14,662.6,301.68,199812.74258
BNBUSDT,1752068400000,2025-07-09 13:40:00,2025-07-09 22:40:00,662.6,662.73,662.3,662.47,313.305,207578.03652
BNBUSDT,1752068700000,2025-07-09 13:45:00,2025-07-09 22:45:00,662.48,663.02,662.47,663.02,926.076,613819.3161
BNBUSDT,1752069000000,2025-07-09 13:50:00,2025-07-09 22:50:00,663.01,663.02,662.16,662.29,344.482,228211.06978
BNBUSDT,1752069300000,2025-07-09 13:55:00,2025-07-09 22:55:00,662.28,662.41,661.9,662.06,438.661,290460.93805
BNBUSDT,1752069600000,2025-07-09 14:00:00,2025-07-09 23:00:00,662.06,662.07,661.53,661.53,399.931,264659.6973
BNBUSDT,1752069900000,2025-07-09 14:05:00,2025-07-09 23:05:00,661.54,662.23,661.47,662,303.908,201136.52743
BNBUSDT,1752070200000,2025-07-09 14:10:00,2025-07-09 23:10:00,662.01,662.29,661.86,662.2,170.673,113010.11563
BNBUSDT,1752070500000,2025-07-09 14:15:00,2025-07-09 23:15:00,662.2,662.64,662.19,662.64,243.753,161482.82508
BNBUSDT,1752070800000,2025-07-09 14:20:00,2025-07-09 23:20:00,662.63,663.13,662.63,663.13,396.707,262986.45929
BNBUSDT,1752071100000,2025-07-09 14:25:00,2025-07-09 23:25:00,663.13,663.46,662.11,662.11,838.301,555831.82655
BNBUSDT,1752071400000,2025-07-09 14:30:00,2025-07-09 23:30:00,662.11,662.11,660.77,661.34,884.429,584902.61294
BNBUSDT,1752071700000,2025-07-09 14:35:00,2025-07-09 23:35:00,661.34,661.34,660.26,660.9,630,416179.41709
BNBUSDT,1752072000000,2025-07-09 14:40:00,2025-07-09 23:40:00,660.89,661.34,660.83,661.33,841.222,556112.67884
BNBUSDT,1752072300000,2025-07-09 14:45:00,2025-07-09 23:45:00,661.34,661.63,660.6,660.9,560,370238.99855
BNBUSDT,1752072600000,2025-07-09 14:50:00,2025-07-09 23:50:00,660.9,661.68,660.8,661.31,466.305,308366.04768
BNBUSDT,1752072900000,2025-07-09 14:55:00,2025-07-09 23:55:00,661.31,662.15,661.31,661.85,644.099,426287.38519
BNBUSDT,1752073200000,2025-07-09 15:00:00,2025-07-10 00:00:00,661.85,662.4,661.79,662.32,621.23,411365.81923
BNBUSDT,1752073500000,2025-07-09 15:05:00,2025-07-10 00:05:00,662.32,662.37,662.12,662.28,202.999,134441.94896
BNBUSDT,1752073800000,2025-07-09 15:10:00,2025-07-10 00:10:00,662.27,662.37,661.62,661.7,224.738,148794.14926
BNBUSDT,1752074100000,2025-07-09 15:15:00,2025-07-10 00:15:00,661.69,662.69,661.69,662.57,1372.339,908916.37244
BNBUSDT,1752074400000,2025-07-09 15:20:00,2025-07-10 00:20:00,662.56,662.79,662.47,662.75,257.88,170870.81677
BNBUSDT,1752074700000,2025-07-09 15:25:00,2025-07-10 00:25:00,662.75,662.98,662.75,662.92,346.99,230016.09124
BNBUSDT,1752075000000,2025-07-09 15:30:00,2025-07-10 00:30:00,662.92,663.06,662.82,662.86,339.713,225206.37306
BNBUSDT,1752075300000,2025-07-09 15:35:00,2025-07-10 00:35:00,662.86,663,660.11,662.65,3268.827,2163149.18279
BNBUSDT,1752075600000,2025-07-09 15:40:00,2025-07-10 00:40:00,662.64,662.7,662.42,662.42,298.387,197711.6221
BNBUSDT,1752075900000,2025-07-09 15:45:00,2025-07-10 00:45:00,662.43,662.66,662.43,662.48,312.353,206957.38588
BNBUSDT,1752076200000,2025-07-09 15:50:00,2025-07-10 00:50:00,662.48,662.5,662.3,662.33,247.03,163646.91173
BNBUSDT,1752076500000,2025-07-09 15:55:00,2025-07-10 00:55:00,662.33,662.46,662.23,662.46,148.519,98371.43686
BNBUSDT,1752076800000,2025-07-09 16:00:00,2025-07-10 01:00:00,662.46,663,662.45,662.68,794.325,526429.45507
BNBUSDT,1752077100000,2025-07-09 16:05:00,2025-07-10 01:05:00,662.68,662.78,662.64,662.71,219.084,145192.9658
BNBUSDT,1752077400000,2025-07-09 16:10:00,2025-07-10 01:10:00,662.72,663.19,662.71,663.03,319.967,212126.30431
BNBUSDT,1752077700000,2025-07-09 16:15:00,2025-07-10 01:15:00,663.03,663.17,662.82,663.17,164.465,109045.45937
BNBUSDT,1752078000000,2025-07-09 16:20:00,2025-07-10 01:20:00,663.17,663.17,662.45,662.73,581.944,385678.75841
BNBUSDT,1752078300000,2025-07-09 16:25:00,2025-07-10 01:25:00,662.73,663,662.73,662.87,306.005,202847.65566
BNBUSDT,1752078600000,2025-07-09 16:30:00,2025-07-10 01:30:00,662.88,663.21,662.87,663.21,249.085,165160.40056
BNBUSDT,1752078900000,2025-07-09 16:35:00,2025-07-10 01:35:00,663.2,663.24,663.08,663.08,138.817,92057.60463
BNBUSDT,1752079200000,2025-07-09 16:40:00,2025-07-10 01:40:00,663.08,663.09,662.9,663,226.363,150074.83981
BNBUSDT,1752079500000,2025-07-09 16:45:00,2025-07-10 01:45:00,663,663.15,662,663.14,1603.047,1062244.23421
BNBUSDT,1752079800000,2025-07-09 16:50:00,2025-07-10 01:50:00,663.14,663.44,662.91,662.99,446.417,296075.96023
BNBUSDT,1752080100000,2025-07-09 16:55:00,2025-07-10 01:55:00,662.99,663,662.73,662.81,182.944,121262.91536
BNBUSDT,1752080400000,2025-07-09 17:00:00,2025-07-10 02:00:00,662.82,662.89,662.32,662.33,263.559,174646.44534
BNBUSDT,1752080700000,2025-07-09 17:05:00,2025-07-10 02:05:00,662.32,662.8,662.32,662.73,129.855,86041.47625
BNBUSDT,1752081000000,2025-07-09 17:10:00,2025-07-10 02:10:00,662.74,662.74,662.52,662.6,83.69,55455.69826
BNBUSDT,1752081300000,2025-07-09 17:15:00,2025-07-10 02:15:00,662.61,662.79,662.6,662.7,176.256,116796.43998
BNBUSDT,1752081600000,2025-07-09 17:20:00,2025-07-10 02:20:00,662.71,662.71,662,662.36,507.344,336054.95466
BNBUSDT,1752081900000,2025-07-09 17:25:00,2025-07-10 02:25:00,662.37,662.37,662.11,662.23,146.158,96792.30739
BNBUSDT,1752082200000,2025-07-09 17:30:00,2025-07-10 02:30:00,662.24,662.28,662,662.14,195.433,129407.1267
BNBUSDT,1752082500000,2025-07-09 17:35:00,2025-07-10 02:35:00,662.15,662.5,662.14,662.4,182.881,121133.14197
BNBUSDT,1752082800000,2025-07-09 17:40:00,2025-07-10 02:40:00,662.4,662.63,662.4,662.45,283.437,187768.03552
BNBUSDT,1752083100000,2025-07-09 17:45:00,2025-07-10 02:45:00,662.46,662.46,662.36,662.36,125.377,83046.51302
BNBUSDT,1752083400000,2025-07-09 17:50:00,2025-07-10 02:50:00,662.37,662.84,662.36,662.69,262.946,174247.03518
BNBUSDT,1752083700000,2025-07-09 17:55:00,2025-07-10 02:55:00,662.68,662.8,662.63,662.71,121.997,80848.02972
BNBUSDT,1752084000000,2025-07-09 18:00:00,2025-07-10 03:00:00,662.71,662.71,662.4,662.69,182.625,121006.40526
BNBUSDT,1752084300000,2025-07-09 18:05:00,2025-07-10 03:05:00,662.69,663.9,662.64,663.67,1677.773,1113002.2667
BNBUSDT,1752084600000,2025-07-09 18:10:00,2025-07-10 03:10:00,663.68,663.84,663.5,663.66,475.136,315322.53607
BNBUSDT,1752084900000,2025-07-09 18:15:00,2025-07-10 03:15:00,663.66,663.86,663.52,663.71,292.69,194263.54029
BNBUSDT,1752085200000,2025-07-09 18:20:00,2025-07-10 03:20:00,663.71,665.52,663.61,665.51,3050.201,2027865.40053
BNBUSDT,1752085500000,2025-07-09 18:25:00,2025-07-10 03:25:00,665.52,665.66,665.1,665.41,456.841,304004.61831
BNBUSDT,1752085800000,2025-07-09 18:30:00,2025-07-10 03:30:00,665.41,665.59,664.87,665.18,877.038,583373.36021
BNBUSDT,1752086100000,2025-07-09 18:35:00,2025-07-10 03:35:00,665.19,665.5,664.81,664.89,616.808,410349.16364
BNBUSDT,1752086400000,2025-07-09 18:40:00,2025-07-10 03:40:00,664.89,664.96,664.77,664.85,223.163,148375.16927
BNBUSDT,1752086700000,2025-07-09 18:45:00,2025-07-10 03:45:00,664.85,665.17,664.78,665.12,258.103,171608.49961
BNBUSDT,1752087000000,2025-07-09 18:50:00,2025-07-10 03:50:00,665.12,665.12,664.93,664.94,79.23,52687.31496
BNBUSDT,1752087300000,2025-07-09 18:55:00,2025-07-10 03:55:00,664.95,665.08,664.8,664.96,285.446,189795.82005
BNBUSDT,1752087600000,2025-07-09 19:00:00,2025-07-10 04:00:00,664.96,665.2,664.92,665.2,336.977,224086.69725
BNBUSDT,1752087900000,2025-07-09 19:05:00,2025-07-10 04:05:00,665.2,665.36,665.06,665.2,296.106,196977.666
BNBUSDT,1752088200000,2025-07-09 19:10:00,2025-07-10 04:10:00,665.21,665.5,665.2,665.49,274.344,182537.15289
BNBUSDT,1752088500000,2025-07-09 19:15:00,2025-07-10 04:15:00,665.49,666.2,665.49,666.19,1074.098,715267.46732
BNBUSDT,1752088800000,2025-07-09 19:20:00,2025-07-10 04:20:00,666.19,667,666.16,666.85,1008.692,672420.12039
BNBUSDT,1752089100000,2025-07-09 19:25:00,2025-07-10 04:25:00,666.85,667.25,666.64,667.25,516.168,344238.39852
BNBUSDT,1752089400000,2025-07-09 19:30:00,2025-07-10 04:30:00,667.25,668.92,667.24,668.39,2358.928,1576235.07404
BNBUSDT,1752089700000,2025-07-09 19:35:00,2025-07-10 04:35:00,668.4,668.9,667.9,668.19,1466.25,980185.11969
BNBUSDT,1752090000000,2025-07-09 19:40:00,2025-07-10 04:40:00,668.19,669.25,668.19,668.71,2890.566,1933473.60431
BNBUSDT,1752090300000,2025-07-09 19:45:00,2025-07-10 04:45:00,668.72,668.72,667.8,668.31,999.692,668100.89965
BNBUSDT,1752090600000,2025-07-09 19:50:00,2025-07-10 04:50:00,668.32,670,668.32,669.98,1737.698,1163000.49222
BNBUSDT,1752090900000,2025-07-09 19:55:00,2025-07-10 04:55:00,669.98,670,668.4,669.26,2716.95,1818154.45927
BNBUSDT,1752091200000,2025-07-09 20:00:00,2025-07-10 05:00:00,669.26,671.5,668.88,669.94,3602.089,2414378.17532
BNBUSDT,1752091500000,2025-07-09 20:05:00,2025-07-10 05:05:00,669.94,670.1,668.7,668.82,1367.084,915144.80649
BNBUSDT,1752091800000,2025-07-09 20:10:00,2025-07-10 05:10:00,668.82,669.8,668.69,669.76,839.505,561851.35424
BNBUSDT,1752092100000,2025-07-09 20:15:00,2025-07-10 05:15:00,669.75,670.19,669.72,670.07,644.084,431515.3847
BNBUSDT,1752092400000,2025-07-09 20:20:00,2025-07-10 05:20:00,670.08,670.47,668.56,668.56,664.249,444749.80644
BNBUSDT,1752092700000,2025-07-09 20:25:00,2025-07-10 05:25:00,668.56,668.7,667.81,668.33,620.095,414392.30025
BNBUSDT,1752093000000,2025-07-09 20:30:00,2025-07-10 05:30:00,668.33,668.33,667.4,667.79,440.578,294245.54328
BNBUSDT,1752093300000,2025-07-09 20:35:00,2025-07-10 05:35:00,667.8,669.52,667.79,668.75,1535.427,1026385.44251
BNBUSDT,1752093600000,2025-07-09 20:40:00,2025-07-10 05:40:00,668.76,668.89,668.3,668.79,442.656,295975.16572
BNBUSDT,1752093900000,2025-07-09 20:45:00,2025-07-10 05:45:00,668.8,668.87,667.64,667.78,623.361,416453.78237
BNBUSDT,1752094200000,2025-07-09 20:50:00,2025-07-10 05:50:00,667.79,668.04,666.82,666.97,397.443,265291.22791
BNBUSDT,1752094500000,2025-07-09 20:55:00,2025-07-10 05:55:00,666.97,667.53,666.41,666.42,467.027,311489.71027
BNBUSDT,1752094800000,2025-07-09 21:00:00,2025-07-10 06:00:00,666.43,668.18,666.31,668.09,696.542,464682.10621
BNBUSDT,1752095100000,2025-07-09 21:05:00,2025-07-10 06:05:00,668.09,668.88,667.7,668.87,440.021,294080.2618
BNBUSDT,1752095400000,2025-07-09 21:10:00,2025-07-10 06:10:00,668.87,668.91,667.82,667.83,1129.508,754883.36794
BNBUSDT,1752095700000,2025-07-09 21:15:00,2025-07-10 06:15:00,667.82,667.89,666.2,666.51,1411.79,941615.1695
BNBUSDT,1752096000000,2025-07-09 21:20:00,2025-07-10 06:20:00,666.51,667.57,666.5,667.45,301.747,201295.10629
BNBUSDT,1752096300000,2025-07-09 21:25:00,2025-07-10 06:25:00,667.44,667.55,667.1,667.49,266.015,177520.3107
BNBUSDT,1752096600000,2025-07-09 21:30:00,2025-07-10 06:30:00,667.49,667.65,667.48,667.64,256.261,171075.97359
BNBUSDT,1752096900000,2025-07-09 21:35:00,2025-07-10 06:35:00,667.65,667.65,666.72,667.29,435.137,290308.19782
BNBUSDT,1752097200000,2025-07-09 21:40:00,2025-07-10 06:40:00,667.3,667.37,667.01,667.37,256.869,171399.96119
BNBUSDT,1752097500000,2025-07-09 21:45:00,2025-07-10 06:45:00,667.37,667.89,667.37,667.89,180.282,120369.19397
BNBUSDT,1752097800000,2025-07-09 21:50:00,2025-07-10 06:50:00,667.89,667.9,667.5,667.5,238.528,159270.00686
BNBUSDT,1752098100000,2025-07-09 21:55:00,2025-07-10 06:55:00,667.51,667.56,667.21,667.37,221.744,147998.48595
BNBUSDT,1752098400000,2025-07-09 22:00:00,2025-07-10 07:00:00,667.36,668.4,667.35,668.09,422.525,282279.74298
BNBUSDT,1752098700000,2025-07-09 22:05:00,2025-07-10 07:05:00,668.09,669.2,668.04,669.07,644.626,430946.67362
BNBUSDT,1752099000000,2025-07-09 22:10:00,2025-07-10 07:10:00,669.07,669.86,669.06,669.71,449.743,301093.94935
BNBUSDT,1752099300000,2025-07-09 22:15:00,2025-07-10 07:15:00,669.7,669.92,669.62,669.91,356.752,238928.45964
BNBUSDT,1752099600000,2025-07-09 22:20:00,2025-07-10 07:20:00,669.91,669.97,669.3,669.3,359.343,240642.361
BNBUSDT,1752099900000,2025-07-09 22:25:00,2025-07-10 07:25:00,669.3,669.5,669.02,669.2,219.366,146810.84559
BNBUSDT,1752100200000,2025-07-09 22:30:00,2025-07-10 07:30:00,669.21,669.66,669.2,669.52,188.814,126393.13733
BNBUSDT,1752100500000,2025-07-09 22:35:00,2025-07-10 07:35:00,669.52,670,669.4,670,312.396,209228.00491
BNBUSDT,1752100800000,2025-07-09 22:40:00,2025-07-10 07:40:00,669.99,670.3,669.7,669.8,246.335,165043.95444
BNBUSDT,1752101100000,2025-07-09 22:45:00,2025-07-10 07:45:00,669.8,670.09,669.61,670,466.84,312725.35234
BNBUSDT,1752101400000,2025-07-09 22:50:00,2025-07-10 07:50:00,669.99,670,669.23,669.52,353.326,236572.34819
BNBUSDT,1752101700000,2025-07-09 22:55:00,2025-07-10 07:55:00,669.53,670.53,669.53,670.08,876.402,587278.48883
BNBUSDT,1752102000000,2025-07-09 23:00:00,2025-07-10 08:00:00,670.08,670.08,669.55,669.55,220.209,147503.9687
BNBUSDT,1752102300000,2025-07-09 23:05:00,2025-07-10 08:05:00,669.55,669.65,668.86,668.86,405.306,271269.59553
BNBUSDT,1752102600000,2025-07-09 23:10:00,2025-07-10 08:10:00,668.86,668.86,668.35,668.6,503.491,336619.72075
BNBUSDT,1752102900000,2025-07-09 23:15:00,2025-07-10 08:15:00,668.6,669.3,668.59,669.29,225.175,150664.50843
BNBUSDT,1752103200000,2025-07-09 23:20:00,2025-07-10 08:20:00,669.29,669.43,669.08,669.43,276.516,185049.00947
BNBUSDT,1752103500000,2025-07-09 23:25:00,2025-07-10 08:25:00,669.43,669.51,669.1,669.4,218.041,145952.52379
BNBUSDT,1752103800000,2025-07-09 23:30:00,2025-07-10 08:30:00,669.41,669.87,669.41,669.68,172.956,115820.48026
BNBUSDT,1752104100000,2025-07-09 23:35:00,2025-07-10 08:35:00,669.68,669.72,669.13,669.34,361.071,241730.34422
BNBUSDT,1752104400000,2025-07-09 23:40:00,2025-07-10 08:40:00,669.34,669.61,669.2,669.22,629.938,421681.7121
BNBUSDT,1752104700000,2025-07-09 23:45:00,2025-07-10 08:45:00,669.22,669.61,669.21,669.43,361.964,242319.1949
BNBUSDT,1752105000000,2025-07-09 23:50:00,2025-07-10 08:50:00,669.43,669.43,668.31,668.59,659.358,440978.14339
BNBUSDT,1752105300000,2025-07-09 23:55:00,2025-07-10 08:55:00,668.59,668.94,668.58,668.68,256.221,171357.32743
BNBUSDT,1752105600000,2025-07-10 00:00:00,2025-07-10 09:00:00,668.69,669.61,668.68,669.54,475.874,318438.56541
BNBUSDT,1752105900000,2025-07-10 00:05:00,2025-07-10 09:05:00,669.53,670.45,669.53,670.26,481.196,322408.14537
BNBUSDT,1752106200000,2025-07-10 00:10:00,2025-07-10 09:10:00,670.25,670.41,669.84,670.21,333.068,223194.48016
BNBUSDT,1752106500000,2025-07-10 00:15:00,2025-07-10 09:15:00,670.21,670.3,669.96,670.14,450.645,302011.02766
BNBUSDT,1752106800000,2025-07-10 00:20:00,2025-07-10 09:20:00,670.15,670.33,669.7,670.33,283.651,190035.40634
BNBUSDT,1752107100000,2025-07-10 00:25:00,2025-07-10 09:25:00,670.34,670.55,669.13,669.13,330.68,221577.44905
BNBUSDT,1752107400000,2025-07-10 00:30:00,2025-07-10 09:30:00,669.14,669.75,669,669.01,297.252,198945.01552
BNBUSDT,1752107700000,2025-07-10 00:35:00,2025-07-10 09:35:00,669.01,669.01,668.45,668.75,233.592,156222.04117
BNBUSDT,1752108000000,2025-07-10 00:40:00,2025-07-10 09:40:00,668.75,669.2,668.62,669.2,336.738,225206.03442
BNBUSDT,1752108300000,2025-07-10 00:45:00,2025-07-10 09:45:00,669.19,669.68,669.19,669.68,125.582,84084.83525
BNBUSDT,1752108600000,2025-07-10 00:50:00,2025-07-10 09:50:00,669.67,670.17,669.67,670.09,465.305,311710.71685
BNBUSDT,1752108900000,2025-07-10 00:55:00,2025-07-10 09:55:00,670.09,670.09,669.66,669.86,234.532,157096.09601
BNBUSDT,1752109200000,2025-07-10 01:00:00,2025-07-10 10:00:00,669.86,669.97,669.53,669.68,480.269,321677.39743
BNBUSDT,1752109500000,2025-07-10 01:05:00,2025-07-10 10:05:00,669.68,669.68,669.2,669.31,200.647,134325.37361
BNBUSDT,1752109800000,2025-07-10 01:10:00,2025-07-10 10:10:00,669.31,669.33,668.51,668.68,185.877,124325.64651
BNBUSDT,1752110100000,2025-07-10 01:15:00,2025-07-10 10:15:00,668.68,668.68,668.37,668.67,876.853,586287.77427
BNBUSDT,1752110400000,2025-07-10 01:20:00,2025-07-10 10:20:00,668.68,668.84,668.15,668.16,774.628,517913.51222
BNBUSDT,1752110700000,2025-07-10 01:25:00,2025-07-10 10:25:00,668.15,668.3,668.15,668.27,110.886,74094.86184
BNBUSDT,1752111000000,2025-07-10 01:30:00,2025-07-10 10:30:00,668.28,668.61,668.27,668.59,197.462,132001.4115
BNBUSDT,1752111300000,2025-07-10 01:35:00,2025-07-10 10:35:00,668.6,668.93,668.45,668.87,317.601,212368.90762
BNBUSDT,1752111600000,2025-07-10 01:40:00,2025-07-10 10:40:00,668.88,668.88,668.76,668.76,174.99,117036.01796
BNBUSDT,1752111900000,2025-07-10 01:45:00,2025-07-10 10:45:00,668.77,668.77,668.7,668.71,305.226,204119.57134
BNBUSDT,1752112200000,2025-07-10 01:50:00,2025-07-10 10:50:00,668.72,669.59,668.71,669.42,405.062,271035.38738
BNBUSDT,1752112500000,2025-07-10 01:55:00,2025-07-10 10:55:00,669.43,669.77,669.36,669.39,468.052,313390.64409
BNBUSDT,1752112800000,2025-07-10 02:00:00,2025-07-10 11:00:00,669.39,669.72,669.3,669.72,440.291,294793.77172
BNBUSDT,1752113100000,2025-07-10 02:05:00,2025-07-10 11:05:00,669.71,670,669.71,669.98,343.583,230173.4287
BNBUSDT,1752113400000,2025-07-10 02:10:00,2025-07-10 11:10:00,669.98,670.33,669.92,670.33,425.651,285241.04192
BNBUSDT,1752113700000,2025-07-10 02:15:00,2025-07-10 11:15:00,670.32,670.35,669.37,670.18,1528.652,1024118.18744
BNBUSDT,1752114000000,2025-07-10 02:20:00,2025-07-10 11:20:00,670.19,670.4,670.1,670.22,350.37,234840.96769
BNBUSDT,1752114300000,2025-07-10 02:25:00,2025-07-10 11:25:00,670.22,670.93,670.22,670.56,1146.214,768735.96129
BNBUSDT,1752114600000,2025-07-10 02:30:00,2025-07-10 11:30:00,670.55,670.94,670.12,670.12,366.604,245869.72394
BNBUSDT,1752114900000,2025-07-10 02:35:00,2025-07-10 11:35:00,670.12,670.18,669.82,669.98,403.691,270487.43914
BNBUSDT,1752115200000,2025-07-10 02:40:00,2025-07-10 11:40:00,669.97,670.27,669.9,670,331.849,222382.14551
BNBUSDT,1752115500000,2025-07-10 02:45:00,2025-07-10 11:45:00,670,670.01,669.84,669.96,204.707,137136.01421
BNBUSDT,1752115800000,2025-07-10 02:50:00,2025-07-10 11:50:00,669.95,670.1,669.95,670.06,299.733,200832.47476
BNBUSDT,1752116100000,2025-07-10 02:55:00,2025-07-10 11:55:00,670.05,670.65,670.05,670.64,232.617,155928.71829
BNBUSDT,1752116400000,2025-07-10 03:00:00,2025-07-10 12:00:00,670.65,671.25,670.64,671.25,1000.571,671338.57277
BNBUSDT,1752116700000,2025-07-10 03:05:00,2025-07-10 12:05:00,671.25,671.47,671.24,671.42,411.121,275994.22322
BNBUSDT,1752117000000,2025-07-10 03:10:00,2025-07-10 12:10:00,671.43,671.43,671.11,671.17,261.76,175699.24926
BNBUSDT,1752117300000,2025-07-10 03:15:00,2025-07-10 12:15:00,671.17,671.36,671.16,671.35,452.725,303896.64073
BNBUSDT,1752117600000,2025-07-10 03:20:00,2025-07-10 12:20:00,671.35,671.37,671,671.01,233.995,157049.49411
BNBUSDT,1752117900000,2025-07-10 03:25:00,2025-07-10 12:25:00,671,671.01,670.59,670.68,2109.355,1415326.9813
BNBUSDT,1752118200000,2025-07-10 03:30:00,2025-07-10 12:30:00,670.68,670.89,670.4,670.42,635.485,426191.45821
BNBUSDT,1752118500000,2025-07-10 03:35:00,2025-07-10 12:35:00,670.43,670.47,670.26,670.26,235.023,157559.802
BNBUSDT,1752118800000,2025-07-10 03:40:00,2025-07-10 12:40:00,670.27,670.27,670.17,670.18,135.556,90851.13038
BNBUSDT,1752119100000,2025-07-10 03:45:00,2025-07-10 12:45:00,670.18,670.18,670,670.12,296.044,198358.68835
BNBUSDT,1752119400000,2025-07-10 03:50:00,2025-07-10 12:50:00,670.12,670.37,670.11,670.28,212.181,142207.58935
BNBUSDT,1752119700000,2025-07-10 03:55:00,2025-07-10 12:55:00,670.28,670.5,670.27,670.5,179.709,120475.37847
BNBUSDT,1752120000000,2025-07-10 04:00:00,2025-07-10 13:00:00,670.5,670.5,670.1,670.1,275.33,184578.24964
BNBUSDT,1752120300000,2025-07-10 04:05:00,2025-07-10 13:05:00,670.11,670.39,670.1,670.22,245.598,164615.13718
BNBUSDT,1752120600000,2025-07-10 04:10:00,2025-07-10 13:10:00,670.23,670.29,670.2,670.24,192.299,128887.28908
BNBUSDT,1752120900000,2025-07-10 04:15:00,2025-07-10 13:15:00,670.25,670.71,670.24,670.64,436.903,292928.10645
BNBUSDT,1752121200000,2025-07-10 04:20:00,2025-07-10 13:20:00,670.65,670.7,670.58,670.69,222.795,149415.54074
BNBUSDT,1752121500000,2025-07-10 04:25:00,2025-07-10 13:25:00,670.68,671.64,670.68,671.64,847.539,568899.9377
BNBUSDT,1752121800000,2025-07-10 04:30:00,2025-07-10 13:30:00,671.64,671.64,671.45,671.45,131.393,88243.98894
BNBUSDT,1752122100000,2025-07-10 04:35:00,2025-07-10 13:35:00,671.45,671.72,671.45,671.71,377.554,253575.6484
BNBUSDT,1752122400000,2025-07-10 04:40:00,2025-07-10 13:40:00,671.71,672.72,671.71,672.72,781.788,525522.79322
BNBUSDT,1752122700000,2025-07-10 04:45:00,2025-07-10 13:45:00,672.71,672.9,672.42,672.61,298.732,200944.14824
BNBUSDT,1752123000000,2025-07-10 04:50:00,2025-07-10 13:50:00,672.61,672.61,672.46,672.57,289.755,194875.02717
BNBUSDT,1752123300000,2025-07-10 04:55:00,2025-07-10 13:55:00,672.57,672.57,672.32,672.44,141.479,95131.29475
BNBUSDT,1752123600000,2025-07-10 05:00:00,2025-07-10 14:00:00,672.44,672.54,672.39,672.39,221.433,148903.12151
BNBUSDT,1752123900000,2025-07-10 05:05:00,2025-07-10 14:05:00,672.39,672.53,672.27,672.53,274.215,184371.5418
BNBUSDT,1752124200000,2025-07-10 05:10:00,2025-07-10 14:10:00,672.54,672.57,672.43,672.43,250.305,168335.23214
BNBUSDT,1752124500000,2025-07-10 05:15:00,2025-07-10 14:15:00,672.43,672.46,672.29,672.29,254.5,171126.49384
BNBUSDT,1752124800000,2025-07-10 05:20:00,2025-07-10 14:20:00,672.29,672.4,672.29,672.4,101.539,68267.7987
BNBUSDT,1752125100000,2025-07-10 05:25:00,2025-07-10 14:25:00,672.4,672.5,672.39,672.4,135.812,91324.28435
BNBUSDT,1752125400000,2025-07-10 05:30:00,2025-07-10 14:30:00,672.4,672.63,672.3,672.47,360.726,242574.43279
BNBUSDT,1752125700000,2025-07-10 05:35:00,2025-07-10 14:35:00,672.47,672.47,672.3,672.33,352.015,236689.67005
BNBUSDT,1752126000000,2025-07-10 05:40:00,2025-07-10 14:40:00,672.33,672.35,672.27,672.3,283.996,190938.11729
BNBUSDT,1752126300000,2025-07-10 05:45:00,2025-07-10 14:45:00,672.3,672.35,672.17,672.35,333.365,224106.4859
BNBUSDT,1752126600000,2025-07-10 05:50:00,2025-07-10 14:50:00,672.35,673.16,672.34,672.87,995.565,669809.24368
BNBUSDT,1752126900000,2025-07-10 05:55:00,2025-07-10 14:55:00,672.88,673.21,672.88,673.06,451.577,303947.04129
BNBUSDT,1752127200000,2025-07-10 06:00:00,2025-07-10 15:00:00,673.07,673.09,672.96,672.97,244.029,164237.4948
BNBUSDT,1752127500000,2025-07-10 06:05:00,2025-07-10 15:05:00,672.97,672.97,672.19,672.29,414.496,278803.23513
BNBUSDT,1752127800000,2025-07-10 06:10:00,2025-07-10 15:10:00,672.29,672.43,672.26,672.31,411.076,276386.35906
BNBUSDT,1752128100000,2025-07-10 06:15:00,2025-07-10 15:15:00,672.32,672.37,672.31,672.36,160.471,107893.10147
BNBUSDT,1752128400000,2025-07-10 06:20:00,2025-07-10 15:20:00,672.36,672.4,672.3,672.38,625.486,420557.64381
BNBUSDT,1752128700000,2025-07-10 06:25:00,2025-07-10 15:25:00,672.38,672.4,672.37,672.4,197.138,132552.28097
BNBUSDT,1752129000000,2025-07-10 06:30:00,2025-07-10 15:30:00,672.4,672.4,672.24,672.34,470.376,316241.20347
BNBUSDT,1752129300000,2025-07-10 06:35:00,2025-07-10 15:35:00,672.33,672.34,670.34,670.5,1381.065,927174.63612
BNBUSDT,1752129600000,2025-07-10 06:40:00,2025-07-10 15:40:00,670.5,670.65,670.23,670.3,713.271,478185.75348
BNBUSDT,1752129900000,2025-07-10 06:45:00,2025-07-10 15:45:00,670.3,670.31,670,670.22,666.527,446671.09382
BNBUSDT,1752130200000,2025-07-10 06:50:00,2025-07-10 15:50:00,670.22,670.49,670.06,670.14,550.73,369177.1057
BNBUSDT,1752130500000,2025-07-10 06:55:00,2025-07-10 15:55:00,670.14,670.37,670.14,670.35,329.721,221007.01405
BNBUSDT,1752130800000,2025-07-10 07:00:00,2025-07-10 16:00:00,670.36,671.06,670.25,671.05,531.036,356190.20426
BNBUSDT,1752131100000,2025-07-10 07:05:00,2025-07-10 16:05:00,671.06,672.36,670.88,672.26,945.382,635012.88702
BNBUSDT,1752131400000,2025-07-10 07:10:00,2025-07-10 16:10:00,672.27,672.27,671.82,671.94,683.155,459088.49432
BNBUSDT,1752131700000,2025-07-10 07:15:00,2025-07-10 16:15:00,671.94,672.16,671.5,671.55,592.377,398016.48618
BNBUSDT,1752132000000,2025-07-10 07:20:00,2025-07-10 16:20:00,671.56,671.76,671.49,671.68,585.022,392904.06847
BNBUSDT,1752132300000,2025-07-10 07:25:00,2025-07-10 16:25:00,671.69,672.34,671.34,671.55,814.768,547388.83216
BNBUSDT,1752132600000,2025-07-10 07:30:00,2025-07-10 16:30:00,671.55,671.67,671.4,671.66,422.463,283702.36235
BNBUSDT,1752132900000,2025-07-10 07:35:00,2025-07-10 16:35:00,671.67,671.68,671.43,671.43,375.351,252084.94225
BNBUSDT,1752133200000,2025-07-10 07:40:00,2025-07-10 16:40:00,671.44,671.78,671.1,671.68,795.952,534547.63387
BNBUSDT,1752133500000,2025-07-10 07:45:00,2025-07-10 16:45:00,671.68,671.99,671.51,671.81,592.401,397947.3776
BNBUSDT,1752133800000,2025-07-10 07:50:00,2025-07-10 16:50:00,671.8,671.94,671.66,671.8,431.21,289693.0088
BNBUSDT,1752134100000,2025-07-10 07:55:00,2025-07-10 16:55:00,671.8,671.85,671.65,671.66,308.489,207244.73272
BNBUSDT,1752134400000,2025-07-10 08:00:00,2025-07-10 17:00:00,671.65,672,671.6,671.99,507.094,340651.32007
BNBUSDT,1752134700000,2025-07-10 08:05:00,2025-07-10 17:05:00,671.99,672.19,671.79,671.9,764.766,513911.25423
BNBUSDT,1752135000000,2025-07-10 08:10:00,2025-07-10 17:10:00,671.89,672.18,671.89,672.13,579.8,389661.18911
BNBUSDT,1752135300000,2025-07-10 08:15:00,2025-07-10 17:15:00,672.13,673.12,672.12,673.12,1257.116,845676.62742
BNBUSDT,1752135600000,2025-07-10 08:20:00,2025-07-10 17:20:00,673.12,673.16,672.9,673.06,537.661,361861.4529
BNBUSDT,1752135900000,2025-07-10 08:25:00,2025-07-10 17:25:00,673.05,673.1,672.9,673.1,410.563,276313.28335
BNBUSDT,1752136200000,2025-07-10 08:30:00,2025-07-10 17:30:00,673.1,673.99,671.94,672.7,6000.795,4035956.28322
BNBUSDT,1752136500000,2025-07-10 08:35:00,2025-07-10 17:35:00,672.7,672.99,672.69,672.85,312.802,210478.80916
BNBUSDT,1752136800000,2025-07-10 08:40:00,2025-07-10 17:40:00,672.85,674,672.31,672.89,2794.485,1881330.45499
BNBUSDT,1752137100000,2025-07-10 08:45:00,2025-07-10 17:45:00,672.89,672.89,672.15,672.32,474.002,318731.18958
BNBUSDT,1752137400000,2025-07-10 08:50:00,2025-07-10 17:50:00,672.32,672.4,672.24,672.24,395.384,265826.22513
BNBUSDT,1752137700000,2025-07-10 08:55:00,2025-07-10 17:55:00,672.24,672.25,672.11,672.18,287.645,193351.41318
BNBUSDT,1752138000000,2025-07-10 09:00:00,2025-07-10 18:00:00,672.18,672.35,672.13,672.14,431.958,290394.1338
BNBUSDT,1752138300000,2025-07-10 09:05:00,2025-07-10 18:05:00,672.14,672.87,671.91,672.62,575.803,387111.02666
BNBUSDT,1752138600000,2025-07-10 09:10:00,2025-07-10 18:10:00,672.62,672.74,672.52,672.54,393.815,264867.14687
BNBUSDT,1752138900000,2025-07-10 09:15:00,2025-07-10 18:15:00,672.55,672.88,671.37,671.7,1859.2,1249542.85533
BNBUSDT,1752139200000,2025-07-10 09:20:00,2025-07-10 18:20:00,671.7,671.72,671,671.08,693.671,465651.19063
BNBUSDT,1752139500000,2025-07-10 09:25:00,2025-07-10 18:25:00,671.08,671.32,671.08,671.32,487.889,327496.65348
BNBUSDT,1752139800000,2025-07-10 09:30:00,2025-07-10 18:30:00,671.32,671.73,670.91,671.62,841.181,564650.84438
BNBUSDT,1752140100000,2025-07-10 09:35:00,2025-07-10 18:35:00,671.61,671.82,671.61,671.61,501.11,336602.39921
BNBUSDT,1752140400000,2025-07-10 09:40:00,2025-07-10 18:40:00,671.61,671.8,671.47,671.5,686.984,461381.17013
BNBUSDT,1752140700000,2025-07-10 09:45:00,2025-07-10 18:45:00,671.5,671.87,671.49,671.77,838.14,562964.1493
BNBUSDT,1752141000000,2025-07-10 09:50:00,2025-07-10 18:50:00,671.77,671.92,671.6,671.91,542.049,364119.42921
BNBUSDT,1752141300000,2025-07-10 09:55:00,2025-07-10 18:55:00,671.92,671.96,671.06,671.28,621.624,417431.17965
BNBUSDT,1752141600000,2025-07-10 10:00:00,2025-07-10 19:00:00,671.28,671.33,670.14,670.3,1876.782,1258592.02727
BNBUSDT,1752141900000,2025-07-10 10:05:00,2025-07-10 19:05:00,670.29,670.58,670.01,670.01,1422.228,953348.51681
BNBUSDT,1752142200000,2025-07-10 10:10:00,2025-07-10 19:10:00,670.02,670.2,669.29,670.03,1777.079,1190201.2436
BNBUSDT,1752142500000,2025-07-10 10:15:00,2025-07-10 19:15:00,670.03,670.14,669.79,669.8,789.559,529002.68395
BNBUSDT,1752142800000,2025-07-10 10:20:00,2025-07-10 19:20:00,669.8,669.98,669.63,669.84,403.909,270549.04902
BNBUSDT,1752143100000,2025-07-10 10:25:00,2025-07-10 19:25:00,669.84,670.15,669.84,669.93,350.586,234902.78525
BNBUSDT,1752143400000,2025-07-10 10:30:00,2025-07-10 19:30:00,669.93,670.1,669.79,670.07,436.649,292534.45813
BNBUSDT,1752143700000,2025-07-10 10:35:00,2025-07-10 19:35:00,670.08,670.18,669.86,669.93,362.701,243029.46527
BNBUSDT,1752144000000,2025-07-10 10:40:00,2025-07-10 19:40:00,669.94,670.16,669.8,669.93,410.983,275341.48217
BNBUSDT,1752144300000,2025-07-10 10:45:00,2025-07-10 19:45:00,669.93,669.93,669.43,669.64,217.934,145932.06973
BNBUSDT,1752144600000,2025-07-10 10:50:00,2025-07-10 19:50:00,669.64,670.2,669.64,670.19,187.311,125490.61655
BNBUSDT,1752144900000,2025-07-10 10:55:00,2025-07-10 19:55:00,670.2,670.22,670.19,670.22,153.796,103075.20969
BNBUSDT,1752145200000,2025-07-10 11:00:00,2025-07-10 20:00:00,670.22,670.22,669.76,669.94,350.7,234952.69132
BNBUSDT,1752145500000,2025-07-10 11:05:00,2025-07-10 20:05:00,669.94,670.83,669.94,670.68,385.354,258390.11397
BNBUSDT,1752145800000,2025-07-10 11:10:00,2025-07-10 20:10:00,670.69,672,670.51,670.85,2925.053,1963397.60968
BNBUSDT,1752146100000,2025-07-10 11:15:00,2025-07-10 20:15:00,670.86,670.86,670.11,670.41,346.603,232357.87582
BNBUSDT,1752146400000,2025-07-10 11:20:00,2025-07-10 20:20:00,670.42,670.6,670.26,670.26,232.693,156006.81081
BNBUSDT,1752146700000,2025-07-10 11:25:00,2025-07-10 20:25:00,670.27,670.3,670.1,670.3,248.108,166277.3255
BNBUSDT,1752147000000,2025-07-10 11:30:00,2025-07-10 20:30:00,670.3,670.3,669.83,669.83,155.198,103995.67247
BNBUSDT,1752147300000,2025-07-10 11:35:00,2025-07-10 20:35:00,669.84,670.1,669.71,669.71,212.139,142115.54488
BNBUSDT,1752147600000,2025-07-10 11:40:00,2025-07-10 20:40:00,669.72,670.03,669.62,669.9,285.008,190914.76491
BNBUSDT,1752147900000,2025-07-10 11:45:00,2025-07-10 20:45:00,669.89,670.05,669.89,669.97,348.762,233654.13233
BNBUSDT,1752148200000,2025-07-10 11:50:00,2025-07-10 20:50:00,669.96,669.97,669.74,669.74,170.989,114532.62017
BNBUSDT,1752148500000,2025-07-10 11:55:00,2025-07-10 20:55:00,669.75,670.32,669.62,670.01,360.19,241295.00534
BNBUSDT,1752148800000,2025-07-10 12:00:00,2025-07-10 21:00:00,670,670.01,669.5,669.5,247.108,165505.86631
BNBUSDT,1752149100000,2025-07-10 12:05:00,2025-07-10 21:05:00,669.5,670.1,669.5,669.87,284.879,190831.72435
BNBUSDT,1752149400000,2025-07-10 12:10:00,2025-07-10 21:10:00,669.88,669.88,669.44,669.45,449.35,300912.14885
BNBUSDT,1752149700000,2025-07-10 12:15:00,2025-07-10 21:15:00,669.44,669.73,669.4,669.56,209.409,140211.06837
BNBUSDT,1752150000000,2025-07-10 12:20:00,2025-07-10 21:20:00,669.57,669.68,669.3,669.31,279.226,186929.7038
BNBUSDT,1752150300000,2025-07-10 12:25:00,2025-07-10 21:25:00,669.3,670.38,669.29,670.29,478.242,320400.52598
BNBUSDT,1752150600000,2025-07-10 12:30:00,2025-07-10 21:30:00,670.28,670.7,670.25,670.52,702.497,470978.99211
BNBUSDT,1752150900000,2025-07-10 12:35:00,2025-07-10 21:35:00,670.52,670.59,670.3,670.3,341.32,228860.02554
BNBUSDT,1752151200000,2025-07-10 12:40:00,2025-07-10 21:40:00,670.3,670.6,670.2,670.44,308.948,207122.37891
BNBUSDT,1752151500000,2025-07-10 12:45:00,2025-07-10 21:45:00,670.43,670.63,670.41,670.63,215.42,144441.24936
BNBUSDT,1752151800000,2025-07-10 12:50:00,2025-07-10 21:50:00,670.63,670.91,670.5,670.91,177.816,119256.89684
BNBUSDT,1752152100000,2025-07-10 12:55:00,2025-07-10 21:55:00,670.91,671,670.79,670.97,248.327,166612.19152
BNBUSDT,1752152400000,2025-07-10 13:00:00,2025-07-10 22:00:00,670.96,671,670.78,670.78,207.986,139548.93314
BNBUSDT,1752152700000,2025-07-10 13:05:00,2025-07-10 22:05:00,670.79,670.79,670.23,670.55,370.753,248581.78431
BNBUSDT,1752153000000,2025-07-10 13:10:00,2025-07-10 22:10:00,670.54,670.8,670.44,670.69,244.453,163926.22205
BNBUSDT,1752153300000,2025-07-10 13:15:00,2025-07-10 22:15:00,670.68,670.92,670.68,670.86,155.899,104574.3323
BNBUSDT,1752153600000,2025-07-10 13:20:00,2025-07-10 22:20:00,670.85,671.1,670.7,671.1,233.215,156466.56463
BNBUSDT,1752153900000,2025-07-10 13:25:00,2025-07-10 22:25:00,671.1,671.4,671.04,671.32,410.109,275277.48644
BNBUSDT,1752154200000,2025-07-10 13:30:00,2025-07-10 22:30:00,671.33,671.33,669.87,669.87,501.772,336553.39427
BNBUSDT,1752154500000,2025-07-10 13:35:00,2025-07-10 22:35:00,669.88,671.28,669.87,670.93,1635.727,1096885.41892
BNBUSDT,1752154800000,2025-07-10 13:40:00,2025-07-10 22:40:00,670.94,671.49,670.25,671.27,655.684,439931.05193
BNBUSDT,1752155100000,2025-07-10 13:45:00,2025-07-10 22:45:00,671.27,671.78,670.19,670.39,407.845,273696.02871
BNBUSDT,1752155400000,2025-07-10 13:50:00,2025-07-10 22:50:00,670.39,671.17,670.38,670.76,441.974,296461.53393
BNBUSDT,1752155700000,2025-07-10 13:55:00,2025-07-10 22:55:00,670.76,670.86,669.77,670.09,479.559,321409.14483
BNBUSDT,1752156000000,2025-07-10 14:00:00,2025-07-10 23:00:00,670.1,670.2,669.17,669.63,905.847,606577.31041
BNBUSDT,1752156300000,2025-07-10 14:05:00,2025-07-10 23:05:00,669.64,670.24,668.74,669.85,778.934,521437.21202
BNBUSDT,1752156600000,2025-07-10 14:10:00,2025-07-10 23:10:00,669.85,670.3,669.84,669.99,241.314,161690.44015
BNBUSDT,1752156900000,2025-07-10 14:15:00,2025-07-10 23:15:00,670,670.4,669.94,670.37,406.315,272310.87197
BNBUSDT,1752157200000,2025-07-10 14:20:00,2025-07-10 23:20:00,670.37,670.4,669.36,669.5,339.227,227184.64694
BNBUSDT,1752157500000,2025-07-10 14:25:00,2025-07-10 23:25:00,669.51,669.51,667.88,668.48,735.406,491567.32537
BNBUSDT,1752157800000,2025-07-10 14:30:00,2025-07-10 23:30:00,668.47,669.1,668.3,668.66,325.859,217895.70267
BNBUSDT,1752158100000,2025-07-10 14:35:00,2025-07-10 23:35:00,668.66,669.74,668.66,669.52,464.119,310638.20557
BNBUSDT,1752158400000,2025-07-10 14:40:00,2025-07-10 23:40:00,669.53,669.53,669.2,669.21,251.084,168052.16404
BNBUSDT,1752158700000,2025-07-10 14:45:00,2025-07-10 23:45:00,669.2,669.29,668.77,669.29,352.489,235805.38152
BNBUSDT,1752159000000,2025-07-10 14:50:00,2025-07-10 23:50:00,669.29,669.69,669.28,669.54,285.228,190954.41274
BNBUSDT,1752159300000,2025-07-10 14:55:00,2025-07-10 23:55:00,669.55,669.69,669.4,669.5,267.847,179342.89896
BNBUSDT,1752159600000,2025-07-10 15:00:00,2025-07-11 00:00:00,669.51,669.51,668.55,668.6,463.161,309865.17088
BNBUSDT,1752159900000,2025-07-10 15:05:00,2025-07-11 00:05:00,668.6,668.6,668.22,668.5,229.162,153178.22297
BNBUSDT,1752160200000,2025-07-10 15:10:00,2025-07-11 00:10:00,668.49,668.5,667.76,667.77,403.311,269456.55693
BNBUSDT,1752160500000,2025-07-10 15:15:00,2025-07-11 00:15:00,667.77,668.6,667.76,668.6,387.203,258717.65826
BNBUSDT,1752160800000,2025-07-10 15:20:00,2025-07-11 00:20:00,668.59,668.8,668.18,668.3,449.953,300752.19456
BNBUSDT,1752161100000,2025-07-10 15:25:00,2025-07-11 00:25:00,668.31,668.84,668.26,668.73,185.757,124194.74196
BNBUSDT,1752161400000,2025-07-10 15:30:00,2025-07-11 00:30:00,668.74,668.93,668.3,668.37,226.612,151511.92177
BNBUSDT,1752161700000,2025-07-10 15:35:00,2025-07-11 00:35:00,668.37,668.4,668,668.01,227.393,151944.42506
BNBUSDT,1752162000000,2025-07-10 15:40:00,2025-07-11 00:40:00,668,668.13,667.25,667.68,739.472,493738.16807
BNBUSDT,1752162300000,2025-07-10 15:45:00,2025-07-11 00:45:00,667.69,668,667.35,668,274.099,183014.39874
BNBUSDT,1752162600000,2025-07-10 15:50:00,2025-07-11 00:50:00,668,668.11,667.9,668.1,266.426,177986.94659
BNBUSDT,1752162900000,2025-07-10 15:55:00,2025-07-11 00:55:00,668.11,668.4,668.1,668.17,390.035,260665.62835
BNBUSDT,1752163200000,2025-07-10 16:00:00,2025-07-11 01:00:00,668.16,668.33,667.9,667.9,611.11,408329.1643
BNBUSDT,1752163500000,2025-07-10 16:05:00,2025-07-11 01:05:00,667.9,668.39,667.85,668.27,496.934,332014.71409
BNBUSDT,1752163800000,2025-07-10 16:10:00,2025-07-11 01:10:00,668.28,668.39,668.12,668.32,408.631,273072.98184
BNBUSDT,1752164100000,2025-07-10 16:15:00,2025-07-11 01:15:00,668.31,669,668.31,669,2218.785,1483304.53744
BNBUSDT,1752164400000,2025-07-10 16:20:00,2025-07-11 01:20:00,669,670.41,668.99,670.2,1145.904,767231.24533
BNBUSDT,1752164700000,2025-07-10 16:25:00,2025-07-11 01:25:00,670.19,671.47,670.1,671.1,1302.386,873973.49956
BNBUSDT,1752165000000,2025-07-10 16:30:00,2025-07-11 01:30:00,671.1,671.72,670.93,671.6,914.977,614333.08264
BNBUSDT,1752165300000,2025-07-10 16:35:00,2025-07-11 01:35:00,671.61,672,670.61,671.99,857.479,575786.43027
BNBUSDT,1752165600000,2025-07-10 16:40:00,2025-07-11 01:40:00,671.99,672.2,671.83,672.02,749.278,503527.8381
BNBUSDT,1752165900000,2025-07-10 16:45:00,2025-07-11 01:45:00,672.02,672.37,671.69,671.91,1204.076,809212.66267
BNBUSDT,1752166200000,2025-07-10 16:50:00,2025-07-11 01:50:00,671.91,672.14,671.51,672.11,553.61,371954.4747
BNBUSDT,1752166500000,2025-07-10 16:55:00,2025-07-11 01:55:00,672.11,672.16,671.81,672.04,308.547,207344.71557
BNBUSDT,1752166800000,2025-07-10 17:00:00,2025-07-11 02:00:00,672.05,672.05,671.23,671.49,416.858,279964.13786
BNBUSDT,1752167100000,2025-07-10 17:05:00,2025-07-11 02:05:00,671.5,672.99,671.49,672.98,708.617,476425.54153
BNBUSDT,1752167400000,2025-07-10 17:10:00,2025-07-11 02:10:00,672.99,673.51,672.43,673.5,883.669,594708.17758
BNBUSDT,1752167700000,2025-07-10 17:15:00,2025-07-11 02:15:00,673.49,673.5,672.73,673.1,702.745,473033.98583
BNBUSDT,1752168000000,2025-07-10 17:20:00,2025-07-11 02:20:00,673.1,673.39,672.86,673.19,677.393,455970.01337
BNBUSDT,1752168300000,2025-07-10 17:25:00,2025-07-11 02:25:00,673.19,673.28,672.92,673.28,369.447,248679.47637
BNBUSDT,1752168600000,2025-07-10 17:30:00,2025-07-11 02:30:00,673.28,673.83,673.27,673.61,684.991,461426.41248
BNBUSDT,1752168900000,2025-07-10 17:35:00,2025-07-11 02:35:00,673.61,674,673.29,674,1132.029,762522.28018
BNBUSDT,1752169200000,2025-07-10 17:40:00,2025-07-11 02:40:00,674,674.99,673.99,674.9,1580.133,1066018.36092
BNBUSDT,1752169500000,2025-07-10 17:45:00,2025-07-11 02:45:00,674.9,674.91,673.98,674.6,920.744,620975.28911
BNBUSDT,1752169800000,2025-07-10 17:50:00,2025-07-11 02:50:00,674.6,675.38,674.56,675.29,1827.47,1233537.09622
BNBUSDT,1752170100000,2025-07-10 17:55:00,2025-07-11 02:55:00,675.3,675.5,674.86,675.31,430.571,290775.86437
BNBUSDT,1752170400000,2025-07-10 18:00:00,2025-07-11 03:00:00,675.32,675.33,674.8,674.94,585.149,395009.97162
BNBUSDT,1752170700000,2025-07-10 18:05:00,2025-07-11 03:05:00,674.95,675.18,674.8,674.84,482.823,325918.18111
BNBUSDT,1752171000000,2025-07-10 18:10:00,2025-07-11 03:10:00,674.84,675.26,674.83,675.01,335.697,226625.92743
BNBUSDT,1752171300000,2025-07-10 18:15:00,2025-07-11 03:15:00,675.01,675.57,675.01,675.26,803.479,542667.66387
BNBUSDT,1752171600000,2025-07-10 18:20:00,2025-07-11 03:20:00,675.25,676.51,675.01,676.5,4612.354,3117384.22721
BNBUSDT,1752171900000,2025-07-10 18:25:00,2025-07-11 03:25:00,676.5,677.12,675.2,675.29,5199.756,3518778.97319
BNBUSDT,1752172200000,2025-07-10 18:30:00,2025-07-11 03:30:00,675.3,675.43,674.58,674.67,673.673,454700.22169
BNBUSDT,1752172500000,2025-07-10 18:35:00,2025-07-11 03:35:00,674.67,675.44,673.56,673.8,981.52,662045.76917
BNBUSDT,1752172800000,2025-07-10 18:40:00,2025-07-11 03:40:00,673.79,674,673.47,673.69,514.409,346571.7374
BNBUSDT,1752173100000,2025-07-10 18:45:00,2025-07-11 03:45:00,673.7,674.11,673.49,674,543.056,365888.76651
BNBUSDT,1752173400000,2025-07-10 18:50:00,2025-07-11 03:50:00,674.01,675.35,674.01,675.35,1426.282,962650.31849
BNBUSDT,1752173700000,2025-07-10 18:55:00,2025-07-11 03:55:00,675.35,675.93,675.25,675.58,735.87,497155.43531
BNBUSDT,1752174000000,2025-07-10 19:00:00,2025-07-11 04:00:00,675.57,678.81,675.57,678.05,3388.541,2295269.8192
BNBUSDT,1752174300000,2025-07-10 19:05:00,2025-07-11 04:05:00,678.05,679,677.93,678.33,2173.687,1475047.58589
BNBUSDT,1752174600000,2025-07-10 19:10:00,2025-07-11 04:10:00,678.33,678.61,677.55,678,665.683,451256.31079
BNBUSDT,1752174900000,2025-07-10 19:15:00,2025-07-11 04:15:00,678,678.08,677.19,677.32,635.257,430463.1075
BNBUSDT,1752175200000,2025-07-10 19:20:00,2025-07-11 04:20:00,677.33,677.38,676.42,676.66,411.557,278584.66979
BNBUSDT,1752175500000,2025-07-10 19:25:00,2025-07-11 04:25:00,676.65,676.66,676.11,676.11,394.214,266650.32665
BNBUSDT,1752175800000,2025-07-10 19:30:00,2025-07-11 04:30:00,676.11,676.56,676.05,676.34,453.801,306908.5972
BNBUSDT,1752176100000,2025-07-10 19:35:00,2025-07-11 04:35:00,676.34,676.49,675.94,676.06,159.97,108164.0575
BNBUSDT,1752176400000,2025-07-10 19:40:00,2025-07-11 04:40:00,676.05,676.6,675.94,676.18,397.165,268602.07171
BNBUSDT,1752176700000,2025-07-10 19:45:00,2025-07-11 04:45:00,676.18,676.19,675.7,675.8,125.221,84630.8312
BNBUSDT,1752177000000,2025-07-10 19:50:00,2025-07-11 04:50:00,675.81,675.95,675.61,675.91,223.367,150941.26813
BNBUSDT,1752177300000,2025-07-10 19:55:00,2025-07-11 04:55:00,675.9,675.95,675.74,675.92,249.317,168502.35374
BNBUSDT,1752177600000,2025-07-10 20:00:00,2025-07-11 05:00:00,675.92,676.9,675.6,676.51,514.424,347903.72557
BNBUSDT,1752177900000,2025-07-10 20:05:00,2025-07-11 05:05:00,676.52,677.1,675.77,675.88,701.686,474788.4189
BNBUSDT,1752178200000,2025-07-10 20:10:00,2025-07-11 05:10:00,675.87,676.2,675.84,676.19,193.604,130872.30492
BNBUSDT,1752178500000,2025-07-10 20:15:00,2025-07-11 05:15:00,676.2,676.53,676,676.53,901.41,609503.55422
BNBUSDT,1752178800000,2025-07-10 20:20:00,2025-07-11 05:20:00,676.52,676.7,676.2,676.2,538.36,364216.39246
BNBUSDT,1752179100000,2025-07-10 20:25:00,2025-07-11 05:25:00,676.21,676.21,675.63,676.1,359.63,243071.6712
BNBUSDT,1752179400000,2025-07-10 20:30:00,2025-07-11 05:30:00,676.1,676.2,676.05,676.06,185.275,125270.21462
BNBUSDT,1752179700000,2025-07-10 20:35:00,2025-07-11 05:35:00,676.07,676.5,675.99,676.17,261.506,176829.52343
BNBUSDT,1752180000000,2025-07-10 20:40:00,2025-07-11 05:40:00,676.17,676.6,675.99,676.56,270.244,182776.10731
BNBUSDT,1752180300000,2025-07-10 20:45:00,2025-07-11 05:45:00,676.56,676.74,676.32,676.37,362.453,245208.67682
BNBUSDT,1752180600000,2025-07-10 20:50:00,2025-07-11 05:50:00,676.36,676.6,675.7,676.49,571.308,386284.21768
BNBUSDT,1752180900000,2025-07-10 20:55:00,2025-07-11 05:55:00,676.5,676.6,676.25,676.4,190.931,129145.04076
BNBUSDT,1752181200000,2025-07-10 21:00:00,2025-07-11 06:00:00,676.4,676.82,676.05,676.81,441.455,298619.12909
BNBUSDT,1752181500000,2025-07-10 21:05:00,2025-07-11 06:05:00,676.82,677.44,676.66,677.19,471.302,319152.31269
BNBUSDT,1752181800000,2025-07-10 21:10:00,2025-07-11 06:10:00,677.2,678.27,677.01,677.82,940.55,637354.67079
BNBUSDT,1752182100000,2025-07-10 21:15:00,2025-07-11 06:15:00,677.83,682.33,677.4,681.85,8085.803,5500627.52609
BNBUSDT,1752182400000,2025-07-10 21:20:00,2025-07-11 06:20:00,681.85,684.22,680.38,682.99,4632.336,3160715.61888
BNBUSDT,1752182700000,2025-07-10 21:25:00,2025-07-11 06:25:00,683,684.54,682.05,682.29,2880.43,1967577.97842
BNBUSDT,1752183000000,2025-07-10 21:30:00,2025-07-11 06:30:00,682.29,682.68,679.39,681.43,2753.348,1876492.57716
BNBUSDT,1752183300000,2025-07-10 21:35:00,2025-07-11 06:35:00,681.44,682.58,681.11,682.52,1829.722,1247912.14653
BNBUSDT,1752183600000,2025-07-10 21:40:00,2025-07-11 06:40:00,682.51,685.5,682.39,685.28,5182.766,3546742.37715
BNBUSDT,1752183900000,2025-07-10 21:45:00,2025-07-11 06:45:00,685.27,686,683.18,685.61,3510.454,2404343.06081
BNBUSDT,1752184200000,2025-07-10 21:50:00,2025-07-11 06:50:00,685.61,686.84,681.58,685.9,5649.412,3867397.26684
BNBUSDT,1752184500000,2025-07-10 21:55:00,2025-07-11 06:55:00,685.9,685.97,684.31,684.69,2804.342,1921074.71644
BNBUSDT,1752184800000,2025-07-10 22:00:00,2025-07-11 07:00:00,684.68,685.2,684.2,685,1447.868,991353.0575
BNBUSDT,1752185100000,2025-07-10 22:05:00,2025-07-11 07:05:00,684.99,685.4,684.8,685.3,775.016,531021.02577
BNBUSDT,1752185400000,2025-07-10 22:10:00,2025-07-11 07:10:00,685.29,685.34,684.67,685.1,1294.151,886505.96413
BNBUSDT,1752185700000,2025-07-10 22:15:00,2025-07-11 07:15:00,685.1,687.08,685.1,687.08,1655.911,1136628.02152
BNBUSDT,1752186000000,2025-07-10 22:20:00,2025-07-11 07:20:00,687.08,687.34,686.13,686.37,2281.6,1567249.32477
BNBUSDT,1752186300000,2025-07-10 22:25:00,2025-07-11 07:25:00,686.38,686.44,685.61,686.14,1003.553,688366.28191
BNBUSDT,1752186600000,2025-07-10 22:30:00,2025-07-11 07:30:00,686.15,687.61,686,687.22,1202.563,825988.04302
BNBUSDT,1752186900000,2025-07-10 22:35:00,2025-07-11 07:35:00,687.23,687.29,686.03,686.24,779.875,535377.88858
BNBUSDT,1752187200000,2025-07-10 22:40:00,2025-07-11 07:40:00,686.24,686.48,685.71,686.35,825.525,566420.97348
BNBUSDT,1752187500000,2025-07-10 22:45:00,2025-07-11 07:45:00,686.35,686.8,686.33,686.77,733.695,503765.37365
BNBUSDT,1752187800000,2025-07-10 22:50:00,2025-07-11 07:50:00,686.78,687.7,686.77,687.36,1024.362,704138.19373
BNBUSDT,1752188100000,2025-07-10 22:55:00,2025-07-11 07:55:00,687.37,687.37,686.7,687,751.425,516253.91977
BNBUSDT,1752188400000,2025-07-10 23:00:00,2025-07-11 08:00:00,687.01,687.1,685.15,685.36,946.475,649241.95408
BNBUSDT,1752188700000,2025-07-10 23:05:00,2025-07-11 08:05:00,685.36,687.18,685.17,687.18,1651.682,1133464.87176
BNBUSDT,1752189000000,2025-07-10 23:10:00,2025-07-11 08:10:00,687.18,687.46,686.42,686.99,584.123,401336.69175
BNBUSDT,1752189300000,2025-07-10 23:15:00,2025-07-11 08:15:00,686.99,687.09,686.19,686.75,831.644,570951.94962
BNBUSDT,1752189600000,2025-07-10 23:20:00,2025-07-11 08:20:00,686.75,686.75,685.5,685.85,601.282,412375.93062
BNBUSDT,1752189900000,2025-07-10 23:25:00,2025-07-11 08:25:00,685.85,685.86,684.88,685.18,670.926,459717.76281
BNBUSDT,1752190200000,2025-07-10 23:30:00,2025-07-11 08:30:00,685.19,685.4,684.14,684.19,955.802,654519.93762
BNBUSDT,1752190500000,2025-07-10 23:35:00,2025-07-11 08:35:00,684.2,684.4,683.71,684.23,1390.666,951285.08349
BNBUSDT,1752190800000,2025-07-10 23:40:00,2025-07-11 08:40:00,684.23,684.69,683.69,684.14,766.459,524406.88499
BNBUSDT,1752191100000,2025-07-10 23:45:00,2025-07-11 08:45:00,684.15,684.6,683.72,684.6,404.155,276412.83082
BNBUSDT,1752191400000,2025-07-10 23:50:00,2025-07-11 08:50:00,684.59,686.3,684.59,685.89,1670.834,1145486.5005
BNBUSDT,1752191700000,2025-07-10 23:55:00,2025-07-11 08:55:00,685.89,686.1,685.6,685.8,435.979,299013.97322
BNBUSDT,1752192000000,2025-07-11 00:00:00,2025-07-11 09:00:00,685.8,685.9,685.32,685.89,658.116,451189.00667
BNBUSDT,1752192300000,2025-07-11 00:05:00,2025-07-11 09:05:00,685.89,687.54,685.62,687.27,834.591,573041.92648
BNBUSDT,1752192600000,2025-07-11 00:10:00,2025-07-11 09:10:00,687.28,687.4,685.61,685.62,547.508,376039.96518
BNBUSDT,1752192900000,2025-07-11 00:15:00,2025-07-11 09:15:00,685.61,685.67,684.08,684.32,937.204,641608.42123
BNBUSDT,1752193200000,2025-07-11 00:20:00,2025-07-11 09:20:00,684.31,684.79,684.03,684.17,1013.474,693675.0528
BNBUSDT,1752193500000,2025-07-11 00:25:00,2025-07-11 09:25:00,684.16,685.29,683.81,684.84,1317.289,901607.18218
BNBUSDT,1752193800000,2025-07-11 00:30:00,2025-07-11 09:30:00,684.85,687.81,684.33,687.69,2027.471,1391327.24265
BNBUSDT,1752194100000,2025-07-11 00:35:00,2025-07-11 09:35:00,687.7,690,687.7,687.98,4802.929,3308828.68857
BNBUSDT,1752194400000,2025-07-11 00:40:00,2025-07-11 09:40:00,687.98,688.06,686.48,686.48,633.894,435516.45551
BNBUSDT,1752194700000,2025-07-11 00:45:00,2025-07-11 09:45:00,686.48,687.4,686.2,686.95,605.43,415851.01966
BNBUSDT,1752195000000,2025-07-11 00:50:00,2025-07-11 09:50:00,686.94,686.94,686.08,686.25,682.789,468645.85061
BNBUSDT,1752195300000,2025-07-11 00:55:00,2025-07-11 09:55:00,686.25,687.96,686.24,687.93,825.828,567777.60689
BNBUSDT,1752195600000,2025-07-11 01:00:00,2025-07-11 10:00:00,687.94,689.29,687.57,688.91,1401.716,964685.74867
BNBUSDT,1752195900000,2025-07-11 01:05:00,2025-07-11 10:05:00,688.9,689.8,687.79,689.73,1589.079,1094329.7551
BNBUSDT,1752196200000,2025-07-11 01:10:00,2025-07-11 10:10:00,689.73,690.25,689.08,689.66,2949.801,2034642.12252
BNBUSDT,1752196500000,2025-07-11 01:15:00,2025-07-11 10:15:00,689.67,690.42,688.66,689.33,1953.246,1347160.6709
BNBUSDT,1752196800000,2025-07-11 01:20:00,2025-07-11 10:20:00,689.34,690.5,689.23,690.49,1107.633,764349.51658
BNBUSDT,1752197100000,2025-07-11 01:25:00,2025-07-11 10:25:00,690.5,691.6,690.38,691,1803.961,1246486.03144
BNBUSDT,1752197400000,2025-07-11 01:30:00,2025-07-11 10:30:00,691,692,689.68,689.9,3413.363,2358074.81724
BNBUSDT,1752197700000,2025-07-11 01:35:00,2025-07-11 10:35:00,689.91,690.26,689.71,689.92,598.504,412957.79347
BNBUSDT,1752198000000,2025-07-11 01:40:00,2025-07-11 10:40:00,689.93,690.35,689.68,689.89,632.4,436385.1116
BNBUSDT,1752198300000,2025-07-11 01:45:00,2025-07-11 10:45:00,689.88,690.19,689.28,689.29,1362.192,939840.4646
BNBUSDT,1752198600000,2025-07-11 01:50:00,2025-07-11 10:50:00,689.28,689.61,688.85,689.17,706.528,487026.30138
BNBUSDT,1752198900000,2025-07-11 01:55:00,2025-07-11 10:55:00,689.17,689.39,689.08,689.29,321.049,221281.06022
BNBUSDT,1752199200000,2025-07-11 02:00:00,2025-07-11 11:00:00,689.29,690.04,689.06,689.97,1587.898,1094784.15433
BNBUSDT,1752199500000,2025-07-11 02:05:00,2025-07-11 11:05:00,689.96,690.39,688.16,688.16,767.966,529726.06051
BNBUSDT,1752199800000,2025-07-11 02:10:00,2025-07-11 11:10:00,688.16,689.21,688.1,688.72,936.71,645001.15283
BNBUSDT,1752200100000,2025-07-11 02:15:00,2025-07-11 11:15:00,688.71,689.43,688.5,689.43,507.113,349432.01021
BNBUSDT,1752200400000,2025-07-11 02:20:00,2025-07-11 11:20:00,689.42,689.43,688.81,689.04,495.449,341481.15526
BNBUSDT,1752200700000,2025-07-11 02:25:00,2025-07-11 11:25:00,689.05,689.64,689.04,689.44,462.137,318551.64104
BNBUSDT,1752201000000,2025-07-11 02:30:00,2025-07-11 11:30:00,689.43,689.62,689,689.48,515.222,355109.31747
BNBUSDT,1752201300000,2025-07-11 02:35:00,2025-07-11 11:35:00,689.48,690,689.32,689.92,910.63,628079.02837
BNBUSDT,1752201600000,2025-07-11 02:40:00,2025-07-11 11:40:00,689.91,690,689.3,689.31,798.845,551048.63838
BNBUSDT,1752201900000,2025-07-11 02:45:00,2025-07-11 11:45:00,689.31,689.98,689.3,689.97,278.704,192234.17256
BNBUSDT,1752202200000,2025-07-11 02:50:00,2025-07-11 11:50:00,689.97,690.74,689.84,690.37,849.112,586122.36787
BNBUSDT,1752202500000,2025-07-11 02:55:00,2025-07-11 11:55:00,690.37,690.38,689.6,690.23,980.465,676531.47394
BNBUSDT,1752202800000,2025-07-11 03:00:00,2025-07-11 12:00:00,690.23,690.27,689.54,689.87,932.089,643147.03358
BNBUSDT,1752203100000,2025-07-11 03:05:00,2025-07-11 12:05:00,689.87,690.36,689.87,690.29,567.684,391751.45874
BNBUSDT,1752203400000,2025-07-11 03:10:00,2025-07-11 12:10:00,690.3,691,690,690.99,671.602,463683.24864
BNBUSDT,1752203700000,2025-07-11 03:15:00,2025-07-11 12:15:00,690.99,691.21,690.6,691.03,538.737,372273.2316
BNBUSDT,1752204000000,2025-07-11 03:20:00,2025-07-11 12:20:00,691.03,691.12,690,690.9,1515.331,1046397.67811
BNBUSDT,1752204300000,2025-07-11 03:25:00,2025-07-11 12:25:00,690.9,691,690.2,690.31,398.464,275175.19819
BNBUSDT,1752204600000,2025-07-11 03:30:00,2025-07-11 12:30:00,690.3,690.31,689.34,689.34,597.848,412345.67318
BNBUSDT,1752204900000,2025-07-11 03:35:00,2025-07-11 12:35:00,689.35,689.7,689.22,689.69,750.225,517259.61178
BNBUSDT,1752205200000,2025-07-11 03:40:00,2025-07-11 12:40:00,689.69,689.7,689.5,689.7,380.698,262519.21764
BNBUSDT,1752205500000,2025-07-11 03:45:00,2025-07-11 12:45:00,689.69,689.71,689.48,689.62,380.766,262560.24142
BNBUSDT,1752205800000,2025-07-11 03:50:00,2025-07-11 12:50:00,689.63,689.8,689.56,689.62,701.251,483641.54491
BNBUSDT,1752206100000,2025-07-11 03:55:00,2025-07-11 12:55:00,689.62,689.83,689.44,689.45,456.981,315131.03997
BNBUSDT,1752206400000,2025-07-11 04:00:00,2025-07-11 13:00:00,689.44,689.45,689,689.2,465.976,321132.97036
BNBUSDT,1752206700000,2025-07-11 04:05:00,2025-07-11 13:05:00,689.2,689.58,688.9,688.9,518.741,357507.5425
BNBUSDT,1752207000000,2025-07-11 04:10:00,2025-07-11 13:10:00,688.91,689.26,688.62,688.88,879.151,605685.98058
BNBUSDT,1752207300000,2025-07-11 04:15:00,2025-07-11 13:15:00,688.87,689.29,688.81,689.26,1069.195,736763.07664
BNBUSDT,1752207600000,2025-07-11 04:20:00,2025-07-11 13:20:00,689.26,689.26,688,688.64,732.004,503918.75873
BNBUSDT,1752207900000,2025-07-11 04:25:00,2025-07-11 13:25:00,688.63,688.64,687.94,688.15,584.389,402196.61306
BNBUSDT,1752208200000,2025-07-11 04:30:00,2025-07-11 13:30:00,688.14,688.15,687.5,687.78,692.125,476071.09553
BNBUSDT,1752208500000,2025-07-11 04:35:00,2025-07-11 13:35:00,687.78,688.5,687.6,688.34,650.608,447589.05041
BNBUSDT,1752208800000,2025-07-11 04:40:00,2025-07-11 13:40:00,688.34,688.78,688.14,688.15,759.733,523038.15186
BNBUSDT,1752209100000,2025-07-11 04:45:00,2025-07-11 13:45:00,688.15,688.77,688.08,688.58,584.591,402406.04804
BNBUSDT,1752209400000,2025-07-11 04:50:00,2025-07-11 13:50:00,688.59,689.5,688.52,689.44,664.066,457461.91196
BNBUSDT,1752209700000,2025-07-11 04:55:00,2025-07-11 13:55:00,689.44,689.51,689.1,689.39,571.609,394018.22162
BNBUSDT,1752210000000,2025-07-11 05:00:00,2025-07-11 14:00:00,689.38,689.99,689.38,689.77,406.33,280239.88605
BNBUSDT,1752210300000,2025-07-11 05:05:00,2025-07-11 14:05:00,689.78,691,689.76,690.88,981.591,677539.87998
BNBUSDT,1752210600000,2025-07-11 05:10:00,2025-07-11 14:10:00,690.88,691,690.43,690.8,806.961,557358.79107
BNBUSDT,1752210900000,2025-07-11 05:15:00,2025-07-11 14:15:00,690.8,692.2,690.51,692.2,1586.422,1096765.29599
BNBUSDT,1752211200000,2025-07-11 05:20:00,2025-07-11 14:20:00,692.19,693.14,691.3,692.93,2366.739,1638054.87631
BNBUSDT,1752211500000,2025-07-11 05:25:00,2025-07-11 14:25:00,692.93,694.06,692.44,692.6,2104.57,1459432.31364
BNBUSDT,1752211800000,2025-07-11 05:30:00,2025-07-11 14:30:00,692.61,694.98,692.6,694.94,3391.358,2354785.32151
BNBUSDT,1752212100000,2025-07-11 05:35:00,2025-07-11 14:35:00,694.95,694.99,693.6,694.63,2415.168,1677172.28852
BNBUSDT,1752212400000,2025-07-11 05:40:00,2025-07-11 14:40:00,694.64,694.85,694,694.21,3462.288,2404324.56786
BNBUSDT,1752212700000,2025-07-11 05:45:00,2025-07-11 14:45:00,694.2,694.99,693,694.7,1942.158,1348348.20411
BNBUSDT,1752213000000,2025-07-11 05:50:00,2025-07-11 14:50:00,694.71,695,694.15,694.93,1816.649,1262186.52454
BNBUSDT,1752213300000,2025-07-11 05:55:00,2025-07-11 14:55:00,694.93,694.93,693.12,693.24,1392.558,965936.86465
BNBUSDT,1752213600000,2025-07-11 06:00:00,2025-07-11 15:00:00,693.24,694.36,692.7,694.25,1300.322,901770.00131
BNBUSDT,1752213900000,2025-07-11 06:05:00,2025-07-11 15:05:00,694.26,694.88,694.26,694.3,977.531,678937.9097
BNBUSDT,1752214200000,2025-07-11 06:10:00,2025-07-11 15:10:00,694.31,694.33,693.24,693.42,1247.324,865452.70136
BNBUSDT,1752214500000,2025-07-11 06:15:00,2025-07-11 15:15:00,693.42,693.97,693.26,693.36,1384.313,960129.0941
BNBUSDT,1752214800000,2025-07-11 06:20:00,2025-07-11 15:20:00,693.36,693.37,692.5,692.51,720.218,499051.18276
BNBUSDT,1752215100000,2025-07-11 06:25:00,2025-07-11 15:25:00,692.51,692.98,692.03,692.37,619.053,428684.09351
BNBUSDT,1752215400000,2025-07-11 06:30:00,2025-07-11 15:30:00,692.36,692.43,691.34,691.52,929.458,643145.76401
BNBUSDT,1752215700000,2025-07-11 06:35:00,2025-07-11 15:35:00,691.53,692.23,691.15,691.15,1695.106,1172407.69099
BNBUSDT,1752216000000,2025-07-11 06:40:00,2025-07-11 15:40:00,691.15,691.16,690.14,690.43,1388.209,958861.28795
BNBUSDT,1752216300000,2025-07-11 06:45:00,2025-07-11 15:45:00,690.44,690.83,688.2,688.73,1530.958,1055473.6618
BNBUSDT,1752216600000,2025-07-11 06:50:00,2025-07-11 15:50:00,688.73,689,688.35,688.8,1428.214,983592.60458
BNBUSDT,1752216900000,2025-07-11 06:55:00,2025-07-11 15:55:00,688.81,688.93,687.86,688.18,679.453,467724.64486
BNBUSDT,1752217200000,2025-07-11 07:00:00,2025-07-11 16:00:00,688.19,688.19,686.59,686.9,2250.66,1546936.90297
BNBUSDT,1752217500000,2025-07-11 07:05:00,2025-07-11 16:05:00,686.9,686.91,685.98,686.6,2369.557,1626335.40472
BNBUSDT,1752217800000,2025-07-11 07:10:00,2025-07-11 16:10:00,686.6,686.98,686.01,686.03,486.607,333994.86061
BNBUSDT,1752218100000,2025-07-11 07:15:00,2025-07-11 16:15:00,686.03,687.43,686.02,687.43,806.398,553778.6492
BNBUSDT,1752218400000,2025-07-11 07:20:00,2025-07-11 16:20:00,687.42,687.7,687.32,687.5,1103.962,758999.85954
BNBUSDT,1752218700000,2025-07-11 07:25:00,2025-07-11 16:25:00,687.51,688,687.34,687.93,1239.438,852355.91603
BNBUSDT,1752219000000,2025-07-11 07:30:00,2025-07-11 16:30:00,687.93,687.95,686.3,686.35,1090.959,749442.95396
BNBUSDT,1752219300000,2025-07-11 07:35:00,2025-07-11 16:35:00,686.35,687.47,686.34,687.27,887.245,609399.12029
BNBUSDT,1752219600000,2025-07-11 07:40:00,2025-07-11 16:40:00,687.27,687.46,686.48,686.68,867.986,596359.80061
BNBUSDT,1752219900000,2025-07-11 07:45:00,2025-07-11 16:45:00,686.68,686.95,686.11,686.26,969.078,665246.19324
BNBUSDT,1752220200000,2025-07-11 07:50:00,2025-07-11 16:50:00,686.25,686.47,685.01,685.19,1250.511,857393.66779
BNBUSDT,1752220500000,2025-07-11 07:55:00,2025-07-11 16:55:00,685.19,685.36,684.64,684.89,1890.122,1294770.52979
BNBUSDT,1752220800000,2025-07-11 08:00:00,2025-07-11 17:00:00,684.89,685.8,684.85,685.72,626.601,429515.04933
BNBUSDT,1752221100000,2025-07-11 08:05:00,2025-07-11 17:05:00,685.73,686.07,685.44,686.05,726.228,498044.6364
BNBUSDT,1752221400000,2025-07-11 08:10:00,2025-07-11 17:10:00,686.06,686.2,685.8,685.9,421.25,288966.11085
BNBUSDT,1752221700000,2025-07-11 08:15:00,2025-07-11 17:15:00,685.91,686.05,685.5,685.51,354.856,243356.94844
BNBUSDT,1752222000000,2025-07-11 08:20:00,2025-07-11 17:20:00,685.51,685.51,684.57,685.49,1175.267,805076.11092
BNBUSDT,1752222300000,2025-07-11 08:25:00,2025-07-11 17:25:00,685.49,687.06,685.49,686.73,636.163,436850.23065
BNBUSDT,1752222600000,2025-07-11 08:30:00,2025-07-11 17:30:00,686.73,686.74,685.85,686.2,892.84,612552.31365
BNBUSDT,1752222900000,2025-07-11 08:35:00,2025-07-11 17:35:00,686.2,686.94,686.02,686.09,743.897,510614.46259
BNBUSDT,1752223200000,2025-07-11 08:40:00,2025-07-11 17:40:00,686.08,688.1,686.01,687.92,1552.064,1066937.75563
BNBUSDT,1752223500000,2025-07-11 08:45:00,2025-07-11 17:45:00,687.93,687.93,687.6,687.79,466.556,320865.65282
BNBUSDT,1752223800000,2025-07-11 08:50:00,2025-07-11 17:50:00,687.8,687.86,687.6,687.79,330.849,227543.00315
BNBUSDT,1752224100000,2025-07-11 08:55:00,2025-07-11 17:55:00,687.8,688.13,687.7,688.1,635.026,436867.16473
BNBUSDT,1752224400000,2025-07-11 09:00:00,2025-07-11 18:00:00,688.11,688.11,687.93,688.01,656.646,451782.21934
BNBUSDT,1752224700000,2025-07-11 09:05:00,2025-07-11 18:05:00,688,688.19,687.9,688.19,1290.477,887773.68344
BNBUSDT,1752225000000,2025-07-11 09:10:00,2025-07-11 18:10:00,688.18,688.46,688.06,688.46,401.8,276522.61305
BNBUSDT,1752225300000,2025-07-11 09:15:00,2025-07-11 18:15:00,688.45,689.42,688.45,689.42,621.602,428246.44526
BNBUSDT,1752225600000,2025-07-11 09:20:00,2025-07-11 18:20:00,689.41,689.9,689.41,689.87,420.257,289847.94682
BNBUSDT,1752225900000,2025-07-11 09:25:00,2025-07-11 18:25:00,689.86,689.89,689.52,689.52,541.886,373766.65455
BNBUSDT,1752226200000,2025-07-11 09:30:00,2025-07-11 18:30:00,689.53,689.79,689.01,689.74,679.186,468150.43392
BNBUSDT,1752226500000,2025-07-11 09:35:00,2025-07-11 18:35:00,689.75,690.82,689.42,690.13,1919.163,1324837.39325
BNBUSDT,1752226800000,2025-07-11 09:40:00,2025-07-11 18:40:00,690.14,690.16,689.31,689.73,1661.785,1146134.59879
BNBUSDT,1752227100000,2025-07-11 09:45:00,2025-07-11 18:45:00,689.74,690.15,689.5,689.74,784.477,541157.78654
BNBUSDT,1752227400000,2025-07-11 09:50:00,2025-07-11 18:50:00,689.74,689.74,688.77,688.78,976.125,672748.53645
BNBUSDT,1752227700000,2025-07-11 09:55:00,2025-07-11 18:55:00,688.78,689.47,688.61,689.2,2266.153,1561649.23537
BNBUSDT,1752228000000,2025-07-11 10:00:00,2025-07-11 19:00:00,689.2,689.23,688.66,688.87,1598.63,1101334.22529
BNBUSDT,1752228300000,2025-07-11 10:05:00,2025-07-11 19:05:00,688.88,689.4,688.86,689.18,917.212,632061.04306
BNBUSDT,1752228600000,2025-07-11 10:10:00,2025-07-11 19:10:00,689.18,689.27,688.63,688.8,1486.906,1024283.14472
BNBUSDT,1752228900000,2025-07-11 10:15:00,2025-07-11 19:15:00,688.81,689.17,688.8,688.81,599.493,413008.47622
BNBUSDT,1752229200000,2025-07-11 10:20:00,2025-07-11 19:20:00,688.82,689.64,688.81,689.64,438.122,301946.71951
BNBUSDT,1752229500000,2025-07-11 10:25:00,2025-07-11 19:25:00,689.64,689.99,689.23,689.87,1700.721,1172774.53277
BNBUSDT,1752229800000,2025-07-11 10:30:00,2025-07-11 19:30:00,689.88,689.97,689,689.18,2613.054,1801435.88126
BNBUSDT,1752230100000,2025-07-11 10:35:00,2025-07-11 19:35:00,689.19,689.22,688.74,688.87,1498.065,1032190.59428
BNBUSDT,1752230400000,2025-07-11 10:40:00,2025-07-11 19:40:00,688.87,689.3,688.8,689.3,290.768,200354.96164
BNBUSDT,1752230700000,2025-07-11 10:45:00,2025-07-11 19:45:00,689.29,689.47,689.23,689.39,290.751,200437.16888
BNBUSDT,1752231000000,2025-07-11 10:50:00,2025-07-11 19:50:00,689.39,689.59,689.32,689.33,339.076,233784.01915
BNBUSDT,1752231300000,2025-07-11 10:55:00,2025-07-11 19:55:00,689.32,689.4,689.05,689.3,651.561,449091.37422
BNBUSDT,1752231600000,2025-07-11 11:00:00,2025-07-11 20:00:00,689.31,689.8,689.25,689.69,663.889,457757.74974
BNBUSDT,1752231900000,2025-07-11 11:05:00,2025-07-11 20:05:00,689.7,689.7,689.01,689.3,867.763,598116.22705
BNBUSDT,1752232200000,2025-07-11 11:10:00,2025-07-11 20:10:00,689.31,689.31,688.07,688.27,4605.339,3172459.68837
BNBUSDT,1752232500000,2025-07-11 11:15:00,2025-07-11 20:15:00,688.26,689,688.2,688.48,1262.046,869100.52131
BNBUSDT,1752232800000,2025-07-11 11:20:00,2025-07-11 20:20:00,688.48,688.67,688.08,688.56,910.784,626964.0915
BNBUSDT,1752233100000,2025-07-11 11:25:00,2025-07-11 20:25:00,688.55,688.84,687.66,688.46,1728.633,1189847.58816
BNBUSDT,1752233400000,2025-07-11 11:30:00,2025-07-11 20:30:00,688.46,688.92,688.34,688.49,589.65,406054.06967
BNBUSDT,1752233700000,2025-07-11 11:35:00,2025-07-11 20:35:00,688.49,689.12,688.48,689.01,398.271,274363.28508
BNBUSDT,1752234000000,2025-07-11 11:40:00,2025-07-11 20:40:00,689.01,689.02,687.73,688.44,1200.925,826740.60111
BNBUSDT,1752234300000,2025-07-11 11:45:00,2025-07-11 20:45:00,688.44,688.45,687.36,687.5,549.726,378121.546
BNBUSDT,1752234600000,2025-07-11 11:50:00,2025-07-11 20:50:00,687.49,688.4,687.49,688.3,427.956,294501.35136
BNBUSDT,1752234900000,2025-07-11 11:55:00,2025-07-11 20:55:00,688.31,688.54,688.3,688.31,318.263,219093.12483
BNBUSDT,1752235200000,2025-07-11 12:00:00,2025-07-11 21:00:00,688.3,688.73,688.1,688.69,388.233,267251.10058
BNBUSDT,1752235500000,2025-07-11 12:05:00,2025-07-11 21:05:00,688.7,689.18,688.69,688.82,408.654,281521.83839
BNBUSDT,1752235800000,2025-07-11 12:10:00,2025-07-11 21:10:00,688.82,689.13,688.51,688.96,397.346,273679.40043
BNBUSDT,1752236100000,2025-07-11 12:15:00,2025-07-11 21:15:00,688.95,689,688.22,688.3,294.374,202723.20574
BNBUSDT,1752236400000,2025-07-11 12:20:00,2025-07-11 21:20:00,688.29,688.3,687.77,687.82,299.666,206179.18071
BNBUSDT,1752236700000,2025-07-11 12:25:00,2025-07-11 21:25:00,687.82,687.83,687.5,687.59,269.05,185007.00586
BNBUSDT,1752237000000,2025-07-11 12:30:00,2025-07-11 21:30:00,687.59,688.17,687.5,688.09,298.512,205318.80849
BNBUSDT,1752237300000,2025-07-11 12:35:00,2025-07-11 21:35:00,688.1,688.28,688.09,688.27,232.62,160086.47726
BNBUSDT,1752237600000,2025-07-11 12:40:00,2025-07-11 21:40:00,688.27,688.3,688.1,688.25,326.3,224559.49811
BNBUSDT,1752237900000,2025-07-11 12:45:00,2025-07-11 21:45:00,688.25,688.99,688.24,688.7,325.178,223949.91221
BNBUSDT,1752238200000,2025-07-11 12:50:00,2025-07-11 21:50:00,688.69,689.19,688.35,689.07,862.205,593898.20799
BNBUSDT,1752238500000,2025-07-11 12:55:00,2025-07-11 21:55:00,689.06,689.85,689.06,689.7,381.496,263056.96152
BNBUSDT,1752238800000,2025-07-11 13:00:00,2025-07-11 22:00:00,689.71,690.64,689.6,690.39,1151.691,794856.59879
BNBUSDT,1752239100000,2025-07-11 13:05:00,2025-07-11 22:05:00,690.39,690.72,689.69,689.99,1846.225,1274764.93055
BNBUSDT,1752239400000,2025-07-11 13:10:00,2025-07-11 22:10:00,690,690.61,689.72,690.59,685.746,473345.61001
BNBUSDT,1752239700000,2025-07-11 13:15:00,2025-07-11 22:15:00,690.6,690.94,690.3,690.31,485.011,334964.69555
BNBUSDT,1752240000000,2025-07-11 13:20:00,2025-07-11 22:20:00,690.31,690.65,689.8,690.41,446.303,308035.78654
BNBUSDT,1752240300000,2025-07-11 13:25:00,2025-07-11 22:25:00,690.41,690.56,690.1,690.35,609.503,420690.34291
BNBUSDT,1752240600000,2025-07-11 13:30:00,2025-07-11 22:30:00,690.35,690.35,688.41,688.89,760.957,524483.62086
BNBUSDT,1752240900000,2025-07-11 13:35:00,2025-07-11 22:35:00,688.89,690.9,688.89,689.79,693.247,478304.44647
BNBUSDT,1752241200000,2025-07-11 13:40:00,2025-07-11 22:40:00,689.79,690.3,689.25,689.32,659.334,454822.01686
BNBUSDT,1752241500000,2025-07-11 13:45:00,2025-07-11 22:45:00,689.31,690.43,688.65,690.31,1207.394,832410.58009
BNBUSDT,1752241800000,2025-07-11 13:50:00,2025-07-11 22:50:00,690.3,690.68,689.66,689.67,537.194,370815.15116
BNBUSDT,1752242100000,2025-07-11 13:55:00,2025-07-11 22:55:00,689.66,691.38,689.66,690.81,885.28,611636.02586
BNBUSDT,1752242400000,2025-07-11 14:00:00,2025-07-11 23:00:00,690.81,691.21,689.79,690.31,766.449,529198.04087
BNBUSDT,1752242700000,2025-07-11 14:05:00,2025-07-11 23:05:00,690.32,691.08,689.76,690.22,814.983,562597.03513
BNBUSDT,1752243000000,2025-07-11 14:10:00,2025-07-11 23:10:00,690.22,691.08,690.01,690.97,464.346,320731.14571
BNBUSDT,1752243300000,2025-07-11 14:15:00,2025-07-11 23:15:00,690.96,691.74,690.67,691.46,1047.902,724400.78948
BNBUSDT,1752243600000,2025-07-11 14:20:00,2025-07-11 23:20:00,691.45,692.46,691.45,692.43,1097.254,759219.05836
BNBUSDT,1752243900000,2025-07-11 14:25:00,2025-07-11 23:25:00,692.43,692.98,692.14,692.67,697.898,483323.79307
BNBUSDT,1752244200000,2025-07-11 14:30:00,2025-07-11 23:30:00,692.67,693.93,692.33,693.51,1253.184,868454.89698
BNBUSDT,1752244500000,2025-07-11 14:35:00,2025-07-11 23:35:00,693.51,694.26,692.65,692.68,1029.659,714163.68812
BNBUSDT,1752244800000,2025-07-11 14:40:00,2025-07-11 23:40:00,692.68,693.52,692.18,693.37,713.875,494546.49573
BNBUSDT,1752245100000,2025-07-11 14:45:00,2025-07-11 23:45:00,693.36,693.37,692.73,693.24,937.767,649889.112
BNBUSDT,1752245400000,2025-07-11 14:50:00,2025-07-11 23:50:00,693.24,693.5,690.43,691.45,1072.497,742011.59191
BNBUSDT,1752245700000,2025-07-11 14:55:00,2025-07-11 23:55:00,691.45,692.18,690.86,692.18,1605.26,1110136.45757
BNBUSDT,1752246000000,2025-07-11 15:00:00,2025-07-12 00:00:00,692.17,692.56,691.56,691.61,574.412,397514.34908
BNBUSDT,1752246300000,2025-07-11 15:05:00,2025-07-12 00:05:00,691.61,691.62,689.9,690.78,1011.305,698623.53807
BNBUSDT,1752246600000,2025-07-11 15:10:00,2025-07-12 00:10:00,690.78,691.48,689.88,690.51,806.397,557000.75265
BNBUSDT,1752246900000,2025-07-11 15:15:00,2025-07-12 00:15:00,690.5,691.88,690.4,691.65,645.169,445948.40724
BNBUSDT,1752247200000,2025-07-11 15:20:00,2025-07-12 00:20:00,691.65,692.16,690.8,690.9,1456.816,1007828.88101
BNBUSDT,1752247500000,2025-07-11 15:25:00,2025-07-12 00:25:00,690.91,691.7,690.46,691.7,527.096,364226.10025
BNBUSDT,1752247800000,2025-07-11 15:30:00,2025-07-12 00:30:00,691.7,691.7,690.14,691.39,875.581,604961.39655
BNBUSDT,1752248100000,2025-07-11 15:35:00,2025-07-12 00:35:00,691.4,692.32,691.11,691.98,1617.813,1119398.67959
BNBUSDT,1752248400000,2025-07-11 15:40:00,2025-07-12 00:40:00,691.98,693.11,691.92,692.29,901.504,624416.82415
BNBUSDT,1752248700000,2025-07-11 15:45:00,2025-07-12 00:45:00,692.3,692.32,691.28,692,1147.34,793773.15524
BNBUSDT,1752249000000,2025-07-11 15:50:00,2025-07-12 00:50:00,691.99,692.96,688.57,689.6,2087.669,1441642.76543
BNBUSDT,1752249300000,2025-07-11 15:55:00,2025-07-12 00:55:00,689.6,689.6,686.18,687.26,3598.986,2474779.69526
BNBUSDT,1752249600000,2025-07-11 16:00:00,2025-07-12 01:00:00,687.26,689.44,686.7,688.5,1302.049,896282.28101
BNBUSDT,1752249900000,2025-07-11 16:05:00,2025-07-12 01:05:00,688.51,689.37,686.1,687.89,1363.717,937317.98677
BNBUSDT,1752250200000,2025-07-11 16:10:00,2025-07-12 01:10:00,687.89,689.47,687.42,689.38,795.268,547350.50824
BNBUSDT,1752250500000,2025-07-11 16:15:00,2025-07-12 01:15:00,689.39,690.79,687.33,687.55,1094.643,754613.22676
BNBUSDT,1752250800000,2025-07-11 16:20:00,2025-07-12 01:20:00,687.56,689.69,687.56,689.52,774.249,532992.49565
BNBUSDT,1752251100000,2025-07-11 16:25:00,2025-07-12 01:25:00,689.52,690.8,689.2,690.79,785.36,542067.72495
BNBUSDT,1752251400000,2025-07-11 16:30:00,2025-07-12 01:30:00,690.8,692.31,690.7,690.93,1388.946,960248.37433
BNBUSDT,1752251700000,2025-07-11 16:35:00,2025-07-12 01:35:00,690.94,691.08,689.52,690.3,1656.714,1143338.30327
BNBUSDT,1752252000000,2025-07-11 16:40:00,2025-07-12 01:40:00,690.3,691.34,690.2,690.41,776.059,536047.49867
BNBUSDT,1752252300000,2025-07-11 16:45:00,2025-07-12 01:45:00,690.41,690.5,688.98,689.97,1016.991,701584.867
BNBUSDT,1752252600000,2025-07-11 16:50:00,2025-07-12 01:50:00,689.97,693,689.97,692.5,1812.169,1253676.60278
BNBUSDT,1752252900000,2025-07-11 16:55:00,2025-07-12 01:55:00,692.5,694,692.45,693.99,1760.409,1220792.74397
BNBUSDT,1752253200000,2025-07-11 17:00:00,2025-07-12 02:00:00,694,696.4,693.71,694.36,7236.027,5030925.7705
BNBUSDT,1752253500000,2025-07-11 17:05:00,2025-07-12 02:05:00,694.36,695.6,694.18,694.61,1205.081,837247.024
BNBUSDT,1752253800000,2025-07-11 17:10:00,2025-07-12 02:10:00,694.6,694.74,693.37,693.49,1296.98,900168.97975
BNBUSDT,1752254100000,2025-07-11 17:15:00,2025-07-12 02:15:00,693.5,694.52,693.31,694.49,1042.815,723605.8587
BNBUSDT,1752254400000,2025-07-11 17:20:00,2025-07-12 02:20:00,694.49,695.2,694.22,694.71,1303.819,905835.86246
BNBUSDT,1752254700000,2025-07-11 17:25:00,2025-07-12 02:25:00,694.71,695.28,694.1,695.27,1691.226,1175097.4759
BNBUSDT,1752255000000,2025-07-11 17:30:00,2025-07-12 02:30:00,695.27,695.76,694.4,694.55,846.487,588420.63664
BNBUSDT,1752255300000,2025-07-11 17:35:00,2025-07-12 02:35:00,694.55,695.95,693.81,694.21,1912.253,1329467.93762
BNBUSDT,1752255600000,2025-07-11 17:40:00,2025-07-12 02:40:00,694.2,695.2,694.14,694.78,1172.88,814903.06151
BNBUSDT,1752255900000,2025-07-11 17:45:00,2025-07-12 02:45:00,694.79,695.15,694.6,694.79,534.571,371479.09061
BNBUSDT,1752256200000,2025-07-11 17:50:00,2025-07-12 02:50:00,694.8,695.19,694.44,694.79,641.213,445513.08789
BNBUSDT,1752256500000,2025-07-11 17:55:00,2025-07-12 02:55:00,694.8,695.59,694.55,695.56,447.933,311363.60475
BNBUSDT,1752256800000,2025-07-11 18:00:00,2025-07-12 03:00:00,695.56,696.48,695.2,695.43,1204.023,837898.90356
BNBUSDT,1752257100000,2025-07-11 18:05:00,2025-07-12 03:05:00,695.42,695.88,695.32,695.59,608.919,423592.87645
BNBUSDT,1752257400000,2025-07-11 18:10:00,2025-07-12 03:10:00,695.58,696.2,695.46,696.17,542.783,377710.82051
BNBUSDT,1752257700000,2025-07-11 18:15:00,2025-07-12 03:15:00,696.17,696.49,695.23,695.24,1181.351,822269.56567
BNBUSDT,1752258000000,2025-07-11 18:20:00,2025-07-12 03:20:00,695.23,696.2,694.9,696.1,866.023,602301.00541
BNBUSDT,1752258300000,2025-07-11 18:25:00,2025-07-12 03:25:00,696.1,696.35,695.26,695.26,538.718,374808.36316
BNBUSDT,1752258600000,2025-07-11 18:30:00,2025-07-12 03:30:00,695.27,696.82,695.2,696.7,793.181,552374.78354
BNBUSDT,1752258900000,2025-07-11 18:35:00,2025-07-12 03:35:00,696.69,696.7,695.86,696.15,356.331,248108.8313
BNBUSDT,1752259200000,2025-07-11 18:40:00,2025-07-12 03:40:00,696.15,696.7,695.96,696.7,563.002,392057.21882
BNBUSDT,1752259500000,2025-07-11 18:45:00,2025-07-12 03:45:00,696.69,697.24,696.14,696.19,1074.988,749153.15244
BNBUSDT,1752259800000,2025-07-11 18:50:00,2025-07-12 03:50:00,696.19,696.57,695.61,696.34,365.808,254669.65703
BNBUSDT,1752260100000,2025-07-11 18:55:00,2025-07-12 03:55:00,696.34,696.39,695.72,695.89,317.457,220980.72748
BNBUSDT,1752260400000,2025-07-11 19:00:00,2025-07-12 04:00:00,695.89,695.97,694.12,694.36,414.043,287781.19283
BNBUSDT,1752260700000,2025-07-11 19:05:00,2025-07-12 04:05:00,694.36,694.37,692.78,694.15,775.572,537997.25591
BNBUSDT,1752261000000,2025-07-11 19:10:00,2025-07-12 04:10:00,694.16,694.17,693.5,694.03,181.214,125745.96878
BNBUSDT,1752261300000,2025-07-11 19:15:00,2025-07-12 04:15:00,694.03,695,694,694.34,486.864,338167.27456
BNBUSDT,1752261600000,2025-07-11 19:20:00,2025-07-12 04:20:00,694.34,694.89,694.34,694.81,291.6,202567.89381
BNBUSDT,1752261900000,2025-07-11 19:25:00,2025-07-12 04:25:00,694.8,695.05,694.12,694.12,457.266,317666.61026
BNBUSDT,1752262200000,2025-07-11 19:30:00,2025-07-12 04:30:00,694.13,695,693.6,694.71,321.781,223419.15004
BNBUSDT,1752262500000,2025-07-11 19:35:00,2025-07-12 04:35:00,694.71,694.83,694,694.01,170.76,118589.8173
BNBUSDT,1752262800000,2025-07-11 19:40:00,2025-07-12 04:40:00,694,694.17,693.53,693.76,293.892,203912.77991
BNBUSDT,1752263100000,2025-07-11 19:45:00,2025-07-12 04:45:00,693.75,693.99,692.9,693.4,580.798,402721.05959
BNBUSDT,1752263400000,2025-07-11 19:50:00,2025-07-12 04:50:00,693.4,694.3,693.33,693.97,356.449,247346.69363
BNBUSDT,1752263700000,2025-07-11 19:55:00,2025-07-12 04:55:00,693.98,694.08,693.63,694,245.034,170032.37956
BNBUSDT,1752264000000,2025-07-11 20:00:00,2025-07-12 05:00:00,694,694,693.26,693.27,339.867,235792.33693
BNBUSDT,1752264300000,2025-07-11 20:05:00,2025-07-12 05:05:00,693.26,693.8,693.26,693.63,218.29,151383.27487
BNBUSDT,1752264600000,2025-07-11 20:10:00,2025-07-12 05:10:00,693.64,694,693.31,693.59,210.696,146145.10221
BNBUSDT,1752264900000,2025-07-11 20:15:00,2025-07-12 05:15:00,693.6,694.18,693.33,693.68,413.898,287164.02972
BNBUSDT,1752265200000,2025-07-11 20:20:00,2025-07-12 05:20:00,693.68,693.8,693.36,693.5,576.267,399675.97157
BNBUSDT,1752265500000,2025-07-11 20:25:00,2025-07-12 05:25:00,693.49,693.87,693.3,693.72,265.907,184416.27253
BNBUSDT,1752265800000,2025-07-11 20:30:00,2025-07-12 05:30:00,693.73,693.78,692.5,692.62,536.915,372107.88132
BNBUSDT,1752266100000,2025-07-11 20:35:00,2025-07-12 05:35:00,692.62,693.4,692.62,693.25,270.809,187681.65001
BNBUSDT,1752266400000,2025-07-11 20:40:00,2025-07-12 05:40:00,693.24,693.36,692.48,692.66,330.726,229179.51125
BNBUSDT,1752266700000,2025-07-11 20:45:00,2025-07-12 05:45:00,692.67,693.1,691.8,692.18,481.447,333273.40804
BNBUSDT,1752267000000,2025-07-11 20:50:00,2025-07-12 05:50:00,692.18,692.9,692.09,692.09,235.254,162922.16466
BNBUSDT,1752267300000,2025-07-11 20:55:00,2025-07-12 05:55:00,692.08,692.1,691.03,691.28,382.431,264445.1009
BNBUSDT,1752267600000,2025-07-11 21:00:00,2025-07-12 06:00:00,691.28,691.78,690.82,691.69,678.929,469237.26952
BNBUSDT,1752267900000,2025-07-11 21:05:00,2025-07-12 06:05:00,691.68,692.2,690.58,690.59,308.97,213643.74286
BNBUSDT,1752268200000,2025-07-11 21:10:00,2025-07-12 06:10:00,690.59,690.7,689.53,690,1471.241,1015175.328
BNBUSDT,1752268500000,2025-07-11 21:15:00,2025-07-12 06:15:00,689.99,690.6,689.65,690.01,415.952,287064.0053
BNBUSDT,1752268800000,2025-07-11 21:20:00,2025-07-12 06:20:00,690.01,691.3,690.01,691.04,267.744,184923.16476
BNBUSDT,1752269100000,2025-07-11 21:25:00,2025-07-12 06:25:00,691.05,691.5,691.01,691.49,160.452,110905.6144
BNBUSDT,1752269400000,2025-07-11 21:30:00,2025-07-12 06:30:00,691.5,691.5,690.7,690.72,201.222,139061.34755
BNBUSDT,1752269700000,2025-07-11 21:35:00,2025-07-12 06:35:00,690.73,690.9,688.5,688.58,1020.768,703646.57502
BNBUSDT,1752270000000,2025-07-11 21:40:00,2025-07-12 06:40:00,688.57,689.19,687,687.02,1159.782,797887.83286
BNBUSDT,1752270300000,2025-07-11 21:45:00,2025-07-12 06:45:00,687.03,689.1,686.92,689.1,336.111,231181.36696
BNBUSDT,1752270600000,2025-07-11 21:50:00,2025-07-12 06:50:00,689.1,689.1,687.1,687.11,816.221,561505.00642
BNBUSDT,1752270900000,2025-07-11 21:55:00,2025-07-12 06:55:00,687.1,688.88,687.1,688.8,378.848,260660.90995
BNBUSDT,1752271200000,2025-07-11 22:00:00,2025-07-12 07:00:00,688.8,689.52,688.8,689.16,247.013,170240.24233
BNBUSDT,1752271500000,2025-07-11 22:05:00,2025-07-12 07:05:00,689.17,689.17,687.8,688,314.531,216571.30046
BNBUSDT,1752271800000,2025-07-11 22:10:00,2025-07-12 07:10:00,688,688,686.86,686.87,438.284,301264.02958
BNBUSDT,1752272100000,2025-07-11 22:15:00,2025-07-12 07:15:00,686.87,687.1,685.32,685.92,982.3,673901.68394
BNBUSDT,1752272400000,2025-07-11 22:20:00,2025-07-12 07:20:00,685.93,686.1,684.44,684.54,1246.25,854006.78101
BNBUSDT,1752272700000,2025-07-11 22:25:00,2025-07-12 07:25:00,684.53,684.58,682.83,684.04,1267.351,866327.07442
BNBUSDT,1752273000000,2025-07-11 22:30:00,2025-07-12 07:30:00,684.04,686.09,683.4,685.98,1241.547,849697.23898
BNBUSDT,1752273300000,2025-07-11 22:35:00,2025-07-12 07:35:00,685.98,686.18,684.1,684.16,419.312,287444.33559
BNBUSDT,1752273600000,2025-07-11 22:40:00,2025-07-12 07:40:00,684.15,686.18,683.76,684.54,860.775,589597.3634
BNBUSDT,1752273900000,2025-07-11 22:45:00,2025-07-12 07:45:00,684.53,685.49,684.3,685.13,218.426,149628.59112
BNBUSDT,1752274200000,2025-07-11 22:50:00,2025-07-12 07:50:00,685.12,686.22,684.79,685.59,417.694,286386.18668
BNBUSDT,1752274500000,2025-07-11 22:55:00,2025-07-12 07:55:00,685.59,686.38,685.59,686.21,180.584,123897.27543
BNBUSDT,1752274800000,2025-07-11 23:00:00,2025-07-12 08:00:00,686.21,687.3,686.09,687.28,414.132,284402.3358
BNBUSDT,1752275100000,2025-07-11 23:05:00,2025-07-12 08:05:00,687.27,688.1,687.19,688.1,231.753,159378.65444
BNBUSDT,1752275400000,2025-07-11 23:10:00,2025-07-12 08:10:00,688.1,688.74,688.09,688.73,238.953,164502.19153
BNBUSDT,1752275700000,2025-07-11 23:15:00,2025-07-12 08:15:00,688.73,688.81,688,688.81,1290.449,888433.21124
BNBUSDT,1752276000000,2025-07-11 23:20:00,2025-07-12 08:20:00,688.8,689.48,688.45,689.48,254.994,175694.02533
BNBUSDT,1752276300000,2025-07-11 23:25:00,2025-07-12 08:25:00,689.47,689.7,689.4,689.55,154.471,106511.41373
BNBUSDT,1752276600000,2025-07-11 23:30:00,2025-07-12 08:30:00,689.56,689.69,688.8,689.09,303.678,209278.78478
BNBUSDT,1752276900000,2025-07-11 23:35:00,2025-07-12 08:35:00,689.1,689.98,689.1,689.53,735.013,506827.92648
BNBUSDT,1752277200000,2025-07-11 23:40:00,2025-07-12 08:40:00,689.53,689.82,689.4,689.64,207.108,142827.1129
BNBUSDT,1752277500000,2025-07-11 23:45:00,2025-07-12 08:45:00,689.64,689.94,689.1,689.65,274.896,189545.06938
BNBUSDT,1752277800000,2025-07-11 23:50:00,2025-07-12 08:50:00,689.66,690,689.44,689.89,271.346,187182.80358
BNBUSDT,1752278100000,2025-07-11 23:55:00,2025-07-12 08:55:00,689.89,689.99,689.63,689.99,221.558,152845.50403
BNBUSDT,1752278400000,2025-07-12 00:00:00,2025-07-12 09:00:00,689.98,690.38,689.84,690.11,477.168,329310.59856
BNBUSDT,1752278700000,2025-07-12 00:05:00,2025-07-12 09:05:00,690.11,690.22,688.97,689.88,908.188,626279.57692
BNBUSDT,1752279000000,2025-07-12 00:10:00,2025-07-12 09:10:00,689.88,691.5,689.87,691.45,750.603,518562.3729
BNBUSDT,1752279300000,2025-07-12 00:15:00,2025-07-12 09:15:00,691.45,691.5,689.8,690.12,971.086,670517.01515
BNBUSDT,1752279600000,2025-07-12 00:20:00,2025-07-12 09:20:00,690.11,690.9,689.27,689.62,368.191,254033.95505
BNBUSDT,1752279900000,2025-07-12 00:25:00,2025-07-12 09:25:00,689.61,690.66,689.21,690.47,477.277,329317.40599
BNBUSDT,1752280200000,2025-07-12 00:30:00,2025-07-12 09:30:00,690.46,690.9,689.77,690,699.896,483117.76855
BNBUSDT,1752280500000,2025-07-12 00:35:00,2025-07-12 09:35:00,690,690,688.06,688.3,1378.981,949474.41545
BNBUSDT,1752280800000,2025-07-12 00:40:00,2025-07-12 09:40:00,688.29,689.4,688.17,688.78,364.558,251122.15084
BNBUSDT,1752281100000,2025-07-12 00:45:00,2025-07-12 09:45:00,688.77,690.6,688.7,690.42,686.106,473419.60468
BNBUSDT,1752281400000,2025-07-12 00:50:00,2025-07-12 09:50:00,690.42,691.39,690.12,691.31,603.261,416755.84666
BNBUSDT,1752281700000,2025-07-12 00:55:00,2025-07-12 09:55:00,691.31,692.04,691.01,691.63,1043.471,721616.65539
BNBUSDT,1752282000000,2025-07-12 01:00:00,2025-07-12 10:00:00,691.64,692.66,691.64,692.6,693.955,480404.44804
BNBUSDT,1752282300000,2025-07-12 01:05:00,2025-07-12 10:05:00,692.6,693.48,692.52,693.31,842.138,583640.81533
BNBUSDT,1752282600000,2025-07-12 01:10:00,2025-07-12 10:10:00,693.32,693.91,693.03,693.9,830.014,575594.81849
BNBUSDT,1752282900000,2025-07-12 01:15:00,2025-07-12 10:15:00,693.9,694.76,693.76,694.64,1139.724,791311.15305
BNBUSDT,1752283200000,2025-07-12 01:20:00,2025-07-12 10:20:00,694.65,694.98,694.27,694.43,884.742,614548.67597
BNBUSDT,1752283500000,2025-07-12 01:25:00,2025-07-12 10:25:00,694.44,694.58,694.2,694.57,527.754,366483.64464
BNBUSDT,1752283800000,2025-07-12 01:30:00,2025-07-12 10:30:00,694.58,694.58,694.14,694.14,459.822,319324.14483
BNBUSDT,1752284100000,2025-07-12 01:35:00,2025-07-12 10:35:00,694.15,694.65,694,694.05,533.524,370456.42138
BNBUSDT,1752284400000,2025-07-12 01:40:00,2025-07-12 10:40:00,694.05,694.56,694.03,694.55,254.583,176747.2953
BNBUSDT,1752284700000,2025-07-12 01:45:00,2025-07-12 10:45:00,694.55,694.59,694.33,694.51,227.597,158063.33275
BNBUSDT,1752285000000,2025-07-12 01:50:00,2025-07-12 10:50:00,694.51,694.63,694.2,694.32,330.793,229733.68398
BNBUSDT,1752285300000,2025-07-12 01:55:00,2025-07-12 10:55:00,694.32,694.4,693.61,693.78,435.724,302325.12596
BNBUSDT,1752285600000,2025-07-12 02:00:00,2025-07-12 11:00:00,693.78,694.46,693.71,694.12,432.686,300316.51042
BNBUSDT,1752285900000,2025-07-12 02:05:00,2025-07-12 11:05:00,694.13,694.77,694.06,694.39,566.929,393696.40657
BNBUSDT,1752286200000,2025-07-12 02:10:00,2025-07-12 11:10:00,694.39,694.59,694.13,694.53,204.766,142196.02482
BNBUSDT,1752286500000,2025-07-12 02:15:00,2025-07-12 11:15:00,694.53,694.71,694.49,694.66,235.377,163492.55275
BNBUSDT,1752286800000,2025-07-12 02:20:00,2025-07-12 11:20:00,694.67,694.74,694.5,694.64,340.693,236657.18219
BNBUSDT,1752287100000,2025-07-12 02:25:00,2025-07-12 11:25:00,694.64,694.66,694.4,694.66,177.451,123255.53566
BNBUSDT,1752287400000,2025-07-12 02:30:00,2025-07-12 11:30:00,694.66,694.68,694.38,694.38,191.724,133176.70701
BNBUSDT,1752287700000,2025-07-12 02:35:00,2025-07-12 11:35:00,694.38,694.69,694.32,694.56,318.593,221293.26447
BNBUSDT,1752288000000,2025-07-12 02:40:00,2025-07-12 11:40:00,694.57,694.59,694.3,694.4,189.17,131373.16671
BNBUSDT,1752288300000,2025-07-12 02:45:00,2025-07-12 11:45:00,694.41,694.41,693.21,693.29,277.602,192618.18704
BNBUSDT,1752288600000,2025-07-12 02:50:00,2025-07-12 11:50:00,693.28,693.62,692.9,692.9,304.794,211323.50409
BNBUSDT,1752288900000,2025-07-12 02:55:00,2025-07-12 11:55:00,692.89,693.2,692.75,692.98,583.548,404407.6476
BNBUSDT,1752289200000,2025-07-12 03:00:00,2025-07-12 12:00:00,692.98,694.02,692.98,694.02,421.492,292263.71484
BNBUSDT,1752289500000,2025-07-12 03:05:00,2025-07-12 12:05:00,694.01,694.4,694.01,694.18,221.87,154021.3477
BNBUSDT,1752289800000,2025-07-12 03:10:00,2025-07-12 12:10:00,694.18,694.18,693.82,694.04,176.188,122275.51576
BNBUSDT,1752290100000,2025-07-12 03:15:00,2025-07-12 12:15:00,694.03,694.25,694.03,694.16,307.314,213323.73306
BNBUSDT,1752290400000,2025-07-12 03:20:00,2025-07-12 12:20:00,694.16,694.43,694.06,694.43,182.276,126543.90104
BNBUSDT,1752290700000,2025-07-12 03:25:00,2025-07-12 12:25:00,694.42,694.54,694.3,694.45,386.149,268164.07427
BNBUSDT,1752291000000,2025-07-12 03:30:00,2025-07-12 12:30:00,694.45,694.91,694.2,694.9,484.737,336647.78696
BNBUSDT,1752291300000,2025-07-12 03:35:00,2025-07-12 12:35:00,694.91,694.91,694.45,694.65,421.602,292899.522
BNBUSDT,1752291600000,2025-07-12 03:40:00,2025-07-12 12:40:00,694.65,694.9,694.6,694.6,145.318,100964.50812
BNBUSDT,1752291900000,2025-07-12 03:45:00,2025-07-12 12:45:00,694.61,694.86,694.2,694.68,1009.611,701140.49466
BNBUSDT,1752292200000,2025-07-12 03:50:00,2025-07-12 12:50:00,694.68,695.13,694.68,694.9,934.173,649211.48429
BNBUSDT,1752292500000,2025-07-12 03:55:00,2025-07-12 12:55:00,694.9,695.33,694.78,695.28,604.075,419858.05475
BNBUSDT,1752292800000,2025-07-12 04:00:00,2025-07-12 13:00:00,695.29,696.33,695.12,696.29,2153.324,1498295.12142
BNBUSDT,1752293100000,2025-07-12 04:05:00,2025-07-12 13:05:00,696.29,696.72,696.29,696.55,1106.712,770880.58504
BNBUSDT,1752293400000,2025-07-12 04:10:00,2025-07-12 13:10:00,696.55,697,696.53,696.7,666.568,464489.6772
BNBUSDT,1752293700000,2025-07-12 04:15:00,2025-07-12 13:15:00,696.69,696.7,694.96,695.39,397.842,276834.77117
BNBUSDT,1752294000000,2025-07-12 04:20:00,2025-07-12 13:20:00,695.4,695.4,694.23,694.53,263.583,183102.8282
BNBUSDT,1752294300000,2025-07-12 04:25:00,2025-07-12 13:25:00,694.52,694.93,694.24,694.69,561.793,390222.98491
BNBUSDT,1752294600000,2025-07-12 04:30:00,2025-07-12 13:30:00,694.7,694.7,693.9,694,177.804,123438.23564
BNBUSDT,1752294900000,2025-07-12 04:35:00,2025-07-12 13:35:00,694.01,694.06,693.07,693.07,426.865,296062.32624
BNBUSDT,1752295200000,2025-07-12 04:40:00,2025-07-12 13:40:00,693.08,693.29,692.7,692.97,290.084,201022.18164
BNBUSDT,1752295500000,2025-07-12 04:45:00,2025-07-12 13:45:00,692.97,693.07,692.24,692.33,247.602,171488.70518
BNBUSDT,1752295800000,2025-07-12 04:50:00,2025-07-12 13:50:00,692.33,693.44,691.55,692.95,1630.793,1128647.65307
BNBUSDT,1752296100000,2025-07-12 04:55:00,2025-07-12 13:55:00,692.96,692.96,691.64,692.06,500.666,346557.68118
BNBUSDT,1752296400000,2025-07-12 05:00:00,2025-07-12 14:00:00,692.05,692.3,691.07,691.2,555.08,383854.79727
BNBUSDT,1752296700000,2025-07-12 05:05:00,2025-07-12 14:05:00,691.19,691.2,690.14,690.15,622.876,430075.7708
BNBUSDT,1752297000000,2025-07-12 05:10:00,2025-07-12 14:10:00,690.15,690.99,690.15,690.55,590.983,408119.20403
BNBUSDT,1752297300000,2025-07-12 05:15:00,2025-07-12 14:15:00,690.54,691.69,690.34,691.34,343.125,237093.61336
BNBUSDT,1752297600000,2025-07-12 05:20:00,2025-07-12 14:20:00,691.33,692.01,691.32,691.71,303.454,209895.88228
BNBUSDT,1752297900000,2025-07-12 05:25:00,2025-07-12 14:25:00,691.7,691.97,691.66,691.81,185.674,128451.0112
BNBUSDT,1752298200000,2025-07-12 05:30:00,2025-07-12 14:30:00,691.8,692.24,691.37,691.79,264.252,182806.19535
BNBUSDT,1752298500000,2025-07-12 05:35:00,2025-07-12 14:35:00,691.79,691.97,691.49,691.71,278.624,192730.50511
BNBUSDT,1752298800000,2025-07-12 05:40:00,2025-07-12 14:40:00,691.72,691.72,690.98,691.36,180.371,124682.69024
BNBUSDT,1752299100000,2025-07-12 05:45:00,2025-07-12 14:45:00,691.37,692.28,691.36,691.91,248.105,171659.27241
BNBUSDT,1752299400000,2025-07-12 05:50:00,2025-07-12 14:50:00,691.91,692.67,691.9,692.44,319.2,220956.95939
BNBUSDT,1752299700000,2025-07-12 05:55:00,2025-07-12 14:55:00,692.44,692.59,692.06,692.23,229.019,158555.53113
BNBUSDT,1752300000000,2025-07-12 06:00:00,2025-07-12 15:00:00,692.24,692.79,691.83,692.51,474.728,328642.01856
BNBUSDT,1752300300000,2025-07-12 06:05:00,2025-07-12 15:05:00,692.51,692.7,692.14,692.2,626.408,433761.02383
BNBUSDT,1752300600000,2025-07-12 06:10:00,2025-07-12 15:10:00,692.2,692.39,691.18,691.46,272.621,188582.98269
BNBUSDT,1752300900000,2025-07-12 06:15:00,2025-07-12 15:15:00,691.46,692.5,691.3,692.5,189.982,131415.65473
BNBUSDT,1752301200000,2025-07-12 06:20:00,2025-07-12 15:20:00,692.49,692.86,692.4,692.75,149.65,103655.17721
BNBUSDT,1752301500000,2025-07-12 06:25:00,2025-07-12 15:25:00,692.74,692.97,692.45,692.72,224.062,155209.79243
BNBUSDT,1752301800000,2025-07-12 06:30:00,2025-07-12 15:30:00,692.72,693.62,692.43,693.62,308.276,213655.75193
BNBUSDT,1752302100000,2025-07-12 06:35:00,2025-07-12 15:35:00,693.62,694.16,693.61,694,382.256,265241.35568
BNBUSDT,1752302400000,2025-07-12 06:40:00,2025-07-12 15:40:00,694,694.57,694,694.51,403.332,280038.89939
BNBUSDT,1752302700000,2025-07-12 06:45:00,2025-07-12 15:45:00,694.52,694.8,694.11,694.49,360.378,250273.20257
BNBUSDT,1752303000000,2025-07-12 06:50:00,2025-07-12 15:50:00,694.49,694.5,694.03,694.06,457.367,317545.02709
BNBUSDT,1752303300000,2025-07-12 06:55:00,2025-07-12 15:55:00,694.06,694.2,693.73,693.86,409.512,284190.72436
BNBUSDT,1752303600000,2025-07-12 07:00:00,2025-07-12 16:00:00,693.87,694.41,693.75,693.81,747.993,519283.83261
BNBUSDT,1752303900000,2025-07-12 07:05:00,2025-07-12 16:05:00,693.82,694,693.51,693.86,438.193,304009.3984
BNBUSDT,1752304200000,2025-07-12 07:10:00,2025-07-12 16:10:00,693.86,694.41,693.63,694.23,809.011,561518.43244
BNBUSDT,1752304500000,2025-07-12 07:15:00,2025-07-12 16:15:00,694.23,694.47,693.41,693.41,702.945,487951.91512
BNBUSDT,1752304800000,2025-07-12 07:20:00,2025-07-12 16:20:00,693.4,693.72,692.06,692.89,1232.657,853995.09771
BNBUSDT,1752305100000,2025-07-12 07:25:00,2025-07-12 16:25:00,692.9,693.18,692.77,692.95,393.262,272510.54147
BNBUSDT,1752305400000,2025-07-12 07:30:00,2025-07-12 16:30:00,692.96,693.01,691.89,692.08,436.304,302151.28193
BNBUSDT,1752305700000,2025-07-12 07:35:00,2025-07-12 16:35:00,692.07,692.07,691.22,691.67,522.463,361301.6241
BNBUSDT,1752306000000,2025-07-12 07:40:00,2025-07-12 16:40:00,691.67,692.95,691.67,692.93,1334.964,924156.5827
BNBUSDT,1752306300000,2025-07-12 07:45:00,2025-07-12 16:45:00,692.94,692.99,692.3,692.59,336.407,232981.95681
BNBUSDT,1752306600000,2025-07-12 07:50:00,2025-07-12 16:50:00,692.6,693.5,692.36,693.37,645.977,447555.02002
BNBUSDT,1752306900000,2025-07-12 07:55:00,2025-07-12 16:55:00,693.38,694.41,693.23,694.22,680.756,472379.78866
BNBUSDT,1752307200000,2025-07-12 08:00:00,2025-07-12 17:00:00,694.22,694.45,694.11,694.35,308.275,214038.16123
BNBUSDT,1752307500000,2025-07-12 08:05:00,2025-07-12 17:05:00,694.34,694.35,694.17,694.17,385.635,267730.13802
BNBUSDT,1752307800000,2025-07-12 08:10:00,2025-07-12 17:10:00,694.18,694.18,693.83,693.91,490.087,340109.85297
BNBUSDT,1752308100000,2025-07-12 08:15:00,2025-07-12 17:15:00,693.91,693.91,693.1,693.2,510.166,353821.83221
BNBUSDT,1752308400000,2025-07-12 08:20:00,2025-07-12 17:20:00,693.2,693.39,692.9,693.24,345.003,239146.92539
BNBUSDT,1752308700000,2025-07-12 08:25:00,2025-07-12 17:25:00,693.25,693.25,692.87,693.03,309.695,214632.31213
BNBUSDT,1752309000000,2025-07-12 08:30:00,2025-07-12 17:30:00,693.03,693.07,692.74,692.78,380.202,263466.21139
BNBUSDT,1752309300000,2025-07-12 08:35:00,2025-07-12 17:35:00,692.78,692.93,692.6,692.61,264.759,183425.24142
BNBUSDT,1752309600000,2025-07-12 08:40:00,2025-07-12 17:40:00,692.61,692.9,692.52,692.89,270.812,187578.498
BNBUSDT,1752309900000,2025-07-12 08:45:00,2025-07-12 17:45:00,692.9,692.9,692,692.02,395.032,273562.46736
BNBUSDT,1752310200000,2025-07-12 08:50:00,2025-07-12 17:50:00,692.02,692.59,691.27,692.53,702.403,486007.17764
BNBUSDT,1752310500000,2025-07-12 08:55:00,2025-07-12 17:55:00,692.54,692.59,690.37,691.93,2394.745,1655930.95966
BNBUSDT,1752310800000,2025-07-12 09:00:00,2025-07-12 18:00:00,691.94,692.18,691.54,691.98,534.77,369963.30367
BNBUSDT,1752311100000,2025-07-12 09:05:00,2025-07-12 18:05:00,691.98,692.2,691.4,691.71,456.017,315454.57471
BNBUSDT,1752311400000,2025-07-12 09:10:00,2025-07-12 18:10:00,691.7,692.1,691.7,691.73,374.759,259289.46426
BNBUSDT,1752311700000,2025-07-12 09:15:00,2025-07-12 18:15:00,691.73,692.38,691.73,692.29,410.187,283899.34577
BNBUSDT,1752312000000,2025-07-12 09:20:00,2025-07-12 18:20:00,692.29,692.3,691.91,692.14,337.554,233645.80581
BNBUSDT,1752312300000,2025-07-12 09:25:00,2025-07-12 18:25:00,692.14,692.21,691.92,692,329.924,228318.54913
BNBUSDT,1752312600000,2025-07-12 09:30:00,2025-07-12 18:30:00,692,692.43,691.99,692.33,431.376,298617.81144
BNBUSDT,1752312900000,2025-07-12 09:35:00,2025-07-12 18:35:00,692.33,692.6,692.26,692.37,412.893,285905.134
BNBUSDT,1752313200000,2025-07-12 09:40:00,2025-07-12 18:40:00,692.36,693.07,692.33,693.01,396.193,274456.02371
BNBUSDT,1752313500000,2025-07-12 09:45:00,2025-07-12 18:45:00,693,693.22,693,693.11,487.907,338164.01128
BNBUSDT,1752313800000,2025-07-12 09:50:00,2025-07-12 18:50:00,693.12,693.38,692.9,693.32,283.099,196240.21258
BNBUSDT,1752314100000,2025-07-12 09:55:00,2025-07-12 18:55:00,693.31,693.97,693.15,693.9,512.767,355670.60358
BNBUSDT,1752314400000,2025-07-12 10:00:00,2025-07-12 19:00:00,693.89,693.89,693.21,693.83,1532.493,1062980.07893
BNBUSDT,1752314700000,2025-07-12 10:05:00,2025-07-12 19:05:00,693.82,693.96,693.6,693.77,537.042,372611.67255
BNBUSDT,1752315000000,2025-07-12 10:10:00,2025-07-12 19:10:00,693.76,694.1,693.5,693.9,493.161,342170.57157
BNBUSDT,1752315300000,2025-07-12 10:15:00,2025-07-12 19:15:00,693.91,694.17,693.63,694.17,315.64,219023.44375
BNBUSDT,1752315600000,2025-07-12 10:20:00,2025-07-12 19:20:00,694.17,694.17,693.36,693.37,439.123,304693.97619
BNBUSDT,1752315900000,2025-07-12 10:25:00,2025-07-12 19:25:00,693.36,693.74,693.16,693.28,177.297,122928.96306
BNBUSDT,1752316200000,2025-07-12 10:30:00,2025-07-12 19:30:00,693.28,693.75,693.22,693.5,279.222,193646.20044
BNBUSDT,1752316500000,2025-07-12 10:35:00,2025-07-12 19:35:00,693.51,694.1,693.36,693.76,488.469,338912.08139
BNBUSDT,1752316800000,2025-07-12 10:40:00,2025-07-12 19:40:00,693.77,693.92,693.7,693.82,485.452,336800.94192
BNBUSDT,1752317100000,2025-07-12 10:45:00,2025-07-12 19:45:00,693.81,693.82,693.42,693.66,738.689,512376.04396
BNBUSDT,1752317400000,2025-07-12 10:50:00,2025-07-12 19:50:00,693.65,693.79,693.31,693.79,794.12,550735.61703
BNBUSDT,1752317700000,2025-07-12 10:55:00,2025-07-12 19:55:00,693.79,694,693.78,693.89,263.738,182997.23065
BNBUSDT,1752318000000,2025-07-12 11:00:00,2025-07-12 20:00:00,693.88,693.98,693.24,693.4,520.536,361107.38425
BNBUSDT,1752318300000,2025-07-12 11:05:00,2025-07-12 20:05:00,693.4,693.44,692.9,693.01,196.409,136137.69257
BNBUSDT,1752318600000,2025-07-12 11:10:00,2025-07-12 20:10:00,693.02,693.23,692.16,692.31,455.793,315731.2253
BNBUSDT,1752318900000,2025-07-12 11:15:00,2025-07-12 20:15:00,692.32,692.42,692.06,692.15,179.725,124406.69506
BNBUSDT,1752319200000,2025-07-12 11:20:00,2025-07-12 20:20:00,692.14,692.59,692,692.47,398.841,276108.46477
BNBUSDT,1752319500000,2025-07-12 11:25:00,2025-07-12 20:25:00,692.48,692.48,691.87,692,607.944,420840.88437
BNBUSDT,1752319800000,2025-07-12 11:30:00,2025-07-12 20:30:00,692,692.09,691.6,691.73,250.988,173646.3918
BNBUSDT,1752320100000,2025-07-12 11:35:00,2025-07-12 20:35:00,691.73,692.44,691.64,692.44,412.617,285456.66523
BNBUSDT,1752320400000,2025-07-12 11:40:00,2025-07-12 20:40:00,692.45,692.8,691.66,691.72,491.251,340013.18772
BNBUSDT,1752320700000,2025-07-12 11:45:00,2025-07-12 20:45:00,691.73,692.24,691.64,692.03,351.611,243307.65833
BNBUSDT,1752321000000,2025-07-12 11:50:00,2025-07-12 20:50:00,692.03,692.48,691.91,692.29,233.364,161545.73043
BNBUSDT,1752321300000,2025-07-12 11:55:00,2025-07-12 20:55:00,692.28,692.37,691.64,691.84,356.766,246840.89508
BNBUSDT,1752321600000,2025-07-12 12:00:00,2025-07-12 21:00:00,691.84,692,691.64,691.72,652.498,451412.88516
BNBUSDT,1752321900000,2025-07-12 12:05:00,2025-07-12 21:05:00,691.71,691.72,690.51,690.99,554.157,382951.48109
BNBUSDT,1752322200000,2025-07-12 12:10:00,2025-07-12 21:10:00,690.99,691.09,690.41,690.57,388.108,268034.72444
BNBUSDT,1752322500000,2025-07-12 12:15:00,2025-07-12 21:15:00,690.56,690.56,688.92,689.12,1105.595,762225.4275
BNBUSDT,1752322800000,2025-07-12 12:20:00,2025-07-12 21:20:00,689.11,689.35,688.3,688.4,710.007,489029.50693
BNBUSDT,1752323100000,2025-07-12 12:25:00,2025-07-12 21:25:00,688.39,689.46,688.3,688.41,1658.206,1141992.89828
BNBUSDT,1752323400000,2025-07-12 12:30:00,2025-07-12 21:30:00,688.4,689.31,688.4,688.48,734.928,506229.50846
BNBUSDT,1752323700000,2025-07-12 12:35:00,2025-07-12 21:35:00,688.47,688.53,687.46,687.47,660.81,454672.08035
BNBUSDT,1752324000000,2025-07-12 12:40:00,2025-07-12 21:40:00,687.46,687.8,687,687.15,609.837,419178.65317
BNBUSDT,1752324300000,2025-07-12 12:45:00,2025-07-12 21:45:00,687.15,687.25,685.14,685.95,1199.83,823249.38955
BNBUSDT,1752324600000,2025-07-12 12:50:00,2025-07-12 21:50:00,685.97,687,685.5,686.72,2574.453,1766581.89616
BNBUSDT,1752324900000,2025-07-12 12:55:00,2025-07-12 21:55:00,686.73,688,686.52,688,1130.753,776781.17441
BNBUSDT,1752325200000,2025-07-12 13:00:00,2025-07-12 22:00:00,687.99,688.13,687.1,687.28,660.875,454398.43058
BNBUSDT,1752325500000,2025-07-12 13:05:00,2025-07-12 22:05:00,687.27,687.87,686.72,686.95,1194.478,820943.41648
BNBUSDT,1752325800000,2025-07-12 13:10:00,2025-07-12 22:10:00,686.95,687.19,686.44,687.05,595.086,408715.83142
BNBUSDT,1752326100000,2025-07-12 13:15:00,2025-07-12 22:15:00,687.05,687.05,685.51,685.58,583.52,400431.8811
BNBUSDT,1752326400000,2025-07-12 13:20:00,2025-07-12 22:20:00,685.58,686.07,685.24,685.73,574.056,393649.54441
BNBUSDT,1752326700000,2025-07-12 13:25:00,2025-07-12 22:25:00,685.73,685.88,685.04,685.26,500.553,343119.99403
BNBUSDT,1752327000000,2025-07-12 13:30:00,2025-07-12 22:30:00,685.26,686.95,685.26,686.35,666.592,457506.23219
BNBUSDT,1752327300000,2025-07-12 13:35:00,2025-07-12 22:35:00,686.36,686.46,685.22,686.08,488.529,335002.20201
BNBUSDT,1752327600000,2025-07-12 13:40:00,2025-07-12 22:40:00,686.08,686.19,683.7,684.89,1365.732,935143.02685
BNBUSDT,1752327900000,2025-07-12 13:45:00,2025-07-12 22:45:00,684.89,685.76,684.34,685.44,1266.376,867666.59478
BNBUSDT,1752328200000,2025-07-12 13:50:00,2025-07-12 22:50:00,685.43,686,685.4,685.9,484.136,332062.71413
BNBUSDT,1752328500000,2025-07-12 13:55:00,2025-07-12 22:55:00,685.91,687,685.91,687,400.138,274631.49866
BNBUSDT,1752328800000,2025-07-12 14:00:00,2025-07-12 23:00:00,687,687,685.97,686.05,417.592,286702.11704
BNBUSDT,1752329100000,2025-07-12 14:05:00,2025-07-12 23:05:00,686.04,686.76,685.58,686.75,548.83,376510.81582
BNBUSDT,1752329400000,2025-07-12 14:10:00,2025-07-12 23:10:00,686.76,687.61,686.76,687.44,643.652,442413.14423
BNBUSDT,1752329700000,2025-07-12 14:15:00,2025-07-12 23:15:00,687.44,687.44,686.8,687.23,467.24,321059.73286
BNBUSDT,1752330000000,2025-07-12 14:20:00,2025-07-12 23:20:00,687.22,687.41,686.82,686.86,453.329,311534.53904
BNBUSDT,1752330300000,2025-07-12 14:25:00,2025-07-12 23:25:00,686.85,687.1,686.58,687.1,407.077,279611.84435
BNBUSDT,1752330600000,2025-07-12 14:30:00,2025-07-12 23:30:00,687.1,687.1,686.52,686.52,244.312,167792.98833
BNBUSDT,1752330900000,2025-07-12 14:35:00,2025-07-12 23:35:00,686.53,686.68,685.62,685.89,585.116,401474.39845
BNBUSDT,1752331200000,2025-07-12 14:40:00,2025-07-12 23:40:00,685.9,686.45,685.45,686.14,824.842,565719.54705
BNBUSDT,1752331500000,2025-07-12 14:45:00,2025-07-12 23:45:00,686.14,686.3,685.92,685.99,241.569,165746.19639
BNBUSDT,1752331800000,2025-07-12 14:50:00,2025-07-12 23:50:00,685.99,686.2,685.26,685.44,316.983,217353.48174
BNBUSDT,1752332100000,2025-07-12 14:55:00,2025-07-12 23:55:00,685.45,685.96,685.17,685.17,758.191,519753.92211
BNBUSDT,1752332400000,2025-07-12 15:00:00,2025-07-13 00:00:00,685.16,685.4,683.81,684.2,1021.918,699805.73023
BNBUSDT,1752332700000,2025-07-12 15:05:00,2025-07-13 00:05:00,684.2,684.47,683.05,683.84,816.928,558565.04388
BNBUSDT,1752333000000,2025-07-12 15:10:00,2025-07-13 00:10:00,683.83,683.87,682,682.7,1528.009,1043517.89257
BNBUSDT,1752333300000,2025-07-12 15:15:00,2025-07-13 00:15:00,682.71,684.3,681.81,684.01,786.695,537218.54723
BNBUSDT,1752333600000,2025-07-12 15:20:00,2025-07-13 00:20:00,684,684.16,683,683,599.712,409833.50275
BNBUSDT,1752333900000,2025-07-12 15:25:00,2025-07-13 00:25:00,683.01,683.01,681.37,681.95,1055.177,719731.74687
BNBUSDT,1752334200000,2025-07-12 15:30:00,2025-07-13 00:30:00,681.96,682.84,680.89,681.41,871.8,594120.53632
BNBUSDT,1752334500000,2025-07-12 15:35:00,2025-07-13 00:35:00,681.41,681.57,680.56,680.79,717.605,488622.3829
BNBUSDT,1752334800000,2025-07-12 15:40:00,2025-07-13 00:40:00,680.78,681.38,680.41,680.84,1743.678,1187166.58809
BNBUSDT,1752335100000,2025-07-12 15:45:00,2025-07-13 00:45:00,680.85,682.41,680.63,681.37,918.379,625830.76156
BNBUSDT,1752335400000,2025-07-12 15:50:00,2025-07-13 00:50:00,681.38,682.15,679.63,679.94,1747.348,1189022.09769
BNBUSDT,1752335700000,2025-07-12 15:55:00,2025-07-13 00:55:00,679.93,681.43,679.93,681.19,551.78,375697.22746
BNBUSDT,1752336000000,2025-07-12 16:00:00,2025-07-13 01:00:00,681.2,682,680,681.62,793.289,540357.7516
BNBUSDT,1752336300000,2025-07-12 16:05:00,2025-07-13 01:05:00,681.61,683.26,681.5,683.2,825.963,563546.50798
BNBUSDT,1752336600000,2025-07-12 16:10:00,2025-07-13 01:10:00,683.2,683.59,682.91,683.43,262.415,179324.18371
BNBUSDT,1752336900000,2025-07-12 16:15:00,2025-07-13 01:15:00,683.43,684.39,683.3,684.21,548.23,374869.05798
BNBUSDT,1752337200000,2025-07-12 16:20:00,2025-07-13 01:20:00,684.22,684.5,683.76,684.01,280.622,191990.59329
BNBUSDT,1752337500000,2025-07-12 16:25:00,2025-07-13 01:25:00,684.02,684.27,683.14,684.26,624.58,426964.23201
BNBUSDT,1752337800000,2025-07-12 16:30:00,2025-07-13 01:30:00,684.27,684.5,684.02,684.13,215.6,147535.97736
BNBUSDT,1752338100000,2025-07-12 16:35:00,2025-07-13 01:35:00,684.13,684.47,684.04,684.3,257.942,176492.88302
BNBUSDT,1752338400000,2025-07-12 16:40:00,2025-07-13 01:40:00,684.31,685,684.3,684.57,309.026,211559.82592
BNBUSDT,1752338700000,2025-07-12 16:45:00,2025-07-13 01:45:00,684.57,685.01,684.56,684.87,227.159,155564.99623
BNBUSDT,1752339000000,2025-07-12 16:50:00,2025-07-13 01:50:00,684.87,684.89,683.76,683.94,416.326,284954.32116
BNBUSDT,1752339300000,2025-07-12 16:55:00,2025-07-13 01:55:00,683.96,684.08,683.73,683.86,166.885,114128.57843
BNBUSDT,1752339600000,2025-07-12 17:00:00,2025-07-13 02:00:00,683.87,685.14,683.84,684.66,964.698,660294.04095
BNBUSDT,1752339900000,2025-07-12 17:05:00,2025-07-13 02:05:00,684.65,685.5,684.65,685.44,216.02,148015.19118
BNBUSDT,1752340200000,2025-07-12 17:10:00,2025-07-13 02:10:00,685.44,685.62,685.3,685.33,175.939,120604.97084
BNBUSDT,1752340500000,2025-07-12 17:15:00,2025-07-13 02:15:00,685.33,685.93,685.33,685.83,397.165,272285.92472
BNBUSDT,1752340800000,2025-07-12 17:20:00,2025-07-13 02:20:00,685.83,686.06,685.82,686.01,285.245,195670.73914
BNBUSDT,1752341100000,2025-07-12 17:25:00,2025-07-13 02:25:00,686.01,686.01,685.45,685.9,440.402,301994.98467
BNBUSDT,1752341400000,2025-07-12 17:30:00,2025-07-13 02:30:00,685.9,685.95,685.5,685.79,281.949,193357.36051
BNBUSDT,1752341700000,2025-07-12 17:35:00,2025-07-13 02:35:00,685.78,685.89,685.5,685.89,291.657,199981.25923
BNBUSDT,1752342000000,2025-07-12 17:40:00,2025-07-13 02:40:00,685.88,686.21,685.72,685.84,217.418,149154.88518
BNBUSDT,1752342300000,2025-07-12 17:45:00,2025-07-13 02:45:00,685.85,686,685.7,685.9,122.981,84351.64671
BNBUSDT,1752342600000,2025-07-12 17:50:00,2025-07-13 02:50:00,685.91,686.05,685.84,686,100.176,68716.90489
BNBUSDT,1752342900000,2025-07-12 17:55:00,2025-07-13 02:55:00,686,686.5,686,686.38,73.32,50317.84741
BNBUSDT,1752343200000,2025-07-12 18:00:00,2025-07-13 03:00:00,686.37,686.61,685.99,686.09,437.96,300620.9678
BNBUSDT,1752343500000,2025-07-12 18:05:00,2025-07-13 03:05:00,686.1,686.32,686,686,281.02,192842.34955
BNBUSDT,1752343800000,2025-07-12 18:10:00,2025-07-13 03:10:00,686,686.09,685.44,685.5,557.165,382133.05099
BNBUSDT,1752344100000,2025-07-12 18:15:00,2025-07-13 03:15:00,685.51,685.51,684.72,685.1,510.863,349993.97047
BNBUSDT,1752344400000,2025-07-12 18:20:00,2025-07-13 03:20:00,685.1,685.11,684.6,684.87,230.706,157977.10785
BNBUSDT,1752344700000,2025-07-12 18:25:00,2025-07-13 03:25:00,684.87,685.2,684.86,685.2,60.803,41647.78576
BNBUSDT,1752345000000,2025-07-12 18:30:00,2025-07-13 03:30:00,685.19,686.27,685.12,686,330.562,226665.69293
BNBUSDT,1752345300000,2025-07-12 18:35:00,2025-07-13 03:35:00,686.01,686.25,686,686.01,197.012,135181.83977
BNBUSDT,1752345600000,2025-07-12 18:40:00,2025-07-13 03:40:00,686,686.13,685.75,685.85,290.237,199087.10574
BNBUSDT,1752345900000,2025-07-12 18:45:00,2025-07-13 03:45:00,685.86,686.14,685.72,686.1,166.231,114017.45429
BNBUSDT,1752346200000,2025-07-12 18:50:00,2025-07-13 03:50:00,686.11,686.11,685.24,685.44,210.675,144419.12124
BNBUSDT,1752346500000,2025-07-12 18:55:00,2025-07-13 03:55:00,685.43,686,685.43,685.92,126.6,86829.855
BNBUSDT,1752346800000,2025-07-12 19:00:00,2025-07-13 04:00:00,685.92,685.92,685.13,685.37,464.539,318489.43902
BNBUSDT,1752347100000,2025-07-12 19:05:00,2025-07-13 04:05:00,685.37,685.37,685.1,685.1,271.604,186120.51868
BNBUSDT,1752347400000,2025-07-12 19:10:00,2025-07-13 04:10:00,685.1,685.1,684.43,684.61,226.14,154837.33862
BNBUSDT,1752347700000,2025-07-12 19:15:00,2025-07-13 04:15:00,684.6,684.65,684.33,684.65,283.086,193775.56968
BNBUSDT,1752348000000,2025-07-12 19:20:00,2025-07-13 04:20:00,684.65,684.82,683.81,683.81,236.053,161589.77644
BNBUSDT,1752348300000,2025-07-12 19:25:00,2025-07-13 04:25:00,683.8,684.3,683.76,683.88,114.178,78094.35379
BNBUSDT,1752348600000,2025-07-12 19:30:00,2025-07-13 04:30:00,683.88,684.48,683.87,684.48,93.333,63852.06522
BNBUSDT,1752348900000,2025-07-12 19:35:00,2025-07-13 04:35:00,684.48,684.76,684.26,684.65,128.3,87826.09742
BNBUSDT,1752349200000,2025-07-12 19:40:00,2025-07-13 04:40:00,684.66,684.66,684.35,684.43,206.15,141099.59253
BNBUSDT,1752349500000,2025-07-12 19:45:00,2025-07-13 04:45:00,684.42,684.5,684.33,684.41,112.965,77318.74045
BNBUSDT,1752349800000,2025-07-12 19:50:00,2025-07-13 04:50:00,684.4,684.4,684.15,684.18,73.679,50412.72781
BNBUSDT,1752350100000,2025-07-12 19:55:00,2025-07-13 04:55:00,684.19,684.5,684.12,684.5,147.949,101260.09157
BNBUSDT,1752350400000,2025-07-12 20:00:00,2025-07-13 05:00:00,684.5,684.6,684.21,684.21,105.318,72078.8414
BNBUSDT,1752350700000,2025-07-12 20:05:00,2025-07-13 05:05:00,684.2,684.2,683.64,683.65,269.922,184583.56111
BNBUSDT,1752351000000,2025-07-12 20:10:00,2025-07-13 05:10:00,683.64,683.64,683.24,683.3,274.218,187413.8156
BNBUSDT,1752351300000,2025-07-12 20:15:00,2025-07-13 05:15:00,683.3,683.7,683.3,683.34,267.214,182630.22062
BNBUSDT,1752351600000,2025-07-12 20:20:00,2025-07-13 05:20:00,683.34,683.39,682.83,683.38,368.159,251475.28443
BNBUSDT,1752351900000,2025-07-12 20:25:00,2025-07-13 05:25:00,683.38,683.5,683.17,683.17,132.859,90784.39546
BNBUSDT,1752352200000,2025-07-12 20:30:00,2025-07-13 05:30:00,683.18,683.3,682.76,682.77,167.381,114315.18781
BNBUSDT,1752352500000,2025-07-12 20:35:00,2025-07-13 05:35:00,682.77,682.95,682.6,682.61,133.264,90992.49616
BNBUSDT,1752352800000,2025-07-12 20:40:00,2025-07-13 05:40:00,682.61,682.7,682.27,682.48,236.647,161516.70339
BNBUSDT,1752353100000,2025-07-12 20:45:00,2025-07-13 05:45:00,682.48,682.48,682.07,682.07,81.786,55801.5806
BNBUSDT,1752353400000,2025-07-12 20:50:00,2025-07-13 05:50:00,682.08,682.12,681.47,681.47,178.674,121825.88081
BNBUSDT,1752353700000,2025-07-12 20:55:00,2025-07-13 05:55:00,681.48,681.48,680.85,680.86,307.972,209803.15038
BNBUSDT,1752354000000,2025-07-12 21:00:00,2025-07-13 06:00:00,680.86,681.64,680.41,681.3,269.411,183444.39901
BNBUSDT,1752354300000,2025-07-12 21:05:00,2025-07-13 06:05:00,681.3,681.9,681.24,681.54,231.308,157682.3526
BNBUSDT,1752354600000,2025-07-12 21:10:00,2025-07-13 06:10:00,681.54,681.65,680.61,680.82,705.905,480946.75931
BNBUSDT,1752354900000,2025-07-12 21:15:00,2025-07-13 06:15:00,680.83,681.8,680.83,681.59,329.403,224404.96434
BNBUSDT,1752355200000,2025-07-12 21:20:00,2025-07-13 06:20:00,681.59,682.23,681.59,681.93,116.029,79138.04335
BNBUSDT,1752355500000,2025-07-12 21:25:00,2025-07-13 06:25:00,681.93,682.73,681.92,682.69,102.139,69697.21394
BNBUSDT,1752355800000,2025-07-12 21:30:00,2025-07-13 06:30:00,682.69,682.84,682.21,682.84,132.053,90138.93547
BNBUSDT,1752356100000,2025-07-12 21:35:00,2025-07-13 06:35:00,682.84,683.4,682.7,683.29,152.645,104267.99281
BNBUSDT,1752356400000,2025-07-12 21:40:00,2025-07-13 06:40:00,683.3,683.8,683.23,683.79,229.288,156704.04182
BNBUSDT,1752356700000,2025-07-12 21:45:00,2025-07-13 06:45:00,683.8,683.96,683.33,683.34,90.03,61550.15354
BNBUSDT,1752357000000,2025-07-12 21:50:00,2025-07-13 06:50:00,683.34,683.57,683.29,683.56,58.516,39990.53634
BNBUSDT,1752357300000,2025-07-12 21:55:00,2025-07-13 06:55:00,683.57,684.04,683.52,684.04,157.591,107759.91887
BNBUSDT,1752357600000,2025-07-12 22:00:00,2025-07-13 07:00:00,684.04,684.2,683.41,683.54,252.344,172557.50893
BNBUSDT,1752357900000,2025-07-12 22:05:00,2025-07-13 07:05:00,683.54,683.82,683.34,683.75,123.557,84465.92558
BNBUSDT,1752358200000,2025-07-12 22:10:00,2025-07-13 07:10:00,683.76,683.9,683.5,683.89,84.231,57590.70696
BNBUSDT,1752358500000,2025-07-12 22:15:00,2025-07-13 07:15:00,683.89,683.9,682.24,682.89,296.836,202679.66252
BNBUSDT,1752358800000,2025-07-12 22:20:00,2025-07-13 07:20:00,682.9,683.69,682.8,683.68,161.581,110394.43654
BNBUSDT,1752359100000,2025-07-12 22:25:00,2025-07-13 07:25:00,683.68,684.45,683.56,684.45,121.161,82875.74835
BNBUSDT,1752359400000,2025-07-12 22:30:00,2025-07-13 07:30:00,684.45,684.83,684.32,684.66,81.923,56086.54197
BNBUSDT,1752359700000,2025-07-12 22:35:00,2025-07-13 07:35:00,684.65,684.7,684.5,684.51,54.242,37134.0884
BNBUSDT,1752360000000,2025-07-12 22:40:00,2025-07-13 07:40:00,684.5,684.8,684.42,684.79,141.915,97165.59704
BNBUSDT,1752360300000,2025-07-12 22:45:00,2025-07-13 07:45:00,684.78,684.79,684.06,684.15,71.526,48954.309
BNBUSDT,1752360600000,2025-07-12 22:50:00,2025-07-13 07:50:00,684.16,684.74,684.15,684.63,45.783,31335.93442
BNBUSDT,1752360900000,2025-07-12 22:55:00,2025-07-13 07:55:00,684.63,685,684.57,685,168.483,115371.4395
BNBUSDT,1752361200000,2025-07-12 23:00:00,2025-07-13 08:00:00,684.99,685.23,684.54,684.55,156.133,106954.12784
BNBUSDT,1752361500000,2025-07-12 23:05:00,2025-07-13 08:05:00,684.54,684.9,684.34,684.52,105.74,72395.60457
BNBUSDT,1752361800000,2025-07-12 23:10:00,2025-07-13 08:10:00,684.51,684.64,684.51,684.64,48.443,33162.37181
BNBUSDT,1752362100000,2025-07-12 23:15:00,2025-07-13 08:15:00,684.64,685.26,684.64,685.2,167.62,114839.44647
BNBUSDT,1752362400000,2025-07-12 23:20:00,2025-07-13 08:20:00,685.21,685.41,685.2,685.37,240.755,165000.61889
BNBUSDT,1752362700000,2025-07-12 23:25:00,2025-07-13 08:25:00,685.37,685.4,684.94,685.35,253.959,174034.80839
BNBUSDT,1752363000000,2025-07-12 23:30:00,2025-07-13 08:30:00,685.34,685.6,685.21,685.53,172.735,118396.37393
BNBUSDT,1752363300000,2025-07-12 23:35:00,2025-07-13 08:35:00,685.52,685.59,685.3,685.3,73.398,50313.66918
BNBUSDT,1752363600000,2025-07-12 23:40:00,2025-07-13 08:40:00,685.3,685.31,684.99,685.09,111.919,76681.70714
BNBUSDT,1752363900000,2025-07-12 23:45:00,2025-07-13 08:45:00,685.08,686.14,685.08,686.14,285.548,195797.67714
BNBUSDT,1752364200000,2025-07-12 23:50:00,2025-07-13 08:50:00,686.14,686.27,685.43,685.59,201.363,138117.81524
BNBUSDT,1752364500000,2025-07-12 23:55:00,2025-07-13 08:55:00,685.6,685.86,685.54,685.86,170.678,117019.99118
BNBUSDT,1752364800000,2025-07-13 00:00:00,2025-07-13 09:00:00,685.86,686.11,685.53,685.57,309.942,212586.72108
BNBUSDT,1752365100000,2025-07-13 00:05:00,2025-07-13 09:05:00,685.57,685.76,685.12,685.42,154.562,105932.87901
BNBUSDT,1752365400000,2025-07-13 00:10:00,2025-07-13 09:10:00,685.42,685.8,685.25,685.77,344.754,236391.11666
BNBUSDT,1752365700000,2025-07-13 00:15:00,2025-07-13 09:15:00,685.78,685.93,685.5,685.84,166.135,113918.5256
BNBUSDT,1752366000000,2025-07-13 00:20:00,2025-07-13 09:20:00,685.84,686.65,685.83,686.31,309.896,212699.87112
BNBUSDT,1752366300000,2025-07-13 00:25:00,2025-07-13 09:25:00,686.31,686.71,686.31,686.4,318.105,218384.80734
BNBUSDT,1752366600000,2025-07-13 00:30:00,2025-07-13 09:30:00,686.4,686.5,686.23,686.24,151.294,103836.35836
BNBUSDT,1752366900000,2025-07-13 00:35:00,2025-07-13 09:35:00,686.23,686.66,685.99,686.65,266.978,183213.87024
BNBUSDT,1752367200000,2025-07-13 00:40:00,2025-07-13 09:40:00,686.66,687.36,686.65,687.31,343.654,236081.60271
BNBUSDT,1752367500000,2025-07-13 00:45:00,2025-07-13 09:45:00,687.31,687.31,686.8,687.19,163.137,112089.93829
BNBUSDT,1752367800000,2025-07-13 00:50:00,2025-07-13 09:50:00,687.19,687.4,687,687.14,239.749,164756.85263
BNBUSDT,1752368100000,2025-07-13 00:55:00,2025-07-13 09:55:00,687.15,687.2,686.66,687.06,109.638,75314.95654
BNBUSDT,1752368400000,2025-07-13 01:00:00,2025-07-13 10:00:00,687.06,687.3,686.9,687.3,139.862,96107.03793
BNBUSDT,1752368700000,2025-07-13 01:05:00,2025-07-13 10:05:00,687.3,687.46,687.12,687.13,97.311,66884.22743
BNBUSDT,1752369000000,2025-07-13 01:10:00,2025-07-13 10:10:00,687.13,687.34,687,687.12,100.482,69047.26016
BNBUSDT,1752369300000,2025-07-13 01:15:00,2025-07-13 10:15:00,687.12,687.2,686.63,686.77,514.965,353667.86616
BNBUSDT,1752369600000,2025-07-13 01:20:00,2025-07-13 10:20:00,686.76,687.11,686.56,686.69,962.494,661023.09031
BNBUSDT,1752369900000,2025-07-13 01:25:00,2025-07-13 10:25:00,686.7,686.83,686.5,686.61,160.958,110541.02755
BNBUSDT,1752370200000,2025-07-13 01:30:00,2025-07-13 10:30:00,686.61,686.7,686.17,686.23,109.834,75398.37461
BNBUSDT,1752370500000,2025-07-13 01:35:00,2025-07-13 10:35:00,686.24,686.85,686.23,686.85,218.394,149932.82187
BNBUSDT,1752370800000,2025-07-13 01:40:00,2025-07-13 10:40:00,686.84,686.97,686.7,686.96,292.313,200772.47832
BNBUSDT,1752371100000,2025-07-13 01:45:00,2025-07-13 10:45:00,686.97,687.48,686.83,687.42,317.259,218024.76432
BNBUSDT,1752371400000,2025-07-13 01:50:00,2025-07-13 10:50:00,687.41,687.61,687.21,687.45,292.674,201202.32395
BNBUSDT,1752371700000,2025-07-13 01:55:00,2025-07-13 10:55:00,687.45,687.49,687.17,687.37,244.355,167945.5974
BNBUSDT,1752372000000,2025-07-13 02:00:00,2025-07-13 11:00:00,687.37,687.37,687,687,344.276,236554.40216
BNBUSDT,1752372300000,2025-07-13 02:05:00,2025-07-13 11:05:00,687.03,687.18,686.85,687,165.828,113926.90111
BNBUSDT,1752372600000,2025-07-13 02:10:00,2025-07-13 11:10:00,687,687.03,686.85,686.86,113.293,77825.15659
BNBUSDT,1752372900000,2025-07-13 02:15:00,2025-07-13 11:15:00,686.86,686.86,685.86,686,220.108,151054.6475
BNBUSDT,1752373200000,2025-07-13 02:20:00,2025-07-13 11:20:00,685.99,686.1,685.65,685.9,202.391,138823.04673
BNBUSDT,1752373500000,2025-07-13 02:25:00,2025-07-13 11:25:00,685.9,686.06,685.71,686.06,181.765,124665.11649
BNBUSDT,1752373800000,2025-07-13 02:30:00,2025-07-13 11:30:00,686.05,686.36,685.79,686.2,168.285,115457.88107
BNBUSDT,1752374100000,2025-07-13 02:35:00,2025-07-13 11:35:00,686.2,686.45,685.95,686.23,136.725,93820.37934
BNBUSDT,1752374400000,2025-07-13 02:40:00,2025-07-13 11:40:00,686.23,686.76,686.23,686.76,158.257,108655.106
BNBUSDT,1752374700000,2025-07-13 02:45:00,2025-07-13 11:45:00,686.75,687.14,686.75,686.86,157.978,108526.49968
BNBUSDT,1752375000000,2025-07-13 02:50:00,2025-07-13 11:50:00,686.86,687.28,686.8,687.28,105.341,72366.11195
BNBUSDT,1752375300000,2025-07-13 02:55:00,2025-07-13 11:55:00,687.28,687.8,687.27,687.56,262.682,180625.36087
BNBUSDT,1752375600000,2025-07-13 03:00:00,2025-07-13 12:00:00,687.56,687.6,687.33,687.6,169.405,116473.80292
BNBUSDT,1752375900000,2025-07-13 03:05:00,2025-07-13 12:05:00,687.59,687.64,687.13,687.2,128.181,88110.58792
BNBUSDT,1752376200000,2025-07-13 03:10:00,2025-07-13 12:10:00,687.19,687.2,687,687,88.234,60622.22653
BNBUSDT,1752376500000,2025-07-13 03:15:00,2025-07-13 12:15:00,687.01,687.39,687,687.38,139.592,95935.44967
BNBUSDT,1752376800000,2025-07-13 03:20:00,2025-07-13 12:20:00,687.39,687.66,687.3,687.31,116.173,79869.28807
BNBUSDT,1752377100000,2025-07-13 03:25:00,2025-07-13 12:25:00,687.31,687.31,687.12,687.12,162.471,111661.0263
BNBUSDT,1752377400000,2025-07-13 03:30:00,2025-07-13 12:30:00,687.13,687.13,687.02,687.1,186.217,127945.52074
BNBUSDT,1752377700000,2025-07-13 03:35:00,2025-07-13 12:35:00,687.1,687.1,686.5,686.5,332.358,228274.84064
BNBUSDT,1752378000000,2025-07-13 03:40:00,2025-07-13 12:40:00,686.5,686.82,686.5,686.73,126.085,86578.98464
BNBUSDT,1752378300000,2025-07-13 03:45:00,2025-07-13 12:45:00,686.73,686.77,686.5,686.61,102.333,70264.57323
BNBUSDT,1752378600000,2025-07-13 03:50:00,2025-07-13 12:50:00,686.61,686.92,686.61,686.91,133.971,92016.93934
BNBUSDT,1752378900000,2025-07-13 03:55:00,2025-07-13 12:55:00,686.92,686.99,686.85,686.88,46.744,32109.8531
BNBUSDT,1752379200000,2025-07-13 04:00:00,2025-07-13 13:00:00,686.89,687.06,686.76,686.9,170.774,117306.63742
BNBUSDT,1752379500000,2025-07-13 04:05:00,2025-07-13 13:05:00,686.9,687.34,686.9,687.33,522.696,359166.44746
BNBUSDT,1752379800000,2025-07-13 04:10:00,2025-07-13 13:10:00,687.33,687.53,687.25,687.31,150.692,103587.63145
BNBUSDT,1752380100000,2025-07-13 04:15:00,2025-07-13 13:15:00,687.32,687.32,686.98,687.24,128.238,88116.66751
BNBUSDT,1752380400000,2025-07-13 04:20:00,2025-07-13 13:20:00,687.24,687.58,687.2,687.21,152.441,104789.41999
BNBUSDT,1752380700000,2025-07-13 04:25:00,2025-07-13 13:25:00,687.2,687.28,687.1,687.11,90.039,61873.85257
BNBUSDT,1752381000000,2025-07-13 04:30:00,2025-07-13 13:30:00,687.12,687.23,686.91,687.21,137.661,94581.23798
BNBUSDT,1752381300000,2025-07-13 04:35:00,2025-07-13 13:35:00,687.2,687.23,687.07,687.08,67.35,46280.8474
BNBUSDT,1752381600000,2025-07-13 04:40:00,2025-07-13 13:40:00,687.08,687.22,686.96,687.11,114.23,78485.32829
BNBUSDT,1752381900000,2025-07-13 04:45:00,2025-07-13 13:45:00,687.11,687.52,687.11,687.5,221.138,151986.83741
BNBUSDT,1752382200000,2025-07-13 04:50:00,2025-07-13 13:50:00,687.5,687.57,687.43,687.57,94.563,65014.53539
BNBUSDT,1752382500000,2025-07-13 04:55:00,2025-07-13 13:55:00,687.56,687.59,687.51,687.58,136.36,93755.90929
BNBUSDT,1752382800000,2025-07-13 05:00:00,2025-07-13 14:00:00,687.59,687.77,687.44,687.7,249.354,171457.42215
BNBUSDT,1752383100000,2025-07-13 05:05:00,2025-07-13 14:05:00,687.7,688.3,687.7,688.24,512.683,352679.09302
BNBUSDT,1752383400000,2025-07-13 05:10:00,2025-07-13 14:10:00,688.24,688.24,687.96,688.02,223.945,154082.74204
BNBUSDT,1752383700000,2025-07-13 05:15:00,2025-07-13 14:15:00,688.03,688.1,687.8,687.85,342.88,235879.76835
BNBUSDT,1752384000000,2025-07-13 05:20:00,2025-07-13 14:20:00,687.85,688.02,687.84,688.02,132.738,91311.2489
BNBUSDT,1752384300000,2025-07-13 05:25:00,2025-07-13 14:25:00,688.01,688.15,687.85,688.14,145.672,100223.45829
BNBUSDT,1752384600000,2025-07-13 05:30:00,2025-07-13 14:30:00,688.15,688.63,688.14,688.43,169.096,116414.58661
BNBUSDT,1752384900000,2025-07-13 05:35:00,2025-07-13 14:35:00,688.42,688.72,688.35,688.72,140.05,96423.37339
BNBUSDT,1752385200000,2025-07-13 05:40:00,2025-07-13 14:40:00,688.72,688.72,688.34,688.69,449.207,309296.97364
BNBUSDT,1752385500000,2025-07-13 05:45:00,2025-07-13 14:45:00,688.69,688.72,688.47,688.5,235.181,161942.99911
BNBUSDT,1752385800000,2025-07-13 05:50:00,2025-07-13 14:50:00,688.5,688.73,688.3,688.31,246.01,169380.22447
BNBUSDT,1752386100000,2025-07-13 05:55:00,2025-07-13 14:55:00,688.31,688.4,688.08,688.26,154.61,106400.50357
BNBUSDT,1752386400000,2025-07-13 06:00:00,2025-07-13 15:00:00,688.26,688.59,688.08,688.57,252.74,173978.21075
BNBUSDT,1752386700000,2025-07-13 06:05:00,2025-07-13 15:05:00,688.57,688.79,688.56,688.79,210.358,144872.61598
BNBUSDT,1752387000000,2025-07-13 06:10:00,2025-07-13 15:10:00,688.78,688.92,688.74,688.91,89.449,61614.6527
BNBUSDT,1752387300000,2025-07-13 06:15:00,2025-07-13 15:15:00,688.92,689.25,688.91,689.16,210.498,145056.5591
BNBUSDT,1752387600000,2025-07-13 06:20:00,2025-07-13 15:20:00,689.15,689.5,689.15,689.5,128.074,88286.92313
BNBUSDT,1752387900000,2025-07-13 06:25:00,2025-07-13 15:25:00,689.5,689.5,689.31,689.31,212.107,146238.38925
BNBUSDT,1752388200000,2025-07-13 06:30:00,2025-07-13 15:30:00,689.32,689.81,689.2,689.76,239.985,165481.57687
BNBUSDT,1752388500000,2025-07-13 06:35:00,2025-07-13 15:35:00,689.76,690.1,689.61,689.99,677.874,467664.45915
BNBUSDT,1752388800000,2025-07-13 06:40:00,2025-07-13 15:40:00,690,690.09,689.73,690,163.195,112595.20839
BNBUSDT,1752389100000,2025-07-13 06:45:00,2025-07-13 15:45:00,690,690.01,689.5,689.51,198.916,137179.82034
BNBUSDT,1752389400000,2025-07-13 06:50:00,2025-07-13 15:50:00,689.5,689.51,689.14,689.15,216.717,149395.1363
BNBUSDT,1752389700000,2025-07-13 06:55:00,2025-07-13 15:55:00,689.14,689.23,689.07,689.08,129.34,89136.60692
BNBUSDT,1752390000000,2025-07-13 07:00:00,2025-07-13 16:00:00,689.08,689.11,688.9,689.03,261.467,180157.7808
BNBUSDT,1752390300000,2025-07-13 07:05:00,2025-07-13 16:05:00,689.03,689.34,688.8,688.81,159.034,109578.38933
BNBUSDT,1752390600000,2025-07-13 07:10:00,2025-07-13 16:10:00,688.81,688.81,688.37,688.48,196.81,135508.9051
BNBUSDT,1752390900000,2025-07-13 07:15:00,2025-07-13 16:15:00,688.48,688.96,688.48,688.96,129.275,89046.53381
BNBUSDT,1752391200000,2025-07-13 07:20:00,2025-07-13 16:20:00,688.96,688.97,688.83,688.85,165.438,113970.07706
BNBUSDT,1752391500000,2025-07-13 07:25:00,2025-07-13 16:25:00,688.84,688.97,688.72,688.79,165.399,113932.42079
BNBUSDT,1752391800000,2025-07-13 07:30:00,2025-07-13 16:30:00,688.78,689.27,688.78,689.27,170.936,117774.49924
BNBUSDT,1752392100000,2025-07-13 07:35:00,2025-07-13 16:35:00,689.27,689.58,689.26,689.44,268.466,185086.33976
BNBUSDT,1752392400000,2025-07-13 07:40:00,2025-07-13 16:40:00,689.43,689.75,689.43,689.53,199.057,137277.34106
BNBUSDT,1752392700000,2025-07-13 07:45:00,2025-07-13 16:45:00,689.52,689.63,689.4,689.6,129.823,89517.23349
BNBUSDT,1752393000000,2025-07-13 07:50:00,2025-07-13 16:50:00,689.61,689.61,689.4,689.51,182.828,126064.18811
BNBUSDT,1752393300000,2025-07-13 07:55:00,2025-07-13 16:55:00,689.52,690.1,689.4,690.1,316.136,218056.71463
BNBUSDT,1752393600000,2025-07-13 08:00:00,2025-07-13 17:00:00,690.1,690.23,689.94,689.96,247.717,170943.05958
BNBUSDT,1752393900000,2025-07-13 08:05:00,2025-07-13 17:05:00,689.97,690.21,689.9,690.2,352.144,242993.15859
BNBUSDT,1752394200000,2025-07-13 08:10:00,2025-07-13 17:10:00,690.2,690.53,690.12,690.52,570.404,393703.75995
BNBUSDT,1752394500000,2025-07-13 08:15:00,2025-07-13 17:15:00,690.53,690.55,690.13,690.27,445.7,307717.49703
BNBUSDT,1752394800000,2025-07-13 08:20:00,2025-07-13 17:20:00,690.26,690.28,689.7,690.24,327.229,225797.31257
BNBUSDT,1752395100000,2025-07-13 08:25:00,2025-07-13 17:25:00,690.24,690.5,690.21,690.48,442.293,305326.87276
BNBUSDT,1752395400000,2025-07-13 08:30:00,2025-07-13 17:30:00,690.49,690.71,690.32,690.39,248.927,171894.53175
BNBUSDT,1752395700000,2025-07-13 08:35:00,2025-07-13 17:35:00,690.4,690.52,690.3,690.52,496.831,343017.94318
BNBUSDT,1752396000000,2025-07-13 08:40:00,2025-07-13 17:40:00,690.52,690.57,690.12,690.27,265.699,183442.02887
BNBUSDT,1752396300000,2025-07-13 08:45:00,2025-07-13 17:45:00,690.27,690.28,689.63,689.64,200.359,138230.09532
BNBUSDT,1752396600000,2025-07-13 08:50:00,2025-07-13 17:50:00,689.64,689.89,689.46,689.58,398.622,274918.55514
BNBUSDT,1752396900000,2025-07-13 08:55:00,2025-07-13 17:55:00,689.58,689.98,689.5,689.97,546.931,377228.84105
BNBUSDT,1752397200000,2025-07-13 09:00:00,2025-07-13 18:00:00,689.98,690.09,689.75,690.02,434.879,300051.73799
BNBUSDT,1752397500000,2025-07-13 09:05:00,2025-07-13 18:05:00,690.03,690.16,689.92,689.93,201.098,138768.39513
BNBUSDT,1752397800000,2025-07-13 09:10:00,2025-07-13 18:10:00,689.93,690.03,689.79,689.87,198.176,136723.22072
BNBUSDT,1752398100000,2025-07-13 09:15:00,2025-07-13 18:15:00,689.87,689.88,689.26,689.26,203.588,140387.20914
BNBUSDT,1752398400000,2025-07-13 09:20:00,2025-07-13 18:20:00,689.27,689.27,689.02,689.04,90.522,62380.80977
BNBUSDT,1752398700000,2025-07-13 09:25:00,2025-07-13 18:25:00,689.03,689.7,689.03,689.49,194.98,134404.5804
BNBUSDT,1752399000000,2025-07-13 09:30:00,2025-07-13 18:30:00,689.5,689.5,688.41,688.43,217.225,149621.87295
BNBUSDT,1752399300000,2025-07-13 09:35:00,2025-07-13 18:35:00,688.43,688.8,688.07,688.25,144.716,99616.39888
BNBUSDT,1752399600000,2025-07-13 09:40:00,2025-07-13 18:40:00,688.26,688.79,688.26,688.78,121.939,83963.06937
BNBUSDT,1752399900000,2025-07-13 09:45:00,2025-07-13 18:45:00,688.78,688.79,688.31,688.33,121.317,83538.26104
BNBUSDT,1752400200000,2025-07-13 09:50:00,2025-07-13 18:50:00,688.34,688.53,688.19,688.3,168.296,115844.07159
BNBUSDT,1752400500000,2025-07-13 09:55:00,2025-07-13 18:55:00,688.3,688.7,688.15,688.7,183.878,126575.08047
BNBUSDT,1752400800000,2025-07-13 10:00:00,2025-07-13 19:00:00,688.7,689.88,688.69,689.87,281.571,194069.93741
BNBUSDT,1752401100000,2025-07-13 10:05:00,2025-07-13 19:05:00,689.87,690,689.82,690,119.491,82441.95577
BNBUSDT,1752401400000,2025-07-13 10:10:00,2025-07-13 19:10:00,690,690.18,689.86,689.94,128.113,88395.2454
BNBUSDT,1752401700000,2025-07-13 10:15:00,2025-07-13 19:15:00,689.94,690.1,689.93,690.09,188.154,129832.66495
BNBUSDT,1752402000000,2025-07-13 10:20:00,2025-07-13 19:20:00,690.1,690.1,689.83,689.83,112.075,77332.10872
BNBUSDT,1752402300000,2025-07-13 10:25:00,2025-07-13 19:25:00,689.84,690.1,689.83,690.1,141.215,97431.99665
BNBUSDT,1752402600000,2025-07-13 10:30:00,2025-07-13 19:30:00,690.1,690.16,689.79,690.16,303.387,209338.14444
BNBUSDT,1752402900000,2025-07-13 10:35:00,2025-07-13 19:35:00,690.16,690.16,690.09,690.09,92.434,63789.38132
BNBUSDT,1752403200000,2025-07-13 10:40:00,2025-07-13 19:40:00,690.1,690.44,690.09,690.43,174.609,120518.66351
BNBUSDT,1752403500000,2025-07-13 10:45:00,2025-07-13 19:45:00,690.43,690.44,689.38,689.98,560.833,386908.29772
BNBUSDT,1752403800000,2025-07-13 10:50:00,2025-07-13 19:50:00,689.98,690.09,689.64,689.81,295.109,203583.61668
BNBUSDT,1752404100000,2025-07-13 10:55:00,2025-07-13 19:55:00,689.81,689.98,689.67,689.98,229.085,158018.47609
BNBUSDT,1752404400000,2025-07-13 11:00:00,2025-07-13 20:00:00,689.97,690.5,689.97,690.5,348.187,240343.26621
BNBUSDT,1752404700000,2025-07-13 11:05:00,2025-07-13 20:05:00,690.5,690.79,690.5,690.78,237.732,164191.29398
BNBUSDT,1752405000000,2025-07-13 11:10:00,2025-07-13 20:10:00,690.78,691.08,690.78,691.07,268.385,185429.11748
BNBUSDT,1752405300000,2025-07-13 11:15:00,2025-07-13 20:15:00,691.07,691.22,690.37,690.38,270.849,187126.94504
BNBUSDT,1752405600000,2025-07-13 11:20:00,2025-07-13 20:20:00,690.37,690.38,690.04,690.28,206.905,142808.46722
BNBUSDT,1752405900000,2025-07-13 11:25:00,2025-07-13 20:25:00,690.28,690.35,690.12,690.35,294.611,203355.25773
BNBUSDT,1752406200000,2025-07-13 11:30:00,2025-07-13 20:30:00,690.35,690.35,689.33,690.09,556.938,384152.26823
BNBUSDT,1752406500000,2025-07-13 11:35:00,2025-07-13 20:35:00,690.1,690.18,689.99,690.17,110.722,76404.14188
BNBUSDT,1752406800000,2025-07-13 11:40:00,2025-07-13 20:40:00,690.18,690.6,690.17,690.56,366.868,253304.94402
BNBUSDT,1752407100000,2025-07-13 11:45:00,2025-07-13 20:45:00,690.57,690.57,690.46,690.56,125.89,86932.71894
BNBUSDT,1752407400000,2025-07-13 11:50:00,2025-07-13 20:50:00,690.56,690.6,690.36,690.6,152.914,105588.39989
BNBUSDT,1752407700000,2025-07-13 11:55:00,2025-07-13 20:55:00,690.6,691.15,690.59,691.15,545.312,376765.12814
BNBUSDT,1752408000000,2025-07-13 12:00:00,2025-07-13 21:00:00,691.15,692,691.14,691.85,310.016,214421.137
BNBUSDT,1752408300000,2025-07-13 12:05:00,2025-07-13 21:05:00,691.85,692.29,691.85,692.21,486.041,336399.53418
BNBUSDT,1752408600000,2025-07-13 12:10:00,2025-07-13 21:10:00,692.2,692.22,691.8,692.06,229.475,158796.957
BNBUSDT,1752408900000,2025-07-13 12:15:00,2025-07-13 21:15:00,692.07,692.36,691.95,692.35,148.173,102555.04118
BNBUSDT,1752409200000,2025-07-13 12:20:00,2025-07-13 21:20:00,692.34,692.35,692.02,692.02,159.368,110315.4452
BNBUSDT,1752409500000,2025-07-13 12:25:00,2025-07-13 21:25:00,692.03,692.36,692,692.36,238.439,165032.76425
BNBUSDT,1752409800000,2025-07-13 12:30:00,2025-07-13 21:30:00,692.36,692.59,691.74,692.01,623.78,431806.55825
BNBUSDT,1752410100000,2025-07-13 12:35:00,2025-07-13 21:35:00,692.01,692.1,691.6,691.75,277.584,192054.44703
BNBUSDT,1752410400000,2025-07-13 12:40:00,2025-07-13 21:40:00,691.75,691.87,691.4,691.86,314.844,217783.18398
BNBUSDT,1752410700000,2025-07-13 12:45:00,2025-07-13 21:45:00,691.86,691.87,691.41,691.6,231.332,159991.0378
BNBUSDT,1752411000000,2025-07-13 12:50:00,2025-07-13 21:50:00,691.6,693,691.55,692.75,1084.562,750888.79336
BNBUSDT,1752411300000,2025-07-13 12:55:00,2025-07-13 21:55:00,692.75,692.75,691.85,691.97,709.354,491105.99116
BNBUSDT,1752411600000,2025-07-13 13:00:00,2025-07-13 22:00:00,691.97,692.27,691.57,691.68,290.331,200882.97204
BNBUSDT,1752411900000,2025-07-13 13:05:00,2025-07-13 22:05:00,691.67,692.27,691.34,692.26,253.863,175588.7097
BNBUSDT,1752412200000,2025-07-13 13:10:00,2025-07-13 22:10:00,692.27,692.27,690.95,691.07,410.82,284083.04118
BNBUSDT,1752412500000,2025-07-13 13:15:00,2025-07-13 22:15:00,691.08,691.68,691.08,691.5,313.357,216618.89269
BNBUSDT,1752412800000,2025-07-13 13:20:00,2025-07-13 22:20:00,691.5,691.62,691.31,691.41,242.347,167579.1321
BNBUSDT,1752413100000,2025-07-13 13:25:00,2025-07-13 22:25:00,691.4,691.42,691.1,691.11,268.645,185704.70135
BNBUSDT,1752413400000,2025-07-13 13:30:00,2025-07-13 22:30:00,691.11,691.74,691.09,691.73,272.739,188578.69264
BNBUSDT,1752413700000,2025-07-13 13:35:00,2025-07-13 22:35:00,691.74,691.86,691.47,691.8,322.026,222739.90063
BNBUSDT,1752414000000,2025-07-13 13:40:00,2025-07-13 22:40:00,691.8,692.1,691.66,692.03,364.402,252122.40856
BNBUSDT,1752414300000,2025-07-13 13:45:00,2025-07-13 22:45:00,692.03,692.5,691.83,692.49,447.311,309646.05286
BNBUSDT,1752414600000,2025-07-13 13:50:00,2025-07-13 22:50:00,692.5,692.5,691.7,691.88,371.709,257256.87649
BNBUSDT,1752414900000,2025-07-13 13:55:00,2025-07-13 22:55:00,691.88,692.1,691.87,692.09,195.267,135129.99016
BNBUSDT,1752415200000,2025-07-13 14:00:00,2025-07-13 23:00:00,692.1,692.1,691.62,691.77,270.575,187197.34567
BNBUSDT,1752415500000,2025-07-13 14:05:00,2025-07-13 23:05:00,691.77,692.2,691.6,692.06,330.973,228993.21577
BNBUSDT,1752415800000,2025-07-13 14:10:00,2025-07-13 23:10:00,692.06,692.17,691.77,692.17,227.675,157558.35155
BNBUSDT,1752416100000,2025-07-13 14:15:00,2025-07-13 23:15:00,692.17,694,692.16,693.6,1371.453,950678.24626
BNBUSDT,1752416400000,2025-07-13 14:20:00,2025-07-13 23:20:00,693.6,694.1,693,693.61,1566.222,1086352.40584
BNBUSDT,1752416700000,2025-07-13 14:25:00,2025-07-13 23:25:00,693.61,694.12,693.2,693.8,1470.223,1019912.03312
BNBUSDT,1752417000000,2025-07-13 14:30:00,2025-07-13 23:30:00,693.8,693.9,693.16,693.63,484.891,336327.10283
BNBUSDT,1752417300000,2025-07-13 14:35:00,2025-07-13 23:35:00,693.63,693.87,693.2,693.28,685.118,475177.73103
BNBUSDT,1752417600000,2025-07-13 14:40:00,2025-07-13 23:40:00,693.29,693.84,692.24,692.38,643.609,446229.15503
BNBUSDT,1752417900000,2025-07-13 14:45:00,2025-07-13 23:45:00,692.38,693.23,691.6,692.04,793.412,549407.82198
BNBUSDT,1752418200000,2025-07-13 14:50:00,2025-07-13 23:50:00,692.03,692.03,690.95,691.68,870.011,601461.08656
BNBUSDT,1752418500000,2025-07-13 14:55:00,2025-07-13 23:55:00,691.68,693.68,691.6,691.84,1927.02,1334943.87085
BNBUSDT,1752418800000,2025-07-13 15:00:00,2025-07-14 00:00:00,691.83,692.22,691.77,691.83,289.432,200275.50688
BNBUSDT,1752419100000,2025-07-13 15:05:00,2025-07-14 00:05:00,691.83,692.14,691.2,692.03,1440.086,996110.05999
BNBUSDT,1752419400000,2025-07-13 15:10:00,2025-07-14 00:10:00,692.04,692.8,691.83,692.64,308.421,213504.46861
BNBUSDT,1752419700000,2025-07-13 15:15:00,2025-07-14 00:15:00,692.64,693.24,692.6,693.24,335.589,232518.68515
BNBUSDT,1752420000000,2025-07-13 15:20:00,2025-07-14 00:20:00,693.23,693.5,692.63,692.78,322.721,223654.26622
BNBUSDT,1752420300000,2025-07-13 15:25:00,2025-07-14 00:25:00,692.77,692.77,692,692.44,626.975,434152.41522
BNBUSDT,1752420600000,2025-07-13 15:30:00,2025-07-14 00:30:00,692.44,692.44,690.8,690.81,621.168,429563.20282
BNBUSDT,1752420900000,2025-07-13 15:35:00,2025-07-14 00:35:00,690.82,690.87,689.8,690.25,863.708,596244.19506
BNBUSDT,1752421200000,2025-07-13 15:40:00,2025-07-14 00:40:00,690.25,691.3,690,691.14,761.566,525916.0931
BNBUSDT,1752421500000,2025-07-13 15:45:00,2025-07-14 00:45:00,691.14,691.27,690.7,691.27,188.861,130510.27678
BNBUSDT,1752421800000,2025-07-13 15:50:00,2025-07-14 00:50:00,691.27,691.59,690.7,690.98,283.373,195860.34334
BNBUSDT,1752422100000,2025-07-13 15:55:00,2025-07-14 00:55:00,690.98,691.36,690.81,691.21,385.789,266616.09961
BNBUSDT,1752422400000,2025-07-13 16:00:00,2025-07-14 01:00:00,691.21,691.49,690.62,691.49,300.744,207826.92493
BNBUSDT,1752422700000,2025-07-13 16:05:00,2025-07-14 01:05:00,691.5,692.2,691.44,692.03,583.222,403524.60268
BNBUSDT,1752423000000,2025-07-13 16:10:00,2025-07-14 01:10:00,692.03,692.1,691.26,691.49,481.982,333328.4212
BNBUSDT,1752423300000,2025-07-13 16:15:00,2025-07-14 01:15:00,691.5,692.15,691.35,691.81,278.595,192698.7925
BNBUSDT,1752423600000,2025-07-13 16:20:00,2025-07-14 01:20:00,691.81,692.15,691.55,691.61,279.01,193034.77568
BNBUSDT,1752423900000,2025-07-13 16:25:00,2025-07-14 01:25:00,691.61,691.78,691.22,691.23,214.719,148472.38226
BNBUSDT,1752424200000,2025-07-13 16:30:00,2025-07-14 01:30:00,691.22,691.23,690.62,690.8,451.811,312121.26429
BNBUSDT,1752424500000,2025-07-13 16:35:00,2025-07-14 01:35:00,690.8,690.89,690.5,690.55,258.3,178408.65515
BNBUSDT,1752424800000,2025-07-13 16:40:00,2025-07-14 01:40:00,690.54,690.79,690.4,690.45,298.915,206422.15085
BNBUSDT,1752425100000,2025-07-13 16:45:00,2025-07-14 01:45:00,690.45,690.46,689.61,689.69,354.309,244501.5737
BNBUSDT,1752425400000,2025-07-13 16:50:00,2025-07-14 01:50:00,689.7,689.7,688.56,688.91,575.571,396627.34348
BNBUSDT,1752425700000,2025-07-13 16:55:00,2025-07-14 01:55:00,688.9,689.37,688.6,688.73,347.471,239404.75976
BNBUSDT,1752426000000,2025-07-13 17:00:00,2025-07-14 02:00:00,688.74,688.83,688.1,688.58,522.561,359788.05933
BNBUSDT,1752426300000,2025-07-13 17:05:00,2025-07-14 02:05:00,688.57,689.2,688.56,689.19,263.534,181526.04525
BNBUSDT,1752426600000,2025-07-13 17:10:00,2025-07-14 02:10:00,689.2,689.6,689.04,689.6,269.858,186004.45234
BNBUSDT,1752426900000,2025-07-13 17:15:00,2025-07-14 02:15:00,689.59,689.94,689.45,689.89,201.697,139121.70877
BNBUSDT,1752427200000,2025-07-13 17:20:00,2025-07-14 02:20:00,689.89,690.26,689.88,690.25,122.816,84757.05326
BNBUSDT,1752427500000,2025-07-13 17:25:00,2025-07-14 02:25:00,690.25,690.5,690.24,690.33,213.52,147406.33032
BNBUSDT,1752427800000,2025-07-13 17:30:00,2025-07-14 02:30:00,690.33,690.95,690.32,690.72,430.406,297244.91782
BNBUSDT,1752428100000,2025-07-13 17:35:00,2025-07-14 02:35:00,690.73,690.85,690.52,690.71,164.554,113664.77062
BNBUSDT,1752428400000,2025-07-13 17:40:00,2025-07-14 02:40:00,690.71,690.88,690.65,690.66,165.03,113998.57018
BNBUSDT,1752428700000,2025-07-13 17:45:00,2025-07-14 02:45:00,690.66,690.82,690.45,690.45,96.815,66862.98043
BNBUSDT,1752429000000,2025-07-13 17:50:00,2025-07-14 02:50:00,690.45,690.75,690.12,690.6,135.738,93725.9466
BNBUSDT,1752429300000,2025-07-13 17:55:00,2025-07-14 02:55:00,690.6,690.86,690.5,690.57,122.328,84486.29483
BNBUSDT,1752429600000,2025-07-13 18:00:00,2025-07-14 03:00:00,690.56,690.66,690.19,690.24,272.05,187838.17071
BNBUSDT,1752429900000,2025-07-13 18:05:00,2025-07-14 03:05:00,690.23,690.31,690.05,690.24,124.959,86247.80096
BNBUSDT,1752430200000,2025-07-13 18:10:00,2025-07-14 03:10:00,690.23,690.5,690.23,690.45,80.225,55385.0496
BNBUSDT,1752430500000,2025-07-13 18:15:00,2025-07-14 03:15:00,690.45,690.62,690.34,690.59,321.922,222276.13001
BNBUSDT,1752430800000,2025-07-13 18:20:00,2025-07-14 03:20:00,690.59,691.37,690.57,691.22,174.371,120485.61655
BNBUSDT,1752431100000,2025-07-13 18:25:00,2025-07-14 03:25:00,691.22,691.49,691.11,691.38,360.454,249170.4461
BNBUSDT,1752431400000,2025-07-13 18:30:00,2025-07-14 03:30:00,691.39,691.45,691.12,691.33,118.576,81966.41455
BNBUSDT,1752431700000,2025-07-13 18:35:00,2025-07-14 03:35:00,691.33,691.55,691.1,691.44,163.745,113203.19907
BNBUSDT,1752432000000,2025-07-13 18:40:00,2025-07-14 03:40:00,691.44,691.44,691.14,691.2,81.831,56564.8314
BNBUSDT,1752432300000,2025-07-13 18:45:00,2025-07-14 03:45:00,691.2,691.23,690.92,691.2,106.763,73778.61171
BNBUSDT,1752432600000,2025-07-13 18:50:00,2025-07-14 03:50:00,691.19,692,691.19,691.67,747.523,517046.81445
BNBUSDT,1752432900000,2025-07-13 18:55:00,2025-07-14 03:55:00,691.68,691.97,691.6,691.8,82.681,57195.66928
BNBUSDT,1752433200000,2025-07-13 19:00:00,2025-07-14 04:00:00,691.81,691.85,691.38,691.61,121.175,83807.29121
BNBUSDT,1752433500000,2025-07-13 19:05:00,2025-07-14 04:05:00,691.61,691.73,691.47,691.73,118.737,82114.60489
BNBUSDT,1752433800000,2025-07-13 19:10:00,2025-07-14 04:10:00,691.73,692.11,691.73,692.04,310.125,214567.69723
BNBUSDT,1752434100000,2025-07-13 19:15:00,2025-07-14 04:15:00,692.04,692.1,692,692.05,96.39,66706.05012
BNBUSDT,1752434400000,2025-07-13 19:20:00,2025-07-14 04:20:00,692.05,693.09,692.04,692.94,534.358,370132.67651
BNBUSDT,1752434700000,2025-07-13 19:25:00,2025-07-14 04:25:00,692.94,693.31,692.83,693.3,401.51,278279.95808
BNBUSDT,1752435000000,2025-07-13 19:30:00,2025-07-14 04:30:00,693.3,693.5,692.73,692.73,274.02,189978.28266
BNBUSDT,1752435300000,2025-07-13 19:35:00,2025-07-14 04:35:00,692.72,693.35,692.43,693,286.821,198742.51372
BNBUSDT,1752435600000,2025-07-13 19:40:00,2025-07-14 04:40:00,693,693.05,692.5,692.6,320.059,221763.89527
BNBUSDT,1752435900000,2025-07-13 19:45:00,2025-07-14 04:45:00,692.61,692.66,691.99,692.43,415.803,287881.51531
BNBUSDT,1752436200000,2025-07-13 19:50:00,2025-07-14 04:50:00,692.43,692.67,692.41,692.42,318.99,220923.05133
BNBUSDT,1752436500000,2025-07-13 19:55:00,2025-07-14 04:55:00,692.42,692.42,691.6,691.61,101.366,70153.16397
BNBUSDT,1752436800000,2025-07-13 20:00:00,2025-07-14 05:00:00,691.61,691.87,690.79,690.8,172.615,119311.10418
BNBUSDT,1752437100000,2025-07-13 20:05:00,2025-07-14 05:05:00,690.8,691.93,690.79,691.93,296.522,205006.69085
BNBUSDT,1752437400000,2025-07-13 20:10:00,2025-07-14 05:10:00,691.93,692.06,691.92,692.06,80.736,55871.62979
BNBUSDT,1752437700000,2025-07-13 20:15:00,2025-07-14 05:15:00,692.05,692.67,692.05,692.51,223.605,154799.75869
BNBUSDT,1752438000000,2025-07-13 20:20:00,2025-07-14 05:20:00,692.51,692.58,692.34,692.58,140.813,97511.63176
BNBUSDT,1752438300000,2025-07-13 20:25:00,2025-07-14 05:25:00,692.57,692.89,692.57,692.89,72.572,50273.05254
BNBUSDT,1752438600000,2025-07-13 20:30:00,2025-07-14 05:30:00,692.89,693.19,692.88,693.1,155.057,107459.86031
BNBUSDT,1752438900000,2025-07-13 20:35:00,2025-07-14 05:35:00,693.09,693.1,692.61,692.66,157.989,109478.724
BNBUSDT,1752439200000,2025-07-13 20:40:00,2025-07-14 05:40:00,692.66,692.83,692.66,692.66,156.888,108687.14423
BNBUSDT,1752439500000,2025-07-13 20:45:00,2025-07-14 05:45:00,692.67,692.67,692.2,692.23,150.983,104544.89182
BNBUSDT,1752439800000,2025-07-13 20:50:00,2025-07-14 05:50:00,692.23,692.7,692.19,692.63,175.522,121542.27049
BNBUSDT,1752440100000,2025-07-13 20:55:00,2025-07-14 05:55:00,692.63,692.65,692.46,692.49,115.362,79894.14137
BNBUSDT,1752440400000,2025-07-13 21:00:00,2025-07-14 06:00:00,692.5,692.63,692.37,692.59,188.264,130375.65674
BNBUSDT,1752440700000,2025-07-13 21:05:00,2025-07-14 06:05:00,692.6,692.6,692.2,692.53,196.093,135767.45154
BNBUSDT,1752441000000,2025-07-13 21:10:00,2025-07-14 06:10:00,692.53,692.83,692.52,692.69,544.873,377387.59644
BNBUSDT,1752441300000,2025-07-13 21:15:00,2025-07-14 06:15:00,692.69,692.89,692.57,692.57,293.086,203040.24009
BNBUSDT,1752441600000,2025-07-13 21:20:00,2025-07-14 06:20:00,692.57,692.98,692.34,692.75,349.148,241836.69401
BNBUSDT,1752441900000,2025-07-13 21:25:00,2025-07-14 06:25:00,692.74,692.75,692.52,692.57,235.107,162835.10353
BNBUSDT,1752442200000,2025-07-13 21:30:00,2025-07-14 06:30:00,692.56,692.8,692.25,692.26,220.654,152818.2389
BNBUSDT,1752442500000,2025-07-13 21:35:00,2025-07-14 06:35:00,692.26,692.49,688.46,690.14,1802.636,1243849.45428
BNBUSDT,1752442800000,2025-07-13 21:40:00,2025-07-14 06:40:00,690.14,691.21,689.43,691.21,472.396,326144.26479
BNBUSDT,1752443100000,2025-07-13 21:45:00,2025-07-14 06:45:00,691.21,692.2,691.2,692.2,220.694,152690.11737
BNBUSDT,1752443400000,2025-07-13 21:50:00,2025-07-14 06:50:00,692.2,692.2,691.68,691.9,299.717,207385.46025
BNBUSDT,1752443700000,2025-07-13 21:55:00,2025-07-14 06:55:00,691.91,692.2,691.3,691.47,134.127,92811.71438
BNBUSDT,1752444000000,2025-07-13 22:00:00,2025-07-14 07:00:00,691.46,691.47,690.5,691.31,667.15,461056.91765
BNBUSDT,1752444300000,2025-07-13 22:05:00,2025-07-14 07:05:00,691.31,692.4,691.3,691.85,488.977,338330.29051
BNBUSDT,1752444600000,2025-07-13 22:10:00,2025-07-14 07:10:00,691.85,691.88,691.21,691.61,241.407,166917.86058
BNBUSDT,1752444900000,2025-07-13 22:15:00,2025-07-14 07:15:00,691.61,692.03,690.22,690.22,459.273,317538.88416
BNBUSDT,1752445200000,2025-07-13 22:20:00,2025-07-14 07:20:00,690.22,691.25,689.71,691.08,575.769,397453.39504
BNBUSDT,1752445500000,2025-07-13 22:25:00,2025-07-14 07:25:00,691.08,691.08,689.41,689.47,402.744,277920.25461
BNBUSDT,1752445800000,2025-07-13 22:30:00,2025-07-14 07:30:00,689.48,690.68,689.4,690.68,307.024,211892.80016
BNBUSDT,1752446100000,2025-07-13 22:35:00,2025-07-14 07:35:00,690.68,691.35,690.68,691.11,262.821,181616.76383
BNBUSDT,1752446400000,2025-07-13 22:40:00,2025-07-14 07:40:00,691.12,691.71,691.12,691.45,148.982,103023.62931
BNBUSDT,1752446700000,2025-07-13 22:45:00,2025-07-14 07:45:00,691.44,691.71,691,691.18,284.312,196573.61704
BNBUSDT,1752447000000,2025-07-13 22:50:00,2025-07-14 07:50:00,691.17,691.18,690.6,690.76,104.362,72101.2704
BNBUSDT,1752447300000,2025-07-13 22:55:00,2025-07-14 07:55:00,690.76,690.88,690.3,690.31,107.399,74168.80017
BNBUSDT,1752447600000,2025-07-13 23:00:00,2025-07-14 08:00:00,690.3,690.93,690,690.92,202.332,139722.62037
BNBUSDT,1752447900000,2025-07-13 23:05:00,2025-07-14 08:05:00,690.93,691.59,690.91,690.91,232.898,161000.00512
BNBUSDT,1752448200000,2025-07-13 23:10:00,2025-07-14 08:10:00,690.92,691.09,690.22,691.07,125.961,86984.58376
BNBUSDT,1752448500000,2025-07-13 23:15:00,2025-07-14 08:15:00,691.08,691.66,691.08,691.17,218.492,151071.60006
BNBUSDT,1752448800000,2025-07-13 23:20:00,2025-07-14 08:20:00,691.16,691.5,690.81,691.37,146.542,101297.65911
BNBUSDT,1752449100000,2025-07-13 23:25:00,2025-07-14 08:25:00,691.36,691.37,690.72,691.06,98.423,68007.05252
BNBUSDT,1752449400000,2025-07-13 23:30:00,2025-07-14 08:30:00,691.06,691.53,690.93,690.93,170.06,117560.04007
BNBUSDT,1752449700000,2025-07-13 23:35:00,2025-07-14 08:35:00,690.93,691.6,690.93,691.49,83.022,57398.16398
BNBUSDT,1752450000000,2025-07-13 23:40:00,2025-07-14 08:40:00,691.48,691.59,690.89,691.28,127.177,87906.98059
BNBUSDT,1752450300000,2025-07-13 23:45:00,2025-07-14 08:45:00,691.28,692.36,691.18,691.74,419.958,290565.72499
BNBUSDT,1752450600000,2025-07-13 23:50:00,2025-07-14 08:50:00,691.73,692.38,691.69,692.12,143.499,99328.1267
BNBUSDT,1752450900000,2025-07-13 23:55:00,2025-07-14 08:55:00,692.12,692.28,691.94,692,75.237,52071.40009
BNBUSDT,1752451200000,2025-07-14 00:00:00,2025-07-14 09:00:00,692.01,692.5,691.7,692.32,298.951,206909.70693
BNBUSDT,1752451500000,2025-07-14 00:05:00,2025-07-14 09:05:00,692.31,692.54,691.92,692.1,170.214,117835.06503
BNBUSDT,1752451800000,2025-07-14 00:10:00,2025-07-14 09:10:00,692.1,692.85,692.01,692.85,189.854,131456.43293
BNBUSDT,1752452100000,2025-07-14 00:15:00,2025-07-14 09:15:00,692.84,693.12,692.53,692.61,400.202,277279.97165
BNBUSDT,1752452400000,2025-07-14 00:20:00,2025-07-14 09:20:00,692.6,693.85,692.37,693.75,391.749,271588.54709
BNBUSDT,1752452700000,2025-07-14 00:25:00,2025-07-14 09:25:00,693.75,694.1,693.4,693.5,299.751,207982.39152
BNBUSDT,1752453000000,2025-07-14 00:30:00,2025-07-14 09:30:00,693.49,693.51,692.9,693.25,270.515,187532.33291
BNBUSDT,1752453300000,2025-07-14 00:35:00,2025-07-14 09:35:00,693.24,693.3,692.92,693.29,270.715,187652.00186
BNBUSDT,1752453600000,2025-07-14 00:40:00,2025-07-14 09:40:00,693.29,693.79,693.29,693.63,262.687,182197.9838
BNBUSDT,1752453900000,2025-07-14 00:45:00,2025-07-14 09:45:00,693.63,693.63,692.58,692.58,156.648,108558.73651
BNBUSDT,1752454200000,2025-07-14 00:50:00,2025-07-14 09:50:00,692.59,692.59,689.79,691.6,3158.57,2183178.46283
BNBUSDT,1752454500000,2025-07-14 00:55:00,2025-07-14 09:55:00,691.59,691.59,689.95,691.13,4096.498,2828139.89013
BNBUSDT,1752454800000,2025-07-14 01:00:00,2025-07-14 10:00:00,691.12,691.27,690.44,691.16,623.767,431026.59079
BNBUSDT,1752455100000,2025-07-14 01:05:00,2025-07-14 10:05:00,691.16,691.7,690.5,690.61,295.801,204406.01661
BNBUSDT,1752455400000,2025-07-14 01:10:00,2025-07-14 10:10:00,690.61,690.84,690.41,690.41,184.698,127546.72126
BNBUSDT,1752455700000,2025-07-14 01:15:00,2025-07-14 10:15:00,690.42,691.02,690.41,690.61,683.18,471887.52693
BNBUSDT,1752456000000,2025-07-14 01:20:00,2025-07-14 10:20:00,690.61,690.91,690.54,690.56,1088.258,751678.75004
BNBUSDT,1752456300000,2025-07-14 01:25:00,2025-07-14 10:25:00,690.56,690.82,690.41,690.49,335.124,231446.64741
BNBUSDT,1752456600000,2025-07-14 01:30:00,2025-07-14 10:30:00,690.49,690.6,690.21,690.42,266.18,183775.65424
BNBUSDT,1752456900000,2025-07-14 01:35:00,2025-07-14 10:35:00,690.42,690.63,690.18,690.19,172.915,119377.073
BNBUSDT,1752457200000,2025-07-14 01:40:00,2025-07-14 10:40:00,690.19,691.36,690.19,690.77,384.984,265974.76698
BNBUSDT,1752457500000,2025-07-14 01:45:00,2025-07-14 10:45:00,690.77,690.83,689.97,690.07,223.153,154045.76846
BNBUSDT,1752457800000,2025-07-14 01:50:00,2025-07-14 10:50:00,690.08,690.75,689.94,690.69,222.682,153683.49653
BNBUSDT,1752458100000,2025-07-14 01:55:00,2025-07-14 10:55:00,690.69,690.69,690.11,690.12,299.203,206530.9827
BNBUSDT,1752458400000,2025-07-14 02:00:00,2025-07-14 11:00:00,690.11,690.45,690.11,690.25,209.743,144791.05055
BNBUSDT,1752458700000,2025-07-14 02:05:00,2025-07-14 11:05:00,690.24,690.5,689.91,690.37,288.228,198905.57154
BNBUSDT,1752459000000,2025-07-14 02:10:00,2025-07-14 11:10:00,690.38,691,690.34,690.73,329.217,227355.97488
BNBUSDT,1752459300000,2025-07-14 02:15:00,2025-07-14 11:15:00,690.73,690.77,690.42,690.74,254.626,175845.60269
BNBUSDT,1752459600000,2025-07-14 02:20:00,2025-07-14 11:20:00,690.74,692.22,690.54,692.19,586.437,405419.56683
BNBUSDT,1752459900000,2025-07-14 02:25:00,2025-07-14 11:25:00,692.19,693.06,691.96,692.18,908.318,629136.53619
BNBUSDT,1752460200000,2025-07-14 02:30:00,2025-07-14 11:30:00,692.19,692.48,691.7,692.07,420.924,291329.37356
BNBUSDT,1752460500000,2025-07-14 02:35:00,2025-07-14 11:35:00,692.06,692.65,691.9,692.32,616.813,427016.63215
BNBUSDT,1752460800000,2025-07-14 02:40:00,2025-07-14 11:40:00,692.32,692.6,692.25,692.49,251.492,174131.40464
BNBUSDT,1752461100000,2025-07-14 02:45:00,2025-07-14 11:45:00,692.48,694,692,692.01,1473.619,1021120.90763
BNBUSDT,1752461400000,2025-07-14 02:50:00,2025-07-14 11:50:00,692.01,692.67,692.01,692.67,417.309,288933.97551
BNBUSDT,1752461700000,2025-07-14 02:55:00,2025-07-14 11:55:00,692.66,692.74,692.47,692.56,211.2,146276.26558
BNBUSDT,1752462000000,2025-07-14 03:00:00,2025-07-14 12:00:00,692.56,693.05,692.33,692.98,452.879,313750.44579
BNBUSDT,1752462300000,2025-07-14 03:05:00,2025-07-14 12:05:00,692.98,693.6,692.91,693.59,397.794,275784.31739
BNBUSDT,1752462600000,2025-07-14 03:10:00,2025-07-14 12:10:00,693.58,693.59,693.02,693.2,252.096,174781.79801
BNBUSDT,1752462900000,2025-07-14 03:15:00,2025-07-14 12:15:00,693.21,693.21,692.76,693.06,307.085,212780.91595
BNBUSDT,1752463200000,2025-07-14 03:20:00,2025-07-14 12:20:00,693.06,693.86,693.06,693.56,564.311,391398.97623
BNBUSDT,1752463500000,2025-07-14 03:25:00,2025-07-14 12:25:00,693.56,694.77,693.55,694.37,750.298,520829.45097
BNBUSDT,1752463800000,2025-07-14 03:30:00,2025-07-14 12:30:00,694.38,694.56,694.02,694.13,328.712,228256.01655
BNBUSDT,1752464100000,2025-07-14 03:35:00,2025-07-14 12:35:00,694.13,695,694.13,695,1182.354,821392.37666
BNBUSDT,1752464400000,2025-07-14 03:40:00,2025-07-14 12:40:00,695,698.19,694.91,697.91,7346.963,5119449.84803
BNBUSDT,1752464700000,2025-07-14 03:45:00,2025-07-14 12:45:00,697.92,698.01,696.6,697.34,3720.422,2593267.27178
BNBUSDT,1752465000000,2025-07-14 03:50:00,2025-07-14 12:50:00,697.34,699,697.04,698.52,3240.892,2263435.96267
BNBUSDT,1752465300000,2025-07-14 03:55:00,2025-07-14 12:55:00,698.51,698.6,697.15,697.15,1539.279,1074110.19724
BNBUSDT,1752465600000,2025-07-14 04:00:00,2025-07-14 13:00:00,697.15,697.63,696.76,697.4,1615.251,1126404.11128
BNBUSDT,1752465900000,2025-07-14 04:05:00,2025-07-14 13:05:00,697.4,698,697.33,697.86,860.292,600228.81747
BNBUSDT,1752466200000,2025-07-14 04:10:00,2025-07-14 13:10:00,697.87,697.92,696.97,697.53,497.165,346738.61855
BNBUSDT,1752466500000,2025-07-14 04:15:00,2025-07-14 13:15:00,697.53,699,697.52,698.7,1032.724,721351.3211
BNBUSDT,1752466800000,2025-07-14 04:20:00,2025-07-14 13:20:00,698.7,698.8,698.13,698.41,1058.322,739191.61029
BNBUSDT,1752467100000,2025-07-14 04:25:00,2025-07-14 13:25:00,698.4,698.8,698.39,698.74,673.738,470667.71275
BNBUSDT,1752467400000,2025-07-14 04:30:00,2025-07-14 13:30:00,698.74,699,698.1,698.77,855.896,597999.67172
BNBUSDT,1752467700000,2025-07-14 04:35:00,2025-07-14 13:35:00,698.78,698.78,697.74,697.75,657.225,458863.1307
BNBUSDT,1752468000000,2025-07-14 04:40:00,2025-07-14 13:40:00,697.75,699.5,697.59,699.5,2721.782,1901759.63409
BNBUSDT,1752468300000,2025-07-14 04:45:00,2025-07-14 13:45:00,699.49,699.5,699,699.44,1629.786,1139897.14045
BNBUSDT,1752468600000,2025-07-14 04:50:00,2025-07-14 13:50:00,699.43,699.64,699.11,699.36,1332.63,932087.72931
BNBUSDT,1752468900000,2025-07-14 04:55:00,2025-07-14 13:55:00,699.36,699.57,699.01,699.34,640.994,448233.91755
BNBUSDT,1752469200000,2025-07-14 05:00:00,2025-07-14 14:00:00,699.34,699.34,698.2,698.86,1064.319,743699.89209
BNBUSDT,1752469500000,2025-07-14 05:05:00,2025-07-14 14:05:00,698.86,699.9,698.74,699.7,1414.78,989699.87315
BNBUSDT,1752469800000,2025-07-14 05:10:00,2025-07-14 14:10:00,699.71,701.58,699.67,701.42,9002.263,6302445.54464
BNBUSDT,1752470100000,2025-07-14 05:15:00,2025-07-14 14:15:00,701.43,702,700.6,700.96,3140.935,2203271.35973
BNBUSDT,1752470400000,2025-07-14 05:20:00,2025-07-14 14:20:00,700.97,701.82,700.71,701.17,3952.104,2771482.01644
BNBUSDT,1752470700000,2025-07-14 05:25:00,2025-07-14 14:25:00,701.18,702.64,700.76,702.57,2740.106,1922665.76385
BNBUSDT,1752471000000,2025-07-14 05:30:00,2025-07-14 14:30:00,702.57,703.3,701.33,701.74,3335.794,2342848.56237
BNBUSDT,1752471300000,2025-07-14 05:35:00,2025-07-14 14:35:00,701.75,701.8,701.1,701.17,1280.052,898052.90011
BNBUSDT,1752471600000,2025-07-14 05:40:00,2025-07-14 14:40:00,701.18,701.29,698.52,698.8,2379.724,1665503.68594
BNBUSDT,1752471900000,2025-07-14 05:45:00,2025-07-14 14:45:00,698.8,698.8,697.09,697.15,1459.279,1018817.90046
BNBUSDT,1752472200000,2025-07-14 05:50:00,2025-07-14 14:50:00,697.16,698.15,693.2,696.04,4044.011,2813082.90631
BNBUSDT,1752472500000,2025-07-14 05:55:00,2025-07-14 14:55:00,696.04,697.5,695.44,697.49,2045.665,1424807.38078
BNBUSDT,1752472800000,2025-07-14 06:00:00,2025-07-14 15:00:00,697.49,698.1,696.6,698.09,3007.121,2096211.61396
BNBUSDT,1752473100000,2025-07-14 06:05:00,2025-07-14 15:05:00,698.1,699.11,697.39,697.4,1476.534,1031247.1983
BNBUSDT,1752473400000,2025-07-14 06:10:00,2025-07-14 15:10:00,697.4,697.4,695.72,696.6,1292.735,900246.93228
BNBUSDT,1752473700000,2025-07-14 06:15:00,2025-07-14 15:15:00,696.59,697.8,696.59,697.38,444.67,310068.67136
BNBUSDT,1752474000000,2025-07-14 06:20:00,2025-07-14 15:20:00,697.38,697.6,696.7,696.71,626.419,436734.94951
BNBUSDT,1752474300000,2025-07-14 06:25:00,2025-07-14 15:25:00,696.71,697.22,696.66,697.22,309.287,215557.45722
BNBUSDT,1752474600000,2025-07-14 06:30:00,2025-07-14 15:30:00,697.22,697.7,697,697.5,1246.468,869040.80135
BNBUSDT,1752474900000,2025-07-14 06:35:00,2025-07-14 15:35:00,697.5,698,697.49,697.79,315.504,220153.94066
BNBUSDT,1752475200000,2025-07-14 06:40:00,2025-07-14 15:40:00,697.78,698,697.11,697.32,485.56,338765.91433
BNBUSDT,1752475500000,2025-07-14 06:45:00,2025-07-14 15:45:00,697.31,697.7,697.1,697.67,477.725,333086.68914
BNBUSDT,1752475800000,2025-07-14 06:50:00,2025-07-14 15:50:00,697.67,697.67,696.52,696.53,522.535,364300.13167
BNBUSDT,1752476100000,2025-07-14 06:55:00,2025-07-14 15:55:00,696.52,697.4,696.52,697.25,678.608,473017.49789
BNBUSDT,1752476400000,2025-07-14 07:00:00,2025-07-14 16:00:00,697.25,698,697.24,697.9,1181.552,824602.6981
BNBUSDT,1752476700000,2025-07-14 07:05:00,2025-07-14 16:05:00,697.91,699.5,697.86,699.47,1893.66,1322340.92067
BNBUSDT,1752477000000,2025-07-14 07:10:00,2025-07-14 16:10:00,699.47,701.7,699.42,701.55,2183.296,1529442.7087
BNBUSDT,1752477300000,2025-07-14 07:15:00,2025-07-14 16:15:00,701.55,704.98,701.43,704.86,4563.66,3210406.11903
BNBUSDT,1752477600000,2025-07-14 07:20:00,2025-07-14 16:20:00,704.85,704.85,702.37,702.53,3132.966,2204466.47517
BNBUSDT,1752477900000,2025-07-14 07:25:00,2025-07-14 16:25:00,702.54,704.42,702.21,704.21,1823.154,1282252.18931
BNBUSDT,1752478200000,2025-07-14 07:30:00,2025-07-14 16:30:00,704.21,706.83,703.95,705.93,3810.891,2688438.70625
BNBUSDT,1752478500000,2025-07-14 07:35:00,2025-07-14 16:35:00,705.93,706.5,704.85,705.97,2173.29,1533470.7441
BNBUSDT,1752478800000,2025-07-14 07:40:00,2025-07-14 16:40:00,705.98,707.54,705.97,707.1,2765.69,1955353.76123
BNBUSDT,1752479100000,2025-07-14 07:45:00,2025-07-14 16:45:00,707.1,707.11,705.9,705.95,1704.151,1203714.00612
BNBUSDT,1752479400000,2025-07-14 07:50:00,2025-07-14 16:50:00,705.95,706.57,705.94,706.47,1283.109,906408.21116
BNBUSDT,1752479700000,2025-07-14 07:55:00,2025-07-14 16:55:00,706.47,706.78,706.4,706.42,1714.746,1211459.98579
BNBUSDT,1752480000000,2025-07-14 08:00:00,2025-07-14 17:00:00,706.43,706.7,705.06,705.4,1320.182,932346.73232
BNBUSDT,1752480300000,2025-07-14 08:05:00,2025-07-14 17:05:00,705.4,705.4,704.67,705.19,1097.537,773740.09107
BNBUSDT,1752480600000,2025-07-14 08:10:00,2025-07-14 17:10:00,705.2,705.68,704.73,705.58,1436.261,1012923.81145
BNBUSDT,1752480900000,2025-07-14 08:15:00,2025-07-14 17:15:00,705.59,705.73,704.39,705.55,1064.986,751057.80299
BNBUSDT,1752481200000,2025-07-14 08:20:00,2025-07-14 17:20:00,705.56,705.56,703.4,703.91,1337.735,942054.04455
BNBUSDT,1752481500000,2025-07-14 08:25:00,2025-07-14 17:25:00,703.91,703.91,702.93,703.34,1020.098,717658.38225
BNBUSDT,1752481800000,2025-07-14 08:30:00,2025-07-14 17:30:00,703.35,703.9,703.2,703.65,898.47,632183.22556
BNBUSDT,1752482100000,2025-07-14 08:35:00,2025-07-14 17:35:00,703.66,704.93,703.52,703.68,811.248,571250.15807
BNBUSDT,1752482400000,2025-07-14 08:40:00,2025-07-14 17:40:00,703.68,703.8,703.5,703.67,347.72,244674.96883
BNBUSDT,1752482700000,2025-07-14 08:45:00,2025-07-14 17:45:00,703.67,705,703.2,704.94,762.71,537138.82982
BNBUSDT,1752483000000,2025-07-14 08:50:00,2025-07-14 17:50:00,704.94,705.96,704.87,705.25,1293.954,912537.90696
BNBUSDT,1752483300000,2025-07-14 08:55:00,2025-07-14 17:55:00,705.26,705.26,704.42,704.53,305.996,215655.74769
BNBUSDT,1752483600000,2025-07-14 09:00:00,2025-07-14 18:00:00,704.53,705.74,703.65,705.37,1211.923,854148.03909
BNBUSDT,1752483900000,2025-07-14 09:05:00,2025-07-14 18:05:00,705.36,705.92,705.23,705.23,477.021,336599.9302
BNBUSDT,1752484200000,2025-07-14 09:10:00,2025-07-14 18:10:00,705.24,705.32,704.04,704.79,406.965,286850.91171
BNBUSDT,1752484500000,2025-07-14 09:15:00,2025-07-14 18:15:00,704.79,705.41,704.31,704.81,1530.679,1079104.17762
BNBUSDT,1752484800000,2025-07-14 09:20:00,2025-07-14 18:20:00,704.81,705.9,704.81,705.79,1243.381,876976.35232
BNBUSDT,1752485100000,2025-07-14 09:25:00,2025-07-14 18:25:00,705.8,706.1,705.55,705.96,1286.565,908176.36138
BNBUSDT,1752485400000,2025-07-14 09:30:00,2025-07-14 18:30:00,705.96,706.2,705.31,705.6,1174.264,828747.51906
BNBUSDT,1752485700000,2025-07-14 09:35:00,2025-07-14 18:35:00,705.61,705.68,704.8,704.87,571.56,403061.37948
BNBUSDT,1752486000000,2025-07-14 09:40:00,2025-07-14 18:40:00,704.88,705.26,704.05,704.91,2635.979,1857990.02926
BNBUSDT,1752486300000,2025-07-14 09:45:00,2025-07-14 18:45:00,704.92,705.9,703.85,704.29,1431.889,1009374.87267
BNBUSDT,1752486600000,2025-07-14 09:50:00,2025-07-14 18:50:00,704.29,705,704,704.88,524.424,369522.22027
BNBUSDT,1752486900000,2025-07-14 09:55:00,2025-07-14 18:55:00,704.88,704.89,703.82,704.38,560.438,394622.79564
BNBUSDT,1752487200000,2025-07-14 10:00:00,2025-07-14 19:00:00,704.39,704.48,701.24,701.75,1873.833,1316202.59353
BNBUSDT,1752487500000,2025-07-14 10:05:00,2025-07-14 19:05:00,701.75,701.76,700.84,701.02,1439.818,1009642.49841
BNBUSDT,1752487800000,2025-07-14 10:10:00,2025-07-14 19:10:00,701.03,702.39,701.02,702.23,775.041,544058.35268
BNBUSDT,1752488100000,2025-07-14 10:15:00,2025-07-14 19:15:00,702.24,702.24,701.72,701.96,562.57,394949.62001
BNBUSDT,1752488400000,2025-07-14 10:20:00,2025-07-14 19:20:00,701.95,702.91,701.9,702.55,1213.681,852317.34686
BNBUSDT,1752488700000,2025-07-14 10:25:00,2025-07-14 19:25:00,702.56,703.73,702.52,702.62,1033.228,726384.17075
BNBUSDT,1752489000000,2025-07-14 10:30:00,2025-07-14 19:30:00,702.62,703.21,701.83,703.2,587.251,412540.36963
BNBUSDT,1752489300000,2025-07-14 10:35:00,2025-07-14 19:35:00,703.21,703.88,703.04,703.68,777.278,546762.85252
BNBUSDT,1752489600000,2025-07-14 10:40:00,2025-07-14 19:40:00,703.67,704.3,703.4,704,1991.026,1401493.88322
BNBUSDT,1752489900000,2025-07-14 10:45:00,2025-07-14 19:45:00,704,704.19,703.81,703.84,189.098,133121.03474
BNBUSDT,1752490200000,2025-07-14 10:50:00,2025-07-14 19:50:00,703.85,704.2,703.8,703.93,213.288,150142.71256
BNBUSDT,1752490500000,2025-07-14 10:55:00,2025-07-14 19:55:00,703.94,706.04,703.88,705.64,2311.904,1630852.44286
BNBUSDT,1752490800000,2025-07-14 11:00:00,2025-07-14 20:00:00,705.64,705.69,704.95,705.19,764.739,539320.17071
BNBUSDT,1752491100000,2025-07-14 11:05:00,2025-07-14 20:05:00,705.2,705.42,704.52,705.03,435.295,306862.22642
BNBUSDT,1752491400000,2025-07-14 11:10:00,2025-07-14 20:10:00,705.04,705.25,704.5,704.85,789.74,556696.0993
BNBUSDT,1752491700000,2025-07-14 11:15:00,2025-07-14 20:15:00,704.84,705.49,704.71,705.38,1745.762,1230506.51919
BNBUSDT,1752492000000,2025-07-14 11:20:00,2025-07-14 20:20:00,705.39,705.39,703.22,703.23,420.974,296464.89196
BNBUSDT,1752492300000,2025-07-14 11:25:00,2025-07-14 20:25:00,703.22,704,703,703.99,422.574,297231.69317
BNBUSDT,1752492600000,2025-07-14 11:30:00,2025-07-14 20:30:00,704,704.4,702.76,703.15,467.849,329201.60564
BNBUSDT,1752492900000,2025-07-14 11:35:00,2025-07-14 20:35:00,703.15,704.7,702.9,704.67,847.711,596446.87676
BNBUSDT,1752493200000,2025-07-14 11:40:00,2025-07-14 20:40:00,704.67,705.3,704.66,705.23,1427.269,1006113.66842
BNBUSDT,1752493500000,2025-07-14 11:45:00,2025-07-14 20:45:00,705.23,705.24,704.52,704.8,647.203,456209.28178
BNBUSDT,1752493800000,2025-07-14 11:50:00,2025-07-14 20:50:00,704.81,704.81,704.24,704.41,374.534,263840.90284
BNBUSDT,1752494100000,2025-07-14 11:55:00,2025-07-14 20:55:00,704.41,704.82,704.3,704.42,472.039,332551.40724
BNBUSDT,1752494400000,2025-07-14 12:00:00,2025-07-14 21:00:00,704.42,704.99,703.78,704.35,669.154,471399.70679
BNBUSDT,1752494700000,2025-07-14 12:05:00,2025-07-14 21:05:00,704.34,704.8,704.34,704.8,386.107,272055.60699
BNBUSDT,1752495000000,2025-07-14 12:10:00,2025-07-14 21:10:00,704.79,705.24,704.5,704.97,745.844,525764.10322
BNBUSDT,1752495300000,2025-07-14 12:15:00,2025-07-14 21:15:00,704.98,704.98,703.77,703.95,789.684,556296.94877
BNBUSDT,1752495600000,2025-07-14 12:20:00,2025-07-14 21:20:00,703.96,704.28,703.14,703.71,1409.943,992530.44799
BNBUSDT,1752495900000,2025-07-14 12:25:00,2025-07-14 21:25:00,703.72,704.01,703.32,703.94,347.022,244163.60698
BNBUSDT,1752496200000,2025-07-14 12:30:00,2025-07-14 21:30:00,703.95,704.53,703.1,704.39,446.238,314114.92613
BNBUSDT,1752496500000,2025-07-14 12:35:00,2025-07-14 21:35:00,704.4,704.7,703.71,704.23,774.034,544917.13669
BNBUSDT,1752496800000,2025-07-14 12:40:00,2025-07-14 21:40:00,704.22,704.48,703.9,704.33,237.181,167004.62515
BNBUSDT,1752497100000,2025-07-14 12:45:00,2025-07-14 21:45:00,704.33,704.57,703.81,704.09,284.778,200551.79366
BNBUSDT,1752497400000,2025-07-14 12:50:00,2025-07-14 21:50:00,704.08,704.1,703.64,704,297.426,209364.91691
BNBUSDT,1752497700000,2025-07-14 12:55:00,2025-07-14 21:55:00,703.99,704.38,703.7,704.05,413.087,290844.02105
BNBUSDT,1752498000000,2025-07-14 13:00:00,2025-07-14 22:00:00,704.06,704.38,704.06,704.29,246.736,173755.59491
BNBUSDT,1752498300000,2025-07-14 13:05:00,2025-07-14 22:05:00,704.3,704.5,703.64,703.64,418.443,294632.64091
BNBUSDT,1752498600000,2025-07-14 13:10:00,2025-07-14 22:10:00,703.65,703.76,703,703.19,316.235,222415.951
BNBUSDT,1752498900000,2025-07-14 13:15:00,2025-07-14 22:15:00,703.2,703.35,701.49,701.5,745.27,523457.19062
BNBUSDT,1752499200000,2025-07-14 13:20:00,2025-07-14 22:20:00,701.49,701.99,701.29,701.99,905.365,635205.82319
BNBUSDT,1752499500000,2025-07-14 13:25:00,2025-07-14 22:25:00,701.99,702.7,701.99,702.27,535.869,376358.5751
BNBUSDT,1752499800000,2025-07-14 13:30:00,2025-07-14 22:30:00,702.26,703.16,701.83,701.85,519.853,365196.59793
BNBUSDT,1752500100000,2025-07-14 13:35:00,2025-07-14 22:35:00,701.84,702.79,701.02,702.08,826.815,580227.37806
BNBUSDT,1752500400000,2025-07-14 13:40:00,2025-07-14 22:40:00,702.08,702.79,701.87,702.37,522.338,366836.36264
BNBUSDT,1752500700000,2025-07-14 13:45:00,2025-07-14 22:45:00,702.38,704.01,702.3,703.65,821.934,578217.78765
BNBUSDT,1752501000000,2025-07-14 13:50:00,2025-07-14 22:50:00,703.64,704.28,703.5,704.28,400.463,281831.20449
BNBUSDT,1752501300000,2025-07-14 13:55:00,2025-07-14 22:55:00,704.28,704.45,703.04,703.45,653.874,460242.3153
BNBUSDT,1752501600000,2025-07-14 14:00:00,2025-07-14 23:00:00,703.46,704.39,703.32,703.72,488.439,343810.91456
BNBUSDT,1752501900000,2025-07-14 14:05:00,2025-07-14 23:05:00,703.72,704.3,703.72,703.84,540.981,380880.61586
BNBUSDT,1752502200000,2025-07-14 14:10:00,2025-07-14 23:10:00,703.84,703.84,702.02,703.09,768.644,540405.4716
BNBUSDT,1752502500000,2025-07-14 14:15:00,2025-07-14 23:15:00,703.08,703.33,702.63,702.64,550.861,387297.88184
BNBUSDT,1752502800000,2025-07-14 14:20:00,2025-07-14 23:20:00,702.64,702.64,700.95,701.05,895.523,628469.51459
BNBUSDT,1752503100000,2025-07-14 14:25:00,2025-07-14 23:25:00,701.06,701.21,698.4,700.41,2097.515,1467550.28296
BNBUSDT,1752503400000,2025-07-14 14:30:00,2025-07-14 23:30:00,700.4,700.41,696.63,697.56,2546.349,1777518.21309
BNBUSDT,1752503700000,2025-07-14 14:35:00,2025-07-14 23:35:00,697.57,698.4,696.6,696.63,1149.018,801387.29895
BNBUSDT,1752504000000,2025-07-14 14:40:00,2025-07-14 23:40:00,696.63,697.88,696.59,697.88,768.774,535966.28372
BNBUSDT,1752504300000,2025-07-14 14:45:00,2025-07-14 23:45:00,697.87,697.93,696.71,696.77,734.772,512392.23562
BNBUSDT,1752504600000,2025-07-14 14:50:00,2025-07-14 23:50:00,696.76,698,696.54,698,1254.72,875178.81717
BNBUSDT,1752504900000,2025-07-14 14:55:00,2025-07-14 23:55:00,697.99,698.76,697.99,698.7,441.791,308587.89347
BNBUSDT,1752505200000,2025-07-14 15:00:00,2025-07-15 00:00:00,698.71,698.81,697.53,697.53,477.922,333686.10073
BNBUSDT,1752505500000,2025-07-14 15:05:00,2025-07-15 00:05:00,697.53,697.53,695.99,696.32,1579.081,1099848.47106
BNBUSDT,1752505800000,2025-07-14 15:10:00,2025-07-15 00:10:00,696.38,697.4,696.02,697.29,509.967,355286.69706
BNBUSDT,1752506100000,2025-07-14 15:15:00,2025-07-15 00:15:00,697.29,697.34,695.91,696.06,907.403,631941.87943
BNBUSDT,1752506400000,2025-07-14 15:20:00,2025-07-15 00:20:00,696.06,696.13,695.52,695.87,644.251,448265.3145
BNBUSDT,1752506700000,2025-07-14 15:25:00,2025-07-15 00:25:00,695.87,696.15,694.97,695.23,2137.315,1485961.02235
BNBUSDT,1752507000000,2025-07-14 15:30:00,2025-07-15 00:30:00,695.23,695.27,694,694.32,953.366,662046.17484
BNBUSDT,1752507300000,2025-07-14 15:35:00,2025-07-15 00:35:00,694.33,695,694.03,694.42,533.404,370464.45718
BNBUSDT,1752507600000,2025-07-14 15:40:00,2025-07-15 00:40:00,694.43,695,694.18,694.36,507.847,352751.42986
BNBUSDT,1752507900000,2025-07-14 15:45:00,2025-07-15 00:45:00,694.36,694.36,691.83,692.22,1693.445,1173669.57238
BNBUSDT,1752508200000,2025-07-14 15:50:00,2025-07-15 00:50:00,692.22,692.5,690.3,690.83,3369.243,2328951.40481
BNBUSDT,1752508500000,2025-07-14 15:55:00,2025-07-15 00:55:00,690.83,692.63,690.36,692.57,709.939,490998.40773
BNBUSDT,1752508800000,2025-07-14 16:00:00,2025-07-15 01:00:00,692.57,692.9,691.58,691.6,742.58,514148.69592
BNBUSDT,1752509100000,2025-07-14 16:05:00,2025-07-15 01:05:00,691.6,692.05,690.86,691.53,639.697,442327.09168
BNBUSDT,1752509400000,2025-07-14 16:10:00,2025-07-15 01:10:00,691.53,691.68,689.8,690.09,1019.682,704041.09347
BNBUSDT,1752509700000,2025-07-14 16:15:00,2025-07-15 01:15:00,690.09,692.2,690.02,691.97,857.337,592435.64556
BNBUSDT,1752510000000,2025-07-14 16:20:00,2025-07-15 01:20:00,691.97,693.51,691.55,693.41,705.814,488929.31724
BNBUSDT,1752510300000,2025-07-14 16:25:00,2025-07-15 01:25:00,693.42,693.7,693.01,693.69,589.016,408414.21392
BNBUSDT,1752510600000,2025-07-14 16:30:00,2025-07-15 01:30:00,693.69,693.69,692.51,693.06,407.528,282422.6731
BNBUSDT,1752510900000,2025-07-14 16:35:00,2025-07-15 01:35:00,693.06,693.8,693.06,693.52,259.393,179878.82089
BNBUSDT,1752511200000,2025-07-14 16:40:00,2025-07-15 01:40:00,693.53,694.35,692.92,692.92,651.554,451913.70758
BNBUSDT,1752511500000,2025-07-14 16:45:00,2025-07-15 01:45:00,692.92,693.36,692,693.18,506.215,350692.00462
BNBUSDT,1752511800000,2025-07-14 16:50:00,2025-07-15 01:50:00,693.18,693.31,692.58,693.21,670.434,464601.16578
BNBUSDT,1752512100000,2025-07-14 16:55:00,2025-07-15 01:55:00,693.21,693.58,692.84,693.5,589.291,408560.61813
BNBUSDT,1752512400000,2025-07-14 17:00:00,2025-07-15 02:00:00,693.49,693.49,692.86,693.19,326.858,226574.29763
BNBUSDT,1752512700000,2025-07-14 17:05:00,2025-07-15 02:05:00,693.2,693.9,692.75,693.75,403.49,279750.85382
BNBUSDT,1752513000000,2025-07-14 17:10:00,2025-07-15 02:10:00,693.75,693.77,693.4,693.51,161.931,112309.88795
BNBUSDT,1752513300000,2025-07-14 17:15:00,2025-07-15 02:15:00,693.51,693.96,693.05,693.63,311.71,216171.69407
BNBUSDT,1752513600000,2025-07-14 17:20:00,2025-07-15 02:20:00,693.62,693.62,692.91,693.39,292.486,202756.09825
BNBUSDT,1752513900000,2025-07-14 17:25:00,2025-07-15 02:25:00,693.39,693.53,692.14,692.7,564.376,390913.85218
BNBUSDT,1752514200000,2025-07-14 17:30:00,2025-07-15 02:30:00,692.71,693.2,692.2,692.71,509.364,352853.40692
BNBUSDT,1752514500000,2025-07-14 17:35:00,2025-07-15 02:35:00,692.71,692.78,691.22,691.28,397.321,274936.21014
BNBUSDT,1752514800000,2025-07-14 17:40:00,2025-07-15 02:40:00,691.29,692.13,691.23,691.93,316.134,218706.72593
BNBUSDT,1752515100000,2025-07-14 17:45:00,2025-07-15 02:45:00,691.93,692.9,691.91,692.6,514.309,356155.62811
BNBUSDT,1752515400000,2025-07-14 17:50:00,2025-07-15 02:50:00,692.61,692.61,691.7,691.89,225.623,156170.48327
BNBUSDT,1752515700000,2025-07-14 17:55:00,2025-07-15 02:55:00,691.89,692.4,691.89,692.29,291.902,202040.84935
BNBUSDT,1752516000000,2025-07-14 18:00:00,2025-07-15 03:00:00,692.3,692.38,691.15,691.43,241.024,166739.80155
BNBUSDT,1752516300000,2025-07-14 18:05:00,2025-07-15 03:05:00,691.43,691.54,690.34,690.46,340.324,235137.27472
BNBUSDT,1752516600000,2025-07-14 18:10:00,2025-07-15 03:10:00,690.45,691.27,690.4,691.04,417.489,288378.28299
BNBUSDT,1752516900000,2025-07-14 18:15:00,2025-07-15 03:15:00,691.04,691.87,690.9,691.04,352.17,243541.58717
BNBUSDT,1752517200000,2025-07-14 18:20:00,2025-07-15 03:20:00,691.03,692.05,690.8,692.05,333.786,230764.62738
BNBUSDT,1752517500000,2025-07-14 18:25:00,2025-07-15 03:25:00,692.06,692.85,691.91,692.12,494.825,342655.13428
BNBUSDT,1752517800000,2025-07-14 18:30:00,2025-07-15 03:30:00,692.12,692.28,691.62,691.62,404.371,279852.08738
BNBUSDT,1752518100000,2025-07-14 18:35:00,2025-07-15 03:35:00,691.63,691.89,690.28,690.62,439.381,303710.16367
BNBUSDT,1752518400000,2025-07-14 18:40:00,2025-07-15 03:40:00,690.61,691.82,690.53,691.79,374.024,258576.09789
BNBUSDT,1752518700000,2025-07-14 18:45:00,2025-07-15 03:45:00,691.79,691.79,690.8,690.99,464.902,321429.84421
BNBUSDT,1752519000000,2025-07-14 18:50:00,2025-07-15 03:50:00,690.99,690.99,689.42,689.76,895.785,618218.68409
BNBUSDT,1752519300000,2025-07-14 18:55:00,2025-07-15 03:55:00,689.76,689.76,689.23,689.26,250.215,172514.86054
BNBUSDT,1752519600000,2025-07-14 19:00:00,2025-07-15 04:00:00,689.25,689.88,688.75,689.69,782.731,539527.78312
BNBUSDT,1752519900000,2025-07-14 19:05:00,2025-07-15 04:05:00,689.69,690.07,689.28,689.6,312.892,215815.84756
BNBUSDT,1752520200000,2025-07-14 19:10:00,2025-07-15 04:10:00,689.59,689.6,687.87,688.55,650.514,447875.98832
BNBUSDT,1752520500000,2025-07-14 19:15:00,2025-07-15 04:15:00,688.56,689.15,687.92,688.74,202.161,139215.30561
BNBUSDT,1752520800000,2025-07-14 19:20:00,2025-07-15 04:20:00,688.73,689.6,688.73,689.59,224.629,154833.02881
BNBUSDT,1752521100000,2025-07-14 19:25:00,2025-07-15 04:25:00,689.6,690.57,689.5,690.3,329.81,227644.46279
BNBUSDT,1752521400000,2025-07-14 19:30:00,2025-07-15 04:30:00,690.31,691.14,690.27,691.01,338.178,233577.55197
BNBUSDT,1752521700000,2025-07-14 19:35:00,2025-07-15 04:35:00,691.01,691.2,689.92,690.18,439.707,303581.46283
BNBUSDT,1752522000000,2025-07-14 19:40:00,2025-07-15 04:40:00,690.17,690.3,689.8,690.29,184.436,127272.1806
BNBUSDT,1752522300000,2025-07-14 19:45:00,2025-07-15 04:45:00,690.3,690.3,689.38,689.38,252.436,174148.53808
BNBUSDT,1752522600000,2025-07-14 19:50:00,2025-07-15 04:50:00,689.38,690.49,689.3,690.22,371.357,256202.3174
BNBUSDT,1752522900000,2025-07-14 19:55:00,2025-07-15 04:55:00,690.21,690.27,689.21,690.06,235.456,162427.89612
BNBUSDT,1752523200000,2025-07-14 20:00:00,2025-07-15 05:00:00,690.07,690.07,687.93,688.11,448.479,308862.7609
BNBUSDT,1752523500000,2025-07-14 20:05:00,2025-07-15 05:05:00,688.1,688.56,687.13,688.05,1352.696,930463.3035
BNBUSDT,1752523800000,2025-07-14 20:10:00,2025-07-15 05:10:00,688.05,688.26,687.15,687.29,400.476,275438.10313
BNBUSDT,1752524100000,2025-07-14 20:15:00,2025-07-15 05:15:00,687.29,688.5,686.05,688.08,911.943,626198.15575
BNBUSDT,1752524400000,2025-07-14 20:20:00,2025-07-15 05:20:00,688.07,688.3,687.21,688.29,343.46,236183.35767
BNBUSDT,1752524700000,2025-07-14 20:25:00,2025-07-15 05:25:00,688.29,689.4,688.29,689.39,265.675,182996.87511
BNBUSDT,1752525000000,2025-07-14 20:30:00,2025-07-15 05:30:00,689.4,690.2,689.13,690.01,266.369,183703.11246
BNBUSDT,1752525300000,2025-07-14 20:35:00,2025-07-15 05:35:00,690.01,690.93,689.85,690.7,175.179,120957.90228
BNBUSDT,1752525600000,2025-07-14 20:40:00,2025-07-15 05:40:00,690.68,691,690.01,690.88,523.747,361630.03618
BNBUSDT,1752525900000,2025-07-14 20:45:00,2025-07-15 05:45:00,690.89,691.15,690.61,691.08,157.685,108954.01891
BNBUSDT,1752526200000,2025-07-14 20:50:00,2025-07-15 05:50:00,691.09,691.8,690.64,691.72,260.22,179864.76576
BNBUSDT,1752526500000,2025-07-14 20:55:00,2025-07-15 05:55:00,691.71,691.72,690.95,690.99,357.414,247108.01466
BNBUSDT,1752526800000,2025-07-14 21:00:00,2025-07-15 06:00:00,690.98,690.98,690.04,690.41,298.802,206343.24741
BNBUSDT,1752527100000,2025-07-14 21:05:00,2025-07-15 06:05:00,690.4,690.5,690.05,690.46,248.33,171425.46683
BNBUSDT,1752527400000,2025-07-14 21:10:00,2025-07-15 06:10:00,690.46,690.5,690.23,690.41,275.529,190206.59371
BNBUSDT,1752527700000,2025-07-14 21:15:00,2025-07-15 06:15:00,690.41,691.2,690.23,691.06,194.282,134208.95841
BNBUSDT,1752528000000,2025-07-14 21:20:00,2025-07-15 06:20:00,691.07,691.66,691.06,691.5,175.802,121558.74528
BNBUSDT,1752528300000,2025-07-14 21:25:00,2025-07-15 06:25:00,691.5,691.5,691.21,691.41,124.258,85911.72503
BNBUSDT,1752528600000,2025-07-14 21:30:00,2025-07-15 06:30:00,691.41,691.92,691.33,691.91,247.984,171487.89404
BNBUSDT,1752528900000,2025-07-14 21:35:00,2025-07-15 06:35:00,691.92,692.39,691.91,692.22,431.997,299017.13905
BNBUSDT,1752529200000,2025-07-14 21:40:00,2025-07-15 06:40:00,692.22,692.22,690.47,690.94,1190.329,822856.54821
BNBUSDT,1752529500000,2025-07-14 21:45:00,2025-07-15 06:45:00,690.94,690.94,690.8,690.91,236.36,163296.02611
BNBUSDT,1752529800000,2025-07-14 21:50:00,2025-07-15 06:50:00,690.9,691.71,690.83,691.7,295.492,204274.21394
BNBUSDT,1752530100000,2025-07-14 21:55:00,2025-07-15 06:55:00,691.7,692.13,691.7,691.76,641.773,444115.80122
BNBUSDT,1752530400000,2025-07-14 22:00:00,2025-07-15 07:00:00,691.76,691.77,690.89,690.9,284.921,196925.26835
BNBUSDT,1752530700000,2025-07-14 22:05:00,2025-07-15 07:05:00,690.9,690.9,690.27,690.56,232.378,160467.45185
BNBUSDT,1752531000000,2025-07-14 22:10:00,2025-07-15 07:10:00,690.57,690.64,690.03,690.39,286.079,197504.60387
BNBUSDT,1752531300000,2025-07-14 22:15:00,2025-07-15 07:15:00,690.4,690.52,689.9,690.37,389.94,269114.77521
BNBUSDT,1752531600000,2025-07-14 22:20:00,2025-07-15 07:20:00,690.38,691,690.15,690.84,195.439,134957.64461
BNBUSDT,1752531900000,2025-07-14 22:25:00,2025-07-15 07:25:00,690.83,690.85,690.4,690.8,146.471,101165.67726
BNBUSDT,1752532200000,2025-07-14 22:30:00,2025-07-15 07:30:00,690.8,691.56,690.6,690.97,1007.316,696109.42049
BNBUSDT,1752532500000,2025-07-14 22:35:00,2025-07-15 07:35:00,690.97,691.39,690.96,690.99,247.406,171001.1228
BNBUSDT,1752532800000,2025-07-14 22:40:00,2025-07-15 07:40:00,690.98,691.06,690.79,690.89,232.025,160295.04773
BNBUSDT,1752533100000,2025-07-14 22:45:00,2025-07-15 07:45:00,690.9,691.37,690.9,691.05,298.675,206444.70562
BNBUSDT,1752533400000,2025-07-14 22:50:00,2025-07-15 07:50:00,691.06,691.2,690.82,691.01,96.012,66346.50726
BNBUSDT,1752533700000,2025-07-14 22:55:00,2025-07-15 07:55:00,691.02,691.02,690.8,690.89,106.34,73475.52827
BNBUSDT,1752534000000,2025-07-14 23:00:00,2025-07-15 08:00:00,690.88,691.37,690.88,691.04,253.137,174939.87345
BNBUSDT,1752534300000,2025-07-14 23:05:00,2025-07-15 08:05:00,691.05,691.05,690.58,690.84,202.116,139628.91695
BNBUSDT,1752534600000,2025-07-14 23:10:00,2025-07-15 08:10:00,690.84,690.85,690.52,690.65,268.427,185408.85457
BNBUSDT,1752534900000,2025-07-14 23:15:00,2025-07-15 08:15:00,690.65,690.65,689.65,689.98,358.118,247108.68457
BNBUSDT,1752535200000,2025-07-14 23:20:00,2025-07-15 08:20:00,689.99,690.08,689.65,689.66,233.676,161215.99226
BNBUSDT,1752535500000,2025-07-14 23:25:00,2025-07-15 08:25:00,689.66,689.8,689.52,689.56,193.251,133277.96645
BNBUSDT,1752535800000,2025-07-14 23:30:00,2025-07-15 08:30:00,689.56,690.36,689.54,690.32,202.039,139379.67296
BNBUSDT,1752536100000,2025-07-14 23:35:00,2025-07-15 08:35:00,690.33,690.4,690,690.14,113.725,78493.1215
BNBUSDT,1752536400000,2025-07-14 23:40:00,2025-07-15 08:40:00,690.14,690.18,689.82,690.06,142.462,98294.06355
BNBUSDT,1752536700000,2025-07-14 23:45:00,2025-07-15 08:45:00,690.06,690.55,690.06,690.29,214.998,148427.62813
BNBUSDT,1752537000000,2025-07-14 23:50:00,2025-07-15 08:50:00,690.28,690.29,688.82,688.87,680.167,468749.29046
BNBUSDT,1752537300000,2025-07-14 23:55:00,2025-07-15 08:55:00,688.88,689.39,688.8,689.12,283.518,195333.78845
BNBUSDT,1752537600000,2025-07-15 00:00:00,2025-07-15 09:00:00,689.13,689.13,688.43,688.43,360.29,248170.36446
BNBUSDT,1752537900000,2025-07-15 00:05:00,2025-07-15 09:05:00,688.44,688.6,688,688.33,720.334,495804.17396
BNBUSDT,1752538200000,2025-07-15 00:10:00,2025-07-15 09:10:00,688.34,689.05,688.32,688.62,249.336,171713.29711
BNBUSDT,1752538500000,2025-07-15 00:15:00,2025-07-15 09:15:00,688.61,689.38,688.5,689.37,191.921,132241.41018
BNBUSDT,1752538800000,2025-07-15 00:20:00,2025-07-15 09:20:00,689.38,690.67,689.37,690.48,356.397,245918.85542
BNBUSDT,1752539100000,2025-07-15 00:25:00,2025-07-15 09:25:00,690.49,691.1,690.43,690.8,246.715,170444.72952
BNBUSDT,1752539400000,2025-07-15 00:30:00,2025-07-15 09:30:00,690.81,690.81,689.61,689.61,574.771,396778.3678
BNBUSDT,1752539700000,2025-07-15 00:35:00,2025-07-15 09:35:00,689.61,689.72,689.13,689.44,360.085,248237.88403
BNBUSDT,1752540000000,2025-07-15 00:40:00,2025-07-15 09:40:00,689.45,689.51,687.58,688.25,726.342,499958.42606
BNBUSDT,1752540300000,2025-07-15 00:45:00,2025-07-15 09:45:00,688.24,688.78,686.74,687.49,655.301,450431.51357
BNBUSDT,1752540600000,2025-07-15 00:50:00,2025-07-15 09:50:00,687.5,688.07,687.5,687.75,412.469,283681.63182
BNBUSDT,1752540900000,2025-07-15 00:55:00,2025-07-15 09:55:00,687.75,687.84,687.14,687.56,296.953,204157.27263
BNBUSDT,1752541200000,2025-07-15 01:00:00,2025-07-15 10:00:00,687.56,687.57,686.04,686.39,858.046,588965.92835
BNBUSDT,1752541500000,2025-07-15 01:05:00,2025-07-15 10:05:00,686.4,686.86,685.3,685.49,1058.232,726042.10769
BNBUSDT,1752541800000,2025-07-15 01:10:00,2025-07-15 10:10:00,685.48,685.67,685.14,685.49,529.145,362648.93229
BNBUSDT,1752542100000,2025-07-15 01:15:00,2025-07-15 10:15:00,685.49,686.96,685.49,685.61,367.821,252402.50474
BNBUSDT,1752542400000,2025-07-15 01:20:00,2025-07-15 10:20:00,685.61,685.78,683.71,683.76,2712.823,1858001.94423
BNBUSDT,1752542700000,2025-07-15 01:25:00,2025-07-15 10:25:00,683.76,685.65,683,685.64,1175.404,804160.29591
BNBUSDT,1752543000000,2025-07-15 01:30:00,2025-07-15 10:30:00,685.64,687.1,685.31,686.96,382.962,262753.12606
BNBUSDT,1752543300000,2025-07-15 01:35:00,2025-07-15 10:35:00,686.97,687.83,686.63,687.82,325.83,223889.02917
BNBUSDT,1752543600000,2025-07-15 01:40:00,2025-07-15 10:40:00,687.83,688.4,687.63,688.01,727.488,500504.41994
BNBUSDT,1752543900000,2025-07-15 01:45:00,2025-07-15 10:45:00,688.01,688.5,687.4,687.4,604.501,415989.92701
BNBUSDT,1752544200000,2025-07-15 01:50:00,2025-07-15 10:50:00,687.41,688.8,687.35,688.05,310.451,213667.00834
BNBUSDT,1752544500000,2025-07-15 01:55:00,2025-07-15 10:55:00,688.04,688.04,685.28,685.7,469.885,322640.32893
BNBUSDT,1752544800000,2025-07-15 02:00:00,2025-07-15 11:00:00,685.71,687.03,685.1,686.74,814.01,558324.77034
BNBUSDT,1752545100000,2025-07-15 02:05:00,2025-07-15 11:05:00,686.73,686.73,685.6,685.86,326.042,223708.10679
BNBUSDT,1752545400000,2025-07-15 02:10:00,2025-07-15 11:10:00,685.87,686.55,684.43,684.45,989.116,677708.74632
BNBUSDT,1752545700000,2025-07-15 02:15:00,2025-07-15 11:15:00,684.45,684.5,682.4,683.49,1082.475,739713.03199
BNBUSDT,1752546000000,2025-07-15 02:20:00,2025-07-15 11:20:00,683.49,683.76,682.51,682.95,810.162,553487.90131
BNBUSDT,1752546300000,2025-07-15 02:25:00,2025-07-15 11:25:00,682.94,682.94,681.14,681.3,1701.737,1160437.66654
BNBUSDT,1752546600000,2025-07-15 02:30:00,2025-07-15 11:30:00,681.31,681.68,681,681.01,1042.185,710058.25255
BNBUSDT,1752546900000,2025-07-15 02:35:00,2025-07-15 11:35:00,681.01,682.65,680.87,682.09,774.335,527797.89381
BNBUSDT,1752547200000,2025-07-15 02:40:00,2025-07-15 11:40:00,682.1,684.31,682,684.01,1332.482,911002.90672
BNBUSDT,1752547500000,2025-07-15 02:45:00,2025-07-15 11:45:00,684.01,684.78,683.62,683.91,699.693,478709.88879
BNBUSDT,1752547800000,2025-07-15 02:50:00,2025-07-15 11:50:00,683.92,684.29,683.61,683.86,900.473,615871.72295
BNBUSDT,1752548100000,2025-07-15 02:55:00,2025-07-15 11:55:00,683.86,683.86,682.92,683.23,422.3,288602.55865
BNBUSDT,1752548400000,2025-07-15 03:00:00,2025-07-15 12:00:00,683.23,683.28,677,678.84,4075.25,2770066.80691
BNBUSDT,1752548700000,2025-07-15 03:05:00,2025-07-15 12:05:00,678.84,679.95,677.87,678.26,1542.475,1047548.14744
BNBUSDT,1752549000000,2025-07-15 03:10:00,2025-07-15 12:10:00,678.23,678.37,676.36,678.23,2209.73,1496433.53619
BNBUSDT,1752549300000,2025-07-15 03:15:00,2025-07-15 12:15:00,678.24,678.24,675.39,676.39,2110.511,1427806.86005
BNBUSDT,1752549600000,2025-07-15 03:20:00,2025-07-15 12:20:00,676.38,677.74,675.71,677.66,894.252,605242.77166
BNBUSDT,1752549900000,2025-07-15 03:25:00,2025-07-15 12:25:00,677.66,678.1,677.66,677.93,614.696,416726.90574
BNBUSDT,1752550200000,2025-07-15 03:30:00,2025-07-15 12:30:00,677.92,677.92,675.57,676.19,1863.555,1260387.83854
BNBUSDT,1752550500000,2025-07-15 03:35:00,2025-07-15 12:35:00,676.2,676.88,675.3,676.49,1516.546,1025001.77924
BNBUSDT,1752550800000,2025-07-15 03:40:00,2025-07-15 12:40:00,676.49,679.42,676.3,678.27,4000.91,2711279.90735
BNBUSDT,1752551100000,2025-07-15 03:45:00,2025-07-15 12:45:00,678.28,681,678.28,679.57,5128.416,3484469.51251
BNBUSDT,1752551400000,2025-07-15 03:50:00,2025-07-15 12:50:00,679.58,679.8,678.62,678.62,811.225,551082.70708
BNBUSDT,1752551700000,2025-07-15 03:55:00,2025-07-15 12:55:00,678.62,679.79,678.6,679.77,615.118,417875.3446
BNBUSDT,1752552000000,2025-07-15 04:00:00,2025-07-15 13:00:00,679.78,679.78,678.44,678.44,518.991,352505.26413
BNBUSDT,1752552300000,2025-07-15 04:05:00,2025-07-15 13:05:00,678.43,678.56,676.77,677.34,1450.807,982886.1347
BNBUSDT,1752552600000,2025-07-15 04:10:00,2025-07-15 13:10:00,677.35,679.6,676.9,679.52,953.183,646516.63898
BNBUSDT,1752552900000,2025-07-15 04:15:00,2025-07-15 13:15:00,679.51,681.07,679.51,680.56,1248.71,849454.61352
BNBUSDT,1752553200000,2025-07-15 04:20:00,2025-07-15 13:20:00,680.56,681.6,680.56,681.5,630.715,429672.07039
BNBUSDT,1752553500000,2025-07-15 04:25:00,2025-07-15 13:25:00,681.5,681.88,681.34,681.65,672.987,458668.65585
BNBUSDT,1752553800000,2025-07-15 04:30:00,2025-07-15 13:30:00,681.65,681.65,680.26,680.62,1130.799,770344.30587
BNBUSDT,1752554100000,2025-07-15 04:35:00,2025-07-15 13:35:00,680.63,681.29,680.34,681.29,314.843,214302.21333
BNBUSDT,1752554400000,2025-07-15 04:40:00,2025-07-15 13:40:00,681.29,682.14,681.28,681.88,532.402,363046.93216
BNBUSDT,1752554700000,2025-07-15 04:45:00,2025-07-15 13:45:00,681.87,682.38,681.1,682.02,814.672,555451.37568
BNBUSDT,1752555000000,2025-07-15 04:50:00,2025-07-15 13:50:00,682.02,683,681.6,682.83,969.964,662022.58074
BNBUSDT,1752555300000,2025-07-15 04:55:00,2025-07-15 13:55:00,682.83,682.9,682.56,682.56,392.831,268196.20258
BNBUSDT,1752555600000,2025-07-15 05:00:00,2025-07-15 14:00:00,682.56,683.05,682.56,683,452.923,309273.69975
BNBUSDT,1752555900000,2025-07-15 05:05:00,2025-07-15 14:05:00,683,683.56,682.9,683.49,418.213,285751.05121
BNBUSDT,1752556200000,2025-07-15 05:10:00,2025-07-15 14:10:00,683.5,683.67,683.02,683.16,323.737,221227.0991
BNBUSDT,1752556500000,2025-07-15 05:15:00,2025-07-15 14:15:00,683.16,683.16,682.2,682.49,437.155,298364.75672
BNBUSDT,1752556800000,2025-07-15 05:20:00,2025-07-15 14:20:00,682.49,682.77,682.11,682.65,367.066,250497.13692
BNBUSDT,1752557100000,2025-07-15 05:25:00,2025-07-15 14:25:00,682.64,682.93,682.33,682.79,216.992,148118.8385
BNBUSDT,1752557400000,2025-07-15 05:30:00,2025-07-15 14:30:00,682.79,682.84,682,682,408.127,278521.91
BNBUSDT,1752557700000,2025-07-15 05:35:00,2025-07-15 14:35:00,682,682,681.04,681.39,273.241,186206.43278
BNBUSDT,1752558000000,2025-07-15 05:40:00,2025-07-15 14:40:00,681.39,682.16,681.28,681.33,550.729,375498.52601
BNBUSDT,1752558300000,2025-07-15 05:45:00,2025-07-15 14:45:00,681.33,681.58,680.77,681.05,344.635,234757.2957
BNBUSDT,1752558600000,2025-07-15 05:50:00,2025-07-15 14:50:00,681.06,681.62,680.8,681.54,184.364,125576.68856
BNBUSDT,1752558900000,2025-07-15 05:55:00,2025-07-15 14:55:00,681.54,681.85,681.28,681.6,203.822,138909.87364
BNBUSDT,1752559200000,2025-07-15 06:00:00,2025-07-15 15:00:00,681.59,681.66,680.52,681.18,669.274,455875.712
BNBUSDT,1752559500000,2025-07-15 06:05:00,2025-07-15 15:05:00,681.17,682.49,681.1,682,541.32,369158.58806
BNBUSDT,1752559800000,2025-07-15 06:10:00,2025-07-15 15:10:00,682,682.4,681.62,682.11,320.736,218787.82851
BNBUSDT,1752560100000,2025-07-15 06:15:00,2025-07-15 15:15:00,682.11,682.2,681.56,681.6,228.6,155868.81804
BNBUSDT,1752560400000,2025-07-15 06:20:00,2025-07-15 15:20:00,681.6,681.99,681.42,681.44,190.451,129833.07807
BNBUSDT,1752560700000,2025-07-15 06:25:00,2025-07-15 15:25:00,681.43,681.79,681.08,681.19,237.132,161557.04723
BNBUSDT,1752561000000,2025-07-15 06:30:00,2025-07-15 15:30:00,681.19,681.5,680.9,681.19,349.458,238025.02702
BNBUSDT,1752561300000,2025-07-15 06:35:00,2025-07-15 15:35:00,681.18,681.39,680.65,680.97,218.808,149029.99312
BNBUSDT,1752561600000,2025-07-15 06:40:00,2025-07-15 15:40:00,680.98,681.85,680.97,681.76,569.63,388195.48639
BNBUSDT,1752561900000,2025-07-15 06:45:00,2025-07-15 15:45:00,681.76,681.87,681,681.5,547.732,373332.14734
BNBUSDT,1752562200000,2025-07-15 06:50:00,2025-07-15 15:50:00,681.51,681.64,681.09,681.2,577.946,393788.90447
BNBUSDT,1752562500000,2025-07-15 06:55:00,2025-07-15 15:55:00,681.21,682.32,681.2,682.19,670.639,457369.15029
BNBUSDT,1752562800000,2025-07-15 07:00:00,2025-07-15 16:00:00,682.19,682.99,682.19,682.3,1052.96,718676.03042
BNBUSDT,1752563100000,2025-07-15 07:05:00,2025-07-15 16:05:00,682.3,682.4,681.61,682.05,552.213,376538.66177
BNBUSDT,1752563400000,2025-07-15 07:10:00,2025-07-15 16:10:00,682.05,682.15,681.32,681.48,422.06,287800.48194
BNBUSDT,1752563700000,2025-07-15 07:15:00,2025-07-15 16:15:00,681.48,681.54,680.65,680.88,417.043,284048.87205
BNBUSDT,1752564000000,2025-07-15 07:20:00,2025-07-15 16:20:00,680.89,681.34,680.89,681.21,755.775,514734.3014
BNBUSDT,1752564300000,2025-07-15 07:25:00,2025-07-15 16:25:00,681.22,681.39,680.83,680.84,326.379,222301.51543
BNBUSDT,1752564600000,2025-07-15 07:30:00,2025-07-15 16:30:00,680.84,680.84,680.02,680.14,785.699,534516.63594
BNBUSDT,1752564900000,2025-07-15 07:35:00,2025-07-15 16:35:00,680.14,680.25,679.58,679.58,400.957,272661.10732
BNBUSDT,1752565200000,2025-07-15 07:40:00,2025-07-15 16:40:00,679.58,680.44,679.5,679.76,968.044,658251.89609
BNBUSDT,1752565500000,2025-07-15 07:45:00,2025-07-15 16:45:00,679.75,679.9,679.41,679.55,578.075,392867.31216
BNBUSDT,1752565800000,2025-07-15 07:50:00,2025-07-15 16:50:00,679.55,680.88,679.51,680.78,829.748,564333.42147
BNBUSDT,1752566100000,2025-07-15 07:55:00,2025-07-15 16:55:00,680.79,680.85,679.14,679.2,716.94,487587.65731
BNBUSDT,1752566400000,2025-07-15 08:00:00,2025-07-15 17:00:00,679.2,679.71,678.53,678.62,649.667,441150.12263
BNBUSDT,1752566700000,2025-07-15 08:05:00,2025-07-15 17:05:00,678.62,679.45,678.5,679.31,369.529,250865.33159
BNBUSDT,1752567000000,2025-07-15 08:10:00,2025-07-15 17:10:00,679.31,679.63,679.14,679.24,321.342,218332.34548
BNBUSDT,1752567300000,2025-07-15 08:15:00,2025-07-15 17:15:00,679.25,679.25,678.23,678.24,501.52,340367.65372
BNBUSDT,1752567600000,2025-07-15 08:20:00,2025-07-15 17:20:00,678.24,679.68,677.66,679.67,527.322,357828.19034
BNBUSDT,1752567900000,2025-07-15 08:25:00,2025-07-15 17:25:00,679.66,680.3,678.79,680.29,847.928,576331.06196
BNBUSDT,1752568200000,2025-07-15 08:30:00,2025-07-15 17:30:00,680.3,681.05,680.29,680.56,1194.024,812792.75948
BNBUSDT,1752568500000,2025-07-15 08:35:00,2025-07-15 17:35:00,680.57,680.75,680.42,680.57,200.201,136250.21381
BNBUSDT,1752568800000,2025-07-15 08:40:00,2025-07-15 17:40:00,680.57,680.72,680.39,680.46,454.566,309345.49473
BNBUSDT,1752569100000,2025-07-15 08:45:00,2025-07-15 17:45:00,680.46,680.66,680.23,680.23,384.603,261700.93534
BNBUSDT,1752569400000,2025-07-15 08:50:00,2025-07-15 17:50:00,680.23,680.23,679.39,679.4,260.817,177277.59084
BNBUSDT,1752569700000,2025-07-15 08:55:00,2025-07-15 17:55:00,679.39,679.52,679.2,679.28,358.661,243658.46304
BNBUSDT,1752570000000,2025-07-15 09:00:00,2025-07-15 18:00:00,679.29,679.76,679.12,679.5,368.543,250387.34615
BNBUSDT,1752570300000,2025-07-15 09:05:00,2025-07-15 18:05:00,679.5,680.1,679.5,680.1,294.787,200400.74078
BNBUSDT,1752570600000,2025-07-15 09:10:00,2025-07-15 18:10:00,680.1,680.2,679.84,680.19,355.263,241577.91033
BNBUSDT,1752570900000,2025-07-15 09:15:00,2025-07-15 18:15:00,680.19,680.33,679.27,679.31,494.324,336074.66457
BNBUSDT,1752571200000,2025-07-15 09:20:00,2025-07-15 18:20:00,679.31,679.7,679.28,679.56,302.517,205565.77595
BNBUSDT,1752571500000,2025-07-15 09:25:00,2025-07-15 18:25:00,679.55,679.76,679.08,679.09,522.174,354797.93238
BNBUSDT,1752571800000,2025-07-15 09:30:00,2025-07-15 18:30:00,679.09,679.1,678.6,678.99,733.684,498103.7982
BNBUSDT,1752572100000,2025-07-15 09:35:00,2025-07-15 18:35:00,679,679,678.51,678.6,596.844,405092.05119
BNBUSDT,1752572400000,2025-07-15 09:40:00,2025-07-15 18:40:00,678.61,678.77,678.06,678.07,365.712,248096.75291
BNBUSDT,1752572700000,2025-07-15 09:45:00,2025-07-15 18:45:00,678.07,678.15,677.6,677.99,301.982,204722.93926
BNBUSDT,1752573000000,2025-07-15 09:50:00,2025-07-15 18:50:00,677.98,678,677.33,677.34,488.453,330994.52555
BNBUSDT,1752573300000,2025-07-15 09:55:00,2025-07-15 18:55:00,677.34,677.34,676.48,676.6,751.175,508389.15377
BNBUSDT,1752573600000,2025-07-15 10:00:00,2025-07-15 19:00:00,676.6,677,676.37,676.99,380.123,257223.9908
BNBUSDT,1752573900000,2025-07-15 10:05:00,2025-07-15 19:05:00,676.99,677.5,676.81,677.5,282.942,191591.63074
BNBUSDT,1752574200000,2025-07-15 10:10:00,2025-07-15 19:10:00,677.49,677.5,676.51,676.52,425.799,288262.72638
BNBUSDT,1752574500000,2025-07-15 10:15:00,2025-07-15 19:15:00,676.51,677.83,676.51,677.59,868.806,588479.93001
BNBUSDT,1752574800000,2025-07-15 10:20:00,2025-07-15 19:20:00,677.59,678.49,677.52,678.49,370.471,251116.03238
BNBUSDT,1752575100000,2025-07-15 10:25:00,2025-07-15 19:25:00,678.49,678.71,678.31,678.54,242.829,164776.26692
BNBUSDT,1752575400000,2025-07-15 10:30:00,2025-07-15 19:30:00,678.54,678.73,678.14,678.68,431.673,292873.22086
BNBUSDT,1752575700000,2025-07-15 10:35:00,2025-07-15 19:35:00,678.68,678.99,678.55,678.63,288.162,195595.72372
BNBUSDT,1752576000000,2025-07-15 10:40:00,2025-07-15 19:40:00,678.63,679.78,678.6,679.59,675.365,458740.42401
BNBUSDT,1752576300000,2025-07-15 10:45:00,2025-07-15 19:45:00,679.59,679.67,679.16,679.52,400.184,271892.37662
BNBUSDT,1752576600000,2025-07-15 10:50:00,2025-07-15 19:50:00,679.53,679.84,679.52,679.84,124.848,84858.91004
BNBUSDT,1752576900000,2025-07-15 10:55:00,2025-07-15 19:55:00,679.83,679.84,679.26,679.28,576.7,391868.59757
BNBUSDT,1752577200000,2025-07-15 11:00:00,2025-07-15 20:00:00,679.28,680.25,679.27,679.72,923.129,627544.16179
BNBUSDT,1752577500000,2025-07-15 11:05:00,2025-07-15 20:05:00,679.72,679.91,679.45,679.55,441.468,300039.49796
BNBUSDT,1752577800000,2025-07-15 11:10:00,2025-07-15 20:10:00,679.54,679.55,678.87,678.88,178.282,121079.09316
BNBUSDT,1752578100000,2025-07-15 11:15:00,2025-07-15 20:15:00,678.88,678.88,677.5,677.51,463.197,314043.18435
BNBUSDT,1752578400000,2025-07-15 11:20:00,2025-07-15 20:20:00,677.5,678,677.2,677.72,506.578,343166.27132
BNBUSDT,1752578700000,2025-07-15 11:25:00,2025-07-15 20:25:00,677.73,677.74,677.3,677.31,317.883,215353.5916
BNBUSDT,1752579000000,2025-07-15 11:30:00,2025-07-15 20:30:00,677.31,678.2,677.27,677.85,389.244,263747.30834
BNBUSDT,1752579300000,2025-07-15 11:35:00,2025-07-15 20:35:00,677.86,678.43,677.62,678.11,203.32,137852.75903
BNBUSDT,1752579600000,2025-07-15 11:40:00,2025-07-15 20:40:00,678.11,678.6,677.81,678.53,133.027,90216.485
BNBUSDT,1752579900000,2025-07-15 11:45:00,2025-07-15 20:45:00,678.53,678.85,678.23,678.79,298.86,202807.55745
BNBUSDT,1752580200000,2025-07-15 11:50:00,2025-07-15 20:50:00,678.8,679.7,678.79,679.65,363.581,247028.72903
BNBUSDT,1752580500000,2025-07-15 11:55:00,2025-07-15 20:55:00,679.66,680.8,679.66,680.49,353.651,240637.11815
BNBUSDT,1752580800000,2025-07-15 12:00:00,2025-07-15 21:00:00,680.49,680.99,680.43,680.89,380.226,258822.91721
BNBUSDT,1752581100000,2025-07-15 12:05:00,2025-07-15 21:05:00,680.89,681.48,680.8,681.26,1323.691,901776.31091
BNBUSDT,1752581400000,2025-07-15 12:10:00,2025-07-15 21:10:00,681.26,681.27,680.04,680.26,1012.006,688954.69031
BNBUSDT,1752581700000,2025-07-15 12:15:00,2025-07-15 21:15:00,680.27,680.8,680.06,680.3,267.682,182129.94991
BNBUSDT,1752582000000,2025-07-15 12:20:00,2025-07-15 21:20:00,680.29,680.58,680.13,680.58,284.211,193360.82186
BNBUSDT,1752582300000,2025-07-15 12:25:00,2025-07-15 21:25:00,680.57,680.8,680.25,680.8,421.469,286807.59834
BNBUSDT,1752582600000,2025-07-15 12:30:00,2025-07-15 21:30:00,680.8,683.2,680.79,682.78,1585.961,1082016.26812
BNBUSDT,1752582900000,2025-07-15 12:35:00,2025-07-15 21:35:00,682.78,682.87,680.82,681.01,1066.888,727695.54354
BNBUSDT,1752583200000,2025-07-15 12:40:00,2025-07-15 21:40:00,681.01,681.02,677.7,678.32,1135.209,771154.86871
BNBUSDT,1752583500000,2025-07-15 12:45:00,2025-07-15 21:45:00,678.31,681.07,678.31,681.06,555.189,377399.61943
BNBUSDT,1752583800000,2025-07-15 12:50:00,2025-07-15 21:50:00,681.07,681.73,681.04,681.45,721.926,491904.70136
BNBUSDT,1752584100000,2025-07-15 12:55:00,2025-07-15 21:55:00,681.45,681.6,681.25,681.51,1340.527,913458.3604
BNBUSDT,1752584400000,2025-07-15 13:00:00,2025-07-15 22:00:00,681.5,682.72,681.34,682.71,417.669,284789.5618
BNBUSDT,1752584700000,2025-07-15 13:05:00,2025-07-15 22:05:00,682.72,684.12,682.6,683.89,2484.607,1698234.2524
BNBUSDT,1752585000000,2025-07-15 13:10:00,2025-07-15 22:10:00,683.89,684.84,683.6,684.5,1170.813,801326.87876
BNBUSDT,1752585300000,2025-07-15 13:15:00,2025-07-15 22:15:00,684.5,684.7,683.52,683.64,337.205,230701.06388
BNBUSDT,1752585600000,2025-07-15 13:20:00,2025-07-15 22:20:00,683.64,683.88,682.92,683.02,331.887,226820.60434
BNBUSDT,1752585900000,2025-07-15 13:25:00,2025-07-15 22:25:00,683.02,684,683.01,683.7,498.188,340603.03714
BNBUSDT,1752586200000,2025-07-15 13:30:00,2025-07-15 22:30:00,683.71,684.37,682.94,684,716.928,490064.94012
BNBUSDT,1752586500000,2025-07-15 13:35:00,2025-07-15 22:35:00,684,684.19,682.43,682.55,1211.35,828080.30205
BNBUSDT,1752586800000,2025-07-15 13:40:00,2025-07-15 22:40:00,682.55,685.12,682.45,684.82,806.524,551687.9477
BNBUSDT,1752587100000,2025-07-15 13:45:00,2025-07-15 22:45:00,684.83,685.89,684.7,685.48,1022.672,700906.73822
BNBUSDT,1752587400000,2025-07-15 13:50:00,2025-07-15 22:50:00,685.48,686.15,684.7,685.61,791.599,542702.23471
BNBUSDT,1752587700000,2025-07-15 13:55:00,2025-07-15 22:55:00,685.61,686.64,685.5,685.51,389.645,267362.16083
BNBUSDT,1752588000000,2025-07-15 14:00:00,2025-07-15 23:00:00,685.52,686.39,685.25,685.28,1116.36,765669.07509
BNBUSDT,1752588300000,2025-07-15 14:05:00,2025-07-15 23:05:00,685.29,687.75,685.17,687.51,1174.81,806673.8616
BNBUSDT,1752588600000,2025-07-15 14:10:00,2025-07-15 23:10:00,687.51,687.51,686.82,687.3,628.259,431771.71284
BNBUSDT,1752588900000,2025-07-15 14:15:00,2025-07-15 23:15:00,687.31,687.31,685.2,685.7,1051.984,721795.64521
BNBUSDT,1752589200000,2025-07-15 14:20:00,2025-07-15 23:20:00,685.7,685.88,684.6,684.81,726.133,497588.93267
BNBUSDT,1752589500000,2025-07-15 14:25:00,2025-07-15 23:25:00,684.8,684.93,684.3,684.31,782.808,535931.45358
BNBUSDT,1752589800000,2025-07-15 14:30:00,2025-07-15 23:30:00,684.32,684.55,682.84,683.41,961.52,657369.29817
BNBUSDT,1752590100000,2025-07-15 14:35:00,2025-07-15 23:35:00,683.41,683.58,681.51,681.65,1690.376,1153135.40974
BNBUSDT,1752590400000,2025-07-15 14:40:00,2025-07-15 23:40:00,681.66,682.23,679.43,680.72,1343.269,914626.1059
BNBUSDT,1752590700000,2025-07-15 14:45:00,2025-07-15 23:45:00,680.72,681.33,679.87,681.16,680.56,463232.12202
BNBUSDT,1752591000000,2025-07-15 14:50:00,2025-07-15 23:50:00,681.16,681.28,678.2,678.49,2052.557,1394223.44979
BNBUSDT,1752591300000,2025-07-15 14:55:00,2025-07-15 23:55:00,678.48,679,676.81,678.49,1882.982,1276698.52127
BNBUSDT,1752591600000,2025-07-15 15:00:00,2025-07-16 00:00:00,678.49,679.17,677.45,678.86,1139.567,773096.90122
BNBUSDT,1752591900000,2025-07-15 15:05:00,2025-07-16 00:05:00,678.86,681.21,678.63,680.51,869.769,591529.66573
BNBUSDT,1752592200000,2025-07-15 15:10:00,2025-07-16 00:10:00,680.51,681,679.95,680.01,583.834,397292.71982
BNBUSDT,1752592500000,2025-07-15 15:15:00,2025-07-16 00:15:00,680.01,681.31,679.81,681,1048.327,713887.20209
BNBUSDT,1752592800000,2025-07-15 15:20:00,2025-07-16 00:20:00,681,681.01,678.93,679.25,817.693,556006.36002
BNBUSDT,1752593100000,2025-07-15 15:25:00,2025-07-16 00:25:00,679.25,680.2,679.05,679.98,537.784,365428.08241
BNBUSDT,1752593400000,2025-07-15 15:30:00,2025-07-16 00:30:00,679.99,681.47,679.51,680.64,862.212,586798.9653
BNBUSDT,1752593700000,2025-07-15 15:35:00,2025-07-16 00:35:00,680.64,681.7,680.63,681.7,396.902,270359.99421
BNBUSDT,1752594000000,2025-07-15 15:40:00,2025-07-16 00:40:00,681.71,682.78,681.37,682.03,670.17,457107.92818
BNBUSDT,1752594300000,2025-07-15 15:45:00,2025-07-16 00:45:00,682.03,683.6,682.03,683.28,821.392,561121.19274
BNBUSDT,1752594600000,2025-07-15 15:50:00,2025-07-16 00:50:00,683.29,684,683.08,684,675.104,461511.25194
BNBUSDT,1752594900000,2025-07-15 15:55:00,2025-07-16 00:55:00,683.99,684.2,683.08,683.1,530.363,362618.65495
BNBUSDT,1752595200000,2025-07-15 16:00:00,2025-07-16 01:00:00,683.1,683.97,682.74,683.97,1807.758,1235703.84456
BNBUSDT,1752595500000,2025-07-15 16:05:00,2025-07-16 01:05:00,683.96,684.41,683.58,684.17,676.419,462738.83472
BNBUSDT,1752595800000,2025-07-15 16:10:00,2025-07-16 01:10:00,684.18,684.84,683.6,683.61,682.425,466950.14777
BNBUSDT,1752596100000,2025-07-15 16:15:00,2025-07-16 01:15:00,683.6,684.05,682.81,683.1,477.153,326087.23596
BNBUSDT,1752596400000,2025-07-15 16:20:00,2025-07-16 01:20:00,683.1,684.32,683.09,683.85,384.801,263154.73797
BNBUSDT,1752596700000,2025-07-15 16:25:00,2025-07-16 01:25:00,683.86,684,683.04,683.2,296.507,202661.18475
BNBUSDT,1752597000000,2025-07-15 16:30:00,2025-07-16 01:30:00,683.2,684.7,683.19,683.95,302.211,206812.39876
BNBUSDT,1752597300000,2025-07-15 16:35:00,2025-07-16 01:35:00,683.96,684.7,683.8,684.6,258.448,176860.67887
BNBUSDT,1752597600000,2025-07-15 16:40:00,2025-07-16 01:40:00,684.59,685.8,684.59,685.8,585.807,401400.43036
BNBUSDT,1752597900000,2025-07-15 16:45:00,2025-07-16 01:45:00,685.81,685.97,685.21,685.21,267.492,183432.15336
BNBUSDT,1752598200000,2025-07-15 16:50:00,2025-07-16 01:50:00,685.2,685.85,684.91,685.26,434.143,297575.71019
BNBUSDT,1752598500000,2025-07-15 16:55:00,2025-07-16 01:55:00,685.27,685.5,684.31,684.7,539.958,369754.11035
BNBUSDT,1752598800000,2025-07-15 17:00:00,2025-07-16 02:00:00,684.7,685.27,684.65,684.74,237.404,162613.02596
BNBUSDT,1752599100000,2025-07-15 17:05:00,2025-07-16 02:05:00,684.74,684.9,683.44,684,502.377,343753.93957
BNBUSDT,1752599400000,2025-07-15 17:10:00,2025-07-16 02:10:00,684,685.2,683.99,685.15,359.88,246387.30162
BNBUSDT,1752599700000,2025-07-15 17:15:00,2025-07-16 02:15:00,685.15,685.85,684.6,685.52,285.139,195345.66256
BNBUSDT,1752600000000,2025-07-15 17:20:00,2025-07-16 02:20:00,685.52,685.99,685.34,685.9,306.991,210506.27662
BNBUSDT,1752600300000,2025-07-15 17:25:00,2025-07-16 02:25:00,685.9,686.76,685.73,686.57,361.608,248152.25968
BNBUSDT,1752600600000,2025-07-15 17:30:00,2025-07-16 02:30:00,686.58,686.6,685.82,685.9,455.111,312229.5389
BNBUSDT,1752600900000,2025-07-15 17:35:00,2025-07-16 02:35:00,685.89,687.06,685.89,686.91,645.319,443086.25748
BNBUSDT,1752601200000,2025-07-15 17:40:00,2025-07-16 02:40:00,686.9,687.27,686.74,687.08,446.616,306817.66613
BNBUSDT,1752601500000,2025-07-15 17:45:00,2025-07-16 02:45:00,687.07,687.37,686.9,687.2,496.324,341023.8386
BNBUSDT,1752601800000,2025-07-15 17:50:00,2025-07-16 02:50:00,687.2,687.78,687.14,687.75,274.849,188954.27959
BNBUSDT,1752602100000,2025-07-15 17:55:00,2025-07-16 02:55:00,687.76,688.25,687.61,688.06,918.27,631711.85794
BNBUSDT,1752602400000,2025-07-15 18:00:00,2025-07-16 03:00:00,688.07,688.29,687.15,687.7,1289.916,887092.82044
BNBUSDT,1752602700000,2025-07-15 18:05:00,2025-07-16 03:05:00,687.7,687.8,687.2,687.32,479.286,329485.21717
BNBUSDT,1752603000000,2025-07-15 18:10:00,2025-07-16 03:10:00,687.33,687.7,687.28,687.55,191.335,131538.78731
BNBUSDT,1752603300000,2025-07-15 18:15:00,2025-07-16 03:15:00,687.55,687.87,687.44,687.59,283.824,195165.30494
BNBUSDT,1752603600000,2025-07-15 18:20:00,2025-07-16 03:20:00,687.59,688.55,687.58,688.11,893.953,615120.77134
BNBUSDT,1752603900000,2025-07-15 18:25:00,2025-07-16 03:25:00,688.12,688.24,686.7,687.03,688.67,473538.34574
BNBUSDT,1752604200000,2025-07-15 18:30:00,2025-07-16 03:30:00,687.03,687.14,684.58,685.21,839.066,575193.77608
BNBUSDT,1752604500000,2025-07-15 18:35:00,2025-07-16 03:35:00,685.21,685.34,683.24,684.39,813.661,556730.10608
BNBUSDT,1752604800000,2025-07-15 18:40:00,2025-07-16 03:40:00,684.39,685.34,683.57,684.6,462.869,316842.88452
BNBUSDT,1752605100000,2025-07-15 18:45:00,2025-07-16 03:45:00,684.6,686,684.43,685.69,351.303,240788.16878
BNBUSDT,1752605400000,2025-07-15 18:50:00,2025-07-16 03:50:00,685.7,686.37,685.7,686.12,286.223,196369.93205
BNBUSDT,1752605700000,2025-07-15 18:55:00,2025-07-16 03:55:00,686.12,686.16,685.46,685.46,290.222,199080.50266
BNBUSDT,1752606000000,2025-07-15 19:00:00,2025-07-16 04:00:00,685.45,686.8,685.07,686.29,370.925,254442.0248
BNBUSDT,1752606300000,2025-07-15 19:05:00,2025-07-16 04:05:00,686.29,686.89,686.01,686.64,219.852,150943.64859
BNBUSDT,1752606600000,2025-07-15 19:10:00,2025-07-16 04:10:00,686.65,687.14,686.42,686.99,427.429,293540.11629
BNBUSDT,1752606900000,2025-07-15 19:15:00,2025-07-16 04:15:00,687,687.89,686.71,687.85,942.212,647238.38638
BNBUSDT,1752607200000,2025-07-15 19:20:00,2025-07-16 04:20:00,687.85,687.95,687.45,687.7,397.222,273179.66839
BNBUSDT,1752607500000,2025-07-15 19:25:00,2025-07-16 04:25:00,687.7,687.8,687.11,687.3,220.937,151870.96181
BNBUSDT,1752607800000,2025-07-15 19:30:00,2025-07-16 04:30:00,687.31,687.41,686.31,686.31,275.992,189539.98558
BNBUSDT,1752608100000,2025-07-15 19:35:00,2025-07-16 04:35:00,686.32,686.58,685.28,685.99,317.993,218172.64687
BNBUSDT,1752608400000,2025-07-15 19:40:00,2025-07-16 04:40:00,685.98,686.39,684.7,684.73,339.083,232458.31315
BNBUSDT,1752608700000,2025-07-15 19:45:00,2025-07-16 04:45:00,684.72,684.82,683.34,684.14,431.844,295359.90701
BNBUSDT,1752609000000,2025-07-15 19:50:00,2025-07-16 04:50:00,684.15,684.79,683.9,684.42,386.221,264299.68547
BNBUSDT,1752609300000,2025-07-15 19:55:00,2025-07-16 04:55:00,684.43,685.09,684.43,684.59,169.989,116411.00822
BNBUSDT,1752609600000,2025-07-15 20:00:00,2025-07-16 05:00:00,684.6,685.09,683.8,683.9,432.187,295848.01097
BNBUSDT,1752609900000,2025-07-15 20:05:00,2025-07-16 05:05:00,683.9,684.55,683.5,684.27,405.236,277252.8854
BNBUSDT,1752610200000,2025-07-15 20:10:00,2025-07-16 05:10:00,684.27,686.13,684.27,685.97,375.767,257552.66305
BNBUSDT,1752610500000,2025-07-15 20:15:00,2025-07-16 05:15:00,685.97,686.32,684.59,685.17,607.473,416272.72675
BNBUSDT,1752610800000,2025-07-15 20:20:00,2025-07-16 05:20:00,685.16,685.48,684.65,685.46,218.23,149516.19119
BNBUSDT,1752611100000,2025-07-15 20:25:00,2025-07-16 05:25:00,685.47,685.88,685.44,685.73,159.257,109186.01125
BNBUSDT,1752611400000,2025-07-15 20:30:00,2025-07-16 05:30:00,685.72,685.9,684.35,685.61,248.797,170455.87773
BNBUSDT,1752611700000,2025-07-15 20:35:00,2025-07-16 05:35:00,685.62,685.62,684.72,684.72,181.152,124130.04954
BNBUSDT,1752612000000,2025-07-15 20:40:00,2025-07-16 05:40:00,684.7,685.86,684.6,685.69,341.22,233910.72924
BNBUSDT,1752612300000,2025-07-15 20:45:00,2025-07-16 05:45:00,685.69,685.92,685.47,685.67,165.937,113797.41529
BNBUSDT,1752612600000,2025-07-15 20:50:00,2025-07-16 05:50:00,685.67,685.67,685.26,685.38,110.747,75915.18472
BNBUSDT,1752612900000,2025-07-15 20:55:00,2025-07-16 05:55:00,685.38,685.5,684.82,684.82,83.987,57557.24337
BNBUSDT,1752613200000,2025-07-15 21:00:00,2025-07-16 06:00:00,684.83,685.81,684.68,685.81,184.384,126310.0088
BNBUSDT,1752613500000,2025-07-15 21:05:00,2025-07-16 06:05:00,685.81,686,685.73,685.99,110.493,75787.38058
BNBUSDT,1752613800000,2025-07-15 21:10:00,2025-07-16 06:10:00,686,687.2,685.99,687.15,314.562,215979.814
BNBUSDT,1752614100000,2025-07-15 21:15:00,2025-07-16 06:15:00,687.15,687.2,686.69,687.15,139.253,95671.20133
BNBUSDT,1752614400000,2025-07-15 21:20:00,2025-07-16 06:20:00,687.15,687.4,686.91,687.4,102.341,70329.4982
BNBUSDT,1752614700000,2025-07-15 21:25:00,2025-07-16 06:25:00,687.4,687.49,687.22,687.4,200.863,138079.39355
BNBUSDT,1752615000000,2025-07-15 21:30:00,2025-07-16 06:30:00,687.4,687.69,687.09,687.33,687.353,472490.46487
BNBUSDT,1752615300000,2025-07-15 21:35:00,2025-07-16 06:35:00,687.33,688.14,687.32,688.13,267.693,184127.69052
BNBUSDT,1752615600000,2025-07-15 21:40:00,2025-07-16 06:40:00,688.12,689,687.84,688.93,675.548,465225.14482
BNBUSDT,1752615900000,2025-07-15 21:45:00,2025-07-16 06:45:00,688.93,689.23,688.34,688.48,303.36,208968.25301
BNBUSDT,1752616200000,2025-07-15 21:50:00,2025-07-16 06:50:00,688.49,688.91,688.48,688.84,113.704,78311.14869
BNBUSDT,1752616500000,2025-07-15 21:55:00,2025-07-16 06:55:00,688.85,689.25,688.82,689.23,171.737,118336.6969
BNBUSDT,1752616800000,2025-07-15 22:00:00,2025-07-16 07:00:00,689.23,689.24,687.68,687.9,486.294,334768.54419
BNBUSDT,1752617100000,2025-07-15 22:05:00,2025-07-16 07:05:00,687.91,688.89,687.9,688.86,280.234,192949.28086
BNBUSDT,1752617400000,2025-07-15 22:10:00,2025-07-16 07:10:00,688.86,689.07,688.7,689.02,82.021,56501.30618
BNBUSDT,1752617700000,2025-07-15 22:15:00,2025-07-16 07:15:00,689.02,689.3,688.87,689.19,187.612,129281.83462
BNBUSDT,1752618000000,2025-07-15 22:20:00,2025-07-16 07:20:00,689.19,689.45,689.14,689.45,210.194,144875.59412
BNBUSDT,1752618300000,2025-07-15 22:25:00,2025-07-16 07:25:00,689.44,689.54,689.27,689.27,257.517,177545.12246
BNBUSDT,1752618600000,2025-07-15 22:30:00,2025-07-16 07:30:00,689.28,689.34,688.4,688.66,306.878,211402.62489
BNBUSDT,1752618900000,2025-07-15 22:35:00,2025-07-16 07:35:00,688.66,689.33,688.66,689.31,385.191,265368.47419
BNBUSDT,1752619200000,2025-07-15 22:40:00,2025-07-16 07:40:00,689.31,690.2,689.31,690.2,407.119,280853.60082
BNBUSDT,1752619500000,2025-07-15 22:45:00,2025-07-16 07:45:00,690.19,690.25,689.64,689.97,332.825,229644.31708
BNBUSDT,1752619800000,2025-07-15 22:50:00,2025-07-16 07:50:00,689.97,690.85,689.96,690.69,316.958,218872.36455
BNBUSDT,1752620100000,2025-07-15 22:55:00,2025-07-16 07:55:00,690.69,690.99,690.69,690.94,352.766,243730.93054
BNBUSDT,1752620400000,2025-07-15 23:00:00,2025-07-16 08:00:00,690.94,692.5,690.94,692.4,812.408,562112.2982
BNBUSDT,1752620700000,2025-07-15 23:05:00,2025-07-16 08:05:00,692.4,692.76,692.15,692.73,298.237,206531.27104
BNBUSDT,1752621000000,2025-07-15 23:10:00,2025-07-16 08:10:00,692.73,692.8,691.99,692.8,2235.921,1548143.92114
BNBUSDT,1752621300000,2025-07-15 23:15:00,2025-07-16 08:15:00,692.8,693.21,692.71,692.89,565.62,391933.13077
BNBUSDT,1752621600000,2025-07-15 23:20:00,2025-07-16 08:20:00,692.9,692.9,692.38,692.42,389.65,269840.50276
BNBUSDT,1752621900000,2025-07-15 23:25:00,2025-07-16 08:25:00,692.43,692.98,692.43,692.55,251.668,174319.868
BNBUSDT,1752622200000,2025-07-15 23:30:00,2025-07-16 08:30:00,692.55,692.62,692.01,692.11,515.086,356666.47578
BNBUSDT,1752622500000,2025-07-15 23:35:00,2025-07-16 08:35:00,692.12,692.42,689.75,689.76,5083.276,3513503.37908
BNBUSDT,1752622800000,2025-07-15 23:40:00,2025-07-16 08:40:00,689.76,690.76,689.36,690.75,1756.9,1212305.70017
BNBUSDT,1752623100000,2025-07-15 23:45:00,2025-07-16 08:45:00,690.76,690.76,689.67,689.86,243.033,167754.1687
BNBUSDT,1752623400000,2025-07-15 23:50:00,2025-07-16 08:50:00,689.86,689.86,689.54,689.73,156.379,107859.92616
BNBUSDT,1752623700000,2025-07-15 23:55:00,2025-07-16 08:55:00,689.73,690.01,689.63,689.92,779.096,537516.6192
BNBUSDT,1752624000000,2025-07-16 00:00:00,2025-07-16 09:00:00,689.93,690,689.52,689.99,415.68,286734.62476
BNBUSDT,1752624300000,2025-07-16 00:05:00,2025-07-16 09:05:00,689.99,690,689.04,689.06,514.264,354586.38445
BNBUSDT,1752624600000,2025-07-16 00:10:00,2025-07-16 09:10:00,689.06,689.1,688.27,688.43,534.575,368070.55991
BNBUSDT,1752624900000,2025-07-16 00:15:00,2025-07-16 09:15:00,688.44,689.9,688.35,689.64,464.926,320496.11993
BNBUSDT,1752625200000,2025-07-16 00:20:00,2025-07-16 09:20:00,689.65,690.61,689.57,690.44,353.077,243603.59144
BNBUSDT,1752625500000,2025-07-16 00:25:00,2025-07-16 09:25:00,690.44,690.52,690.04,690.44,304.912,210462.50964
BNBUSDT,1752625800000,2025-07-16 00:30:00,2025-07-16 09:30:00,690.45,691.49,690.45,691.39,290.117,200476.27131
BNBUSDT,1752626100000,2025-07-16 00:35:00,2025-07-16 09:35:00,691.4,692.22,691.4,692.22,344.015,238018.62578
BNBUSDT,1752626400000,2025-07-16 00:40:00,2025-07-16 09:40:00,692.22,692.64,691.68,692.44,505.747,350057.42436
BNBUSDT,1752626700000,2025-07-16 00:45:00,2025-07-16 09:45:00,692.44,693.52,692,693.23,443.485,307351.64745
BNBUSDT,1752627000000,2025-07-16 00:50:00,2025-07-16 09:50:00,693.24,693.64,693.04,693.41,778.407,539731.48518
BNBUSDT,1752627300000,2025-07-16 00:55:00,2025-07-16 09:55:00,693.41,693.41,692.6,692.7,235.636,163261.07659
BNBUSDT,1752627600000,2025-07-16 01:00:00,2025-07-16 10:00:00,692.71,692.71,692.19,692.46,229.775,159108.43283
BNBUSDT,1752627900000,2025-07-16 01:05:00,2025-07-16 10:05:00,692.46,692.46,691.96,692.2,334.433,231518.54994
BNBUSDT,1752628200000,2025-07-16 01:10:00,2025-07-16 10:10:00,692.2,692.23,691.25,691.42,419.7,290325.42677
BNBUSDT,1752628500000,2025-07-16 01:15:00,2025-07-16 10:15:00,691.42,691.87,691.41,691.69,235.9,163159.68254
BNBUSDT,1752628800000,2025-07-16 01:20:00,2025-07-16 10:20:00,691.69,691.89,691.26,691.27,259.987,179818.61836
BNBUSDT,1752629100000,2025-07-16 01:25:00,2025-07-16 10:25:00,691.26,691.5,690.7,690.99,302.475,209059.62717
BNBUSDT,1752629400000,2025-07-16 01:30:00,2025-07-16 10:30:00,690.99,691.28,690.43,690.94,316.579,218726.78531
BNBUSDT,1752629700000,2025-07-16 01:35:00,2025-07-16 10:35:00,690.95,691.1,690.71,691.08,124.361,85919.92382
BNBUSDT,1752630000000,2025-07-16 01:40:00,2025-07-16 10:40:00,691.08,691.14,690.33,690.34,443.969,306687.10589
BNBUSDT,1752630300000,2025-07-16 01:45:00,2025-07-16 10:45:00,690.33,690.56,689.82,690.56,349.148,240980.38289
BNBUSDT,1752630600000,2025-07-16 01:50:00,2025-07-16 10:50:00,690.56,691.14,690.55,691.07,130.927,90465.45963
BNBUSDT,1752630900000,2025-07-16 01:55:00,2025-07-16 10:55:00,691.08,691.08,689.78,690.46,504.84,348518.99827
BNBUSDT,1752631200000,2025-07-16 02:00:00,2025-07-16 11:00:00,690.46,690.73,689.74,689.74,342.689,236577.50726
BNBUSDT,1752631500000,2025-07-16 02:05:00,2025-07-16 11:05:00,689.74,690.19,689.42,689.96,307.574,212167.05513
BNBUSDT,1752631800000,2025-07-16 02:10:00,2025-07-16 11:10:00,689.95,690.48,689.95,690.28,150.105,103598.14635
BNBUSDT,1752632100000,2025-07-16 02:15:00,2025-07-16 11:15:00,690.27,690.5,688.64,688.65,624.51,430555.66645
BNBUSDT,1752632400000,2025-07-16 02:20:00,2025-07-16 11:20:00,688.65,689.38,688.12,688.13,364.463,251009.95647
BNBUSDT,1752632700000,2025-07-16 02:25:00,2025-07-16 11:25:00,688.12,688.12,687.7,687.87,247.871,170498.49875
BNBUSDT,1752633000000,2025-07-16 02:30:00,2025-07-16 11:30:00,687.87,687.87,686.99,686.99,382.711,263069.84748
BNBUSDT,1752633300000,2025-07-16 02:35:00,2025-07-16 11:35:00,687,687.1,686.54,687,273.993,188194.53328
BNBUSDT,1752633600000,2025-07-16 02:40:00,2025-07-16 11:40:00,687,687.1,685.93,686.29,463.372,318050.93047
BNBUSDT,1752633900000,2025-07-16 02:45:00,2025-07-16 11:45:00,686.29,687.51,686.2,687.45,329.281,226237.44389
BNBUSDT,1752634200000,2025-07-16 02:50:00,2025-07-16 11:50:00,687.45,687.74,687.1,687.5,272.227,187123.77971
BNBUSDT,1752634500000,2025-07-16 02:55:00,2025-07-16 11:55:00,687.5,687.68,687.42,687.64,149.197,102580.44003
BNBUSDT,1752634800000,2025-07-16 03:00:00,2025-07-16 12:00:00,687.64,688.54,687.64,687.9,237.295,163319.40175
BNBUSDT,1752635100000,2025-07-16 03:05:00,2025-07-16 12:05:00,687.91,688.11,686.82,686.83,343.744,236350.84902
BNBUSDT,1752635400000,2025-07-16 03:10:00,2025-07-16 12:10:00,686.82,687.4,686.7,687.01,238.568,163892.87695
BNBUSDT,1752635700000,2025-07-16 03:15:00,2025-07-16 12:15:00,687.01,687.8,687,687.79,203.271,139745.97573
BNBUSDT,1752636000000,2025-07-16 03:20:00,2025-07-16 12:20:00,687.8,688.1,687.6,687.78,191.412,131660.75512
BNBUSDT,1752636300000,2025-07-16 03:25:00,2025-07-16 12:25:00,687.79,687.9,687.4,687.6,170.061,116945.53623
BNBUSDT,1752636600000,2025-07-16 03:30:00,2025-07-16 12:30:00,687.61,688.34,687.58,688.01,319.893,220104.82272
BNBUSDT,1752636900000,2025-07-16 03:35:00,2025-07-16 12:35:00,688.01,688.28,688.01,688.04,190.956,131411.05406
BNBUSDT,1752637200000,2025-07-16 03:40:00,2025-07-16 12:40:00,688.03,688.7,687.96,688.7,468.68,322582.1002
BNBUSDT,1752637500000,2025-07-16 03:45:00,2025-07-16 12:45:00,688.7,688.7,687.94,687.95,357.827,246322.93797
BNBUSDT,1752637800000,2025-07-16 03:50:00,2025-07-16 12:50:00,687.95,688.2,687.71,688.01,173.607,119445.16577
BNBUSDT,1752638100000,2025-07-16 03:55:00,2025-07-16 12:55:00,688.01,688.2,687.87,687.88,273.097,187901.09519
BNBUSDT,1752638400000,2025-07-16 04:00:00,2025-07-16 13:00:00,687.87,688.15,686.81,687.31,718.863,494286.10025
BNBUSDT,1752638700000,2025-07-16 04:05:00,2025-07-16 13:05:00,687.31,687.39,686.7,686.7,246.605,169449.94975
BNBUSDT,1752639000000,2025-07-16 04:10:00,2025-07-16 13:10:00,686.71,686.71,685.2,685.24,498.197,341667.57968
BNBUSDT,1752639300000,2025-07-16 04:15:00,2025-07-16 13:15:00,685.23,686.07,685.23,685.64,730.268,500853.96413
BNBUSDT,1752639600000,2025-07-16 04:20:00,2025-07-16 13:20:00,685.63,686.2,685.4,686,285.539,195849.32217
BNBUSDT,1752639900000,2025-07-16 04:25:00,2025-07-16 13:25:00,686,686.7,685.96,686.7,202.47,138959.58741
BNBUSDT,1752640200000,2025-07-16 04:30:00,2025-07-16 13:30:00,686.69,687.14,686.4,687,222.836,153054.29438
BNBUSDT,1752640500000,2025-07-16 04:35:00,2025-07-16 13:35:00,686.99,687.09,686.7,687.08,174.545,119897.31669
BNBUSDT,1752640800000,2025-07-16 04:40:00,2025-07-16 13:40:00,687.09,687.22,687,687,137.851,94715.8715
BNBUSDT,1752641100000,2025-07-16 04:45:00,2025-07-16 13:45:00,687,687.2,686.66,686.67,193.902,133192.79483
BNBUSDT,1752641400000,2025-07-16 04:50:00,2025-07-16 13:50:00,686.66,686.82,686.1,686.81,217.141,149078.17215
BNBUSDT,1752641700000,2025-07-16 04:55:00,2025-07-16 13:55:00,686.81,687.36,686.67,687.22,172.155,118274.87027
BNBUSDT,1752642000000,2025-07-16 05:00:00,2025-07-16 14:00:00,687.22,688.15,687.11,688.1,473.196,325388.8386
BNBUSDT,1752642300000,2025-07-16 05:05:00,2025-07-16 14:05:00,688.1,688.28,687.69,687.7,1184.267,814814.58517
BNBUSDT,1752642600000,2025-07-16 05:10:00,2025-07-16 14:10:00,687.7,688.53,687.7,688.33,551.693,379703.06112
BNBUSDT,1752642900000,2025-07-16 05:15:00,2025-07-16 14:15:00,688.33,688.52,688.27,688.44,604.727,416283.01678
BNBUSDT,1752643200000,2025-07-16 05:20:00,2025-07-16 14:20:00,688.43,688.86,688.06,688.11,352.064,242369.72622
BNBUSDT,1752643500000,2025-07-16 05:25:00,2025-07-16 14:25:00,688.11,688.73,688.06,688.68,497.38,342451.23299
BNBUSDT,1752643800000,2025-07-16 05:30:00,2025-07-16 14:30:00,688.68,689.1,688.52,689.1,177.638,122360.54486
BNBUSDT,1752644100000,2025-07-16 05:35:00,2025-07-16 14:35:00,689.09,689.3,689,689.01,154.989,106816.80391
BNBUSDT,1752644400000,2025-07-16 05:40:00,2025-07-16 14:40:00,689,689.51,688.82,689.49,420.21,289623.08736
BNBUSDT,1752644700000,2025-07-16 05:45:00,2025-07-16 14:45:00,689.48,689.76,689,689,372.088,256507.5536
BNBUSDT,1752645000000,2025-07-16 05:50:00,2025-07-16 14:50:00,689.01,689.29,688.8,688.94,493.382,339929.67315
BNBUSDT,1752645300000,2025-07-16 05:55:00,2025-07-16 14:55:00,688.94,689.17,688.94,689.1,317.921,219076.3718
BNBUSDT,1752645600000,2025-07-16 06:00:00,2025-07-16 15:00:00,689.1,689.11,688.04,688.58,587.07,404251.36606
BNBUSDT,1752645900000,2025-07-16 06:05:00,2025-07-16 15:05:00,688.58,688.79,688.12,688.55,240.028,165251.03735
BNBUSDT,1752646200000,2025-07-16 06:10:00,2025-07-16 15:10:00,688.55,688.9,688.55,688.55,251.193,173013.62764
BNBUSDT,1752646500000,2025-07-16 06:15:00,2025-07-16 15:15:00,688.55,689.3,688.55,689.29,281.221,193750.72852
BNBUSDT,1752646800000,2025-07-16 06:20:00,2025-07-16 15:20:00,689.29,689.89,689.29,689.8,393.255,271187.02397
BNBUSDT,1752647100000,2025-07-16 06:25:00,2025-07-16 15:25:00,689.8,689.8,689.12,689.48,188.876,130208.88278
BNBUSDT,1752647400000,2025-07-16 06:30:00,2025-07-16 15:30:00,689.48,689.86,689.29,689.75,266.655,183877.46336
BNBUSDT,1752647700000,2025-07-16 06:35:00,2025-07-16 15:35:00,689.75,689.9,689.6,689.77,217.326,149902.33304
BNBUSDT,1752648000000,2025-07-16 06:40:00,2025-07-16 15:40:00,689.78,690.88,689.77,690.68,659.072,454938.10575
BNBUSDT,1752648300000,2025-07-16 06:45:00,2025-07-16 15:45:00,690.68,690.76,690.41,690.62,473.193,326799.0672
BNBUSDT,1752648600000,2025-07-16 06:50:00,2025-07-16 15:50:00,690.63,690.9,690.4,690.73,418.64,289108.40234
BNBUSDT,1752648900000,2025-07-16 06:55:00,2025-07-16 15:55:00,690.73,691.12,690.6,691.07,358.476,247662.65714
BNBUSDT,1752649200000,2025-07-16 07:00:00,2025-07-16 16:00:00,691.06,691.21,690.66,690.86,425.716,294160.72949
BNBUSDT,1752649500000,2025-07-16 07:05:00,2025-07-16 16:05:00,690.87,690.87,690.4,690.59,288.233,199052.69787
BNBUSDT,1752649800000,2025-07-16 07:10:00,2025-07-16 16:10:00,690.59,690.7,690.03,690.42,584.394,403366.21422
BNBUSDT,1752650100000,2025-07-16 07:15:00,2025-07-16 16:15:00,690.42,691.03,690.42,691.03,425.754,294071.76304
BNBUSDT,1752650400000,2025-07-16 07:20:00,2025-07-16 16:20:00,691.04,691.5,691.04,691.36,611.351,422681.19403
BNBUSDT,1752650700000,2025-07-16 07:25:00,2025-07-16 16:25:00,691.36,691.92,691.35,691.92,635.883,439789.40637
BNBUSDT,1752651000000,2025-07-16 07:30:00,2025-07-16 16:30:00,691.92,692.52,691.82,692.52,733.404,507640.90998
BNBUSDT,1752651300000,2025-07-16 07:35:00,2025-07-16 16:35:00,692.52,693,692.51,693,605.729,419624.74337
BNBUSDT,1752651600000,2025-07-16 07:40:00,2025-07-16 16:40:00,693,693.61,692.8,693.6,1214.16,841569.98939
BNBUSDT,1752651900000,2025-07-16 07:45:00,2025-07-16 16:45:00,693.61,693.78,693.33,693.69,1461.71,1013767.30548
BNBUSDT,1752652200000,2025-07-16 07:50:00,2025-07-16 16:50:00,693.7,693.84,692.23,692.5,1393.408,966071.99656
BNBUSDT,1752652500000,2025-07-16 07:55:00,2025-07-16 16:55:00,692.5,692.56,691.65,692.08,763.158,528248.43178
BNBUSDT,1752652800000,2025-07-16 08:00:00,2025-07-16 17:00:00,692.09,692.35,691.36,691.6,516.525,357336.74775
BNBUSDT,1752653100000,2025-07-16 08:05:00,2025-07-16 17:05:00,691.6,692.07,690.79,691.58,718.496,496795.66638
BNBUSDT,1752653400000,2025-07-16 08:10:00,2025-07-16 17:10:00,691.57,691.58,690.9,691,361.891,250159.52512
BNBUSDT,1752653700000,2025-07-16 08:15:00,2025-07-16 17:15:00,691,691.79,691,691.68,454.687,314432.36549
BNBUSDT,1752654000000,2025-07-16 08:20:00,2025-07-16 17:20:00,691.67,692.1,691.37,691.57,281.475,194745.69725
BNBUSDT,1752654300000,2025-07-16 08:25:00,2025-07-16 17:25:00,691.56,691.95,691.56,691.6,310.268,214616.62445
BNBUSDT,1752654600000,2025-07-16 08:30:00,2025-07-16 17:30:00,691.61,692.06,691.6,692.05,329.092,227697.94145
BNBUSDT,1752654900000,2025-07-16 08:35:00,2025-07-16 17:35:00,692.05,693.4,692.04,693.36,494.282,342451.59279
BNBUSDT,1752655200000,2025-07-16 08:40:00,2025-07-16 17:40:00,693.35,693.53,693.2,693.3,311.7,216110.38907
BNBUSDT,1752655500000,2025-07-16 08:45:00,2025-07-16 17:45:00,693.3,693.3,692.84,693.03,272.786,189049.8648
BNBUSDT,1752655800000,2025-07-16 08:50:00,2025-07-16 17:50:00,693.04,693.19,692.5,692.79,543.133,376319.28623
BNBUSDT,1752656100000,2025-07-16 08:55:00,2025-07-16 17:55:00,692.79,693.16,692.75,693.09,354.223,245469.77716
BNBUSDT,1752656400000,2025-07-16 09:00:00,2025-07-16 18:00:00,693.1,693.87,692.85,693.68,680.58,471999.06682
BNBUSDT,1752656700000,2025-07-16 09:05:00,2025-07-16 18:05:00,693.69,694.2,693.68,694.18,438.439,304232.12145
BNBUSDT,1752657000000,2025-07-16 09:10:00,2025-07-16 18:10:00,694.19,694.88,694.18,694.8,518.119,359912.74828
BNBUSDT,1752657300000,2025-07-16 09:15:00,2025-07-16 18:15:00,694.8,695,694.67,694.99,739.337,513768.34863
BNBUSDT,1752657600000,2025-07-16 09:20:00,2025-07-16 18:20:00,695,695,694.62,694.62,413.355,287226.65236
BNBUSDT,1752657900000,2025-07-16 09:25:00,2025-07-16 18:25:00,694.63,694.97,694.55,694.75,318.59,221362.80977
BNBUSDT,1752658200000,2025-07-16 09:30:00,2025-07-16 18:30:00,694.75,695.45,694.7,695.27,628.768,437087.04488
BNBUSDT,1752658500000,2025-07-16 09:35:00,2025-07-16 18:35:00,695.28,695.29,694.32,694.46,601.195,417672.55457
BNBUSDT,1752658800000,2025-07-16 09:40:00,2025-07-16 18:40:00,694.46,694.72,693.56,693.86,702.522,487585.66167
BNBUSDT,1752659100000,2025-07-16 09:45:00,2025-07-16 18:45:00,693.86,695.1,693.76,695.03,833.007,578297.1621
BNBUSDT,1752659400000,2025-07-16 09:50:00,2025-07-16 18:50:00,695.03,695.16,694.84,695.01,306.177,212814.53318
BNBUSDT,1752659700000,2025-07-16 09:55:00,2025-07-16 18:55:00,695.01,695.71,694.41,694.99,1251.299,869718.33646
BNBUSDT,1752660000000,2025-07-16 10:00:00,2025-07-16 19:00:00,695,695,694.6,694.75,558.385,387945.98655
BNBUSDT,1752660300000,2025-07-16 10:05:00,2025-07-16 19:05:00,694.74,694.75,694.23,694.44,266.071,184785.93491
BNBUSDT,1752660600000,2025-07-16 10:10:00,2025-07-16 19:10:00,694.44,694.8,694.1,694.19,436.541,303162.7469
BNBUSDT,1752660900000,2025-07-16 10:15:00,2025-07-16 19:15:00,694.2,694.2,693.64,694,365.337,253555.69201
BNBUSDT,1752661200000,2025-07-16 10:20:00,2025-07-16 19:20:00,693.99,694.64,693.99,694.63,293.65,203895.10342
BNBUSDT,1752661500000,2025-07-16 10:25:00,2025-07-16 19:25:00,694.64,694.64,693.81,693.82,593.401,411935.75312
BNBUSDT,1752661800000,2025-07-16 10:30:00,2025-07-16 19:30:00,693.82,694.27,693.65,693.95,351.911,244195.76254
BNBUSDT,1752662100000,2025-07-16 10:35:00,2025-07-16 19:35:00,693.95,694.17,693.72,694.04,286.978,199158.15805
BNBUSDT,1752662400000,2025-07-16 10:40:00,2025-07-16 19:40:00,694.04,694.34,693.11,693.23,315.161,218620.70367
BNBUSDT,1752662700000,2025-07-16 10:45:00,2025-07-16 19:45:00,693.23,694.16,693.23,694.16,559.266,387937.65087
BNBUSDT,1752663000000,2025-07-16 10:50:00,2025-07-16 19:50:00,694.16,694.29,693.82,693.97,260.793,181012.46301
BNBUSDT,1752663300000,2025-07-16 10:55:00,2025-07-16 19:55:00,693.97,694.1,693.2,693.31,955.519,662676.23445
BNBUSDT,1752663600000,2025-07-16 11:00:00,2025-07-16 20:00:00,693.31,694.03,693.31,693.95,458.284,318006.31235
BNBUSDT,1752663900000,2025-07-16 11:05:00,2025-07-16 20:05:00,693.96,694.48,693.95,694.33,280.991,195084.93892
BNBUSDT,1752664200000,2025-07-16 11:10:00,2025-07-16 20:10:00,694.34,694.59,693.84,694.18,455.196,316025.35449
BNBUSDT,1752664500000,2025-07-16 11:15:00,2025-07-16 20:15:00,694.18,694.18,692.41,692.8,703.977,487838.12217
BNBUSDT,1752664800000,2025-07-16 11:20:00,2025-07-16 20:20:00,692.79,692.8,691.9,691.99,730.357,505550.21711
BNBUSDT,1752665100000,2025-07-16 11:25:00,2025-07-16 20:25:00,692,693.6,691.99,693.54,440.593,305246.17076
BNBUSDT,1752665400000,2025-07-16 11:30:00,2025-07-16 20:30:00,693.55,693.6,692.89,693.13,234.066,162280.8077
BNBUSDT,1752665700000,2025-07-16 11:35:00,2025-07-16 20:35:00,693.13,693.87,693.1,693.87,257.768,178743.13629
BNBUSDT,1752666000000,2025-07-16 11:40:00,2025-07-16 20:40:00,693.87,694.24,693.86,694.11,494.159,342989.48115
BNBUSDT,1752666300000,2025-07-16 11:45:00,2025-07-16 20:45:00,694.11,694.71,694.1,694.7,375.016,260444.38232
BNBUSDT,1752666600000,2025-07-16 11:50:00,2025-07-16 20:50:00,694.69,694.75,694.53,694.7,436.585,303277.09008
BNBUSDT,1752666900000,2025-07-16 11:55:00,2025-07-16 20:55:00,694.69,694.69,693.83,694.38,850.544,590492.38692
BNBUSDT,1752667200000,2025-07-16 12:00:00,2025-07-16 21:00:00,694.38,694.95,694.38,694.95,371.065,257751.93524
BNBUSDT,1752667500000,2025-07-16 12:05:00,2025-07-16 21:05:00,694.95,695.85,694.94,695.66,844.772,587540.22605
BNBUSDT,1752667800000,2025-07-16 12:10:00,2025-07-16 21:10:00,695.66,695.73,693.88,694.01,852.778,592406.31857
BNBUSDT,1752668100000,2025-07-16 12:15:00,2025-07-16 21:15:00,694.01,694.23,693.37,693.7,726.59,504177.09411
BNBUSDT,1752668400000,2025-07-16 12:20:00,2025-07-16 21:20:00,693.71,693.71,692.7,692.87,796.026,551703.48617
BNBUSDT,1752668700000,2025-07-16 12:25:00,2025-07-16 21:25:00,692.87,694.1,692.86,694.1,455.292,315724.96374
BNBUSDT,1752669000000,2025-07-16 12:30:00,2025-07-16 21:30:00,694.1,694.6,692.72,694.54,919.432,638030.63063
BNBUSDT,1752669300000,2025-07-16 12:35:00,2025-07-16 21:35:00,694.54,694.54,693.57,693.9,792.049,549617.41054
BNBUSDT,1752669600000,2025-07-16 12:40:00,2025-07-16 21:40:00,693.9,694.54,693.71,693.89,923.595,640972.31707
BNBUSDT,1752669900000,2025-07-16 12:45:00,2025-07-16 21:45:00,693.89,694.29,693.51,693.52,610.042,423310.31462
BNBUSDT,1752670200000,2025-07-16 12:50:00,2025-07-16 21:50:00,693.52,693.99,693.36,693.54,542.427,376278.28497
BNBUSDT,1752670500000,2025-07-16 12:55:00,2025-07-16 21:55:00,693.53,693.94,692.78,692.78,1089.453,755431.66902
BNBUSDT,1752670800000,2025-07-16 13:00:00,2025-07-16 22:00:00,692.79,693,692.05,692.7,1166.041,807487.22509
BNBUSDT,1752671100000,2025-07-16 13:05:00,2025-07-16 22:05:00,692.71,692.98,691.79,692.6,865.885,599487.35284
BNBUSDT,1752671400000,2025-07-16 13:10:00,2025-07-16 22:10:00,692.6,693.11,692.2,692.39,574.833,398308.07898
BNBUSDT,1752671700000,2025-07-16 13:15:00,2025-07-16 22:15:00,692.4,692.85,692.08,692.74,616.204,426737.9299
BNBUSDT,1752672000000,2025-07-16 13:20:00,2025-07-16 22:20:00,692.74,694,692.03,692.19,2893.133,2005649.35714
BNBUSDT,1752672300000,2025-07-16 13:25:00,2025-07-16 22:25:00,692.18,692.85,691.24,691.59,972.857,673057.04782
BNBUSDT,1752672600000,2025-07-16 13:30:00,2025-07-16 22:30:00,691.6,692.3,691.16,692.09,846.964,585901.1484
BNBUSDT,1752672900000,2025-07-16 13:35:00,2025-07-16 22:35:00,692.09,692.15,691.08,691.35,556.355,384696.92445
BNBUSDT,1752673200000,2025-07-16 13:40:00,2025-07-16 22:40:00,691.35,691.42,691,691.09,1229.44,849654.17784
BNBUSDT,1752673500000,2025-07-16 13:45:00,2025-07-16 22:45:00,691.08,692.6,691,692.11,971.856,672423.54106
BNBUSDT,1752673800000,2025-07-16 13:50:00,2025-07-16 22:50:00,692.11,692.73,691.62,692.16,987.476,683566.57663
BNBUSDT,1752674100000,2025-07-16 13:55:00,2025-07-16 22:55:00,692.15,693,691.95,692.77,644.152,446183.8217
BNBUSDT,1752674400000,2025-07-16 14:00:00,2025-07-16 23:00:00,692.77,694.36,692.76,694.35,1503.123,1041916.93571
BNBUSDT,1752674700000,2025-07-16 14:05:00,2025-07-16 23:05:00,694.36,694.74,692.9,693.53,971.212,673722.29372
BNBUSDT,1752675000000,2025-07-16 14:10:00,2025-07-16 23:10:00,693.54,693.67,692.19,692.19,453.39,314150.38079
BNBUSDT,1752675300000,2025-07-16 14:15:00,2025-07-16 23:15:00,692.18,692.85,692,692.78,580.068,401582.91042
BNBUSDT,1752675600000,2025-07-16 14:20:00,2025-07-16 23:20:00,692.77,693.17,692.55,692.71,763.145,528752.98764
BNBUSDT,1752675900000,2025-07-16 14:25:00,2025-07-16 23:25:00,692.71,693.5,692.4,693.5,602.843,417668.8881
BNBUSDT,1752676200000,2025-07-16 14:30:00,2025-07-16 23:30:00,693.5,695.67,693.2,695.56,1797.294,1248641.66089
BNBUSDT,1752676500000,2025-07-16 14:35:00,2025-07-16 23:35:00,695.57,695.83,694.9,695.66,1107.48,769952.60526
BNBUSDT,1752676800000,2025-07-16 14:40:00,2025-07-16 23:40:00,695.67,698.07,695.36,697.61,2278.576,1587690.74658
BNBUSDT,1752677100000,2025-07-16 14:45:00,2025-07-16 23:45:00,697.61,699.78,697.61,699.78,2582.863,1804700.19327
BNBUSDT,1752677400000,2025-07-16 14:50:00,2025-07-16 23:50:00,699.78,700.76,699.18,699.76,6825.082,4776808.58413
BNBUSDT,1752677700000,2025-07-16 14:55:00,2025-07-16 23:55:00,699.76,703.6,699.64,703.3,3455.522,2425816.47198
BNBUSDT,1752678000000,2025-07-16 15:00:00,2025-07-17 00:00:00,703.31,705.94,703.31,705.3,4881.752,3440966.70747
BNBUSDT,1752678300000,2025-07-16 15:05:00,2025-07-17 00:05:00,705.29,706.34,703.42,704.02,4206.512,2964618.96949
BNBUSDT,1752678600000,2025-07-16 15:10:00,2025-07-17 00:10:00,704.02,705.04,702.01,702.02,2115.865,1488100.97547
BNBUSDT,1752678900000,2025-07-16 15:15:00,2025-07-17 00:15:00,702.03,702.03,699.61,700.73,3820.018,2675845.32384
BNBUSDT,1752679200000,2025-07-16 15:20:00,2025-07-17 00:20:00,700.73,700.86,699.17,699.65,2081.627,1457362.18439
BNBUSDT,1752679500000,2025-07-16 15:25:00,2025-07-17 00:25:00,699.65,701.66,699.5,701.41,829.171,581241.17845
BNBUSDT,1752679800000,2025-07-16 15:30:00,2025-07-17 00:30:00,701.42,701.8,699.5,699.73,1231.939,862771.44145
BNBUSDT,1752680100000,2025-07-16 15:35:00,2025-07-17 00:35:00,699.74,699.74,696.63,698.13,1609.764,1123415.36329
BNBUSDT,1752680400000,2025-07-16 15:40:00,2025-07-17 00:40:00,698.13,699.29,698.13,698.99,1274.992,891031.40872
BNBUSDT,1752680700000,2025-07-16 15:45:00,2025-07-17 00:45:00,698.99,700.33,698.6,700.29,627.176,438697.06309
BNBUSDT,1752681000000,2025-07-16 15:50:00,2025-07-17 00:50:00,700.29,700.73,699.03,699.87,722.378,505589.81786
BNBUSDT,1752681300000,2025-07-16 15:55:00,2025-07-17 00:55:00,699.88,700.7,699.5,700.2,633.172,443273.17672
BNBUSDT,1752681600000,2025-07-16 16:00:00,2025-07-17 01:00:00,700.21,700.76,699.42,699.42,744.329,521207.99262
BNBUSDT,1752681900000,2025-07-16 16:05:00,2025-07-17 01:05:00,699.41,700.49,698.81,699.63,838.793,586907.69667
BNBUSDT,1752682200000,2025-07-16 16:10:00,2025-07-17 01:10:00,699.64,701.39,699.3,700.27,1725.411,1208010.29457
BNBUSDT,1752682500000,2025-07-16 16:15:00,2025-07-17 01:15:00,700.27,700.36,699.29,700.04,654.427,457987.23611
BNBUSDT,1752682800000,2025-07-16 16:20:00,2025-07-17 01:20:00,700.04,700.77,699.98,700.74,748.224,524007.45887
BNBUSDT,1752683100000,2025-07-16 16:25:00,2025-07-17 01:25:00,700.74,702.22,699.81,701.87,1102.108,772332.33531
BNBUSDT,1752683400000,2025-07-16 16:30:00,2025-07-17 01:30:00,701.87,702.17,700.7,700.7,814.776,571743.2061
BNBUSDT,1752683700000,2025-07-16 16:35:00,2025-07-17 01:35:00,700.69,701.52,700.05,701.15,801.514,561532.15936
BNBUSDT,1752684000000,2025-07-16 16:40:00,2025-07-17 01:40:00,701.16,701.5,700.85,700.93,643.641,451302.86267
BNBUSDT,1752684300000,2025-07-16 16:45:00,2025-07-17 01:45:00,700.92,701.02,700.4,700.4,412.826,289243.06506
BNBUSDT,1752684600000,2025-07-16 16:50:00,2025-07-17 01:50:00,700.4,700.46,700,700.27,754.312,528199.40685
BNBUSDT,1752684900000,2025-07-16 16:55:00,2025-07-17 01:55:00,700.28,701.24,700,701.04,1615.936,1132325.1326
BNBUSDT,1752685200000,2025-07-16 17:00:00,2025-07-17 02:00:00,701.05,701.47,700.01,700.06,1273.99,893066.2797
BNBUSDT,1752685500000,2025-07-16 17:05:00,2025-07-17 02:05:00,700.06,700.55,700.01,700.45,422.055,295562.51325
BNBUSDT,1752685800000,2025-07-16 17:10:00,2025-07-17 02:10:00,700.45,700.58,700.21,700.25,385.19,269784.37763
BNBUSDT,1752686100000,2025-07-16 17:15:00,2025-07-17 02:15:00,700.26,700.59,700.26,700.58,569.07,398613.05701
BNBUSDT,1752686400000,2025-07-16 17:20:00,2025-07-17 02:20:00,700.58,702.05,700.57,702.05,1586.637,1113000.36795
BNBUSDT,1752686700000,2025-07-16 17:25:00,2025-07-17 02:25:00,702.05,702.89,701.6,702.88,1745.058,1225379.42264
BNBUSDT,1752687000000,2025-07-16 17:30:00,2025-07-17 02:30:00,702.89,703.19,702.48,702.5,1382.229,971609.30725
BNBUSDT,1752687300000,2025-07-16 17:35:00,2025-07-17 02:35:00,702.51,702.72,701.7,702.3,666.782,468264.22046
BNBUSDT,1752687600000,2025-07-16 17:40:00,2025-07-17 02:40:00,702.31,702.98,702.11,702.19,571.155,401289.18215
BNBUSDT,1752687900000,2025-07-16 17:45:00,2025-07-17 02:45:00,702.19,703.34,702.19,703.07,671.024,471690.04807
BNBUSDT,1752688200000,2025-07-16 17:50:00,2025-07-17 02:50:00,703.06,705,702.3,704.6,2667.01,1877908.30265
BNBUSDT,1752688500000,2025-07-16 17:55:00,2025-07-17 02:55:00,704.6,706.11,703.79,705.8,3321.236,2342212.21779
BNBUSDT,1752688800000,2025-07-16 18:00:00,2025-07-17 03:00:00,705.8,707.09,705.5,707.09,2271.472,1604268.32891
BNBUSDT,1752689100000,2025-07-16 18:05:00,2025-07-17 03:05:00,707.09,709.75,707.09,709.5,4589.943,3253094.14297
BNBUSDT,1752689400000,2025-07-16 18:10:00,2025-07-17 03:10:00,709.5,709.6,707.93,708.97,2118.763,1501655.62296
BNBUSDT,1752689700000,2025-07-16 18:15:00,2025-07-17 03:15:00,708.95,709.75,708.86,709.59,1811.315,1284749.07378
BNBUSDT,1752690000000,2025-07-16 18:20:00,2025-07-17 03:20:00,709.59,709.8,709.1,709.68,1697.327,1204169.47977
BNBUSDT,1752690300000,2025-07-16 18:25:00,2025-07-17 03:25:00,709.67,709.8,709,709,1467.111,1040735.53833
BNBUSDT,1752690600000,2025-07-16 18:30:00,2025-07-17 03:30:00,709.01,710.74,708.99,710.26,4869.254,3456993.24717
BNBUSDT,1752690900000,2025-07-16 18:35:00,2025-07-17 03:35:00,710.25,711,709.59,709.63,2216.945,1574762.73842
BNBUSDT,1752691200000,2025-07-16 18:40:00,2025-07-17 03:40:00,709.63,710.05,709.2,709.8,1252.592,889053.00486
BNBUSDT,1752691500000,2025-07-16 18:45:00,2025-07-17 03:45:00,709.81,709.89,707.5,708.16,1025.288,726743.87251
BNBUSDT,1752691800000,2025-07-16 18:50:00,2025-07-17 03:50:00,708.16,708.2,707.05,708.16,1279.211,905216.27826
BNBUSDT,1752692100000,2025-07-16 18:55:00,2025-07-17 03:55:00,708.17,708.86,707.51,707.65,965.852,683859.63249
BNBUSDT,1752692400000,2025-07-16 19:00:00,2025-07-17 04:00:00,707.65,709.4,707.65,708.01,979.112,693724.59807
BNBUSDT,1752692700000,2025-07-16 19:05:00,2025-07-17 04:05:00,708.01,708.49,707.37,707.7,918.302,650220.55104
BNBUSDT,1752693000000,2025-07-16 19:10:00,2025-07-17 04:10:00,707.7,707.71,705.75,706.09,849.934,600379.13858
BNBUSDT,1752693300000,2025-07-16 19:15:00,2025-07-17 04:15:00,706.09,707.73,706.09,707.7,838.061,592572.19812
BNBUSDT,1752693600000,2025-07-16 19:20:00,2025-07-17 04:20:00,707.7,708.46,707.44,708.06,910.781,644720.55703
BNBUSDT,1752693900000,2025-07-16 19:25:00,2025-07-17 04:25:00,708.06,708.53,707.9,707.98,475.051,336426.121
BNBUSDT,1752694200000,2025-07-16 19:30:00,2025-07-17 04:30:00,707.99,707.99,706.09,706.38,550.273,388919.88809
BNBUSDT,1752694500000,2025-07-16 19:35:00,2025-07-17 04:35:00,706.39,707.1,706.24,706.68,469.238,331561.31687
BNBUSDT,1752694800000,2025-07-16 19:40:00,2025-07-17 04:40:00,706.67,706.67,706.03,706.34,408.497,288558.65731
BNBUSDT,1752695100000,2025-07-16 19:45:00,2025-07-17 04:45:00,706.34,707.28,706.19,706.79,1319.702,932945.66915
BNBUSDT,1752695400000,2025-07-16 19:50:00,2025-07-17 04:50:00,706.8,706.8,704.71,705.71,1067.861,753470.56527
BNBUSDT,1752695700000,2025-07-16 19:55:00,2025-07-17 04:55:00,705.72,707.15,705.3,706.83,1086.745,767815.29735
BNBUSDT,1752696000000,2025-07-16 20:00:00,2025-07-17 05:00:00,706.84,709.77,706.84,709.55,1844.238,1306245.18104
BNBUSDT,1752696300000,2025-07-16 20:05:00,2025-07-17 05:05:00,709.55,709.62,708.26,708.79,1342.996,952156.30836
BNBUSDT,1752696600000,2025-07-16 20:10:00,2025-07-17 05:10:00,708.8,709.88,707.54,709.88,1723.429,1220788.3114
BNBUSDT,1752696900000,2025-07-16 20:15:00,2025-07-17 05:15:00,709.87,710,709.19,709.83,791.79,561954.56816
BNBUSDT,1752697200000,2025-07-16 20:20:00,2025-07-17 05:20:00,709.82,710.76,709.51,710.76,794.465,564085.25187
BNBUSDT,1752697500000,2025-07-16 20:25:00,2025-07-17 05:25:00,710.76,711.82,710.76,711.71,1284.137,913284.62798
BNBUSDT,1752697800000,2025-07-16 20:30:00,2025-07-17 05:30:00,711.71,712.3,711.05,712.22,2177.321,1549947.66908
BNBUSDT,1752698100000,2025-07-16 20:35:00,2025-07-17 05:35:00,712.22,713.52,712.22,713.33,1543.73,1100725.96146
BNBUSDT,1752698400000,2025-07-16 20:40:00,2025-07-17 05:40:00,713.32,713.57,712.59,713.57,1245.677,888264.95249
BNBUSDT,1752698700000,2025-07-16 20:45:00,2025-07-17 05:45:00,713.57,713.68,712.02,712.47,818.566,583537.45114
BNBUSDT,1752699000000,2025-07-16 20:50:00,2025-07-17 05:50:00,712.47,713.07,711.2,711.77,655.879,467050.65548
BNBUSDT,1752699300000,2025-07-16 20:55:00,2025-07-17 05:55:00,711.77,713.21,711.6,712.79,507.875,361845.09496
BNBUSDT,1752699600000,2025-07-16 21:00:00,2025-07-17 06:00:00,712.79,714.98,712.79,713.96,2791.239,1993420.6743
BNBUSDT,1752699900000,2025-07-16 21:05:00,2025-07-17 06:05:00,713.95,713.96,713,713.51,697.648,497751.05692
BNBUSDT,1752700200000,2025-07-16 21:10:00,2025-07-17 06:10:00,713.52,714.36,713.51,713.74,930.139,664141.02361
BNBUSDT,1752700500000,2025-07-16 21:15:00,2025-07-17 06:15:00,713.75,714,712.61,713.18,1549.003,1104774.75484
BNBUSDT,1752700800000,2025-07-16 21:20:00,2025-07-17 06:20:00,713.19,714.5,713.12,714.43,1105.291,788894.55835
BNBUSDT,1752701100000,2025-07-16 21:25:00,2025-07-17 06:25:00,714.43,715.56,714.4,714.61,3250.088,2323705.78567
BNBUSDT,1752701400000,2025-07-16 21:30:00,2025-07-17 06:30:00,714.61,714.61,712.69,712.69,785.095,560340.5376
BNBUSDT,1752701700000,2025-07-16 21:35:00,2025-07-17 06:35:00,712.7,713.1,711.06,712.71,953.27,678628.69874
BNBUSDT,1752702000000,2025-07-16 21:40:00,2025-07-17 06:40:00,712.7,713.06,711.92,711.98,628.653,448015.31181
BNBUSDT,1752702300000,2025-07-16 21:45:00,2025-07-17 06:45:00,711.97,713.2,711.97,713.2,470.133,335037.21312
BNBUSDT,1752702600000,2025-07-16 21:50:00,2025-07-17 06:50:00,713.2,714.06,713.19,713.7,272.06,194176.97233
BNBUSDT,1752702900000,2025-07-16 21:55:00,2025-07-17 06:55:00,713.7,713.71,712.04,712.58,364.4,259749.98323
BNBUSDT,1752703200000,2025-07-16 22:00:00,2025-07-17 07:00:00,712.59,714.5,712.59,713.62,1287.519,919059.97501
BNBUSDT,1752703500000,2025-07-16 22:05:00,2025-07-17 07:05:00,713.63,714.18,712.8,714.17,618.883,441612.04522
BNBUSDT,1752703800000,2025-07-16 22:10:00,2025-07-17 07:10:00,714.18,714.18,713.47,713.7,410.301,292890.14205
BNBUSDT,1752704100000,2025-07-16 22:15:00,2025-07-17 07:15:00,713.7,714.48,713.21,714.44,473.246,337869.63962
BNBUSDT,1752704400000,2025-07-16 22:20:00,2025-07-17 07:20:00,714.43,715.03,713.72,713.73,814.114,581674.0396
BNBUSDT,1752704700000,2025-07-16 22:25:00,2025-07-17 07:25:00,713.72,714.25,712.83,714.12,483.818,345150.31944
BNBUSDT,1752705000000,2025-07-16 22:30:00,2025-07-17 07:30:00,714.12,714.75,713.32,713.72,559.112,399278.07181
BNBUSDT,1752705300000,2025-07-16 22:35:00,2025-07-17 07:35:00,713.71,714.44,712.88,713.14,741.842,529426.49503
BNBUSDT,1752705600000,2025-07-16 22:40:00,2025-07-17 07:40:00,713.15,713.39,712.33,713.38,785.523,559931.32616
BNBUSDT,1752705900000,2025-07-16 22:45:00,2025-07-17 07:45:00,713.39,713.56,709.45,709.8,1321.044,939431.73131
BNBUSDT,1752706200000,2025-07-16 22:50:00,2025-07-17 07:50:00,709.8,710.79,709.33,710.35,903.196,641319.41298
BNBUSDT,1752706500000,2025-07-16 22:55:00,2025-07-17 07:55:00,710.35,711.56,710.06,710.69,542.102,385288.57711
BNBUSDT,1752706800000,2025-07-16 23:00:00,2025-07-17 08:00:00,710.69,711.42,708.79,708.9,1132.539,804042.50367
BNBUSDT,1752707100000,2025-07-16 23:05:00,2025-07-17 08:05:00,708.9,710,708.63,708.84,777.101,551135.55096
BNBUSDT,1752707400000,2025-07-16 23:10:00,2025-07-17 08:10:00,708.85,709.4,708.61,708.86,594.572,421496.6932
BNBUSDT,1752707700000,2025-07-16 23:15:00,2025-07-17 08:15:00,708.86,708.86,706.38,706.42,1820.873,1288178.77336
BNBUSDT,1752708000000,2025-07-16 23:20:00,2025-07-17 08:20:00,706.42,708.9,706.42,708.61,658.793,466209.51989
BNBUSDT,1752708300000,2025-07-16 23:25:00,2025-07-17 08:25:00,708.61,708.7,707.83,708.55,820.48,581147.18245
BNBUSDT,1752708600000,2025-07-16 23:30:00,2025-07-17 08:30:00,708.56,708.7,707.15,707.5,442.903,313562.0377
BNBUSDT,1752708900000,2025-07-16 23:35:00,2025-07-17 08:35:00,707.5,708.58,707.22,708.31,475.133,336326.78381
BNBUSDT,1752709200000,2025-07-16 23:40:00,2025-07-17 08:40:00,708.31,709.07,708.2,708.36,809.014,573224.00896
BNBUSDT,1752709500000,2025-07-16 23:45:00,2025-07-17 08:45:00,708.36,709.4,708,708.22,499.629,354078.15051
BNBUSDT,1752709800000,2025-07-16 23:50:00,2025-07-17 08:50:00,708.22,708.22,707.12,708.09,506.359,358307.61798
BNBUSDT,1752710100000,2025-07-16 23:55:00,2025-07-17 08:55:00,708.09,708.66,707.69,708.61,438.01,310146.38105
BNBUSDT,1752710400000,2025-07-17 00:00:00,2025-07-17 09:00:00,708.61,709.67,708.31,709.4,622.911,441666.61944
BNBUSDT,1752710700000,2025-07-17 00:05:00,2025-07-17 09:05:00,709.4,709.74,708.4,708.56,653.419,463317.93313
BNBUSDT,1752711000000,2025-07-17 00:10:00,2025-07-17 09:10:00,708.57,709.73,708.36,709.18,831.005,589213.34561
BNBUSDT,1752711300000,2025-07-17 00:15:00,2025-07-17 09:15:00,709.19,711.5,709.19,711.3,1136.338,807339.75624
BNBUSDT,1752711600000,2025-07-17 00:20:00,2025-07-17 09:20:00,711.3,712.92,711.29,712.64,1367.01,973320.02926
BNBUSDT,1752711900000,2025-07-17 00:25:00,2025-07-17 09:25:00,712.63,713.57,712.44,713.26,990.994,706519.00137
BNBUSDT,1752712200000,2025-07-17 00:30:00,2025-07-17 09:30:00,713.26,715.95,712.88,715.45,3912.195,2795221.21767
BNBUSDT,1752712500000,2025-07-17 00:35:00,2025-07-17 09:35:00,715.45,715.64,714.31,715,2961.033,2117888.56302
BNBUSDT,1752712800000,2025-07-17 00:40:00,2025-07-17 09:40:00,715,716,714.26,715.32,1900.266,1359442.60163
BNBUSDT,1752713100000,2025-07-17 00:45:00,2025-07-17 09:45:00,715.31,717.9,714.78,717.67,2733.351,1958970.60514
BNBUSDT,1752713400000,2025-07-17 00:50:00,2025-07-17 09:50:00,717.67,717.75,715.38,717.32,3255.719,2333365.45406
BNBUSDT,1752713700000,2025-07-17 00:55:00,2025-07-17 09:55:00,717.32,717.59,715.08,717.19,2989.533,2140919.99786
BNBUSDT,1752714000000,2025-07-17 01:00:00,2025-07-17 10:00:00,717.19,717.8,716.4,717.6,2946.39,2112526.29494
BNBUSDT,1752714300000,2025-07-17 01:05:00,2025-07-17 10:05:00,717.59,720.4,717.3,717.85,8466.405,6090533.53915
BNBUSDT,1752714600000,2025-07-17 01:10:00,2025-07-17 10:10:00,717.86,717.86,715.2,717.51,1293.547,926721.44493
BNBUSDT,1752714900000,2025-07-17 01:15:00,2025-07-17 10:15:00,717.51,720.49,716.96,719,5362.538,3857957.79122
BNBUSDT,1752715200000,2025-07-17 01:20:00,2025-07-17 10:20:00,719,719.01,714.27,715.43,2098.12,1501960.588
BNBUSDT,1752715500000,2025-07-17 01:25:00,2025-07-17 10:25:00,715.43,720.88,714.81,716.07,3077.771,2210246.78626
BNBUSDT,1752715800000,2025-07-17 01:30:00,2025-07-17 10:30:00,716.07,716.76,712.72,712.74,1066.704,762433.47072
BNBUSDT,1752716100000,2025-07-17 01:35:00,2025-07-17 10:35:00,712.73,713.94,712.1,713.84,1317.926,939549.35361
BNBUSDT,1752716400000,2025-07-17 01:40:00,2025-07-17 10:40:00,713.84,714.57,713.14,714.4,769.834,549629.3594
BNBUSDT,1752716700000,2025-07-17 01:45:00,2025-07-17 10:45:00,714.39,714.39,708.6,708.6,2698.45,1917756.3989
BNBUSDT,1752717000000,2025-07-17 01:50:00,2025-07-17 10:50:00,708.59,712.06,707.87,711.91,2195.655,1559677.00525
BNBUSDT,1752717300000,2025-07-17 01:55:00,2025-07-17 10:55:00,711.91,714.86,711.71,713.98,1148.665,819365.00909
BNBUSDT,1752717600000,2025-07-17 02:00:00,2025-07-17 11:00:00,713.97,714.12,712.31,714.01,877.79,625940.279
BNBUSDT,1752717900000,2025-07-17 02:05:00,2025-07-17 11:05:00,714,716.68,714,716.59,2445.029,1750023.06979
BNBUSDT,1752718200000,2025-07-17 02:10:00,2025-07-17 11:10:00,716.59,717.53,716.16,716.67,1206.374,864720.50419
BNBUSDT,1752718500000,2025-07-17 02:15:00,2025-07-17 11:15:00,716.67,718.34,716.51,717.25,1156.04,829362.47846
BNBUSDT,1752718800000,2025-07-17 02:20:00,2025-07-17 11:20:00,717.24,719.23,717.21,719.02,1575.246,1131763.91438
BNBUSDT,1752719100000,2025-07-17 02:25:00,2025-07-17 11:25:00,719.03,723.34,718.77,721.67,7100.807,5123706.85864
BNBUSDT,1752719400000,2025-07-17 02:30:00,2025-07-17 11:30:00,721.68,723.4,720.7,720.71,2699.22,1948443.51005
BNBUSDT,1752719700000,2025-07-17 02:35:00,2025-07-17 11:35:00,720.72,721.61,719.2,719.23,2771.273,1996653.02888
BNBUSDT,1752720000000,2025-07-17 02:40:00,2025-07-17 11:40:00,719.24,721.1,719.13,719.47,1309.9,943435.48295
BNBUSDT,1752720300000,2025-07-17 02:45:00,2025-07-17 11:45:00,719.46,719.46,716.61,718.4,1752.571,1258698.61904
BNBUSDT,1752720600000,2025-07-17 02:50:00,2025-07-17 11:50:00,718.4,720.31,718.38,719.92,868.195,624326.00103
BNBUSDT,1752720900000,2025-07-17 02:55:00,2025-07-17 11:55:00,719.93,720.43,717.36,718.48,1265.021,909047.20612
BNBUSDT,1752721200000,2025-07-17 03:00:00,2025-07-17 12:00:00,718.49,718.8,715.5,716.98,705.113,505417.38979
BNBUSDT,1752721500000,2025-07-17 03:05:00,2025-07-17 12:05:00,716.98,716.98,714.79,715.62,721.115,516181.07861
BNBUSDT,1752721800000,2025-07-17 03:10:00,2025-07-17 12:10:00,715.63,716,714.07,714.35,685.999,490451.19532
BNBUSDT,1752722100000,2025-07-17 03:15:00,2025-07-17 12:15:00,714.36,715,714.08,714.42,1193.515,852761.58501
BNBUSDT,1752722400000,2025-07-17 03:20:00,2025-07-17 12:20:00,714.42,716.21,713.33,713.33,655.806,468774.67349
BNBUSDT,1752722700000,2025-07-17 03:25:00,2025-07-17 12:25:00,713.33,713.48,710.23,710.41,1859.976,1323312.97408
BNBUSDT,1752723000000,2025-07-17 03:30:00,2025-07-17 12:30:00,710.4,711.83,709.41,711.66,1339.079,951357.30654
BNBUSDT,1752723300000,2025-07-17 03:35:00,2025-07-17 12:35:00,711.66,711.76,709.4,709.8,1173.854,833799.50877
BNBUSDT,1752723600000,2025-07-17 03:40:00,2025-07-17 12:40:00,709.81,709.91,708.55,709.02,1003.542,711524.75515
BNBUSDT,1752723900000,2025-07-17 03:45:00,2025-07-17 12:45:00,709.03,709.47,708.62,708.67,1556.382,1103716.03577
BNBUSDT,1752724200000,2025-07-17 03:50:00,2025-07-17 12:50:00,708.67,709.48,707.94,708.89,808.982,573249.77148
BNBUSDT,1752724500000,2025-07-17 03:55:00,2025-07-17 12:55:00,708.89,709.79,708.81,709.62,1361.018,965664.17026
BNBUSDT,1752724800000,2025-07-17 04:00:00,2025-07-17 13:00:00,709.62,709.62,708.8,708.98,1435.397,1018257.07076
BNBUSDT,1752725100000,2025-07-17 04:05:00,2025-07-17 13:05:00,708.97,709.72,708.13,709.72,634.03,449384.39444
BNBUSDT,1752725400000,2025-07-17 04:10:00,2025-07-17 13:10:00,709.73,709.98,709.54,709.98,1253.634,889869.0074
BNBUSDT,1752725700000,2025-07-17 04:15:00,2025-07-17 13:15:00,709.98,709.98,709.29,709.5,410.473,291294.78915
BNBUSDT,1752726000000,2025-07-17 04:20:00,2025-07-17 13:20:00,709.5,710,709.13,709.74,449.764,319183.7438
BNBUSDT,1752726300000,2025-07-17 04:25:00,2025-07-17 13:25:00,709.74,709.93,709.1,709.78,324.148,229969.31153
BNBUSDT,1752726600000,2025-07-17 04:30:00,2025-07-17 13:30:00,709.78,710.1,709.71,709.92,1648.341,1170297.55547
BNBUSDT,1752726900000,2025-07-17 04:35:00,2025-07-17 13:35:00,709.92,710.1,709.77,710,553.544,392998.01745
BNBUSDT,1752727200000,2025-07-17 04:40:00,2025-07-17 13:40:00,709.99,710.3,709.91,710.2,1082.422,768677.48724
BNBUSDT,1752727500000,2025-07-17 04:45:00,2025-07-17 13:45:00,710.21,710.24,709.7,709.73,441.958,313797.74645
BNBUSDT,1752727800000,2025-07-17 04:50:00,2025-07-17 13:50:00,709.74,710.98,709.47,710.97,621.94,441628.50504
BNBUSDT,1752728100000,2025-07-17 04:55:00,2025-07-17 13:55:00,710.97,711.29,710.8,711.29,1220.553,867917.7251
BNBUSDT,1752728400000,2025-07-17 05:00:00,2025-07-17 14:00:00,711.29,711.29,709.48,709.48,688.777,489255.46951
BNBUSDT,1752728700000,2025-07-17 05:05:00,2025-07-17 14:05:00,709.47,709.65,706.2,707.31,4989.995,3532147.44039
BNBUSDT,1752729000000,2025-07-17 05:10:00,2025-07-17 14:10:00,707.31,708.4,706.14,707.57,1345.701,951926.18694
BNBUSDT,1752729300000,2025-07-17 05:15:00,2025-07-17 14:15:00,707.57,708.16,707.48,707.67,635.629,449885.61012
BNBUSDT,1752729600000,2025-07-17 05:20:00,2025-07-17 14:20:00,707.68,708.5,707.5,708.06,383.517,271502.38316
BNBUSDT,1752729900000,2025-07-17 05:25:00,2025-07-17 14:25:00,708.06,709.78,708.06,709.78,432.412,306555.33467
BNBUSDT,1752730200000,2025-07-17 05:30:00,2025-07-17 14:30:00,709.79,710.1,708.52,709.2,723.451,513130.58963
BNBUSDT,1752730500000,2025-07-17 05:35:00,2025-07-17 14:35:00,709.19,710.49,708.7,709.83,681.894,484048.13743
BNBUSDT,1752730800000,2025-07-17 05:40:00,2025-07-17 14:40:00,709.84,711.6,709.83,711.45,738.242,524661.76496
BNBUSDT,1752731100000,2025-07-17 05:45:00,2025-07-17 14:45:00,711.46,713.12,711.04,712.51,672.59,479011.65281
BNBUSDT,1752731400000,2025-07-17 05:50:00,2025-07-17 14:50:00,712.51,712.55,712.18,712.39,284.766,202877.56559
BNBUSDT,1752731700000,2025-07-17 05:55:00,2025-07-17 14:55:00,712.39,712.8,712.34,712.75,250.413,178433.91899
BNBUSDT,1752732000000,2025-07-17 06:00:00,2025-07-17 15:00:00,712.76,713.41,712.15,713.25,614.729,438210.57851
BNBUSDT,1752732300000,2025-07-17 06:05:00,2025-07-17 15:05:00,713.25,714.57,713.23,714.02,693.02,494772.26518
BNBUSDT,1752732600000,2025-07-17 06:10:00,2025-07-17 15:10:00,714.02,714.02,711.23,711.61,1025.887,730657.50754
BNBUSDT,1752732900000,2025-07-17 06:15:00,2025-07-17 15:15:00,711.61,711.61,710.17,710.9,602.859,428503.82074
BNBUSDT,1752733200000,2025-07-17 06:20:00,2025-07-17 15:20:00,710.91,715.71,710.85,715.63,1302.025,928933.89289
BNBUSDT,1752733500000,2025-07-17 06:25:00,2025-07-17 15:25:00,715.63,717.65,715.44,717.02,1436.348,1029238.49001
BNBUSDT,1752733800000,2025-07-17 06:30:00,2025-07-17 15:30:00,717.03,723.47,716.7,720.3,16646.764,11990545.08163
BNBUSDT,1752734100000,2025-07-17 06:35:00,2025-07-17 15:35:00,720.3,722.79,718.72,721.77,8197.511,5910861.15755
BNBUSDT,1752734400000,2025-07-17 06:40:00,2025-07-17 15:40:00,721.77,723.02,719.46,721.24,6003.549,4334158.44239
BNBUSDT,1752734700000,2025-07-17 06:45:00,2025-07-17 15:45:00,721.24,721.52,720.12,721.19,1493.005,1076076.85403
BNBUSDT,1752735000000,2025-07-17 06:50:00,2025-07-17 15:50:00,721.2,721.27,719.91,720.37,1430.351,1030829.18713
BNBUSDT,1752735300000,2025-07-17 06:55:00,2025-07-17 15:55:00,720.36,721.28,720.08,721.03,1213.838,874691.11061
BNBUSDT,1752735600000,2025-07-17 07:00:00,2025-07-17 16:00:00,721.04,721.07,718.11,719.68,2143.498,1541119.13469
BNBUSDT,1752735900000,2025-07-17 07:05:00,2025-07-17 16:05:00,719.68,719.68,716.82,717.11,1322.9,949908.68983
BNBUSDT,1752736200000,2025-07-17 07:10:00,2025-07-17 16:10:00,717.11,719.4,716.94,717.71,1873.184,1344956.4506
BNBUSDT,1752736500000,2025-07-17 07:15:00,2025-07-17 16:15:00,717.7,718.93,717.14,717.15,680.502,488558.34358
BNBUSDT,1752736800000,2025-07-17 07:20:00,2025-07-17 16:20:00,717.14,717.19,715.85,716.61,2183.188,1563914.67542
BNBUSDT,1752737100000,2025-07-17 07:25:00,2025-07-17 16:25:00,716.61,716.7,715.5,715.62,773.485,553691.30618
BNBUSDT,1752737400000,2025-07-17 07:30:00,2025-07-17 16:30:00,715.62,716.72,715.6,716.53,2181.829,1562134.61709
BNBUSDT,1752737700000,2025-07-17 07:35:00,2025-07-17 16:35:00,716.54,718.29,716.33,718.09,743.629,533580.83591
BNBUSDT,1752738000000,2025-07-17 07:40:00,2025-07-17 16:40:00,718.08,719.56,718.07,719.34,1381.634,993326.09578
BNBUSDT,1752738300000,2025-07-17 07:45:00,2025-07-17 16:45:00,719.33,719.88,719.08,719.61,590.421,424859.98312
BNBUSDT,1752738600000,2025-07-17 07:50:00,2025-07-17 16:50:00,719.61,720.32,719.22,719.22,997.344,717989.87109
BNBUSDT,1752738900000,2025-07-17 07:55:00,2025-07-17 16:55:00,719.23,721.45,719.06,720.9,981.374,706551.04206
BNBUSDT,1752739200000,2025-07-17 08:00:00,2025-07-17 17:00:00,720.91,721.45,720.34,721.08,939.865,677590.60509
BNBUSDT,1752739500000,2025-07-17 08:05:00,2025-07-17 17:05:00,721.07,721.1,720.04,720.08,910.908,656388.23109
BNBUSDT,1752739800000,2025-07-17 08:10:00,2025-07-17 17:10:00,720.07,720.29,719.58,719.8,1022.842,736324.77537
BNBUSDT,1752740100000,2025-07-17 08:15:00,2025-07-17 17:15:00,719.8,720.6,719.5,720.28,1634.938,1177044.53074
BNBUSDT,1752740400000,2025-07-17 08:20:00,2025-07-17 17:20:00,720.27,720.28,714.82,715,13732.646,9847568.84307
BNBUSDT,1752740700000,2025-07-17 08:25:00,2025-07-17 17:25:00,715,715.9,713.96,715.8,7984.786,5707893.40475
BNBUSDT,1752741000000,2025-07-17 08:30:00,2025-07-17 17:30:00,715.8,715.8,714.69,715.29,2119.512,1515894.93422
BNBUSDT,1752741300000,2025-07-17 08:35:00,2025-07-17 17:35:00,715.29,715.9,714.6,715.64,1168.668,835742.67095
BNBUSDT,1752741600000,2025-07-17 08:40:00,2025-07-17 17:40:00,715.63,716.75,715.54,716.4,702.692,503299.13791
BNBUSDT,1752741900000,2025-07-17 08:45:00,2025-07-17 17:45:00,716.4,716.52,716,716.01,643.649,461037.47002
BNBUSDT,1752742200000,2025-07-17 08:50:00,2025-07-17 17:50:00,716.01,716.52,715.65,716.5,741.346,530775.60843
BNBUSDT,1752742500000,2025-07-17 08:55:00,2025-07-17 17:55:00,716.5,718,716.5,717.95,548.195,393339.37291
BNBUSDT,1752742800000,2025-07-17 09:00:00,2025-07-17 18:00:00,717.94,718.72,717.13,718.54,650.465,467057.50364
BNBUSDT,1752743100000,2025-07-17 09:05:00,2025-07-17 18:05:00,718.55,719.32,718.54,719.18,842.667,605930.05581
BNBUSDT,1752743400000,2025-07-17 09:10:00,2025-07-17 18:10:00,719.18,719.29,716.8,716.8,1562.301,1122116.79129
BNBUSDT,1752743700000,2025-07-17 09:15:00,2025-07-17 18:15:00,716.8,716.8,714,714.62,1665.816,1191576.7595
BNBUSDT,1752744000000,2025-07-17 09:20:00,2025-07-17 18:20:00,714.62,716.55,714.62,716.06,784.536,561679.97983
BNBUSDT,1752744300000,2025-07-17 09:25:00,2025-07-17 18:25:00,716.06,717.7,715.6,717.57,973.924,698135.59154
BNBUSDT,1752744600000,2025-07-17 09:30:00,2025-07-17 18:30:00,717.57,718.36,717.36,717.48,976.366,700890.24571
BNBUSDT,1752744900000,2025-07-17 09:35:00,2025-07-17 18:35:00,717.48,719.08,717.46,718.81,995.582,715287.22341
BNBUSDT,1752745200000,2025-07-17 09:40:00,2025-07-17 18:40:00,718.81,719.9,718.53,719.88,867.481,623952.92465
BNBUSDT,1752745500000,2025-07-17 09:45:00,2025-07-17 18:45:00,719.89,720.57,719.04,720.57,1312.967,944936.89691
BNBUSDT,1752745800000,2025-07-17 09:50:00,2025-07-17 18:50:00,720.58,721.8,720.33,721.52,1779.31,1282954.09428
BNBUSDT,1752746100000,2025-07-17 09:55:00,2025-07-17 18:55:00,721.53,721.59,719.99,720.62,1415.315,1019854.61787
BNBUSDT,1752746400000,2025-07-17 10:00:00,2025-07-17 19:00:00,720.62,720.8,718.03,718.03,2194.825,1579206.25475
BNBUSDT,1752746700000,2025-07-17 10:05:00,2025-07-17 19:05:00,718.03,718.22,715.43,716.45,2250.016,1612068.21358
BNBUSDT,1752747000000,2025-07-17 10:10:00,2025-07-17 19:10:00,716.46,716.92,715.93,716.27,1186.118,849765.62819
BNBUSDT,1752747300000,2025-07-17 10:15:00,2025-07-17 19:15:00,716.26,717.62,716.04,717.28,757.974,543390.04991
BNBUSDT,1752747600000,2025-07-17 10:20:00,2025-07-17 19:20:00,717.27,719.2,717.1,718.51,1931.902,1387488.70107
BNBUSDT,1752747900000,2025-07-17 10:25:00,2025-07-17 19:25:00,718.51,718.51,716.5,717.28,643.146,461185.10889
BNBUSDT,1752748200000,2025-07-17 10:30:00,2025-07-17 19:30:00,717.28,717.67,716.61,716.61,426.591,305883.44757
BNBUSDT,1752748500000,2025-07-17 10:35:00,2025-07-17 19:35:00,716.61,717.63,715.6,717.31,987.585,707675.31703
BNBUSDT,1752748800000,2025-07-17 10:40:00,2025-07-17 19:40:00,717.31,717.31,715.39,715.68,884.226,633237.32372
BNBUSDT,1752749100000,2025-07-17 10:45:00,2025-07-17 19:45:00,715.69,716.41,715.43,715.79,553.368,396145.93672
BNBUSDT,1752749400000,2025-07-17 10:50:00,2025-07-17 19:50:00,715.79,715.83,715.03,715.25,557.239,398613.62751
BNBUSDT,1752749700000,2025-07-17 10:55:00,2025-07-17 19:55:00,715.24,716.8,715.24,715.97,460.587,329788.04296
BNBUSDT,1752750000000,2025-07-17 11:00:00,2025-07-17 20:00:00,715.97,716.55,715.35,715.98,581.599,416330.24274
BNBUSDT,1752750300000,2025-07-17 11:05:00,2025-07-17 20:05:00,715.98,717.55,715.97,717.21,695.609,498559.29802
BNBUSDT,1752750600000,2025-07-17 11:10:00,2025-07-17 20:10:00,717.23,719.2,717.22,719.02,929.177,667567.20655
BNBUSDT,1752750900000,2025-07-17 11:15:00,2025-07-17 20:15:00,719.02,719.4,718.21,719.23,677.09,486717.20698
BNBUSDT,1752751200000,2025-07-17 11:20:00,2025-07-17 20:20:00,719.22,719.3,717.86,719.1,664.262,477357.5872
BNBUSDT,1752751500000,2025-07-17 11:25:00,2025-07-17 20:25:00,719.1,719.6,718.35,719.15,675.429,485659.86012
BNBUSDT,1752751800000,2025-07-17 11:30:00,2025-07-17 20:30:00,719.15,719.23,717.18,717.78,609.876,437879.21468
BNBUSDT,1752752100000,2025-07-17 11:35:00,2025-07-17 20:35:00,717.79,719.56,717.73,719.34,881.791,633990.02519
BNBUSDT,1752752400000,2025-07-17 11:40:00,2025-07-17 20:40:00,719.34,719.39,718.47,718.6,570.311,410080.71391
BNBUSDT,1752752700000,2025-07-17 11:45:00,2025-07-17 20:45:00,718.59,718.68,717.61,718.2,555.904,399229.83233
BNBUSDT,1752753000000,2025-07-17 11:50:00,2025-07-17 20:50:00,718.21,719.5,718.13,719.09,777.474,558896.34864
BNBUSDT,1752753300000,2025-07-17 11:55:00,2025-07-17 20:55:00,719.08,719.08,717.62,717.65,778.376,559087.12788
BNBUSDT,1752753600000,2025-07-17 12:00:00,2025-07-17 21:00:00,717.64,718,716.11,716.16,982.506,704783.70821
BNBUSDT,1752753900000,2025-07-17 12:05:00,2025-07-17 21:05:00,716.17,716.36,714.77,715.16,2656.29,1901117.15578
BNBUSDT,1752754200000,2025-07-17 12:10:00,2025-07-17 21:10:00,715.16,717.87,715.15,717.86,640.882,459406.32277
BNBUSDT,1752754500000,2025-07-17 12:15:00,2025-07-17 21:15:00,717.87,718,716.47,716.62,1570.276,1127227.25946
BNBUSDT,1752754800000,2025-07-17 12:20:00,2025-07-17 21:20:00,716.61,716.61,714.14,714.59,1044.333,746486.07043
BNBUSDT,1752755100000,2025-07-17 12:25:00,2025-07-17 21:25:00,714.59,714.98,713.98,714.36,920.619,657641.96385
BNBUSDT,1752755400000,2025-07-17 12:30:00,2025-07-17 21:30:00,714.36,715.9,714,715.39,762.332,545148.32321
BNBUSDT,1752755700000,2025-07-17 12:35:00,2025-07-17 21:35:00,715.4,716.69,715.38,716.2,493.325,353282.07194
BNBUSDT,1752756000000,2025-07-17 12:40:00,2025-07-17 21:40:00,716.19,718.17,715.85,718.01,872.028,625653.74967
BNBUSDT,1752756300000,2025-07-17 12:45:00,2025-07-17 21:45:00,718.02,718.86,718.01,718.8,534.972,384337.49928
BNBUSDT,1752756600000,2025-07-17 12:50:00,2025-07-17 21:50:00,718.8,719.47,718.42,719.43,681.873,490221.36038
BNBUSDT,1752756900000,2025-07-17 12:55:00,2025-07-17 21:55:00,719.43,719.7,719.08,719.08,461.351,331876.31458
BNBUSDT,1752757200000,2025-07-17 13:00:00,2025-07-17 22:00:00,719.08,719.59,718.63,719.58,658.681,473690.75765
BNBUSDT,1752757500000,2025-07-17 13:05:00,2025-07-17 22:05:00,719.59,719.69,717.06,717.79,1265.351,908981.42247
BNBUSDT,1752757800000,2025-07-17 13:10:00,2025-07-17 22:10:00,717.79,719.45,717.71,718.8,1250.434,898562.54899
BNBUSDT,1752758100000,2025-07-17 13:15:00,2025-07-17 22:15:00,718.79,718.79,716.8,718.24,979.674,703327.06657
BNBUSDT,1752758400000,2025-07-17 13:20:00,2025-07-17 22:20:00,718.25,719.3,717.9,718.27,1149.028,825898.72558
BNBUSDT,1752758700000,2025-07-17 13:25:00,2025-07-17 22:25:00,718.28,719.5,718.28,719.06,868.347,624335.26646
BNBUSDT,1752759000000,2025-07-17 13:30:00,2025-07-17 22:30:00,719.07,719.4,716.36,716.55,1031.532,740292.78414
BNBUSDT,1752759300000,2025-07-17 13:35:00,2025-07-17 22:35:00,716.55,718.35,716.32,717.28,1244.734,892778.68728
BNBUSDT,1752759600000,2025-07-17 13:40:00,2025-07-17 22:40:00,717.28,717.83,713.53,713.55,2114.007,1514187.78787
BNBUSDT,1752759900000,2025-07-17 13:45:00,2025-07-17 22:45:00,713.52,715.54,711.96,715.41,2705.643,1929710.22428
BNBUSDT,1752760200000,2025-07-17 13:50:00,2025-07-17 22:50:00,715.42,719.01,715.42,718.85,1548.714,1111352.26346
BNBUSDT,1752760500000,2025-07-17 13:55:00,2025-07-17 22:55:00,718.86,722.42,718.57,720.03,4664.422,3362539.49131
BNBUSDT,1752760800000,2025-07-17 14:00:00,2025-07-17 23:00:00,720.02,725.65,719.96,724.3,7771.516,5624407.0202
BNBUSDT,1752761100000,2025-07-17 14:05:00,2025-07-17 23:05:00,724.3,726.4,723.67,724.89,4421.243,3206921.04545
BNBUSDT,1752761400000,2025-07-17 14:10:00,2025-07-17 23:10:00,724.89,726.22,723.61,726.1,3546.52,2571703.89754
BNBUSDT,1752761700000,2025-07-17 14:15:00,2025-07-17 23:15:00,726.1,726.68,723.84,724.21,2572.689,1866837.6807
BNBUSDT,1752762000000,2025-07-17 14:20:00,2025-07-17 23:20:00,724.21,727.85,724.15,725.57,3789.147,2750795.6351
BNBUSDT,1752762300000,2025-07-17 14:25:00,2025-07-17 23:25:00,725.56,727.09,725.49,727.08,1950.92,1416697.26252
BNBUSDT,1752762600000,2025-07-17 14:30:00,2025-07-17 23:30:00,727.09,727.09,725.49,725.53,1509.765,1096266.17334
BNBUSDT,1752762900000,2025-07-17 14:35:00,2025-07-17 23:35:00,725.53,726.17,725,725.51,1274.785,924925.12981
BNBUSDT,1752763200000,2025-07-17 14:40:00,2025-07-17 23:40:00,725.5,725.5,723.83,724.06,1070.037,775436.14064
BNBUSDT,1752763500000,2025-07-17 14:45:00,2025-07-17 23:45:00,724.05,725.17,723.92,724.1,1188.157,860904.30307
BNBUSDT,1752763800000,2025-07-17 14:50:00,2025-07-17 23:50:00,724.1,724.74,723.94,724.19,869.646,629863.13445
BNBUSDT,1752764100000,2025-07-17 14:55:00,2025-07-17 23:55:00,724.19,724.73,724.02,724.55,716.913,519264.51637
BNBUSDT,1752764400000,2025-07-17 15:00:00,2025-07-18 00:00:00,724.55,726.17,724.23,725.09,1326.95,962634.4557
BNBUSDT,1752764700000,2025-07-17 15:05:00,2025-07-18 00:05:00,725.09,725.95,723.09,723.21,1294.915,938451.87999
BNBUSDT,1752765000000,2025-07-17 15:10:00,2025-07-18 00:10:00,723.22,723.29,721.69,721.71,1091.619,788835.57761
BNBUSDT,1752765300000,2025-07-17 15:15:00,2025-07-18 00:15:00,721.72,723.14,720.79,722.61,1459.042,1053567.29293
BNBUSDT,1752765600000,2025-07-17 15:20:00,2025-07-18 00:20:00,722.61,723.15,721.69,722.89,1402.504,1013782.93997
BNBUSDT,1752765900000,2025-07-17 15:25:00,2025-07-18 00:25:00,722.89,723.01,720.79,721.29,1080.544,780377.69613
BNBUSDT,1752766200000,2025-07-17 15:30:00,2025-07-18 00:30:00,721.3,723.85,721.29,723.43,2853.84,2063078.21767
BNBUSDT,1752766500000,2025-07-17 15:35:00,2025-07-18 00:35:00,723.44,723.44,722.2,722.57,1462.19,1056794.54457
BNBUSDT,1752766800000,2025-07-17 15:40:00,2025-07-18 00:40:00,722.57,724.38,722.57,724.13,2148.818,1554842.28098
BNBUSDT,1752767100000,2025-07-17 15:45:00,2025-07-18 00:45:00,724.13,724.13,721.8,721.96,1062.544,768147.77683
BNBUSDT,1752767400000,2025-07-17 15:50:00,2025-07-18 00:50:00,721.95,722.88,721.8,722.21,1484.071,1072148.4248
BNBUSDT,1752767700000,2025-07-17 15:55:00,2025-07-18 00:55:00,722.2,722.51,721.36,721.36,766.198,553289.34121
BNBUSDT,1752768000000,2025-07-17 16:00:00,2025-07-18 01:00:00,721.37,722,720.44,720.95,1063.542,767300.68467
BNBUSDT,1752768300000,2025-07-17 16:05:00,2025-07-18 01:05:00,720.95,721.08,719.05,719.34,1819.576,1310113.39853
BNBUSDT,1752768600000,2025-07-17 16:10:00,2025-07-18 01:10:00,719.34,719.55,718,718.68,947.625,681072.93588
BNBUSDT,1752768900000,2025-07-17 16:15:00,2025-07-18 01:15:00,718.68,718.69,717,718,1442.718,1035371.20629
BNBUSDT,1752769200000,2025-07-17 16:20:00,2025-07-18 01:20:00,718,718.51,716.02,718.18,2278.394,1634412.29278
BNBUSDT,1752769500000,2025-07-17 16:25:00,2025-07-18 01:25:00,718.17,718.3,715.41,716.2,1700.258,1218811.05908
BNBUSDT,1752769800000,2025-07-17 16:30:00,2025-07-18 01:30:00,716.21,716.24,713.74,714.16,3858.304,2757672.98037
BNBUSDT,1752770100000,2025-07-17 16:35:00,2025-07-18 01:35:00,714.15,715.11,713.8,715.11,1045.8,747058.46496
BNBUSDT,1752770400000,2025-07-17 16:40:00,2025-07-18 01:40:00,715.11,716.5,713.8,714.88,2910.161,2082137.7415
BNBUSDT,1752770700000,2025-07-17 16:45:00,2025-07-18 01:45:00,714.87,715.1,713.89,714.35,1568.862,1120892.47146
BNBUSDT,1752771000000,2025-07-17 16:50:00,2025-07-18 01:50:00,714.41,716.3,714.4,714.9,1931.99,1382284.48792
BNBUSDT,1752771300000,2025-07-17 16:55:00,2025-07-18 01:55:00,714.89,715.8,714.04,715.73,1067.204,763081.70603
BNBUSDT,1752771600000,2025-07-17 17:00:00,2025-07-18 02:00:00,715.74,716,715.12,715.44,573.62,410519.23021
BNBUSDT,1752771900000,2025-07-17 17:05:00,2025-07-18 02:05:00,715.44,717.39,715.28,717.27,751.956,538751.58311
BNBUSDT,1752772200000,2025-07-17 17:10:00,2025-07-18 02:10:00,717.28,717.74,716.74,717.08,1412.437,1013055.36753
BNBUSDT,1752772500000,2025-07-17 17:15:00,2025-07-18 02:15:00,717.09,717.11,716.61,716.62,654.076,468944.46601
BNBUSDT,1752772800000,2025-07-17 17:20:00,2025-07-18 02:20:00,716.61,716.68,715.1,715.83,580.736,415664.71713
BNBUSDT,1752773100000,2025-07-17 17:25:00,2025-07-18 02:25:00,715.84,716.34,715.52,715.83,680.756,487380.76609
BNBUSDT,1752773400000,2025-07-17 17:30:00,2025-07-18 02:30:00,715.83,717.25,714.69,715.54,2293.681,1642059.34981
BNBUSDT,1752773700000,2025-07-17 17:35:00,2025-07-18 02:35:00,715.55,715.88,714.26,714.26,716.433,512399.75242
BNBUSDT,1752774000000,2025-07-17 17:40:00,2025-07-18 02:40:00,714.25,715.74,713.96,715.73,797.036,569804.01551
BNBUSDT,1752774300000,2025-07-17 17:45:00,2025-07-18 02:45:00,715.73,717.85,715.24,717.6,1434.534,1027907.99494
BNBUSDT,1752774600000,2025-07-17 17:50:00,2025-07-18 02:50:00,717.6,718.38,717.58,718.21,798.872,573495.06271
BNBUSDT,1752774900000,2025-07-17 17:55:00,2025-07-18 02:55:00,718.21,719.55,718,718.99,1959.599,1408404.32256
BNBUSDT,1752775200000,2025-07-17 18:00:00,2025-07-18 03:00:00,719,719.52,718.2,718.42,510.498,366994.0876
BNBUSDT,1752775500000,2025-07-17 18:05:00,2025-07-18 03:05:00,718.42,718.94,718.1,718.68,742.903,533782.69953
BNBUSDT,1752775800000,2025-07-17 18:10:00,2025-07-18 03:10:00,718.67,718.68,717.27,717.51,330.876,237461.4918
BNBUSDT,1752776100000,2025-07-17 18:15:00,2025-07-18 03:15:00,717.52,719.09,717.51,719.01,244.563,175654.734
BNBUSDT,1752776400000,2025-07-17 18:20:00,2025-07-18 03:20:00,719.01,719.8,719,719.57,256.013,184219.0618
BNBUSDT,1752776700000,2025-07-17 18:25:00,2025-07-18 03:25:00,719.56,720.25,719,720.1,364.795,262518.74188
BNBUSDT,1752777000000,2025-07-17 18:30:00,2025-07-18 03:30:00,720.11,720.4,720.05,720.29,260.811,187829.81784
BNBUSDT,1752777300000,2025-07-17 18:35:00,2025-07-18 03:35:00,720.3,720.3,719.52,719.65,257.587,185420.37188
BNBUSDT,1752777600000,2025-07-17 18:40:00,2025-07-18 03:40:00,719.65,720,719.29,719.34,351.546,252980.9722
BNBUSDT,1752777900000,2025-07-17 18:45:00,2025-07-18 03:45:00,719.34,720.33,718.9,720.17,1101.272,792365.87836
BNBUSDT,1752778200000,2025-07-17 18:50:00,2025-07-18 03:50:00,720.17,720.51,720.12,720.35,311.889,224679.24204
BNBUSDT,1752778500000,2025-07-17 18:55:00,2025-07-18 03:55:00,720.34,720.47,720.13,720.21,307.503,221494.34916
BNBUSDT,1752778800000,2025-07-17 19:00:00,2025-07-18 04:00:00,720.21,720.28,719.93,719.99,282.336,203301.8886
BNBUSDT,1752779100000,2025-07-17 19:05:00,2025-07-18 04:05:00,719.99,720.27,719.68,720.17,341.671,245966.92428
BNBUSDT,1752779400000,2025-07-17 19:10:00,2025-07-18 04:10:00,720.17,720.28,719.75,719.99,233.05,167789.68023
BNBUSDT,1752779700000,2025-07-17 19:15:00,2025-07-18 04:15:00,719.99,720.49,719.7,720.39,396.411,285462.9798
BNBUSDT,1752780000000,2025-07-17 19:20:00,2025-07-18 04:20:00,720.39,720.5,719.73,719.93,391.628,282069.77293
BNBUSDT,1752780300000,2025-07-17 19:25:00,2025-07-18 04:25:00,719.92,719.93,719.64,719.89,263.886,189946.21936
BNBUSDT,1752780600000,2025-07-17 19:30:00,2025-07-18 04:30:00,719.9,720.5,719.87,720.49,445.115,320596.55511
BNBUSDT,1752780900000,2025-07-17 19:35:00,2025-07-18 04:35:00,720.5,720.55,720.15,720.2,546.688,393805.23451
BNBUSDT,1752781200000,2025-07-17 19:40:00,2025-07-18 04:40:00,720.2,720.65,719.89,719.94,401.965,289504.72985
BNBUSDT,1752781500000,2025-07-17 19:45:00,2025-07-18 04:45:00,719.94,719.94,717.92,718.53,665.193,478059.05644
BNBUSDT,1752781800000,2025-07-17 19:50:00,2025-07-18 04:50:00,718.54,718.83,717.8,717.8,869.328,624528.70897
BNBUSDT,1752782100000,2025-07-17 19:55:00,2025-07-18 04:55:00,717.8,717.8,715.07,715.61,1367.637,979221.05473
BNBUSDT,1752782400000,2025-07-17 20:00:00,2025-07-18 05:00:00,715.61,716.02,714.08,714.2,881.199,629888.35389
BNBUSDT,1752782700000,2025-07-17 20:05:00,2025-07-18 05:05:00,714.2,714.2,709.98,711.34,5149.74,3664902.89134
BNBUSDT,1752783000000,2025-07-17 20:10:00,2025-07-18 05:10:00,711.34,714.62,711.27,713.79,1319.271,940738.57634
BNBUSDT,1752783300000,2025-07-17 20:15:00,2025-07-18 05:15:00,713.78,714.4,713.1,713.54,921.931,658221.19681
BNBUSDT,1752783600000,2025-07-17 20:20:00,2025-07-18 05:20:00,713.54,713.58,711.5,712.93,1252.778,892326.57731
BNBUSDT,1752783900000,2025-07-17 20:25:00,2025-07-18 05:25:00,712.93,714.34,712.71,713.46,724.561,517023.39596
BNBUSDT,1752784200000,2025-07-17 20:30:00,2025-07-18 05:30:00,713.45,714.41,713.01,713.01,573.402,409410.34099
BNBUSDT,1752784500000,2025-07-17 20:35:00,2025-07-18 05:35:00,713.01,714.83,713.01,714.82,528.734,377528.17893
BNBUSDT,1752784800000,2025-07-17 20:40:00,2025-07-18 05:40:00,714.82,715.77,714.61,715.38,517.185,369926.10626
BNBUSDT,1752785100000,2025-07-17 20:45:00,2025-07-18 05:45:00,715.38,716.2,714.86,714.86,466.49,333873.92275
BNBUSDT,1752785400000,2025-07-17 20:50:00,2025-07-18 05:50:00,714.87,715.66,714.72,715.66,443.858,317442.02263
BNBUSDT,1752785700000,2025-07-17 20:55:00,2025-07-18 05:55:00,715.66,716.02,714.91,716.01,746.216,533768.52532
BNBUSDT,1752786000000,2025-07-17 21:00:00,2025-07-18 06:00:00,716.02,718.46,715.91,718.45,865.047,620055.60829
BNBUSDT,1752786300000,2025-07-17 21:05:00,2025-07-18 06:05:00,718.45,720.28,718.15,719.93,990.374,712621.15351
BNBUSDT,1752786600000,2025-07-17 21:10:00,2025-07-18 06:10:00,719.93,720.95,718.76,720.21,1739.072,1251886.94747
BNBUSDT,1752786900000,2025-07-17 21:15:00,2025-07-18 06:15:00,720.2,721.9,720.2,721.89,1986.848,1432999.19395
BNBUSDT,1752787200000,2025-07-17 21:20:00,2025-07-18 06:20:00,721.9,723.82,721.58,723.02,841.709,608309.67963
BNBUSDT,1752787500000,2025-07-17 21:25:00,2025-07-18 06:25:00,723.03,723.47,721.65,723.42,1296.887,936905.41299
BNBUSDT,1752787800000,2025-07-17 21:30:00,2025-07-18 06:30:00,723.42,723.5,722.34,723.13,995.993,720038.94071
BNBUSDT,1752788100000,2025-07-17 21:35:00,2025-07-18 06:35:00,723.14,723.14,718.68,721.3,1667.889,1201458.04708
BNBUSDT,1752788400000,2025-07-17 21:40:00,2025-07-18 06:40:00,721.3,722.6,721.2,722.6,586.257,423227.63409
BNBUSDT,1752788700000,2025-07-17 21:45:00,2025-07-18 06:45:00,722.6,723.66,722.41,722.71,555.558,401678.38008
BNBUSDT,1752789000000,2025-07-17 21:50:00,2025-07-18 06:50:00,722.71,723.66,722.67,723.37,408.143,295153.44077
BNBUSDT,1752789300000,2025-07-17 21:55:00,2025-07-18 06:55:00,723.36,723.62,722.74,723.03,536.53,388029.72191
BNBUSDT,1752789600000,2025-07-17 22:00:00,2025-07-18 07:00:00,723.04,724.2,722.73,723.68,887.116,641899.09463
BNBUSDT,1752789900000,2025-07-17 22:05:00,2025-07-18 07:05:00,723.68,724.23,722.9,724.22,611.656,442457.74328
BNBUSDT,1752790200000,2025-07-17 22:10:00,2025-07-18 07:10:00,724.23,724.7,723.91,724.62,699.113,506413.04521
BNBUSDT,1752790500000,2025-07-17 22:15:00,2025-07-18 07:15:00,724.61,724.95,724.26,724.62,644.854,467252.88494
BNBUSDT,1752790800000,2025-07-17 22:20:00,2025-07-18 07:20:00,724.61,724.62,723.36,723.37,491.595,355808.4778
BNBUSDT,1752791100000,2025-07-17 22:25:00,2025-07-18 07:25:00,723.36,723.73,723.36,723.47,508.237,367747.13239
BNBUSDT,1752791400000,2025-07-17 22:30:00,2025-07-18 07:30:00,723.48,724.34,723.28,724.24,526.984,381432.9575
BNBUSDT,1752791700000,2025-07-17 22:35:00,2025-07-18 07:35:00,724.24,724.7,724.23,724.47,348.914,252784.66852
BNBUSDT,1752792000000,2025-07-17 22:40:00,2025-07-18 07:40:00,724.47,724.6,724.12,724.33,492.911,357096.09401
BNBUSDT,1752792300000,2025-07-17 22:45:00,2025-07-18 07:45:00,724.32,725.49,724.1,724.19,2602.951,1886933.80692
BNBUSDT,1752792600000,2025-07-17 22:50:00,2025-07-18 07:50:00,724.19,724.19,722.02,722.35,1149.545,830838.91554
BNBUSDT,1752792900000,2025-07-17 22:55:00,2025-07-18 07:55:00,722.36,723.33,722.15,723.33,411.435,297363.69344
BNBUSDT,1752793200000,2025-07-17 23:00:00,2025-07-18 08:00:00,723.33,723.87,722.75,722.79,868.956,628487.43219
BNBUSDT,1752793500000,2025-07-17 23:05:00,2025-07-18 08:05:00,722.79,722.82,720.73,722.17,1153.206,832393.98925
BNBUSDT,1752793800000,2025-07-17 23:10:00,2025-07-18 08:10:00,722.17,722.7,721.73,722.46,734.792,530637.30901
BNBUSDT,1752794100000,2025-07-17 23:15:00,2025-07-18 08:15:00,722.46,724.9,722.45,723.76,1529.196,1107574.59923
BNBUSDT,1752794400000,2025-07-17 23:20:00,2025-07-18 08:20:00,723.77,724.8,723.22,724.19,920.127,665994.62629
BNBUSDT,1752794700000,2025-07-17 23:25:00,2025-07-18 08:25:00,724.2,724.23,722.57,723.17,725.823,524917.84448
BNBUSDT,1752795000000,2025-07-17 23:30:00,2025-07-18 08:30:00,723.17,723.26,722.19,722.2,555.712,401648.71588
BNBUSDT,1752795300000,2025-07-17 23:35:00,2025-07-18 08:35:00,722.2,722.96,721.79,722.66,827.909,598001.24778
BNBUSDT,1752795600000,2025-07-17 23:40:00,2025-07-18 08:40:00,722.67,723.54,722.54,722.6,806.315,582986.25228
BNBUSDT,1752795900000,2025-07-17 23:45:00,2025-07-18 08:45:00,722.61,723.16,721.88,722.04,699.293,505388.6938
BNBUSDT,1752796200000,2025-07-17 23:50:00,2025-07-18 08:50:00,722.03,722.04,721.2,721.41,594.141,428683.82373
BNBUSDT,1752796500000,2025-07-17 23:55:00,2025-07-18 08:55:00,721.41,721.41,720.15,720.65,525.618,378786.52468
BNBUSDT,1752796800000,2025-07-18 00:00:00,2025-07-18 09:00:00,720.64,722.52,720.41,722.52,814.178,587162.5886
BNBUSDT,1752797100000,2025-07-18 00:05:00,2025-07-18 09:05:00,722.53,722.64,720.08,720.84,1142.791,824075.96436
BNBUSDT,1752797400000,2025-07-18 00:10:00,2025-07-18 09:10:00,720.85,720.93,719.83,720.5,1097.336,790312.78589
BNBUSDT,1752797700000,2025-07-18 00:15:00,2025-07-18 09:15:00,720.51,721.25,720.36,720.79,785.999,566498.096
BNBUSDT,1752798000000,2025-07-18 00:20:00,2025-07-18 09:20:00,720.78,722.83,720.78,722.11,494.459,356933.9728
BNBUSDT,1752798300000,2025-07-18 00:25:00,2025-07-18 09:25:00,722.1,723.2,721.6,722.88,828.69,598708.22416
BNBUSDT,1752798600000,2025-07-18 00:30:00,2025-07-18 09:30:00,722.87,724.05,722.71,723.85,476.324,344548.12211
BNBUSDT,1752798900000,2025-07-18 00:35:00,2025-07-18 09:35:00,723.85,724.98,723.85,724.86,528.638,383005.54831
BNBUSDT,1752799200000,2025-07-18 00:40:00,2025-07-18 09:40:00,724.85,725.58,724.29,725.58,833.314,603974.60897
BNBUSDT,1752799500000,2025-07-18 00:45:00,2025-07-18 09:45:00,725.57,727.1,725.5,726.8,2148.955,1561074.37642
BNBUSDT,1752799800000,2025-07-18 00:50:00,2025-07-18 09:50:00,726.8,727.5,725.91,727.24,1258.753,914856.55899
BNBUSDT,1752800100000,2025-07-18 00:55:00,2025-07-18 09:55:00,727.24,728.39,727,728.38,1776.838,1293199.28947
BNBUSDT,1752800400000,2025-07-18 01:00:00,2025-07-18 10:00:00,728.37,729,727.89,728.3,2520.035,1835784.57082
BNBUSDT,1752800700000,2025-07-18 01:05:00,2025-07-18 10:05:00,728.31,729,728.13,729,1147.232,835838.28076
BNBUSDT,1752801000000,2025-07-18 01:10:00,2025-07-18 10:10:00,729,731.7,729,731.42,6310.088,4607726.07262
BNBUSDT,1752801300000,2025-07-18 01:15:00,2025-07-18 10:15:00,731.41,731.41,729.21,730.54,2655.591,1938798.552
BNBUSDT,1752801600000,2025-07-18 01:20:00,2025-07-18 10:20:00,730.54,730.84,729.22,730.13,1556.059,1135960.56466
BNBUSDT,1752801900000,2025-07-18 01:25:00,2025-07-18 10:25:00,730.13,731.29,728.7,730.72,2016.722,1472883.96147
BNBUSDT,1752802200000,2025-07-18 01:30:00,2025-07-18 10:30:00,730.71,731.19,729.44,730.96,1120.325,818483.30847
BNBUSDT,1752802500000,2025-07-18 01:35:00,2025-07-18 10:35:00,730.96,731.15,730.56,730.79,1432.703,1047110.90822
BNBUSDT,1752802800000,2025-07-18 01:40:00,2025-07-18 10:40:00,730.78,731.72,730.13,730.27,1182.106,864045.61054
BNBUSDT,1752803100000,2025-07-18 01:45:00,2025-07-18 10:45:00,730.28,731.98,729.64,731.29,1615.72,1181246.23199
BNBUSDT,1752803400000,2025-07-18 01:50:00,2025-07-18 10:50:00,731.29,731.66,730.7,731.65,1181.445,863962.06861
BNBUSDT,1752803700000,2025-07-18 01:55:00,2025-07-18 10:55:00,731.65,733,731.6,732.49,2695.143,1973131.63028
BNBUSDT,1752804000000,2025-07-18 02:00:00,2025-07-18 11:00:00,732.5,732.6,729.75,730.25,1216.101,888986.76187
BNBUSDT,1752804300000,2025-07-18 02:05:00,2025-07-18 11:05:00,730.25,730.71,727.89,729.34,2382.905,1736645.55784
BNBUSDT,1752804600000,2025-07-18 02:10:00,2025-07-18 11:10:00,729.34,729.4,728.41,728.59,1765.898,1287386.29819
BNBUSDT,1752804900000,2025-07-18 02:15:00,2025-07-18 11:15:00,728.59,728.59,726.62,727.81,1481.526,1077638.34609
BNBUSDT,1752805200000,2025-07-18 02:20:00,2025-07-18 11:20:00,727.81,727.92,726.99,727.23,1216.916,885178.88115
BNBUSDT,1752805500000,2025-07-18 02:25:00,2025-07-18 11:25:00,727.22,728.79,727.16,728.76,1302.801,948543.81171
BNBUSDT,1752805800000,2025-07-18 02:30:00,2025-07-18 11:30:00,728.77,729.26,728.55,728.76,886.952,646455.91862
BNBUSDT,1752806100000,2025-07-18 02:35:00,2025-07-18 11:35:00,728.77,729.55,728.74,728.93,677.839,494221.43769
BNBUSDT,1752806400000,2025-07-18 02:40:00,2025-07-18 11:40:00,728.93,729.92,728.28,728.89,1703.16,1241742.74852
BNBUSDT,1752806700000,2025-07-18 02:45:00,2025-07-18 11:45:00,728.88,731.32,728.31,731.25,1447.031,1056077.95136
BNBUSDT,1752807000000,2025-07-18 02:50:00,2025-07-18 11:50:00,731.24,731.89,730.73,731.76,1282.656,937872.80475
BNBUSDT,1752807300000,2025-07-18 02:55:00,2025-07-18 11:55:00,731.76,731.99,731.17,731.81,646.742,473188.75165
BNBUSDT,1752807600000,2025-07-18 03:00:00,2025-07-18 12:00:00,731.8,732.4,730.84,731.47,1208.47,884097.41744
BNBUSDT,1752807900000,2025-07-18 03:05:00,2025-07-18 12:05:00,731.46,732.34,731.14,732.04,1015.234,742967.79318
BNBUSDT,1752808200000,2025-07-18 03:10:00,2025-07-18 12:10:00,732.05,732.97,731.68,732.67,1113.515,815317.75923
BNBUSDT,1752808500000,2025-07-18 03:15:00,2025-07-18 12:15:00,732.68,732.68,732.2,732.55,606.7,444377.62395
BNBUSDT,1752808800000,2025-07-18 03:20:00,2025-07-18 12:20:00,732.55,733.38,732.38,733.26,1202.431,881280.78671
BNBUSDT,1752809100000,2025-07-18 03:25:00,2025-07-18 12:25:00,733.26,733.37,731.9,732.09,2090.663,1532033.7078
BNBUSDT,1752809400000,2025-07-18 03:30:00,2025-07-18 12:30:00,732.1,733.38,731.83,732.87,1015.571,744023.81128
BNBUSDT,1752809700000,2025-07-18 03:35:00,2025-07-18 12:35:00,732.87,734.66,732.7,733.84,1255.27,921196.99393
BNBUSDT,1752810000000,2025-07-18 03:40:00,2025-07-18 12:40:00,733.84,734.76,733.59,734.42,806.919,592464.68958
BNBUSDT,1752810300000,2025-07-18 03:45:00,2025-07-18 12:45:00,734.42,735.89,734.33,734.84,3091.237,2272310.98397
BNBUSDT,1752810600000,2025-07-18 03:50:00,2025-07-18 12:50:00,734.83,735.1,734.42,734.66,925.898,680372.14336
BNBUSDT,1752810900000,2025-07-18 03:55:00,2025-07-18 12:55:00,734.67,736.47,734.6,736.43,1544.7,1136542.62989
BNBUSDT,1752811200000,2025-07-18 04:00:00,2025-07-18 13:00:00,736.44,736.44,733.55,733.64,3290.939,2418840.07287
BNBUSDT,1752811500000,2025-07-18 04:05:00,2025-07-18 13:05:00,733.64,735.75,733.57,735.31,1724.016,1267098.11478
BNBUSDT,1752811800000,2025-07-18 04:10:00,2025-07-18 13:10:00,735.32,736.56,734.6,735.95,1427.543,1050108.70145
BNBUSDT,1752812100000,2025-07-18 04:15:00,2025-07-18 13:15:00,735.95,736.26,735.35,735.47,1131.791,832824.26222
BNBUSDT,1752812400000,2025-07-18 04:20:00,2025-07-18 13:20:00,735.46,737,735.17,736.6,1611.576,1186958.1935
BNBUSDT,1752812700000,2025-07-18 04:25:00,2025-07-18 13:25:00,736.61,738.58,736.3,738.45,3457.861,2550749.69628
BNBUSDT,1752813000000,2025-07-18 04:30:00,2025-07-18 13:30:00,738.45,742.57,738.4,741.69,6418.812,4750588.5859
BNBUSDT,1752813300000,2025-07-18 04:35:00,2025-07-18 13:35:00,741.68,742.88,740.31,740.7,4375.782,3244820.89801
BNBUSDT,1752813600000,2025-07-18 04:40:00,2025-07-18 13:40:00,740.71,741.96,740.4,741.69,2191.417,1624309.17929
BNBUSDT,1752813900000,2025-07-18 04:45:00,2025-07-18 13:45:00,741.69,742.03,740.81,741.7,1345.777,997776.67871
BNBUSDT,1752814200000,2025-07-18 04:50:00,2025-07-18 13:50:00,741.7,743.5,740.4,743.2,3485.066,2585377.27374
BNBUSDT,1752814500000,2025-07-18 04:55:00,2025-07-18 13:55:00,743.19,744,742.59,743.55,1396.222,1037821.38466
BNBUSDT,1752814800000,2025-07-18 05:00:00,2025-07-18 14:00:00,743.55,743.55,740.71,742.14,3255.043,2414196.91956
BNBUSDT,1752815100000,2025-07-18 05:05:00,2025-07-18 14:05:00,742.14,745,742.13,744.55,2840.264,2112016.36902
BNBUSDT,1752815400000,2025-07-18 05:10:00,2025-07-18 14:10:00,744.56,745,742.65,745,3068.618,2283953.45944
BNBUSDT,1752815700000,2025-07-18 05:15:00,2025-07-18 14:15:00,745,747.18,744.99,746.61,4028.403,3004547.28092
BNBUSDT,1752816000000,2025-07-18 05:20:00,2025-07-18 14:20:00,746.6,746.8,744.91,746.34,2373.56,1770596.60223
BNBUSDT,1752816300000,2025-07-18 05:25:00,2025-07-18 14:25:00,746.34,747.81,745.95,746.92,2512.388,1876765.63446
BNBUSDT,1752816600000,2025-07-18 05:30:00,2025-07-18 14:30:00,746.92,747.74,746.5,747.43,2141.736,1600503.82448
BNBUSDT,1752816900000,2025-07-18 05:35:00,2025-07-18 14:35:00,747.44,747.62,746.14,747.24,1424.386,1063920.74148
BNBUSDT,1752817200000,2025-07-18 05:40:00,2025-07-18 14:40:00,747.25,748.09,746.57,746.89,2917.861,2180974.64872
BNBUSDT,1752817500000,2025-07-18 05:45:00,2025-07-18 14:45:00,746.9,747.55,746.33,746.75,2993.366,2235964.65857
BNBUSDT,1752817800000,2025-07-18 05:50:00,2025-07-18 14:50:00,746.74,748.3,746.6,748.05,1574.51,1177118.42252
BNBUSDT,1752818100000,2025-07-18 05:55:00,2025-07-18 14:55:00,748.05,748.22,747.26,747.8,1014.778,758865.34848
BNBUSDT,1752818400000,2025-07-18 06:00:00,2025-07-18 15:00:00,747.82,748.22,746.41,747.35,1160.951,867984.37223
BNBUSDT,1752818700000,2025-07-18 06:05:00,2025-07-18 15:05:00,747.35,748.24,746.33,746.85,1784.904,1333634.96668
BNBUSDT,1752819000000,2025-07-18 06:10:00,2025-07-18 15:10:00,746.85,746.97,744.64,746.72,2496.533,1861115.99065
BNBUSDT,1752819300000,2025-07-18 06:15:00,2025-07-18 15:15:00,746.72,747.49,745.65,746.78,1731.404,1292375.71378
BNBUSDT,1752819600000,2025-07-18 06:20:00,2025-07-18 15:20:00,746.77,748.4,746.14,746.31,3139.72,2346306.24979
BNBUSDT,1752819900000,2025-07-18 06:25:00,2025-07-18 15:25:00,746.31,746.31,744.8,745.64,2060.958,1536462.7644
BNBUSDT,1752820200000,2025-07-18 06:30:00,2025-07-18 15:30:00,745.64,747.6,745.13,746.73,2027.849,1513686.37791
BNBUSDT,1752820500000,2025-07-18 06:35:00,2025-07-18 15:35:00,746.73,747.78,746.22,747.5,878.061,656146.31099
BNBUSDT,1752820800000,2025-07-18 06:40:00,2025-07-18 15:40:00,747.5,747.71,746.39,747.06,1181.784,882944.31972
BNBUSDT,1752821100000,2025-07-18 06:45:00,2025-07-18 15:45:00,747.06,748.09,747,747.17,870.957,651209.93345
BNBUSDT,1752821400000,2025-07-18 06:50:00,2025-07-18 15:50:00,747.16,747.41,746.61,746.61,1169.393,873719.47636
BNBUSDT,1752821700000,2025-07-18 06:55:00,2025-07-18 15:55:00,746.62,747,745.34,745.47,1250.151,932458.65425
BNBUSDT,1752822000000,2025-07-18 07:00:00,2025-07-18 16:00:00,745.46,746.79,745.46,746.79,1302.804,972124.93384
BNBUSDT,1752822300000,2025-07-18 07:05:00,2025-07-18 16:05:00,746.8,747.13,745.62,746.51,1136.746,848562.33711
BNBUSDT,1752822600000,2025-07-18 07:10:00,2025-07-18 16:10:00,746.5,746.74,743.34,743.93,1726.608,1286158.14541
BNBUSDT,1752822900000,2025-07-18 07:15:00,2025-07-18 16:15:00,743.92,744.97,743,743.04,1614.78,1201012.91206
BNBUSDT,1752823200000,2025-07-18 07:20:00,2025-07-18 16:20:00,743.03,744.52,742.6,744.52,1823.322,1355138.96338
BNBUSDT,1752823500000,2025-07-18 07:25:00,2025-07-18 16:25:00,744.52,744.89,743.5,744.88,927.574,690457.21984
BNBUSDT,1752823800000,2025-07-18 07:30:00,2025-07-18 16:30:00,744.89,745.8,742.9,742.91,1752.661,1304834.71899
BNBUSDT,1752824100000,2025-07-18 07:35:00,2025-07-18 16:35:00,742.91,743.26,740.85,740.85,2404.154,1784004.20204
BNBUSDT,1752824400000,2025-07-18 07:40:00,2025-07-18 16:40:00,740.95,742.49,740.11,741.77,2415.297,1790658.25629
BNBUSDT,1752824700000,2025-07-18 07:45:00,2025-07-18 16:45:00,741.77,741.94,740.34,740.55,1688.923,1251522.26372
BNBUSDT,1752825000000,2025-07-18 07:50:00,2025-07-18 16:50:00,740.55,740.9,740,740.42,5376.067,3978903.85529
BNBUSDT,1752825300000,2025-07-18 07:55:00,2025-07-18 16:55:00,740.43,741.4,740,740.28,5911.913,4376499.49809
BNBUSDT,1752825600000,2025-07-18 08:00:00,2025-07-18 17:00:00,740.28,741.08,737.08,737.5,3815.067,2822991.26955
BNBUSDT,1752825900000,2025-07-18 08:05:00,2025-07-18 17:05:00,737.5,740.29,737.46,738.42,2056.388,1519853.96202
BNBUSDT,1752826200000,2025-07-18 08:10:00,2025-07-18 17:10:00,738.43,740.44,738.05,739.7,1912.177,1413507.7854
BNBUSDT,1752826500000,2025-07-18 08:15:00,2025-07-18 17:15:00,739.7,741,739.39,740.28,2264.96,1677431.9778
BNBUSDT,1752826800000,2025-07-18 08:20:00,2025-07-18 17:20:00,740.27,742.08,740.16,741.74,5736.528,4250656.70069
BNBUSDT,1752827100000,2025-07-18 08:25:00,2025-07-18 17:25:00,741.74,741.83,740.68,741.45,1018.575,755114.61606
BNBUSDT,1752827400000,2025-07-18 08:30:00,2025-07-18 17:30:00,741.44,741.57,738.5,738.87,1838.95,1360757.25198
BNBUSDT,1752827700000,2025-07-18 08:35:00,2025-07-18 17:35:00,738.87,740.13,737.13,737.24,2302.894,1700832.38509
BNBUSDT,1752828000000,2025-07-18 08:40:00,2025-07-18 17:40:00,737.24,737.28,734.5,734.8,2297.187,1689863.21331
BNBUSDT,1752828300000,2025-07-18 08:45:00,2025-07-18 17:45:00,734.81,737.38,734.36,736.69,1517.099,1116821.35919
BNBUSDT,1752828600000,2025-07-18 08:50:00,2025-07-18 17:50:00,736.7,737.78,735.84,737.51,2280.148,1680302.50569
BNBUSDT,1752828900000,2025-07-18 08:55:00,2025-07-18 17:55:00,737.5,737.62,735.85,735.87,1433.684,1056312.50957
BNBUSDT,1752829200000,2025-07-18 09:00:00,2025-07-18 18:00:00,735.88,736.45,733.13,734.16,2669.329,1961473.46651
BNBUSDT,1752829500000,2025-07-18 09:05:00,2025-07-18 18:05:00,734.17,735,733.19,734.51,3066.593,2251931.73268
BNBUSDT,1752829800000,2025-07-18 09:10:00,2025-07-18 18:10:00,734.51,737.33,734.5,736.84,2867.718,2111068.84145
BNBUSDT,1752830100000,2025-07-18 09:15:00,2025-07-18 18:15:00,736.84,737.36,735.84,736.72,2698.047,1987581.72786
BNBUSDT,1752830400000,2025-07-18 09:20:00,2025-07-18 18:20:00,736.73,736.88,734.79,735.91,1705.991,1255301.40165
BNBUSDT,1752830700000,2025-07-18 09:25:00,2025-07-18 18:25:00,735.91,736.27,735,735.42,1729.013,1271992.0957
BNBUSDT,1752831000000,2025-07-18 09:30:00,2025-07-18 18:30:00,735.42,736.92,734.96,735.89,1904.587,1401716.06636
BNBUSDT,1752831300000,2025-07-18 09:35:00,2025-07-18 18:35:00,735.89,737.47,735.43,737.42,1127.259,830239.62156
BNBUSDT,1752831600000,2025-07-18 09:40:00,2025-07-18 18:40:00,737.42,738.06,736.69,736.76,1142.885,842699.94874
BNBUSDT,1752831900000,2025-07-18 09:45:00,2025-07-18 18:45:00,736.76,737.54,735.72,737.32,1455.86,1072661.51654
BNBUSDT,1752832200000,2025-07-18 09:50:00,2025-07-18 18:50:00,737.31,738.14,737.31,737.41,767.087,565971.88928
BNBUSDT,1752832500000,2025-07-18 09:55:00,2025-07-18 18:55:00,737.42,739.45,737.41,738.91,1134.141,837806.64108
BNBUSDT,1752832800000,2025-07-18 10:00:00,2025-07-18 19:00:00,738.91,739.27,737.54,737.55,1061.969,784439.93224
BNBUSDT,1752833100000,2025-07-18 10:05:00,2025-07-18 19:05:00,737.55,738.28,736.67,737.34,1065.177,785458.90933
BNBUSDT,1752833400000,2025-07-18 10:10:00,2025-07-18 19:10:00,737.34,738.54,736.54,737.38,1697.16,1251759.9795
BNBUSDT,1752833700000,2025-07-18 10:15:00,2025-07-18 19:15:00,737.38,738.26,735.78,735.91,2112.105,1555780.80208
BNBUSDT,1752834000000,2025-07-18 10:20:00,2025-07-18 19:20:00,735.9,736.4,734.76,736.39,1023.414,752671.4629
BNBUSDT,1752834300000,2025-07-18 10:25:00,2025-07-18 19:25:00,736.39,737.36,736.06,736.07,769.324,566774.50708
BNBUSDT,1752834600000,2025-07-18 10:30:00,2025-07-18 19:30:00,736.07,737.03,736.06,737.03,721.881,531753.54348
BNBUSDT,1752834900000,2025-07-18 10:35:00,2025-07-18 19:35:00,737.02,737.25,734.9,735.06,1127.446,829891.05491
BNBUSDT,1752835200000,2025-07-18 10:40:00,2025-07-18 19:40:00,735.06,736,734.8,736,1001.319,736255.08414
BNBUSDT,1752835500000,2025-07-18 10:45:00,2025-07-18 19:45:00,735.99,737.69,735.2,737.56,702.563,517287.27224
BNBUSDT,1752835800000,2025-07-18 10:50:00,2025-07-18 19:50:00,737.56,739.36,737.5,739.11,772.122,570051.49936
BNBUSDT,1752836100000,2025-07-18 10:55:00,2025-07-18 19:55:00,739.1,739.92,738.65,739.42,703.099,519892.45154
BNBUSDT,1752836400000,2025-07-18 11:00:00,2025-07-18 20:00:00,739.41,739.69,738.06,738.07,530.533,392129.73535
BNBUSDT,1752836700000,2025-07-18 11:05:00,2025-07-18 20:05:00,738.06,738.96,738.05,738.6,515.859,380927.47573
BNBUSDT,1752837000000,2025-07-18 11:10:00,2025-07-18 20:10:00,738.59,738.73,735.89,735.89,769.955,567742.33371
BNBUSDT,1752837300000,2025-07-18 11:15:00,2025-07-18 20:15:00,735.89,736.44,734.88,735.18,762.356,560853.32858
BNBUSDT,1752837600000,2025-07-18 11:20:00,2025-07-18 20:20:00,735.19,735.24,733.2,733.54,1071.873,786516.80728
BNBUSDT,1752837900000,2025-07-18 11:25:00,2025-07-18 20:25:00,733.54,734.57,733.48,733.63,1112.021,816112.69188
BNBUSDT,1752838200000,2025-07-18 11:30:00,2025-07-18 20:30:00,733.62,734.28,733.05,734.28,690.46,506599.08815
BNBUSDT,1752838500000,2025-07-18 11:35:00,2025-07-18 20:35:00,734.28,735.8,734.28,735.62,453.347,333344.96547
BNBUSDT,1752838800000,2025-07-18 11:40:00,2025-07-18 20:40:00,735.63,735.84,735.29,735.73,729.11,536309.64037
BNBUSDT,1752839100000,2025-07-18 11:45:00,2025-07-18 20:45:00,735.73,736.47,735.5,736.19,556.011,409171.0262
BNBUSDT,1752839400000,2025-07-18 11:50:00,2025-07-18 20:50:00,736.2,736.4,735,735.96,627.239,461379.29675
BNBUSDT,1752839700000,2025-07-18 11:55:00,2025-07-18 20:55:00,735.96,737.23,735.96,736.95,760.964,560622.82593
BNBUSDT,1752840000000,2025-07-18 12:00:00,2025-07-18 21:00:00,736.95,738.26,736.87,737.81,530.243,391086.39918
BNBUSDT,1752840300000,2025-07-18 12:05:00,2025-07-18 21:05:00,737.81,738.1,737.27,737.75,494.602,364848.58185
BNBUSDT,1752840600000,2025-07-18 12:10:00,2025-07-18 21:10:00,737.74,738.36,737.7,738,431.221,318246.8812
BNBUSDT,1752840900000,2025-07-18 12:15:00,2025-07-18 21:15:00,738,738.95,737.23,738.78,513.502,379063.61008
BNBUSDT,1752841200000,2025-07-18 12:20:00,2025-07-18 21:20:00,738.77,739.76,738.24,739.39,792.642,585966.08524
BNBUSDT,1752841500000,2025-07-18 12:25:00,2025-07-18 21:25:00,739.39,742.22,739.1,741.11,2204.329,1632914.6052
BNBUSDT,1752841800000,2025-07-18 12:30:00,2025-07-18 21:30:00,741.1,743.94,741.03,743.11,1802.921,1339405.47592
BNBUSDT,1752842100000,2025-07-18 12:35:00,2025-07-18 21:35:00,743.12,744.79,743.05,744.06,860.62,640326.69623
BNBUSDT,1752842400000,2025-07-18 12:40:00,2025-07-18 21:40:00,744.07,745.4,743.91,745.17,1663.064,1238561.07952
BNBUSDT,1752842700000,2025-07-18 12:45:00,2025-07-18 21:45:00,745.17,746.6,744.68,746.24,1539.46,1147771.75313
BNBUSDT,1752843000000,2025-07-18 12:50:00,2025-07-18 21:50:00,746.25,749,746.11,748.99,3157.701,2359946.11384
BNBUSDT,1752843300000,2025-07-18 12:55:00,2025-07-18 21:55:00,748.99,749.96,748.47,749.79,3914.985,2933990.22456
BNBUSDT,1752843600000,2025-07-18 13:00:00,2025-07-18 22:00:00,749.78,755.43,749.21,753.38,13825.786,10390317.19642
BNBUSDT,1752843900000,2025-07-18 13:05:00,2025-07-18 22:05:00,753.38,763.11,752.28,761.23,30304.159,22980367.02682
BNBUSDT,1752844200000,2025-07-18 13:10:00,2025-07-18 22:10:00,761.24,765.56,760.76,762.74,9888.021,7546261.73706
BNBUSDT,1752844500000,2025-07-18 13:15:00,2025-07-18 22:15:00,762.74,763.41,758.79,758.98,6295.016,4788777.46097
BNBUSDT,1752844800000,2025-07-18 13:20:00,2025-07-18 22:20:00,758.98,760.7,758.24,759.98,4567.597,3469408.69896
BNBUSDT,1752845100000,2025-07-18 13:25:00,2025-07-18 22:25:00,759.99,760.69,756.94,757.99,3595.353,2726746.84469
BNBUSDT,1752845400000,2025-07-18 13:30:00,2025-07-18 22:30:00,758,759.7,756.4,757.39,4349.514,3295756.47587
BNBUSDT,1752845700000,2025-07-18 13:35:00,2025-07-18 22:35:00,757.39,761,755.99,759.59,3689.116,2801562.58061
BNBUSDT,1752846000000,2025-07-18 13:40:00,2025-07-18 22:40:00,759.59,759.94,754.98,755.16,3131.33,2368506.50117
BNBUSDT,1752846300000,2025-07-18 13:45:00,2025-07-18 22:45:00,755.17,759.08,755.15,758.6,2061.295,1561565.96765
BNBUSDT,1752846600000,2025-07-18 13:50:00,2025-07-18 22:50:00,758.6,759,755.21,755.21,1692.869,1282251.64343
BNBUSDT,1752846900000,2025-07-18 13:55:00,2025-07-18 22:55:00,755.2,757.41,754.64,756.44,1158.134,875378.74347
BNBUSDT,1752847200000,2025-07-18 14:00:00,2025-07-18 23:00:00,756.44,757,755.14,756.26,1763.58,1333588.39922
BNBUSDT,1752847500000,2025-07-18 14:05:00,2025-07-18 23:05:00,756.25,758.6,755.59,758.49,1526.881,1155774.60319
BNBUSDT,1752847800000,2025-07-18 14:10:00,2025-07-18 23:10:00,758.49,759.3,757,757.01,1194.572,906058.5135
BNBUSDT,1752848100000,2025-07-18 14:15:00,2025-07-18 23:15:00,757,757.91,751.82,752,3486.379,2629349.81346
BNBUSDT,1752848400000,2025-07-18 14:20:00,2025-07-18 23:20:00,751.99,752.23,746.37,746.87,5496.27,4118183.02084
BNBUSDT,1752848700000,2025-07-18 14:25:00,2025-07-18 23:25:00,746.88,748.33,743.75,744.53,8128.913,6059195.27136
BNBUSDT,1752849000000,2025-07-18 14:30:00,2025-07-18 23:30:00,744.52,747.2,742.28,743.18,8100.051,6034184.38481
BNBUSDT,1752849300000,2025-07-18 14:35:00,2025-07-18 23:35:00,743.19,744.81,740.81,741.46,4057.892,3014034.05152
BNBUSDT,1752849600000,2025-07-18 14:40:00,2025-07-18 23:40:00,741.45,744.16,739.21,743.91,3056.728,2265162.0373
BNBUSDT,1752849900000,2025-07-18 14:45:00,2025-07-18 23:45:00,743.91,745.74,743.61,745.04,1904.787,1419058.39967
BNBUSDT,1752850200000,2025-07-18 14:50:00,2025-07-18 23:50:00,745.04,748.1,745,747.87,1626.925,1215246.28219
BNBUSDT,1752850500000,2025-07-18 14:55:00,2025-07-18 23:55:00,747.88,750,747.33,747.41,2973.99,2226577.46974
BNBUSDT,1752850800000,2025-07-18 15:00:00,2025-07-19 00:00:00,747.41,747.41,744.55,745.04,1923.562,1434786.54683
BNBUSDT,1752851100000,2025-07-18 15:05:00,2025-07-19 00:05:00,745.03,746.56,743.73,744.36,1567.823,1167936.33381
BNBUSDT,1752851400000,2025-07-18 15:10:00,2025-07-19 00:10:00,744.36,745.75,741.01,741.23,1190.376,884055.47611
BNBUSDT,1752851700000,2025-07-18 15:15:00,2025-07-19 00:15:00,741.23,743.19,736.68,736.85,4951.505,3660754.24602
BNBUSDT,1752852000000,2025-07-18 15:20:00,2025-07-19 00:20:00,736.85,737.89,733.3,734.25,3996.485,2940583.19376
BNBUSDT,1752852300000,2025-07-18 15:25:00,2025-07-19 00:25:00,734.26,735.58,732.61,734.15,4586.125,3364510.42368
BNBUSDT,1752852600000,2025-07-18 15:30:00,2025-07-19 00:30:00,734.16,736.62,733.91,735.62,1968.406,1446372.74652
BNBUSDT,1752852900000,2025-07-18 15:35:00,2025-07-19 00:35:00,735.63,735.95,732.5,733.63,1579.162,1159384.77837
BNBUSDT,1752853200000,2025-07-18 15:40:00,2025-07-19 00:40:00,733.65,735.65,731.32,734.2,1935.519,1419589.95397
BNBUSDT,1752853500000,2025-07-18 15:45:00,2025-07-19 00:45:00,734.2,736.69,732.62,736.26,3271.594,2403904.47844
BNBUSDT,1752853800000,2025-07-18 15:50:00,2025-07-19 00:50:00,736.26,738.32,736.26,737.31,973.094,717702.58511
BNBUSDT,1752854100000,2025-07-18 15:55:00,2025-07-19 00:55:00,737.3,738.3,736.77,737.81,591.53,436415.40044
BNBUSDT,1752854400000,2025-07-18 16:00:00,2025-07-19 01:00:00,737.81,740.08,737.8,739.2,1645.881,1216156.09782
BNBUSDT,1752854700000,2025-07-18 16:05:00,2025-07-19 01:05:00,739.16,740.07,736.64,737.55,1348.323,995314.79238
BNBUSDT,1752855000000,2025-07-18 16:10:00,2025-07-19 01:10:00,737.54,738.8,736.99,737.11,1026.046,757204.62563
BNBUSDT,1752855300000,2025-07-18 16:15:00,2025-07-19 01:15:00,737.1,739.48,735.72,739.48,2012.082,1483717.90517
BNBUSDT,1752855600000,2025-07-18 16:20:00,2025-07-19 01:20:00,739.48,739.66,738.11,739.5,860.372,635666.72048
BNBUSDT,1752855900000,2025-07-18 16:25:00,2025-07-19 01:25:00,739.51,740.12,738.2,739.65,1070.351,791045.23099
BNBUSDT,1752856200000,2025-07-18 16:30:00,2025-07-19 01:30:00,739.66,740.89,739.1,739.2,1406.77,1041469.93767
BNBUSDT,1752856500000,2025-07-18 16:35:00,2025-07-19 01:35:00,739.2,741.85,738.85,741.74,978.328,724781.38834
BNBUSDT,1752856800000,2025-07-18 16:40:00,2025-07-19 01:40:00,741.75,744.29,741.74,744.22,1565.862,1164162.35862
BNBUSDT,1752857100000,2025-07-18 16:45:00,2025-07-19 01:45:00,744.22,744.75,743.1,743.84,1513.824,1126419.05723
BNBUSDT,1752857400000,2025-07-18 16:50:00,2025-07-19 01:50:00,743.84,744.21,743.17,744.08,824.715,613298.54296
BNBUSDT,1752857700000,2025-07-18 16:55:00,2025-07-19 01:55:00,744.08,744.49,742.42,743.4,694.243,516302.1878
BNBUSDT,1752858000000,2025-07-18 17:00:00,2025-07-19 02:00:00,743.41,743.76,741.76,741.76,832.037,617905.17154
BNBUSDT,1752858300000,2025-07-18 17:05:00,2025-07-19 02:05:00,741.77,744.51,741.6,744.09,940.861,699720.34594
BNBUSDT,1752858600000,2025-07-18 17:10:00,2025-07-19 02:10:00,744.09,745,742.82,743.53,1943.382,1446282.54034
BNBUSDT,1752858900000,2025-07-18 17:15:00,2025-07-19 02:15:00,743.54,746.09,743.54,745.64,902.305,672424.4746
BNBUSDT,1752859200000,2025-07-18 17:20:00,2025-07-19 02:20:00,745.64,747.19,745.44,746.75,1129.886,843391.42302
BNBUSDT,1752859500000,2025-07-18 17:25:00,2025-07-19 02:25:00,746.75,747.86,746,747.65,830.493,620218.25558
BNBUSDT,1752859800000,2025-07-18 17:30:00,2025-07-19 02:30:00,747.66,747.96,746.77,747.68,791.169,591389.00814
BNBUSDT,1752860100000,2025-07-18 17:35:00,2025-07-19 02:35:00,747.68,748.28,747.33,748,534.119,399445.85186
BNBUSDT,1752860400000,2025-07-18 17:40:00,2025-07-19 02:40:00,748,748.01,737.41,739.36,23942.743,17751360.65424
BNBUSDT,1752860700000,2025-07-18 17:45:00,2025-07-19 02:45:00,739.35,740.69,739.09,740.19,2269.148,1679049.46039
BNBUSDT,1752861000000,2025-07-18 17:50:00,2025-07-19 02:50:00,740.2,740.88,739.01,740.66,934.726,691566.00036
BNBUSDT,1752861300000,2025-07-18 17:55:00,2025-07-19 02:55:00,740.66,741.64,740.66,741.08,704.599,522215.92877
BNBUSDT,1752861600000,2025-07-18 18:00:00,2025-07-19 03:00:00,741.08,741.28,740.15,740.28,571.302,423181.69869
BNBUSDT,1752861900000,2025-07-18 18:05:00,2025-07-19 03:05:00,740.28,740.86,739.5,740.11,558.675,413473.44388
BNBUSDT,1752862200000,2025-07-18 18:10:00,2025-07-19 03:10:00,740.11,740.11,738.34,738.4,741.829,548219.63232
BNBUSDT,1752862500000,2025-07-18 18:15:00,2025-07-19 03:15:00,738.39,739.9,737.61,739.05,813.688,601082.32617
BNBUSDT,1752862800000,2025-07-18 18:20:00,2025-07-19 03:20:00,739.04,740.37,738.88,740.33,1486.302,1098873.71576
BNBUSDT,1752863100000,2025-07-18 18:25:00,2025-07-19 03:25:00,740.34,740.34,739.24,740.3,348.249,257597.84598
BNBUSDT,1752863400000,2025-07-18 18:30:00,2025-07-19 03:30:00,740.3,741.23,739.31,739.35,583.131,431686.27979
BNBUSDT,1752863700000,2025-07-18 18:35:00,2025-07-19 03:35:00,739.35,739.6,737.55,738.07,824.363,608805.22832
BNBUSDT,1752864000000,2025-07-18 18:40:00,2025-07-19 03:40:00,738.08,738.56,737.41,737.41,795.451,587131.51447
BNBUSDT,1752864300000,2025-07-18 18:45:00,2025-07-19 03:45:00,737.41,737.99,735.94,737.99,622.112,458302.18641
BNBUSDT,1752864600000,2025-07-18 18:50:00,2025-07-19 03:50:00,738,738.68,737.16,737.97,377.565,278620.9189
BNBUSDT,1752864900000,2025-07-18 18:55:00,2025-07-19 03:55:00,737.98,738.01,735.36,735.65,1044.774,769774.7201
BNBUSDT,1752865200000,2025-07-18 19:00:00,2025-07-19 04:00:00,735.65,736.04,731.34,732.8,2705.492,1982989.20435
BNBUSDT,1752865500000,2025-07-18 19:05:00,2025-07-19 04:05:00,732.79,732.79,729.27,731.78,2639.771,1927917.79159
BNBUSDT,1752865800000,2025-07-18 19:10:00,2025-07-19 04:10:00,731.77,732.65,731.3,731.95,800.892,586182.04758
BNBUSDT,1752866100000,2025-07-18 19:15:00,2025-07-19 04:15:00,731.94,734.4,731.81,733.69,702.889,515401.47779
BNBUSDT,1752866400000,2025-07-18 19:20:00,2025-07-19 04:20:00,733.69,735.7,733.32,735.29,686.27,504170.51367
BNBUSDT,1752866700000,2025-07-18 19:25:00,2025-07-19 04:25:00,735.31,735.31,734.28,734.34,344.271,252966.02253
BNBUSDT,1752867000000,2025-07-18 19:30:00,2025-07-19 04:30:00,734.35,734.55,732.3,733.25,899.439,659360.85383
BNBUSDT,1752867300000,2025-07-18 19:35:00,2025-07-19 04:35:00,733.25,733.76,732.15,732.79,594.616,435743.60761
BNBUSDT,1752867600000,2025-07-18 19:40:00,2025-07-19 04:40:00,732.77,732.77,731.38,732.14,812.755,594909.60816
BNBUSDT,1752867900000,2025-07-18 19:45:00,2025-07-19 04:45:00,732.14,732.29,730.33,731.7,973.128,711527.50915
BNBUSDT,1752868200000,2025-07-18 19:50:00,2025-07-19 04:50:00,731.7,733.02,731.01,732.13,760.945,556996.83095
BNBUSDT,1752868500000,2025-07-18 19:55:00,2025-07-19 04:55:00,732.13,732.39,731.1,731.85,616.9,451453.37941
BNBUSDT,1752868800000,2025-07-18 20:00:00,2025-07-19 05:00:00,731.84,732.52,728.08,728.34,1595.247,1164278.02342
BNBUSDT,1752869100000,2025-07-18 20:05:00,2025-07-19 05:05:00,728.34,728.64,724.84,725.54,3020.028,2193073.02085
BNBUSDT,1752869400000,2025-07-18 20:10:00,2025-07-19 05:10:00,725.54,725.91,724.97,725.49,954.893,692798.58516
BNBUSDT,1752869700000,2025-07-18 20:15:00,2025-07-19 05:15:00,725.49,727.29,724.34,724.35,1512.62,1098085.68328
BNBUSDT,1752870000000,2025-07-18 20:20:00,2025-07-19 05:20:00,724.34,725.22,722,722.59,2245.696,1624531.81994
BNBUSDT,1752870300000,2025-07-18 20:25:00,2025-07-19 05:25:00,722.59,723.63,720.08,720.37,2393.248,1726443.90202
BNBUSDT,1752870600000,2025-07-18 20:30:00,2025-07-19 05:30:00,720.38,721.49,718.73,718.91,3526.94,2539438.28376
BNBUSDT,1752870900000,2025-07-18 20:35:00,2025-07-19 05:35:00,718.9,721.74,718.83,719.7,1591.193,1146989.62868
BNBUSDT,1752871200000,2025-07-18 20:40:00,2025-07-19 05:40:00,719.69,722.74,719.16,722.36,1402.534,1011042.23607
BNBUSDT,1752871500000,2025-07-18 20:45:00,2025-07-19 05:45:00,722.35,725.64,721.98,725.55,2905.873,2102615.65887
BNBUSDT,1752871800000,2025-07-18 20:50:00,2025-07-19 05:50:00,725.55,726.73,724.17,725.61,1056.59,766563.42968
BNBUSDT,1752872100000,2025-07-18 20:55:00,2025-07-19 05:55:00,725.6,726.61,725.3,725.33,825.687,599518.05797
BNBUSDT,1752872400000,2025-07-18 21:00:00,2025-07-19 06:00:00,725.36,727.57,724.71,726.87,1453.023,1055469.34222
BNBUSDT,1752872700000,2025-07-18 21:05:00,2025-07-19 06:05:00,726.86,728.33,726.81,728.16,773.767,563018.11715
BNBUSDT,1752873000000,2025-07-18 21:10:00,2025-07-19 06:10:00,728.16,729.82,727.57,729.49,938.092,683550.15909
BNBUSDT,1752873300000,2025-07-18 21:15:00,2025-07-19 06:15:00,729.49,731.25,728.25,730.95,1143.051,834552.70742
BNBUSDT,1752873600000,2025-07-18 21:20:00,2025-07-19 06:20:00,730.95,731.2,728.79,730.6,952.952,695624.29965
BNBUSDT,1752873900000,2025-07-18 21:25:00,2025-07-19 06:25:00,730.6,731.78,730.2,731.57,1065.687,779025.84562
BNBUSDT,1752874200000,2025-07-18 21:30:00,2025-07-19 06:30:00,731.57,732.64,731.57,732.64,593.658,434670.11196
BNBUSDT,1752874500000,2025-07-18 21:35:00,2025-07-19 06:35:00,732.64,733.89,732.3,732.51,859.24,629777.72723
BNBUSDT,1752874800000,2025-07-18 21:40:00,2025-07-19 06:40:00,732.52,732.85,732.34,732.34,228.544,167429.02245
BNBUSDT,1752875100000,2025-07-18 21:45:00,2025-07-19 06:45:00,732.35,734.73,732.34,734.09,723.353,530810.40534
BNBUSDT,1752875400000,2025-07-18 21:50:00,2025-07-19 06:50:00,734.08,734.35,732.3,732.87,1335.888,979723.53305
BNBUSDT,1752875700000,2025-07-18 21:55:00,2025-07-19 06:55:00,732.88,733.39,732.12,732.88,455.825,334001.40581
BNBUSDT,1752876000000,2025-07-18 22:00:00,2025-07-19 07:00:00,732.88,733,729.35,729.7,952.989,696622.83942
BNBUSDT,1752876300000,2025-07-18 22:05:00,2025-07-19 07:05:00,729.7,731.4,724.16,728.2,6820.387,4968582.07414
BNBUSDT,1752876600000,2025-07-18 22:10:00,2025-07-19 07:10:00,728.2,730.95,728.2,729.58,797.456,582103.30619
BNBUSDT,1752876900000,2025-07-18 22:15:00,2025-07-19 07:15:00,729.57,730.38,728.98,730.2,631.583,460861.22804
BNBUSDT,1752877200000,2025-07-18 22:20:00,2025-07-19 07:20:00,730.21,731.11,730.21,731.03,507.822,371147.72588
BNBUSDT,1752877500000,2025-07-18 22:25:00,2025-07-19 07:25:00,731.03,733.65,730.92,733.24,860.525,630197.23767
BNBUSDT,1752877800000,2025-07-18 22:30:00,2025-07-19 07:30:00,733.25,733.76,732.14,733.44,1023.901,750628.81992
BNBUSDT,1752878100000,2025-07-18 22:35:00,2025-07-19 07:35:00,733.44,734.08,732.91,733.93,436.983,320551.58729
BNBUSDT,1752878400000,2025-07-18 22:40:00,2025-07-19 07:40:00,733.92,733.98,732.95,732.95,303.65,222690.55207
BNBUSDT,1752878700000,2025-07-18 22:45:00,2025-07-19 07:45:00,732.95,733.49,732.58,732.65,541.933,397245.30045
BNBUSDT,1752879000000,2025-07-18 22:50:00,2025-07-19 07:50:00,732.65,732.65,731.11,732.01,1318.18,964618.03348
BNBUSDT,1752879300000,2025-07-18 22:55:00,2025-07-19 07:55:00,732.01,732.7,731.26,731.48,375.397,274765.66592
BNBUSDT,1752879600000,2025-07-18 23:00:00,2025-07-19 08:00:00,731.48,731.75,727.79,727.79,786.668,574083.0788
BNBUSDT,1752879900000,2025-07-18 23:05:00,2025-07-19 08:05:00,727.8,728.07,724.32,725.34,1376.1,999189.02342
BNBUSDT,1752880200000,2025-07-18 23:10:00,2025-07-19 08:10:00,725.35,726.48,724,724.04,1881.667,1364153.66979
BNBUSDT,1752880500000,2025-07-18 23:15:00,2025-07-19 08:15:00,724.04,725.18,723.75,724.93,1377.798,998100.58236
BNBUSDT,1752880800000,2025-07-18 23:20:00,2025-07-19 08:20:00,724.93,728,724.18,727.53,943.022,685176.32968
BNBUSDT,1752881100000,2025-07-18 23:25:00,2025-07-19 08:25:00,727.52,728,725.9,726.65,861.153,625826.84605
BNBUSDT,1752881400000,2025-07-18 23:30:00,2025-07-19 08:30:00,726.65,728.54,726.56,727.67,520.44,378818.19263
BNBUSDT,1752881700000,2025-07-18 23:35:00,2025-07-19 08:35:00,727.67,728.37,726.87,727.42,619.22,450490.94686
BNBUSDT,1752882000000,2025-07-18 23:40:00,2025-07-19 08:40:00,727.44,729.27,727.38,728.19,620.523,451858.40061
BNBUSDT,1752882300000,2025-07-18 23:45:00,2025-07-19 08:45:00,728.2,730.06,727.66,729.65,604.527,440600.09017
BNBUSDT,1752882600000,2025-07-18 23:50:00,2025-07-19 08:50:00,729.64,730.36,728.63,729.16,517.366,377563.53278
BNBUSDT,1752882900000,2025-07-18 23:55:00,2025-07-19 08:55:00,729.17,730.4,729.17,729.92,453.181,330786.0168
BNBUSDT,1752883200000,2025-07-19 00:00:00,2025-07-19 09:00:00,729.92,730.48,729.35,730.22,598.478,436832.56741
BNBUSDT,1752883500000,2025-07-19 00:05:00,2025-07-19 09:05:00,730.22,730.28,728.93,728.93,1131.606,825608.43795
BNBUSDT,1752883800000,2025-07-19 00:10:00,2025-07-19 09:10:00,728.92,730.05,728.71,730.02,674.033,491567.68536
BNBUSDT,1752884100000,2025-07-19 00:15:00,2025-07-19 09:15:00,730.03,730.19,729.36,729.43,639.144,466401.55812
BNBUSDT,1752884400000,2025-07-19 00:20:00,2025-07-19 09:20:00,729.43,730.08,727.34,729.42,2467.462,1798381.60721
BNBUSDT,1752884700000,2025-07-19 00:25:00,2025-07-19 09:25:00,729.41,730.5,728.76,730.41,851.012,620911.98959
BNBUSDT,1752885000000,2025-07-19 00:30:00,2025-07-19 09:30:00,730.41,731.45,729.57,729.82,675.651,493709.44709
BNBUSDT,1752885300000,2025-07-19 00:35:00,2025-07-19 09:35:00,729.82,730.23,727.77,727.94,741.847,540825.17086
BNBUSDT,1752885600000,2025-07-19 00:40:00,2025-07-19 09:40:00,727.95,728.75,725.08,726.42,1692.614,1230378.55881
BNBUSDT,1752885900000,2025-07-19 00:45:00,2025-07-19 09:45:00,726.41,726.7,724.34,724.99,1374.208,996415.57642
BNBUSDT,1752886200000,2025-07-19 00:50:00,2025-07-19 09:50:00,725,725.63,724.3,724.46,893.353,647713.981
BNBUSDT,1752886500000,2025-07-19 00:55:00,2025-07-19 09:55:00,724.46,724.97,721.96,722.33,1405.288,1015785.52661
BNBUSDT,1752886800000,2025-07-19 01:00:00,2025-07-19 10:00:00,722.34,722.51,719.67,720.37,2248.965,1621861.82205
BNBUSDT,1752887100000,2025-07-19 01:05:00,2025-07-19 10:05:00,720.37,721.57,718.76,721.55,2387.044,1719495.47734
BNBUSDT,1752887400000,2025-07-19 01:10:00,2025-07-19 10:10:00,721.56,722.07,719.5,720.59,1782.342,1284325.94603
BNBUSDT,1752887700000,2025-07-19 01:15:00,2025-07-19 10:15:00,720.59,722.76,719.92,721.8,1787.432,1288838.0768
BNBUSDT,1752888000000,2025-07-19 01:20:00,2025-07-19 10:20:00,721.81,724.58,721.56,724.11,945.722,684091.25671
BNBUSDT,1752888300000,2025-07-19 01:25:00,2025-07-19 10:25:00,724.1,724.73,723.64,724.4,763.051,552564.9579
BNBUSDT,1752888600000,2025-07-19 01:30:00,2025-07-19 10:30:00,724.4,724.9,723.53,724.77,606.958,439575.56615
BNBUSDT,1752888900000,2025-07-19 01:35:00,2025-07-19 10:35:00,724.77,725.8,724.6,725.73,436.105,316278.54603
BNBUSDT,1752889200000,2025-07-19 01:40:00,2025-07-19 10:40:00,725.72,726.9,725.72,726.43,653.178,474453.71444
BNBUSDT,1752889500000,2025-07-19 01:45:00,2025-07-19 10:45:00,726.44,726.44,725.17,726.06,661.649,480261.61598
BNBUSDT,1752889800000,2025-07-19 01:50:00,2025-07-19 10:50:00,726.06,728.03,725.5,727.13,1156.818,841012.34722
BNBUSDT,1752890100000,2025-07-19 01:55:00,2025-07-19 10:55:00,727.14,727.14,725.6,726.01,938.227,681359.72305
BNBUSDT,1752890400000,2025-07-19 02:00:00,2025-07-19 11:00:00,726.01,726.34,723.22,723.22,995.451,721672.41826
BNBUSDT,1752890700000,2025-07-19 02:05:00,2025-07-19 11:05:00,723.23,724.97,722.95,723.76,906.001,655733.9129
BNBUSDT,1752891000000,2025-07-19 02:10:00,2025-07-19 11:10:00,723.77,725.47,723.76,725.47,1225.432,888079.76987
BNBUSDT,1752891300000,2025-07-19 02:15:00,2025-07-19 11:15:00,725.46,726.96,724.17,726.91,677.963,491898.84737
BNBUSDT,1752891600000,2025-07-19 02:20:00,2025-07-19 11:20:00,726.91,728.05,726.25,727.41,753.831,548215.96113
BNBUSDT,1752891900000,2025-07-19 02:25:00,2025-07-19 11:25:00,727.4,727.52,726.05,726.24,493.223,358443.69654
BNBUSDT,1752892200000,2025-07-19 02:30:00,2025-07-19 11:30:00,726.23,728.36,726.23,728.36,1134.078,825003.43858
BNBUSDT,1752892500000,2025-07-19 02:35:00,2025-07-19 11:35:00,728.36,729.28,728.33,728.96,991.689,722725.24953
BNBUSDT,1752892800000,2025-07-19 02:40:00,2025-07-19 11:40:00,728.96,729.47,728.55,729.43,514.809,375296.75584
BNBUSDT,1752893100000,2025-07-19 02:45:00,2025-07-19 11:45:00,729.42,729.85,729.1,729.71,343.778,250766.85136
BNBUSDT,1752893400000,2025-07-19 02:50:00,2025-07-19 11:50:00,729.72,730.68,729.7,730.48,707.591,516742.05243
BNBUSDT,1752893700000,2025-07-19 02:55:00,2025-07-19 11:55:00,730.49,730.8,729.5,730.07,341.323,249228.61016
BNBUSDT,1752894000000,2025-07-19 03:00:00,2025-07-19 12:00:00,730.07,730.56,730.07,730.55,317.776,232070.50838
BNBUSDT,1752894300000,2025-07-19 03:05:00,2025-07-19 12:05:00,730.55,731.39,730.55,730.81,408.833,298846.29537
BNBUSDT,1752894600000,2025-07-19 03:10:00,2025-07-19 12:10:00,730.81,731.69,729.6,731.56,2081.41,1521043.26272
BNBUSDT,1752894900000,2025-07-19 03:15:00,2025-07-19 12:15:00,731.55,731.88,731.21,731.31,897.072,656271.55171
BNBUSDT,1752895200000,2025-07-19 03:20:00,2025-07-19 12:20:00,731.3,731.9,731.23,731.81,438.321,320620.24901
BNBUSDT,1752895500000,2025-07-19 03:25:00,2025-07-19 12:25:00,731.8,732.49,731.43,732.4,607.206,444419.00448
BNBUSDT,1752895800000,2025-07-19 03:30:00,2025-07-19 12:30:00,732.4,733.7,732.2,733.7,517.38,379120.08422
BNBUSDT,1752896100000,2025-07-19 03:35:00,2025-07-19 12:35:00,733.69,733.94,733.31,733.69,424.675,311574.21187
BNBUSDT,1752896400000,2025-07-19 03:40:00,2025-07-19 12:40:00,733.68,734.17,733.41,733.77,472.341,346600.00449
BNBUSDT,1752896700000,2025-07-19 03:45:00,2025-07-19 12:45:00,733.77,734.49,733.34,733.34,436.645,320459.88115
BNBUSDT,1752897000000,2025-07-19 03:50:00,2025-07-19 12:50:00,733.34,734.17,732.64,734.04,588.055,431364.43989
BNBUSDT,1752897300000,2025-07-19 03:55:00,2025-07-19 12:55:00,734.04,735.1,734.04,734.9,361.701,265737.92792
BNBUSDT,1752897600000,2025-07-19 04:00:00,2025-07-19 13:00:00,734.89,735.43,734.41,735.24,694.563,510414.45201
BNBUSDT,1752897900000,2025-07-19 04:05:00,2025-07-19 13:05:00,735.23,737.12,735.23,736.92,1046.536,770642.34264
BNBUSDT,1752898200000,2025-07-19 04:10:00,2025-07-19 13:10:00,736.91,736.98,736.07,736.57,600.254,442069.54535
BNBUSDT,1752898500000,2025-07-19 04:15:00,2025-07-19 13:15:00,736.57,737.45,736.12,737.01,1054.381,776899.61787
BNBUSDT,1752898800000,2025-07-19 04:20:00,2025-07-19 13:20:00,737.01,737.6,736.8,736.82,702.19,517634.41688
BNBUSDT,1752899100000,2025-07-19 04:25:00,2025-07-19 13:25:00,736.81,738.25,736.27,738.12,842.613,621249.7629
BNBUSDT,1752899400000,2025-07-19 04:30:00,2025-07-19 13:30:00,738.13,739.3,737.77,738.81,1404.437,1037372.01918
BNBUSDT,1752899700000,2025-07-19 04:35:00,2025-07-19 13:35:00,738.81,738.81,736.13,737.19,1139.641,840454.9507
BNBUSDT,1752900000000,2025-07-19 04:40:00,2025-07-19 13:40:00,737.19,737.68,737.18,737.37,371.706,274111.51868
BNBUSDT,1752900300000,2025-07-19 04:45:00,2025-07-19 13:45:00,737.38,737.49,736.19,736.63,343.269,252946.04358
BNBUSDT,1752900600000,2025-07-19 04:50:00,2025-07-19 13:50:00,736.63,737.6,736.63,736.85,476.151,350979.80713
BNBUSDT,1752900900000,2025-07-19 04:55:00,2025-07-19 13:55:00,736.86,737.23,736.71,737.01,219.832,161997.91593
BNBUSDT,1752901200000,2025-07-19 05:00:00,2025-07-19 14:00:00,737.01,737.25,736.46,736.53,365.674,269451.10593
BNBUSDT,1752901500000,2025-07-19 05:05:00,2025-07-19 14:05:00,736.53,736.53,733.96,734.06,905.346,665556.40402
BNBUSDT,1752901800000,2025-07-19 05:10:00,2025-07-19 14:10:00,734.07,735.4,733.98,735.21,450.795,331217.99772
BNBUSDT,1752902100000,2025-07-19 05:15:00,2025-07-19 14:15:00,735.2,735.63,734.55,735.6,577.459,424457.83778
BNBUSDT,1752902400000,2025-07-19 05:20:00,2025-07-19 14:20:00,735.59,736.12,734.72,735.28,226.368,166460.43693
BNBUSDT,1752902700000,2025-07-19 05:25:00,2025-07-19 14:25:00,735.28,735.9,735.1,735.83,201.346,148079.94663
BNBUSDT,1752903000000,2025-07-19 05:30:00,2025-07-19 14:30:00,735.83,736.12,735.1,735.91,244.28,179700.17061
BNBUSDT,1752903300000,2025-07-19 05:35:00,2025-07-19 14:35:00,735.92,736.16,735.4,735.83,173.947,127996.25736
BNBUSDT,1752903600000,2025-07-19 05:40:00,2025-07-19 14:40:00,735.82,735.96,735.2,735.75,322.191,237002.78395
BNBUSDT,1752903900000,2025-07-19 05:45:00,2025-07-19 14:45:00,735.75,735.75,735.01,735.37,302.804,222659.46253
BNBUSDT,1752904200000,2025-07-19 05:50:00,2025-07-19 14:50:00,735.37,735.37,734.38,734.63,223.873,164502.29503
BNBUSDT,1752904500000,2025-07-19 05:55:00,2025-07-19 14:55:00,734.63,735.03,734.48,734.71,289.374,212611.82574
BNBUSDT,1752904800000,2025-07-19 06:00:00,2025-07-19 15:00:00,734.7,735.19,734,734.01,329.106,241809.75902
BNBUSDT,1752905100000,2025-07-19 06:05:00,2025-07-19 15:05:00,734,735.46,733.83,735.09,312.11,229255.30891
BNBUSDT,1752905400000,2025-07-19 06:10:00,2025-07-19 15:10:00,735.09,735.09,734.2,734.2,161.34,118560.44544
BNBUSDT,1752905700000,2025-07-19 06:15:00,2025-07-19 15:15:00,734.2,734.62,733.62,734.27,337.627,247819.31151
BNBUSDT,1752906000000,2025-07-19 06:20:00,2025-07-19 15:20:00,734.27,734.34,732.64,732.8,418.404,306929.94459
BNBUSDT,1752906300000,2025-07-19 06:25:00,2025-07-19 15:25:00,732.8,733.49,732,732.14,492.879,361136.9566
BNBUSDT,1752906600000,2025-07-19 06:30:00,2025-07-19 15:30:00,732.14,733.59,732.13,733.39,249.695,182940.85424
BNBUSDT,1752906900000,2025-07-19 06:35:00,2025-07-19 15:35:00,733.39,733.41,733,733.31,225.359,165245.31517
BNBUSDT,1752907200000,2025-07-19 06:40:00,2025-07-19 15:40:00,733.31,733.31,731.91,732.14,487.209,356783.50674
BNBUSDT,1752907500000,2025-07-19 06:45:00,2025-07-19 15:45:00,732.13,733.18,732.13,732.9,422.929,309888.46973
BNBUSDT,1752907800000,2025-07-19 06:50:00,2025-07-19 15:50:00,732.89,733.3,732.57,732.72,315.605,231346.12807
BNBUSDT,1752908100000,2025-07-19 06:55:00,2025-07-19 15:55:00,732.72,732.84,731.8,731.99,331.474,242746.35258
BNBUSDT,1752908400000,2025-07-19 07:00:00,2025-07-19 16:00:00,731.99,732.5,731.6,732.43,543.622,397921.9996
BNBUSDT,1752908700000,2025-07-19 07:05:00,2025-07-19 16:05:00,732.43,733.39,732.21,733.32,421.215,308757.47482
BNBUSDT,1752909000000,2025-07-19 07:10:00,2025-07-19 16:10:00,733.33,734.26,732.67,733.94,507.812,372412.89172
BNBUSDT,1752909300000,2025-07-19 07:15:00,2025-07-19 16:15:00,733.93,733.93,732.13,733.59,1467.792,1076063.19029
BNBUSDT,1752909600000,2025-07-19 07:20:00,2025-07-19 16:20:00,733.59,734.4,733.59,734.39,421.198,309148.31193
BNBUSDT,1752909900000,2025-07-19 07:25:00,2025-07-19 16:25:00,734.4,734.4,733.41,733.59,346.119,253947.35739
BNBUSDT,1752910200000,2025-07-19 07:30:00,2025-07-19 16:30:00,733.6,733.66,732.4,732.58,514.235,376945.05707
BNBUSDT,1752910500000,2025-07-19 07:35:00,2025-07-19 16:35:00,732.58,732.58,731.76,732.14,327.2,239541.7904
BNBUSDT,1752910800000,2025-07-19 07:40:00,2025-07-19 16:40:00,732.14,732.65,731.91,731.92,381.009,279025.61093
BNBUSDT,1752911100000,2025-07-19 07:45:00,2025-07-19 16:45:00,731.92,732.94,731.82,732.93,671.508,491587.63117
BNBUSDT,1752911400000,2025-07-19 07:50:00,2025-07-19 16:50:00,732.93,732.94,732.6,732.72,237.468,174010.60608
BNBUSDT,1752911700000,2025-07-19 07:55:00,2025-07-19 16:55:00,732.73,732.9,731.98,732.36,258.575,189389.6164
BNBUSDT,1752912000000,2025-07-19 08:00:00,2025-07-19 17:00:00,732.37,732.92,732.14,732.59,1281.193,938452.50766
BNBUSDT,1752912300000,2025-07-19 08:05:00,2025-07-19 17:05:00,732.59,733.2,731.71,731.71,234.125,171513.34075
BNBUSDT,1752912600000,2025-07-19 08:10:00,2025-07-19 17:10:00,731.71,731.84,730.22,730.43,1386.886,1013733.23674
BNBUSDT,1752912900000,2025-07-19 08:15:00,2025-07-19 17:15:00,730.44,730.94,729.42,729.77,951.873,694898.70941
BNBUSDT,1752913200000,2025-07-19 08:20:00,2025-07-19 17:20:00,729.78,729.95,729.01,729.13,1265.582,923459.28307
BNBUSDT,1752913500000,2025-07-19 08:25:00,2025-07-19 17:25:00,729.13,730.2,729.13,729.76,738.78,539046.34237
BNBUSDT,1752913800000,2025-07-19 08:30:00,2025-07-19 17:30:00,729.76,729.85,728.18,728.27,478.015,348471.45443
BNBUSDT,1752914100000,2025-07-19 08:35:00,2025-07-19 17:35:00,728.28,729.72,728.21,729.59,1419.743,1035087.94661
BNBUSDT,1752914400000,2025-07-19 08:40:00,2025-07-19 17:40:00,729.58,730.51,729.35,730.43,681.207,497355.16717
BNBUSDT,1752914700000,2025-07-19 08:45:00,2025-07-19 17:45:00,730.44,731.2,729.7,731.08,307.762,224839.96475
BNBUSDT,1752915000000,2025-07-19 08:50:00,2025-07-19 17:50:00,731.09,731.09,729.85,730.51,516.442,377270.43804
BNBUSDT,1752915300000,2025-07-19 08:55:00,2025-07-19 17:55:00,730.5,730.9,730.1,730.6,241.176,176187.72847
BNBUSDT,1752915600000,2025-07-19 09:00:00,2025-07-19 18:00:00,730.61,731.55,730.02,731.23,369.385,269956.09877
BNBUSDT,1752915900000,2025-07-19 09:05:00,2025-07-19 18:05:00,731.24,733.2,731.1,732.8,352.154,257889.90416
BNBUSDT,1752916200000,2025-07-19 09:10:00,2025-07-19 18:10:00,732.81,733.25,732.07,732.07,361.733,265071.63875
BNBUSDT,1752916500000,2025-07-19 09:15:00,2025-07-19 18:15:00,732.07,733.29,731.92,733.01,226.564,165988.51223
BNBUSDT,1752916800000,2025-07-19 09:20:00,2025-07-19 18:20:00,733,733.16,732.49,732.51,579.789,424917.52592
BNBUSDT,1752917100000,2025-07-19 09:25:00,2025-07-19 18:25:00,732.51,733.2,731.94,732.6,707.702,518409.66484
BNBUSDT,1752917400000,2025-07-19 09:30:00,2025-07-19 18:30:00,732.61,733.23,732.14,732.94,291.541,213653.56155
BNBUSDT,1752917700000,2025-07-19 09:35:00,2025-07-19 18:35:00,732.94,733.98,732.94,733.53,243.399,178565.68804
BNBUSDT,1752918000000,2025-07-19 09:40:00,2025-07-19 18:40:00,733.52,733.83,733.2,733.81,279.877,205306.52723
BNBUSDT,1752918300000,2025-07-19 09:45:00,2025-07-19 18:45:00,733.8,734.88,733.44,734.85,442.977,325295.71557
BNBUSDT,1752918600000,2025-07-19 09:50:00,2025-07-19 18:50:00,734.86,734.86,731.66,731.98,1056.598,774245.8193
BNBUSDT,1752918900000,2025-07-19 09:55:00,2025-07-19 18:55:00,731.99,733.16,731.92,732.7,315.223,230935.40158
BNBUSDT,1752919200000,2025-07-19 10:00:00,2025-07-19 19:00:00,732.7,732.89,731.27,731.46,893.484,654047.37138
BNBUSDT,1752919500000,2025-07-19 10:05:00,2025-07-19 19:05:00,731.47,732.72,730.99,731.42,1421.308,1039842.58658
BNBUSDT,1752919800000,2025-07-19 10:10:00,2025-07-19 19:10:00,731.41,731.99,731.2,731.41,387.844,283738.42806
BNBUSDT,1752920100000,2025-07-19 10:15:00,2025-07-19 19:15:00,731.4,731.46,730.95,731.31,342.744,250641.46355
BNBUSDT,1752920400000,2025-07-19 10:20:00,2025-07-19 19:20:00,731.31,732.29,731.31,732.2,275.183,201398.8085
BNBUSDT,1752920700000,2025-07-19 10:25:00,2025-07-19 19:25:00,732.19,732.57,732.05,732.57,163.304,119592.59049
BNBUSDT,1752921000000,2025-07-19 10:30:00,2025-07-19 19:30:00,732.57,734.01,732.56,733.24,2213.084,1623542.41304
BNBUSDT,1752921300000,2025-07-19 10:35:00,2025-07-19 19:35:00,733.24,735.97,733.19,735.83,1180.893,868059.6135
BNBUSDT,1752921600000,2025-07-19 10:40:00,2025-07-19 19:40:00,735.84,738.01,735.75,737.86,2015.573,1485565.35476
BNBUSDT,1752921900000,2025-07-19 10:45:00,2025-07-19 19:45:00,737.86,738.66,736.11,736.6,1385.68,1022321.86737
BNBUSDT,1752922200000,2025-07-19 10:50:00,2025-07-19 19:50:00,736.6,736.8,736.06,736.42,463.787,341568.58344
BNBUSDT,1752922500000,2025-07-19 10:55:00,2025-07-19 19:55:00,736.43,736.6,735.38,736,285.839,210398.45947
BNBUSDT,1752922800000,2025-07-19 11:00:00,2025-07-19 20:00:00,736,736.89,735.92,736.71,384.115,282840.34991
BNBUSDT,1752923100000,2025-07-19 11:05:00,2025-07-19 20:05:00,736.71,737.1,736.34,736.5,360.232,265419.80661
BNBUSDT,1752923400000,2025-07-19 11:10:00,2025-07-19 20:10:00,736.51,736.51,733.76,733.97,380.457,279610.21058
BNBUSDT,1752923700000,2025-07-19 11:15:00,2025-07-19 20:15:00,733.98,735.54,733.1,735.53,582.06,427096.8209
BNBUSDT,1752924000000,2025-07-19 11:20:00,2025-07-19 20:20:00,735.53,737.79,735.53,737.45,681.137,502069.85141
BNBUSDT,1752924300000,2025-07-19 11:25:00,2025-07-19 20:25:00,737.44,737.74,737.04,737.24,271.852,200466.67964
BNBUSDT,1752924600000,2025-07-19 11:30:00,2025-07-19 20:30:00,737.24,737.83,737.02,737.1,462.151,340800.55091
BNBUSDT,1752924900000,2025-07-19 11:35:00,2025-07-19 20:35:00,737.11,737.87,736.84,737.21,282.153,208036.05022
BNBUSDT,1752925200000,2025-07-19 11:40:00,2025-07-19 20:40:00,737.2,738.31,737.11,737.56,598.364,441446.52982
BNBUSDT,1752925500000,2025-07-19 11:45:00,2025-07-19 20:45:00,737.56,738.13,736.49,736.49,560.874,413545.82816
BNBUSDT,1752925800000,2025-07-19 11:50:00,2025-07-19 20:50:00,736.49,737.28,736,736.61,342.773,252487.9191
BNBUSDT,1752926100000,2025-07-19 11:55:00,2025-07-19 20:55:00,736.61,736.93,735.6,736.7,540.948,398257.20532
BNBUSDT,1752926400000,2025-07-19 12:00:00,2025-07-19 21:00:00,736.71,737.49,736.71,737.26,682.096,502826.74409
BNBUSDT,1752926700000,2025-07-19 12:05:00,2025-07-19 21:05:00,737.25,737.4,735.71,737,1136.018,836868.47392
BNBUSDT,1752927000000,2025-07-19 12:10:00,2025-07-19 21:10:00,737,737.18,735.78,736.61,803.149,591515.55089
BNBUSDT,1752927300000,2025-07-19 12:15:00,2025-07-19 21:15:00,736.6,737.81,736,737.53,1196.537,881902.77772
BNBUSDT,1752927600000,2025-07-19 12:20:00,2025-07-19 21:20:00,737.53,738.12,736.86,738.07,741.482,546878.04487
BNBUSDT,1752927900000,2025-07-19 12:25:00,2025-07-19 21:25:00,738.08,740.64,738.07,739,2408.787,1781406.70085
BNBUSDT,1752928200000,2025-07-19 12:30:00,2025-07-19 21:30:00,739,740.22,738.92,739.8,1460.42,1080137.14266
BNBUSDT,1752928500000,2025-07-19 12:35:00,2025-07-19 21:35:00,739.8,740.27,739.45,739.88,518.255,383443.50955
BNBUSDT,1752928800000,2025-07-19 12:40:00,2025-07-19 21:40:00,739.88,740.43,739.38,740.19,1190.771,881054.40862
BNBUSDT,1752929100000,2025-07-19 12:45:00,2025-07-19 21:45:00,740.19,740.26,739.63,740.24,550.009,406982.81128
BNBUSDT,1752929400000,2025-07-19 12:50:00,2025-07-19 21:50:00,740.24,741.74,740.24,741.59,1476.107,1093584.09321
BNBUSDT,1752929700000,2025-07-19 12:55:00,2025-07-19 21:55:00,741.59,742,740.85,741.93,959.28,711154.75489
BNBUSDT,1752930000000,2025-07-19 13:00:00,2025-07-19 22:00:00,741.93,742.5,741.45,742.28,879.193,652362.82583
BNBUSDT,1752930300000,2025-07-19 13:05:00,2025-07-19 22:05:00,742.29,742.49,739.76,740.54,971.152,719736.86767
BNBUSDT,1752930600000,2025-07-19 13:10:00,2025-07-19 22:10:00,740.54,740.71,739.7,739.95,334.726,247742.52572
BNBUSDT,1752930900000,2025-07-19 13:15:00,2025-07-19 22:15:00,739.95,740,739.07,739.18,612.349,452870.06631
BNBUSDT,1752931200000,2025-07-19 13:20:00,2025-07-19 22:20:00,739.18,739.32,737.9,738.04,698.561,515884.78404
BNBUSDT,1752931500000,2025-07-19 13:25:00,2025-07-19 22:25:00,738.05,738.59,737.18,737.37,679.856,501596.70605
BNBUSDT,1752931800000,2025-07-19 13:30:00,2025-07-19 22:30:00,737.36,738.05,736.51,736.84,1041.578,767867.00932
BNBUSDT,1752932100000,2025-07-19 13:35:00,2025-07-19 22:35:00,736.84,737.29,736.3,736.38,674.987,497247.39647
BNBUSDT,1752932400000,2025-07-19 13:40:00,2025-07-19 22:40:00,736.38,736.78,735.17,735.96,751.382,552915.66938
BNBUSDT,1752932700000,2025-07-19 13:45:00,2025-07-19 22:45:00,735.96,736.41,734.66,734.66,586.36,431443.22113
BNBUSDT,1752933000000,2025-07-19 13:50:00,2025-07-19 22:50:00,734.67,735.37,734.23,734.96,769.096,565126.08068
BNBUSDT,1752933300000,2025-07-19 13:55:00,2025-07-19 22:55:00,734.96,735.97,734.4,735.81,294.961,216808.0133
BNBUSDT,1752933600000,2025-07-19 14:00:00,2025-07-19 23:00:00,735.81,736.14,734.8,735.63,263.839,194023.94097
BNBUSDT,1752933900000,2025-07-19 14:05:00,2025-07-19 23:05:00,735.63,736,734.6,734.68,811.389,596424.58989
BNBUSDT,1752934200000,2025-07-19 14:10:00,2025-07-19 23:10:00,734.68,735.58,733.71,733.71,1537.441,1129722.81317
BNBUSDT,1752934500000,2025-07-19 14:15:00,2025-07-19 23:15:00,733.71,735.28,733.61,734.84,427.228,313754.07514
BNBUSDT,1752934800000,2025-07-19 14:20:00,2025-07-19 23:20:00,734.84,735.15,734.01,734.85,389.297,285954.99451
BNBUSDT,1752935100000,2025-07-19 14:25:00,2025-07-19 23:25:00,734.85,735.08,733.08,733.3,519.219,380965.71098
BNBUSDT,1752935400000,2025-07-19 14:30:00,2025-07-19 23:30:00,733.31,734.53,732.26,733.1,1197.813,878390.12483
BNBUSDT,1752935700000,2025-07-19 14:35:00,2025-07-19 23:35:00,733.11,733.65,731.17,731.32,719.437,526866.20217
BNBUSDT,1752936000000,2025-07-19 14:40:00,2025-07-19 23:40:00,731.32,732.33,731.19,732.27,717.527,525051.76042
BNBUSDT,1752936300000,2025-07-19 14:45:00,2025-07-19 23:45:00,732.26,732.99,731.34,731.84,439.371,321659.84808
BNBUSDT,1752936600000,2025-07-19 14:50:00,2025-07-19 23:50:00,731.84,732.47,730.5,730.96,795.821,582056.06414
BNBUSDT,1752936900000,2025-07-19 14:55:00,2025-07-19 23:55:00,730.97,730.98,728.31,728.86,3671.766,2677892.06728
BNBUSDT,1752937200000,2025-07-19 15:00:00,2025-07-20 00:00:00,728.85,730,727.96,728.67,4033.748,2940752.40991
BNBUSDT,1752937500000,2025-07-19 15:05:00,2025-07-20 00:05:00,728.66,728.77,727.73,727.97,4941.354,3597917.40466
BNBUSDT,1752937800000,2025-07-19 15:10:00,2025-07-20 00:10:00,727.97,729.3,727.3,727.57,2246.013,1635403.10251
BNBUSDT,1752938100000,2025-07-19 15:15:00,2025-07-20 00:15:00,727.57,729.56,727.56,729.39,3535.452,2574274.77348
BNBUSDT,1752938400000,2025-07-19 15:20:00,2025-07-20 00:20:00,729.39,730.75,729.2,730.62,744.096,543214.3681
BNBUSDT,1752938700000,2025-07-19 15:25:00,2025-07-20 00:25:00,730.61,730.61,729.7,729.94,670.35,489419.80838
BNBUSDT,1752939000000,2025-07-19 15:30:00,2025-07-20 00:30:00,729.94,730.72,729.3,730.14,953.586,696132.75303
BNBUSDT,1752939300000,2025-07-19 15:35:00,2025-07-20 00:35:00,730.13,730.8,729.5,730.43,582.521,425336.95469
BNBUSDT,1752939600000,2025-07-19 15:40:00,2025-07-20 00:40:00,730.42,732.09,730.42,732.01,673.05,492200.28459
BNBUSDT,1752939900000,2025-07-19 15:45:00,2025-07-20 00:45:00,732.01,732.01,731.11,731.48,855.871,626111.29236
BNBUSDT,1752940200000,2025-07-19 15:50:00,2025-07-20 00:50:00,731.49,731.68,730.01,730.94,821.935,600748.44813
BNBUSDT,1752940500000,2025-07-19 15:55:00,2025-07-20 00:55:00,730.94,731.36,730.7,730.81,243.646,178111.4021
BNBUSDT,1752940800000,2025-07-19 16:00:00,2025-07-20 01:00:00,730.81,731.05,729.6,729.74,674.763,492780.36684
BNBUSDT,1752941100000,2025-07-19 16:05:00,2025-07-20 01:05:00,729.75,729.86,728.89,729,826.447,602710.44494
BNBUSDT,1752941400000,2025-07-19 16:10:00,2025-07-20 01:10:00,729,729.27,728.34,728.82,632.709,461140.03625
BNBUSDT,1752941700000,2025-07-19 16:15:00,2025-07-20 01:15:00,728.82,730.14,728.34,730.13,441.038,321655.45921
BNBUSDT,1752942000000,2025-07-19 16:20:00,2025-07-20 01:20:00,730.13,730.88,729.34,730.8,396.735,289739.24683
BNBUSDT,1752942300000,2025-07-19 16:25:00,2025-07-20 01:25:00,730.8,732.44,730.52,732.31,685.537,501612.20645
BNBUSDT,1752942600000,2025-07-19 16:30:00,2025-07-20 01:30:00,732.31,732.74,731.66,731.87,607.257,444665.64147
BNBUSDT,1752942900000,2025-07-19 16:35:00,2025-07-20 01:35:00,731.87,732.93,731.87,732.62,336.686,246609.5185
BNBUSDT,1752943200000,2025-07-19 16:40:00,2025-07-20 01:40:00,732.62,732.93,732.23,732.87,396.367,290362.90539
BNBUSDT,1752943500000,2025-07-19 16:45:00,2025-07-20 01:45:00,732.86,733.06,732.3,733.01,324.644,237896.362
BNBUSDT,1752943800000,2025-07-19 16:50:00,2025-07-20 01:50:00,733.01,733.18,731.33,731.42,282.033,206509.82984
BNBUSDT,1752944100000,2025-07-19 16:55:00,2025-07-20 01:55:00,731.41,732.14,731.41,732.11,434.495,317999.30714
BNBUSDT,1752944400000,2025-07-19 17:00:00,2025-07-20 02:00:00,732.12,732.2,731.71,731.71,141.115,103290.94713
BNBUSDT,1752944700000,2025-07-19 17:05:00,2025-07-20 02:05:00,731.71,731.74,730.93,731.22,328.912,240514.33089
BNBUSDT,1752945000000,2025-07-19 17:10:00,2025-07-20 02:10:00,731.22,731.3,730.37,730.67,381.504,278789.86793
BNBUSDT,1752945300000,2025-07-19 17:15:00,2025-07-20 02:15:00,730.67,731.4,730.51,730.51,210.551,153905.17002
BNBUSDT,1752945600000,2025-07-19 17:20:00,2025-07-20 02:20:00,730.51,731.28,730.45,730.77,360.17,263286.48899
BNBUSDT,1752945900000,2025-07-19 17:25:00,2025-07-20 02:25:00,730.77,730.82,730.01,730.37,265.75,194067.16937
BNBUSDT,1752946200000,2025-07-19 17:30:00,2025-07-20 02:30:00,730.38,730.58,729.52,729.79,349.804,255340.51532
BNBUSDT,1752946500000,2025-07-19 17:35:00,2025-07-20 02:35:00,729.79,729.87,728.7,729.36,547.327,399170.51794
BNBUSDT,1752946800000,2025-07-19 17:40:00,2025-07-20 02:40:00,729.35,729.35,728.26,728.76,503.152,366594.96976
BNBUSDT,1752947100000,2025-07-19 17:45:00,2025-07-20 02:45:00,728.77,730,728.76,729.5,226.506,165232.95317
BNBUSDT,1752947400000,2025-07-19 17:50:00,2025-07-20 02:50:00,729.5,729.8,729.15,729.35,197.344,143950.55399
BNBUSDT,1752947700000,2025-07-19 17:55:00,2025-07-20 02:55:00,729.35,729.35,728.06,729.05,372.18,271156.31175
BNBUSDT,1752948000000,2025-07-19 18:00:00,2025-07-20 03:00:00,729.06,730.18,728.62,729.7,387.159,282469.81589
BNBUSDT,1752948300000,2025-07-19 18:05:00,2025-07-20 03:05:00,729.71,731.5,729.7,731,656.417,479814.54832
BNBUSDT,1752948600000,2025-07-19 18:10:00,2025-07-20 03:10:00,731,731.69,731,731.21,216.382,158262.48616
BNBUSDT,1752948900000,2025-07-19 18:15:00,2025-07-20 03:15:00,731.2,731.84,730.6,730.6,310.568,227092.72129
BNBUSDT,1752949200000,2025-07-19 18:20:00,2025-07-20 03:20:00,730.61,731.63,730.6,731.57,254.409,186055.91277
BNBUSDT,1752949500000,2025-07-19 18:25:00,2025-07-20 03:25:00,731.58,731.74,731,731.1,328.228,240035.57195
BNBUSDT,1752949800000,2025-07-19 18:30:00,2025-07-20 03:30:00,731.1,731.6,731.1,731.53,107.045,78283.6361
BNBUSDT,1752950100000,2025-07-19 18:35:00,2025-07-20 03:35:00,731.54,731.7,731.25,731.69,99.544,72817.44222
BNBUSDT,1752950400000,2025-07-19 18:40:00,2025-07-20 03:40:00,731.7,732.22,731.33,731.34,211.445,154742.59192
BNBUSDT,1752950700000,2025-07-19 18:45:00,2025-07-20 03:45:00,731.33,731.7,730.38,730.53,342.23,250128.26553
BNBUSDT,1752951000000,2025-07-19 18:50:00,2025-07-20 03:50:00,730.53,730.96,730.22,730.62,759.114,554599.11074
BNBUSDT,1752951300000,2025-07-19 18:55:00,2025-07-20 03:55:00,730.62,730.71,730.2,730.59,236.75,172952.8908
BNBUSDT,1752951600000,2025-07-19 19:00:00,2025-07-20 04:00:00,730.6,731.36,730.59,731.12,236.835,173122.68975
BNBUSDT,1752951900000,2025-07-19 19:05:00,2025-07-20 04:05:00,731.12,731.16,729.36,729.36,335.755,245132.84298
BNBUSDT,1752952200000,2025-07-19 19:10:00,2025-07-20 04:10:00,729.35,730.14,728.55,729.8,435.544,317600.76172
BNBUSDT,1752952500000,2025-07-19 19:15:00,2025-07-20 04:15:00,729.81,731.2,729.72,730.83,302.362,220935.892
BNBUSDT,1752952800000,2025-07-19 19:20:00,2025-07-20 04:20:00,730.82,731.66,730.8,731.19,229.789,168037.49705
BNBUSDT,1752953100000,2025-07-19 19:25:00,2025-07-20 04:25:00,731.19,731.8,731,731.77,224,163864.70737
BNBUSDT,1752953400000,2025-07-19 19:30:00,2025-07-20 04:30:00,731.78,732.84,731.78,732.81,419.934,307525.44049
BNBUSDT,1752953700000,2025-07-19 19:35:00,2025-07-20 04:35:00,732.8,733.86,732.72,733.85,402.81,295373.90721
BNBUSDT,1752954000000,2025-07-19 19:40:00,2025-07-20 04:40:00,733.86,735.08,733.61,734.49,542.061,398117.79345
BNBUSDT,1752954300000,2025-07-19 19:45:00,2025-07-20 04:45:00,734.5,734.76,733.76,734.76,544.238,399516.81353
BNBUSDT,1752954600000,2025-07-19 19:50:00,2025-07-20 04:50:00,734.75,735.02,734.19,734.5,362.62,266398.26729
BNBUSDT,1752954900000,2025-07-19 19:55:00,2025-07-20 04:55:00,734.51,734.77,734.05,734.47,261.321,191887.97901
BNBUSDT,1752955200000,2025-07-19 20:00:00,2025-07-20 05:00:00,734.46,734.75,734,734.51,281.953,207048.01515
BNBUSDT,1752955500000,2025-07-19 20:05:00,2025-07-20 05:05:00,734.51,735.59,734.5,735.23,429.437,315708.83374
BNBUSDT,1752955800000,2025-07-19 20:10:00,2025-07-20 05:10:00,735.23,735.23,734.8,734.86,388.37,285431.2339
BNBUSDT,1752956100000,2025-07-19 20:15:00,2025-07-20 05:15:00,734.86,734.86,733.48,734.09,664.611,487801.10577
BNBUSDT,1752956400000,2025-07-19 20:20:00,2025-07-20 05:20:00,734.1,734.57,734.05,734.49,208.916,153407.86313
BNBUSDT,1752956700000,2025-07-19 20:25:00,2025-07-20 05:25:00,734.48,734.78,734.34,734.61,106.934,78551.96069
BNBUSDT,1752957000000,2025-07-19 20:30:00,2025-07-20 05:30:00,734.61,734.62,733.9,734.4,174.431,128081.347
BNBUSDT,1752957300000,2025-07-19 20:35:00,2025-07-20 05:35:00,734.4,734.7,734.34,734.7,201.197,147792.2695
BNBUSDT,1752957600000,2025-07-19 20:40:00,2025-07-20 05:40:00,734.7,735.1,734.63,734.91,220.495,162024.55023
BNBUSDT,1752957900000,2025-07-19 20:45:00,2025-07-20 05:45:00,734.9,735.1,734.49,735.1,224,164574.98925
BNBUSDT,1752958200000,2025-07-19 20:50:00,2025-07-20 05:50:00,735.1,735.54,735,735.31,185.372,136295.39124
BNBUSDT,1752958500000,2025-07-19 20:55:00,2025-07-20 05:55:00,735.32,735.71,732.77,732.77,677.172,497264.033
BNBUSDT,1752958800000,2025-07-19 21:00:00,2025-07-20 06:00:00,732.76,733.3,731.4,731.4,518.06,379465.14052
BNBUSDT,1752959100000,2025-07-19 21:05:00,2025-07-20 06:05:00,731.4,731.98,730.85,730.86,424.325,310422.65226
BNBUSDT,1752959400000,2025-07-19 21:10:00,2025-07-20 06:10:00,730.85,731.1,728.13,728.6,1240.258,904843.43487
BNBUSDT,1752959700000,2025-07-19 21:15:00,2025-07-20 06:15:00,728.6,728.98,725.38,726.03,2993.901,2176807.16866
BNBUSDT,1752960000000,2025-07-19 21:20:00,2025-07-20 06:20:00,726.04,726.35,725.1,725.43,1002.674,727581.85007
BNBUSDT,1752960300000,2025-07-19 21:25:00,2025-07-20 06:25:00,725.42,728.36,725.32,728.26,636.102,462338.6568
BNBUSDT,1752960600000,2025-07-19 21:30:00,2025-07-20 06:30:00,728.26,728.3,727.09,727.67,347.967,253211.45024
BNBUSDT,1752960900000,2025-07-19 21:35:00,2025-07-20 06:35:00,727.67,728.7,727.56,727.9,473.994,345084.93665
BNBUSDT,1752961200000,2025-07-19 21:40:00,2025-07-20 06:40:00,727.9,728.3,727.89,728.1,294,214063.45333
BNBUSDT,1752961500000,2025-07-19 21:45:00,2025-07-20 06:45:00,728.1,728.84,728.09,728.84,212.912,155070.62725
BNBUSDT,1752961800000,2025-07-19 21:50:00,2025-07-20 06:50:00,728.83,729.94,728.83,729.8,464.45,338838.08705
BNBUSDT,1752962100000,2025-07-19 21:55:00,2025-07-20 06:55:00,729.81,730.51,729.8,730.37,141.825,103554.40688
BNBUSDT,1752962400000,2025-07-19 22:00:00,2025-07-20 07:00:00,730.38,730.63,729.21,729.29,607.567,443539.8337
BNBUSDT,1752962700000,2025-07-19 22:05:00,2025-07-20 07:05:00,729.28,730.86,729.05,730.65,355.235,259365.10167
BNBUSDT,1752963000000,2025-07-19 22:10:00,2025-07-20 07:10:00,730.66,731.2,730.6,731.19,343.724,251247.33619
BNBUSDT,1752963300000,2025-07-19 22:15:00,2025-07-20 07:15:00,731.2,731.91,731.1,731.71,318.938,233328.67965
BNBUSDT,1752963600000,2025-07-19 22:20:00,2025-07-20 07:20:00,731.72,731.8,730.75,731.04,208.531,152471.05281
BNBUSDT,1752963900000,2025-07-19 22:25:00,2025-07-20 07:25:00,731.03,731.31,730.39,730.43,243.826,178170.79362
BNBUSDT,1752964200000,2025-07-19 22:30:00,2025-07-20 07:30:00,730.44,730.89,730.37,730.88,207.81,151846.61353
BNBUSDT,1752964500000,2025-07-19 22:35:00,2025-07-20 07:35:00,730.88,731.17,730.8,731.02,135.491,99042.41864
BNBUSDT,1752964800000,2025-07-19 22:40:00,2025-07-20 07:40:00,731.03,731.99,731.03,731.89,169.461,123973.69359
BNBUSDT,1752965100000,2025-07-19 22:45:00,2025-07-20 07:45:00,731.9,731.98,731.55,731.62,80.656,59020.36416
BNBUSDT,1752965400000,2025-07-19 22:50:00,2025-07-20 07:50:00,731.63,731.9,731.4,731.84,110,80486.14947
BNBUSDT,1752965700000,2025-07-19 22:55:00,2025-07-20 07:55:00,731.85,732.53,731.85,732.53,209.87,153656.6078
BNBUSDT,1752966000000,2025-07-19 23:00:00,2025-07-20 08:00:00,732.52,732.56,731.91,732.54,232.73,170444.56789
BNBUSDT,1752966300000,2025-07-19 23:05:00,2025-07-20 08:05:00,732.55,732.8,732.45,732.45,109.329,80099.12892
BNBUSDT,1752966600000,2025-07-19 23:10:00,2025-07-20 08:10:00,732.45,732.73,732.44,732.57,130.945,95927.48127
BNBUSDT,1752966900000,2025-07-19 23:15:00,2025-07-20 08:15:00,732.58,732.58,731.92,732.25,165.202,120961.11946
BNBUSDT,1752967200000,2025-07-19 23:20:00,2025-07-20 08:20:00,732.25,732.27,731.54,731.63,131.85,96495.74817
BNBUSDT,1752967500000,2025-07-19 23:25:00,2025-07-20 08:25:00,731.62,731.97,731.02,731.89,275.831,201752.55554
BNBUSDT,1752967800000,2025-07-19 23:30:00,2025-07-20 08:30:00,731.9,732.71,731.9,732.71,162.301,118865.40121
BNBUSDT,1752968100000,2025-07-19 23:35:00,2025-07-20 08:35:00,732.71,733.12,732.69,732.99,211.319,154882.9962
BNBUSDT,1752968400000,2025-07-19 23:40:00,2025-07-20 08:40:00,733,733.05,732.51,732.52,319.669,234248.03514
BNBUSDT,1752968700000,2025-07-19 23:45:00,2025-07-20 08:45:00,732.51,732.78,731.97,732.69,349.931,256269.88728
BNBUSDT,1752969000000,2025-07-19 23:50:00,2025-07-20 08:50:00,732.69,733.06,732.46,733.06,163.474,119795.06319
BNBUSDT,1752969300000,2025-07-19 23:55:00,2025-07-20 08:55:00,733.07,733.5,733.04,733.2,285.44,209311.58435
BNBUSDT,1752969600000,2025-07-20 00:00:00,2025-07-20 09:00:00,733.2,733.37,732.7,732.7,180.822,132550.8406
BNBUSDT,1752969900000,2025-07-20 00:05:00,2025-07-20 09:05:00,732.7,732.78,731.92,732,257.572,188626.32466
BNBUSDT,1752970200000,2025-07-20 00:10:00,2025-07-20 09:10:00,731.99,732.39,731.85,732.3,412.695,302130.32701
BNBUSDT,1752970500000,2025-07-20 00:15:00,2025-07-20 09:15:00,732.3,733.2,732.1,732.91,276.489,202587.10215
BNBUSDT,1752970800000,2025-07-20 00:20:00,2025-07-20 09:20:00,732.9,733.4,732.9,733.02,404.123,296277.34777
BNBUSDT,1752971100000,2025-07-20 00:25:00,2025-07-20 09:25:00,733.03,733.03,731.59,731.6,332.286,243378.62892
BNBUSDT,1752971400000,2025-07-20 00:30:00,2025-07-20 09:30:00,731.6,732.75,731.55,732.66,237.093,173572.92872
BNBUSDT,1752971700000,2025-07-20 00:35:00,2025-07-20 09:35:00,732.65,733.65,732.65,733.03,323.747,237411.32328
BNBUSDT,1752972000000,2025-07-20 00:40:00,2025-07-20 09:40:00,733.03,733.37,731.5,732.09,935.315,685068.54477
BNBUSDT,1752972300000,2025-07-20 00:45:00,2025-07-20 09:45:00,732.1,733.29,732.1,733.22,247.43,181345.89063
BNBUSDT,1752972600000,2025-07-20 00:50:00,2025-07-20 09:50:00,733.23,734.03,733.23,734,213.007,156279.74839
BNBUSDT,1752972900000,2025-07-20 00:55:00,2025-07-20 09:55:00,734,734.26,733.99,734.14,186.31,136777.38206
BNBUSDT,1752973200000,2025-07-20 01:00:00,2025-07-20 10:00:00,734.15,735.25,734.14,735.02,670.541,492679.46171
BNBUSDT,1752973500000,2025-07-20 01:05:00,2025-07-20 10:05:00,735.02,736.14,735.02,736.01,706.009,519383.56294
BNBUSDT,1752973800000,2025-07-20 01:10:00,2025-07-20 10:10:00,736.01,736.1,735.52,736.07,529.26,389423.38932
BNBUSDT,1752974100000,2025-07-20 01:15:00,2025-07-20 10:15:00,736.07,736.66,736.07,736.53,460.28,338968.51367
BNBUSDT,1752974400000,2025-07-20 01:20:00,2025-07-20 10:20:00,736.54,737.62,736.54,737.25,537.26,396110.66548
BNBUSDT,1752974700000,2025-07-20 01:25:00,2025-07-20 10:25:00,737.25,737.58,737.03,737.18,333.733,246060.68236
BNBUSDT,1752975000000,2025-07-20 01:30:00,2025-07-20 10:30:00,737.19,738.2,737.1,738.1,1070.596,789932.48534
BNBUSDT,1752975300000,2025-07-20 01:35:00,2025-07-20 10:35:00,738.1,738.11,736.72,736.81,508.221,374682.04597
BNBUSDT,1752975600000,2025-07-20 01:40:00,2025-07-20 10:40:00,736.81,738.82,736.81,738.73,1315.241,970527.32264
BNBUSDT,1752975900000,2025-07-20 01:45:00,2025-07-20 10:45:00,738.65,739.94,738.51,739.93,2033.842,1504167.14248
BNBUSDT,1752976200000,2025-07-20 01:50:00,2025-07-20 10:50:00,739.94,741.49,739.88,740.3,1789.984,1325816.50774
BNBUSDT,1752976500000,2025-07-20 01:55:00,2025-07-20 10:55:00,740.31,740.37,738.57,738.67,1053.616,779213.02679
BNBUSDT,1752976800000,2025-07-20 02:00:00,2025-07-20 11:00:00,738.66,739.05,737.56,738.37,590.902,436320.56312
BNBUSDT,1752977100000,2025-07-20 02:05:00,2025-07-20 11:05:00,738.37,738.6,737.5,738.09,406.143,299746.08178
BNBUSDT,1752977400000,2025-07-20 02:10:00,2025-07-20 11:10:00,738.09,739.45,737.76,739.36,496.318,366556.94215
BNBUSDT,1752977700000,2025-07-20 02:15:00,2025-07-20 11:15:00,739.36,739.5,738.38,738.39,269.896,199481.34341
BNBUSDT,1752978000000,2025-07-20 02:20:00,2025-07-20 11:20:00,738.38,739,738.38,738.7,309.07,228327.34675
BNBUSDT,1752978300000,2025-07-20 02:25:00,2025-07-20 11:25:00,738.71,740.1,738.25,739.65,1312.894,970727.88644
BNBUSDT,1752978600000,2025-07-20 02:30:00,2025-07-20 11:30:00,739.66,741.47,738.81,741.42,1414.412,1047242.25904
BNBUSDT,1752978900000,2025-07-20 02:35:00,2025-07-20 11:35:00,741.41,741.79,741.11,741.53,984.555,730034.88677
BNBUSDT,1752979200000,2025-07-20 02:40:00,2025-07-20 11:40:00,741.53,741.53,740.91,741.18,515.534,382102.36395
BNBUSDT,1752979500000,2025-07-20 02:45:00,2025-07-20 11:45:00,741.19,741.7,740.92,741.52,401.243,297440.83325
BNBUSDT,1752979800000,2025-07-20 02:50:00,2025-07-20 11:50:00,741.52,741.73,741.1,741.1,512.8,380240.16322
BNBUSDT,1752980100000,2025-07-20 02:55:00,2025-07-20 11:55:00,741.1,741.79,740.93,741.73,316.537,234724.98681
BNBUSDT,1752980400000,2025-07-20 03:00:00,2025-07-20 12:00:00,741.72,741.8,741.4,741.41,250.878,186061.71004
BNBUSDT,1752980700000,2025-07-20 03:05:00,2025-07-20 12:05:00,741.41,741.7,741.1,741.61,325.804,241537.13115
BNBUSDT,1752981000000,2025-07-20 03:10:00,2025-07-20 12:10:00,741.6,741.88,741.46,741.62,174.403,129340.18368
BNBUSDT,1752981300000,2025-07-20 03:15:00,2025-07-20 12:15:00,741.63,741.63,741.14,741.2,598.567,443765.50111
BNBUSDT,1752981600000,2025-07-20 03:20:00,2025-07-20 12:20:00,741.21,741.53,740.84,740.96,535.758,397075.93211
BNBUSDT,1752981900000,2025-07-20 03:25:00,2025-07-20 12:25:00,740.96,742.17,740.93,742.09,883.315,655023.51451
BNBUSDT,1752982200000,2025-07-20 03:30:00,2025-07-20 12:30:00,742.1,743.45,742.09,743.45,1035.785,769518.34162
BNBUSDT,1752982500000,2025-07-20 03:35:00,2025-07-20 12:35:00,743.45,746.15,743.44,745.87,3092.977,2304366.93348
BNBUSDT,1752982800000,2025-07-20 03:40:00,2025-07-20 12:40:00,745.88,746.11,743.6,744.29,941.599,701394.98145
BNBUSDT,1752983100000,2025-07-20 03:45:00,2025-07-20 12:45:00,744.29,744.49,743.52,744.03,550.276,409431.42689
BNBUSDT,1752983400000,2025-07-20 03:50:00,2025-07-20 12:50:00,744.03,744.28,742.73,742.96,946.823,704083.46336
BNBUSDT,1752983700000,2025-07-20 03:55:00,2025-07-20 12:55:00,742.95,743.52,740.54,742.92,2587.845,1920161.72475
BNBUSDT,1752984000000,2025-07-20 04:00:00,2025-07-20 13:00:00,742.92,744.17,742.72,742.87,590.978,439423.88891
BNBUSDT,1752984300000,2025-07-20 04:05:00,2025-07-20 13:05:00,742.87,743.24,742.13,742.14,529.035,392863.76997
BNBUSDT,1752984600000,2025-07-20 04:10:00,2025-07-20 13:10:00,742.14,742.4,740.98,741.8,834.633,618973.9599
BNBUSDT,1752984900000,2025-07-20 04:15:00,2025-07-20 13:15:00,741.8,743.23,741.7,742.55,639.587,474823.49742
BNBUSDT,1752985200000,2025-07-20 04:20:00,2025-07-20 13:20:00,742.55,743.8,742.46,743.76,485.505,360901.12424
BNBUSDT,1752985500000,2025-07-20 04:25:00,2025-07-20 13:25:00,743.75,743.93,743.27,743.47,327.131,243278.74801
BNBUSDT,1752985800000,2025-07-20 04:30:00,2025-07-20 13:30:00,743.46,744.13,743.41,743.92,421.272,313385.35632
BNBUSDT,1752986100000,2025-07-20 04:35:00,2025-07-20 13:35:00,743.92,743.92,742.52,742.53,889.862,661210.42441
BNBUSDT,1752986400000,2025-07-20 04:40:00,2025-07-20 13:40:00,742.52,742.53,742.18,742.4,240.871,178808.21985
BNBUSDT,1752986700000,2025-07-20 04:45:00,2025-07-20 13:45:00,742.4,742.7,741.87,742.11,306.994,227855.80827
BNBUSDT,1752987000000,2025-07-20 04:50:00,2025-07-20 13:50:00,742.12,742.5,741.83,741.85,463.989,344321.32947
BNBUSDT,1752987300000,2025-07-20 04:55:00,2025-07-20 13:55:00,741.84,742.09,741.3,741.9,422.265,313211.87555
BNBUSDT,1752987600000,2025-07-20 05:00:00,2025-07-20 14:00:00,741.9,742.27,741.53,741.96,351.357,260678.18505
BNBUSDT,1752987900000,2025-07-20 05:05:00,2025-07-20 14:05:00,741.97,741.98,740.73,740.84,463.156,343405.53726
BNBUSDT,1752988200000,2025-07-20 05:10:00,2025-07-20 14:10:00,740.84,741.17,740.63,741.01,424.676,314630.06811
BNBUSDT,1752988500000,2025-07-20 05:15:00,2025-07-20 14:15:00,741.01,741.38,740.89,740.94,361.119,267634.00209
BNBUSDT,1752988800000,2025-07-20 05:20:00,2025-07-20 14:20:00,740.95,740.97,740.04,740.04,567.322,420094.35622
BNBUSDT,1752989100000,2025-07-20 05:25:00,2025-07-20 14:25:00,740.05,740.26,738.92,739.68,991.187,733141.51332
BNBUSDT,1752989400000,2025-07-20 05:30:00,2025-07-20 14:30:00,739.69,740.1,739.55,739.75,354.959,262584.39363
BNBUSDT,1752989700000,2025-07-20 05:35:00,2025-07-20 14:35:00,739.74,740.59,739.74,740.48,532.985,394564.57961
BNBUSDT,1752990000000,2025-07-20 05:40:00,2025-07-20 14:40:00,740.49,741.27,740.14,741.27,716.489,530769.98604
BNBUSDT,1752990300000,2025-07-20 05:45:00,2025-07-20 14:45:00,741.27,742.78,741.27,742.77,576.457,427837.04604
BNBUSDT,1752990600000,2025-07-20 05:50:00,2025-07-20 14:50:00,742.78,743.95,742.19,743.57,738.582,548942.56314
BNBUSDT,1752990900000,2025-07-20 05:55:00,2025-07-20 14:55:00,743.57,744.29,743.47,743.66,624.928,464908.19758
BNBUSDT,1752991200000,2025-07-20 06:00:00,2025-07-20 15:00:00,743.66,743.91,743.38,743.51,339.427,252422.37403
BNBUSDT,1752991500000,2025-07-20 06:05:00,2025-07-20 15:05:00,743.51,743.51,743.1,743.2,315.922,234815.02421
BNBUSDT,1752991800000,2025-07-20 06:10:00,2025-07-20 15:10:00,743.2,743.2,742.42,742.62,311.092,231055.59665
BNBUSDT,1752992100000,2025-07-20 06:15:00,2025-07-20 15:15:00,742.62,742.64,742.28,742.29,202.878,150628.58487
BNBUSDT,1752992400000,2025-07-20 06:20:00,2025-07-20 15:20:00,742.3,742.3,741.46,742.11,426.641,316544.87729
BNBUSDT,1752992700000,2025-07-20 06:25:00,2025-07-20 15:25:00,742.11,742.86,741.9,742.71,310.468,230513.50978
BNBUSDT,1752993000000,2025-07-20 06:30:00,2025-07-20 15:30:00,742.7,742.75,742.27,742.33,225.491,167419.41012
BNBUSDT,1752993300000,2025-07-20 06:35:00,2025-07-20 15:35:00,742.33,742.4,741.95,741.95,210.243,156051.26947
BNBUSDT,1752993600000,2025-07-20 06:40:00,2025-07-20 15:40:00,741.96,743.3,741.95,742.78,693.702,515130.18495
BNBUSDT,1752993900000,2025-07-20 06:45:00,2025-07-20 15:45:00,742.79,742.85,742.42,742.42,102.63,76220.60851
BNBUSDT,1752994200000,2025-07-20 06:50:00,2025-07-20 15:50:00,742.43,742.43,742.1,742.11,114.899,85285.53639
BNBUSDT,1752994500000,2025-07-20 06:55:00,2025-07-20 15:55:00,742.11,742.2,742.04,742.16,210.038,155879.71971
BNBUSDT,1752994800000,2025-07-20 07:00:00,2025-07-20 16:00:00,742.17,742.57,742.12,742.13,325.104,241346.82886
BNBUSDT,1752995100000,2025-07-20 07:05:00,2025-07-20 16:05:00,742.13,742.8,741.68,742.13,496.41,368432.77755
BNBUSDT,1752995400000,2025-07-20 07:10:00,2025-07-20 16:10:00,742.13,742.64,741.99,742.6,201.806,149793.83779
BNBUSDT,1752995700000,2025-07-20 07:15:00,2025-07-20 16:15:00,742.59,743.32,742.59,743.31,267.666,198885.19786
BNBUSDT,1752996000000,2025-07-20 07:20:00,2025-07-20 16:20:00,743.32,743.49,743.31,743.43,176.007,130841.00601
BNBUSDT,1752996300000,2025-07-20 07:25:00,2025-07-20 16:25:00,743.44,743.5,743.36,743.49,237.198,176337.97787
BNBUSDT,1752996600000,2025-07-20 07:30:00,2025-07-20 16:30:00,743.5,743.58,743.36,743.47,394.136,293033.49674
BNBUSDT,1752996900000,2025-07-20 07:35:00,2025-07-20 16:35:00,743.47,743.79,743.04,743.78,581.973,432654.20891
BNBUSDT,1752997200000,2025-07-20 07:40:00,2025-07-20 16:40:00,743.79,745.48,743.78,745.48,1191.286,887310.17872
BNBUSDT,1752997500000,2025-07-20 07:45:00,2025-07-20 16:45:00,745.48,745.54,745.13,745.26,343.19,255795.27696
BNBUSDT,1752997800000,2025-07-20 07:50:00,2025-07-20 16:50:00,745.25,745.3,744.71,744.8,1214.724,904968.20956
BNBUSDT,1752998100000,2025-07-20 07:55:00,2025-07-20 16:55:00,744.8,744.8,744.23,744.69,788.628,587127.40698
BNBUSDT,1752998400000,2025-07-20 08:00:00,2025-07-20 17:00:00,744.68,747,744.65,746.98,998.426,744664.56713
BNBUSDT,1752998700000,2025-07-20 08:05:00,2025-07-20 17:05:00,746.98,747.25,746.45,746.92,557.38,416301.52503
BNBUSDT,1752999000000,2025-07-20 08:10:00,2025-07-20 17:10:00,746.93,746.93,746.61,746.8,389.909,291186.61131
BNBUSDT,1752999300000,2025-07-20 08:15:00,2025-07-20 17:15:00,746.8,747.41,746.79,747.41,850.851,635683.28014
BNBUSDT,1752999600000,2025-07-20 08:20:00,2025-07-20 17:20:00,747.4,747.84,747.15,747.84,321.229,240106.32925
BNBUSDT,1752999900000,2025-07-20 08:25:00,2025-07-20 17:25:00,747.84,748.97,747.59,748.22,1427.187,1067649.91403
BNBUSDT,1753000200000,2025-07-20 08:30:00,2025-07-20 17:30:00,748.23,748.99,747.91,748.41,1209.484,905330.30443
BNBUSDT,1753000500000,2025-07-20 08:35:00,2025-07-20 17:35:00,748.41,748.45,747.97,748.19,642.503,480735.33033
BNBUSDT,1753000800000,2025-07-20 08:40:00,2025-07-20 17:40:00,748.2,749,747.95,748.99,940.641,703921.04422
BNBUSDT,1753001100000,2025-07-20 08:45:00,2025-07-20 17:45:00,748.99,750.8,748.74,749.21,2330.347,1747584.38555
BNBUSDT,1753001400000,2025-07-20 08:50:00,2025-07-20 17:50:00,749.21,749.4,748.18,748.57,1286.634,963232.83393
BNBUSDT,1753001700000,2025-07-20 08:55:00,2025-07-20 17:55:00,748.57,750.89,748.56,750.8,1546.058,1158725.45866
BNBUSDT,1753002000000,2025-07-20 09:00:00,2025-07-20 18:00:00,750.79,750.79,749.77,749.9,931.066,698672.19665
BNBUSDT,1753002300000,2025-07-20 09:05:00,2025-07-20 18:05:00,749.9,750,747.99,748.49,1493.662,1118631.81234
BNBUSDT,1753002600000,2025-07-20 09:10:00,2025-07-20 18:10:00,748.49,748.88,747.98,748.87,649.555,486161.01415
BNBUSDT,1753002900000,2025-07-20 09:15:00,2025-07-20 18:15:00,748.87,749.5,748.87,749.17,627.946,470457.98147
BNBUSDT,1753003200000,2025-07-20 09:20:00,2025-07-20 18:20:00,749.17,749.17,747.86,748.04,1835.914,1374400.7227
BNBUSDT,1753003500000,2025-07-20 09:25:00,2025-07-20 18:25:00,748.04,748.76,747.2,747.76,1376.785,1029754.14718
BNBUSDT,1753003800000,2025-07-20 09:30:00,2025-07-20 18:30:00,747.76,749.29,747.76,749.19,859.871,643757.18907
BNBUSDT,1753004100000,2025-07-20 09:35:00,2025-07-20 18:35:00,749.18,750.31,748.62,749.8,1494.902,1120763.57531
BNBUSDT,1753004400000,2025-07-20 09:40:00,2025-07-20 18:40:00,749.81,749.9,749.04,749.12,488.202,365893.56143
BNBUSDT,1753004700000,2025-07-20 09:45:00,2025-07-20 18:45:00,749.11,749.57,749.02,749.2,635.318,476039.32498
BNBUSDT,1753005000000,2025-07-20 09:50:00,2025-07-20 18:50:00,749.2,749.38,748.93,749,318.589,238687.66711
BNBUSDT,1753005300000,2025-07-20 09:55:00,2025-07-20 18:55:00,749,749.54,748.69,748.91,1033.979,774436.78214
BNBUSDT,1753005600000,2025-07-20 10:00:00,2025-07-20 19:00:00,748.9,749.7,748.74,749.1,668.645,500974.08897
BNBUSDT,1753005900000,2025-07-20 10:05:00,2025-07-20 19:05:00,749.09,749.29,747.81,748.03,969.402,725497.22709
BNBUSDT,1753006200000,2025-07-20 10:10:00,2025-07-20 19:10:00,748.03,748.2,746.9,748.19,1616.447,1208576.07014
BNBUSDT,1753006500000,2025-07-20 10:15:00,2025-07-20 19:15:00,748.19,749.09,748.08,748.95,465.558,348523.69595
BNBUSDT,1753006800000,2025-07-20 10:20:00,2025-07-20 19:20:00,748.95,748.95,748.29,748.69,338.232,253217.59043
BNBUSDT,1753007100000,2025-07-20 10:25:00,2025-07-20 19:25:00,748.69,749.09,748.56,748.93,493.442,369500.81362
BNBUSDT,1753007400000,2025-07-20 10:30:00,2025-07-20 19:30:00,748.93,748.93,746.78,747.68,4835.998,3613462.56496
BNBUSDT,1753007700000,2025-07-20 10:35:00,2025-07-20 19:35:00,747.69,748.29,747.38,747.38,606.868,453852.55667
BNBUSDT,1753008000000,2025-07-20 10:40:00,2025-07-20 19:40:00,747.39,747.7,747.2,747.21,676.137,505405.98588
BNBUSDT,1753008300000,2025-07-20 10:45:00,2025-07-20 19:45:00,747.2,747.45,747.05,747.45,304.703,227698.80034
BNBUSDT,1753008600000,2025-07-20 10:50:00,2025-07-20 19:50:00,747.44,747.5,746.27,746.33,490.656,366422.93135
BNBUSDT,1753008900000,2025-07-20 10:55:00,2025-07-20 19:55:00,746.33,746.38,745.06,745.18,1195.808,891855.67629
BNBUSDT,1753009200000,2025-07-20 11:00:00,2025-07-20 20:00:00,745.17,746.01,744.58,745.91,1102.177,821462.94657
BNBUSDT,1753009500000,2025-07-20 11:05:00,2025-07-20 20:05:00,745.92,746.3,745.8,746.2,368.831,275161.29672
BNBUSDT,1753009800000,2025-07-20 11:10:00,2025-07-20 20:10:00,746.19,746.2,745.63,746.02,341.142,254464.75868
BNBUSDT,1753010100000,2025-07-20 11:15:00,2025-07-20 20:15:00,746.02,746.7,745.52,746.65,788.62,588453.01217
BNBUSDT,1753010400000,2025-07-20 11:20:00,2025-07-20 20:20:00,746.65,747.66,746.32,746.83,2137.931,1597271.48425
BNBUSDT,1753010700000,2025-07-20 11:25:00,2025-07-20 20:25:00,746.83,746.87,746.3,746.54,378.132,282290.13565
BNBUSDT,1753011000000,2025-07-20 11:30:00,2025-07-20 20:30:00,746.53,746.95,746.32,746.95,355.379,265343.04171
BNBUSDT,1753011300000,2025-07-20 11:35:00,2025-07-20 20:35:00,746.95,747.5,746.95,747.33,409.777,306219.14956
BNBUSDT,1753011600000,2025-07-20 11:40:00,2025-07-20 20:40:00,747.34,747.78,747.06,747.66,493.167,368584.97165
BNBUSDT,1753011900000,2025-07-20 11:45:00,2025-07-20 20:45:00,747.65,749.8,747.44,749.54,2201.179,1647203.47149
BNBUSDT,1753012200000,2025-07-20 11:50:00,2025-07-20 20:50:00,749.54,750.3,749.13,749.92,1268.135,950848.93981
BNBUSDT,1753012500000,2025-07-20 11:55:00,2025-07-20 20:55:00,749.92,749.93,748.41,748.76,538.624,403443.83115
BNBUSDT,1753012800000,2025-07-20 12:00:00,2025-07-20 21:00:00,748.76,748.77,746.99,747.54,1336.274,999390.9056
BNBUSDT,1753013100000,2025-07-20 12:05:00,2025-07-20 21:05:00,747.55,749,747.55,748.35,868.541,649990.76634
BNBUSDT,1753013400000,2025-07-20 12:10:00,2025-07-20 21:10:00,748.35,748.48,747.28,748,486.49,363779.66425
BNBUSDT,1753013700000,2025-07-20 12:15:00,2025-07-20 21:15:00,747.99,747.99,747.07,747.07,363.338,271579.24281
BNBUSDT,1753014000000,2025-07-20 12:20:00,2025-07-20 21:20:00,747.08,747.55,746.53,747.49,690.598,515871.02254
BNBUSDT,1753014300000,2025-07-20 12:25:00,2025-07-20 21:25:00,747.48,747.82,746.3,746.46,454.957,339890.22349
BNBUSDT,1753014600000,2025-07-20 12:30:00,2025-07-20 21:30:00,746.46,746.77,745.95,746.77,316.056,235874.53678
BNBUSDT,1753014900000,2025-07-20 12:35:00,2025-07-20 21:35:00,746.77,747.5,746.77,746.88,658.855,492308.44517
BNBUSDT,1753015200000,2025-07-20 12:40:00,2025-07-20 21:40:00,746.89,746.89,746.17,746.3,439.832,328344.40731
BNBUSDT,1753015500000,2025-07-20 12:45:00,2025-07-20 21:45:00,746.29,746.5,746.04,746.5,212.896,158876.4117
BNBUSDT,1753015800000,2025-07-20 12:50:00,2025-07-20 21:50:00,746.49,747.77,746.48,747.26,924.964,691198.28054
BNBUSDT,1753016100000,2025-07-20 12:55:00,2025-07-20 21:55:00,747.26,747.66,746.84,747.5,614.578,459201.90465
BNBUSDT,1753016400000,2025-07-20 13:00:00,2025-07-20 22:00:00,747.49,748.09,747.36,747.59,322.854,241404.86751
BNBUSDT,1753016700000,2025-07-20 13:05:00,2025-07-20 22:05:00,747.59,747.95,747.17,747.57,394.53,294958.45152
BNBUSDT,1753017000000,2025-07-20 13:10:00,2025-07-20 22:10:00,747.56,748.11,747.26,747.74,506.187,378432.96424
BNBUSDT,1753017300000,2025-07-20 13:15:00,2025-07-20 22:15:00,747.74,747.79,747.21,747.72,472.952,353536.99835
BNBUSDT,1753017600000,2025-07-20 13:20:00,2025-07-20 22:20:00,747.72,747.74,747.26,747.55,277.37,207318.90172
BNBUSDT,1753017900000,2025-07-20 13:25:00,2025-07-20 22:25:00,747.55,747.56,747.21,747.35,263.623,197018.6815
BNBUSDT,1753018200000,2025-07-20 13:30:00,2025-07-20 22:30:00,747.36,747.81,747.15,747.44,526.089,393254.70194
BNBUSDT,1753018500000,2025-07-20 13:35:00,2025-07-20 22:35:00,747.43,747.78,747.33,747.49,222.217,166121.45122
BNBUSDT,1753018800000,2025-07-20 13:40:00,2025-07-20 22:40:00,747.5,748.15,747.49,748.15,335.327,250780.14214
BNBUSDT,1753019100000,2025-07-20 13:45:00,2025-07-20 22:45:00,748.14,748.64,748.14,748.49,574.195,429720.77655
BNBUSDT,1753019400000,2025-07-20 13:50:00,2025-07-20 22:50:00,748.49,749.38,748.49,749.37,553.318,414394.52592
BNBUSDT,1753019700000,2025-07-20 13:55:00,2025-07-20 22:55:00,749.37,749.7,749.27,749.27,700.394,524951.79162
BNBUSDT,1753020000000,2025-07-20 14:00:00,2025-07-20 23:00:00,749.28,749.65,748.91,749,1062.709,796281.07138
BNBUSDT,1753020300000,2025-07-20 14:05:00,2025-07-20 23:05:00,749.01,749.54,747.84,747.91,2056.849,1539992.29133
BNBUSDT,1753020600000,2025-07-20 14:10:00,2025-07-20 23:10:00,747.91,747.94,743.55,747.06,5217.666,3892640.1211
BNBUSDT,1753020900000,2025-07-20 14:15:00,2025-07-20 23:15:00,747.06,747.84,745.87,747.44,1768.178,1320232.64655
BNBUSDT,1753021200000,2025-07-20 14:20:00,2025-07-20 23:20:00,747.44,748.26,747.32,747.72,529.067,395625.19895
BNBUSDT,1753021500000,2025-07-20 14:25:00,2025-07-20 23:25:00,747.73,748.14,747.21,747.87,630.077,471015.83158
BNBUSDT,1753021800000,2025-07-20 14:30:00,2025-07-20 23:30:00,747.87,748.11,746,747,3237.094,2417786.44652
BNBUSDT,1753022100000,2025-07-20 14:35:00,2025-07-20 23:35:00,747.01,747.36,746.76,746.87,559.075,417655.56745
BNBUSDT,1753022400000,2025-07-20 14:40:00,2025-07-20 23:40:00,746.88,747.26,746.1,746.12,716.392,535074.32666
BNBUSDT,1753022700000,2025-07-20 14:45:00,2025-07-20 23:45:00,746.12,746.3,745.2,745.89,3389.355,2527250.79519
BNBUSDT,1753023000000,2025-07-20 14:50:00,2025-07-20 23:50:00,745.9,746.33,745.58,745.94,1359.2,1013900.27673
BNBUSDT,1753023300000,2025-07-20 14:55:00,2025-07-20 23:55:00,745.94,746.5,745.78,746.5,665.455,496518.49147
BNBUSDT,1753023600000,2025-07-20 15:00:00,2025-07-21 00:00:00,746.5,746.6,745.9,746.51,935.557,698229.03921
BNBUSDT,1753023900000,2025-07-20 15:05:00,2025-07-21 00:05:00,746.51,746.51,745.88,746.1,1883.353,1405348.40136
BNBUSDT,1753024200000,2025-07-20 15:10:00,2025-07-21 00:10:00,746.11,747.29,746.1,747.29,333.246,248848.55802
BNBUSDT,1753024500000,2025-07-20 15:15:00,2025-07-21 00:15:00,747.28,748.32,746.48,746.49,1198.035,895428.93579
BNBUSDT,1753024800000,2025-07-20 15:20:00,2025-07-21 00:20:00,746.49,746.97,746.34,746.92,210.87,157427.2335
BNBUSDT,1753025100000,2025-07-20 15:25:00,2025-07-21 00:25:00,746.92,748.49,746.81,748.49,643.247,481074.49061
BNBUSDT,1753025400000,2025-07-20 15:30:00,2025-07-21 00:30:00,748.49,748.6,747.95,748.4,415.95,311264.31318
BNBUSDT,1753025700000,2025-07-20 15:35:00,2025-07-21 00:35:00,748.41,749.14,748.1,748.89,573.663,429478.31976
BNBUSDT,1753026000000,2025-07-20 15:40:00,2025-07-21 00:40:00,748.88,750,748.7,749.99,802.77,601603.29955
BNBUSDT,1753026300000,2025-07-20 15:45:00,2025-07-21 00:45:00,749.98,750.99,749.98,750.85,1173.877,881007.54213
BNBUSDT,1753026600000,2025-07-20 15:50:00,2025-07-21 00:50:00,750.85,751.6,750.63,751.6,542.472,407457.2593
BNBUSDT,1753026900000,2025-07-20 15:55:00,2025-07-21 00:55:00,751.59,751.85,750.9,751,850.52,639055.01233
BNBUSDT,1753027200000,2025-07-20 16:00:00,2025-07-21 01:00:00,751.01,754.41,750.74,753.61,2486.622,1871711.0712
BNBUSDT,1753027500000,2025-07-20 16:05:00,2025-07-21 01:05:00,753.61,754.4,753.31,753.91,1369.886,1032707.23652
BNBUSDT,1753027800000,2025-07-20 16:10:00,2025-07-21 01:10:00,753.91,755.82,752.32,754.97,2259.35,1705188.69427
BNBUSDT,1753028100000,2025-07-20 16:15:00,2025-07-21 01:15:00,754.97,755.89,753.01,753.18,2361.825,1781731.3867
BNBUSDT,1753028400000,2025-07-20 16:20:00,2025-07-21 01:20:00,753.18,753.5,752.05,752.68,1217.863,916668.72788
BNBUSDT,1753028700000,2025-07-20 16:25:00,2025-07-21 01:25:00,752.68,753.89,752.13,753.6,2006.576,1511176.47806
BNBUSDT,1753029000000,2025-07-20 16:30:00,2025-07-21 01:30:00,753.6,756.36,753.59,755.31,1671.365,1261825.10882
BNBUSDT,1753029300000,2025-07-20 16:35:00,2025-07-21 01:35:00,755.32,755.32,754.01,754.15,1236.855,933384.57073
BNBUSDT,1753029600000,2025-07-20 16:40:00,2025-07-21 01:40:00,754.14,756.27,753.97,755.84,1435.551,1083820.37197
BNBUSDT,1753029900000,2025-07-20 16:45:00,2025-07-21 01:45:00,755.83,756.28,755,755.65,2208.061,1668237.5331
BNBUSDT,1753030200000,2025-07-20 16:50:00,2025-07-21 01:50:00,755.66,756.03,754.92,755.18,806.483,609259.60467
BNBUSDT,1753030500000,2025-07-20 16:55:00,2025-07-21 01:55:00,755.18,755.26,754.3,754.99,1069.578,807273.10203
BNBUSDT,1753030800000,2025-07-20 17:00:00,2025-07-21 02:00:00,755,755.13,749.96,750.69,2036.33,1531012.11318
BNBUSDT,1753031100000,2025-07-20 17:05:00,2025-07-21 02:05:00,750.7,752.4,750.43,751.89,1582.955,1189981.0827
BNBUSDT,1753031400000,2025-07-20 17:10:00,2025-07-21 02:10:00,751.89,751.89,750.43,751.45,862.119,647561.23464
BNBUSDT,1753031700000,2025-07-20 17:15:00,2025-07-21 02:15:00,751.46,754.57,750.06,754.47,1148.571,864586.83097
BNBUSDT,1753032000000,2025-07-20 17:20:00,2025-07-21 02:20:00,754.46,754.89,753.34,753.83,1210.319,912644.18989
BNBUSDT,1753032300000,2025-07-20 17:25:00,2025-07-21 02:25:00,753.84,754.24,752.6,753.61,664.707,500773.62365
BNBUSDT,1753032600000,2025-07-20 17:30:00,2025-07-21 02:30:00,753.62,755.11,752.7,754.2,934.142,704424.14388
BNBUSDT,1753032900000,2025-07-20 17:35:00,2025-07-21 02:35:00,754.21,754.35,752.56,752.98,427.675,322206.13699
BNBUSDT,1753033200000,2025-07-20 17:40:00,2025-07-21 02:40:00,752.98,752.98,750.09,751.27,1113.795,836501.82671
BNBUSDT,1753033500000,2025-07-20 17:45:00,2025-07-21 02:45:00,751.28,751.3,749.78,750.56,1024.377,768784.45452
BNBUSDT,1753033800000,2025-07-20 17:50:00,2025-07-21 02:50:00,750.57,750.74,747.8,748.18,896.634,671648.55222
BNBUSDT,1753034100000,2025-07-20 17:55:00,2025-07-21 02:55:00,748.19,749.15,747.01,747.56,1449.461,1084219.03431
BNBUSDT,1753034400000,2025-07-20 18:00:00,2025-07-21 03:00:00,747.57,749.23,747.57,748.6,725.35,543036.10667
BNBUSDT,1753034700000,2025-07-20 18:05:00,2025-07-21 03:05:00,748.6,749.25,748,748.28,1258.054,941819.45681
BNBUSDT,1753035000000,2025-07-20 18:10:00,2025-07-21 03:10:00,748.32,748.69,746.51,747.86,1733.129,1295475.04298
BNBUSDT,1753035300000,2025-07-20 18:15:00,2025-07-21 03:15:00,747.86,748,745.92,746.67,832.387,621812.54253
BNBUSDT,1753035600000,2025-07-20 18:20:00,2025-07-21 03:20:00,746.67,747.5,746.4,747.32,446.186,333286.06471
BNBUSDT,1753035900000,2025-07-20 18:25:00,2025-07-21 03:25:00,747.32,748.05,747.05,747.45,576.619,431089.28505
BNBUSDT,1753036200000,2025-07-20 18:30:00,2025-07-21 03:30:00,747.45,747.77,746,747.29,1163.885,869389.75136
BNBUSDT,1753036500000,2025-07-20 18:35:00,2025-07-21 03:35:00,747.29,747.77,746.8,747.29,570.791,426548.63591
BNBUSDT,1753036800000,2025-07-20 18:40:00,2025-07-21 03:40:00,747.29,748.18,747.1,748.1,538.739,402840.85161
BNBUSDT,1753037100000,2025-07-20 18:45:00,2025-07-21 03:45:00,748.09,749.24,748.09,748.57,731.951,548104.77126
BNBUSDT,1753037400000,2025-07-20 18:50:00,2025-07-21 03:50:00,748.58,749.32,748.58,749.31,228.686,171279.74151
BNBUSDT,1753037700000,2025-07-20 18:55:00,2025-07-21 03:55:00,749.32,749.98,749.31,749.69,216.199,162074.62004
BNBUSDT,1753038000000,2025-07-20 19:00:00,2025-07-21 04:00:00,749.69,750.18,749.56,749.76,384.016,287948.91057
BNBUSDT,1753038300000,2025-07-20 19:05:00,2025-07-21 04:05:00,749.75,752,749.6,751.91,1858.403,1395689.70118
BNBUSDT,1753038600000,2025-07-20 19:10:00,2025-07-21 04:10:00,751.91,752.79,751.91,751.97,472.338,355370.70994
BNBUSDT,1753038900000,2025-07-20 19:15:00,2025-07-21 04:15:00,751.97,752.49,751.03,752.03,755.218,567893.5535
BNBUSDT,1753039200000,2025-07-20 19:20:00,2025-07-21 04:20:00,752.02,754.69,752.02,754.69,3265.437,2461012.28914
BNBUSDT,1753039500000,2025-07-20 19:25:00,2025-07-21 04:25:00,754.69,754.8,753.8,753.8,406.617,306711.20258
BNBUSDT,1753039800000,2025-07-20 19:30:00,2025-07-21 04:30:00,753.81,754.06,753.22,753.83,454.231,342314.58082
BNBUSDT,1753040100000,2025-07-20 19:35:00,2025-07-21 04:35:00,753.84,754.47,753.65,754.46,276.975,208841.17626
BNBUSDT,1753040400000,2025-07-20 19:40:00,2025-07-21 04:40:00,754.47,755.1,753.79,753.8,487.375,367787.79693
BNBUSDT,1753040700000,2025-07-20 19:45:00,2025-07-21 04:45:00,753.79,754.59,753.68,754.29,170.833,128860.75958
BNBUSDT,1753041000000,2025-07-20 19:50:00,2025-07-21 04:50:00,754.3,754.67,753.76,754.32,250.159,188665.53046
BNBUSDT,1753041300000,2025-07-20 19:55:00,2025-07-21 04:55:00,754.32,754.37,752.97,753.1,423.875,319382.80699
BNBUSDT,1753041600000,2025-07-20 20:00:00,2025-07-21 05:00:00,753.09,753.5,750.7,750.85,735.004,552572.82115
BNBUSDT,1753041900000,2025-07-20 20:05:00,2025-07-21 05:05:00,750.85,751.72,749.61,751.61,704.528,528807.75673
BNBUSDT,1753042200000,2025-07-20 20:10:00,2025-07-21 05:10:00,751.6,752.17,750.6,752.17,712.475,535394.56159
BNBUSDT,1753042500000,2025-07-20 20:15:00,2025-07-21 05:15:00,752.16,754.61,752.16,754.58,663.621,500235.763
BNBUSDT,1753042800000,2025-07-20 20:20:00,2025-07-21 05:20:00,754.58,754.65,753.53,754.2,715.819,539922.99552
BNBUSDT,1753043100000,2025-07-20 20:25:00,2025-07-21 05:25:00,754.2,754.2,752.38,752.78,323.421,243620.21998
BNBUSDT,1753043400000,2025-07-20 20:30:00,2025-07-21 05:30:00,752.77,754.5,752.34,753.76,256.808,193521.0262
BNBUSDT,1753043700000,2025-07-20 20:35:00,2025-07-21 05:35:00,753.76,753.97,752.8,753.97,255.848,192755.33729
BNBUSDT,1753044000000,2025-07-20 20:40:00,2025-07-21 05:40:00,753.97,754,753.41,753.75,294.716,222135.69059
BNBUSDT,1753044300000,2025-07-20 20:45:00,2025-07-21 05:45:00,753.76,756.43,753.72,756.43,619.687,467939.42992
BNBUSDT,1753044600000,2025-07-20 20:50:00,2025-07-21 05:50:00,756.44,757.27,754.93,755.09,964.576,729797.28774
BNBUSDT,1753044900000,2025-07-20 20:55:00,2025-07-21 05:55:00,755.09,755.1,753,753,335.119,252605.80309
BNBUSDT,1753045200000,2025-07-20 21:00:00,2025-07-21 06:00:00,753.01,753.16,749.7,749.71,878.968,660270.81046
BNBUSDT,1753045500000,2025-07-20 21:05:00,2025-07-21 06:05:00,749.72,750.35,748.6,748.79,760.768,570273.56888
BNBUSDT,1753045800000,2025-07-20 21:10:00,2025-07-21 06:10:00,748.79,749.05,747.85,748.86,757.848,567187.08353
BNBUSDT,1753046100000,2025-07-20 21:15:00,2025-07-21 06:15:00,748.85,748.85,748.01,748.4,586.575,438937.79397
BNBUSDT,1753046400000,2025-07-20 21:20:00,2025-07-21 06:20:00,748.4,749.88,748.1,749.88,549.2,411157.89619
BNBUSDT,1753046700000,2025-07-20 21:25:00,2025-07-21 06:25:00,749.89,750.89,749.44,750.46,398.99,299287.82809
BNBUSDT,1753047000000,2025-07-20 21:30:00,2025-07-21 06:30:00,750.46,753.4,750.25,753.13,860.329,647259.14297
BNBUSDT,1753047300000,2025-07-20 21:35:00,2025-07-21 06:35:00,753.14,754,752.5,753.37,471.814,355489.2641
BNBUSDT,1753047600000,2025-07-20 21:40:00,2025-07-21 06:40:00,753.38,753.73,752.7,753.2,451.42,340039.81009
BNBUSDT,1753047900000,2025-07-20 21:45:00,2025-07-21 06:45:00,753.2,755.59,753.19,755.58,452.305,341230.84959
BNBUSDT,1753048200000,2025-07-20 21:50:00,2025-07-21 06:50:00,755.59,759.98,755.59,758.52,3346.307,2537477.35487
BNBUSDT,1753048500000,2025-07-20 21:55:00,2025-07-21 06:55:00,758.51,759.47,758.5,759.18,587.562,446011.96523
BNBUSDT,1753048800000,2025-07-20 22:00:00,2025-07-21 07:00:00,759.19,759.26,756.8,756.95,1029.407,780305.22291
BNBUSDT,1753049100000,2025-07-20 22:05:00,2025-07-21 07:05:00,756.95,758.99,754.18,755.98,1591.005,1203706.66481
BNBUSDT,1753049400000,2025-07-20 22:10:00,2025-07-21 07:10:00,755.97,755.97,749.7,750.22,1610.479,1212065.63056
BNBUSDT,1753049700000,2025-07-20 22:15:00,2025-07-21 07:15:00,750.21,751.44,744.73,748.65,5366.781,4013146.59741
BNBUSDT,1753050000000,2025-07-20 22:20:00,2025-07-21 07:20:00,748.65,753.46,748.29,752.78,2434.788,1826519.77108
BNBUSDT,1753050300000,2025-07-20 22:25:00,2025-07-21 07:25:00,752.77,755.1,752.35,754.83,1379.152,1039494.81346
BNBUSDT,1753050600000,2025-07-20 22:30:00,2025-07-21 07:30:00,754.83,755.62,752.32,754.9,1123.978,847708.14269
BNBUSDT,1753050900000,2025-07-20 22:35:00,2025-07-21 07:35:00,754.9,760.5,754.9,758.09,4767.316,3616961.30575
BNBUSDT,1753051200000,2025-07-20 22:40:00,2025-07-21 07:40:00,758.1,760,757.66,759.51,2466.88,1872702.10278
BNBUSDT,1753051500000,2025-07-20 22:45:00,2025-07-21 07:45:00,759.5,760.01,757.27,759.99,1292.686,981254.50451
BNBUSDT,1753051800000,2025-07-20 22:50:00,2025-07-21 07:50:00,759.99,761.29,759.25,760.41,2492.897,1895749.40938
BNBUSDT,1753052100000,2025-07-20 22:55:00,2025-07-21 07:55:00,760.41,760.41,755.33,755.44,1168.397,885202.64431
BNBUSDT,1753052400000,2025-07-20 23:00:00,2025-07-21 08:00:00,755.45,755.78,753.49,753.61,1965.798,1483254.32295
BNBUSDT,1753052700000,2025-07-20 23:05:00,2025-07-21 08:05:00,753.6,756.57,752.77,755.62,1153.163,870185.96452
BNBUSDT,1753053000000,2025-07-20 23:10:00,2025-07-21 08:10:00,755.61,756.39,754.41,755.31,1161.469,877255.26542
BNBUSDT,1753053300000,2025-07-20 23:15:00,2025-07-21 08:15:00,755.31,756.96,755.2,756.95,400.128,302542.40461
BNBUSDT,1753053600000,2025-07-20 23:20:00,2025-07-21 08:20:00,756.96,757.68,755.9,757.59,736.049,557032.22493
BNBUSDT,1753053900000,2025-07-20 23:25:00,2025-07-21 08:25:00,757.6,758.28,755.4,755.85,582.849,441257.16048
BNBUSDT,1753054200000,2025-07-20 23:30:00,2025-07-21 08:30:00,755.86,757.18,755.04,755.16,527.662,398979.81503
BNBUSDT,1753054500000,2025-07-20 23:35:00,2025-07-21 08:35:00,755.17,757.54,754.25,756.66,706.929,534327.43446
BNBUSDT,1753054800000,2025-07-20 23:40:00,2025-07-21 08:40:00,756.65,760.47,756.65,758.64,1645.145,1248846.31509
BNBUSDT,1753055100000,2025-07-20 23:45:00,2025-07-21 08:45:00,758.65,759.88,756.8,758.22,787.917,597409.70462
BNBUSDT,1753055400000,2025-07-20 23:50:00,2025-07-21 08:50:00,758.22,758.49,756.81,757.42,405.103,306985.44528
BNBUSDT,1753055700000,2025-07-20 23:55:00,2025-07-21 08:55:00,757.42,757.81,756.8,756.82,497.72,376969.9723
BNBUSDT,1753056000000,2025-07-21 00:00:00,2025-07-21 09:00:00,756.82,758.2,756.03,756.07,617.175,467382.06176
BNBUSDT,1753056300000,2025-07-21 00:05:00,2025-07-21 09:05:00,756.06,756.29,754.05,754.29,1259.48,950747.47444
BNBUSDT,1753056600000,2025-07-21 00:10:00,2025-07-21 09:10:00,754.29,754.59,751.4,751.68,1134.764,854231.17196
BNBUSDT,1753056900000,2025-07-21 00:15:00,2025-07-21 09:15:00,751.68,752.2,749.7,749.81,2099.014,1576190.77386
BNBUSDT,1753057200000,2025-07-21 00:20:00,2025-07-21 09:20:00,749.81,750.04,747.29,749.44,2612.635,1955885.60481
BNBUSDT,1753057500000,2025-07-21 00:25:00,2025-07-21 09:25:00,749.44,750.29,748.92,749.1,1033.469,774741.77118
BNBUSDT,1753057800000,2025-07-21 00:30:00,2025-07-21 09:30:00,749.11,749.17,746.41,746.79,1582.478,1183190.96701
BNBUSDT,1753058100000,2025-07-21 00:35:00,2025-07-21 09:35:00,746.79,748.03,746.06,747.2,1774.077,1325367.92806
BNBUSDT,1753058400000,2025-07-21 00:40:00,2025-07-21 09:40:00,747.2,749.15,747.2,748.4,1960.723,1467374.86135
BNBUSDT,1753058700000,2025-07-21 00:45:00,2025-07-21 09:45:00,748.39,751.46,747.27,751.46,2221.327,1663095.74288
BNBUSDT,1753059000000,2025-07-21 00:50:00,2025-07-21 09:50:00,751.45,753.86,751.02,753.06,798.584,600686.30328
BNBUSDT,1753059300000,2025-07-21 00:55:00,2025-07-21 09:55:00,753.07,756.18,752.24,755.69,1050.495,792618.10692
BNBUSDT,1753059600000,2025-07-21 01:00:00,2025-07-21 10:00:00,755.69,755.84,753.92,754.15,729.873,550906.3833
BNBUSDT,1753059900000,2025-07-21 01:05:00,2025-07-21 10:05:00,754.15,754.4,753.41,753.65,447.201,337179.88085
BNBUSDT,1753060200000,2025-07-21 01:10:00,2025-07-21 10:10:00,753.64,753.64,751.6,751.6,478.079,359776.55351
BNBUSDT,1753060500000,2025-07-21 01:15:00,2025-07-21 10:15:00,751.61,752.76,751.61,751.72,482.538,362939.90113
BNBUSDT,1753060800000,2025-07-21 01:20:00,2025-07-21 10:20:00,751.7,752.2,750.5,751.18,515.455,387253.9652
BNBUSDT,1753061100000,2025-07-21 01:25:00,2025-07-21 10:25:00,751.19,751.47,749.42,749.81,707.81,530899.59904
BNBUSDT,1753061400000,2025-07-21 01:30:00,2025-07-21 10:30:00,749.82,750.8,748.47,748.47,872.208,653891.06898
BNBUSDT,1753061700000,2025-07-21 01:35:00,2025-07-21 10:35:00,748.47,748.71,746.88,747.44,1054.931,788839.90467
BNBUSDT,1753062000000,2025-07-21 01:40:00,2025-07-21 10:40:00,747.43,749.17,747.36,748.68,1347.111,1008115.13281
BNBUSDT,1753062300000,2025-07-21 01:45:00,2025-07-21 10:45:00,748.67,749.64,747.59,749.59,997.622,746722.88475
BNBUSDT,1753062600000,2025-07-21 01:50:00,2025-07-21 10:50:00,749.59,750.47,748.89,749.44,822.056,616276.46
BNBUSDT,1753062900000,2025-07-21 01:55:00,2025-07-21 10:55:00,749.44,751.6,749.41,750.46,343.182,257585.28014
BNBUSDT,1753063200000,2025-07-21 02:00:00,2025-07-21 11:00:00,750.46,751.85,750.45,751.84,461.513,346672.17675
BNBUSDT,1753063500000,2025-07-21 02:05:00,2025-07-21 11:05:00,751.85,752.7,751.32,752.7,358.522,269665.24981
BNBUSDT,1753063800000,2025-07-21 02:10:00,2025-07-21 11:10:00,752.7,754.4,752.7,754.22,609.708,459496.78077
BNBUSDT,1753064100000,2025-07-21 02:15:00,2025-07-21 11:15:00,754.21,755,753.83,753.83,713.462,538204.66447
BNBUSDT,1753064400000,2025-07-21 02:20:00,2025-07-21 11:20:00,753.84,755.64,753.83,755.08,908.411,685777.44666
BNBUSDT,1753064700000,2025-07-21 02:25:00,2025-07-21 11:25:00,755.08,758.5,754.43,757.16,1567.482,1186679.00772
BNBUSDT,1753065000000,2025-07-21 02:30:00,2025-07-21 11:30:00,757.16,757.16,755.1,755.27,516.802,390747.5047
BNBUSDT,1753065300000,2025-07-21 02:35:00,2025-07-21 11:35:00,755.27,756.14,755,756.13,589.514,445388.21558
BNBUSDT,1753065600000,2025-07-21 02:40:00,2025-07-21 11:40:00,756.14,756.9,755.09,755.15,570.821,431670.89066
BNBUSDT,1753065900000,2025-07-21 02:45:00,2025-07-21 11:45:00,755.14,756.88,754.83,755.79,1153.181,871657.65428
BNBUSDT,1753066200000,2025-07-21 02:50:00,2025-07-21 11:50:00,755.8,757.4,755.8,756.24,428.996,324707.70187
BNBUSDT,1753066500000,2025-07-21 02:55:00,2025-07-21 11:55:00,756.24,757.96,756.24,757.81,296.778,224715.95316
BNBUSDT,1753066800000,2025-07-21 03:00:00,2025-07-21 12:00:00,757.81,759.98,757.58,759.9,1395.108,1059039.13419
BNBUSDT,1753067100000,2025-07-21 03:05:00,2025-07-21 12:05:00,759.89,762.43,759.39,762.07,2832.739,2155621.28298
BNBUSDT,1753067400000,2025-07-21 03:10:00,2025-07-21 12:10:00,762.07,762.68,760.8,762.4,1412,1075820.3998
BNBUSDT,1753067700000,2025-07-21 03:15:00,2025-07-21 12:15:00,762.4,764.13,762.4,763.53,3443.861,2629640.70193
BNBUSDT,1753068000000,2025-07-21 03:20:00,2025-07-21 12:20:00,763.54,763.61,761.38,761.62,2190.88,1669774.4023
BNBUSDT,1753068300000,2025-07-21 03:25:00,2025-07-21 12:25:00,761.63,762.43,761.63,761.94,1406.832,1071973.63229
BNBUSDT,1753068600000,2025-07-21 03:30:00,2025-07-21 12:30:00,761.94,762.95,760.84,762.84,1160.917,884502.511
BNBUSDT,1753068900000,2025-07-21 03:35:00,2025-07-21 12:35:00,762.84,763.7,761.95,762.72,1275.036,972693.53186
BNBUSDT,1753069200000,2025-07-21 03:40:00,2025-07-21 12:40:00,762.72,762.79,760.21,761.21,2035.502,1550431.93558
BNBUSDT,1753069500000,2025-07-21 03:45:00,2025-07-21 12:45:00,761.21,762.26,759.31,761.71,1449.349,1102504.26218
BNBUSDT,1753069800000,2025-07-21 03:50:00,2025-07-21 12:50:00,761.71,762.6,761.32,762.59,755.305,575474.68987
BNBUSDT,1753070100000,2025-07-21 03:55:00,2025-07-21 12:55:00,762.59,764,762.15,763.21,989.02,754827.4676
BNBUSDT,1753070400000,2025-07-21 04:00:00,2025-07-21 13:00:00,763.2,763.21,762.46,762.74,708.338,540305.44589
BNBUSDT,1753070700000,2025-07-21 04:05:00,2025-07-21 13:05:00,762.75,763.4,761.6,763.4,887.419,676356.2468
BNBUSDT,1753071000000,2025-07-21 04:10:00,2025-07-21 13:10:00,763.4,763.94,762.17,762.43,894.598,682820.26073
BNBUSDT,1753071300000,2025-07-21 04:15:00,2025-07-21 13:15:00,762.43,762.43,761.16,761.31,566.032,431079.97149
BNBUSDT,1753071600000,2025-07-21 04:20:00,2025-07-21 13:20:00,761.31,763.03,761.21,762.65,1186.122,903560.95564
BNBUSDT,1753071900000,2025-07-21 04:25:00,2025-07-21 13:25:00,762.66,763.21,761.57,761.67,975.679,743757.9658
BNBUSDT,1753072200000,2025-07-21 04:30:00,2025-07-21 13:30:00,761.68,762.2,761.05,762.16,919.757,700567.24925
BNBUSDT,1753072500000,2025-07-21 04:35:00,2025-07-21 13:35:00,762.16,763.2,762.08,762.17,788.285,601316.37294
BNBUSDT,1753072800000,2025-07-21 04:40:00,2025-07-21 13:40:00,762.16,763.7,762.08,763.15,507.609,387304.05969
BNBUSDT,1753073100000,2025-07-21 04:45:00,2025-07-21 13:45:00,763.16,763.16,762,762,380.764,290318.21489
BNBUSDT,1753073400000,2025-07-21 04:50:00,2025-07-21 13:50:00,762,762.09,761.24,761.39,317.038,241472.53833
BNBUSDT,1753073700000,2025-07-21 04:55:00,2025-07-21 13:55:00,761.4,761.43,760.58,760.59,311.328,236948.26132
BNBUSDT,1753074000000,2025-07-21 05:00:00,2025-07-21 14:00:00,760.58,761.3,760.41,761.08,297.766,226536.79782
BNBUSDT,1753074300000,2025-07-21 05:05:00,2025-07-21 14:05:00,761.09,761.25,760.25,760.28,751.67,571741.9197
BNBUSDT,1753074600000,2025-07-21 05:10:00,2025-07-21 14:10:00,760.28,760.46,759.5,759.98,368.229,279851.02338
BNBUSDT,1753074900000,2025-07-21 05:15:00,2025-07-21 14:15:00,759.99,760.05,759.36,759.96,244.705,185898.62491
BNBUSDT,1753075200000,2025-07-21 05:20:00,2025-07-21 14:20:00,759.96,760.32,759.4,759.49,526.087,399789.49282
BNBUSDT,1753075500000,2025-07-21 05:25:00,2025-07-21 14:25:00,759.49,760.18,759.44,759.61,310.937,236215.08717
BNBUSDT,1753075800000,2025-07-21 05:30:00,2025-07-21 14:30:00,759.62,760.7,759.4,760.25,587.662,446650.49147
BNBUSDT,1753076100000,2025-07-21 05:35:00,2025-07-21 14:35:00,760.25,762,760.19,761.23,653.385,497384.90932
BNBUSDT,1753076400000,2025-07-21 05:40:00,2025-07-21 14:40:00,761.23,761.44,760.72,761,444.46,338265.3244
BNBUSDT,1753076700000,2025-07-21 05:45:00,2025-07-21 14:45:00,760.99,761.1,759.73,759.73,726.782,552493.18788
BNBUSDT,1753077000000,2025-07-21 05:50:00,2025-07-21 14:50:00,759.73,760.28,759.54,759.89,484.818,368409.38791
BNBUSDT,1753077300000,2025-07-21 05:55:00,2025-07-21 14:55:00,759.88,762,759.81,761.76,457.847,348442.99128
BNBUSDT,1753077600000,2025-07-21 06:00:00,2025-07-21 15:00:00,761.76,763.87,761.08,763.6,943.96,719460.09339
BNBUSDT,1753077900000,2025-07-21 06:05:00,2025-07-21 15:05:00,763.6,764.17,763.1,763.58,1289.581,984814.33485
BNBUSDT,1753078200000,2025-07-21 06:10:00,2025-07-21 15:10:00,763.57,764.1,763.32,763.52,618.138,472103.13912
BNBUSDT,1753078500000,2025-07-21 06:15:00,2025-07-21 15:15:00,763.52,765.9,763.45,765.87,1960.693,1499574.1943
BNBUSDT,1753078800000,2025-07-21 06:20:00,2025-07-21 15:20:00,765.87,766.66,765.19,765.5,1957.927,1499710.0436
BNBUSDT,1753079100000,2025-07-21 06:25:00,2025-07-21 15:25:00,765.5,766.86,764.86,766.05,1260.226,965306.03464
BNBUSDT,1753079400000,2025-07-21 06:30:00,2025-07-21 15:30:00,766.04,766.36,764.83,766.02,1147.059,878345.4865
BNBUSDT,1753079700000,2025-07-21 06:35:00,2025-07-21 15:35:00,766.03,766.94,765.56,765.56,871.291,667718.16586
BNBUSDT,1753080000000,2025-07-21 06:40:00,2025-07-21 15:40:00,765.56,766.32,764.11,764.34,628.04,480691.31649
BNBUSDT,1753080300000,2025-07-21 06:45:00,2025-07-21 15:45:00,764.34,765.91,763.89,764.73,1624.045,1241674.79504
BNBUSDT,1753080600000,2025-07-21 06:50:00,2025-07-21 15:50:00,764.73,764.87,763.45,763.99,541.976,414099.07926
BNBUSDT,1753080900000,2025-07-21 06:55:00,2025-07-21 15:55:00,763.98,764.64,763.9,764.01,459.601,351240.72725
BNBUSDT,1753081200000,2025-07-21 07:00:00,2025-07-21 16:00:00,764.01,765.17,763.66,765.06,1625.801,1242262.5631
BNBUSDT,1753081500000,2025-07-21 07:05:00,2025-07-21 16:05:00,765.06,765.94,764.54,764.66,733.137,560954.15045
BNBUSDT,1753081800000,2025-07-21 07:10:00,2025-07-21 16:10:00,764.67,764.67,762.99,763.7,1562.953,1193297.52724
BNBUSDT,1753082100000,2025-07-21 07:15:00,2025-07-21 16:15:00,763.7,763.71,761.99,762.16,3016.083,2300066.30802
BNBUSDT,1753082400000,2025-07-21 07:20:00,2025-07-21 16:20:00,762.16,762.48,761.32,762.34,1219.212,928974.59825
BNBUSDT,1753082700000,2025-07-21 07:25:00,2025-07-21 16:25:00,762.33,762.76,761.77,762.06,1165.39,888272.17345
BNBUSDT,1753083000000,2025-07-21 07:30:00,2025-07-21 16:30:00,762.07,762.31,760.25,760.57,1215.043,925057.20258
BNBUSDT,1753083300000,2025-07-21 07:35:00,2025-07-21 16:35:00,760.58,760.58,760.06,760.11,827.348,629030.13548
BNBUSDT,1753083600000,2025-07-21 07:40:00,2025-07-21 16:40:00,760.1,760.45,759.84,760.18,849.051,645395.36104
BNBUSDT,1753083900000,2025-07-21 07:45:00,2025-07-21 16:45:00,760.18,761.13,760.04,760.61,703.609,535128.06284
BNBUSDT,1753084200000,2025-07-21 07:50:00,2025-07-21 16:50:00,760.61,760.61,759.34,759.57,566.212,430200.77723
BNBUSDT,1753084500000,2025-07-21 07:55:00,2025-07-21 16:55:00,759.58,760.69,759.57,760.39,720.369,547733.98407
BNBUSDT,1753084800000,2025-07-21 08:00:00,2025-07-21 17:00:00,760.4,761,760.05,760.99,1113.93,847247.09589
BNBUSDT,1753085100000,2025-07-21 08:05:00,2025-07-21 17:05:00,760.99,762.05,760.99,761.91,655.03,498699.93732
BNBUSDT,1753085400000,2025-07-21 08:10:00,2025-07-21 17:10:00,761.91,762.59,761.64,762.4,623.092,474864.03383
BNBUSDT,1753085700000,2025-07-21 08:15:00,2025-07-21 17:15:00,762.39,762.4,761.08,761.63,645.762,491821.1365
BNBUSDT,1753086000000,2025-07-21 08:20:00,2025-07-21 17:20:00,761.63,762.67,761.51,762.67,649.452,494892.0552
BNBUSDT,1753086300000,2025-07-21 08:25:00,2025-07-21 17:25:00,762.67,763.25,762.46,762.95,1352.789,1031959.20908
BNBUSDT,1753086600000,2025-07-21 08:30:00,2025-07-21 17:30:00,762.94,764.33,762.87,764.1,934.763,713846.50803
BNBUSDT,1753086900000,2025-07-21 08:35:00,2025-07-21 17:35:00,764.11,764.45,762.08,762.55,708.266,540578.45867
BNBUSDT,1753087200000,2025-07-21 08:40:00,2025-07-21 17:40:00,762.54,763.19,762.3,763.09,557.553,425284.21159
BNBUSDT,1753087500000,2025-07-21 08:45:00,2025-07-21 17:45:00,763.1,763.76,762.3,762.6,591.009,450883.60632
BNBUSDT,1753087800000,2025-07-21 08:50:00,2025-07-21 17:50:00,762.59,763.18,761.1,761.4,1318.885,1005043.07627
BNBUSDT,1753088100000,2025-07-21 08:55:00,2025-07-21 17:55:00,761.4,763.8,761.4,763.78,964.197,735624.21501
BNBUSDT,1753088400000,2025-07-21 09:00:00,2025-07-21 18:00:00,763.77,764.56,762.9,763.14,582.933,445312.02628
BNBUSDT,1753088700000,2025-07-21 09:05:00,2025-07-21 18:05:00,763.13,763.63,762.82,763.63,324.144,247407.58195
BNBUSDT,1753089000000,2025-07-21 09:10:00,2025-07-21 18:10:00,763.63,763.97,762.1,762.12,276.145,210771.19571
BNBUSDT,1753089300000,2025-07-21 09:15:00,2025-07-21 18:15:00,762.12,762.5,761.64,761.77,356.506,271605.87842
BNBUSDT,1753089600000,2025-07-21 09:20:00,2025-07-21 18:20:00,761.77,761.77,761.26,761.5,445.283,339053.07353
BNBUSDT,1753089900000,2025-07-21 09:25:00,2025-07-21 18:25:00,761.5,761.5,761.13,761.19,284.876,216862.73515
BNBUSDT,1753090200000,2025-07-21 09:30:00,2025-07-21 18:30:00,761.19,761.6,761.16,761.58,332.871,253451.68801
BNBUSDT,1753090500000,2025-07-21 09:35:00,2025-07-21 18:35:00,761.58,761.58,761.1,761.23,471.732,359096.02035
BNBUSDT,1753090800000,2025-07-21 09:40:00,2025-07-21 18:40:00,761.24,761.54,761.1,761.54,968.483,737173.24095
BNBUSDT,1753091100000,2025-07-21 09:45:00,2025-07-21 18:45:00,761.53,761.54,761.1,761.49,873.905,665306.64645
BNBUSDT,1753091400000,2025-07-21 09:50:00,2025-07-21 18:50:00,761.49,764.57,761.49,764.13,1493.629,1139907.71784
BNBUSDT,1753091700000,2025-07-21 09:55:00,2025-07-21 18:55:00,764.13,765.62,764.07,765.23,1821.815,1393795.45341
BNBUSDT,1753092000000,2025-07-21 10:00:00,2025-07-21 19:00:00,765.22,765.32,763.86,763.86,991.674,758448.53508
BNBUSDT,1753092300000,2025-07-21 10:05:00,2025-07-21 19:05:00,763.85,764.64,762.82,762.98,437.689,334371.75121
BNBUSDT,1753092600000,2025-07-21 10:10:00,2025-07-21 19:10:00,762.98,765.12,762.98,764.96,392.372,299857.52304
BNBUSDT,1753092900000,2025-07-21 10:15:00,2025-07-21 19:15:00,764.96,765.2,763.89,764.56,475.747,363779.8979
BNBUSDT,1753093200000,2025-07-21 10:20:00,2025-07-21 19:20:00,764.55,765.31,764.23,764.57,322.689,246759.58699
BNBUSDT,1753093500000,2025-07-21 10:25:00,2025-07-21 19:25:00,764.56,764.59,763.86,764.5,521.587,398537.38634
BNBUSDT,1753093800000,2025-07-21 10:30:00,2025-07-21 19:30:00,764.5,765,763.85,764.09,277.509,212136.03683
BNBUSDT,1753094100000,2025-07-21 10:35:00,2025-07-21 19:35:00,764.09,765.88,764.01,765.39,2506.815,1918030.6005
BNBUSDT,1753094400000,2025-07-21 10:40:00,2025-07-21 19:40:00,765.4,767.74,765.17,767.73,2776.156,2127043.4384
BNBUSDT,1753094700000,2025-07-21 10:45:00,2025-07-21 19:45:00,767.73,769.47,767.01,768.92,3151.351,2421577.32385
BNBUSDT,1753095000000,2025-07-21 10:50:00,2025-07-21 19:50:00,768.93,773.47,768.92,772.86,5377.146,4143605.71235
BNBUSDT,1753095300000,2025-07-21 10:55:00,2025-07-21 19:55:00,772.86,776.4,772.81,776.39,7448.241,5769864.20593
BNBUSDT,1753095600000,2025-07-21 11:00:00,2025-07-21 20:00:00,776.39,778.69,775.54,777.56,5960.451,4632680.90696
BNBUSDT,1753095900000,2025-07-21 11:05:00,2025-07-21 20:05:00,777.56,777.62,774.33,775.95,3420.282,2652685.04977
BNBUSDT,1753096200000,2025-07-21 11:10:00,2025-07-21 20:10:00,775.95,776.5,774.68,775.32,1483.503,1150944.02333
BNBUSDT,1753096500000,2025-07-21 11:15:00,2025-07-21 20:15:00,775.32,775.43,773.21,773.31,1565.557,1212077.11726
BNBUSDT,1753096800000,2025-07-21 11:20:00,2025-07-21 20:20:00,773.32,773.85,771.04,773.42,2147.73,1658875.36076
BNBUSDT,1753097100000,2025-07-21 11:25:00,2025-07-21 20:25:00,773.42,774.16,772.2,772.69,1164.74,900477.34304
BNBUSDT,1753097400000,2025-07-21 11:30:00,2025-07-21 20:30:00,772.69,774.59,772.4,772.73,1755.376,1357421.65409
BNBUSDT,1753097700000,2025-07-21 11:35:00,2025-07-21 20:35:00,772.73,772.73,769.34,769.88,2305.486,1776570.30467
BNBUSDT,1753098000000,2025-07-21 11:40:00,2025-07-21 20:40:00,769.87,770.1,768,768.24,1129.72,868496.66209
BNBUSDT,1753098300000,2025-07-21 11:45:00,2025-07-21 20:45:00,768.24,769.83,768.24,769.75,1238.596,952790.09709
BNBUSDT,1753098600000,2025-07-21 11:50:00,2025-07-21 20:50:00,769.74,769.89,767.81,768.65,1528.031,1174436.99295
BNBUSDT,1753098900000,2025-07-21 11:55:00,2025-07-21 20:55:00,768.65,769.33,768.26,768.98,1109.738,853220.4907
BNBUSDT,1753099200000,2025-07-21 12:00:00,2025-07-21 21:00:00,768.98,769.98,767.21,768.35,1361.512,1046272.59339
BNBUSDT,1753099500000,2025-07-21 12:05:00,2025-07-21 21:05:00,768.35,768.47,765.84,766.34,2246.803,1723980.38182
BNBUSDT,1753099800000,2025-07-21 12:10:00,2025-07-21 21:10:00,766.34,768.23,766.11,768.01,983.782,754447.12314
BNBUSDT,1753100100000,2025-07-21 12:15:00,2025-07-21 21:15:00,768.01,769.6,767.9,769.21,636.38,489198.83384
BNBUSDT,1753100400000,2025-07-21 12:20:00,2025-07-21 21:20:00,769.21,770.98,769.2,770.52,857.003,660183.17523
BNBUSDT,1753100700000,2025-07-21 12:25:00,2025-07-21 21:25:00,770.52,771.33,769.9,771.33,1241.9,956911.59039
BNBUSDT,1753101000000,2025-07-21 12:30:00,2025-07-21 21:30:00,771.33,771.4,769.45,769.94,2396.639,1846236.86311
BNBUSDT,1753101300000,2025-07-21 12:35:00,2025-07-21 21:35:00,769.93,772.1,769.72,771.76,942.357,726713.40864
BNBUSDT,1753101600000,2025-07-21 12:40:00,2025-07-21 21:40:00,771.76,772.62,771.72,771.72,644.843,497894.50822
BNBUSDT,1753101900000,2025-07-21 12:45:00,2025-07-21 21:45:00,771.72,771.91,770.77,771.7,637.254,491564.97051
BNBUSDT,1753102200000,2025-07-21 12:50:00,2025-07-21 21:50:00,771.7,773.2,771.7,772.11,858.152,663041.06972
BNBUSDT,1753102500000,2025-07-21 12:55:00,2025-07-21 21:55:00,772.1,772.46,771.54,772.45,586.572,452856.60007
BNBUSDT,1753102800000,2025-07-21 13:00:00,2025-07-21 22:00:00,772.46,772.7,771,771.17,1662.091,1281988.07137
BNBUSDT,1753103100000,2025-07-21 13:05:00,2025-07-21 22:05:00,771.16,771.16,766.91,768.09,2658.864,2044974.69282
BNBUSDT,1753103400000,2025-07-21 13:10:00,2025-07-21 22:10:00,768.09,768.53,767.05,767.81,794.343,609819.79114
BNBUSDT,1753103700000,2025-07-21 13:15:00,2025-07-21 22:15:00,767.81,771.12,767.81,769.91,1553.672,1196425.77663
BNBUSDT,1753104000000,2025-07-21 13:20:00,2025-07-21 22:20:00,769.91,772,769.76,771.49,1304.335,1005938.49357
BNBUSDT,1753104300000,2025-07-21 13:25:00,2025-07-21 22:25:00,771.5,772.89,770.64,772.51,1604.227,1238622.82243
BNBUSDT,1753104600000,2025-07-21 13:30:00,2025-07-21 22:30:00,772.52,776.09,772.28,775.37,2597.206,2011921.19558
BNBUSDT,1753104900000,2025-07-21 13:35:00,2025-07-21 22:35:00,775.37,776.35,774.71,776.07,2708.802,2100882.00492
BNBUSDT,1753105200000,2025-07-21 13:40:00,2025-07-21 22:40:00,776.08,776.98,774.9,776.59,2300.047,1785131.59178
BNBUSDT,1753105500000,2025-07-21 13:45:00,2025-07-21 22:45:00,776.6,777,775.21,775.91,1814.815,1408396.2382
BNBUSDT,1753105800000,2025-07-21 13:50:00,2025-07-21 22:50:00,775.92,777,775.51,776.55,1739.451,1349662.92277
BNBUSDT,1753106100000,2025-07-21 13:55:00,2025-07-21 22:55:00,776.55,776.55,774.56,775.23,1453.09,1127126.45661
BNBUSDT,1753106400000,2025-07-21 14:00:00,2025-07-21 23:00:00,775.23,776.17,775.08,776.03,1120.103,868646.75135
BNBUSDT,1753106700000,2025-07-21 14:05:00,2025-07-21 23:05:00,776.03,776.2,774.5,774.52,1607.227,1246750.41111
BNBUSDT,1753107000000,2025-07-21 14:10:00,2025-07-21 23:10:00,774.52,775.28,773.16,775.28,1848.192,1430971.12603
BNBUSDT,1753107300000,2025-07-21 14:15:00,2025-07-21 23:15:00,775.28,778.45,774.67,777.81,2096.831,1629750.45715
BNBUSDT,1753107600000,2025-07-21 14:20:00,2025-07-21 23:20:00,777.81,778.32,777.21,777.83,2888.397,2246231.67729
BNBUSDT,1753107900000,2025-07-21 14:25:00,2025-07-21 23:25:00,777.82,778.6,776.4,778.03,2524.891,1963302.6281
BNBUSDT,1753108200000,2025-07-21 14:30:00,2025-07-21 23:30:00,778.03,779.95,777.71,779.36,2371.277,1847290.95796
BNBUSDT,1753108500000,2025-07-21 14:35:00,2025-07-21 23:35:00,779.36,779.99,778.91,779.01,1395.5,1087955.82353
BNBUSDT,1753108800000,2025-07-21 14:40:00,2025-07-21 23:40:00,779.01,779.87,778.62,779.86,1415.41,1103053.65939
BNBUSDT,1753109100000,2025-07-21 14:45:00,2025-07-21 23:45:00,779.87,781.99,779.44,779.45,5302.781,4138457.28778
BNBUSDT,1753109400000,2025-07-21 14:50:00,2025-07-21 23:50:00,779.44,779.88,778.53,778.85,1300.763,1013639.30762
BNBUSDT,1753109700000,2025-07-21 14:55:00,2025-07-21 23:55:00,778.84,779.77,778.31,778.76,1379.426,1074775.41875
BNBUSDT,1753110000000,2025-07-21 15:00:00,2025-07-22 00:00:00,778.75,780.5,777.85,779.53,2548.877,1985387.9842
BNBUSDT,1753110300000,2025-07-21 15:05:00,2025-07-22 00:05:00,779.54,780.39,776.98,777.85,1962.52,1528403.37813
BNBUSDT,1753110600000,2025-07-21 15:10:00,2025-07-22 00:10:00,777.85,778.92,777.21,778.74,1102.042,857480.31898
BNBUSDT,1753110900000,2025-07-21 15:15:00,2025-07-22 00:15:00,778.74,778.92,776.84,777.69,1781.861,1386198.8048
BNBUSDT,1753111200000,2025-07-21 15:20:00,2025-07-22 00:20:00,777.68,778.85,777.65,777.99,1399.154,1088613.42591
BNBUSDT,1753111500000,2025-07-21 15:25:00,2025-07-22 00:25:00,777.98,777.98,774.37,774.71,1832.591,1421743.53425
BNBUSDT,1753111800000,2025-07-21 15:30:00,2025-07-22 00:30:00,774.71,776.56,774.6,775.42,2050.631,1590050.69496
BNBUSDT,1753112100000,2025-07-21 15:35:00,2025-07-22 00:35:00,775.42,776.51,775.18,776.04,1177.081,913181.58486
BNBUSDT,1753112400000,2025-07-21 15:40:00,2025-07-22 00:40:00,776.03,776.04,773.64,774.36,1768.39,1370122.33523
BNBUSDT,1753112700000,2025-07-21 15:45:00,2025-07-22 00:45:00,774.36,775.16,773.3,775.01,1182.909,916040.7173
BNBUSDT,1753113000000,2025-07-21 15:50:00,2025-07-22 00:50:00,775.02,775.83,774.83,774.93,2124.3,1647096.58872
BNBUSDT,1753113300000,2025-07-21 15:55:00,2025-07-22 00:55:00,774.93,775.43,774,774.35,1702.681,1319092.6036
BNBUSDT,1753113600000,2025-07-21 16:00:00,2025-07-22 01:00:00,774.35,775.23,774.23,774.53,1097.336,850055.41297
BNBUSDT,1753113900000,2025-07-21 16:05:00,2025-07-22 01:05:00,774.52,774.52,770.51,771.11,3428.278,2647424.96069
BNBUSDT,1753114200000,2025-07-21 16:10:00,2025-07-22 01:10:00,771.11,771.49,765.75,767.32,5338.99,4103677.99486
BNBUSDT,1753114500000,2025-07-21 16:15:00,2025-07-22 01:15:00,767.33,767.46,762.89,763.65,3184.391,2435139.10917
BNBUSDT,1753114800000,2025-07-21 16:20:00,2025-07-22 01:20:00,763.65,765,760.62,762.74,4028.051,3072312.71371
BNBUSDT,1753115100000,2025-07-21 16:25:00,2025-07-22 01:25:00,762.74,766.11,762.74,765.04,2341.411,1791295.65783
BNBUSDT,1753115400000,2025-07-21 16:30:00,2025-07-22 01:30:00,765.05,765.8,764.4,765.75,1479.576,1132097.29564
BNBUSDT,1753115700000,2025-07-21 16:35:00,2025-07-22 01:35:00,765.75,768.27,765.56,765.56,2079.749,1595748.15828
BNBUSDT,1753116000000,2025-07-21 16:40:00,2025-07-22 01:40:00,765.55,766.1,764.02,764.9,2208.885,1690366.35464
BNBUSDT,1753116300000,2025-07-21 16:45:00,2025-07-22 01:45:00,764.91,765.57,761.11,761.2,1412.137,1077085.40507
BNBUSDT,1753116600000,2025-07-21 16:50:00,2025-07-22 01:50:00,761.2,764.18,760.82,763.89,1276.749,973813.39066
BNBUSDT,1753116900000,2025-07-21 16:55:00,2025-07-22 01:55:00,763.88,764.85,763.48,764.04,721.369,551346.37765
BNBUSDT,1753117200000,2025-07-21 17:00:00,2025-07-22 02:00:00,764.04,765.14,763.26,765.14,2233.333,1707536.10807
BNBUSDT,1753117500000,2025-07-21 17:05:00,2025-07-22 02:05:00,765.15,767.01,763.99,766.45,1073.911,821933.839
BNBUSDT,1753117800000,2025-07-21 17:10:00,2025-07-22 02:10:00,766.45,766.86,765.81,766.43,1461.776,1120386.41744
BNBUSDT,1753118100000,2025-07-21 17:15:00,2025-07-22 02:15:00,766.43,767.69,765.7,766.92,797.104,611035.12867
BNBUSDT,1753118400000,2025-07-21 17:20:00,2025-07-22 02:20:00,766.91,768.35,766.9,766.97,1891.045,1452016.6821
BNBUSDT,1753118700000,2025-07-21 17:25:00,2025-07-22 02:25:00,766.96,768.06,765.89,765.95,920.411,706182.00875
BNBUSDT,1753119000000,2025-07-21 17:30:00,2025-07-22 02:30:00,765.96,766.68,764.85,766.59,1309.209,1002391.05573
BNBUSDT,1753119300000,2025-07-21 17:35:00,2025-07-22 02:35:00,766.58,766.58,764.78,765.18,861.81,659743.1122
BNBUSDT,1753119600000,2025-07-21 17:40:00,2025-07-22 02:40:00,765.17,765.3,762.57,763.24,1790.053,1366828.95814
BNBUSDT,1753119900000,2025-07-21 17:45:00,2025-07-22 02:45:00,763.23,765.1,762.65,764.28,1490.196,1138340.27536
BNBUSDT,1753120200000,2025-07-21 17:50:00,2025-07-22 02:50:00,764.28,765.53,763.9,765.34,627.881,480123.25275
BNBUSDT,1753120500000,2025-07-21 17:55:00,2025-07-22 02:55:00,765.34,765.68,764.65,764.65,526.411,402795.20549
BNBUSDT,1753120800000,2025-07-21 18:00:00,2025-07-22 03:00:00,764.66,765.78,764.19,765.06,998.257,763550.03325
BNBUSDT,1753121100000,2025-07-21 18:05:00,2025-07-22 03:05:00,765.06,766.31,765.06,766.23,601.598,460714.216
BNBUSDT,1753121400000,2025-07-21 18:10:00,2025-07-22 03:10:00,766.23,766.61,765.55,766.4,537.357,411691.99937
BNBUSDT,1753121700000,2025-07-21 18:15:00,2025-07-22 03:15:00,766.39,767.12,766.27,766.89,341.439,261779.43272
BNBUSDT,1753122000000,2025-07-21 18:20:00,2025-07-22 03:20:00,766.9,768,766.78,767.07,571.052,438218.39862
BNBUSDT,1753122300000,2025-07-21 18:25:00,2025-07-22 03:25:00,767.07,767.78,766.31,767.08,1015.479,778979.2651
BNBUSDT,1753122600000,2025-07-21 18:30:00,2025-07-22 03:30:00,767.08,767.42,764.94,765.94,576.115,441426.61403
BNBUSDT,1753122900000,2025-07-21 18:35:00,2025-07-22 03:35:00,765.94,766.31,765.04,765.96,676.767,518004.65974
BNBUSDT,1753123200000,2025-07-21 18:40:00,2025-07-22 03:40:00,765.96,765.96,763.82,764.12,714.141,546162.64218
BNBUSDT,1753123500000,2025-07-21 18:45:00,2025-07-22 03:45:00,764.11,764.44,760.48,761.2,1705.832,1299351.28515
BNBUSDT,1753123800000,2025-07-21 18:50:00,2025-07-22 03:50:00,761.2,762.6,761.2,761.61,631.55,481234.25849
BNBUSDT,1753124100000,2025-07-21 18:55:00,2025-07-22 03:55:00,761.6,761.6,758.47,759.45,3937.324,2992187.87243
BNBUSDT,1753124400000,2025-07-21 19:00:00,2025-07-22 04:00:00,759.44,761.68,758.78,761.2,794.616,604335.03872
BNBUSDT,1753124700000,2025-07-21 19:05:00,2025-07-22 04:05:00,761.21,762.8,760.67,761.75,480.908,366371.12781
BNBUSDT,1753125000000,2025-07-21 19:10:00,2025-07-22 04:10:00,761.74,762.78,761.17,762.78,756.415,576357.7481
BNBUSDT,1753125300000,2025-07-21 19:15:00,2025-07-22 04:15:00,762.78,763.61,761.43,761.44,1165.706,889118.1288
BNBUSDT,1753125600000,2025-07-21 19:20:00,2025-07-22 04:20:00,761.43,762.2,760.6,761.28,683.483,520223.47957
BNBUSDT,1753125900000,2025-07-21 19:25:00,2025-07-22 04:25:00,761.29,761.6,757.16,757.34,1175.019,891682.86438
BNBUSDT,1753126200000,2025-07-21 19:30:00,2025-07-22 04:30:00,757.35,757.39,756,756.78,1602.939,1212656.98616
BNBUSDT,1753126500000,2025-07-21 19:35:00,2025-07-22 04:35:00,756.79,758.59,756.63,758.01,739.99,560729.19024
BNBUSDT,1753126800000,2025-07-21 19:40:00,2025-07-22 04:40:00,758.01,758.6,757.08,757.33,635.001,481248.02057
BNBUSDT,1753127100000,2025-07-21 19:45:00,2025-07-22 04:45:00,757.34,757.86,756.5,756.8,854.18,646649.2496
BNBUSDT,1753127400000,2025-07-21 19:50:00,2025-07-22 04:50:00,756.8,757.31,755.44,755.68,1328.011,1004428.23197
BNBUSDT,1753127700000,2025-07-21 19:55:00,2025-07-22 04:55:00,755.68,757.28,755.64,757.14,679.184,513767.20484
BNBUSDT,1753128000000,2025-07-21 20:00:00,2025-07-22 05:00:00,757.14,757.15,754.72,756.03,1044.849,789563.45097
BNBUSDT,1753128300000,2025-07-21 20:05:00,2025-07-22 05:05:00,756.03,758.73,755.71,758.72,756.963,573349.89356
BNBUSDT,1753128600000,2025-07-21 20:10:00,2025-07-22 05:10:00,758.73,758.81,757.44,758,614.758,466151.37347
BNBUSDT,1753128900000,2025-07-21 20:15:00,2025-07-22 05:15:00,757.99,759.18,757.17,757.7,461.108,349494.34647
BNBUSDT,1753129200000,2025-07-21 20:20:00,2025-07-22 05:20:00,757.69,758.45,757.01,758.44,421.56,319495.81714
BNBUSDT,1753129500000,2025-07-21 20:25:00,2025-07-22 05:25:00,758.45,759.13,757.71,758.57,409.407,310480.7479
BNBUSDT,1753129800000,2025-07-21 20:30:00,2025-07-22 05:30:00,758.58,760.16,758.58,759.31,679.293,515921.93721
BNBUSDT,1753130100000,2025-07-21 20:35:00,2025-07-22 05:35:00,759.31,759.64,756.29,756.34,791.606,599723.36954
BNBUSDT,1753130400000,2025-07-21 20:40:00,2025-07-22 05:40:00,756.33,759.36,756,758.94,1042.396,789802.27128
BNBUSDT,1753130700000,2025-07-21 20:45:00,2025-07-22 05:45:00,758.94,760.3,758.66,759.81,847.644,643847.445
BNBUSDT,1753131000000,2025-07-21 20:50:00,2025-07-22 05:50:00,759.82,759.82,757.4,757.91,928.748,704350.09815
BNBUSDT,1753131300000,2025-07-21 20:55:00,2025-07-22 05:55:00,757.9,758.05,757.06,757.21,752.868,570344.41878
BNBUSDT,1753131600000,2025-07-21 21:00:00,2025-07-22 06:00:00,757.21,758,755.61,757.96,1516.736,1147672.87059
BNBUSDT,1753131900000,2025-07-21 21:05:00,2025-07-22 06:05:00,757.95,759.14,757.77,759.01,350.836,266196.07651
BNBUSDT,1753132200000,2025-07-21 21:10:00,2025-07-22 06:10:00,759.01,759.64,758.27,758.32,455.37,345680.38776
BNBUSDT,1753132500000,2025-07-21 21:15:00,2025-07-22 06:15:00,758.33,760.33,758.22,760.07,404.765,307229.48048
BNBUSDT,1753132800000,2025-07-21 21:20:00,2025-07-22 06:20:00,760.07,761.1,760.07,760.69,537.502,408871.58251
BNBUSDT,1753133100000,2025-07-21 21:25:00,2025-07-22 06:25:00,760.7,761.29,760.47,761.15,201.181,153066.87365
BNBUSDT,1753133400000,2025-07-21 21:30:00,2025-07-22 06:30:00,761.15,761.66,760.81,761.42,278.46,211987.50223
BNBUSDT,1753133700000,2025-07-21 21:35:00,2025-07-22 06:35:00,761.43,761.89,761.06,761.88,303.369,230992.72628
BNBUSDT,1753134000000,2025-07-21 21:40:00,2025-07-22 06:40:00,761.89,761.92,759.6,761.92,710.984,541082.22023
BNBUSDT,1753134300000,2025-07-21 21:45:00,2025-07-22 06:45:00,761.91,761.96,761.44,761.45,269.287,205140.91222
BNBUSDT,1753134600000,2025-07-21 21:50:00,2025-07-22 06:50:00,761.45,762.4,761.43,761.86,422.082,321549.96379
BNBUSDT,1753134900000,2025-07-21 21:55:00,2025-07-22 06:55:00,761.86,762.66,761.85,761.9,351.95,268290.56758
BNBUSDT,1753135200000,2025-07-21 22:00:00,2025-07-22 07:00:00,761.89,762.6,761,761.6,1016.997,774819.88503
BNBUSDT,1753135500000,2025-07-21 22:05:00,2025-07-22 07:05:00,761.6,762.58,760.88,762.58,422.081,321390.19293
BNBUSDT,1753135800000,2025-07-21 22:10:00,2025-07-22 07:10:00,762.58,763.67,762.58,763.63,271.238,206983.45848
BNBUSDT,1753136100000,2025-07-21 22:15:00,2025-07-22 07:15:00,763.63,763.75,762.55,762.65,773.324,590295.30178
BNBUSDT,1753136400000,2025-07-21 22:20:00,2025-07-22 07:20:00,762.65,763.05,762.61,763.01,329.528,251391.95709
BNBUSDT,1753136700000,2025-07-21 22:25:00,2025-07-22 07:25:00,763.02,763.64,763.02,763.64,295.252,225367.26924
BNBUSDT,1753137000000,2025-07-21 22:30:00,2025-07-22 07:30:00,763.64,764.75,763.64,764.75,326.3,249367.61578
BNBUSDT,1753137300000,2025-07-21 22:35:00,2025-07-22 07:35:00,764.76,764.98,764.5,764.6,455.163,348120.12968
BNBUSDT,1753137600000,2025-07-21 22:40:00,2025-07-22 07:40:00,764.61,765.15,764.6,764.89,420.665,321759.9107
BNBUSDT,1753137900000,2025-07-21 22:45:00,2025-07-22 07:45:00,764.89,764.89,764.11,764.35,347.9,265941.28117
BNBUSDT,1753138200000,2025-07-21 22:50:00,2025-07-22 07:50:00,764.35,764.68,764.35,764.42,162.041,123893.73505
BNBUSDT,1753138500000,2025-07-21 22:55:00,2025-07-22 07:55:00,764.43,764.43,763.72,764.05,235.128,179653.35664
BNBUSDT,1753138800000,2025-07-21 23:00:00,2025-07-22 08:00:00,764.04,764.05,762.61,762.96,240.022,183203.36367
BNBUSDT,1753139100000,2025-07-21 23:05:00,2025-07-22 08:05:00,762.96,764.04,762.67,763.62,289.02,220597.02533
BNBUSDT,1753139400000,2025-07-21 23:10:00,2025-07-22 08:10:00,763.61,763.69,763.04,763.45,209.513,159932.46936
BNBUSDT,1753139700000,2025-07-21 23:15:00,2025-07-22 08:15:00,763.46,763.65,762.66,763.42,298.512,227826.20215
BNBUSDT,1753140000000,2025-07-21 23:20:00,2025-07-22 08:20:00,763.42,763.58,762.82,763.3,377.675,288232.66113
BNBUSDT,1753140300000,2025-07-21 23:25:00,2025-07-22 08:25:00,763.3,764.17,763.22,764.16,189.424,144662.90165
BNBUSDT,1753140600000,2025-07-21 23:30:00,2025-07-22 08:30:00,764.17,765.36,764.16,765.35,339.548,259724.07962
BNBUSDT,1753140900000,2025-07-21 23:35:00,2025-07-22 08:35:00,765.36,766.8,765.35,766.19,1017.54,779653.55718
BNBUSDT,1753141200000,2025-07-21 23:40:00,2025-07-22 08:40:00,766.18,766.7,765.6,765.65,761.968,583918.28085
BNBUSDT,1753141500000,2025-07-21 23:45:00,2025-07-22 08:45:00,765.64,766.66,765.19,766.66,603.258,462065.51411
BNBUSDT,1753141800000,2025-07-21 23:50:00,2025-07-22 08:50:00,766.68,767.43,766.42,766.58,594.761,456161.53595
BNBUSDT,1753142100000,2025-07-21 23:55:00,2025-07-22 08:55:00,766.59,766.92,765.8,766.22,535.648,410507.61143
BNBUSDT,1753142400000,2025-07-22 00:00:00,2025-07-22 09:00:00,766.22,767.38,766.09,766.43,681.366,522527.61322
BNBUSDT,1753142700000,2025-07-22 00:05:00,2025-07-22 09:05:00,766.43,767.08,765.73,765.81,639.776,490257.41416
BNBUSDT,1753143000000,2025-07-22 00:10:00,2025-07-22 09:10:00,765.82,767.56,765.5,767.55,933.876,716007.23383
BNBUSDT,1753143300000,2025-07-22 00:15:00,2025-07-22 09:15:00,767.55,768.94,767.42,768.93,1129.606,867886.48865
BNBUSDT,1753143600000,2025-07-22 00:20:00,2025-07-22 09:20:00,768.94,770,768.82,769.74,1123.447,864412.573
BNBUSDT,1753143900000,2025-07-22 00:25:00,2025-07-22 09:25:00,769.73,769.74,768.42,768.7,457.615,351875.59181
BNBUSDT,1753144200000,2025-07-22 00:30:00,2025-07-22 09:30:00,768.7,768.7,767.59,767.59,573.361,440506.29339
BNBUSDT,1753144500000,2025-07-22 00:35:00,2025-07-22 09:35:00,767.59,767.59,764.67,766.24,1123.687,860455.51249
BNBUSDT,1753144800000,2025-07-22 00:40:00,2025-07-22 09:40:00,766.23,766.63,765.29,765.71,545.72,418020.8995
BNBUSDT,1753145100000,2025-07-22 00:45:00,2025-07-22 09:45:00,765.7,767.5,765.52,766.23,841.576,645158.49
BNBUSDT,1753145400000,2025-07-22 00:50:00,2025-07-22 09:50:00,766.23,766.35,764.82,764.94,485.686,371747.85684
BNBUSDT,1753145700000,2025-07-22 00:55:00,2025-07-22 09:55:00,764.94,764.94,763.23,763.71,466.768,356572.93753
BNBUSDT,1753146000000,2025-07-22 01:00:00,2025-07-22 10:00:00,763.7,763.83,759.69,759.69,2239.439,1707258.038
BNBUSDT,1753146300000,2025-07-22 01:05:00,2025-07-22 10:05:00,759.7,760.43,757.58,759.95,2187.628,1660067.88516
BNBUSDT,1753146600000,2025-07-22 01:10:00,2025-07-22 10:10:00,759.95,761.35,758,758.01,1091.697,829555.19031
BNBUSDT,1753146900000,2025-07-22 01:15:00,2025-07-22 10:15:00,758.01,758.7,753.13,757.54,4899.727,3700406.40492
BNBUSDT,1753147200000,2025-07-22 01:20:00,2025-07-22 10:20:00,757.53,762.47,757.13,761.14,2892.76,2199565.09769
BNBUSDT,1753147500000,2025-07-22 01:25:00,2025-07-22 10:25:00,761.14,763.26,761.14,762.67,820.824,625808.37539
BNBUSDT,1753147800000,2025-07-22 01:30:00,2025-07-22 10:30:00,762.68,763.76,761.81,762.79,952.895,726953.32863
BNBUSDT,1753148100000,2025-07-22 01:35:00,2025-07-22 10:35:00,762.8,765.19,762.41,765.04,991.081,757441.40088
BNBUSDT,1753148400000,2025-07-22 01:40:00,2025-07-22 10:40:00,765.04,766.7,764.29,765.21,1786.511,1368200.64272
BNBUSDT,1753148700000,2025-07-22 01:45:00,2025-07-22 10:45:00,765.2,767.3,764.84,767.29,1129.798,865798.08748
BNBUSDT,1753149000000,2025-07-22 01:50:00,2025-07-22 10:50:00,767.29,769.37,766.62,769.03,2203.197,1691605.63663
BNBUSDT,1753149300000,2025-07-22 01:55:00,2025-07-22 10:55:00,769.04,770.3,768.86,769.89,2150.857,1655830.95921
BNBUSDT,1753149600000,2025-07-22 02:00:00,2025-07-22 11:00:00,769.9,771.19,769.66,770.52,1812.228,1396137.98914
BNBUSDT,1753149900000,2025-07-22 02:05:00,2025-07-22 11:05:00,770.51,771.67,769.09,770.72,1449.109,1116282.09979
BNBUSDT,1753150200000,2025-07-22 02:10:00,2025-07-22 11:10:00,770.72,772,768.76,769.6,1475.864,1137153.51501
BNBUSDT,1753150500000,2025-07-22 02:15:00,2025-07-22 11:15:00,769.59,770.11,768.9,769.23,661.701,509072.58907
BNBUSDT,1753150800000,2025-07-22 02:20:00,2025-07-22 11:20:00,769.24,771.6,769.01,770.64,748.786,576953.88065
BNBUSDT,1753151100000,2025-07-22 02:25:00,2025-07-22 11:25:00,770.64,771.51,770.21,770.44,716.096,552058.60411
BNBUSDT,1753151400000,2025-07-22 02:30:00,2025-07-22 11:30:00,770.44,771.5,769.73,771.49,511.844,394342.01834
BNBUSDT,1753151700000,2025-07-22 02:35:00,2025-07-22 11:35:00,771.5,771.7,770.95,771.67,828.042,638705.20526
BNBUSDT,1753152000000,2025-07-22 02:40:00,2025-07-22 11:40:00,771.66,771.83,768.81,769,1702.257,1310945.00968
BNBUSDT,1753152300000,2025-07-22 02:45:00,2025-07-22 11:45:00,769,769.96,767.92,767.92,846.959,651422.96354
BNBUSDT,1753152600000,2025-07-22 02:50:00,2025-07-22 11:50:00,767.92,768.5,764.32,767.49,1738.605,1332517.76048
BNBUSDT,1753152900000,2025-07-22 02:55:00,2025-07-22 11:55:00,767.5,767.5,764.28,766.18,1118.046,856242.27979
BNBUSDT,1753153200000,2025-07-22 03:00:00,2025-07-22 12:00:00,766.16,767.82,764,767.13,1505.354,1153148.85957
BNBUSDT,1753153500000,2025-07-22 03:05:00,2025-07-22 12:05:00,767.13,767.34,765.55,767.13,1011.865,775542.8773
BNBUSDT,1753153800000,2025-07-22 03:10:00,2025-07-22 12:10:00,767.14,767.38,765.48,765.8,897.29,687691.28229
BNBUSDT,1753154100000,2025-07-22 03:15:00,2025-07-22 12:15:00,765.8,766.7,763.44,763.53,1467.368,1122462.88898
BNBUSDT,1753154400000,2025-07-22 03:20:00,2025-07-22 12:20:00,763.53,763.63,758.99,760.36,3056.927,2324660.79207
BNBUSDT,1753154700000,2025-07-22 03:25:00,2025-07-22 12:25:00,760.36,762.19,758.86,760.82,2811.006,2137210.23308
BNBUSDT,1753155000000,2025-07-22 03:30:00,2025-07-22 12:30:00,760.83,762.13,757.58,759.45,1591.184,1208729.69284
BNBUSDT,1753155300000,2025-07-22 03:35:00,2025-07-22 12:35:00,759.47,759.48,755.69,756.81,2061.218,1560712.92378
BNBUSDT,1753155600000,2025-07-22 03:40:00,2025-07-22 12:40:00,756.81,757.6,755,756.92,2106.234,1592592.86102
BNBUSDT,1753155900000,2025-07-22 03:45:00,2025-07-22 12:45:00,756.92,758.4,755.12,758.4,1335.026,1010160.8105
BNBUSDT,1753156200000,2025-07-22 03:50:00,2025-07-22 12:50:00,758.4,759.97,757.53,759.97,684.763,519451.93844
BNBUSDT,1753156500000,2025-07-22 03:55:00,2025-07-22 12:55:00,759.97,760.69,758.8,760.13,687.942,522659.90237
BNBUSDT,1753156800000,2025-07-22 04:00:00,2025-07-22 13:00:00,760.13,760.36,757.81,758.65,1192.106,905577.61524
BNBUSDT,1753157100000,2025-07-22 04:05:00,2025-07-22 13:05:00,758.65,761.58,758.52,761.58,803.043,610446.89889
BNBUSDT,1753157400000,2025-07-22 04:10:00,2025-07-22 13:10:00,761.59,761.7,757.68,758.23,745.217,566074.96919
BNBUSDT,1753157700000,2025-07-22 04:15:00,2025-07-22 13:15:00,758.23,758.58,755.62,757,1157.569,876389.37453
BNBUSDT,1753158000000,2025-07-22 04:20:00,2025-07-22 13:20:00,757,757.86,755.3,755.45,1071.19,810384.61095
BNBUSDT,1753158300000,2025-07-22 04:25:00,2025-07-22 13:25:00,755.45,755.54,753.53,755.08,1922.399,1450787.98367
BNBUSDT,1753158600000,2025-07-22 04:30:00,2025-07-22 13:30:00,755.09,757.32,754.46,755.72,1320.231,997885.87887
BNBUSDT,1753158900000,2025-07-22 04:35:00,2025-07-22 13:35:00,755.73,758.34,755.61,757.32,1042.925,789569.96595
BNBUSDT,1753159200000,2025-07-22 04:40:00,2025-07-22 13:40:00,757.32,757.63,753.29,753.66,2116.782,1597455.43067
BNBUSDT,1753159500000,2025-07-22 04:45:00,2025-07-22 13:45:00,753.66,755.16,750.64,750.73,2479.079,1865353.76294
BNBUSDT,1753159800000,2025-07-22 04:50:00,2025-07-22 13:50:00,750.72,750.72,747.03,747.36,8466.133,6341514.47558
BNBUSDT,1753160100000,2025-07-22 04:55:00,2025-07-22 13:55:00,747.36,748.07,745,745.25,4828.959,3604320.04579
BNBUSDT,1753160400000,2025-07-22 05:00:00,2025-07-22 14:00:00,745.24,749.4,745.24,749.01,2452.144,1831560.89491
BNBUSDT,1753160700000,2025-07-22 05:05:00,2025-07-22 14:05:00,749.01,749.64,747.02,748.94,1095.636,820035.18052
BNBUSDT,1753161000000,2025-07-22 05:10:00,2025-07-22 14:10:00,748.95,752.29,748.22,751.95,1203.287,902848.75526
BNBUSDT,1753161300000,2025-07-22 05:15:00,2025-07-22 14:15:00,751.95,753.56,750.58,753.56,873.438,657106.29134
BNBUSDT,1753161600000,2025-07-22 05:20:00,2025-07-22 14:20:00,753.56,754.16,752.54,753.41,659.218,496536.83385
BNBUSDT,1753161900000,2025-07-22 05:25:00,2025-07-22 14:25:00,753.41,753.94,750.86,750.92,720.324,542007.10956
BNBUSDT,1753162200000,2025-07-22 05:30:00,2025-07-22 14:30:00,750.92,752,748.44,749.03,941.919,706204.23092
BNBUSDT,1753162500000,2025-07-22 05:35:00,2025-07-22 14:35:00,749.04,751.82,748.96,749.13,1377.299,1034015.12836
BNBUSDT,1753162800000,2025-07-22 05:40:00,2025-07-22 14:40:00,749.13,750.77,748.93,748.93,716.585,537341.13429
BNBUSDT,1753163100000,2025-07-22 05:45:00,2025-07-22 14:45:00,748.92,749.16,747.82,747.82,1220.66,913736.88402
BNBUSDT,1753163400000,2025-07-22 05:50:00,2025-07-22 14:50:00,747.83,752,747.53,751.2,655.484,491644.15855
BNBUSDT,1753163700000,2025-07-22 05:55:00,2025-07-22 14:55:00,751.24,752.06,750.81,751.51,526.354,395558.48865
BNBUSDT,1753164000000,2025-07-22 06:00:00,2025-07-22 15:00:00,751.52,752.4,750.06,752.33,760.468,571301.68695
BNBUSDT,1753164300000,2025-07-22 06:05:00,2025-07-22 15:05:00,752.32,754.9,752.21,754.82,586.847,442362.28942
BNBUSDT,1753164600000,2025-07-22 06:10:00,2025-07-22 15:10:00,754.82,756.04,754.3,755.85,959.103,724514.70784
BNBUSDT,1753164900000,2025-07-22 06:15:00,2025-07-22 15:15:00,755.85,756.8,754.91,756.7,712.758,538778.53345
BNBUSDT,1753165200000,2025-07-22 06:20:00,2025-07-22 15:20:00,756.7,758.23,756.7,758.01,770.827,584038.92576
BNBUSDT,1753165500000,2025-07-22 06:25:00,2025-07-22 15:25:00,758.01,759.57,757.78,759.25,1395.461,1058844.79759
BNBUSDT,1753165800000,2025-07-22 06:30:00,2025-07-22 15:30:00,759.25,760.42,758.99,760.41,1274.803,968631.62451
BNBUSDT,1753166100000,2025-07-22 06:35:00,2025-07-22 15:35:00,760.42,760.5,758.51,759.67,750.537,570171.51612
BNBUSDT,1753166400000,2025-07-22 06:40:00,2025-07-22 15:40:00,759.68,759.9,758.01,758.19,568.75,431634.17988
BNBUSDT,1753166700000,2025-07-22 06:45:00,2025-07-22 15:45:00,758.2,759.27,757.25,757.87,1019.155,772765.17681
BNBUSDT,1753167000000,2025-07-22 06:50:00,2025-07-22 15:50:00,757.87,758.59,757.2,757.84,1239.27,939195.37336
BNBUSDT,1753167300000,2025-07-22 06:55:00,2025-07-22 15:55:00,757.84,758,756.45,757.96,1408.226,1066524.54096
BNBUSDT,1753167600000,2025-07-22 07:00:00,2025-07-22 16:00:00,757.97,760.01,757.97,759.7,1224.112,929273.07233
BNBUSDT,1753167900000,2025-07-22 07:05:00,2025-07-22 16:05:00,759.79,760.97,759.41,760.7,999.837,759899.88789
BNBUSDT,1753168200000,2025-07-22 07:10:00,2025-07-22 16:10:00,760.69,763.97,760.44,763.76,2767.285,2110545.6921
BNBUSDT,1753168500000,2025-07-22 07:15:00,2025-07-22 16:15:00,763.76,763.88,762.13,762.59,1235.865,942951.01845
BNBUSDT,1753168800000,2025-07-22 07:20:00,2025-07-22 16:20:00,762.58,762.95,762,762.69,926.108,706283.46732
BNBUSDT,1753169100000,2025-07-22 07:25:00,2025-07-22 16:25:00,762.68,763.68,762.39,763.67,762.206,581505.19553
BNBUSDT,1753169400000,2025-07-22 07:30:00,2025-07-22 16:30:00,763.68,763.98,762,762.41,1116.184,851187.60364
BNBUSDT,1753169700000,2025-07-22 07:35:00,2025-07-22 16:35:00,762.41,763.51,762.4,762.66,743.645,567383.01675
BNBUSDT,1753170000000,2025-07-22 07:40:00,2025-07-22 16:40:00,762.66,762.76,760.5,760.51,1470.764,1119486.72987
BNBUSDT,1753170300000,2025-07-22 07:45:00,2025-07-22 16:45:00,760.51,760.6,759.76,759.8,1144.222,869830.84752
BNBUSDT,1753170600000,2025-07-22 07:50:00,2025-07-22 16:50:00,759.81,760.34,757.48,757.58,1609.205,1221363.55273
BNBUSDT,1753170900000,2025-07-22 07:55:00,2025-07-22 16:55:00,757.58,758.14,756.35,758.14,1671.335,1265157.74649
BNBUSDT,1753171200000,2025-07-22 08:00:00,2025-07-22 17:00:00,758.14,758.14,754.7,755.45,4161.451,3146455.22041
BNBUSDT,1753171500000,2025-07-22 08:05:00,2025-07-22 17:05:00,755.46,755.46,753,754.48,2278.322,1718155.56248
BNBUSDT,1753171800000,2025-07-22 08:10:00,2025-07-22 17:10:00,754.49,755.01,753.12,753.43,1598.878,1205534.26508
BNBUSDT,1753172100000,2025-07-22 08:15:00,2025-07-22 17:15:00,753.44,755.35,751.48,753.69,2361.738,1778749.78566
BNBUSDT,1753172400000,2025-07-22 08:20:00,2025-07-22 17:20:00,753.69,755.5,751.9,752.09,1070.351,806939.92251
BNBUSDT,1753172700000,2025-07-22 08:25:00,2025-07-22 17:25:00,752.08,752.09,749.53,750.7,2968.441,2227448.74649
BNBUSDT,1753173000000,2025-07-22 08:30:00,2025-07-22 17:30:00,750.7,755.26,750.24,754.48,1651.526,1244386.09197
BNBUSDT,1753173300000,2025-07-22 08:35:00,2025-07-22 17:35:00,754.48,756.1,754.3,755.83,980.183,740359.68431
BNBUSDT,1753173600000,2025-07-22 08:40:00,2025-07-22 17:40:00,755.83,756.56,755.51,756.52,1220.55,922838.42641
BNBUSDT,1753173900000,2025-07-22 08:45:00,2025-07-22 17:45:00,756.53,758.05,755.5,757.93,1080.844,817796.87893
BNBUSDT,1753174200000,2025-07-22 08:50:00,2025-07-22 17:50:00,757.94,759.15,757.5,759.14,644.113,488403.81992
BNBUSDT,1753174500000,2025-07-22 08:55:00,2025-07-22 17:55:00,759.15,759.45,757.7,759.15,903.812,685697.86898
BNBUSDT,1753174800000,2025-07-22 09:00:00,2025-07-22 18:00:00,759.14,759.15,757.06,757.85,1155.622,875845.98967
BNBUSDT,1753175100000,2025-07-22 09:05:00,2025-07-22 18:05:00,757.85,758.28,757.08,757.34,1353.754,1025745.20864
BNBUSDT,1753175400000,2025-07-22 09:10:00,2025-07-22 18:10:00,757.32,758.23,757.13,757.62,1103.309,835897.9383
BNBUSDT,1753175700000,2025-07-22 09:15:00,2025-07-22 18:15:00,757.63,757.9,754.58,756.26,1274.043,963078.66522
BNBUSDT,1753176000000,2025-07-22 09:20:00,2025-07-22 18:20:00,756.25,758.73,756.03,758.71,811.356,614652.60017
BNBUSDT,1753176300000,2025-07-22 09:25:00,2025-07-22 18:25:00,758.7,760.6,758.58,759.66,862.97,655661.73365
BNBUSDT,1753176600000,2025-07-22 09:30:00,2025-07-22 18:30:00,759.66,761.24,759.18,760.93,1368.105,1040130.15248
BNBUSDT,1753176900000,2025-07-22 09:35:00,2025-07-22 18:35:00,760.94,761.98,759.4,760.73,4404.333,3350325.27656
BNBUSDT,1753177200000,2025-07-22 09:40:00,2025-07-22 18:40:00,760.73,763.07,760.2,761.27,5297.306,4034038.37171
BNBUSDT,1753177500000,2025-07-22 09:45:00,2025-07-22 18:45:00,761.28,761.37,760.26,760.72,1843.054,1402313.43851
BNBUSDT,1753177800000,2025-07-22 09:50:00,2025-07-22 18:50:00,760.73,761.42,760.2,760.7,1223.813,931164.30173
BNBUSDT,1753178100000,2025-07-22 09:55:00,2025-07-22 18:55:00,760.7,761.98,760.41,760.52,1440.414,1096397.74152
BNBUSDT,1753178400000,2025-07-22 10:00:00,2025-07-22 19:00:00,760.52,760.62,758.22,759.18,4945.635,3753531.48937
BNBUSDT,1753178700000,2025-07-22 10:05:00,2025-07-22 19:05:00,759.18,759.22,757.82,758.17,2903.535,2202362.32073
BNBUSDT,1753179000000,2025-07-22 10:10:00,2025-07-22 19:10:00,758.18,759.2,757.7,758.4,1803.884,1368248.73224
BNBUSDT,1753179300000,2025-07-22 10:15:00,2025-07-22 19:15:00,758.4,759.04,758.04,758.67,1312.025,995126.43172
BNBUSDT,1753179600000,2025-07-22 10:20:00,2025-07-22 19:20:00,758.67,758.69,756.72,757.84,923.828,699809.41909
BNBUSDT,1753179900000,2025-07-22 10:25:00,2025-07-22 19:25:00,757.85,758.39,757.59,758.32,773.38,586148.93698
BNBUSDT,1753180200000,2025-07-22 10:30:00,2025-07-22 19:30:00,758.33,762.31,758.33,761.33,3108.242,2364206.71634
BNBUSDT,1753180500000,2025-07-22 10:35:00,2025-07-22 19:35:00,761.34,761.98,760.86,761.61,1217.638,927120.62546
BNBUSDT,1753180800000,2025-07-22 10:40:00,2025-07-22 19:40:00,761.61,761.9,761.19,761.45,431.675,328746.91911
BNBUSDT,1753181100000,2025-07-22 10:45:00,2025-07-22 19:45:00,761.44,761.63,760.91,761.61,598.29,455458.85648
BNBUSDT,1753181400000,2025-07-22 10:50:00,2025-07-22 19:50:00,761.62,762,761.07,761.97,428.666,326468.34289
BNBUSDT,1753181700000,2025-07-22 10:55:00,2025-07-22 19:55:00,761.97,762.5,761.44,762.35,502.518,382910.39901
BNBUSDT,1753182000000,2025-07-22 11:00:00,2025-07-22 20:00:00,762.35,762.8,761.64,762.31,588.547,448587.45735
BNBUSDT,1753182300000,2025-07-22 11:05:00,2025-07-22 20:05:00,762.31,763.35,762.31,762.83,757.32,577815.13396
BNBUSDT,1753182600000,2025-07-22 11:10:00,2025-07-22 20:10:00,762.83,763,761.72,762.91,1019.303,777217.8506
BNBUSDT,1753182900000,2025-07-22 11:15:00,2025-07-22 20:15:00,762.92,763.34,762.92,763.33,473.248,361161.22856
BNBUSDT,1753183200000,2025-07-22 11:20:00,2025-07-22 20:20:00,763.33,763.97,763.33,763.74,438.267,334689.68989
BNBUSDT,1753183500000,2025-07-22 11:25:00,2025-07-22 20:25:00,763.74,764,762.93,763.36,596.625,455482.56844
BNBUSDT,1753183800000,2025-07-22 11:30:00,2025-07-22 20:30:00,763.36,763.5,761.88,762.02,857.238,653552.4584
BNBUSDT,1753184100000,2025-07-22 11:35:00,2025-07-22 20:35:00,762.02,762.1,760.62,761.3,450.824,343222.3292
BNBUSDT,1753184400000,2025-07-22 11:40:00,2025-07-22 20:40:00,761.29,762.94,761.14,762.83,426.876,325295.04921
BNBUSDT,1753184700000,2025-07-22 11:45:00,2025-07-22 20:45:00,762.82,764.64,762.09,764.64,866.319,661480.41291
BNBUSDT,1753185000000,2025-07-22 11:50:00,2025-07-22 20:50:00,764.64,764.73,763.3,763.63,998.431,762704.54632
BNBUSDT,1753185300000,2025-07-22 11:55:00,2025-07-22 20:55:00,763.63,765.58,763.39,765.57,1427.768,1091584.68725
BNBUSDT,1753185600000,2025-07-22 12:00:00,2025-07-22 21:00:00,765.58,765.93,765.06,765.7,1046.699,801295.78483
BNBUSDT,1753185900000,2025-07-22 12:05:00,2025-07-22 21:05:00,765.7,766.36,764.65,764.73,1347.88,1032058.14647
BNBUSDT,1753186200000,2025-07-22 12:10:00,2025-07-22 21:10:00,764.73,764.74,763.81,764.34,400.495,306092.6817
BNBUSDT,1753186500000,2025-07-22 12:15:00,2025-07-22 21:15:00,764.34,764.73,763.5,764.73,439.269,335590.33347
BNBUSDT,1753186800000,2025-07-22 12:20:00,2025-07-22 21:20:00,764.73,764.81,764.1,764.24,400.79,306447.18912
BNBUSDT,1753187100000,2025-07-22 12:25:00,2025-07-22 21:25:00,764.25,765,764.25,764.45,463.541,354426.9237
BNBUSDT,1753187400000,2025-07-22 12:30:00,2025-07-22 21:30:00,764.45,764.46,763.49,763.99,375.544,286839.33131
BNBUSDT,1753187700000,2025-07-22 12:35:00,2025-07-22 21:35:00,764,765.13,763.99,764.73,711.295,543962.90425
BNBUSDT,1753188000000,2025-07-22 12:40:00,2025-07-22 21:40:00,764.74,765.06,764.66,764.99,277.237,212048.03614
BNBUSDT,1753188300000,2025-07-22 12:45:00,2025-07-22 21:45:00,765,765.99,764.34,764.74,811.398,621040.6792
BNBUSDT,1753188600000,2025-07-22 12:50:00,2025-07-22 21:50:00,764.73,765.25,763.99,764.84,510.114,390038.10769
BNBUSDT,1753188900000,2025-07-22 12:55:00,2025-07-22 21:55:00,764.85,764.85,763.4,763.81,692.744,529431.24285
BNBUSDT,1753189200000,2025-07-22 13:00:00,2025-07-22 22:00:00,763.82,766,763.82,764.71,1191.698,911796.96141
BNBUSDT,1753189500000,2025-07-22 13:05:00,2025-07-22 22:05:00,764.7,765.86,764.2,764.7,919.556,703444.95467
BNBUSDT,1753189800000,2025-07-22 13:10:00,2025-07-22 22:10:00,764.71,765.06,764.44,764.99,666.398,509643.91432
BNBUSDT,1753190100000,2025-07-22 13:15:00,2025-07-22 22:15:00,765,765.41,764.21,764.57,454.289,347486.8565
BNBUSDT,1753190400000,2025-07-22 13:20:00,2025-07-22 22:20:00,764.57,765.01,763.51,764.24,534.117,408235.36715
BNBUSDT,1753190700000,2025-07-22 13:25:00,2025-07-22 22:25:00,764.24,764.58,763.6,763.76,511.166,390538.99717
BNBUSDT,1753191000000,2025-07-22 13:30:00,2025-07-22 22:30:00,763.79,764.52,762.73,763.59,2020.34,1542746.06614
BNBUSDT,1753191300000,2025-07-22 13:35:00,2025-07-22 22:35:00,763.59,765.24,763.44,764.65,1434.872,1097231.69333
BNBUSDT,1753191600000,2025-07-22 13:40:00,2025-07-22 22:40:00,764.66,766.84,764.63,766.06,1693.872,1297097.40148
BNBUSDT,1753191900000,2025-07-22 13:45:00,2025-07-22 22:45:00,766.05,766.06,763.17,763.25,4591.382,3510740.91543
BNBUSDT,1753192200000,2025-07-22 13:50:00,2025-07-22 22:50:00,763.24,763.72,760.13,760.73,3127.888,2383234.6791
BNBUSDT,1753192500000,2025-07-22 13:55:00,2025-07-22 22:55:00,760.73,761.1,759.26,759.83,2005.066,1524526.33894
BNBUSDT,1753192800000,2025-07-22 14:00:00,2025-07-22 23:00:00,759.83,759.83,755.72,756.58,6757.879,5120064.36553
BNBUSDT,1753193100000,2025-07-22 14:05:00,2025-07-22 23:05:00,756.54,760.31,756.49,760.3,1434.791,1088962.78839
BNBUSDT,1753193400000,2025-07-22 14:10:00,2025-07-22 23:10:00,760.31,762.52,760.26,762.29,1123.264,854933.97497
BNBUSDT,1753193700000,2025-07-22 14:15:00,2025-07-22 23:15:00,762.28,762.93,759.88,760.36,921.482,701843.4794
BNBUSDT,1753194000000,2025-07-22 14:20:00,2025-07-22 23:20:00,760.36,761.21,759.59,759.59,956.688,727589.54907
BNBUSDT,1753194300000,2025-07-22 14:25:00,2025-07-22 23:25:00,759.6,759.88,758.15,759.55,1110.425,842620.25129
BNBUSDT,1753194600000,2025-07-22 14:30:00,2025-07-22 23:30:00,759.56,760.99,759.34,760.67,786.89,598253.1276
BNBUSDT,1753194900000,2025-07-22 14:35:00,2025-07-22 23:35:00,760.68,762.19,760.64,761.79,966.045,735749.87478
BNBUSDT,1753195200000,2025-07-22 14:40:00,2025-07-22 23:40:00,761.79,762.35,761.5,761.9,894.67,681723.34226
BNBUSDT,1753195500000,2025-07-22 14:45:00,2025-07-22 23:45:00,761.91,762.7,761.02,761.66,1141.534,869797.12299
BNBUSDT,1753195800000,2025-07-22 14:50:00,2025-07-22 23:50:00,761.67,762.7,761.44,762.29,811.479,618446.96187
BNBUSDT,1753196100000,2025-07-22 14:55:00,2025-07-22 23:55:00,762.29,764.14,762.29,764.13,1093.428,834606.31741
BNBUSDT,1753196400000,2025-07-22 15:00:00,2025-07-23 00:00:00,764.13,764.8,763.71,764.31,841.382,643039.82438
BNBUSDT,1753196700000,2025-07-22 15:05:00,2025-07-23 00:05:00,764.31,764.86,763.37,764.58,1178.454,900472.88063
BNBUSDT,1753197000000,2025-07-22 15:10:00,2025-07-23 00:10:00,764.59,765.67,763.85,765.24,1717.779,1313462.71103
BNBUSDT,1753197300000,2025-07-22 15:15:00,2025-07-23 00:15:00,765.24,767.18,763.99,767.18,2090.181,1599837.0976
BNBUSDT,1753197600000,2025-07-22 15:20:00,2025-07-23 00:20:00,767.19,767.25,765.11,765.25,2111.553,1618306.92668
BNBUSDT,1753197900000,2025-07-22 15:25:00,2025-07-23 00:25:00,765.25,765.8,764,765.49,879.518,672810.09439
BNBUSDT,1753198200000,2025-07-22 15:30:00,2025-07-23 00:30:00,765.49,766.42,763.4,766.34,1123.388,859477.52277
BNBUSDT,1753198500000,2025-07-22 15:35:00,2025-07-23 00:35:00,766.34,766.34,765.3,765.42,943.59,722584.66876
BNBUSDT,1753198800000,2025-07-22 15:40:00,2025-07-23 00:40:00,765.43,765.5,764.2,764.26,621.652,475590.51578
BNBUSDT,1753199100000,2025-07-22 15:45:00,2025-07-23 00:45:00,764.27,765.34,763.63,763.74,1958.052,1497313.87321
BNBUSDT,1753199400000,2025-07-22 15:50:00,2025-07-23 00:50:00,763.74,765.44,763.41,764.24,1218.892,931998.36714
BNBUSDT,1753199700000,2025-07-22 15:55:00,2025-07-23 00:55:00,764.24,764.29,763.28,763.79,841.905,643036.46886
BNBUSDT,1753200000000,2025-07-22 16:00:00,2025-07-23 01:00:00,763.8,766.65,763.56,766.65,1016.906,777631.2848
BNBUSDT,1753200300000,2025-07-22 16:05:00,2025-07-23 01:05:00,766.66,768.98,766.4,768.52,1307.091,1003531.69145
BNBUSDT,1753200600000,2025-07-22 16:10:00,2025-07-23 01:10:00,768.51,768.93,768.03,768.93,696.968,535534.37481
BNBUSDT,1753200900000,2025-07-22 16:15:00,2025-07-23 01:15:00,768.94,769.59,768.28,768.74,1068.923,821928.26835
BNBUSDT,1753201200000,2025-07-22 16:20:00,2025-07-23 01:20:00,768.72,768.95,768.05,768.8,945.083,726295.94374
BNBUSDT,1753201500000,2025-07-22 16:25:00,2025-07-23 01:25:00,768.8,768.8,768,768.78,598.535,459959.7958
BNBUSDT,1753201800000,2025-07-22 16:30:00,2025-07-23 01:30:00,768.79,771.05,768.79,771.04,1819.093,1400638.24538
BNBUSDT,1753202100000,2025-07-22 16:35:00,2025-07-23 01:35:00,771.05,771.62,769.41,769.74,1295.554,998389.65478
BNBUSDT,1753202400000,2025-07-22 16:40:00,2025-07-23 01:40:00,769.74,770.37,769.1,770.13,1196.132,920909.08604
BNBUSDT,1753202700000,2025-07-22 16:45:00,2025-07-23 01:45:00,770.12,770.12,768.58,768.68,465.167,357862.23372
BNBUSDT,1753203000000,2025-07-22 16:50:00,2025-07-23 01:50:00,768.68,768.82,767.64,768.31,799.926,614665.83722
BNBUSDT,1753203300000,2025-07-22 16:55:00,2025-07-23 01:55:00,768.31,769.05,768.31,768.52,498.455,383171.79899
BNBUSDT,1753203600000,2025-07-22 17:00:00,2025-07-23 02:00:00,768.52,769.28,768.13,769.2,651.433,500836.28933
BNBUSDT,1753203900000,2025-07-22 17:05:00,2025-07-23 02:05:00,769.19,769.27,767.15,767.15,570.444,438242.9661
BNBUSDT,1753204200000,2025-07-22 17:10:00,2025-07-23 02:10:00,767.14,767.14,764.46,766.21,1178.793,902964.57554
BNBUSDT,1753204500000,2025-07-22 17:15:00,2025-07-23 02:15:00,766.2,767.1,764.77,765.39,547.988,419728.0792
BNBUSDT,1753204800000,2025-07-22 17:20:00,2025-07-23 02:20:00,765.39,766.65,764.55,766.65,573.466,438934.92642
BNBUSDT,1753205100000,2025-07-22 17:25:00,2025-07-23 02:25:00,766.65,766.89,764.91,766.65,378.588,289984.38758
BNBUSDT,1753205400000,2025-07-22 17:30:00,2025-07-23 02:30:00,766.65,766.76,765.1,765.48,392.926,300970.10749
BNBUSDT,1753205700000,2025-07-22 17:35:00,2025-07-23 02:35:00,765.48,768.9,765.48,768.06,827.966,635893.38251
BNBUSDT,1753206000000,2025-07-22 17:40:00,2025-07-23 02:40:00,768.05,768.66,767.03,768.19,1917.358,1472011.61248
BNBUSDT,1753206300000,2025-07-22 17:45:00,2025-07-23 02:45:00,768.18,768.33,766.89,766.95,627.214,481444.36297
BNBUSDT,1753206600000,2025-07-22 17:50:00,2025-07-23 02:50:00,766.96,767.84,766.7,767.83,247.953,190281.06281
BNBUSDT,1753206900000,2025-07-22 17:55:00,2025-07-23 02:55:00,767.83,768.22,767.24,767.6,1568.053,1203987.96189
BNBUSDT,1753207200000,2025-07-22 18:00:00,2025-07-23 03:00:00,767.6,768.7,767.4,768.66,377.717,290117.07749
BNBUSDT,1753207500000,2025-07-22 18:05:00,2025-07-23 03:05:00,768.65,769.96,768.51,769.04,376.404,289570.57451
BNBUSDT,1753207800000,2025-07-22 18:10:00,2025-07-23 03:10:00,769.04,770.44,767.1,769.61,1024.326,787505.56074
BNBUSDT,1753208100000,2025-07-22 18:15:00,2025-07-23 03:15:00,769.62,770.4,768.43,769.59,767.523,590658.8534
BNBUSDT,1753208400000,2025-07-22 18:20:00,2025-07-23 03:20:00,769.59,770.52,769.24,769.9,534.978,411919.60773
BNBUSDT,1753208700000,2025-07-22 18:25:00,2025-07-23 03:25:00,769.89,770.39,769.35,769.8,570.434,439252.44435
BNBUSDT,1753209000000,2025-07-22 18:30:00,2025-07-23 03:30:00,769.8,770.25,768.84,770.05,424.865,327018.3895
BNBUSDT,1753209300000,2025-07-22 18:35:00,2025-07-23 03:35:00,770.06,770.58,769.5,769.79,535.667,412568.09271
BNBUSDT,1753209600000,2025-07-22 18:40:00,2025-07-23 03:40:00,769.79,770.43,769.66,769.91,536.749,413348.92841
BNBUSDT,1753209900000,2025-07-22 18:45:00,2025-07-23 03:45:00,769.9,770.49,769.58,770.28,296.743,228508.41999
BNBUSDT,1753210200000,2025-07-22 18:50:00,2025-07-23 03:50:00,770.28,773,770.28,772.84,1824.024,1407867.20742
BNBUSDT,1753210500000,2025-07-22 18:55:00,2025-07-23 03:55:00,772.84,775.6,772.84,773.86,3119.372,2415954.31845
BNBUSDT,1753210800000,2025-07-22 19:00:00,2025-07-23 04:00:00,773.86,775.04,773.37,773.58,1399.254,1083180.3937
BNBUSDT,1753211100000,2025-07-22 19:05:00,2025-07-23 04:05:00,773.58,775.09,773.53,774.24,689.045,533599.43765
BNBUSDT,1753211400000,2025-07-22 19:10:00,2025-07-23 04:10:00,774.24,775.64,774.17,775.63,461.468,357523.18762
BNBUSDT,1753211700000,2025-07-22 19:15:00,2025-07-23 04:15:00,775.63,775.64,774.52,774.9,392.716,304392.96263
BNBUSDT,1753212000000,2025-07-22 19:20:00,2025-07-23 04:20:00,774.91,775.34,773.62,774.06,1386.897,1074653.45206
BNBUSDT,1753212300000,2025-07-22 19:25:00,2025-07-23 04:25:00,774.07,774.62,772.61,774.58,1153.285,892069.548
BNBUSDT,1753212600000,2025-07-22 19:30:00,2025-07-23 04:30:00,774.59,774.59,772.97,774.16,1369.846,1060128.33324
BNBUSDT,1753212900000,2025-07-22 19:35:00,2025-07-23 04:35:00,774.17,774.45,773.33,773.61,690.447,534361.4887
BNBUSDT,1753213200000,2025-07-22 19:40:00,2025-07-23 04:40:00,773.61,774.35,772.9,774.14,1306.716,1010814.09915
BNBUSDT,1753213500000,2025-07-22 19:45:00,2025-07-23 04:45:00,774.15,774.15,771.06,771.52,1974.07,1524121.38527
BNBUSDT,1753213800000,2025-07-22 19:50:00,2025-07-23 04:50:00,771.52,771.79,770.22,770.22,741.002,571401.03578
BNBUSDT,1753214100000,2025-07-22 19:55:00,2025-07-23 04:55:00,770.22,772.37,769.36,772.08,1356.171,1045017.69108
BNBUSDT,1753214400000,2025-07-22 20:00:00,2025-07-23 05:00:00,772.07,774.25,771.5,774.06,1336.497,1032446.73277
BNBUSDT,1753214700000,2025-07-22 20:05:00,2025-07-23 05:05:00,774.07,776.62,773.68,775.37,1957.23,1517349.01696
BNBUSDT,1753215000000,2025-07-22 20:10:00,2025-07-23 05:10:00,775.37,776.48,775.22,776.23,662.182,513830.64119
BNBUSDT,1753215300000,2025-07-22 20:15:00,2025-07-23 05:15:00,776.24,777.31,775.77,777.07,1488.035,1155770.94613
BNBUSDT,1753215600000,2025-07-22 20:20:00,2025-07-23 05:20:00,777.06,777.98,776.93,777.97,651.502,506482.89232
BNBUSDT,1753215900000,2025-07-22 20:25:00,2025-07-23 05:25:00,777.96,777.97,776.95,777,418.424,325225.47971
BNBUSDT,1753216200000,2025-07-22 20:30:00,2025-07-23 05:30:00,777.01,777.2,776.2,776.2,624.125,484816.94373
BNBUSDT,1753216500000,2025-07-22 20:35:00,2025-07-23 05:35:00,776.21,778.38,776.1,777.81,1829.513,1422571.82282
BNBUSDT,1753216800000,2025-07-22 20:40:00,2025-07-23 05:40:00,777.8,778.38,777.8,778.1,462.78,360111.71502
BNBUSDT,1753217100000,2025-07-22 20:45:00,2025-07-23 05:45:00,778.1,778.32,777.77,778.15,552.001,429532.49955
BNBUSDT,1753217400000,2025-07-22 20:50:00,2025-07-23 05:50:00,778.15,778.22,777.77,778.1,377.576,293755.40149
BNBUSDT,1753217700000,2025-07-22 20:55:00,2025-07-23 05:55:00,778.1,778.1,777.34,777.35,611.483,475544.12719
BNBUSDT,1753218000000,2025-07-22 21:00:00,2025-07-23 06:00:00,777.34,777.91,777.29,777.31,311.489,242199.9236
BNBUSDT,1753218300000,2025-07-22 21:05:00,2025-07-23 06:05:00,777.31,777.9,776.65,777.8,1492.216,1159599.25543
BNBUSDT,1753218600000,2025-07-22 21:10:00,2025-07-23 06:10:00,777.8,778,777.56,777.98,604.501,470177.20799
BNBUSDT,1753218900000,2025-07-22 21:15:00,2025-07-23 06:15:00,777.99,778.09,777.05,777.83,514.515,400026.15958
BNBUSDT,1753219200000,2025-07-22 21:20:00,2025-07-23 06:20:00,777.82,777.93,777.05,777.06,296.15,230270.66179
BNBUSDT,1753219500000,2025-07-22 21:25:00,2025-07-23 06:25:00,777.06,777.46,776.35,776.5,414.209,321776.95906
BNBUSDT,1753219800000,2025-07-22 21:30:00,2025-07-23 06:30:00,776.5,776.5,775.83,776.04,839.405,651531.36875
BNBUSDT,1753220100000,2025-07-22 21:35:00,2025-07-23 06:35:00,776.05,776.43,776.04,776.4,158.842,123306.17379
BNBUSDT,1753220400000,2025-07-22 21:40:00,2025-07-23 06:40:00,776.39,776.45,775.48,775.84,781.302,606262.90011
BNBUSDT,1753220700000,2025-07-22 21:45:00,2025-07-23 06:45:00,775.85,776.11,775.5,776.11,333.035,258344.47165
BNBUSDT,1753221000000,2025-07-22 21:50:00,2025-07-23 06:50:00,776.11,776.52,776.1,776.51,195.306,151607.69666
BNBUSDT,1753221300000,2025-07-22 21:55:00,2025-07-23 06:55:00,776.52,777.27,776.51,776.68,355.96,276526.11467
BNBUSDT,1753221600000,2025-07-22 22:00:00,2025-07-23 07:00:00,776.68,777.99,776.67,777.84,527.912,410434.39977
BNBUSDT,1753221900000,2025-07-22 22:05:00,2025-07-23 07:05:00,777.84,778,776.8,776.9,287.346,223377.12002
BNBUSDT,1753222200000,2025-07-22 22:10:00,2025-07-23 07:10:00,776.91,776.91,775.7,775.77,333.764,259052.93475
BNBUSDT,1753222500000,2025-07-22 22:15:00,2025-07-23 07:15:00,775.76,775.9,775.21,775.4,284.23,220431.33844
BNBUSDT,1753222800000,2025-07-22 22:20:00,2025-07-23 07:20:00,775.4,775.95,775.39,775.77,510.085,395645.43635
BNBUSDT,1753223100000,2025-07-22 22:25:00,2025-07-23 07:25:00,775.77,775.77,774.62,775.34,1427.585,1106590.65834
BNBUSDT,1753223400000,2025-07-22 22:30:00,2025-07-23 07:30:00,775.34,776.2,775.27,776.07,411.102,318914.21757
BNBUSDT,1753223700000,2025-07-22 22:35:00,2025-07-23 07:35:00,776.07,776.94,776.06,776.52,408.267,317025.35091
BNBUSDT,1753224000000,2025-07-22 22:40:00,2025-07-23 07:40:00,776.51,777.02,776.18,777.01,271.866,211135.59014
BNBUSDT,1753224300000,2025-07-22 22:45:00,2025-07-23 07:45:00,777,777.17,776.7,776.71,319.617,248322.95911
BNBUSDT,1753224600000,2025-07-22 22:50:00,2025-07-23 07:50:00,776.7,777.88,776.7,777.75,419.646,326231.98989
BNBUSDT,1753224900000,2025-07-22 22:55:00,2025-07-23 07:55:00,777.76,777.76,777.09,777.21,289.116,224729.57293
BNBUSDT,1753225200000,2025-07-22 23:00:00,2025-07-23 08:00:00,777.21,777.69,776.72,777.29,465.896,362098.68319
BNBUSDT,1753225500000,2025-07-22 23:05:00,2025-07-23 08:05:00,777.29,777.66,777.26,777.66,295.298,229590.10463
BNBUSDT,1753225800000,2025-07-22 23:10:00,2025-07-23 08:10:00,777.66,778.33,777.21,778.33,777.82,605164.22487
BNBUSDT,1753226100000,2025-07-22 23:15:00,2025-07-23 08:15:00,778.33,784.16,777.78,782.64,7196.96,5624581.56495
BNBUSDT,1753226400000,2025-07-22 23:20:00,2025-07-23 08:20:00,782.65,785.48,781.87,785.16,3206.32,2513983.95374
BNBUSDT,1753226700000,2025-07-22 23:25:00,2025-07-23 08:25:00,785.16,787.25,784.3,784.84,3739.231,2939253.77674
BNBUSDT,1753227000000,2025-07-22 23:30:00,2025-07-23 08:30:00,784.85,787.12,783.89,786.98,2379.168,1868531.81017
BNBUSDT,1753227300000,2025-07-22 23:35:00,2025-07-23 08:35:00,786.98,788.35,786.03,786.04,3610.218,2842966.85452
BNBUSDT,1753227600000,2025-07-22 23:40:00,2025-07-23 08:40:00,786.03,787.23,785.75,786.7,1295.388,1018807.17053
BNBUSDT,1753227900000,2025-07-22 23:45:00,2025-07-23 08:45:00,786.71,787.01,785.09,785.16,1449.826,1139552.43127
BNBUSDT,1753228200000,2025-07-22 23:50:00,2025-07-23 08:50:00,785.16,785.9,784.65,784.75,1374.571,1079671.41018
BNBUSDT,1753228500000,2025-07-22 23:55:00,2025-07-23 08:55:00,784.76,788.19,784.67,786.68,3084.305,2425795.46483
BNBUSDT,1753228800000,2025-07-23 00:00:00,2025-07-23 09:00:00,786.69,788,785.07,785.33,4121.039,3242531.72308
BNBUSDT,1753229100000,2025-07-23 00:05:00,2025-07-23 09:05:00,785.33,791.73,785.11,790.58,13976.333,11032107.25479
BNBUSDT,1753229400000,2025-07-23 00:10:00,2025-07-23 09:10:00,790.59,794.98,790.59,794.59,9780.8456,7753386.501386
BNBUSDT,1753229700000,2025-07-23 00:15:00,2025-07-23 09:15:00,794.6,797.21,794.39,797.16,8624.1146,6860122.48116
BNBUSDT,1753230000000,2025-07-23 00:20:00,2025-07-23 09:20:00,797.16,797.56,794.26,796.46,4476.447,3563657.27833
BNBUSDT,1753230300000,2025-07-23 00:25:00,2025-07-23 09:25:00,796.47,799.44,794.4,795.24,10615.7965,8470614.82666
BNBUSDT,1753230600000,2025-07-23 00:30:00,2025-07-23 09:30:00,795.24,800,795.23,797.71,7907.992,6317647.1023
BNBUSDT,1753230900000,2025-07-23 00:35:00,2025-07-23 09:35:00,797.71,803.91,797.08,803.54,16817.2702,13473869.558033
BNBUSDT,1753231200000,2025-07-23 00:40:00,2025-07-23 09:40:00,803.52,804.43,800.59,803.38,8953.2067,7185872.80062
BNBUSDT,1753231500000,2025-07-23 00:45:00,2025-07-23 09:45:00,803.39,804.7,801.56,802.07,3983.772,3199290.62141
BNBUSDT,1753231800000,2025-07-23 00:50:00,2025-07-23 09:50:00,802.07,802.54,799.6,801.59,4921.045,3940274.5755
BNBUSDT,1753232100000,2025-07-23 00:55:00,2025-07-23 09:55:00,801.59,801.79,798.58,799.58,4390.228,3512660.85011
BNBUSDT,1753232400000,2025-07-23 01:00:00,2025-07-23 10:00:00,799.58,799.59,795.64,797.01,4672.988,3728418.9674
BNBUSDT,1753232700000,2025-07-23 01:05:00,2025-07-23 10:05:00,797.01,802.5,796.5,797.91,7398.098,5907788.79545
BNBUSDT,1753233000000,2025-07-23 01:10:00,2025-07-23 10:10:00,797.92,799.98,797,797.41,1908.954,1523446.41528
BNBUSDT,1753233300000,2025-07-23 01:15:00,2025-07-23 10:15:00,797.43,799.82,797.36,799.06,3948.736,3154719.87088
BNBUSDT,1753233600000,2025-07-23 01:20:00,2025-07-23 10:20:00,799.07,801,798.22,798.44,2208.867,1766256.10163
BNBUSDT,1753233900000,2025-07-23 01:25:00,2025-07-23 10:25:00,798.43,799.21,797.59,797.67,1332.956,1064213.74091
BNBUSDT,1753234200000,2025-07-23 01:30:00,2025-07-23 10:30:00,797.68,799.21,797.4,798.24,1689.131,1348352.14828
BNBUSDT,1753234500000,2025-07-23 01:35:00,2025-07-23 10:35:00,798.24,798.25,794.95,796.15,4313.326,3435045.96106
BNBUSDT,1753234800000,2025-07-23 01:40:00,2025-07-23 10:40:00,796.14,796.74,794.94,796.32,1691.6,1346362.71932
BNBUSDT,1753235100000,2025-07-23 01:45:00,2025-07-23 10:45:00,796.32,797.06,796.03,796.04,1176.979,937430.76852
BNBUSDT,1753235400000,2025-07-23 01:50:00,2025-07-23 10:50:00,796.03,796.5,795.27,795.28,852.519,678465.92963
BNBUSDT,1753235700000,2025-07-23 01:55:00,2025-07-23 10:55:00,795.28,795.51,794.6,794.94,1351.316,1074452.4223
BNBUSDT,1753236000000,2025-07-23 02:00:00,2025-07-23 11:00:00,794.94,795.34,786.75,788.32,8737.872,6907141.41453
BNBUSDT,1753236300000,2025-07-23 02:05:00,2025-07-23 11:05:00,788.32,791.66,788.2,790.46,2996.379,2367881.23175
BNBUSDT,1753236600000,2025-07-23 02:10:00,2025-07-23 11:10:00,790.46,791.76,790.06,790.73,949.537,750928.6957
BNBUSDT,1753236900000,2025-07-23 02:15:00,2025-07-23 11:15:00,790.73,790.86,788.75,789.5,1657.968,1309107.59975
BNBUSDT,1753237200000,2025-07-23 02:20:00,2025-07-23 11:20:00,789.51,789.86,788.16,788.98,1591.603,1255831.46153
BNBUSDT,1753237500000,2025-07-23 02:25:00,2025-07-23 11:25:00,788.99,790.5,788.99,789.91,1137.877,898552.46111
BNBUSDT,1753237800000,2025-07-23 02:30:00,2025-07-23 11:30:00,789.92,795,789.8,794.37,5794.493,4593488.17775
BNBUSDT,1753238100000,2025-07-23 02:35:00,2025-07-23 11:35:00,794.37,794.49,792.2,793.2,1317.191,1045081.5556
BNBUSDT,1753238400000,2025-07-23 02:40:00,2025-07-23 11:40:00,793.19,793.54,790.77,790.78,1111.297,880419.70226
BNBUSDT,1753238700000,2025-07-23 02:45:00,2025-07-23 11:45:00,790.79,791.8,790.4,791.54,1172.268,927270.39989
BNBUSDT,1753239000000,2025-07-23 02:50:00,2025-07-23 11:50:00,791.55,792.9,791.52,792.47,1497.444,1186637.68611
BNBUSDT,1753239300000,2025-07-23 02:55:00,2025-07-23 11:55:00,792.47,796.01,792.33,795.55,3074.127,2440922.82071
BNBUSDT,1753239600000,2025-07-23 03:00:00,2025-07-23 12:00:00,795.56,796.27,792.91,793,1084.787,861441.46049
BNBUSDT,1753239900000,2025-07-23 03:05:00,2025-07-23 12:05:00,792.99,792.99,791.8,792.62,672.263,532703.52852
BNBUSDT,1753240200000,2025-07-23 03:10:00,2025-07-23 12:10:00,792.63,792.63,791.05,791.53,1143.271,905143.03384
BNBUSDT,1753240500000,2025-07-23 03:15:00,2025-07-23 12:15:00,791.54,791.88,790.76,791.11,688.796,545003.3818
BNBUSDT,1753240800000,2025-07-23 03:20:00,2025-07-23 12:20:00,791.12,791.45,790.33,790.89,727.493,575273.01298
BNBUSDT,1753241100000,2025-07-23 03:25:00,2025-07-23 12:25:00,790.9,792,790.83,791.95,440.033,348259.79206
BNBUSDT,1753241400000,2025-07-23 03:30:00,2025-07-23 12:30:00,791.96,792.83,791.96,792.76,585.357,463919.58477
BNBUSDT,1753241700000,2025-07-23 03:35:00,2025-07-23 12:35:00,792.76,794.89,792.75,794.4,2625.809,2083718.08451
BNBUSDT,1753242000000,2025-07-23 03:40:00,2025-07-23 12:40:00,794.41,796.61,794.41,794.78,1615.642,1285666.47843
BNBUSDT,1753242300000,2025-07-23 03:45:00,2025-07-23 12:45:00,794.78,794.78,792.24,794.3,1344.201,1066540.50901
BNBUSDT,1753242600000,2025-07-23 03:50:00,2025-07-23 12:50:00,794.3,796.07,794.29,795.31,1390.67,1106103.09964
BNBUSDT,1753242900000,2025-07-23 03:55:00,2025-07-23 12:55:00,795.31,797.09,794.68,797.09,2387.695,1900195.04647
BNBUSDT,1753243200000,2025-07-23 04:00:00,2025-07-23 13:00:00,797.09,797.21,795.01,796.44,1577.8,1256172.32229
BNBUSDT,1753243500000,2025-07-23 04:05:00,2025-07-23 13:05:00,796.44,798.4,796.02,797.09,2172.487,1731674.09031
BNBUSDT,1753243800000,2025-07-23 04:10:00,2025-07-23 13:10:00,797.07,797.3,796.4,796.4,1044.854,832691.51686
BNBUSDT,1753244100000,2025-07-23 04:15:00,2025-07-23 13:15:00,796.4,796.63,794.47,796.39,1413.081,1124293.2089
BNBUSDT,1753244400000,2025-07-23 04:20:00,2025-07-23 13:20:00,796.38,796.82,795.15,796,1840.697,1464946.85104
BNBUSDT,1753244700000,2025-07-23 04:25:00,2025-07-23 13:25:00,796.01,797.34,795.73,796,1032.234,822159.89861
BNBUSDT,1753245000000,2025-07-23 04:30:00,2025-07-23 13:30:00,796.01,800,795.83,798.7,3059.878,2444324.61987
BNBUSDT,1753245300000,2025-07-23 04:35:00,2025-07-23 13:35:00,798.7,799.99,798.63,799.37,2194.267,1754293.20544
BNBUSDT,1753245600000,2025-07-23 04:40:00,2025-07-23 13:40:00,799.38,799.8,798.25,798.38,808.253,645927.79245
BNBUSDT,1753245900000,2025-07-23 04:45:00,2025-07-23 13:45:00,798.38,799.45,798.3,798.75,1296.628,1035842.41528
BNBUSDT,1753246200000,2025-07-23 04:50:00,2025-07-23 13:50:00,798.76,799.76,798.42,799.76,783.517,626051.83754
BNBUSDT,1753246500000,2025-07-23 04:55:00,2025-07-23 13:55:00,799.76,801.18,798.96,799.69,5363.609,4291902.35889
BNBUSDT,1753246800000,2025-07-23 05:00:00,2025-07-23 14:00:00,799.69,799.98,798.95,799.43,2420.122,1934951.6867
BNBUSDT,1753247100000,2025-07-23 05:05:00,2025-07-23 14:05:00,799.43,801.65,798.41,799.38,7202.752,5763731.2998
BNBUSDT,1753247400000,2025-07-23 05:10:00,2025-07-23 14:10:00,799.38,800.31,798.65,799.39,971.79,776871.38695
BNBUSDT,1753247700000,2025-07-23 05:15:00,2025-07-23 14:15:00,799.39,799.6,798.5,798.59,1490.922,1191074.25296
BNBUSDT,1753248000000,2025-07-23 05:20:00,2025-07-23 14:20:00,798.59,798.59,796.61,797.12,3653.71,2913794.58436
BNBUSDT,1753248300000,2025-07-23 05:25:00,2025-07-23 14:25:00,797.12,797.9,797.01,797.18,519.739,414461.46682
BNBUSDT,1753248600000,2025-07-23 05:30:00,2025-07-23 14:30:00,797.18,797.87,796.52,797.66,846.795,674823.43982
BNBUSDT,1753248900000,2025-07-23 05:35:00,2025-07-23 14:35:00,797.66,799.64,797.63,799.44,897.049,716755.27972
BNBUSDT,1753249200000,2025-07-23 05:40:00,2025-07-23 14:40:00,799.43,799.95,798.23,798.23,772.956,617795.20248
BNBUSDT,1753249500000,2025-07-23 05:45:00,2025-07-23 14:45:00,798.23,798.77,796.91,798.36,1051.646,838857.85442
BNBUSDT,1753249800000,2025-07-23 05:50:00,2025-07-23 14:50:00,798.37,798.6,797.35,797.71,762.416,608357.40941
BNBUSDT,1753250100000,2025-07-23 05:55:00,2025-07-23 14:55:00,797.71,797.9,795.89,796.13,1025.744,817428.00969
BNBUSDT,1753250400000,2025-07-23 06:00:00,2025-07-23 15:00:00,796.13,796.95,795.67,796.08,736.158,586152.77802
BNBUSDT,1753250700000,2025-07-23 06:05:00,2025-07-23 15:05:00,796.08,796.14,795.09,795.2,824.712,656094.65392
BNBUSDT,1753251000000,2025-07-23 06:10:00,2025-07-23 15:10:00,795.2,795.2,794.63,795.16,651.457,517881.05643
BNBUSDT,1753251300000,2025-07-23 06:15:00,2025-07-23 15:15:00,795.16,795.93,794.24,794.42,1725.165,1371765.62385
BNBUSDT,1753251600000,2025-07-23 06:20:00,2025-07-23 15:20:00,794.43,794.66,792.44,793.96,1764.195,1400004.3
BNBUSDT,1753251900000,2025-07-23 06:25:00,2025-07-23 15:25:00,793.97,797.67,793.96,796.6,1926.426,1533956.96689
BNBUSDT,1753252200000,2025-07-23 06:30:00,2025-07-23 15:30:00,796.6,797.69,796.6,797.26,1521.19,1212820.07852
BNBUSDT,1753252500000,2025-07-23 06:35:00,2025-07-23 15:35:00,797.26,797.4,794.15,794.66,1493.087,1187920.68585
BNBUSDT,1753252800000,2025-07-23 06:40:00,2025-07-23 15:40:00,794.66,795.4,793.83,794.1,1627.997,1293842.53699
BNBUSDT,1753253100000,2025-07-23 06:45:00,2025-07-23 15:45:00,794.09,795.38,793.83,794.24,1042.01,828139.50227
BNBUSDT,1753253400000,2025-07-23 06:50:00,2025-07-23 15:50:00,794.23,794.23,792.72,793.82,991.152,786569.95038
BNBUSDT,1753253700000,2025-07-23 06:55:00,2025-07-23 15:55:00,793.83,794.47,793.47,794.34,830.533,659422.00063
BNBUSDT,1753254000000,2025-07-23 07:00:00,2025-07-23 16:00:00,794.35,794.63,793.51,794.63,578.605,459500.46703
BNBUSDT,1753254300000,2025-07-23 07:05:00,2025-07-23 16:05:00,794.63,797.42,794.63,796.36,2162.233,1721520.83915
BNBUSDT,1753254600000,2025-07-23 07:10:00,2025-07-23 16:10:00,796.36,797.1,795.27,795.92,1038.241,826566.08281
BNBUSDT,1753254900000,2025-07-23 07:15:00,2025-07-23 16:15:00,795.92,797.73,795.61,797.72,708.485,564667.26125
BNBUSDT,1753255200000,2025-07-23 07:20:00,2025-07-23 16:20:00,797.72,797.91,796.73,797.15,735.257,586338.93606
BNBUSDT,1753255500000,2025-07-23 07:25:00,2025-07-23 16:25:00,797.16,797.6,796.61,797.21,710.064,565995.05484
BNBUSDT,1753255800000,2025-07-23 07:30:00,2025-07-23 16:30:00,797.22,799.14,796.66,797.69,1393.918,1112314.63583
BNBUSDT,1753256100000,2025-07-23 07:35:00,2025-07-23 16:35:00,797.62,797.95,794.63,794.64,1200.426,955563.41954
BNBUSDT,1753256400000,2025-07-23 07:40:00,2025-07-23 16:40:00,794.65,795.74,793.53,793.83,1295.447,1029448.02517
BNBUSDT,1753256700000,2025-07-23 07:45:00,2025-07-23 16:45:00,793.83,794.71,792.23,792.64,2913.101,2310224.21039
BNBUSDT,1753257000000,2025-07-23 07:50:00,2025-07-23 16:50:00,792.64,793.75,792.56,793.09,1815.833,1439931.41858
BNBUSDT,1753257300000,2025-07-23 07:55:00,2025-07-23 16:55:00,793.09,794.43,793.08,794.42,602.408,478090.15913
BNBUSDT,1753257600000,2025-07-23 08:00:00,2025-07-23 17:00:00,794.42,795.7,793.39,794,1309.513,1040554.73464
BNBUSDT,1753257900000,2025-07-23 08:05:00,2025-07-23 17:05:00,794,796.41,792.46,796.1,966.165,767547.71819
BNBUSDT,1753258200000,2025-07-23 08:10:00,2025-07-23 17:10:00,796.11,796.79,795.91,796.39,688.517,548290.29436
BNBUSDT,1753258500000,2025-07-23 08:15:00,2025-07-23 17:15:00,796.4,796.95,795.83,796.83,682.775,543843.61947
BNBUSDT,1753258800000,2025-07-23 08:20:00,2025-07-23 17:20:00,796.84,796.95,795.57,795.99,1153.184,918041.41018
BNBUSDT,1753259100000,2025-07-23 08:25:00,2025-07-23 17:25:00,795.98,796.3,795.07,795.72,842.396,670276.35943
BNBUSDT,1753259400000,2025-07-23 08:30:00,2025-07-23 17:30:00,795.72,795.8,793.2,793.63,722.272,573865.4629
BNBUSDT,1753259700000,2025-07-23 08:35:00,2025-07-23 17:35:00,793.63,793.63,791.32,791.72,1138.118,901441.55474
BNBUSDT,1753260000000,2025-07-23 08:40:00,2025-07-23 17:40:00,791.72,792.1,790.76,791.18,1688.951,1336957.22113
BNBUSDT,1753260300000,2025-07-23 08:45:00,2025-07-23 17:45:00,791.18,793,791.18,792.37,1056.413,836905.14575
BNBUSDT,1753260600000,2025-07-23 08:50:00,2025-07-23 17:50:00,792.38,792.48,791,791.72,1107.615,876985.78678
BNBUSDT,1753260900000,2025-07-23 08:55:00,2025-07-23 17:55:00,791.72,793.98,791.55,793.46,2116.489,1677899.1798
BNBUSDT,1753261200000,2025-07-23 09:00:00,2025-07-23 18:00:00,793.46,794.67,793.27,793.87,949.006,753461.02506
BNBUSDT,1753261500000,2025-07-23 09:05:00,2025-07-23 18:05:00,793.88,794.71,793.1,793.11,1143.266,907541.12872
BNBUSDT,1753261800000,2025-07-23 09:10:00,2025-07-23 18:10:00,793.1,793.56,792.01,792.87,1083.278,858822.6192
BNBUSDT,1753262100000,2025-07-23 09:15:00,2025-07-23 18:15:00,792.88,792.88,791.3,791.3,784.197,620979.24752
BNBUSDT,1753262400000,2025-07-23 09:20:00,2025-07-23 18:20:00,791.3,791.52,791,791.16,1423.956,1126615.18672
BNBUSDT,1753262700000,2025-07-23 09:25:00,2025-07-23 18:25:00,791.16,793.35,791,792.2,3077.037,2435174.34724
BNBUSDT,1753263000000,2025-07-23 09:30:00,2025-07-23 18:30:00,792.21,792.21,791,791.96,1458.452,1154332.16731
BNBUSDT,1753263300000,2025-07-23 09:35:00,2025-07-23 18:35:00,791.96,794.11,791.84,792.19,1161.476,921017.59651
BNBUSDT,1753263600000,2025-07-23 09:40:00,2025-07-23 18:40:00,792.19,792.59,790.61,790.91,904.26,715589.84139
BNBUSDT,1753263900000,2025-07-23 09:45:00,2025-07-23 18:45:00,790.9,792.44,790.7,791.79,1067.379,844582.5398
BNBUSDT,1753264200000,2025-07-23 09:50:00,2025-07-23 18:50:00,791.8,793.87,791.79,793.87,518.081,410791.48421
BNBUSDT,1753264500000,2025-07-23 09:55:00,2025-07-23 18:55:00,793.87,794.13,791.19,791.53,677.891,537344.62448
BNBUSDT,1753264800000,2025-07-23 10:00:00,2025-07-23 19:00:00,791.53,791.53,788.5,789.79,4207.131,3322271.76187
BNBUSDT,1753265100000,2025-07-23 10:05:00,2025-07-23 19:05:00,789.78,792.4,789.73,790.62,1454.298,1150193.86526
BNBUSDT,1753265400000,2025-07-23 10:10:00,2025-07-23 19:10:00,790.62,790.62,788.24,788.81,3669.753,2897200.45532
BNBUSDT,1753265700000,2025-07-23 10:15:00,2025-07-23 19:15:00,788.8,791.21,788.8,790.2,2360.734,1865664.75517
BNBUSDT,1753266000000,2025-07-23 10:20:00,2025-07-23 19:20:00,790.2,793.67,789.54,793.07,2315.007,1833505.46581
BNBUSDT,1753266300000,2025-07-23 10:25:00,2025-07-23 19:25:00,793.07,794.45,792.95,793.94,860.396,683003.19887
BNBUSDT,1753266600000,2025-07-23 10:30:00,2025-07-23 19:30:00,793.94,794.47,793.1,793.83,673.447,534543.91813
BNBUSDT,1753266900000,2025-07-23 10:35:00,2025-07-23 19:35:00,793.83,796.85,793.69,796.27,2598.195,2067146.36664
BNBUSDT,1753267200000,2025-07-23 10:40:00,2025-07-23 19:40:00,796.27,797.58,795.13,796.8,1949.939,1553158.915
BNBUSDT,1753267500000,2025-07-23 10:45:00,2025-07-23 19:45:00,796.8,799.5,796.8,798.81,2698.914,2154729.60683
BNBUSDT,1753267800000,2025-07-23 10:50:00,2025-07-23 19:50:00,798.8,799.88,798.51,799.01,3254.439,2602208.70011
BNBUSDT,1753268100000,2025-07-23 10:55:00,2025-07-23 19:55:00,799.01,799.9,798.67,799.4,2077.607,1660945.26289
BNBUSDT,1753268400000,2025-07-23 11:00:00,2025-07-23 20:00:00,799.4,799.99,798.6,799.95,1514.537,1210851.09035
BNBUSDT,1753268700000,2025-07-23 11:05:00,2025-07-23 20:05:00,799.96,800.95,797.4,797.99,3542.994,2832581.86366
BNBUSDT,1753269000000,2025-07-23 11:10:00,2025-07-23 20:10:00,797.99,799.27,797.03,797.3,906.713,723620.73104
BNBUSDT,1753269300000,2025-07-23 11:15:00,2025-07-23 20:15:00,797.31,799.28,797.31,799.03,931.819,744111.08581
BNBUSDT,1753269600000,2025-07-23 11:20:00,2025-07-23 20:20:00,799.04,807.02,799.04,804.29,13943.603,11198392.17477
BNBUSDT,1753269900000,2025-07-23 11:25:00,2025-07-23 20:25:00,804.29,804.71,802.69,803.4,2300.785,1849336.90568
BNBUSDT,1753270200000,2025-07-23 11:30:00,2025-07-23 20:30:00,803.4,805.06,801.92,804.58,2002.83,1609836.95871
BNBUSDT,1753270500000,2025-07-23 11:35:00,2025-07-23 20:35:00,804.59,806.32,804.02,804.68,2798.595,2253778.98362
BNBUSDT,1753270800000,2025-07-23 11:40:00,2025-07-23 20:40:00,804.67,808.2,804.55,808.2,5520.593,4454302.00669
BNBUSDT,1753271100000,2025-07-23 11:45:00,2025-07-23 20:45:00,808.19,808.81,806.27,807.17,5755.677,4648730.44513
BNBUSDT,1753271400000,2025-07-23 11:50:00,2025-07-23 20:50:00,807.18,808.15,806.08,806.56,2346.738,1894254.31267
BNBUSDT,1753271700000,2025-07-23 11:55:00,2025-07-23 20:55:00,806.55,808.65,806.01,808.46,2057.844,1661390.30307
BNBUSDT,1753272000000,2025-07-23 12:00:00,2025-07-23 21:00:00,808.47,809.71,807.42,807.42,3603.058,2913195.11905
BNBUSDT,1753272300000,2025-07-23 12:05:00,2025-07-23 21:05:00,807.41,809.84,805.89,805.95,3346.847,2703983.52259
BNBUSDT,1753272600000,2025-07-23 12:10:00,2025-07-23 21:10:00,805.95,807.88,805.12,806.66,5114.642,4125783.51867
BNBUSDT,1753272900000,2025-07-23 12:15:00,2025-07-23 21:15:00,806.67,807.59,804.6,805.7,2547.012,2051792.9998
BNBUSDT,1753273200000,2025-07-23 12:20:00,2025-07-23 21:20:00,805.71,805.78,804.63,804.84,1347.131,1084627.94271
BNBUSDT,1753273500000,2025-07-23 12:25:00,2025-07-23 21:25:00,804.84,806.5,804.5,804.9,997.675,803703.93643
BNBUSDT,1753273800000,2025-07-23 12:30:00,2025-07-23 21:30:00,804.9,805.3,803.62,804.14,1324.91,1065878.66392
BNBUSDT,1753274100000,2025-07-23 12:35:00,2025-07-23 21:35:00,804.14,804.66,802.4,803.15,1195.672,960850.90885
BNBUSDT,1753274400000,2025-07-23 12:40:00,2025-07-23 21:40:00,803.15,803.36,798.24,799.92,4855.443,3888159.80036
BNBUSDT,1753274700000,2025-07-23 12:45:00,2025-07-23 21:45:00,799.92,802.03,799.8,800.61,2864.716,2294155.55974
BNBUSDT,1753275000000,2025-07-23 12:50:00,2025-07-23 21:50:00,800.61,800.9,798.11,798.26,3352.066,2681277.8386
BNBUSDT,1753275300000,2025-07-23 12:55:00,2025-07-23 21:55:00,798.25,798.25,794.12,795.3,8479.283,6744759.08175
BNBUSDT,1753275600000,2025-07-23 13:00:00,2025-07-23 22:00:00,795.3,795.81,792.59,795.6,4108.129,3264212.74967
BNBUSDT,1753275900000,2025-07-23 13:05:00,2025-07-23 22:05:00,795.6,798.1,794.69,795.81,3552.842,2828544.59422
BNBUSDT,1753276200000,2025-07-23 13:10:00,2025-07-23 22:10:00,795.81,796.41,793.49,794.85,3979.886,3164492.11946
BNBUSDT,1753276500000,2025-07-23 13:15:00,2025-07-23 22:15:00,794.86,794.86,785,785.21,13191.64,10408333.82936
BNBUSDT,1753276800000,2025-07-23 13:20:00,2025-07-23 22:20:00,785.21,790.5,785.21,787.58,5354.302,4220191.34149
BNBUSDT,1753277100000,2025-07-23 13:25:00,2025-07-23 22:25:00,787.58,792.3,786.78,791.82,4324.418,3415018.30805
BNBUSDT,1753277400000,2025-07-23 13:30:00,2025-07-23 22:30:00,791.81,791.81,788,788.13,2762.725,2181852.21591
BNBUSDT,1753277700000,2025-07-23 13:35:00,2025-07-23 22:35:00,788.13,788.13,782.36,783.31,9088.498,7134161.7359
BNBUSDT,1753278000000,2025-07-23 13:40:00,2025-07-23 22:40:00,783.31,784.62,776.51,777.75,11014.644,8586627.42616
BNBUSDT,1753278300000,2025-07-23 13:45:00,2025-07-23 22:45:00,777.74,780.8,776.63,776.7,9682.31,7538591.60811
BNBUSDT,1753278600000,2025-07-23 13:50:00,2025-07-23 22:50:00,776.69,787.21,775.3,785.52,27099.521,21191951.07895
BNBUSDT,1753278900000,2025-07-23 13:55:00,2025-07-23 22:55:00,785.53,787.31,780.99,780.99,4974.213,3897553.08333
BNBUSDT,1753279200000,2025-07-23 14:00:00,2025-07-23 23:00:00,780.99,787.5,779.57,786.36,5614.333,4402660.32934
BNBUSDT,1753279500000,2025-07-23 14:05:00,2025-07-23 23:05:00,786.36,788,785.16,785.43,3297.436,2594102.56129
BNBUSDT,1753279800000,2025-07-23 14:10:00,2025-07-23 23:10:00,785.44,786.8,781.99,783.74,4236.629,3320077.76377
BNBUSDT,1753280100000,2025-07-23 14:15:00,2025-07-23 23:15:00,783.74,787.24,783.66,786.76,3827.182,3006377.30298
BNBUSDT,1753280400000,2025-07-23 14:20:00,2025-07-23 23:20:00,786.77,788.17,786.42,788.16,1251.811,985479.96126
BNBUSDT,1753280700000,2025-07-23 14:25:00,2025-07-23 23:25:00,788.17,790.07,787.97,789.61,3154.129,2488844.01275
BNBUSDT,1753281000000,2025-07-23 14:30:00,2025-07-23 23:30:00,789.61,790.14,787.5,787.5,2049.461,1617482.413
BNBUSDT,1753281300000,2025-07-23 14:35:00,2025-07-23 23:35:00,787.51,788.81,786.52,786.66,1480.185,1165654.09778
BNBUSDT,1753281600000,2025-07-23 14:40:00,2025-07-23 23:40:00,786.66,788.39,786.26,786.47,2102.784,1655448.42555
BNBUSDT,1753281900000,2025-07-23 14:45:00,2025-07-23 23:45:00,786.47,787.03,784.68,784.99,1169.439,919059.80001
BNBUSDT,1753282200000,2025-07-23 14:50:00,2025-07-23 23:50:00,784.99,785.93,784.38,785.29,902.38,708493.89172
BNBUSDT,1753282500000,2025-07-23 14:55:00,2025-07-23 23:55:00,785.29,787.18,785.16,787.18,1087.33,854636.65964
BNBUSDT,1753282800000,2025-07-23 15:00:00,2025-07-24 00:00:00,787.18,788.91,785.52,785.52,2345.905,1847029.17321
BNBUSDT,1753283100000,2025-07-23 15:05:00,2025-07-24 00:05:00,785.52,786.21,783.09,783.71,2095.451,1643742.00995
BNBUSDT,1753283400000,2025-07-23 15:10:00,2025-07-24 00:10:00,783.7,783.78,779.74,780.57,5153.579,4023793.76056
BNBUSDT,1753283700000,2025-07-23 15:15:00,2025-07-24 00:15:00,780.57,782.82,779.72,782.64,1154.545,901977.06127
BNBUSDT,1753284000000,2025-07-23 15:20:00,2025-07-24 00:20:00,782.64,784.38,782.32,782.72,1898.14,1486702.83408
BNBUSDT,1753284300000,2025-07-23 15:25:00,2025-07-24 00:25:00,782.72,783.74,781.81,783.48,1248.076,976754.96321
BNBUSDT,1753284600000,2025-07-23 15:30:00,2025-07-24 00:30:00,783.49,785.52,783.01,785.2,945.898,742164.16924
BNBUSDT,1753284900000,2025-07-23 15:35:00,2025-07-24 00:35:00,785.2,788.01,784.86,787.56,1607.091,1263741.78178
BNBUSDT,1753285200000,2025-07-23 15:40:00,2025-07-24 00:40:00,787.57,789.24,787,789.1,1126.235,887517.52418
BNBUSDT,1753285500000,2025-07-23 15:45:00,2025-07-24 00:45:00,789.1,789.11,787.05,787.2,1264.207,995866.8569
BNBUSDT,1753285800000,2025-07-23 15:50:00,2025-07-24 00:50:00,787.2,787.2,782.19,784.34,3300.427,2587045.12869
BNBUSDT,1753286100000,2025-07-23 15:55:00,2025-07-24 00:55:00,784.35,785.99,783.47,784.43,2104.442,1651207.16388
BNBUSDT,1753286400000,2025-07-23 16:00:00,2025-07-24 01:00:00,784.43,784.43,781.01,781.38,3473.093,2716597.4968
BNBUSDT,1753286700000,2025-07-23 16:05:00,2025-07-24 01:05:00,781.37,784.56,780.32,782.45,2161.07,1691045.39772
BNBUSDT,1753287000000,2025-07-23 16:10:00,2025-07-24 01:10:00,782.44,782.63,778.35,779.24,4656.713,3629831.71405
BNBUSDT,1753287300000,2025-07-23 16:15:00,2025-07-24 01:15:00,779.24,781.23,778.07,778.28,2132.445,1662839.13005
BNBUSDT,1753287600000,2025-07-23 16:20:00,2025-07-24 01:20:00,778.29,778.55,772.69,774.4,4564.678,3537751.56877
BNBUSDT,1753287900000,2025-07-23 16:25:00,2025-07-24 01:25:00,774.4,777.88,774.3,777.27,2477.714,1923059.0659
BNBUSDT,1753288200000,2025-07-23 16:30:00,2025-07-24 01:30:00,777.26,777.27,766.38,769.01,12152.874,9370342.26931
BNBUSDT,1753288500000,2025-07-23 16:35:00,2025-07-24 01:35:00,769.01,770.99,766.93,769.04,3250.014,2499695.47105
BNBUSDT,1753288800000,2025-07-23 16:40:00,2025-07-24 01:40:00,769.04,771,768.3,770.46,2130.663,1639563.23998
BNBUSDT,1753289100000,2025-07-23 16:45:00,2025-07-24 01:45:00,770.46,770.46,767.13,769.15,2682.65,2061684.96766
BNBUSDT,1753289400000,2025-07-23 16:50:00,2025-07-24 01:50:00,769.14,770.43,768.22,768.85,1399.489,1076312.35669
BNBUSDT,1753289700000,2025-07-23 16:55:00,2025-07-24 01:55:00,768.83,769.18,765.58,765.77,1949.571,1495126.70561
BNBUSDT,1753290000000,2025-07-23 17:00:00,2025-07-24 02:00:00,765.77,768.27,764.97,767.2,2774.05,2125794.62412
BNBUSDT,1753290300000,2025-07-23 17:05:00,2025-07-24 02:05:00,767.2,767.32,762.67,763.7,3398.17,2598642.97151
BNBUSDT,1753290600000,2025-07-23 17:10:00,2025-07-24 02:10:00,763.71,764.97,763.48,764.36,2356.268,1800784.81859
BNBUSDT,1753290900000,2025-07-23 17:15:00,2025-07-24 02:15:00,764.35,765.46,761,761.46,4138.889,3155958.10457
BNBUSDT,1753291200000,2025-07-23 17:20:00,2025-07-24 02:20:00,761.45,768.38,761.06,767.6,3852.279,2946399.88889
BNBUSDT,1753291500000,2025-07-23 17:25:00,2025-07-24 02:25:00,767.6,768.56,764.12,764.51,3149.334,2413259.82217
BNBUSDT,1753291800000,2025-07-23 17:30:00,2025-07-24 02:30:00,764.5,769.38,763.21,768.61,2270.765,1739988.9729
BNBUSDT,1753292100000,2025-07-23 17:35:00,2025-07-24 02:35:00,768.64,769.03,766.71,768.56,1843.025,1415086.81084
BNBUSDT,1753292400000,2025-07-23 17:40:00,2025-07-24 02:40:00,768.57,769.77,768.07,769.03,1736.613,1335078.99991
BNBUSDT,1753292700000,2025-07-23 17:45:00,2025-07-24 02:45:00,769.04,770.18,768,769.86,3567.698,2744910.9912
BNBUSDT,1753293000000,2025-07-23 17:50:00,2025-07-24 02:50:00,769.86,770.53,767.54,769.16,1514.015,1164353.08053
BNBUSDT,1753293300000,2025-07-23 17:55:00,2025-07-24 02:55:00,769.16,771.2,769.16,770.86,1216.429,937265.60716
BNBUSDT,1753293600000,2025-07-23 18:00:00,2025-07-24 03:00:00,770.88,772.07,770.29,771.81,1401.715,1080941.89279
BNBUSDT,1753293900000,2025-07-23 18:05:00,2025-07-24 03:05:00,771.82,772.43,770.77,772.38,1240.181,956855.82414
BNBUSDT,1753294200000,2025-07-23 18:10:00,2025-07-24 03:10:00,772.39,772.6,768.75,769.9,1595.841,1229297.55483
BNBUSDT,1753294500000,2025-07-23 18:15:00,2025-07-24 03:15:00,769.9,771.51,769.53,771.05,1177.04,907095.24403
BNBUSDT,1753294800000,2025-07-23 18:20:00,2025-07-24 03:20:00,771.05,773.58,770.9,773.58,1162.144,897524.67028
BNBUSDT,1753295100000,2025-07-23 18:25:00,2025-07-24 03:25:00,773.58,774.09,771.98,771.98,860.023,664838.59315
BNBUSDT,1753295400000,2025-07-23 18:30:00,2025-07-24 03:30:00,771.98,773.33,771.22,772.63,867.412,669987.12063
BNBUSDT,1753295700000,2025-07-23 18:35:00,2025-07-24 03:35:00,772.63,773.6,772.32,773.36,694.951,537134.24026
BNBUSDT,1753296000000,2025-07-23 18:40:00,2025-07-24 03:40:00,773.36,774,772.01,772.01,718.366,555496.69237
BNBUSDT,1753296300000,2025-07-23 18:45:00,2025-07-24 03:45:00,772,774.22,771.92,774.22,1079.095,834656.64865
BNBUSDT,1753296600000,2025-07-23 18:50:00,2025-07-24 03:50:00,774.22,774.94,772.7,774.94,1008.223,780241.50084
BNBUSDT,1753296900000,2025-07-23 18:55:00,2025-07-24 03:55:00,774.95,776.09,774.44,775.84,713.868,553505.80465
BNBUSDT,1753297200000,2025-07-23 19:00:00,2025-07-24 04:00:00,775.84,776.4,775.34,775.66,619.815,480923.58414
BNBUSDT,1753297500000,2025-07-23 19:05:00,2025-07-24 04:05:00,775.65,776.84,775.29,775.41,1024.292,794848.95964
BNBUSDT,1753297800000,2025-07-23 19:10:00,2025-07-24 04:10:00,775.4,776.98,773.61,774.1,1130.615,876288.32575
BNBUSDT,1753298100000,2025-07-23 19:15:00,2025-07-24 04:15:00,774.1,775.54,772.59,775.28,896.295,693688.85764
BNBUSDT,1753298400000,2025-07-23 19:20:00,2025-07-24 04:20:00,775.28,775.55,773.72,774.33,535.946,415154.16194
BNBUSDT,1753298700000,2025-07-23 19:25:00,2025-07-24 04:25:00,774.32,774.6,773.37,773.86,466.174,360805.41092
BNBUSDT,1753299000000,2025-07-23 19:30:00,2025-07-24 04:30:00,773.86,773.86,771.4,771.98,858.271,662799.71118
BNBUSDT,1753299300000,2025-07-23 19:35:00,2025-07-24 04:35:00,771.99,773.36,771.54,773.09,695.929,537489.97115
BNBUSDT,1753299600000,2025-07-23 19:40:00,2025-07-24 04:40:00,773.08,773.08,771.47,772.19,655.392,506095.33005
BNBUSDT,1753299900000,2025-07-23 19:45:00,2025-07-24 04:45:00,772.19,775.39,772.19,775.07,607.258,469926.27145
BNBUSDT,1753300200000,2025-07-23 19:50:00,2025-07-24 04:50:00,775.07,775.07,772.5,772.5,793.013,613557.48417
BNBUSDT,1753300500000,2025-07-23 19:55:00,2025-07-24 04:55:00,772.5,774.01,770.3,770.83,1118.997,864085.79491
BNBUSDT,1753300800000,2025-07-23 20:00:00,2025-07-24 05:00:00,770.82,773.4,770.5,771.72,1299.593,1003198.59814
BNBUSDT,1753301100000,2025-07-23 20:05:00,2025-07-24 05:05:00,771.71,771.96,769.19,769.72,854.795,658583.31532
BNBUSDT,1753301400000,2025-07-23 20:10:00,2025-07-24 05:10:00,769.73,770.95,768.9,770.1,1120.669,862586.92526
BNBUSDT,1753301700000,2025-07-23 20:15:00,2025-07-24 05:15:00,770.09,770.46,768.01,768.99,1187.928,913573.58205
BNBUSDT,1753302000000,2025-07-23 20:20:00,2025-07-24 05:20:00,768.99,770,767.89,769.09,1263.192,971446.10489
BNBUSDT,1753302300000,2025-07-23 20:25:00,2025-07-24 05:25:00,769.08,769.3,764.2,765.92,2604.997,1995300.30386
BNBUSDT,1753302600000,2025-07-23 20:30:00,2025-07-24 05:30:00,765.93,766.59,759.2,759.36,5359.618,4081400.88521
BNBUSDT,1753302900000,2025-07-23 20:35:00,2025-07-24 05:35:00,759.39,762.88,757.06,757.33,6200.916,4711757.84642
BNBUSDT,1753303200000,2025-07-23 20:40:00,2025-07-24 05:40:00,757.33,762.71,756.3,762.41,2736.302,2075894.90925
BNBUSDT,1753303500000,2025-07-23 20:45:00,2025-07-24 05:45:00,762.41,762.86,759.39,759.39,1575.333,1199586.15898
BNBUSDT,1753303800000,2025-07-23 20:50:00,2025-07-24 05:50:00,759.39,763.85,757.36,763.85,2069.666,1572344.18676
BNBUSDT,1753304100000,2025-07-23 20:55:00,2025-07-24 05:55:00,763.85,764.22,761.81,763,1298.791,991094.51289
BNBUSDT,1753304400000,2025-07-23 21:00:00,2025-07-24 06:00:00,763.02,766.18,762.99,765.74,2007.134,1535080.90963
BNBUSDT,1753304700000,2025-07-23 21:05:00,2025-07-24 06:05:00,765.74,766.47,764.32,766.2,932.66,713745.34116
BNBUSDT,1753305000000,2025-07-23 21:10:00,2025-07-24 06:10:00,766.24,766.49,763,765.55,1360.228,1040516.8381
BNBUSDT,1753305300000,2025-07-23 21:15:00,2025-07-24 06:15:00,765.55,765.9,758.31,758.44,2256.068,1718642.8597
BNBUSDT,1753305600000,2025-07-23 21:20:00,2025-07-24 06:20:00,758.45,760.34,755.05,755.4,2099.193,1590335.50745
BNBUSDT,1753305900000,2025-07-23 21:25:00,2025-07-24 06:25:00,755.4,757.68,752.47,757.68,3944.816,2975347.29821
BNBUSDT,1753306200000,2025-07-23 21:30:00,2025-07-24 06:30:00,757.68,761.66,757.68,761.62,2317.259,1760822.21441
BNBUSDT,1753306500000,2025-07-23 21:35:00,2025-07-24 06:35:00,761.63,763.5,755.24,763.13,2394.786,1818332.81842
BNBUSDT,1753306800000,2025-07-23 21:40:00,2025-07-24 06:40:00,763.13,765.67,762.65,764.7,1377.761,1053547.02738
BNBUSDT,1753307100000,2025-07-23 21:45:00,2025-07-24 06:45:00,764.7,769.04,764.7,768.39,1129.211,866849.39447
BNBUSDT,1753307400000,2025-07-23 21:50:00,2025-07-24 06:50:00,768.39,771,768.39,770.48,1245.176,958358.683
BNBUSDT,1753307700000,2025-07-23 21:55:00,2025-07-24 06:55:00,770.48,770.48,766.89,768.61,940.968,723237.34106
BNBUSDT,1753308000000,2025-07-23 22:00:00,2025-07-24 07:00:00,768.61,768.67,763.54,765.24,1983.051,1518036.09277
BNBUSDT,1753308300000,2025-07-23 22:05:00,2025-07-24 07:05:00,765.23,768.23,765,768.18,1569.195,1202851.54891
BNBUSDT,1753308600000,2025-07-23 22:10:00,2025-07-24 07:10:00,768.18,770.6,767.51,770.08,1326.135,1019794.94776
BNBUSDT,1753308900000,2025-07-23 22:15:00,2025-07-24 07:15:00,770.09,770.96,768.83,770.88,733.584,564808.78485
BNBUSDT,1753309200000,2025-07-23 22:20:00,2025-07-24 07:20:00,770.89,773.6,770.89,773.59,1639.936,1266953.28568
BNBUSDT,1753309500000,2025-07-23 22:25:00,2025-07-24 07:25:00,773.59,773.6,771.11,772.64,1140.045,880254.12376
BNBUSDT,1753309800000,2025-07-23 22:30:00,2025-07-24 07:30:00,772.64,773.19,771.42,773.04,804.756,621334.75725
BNBUSDT,1753310100000,2025-07-23 22:35:00,2025-07-24 07:35:00,773.06,773.29,772.52,773.2,287.162,221968.03632
BNBUSDT,1753310400000,2025-07-23 22:40:00,2025-07-24 07:40:00,773.2,773.49,772.9,773.34,488.2,377488.72069
BNBUSDT,1753310700000,2025-07-23 22:45:00,2025-07-24 07:45:00,773.35,774.05,773.3,773.84,465.505,360172.045
BNBUSDT,1753311000000,2025-07-23 22:50:00,2025-07-24 07:50:00,773.84,774.71,773.13,773.23,854.181,661018.73204
BNBUSDT,1753311300000,2025-07-23 22:55:00,2025-07-24 07:55:00,773.23,773.91,772.76,773.91,570.966,441484.45736
BNBUSDT,1753311600000,2025-07-23 23:00:00,2025-07-24 08:00:00,773.92,775.14,773.64,775.01,667.25,516784.72273
BNBUSDT,1753311900000,2025-07-23 23:05:00,2025-07-24 08:05:00,775,775.89,774.85,775.73,532.135,412605.95936
BNBUSDT,1753312200000,2025-07-23 23:10:00,2025-07-24 08:10:00,775.73,776.23,775.7,776.13,269.451,209103.88193
BNBUSDT,1753312500000,2025-07-23 23:15:00,2025-07-24 08:15:00,776.14,776.14,774.8,775.46,518.815,402213.04101
BNBUSDT,1753312800000,2025-07-23 23:20:00,2025-07-24 08:20:00,775.46,776.09,774.94,775.39,582.066,451437.06276
BNBUSDT,1753313100000,2025-07-23 23:25:00,2025-07-24 08:25:00,775.38,776.36,774.7,776.02,553.735,429473.97729
BNBUSDT,1753313400000,2025-07-23 23:30:00,2025-07-24 08:30:00,776.02,776.02,774.23,775.69,1542.687,1195960.12762
BNBUSDT,1753313700000,2025-07-23 23:35:00,2025-07-24 08:35:00,775.7,776.33,775.02,775.4,464.516,360347.22981
BNBUSDT,1753314000000,2025-07-23 23:40:00,2025-07-24 08:40:00,775.4,776.32,775.4,776.28,542.333,420783.43648
BNBUSDT,1753314300000,2025-07-23 23:45:00,2025-07-24 08:45:00,776.28,776.49,775.49,776.26,716.656,556221.34053
BNBUSDT,1753314600000,2025-07-23 23:50:00,2025-07-24 08:50:00,776.26,776.68,775.94,776.09,300.194,233052.504
BNBUSDT,1753314900000,2025-07-23 23:55:00,2025-07-24 08:55:00,776.1,777.24,775.86,776.74,797.546,619405.7811
BNBUSDT,1753315200000,2025-07-24 00:00:00,2025-07-24 09:00:00,776.74,776.74,773.13,773.41,1997.074,1547250.28188
BNBUSDT,1753315500000,2025-07-24 00:05:00,2025-07-24 09:05:00,773.4,774.33,772.68,773.92,1042.143,806188.33223
BNBUSDT,1753315800000,2025-07-24 00:10:00,2025-07-24 09:10:00,773.91,775.53,773.9,774.95,921.49,714069.54009
BNBUSDT,1753316100000,2025-07-24 00:15:00,2025-07-24 09:15:00,774.95,777.66,773.7,777.66,1246.145,966830.30795
BNBUSDT,1753316400000,2025-07-24 00:20:00,2025-07-24 09:20:00,777.66,778.7,777.66,778.19,1269.374,987924.19801
BNBUSDT,1753316700000,2025-07-24 00:25:00,2025-07-24 09:25:00,778.19,779.35,777.6,779.3,572.946,446079.28167
BNBUSDT,1753317000000,2025-07-24 00:30:00,2025-07-24 09:30:00,779.29,779.63,777.86,779.62,851.98,663553.87356
BNBUSDT,1753317300000,2025-07-24 00:35:00,2025-07-24 09:35:00,779.63,781.9,779.31,781.9,1589.9,1240669.97128
BNBUSDT,1753317600000,2025-07-24 00:40:00,2025-07-24 09:40:00,781.89,782.76,781.49,782.75,1025.919,802400.72255
BNBUSDT,1753317900000,2025-07-24 00:45:00,2025-07-24 09:45:00,782.75,783.05,781.4,782.88,752.094,588341.68583
BNBUSDT,1753318200000,2025-07-24 00:50:00,2025-07-24 09:50:00,782.88,784.21,782.2,784.2,1490.318,1167201.46947
BNBUSDT,1753318500000,2025-07-24 00:55:00,2025-07-24 09:55:00,784.2,784.54,783.62,784.15,742.145,581928.33497
BNBUSDT,1753318800000,2025-07-24 01:00:00,2025-07-24 10:00:00,784.15,784.16,782.28,783,1946.157,1524346.04465
BNBUSDT,1753319100000,2025-07-24 01:05:00,2025-07-24 10:05:00,782.99,784.07,782.12,782.12,1289.996,1010338.35642
BNBUSDT,1753319400000,2025-07-24 01:10:00,2025-07-24 10:10:00,782.12,783.25,781.86,782.8,1006.181,787478.09554
BNBUSDT,1753319700000,2025-07-24 01:15:00,2025-07-24 10:15:00,782.81,784.1,781.95,783.98,717.824,561902.76944
BNBUSDT,1753320000000,2025-07-24 01:20:00,2025-07-24 10:20:00,783.98,784.17,781.69,782.51,1075.209,841798.73335
BNBUSDT,1753320300000,2025-07-24 01:25:00,2025-07-24 10:25:00,782.5,783.62,782.14,782.78,793.524,621290.30812
BNBUSDT,1753320600000,2025-07-24 01:30:00,2025-07-24 10:30:00,782.79,783.44,781.97,782.62,744.491,582709.34798
BNBUSDT,1753320900000,2025-07-24 01:35:00,2025-07-24 10:35:00,782.63,784.04,781.37,783.56,907.329,710304.11845
BNBUSDT,1753321200000,2025-07-24 01:40:00,2025-07-24 10:40:00,783.57,783.57,782.12,782.8,755.017,591029.72616
BNBUSDT,1753321500000,2025-07-24 01:45:00,2025-07-24 10:45:00,782.8,783.52,782.58,783.15,356.852,279450.89775
BNBUSDT,1753321800000,2025-07-24 01:50:00,2025-07-24 10:50:00,783.15,784.16,783.1,784.01,311.025,243815.05755
BNBUSDT,1753322100000,2025-07-24 01:55:00,2025-07-24 10:55:00,784.01,784.09,783.23,783.98,466.087,365296.58968
BNBUSDT,1753322400000,2025-07-24 02:00:00,2025-07-24 11:00:00,783.98,784.04,782.85,783.5,1049.472,822375.86901
BNBUSDT,1753322700000,2025-07-24 02:05:00,2025-07-24 11:05:00,783.5,783.51,781.8,781.87,675.014,528224.78508
BNBUSDT,1753323000000,2025-07-24 02:10:00,2025-07-24 11:10:00,781.88,782.67,781.37,782.66,544.739,425920.98101
BNBUSDT,1753323300000,2025-07-24 02:15:00,2025-07-24 11:15:00,782.67,782.74,780.85,780.99,492.94,385319.1339
BNBUSDT,1753323600000,2025-07-24 02:20:00,2025-07-24 11:20:00,780.98,781.29,780.5,781.13,439.702,343319.95312
BNBUSDT,1753323900000,2025-07-24 02:25:00,2025-07-24 11:25:00,781.13,781.69,780.6,781.23,703.216,549309.11103
BNBUSDT,1753324200000,2025-07-24 02:30:00,2025-07-24 11:30:00,781.24,782.13,781.21,781.92,377.402,295010.5242
BNBUSDT,1753324500000,2025-07-24 02:35:00,2025-07-24 11:35:00,781.92,783.31,781.72,782.39,443.475,347038.33009
BNBUSDT,1753324800000,2025-07-24 02:40:00,2025-07-24 11:40:00,782.4,782.94,782.31,782.91,290.31,227218.35549
BNBUSDT,1753325100000,2025-07-24 02:45:00,2025-07-24 11:45:00,782.9,786.16,782.85,784.21,1723.414,1352459.18825
BNBUSDT,1753325400000,2025-07-24 02:50:00,2025-07-24 11:50:00,784.21,784.8,783.73,783.77,749.267,587586.70604
BNBUSDT,1753325700000,2025-07-24 02:55:00,2025-07-24 11:55:00,783.77,783.85,782,782.51,1922.007,1503944.93989
BNBUSDT,1753326000000,2025-07-24 03:00:00,2025-07-24 12:00:00,782.52,782.54,780.86,782.36,863.403,674888.29477
BNBUSDT,1753326300000,2025-07-24 03:05:00,2025-07-24 12:05:00,782.36,782.36,780.79,781.4,428.463,334855.12629
BNBUSDT,1753326600000,2025-07-24 03:10:00,2025-07-24 12:10:00,781.4,782.28,781.21,781.97,517.251,404346.80808
BNBUSDT,1753326900000,2025-07-24 03:15:00,2025-07-24 12:15:00,781.97,782.12,781.21,781.63,421.961,329823.13678
BNBUSDT,1753327200000,2025-07-24 03:20:00,2025-07-24 12:20:00,781.64,782.81,781.6,782.73,495.478,387676.46497
BNBUSDT,1753327500000,2025-07-24 03:25:00,2025-07-24 12:25:00,782.72,784.08,782.72,783.67,952.842,746512.01526
BNBUSDT,1753327800000,2025-07-24 03:30:00,2025-07-24 12:30:00,783.67,783.68,781.86,782.03,720.28,563595.02232
BNBUSDT,1753328100000,2025-07-24 03:35:00,2025-07-24 12:35:00,782.04,782.44,781.27,782.39,682.226,533257.71612
BNBUSDT,1753328400000,2025-07-24 03:40:00,2025-07-24 12:40:00,782.39,783.38,782.39,782.47,443.343,347114.71336
BNBUSDT,1753328700000,2025-07-24 03:45:00,2025-07-24 12:45:00,782.47,782.68,780.68,780.74,940.46,734995.5324
BNBUSDT,1753329000000,2025-07-24 03:50:00,2025-07-24 12:50:00,780.73,781.11,780.05,780.2,917.527,716181.64142
BNBUSDT,1753329300000,2025-07-24 03:55:00,2025-07-24 12:55:00,780.2,780.34,778.72,779.44,2277.972,1775936.00635
BNBUSDT,1753329600000,2025-07-24 04:00:00,2025-07-24 13:00:00,779.44,780.1,776.57,778.71,1893.48,1473107.61841
BNBUSDT,1753329900000,2025-07-24 04:05:00,2025-07-24 13:05:00,778.71,778.9,777.11,777.11,638.469,496745.76469
BNBUSDT,1753330200000,2025-07-24 04:10:00,2025-07-24 13:10:00,777.12,778.99,776.14,778.99,938.731,729667.43796
BNBUSDT,1753330500000,2025-07-24 04:15:00,2025-07-24 13:15:00,778.99,778.99,776.72,777.09,720.544,560168.48999
BNBUSDT,1753330800000,2025-07-24 04:20:00,2025-07-24 13:20:00,777.1,777.43,775.2,775.2,676.133,524786.04858
BNBUSDT,1753331100000,2025-07-24 04:25:00,2025-07-24 13:25:00,775.2,775.93,774,774.56,874.693,677805.41341
BNBUSDT,1753331400000,2025-07-24 04:30:00,2025-07-24 13:30:00,774.56,775,773.36,773.42,916.069,708987.50808
BNBUSDT,1753331700000,2025-07-24 04:35:00,2025-07-24 13:35:00,773.43,773.54,770.91,771.93,1929.336,1490107.25974
BNBUSDT,1753332000000,2025-07-24 04:40:00,2025-07-24 13:40:00,771.93,772.2,768.18,768.61,2251.511,1733763.45609
BNBUSDT,1753332300000,2025-07-24 04:45:00,2025-07-24 13:45:00,768.6,769.99,768,769.05,1248.804,960371.9381
BNBUSDT,1753332600000,2025-07-24 04:50:00,2025-07-24 13:50:00,769.05,769.06,766.64,766.82,1253.773,962614.45495
BNBUSDT,1753332900000,2025-07-24 04:55:00,2025-07-24 13:55:00,766.81,768.88,766.26,767.39,899.715,690583.02181
BNBUSDT,1753333200000,2025-07-24 05:00:00,2025-07-24 14:00:00,767.38,767.71,765.55,766.7,1320.479,1012563.59763
BNBUSDT,1753333500000,2025-07-24 05:05:00,2025-07-24 14:05:00,766.71,766.78,763.25,763.79,2436.913,1862891.23899
BNBUSDT,1753333800000,2025-07-24 05:10:00,2025-07-24 14:10:00,763.8,764.77,762.42,762.42,1493.519,1140103.00791
BNBUSDT,1753334100000,2025-07-24 05:15:00,2025-07-24 14:15:00,762.41,766,762,763.55,1695.651,1295638.86074
BNBUSDT,1753334400000,2025-07-24 05:20:00,2025-07-24 14:20:00,763.56,764.31,760.63,761.02,2365.328,1803962.6731
BNBUSDT,1753334700000,2025-07-24 05:25:00,2025-07-24 14:25:00,761.01,762.73,760.02,761.3,1580.018,1202859.86556
BNBUSDT,1753335000000,2025-07-24 05:30:00,2025-07-24 14:30:00,761.31,763,760.7,761.96,1150.838,876754.88813
BNBUSDT,1753335300000,2025-07-24 05:35:00,2025-07-24 14:35:00,761.98,763.91,761.76,762.71,1273.021,971125.33839
BNBUSDT,1753335600000,2025-07-24 05:40:00,2025-07-24 14:40:00,762.71,766.01,762.6,764.56,3745.342,2865062.27636
BNBUSDT,1753335900000,2025-07-24 05:45:00,2025-07-24 14:45:00,764.57,764.61,759.01,760.03,2778.513,2116244.87368
BNBUSDT,1753336200000,2025-07-24 05:50:00,2025-07-24 14:50:00,760.02,760.2,755.44,756.34,3730.968,2826639.40179
BNBUSDT,1753336500000,2025-07-24 05:55:00,2025-07-24 14:55:00,756.34,756.35,751.5,751.58,7421.729,5594236.66374
BNBUSDT,1753336800000,2025-07-24 06:00:00,2025-07-24 15:00:00,751.6,754.31,751.5,753.53,3094.405,2330057.04324
BNBUSDT,1753337100000,2025-07-24 06:05:00,2025-07-24 15:05:00,753.54,755.25,753.44,753.92,1299.404,980351.60598
BNBUSDT,1753337400000,2025-07-24 06:10:00,2025-07-24 15:10:00,753.92,755.6,752.47,754.95,3439.665,2592684.92618
BNBUSDT,1753337700000,2025-07-24 06:15:00,2025-07-24 15:15:00,754.95,755.6,751,752.52,4031.674,3032553.73005
BNBUSDT,1753338000000,2025-07-24 06:20:00,2025-07-24 15:20:00,752.52,756.5,751,755.79,3126.685,2355238.40387
BNBUSDT,1753338300000,2025-07-24 06:25:00,2025-07-24 15:25:00,755.78,757.43,755.44,756.41,1369.021,1035497.75718
BNBUSDT,1753338600000,2025-07-24 06:30:00,2025-07-24 15:30:00,756.41,756.92,754.12,755.02,1586.857,1198681.72484
BNBUSDT,1753338900000,2025-07-24 06:35:00,2025-07-24 15:35:00,754.9,755.2,750.47,750.63,2836.932,2133827.40183
BNBUSDT,1753339200000,2025-07-24 06:40:00,2025-07-24 15:40:00,750.62,750.91,745.91,746.59,13185.643,9868297.38644
BNBUSDT,1753339500000,2025-07-24 06:45:00,2025-07-24 15:45:00,746.6,748.99,745.74,747.4,2859.595,2136801.03042
BNBUSDT,1753339800000,2025-07-24 06:50:00,2025-07-24 15:50:00,747.39,749.05,743.73,746.86,4695.109,3504726.83051
BNBUSDT,1753340100000,2025-07-24 06:55:00,2025-07-24 15:55:00,746.86,750.78,746.49,749.47,2782.654,2084629.00582
BNBUSDT,1753340400000,2025-07-24 07:00:00,2025-07-24 16:00:00,749.47,750.25,744.52,744.95,4388.16,3277091.16085
BNBUSDT,1753340700000,2025-07-24 07:05:00,2025-07-24 16:05:00,744.95,751.37,742.62,749.88,4912.358,3669870.10719
BNBUSDT,1753341000000,2025-07-24 07:10:00,2025-07-24 16:10:00,749.88,752.38,749.05,750.39,7911.46,5939005.89324
BNBUSDT,1753341300000,2025-07-24 07:15:00,2025-07-24 16:15:00,750.4,752.97,749.99,752.97,5151.068,3868988.23699
BNBUSDT,1753341600000,2025-07-24 07:20:00,2025-07-24 16:20:00,752.96,753.66,751.34,753.17,2373.382,1786296.01914
BNBUSDT,1753341900000,2025-07-24 07:25:00,2025-07-24 16:25:00,753.17,756.24,753.07,755.84,1746.467,1317864.91284
BNBUSDT,1753342200000,2025-07-24 07:30:00,2025-07-24 16:30:00,755.84,755.84,752.86,753.95,1169.097,881654.33781
BNBUSDT,1753342500000,2025-07-24 07:35:00,2025-07-24 16:35:00,753.95,755.46,752.75,755.02,617.797,465913.45036
BNBUSDT,1753342800000,2025-07-24 07:40:00,2025-07-24 16:40:00,755.02,757.62,754.18,756.93,902.915,682359.82757
BNBUSDT,1753343100000,2025-07-24 07:45:00,2025-07-24 16:45:00,756.93,757,754.04,754.15,963.281,727879.58734
BNBUSDT,1753343400000,2025-07-24 07:50:00,2025-07-24 16:50:00,754.17,757,754.17,756.49,894.302,676270.78604
BNBUSDT,1753343700000,2025-07-24 07:55:00,2025-07-24 16:55:00,756.49,759.2,756.49,759.09,703.955,533749.68631
BNBUSDT,1753344000000,2025-07-24 08:00:00,2025-07-24 17:00:00,759.09,759.09,756.35,757.71,1900,1439097.06601
BNBUSDT,1753344300000,2025-07-24 08:05:00,2025-07-24 17:05:00,757.71,762.08,757.7,762.08,1289.455,980981.7562
BNBUSDT,1753344600000,2025-07-24 08:10:00,2025-07-24 17:10:00,762.08,764.43,761.6,763.83,1580.128,1206162.95889
BNBUSDT,1753344900000,2025-07-24 08:15:00,2025-07-24 17:15:00,763.82,763.82,761.94,762.22,1167.223,890078.63271
BNBUSDT,1753345200000,2025-07-24 08:20:00,2025-07-24 17:20:00,762.22,762.31,760.53,761.63,666.649,507600.22745
BNBUSDT,1753345500000,2025-07-24 08:25:00,2025-07-24 17:25:00,761.63,762.37,761.48,761.61,558.194,425297.85945
BNBUSDT,1753345800000,2025-07-24 08:30:00,2025-07-24 17:30:00,761.61,763.67,761.61,762.91,639.351,487780.81003
BNBUSDT,1753346100000,2025-07-24 08:35:00,2025-07-24 17:35:00,762.92,764,762.9,763.38,679.154,518494.63706
BNBUSDT,1753346400000,2025-07-24 08:40:00,2025-07-24 17:40:00,763.39,764.1,762.35,763.55,702,535796.59455
BNBUSDT,1753346700000,2025-07-24 08:45:00,2025-07-24 17:45:00,763.55,765.84,763.43,765.66,810.968,620303.15216
BNBUSDT,1753347000000,2025-07-24 08:50:00,2025-07-24 17:50:00,765.67,766.51,764.79,766.02,860.14,658615.50987
BNBUSDT,1753347300000,2025-07-24 08:55:00,2025-07-24 17:55:00,766.02,767.34,766.02,766.33,1743.308,1336583.89339
BNBUSDT,1753347600000,2025-07-24 09:00:00,2025-07-24 18:00:00,766.33,767.76,766.32,767.74,724.379,555565.66987
BNBUSDT,1753347900000,2025-07-24 09:05:00,2025-07-24 18:05:00,767.75,767.81,767.17,767.56,577.373,443146.90532
BNBUSDT,1753348200000,2025-07-24 09:10:00,2025-07-24 18:10:00,767.56,767.7,766.1,766.62,1392.585,1068067.70699
BNBUSDT,1753348500000,2025-07-24 09:15:00,2025-07-24 18:15:00,766.63,767.24,764.25,764.79,1194.284,914477.46812
BNBUSDT,1753348800000,2025-07-24 09:20:00,2025-07-24 18:20:00,764.79,766.87,764.54,764.99,1040.11,796341.15355
BNBUSDT,1753349100000,2025-07-24 09:25:00,2025-07-24 18:25:00,765,766.43,764.71,765.97,600.669,459935.02276
BNBUSDT,1753349400000,2025-07-24 09:30:00,2025-07-24 18:30:00,765.98,767.25,765.86,766.2,961.587,737103.03879
BNBUSDT,1753349700000,2025-07-24 09:35:00,2025-07-24 18:35:00,766.21,766.36,765.17,765.73,821.194,628923.48224
BNBUSDT,1753350000000,2025-07-24 09:40:00,2025-07-24 18:40:00,765.73,767.69,765.72,767.69,907.053,695340.93498
BNBUSDT,1753350300000,2025-07-24 09:45:00,2025-07-24 18:45:00,767.69,767.79,763,763.25,1612.704,1235044.5493
BNBUSDT,1753350600000,2025-07-24 09:50:00,2025-07-24 18:50:00,763.25,765.39,763.2,764.13,937.068,716204.4558
BNBUSDT,1753350900000,2025-07-24 09:55:00,2025-07-24 18:55:00,764.14,766.17,763.82,765.83,634.242,485259.36546
BNBUSDT,1753351200000,2025-07-24 10:00:00,2025-07-24 19:00:00,765.84,768.1,764.68,768.07,1501.764,1151412.60377
BNBUSDT,1753351500000,2025-07-24 10:05:00,2025-07-24 19:05:00,768.07,768.56,764.4,764.72,1138.746,873111.38465
BNBUSDT,1753351800000,2025-07-24 10:10:00,2025-07-24 19:10:00,764.73,764.78,763.45,763.7,659.002,503445.66366
BNBUSDT,1753352100000,2025-07-24 10:15:00,2025-07-24 19:15:00,763.7,764.4,761.59,761.59,969.476,739235.17285
BNBUSDT,1753352400000,2025-07-24 10:20:00,2025-07-24 19:20:00,761.58,761.78,759.39,759.72,1450.082,1102573.39444
BNBUSDT,1753352700000,2025-07-24 10:25:00,2025-07-24 19:25:00,759.71,760.59,758,758.01,1043.085,792308.89869
BNBUSDT,1753353000000,2025-07-24 10:30:00,2025-07-24 19:30:00,758,758.84,756.23,756.38,1160.05,878273.94322
BNBUSDT,1753353300000,2025-07-24 10:35:00,2025-07-24 19:35:00,756.38,758.84,755.54,758.03,1239.976,938657.28156
BNBUSDT,1753353600000,2025-07-24 10:40:00,2025-07-24 19:40:00,758.03,759.99,758.03,759.06,856.554,649979.08396
BNBUSDT,1753353900000,2025-07-24 10:45:00,2025-07-24 19:45:00,759.07,761.31,757.72,760.26,1359.919,1033357.84117
BNBUSDT,1753354200000,2025-07-24 10:50:00,2025-07-24 19:50:00,760.26,762.03,759.99,760.71,976.922,743579.11545
BNBUSDT,1753354500000,2025-07-24 10:55:00,2025-07-24 19:55:00,760.71,763.13,760.7,762.98,1455.494,1109211.55622
BNBUSDT,1753354800000,2025-07-24 11:00:00,2025-07-24 20:00:00,762.97,764.35,762.63,763.1,780.906,596185.66459
BNBUSDT,1753355100000,2025-07-24 11:05:00,2025-07-24 20:05:00,763.11,764.47,762.65,764.01,1008.286,769879.48023
BNBUSDT,1753355400000,2025-07-24 11:10:00,2025-07-24 20:10:00,764.01,766.79,763.94,766.73,930.101,712041.90872
BNBUSDT,1753355700000,2025-07-24 11:15:00,2025-07-24 20:15:00,766.71,767.64,765.86,766.96,1142.058,875798.89341
BNBUSDT,1753356000000,2025-07-24 11:20:00,2025-07-24 20:20:00,766.97,768.87,765.86,768.71,1362.01,1045162.15393
BNBUSDT,1753356300000,2025-07-24 11:25:00,2025-07-24 20:25:00,768.71,768.79,767.55,768.36,1102.475,846838.50196
BNBUSDT,1753356600000,2025-07-24 11:30:00,2025-07-24 20:30:00,768.37,769.86,767.6,769.86,1293.877,994536.5731
BNBUSDT,1753356900000,2025-07-24 11:35:00,2025-07-24 20:35:00,769.86,769.92,769.26,769.69,833.892,641822.7963
BNBUSDT,1753357200000,2025-07-24 11:40:00,2025-07-24 20:40:00,769.7,771,769.53,770.58,1177.902,907242.28336
BNBUSDT,1753357500000,2025-07-24 11:45:00,2025-07-24 20:45:00,770.58,770.73,769.06,769.95,1063.806,819141.6117
BNBUSDT,1753357800000,2025-07-24 11:50:00,2025-07-24 20:50:00,769.94,772.31,769.54,770.96,2212.485,1706419.04046
BNBUSDT,1753358100000,2025-07-24 11:55:00,2025-07-24 20:55:00,770.96,771.6,770.2,770.21,669.207,515814.79972
BNBUSDT,1753358400000,2025-07-24 12:00:00,2025-07-24 21:00:00,770.2,772.01,769.64,770.12,1336.688,1030356.66015
BNBUSDT,1753358700000,2025-07-24 12:05:00,2025-07-24 21:05:00,770.12,770.12,768.06,768.34,1253.608,963600.24682
BNBUSDT,1753359000000,2025-07-24 12:10:00,2025-07-24 21:10:00,768.34,768.64,766.43,768.45,872.209,669484.94785
BNBUSDT,1753359300000,2025-07-24 12:15:00,2025-07-24 21:15:00,768.45,768.77,765.47,766.09,1429.086,1095533.35762
BNBUSDT,1753359600000,2025-07-24 12:20:00,2025-07-24 21:20:00,766.08,768.3,765.92,767.81,1368.847,1050263.70269
BNBUSDT,1753359900000,2025-07-24 12:25:00,2025-07-24 21:25:00,767.82,769.39,767.82,769.05,1157.116,889483.89253
BNBUSDT,1753360200000,2025-07-24 12:30:00,2025-07-24 21:30:00,769.09,769.09,766.35,766.77,946.618,726608.5883
BNBUSDT,1753360500000,2025-07-24 12:35:00,2025-07-24 21:35:00,766.78,767.16,764.76,764.98,962.581,737281.13814
BNBUSDT,1753360800000,2025-07-24 12:40:00,2025-07-24 21:40:00,764.98,767.05,764.22,765.73,1054.612,807650.2548
BNBUSDT,1753361100000,2025-07-24 12:45:00,2025-07-24 21:45:00,765.74,768,765.52,767.24,1096.654,840775.08975
BNBUSDT,1753361400000,2025-07-24 12:50:00,2025-07-24 21:50:00,767.24,768.26,766.67,767.16,1285.059,986261.586
BNBUSDT,1753361700000,2025-07-24 12:55:00,2025-07-24 21:55:00,767.15,769.99,767,768.94,698.704,537099.1429
BNBUSDT,1753362000000,2025-07-24 13:00:00,2025-07-24 22:00:00,768.95,769.5,767.64,769.17,1302.581,1000928.79175
BNBUSDT,1753362300000,2025-07-24 13:05:00,2025-07-24 22:05:00,769.18,770.32,768,769.26,1036.686,797427.42727
BNBUSDT,1753362600000,2025-07-24 13:10:00,2025-07-24 22:10:00,769.26,770.13,768.11,769.39,926.638,712873.65568
BNBUSDT,1753362900000,2025-07-24 13:15:00,2025-07-24 22:15:00,769.39,770.1,768.46,769.26,1124.492,864842.48243
BNBUSDT,1753363200000,2025-07-24 13:20:00,2025-07-24 22:20:00,769.26,769.57,768.3,768.83,714.745,549577.44368
BNBUSDT,1753363500000,2025-07-24 13:25:00,2025-07-24 22:25:00,768.8,769.63,768.03,769.06,894.967,688198.61549
BNBUSDT,1753363800000,2025-07-24 13:30:00,2025-07-24 22:30:00,769.07,770.11,766.64,769.97,1932.327,1484664.13518
BNBUSDT,1753364100000,2025-07-24 13:35:00,2025-07-24 22:35:00,769.96,771.12,768.08,768.49,1773.203,1364722.60626
BNBUSDT,1753364400000,2025-07-24 13:40:00,2025-07-24 22:40:00,768.49,770.75,767.5,769.07,2101.701,1617643.4339
BNBUSDT,1753364700000,2025-07-24 13:45:00,2025-07-24 22:45:00,769.07,770.56,768.57,769.22,1177.373,905868.14319
BNBUSDT,1753365000000,2025-07-24 13:50:00,2025-07-24 22:50:00,769.23,769.41,766.2,766.21,1204.024,924923.42247
BNBUSDT,1753365300000,2025-07-24 13:55:00,2025-07-24 22:55:00,766.21,767.16,764.3,764.99,1040.495,796826.2669
BNBUSDT,1753365600000,2025-07-24 14:00:00,2025-07-24 23:00:00,764.99,767.96,763.7,767.51,1511.146,1157310.80293
BNBUSDT,1753365900000,2025-07-24 14:05:00,2025-07-24 23:05:00,767.51,768.41,763.8,763.8,1609.269,1234393.98422
BNBUSDT,1753366200000,2025-07-24 14:10:00,2025-07-24 23:10:00,763.79,764.96,760.72,762.79,2055.051,1567173.64265
BNBUSDT,1753366500000,2025-07-24 14:15:00,2025-07-24 23:15:00,762.79,764.65,761.71,764.4,1552.078,1184581.48743
BNBUSDT,1753366800000,2025-07-24 14:20:00,2025-07-24 23:20:00,764.4,765.25,762.63,764.38,1079.449,824722.77787
BNBUSDT,1753367100000,2025-07-24 14:25:00,2025-07-24 23:25:00,764.37,767.46,764.24,767.34,1659.4,1271303.47431
BNBUSDT,1753367400000,2025-07-24 14:30:00,2025-07-24 23:30:00,767.35,771.21,766.43,771.21,2370.033,1822059.10943
BNBUSDT,1753367700000,2025-07-24 14:35:00,2025-07-24 23:35:00,771.21,774.09,771.08,773.94,3023.873,2336968.72625
BNBUSDT,1753368000000,2025-07-24 14:40:00,2025-07-24 23:40:00,773.94,774.25,771.78,772.93,1968.38,1521422.45486
BNBUSDT,1753368300000,2025-07-24 14:45:00,2025-07-24 23:45:00,772.93,774.71,772.88,774.71,886.749,686097.28357
BNBUSDT,1753368600000,2025-07-24 14:50:00,2025-07-24 23:50:00,774.71,776.48,774.71,776.2,2015.738,1563023.88232
BNBUSDT,1753368900000,2025-07-24 14:55:00,2025-07-24 23:55:00,776.2,776.68,775.75,776.4,1659.714,1288434.49923
BNBUSDT,1753369200000,2025-07-24 15:00:00,2025-07-25 00:00:00,776.41,779.54,775.89,778.62,4353.344,3385193.30992
BNBUSDT,1753369500000,2025-07-24 15:05:00,2025-07-25 00:05:00,778.62,781.05,778.37,780.47,3072.175,2395940.8761
BNBUSDT,1753369800000,2025-07-24 15:10:00,2025-07-25 00:10:00,780.46,780.82,778.69,780.6,1823.425,1422143.33355
BNBUSDT,1753370100000,2025-07-24 15:15:00,2025-07-25 00:15:00,780.6,780.64,778.23,778.71,1427.711,1112407.80489
BNBUSDT,1753370400000,2025-07-24 15:20:00,2025-07-25 00:20:00,778.71,779.1,775.56,776.41,2763.836,2146833.55711
BNBUSDT,1753370700000,2025-07-24 15:25:00,2025-07-25 00:25:00,776.42,779.2,776.33,778.24,1945.716,1513950.18487
BNBUSDT,1753371000000,2025-07-24 15:30:00,2025-07-25 00:30:00,778.24,778.35,772.86,774.53,2145.149,1663091.25632
BNBUSDT,1753371300000,2025-07-24 15:35:00,2025-07-25 00:35:00,774.54,776.97,774.18,776.97,2372.511,1839537.72046
BNBUSDT,1753371600000,2025-07-24 15:40:00,2025-07-25 00:40:00,776.9,779.62,776.9,777.82,1437.314,1118668.85249
BNBUSDT,1753371900000,2025-07-24 15:45:00,2025-07-25 00:45:00,777.81,779.16,776.9,779.15,1230.435,957311.38526
BNBUSDT,1753372200000,2025-07-24 15:50:00,2025-07-25 00:50:00,779.15,779.25,777.74,778.19,770.573,599905.98868
BNBUSDT,1753372500000,2025-07-24 15:55:00,2025-07-25 00:55:00,778.19,778.49,776.02,778.21,963.541,749006.9444
BNBUSDT,1753372800000,2025-07-24 16:00:00,2025-07-25 01:00:00,778.21,778.81,777.84,778.46,1153.578,897879.31367
BNBUSDT,1753373100000,2025-07-24 16:05:00,2025-07-25 01:05:00,778.46,778.66,776.97,778.13,1380.047,1073292.32844
BNBUSDT,1753373400000,2025-07-24 16:10:00,2025-07-25 01:10:00,778.13,778.19,775.38,775.9,1279.774,994187.39112
BNBUSDT,1753373700000,2025-07-24 16:15:00,2025-07-25 01:15:00,775.89,776.32,772.3,775.35,1574.058,1219255.63051
BNBUSDT,1753374000000,2025-07-24 16:20:00,2025-07-25 01:20:00,775.35,776.57,773.48,774.07,1050.339,813833.48315
BNBUSDT,1753374300000,2025-07-24 16:25:00,2025-07-25 01:25:00,774.07,774.3,771.69,771.82,1176.244,908953.5115
BNBUSDT,1753374600000,2025-07-24 16:30:00,2025-07-25 01:30:00,771.82,773.99,770.82,771.24,2200.438,1699247.61734
BNBUSDT,1753374900000,2025-07-24 16:35:00,2025-07-25 01:35:00,771.25,772.76,769.78,772.6,1515.018,1167707.75823
BNBUSDT,1753375200000,2025-07-24 16:40:00,2025-07-25 01:40:00,772.59,773.74,771.31,771.42,1196.456,924349.92355
BNBUSDT,1753375500000,2025-07-24 16:45:00,2025-07-25 01:45:00,771.42,774.3,770.03,773.91,1030.628,796063.72967
BNBUSDT,1753375800000,2025-07-24 16:50:00,2025-07-25 01:50:00,773.9,775.77,773.87,774.71,1110.193,860352.34356
BNBUSDT,1753376100000,2025-07-24 16:55:00,2025-07-25 01:55:00,774.7,774.93,773.22,774.57,1820.323,1409660.21223
BNBUSDT,1753376400000,2025-07-24 17:00:00,2025-07-25 02:00:00,774.57,778.82,774.13,778.82,1664.602,1292930.91056
BNBUSDT,1753376700000,2025-07-24 17:05:00,2025-07-25 02:05:00,778.81,779.8,778.46,779.61,1280.55,997810.5188
BNBUSDT,1753377000000,2025-07-24 17:10:00,2025-07-25 02:10:00,779.62,781.15,779.53,780.61,1752.29,1367566.02225
BNBUSDT,1753377300000,2025-07-24 17:15:00,2025-07-25 02:15:00,780.61,784,780.6,783.09,3618.758,2832265.08428
BNBUSDT,1753377600000,2025-07-24 17:20:00,2025-07-25 02:20:00,783.09,785.79,781.94,785.62,2620.409,2054800.56589
BNBUSDT,1753377900000,2025-07-24 17:25:00,2025-07-25 02:25:00,785.62,785.62,783.6,783.65,1223.581,960080.44909
BNBUSDT,1753378200000,2025-07-24 17:30:00,2025-07-25 02:30:00,783.66,784.7,783.65,784.45,694.511,544707.25677
BNBUSDT,1753378500000,2025-07-24 17:35:00,2025-07-25 02:35:00,784.46,784.46,782.86,783.38,672.34,526834.08117
BNBUSDT,1753378800000,2025-07-24 17:40:00,2025-07-25 02:40:00,783.39,783.43,782.82,782.92,403.045,315628.41144
BNBUSDT,1753379100000,2025-07-24 17:45:00,2025-07-25 02:45:00,782.92,783.4,782.6,783.13,550.49,431003.40655
BNBUSDT,1753379400000,2025-07-24 17:50:00,2025-07-25 02:50:00,783.13,783.3,782.48,783.3,498.18,390023.76792
BNBUSDT,1753379700000,2025-07-24 17:55:00,2025-07-25 02:55:00,783.3,783.53,781.18,781.5,760.95,595144.13374
BNBUSDT,1753380000000,2025-07-24 18:00:00,2025-07-25 03:00:00,781.49,781.65,780.03,781.1,992.33,774917.28606
BNBUSDT,1753380300000,2025-07-24 18:05:00,2025-07-25 03:05:00,781.1,784.5,781.09,784.5,860.09,673324.3856
BNBUSDT,1753380600000,2025-07-24 18:10:00,2025-07-25 03:10:00,784.5,785.6,783.8,784.58,1239.363,972648.9169
BNBUSDT,1753380900000,2025-07-24 18:15:00,2025-07-25 03:15:00,784.59,784.74,783.46,783.46,802.433,629398.4112
BNBUSDT,1753381200000,2025-07-24 18:20:00,2025-07-25 03:20:00,783.46,784.66,783.03,783.31,575.21,450811.67951
BNBUSDT,1753381500000,2025-07-24 18:25:00,2025-07-25 03:25:00,783.3,784.17,783.2,784.16,272.427,213483.04491
BNBUSDT,1753381800000,2025-07-24 18:30:00,2025-07-25 03:30:00,784.17,784.56,782.3,782.61,680.662,533204.69465
BNBUSDT,1753382100000,2025-07-24 18:35:00,2025-07-25 03:35:00,782.61,782.61,781.41,782.27,615.917,481580.66726
BNBUSDT,1753382400000,2025-07-24 18:40:00,2025-07-25 03:40:00,782.27,782.78,780.83,781.28,456.063,356513.2836
BNBUSDT,1753382700000,2025-07-24 18:45:00,2025-07-25 03:45:00,781.28,782.55,781.09,782.25,628.848,491600.32271
BNBUSDT,1753383000000,2025-07-24 18:50:00,2025-07-25 03:50:00,782.26,782.27,781.49,782.04,363.127,283896.58033
BNBUSDT,1753383300000,2025-07-24 18:55:00,2025-07-25 03:55:00,782.05,782.18,781.15,781.49,362.488,283304.17217
BNBUSDT,1753383600000,2025-07-24 19:00:00,2025-07-25 04:00:00,781.49,782.76,781.35,782.76,650.789,508952.77525
BNBUSDT,1753383900000,2025-07-24 19:05:00,2025-07-25 04:05:00,782.76,783,782.32,782.32,278.167,217714.91156
BNBUSDT,1753384200000,2025-07-24 19:10:00,2025-07-25 04:10:00,782.32,782.89,781.8,782.77,513.288,401522.53932
BNBUSDT,1753384500000,2025-07-24 19:15:00,2025-07-25 04:15:00,782.77,783.3,781.94,783.22,385.267,301496.23363
BNBUSDT,1753384800000,2025-07-24 19:20:00,2025-07-25 04:20:00,783.23,783.23,781.13,781.16,554.263,433603.78221
BNBUSDT,1753385100000,2025-07-24 19:25:00,2025-07-25 04:25:00,781.17,781.34,780,780.48,634.233,494959.60047
BNBUSDT,1753385400000,2025-07-24 19:30:00,2025-07-25 04:30:00,780.48,780.95,779.78,780.62,786.468,613600.64947
BNBUSDT,1753385700000,2025-07-24 19:35:00,2025-07-25 04:35:00,780.63,780.63,779.21,779.92,542.597,423153.43054
BNBUSDT,1753386000000,2025-07-24 19:40:00,2025-07-25 04:40:00,779.92,780.27,779.17,779.96,574.747,448127.24044
BNBUSDT,1753386300000,2025-07-24 19:45:00,2025-07-25 04:45:00,779.95,780.94,779.05,780.59,1323.754,1032137.90568
BNBUSDT,1753386600000,2025-07-24 19:50:00,2025-07-25 04:50:00,780.6,781.4,780.24,780.29,836.242,653020.5135
BNBUSDT,1753386900000,2025-07-24 19:55:00,2025-07-25 04:55:00,780.28,780.48,778.91,778.95,398.354,310594.53854
BNBUSDT,1753387200000,2025-07-24 20:00:00,2025-07-25 05:00:00,778.95,779.48,778.5,779.14,438.009,341224.93683
BNBUSDT,1753387500000,2025-07-24 20:05:00,2025-07-25 05:05:00,779.11,780.12,778.78,778.91,761.889,593905.46111
BNBUSDT,1753387800000,2025-07-24 20:10:00,2025-07-25 05:10:00,778.92,779.89,778.92,779.56,181.773,141682.37608
BNBUSDT,1753388100000,2025-07-24 20:15:00,2025-07-25 05:15:00,779.56,779.69,779.1,779.1,160.553,125137.0093
BNBUSDT,1753388400000,2025-07-24 20:20:00,2025-07-25 05:20:00,779.1,779.1,777.01,777.71,884.958,688289.15009
BNBUSDT,1753388700000,2025-07-24 20:25:00,2025-07-25 05:25:00,777.71,779.06,777.4,779.05,455.47,354491.09075
BNBUSDT,1753389000000,2025-07-24 20:30:00,2025-07-25 05:30:00,779.06,779.06,778.3,778.89,186.014,144845.16449
BNBUSDT,1753389300000,2025-07-24 20:35:00,2025-07-25 05:35:00,778.9,779.61,778.89,779.2,288.278,224662.62775
BNBUSDT,1753389600000,2025-07-24 20:40:00,2025-07-25 05:40:00,779.2,779.45,778.53,779.07,319.626,249004.17456
BNBUSDT,1753389900000,2025-07-24 20:45:00,2025-07-25 05:45:00,779.07,780.05,779.06,779.74,513.64,400523.60199
BNBUSDT,1753390200000,2025-07-24 20:50:00,2025-07-25 05:50:00,779.75,781.26,779.73,780.88,618.052,482415.5242
BNBUSDT,1753390500000,2025-07-24 20:55:00,2025-07-25 05:55:00,780.87,781.26,780.73,780.81,284.095,221877.22565
BNBUSDT,1753390800000,2025-07-24 21:00:00,2025-07-25 06:00:00,780.81,781.55,780.43,780.43,449.956,351359.35956
BNBUSDT,1753391100000,2025-07-24 21:05:00,2025-07-25 06:05:00,780.42,780.42,779.24,779.69,356.449,277975.31507
BNBUSDT,1753391400000,2025-07-24 21:10:00,2025-07-25 06:10:00,779.69,779.76,778.24,778.98,511.303,398278.21621
BNBUSDT,1753391700000,2025-07-24 21:15:00,2025-07-25 06:15:00,778.99,779.17,777.88,777.88,318.672,248051.25723
BNBUSDT,1753392000000,2025-07-24 21:20:00,2025-07-25 06:20:00,777.88,778.03,777.26,777.92,324.822,252609.02567
BNBUSDT,1753392300000,2025-07-24 21:25:00,2025-07-25 06:25:00,777.92,779.28,777.27,777.28,406.385,316270.25809
BNBUSDT,1753392600000,2025-07-24 21:30:00,2025-07-25 06:30:00,777.28,777.28,775.48,775.79,438.642,340473.91756
BNBUSDT,1753392900000,2025-07-24 21:35:00,2025-07-25 06:35:00,775.8,776.74,775.6,776.65,402.04,311998.9181
BNBUSDT,1753393200000,2025-07-24 21:40:00,2025-07-25 06:40:00,776.65,778.21,776.65,778.21,446.674,347275.24914
BNBUSDT,1753393500000,2025-07-24 21:45:00,2025-07-25 06:45:00,778.21,778.44,777.83,777.83,106.361,82760.32125
BNBUSDT,1753393800000,2025-07-24 21:50:00,2025-07-25 06:50:00,777.82,777.86,777.6,777.64,103.376,80398.02087
BNBUSDT,1753394100000,2025-07-24 21:55:00,2025-07-25 06:55:00,777.64,777.9,776.68,776.68,239.174,185882.3119
BNBUSDT,1753394400000,2025-07-24 22:00:00,2025-07-25 07:00:00,776.67,777.47,775.6,777,742.637,576668.02092
BNBUSDT,1753394700000,2025-07-24 22:05:00,2025-07-25 07:05:00,777,777.01,775.07,775.08,561.13,435439.55761
BNBUSDT,1753395000000,2025-07-24 22:10:00,2025-07-25 07:10:00,775.08,776.22,774.33,774.49,598.041,463468.85636
BNBUSDT,1753395300000,2025-07-24 22:15:00,2025-07-25 07:15:00,774.49,775.87,774.16,775.85,708.76,549260.41221
BNBUSDT,1753395600000,2025-07-24 22:20:00,2025-07-25 07:20:00,775.86,776.58,775.01,775.93,452.89,351384.41222
BNBUSDT,1753395900000,2025-07-24 22:25:00,2025-07-25 07:25:00,775.94,776.64,775.13,776.62,414.101,321247.32886
BNBUSDT,1753396200000,2025-07-24 22:30:00,2025-07-25 07:30:00,776.62,776.62,775.61,776.49,262.036,203396.12313
BNBUSDT,1753396500000,2025-07-24 22:35:00,2025-07-25 07:35:00,776.48,777.97,776.3,777.58,351.182,272946.93391
BNBUSDT,1753396800000,2025-07-24 22:40:00,2025-07-25 07:40:00,777.58,779.9,777.22,779.61,560.715,436534.13096
BNBUSDT,1753397100000,2025-07-24 22:45:00,2025-07-25 07:45:00,779.61,779.61,777.92,777.96,429.38,334374.75455
BNBUSDT,1753397400000,2025-07-24 22:50:00,2025-07-25 07:50:00,777.97,778.68,777.2,778.4,729.588,567616.09919
BNBUSDT,1753397700000,2025-07-24 22:55:00,2025-07-25 07:55:00,778.4,779.55,777.71,777.71,475.602,370342.61786
BNBUSDT,1753398000000,2025-07-24 23:00:00,2025-07-25 08:00:00,777.7,777.7,773.48,773.93,1008.05,781229.36352
BNBUSDT,1753398300000,2025-07-24 23:05:00,2025-07-25 08:05:00,773.93,775.35,772.83,773.55,901.039,697204.53532
BNBUSDT,1753398600000,2025-07-24 23:10:00,2025-07-25 08:10:00,773.56,775.22,773.07,773.14,1163.237,900581.57996
BNBUSDT,1753398900000,2025-07-24 23:15:00,2025-07-25 08:15:00,773.15,774.55,772.34,773.28,796.697,616093.69476
BNBUSDT,1753399200000,2025-07-24 23:20:00,2025-07-25 08:20:00,773.28,773.77,772.34,773.09,575.636,444965.70143
BNBUSDT,1753399500000,2025-07-24 23:25:00,2025-07-25 08:25:00,773.1,773.17,770.62,771.86,1176.264,907520.44463
BNBUSDT,1753399800000,2025-07-24 23:30:00,2025-07-25 08:30:00,771.87,772.06,770,770.01,745.008,574384.36883
BNBUSDT,1753400100000,2025-07-24 23:35:00,2025-07-25 08:35:00,770.01,772.59,769.72,771.12,881.741,680025.13492
BNBUSDT,1753400400000,2025-07-24 23:40:00,2025-07-25 08:40:00,771.13,772.58,770.3,770.7,1140.742,880186.62622
BNBUSDT,1753400700000,2025-07-24 23:45:00,2025-07-25 08:45:00,770.7,772.13,769.9,770.29,669.813,516299.30831
BNBUSDT,1753401000000,2025-07-24 23:50:00,2025-07-25 08:50:00,770.29,771.97,769.91,771.77,615.341,474380.15754
BNBUSDT,1753401300000,2025-07-24 23:55:00,2025-07-25 08:55:00,771.77,771.77,769.69,770.74,732.603,564449.45614
BNBUSDT,1753401600000,2025-07-25 00:00:00,2025-07-25 09:00:00,770.74,771.38,768.33,768.36,1175.415,905000.90646
BNBUSDT,1753401900000,2025-07-25 00:05:00,2025-07-25 09:05:00,768.35,769.9,767.96,769.14,1526.842,1173395.13743
BNBUSDT,1753402200000,2025-07-25 00:10:00,2025-07-25 09:10:00,769.14,769.43,767.9,768.76,913.487,702128.73754
BNBUSDT,1753402500000,2025-07-25 00:15:00,2025-07-25 09:15:00,768.76,770.1,767.46,768.27,1028.071,790062.45943
BNBUSDT,1753402800000,2025-07-25 00:20:00,2025-07-25 09:20:00,768.26,770.19,767.79,769.65,634.428,488052.06193
BNBUSDT,1753403100000,2025-07-25 00:25:00,2025-07-25 09:25:00,769.66,770,768.75,769.73,538.153,413998.15973
BNBUSDT,1753403400000,2025-07-25 00:30:00,2025-07-25 09:30:00,769.74,769.89,766.55,766.55,944.756,725704.84618
BNBUSDT,1753403700000,2025-07-25 00:35:00,2025-07-25 09:35:00,766.54,766.66,765,766.3,1548.274,1185548.01437
BNBUSDT,1753404000000,2025-07-25 00:40:00,2025-07-25 09:40:00,766.31,769.29,765.45,769.29,1111.296,852368.57653
BNBUSDT,1753404300000,2025-07-25 00:45:00,2025-07-25 09:45:00,769.29,770.82,767.72,767.87,1079.202,830329.55035
BNBUSDT,1753404600000,2025-07-25 00:50:00,2025-07-25 09:50:00,767.87,768.72,767.4,768.04,767.155,589192.36025
BNBUSDT,1753404900000,2025-07-25 00:55:00,2025-07-25 09:55:00,768.04,768.23,766.71,766.87,465.807,357450.29546
BNBUSDT,1753405200000,2025-07-25 01:00:00,2025-07-25 10:00:00,766.88,768.26,766.33,766.94,763.25,585543.61738
BNBUSDT,1753405500000,2025-07-25 01:05:00,2025-07-25 10:05:00,766.94,769.74,766.07,766.37,1508.276,1158000.87028
BNBUSDT,1753405800000,2025-07-25 01:10:00,2025-07-25 10:10:00,766.38,766.7,765.34,765.88,871.202,667395.11843
BNBUSDT,1753406100000,2025-07-25 01:15:00,2025-07-25 10:15:00,765.87,767.17,765.64,766.38,890.082,682117.52037
BNBUSDT,1753406400000,2025-07-25 01:20:00,2025-07-25 10:20:00,766.39,767.34,762.18,762.46,1924.811,1471937.98499
BNBUSDT,1753406700000,2025-07-25 01:25:00,2025-07-25 10:25:00,762.44,765.3,761.98,765.26,1066.912,814246.62893
BNBUSDT,1753407000000,2025-07-25 01:30:00,2025-07-25 10:30:00,765.26,765.26,762,765.1,2399.303,1831976.3442
BNBUSDT,1753407300000,2025-07-25 01:35:00,2025-07-25 10:35:00,765.1,767.39,764.99,765.97,1042.881,799118.42453
BNBUSDT,1753407600000,2025-07-25 01:40:00,2025-07-25 10:40:00,765.96,767.89,765.5,767.6,886.083,679396.26864
BNBUSDT,1753407900000,2025-07-25 01:45:00,2025-07-25 10:45:00,767.59,768.4,765.7,765.7,1042.807,800325.73628
BNBUSDT,1753408200000,2025-07-25 01:50:00,2025-07-25 10:50:00,765.7,768.22,765.66,767.21,1110.296,851482.05802
BNBUSDT,1753408500000,2025-07-25 01:55:00,2025-07-25 10:55:00,767.21,770.4,767.21,769.13,1004.833,773140.42376
BNBUSDT,1753408800000,2025-07-25 02:00:00,2025-07-25 11:00:00,769.13,769.5,767.5,768.84,616.105,473541.88701
BNBUSDT,1753409100000,2025-07-25 02:05:00,2025-07-25 11:05:00,768.84,770.78,768.6,770.52,1218.427,937973.03647
BNBUSDT,1753409400000,2025-07-25 02:10:00,2025-07-25 11:10:00,770.52,771.1,769.77,770.35,521.264,401579.54099
BNBUSDT,1753409700000,2025-07-25 02:15:00,2025-07-25 11:15:00,770.36,770.5,767.18,767.5,835.863,642349.48717
BNBUSDT,1753410000000,2025-07-25 02:20:00,2025-07-25 11:20:00,767.5,768.69,766.3,768.17,879.037,674636.73933
BNBUSDT,1753410300000,2025-07-25 02:25:00,2025-07-25 11:25:00,768.17,768.94,767.72,768.04,443.612,340830.11533
BNBUSDT,1753410600000,2025-07-25 02:30:00,2025-07-25 11:30:00,768.04,768.19,764.7,764.71,686.293,526323.62035
BNBUSDT,1753410900000,2025-07-25 02:35:00,2025-07-25 11:35:00,764.71,764.71,761.1,761.25,1180.65,900182.83586
BNBUSDT,1753411200000,2025-07-25 02:40:00,2025-07-25 11:40:00,761.25,762.14,760,761.35,1481.613,1127493.73677
BNBUSDT,1753411500000,2025-07-25 02:45:00,2025-07-25 11:45:00,761.36,762.68,758.66,761.8,2271.074,1727241.9514
BNBUSDT,1753411800000,2025-07-25 02:50:00,2025-07-25 11:50:00,761.8,761.81,759.7,761.78,1037.904,789748.05748
BNBUSDT,1753412100000,2025-07-25 02:55:00,2025-07-25 11:55:00,761.8,761.8,758.54,758.54,949.718,721952.58268
BNBUSDT,1753412400000,2025-07-25 03:00:00,2025-07-25 12:00:00,758.54,760.22,757.64,757.95,1795.671,1363076.0313
BNBUSDT,1753412700000,2025-07-25 03:05:00,2025-07-25 12:05:00,757.96,763.53,757.06,763.2,2088.686,1588893.67314
BNBUSDT,1753413000000,2025-07-25 03:10:00,2025-07-25 12:10:00,763.2,763.4,760.97,761.81,1308.386,997514.551
BNBUSDT,1753413300000,2025-07-25 03:15:00,2025-07-25 12:15:00,761.8,761.96,759.13,760.49,1888.407,1435722.39592
BNBUSDT,1753413600000,2025-07-25 03:20:00,2025-07-25 12:20:00,760.49,763.48,760.49,761.74,1071.804,816873.24978
BNBUSDT,1753413900000,2025-07-25 03:25:00,2025-07-25 12:25:00,761.74,762.79,759.7,759.83,780.941,594620.93624
BNBUSDT,1753414200000,2025-07-25 03:30:00,2025-07-25 12:30:00,759.83,759.83,753.12,754.71,4123.136,3114712.24534
BNBUSDT,1753414500000,2025-07-25 03:35:00,2025-07-25 12:35:00,754.71,755.4,753.49,754.32,2199.666,1659814.25112
BNBUSDT,1753414800000,2025-07-25 03:40:00,2025-07-25 12:40:00,754.34,756.75,754.34,755.29,1477.578,1115927.57505
BNBUSDT,1753415100000,2025-07-25 03:45:00,2025-07-25 12:45:00,755.3,757.22,753.52,757.22,1781.119,1346249.33724
BNBUSDT,1753415400000,2025-07-25 03:50:00,2025-07-25 12:50:00,757.22,757.3,755.34,756.69,1798.813,1360202.53651
BNBUSDT,1753415700000,2025-07-25 03:55:00,2025-07-25 12:55:00,756.68,757.63,755.78,756.81,891.393,674526.40344
BNBUSDT,1753416000000,2025-07-25 04:00:00,2025-07-25 13:00:00,756.8,758.66,755.6,757.45,917.971,695330.67812
BNBUSDT,1753416300000,2025-07-25 04:05:00,2025-07-25 13:05:00,757.46,757.98,755.34,755.34,1068.427,808682.07793
BNBUSDT,1753416600000,2025-07-25 04:10:00,2025-07-25 13:10:00,755.34,758.78,753.96,754.13,1275.293,964023.81856
BNBUSDT,1753416900000,2025-07-25 04:15:00,2025-07-25 13:15:00,754.11,755.8,752.22,753.32,1598.925,1205280.20448
BNBUSDT,1753417200000,2025-07-25 04:20:00,2025-07-25 13:20:00,753.33,754.8,752.28,754.25,940.496,708513.42833
BNBUSDT,1753417500000,2025-07-25 04:25:00,2025-07-25 13:25:00,754.27,756.76,753.25,756.14,955.637,721428.62852
BNBUSDT,1753417800000,2025-07-25 04:30:00,2025-07-25 13:30:00,756.14,760.93,755.97,760.79,1826.308,1386544.82072
BNBUSDT,1753418100000,2025-07-25 04:35:00,2025-07-25 13:35:00,760.8,763.75,760.21,762.83,3057.355,2330758.58127
BNBUSDT,1753418400000,2025-07-25 04:40:00,2025-07-25 13:40:00,762.84,763.33,760.4,761.34,839.188,639487.06634
BNBUSDT,1753418700000,2025-07-25 04:45:00,2025-07-25 13:45:00,761.35,764.44,761.35,764.36,2518.005,1920870.79887
BNBUSDT,1753419000000,2025-07-25 04:50:00,2025-07-25 13:50:00,764.39,764.49,763.34,764.42,1635.878,1249703.11401
BNBUSDT,1753419300000,2025-07-25 04:55:00,2025-07-25 13:55:00,764.42,765.29,763.8,764.88,930.36,711495.64693
BNBUSDT,1753419600000,2025-07-25 05:00:00,2025-07-25 14:00:00,764.88,764.88,762.01,764.27,1615.875,1234010.44027
BNBUSDT,1753419900000,2025-07-25 05:05:00,2025-07-25 14:05:00,764.27,764.27,760.62,760.97,790.784,603228.32132
BNBUSDT,1753420200000,2025-07-25 05:10:00,2025-07-25 14:10:00,760.96,762.3,759.92,760.26,1351.963,1028962.72142
BNBUSDT,1753420500000,2025-07-25 05:15:00,2025-07-25 14:15:00,760.26,763.63,760.04,763.58,778.083,593091.41345
BNBUSDT,1753420800000,2025-07-25 05:20:00,2025-07-25 14:20:00,763.55,763.77,762.65,762.91,727.019,554881.47377
BNBUSDT,1753421100000,2025-07-25 05:25:00,2025-07-25 14:25:00,762.9,763.3,762.27,762.84,549.396,419097.93301
BNBUSDT,1753421400000,2025-07-25 05:30:00,2025-07-25 14:30:00,762.84,762.84,761.41,761.46,584.474,445395.323
BNBUSDT,1753421700000,2025-07-25 05:35:00,2025-07-25 14:35:00,761.47,762.52,761,761.36,693.517,528284.64499
BNBUSDT,1753422000000,2025-07-25 05:40:00,2025-07-25 14:40:00,761.32,761.73,760.83,761.36,390.507,297252.55396
BNBUSDT,1753422300000,2025-07-25 05:45:00,2025-07-25 14:45:00,761.35,761.9,759.37,759.85,514.174,391077.95551
BNBUSDT,1753422600000,2025-07-25 05:50:00,2025-07-25 14:50:00,759.85,761,759.7,759.99,305.7,232402.01167
BNBUSDT,1753422900000,2025-07-25 05:55:00,2025-07-25 14:55:00,760,761.37,759.81,760.36,483.371,367676.27971
BNBUSDT,1753423200000,2025-07-25 06:00:00,2025-07-25 15:00:00,760.36,760.5,758.07,758.07,749.871,569246.659
BNBUSDT,1753423500000,2025-07-25 06:05:00,2025-07-25 15:05:00,758.07,758.37,756.41,756.59,622.546,471462.07417
BNBUSDT,1753423800000,2025-07-25 06:10:00,2025-07-25 15:10:00,756.59,759.24,756.23,758.9,601.127,455404.13615
BNBUSDT,1753424100000,2025-07-25 06:15:00,2025-07-25 15:15:00,758.91,759.93,757.32,759.93,406.708,308445.27546
BNBUSDT,1753424400000,2025-07-25 06:20:00,2025-07-25 15:20:00,759.93,760.2,758.4,758.4,561.321,426227.88351
BNBUSDT,1753424700000,2025-07-25 06:25:00,2025-07-25 15:25:00,758.41,759.28,756.11,757.67,1000.955,758222.03709
BNBUSDT,1753425000000,2025-07-25 06:30:00,2025-07-25 15:30:00,757.67,759.01,756.39,759.01,648.352,491005.31007
BNBUSDT,1753425300000,2025-07-25 06:35:00,2025-07-25 15:35:00,759.01,760.93,758.8,760.44,667.231,507114.14571
BNBUSDT,1753425600000,2025-07-25 06:40:00,2025-07-25 15:40:00,760.44,763.11,760.35,762.81,1576.994,1202001.62015
BNBUSDT,1753425900000,2025-07-25 06:45:00,2025-07-25 15:45:00,762.8,763.63,762.04,763.3,761.607,581023.60862
BNBUSDT,1753426200000,2025-07-25 06:50:00,2025-07-25 15:50:00,763.31,763.42,761.69,761.77,555.345,423408.13944
BNBUSDT,1753426500000,2025-07-25 06:55:00,2025-07-25 15:55:00,761.77,762.55,761.45,761.81,985.525,750977.92267
BNBUSDT,1753426800000,2025-07-25 07:00:00,2025-07-25 16:00:00,761.81,761.81,759.59,759.94,1635.581,1243531.39796
BNBUSDT,1753427100000,2025-07-25 07:05:00,2025-07-25 16:05:00,759.94,761.28,759.81,760.85,540.872,411270.99252
BNBUSDT,1753427400000,2025-07-25 07:10:00,2025-07-25 16:10:00,760.85,763.67,759.75,762.8,1537.091,1170892.2628
BNBUSDT,1753427700000,2025-07-25 07:15:00,2025-07-25 16:15:00,762.8,766.65,762.71,765.37,3567.515,2730564.38369
BNBUSDT,1753428000000,2025-07-25 07:20:00,2025-07-25 16:20:00,765.38,765.72,762.49,764.25,1254.429,958239.812
BNBUSDT,1753428300000,2025-07-25 07:25:00,2025-07-25 16:25:00,764.25,764.49,762.64,762.64,624.49,476931.67061
BNBUSDT,1753428600000,2025-07-25 07:30:00,2025-07-25 16:30:00,762.6,763.26,759.8,759.8,1217.049,927285.25623
BNBUSDT,1753428900000,2025-07-25 07:35:00,2025-07-25 16:35:00,759.81,759.82,758.37,759.52,1323.097,1004365.83728
BNBUSDT,1753429200000,2025-07-25 07:40:00,2025-07-25 16:40:00,759.52,759.81,758.56,758.75,804.769,610840.50918
BNBUSDT,1753429500000,2025-07-25 07:45:00,2025-07-25 16:45:00,758.74,760.56,758.6,760.25,2405.198,1826980.215
BNBUSDT,1753429800000,2025-07-25 07:50:00,2025-07-25 16:50:00,760.26,760.42,757.36,757.65,3996.663,3034777.16468
BNBUSDT,1753430100000,2025-07-25 07:55:00,2025-07-25 16:55:00,757.65,762.22,757.37,761.4,2434.798,1850712.64398
BNBUSDT,1753430400000,2025-07-25 08:00:00,2025-07-25 17:00:00,761.4,763.81,761.22,762.67,1119.784,854084.67723
BNBUSDT,1753430700000,2025-07-25 08:05:00,2025-07-25 17:05:00,762.67,764.61,762.6,763.07,1206.31,921302.49233
BNBUSDT,1753431000000,2025-07-25 08:10:00,2025-07-25 17:10:00,763.07,764.55,761.68,764.49,976.479,745107.04341
BNBUSDT,1753431300000,2025-07-25 08:15:00,2025-07-25 17:15:00,764.5,766.04,763.73,766.03,1157.996,885810.56715
BNBUSDT,1753431600000,2025-07-25 08:20:00,2025-07-25 17:20:00,766.03,767.72,765.85,766.76,1347.935,1033800.39376
BNBUSDT,1753431900000,2025-07-25 08:25:00,2025-07-25 17:25:00,766.76,767.2,766.1,766.31,701.421,537753.31852
BNBUSDT,1753432200000,2025-07-25 08:30:00,2025-07-25 17:30:00,766.31,766.34,764.6,764.99,762.724,583846.12717
BNBUSDT,1753432500000,2025-07-25 08:35:00,2025-07-25 17:35:00,764.99,765.26,763.04,764.37,756.433,577816.28525
BNBUSDT,1753432800000,2025-07-25 08:40:00,2025-07-25 17:40:00,764.36,764.4,762.5,763.18,595.187,454234.04426
BNBUSDT,1753433100000,2025-07-25 08:45:00,2025-07-25 17:45:00,763.18,766.11,762.22,765.45,1242.425,949504.12796
BNBUSDT,1753433400000,2025-07-25 08:50:00,2025-07-25 17:50:00,765.46,765.88,764.22,765.11,564.761,432082.57269
BNBUSDT,1753433700000,2025-07-25 08:55:00,2025-07-25 17:55:00,765.11,765.17,764.1,764.99,478.901,366222.54386
BNBUSDT,1753434000000,2025-07-25 09:00:00,2025-07-25 18:00:00,765,765,763.48,763.7,668.408,510800.23404
BNBUSDT,1753434300000,2025-07-25 09:05:00,2025-07-25 18:05:00,763.71,765.5,763.6,763.75,859.129,656680.42109
BNBUSDT,1753434600000,2025-07-25 09:10:00,2025-07-25 18:10:00,763.76,764.99,762.62,764.89,956.378,730311.77603
BNBUSDT,1753434900000,2025-07-25 09:15:00,2025-07-25 18:15:00,764.89,766.65,763.44,766.64,876.688,670559.03652
BNBUSDT,1753435200000,2025-07-25 09:20:00,2025-07-25 18:20:00,766.65,768.11,766.51,767.99,1233.918,946782.38107
BNBUSDT,1753435500000,2025-07-25 09:25:00,2025-07-25 18:25:00,767.98,768.92,767.03,768.92,991.752,761513.61819
BNBUSDT,1753435800000,2025-07-25 09:30:00,2025-07-25 18:30:00,768.92,771.11,768.75,770.55,1803.067,1388491.44112
BNBUSDT,1753436100000,2025-07-25 09:35:00,2025-07-25 18:35:00,770.57,772.44,770.17,770.38,3200.061,2467712.26089
BNBUSDT,1753436400000,2025-07-25 09:40:00,2025-07-25 18:40:00,770.39,770.85,768.27,768.27,960.872,739564.19626
BNBUSDT,1753436700000,2025-07-25 09:45:00,2025-07-25 18:45:00,768.27,769.4,767.57,767.57,1079.425,829321.96425
BNBUSDT,1753437000000,2025-07-25 09:50:00,2025-07-25 18:50:00,767.56,769.66,767.5,769.56,1245.126,957102.24802
BNBUSDT,1753437300000,2025-07-25 09:55:00,2025-07-25 18:55:00,769.56,771.29,769.36,771.29,1317.992,1015503.78244
BNBUSDT,1753437600000,2025-07-25 10:00:00,2025-07-25 19:00:00,771.3,773.25,771.12,772.06,1900.65,1468019.5395
BNBUSDT,1753437900000,2025-07-25 10:05:00,2025-07-25 19:05:00,772.06,772.17,770.17,770.29,1259.298,971069.94777
BNBUSDT,1753438200000,2025-07-25 10:10:00,2025-07-25 19:10:00,770.29,770.48,769.37,770.25,1019.099,784642.67035
BNBUSDT,1753438500000,2025-07-25 10:15:00,2025-07-25 19:15:00,770.25,770.25,768.96,769.68,784.922,604009.28878
BNBUSDT,1753438800000,2025-07-25 10:20:00,2025-07-25 19:20:00,769.69,770,768.66,768.72,599.346,461188.38501
BNBUSDT,1753439100000,2025-07-25 10:25:00,2025-07-25 19:25:00,768.72,768.72,766.92,766.99,1403.745,1077756.58918
BNBUSDT,1753439400000,2025-07-25 10:30:00,2025-07-25 19:30:00,767,768.44,767,768.44,394.687,303056.5435
BNBUSDT,1753439700000,2025-07-25 10:35:00,2025-07-25 19:35:00,768.44,769.21,768.1,768.11,422.996,325156.6884
BNBUSDT,1753440000000,2025-07-25 10:40:00,2025-07-25 19:40:00,768.11,768.91,767.95,768.9,373.562,287075.32469
BNBUSDT,1753440300000,2025-07-25 10:45:00,2025-07-25 19:45:00,768.91,769.47,767.86,768.66,693.881,533211.66033
BNBUSDT,1753440600000,2025-07-25 10:50:00,2025-07-25 19:50:00,768.66,769.68,768.57,769.4,370.691,285126.42093
BNBUSDT,1753440900000,2025-07-25 10:55:00,2025-07-25 19:55:00,769.39,769.56,768.83,769.44,238.748,183655.05592
BNBUSDT,1753441200000,2025-07-25 11:00:00,2025-07-25 20:00:00,769.44,770.1,769.43,770.1,540.476,416035.22577
BNBUSDT,1753441500000,2025-07-25 11:05:00,2025-07-25 20:05:00,770.09,770.71,769.66,770.71,404.697,311677.50364
BNBUSDT,1753441800000,2025-07-25 11:10:00,2025-07-25 20:10:00,770.72,770.75,769.91,770.07,392.079,302023.37448
BNBUSDT,1753442100000,2025-07-25 11:15:00,2025-07-25 20:15:00,770.07,770.8,770.07,770.54,196.914,151714.17193
BNBUSDT,1753442400000,2025-07-25 11:20:00,2025-07-25 20:20:00,770.54,771.61,770.12,771.61,498.829,384466.65681
BNBUSDT,1753442700000,2025-07-25 11:25:00,2025-07-25 20:25:00,771.61,772.83,771.31,771.68,929.939,718001.14586
BNBUSDT,1753443000000,2025-07-25 11:30:00,2025-07-25 20:30:00,771.69,771.69,770.24,770.75,492.173,379371.27157
BNBUSDT,1753443300000,2025-07-25 11:35:00,2025-07-25 20:35:00,770.75,772.44,770.74,771.9,950.368,733433.16204
BNBUSDT,1753443600000,2025-07-25 11:40:00,2025-07-25 20:40:00,771.9,772.29,770,770.58,846.761,652850.13828
BNBUSDT,1753443900000,2025-07-25 11:45:00,2025-07-25 20:45:00,770.58,770.94,770.28,770.89,383.121,295280.83663
BNBUSDT,1753444200000,2025-07-25 11:50:00,2025-07-25 20:50:00,770.89,771.3,770.15,771.05,369.216,284528.38802
BNBUSDT,1753444500000,2025-07-25 11:55:00,2025-07-25 20:55:00,771.05,771.92,770.77,771.67,319.595,246568.90096
BNBUSDT,1753444800000,2025-07-25 12:00:00,2025-07-25 21:00:00,771.67,780,771.67,775.04,10376.047,8052186.7183
BNBUSDT,1753445100000,2025-07-25 12:05:00,2025-07-25 21:05:00,775.02,775.8,773.95,775.63,1455.279,1127749.57251
BNBUSDT,1753445400000,2025-07-25 12:10:00,2025-07-25 21:10:00,775.63,775.97,774.11,775.14,1229.788,953102.50942
BNBUSDT,1753445700000,2025-07-25 12:15:00,2025-07-25 21:15:00,775.15,775.66,773.85,773.9,1789.174,1386429.403
BNBUSDT,1753446000000,2025-07-25 12:20:00,2025-07-25 21:20:00,773.9,774.42,771.38,771.55,1233.522,953243.86
BNBUSDT,1753446300000,2025-07-25 12:25:00,2025-07-25 21:25:00,771.54,773.2,771.51,772.7,639.309,493751.79869
BNBUSDT,1753446600000,2025-07-25 12:30:00,2025-07-25 21:30:00,772.71,774.59,771.22,772.22,1653.191,1277834.87499
BNBUSDT,1753446900000,2025-07-25 12:35:00,2025-07-25 21:35:00,772.23,774.14,771.84,772.98,760.917,588423.89873
BNBUSDT,1753447200000,2025-07-25 12:40:00,2025-07-25 21:40:00,772.99,775.66,772.7,774.69,1102.097,853396.82146
BNBUSDT,1753447500000,2025-07-25 12:45:00,2025-07-25 21:45:00,774.69,774.86,773.15,774.49,721.268,558309.94451
BNBUSDT,1753447800000,2025-07-25 12:50:00,2025-07-25 21:50:00,774.48,774.49,773.24,773.33,509.842,394475.1653
BNBUSDT,1753448100000,2025-07-25 12:55:00,2025-07-25 21:55:00,773.32,774.24,772.7,774.24,677.042,523504.51745
BNBUSDT,1753448400000,2025-07-25 13:00:00,2025-07-25 22:00:00,774.25,774.92,773.85,774,859.584,665624.85598
BNBUSDT,1753448700000,2025-07-25 13:05:00,2025-07-25 22:05:00,773.99,775.02,773.48,774.32,752.016,582339.00021
BNBUSDT,1753449000000,2025-07-25 13:10:00,2025-07-25 22:10:00,774.32,774.7,774.01,774.08,338.586,262159.78702
BNBUSDT,1753449300000,2025-07-25 13:15:00,2025-07-25 22:15:00,774.08,774.99,773.64,774.81,384.692,297841.37908
BNBUSDT,1753449600000,2025-07-25 13:20:00,2025-07-25 22:20:00,774.81,775.8,774.8,774.87,644.552,499695.21344
BNBUSDT,1753449900000,2025-07-25 13:25:00,2025-07-25 22:25:00,774.86,775.17,773.84,774.39,612.633,474465.71479
BNBUSDT,1753450200000,2025-07-25 13:30:00,2025-07-25 22:30:00,774.4,775.77,772.24,774.99,1313.713,1016928.18084
BNBUSDT,1753450500000,2025-07-25 13:35:00,2025-07-25 22:35:00,774.96,775.39,771.8,772.63,1097.127,848619.12011
BNBUSDT,1753450800000,2025-07-25 13:40:00,2025-07-25 22:40:00,772.62,772.62,769.8,771,1974.566,1522059.02451
BNBUSDT,1753451100000,2025-07-25 13:45:00,2025-07-25 22:45:00,770.99,773.26,770.82,773.18,768.281,593079.23477
BNBUSDT,1753451400000,2025-07-25 13:50:00,2025-07-25 22:50:00,773.18,774.48,771.77,773.85,1695.577,1310886.73811
BNBUSDT,1753451700000,2025-07-25 13:55:00,2025-07-25 22:55:00,773.85,774.4,772.98,774.2,721.311,558172.32522
BNBUSDT,1753452000000,2025-07-25 14:00:00,2025-07-25 23:00:00,774.2,774.53,772,772,1116.035,863355.94607
BNBUSDT,1753452300000,2025-07-25 14:05:00,2025-07-25 23:05:00,772,773.11,771.6,772.47,678.926,524279.50705
BNBUSDT,1753452600000,2025-07-25 14:10:00,2025-07-25 23:10:00,772.47,772.73,769.59,769.81,1163.981,897431.65369
BNBUSDT,1753452900000,2025-07-25 14:15:00,2025-07-25 23:15:00,769.81,770.88,767.34,769.19,1473.789,1133232.13849
BNBUSDT,1753453200000,2025-07-25 14:20:00,2025-07-25 23:20:00,769.19,769.71,768.03,768.98,859.564,661010.40706
BNBUSDT,1753453500000,2025-07-25 14:25:00,2025-07-25 23:25:00,768.97,769.83,768.1,768.81,1046.589,804698.24783
BNBUSDT,1753453800000,2025-07-25 14:30:00,2025-07-25 23:30:00,768.81,769.49,765.01,765.61,2421.689,1856861.37522
BNBUSDT,1753454100000,2025-07-25 14:35:00,2025-07-25 23:35:00,765.61,766.84,763.23,763.28,2191.101,1676164.03592
BNBUSDT,1753454400000,2025-07-25 14:40:00,2025-07-25 23:40:00,763.28,763.88,762.04,762.04,2400.942,1831839.73779
BNBUSDT,1753454700000,2025-07-25 14:45:00,2025-07-25 23:45:00,762.05,763.8,761.8,763.5,1627.259,1241281.90256
BNBUSDT,1753455000000,2025-07-25 14:50:00,2025-07-25 23:50:00,763.5,764.37,763.03,764.37,1215.292,928229.89982
BNBUSDT,1753455300000,2025-07-25 14:55:00,2025-07-25 23:55:00,764.36,764.42,760.88,761.03,2625.358,2001917.00455
BNBUSDT,1753455600000,2025-07-25 15:00:00,2025-07-26 00:00:00,761.03,764.5,760.12,763.21,1853.2,1412779.54252
BNBUSDT,1753455900000,2025-07-25 15:05:00,2025-07-26 00:05:00,763.21,764.2,761.99,763.59,1138.883,869037.6721
BNBUSDT,1753456200000,2025-07-25 15:10:00,2025-07-26 00:10:00,763.58,766.43,763.53,765.98,2628.679,2010693.57848
BNBUSDT,1753456500000,2025-07-25 15:15:00,2025-07-26 00:15:00,765.98,767.67,765.52,765.62,855.9,656156.24487
BNBUSDT,1753456800000,2025-07-25 15:20:00,2025-07-26 00:20:00,765.62,767.75,765.06,767.25,895.138,686035.39961
BNBUSDT,1753457100000,2025-07-25 15:25:00,2025-07-26 00:25:00,767.26,767.99,765.8,766.39,628.172,481847.4408
BNBUSDT,1753457400000,2025-07-25 15:30:00,2025-07-26 00:30:00,766.4,767.18,766.29,767.02,525.184,402681.69434
BNBUSDT,1753457700000,2025-07-25 15:35:00,2025-07-26 00:35:00,767.03,767.03,761.98,762.02,1588.968,1213357.15118
BNBUSDT,1753458000000,2025-07-25 15:40:00,2025-07-26 00:40:00,762.01,762.72,760.66,762.49,1363.411,1038579.46734
BNBUSDT,1753458300000,2025-07-25 15:45:00,2025-07-26 00:45:00,762.5,764.3,762.5,763.76,762.612,582234.34874
BNBUSDT,1753458600000,2025-07-25 15:50:00,2025-07-26 00:50:00,763.76,765.93,763.7,765.74,1035.704,792153.14058
BNBUSDT,1753458900000,2025-07-25 15:55:00,2025-07-26 00:55:00,765.74,766.43,765.5,765.63,663.682,508375.7276
BNBUSDT,1753459200000,2025-07-25 16:00:00,2025-07-26 01:00:00,765.64,766.56,765.22,765.82,955.276,731515.46926
BNBUSDT,1753459500000,2025-07-25 16:05:00,2025-07-26 01:05:00,765.83,767.13,765.42,766.36,1282.488,983061.37623
BNBUSDT,1753459800000,2025-07-25 16:10:00,2025-07-26 01:10:00,766.36,767.55,766.29,766.87,826.691,634071.50992
BNBUSDT,1753460100000,2025-07-25 16:15:00,2025-07-26 01:15:00,766.86,767.91,765.02,766.31,803.481,615723.74229
BNBUSDT,1753460400000,2025-07-25 16:20:00,2025-07-26 01:20:00,766.32,766.39,763.3,764.19,734.361,561432.32826
BNBUSDT,1753460700000,2025-07-25 16:25:00,2025-07-26 01:25:00,764.19,766.95,764,766.48,890.185,681630.91986
BNBUSDT,1753461000000,2025-07-25 16:30:00,2025-07-26 01:30:00,766.48,768.26,765.87,766.25,963.582,739219.58282
BNBUSDT,1753461300000,2025-07-25 16:35:00,2025-07-26 01:35:00,766.25,766.43,764.28,765.25,577.524,441924.29926
BNBUSDT,1753461600000,2025-07-25 16:40:00,2025-07-26 01:40:00,765.26,768.22,765.26,767.89,794.868,609929.45573
BNBUSDT,1753461900000,2025-07-25 16:45:00,2025-07-26 01:45:00,767.89,770,767.8,769.95,1049.594,807403.67587
BNBUSDT,1753462200000,2025-07-25 16:50:00,2025-07-26 01:50:00,769.96,771.82,769.8,771.42,2615.548,2016023.55008
BNBUSDT,1753462500000,2025-07-25 16:55:00,2025-07-26 01:55:00,771.41,773.28,771.07,772.86,1546.392,1194207.28931
BNBUSDT,1753462800000,2025-07-25 17:00:00,2025-07-26 02:00:00,772.86,773.72,772.7,772.85,981.739,759151.26959
BNBUSDT,1753463100000,2025-07-25 17:05:00,2025-07-26 02:05:00,772.85,775,772.85,774.99,1314.133,1017703.87575
BNBUSDT,1753463400000,2025-07-25 17:10:00,2025-07-26 02:10:00,774.98,775.6,774.53,774.58,922.13,714822.14643
BNBUSDT,1753463700000,2025-07-25 17:15:00,2025-07-26 02:15:00,774.57,774.78,773.4,774.21,864.504,669287.58474
BNBUSDT,1753464000000,2025-07-25 17:20:00,2025-07-26 02:20:00,774.21,774.41,772.5,774.4,851.675,658789.24814
BNBUSDT,1753464300000,2025-07-25 17:25:00,2025-07-26 02:25:00,774.41,775.09,774.25,774.35,461.765,357719.38106
BNBUSDT,1753464600000,2025-07-25 17:30:00,2025-07-26 02:30:00,774.35,775.07,773.35,773.35,581.92,450556.72123
BNBUSDT,1753464900000,2025-07-25 17:35:00,2025-07-26 02:35:00,773.34,774.6,772.44,774.28,802.231,620646.71274
BNBUSDT,1753465200000,2025-07-25 17:40:00,2025-07-26 02:40:00,774.28,775.99,774.28,775.89,702.589,544733.09321
BNBUSDT,1753465500000,2025-07-25 17:45:00,2025-07-26 02:45:00,775.9,776.6,774.69,776.04,826.915,641398.03971
BNBUSDT,1753465800000,2025-07-25 17:50:00,2025-07-26 02:50:00,776.04,776.65,775.6,776.48,479.232,371956.48199
BNBUSDT,1753466100000,2025-07-25 17:55:00,2025-07-26 02:55:00,776.49,776.95,775.51,775.84,702.185,545115.77401
BNBUSDT,1753466400000,2025-07-25 18:00:00,2025-07-26 03:00:00,775.85,776.4,775.05,775.81,607.894,471614.14761
BNBUSDT,1753466700000,2025-07-25 18:05:00,2025-07-26 03:05:00,775.81,776.4,775.34,776.02,637.775,494782.13701
BNBUSDT,1753467000000,2025-07-25 18:10:00,2025-07-26 03:10:00,776.02,777.09,775.3,776.97,802.089,622688.51464
BNBUSDT,1753467300000,2025-07-25 18:15:00,2025-07-26 03:15:00,776.96,776.97,774.94,775.3,742.726,576230.39135
BNBUSDT,1753467600000,2025-07-25 18:20:00,2025-07-26 03:20:00,775.3,776.3,775.2,775.4,655.154,508226.62971
BNBUSDT,1753467900000,2025-07-25 18:25:00,2025-07-26 03:25:00,775.4,775.52,774.16,775.27,430.697,333696.45069
BNBUSDT,1753468200000,2025-07-25 18:30:00,2025-07-26 03:30:00,775.27,775.48,774.34,774.48,420.944,326223.03579
BNBUSDT,1753468500000,2025-07-25 18:35:00,2025-07-26 03:35:00,774.47,776,774.47,775.71,700.97,543436.97409
BNBUSDT,1753468800000,2025-07-25 18:40:00,2025-07-26 03:40:00,775.7,776.73,775.7,776.72,455.479,353635.54227
BNBUSDT,1753469100000,2025-07-25 18:45:00,2025-07-26 03:45:00,776.72,776.73,774.92,774.95,446.518,346286.7097
BNBUSDT,1753469400000,2025-07-25 18:50:00,2025-07-26 03:50:00,774.95,775.6,774.62,775.12,611.435,473918.96397
BNBUSDT,1753469700000,2025-07-25 18:55:00,2025-07-26 03:55:00,775.12,775.8,775.09,775.74,279.499,216740.03635
BNBUSDT,1753470000000,2025-07-25 19:00:00,2025-07-26 04:00:00,775.74,776.67,775.48,775.87,518.826,402707.82199
BNBUSDT,1753470300000,2025-07-25 19:05:00,2025-07-26 04:05:00,775.87,776.4,775.8,775.97,161.74,125531.70835
BNBUSDT,1753470600000,2025-07-25 19:10:00,2025-07-26 04:10:00,775.96,776.36,775.56,776.34,313.262,243085.04925
BNBUSDT,1753470900000,2025-07-25 19:15:00,2025-07-26 04:15:00,776.33,776.37,775.71,775.94,281.795,218703.46717
BNBUSDT,1753471200000,2025-07-25 19:20:00,2025-07-26 04:20:00,775.94,776.03,775.43,776.03,187.299,145280.52996
BNBUSDT,1753471500000,2025-07-25 19:25:00,2025-07-26 04:25:00,776.02,776.13,774.95,774.96,321.708,249535.78285
BNBUSDT,1753471800000,2025-07-25 19:30:00,2025-07-26 04:30:00,774.96,776.41,774.95,776.4,327.198,253870.0767
BNBUSDT,1753472100000,2025-07-25 19:35:00,2025-07-26 04:35:00,776.41,776.57,775.97,775.97,297.46,230905.62111
BNBUSDT,1753472400000,2025-07-25 19:40:00,2025-07-26 04:40:00,775.98,777.31,775.97,776.49,801.234,622272.1548
BNBUSDT,1753472700000,2025-07-25 19:45:00,2025-07-26 04:45:00,776.51,777.35,776.11,776.25,580.213,450750.23114
BNBUSDT,1753473000000,2025-07-25 19:50:00,2025-07-26 04:50:00,776.24,776.25,774.16,774.19,468.129,362857.42096
BNBUSDT,1753473300000,2025-07-25 19:55:00,2025-07-26 04:55:00,774.19,774.75,773.88,774.31,764.74,592175.51755
BNBUSDT,1753473600000,2025-07-25 20:00:00,2025-07-26 05:00:00,774.32,774.85,773.7,774.59,353.267,273535.70327
BNBUSDT,1753473900000,2025-07-25 20:05:00,2025-07-26 05:05:00,774.59,774.98,774.33,774.62,197.485,152989.78345
BNBUSDT,1753474200000,2025-07-25 20:10:00,2025-07-26 05:10:00,774.61,775.52,774.61,775.28,250.716,194342.38457
BNBUSDT,1753474500000,2025-07-25 20:15:00,2025-07-26 05:15:00,775.28,776.14,775.28,776.14,145.526,112883.51016
BNBUSDT,1753474800000,2025-07-25 20:20:00,2025-07-26 05:20:00,776.14,776.25,775.64,776.11,323.533,251062.78256
BNBUSDT,1753475100000,2025-07-25 20:25:00,2025-07-26 05:25:00,776.11,777.04,776.11,777.04,435.971,338609.20111
BNBUSDT,1753475400000,2025-07-25 20:30:00,2025-07-26 05:30:00,777.04,777.65,776.76,776.97,262.892,204303.96677
BNBUSDT,1753475700000,2025-07-25 20:35:00,2025-07-26 05:35:00,776.97,777.62,776.61,777.58,286.201,222411.5224
BNBUSDT,1753476000000,2025-07-25 20:40:00,2025-07-26 05:40:00,777.59,778.55,777.58,778.34,493.35,383912.23023
BNBUSDT,1753476300000,2025-07-25 20:45:00,2025-07-26 05:45:00,778.35,779,778.23,778.71,649.852,506066.8109
BNBUSDT,1753476600000,2025-07-25 20:50:00,2025-07-26 05:50:00,778.71,778.71,777.58,777.78,564.559,439277.72036
BNBUSDT,1753476900000,2025-07-25 20:55:00,2025-07-26 05:55:00,777.78,777.9,776.97,777.32,200.079,155536.53684
BNBUSDT,1753477200000,2025-07-25 21:00:00,2025-07-26 06:00:00,777.33,778.75,777.32,778.56,440.676,342837.20919
BNBUSDT,1753477500000,2025-07-25 21:05:00,2025-07-26 06:05:00,778.56,779.01,778.48,779.01,237.328,184808.74692
BNBUSDT,1753477800000,2025-07-25 21:10:00,2025-07-26 06:10:00,779.01,779.77,779,779.38,632.25,492794.8558
BNBUSDT,1753478100000,2025-07-25 21:15:00,2025-07-26 06:15:00,779.38,780.35,778.8,780.12,1020.549,795738.14239
BNBUSDT,1753478400000,2025-07-25 21:20:00,2025-07-26 06:20:00,780.13,781.13,780.08,780.4,807.657,630398.88613
BNBUSDT,1753478700000,2025-07-25 21:25:00,2025-07-26 06:25:00,780.4,780.4,779.32,779.96,673.07,524837.84618
BNBUSDT,1753479000000,2025-07-25 21:30:00,2025-07-26 06:30:00,779.96,780.1,778,778.79,960.377,747962.84754
BNBUSDT,1753479300000,2025-07-25 21:35:00,2025-07-26 06:35:00,778.79,779.11,778.18,779.02,405.861,316059.42586
BNBUSDT,1753479600000,2025-07-25 21:40:00,2025-07-26 06:40:00,779.01,779.01,778.4,778.49,255.115,198639.57183
BNBUSDT,1753479900000,2025-07-25 21:45:00,2025-07-26 06:45:00,778.48,779.99,778.48,779.01,636.382,495995.65838
BNBUSDT,1753480200000,2025-07-25 21:50:00,2025-07-26 06:50:00,779.02,779.22,778.69,778.69,306.746,238919.36362
BNBUSDT,1753480500000,2025-07-25 21:55:00,2025-07-26 06:55:00,778.68,778.91,778.49,778.9,179.831,140026.87086
BNBUSDT,1753480800000,2025-07-25 22:00:00,2025-07-26 07:00:00,778.91,780.81,778.91,780.18,501.432,391199.09441
BNBUSDT,1753481100000,2025-07-25 22:05:00,2025-07-26 07:05:00,780.19,780.19,779.44,780.12,458.055,357202.8215
BNBUSDT,1753481400000,2025-07-25 22:10:00,2025-07-26 07:10:00,780.12,780.12,779.13,779.78,485.939,378839.15151
BNBUSDT,1753481700000,2025-07-25 22:15:00,2025-07-26 07:15:00,779.78,779.92,778.36,779.24,608.08,473670.24637
BNBUSDT,1753482000000,2025-07-25 22:20:00,2025-07-26 07:20:00,779.24,779.5,778.9,779.05,179.601,139949.48006
BNBUSDT,1753482300000,2025-07-25 22:25:00,2025-07-26 07:25:00,779.05,779.84,779.04,779.72,173.237,135050.13487
BNBUSDT,1753482600000,2025-07-25 22:30:00,2025-07-26 07:30:00,779.72,780.18,779.5,780.18,141.953,110707.50785
BNBUSDT,1753482900000,2025-07-25 22:35:00,2025-07-26 07:35:00,780.18,781.26,780.05,781.06,397.394,310255.39354
BNBUSDT,1753483200000,2025-07-25 22:40:00,2025-07-26 07:40:00,781.07,782,781.06,781.98,367.3,287146.99519
BNBUSDT,1753483500000,2025-07-25 22:45:00,2025-07-26 07:45:00,781.99,782.87,781.58,782.32,331.835,259566.2298
BNBUSDT,1753483800000,2025-07-25 22:50:00,2025-07-26 07:50:00,782.33,784.28,782.26,783.41,924.903,724524.52898
BNBUSDT,1753484100000,2025-07-25 22:55:00,2025-07-26 07:55:00,783.41,783.56,782.48,783.44,695.053,544168.617
BNBUSDT,1753484400000,2025-07-25 23:00:00,2025-07-26 08:00:00,783.43,785,783.15,784.19,1056.889,828883.29343
BNBUSDT,1753484700000,2025-07-25 23:05:00,2025-07-26 08:05:00,784.19,784.5,782.53,782.84,1333.847,1045378.88207
BNBUSDT,1753485000000,2025-07-25 23:10:00,2025-07-26 08:10:00,782.84,783.55,782.47,783.1,872.915,683335.84531
BNBUSDT,1753485300000,2025-07-25 23:15:00,2025-07-26 08:15:00,783.11,783.62,783,783.5,344.518,269868.77959
BNBUSDT,1753485600000,2025-07-25 23:20:00,2025-07-26 08:20:00,783.5,784.1,783.3,784.09,321.242,251730.75964
BNBUSDT,1753485900000,2025-07-25 23:25:00,2025-07-26 08:25:00,784.1,784.1,783.54,784.09,256.211,200807.19005
BNBUSDT,1753486200000,2025-07-25 23:30:00,2025-07-26 08:30:00,784.09,784.4,783.94,784.32,194.285,152356.12965
BNBUSDT,1753486500000,2025-07-25 23:35:00,2025-07-26 08:35:00,784.31,784.62,783.73,784.43,926.481,726630.94159
BNBUSDT,1753486800000,2025-07-25 23:40:00,2025-07-26 08:40:00,784.43,784.64,783.83,784.09,492.728,386371.66402
BNBUSDT,1753487100000,2025-07-25 23:45:00,2025-07-26 08:45:00,784.1,785.2,784.09,785.2,1472.512,1155542.2838
BNBUSDT,1753487400000,2025-07-25 23:50:00,2025-07-26 08:50:00,785.19,785.43,784.06,785.3,1080.777,848118.53633
BNBUSDT,1753487700000,2025-07-25 23:55:00,2025-07-26 08:55:00,785.3,786,785.29,785.45,1028.11,807779.32821
BNBUSDT,1753488000000,2025-07-26 00:00:00,2025-07-26 09:00:00,785.44,785.7,783.57,784.78,1014.947,796471.3004
BNBUSDT,1753488300000,2025-07-26 00:05:00,2025-07-26 09:05:00,784.78,785.03,784.38,784.65,743.977,583813.44144
BNBUSDT,1753488600000,2025-07-26 00:10:00,2025-07-26 09:10:00,784.64,785.55,784.42,785.45,771.009,605316.99227
BNBUSDT,1753488900000,2025-07-26 00:15:00,2025-07-26 09:15:00,785.45,785.45,783.78,784.25,397.006,311456.60005
BNBUSDT,1753489200000,2025-07-26 00:20:00,2025-07-26 09:20:00,784.25,784.67,783.68,784.67,745.466,584590.25916
BNBUSDT,1753489500000,2025-07-26 00:25:00,2025-07-26 09:25:00,784.67,784.8,784.07,784.4,308.436,241968.81402
BNBUSDT,1753489800000,2025-07-26 00:30:00,2025-07-26 09:30:00,784.4,784.4,783.12,783.6,620.862,486514.48639
BNBUSDT,1753490100000,2025-07-26 00:35:00,2025-07-26 09:35:00,783.6,783.93,783.15,783.49,255.218,199960.26531
BNBUSDT,1753490400000,2025-07-26 00:40:00,2025-07-26 09:40:00,783.49,783.83,783.1,783.1,272.843,213791.02879
BNBUSDT,1753490700000,2025-07-26 00:45:00,2025-07-26 09:45:00,783.1,783.11,781.61,781.61,615.652,481668.86201
BNBUSDT,1753491000000,2025-07-26 00:50:00,2025-07-26 09:50:00,781.62,782.36,781.59,782.12,534.429,417929.49735
BNBUSDT,1753491300000,2025-07-26 00:55:00,2025-07-26 09:55:00,782.12,782.64,782.08,782.35,259.959,203390.75851
BNBUSDT,1753491600000,2025-07-26 01:00:00,2025-07-26 10:00:00,782.35,783.3,781.89,783.29,320.885,251102.46848
BNBUSDT,1753491900000,2025-07-26 01:05:00,2025-07-26 10:05:00,783.3,783.71,783.1,783.25,561.305,439742.49874
BNBUSDT,1753492200000,2025-07-26 01:10:00,2025-07-26 10:10:00,783.26,783.8,783.25,783.77,273.625,214421.98896
BNBUSDT,1753492500000,2025-07-26 01:15:00,2025-07-26 10:15:00,783.77,783.97,783.15,783.16,238.479,186887.34216
BNBUSDT,1753492800000,2025-07-26 01:20:00,2025-07-26 10:20:00,783.16,783.16,782.33,782.66,948.483,742578.17508
BNBUSDT,1753493100000,2025-07-26 01:25:00,2025-07-26 10:25:00,782.66,782.67,781.97,782,263.724,206289.19977
BNBUSDT,1753493400000,2025-07-26 01:30:00,2025-07-26 10:30:00,782,782.05,780.84,780.84,515.376,402817.11888
BNBUSDT,1753493700000,2025-07-26 01:35:00,2025-07-26 10:35:00,780.85,780.85,780.02,780.05,502.125,391961.3308
BNBUSDT,1753494000000,2025-07-26 01:40:00,2025-07-26 10:40:00,780.04,780.39,779.94,779.94,517.32,403573.81354
BNBUSDT,1753494300000,2025-07-26 01:45:00,2025-07-26 10:45:00,779.94,780.74,779.93,780.49,219.828,171563.48051
BNBUSDT,1753494600000,2025-07-26 01:50:00,2025-07-26 10:50:00,780.5,780.5,779.69,779.7,320.513,249993.83986
BNBUSDT,1753494900000,2025-07-26 01:55:00,2025-07-26 10:55:00,779.69,779.72,778.28,778.55,870.009,677588.98739
BNBUSDT,1753495200000,2025-07-26 02:00:00,2025-07-26 11:00:00,778.56,779.84,778.55,779.84,367.957,286744.04938
BNBUSDT,1753495500000,2025-07-26 02:05:00,2025-07-26 11:05:00,779.83,780.05,779.1,779.28,365.31,284804.3894
BNBUSDT,1753495800000,2025-07-26 02:10:00,2025-07-26 11:10:00,779.29,781,779.2,780.06,980.382,764861.1344
BNBUSDT,1753496100000,2025-07-26 02:15:00,2025-07-26 11:15:00,780.06,780.9,780.04,780.85,386.871,301884.68588
BNBUSDT,1753496400000,2025-07-26 02:20:00,2025-07-26 11:20:00,780.84,782.19,780.84,781.96,1049.965,820808.61554
BNBUSDT,1753496700000,2025-07-26 02:25:00,2025-07-26 11:25:00,781.96,782.76,781.96,782.55,690.421,540156.7718
BNBUSDT,1753497000000,2025-07-26 02:30:00,2025-07-26 11:30:00,782.54,784.52,782.25,784.34,731.432,573059.42724
BNBUSDT,1753497300000,2025-07-26 02:35:00,2025-07-26 11:35:00,784.33,784.34,782.69,783.01,1617.752,1267016.99439
BNBUSDT,1753497600000,2025-07-26 02:40:00,2025-07-26 11:40:00,783.01,784.29,782.94,783.86,431.777,338342.95047
BNBUSDT,1753497900000,2025-07-26 02:45:00,2025-07-26 11:45:00,783.86,784.34,783.7,783.94,283.429,222212.26022
BNBUSDT,1753498200000,2025-07-26 02:50:00,2025-07-26 11:50:00,783.94,784.33,783.7,784.26,387.945,304143.88461
BNBUSDT,1753498500000,2025-07-26 02:55:00,2025-07-26 11:55:00,784.26,784.33,783.57,783.57,273.28,214239.19122
BNBUSDT,1753498800000,2025-07-26 03:00:00,2025-07-26 12:00:00,783.57,784.2,783.48,783.53,360.553,282625.85895
BNBUSDT,1753499100000,2025-07-26 03:05:00,2025-07-26 12:05:00,783.54,783.55,782.79,783.3,490.124,383793.53341
BNBUSDT,1753499400000,2025-07-26 03:10:00,2025-07-26 12:10:00,783.29,783.92,783.2,783.92,346.455,271418.06405
BNBUSDT,1753499700000,2025-07-26 03:15:00,2025-07-26 12:15:00,783.92,784.12,783.49,783.49,190.71,149470.7282
BNBUSDT,1753500000000,2025-07-26 03:20:00,2025-07-26 12:20:00,783.5,783.83,783.07,783.35,492.909,386161.2577
BNBUSDT,1753500300000,2025-07-26 03:25:00,2025-07-26 12:25:00,783.36,783.36,782.26,782.4,398.15,311651.08829
BNBUSDT,1753500600000,2025-07-26 03:30:00,2025-07-26 12:30:00,782.4,783.35,782.27,782.87,305.621,239258.86475
BNBUSDT,1753500900000,2025-07-26 03:35:00,2025-07-26 12:35:00,782.87,783.49,782.66,783.4,234.11,183297.32906
BNBUSDT,1753501200000,2025-07-26 03:40:00,2025-07-26 12:40:00,783.4,783.65,783.04,783.17,267.962,209909.53856
BNBUSDT,1753501500000,2025-07-26 03:45:00,2025-07-26 12:45:00,783.18,783.62,783.02,783.62,205.099,160657.97202
BNBUSDT,1753501800000,2025-07-26 03:50:00,2025-07-26 12:50:00,783.62,783.86,783.54,783.56,133.114,104322.19971
BNBUSDT,1753502100000,2025-07-26 03:55:00,2025-07-26 12:55:00,783.55,783.89,783.51,783.52,123.238,96574.0375
BNBUSDT,1753502400000,2025-07-26 04:00:00,2025-07-26 13:00:00,783.53,783.53,783.13,783.4,553.471,433582.5511
BNBUSDT,1753502700000,2025-07-26 04:05:00,2025-07-26 13:05:00,783.41,783.95,783.17,783.94,361.188,282988.68555
BNBUSDT,1753503000000,2025-07-26 04:10:00,2025-07-26 13:10:00,783.94,784.18,783.64,784.18,217.708,170672.13642
BNBUSDT,1753503300000,2025-07-26 04:15:00,2025-07-26 13:15:00,784.17,784.18,782.87,783.02,899.932,704895.80191
BNBUSDT,1753503600000,2025-07-26 04:20:00,2025-07-26 13:20:00,783.03,783.03,781.75,781.88,490.935,384070.72448
BNBUSDT,1753503900000,2025-07-26 04:25:00,2025-07-26 13:25:00,781.87,782.06,781.7,782.02,283.717,221819.70748
BNBUSDT,1753504200000,2025-07-26 04:30:00,2025-07-26 13:30:00,782.02,782.02,781.63,781.88,206.736,161634.67275
BNBUSDT,1753504500000,2025-07-26 04:35:00,2025-07-26 13:35:00,781.89,782.39,781.8,782.15,271.974,212730.51791
BNBUSDT,1753504800000,2025-07-26 04:40:00,2025-07-26 13:40:00,782.15,782.38,781.94,782.28,334.449,261595.10288
BNBUSDT,1753505100000,2025-07-26 04:45:00,2025-07-26 13:45:00,782.28,782.4,781.09,781.09,227.883,178141.93115
BNBUSDT,1753505400000,2025-07-26 04:50:00,2025-07-26 13:50:00,781.1,781.3,780.83,781.29,187.217,146221.66571
BNBUSDT,1753505700000,2025-07-26 04:55:00,2025-07-26 13:55:00,781.29,782,781.29,781.94,305.219,238586.1758
BNBUSDT,1753506000000,2025-07-26 05:00:00,2025-07-26 14:00:00,781.95,782.05,781.49,781.49,179.701,140480.89455
BNBUSDT,1753506300000,2025-07-26 05:05:00,2025-07-26 14:05:00,781.5,781.73,781.34,781.41,193.726,151409.3594
BNBUSDT,1753506600000,2025-07-26 05:10:00,2025-07-26 14:10:00,781.41,781.41,780.96,781.09,141.051,110181.69352
BNBUSDT,1753506900000,2025-07-26 05:15:00,2025-07-26 14:15:00,781.09,781.8,780.87,781.07,213.578,166866.13997
BNBUSDT,1753507200000,2025-07-26 05:20:00,2025-07-26 14:20:00,781.07,781.07,780.77,780.82,94.848,74067.93932
BNBUSDT,1753507500000,2025-07-26 05:25:00,2025-07-26 14:25:00,780.83,781.42,780.82,781.42,151.127,118021.60998
BNBUSDT,1753507800000,2025-07-26 05:30:00,2025-07-26 14:30:00,781.41,781.42,781.05,781.09,124.222,97041.11321
BNBUSDT,1753508100000,2025-07-26 05:35:00,2025-07-26 14:35:00,781.08,781.92,781.08,781.61,293.48,229385.90351
BNBUSDT,1753508400000,2025-07-26 05:40:00,2025-07-26 14:40:00,781.62,781.87,781.48,781.53,151.217,118196.3093
BNBUSDT,1753508700000,2025-07-26 05:45:00,2025-07-26 14:45:00,781.54,781.54,780.78,780.85,296.433,231524.87912
BNBUSDT,1753509000000,2025-07-26 05:50:00,2025-07-26 14:50:00,780.86,780.93,780.5,780.8,157.974,123325.29751
BNBUSDT,1753509300000,2025-07-26 05:55:00,2025-07-26 14:55:00,780.79,780.8,780.63,780.71,145.402,113517.96758
BNBUSDT,1753509600000,2025-07-26 06:00:00,2025-07-26 15:00:00,780.72,781.3,780.71,781.3,204.922,160042.10641
BNBUSDT,1753509900000,2025-07-26 06:05:00,2025-07-26 15:05:00,781.3,781.3,780.54,780.7,217.342,169712.78839
BNBUSDT,1753510200000,2025-07-26 06:10:00,2025-07-26 15:10:00,780.7,781.17,780.7,781.17,98.046,76566.3745
BNBUSDT,1753510500000,2025-07-26 06:15:00,2025-07-26 15:15:00,781.16,781.72,781.16,781.42,168.39,131595.70915
BNBUSDT,1753510800000,2025-07-26 06:20:00,2025-07-26 15:20:00,781.43,781.96,781.41,781.52,242.539,189600.4477
BNBUSDT,1753511100000,2025-07-26 06:25:00,2025-07-26 15:25:00,781.53,781.9,781.52,781.7,174.317,136276.27573
BNBUSDT,1753511400000,2025-07-26 06:30:00,2025-07-26 15:30:00,781.71,781.8,781.26,781.51,123.603,96588.91726
BNBUSDT,1753511700000,2025-07-26 06:35:00,2025-07-26 15:35:00,781.51,781.84,781.5,781.83,125.117,97801.53505
BNBUSDT,1753512000000,2025-07-26 06:40:00,2025-07-26 15:40:00,781.83,782.84,781.77,782.65,379.373,296778.4039
BNBUSDT,1753512300000,2025-07-26 06:45:00,2025-07-26 15:45:00,782.66,783.1,782,783.1,420.666,329209.52685
BNBUSDT,1753512600000,2025-07-26 06:50:00,2025-07-26 15:50:00,783.1,783.1,782.47,782.48,288.362,225725.49055
BNBUSDT,1753512900000,2025-07-26 06:55:00,2025-07-26 15:55:00,782.47,782.69,782.33,782.69,129.924,101665.82721
BNBUSDT,1753513200000,2025-07-26 07:00:00,2025-07-26 16:00:00,782.69,782.99,782.56,782.98,255.013,199631.99831
BNBUSDT,1753513500000,2025-07-26 07:05:00,2025-07-26 16:05:00,782.98,783,782.2,782.37,183.204,143384.0287
BNBUSDT,1753513800000,2025-07-26 07:10:00,2025-07-26 16:10:00,782.38,782.9,782.37,782.84,184.336,144273.314
BNBUSDT,1753514100000,2025-07-26 07:15:00,2025-07-26 16:15:00,782.84,783.42,782.83,783.42,236.537,185246.5563
BNBUSDT,1753514400000,2025-07-26 07:20:00,2025-07-26 16:20:00,783.42,783.78,783.41,783.56,204.231,160037.87026
BNBUSDT,1753514700000,2025-07-26 07:25:00,2025-07-26 16:25:00,783.56,783.8,783.56,783.72,286.299,224366.78442
BNBUSDT,1753515000000,2025-07-26 07:30:00,2025-07-26 16:30:00,783.72,783.81,783.47,783.76,353.635,277147.84731
BNBUSDT,1753515300000,2025-07-26 07:35:00,2025-07-26 16:35:00,783.75,783.76,781.99,782.5,964.501,754708.03067
BNBUSDT,1753515600000,2025-07-26 07:40:00,2025-07-26 16:40:00,782.51,782.99,782.5,782.97,193.082,151142.68075
BNBUSDT,1753515900000,2025-07-26 07:45:00,2025-07-26 16:45:00,782.98,783.52,782.79,782.8,479.265,375297.50688
BNBUSDT,1753516200000,2025-07-26 07:50:00,2025-07-26 16:50:00,782.8,782.98,782.64,782.65,116.785,91424.29724
BNBUSDT,1753516500000,2025-07-26 07:55:00,2025-07-26 16:55:00,782.64,782.91,782.3,782.55,282.091,220759.81194
BNBUSDT,1753516800000,2025-07-26 08:00:00,2025-07-26 17:00:00,782.55,782.99,782.3,782.3,283.716,222046.88028
BNBUSDT,1753517100000,2025-07-26 08:05:00,2025-07-26 17:05:00,782.31,782.73,782.3,782.39,202.036,158097.04011
BNBUSDT,1753517400000,2025-07-26 08:10:00,2025-07-26 17:10:00,782.39,783.09,782,782.83,357.479,279724.87908
BNBUSDT,1753517700000,2025-07-26 08:15:00,2025-07-26 17:15:00,782.83,783.7,782.67,783.37,242.334,189785.94304
BNBUSDT,1753518000000,2025-07-26 08:20:00,2025-07-26 17:20:00,783.37,783.39,782.32,782.47,261.76,204923.29136
BNBUSDT,1753518300000,2025-07-26 08:25:00,2025-07-26 17:25:00,782.47,782.9,782.31,782.71,165.981,129893.55772
BNBUSDT,1753518600000,2025-07-26 08:30:00,2025-07-26 17:30:00,782.72,782.9,781.76,781.76,188.08,147135.96487
BNBUSDT,1753518900000,2025-07-26 08:35:00,2025-07-26 17:35:00,781.77,782.21,781.64,782.2,294.592,230352.30393
BNBUSDT,1753519200000,2025-07-26 08:40:00,2025-07-26 17:40:00,782.2,782.24,782.1,782.23,274.102,214392.88758
BNBUSDT,1753519500000,2025-07-26 08:45:00,2025-07-26 17:45:00,782.23,783.55,782.23,783.55,389.659,305038.57021
BNBUSDT,1753519800000,2025-07-26 08:50:00,2025-07-26 17:50:00,783.55,784.4,783.55,784.33,615.356,482449.55274
BNBUSDT,1753520100000,2025-07-26 08:55:00,2025-07-26 17:55:00,784.33,784.33,783.67,784.03,283.409,222177.23477
BNBUSDT,1753520400000,2025-07-26 09:00:00,2025-07-26 18:00:00,784.03,784.39,783.82,783.93,374.513,293638.29147
BNBUSDT,1753520700000,2025-07-26 09:05:00,2025-07-26 18:05:00,783.93,783.93,783,783.33,487.269,381670.82697
BNBUSDT,1753521000000,2025-07-26 09:10:00,2025-07-26 18:10:00,783.34,783.84,783.33,783.61,192.389,150767.36654
BNBUSDT,1753521300000,2025-07-26 09:15:00,2025-07-26 18:15:00,783.61,783.8,783.18,783.4,288.635,226156.41617
BNBUSDT,1753521600000,2025-07-26 09:20:00,2025-07-26 18:20:00,783.39,783.5,783.3,783.3,106.657,83559.01266
BNBUSDT,1753521900000,2025-07-26 09:25:00,2025-07-26 18:25:00,783.3,783.31,783.06,783.07,148.674,116440.82701
BNBUSDT,1753522200000,2025-07-26 09:30:00,2025-07-26 18:30:00,783.07,783.36,782.92,782.99,359.748,281689.94606
BNBUSDT,1753522500000,2025-07-26 09:35:00,2025-07-26 18:35:00,782.99,783.64,782.98,783.19,576.081,451236.77769
BNBUSDT,1753522800000,2025-07-26 09:40:00,2025-07-26 18:40:00,783.18,783.6,783.18,783.4,202.38,158545.19121
BNBUSDT,1753523100000,2025-07-26 09:45:00,2025-07-26 18:45:00,783.4,783.6,782.96,783.19,381.756,299027.98883
BNBUSDT,1753523400000,2025-07-26 09:50:00,2025-07-26 18:50:00,783.2,783.54,782.88,783.53,370.347,290050.73921
BNBUSDT,1753523700000,2025-07-26 09:55:00,2025-07-26 18:55:00,783.52,784.06,783.5,783.95,295.854,231893.04514
BNBUSDT,1753524000000,2025-07-26 10:00:00,2025-07-26 19:00:00,783.95,784.37,783.91,783.95,481.373,377476.516
BNBUSDT,1753524300000,2025-07-26 10:05:00,2025-07-26 19:05:00,783.95,784.51,783.95,784.21,373.508,292958.85379
BNBUSDT,1753524600000,2025-07-26 10:10:00,2025-07-26 19:10:00,784.21,784.43,784.02,784.03,263.211,206439.37406
BNBUSDT,1753524900000,2025-07-26 10:15:00,2025-07-26 19:15:00,784.02,784.29,783.7,783.71,426.088,334076.62332
BNBUSDT,1753525200000,2025-07-26 10:20:00,2025-07-26 19:20:00,783.71,783.94,783.23,783.41,623.612,488704.55996
BNBUSDT,1753525500000,2025-07-26 10:25:00,2025-07-26 19:25:00,783.4,783.6,783.4,783.6,93.747,73453.85551
BNBUSDT,1753525800000,2025-07-26 10:30:00,2025-07-26 19:30:00,783.59,784.19,783.59,783.88,287.8,225621.38994
BNBUSDT,1753526100000,2025-07-26 10:35:00,2025-07-26 19:35:00,783.88,784.87,783.87,784.87,253.859,199128.15123
BNBUSDT,1753526400000,2025-07-26 10:40:00,2025-07-26 19:40:00,784.87,785.51,784.06,785.5,968.524,760230.47587
BNBUSDT,1753526700000,2025-07-26 10:45:00,2025-07-26 19:45:00,785.51,785.6,783.69,783.7,893.03,700925.52141
BNBUSDT,1753527000000,2025-07-26 10:50:00,2025-07-26 19:50:00,783.69,784.09,783,783.2,281.658,220678.96801
BNBUSDT,1753527300000,2025-07-26 10:55:00,2025-07-26 19:55:00,783.2,783.4,782,782.01,565.56,442541.625
BNBUSDT,1753527600000,2025-07-26 11:00:00,2025-07-26 20:00:00,782,782.43,781.43,782.34,516.235,403617.5713
BNBUSDT,1753527900000,2025-07-26 11:05:00,2025-07-26 20:05:00,782.35,783.4,782.35,783.3,331.579,259596.23082
BNBUSDT,1753528200000,2025-07-26 11:10:00,2025-07-26 20:10:00,783.3,783.46,782.63,783.26,732.849,573848.27004
BNBUSDT,1753528500000,2025-07-26 11:15:00,2025-07-26 20:15:00,783.25,783.3,781.47,782.41,1004.735,786087.30316
BNBUSDT,1753528800000,2025-07-26 11:20:00,2025-07-26 20:20:00,782.41,782.47,781.53,781.54,345.29,270001.54821
BNBUSDT,1753529100000,2025-07-26 11:25:00,2025-07-26 20:25:00,781.54,782.08,781.54,781.75,250.733,196030.28474
BNBUSDT,1753529400000,2025-07-26 11:30:00,2025-07-26 20:30:00,781.76,782.77,781.25,782.37,650.832,508911.94513
BNBUSDT,1753529700000,2025-07-26 11:35:00,2025-07-26 20:35:00,782.37,782.59,782.13,782.2,441.307,345240.14615
BNBUSDT,1753530000000,2025-07-26 11:40:00,2025-07-26 20:40:00,782.21,782.21,780.33,780.54,618.779,483389.76367
BNBUSDT,1753530300000,2025-07-26 11:45:00,2025-07-26 20:45:00,780.53,780.95,780.11,780.94,381.915,298093.80437
BNBUSDT,1753530600000,2025-07-26 11:50:00,2025-07-26 20:50:00,780.95,782,780.88,781.62,585.498,457502.24125
BNBUSDT,1753530900000,2025-07-26 11:55:00,2025-07-26 20:55:00,781.62,782.01,781.61,781.7,357.197,279246.41
BNBUSDT,1753531200000,2025-07-26 12:00:00,2025-07-26 21:00:00,781.7,782.38,781.46,781.47,244.264,190980.41408
BNBUSDT,1753531500000,2025-07-26 12:05:00,2025-07-26 21:05:00,781.48,781.48,780.54,780.79,540.522,422122.22634
BNBUSDT,1753531800000,2025-07-26 12:10:00,2025-07-26 21:10:00,780.79,781.1,780.78,780.89,348.527,272182.74411
BNBUSDT,1753532100000,2025-07-26 12:15:00,2025-07-26 21:15:00,780.88,781.43,780.88,781.38,293.065,228954.42069
BNBUSDT,1753532400000,2025-07-26 12:20:00,2025-07-26 21:20:00,781.38,782.05,781.37,782.05,328.916,257132.80199
BNBUSDT,1753532700000,2025-07-26 12:25:00,2025-07-26 21:25:00,782.04,782.19,781.1,781.31,407.683,318597.68612
BNBUSDT,1753533000000,2025-07-26 12:30:00,2025-07-26 21:30:00,781.31,781.42,780.96,781.42,103.534,80876.12473
BNBUSDT,1753533300000,2025-07-26 12:35:00,2025-07-26 21:35:00,781.42,781.89,781.41,781.7,134.767,105347.98483
BNBUSDT,1753533600000,2025-07-26 12:40:00,2025-07-26 21:40:00,781.7,782.4,781.69,782.37,231.469,181033.72913
BNBUSDT,1753533900000,2025-07-26 12:45:00,2025-07-26 21:45:00,782.36,782.87,782.34,782.87,134.372,105153.79627
BNBUSDT,1753534200000,2025-07-26 12:50:00,2025-07-26 21:50:00,782.87,782.99,782.61,782.64,96.729,75718.40182
BNBUSDT,1753534500000,2025-07-26 12:55:00,2025-07-26 21:55:00,782.63,782.63,782.21,782.51,222.007,173701.83699
BNBUSDT,1753534800000,2025-07-26 13:00:00,2025-07-26 22:00:00,782.51,782.79,782.17,782.79,272.802,213470.42942
BNBUSDT,1753535100000,2025-07-26 13:05:00,2025-07-26 22:05:00,782.78,782.79,782.23,782.6,218.63,171081.03626
BNBUSDT,1753535400000,2025-07-26 13:10:00,2025-07-26 22:10:00,782.6,783.1,782.4,783.09,324.21,253738.16709
BNBUSDT,1753535700000,2025-07-26 13:15:00,2025-07-26 22:15:00,783.1,783.1,782.35,782.9,585.598,458285.1075
BNBUSDT,1753536000000,2025-07-26 13:20:00,2025-07-26 22:20:00,782.91,783.16,782.36,782.37,430.785,337247.09801
BNBUSDT,1753536300000,2025-07-26 13:25:00,2025-07-26 22:25:00,782.36,782.44,781.89,781.99,265.378,207563.74902
BNBUSDT,1753536600000,2025-07-26 13:30:00,2025-07-26 22:30:00,782,782.3,781.78,782.08,508.053,397315.43002
BNBUSDT,1753536900000,2025-07-26 13:35:00,2025-07-26 22:35:00,782.07,782.99,782.07,782.83,276.259,216197.00403
BNBUSDT,1753537200000,2025-07-26 13:40:00,2025-07-26 22:40:00,782.82,783.16,782.79,783.03,960.947,752405.77336
BNBUSDT,1753537500000,2025-07-26 13:45:00,2025-07-26 22:45:00,783.03,783.14,782.43,782.69,138.065,108070.2145
BNBUSDT,1753537800000,2025-07-26 13:50:00,2025-07-26 22:50:00,782.69,782.87,782.37,782.38,185.372,145082.27984
BNBUSDT,1753538100000,2025-07-26 13:55:00,2025-07-26 22:55:00,782.38,782.38,781.96,781.96,121.417,94977.23992
BNBUSDT,1753538400000,2025-07-26 14:00:00,2025-07-26 23:00:00,781.97,781.97,781.18,781.4,286.949,224264.50801
BNBUSDT,1753538700000,2025-07-26 14:05:00,2025-07-26 23:05:00,781.4,781.89,781.35,781.86,243.7,190478.72386
BNBUSDT,1753539000000,2025-07-26 14:10:00,2025-07-26 23:10:00,781.86,781.96,781.06,781.92,466.292,364369.1703
BNBUSDT,1753539300000,2025-07-26 14:15:00,2025-07-26 23:15:00,781.92,781.96,781.73,781.85,132.573,103647.93518
BNBUSDT,1753539600000,2025-07-26 14:20:00,2025-07-26 23:20:00,781.85,782.2,781.85,781.91,233.015,182220.60533
BNBUSDT,1753539900000,2025-07-26 14:25:00,2025-07-26 23:25:00,781.91,781.97,781,781.09,302.779,236570.2132
BNBUSDT,1753540200000,2025-07-26 14:30:00,2025-07-26 23:30:00,781.1,781.96,781.02,781.14,228.728,178724.32456
BNBUSDT,1753540500000,2025-07-26 14:35:00,2025-07-26 23:35:00,781.15,781.15,780.39,780.84,491.968,384106.64155
BNBUSDT,1753540800000,2025-07-26 14:40:00,2025-07-26 23:40:00,780.84,781.03,780.6,781.03,148.872,116234.84721
BNBUSDT,1753541100000,2025-07-26 14:45:00,2025-07-26 23:45:00,781.03,781.74,781.03,781.56,275.667,215452.99415
BNBUSDT,1753541400000,2025-07-26 14:50:00,2025-07-26 23:50:00,781.57,781.57,780.37,780.37,662.122,517166.5241
BNBUSDT,1753541700000,2025-07-26 14:55:00,2025-07-26 23:55:00,780.38,780.86,780.38,780.4,348.86,272319.64806
BNBUSDT,1753542000000,2025-07-26 15:00:00,2025-07-27 00:00:00,780.39,781.13,780.29,781.12,224.137,174993.93712
BNBUSDT,1753542300000,2025-07-26 15:05:00,2025-07-27 00:05:00,781.12,781.7,780.9,780.91,341.658,266964.70149
BNBUSDT,1753542600000,2025-07-26 15:10:00,2025-07-27 00:10:00,780.91,780.91,779.7,779.71,485.857,379038.97933
BNBUSDT,1753542900000,2025-07-26 15:15:00,2025-07-27 00:15:00,779.72,780.06,779.33,779.92,473.395,369106.45706
BNBUSDT,1753543200000,2025-07-26 15:20:00,2025-07-27 00:20:00,779.93,780,779.5,779.81,140.403,109479.64708
BNBUSDT,1753543500000,2025-07-26 15:25:00,2025-07-27 00:25:00,779.81,780.55,779.8,779.89,271.995,212186.50808
BNBUSDT,1753543800000,2025-07-26 15:30:00,2025-07-27 00:30:00,779.92,780.35,779.58,780.31,249.653,194706.56785
BNBUSDT,1753544100000,2025-07-26 15:35:00,2025-07-27 00:35:00,780.3,780.61,779.88,780.2,233.976,182555.17765
BNBUSDT,1753544400000,2025-07-26 15:40:00,2025-07-27 00:40:00,780.19,780.55,780.19,780.52,118.294,92319.89894
BNBUSDT,1753544700000,2025-07-26 15:45:00,2025-07-27 00:45:00,780.51,780.82,780.4,780.82,177.036,138206.9281
BNBUSDT,1753545000000,2025-07-26 15:50:00,2025-07-27 00:50:00,780.81,781.37,780.81,781.14,221.187,172779.0323
BNBUSDT,1753545300000,2025-07-26 15:55:00,2025-07-27 00:55:00,781.14,781.32,780.82,781.32,210.1,164094.30853
BNBUSDT,1753545600000,2025-07-26 16:00:00,2025-07-27 01:00:00,781.31,781.81,780.66,781.02,457.244,357264.88684
BNBUSDT,1753545900000,2025-07-26 16:05:00,2025-07-27 01:05:00,781.02,781.17,779.63,779.77,603.548,470966.37919
BNBUSDT,1753546200000,2025-07-26 16:10:00,2025-07-27 01:10:00,779.78,780.31,779.78,780.16,244.721,190879.88261
BNBUSDT,1753546500000,2025-07-26 16:15:00,2025-07-27 01:15:00,780.17,780.68,780.16,780.63,224.897,175520.42244
BNBUSDT,1753546800000,2025-07-26 16:20:00,2025-07-27 01:20:00,780.62,781.52,780.51,781.52,311.961,243600.0412
BNBUSDT,1753547100000,2025-07-26 16:25:00,2025-07-27 01:25:00,781.51,781.55,780.96,781.01,437.887,342110.99157
BNBUSDT,1753547400000,2025-07-26 16:30:00,2025-07-27 01:30:00,781.01,781.52,780.82,780.82,139.449,108941.69813
BNBUSDT,1753547700000,2025-07-26 16:35:00,2025-07-27 01:35:00,780.83,780.87,780.23,780.54,176.695,137926.9572
BNBUSDT,1753548000000,2025-07-26 16:40:00,2025-07-27 01:40:00,780.53,780.93,779.79,780.23,717.828,560080.78811
BNBUSDT,1753548300000,2025-07-26 16:45:00,2025-07-27 01:45:00,780.24,780.24,779.35,779.78,341.007,265849.94655
BNBUSDT,1753548600000,2025-07-26 16:50:00,2025-07-27 01:50:00,779.78,780.56,779.77,780,163.359,127462.23903
BNBUSDT,1753548900000,2025-07-26 16:55:00,2025-07-27 01:55:00,780.01,780.01,779.54,779.9,214.103,166943.62832
BNBUSDT,1753549200000,2025-07-26 17:00:00,2025-07-27 02:00:00,779.9,780.05,778.98,779.18,444.566,346471.25854
BNBUSDT,1753549500000,2025-07-26 17:05:00,2025-07-27 02:05:00,779.17,779.25,778.64,778.65,307.263,239331.43243
BNBUSDT,1753549800000,2025-07-26 17:10:00,2025-07-27 02:10:00,778.65,779.08,778.51,778.91,238.005,185329.00029
BNBUSDT,1753550100000,2025-07-26 17:15:00,2025-07-27 02:15:00,778.91,779.39,778.76,779.21,228.733,178194.32094
BNBUSDT,1753550400000,2025-07-26 17:20:00,2025-07-27 02:20:00,779.2,779.71,779.13,779.7,183.008,142646.7178
BNBUSDT,1753550700000,2025-07-26 17:25:00,2025-07-27 02:25:00,779.69,779.91,779.55,779.7,159.778,124587.80323
BNBUSDT,1753551000000,2025-07-26 17:30:00,2025-07-27 02:30:00,779.7,779.7,778.87,778.89,224.651,175024.40256
BNBUSDT,1753551300000,2025-07-26 17:35:00,2025-07-27 02:35:00,778.89,779.51,778.83,779.24,194.319,151418.78756
BNBUSDT,1753551600000,2025-07-26 17:40:00,2025-07-27 02:40:00,779.23,779.33,778.72,778.78,268.362,209054.23652
BNBUSDT,1753551900000,2025-07-26 17:45:00,2025-07-27 02:45:00,778.78,779.13,778.7,779.1,247.62,192876.79257
BNBUSDT,1753552200000,2025-07-26 17:50:00,2025-07-27 02:50:00,779.1,779.4,779.09,779.21,211.235,164590.05053
BNBUSDT,1753552500000,2025-07-26 17:55:00,2025-07-27 02:55:00,779.22,779.64,779.21,779.52,200.385,156187.20557
BNBUSDT,1753552800000,2025-07-26 18:00:00,2025-07-27 03:00:00,779.53,780.26,779.46,780.26,348.571,271801.3008
BNBUSDT,1753553100000,2025-07-26 18:05:00,2025-07-27 03:05:00,780.27,780.63,780.03,780.32,306.467,239170.7642
BNBUSDT,1753553400000,2025-07-26 18:10:00,2025-07-27 03:10:00,780.32,780.71,780.2,780.71,236.564,184642.55684
BNBUSDT,1753553700000,2025-07-26 18:15:00,2025-07-27 03:15:00,780.71,780.82,779.06,780.06,445.139,347123.79661
BNBUSDT,1753554000000,2025-07-26 18:20:00,2025-07-27 03:20:00,780.06,781.03,780.06,781.03,226.862,177074.63697
BNBUSDT,1753554300000,2025-07-26 18:25:00,2025-07-27 03:25:00,781.03,781.31,780.9,781,183.152,143063.19914
BNBUSDT,1753554600000,2025-07-26 18:30:00,2025-07-27 03:30:00,781.01,781.63,780.97,781.63,274.082,214154.96215
BNBUSDT,1753554900000,2025-07-26 18:35:00,2025-07-27 03:35:00,781.63,781.91,781.46,781.9,226.989,177437.29102
BNBUSDT,1753555200000,2025-07-26 18:40:00,2025-07-27 03:40:00,781.91,782.41,781.81,781.89,390.492,305397.42154
BNBUSDT,1753555500000,2025-07-26 18:45:00,2025-07-27 03:45:00,781.9,782.6,781.84,782.6,226.377,177074.62722
BNBUSDT,1753555800000,2025-07-26 18:50:00,2025-07-27 03:50:00,782.59,782.73,782.38,782.39,97.547,76341.57813
BNBUSDT,1753556100000,2025-07-26 18:55:00,2025-07-27 03:55:00,782.39,782.39,781.97,781.98,127.381,99624.62115
BNBUSDT,1753556400000,2025-07-26 19:00:00,2025-07-27 04:00:00,781.98,782.49,781.83,782.3,391.579,306276.92162
BNBUSDT,1753556700000,2025-07-26 19:05:00,2025-07-27 04:05:00,782.29,782.95,782.29,782.94,582.951,456233.15805
BNBUSDT,1753557000000,2025-07-26 19:10:00,2025-07-27 04:10:00,782.95,783.12,782.8,782.93,324.95,254411.47943
BNBUSDT,1753557300000,2025-07-26 19:15:00,2025-07-27 04:15:00,782.93,783.46,782.93,782.93,458.577,359176.3889
BNBUSDT,1753557600000,2025-07-26 19:20:00,2025-07-27 04:20:00,782.93,783.46,782.88,783.31,103.779,81283.95846
BNBUSDT,1753557900000,2025-07-26 19:25:00,2025-07-27 04:25:00,783.3,783.49,783.2,783.48,95.629,74913.64391
BNBUSDT,1753558200000,2025-07-26 19:30:00,2025-07-27 04:30:00,783.49,783.52,783.25,783.52,95.551,74857.4118
BNBUSDT,1753558500000,2025-07-26 19:35:00,2025-07-27 04:35:00,783.52,783.72,783.38,783.72,121.947,95550.28229
BNBUSDT,1753558800000,2025-07-26 19:40:00,2025-07-27 04:40:00,783.72,784.05,783.71,784.01,168.525,132101.64378
BNBUSDT,1753559100000,2025-07-26 19:45:00,2025-07-27 04:45:00,784,784.4,784,784.35,144.733,113504.66498
BNBUSDT,1753559400000,2025-07-26 19:50:00,2025-07-27 04:50:00,784.35,784.41,784.13,784.41,112.529,88248.12136
BNBUSDT,1753559700000,2025-07-26 19:55:00,2025-07-27 04:55:00,784.4,784.92,784.4,784.87,271.436,212999.46726
BNBUSDT,1753560000000,2025-07-26 20:00:00,2025-07-27 05:00:00,784.88,785,783.94,783.99,259.486,203566.20358
BNBUSDT,1753560300000,2025-07-26 20:05:00,2025-07-27 05:05:00,784,784,783.67,783.97,123.169,96551.64288
BNBUSDT,1753560600000,2025-07-26 20:10:00,2025-07-27 05:10:00,783.97,784.17,783.81,783.87,76.832,60234.62376
BNBUSDT,1753560900000,2025-07-26 20:15:00,2025-07-27 05:15:00,783.86,783.97,783.61,783.8,84.333,66100.62083
BNBUSDT,1753561200000,2025-07-26 20:20:00,2025-07-27 05:20:00,783.81,784.56,783.81,784.45,130.512,102355.25346
BNBUSDT,1753561500000,2025-07-26 20:25:00,2025-07-27 05:25:00,784.44,784.45,783.83,783.84,150.906,118332.07316
BNBUSDT,1753561800000,2025-07-26 20:30:00,2025-07-27 05:30:00,783.84,784.8,783.7,784.79,143.176,112291.34629
BNBUSDT,1753562100000,2025-07-26 20:35:00,2025-07-27 05:35:00,784.8,785.59,784.79,785.12,466.511,366347.95492
BNBUSDT,1753562400000,2025-07-26 20:40:00,2025-07-27 05:40:00,785.13,785.39,785.13,785.27,88.177,69238.59923
BNBUSDT,1753562700000,2025-07-26 20:45:00,2025-07-27 05:45:00,785.26,785.33,784.8,785.08,329.801,258861.04841
BNBUSDT,1753563000000,2025-07-26 20:50:00,2025-07-27 05:50:00,785.08,785.33,784.99,785.33,249.708,196037.24134
BNBUSDT,1753563300000,2025-07-26 20:55:00,2025-07-27 05:55:00,785.33,785.36,784.88,784.88,316.166,248257.81562
BNBUSDT,1753563600000,2025-07-26 21:00:00,2025-07-27 06:00:00,784.88,785.38,784.43,785.3,265.018,208029.31978
BNBUSDT,1753563900000,2025-07-26 21:05:00,2025-07-27 06:05:00,785.29,786.18,785.29,786.08,669.424,526041.7783
BNBUSDT,1753564200000,2025-07-26 21:10:00,2025-07-27 06:10:00,786.09,786.18,785.6,785.7,386.999,304151.33121
BNBUSDT,1753564500000,2025-07-26 21:15:00,2025-07-27 06:15:00,785.71,788,785.62,787.07,1369.418,1077815.95346
BNBUSDT,1753564800000,2025-07-26 21:20:00,2025-07-27 06:20:00,787.08,787.08,786.55,786.55,264.242,207912.16795
BNBUSDT,1753565100000,2025-07-26 21:25:00,2025-07-27 06:25:00,786.55,787,786.43,787,115.751,91055.36852
BNBUSDT,1753565400000,2025-07-26 21:30:00,2025-07-27 06:30:00,787,787.92,787,787.92,292.473,230337.92536
BNBUSDT,1753565700000,2025-07-26 21:35:00,2025-07-27 06:35:00,787.92,788.02,787.85,787.92,400.867,315858.33133
BNBUSDT,1753566000000,2025-07-26 21:40:00,2025-07-27 06:40:00,787.92,788.17,787.57,787.94,764.901,602643.33304
BNBUSDT,1753566300000,2025-07-26 21:45:00,2025-07-27 06:45:00,787.93,788.15,787.93,788.15,73.023,57547.08006
BNBUSDT,1753566600000,2025-07-26 21:50:00,2025-07-27 06:50:00,788.15,789.35,788.14,789.01,1472.907,1161861.09477
BNBUSDT,1753566900000,2025-07-26 21:55:00,2025-07-27 06:55:00,789.02,789.42,788.98,789.17,397.884,314004.27046
BNBUSDT,1753567200000,2025-07-26 22:00:00,2025-07-27 07:00:00,789.17,793.5,789.16,793.41,4055.183,3209460.05959
BNBUSDT,1753567500000,2025-07-26 22:05:00,2025-07-27 07:05:00,793.41,796.04,792.4,795.4,4112.733,3266951.37746
BNBUSDT,1753567800000,2025-07-26 22:10:00,2025-07-27 07:10:00,795.41,796.32,794.9,795.95,1206.428,959987.60386
BNBUSDT,1753568100000,2025-07-26 22:15:00,2025-07-27 07:15:00,795.96,797.4,794.87,797.33,2948.588,2347150.19213
BNBUSDT,1753568400000,2025-07-26 22:20:00,2025-07-27 07:20:00,797.34,798,795.19,795.19,2277.432,1814499.02435
BNBUSDT,1753568700000,2025-07-26 22:25:00,2025-07-27 07:25:00,795.2,795.4,793.2,793.2,1118.08,888137.93067
BNBUSDT,1753569000000,2025-07-26 22:30:00,2025-07-27 07:30:00,793.21,796.18,792.69,796.01,961.744,764165.26619
BNBUSDT,1753569300000,2025-07-26 22:35:00,2025-07-27 07:35:00,796.02,796.02,791.97,793.89,2032.633,1614965.18033
BNBUSDT,1753569600000,2025-07-26 22:40:00,2025-07-27 07:40:00,793.89,794.12,791.79,794,774.516,614062.75767
BNBUSDT,1753569900000,2025-07-26 22:45:00,2025-07-27 07:45:00,794,794.09,791.8,793.04,1113.034,882432.21419
BNBUSDT,1753570200000,2025-07-26 22:50:00,2025-07-27 07:50:00,793.01,793.3,791.24,791.42,1241.949,983682.55192
BNBUSDT,1753570500000,2025-07-26 22:55:00,2025-07-27 07:55:00,791.42,791.76,790.9,791.45,712.343,563677.67733
BNBUSDT,1753570800000,2025-07-26 23:00:00,2025-07-27 08:00:00,791.45,793.48,791.44,793.11,988.373,783497.15512
BNBUSDT,1753571100000,2025-07-26 23:05:00,2025-07-27 08:05:00,793.11,795.04,792.38,794.5,1664.764,1321481.58757
BNBUSDT,1753571400000,2025-07-26 23:10:00,2025-07-27 08:10:00,794.51,795.1,794.35,795.1,650.564,517070.07409
BNBUSDT,1753571700000,2025-07-26 23:15:00,2025-07-27 08:15:00,795.1,795.1,793.69,794.21,1504.478,1195195.25308
BNBUSDT,1753572000000,2025-07-26 23:20:00,2025-07-27 08:20:00,794.21,796.03,793.85,796.03,1366.309,1086161.66646
BNBUSDT,1753572300000,2025-07-26 23:25:00,2025-07-27 08:25:00,796.03,796.23,794.32,794.8,1691.38,1345526.98846
BNBUSDT,1753572600000,2025-07-26 23:30:00,2025-07-27 08:30:00,794.8,795.65,793.96,794.47,1937.997,1540421.72889
BNBUSDT,1753572900000,2025-07-26 23:35:00,2025-07-27 08:35:00,794.47,795.22,794.33,795.02,811.543,644914.71929
BNBUSDT,1753573200000,2025-07-26 23:40:00,2025-07-27 08:40:00,795.02,796.17,794.78,794.84,866.922,689655.81193
BNBUSDT,1753573500000,2025-07-26 23:45:00,2025-07-27 08:45:00,794.84,794.88,793.5,793.51,1395.661,1108331.98495
BNBUSDT,1753573800000,2025-07-26 23:50:00,2025-07-27 08:50:00,793.5,793.5,792.33,792.9,911.083,722435.0274
BNBUSDT,1753574100000,2025-07-26 23:55:00,2025-07-27 08:55:00,792.91,793.38,792.42,793.29,1211.414,960553.95932
BNBUSDT,1753574400000,2025-07-27 00:00:00,2025-07-27 09:00:00,793.3,793.57,792.56,793.06,766.568,607973.5017
BNBUSDT,1753574700000,2025-07-27 00:05:00,2025-07-27 09:05:00,793.06,793.68,791.04,791.58,985.838,781455.84297
BNBUSDT,1753575000000,2025-07-27 00:10:00,2025-07-27 09:10:00,791.58,794.62,791.57,794.61,697.149,552703.38682
BNBUSDT,1753575300000,2025-07-27 00:15:00,2025-07-27 09:15:00,794.61,795.16,794.11,795.16,878.271,697905.75326
BNBUSDT,1753575600000,2025-07-27 00:20:00,2025-07-27 09:20:00,795.16,796.82,795.15,796,1930.47,1537073.74057
BNBUSDT,1753575900000,2025-07-27 00:25:00,2025-07-27 09:25:00,795.99,796.57,794.69,796.57,803.237,639076.89795
BNBUSDT,1753576200000,2025-07-27 00:30:00,2025-07-27 09:30:00,796.57,797.65,796.45,797.42,886.621,706472.20125
BNBUSDT,1753576500000,2025-07-27 00:35:00,2025-07-27 09:35:00,797.42,799,796.68,797.26,2199.807,1755777.81847
BNBUSDT,1753576800000,2025-07-27 00:40:00,2025-07-27 09:40:00,797.26,797.77,796.62,797.2,1113.019,887362.43101
BNBUSDT,1753577100000,2025-07-27 00:45:00,2025-07-27 09:45:00,797.21,797.69,796.62,797.36,1042.977,831382.02338
BNBUSDT,1753577400000,2025-07-27 00:50:00,2025-07-27 09:50:00,797.36,797.77,797.25,797.3,687.512,548303.56579
BNBUSDT,1753577700000,2025-07-27 00:55:00,2025-07-27 09:55:00,797.3,797.46,796,797.19,1860.876,1482644.24874
BNBUSDT,1753578000000,2025-07-27 01:00:00,2025-07-27 10:00:00,797.2,797.84,795.79,796.28,1222.898,974288.18532
BNBUSDT,1753578300000,2025-07-27 01:05:00,2025-07-27 10:05:00,796.28,796.54,795.54,795.79,1013.883,807053.04041
BNBUSDT,1753578600000,2025-07-27 01:10:00,2025-07-27 10:10:00,795.8,797.23,795.79,797.15,1472.417,1172425.52211
BNBUSDT,1753578900000,2025-07-27 01:15:00,2025-07-27 10:15:00,797.16,797.16,796.38,796.93,576.636,459467.00817
BNBUSDT,1753579200000,2025-07-27 01:20:00,2025-07-27 10:20:00,796.93,798.43,796.93,798.18,1339.932,1069220.68592
BNBUSDT,1753579500000,2025-07-27 01:25:00,2025-07-27 10:25:00,798.18,798.5,798,798.5,585.211,467179.59436
BNBUSDT,1753579800000,2025-07-27 01:30:00,2025-07-27 10:30:00,798.5,798.97,798.5,798.88,729.393,582594.06592
BNBUSDT,1753580100000,2025-07-27 01:35:00,2025-07-27 10:35:00,798.89,799.25,797.9,798.24,2201.234,1758230.97469
BNBUSDT,1753580400000,2025-07-27 01:40:00,2025-07-27 10:40:00,798.25,798.29,797.55,798.08,816.644,651640.47981
BNBUSDT,1753580700000,2025-07-27 01:45:00,2025-07-27 10:45:00,798.09,798.09,796.75,797.11,1104.79,881001.65163
BNBUSDT,1753581000000,2025-07-27 01:50:00,2025-07-27 10:50:00,797.11,797.2,796.7,797.12,708.485,564654.90301
BNBUSDT,1753581300000,2025-07-27 01:55:00,2025-07-27 10:55:00,797.11,797.11,795.87,795.98,623.555,496718.39591
BNBUSDT,1753581600000,2025-07-27 02:00:00,2025-07-27 11:00:00,795.97,797.06,795.87,796.92,667.163,531392.31683
BNBUSDT,1753581900000,2025-07-27 02:05:00,2025-07-27 11:05:00,796.92,796.92,796.1,796.6,500.256,398403.3551
BNBUSDT,1753582200000,2025-07-27 02:10:00,2025-07-27 11:10:00,796.6,797.8,796.55,797.8,539.469,429996.21066
BNBUSDT,1753582500000,2025-07-27 02:15:00,2025-07-27 11:15:00,797.8,797.8,796.82,796.89,485.269,386899.58089
BNBUSDT,1753582800000,2025-07-27 02:20:00,2025-07-27 11:20:00,796.9,797.02,796.19,796.19,355.862,283529.32764
BNBUSDT,1753583100000,2025-07-27 02:25:00,2025-07-27 11:25:00,796.19,796.19,794.97,794.98,266.417,211936.67031
BNBUSDT,1753583400000,2025-07-27 02:30:00,2025-07-27 11:30:00,794.98,795.77,794.9,795.11,259.012,205981.99602
BNBUSDT,1753583700000,2025-07-27 02:35:00,2025-07-27 11:35:00,795.11,795.49,795.1,795.11,187.051,148757.68451
BNBUSDT,1753584000000,2025-07-27 02:40:00,2025-07-27 11:40:00,795.11,795.44,795,795,230.162,183033.43229
BNBUSDT,1753584300000,2025-07-27 02:45:00,2025-07-27 11:45:00,795,795.18,793.96,794.02,329.006,261359.17655
BNBUSDT,1753584600000,2025-07-27 02:50:00,2025-07-27 11:50:00,794.03,795.7,793.96,795.4,1115.607,886956.77011
BNBUSDT,1753584900000,2025-07-27 02:55:00,2025-07-27 11:55:00,795.4,795.4,794.77,794.88,247.329,196642.63429
BNBUSDT,1753585200000,2025-07-27 03:00:00,2025-07-27 12:00:00,794.89,796.49,794.88,796.06,254.146,202292.5801
BNBUSDT,1753585500000,2025-07-27 03:05:00,2025-07-27 12:05:00,796.06,796.29,794.62,794.65,543.205,432096.72956
BNBUSDT,1753585800000,2025-07-27 03:10:00,2025-07-27 12:10:00,794.66,794.77,793.96,794.36,539.744,428744.32446
BNBUSDT,1753586100000,2025-07-27 03:15:00,2025-07-27 12:15:00,794.36,795.2,793.84,794.59,994.01,789961.79132
BNBUSDT,1753586400000,2025-07-27 03:20:00,2025-07-27 12:20:00,794.59,795.16,794.25,794.74,263.233,209175.40837
BNBUSDT,1753586700000,2025-07-27 03:25:00,2025-07-27 12:25:00,794.74,795.1,794.73,795.1,108.188,86003.27622
BNBUSDT,1753587000000,2025-07-27 03:30:00,2025-07-27 12:30:00,795.09,795.71,795.01,795.6,230.949,183699.67431
BNBUSDT,1753587300000,2025-07-27 03:35:00,2025-07-27 12:35:00,795.6,795.7,795.04,795.05,209.442,166582.29586
BNBUSDT,1753587600000,2025-07-27 03:40:00,2025-07-27 12:40:00,795.04,795.33,795,795.32,280.471,222994.63668
BNBUSDT,1753587900000,2025-07-27 03:45:00,2025-07-27 12:45:00,795.32,795.32,794.5,794.51,305.124,242570.26949
BNBUSDT,1753588200000,2025-07-27 03:50:00,2025-07-27 12:50:00,794.51,794.55,794.21,794.22,148.944,118326.0445
BNBUSDT,1753588500000,2025-07-27 03:55:00,2025-07-27 12:55:00,794.21,794.4,794,794.28,351.762,279366.95591
BNBUSDT,1753588800000,2025-07-27 04:00:00,2025-07-27 13:00:00,794.29,795.06,794.28,794.97,464.564,369158.87753
BNBUSDT,1753589100000,2025-07-27 04:05:00,2025-07-27 13:05:00,794.97,795.34,794.77,794.77,392.985,312440.99145
BNBUSDT,1753589400000,2025-07-27 04:10:00,2025-07-27 13:10:00,794.78,795.4,794.78,795.4,128.21,101936.21024
BNBUSDT,1753589700000,2025-07-27 04:15:00,2025-07-27 13:15:00,795.4,795.55,795.23,795.55,181.584,144424.1457
BNBUSDT,1753590000000,2025-07-27 04:20:00,2025-07-27 13:20:00,795.54,796.35,794.6,795.45,1513.221,1203613.84247
BNBUSDT,1753590300000,2025-07-27 04:25:00,2025-07-27 13:25:00,795.44,795.49,794.59,794.87,267.775,212837.76213
BNBUSDT,1753590600000,2025-07-27 04:30:00,2025-07-27 13:30:00,794.87,795.89,793.44,794.76,1581.093,1256251.79413
BNBUSDT,1753590900000,2025-07-27 04:35:00,2025-07-27 13:35:00,794.75,796.43,794.62,795.9,2311.09,1838913.5583
BNBUSDT,1753591200000,2025-07-27 04:40:00,2025-07-27 13:40:00,795.9,798.12,795.6,797.31,2011.264,1602696.92531
BNBUSDT,1753591500000,2025-07-27 04:45:00,2025-07-27 13:45:00,797.31,797.68,796.6,796.6,325.635,259576.40919
BNBUSDT,1753591800000,2025-07-27 04:50:00,2025-07-27 13:50:00,796.61,797.42,796.57,797.25,316.12,251955.9817
BNBUSDT,1753592100000,2025-07-27 04:55:00,2025-07-27 13:55:00,797.26,797.3,796.2,796.3,276.698,220471.54447
BNBUSDT,1753592400000,2025-07-27 05:00:00,2025-07-27 14:00:00,796.3,796.69,796.1,796.22,263.89,210149.79378
BNBUSDT,1753592700000,2025-07-27 05:05:00,2025-07-27 14:05:00,796.22,796.49,796.09,796.32,164.021,130601.31721
BNBUSDT,1753593000000,2025-07-27 05:10:00,2025-07-27 14:10:00,796.33,796.73,795.73,795.78,209.77,167024.4218
BNBUSDT,1753593300000,2025-07-27 05:15:00,2025-07-27 14:15:00,795.78,796.05,795.54,795.91,203.762,162150.93602
BNBUSDT,1753593600000,2025-07-27 05:20:00,2025-07-27 14:20:00,795.9,796.49,795.7,795.71,695.998,554019.61247
BNBUSDT,1753593900000,2025-07-27 05:25:00,2025-07-27 14:25:00,795.71,796.04,795.41,795.75,513.691,408738.96873
BNBUSDT,1753594200000,2025-07-27 05:30:00,2025-07-27 14:30:00,795.75,795.75,794.81,794.82,381.942,303728.33817
BNBUSDT,1753594500000,2025-07-27 05:35:00,2025-07-27 14:35:00,794.82,795.09,794.5,795.08,291.06,231325.18363
BNBUSDT,1753594800000,2025-07-27 05:40:00,2025-07-27 14:40:00,795.09,795.6,794.73,795.53,1060.862,843552.96979
BNBUSDT,1753595100000,2025-07-27 05:45:00,2025-07-27 14:45:00,795.53,795.6,794.36,794.47,1086.891,863909.24238
BNBUSDT,1753595400000,2025-07-27 05:50:00,2025-07-27 14:50:00,794.46,795.84,794.46,795.54,467.22,371501.78411
BNBUSDT,1753595700000,2025-07-27 05:55:00,2025-07-27 14:55:00,795.54,797.33,795.53,797.11,350.518,279181.12592
BNBUSDT,1753596000000,2025-07-27 06:00:00,2025-07-27 15:00:00,797.12,797.12,795.9,795.91,251.878,200650.63466
BNBUSDT,1753596300000,2025-07-27 06:05:00,2025-07-27 15:05:00,795.91,797,795.67,796.79,351.533,279966.7171
BNBUSDT,1753596600000,2025-07-27 06:10:00,2025-07-27 15:10:00,796.79,797.09,796.6,797.09,489.758,390219.00923
BNBUSDT,1753596900000,2025-07-27 06:15:00,2025-07-27 15:15:00,797.09,798.6,797.08,798.15,838.429,668865.52809
BNBUSDT,1753597200000,2025-07-27 06:20:00,2025-07-27 15:20:00,798.16,799,797.65,797.83,693.066,553307.16192
BNBUSDT,1753597500000,2025-07-27 06:25:00,2025-07-27 15:25:00,797.83,797.83,796.77,796.77,293.35,233880.49114
BNBUSDT,1753597800000,2025-07-27 06:30:00,2025-07-27 15:30:00,796.78,797.09,796.36,796.65,392.444,312651.63873
BNBUSDT,1753598100000,2025-07-27 06:35:00,2025-07-27 15:35:00,796.66,798.51,796.25,797.66,890.991,710585.61288
BNBUSDT,1753598400000,2025-07-27 06:40:00,2025-07-27 15:40:00,797.65,797.76,796.54,796.59,239.275,190735.72041
BNBUSDT,1753598700000,2025-07-27 06:45:00,2025-07-27 15:45:00,796.56,796.56,795.49,795.49,630.722,502089.52316
BNBUSDT,1753599000000,2025-07-27 06:50:00,2025-07-27 15:50:00,795.49,796.14,795.1,796.14,481.915,383342.09307
BNBUSDT,1753599300000,2025-07-27 06:55:00,2025-07-27 15:55:00,796.14,796.2,795.72,795.72,204.499,162760.07206
BNBUSDT,1753599600000,2025-07-27 07:00:00,2025-07-27 16:00:00,795.73,795.73,795,795.13,280.138,222783.50411
BNBUSDT,1753599900000,2025-07-27 07:05:00,2025-07-27 16:05:00,795.14,795.6,795.13,795.6,158.934,126410.92347
BNBUSDT,1753600200000,2025-07-27 07:10:00,2025-07-27 16:10:00,795.6,796.2,795.58,795.94,303.668,241671.5146
BNBUSDT,1753600500000,2025-07-27 07:15:00,2025-07-27 16:15:00,795.94,796.65,795.93,796.31,198.306,157887.35895
BNBUSDT,1753600800000,2025-07-27 07:20:00,2025-07-27 16:20:00,796.31,796.53,796.27,796.42,138.728,110475.45742
BNBUSDT,1753601100000,2025-07-27 07:25:00,2025-07-27 16:25:00,796.41,796.87,796.33,796.42,350.846,279485.07116
BNBUSDT,1753601400000,2025-07-27 07:30:00,2025-07-27 16:30:00,796.41,797,796,796.88,457.309,364293.21762
BNBUSDT,1753601700000,2025-07-27 07:35:00,2025-07-27 16:35:00,796.88,796.89,796,796.01,202.93,161642.56045
BNBUSDT,1753602000000,2025-07-27 07:40:00,2025-07-27 16:40:00,796.01,797.28,795.96,797.28,264.787,210936.39558
BNBUSDT,1753602300000,2025-07-27 07:45:00,2025-07-27 16:45:00,797.28,797.86,796.98,797.32,361.432,288177.45631
BNBUSDT,1753602600000,2025-07-27 07:50:00,2025-07-27 16:50:00,797.33,797.53,796.66,796.66,269.562,214864.07168
BNBUSDT,1753602900000,2025-07-27 07:55:00,2025-07-27 16:55:00,796.66,796.7,796.14,796.41,494.327,393668.96947
BNBUSDT,1753603200000,2025-07-27 08:00:00,2025-07-27 17:00:00,796.41,796.55,796.02,796.03,215.472,171592.29104
BNBUSDT,1753603500000,2025-07-27 08:05:00,2025-07-27 17:05:00,796.03,796.03,795.46,795.99,257.329,204752.33182
BNBUSDT,1753603800000,2025-07-27 08:10:00,2025-07-27 17:10:00,796,796,795.73,796,384.915,306348.43122
BNBUSDT,1753604100000,2025-07-27 08:15:00,2025-07-27 17:15:00,795.99,796.48,795.78,796.48,432.572,344351.38426
BNBUSDT,1753604400000,2025-07-27 08:20:00,2025-07-27 17:20:00,796.48,796.6,795.51,795.52,341.768,272166.16915
BNBUSDT,1753604700000,2025-07-27 08:25:00,2025-07-27 17:25:00,795.51,795.51,794.6,794.69,441.801,351176.80703
BNBUSDT,1753605000000,2025-07-27 08:30:00,2025-07-27 17:30:00,794.69,794.85,793.85,794.71,967.728,768672.74131
BNBUSDT,1753605300000,2025-07-27 08:35:00,2025-07-27 17:35:00,794.72,795.59,794.59,795.59,377.403,300045.07823
BNBUSDT,1753605600000,2025-07-27 08:40:00,2025-07-27 17:40:00,795.58,797,795.47,796.93,353.718,281616.05336
BNBUSDT,1753605900000,2025-07-27 08:45:00,2025-07-27 17:45:00,796.92,797.35,796.73,797.04,1025.091,817017.22088
BNBUSDT,1753606200000,2025-07-27 08:50:00,2025-07-27 17:50:00,797.04,797.5,796.74,797.49,461.048,367505.57435
BNBUSDT,1753606500000,2025-07-27 08:55:00,2025-07-27 17:55:00,797.49,798,796.98,797.58,1523.429,1215257.55276
BNBUSDT,1753606800000,2025-07-27 09:00:00,2025-07-27 18:00:00,797.58,797.8,796.45,797.45,580.867,463126.24283
BNBUSDT,1753607100000,2025-07-27 09:05:00,2025-07-27 18:05:00,797.44,797.55,796.87,797.1,326.774,260491.39677
BNBUSDT,1753607400000,2025-07-27 09:10:00,2025-07-27 18:10:00,797.1,797.1,795.84,796,230.576,183629.50747
BNBUSDT,1753607700000,2025-07-27 09:15:00,2025-07-27 18:15:00,796.01,796.12,795.7,795.71,153.384,122075.73827
BNBUSDT,1753608000000,2025-07-27 09:20:00,2025-07-27 18:20:00,795.71,796.26,795.44,796.18,250.531,199367.58933
BNBUSDT,1753608300000,2025-07-27 09:25:00,2025-07-27 18:25:00,796.18,796.25,795.95,796.11,141.19,112395.85917
BNBUSDT,1753608600000,2025-07-27 09:30:00,2025-07-27 18:30:00,796.11,796.2,795.04,795.68,639.076,508464.99501
BNBUSDT,1753608900000,2025-07-27 09:35:00,2025-07-27 18:35:00,795.68,796.35,795.68,795.77,251.867,200508.64059
BNBUSDT,1753609200000,2025-07-27 09:40:00,2025-07-27 18:40:00,795.77,795.83,794.71,795.13,422.863,336290.30041
BNBUSDT,1753609500000,2025-07-27 09:45:00,2025-07-27 18:45:00,795.13,795.25,794.68,794.81,262.607,208753.83824
BNBUSDT,1753609800000,2025-07-27 09:50:00,2025-07-27 18:50:00,794.8,794.93,794.28,794.29,313.112,248821.2128
BNBUSDT,1753610100000,2025-07-27 09:55:00,2025-07-27 18:55:00,794.28,794.29,792.12,793.4,1251.087,992125.92754
BNBUSDT,1753610400000,2025-07-27 10:00:00,2025-07-27 19:00:00,793.4,794.4,793.3,794.25,371.988,295337.54226
BNBUSDT,1753610700000,2025-07-27 10:05:00,2025-07-27 19:05:00,794.25,794.4,794.09,794.4,184.972,146916.29387
BNBUSDT,1753611000000,2025-07-27 10:10:00,2025-07-27 19:10:00,794.4,794.75,794.38,794.68,153.959,122329.46492
BNBUSDT,1753611300000,2025-07-27 10:15:00,2025-07-27 19:15:00,794.69,795.49,794.63,795.49,515.466,409777.80443
BNBUSDT,1753611600000,2025-07-27 10:20:00,2025-07-27 19:20:00,795.5,796.2,795.16,796.2,250.492,199286.06929
BNBUSDT,1753611900000,2025-07-27 10:25:00,2025-07-27 19:25:00,796.2,796.6,795.82,796.42,244.32,194554.66734
BNBUSDT,1753612200000,2025-07-27 10:30:00,2025-07-27 19:30:00,796.42,796.42,795.04,795.05,398.286,316932.33922
BNBUSDT,1753612500000,2025-07-27 10:35:00,2025-07-27 19:35:00,795.04,796,795.01,796,151.063,120171.14113
BNBUSDT,1753612800000,2025-07-27 10:40:00,2025-07-27 19:40:00,796,797.46,795.99,797.3,727.41,579695.65205
BNBUSDT,1753613100000,2025-07-27 10:45:00,2025-07-27 19:45:00,797.31,798.57,796.83,798.52,635.489,506830.69591
BNBUSDT,1753613400000,2025-07-27 10:50:00,2025-07-27 19:50:00,798.52,798.71,797.77,798.03,640.207,511071.87837
BNBUSDT,1753613700000,2025-07-27 10:55:00,2025-07-27 19:55:00,798.03,798.5,796.98,797.75,815.472,650691.46697
BNBUSDT,1753614000000,2025-07-27 11:00:00,2025-07-27 20:00:00,797.76,798.17,797.1,798.17,534.437,426155.33099
BNBUSDT,1753614300000,2025-07-27 11:05:00,2025-07-27 20:05:00,798.17,798.68,797.8,798.37,542.759,433278.87962
BNBUSDT,1753614600000,2025-07-27 11:10:00,2025-07-27 20:10:00,798.36,799.34,798.25,799.01,586.392,468447.10575
BNBUSDT,1753614900000,2025-07-27 11:15:00,2025-07-27 20:15:00,799.01,799.4,797.4,797.4,447.966,357805.91608
BNBUSDT,1753615200000,2025-07-27 11:20:00,2025-07-27 20:20:00,797.4,798.22,796.9,798.22,994.588,793256.58132
BNBUSDT,1753615500000,2025-07-27 11:25:00,2025-07-27 20:25:00,798.22,798.56,797.93,798.3,436.973,348804.89037
BNBUSDT,1753615800000,2025-07-27 11:30:00,2025-07-27 20:30:00,798.3,798.89,798,798.58,724.286,578157.87127
BNBUSDT,1753616100000,2025-07-27 11:35:00,2025-07-27 20:35:00,798.58,798.79,797.15,797.15,1457.05,1163330.36747
BNBUSDT,1753616400000,2025-07-27 11:40:00,2025-07-27 20:40:00,797.16,797.73,796.64,796.72,436.381,347833.63304
BNBUSDT,1753616700000,2025-07-27 11:45:00,2025-07-27 20:45:00,796.73,796.92,796,796.42,533.522,424877.96498
BNBUSDT,1753617000000,2025-07-27 11:50:00,2025-07-27 20:50:00,796.43,797.37,796.19,797.09,338.691,269786.40949
BNBUSDT,1753617300000,2025-07-27 11:55:00,2025-07-27 20:55:00,797.08,797.09,796.15,796.7,268.426,213805.43884
BNBUSDT,1753617600000,2025-07-27 12:00:00,2025-07-27 21:00:00,796.71,797.4,796.2,796.21,757.452,603434.69979
BNBUSDT,1753617900000,2025-07-27 12:05:00,2025-07-27 21:05:00,796.2,797.19,796,797.19,545.308,434291.23971
BNBUSDT,1753618200000,2025-07-27 12:10:00,2025-07-27 21:10:00,797.2,797.69,796.56,797.33,361.081,287831.45782
BNBUSDT,1753618500000,2025-07-27 12:15:00,2025-07-27 21:15:00,797.34,797.56,796.16,796.17,429.26,341979.32956
BNBUSDT,1753618800000,2025-07-27 12:20:00,2025-07-27 21:20:00,796.17,796.45,795.97,796.3,314.181,250128.03034
BNBUSDT,1753619100000,2025-07-27 12:25:00,2025-07-27 21:25:00,796.31,796.4,794.81,794.81,710.259,564921.19916
BNBUSDT,1753619400000,2025-07-27 12:30:00,2025-07-27 21:30:00,794.82,796.49,794.4,794.4,567.469,451348.41586
BNBUSDT,1753619700000,2025-07-27 12:35:00,2025-07-27 21:35:00,794.41,794.45,793.6,793.88,539.012,428016.15602
BNBUSDT,1753620000000,2025-07-27 12:40:00,2025-07-27 21:40:00,793.88,795.28,793.67,794.67,549.42,436483.24492
BNBUSDT,1753620300000,2025-07-27 12:45:00,2025-07-27 21:45:00,794.67,795.53,794.66,795.18,635.189,505113.91952
BNBUSDT,1753620600000,2025-07-27 12:50:00,2025-07-27 21:50:00,795.18,795.53,794.81,795.36,334.588,266058.18429
BNBUSDT,1753620900000,2025-07-27 12:55:00,2025-07-27 21:55:00,795.36,795.45,795.33,795.39,172.869,137499.69545
BNBUSDT,1753621200000,2025-07-27 13:00:00,2025-07-27 22:00:00,795.39,795.62,794.53,795.15,743.237,591062.42246
BNBUSDT,1753621500000,2025-07-27 13:05:00,2025-07-27 22:05:00,795.14,795.15,794.58,794.9,351.074,279030.14858
BNBUSDT,1753621800000,2025-07-27 13:10:00,2025-07-27 22:10:00,794.9,795.31,794.89,795.17,201.928,160565.04035
BNBUSDT,1753622100000,2025-07-27 13:15:00,2025-07-27 22:15:00,795.17,795.3,794.66,795.21,442.684,351903.58541
BNBUSDT,1753622400000,2025-07-27 13:20:00,2025-07-27 22:20:00,795.21,795.36,794.89,795.18,180.776,143729.95629
BNBUSDT,1753622700000,2025-07-27 13:25:00,2025-07-27 22:25:00,795.17,796.13,795.17,795.86,246.626,196254.41943
BNBUSDT,1753623000000,2025-07-27 13:30:00,2025-07-27 22:30:00,795.86,795.91,794,794.39,564.811,448834.46792
BNBUSDT,1753623300000,2025-07-27 13:35:00,2025-07-27 22:35:00,794.4,794.83,794.06,794.82,250.2,198740.20775
BNBUSDT,1753623600000,2025-07-27 13:40:00,2025-07-27 22:40:00,794.83,794.83,794.32,794.66,236.043,187562.93699
BNBUSDT,1753623900000,2025-07-27 13:45:00,2025-07-27 22:45:00,794.66,794.66,794.13,794.17,255.48,202939.68782
BNBUSDT,1753624200000,2025-07-27 13:50:00,2025-07-27 22:50:00,794.17,794.18,793.4,793.69,446.592,354543.57687
BNBUSDT,1753624500000,2025-07-27 13:55:00,2025-07-27 22:55:00,793.68,794.29,793.61,794.28,197.373,156706.13632
BNBUSDT,1753624800000,2025-07-27 14:00:00,2025-07-27 23:00:00,794.27,795.57,794.1,794.98,591.927,470479.80781
BNBUSDT,1753625100000,2025-07-27 14:05:00,2025-07-27 23:05:00,794.99,795.27,794.56,795.27,223.156,177377.57929
BNBUSDT,1753625400000,2025-07-27 14:10:00,2025-07-27 23:10:00,795.27,795.29,794.45,794.79,253.986,201872.96475
BNBUSDT,1753625700000,2025-07-27 14:15:00,2025-07-27 23:15:00,794.8,795.6,794.73,795.6,213.056,169437.74041
BNBUSDT,1753626000000,2025-07-27 14:20:00,2025-07-27 23:20:00,795.6,795.85,795.41,795.76,171.022,136068.8453
BNBUSDT,1753626300000,2025-07-27 14:25:00,2025-07-27 23:25:00,795.76,796.99,795.65,796.82,670.956,534397.95726
BNBUSDT,1753626600000,2025-07-27 14:30:00,2025-07-27 23:30:00,796.81,796.86,796.13,796.4,249.78,198923.34981
BNBUSDT,1753626900000,2025-07-27 14:35:00,2025-07-27 23:35:00,796.4,797.33,796.39,796.76,571.573,455468.48895
BNBUSDT,1753627200000,2025-07-27 14:40:00,2025-07-27 23:40:00,796.77,797.78,796.76,797.48,736.854,587593.83106
BNBUSDT,1753627500000,2025-07-27 14:45:00,2025-07-27 23:45:00,797.49,797.77,795.96,797.68,847.532,675653.87797
BNBUSDT,1753627800000,2025-07-27 14:50:00,2025-07-27 23:50:00,797.68,798.19,797.07,798.17,1499.15,1196138.46416
BNBUSDT,1753628100000,2025-07-27 14:55:00,2025-07-27 23:55:00,798.17,799.1,797.3,797.31,870.937,695457.34352
BNBUSDT,1753628400000,2025-07-27 15:00:00,2025-07-28 00:00:00,797.32,797.37,796.6,797.32,566.777,451715.16491
BNBUSDT,1753628700000,2025-07-27 15:05:00,2025-07-28 00:05:00,797.32,797.9,796.61,796.64,668.036,532653.93998
BNBUSDT,1753629000000,2025-07-27 15:10:00,2025-07-28 00:10:00,796.63,797.52,796.12,797.1,440.783,351265.40364
BNBUSDT,1753629300000,2025-07-27 15:15:00,2025-07-28 00:15:00,797.09,797.6,796.38,797.59,444.031,353838.72792
BNBUSDT,1753629600000,2025-07-27 15:20:00,2025-07-28 00:20:00,797.6,799.9,797.12,799.64,1651.208,1319081.15614
BNBUSDT,1753629900000,2025-07-27 15:25:00,2025-07-28 00:25:00,799.65,799.92,798.21,798.76,1108.561,885681.53869
BNBUSDT,1753630200000,2025-07-27 15:30:00,2025-07-28 00:30:00,798.76,798.8,797.41,798.34,453.547,362007.87313
BNBUSDT,1753630500000,2025-07-27 15:35:00,2025-07-28 00:35:00,798.34,798.34,795,796.12,775.594,617626.87175
BNBUSDT,1753630800000,2025-07-27 15:40:00,2025-07-28 00:40:00,796.11,800,795.69,799.24,5086.96,4060156.72996
BNBUSDT,1753631100000,2025-07-27 15:45:00,2025-07-28 00:45:00,799.24,804.59,799.12,804.22,7796.26,6248153.22801
BNBUSDT,1753631400000,2025-07-27 15:50:00,2025-07-28 00:50:00,804.22,807.41,803.93,806.59,10304.763,8305943.0363
BNBUSDT,1753631700000,2025-07-27 15:55:00,2025-07-28 00:55:00,806.64,816.6,805.95,814.98,23777.8929,19290395.7139163
BNBUSDT,1753632000000,2025-07-27 16:00:00,2025-07-28 01:00:00,814.98,819.25,813.23,815.58,13219.243,10796368.38764
BNBUSDT,1753632300000,2025-07-27 16:05:00,2025-07-28 01:05:00,815.57,819.6,812.55,817.32,8265.893,6745639.56963
BNBUSDT,1753632600000,2025-07-27 16:10:00,2025-07-28 01:10:00,817.33,819.8,816.3,818.41,5208.418,4263815.16539
BNBUSDT,1753632900000,2025-07-27 16:15:00,2025-07-28 01:15:00,818.4,821.3,816.42,820.2,8865.265,7262659.192
BNBUSDT,1753633200000,2025-07-27 16:20:00,2025-07-28 01:20:00,820.19,827.25,819.38,824.55,14419.8922,11887581.52092
BNBUSDT,1753633500000,2025-07-27 16:25:00,2025-07-28 01:25:00,824.55,826.38,821.65,822.13,6134.453,5053889.1159
BNBUSDT,1753633800000,2025-07-27 16:30:00,2025-07-28 01:30:00,822.14,823.99,820.75,822.66,5147.303,4232618.42677
BNBUSDT,1753634100000,2025-07-27 16:35:00,2025-07-28 01:35:00,822.65,825.55,820.8,821.75,4801.766,3951669.62655
BNBUSDT,1753634400000,2025-07-27 16:40:00,2025-07-28 01:40:00,821.75,823.22,818.46,818.5,4744.703,3893525.74061
BNBUSDT,1753634700000,2025-07-27 16:45:00,2025-07-28 01:45:00,818.5,819.85,817.8,818.65,2112.846,1730027.45651
BNBUSDT,1753635000000,2025-07-27 16:50:00,2025-07-28 01:50:00,818.64,818.89,816.88,817.39,2531.96,2070808.45862
BNBUSDT,1753635300000,2025-07-27 16:55:00,2025-07-28 01:55:00,817.39,819.45,816.07,818.65,2716.001,2220134.4025
BNBUSDT,1753635600000,2025-07-27 17:00:00,2025-07-28 02:00:00,818.65,819.37,816.55,818.75,1805.736,1477056.5558
BNBUSDT,1753635900000,2025-07-27 17:05:00,2025-07-28 02:05:00,818.75,821.4,818.22,819.49,2034.436,1668766.16565
BNBUSDT,1753636200000,2025-07-27 17:10:00,2025-07-28 02:10:00,819.5,822.9,819.5,821.11,2644.19,2172377.00946
BNBUSDT,1753636500000,2025-07-27 17:15:00,2025-07-28 02:15:00,821.11,821.34,817.57,817.71,2019.785,1655280.61508
BNBUSDT,1753636800000,2025-07-27 17:20:00,2025-07-28 02:20:00,817.7,820.89,816.95,820.69,1783.099,1460099.62059
BNBUSDT,1753637100000,2025-07-27 17:25:00,2025-07-28 02:25:00,820.69,824.66,820.68,823.65,2513.769,2068172.6944
BNBUSDT,1753637400000,2025-07-27 17:30:00,2025-07-28 02:30:00,823.65,825.72,823.64,824.88,3343.187,2757939.62097
BNBUSDT,1753637700000,2025-07-27 17:35:00,2025-07-28 02:35:00,824.88,825.11,823.36,823.83,1482.539,1222352.92599
BNBUSDT,1753638000000,2025-07-27 17:40:00,2025-07-28 02:40:00,823.82,824.46,823.48,824,1189.133,979943.74024
BNBUSDT,1753638300000,2025-07-27 17:45:00,2025-07-28 02:45:00,824,824.44,822.84,823.22,875.772,721473.25647
BNBUSDT,1753638600000,2025-07-27 17:50:00,2025-07-28 02:50:00,823.22,824.28,822.47,823.2,1010.033,831336.50062
BNBUSDT,1753638900000,2025-07-27 17:55:00,2025-07-28 02:55:00,823.18,824.17,822.79,822.79,663.533,546480.75724
BNBUSDT,1753639200000,2025-07-27 18:00:00,2025-07-28 03:00:00,822.78,825.77,822.54,825.77,1925.974,1587877.64845
BNBUSDT,1753639500000,2025-07-27 18:05:00,2025-07-28 03:05:00,825.77,826,824.26,824.5,1034.563,853747.90112
BNBUSDT,1753639800000,2025-07-27 18:10:00,2025-07-28 03:10:00,824.51,824.51,823.16,823.61,1483.788,1222240.99681
BNBUSDT,1753640100000,2025-07-27 18:15:00,2025-07-28 03:15:00,823.61,827,823.2,825.85,1273.668,1051439.43526
BNBUSDT,1753640400000,2025-07-27 18:20:00,2025-07-28 03:20:00,825.85,826.08,824.7,826.07,883.117,728875.2388
BNBUSDT,1753640700000,2025-07-27 18:25:00,2025-07-28 03:25:00,826.08,826.64,825.29,826.37,817.137,675026.14744
BNBUSDT,1753641000000,2025-07-27 18:30:00,2025-07-28 03:30:00,826.37,826.5,824.79,825.59,1030.738,850719.80957
BNBUSDT,1753641300000,2025-07-27 18:35:00,2025-07-28 03:35:00,825.58,825.76,824.43,824.71,1004.33,828740.86139
BNBUSDT,1753641600000,2025-07-27 18:40:00,2025-07-28 03:40:00,824.71,824.83,823.5,823.7,907.011,747661.24425
BNBUSDT,1753641900000,2025-07-27 18:45:00,2025-07-28 03:45:00,823.71,824.38,823.2,824.22,491.252,404736.17346
BNBUSDT,1753642200000,2025-07-27 18:50:00,2025-07-28 03:50:00,824.22,825.2,823.74,824.43,772.964,637224.16505
BNBUSDT,1753642500000,2025-07-27 18:55:00,2025-07-28 03:55:00,824.43,828,824.4,826.94,1795.094,1483967.84788
BNBUSDT,1753642800000,2025-07-27 19:00:00,2025-07-28 04:00:00,826.94,828.64,825.88,826.61,1491.87,1234675.29411
BNBUSDT,1753643100000,2025-07-27 19:05:00,2025-07-28 04:05:00,826.61,827.86,825.6,827.85,732.85,605784.85774
BNBUSDT,1753643400000,2025-07-27 19:10:00,2025-07-28 04:10:00,827.86,828.68,827.11,828.36,957.7,792841.68506
BNBUSDT,1753643700000,2025-07-27 19:15:00,2025-07-28 04:15:00,828.37,828.47,825.5,825.74,729.036,602365.58971
BNBUSDT,1753644000000,2025-07-27 19:20:00,2025-07-28 04:20:00,825.75,826.4,824.88,826.3,451.491,372750.75036
BNBUSDT,1753644300000,2025-07-27 19:25:00,2025-07-28 04:25:00,826.29,827.98,825.33,827.97,660.48,545829.64431
BNBUSDT,1753644600000,2025-07-27 19:30:00,2025-07-28 04:30:00,827.98,830,827.97,828.92,4494.102,3728036.1002
BNBUSDT,1753644900000,2025-07-27 19:35:00,2025-07-28 04:35:00,828.92,831,828.29,830.19,6205.858,5150227.32904
BNBUSDT,1753645200000,2025-07-27 19:40:00,2025-07-28 04:40:00,830.2,830.69,829.7,830.09,2189.911,1817947.208
BNBUSDT,1753645500000,2025-07-27 19:45:00,2025-07-28 04:45:00,830.09,830.3,829.05,829.31,767.923,637194.50496
BNBUSDT,1753645800000,2025-07-27 19:50:00,2025-07-28 04:50:00,829.33,830.39,828.73,828.76,1098.815,911578.58322
BNBUSDT,1753646100000,2025-07-27 19:55:00,2025-07-28 04:55:00,828.76,830.59,828.15,830.35,1773.548,1471218.03394
BNBUSDT,1753646400000,2025-07-27 20:00:00,2025-07-28 05:00:00,830.35,830.41,828.9,829.37,837.367,694736.40971
BNBUSDT,1753646700000,2025-07-27 20:05:00,2025-07-28 05:05:00,829.37,830.31,828.9,829.66,1530.581,1269759.57659
BNBUSDT,1753647000000,2025-07-27 20:10:00,2025-07-28 05:10:00,829.65,830.39,829.41,829.82,1201.836,997474.23926
BNBUSDT,1753647300000,2025-07-27 20:15:00,2025-07-28 05:15:00,829.82,829.96,827.88,828.33,1044.494,865874.72477
BNBUSDT,1753647600000,2025-07-27 20:20:00,2025-07-28 05:20:00,828.33,829.54,828.33,829.25,867.522,719313.89324
BNBUSDT,1753647900000,2025-07-27 20:25:00,2025-07-28 05:25:00,829.25,830.1,828.91,830.09,1098.903,911387.18922
BNBUSDT,1753648200000,2025-07-27 20:30:00,2025-07-28 05:30:00,830.1,830.39,829,829,857.594,711614.9907
BNBUSDT,1753648500000,2025-07-27 20:35:00,2025-07-28 05:35:00,829,829.15,827.42,827.79,1028.234,851609.83231
BNBUSDT,1753648800000,2025-07-27 20:40:00,2025-07-28 05:40:00,827.78,828.62,827.5,828.35,663.78,549790.86698
BNBUSDT,1753649100000,2025-07-27 20:45:00,2025-07-28 05:45:00,828.35,829.98,827.69,827.87,1300.769,1078383.56199
BNBUSDT,1753649400000,2025-07-27 20:50:00,2025-07-28 05:50:00,827.86,829.4,827.5,829.1,1064.413,882278.85082
BNBUSDT,1753649700000,2025-07-27 20:55:00,2025-07-28 05:55:00,829.11,830.7,828.31,830.49,2093.72,1737994.65647
BNBUSDT,1753650000000,2025-07-27 21:00:00,2025-07-28 06:00:00,830.48,834,820.11,831.36,21246.1081,17642283.41811
BNBUSDT,1753650300000,2025-07-27 21:05:00,2025-07-28 06:05:00,831.35,832.41,830.8,832.15,3623.922,3014443.97957
BNBUSDT,1753650600000,2025-07-27 21:10:00,2025-07-28 06:10:00,832.16,832.36,828.86,828.9,2857.932,2375756.37049
BNBUSDT,1753650900000,2025-07-27 21:15:00,2025-07-28 06:15:00,828.9,831.72,828.63,831.33,1573.726,1306650.8217
BNBUSDT,1753651200000,2025-07-27 21:20:00,2025-07-28 06:20:00,831.34,832.69,831.33,832.68,1649.614,1372808.69867
BNBUSDT,1753651500000,2025-07-27 21:25:00,2025-07-28 06:25:00,832.69,832.69,830.65,831.52,1200.012,998450.26939
BNBUSDT,1753651800000,2025-07-27 21:30:00,2025-07-28 06:30:00,831.51,832.1,830.89,831.45,1014.664,843606.47636
BNBUSDT,1753652100000,2025-07-27 21:35:00,2025-07-28 06:35:00,831.45,832.38,831.45,832.12,992.345,825672.74971
BNBUSDT,1753652400000,2025-07-27 21:40:00,2025-07-28 06:40:00,832.12,832.43,830.85,830.86,1138.231,946843.19713
BNBUSDT,1753652700000,2025-07-27 21:45:00,2025-07-28 06:45:00,830.86,832.4,830.86,832.4,607.456,505159.70859
BNBUSDT,1753653000000,2025-07-27 21:50:00,2025-07-28 06:50:00,832.41,834,832.4,833.39,3700.331,3083063.49578
BNBUSDT,1753653300000,2025-07-27 21:55:00,2025-07-28 06:55:00,833.38,839.9,833.2,838.42,6198.387,5185534.00354
BNBUSDT,1753653600000,2025-07-27 22:00:00,2025-07-28 07:00:00,838.42,844.11,837.4,842.92,8303.85,6980994.3933
BNBUSDT,1753653900000,2025-07-27 22:05:00,2025-07-28 07:05:00,842.93,847.12,842.93,845.7,7185.8323,6076323.41653
BNBUSDT,1753654200000,2025-07-27 22:10:00,2025-07-28 07:10:00,845.71,845.71,843.35,845.08,2165.391,1828566.20397
BNBUSDT,1753654500000,2025-07-27 22:15:00,2025-07-28 07:15:00,845.08,845.45,842.3,843.51,2027.412,1711124.03507
BNBUSDT,1753654800000,2025-07-27 22:20:00,2025-07-28 07:20:00,843.5,844.95,843.44,844.25,1312.574,1108240.9048
BNBUSDT,1753655100000,2025-07-27 22:25:00,2025-07-28 07:25:00,844.24,844.24,840.93,841.36,2847.644,2397643.13512
BNBUSDT,1753655400000,2025-07-27 22:30:00,2025-07-28 07:30:00,841.36,842.53,840.51,840.85,2032.792,1710443.15058
BNBUSDT,1753655700000,2025-07-27 22:35:00,2025-07-28 07:35:00,840.84,841.4,840.18,840.76,856.217,719813.48629
BNBUSDT,1753656000000,2025-07-27 22:40:00,2025-07-28 07:40:00,840.76,840.9,839.71,839.73,1077.268,905292.23048
BNBUSDT,1753656300000,2025-07-27 22:45:00,2025-07-28 07:45:00,839.73,841.24,839.01,840.65,1333.531,1120701.16642
BNBUSDT,1753656600000,2025-07-27 22:50:00,2025-07-28 07:50:00,840.65,841.13,839.19,839.29,1079.55,906933.41916
BNBUSDT,1753656900000,2025-07-27 22:55:00,2025-07-28 07:55:00,839.29,840.31,838.74,839.84,910.062,763741.64948
BNBUSDT,1753657200000,2025-07-27 23:00:00,2025-07-28 08:00:00,839.84,840.48,839.3,839.4,831.329,698145.0445
BNBUSDT,1753657500000,2025-07-27 23:05:00,2025-07-28 08:05:00,839.4,843.06,838.71,842.33,2273.706,1913952.28275
BNBUSDT,1753657800000,2025-07-27 23:10:00,2025-07-28 08:10:00,842.33,842.68,840,840.63,1197.984,1007638.33272
BNBUSDT,1753658100000,2025-07-27 23:15:00,2025-07-28 08:15:00,840.63,842.29,840.15,841.89,1325.545,1114931.82019
BNBUSDT,1753658400000,2025-07-27 23:20:00,2025-07-28 08:20:00,841.89,842.25,840.9,841.9,650.283,547214.30683
BNBUSDT,1753658700000,2025-07-27 23:25:00,2025-07-28 08:25:00,841.91,843.56,841.9,842.25,1571.269,1324064.16411
BNBUSDT,1753659000000,2025-07-27 23:30:00,2025-07-28 08:30:00,842.26,842.69,841.26,841.95,1333.069,1122503.63905
BNBUSDT,1753659300000,2025-07-27 23:35:00,2025-07-28 08:35:00,841.94,844.84,841.75,844.12,1531.67,1292184.26271
BNBUSDT,1753659600000,2025-07-27 23:40:00,2025-07-28 08:40:00,844.11,845.41,843.77,844.83,3363.098,2841001.68078
BNBUSDT,1753659900000,2025-07-27 23:45:00,2025-07-28 08:45:00,844.84,845.17,841.92,842.65,830.854,700760.43863
BNBUSDT,1753660200000,2025-07-27 23:50:00,2025-07-28 08:50:00,842.66,844.35,842.09,843.69,1348.78,1137187.52213
BNBUSDT,1753660500000,2025-07-27 23:55:00,2025-07-28 08:55:00,843.7,844.35,841.69,844,1646.437,1388217.65101
BNBUSDT,1753660800000,2025-07-28 00:00:00,2025-07-28 09:00:00,844,844.37,841.83,843.87,2390.54,2015582.08153
BNBUSDT,1753661100000,2025-07-28 00:05:00,2025-07-28 09:05:00,843.87,845.86,842.92,844.28,2899.792,2449568.41737
BNBUSDT,1753661400000,2025-07-28 00:10:00,2025-07-28 09:10:00,844.29,844.39,841.36,842.9,1108.537,934357.28791
BNBUSDT,1753661700000,2025-07-28 00:15:00,2025-07-28 09:15:00,842.89,845.7,842.37,845.7,1076.94,908555.51071
BNBUSDT,1753662000000,2025-07-28 00:20:00,2025-07-28 09:20:00,845.71,847.64,844.52,845.24,2385.189,2018445.16101
BNBUSDT,1753662300000,2025-07-28 00:25:00,2025-07-28 09:25:00,845.24,846.21,842.35,842.64,3920.209,3311900.66938
BNBUSDT,1753662600000,2025-07-28 00:30:00,2025-07-28 09:30:00,842.65,842.92,841.49,842.17,1179.429,993043.21338
BNBUSDT,1753662900000,2025-07-28 00:35:00,2025-07-28 09:35:00,842.17,845.21,841.88,845.21,1924.177,1623404.81732
BNBUSDT,1753663200000,2025-07-28 00:40:00,2025-07-28 09:40:00,845.21,847.14,844.69,845.37,4889.126,4135711.24434
BNBUSDT,1753663500000,2025-07-28 00:45:00,2025-07-28 09:45:00,845.37,845.98,842.87,843.26,2247.886,1898595.9004
BNBUSDT,1753663800000,2025-07-28 00:50:00,2025-07-28 09:50:00,843.27,847.96,843.11,844.16,4228.188,3578060.245
BNBUSDT,1753664100000,2025-07-28 00:55:00,2025-07-28 09:55:00,844.17,844.17,841.57,842.3,2049.5,1726716.91686
BNBUSDT,1753664400000,2025-07-28 01:00:00,2025-07-28 10:00:00,842.32,843.24,841.06,842.84,2281.257,1920745.25011
BNBUSDT,1753664700000,2025-07-28 01:05:00,2025-07-28 10:05:00,842.84,844.32,842.4,843.94,1511.239,1274634.62402
BNBUSDT,1753665000000,2025-07-28 01:10:00,2025-07-28 10:10:00,843.94,844.85,843.07,844.84,942.067,795357.39455
BNBUSDT,1753665300000,2025-07-28 01:15:00,2025-07-28 10:15:00,844.85,845.63,844.23,845.62,1659.357,1402241.143
BNBUSDT,1753665600000,2025-07-28 01:20:00,2025-07-28 10:20:00,845.62,847.3,844.12,846.04,2418.595,2046374.06348
BNBUSDT,1753665900000,2025-07-28 01:25:00,2025-07-28 10:25:00,846.03,846.69,844.44,844.81,903.463,764073.05206
BNBUSDT,1753666200000,2025-07-28 01:30:00,2025-07-28 10:30:00,844.82,846.2,843.78,844.73,1066.75,901434.11067
BNBUSDT,1753666500000,2025-07-28 01:35:00,2025-07-28 10:35:00,844.73,844.86,841.91,842.07,1397.686,1177789.41066
BNBUSDT,1753666800000,2025-07-28 01:40:00,2025-07-28 10:40:00,842.07,844.27,841.65,842.85,1673.841,1411285.01651
BNBUSDT,1753667100000,2025-07-28 01:45:00,2025-07-28 10:45:00,842.85,844.6,842.41,844.6,1505.4,1269731.71969
BNBUSDT,1753667400000,2025-07-28 01:50:00,2025-07-28 10:50:00,844.59,844.59,842.52,842.83,1513.475,1276895.28044
BNBUSDT,1753667700000,2025-07-28 01:55:00,2025-07-28 10:55:00,842.84,845.68,842.64,845.31,1414.153,1194059.41257
BNBUSDT,1753668000000,2025-07-28 02:00:00,2025-07-28 11:00:00,845.31,846.46,843.98,846.07,2123.935,1795154.22598
BNBUSDT,1753668300000,2025-07-28 02:05:00,2025-07-28 11:05:00,846.07,847.56,846,847.07,3992.63,3380842.81589
BNBUSDT,1753668600000,2025-07-28 02:10:00,2025-07-28 11:10:00,847.08,848.99,846.39,848.85,4213.4149,3571688.60207
BNBUSDT,1753668900000,2025-07-28 02:15:00,2025-07-28 11:15:00,848.85,849.98,847.56,848.81,4154.8508,3527494.50607
BNBUSDT,1753669200000,2025-07-28 02:20:00,2025-07-28 11:20:00,848.82,849.5,848.36,849.13,2604.201,2211675.22952
BNBUSDT,1753669500000,2025-07-28 02:25:00,2025-07-28 11:25:00,849.14,849.9,848.72,849.75,1931.118,1640017.43048
BNBUSDT,1753669800000,2025-07-28 02:30:00,2025-07-28 11:30:00,849.74,855.01,849.73,852.8,15707.1308,13380301.72123
BNBUSDT,1753670100000,2025-07-28 02:35:00,2025-07-28 11:35:00,852.8,852.8,849.13,849.18,2316.787,1972534.91798
BNBUSDT,1753670400000,2025-07-28 02:40:00,2025-07-28 11:40:00,849.17,849.2,844.59,845.3,3100.785,2623188.41414
BNBUSDT,1753670700000,2025-07-28 02:45:00,2025-07-28 11:45:00,845.3,846.94,844.32,844.82,1421.047,1201672.97793
BNBUSDT,1753671000000,2025-07-28 02:50:00,2025-07-28 11:50:00,844.81,844.81,842.52,843.38,3401.866,2868380.26049
BNBUSDT,1753671300000,2025-07-28 02:55:00,2025-07-28 11:55:00,843.38,843.7,842.5,843.16,970.423,818213.93504
BNBUSDT,1753671600000,2025-07-28 03:00:00,2025-07-28 12:00:00,843.16,845.23,842.56,844.52,1382.254,1166285.28526
BNBUSDT,1753671900000,2025-07-28 03:05:00,2025-07-28 12:05:00,844.52,845.52,844.1,845.06,1532.901,1294975.10894
BNBUSDT,1753672200000,2025-07-28 03:10:00,2025-07-28 12:10:00,845.05,845.47,843.36,843.43,698.8,590213.0025
BNBUSDT,1753672500000,2025-07-28 03:15:00,2025-07-28 12:15:00,843.43,844.3,842.5,843.79,1808.803,1524935.56548
BNBUSDT,1753672800000,2025-07-28 03:20:00,2025-07-28 12:20:00,843.79,845.28,843.79,844.09,625.691,528342.63885
BNBUSDT,1753673100000,2025-07-28 03:25:00,2025-07-28 12:25:00,844.09,845.29,843.28,844.19,1079.971,911719.12192
BNBUSDT,1753673400000,2025-07-28 03:30:00,2025-07-28 12:30:00,844.2,845.73,843.96,844.46,751.192,634636.5691
BNBUSDT,1753673700000,2025-07-28 03:35:00,2025-07-28 12:35:00,844.49,845.12,842.85,842.86,1118.717,944412.82151
BNBUSDT,1753674000000,2025-07-28 03:40:00,2025-07-28 12:40:00,842.86,842.94,840.11,840.64,6976.538,5874277.85422
BNBUSDT,1753674300000,2025-07-28 03:45:00,2025-07-28 12:45:00,840.65,841.93,840.57,841.21,1342.848,1129484.40092
BNBUSDT,1753674600000,2025-07-28 03:50:00,2025-07-28 12:50:00,841.21,841.21,839.78,840.03,2509.07,2108298.03356
BNBUSDT,1753674900000,2025-07-28 03:55:00,2025-07-28 12:55:00,840.03,841.87,839.74,841.67,908.571,764005.38349
BNBUSDT,1753675200000,2025-07-28 04:00:00,2025-07-28 13:00:00,841.67,844.42,841.67,844.31,1224.143,1032485.46484
BNBUSDT,1753675500000,2025-07-28 04:05:00,2025-07-28 13:05:00,844.3,844.84,842.46,843.37,1593.993,1344870.72997
BNBUSDT,1753675800000,2025-07-28 04:10:00,2025-07-28 13:10:00,843.36,844.13,842.85,843.53,766.56,646567.03779
BNBUSDT,1753676100000,2025-07-28 04:15:00,2025-07-28 13:15:00,843.53,843.53,841.96,842.36,1017.829,857564.12092
BNBUSDT,1753676400000,2025-07-28 04:20:00,2025-07-28 13:20:00,842.35,842.36,839.98,841.04,1361.444,1144585.11078
BNBUSDT,1753676700000,2025-07-28 04:25:00,2025-07-28 13:25:00,841.03,842.1,840.48,840.64,1745.843,1468723.90397
BNBUSDT,1753677000000,2025-07-28 04:30:00,2025-07-28 13:30:00,840.63,841.68,839.93,841.6,538.53,452656.29393
BNBUSDT,1753677300000,2025-07-28 04:35:00,2025-07-28 13:35:00,841.59,841.97,841.04,841.25,397.399,334403.47795
BNBUSDT,1753677600000,2025-07-28 04:40:00,2025-07-28 13:40:00,841.25,842.09,840.9,841.93,820.624,690579.65794
BNBUSDT,1753677900000,2025-07-28 04:45:00,2025-07-28 13:45:00,841.93,842.7,841.69,842.7,894.906,753580.81455
BNBUSDT,1753678200000,2025-07-28 04:50:00,2025-07-28 13:50:00,842.7,843.53,840.86,841.48,1118.438,941851.37576
BNBUSDT,1753678500000,2025-07-28 04:55:00,2025-07-28 13:55:00,841.49,841.51,840.66,841.02,286.556,241017.52074
BNBUSDT,1753678800000,2025-07-28 05:00:00,2025-07-28 14:00:00,841.03,843.27,841.02,842.79,1006.781,848290.84423
BNBUSDT,1753679100000,2025-07-28 05:05:00,2025-07-28 14:05:00,842.79,843.45,841.68,842.94,1039.945,876347.87601
BNBUSDT,1753679400000,2025-07-28 05:10:00,2025-07-28 14:10:00,842.94,844.9,842.9,843.46,1389.145,1172051.52582
BNBUSDT,1753679700000,2025-07-28 05:15:00,2025-07-28 14:15:00,843.47,846.56,843.47,844.86,2838.48,2398580.73238
BNBUSDT,1753680000000,2025-07-28 05:20:00,2025-07-28 14:20:00,844.86,845.68,843.49,843.8,921.934,778697.73211
BNBUSDT,1753680300000,2025-07-28 05:25:00,2025-07-28 14:25:00,843.79,844.23,842.38,843.67,1128.951,951913.75136
BNBUSDT,1753680600000,2025-07-28 05:30:00,2025-07-28 14:30:00,843.67,844.23,842.09,844.09,1166.822,983677.17144
BNBUSDT,1753680900000,2025-07-28 05:35:00,2025-07-28 14:35:00,844.09,845.37,844,844.5,1648.252,1392060.62095
BNBUSDT,1753681200000,2025-07-28 05:40:00,2025-07-28 14:40:00,844.5,847,844.42,846.9,1281.907,1084604.6138
BNBUSDT,1753681500000,2025-07-28 05:45:00,2025-07-28 14:45:00,846.91,850,846.68,849.13,4289.946,3640205.42912
BNBUSDT,1753681800000,2025-07-28 05:50:00,2025-07-28 14:50:00,849.14,850.43,848.69,848.72,2153.875,1830254.11772
BNBUSDT,1753682100000,2025-07-28 05:55:00,2025-07-28 14:55:00,848.72,850,848.23,849.22,1499.92,1273717.4002
BNBUSDT,1753682400000,2025-07-28 06:00:00,2025-07-28 15:00:00,849.23,852.59,848.89,852.36,2478.986,2109216.88525
BNBUSDT,1753682700000,2025-07-28 06:05:00,2025-07-28 15:05:00,852.37,853,851.91,852.93,2581.642,2201186.3007
BNBUSDT,1753683000000,2025-07-28 06:10:00,2025-07-28 15:10:00,852.94,854.94,852.25,853.56,9840.657,8396310.76126
BNBUSDT,1753683300000,2025-07-28 06:15:00,2025-07-28 15:15:00,853.55,853.75,849.67,850.08,2909.729,2478816.55277
BNBUSDT,1753683600000,2025-07-28 06:20:00,2025-07-28 15:20:00,850.07,850.16,849,849.92,1451.536,1233309.02751
BNBUSDT,1753683900000,2025-07-28 06:25:00,2025-07-28 15:25:00,849.91,852.68,849.82,851.69,1330.325,1133036.78975
BNBUSDT,1753684200000,2025-07-28 06:30:00,2025-07-28 15:30:00,851.69,852.68,850.92,851.23,1361.485,1159793.58451
BNBUSDT,1753684500000,2025-07-28 06:35:00,2025-07-28 15:35:00,851.23,851.78,850.19,850.23,895.006,761629.07158
BNBUSDT,1753684800000,2025-07-28 06:40:00,2025-07-28 15:40:00,850.23,850.99,849.33,850.49,1585.443,1347708.42038
BNBUSDT,1753685100000,2025-07-28 06:45:00,2025-07-28 15:45:00,850.5,850.99,849.75,850.47,1008.3,857376.47773
BNBUSDT,1753685400000,2025-07-28 06:50:00,2025-07-28 15:50:00,850.47,851.33,848.95,849.07,934.174,794007.21008
BNBUSDT,1753685700000,2025-07-28 06:55:00,2025-07-28 15:55:00,849.07,850.77,848.97,850.48,706.231,600194.19974
BNBUSDT,1753686000000,2025-07-28 07:00:00,2025-07-28 16:00:00,850.48,851.4,848.51,848.52,1390.437,1181952.84936
BNBUSDT,1753686300000,2025-07-28 07:05:00,2025-07-28 16:05:00,848.51,848.66,846.76,847.36,1557.809,1320489.03657
BNBUSDT,1753686600000,2025-07-28 07:10:00,2025-07-28 16:10:00,847.36,848.45,846.66,847.91,1292.052,1095108.44244
BNBUSDT,1753686900000,2025-07-28 07:15:00,2025-07-28 16:15:00,847.9,849.82,847.88,849.46,1376.358,1168236.74283
BNBUSDT,1753687200000,2025-07-28 07:20:00,2025-07-28 16:20:00,849.46,851.71,848.23,851.26,1653.066,1406248.18167
BNBUSDT,1753687500000,2025-07-28 07:25:00,2025-07-28 16:25:00,851.27,853.82,851,853.3,2596.971,2213538.4091
BNBUSDT,1753687800000,2025-07-28 07:30:00,2025-07-28 16:30:00,853.31,857.46,852.82,854.74,7340.237,6280576.78976
BNBUSDT,1753688100000,2025-07-28 07:35:00,2025-07-28 16:35:00,854.75,856.99,853.29,856.56,3666.353,3136230.54052
BNBUSDT,1753688400000,2025-07-28 07:40:00,2025-07-28 16:40:00,856.57,860,856,856,7094.0557,6086667.178113
BNBUSDT,1753688700000,2025-07-28 07:45:00,2025-07-28 16:45:00,856,856.65,854.48,855.32,4427.246,3786889.95468
BNBUSDT,1753689000000,2025-07-28 07:50:00,2025-07-28 16:50:00,855.32,855.35,852.99,853.47,3305.401,2822768.79108
BNBUSDT,1753689300000,2025-07-28 07:55:00,2025-07-28 16:55:00,853.46,856.13,852,855.77,2388.839,2041717.09728
BNBUSDT,1753689600000,2025-07-28 08:00:00,2025-07-28 17:00:00,855.77,856.03,854.57,855.84,2229.307,1907142.28265
BNBUSDT,1753689900000,2025-07-28 08:05:00,2025-07-28 17:05:00,855.83,856.93,853.79,855.44,2477.702,2119998.50154
BNBUSDT,1753690200000,2025-07-28 08:10:00,2025-07-28 17:10:00,855.44,856.33,854.11,854.89,1412.455,1208056.7662
BNBUSDT,1753690500000,2025-07-28 08:15:00,2025-07-28 17:15:00,854.9,857.59,854.89,855.3,1863.279,1595589.10929
BNBUSDT,1753690800000,2025-07-28 08:20:00,2025-07-28 17:20:00,855.3,857.21,854.75,857.05,2146.246,1837036.69977
BNBUSDT,1753691100000,2025-07-28 08:25:00,2025-07-28 17:25:00,857.05,858.7,857.05,858.42,1591.681,1365484.52206
BNBUSDT,1753691400000,2025-07-28 08:30:00,2025-07-28 17:30:00,858.42,858.5,855.1,855.14,1505.528,1289614.8401
BNBUSDT,1753691700000,2025-07-28 08:35:00,2025-07-28 17:35:00,855.13,857.05,854.84,856.5,2544.511,2177529.11253
BNBUSDT,1753692000000,2025-07-28 08:40:00,2025-07-28 17:40:00,856.5,856.61,854.7,855.49,2682.951,2296051.23684
BNBUSDT,1753692300000,2025-07-28 08:45:00,2025-07-28 17:45:00,855.49,857.1,854.82,856.42,1913.844,1637910.38683
BNBUSDT,1753692600000,2025-07-28 08:50:00,2025-07-28 17:50:00,856.41,860,856.14,856.66,4956.48,4255169.27532
BNBUSDT,1753692900000,2025-07-28 08:55:00,2025-07-28 17:55:00,856.66,858.2,855.93,857.57,1316.14,1127506.32957
BNBUSDT,1753693200000,2025-07-28 09:00:00,2025-07-28 18:00:00,857.56,857.56,854.75,855.27,1747.279,1494962.05749
BNBUSDT,1753693500000,2025-07-28 09:05:00,2025-07-28 18:05:00,855.26,856.34,854.76,854.97,1183.072,1012007.77203
BNBUSDT,1753693800000,2025-07-28 09:10:00,2025-07-28 18:10:00,854.98,855.25,853.68,853.68,1355.316,1158371.34857
BNBUSDT,1753694100000,2025-07-28 09:15:00,2025-07-28 18:15:00,853.68,856.29,852.27,856.28,1927.732,1646823.98552
BNBUSDT,1753694400000,2025-07-28 09:20:00,2025-07-28 18:20:00,856.29,858.55,856.25,858.03,1875.316,1608469.223
BNBUSDT,1753694700000,2025-07-28 09:25:00,2025-07-28 18:25:00,858.02,858.71,857.46,858.67,2349.959,2016609.85051
BNBUSDT,1753695000000,2025-07-28 09:30:00,2025-07-28 18:30:00,858.67,859.3,857,859.08,2325.827,1996281.83537
BNBUSDT,1753695300000,2025-07-28 09:35:00,2025-07-28 18:35:00,859.09,861.1,858.01,858.01,2613.609,2247247.029484
BNBUSDT,1753695600000,2025-07-28 09:40:00,2025-07-28 18:40:00,858,858,854.67,855.4,2961.522,2535343.03922
BNBUSDT,1753695900000,2025-07-28 09:45:00,2025-07-28 18:45:00,855.4,857.9,855.39,857.33,1885.288,1615360.3494
BNBUSDT,1753696200000,2025-07-28 09:50:00,2025-07-28 18:50:00,857.34,858,856.03,856.79,1326.11,1136645.0387
BNBUSDT,1753696500000,2025-07-28 09:55:00,2025-07-28 18:55:00,856.8,856.87,853.01,853.94,4275.18,3654832.33118
BNBUSDT,1753696800000,2025-07-28 10:00:00,2025-07-28 19:00:00,853.9,853.9,850.36,852.09,6106.129,5203705.96823
BNBUSDT,1753697100000,2025-07-28 10:05:00,2025-07-28 19:05:00,852.1,852.49,850.83,850.84,2829.464,2409976.88616
BNBUSDT,1753697400000,2025-07-28 10:10:00,2025-07-28 19:10:00,850.84,852.4,850.52,851.2,2380.155,2026823.32798
BNBUSDT,1753697700000,2025-07-28 10:15:00,2025-07-28 19:15:00,851.21,851.94,850.46,850.68,1442.346,1227337.73627
BNBUSDT,1753698000000,2025-07-28 10:20:00,2025-07-28 19:20:00,850.68,850.83,850.01,850.29,846.793,720182.72746
BNBUSDT,1753698300000,2025-07-28 10:25:00,2025-07-28 19:25:00,850.3,851,849.18,850.47,1537.117,1306628.71461
BNBUSDT,1753698600000,2025-07-28 10:30:00,2025-07-28 19:30:00,850.47,851,848.95,848.95,1388.546,1180272.02429
BNBUSDT,1753698900000,2025-07-28 10:35:00,2025-07-28 19:35:00,848.96,848.96,845.64,846.37,2781.212,2355501.32953
BNBUSDT,1753699200000,2025-07-28 10:40:00,2025-07-28 19:40:00,846.37,847.14,845.53,847.13,1886.606,1596271.2579
BNBUSDT,1753699500000,2025-07-28 10:45:00,2025-07-28 19:45:00,847.13,847.57,846.28,847.27,1146.885,971292.87258
BNBUSDT,1753699800000,2025-07-28 10:50:00,2025-07-28 19:50:00,847.27,847.38,845.21,845.33,1170.587,990554.80553
BNBUSDT,1753700100000,2025-07-28 10:55:00,2025-07-28 19:55:00,845.32,847,845.09,846.54,941.911,796601.99399
BNBUSDT,1753700400000,2025-07-28 11:00:00,2025-07-28 20:00:00,846.54,847.12,846.04,846.55,612.998,518936.87805
BNBUSDT,1753700700000,2025-07-28 11:05:00,2025-07-28 20:05:00,846.55,847.57,846.39,846.71,1128.638,955743.21239
BNBUSDT,1753701000000,2025-07-28 11:10:00,2025-07-28 20:10:00,846.71,846.79,845.31,845.54,712.695,602932.36681
BNBUSDT,1753701300000,2025-07-28 11:15:00,2025-07-28 20:15:00,845.53,845.76,845.02,845.68,634.75,536622.79904
BNBUSDT,1753701600000,2025-07-28 11:20:00,2025-07-28 20:20:00,845.68,846.37,845,845.69,1106.901,936018.26604
BNBUSDT,1753701900000,2025-07-28 11:25:00,2025-07-28 20:25:00,845.69,847.21,845.32,845.59,883.63,747735.78767
BNBUSDT,1753702200000,2025-07-28 11:30:00,2025-07-28 20:30:00,845.58,847.04,845.19,845.79,856.011,724264.47983
BNBUSDT,1753702500000,2025-07-28 11:35:00,2025-07-28 20:35:00,845.79,847.99,845.71,847.28,596.837,505444.37008
BNBUSDT,1753702800000,2025-07-28 11:40:00,2025-07-28 20:40:00,847.27,848.04,847.23,847.53,1024.076,868082.85238
BNBUSDT,1753703100000,2025-07-28 11:45:00,2025-07-28 20:45:00,847.53,849.1,846.23,848.52,1420.048,1203843.98184
BNBUSDT,1753703400000,2025-07-28 11:50:00,2025-07-28 20:50:00,848.52,851.25,848.44,850.68,1475.074,1253832.57007
BNBUSDT,1753703700000,2025-07-28 11:55:00,2025-07-28 20:55:00,850.67,851.88,850.32,850.59,1249.358,1063568.15101
BNBUSDT,1753704000000,2025-07-28 12:00:00,2025-07-28 21:00:00,850.59,851.38,848.51,849.35,1614.351,1372097.29939
BNBUSDT,1753704300000,2025-07-28 12:05:00,2025-07-28 21:05:00,849.36,850.31,847.34,847.79,707.749,600775.33433
BNBUSDT,1753704600000,2025-07-28 12:10:00,2025-07-28 21:10:00,847.8,849.99,847.79,848.77,1158.746,983840.70565
BNBUSDT,1753704900000,2025-07-28 12:15:00,2025-07-28 21:15:00,848.76,852.08,848.42,852.07,1815.618,1543558.57312
BNBUSDT,1753705200000,2025-07-28 12:20:00,2025-07-28 21:20:00,852.07,852.99,850.23,852.69,2748.39,2340548.16586
BNBUSDT,1753705500000,2025-07-28 12:25:00,2025-07-28 21:25:00,852.68,857,851.92,853.79,5338.426,4563018.97713
BNBUSDT,1753705800000,2025-07-28 12:30:00,2025-07-28 21:30:00,853.79,854.4,852.88,853.93,1487.29,1269789.67051
BNBUSDT,1753706100000,2025-07-28 12:35:00,2025-07-28 21:35:00,853.94,856.46,853.94,855.43,1895.291,1620967.20176
BNBUSDT,1753706400000,2025-07-28 12:40:00,2025-07-28 21:40:00,855.43,855.75,854.14,855.36,1279.94,1094416.90965
BNBUSDT,1753706700000,2025-07-28 12:45:00,2025-07-28 21:45:00,855.36,857.5,854.52,854.92,2600.965,2226706.59967
BNBUSDT,1753707000000,2025-07-28 12:50:00,2025-07-28 21:50:00,854.93,855.85,854.4,855.72,786.252,672305.13464
BNBUSDT,1753707300000,2025-07-28 12:55:00,2025-07-28 21:55:00,855.73,855.85,849.12,849.86,2274.652,1935986.14834
BNBUSDT,1753707600000,2025-07-28 13:00:00,2025-07-28 22:00:00,849.86,850.53,848.67,849.1,1171.26,995192.14544
BNBUSDT,1753707900000,2025-07-28 13:05:00,2025-07-28 22:05:00,849.1,851.55,849.02,851.09,788.651,670565.18816
BNBUSDT,1753708200000,2025-07-28 13:10:00,2025-07-28 22:10:00,851.09,851.3,847.59,847.7,1058.179,898629.86502
BNBUSDT,1753708500000,2025-07-28 13:15:00,2025-07-28 22:15:00,847.71,849.16,846.95,847.11,1350.393,1145279.81582
BNBUSDT,1753708800000,2025-07-28 13:20:00,2025-07-28 22:20:00,847.11,847.12,844.02,845.65,2553.673,2158447.9843
BNBUSDT,1753709100000,2025-07-28 13:25:00,2025-07-28 22:25:00,845.66,846.56,845,845.65,2466.689,2085728.4868
BNBUSDT,1753709400000,2025-07-28 13:30:00,2025-07-28 22:30:00,845.66,846.65,839.14,842.29,11718.39,9886197.8838
BNBUSDT,1753709700000,2025-07-28 13:35:00,2025-07-28 22:35:00,842.27,846.63,842.26,846.63,1494.862,1262948.24724
BNBUSDT,1753710000000,2025-07-28 13:40:00,2025-07-28 22:40:00,846.63,846.67,842.91,842.91,1606.591,1358135.58531
BNBUSDT,1753710300000,2025-07-28 13:45:00,2025-07-28 22:45:00,842.91,844.49,840.7,841.64,1722.999,1451922.27797
BNBUSDT,1753710600000,2025-07-28 13:50:00,2025-07-28 22:50:00,841.64,842.72,841.07,841.14,1251.562,1053645.00514
BNBUSDT,1753710900000,2025-07-28 13:55:00,2025-07-28 22:55:00,841.14,843.58,840.63,842.9,1348.831,1135765.61263
BNBUSDT,1753711200000,2025-07-28 14:00:00,2025-07-28 23:00:00,842.89,844.1,841.2,842.37,1293.934,1090167.85673
BNBUSDT,1753711500000,2025-07-28 14:05:00,2025-07-28 23:05:00,842.38,848.12,842.03,845.78,2257.119,1909050.74658
BNBUSDT,1753711800000,2025-07-28 14:10:00,2025-07-28 23:10:00,845.78,845.78,842.14,842.38,1228.71,1036419.18817
BNBUSDT,1753712100000,2025-07-28 14:15:00,2025-07-28 23:15:00,842.39,843.16,837.02,839.22,4718.607,3964751.3019
BNBUSDT,1753712400000,2025-07-28 14:20:00,2025-07-28 23:20:00,839.21,840,837.57,838.37,1982.182,1662806.33534
BNBUSDT,1753712700000,2025-07-28 14:25:00,2025-07-28 23:25:00,838.37,838.39,834.41,835.82,4470.048,3737456.52191
BNBUSDT,1753713000000,2025-07-28 14:30:00,2025-07-28 23:30:00,835.83,838.58,833.51,836.25,4598.684,3844875.40433
BNBUSDT,1753713300000,2025-07-28 14:35:00,2025-07-28 23:35:00,836.25,839.66,835,839.01,2549.977,2135012.01606
BNBUSDT,1753713600000,2025-07-28 14:40:00,2025-07-28 23:40:00,839.02,839.52,836.83,839.21,1514.543,1269368.57013
BNBUSDT,1753713900000,2025-07-28 14:45:00,2025-07-28 23:45:00,839.22,839.52,836.83,837.7,804.762,674463.22306
BNBUSDT,1753714200000,2025-07-28 14:50:00,2025-07-28 23:50:00,837.69,837.69,835.55,836.32,1885.804,1577618.2332
BNBUSDT,1753714500000,2025-07-28 14:55:00,2025-07-28 23:55:00,836.33,836.56,831.81,832.86,2356.218,1964064.44921
BNBUSDT,1753714800000,2025-07-28 15:00:00,2025-07-29 00:00:00,832.85,835.8,830.74,833.68,4216.751,3510671.60668
BNBUSDT,1753715100000,2025-07-28 15:05:00,2025-07-29 00:05:00,833.68,835.8,833.14,835.31,1722.586,1437306.24274
BNBUSDT,1753715400000,2025-07-28 15:10:00,2025-07-29 00:10:00,835.32,836.74,834.31,836.73,840.265,701891.18226
BNBUSDT,1753715700000,2025-07-28 15:15:00,2025-07-29 00:15:00,836.73,838.7,835.9,837,2003.292,1678276.44343
BNBUSDT,1753716000000,2025-07-28 15:20:00,2025-07-29 00:20:00,836.99,841.46,836.91,840.95,2520.744,2116095.05337
BNBUSDT,1753716300000,2025-07-28 15:25:00,2025-07-29 00:25:00,840.95,840.96,837.99,838.39,1559.446,1308635.99345
BNBUSDT,1753716600000,2025-07-28 15:30:00,2025-07-29 00:30:00,838.39,840.23,836.98,837.5,2769.065,2321033.28027
BNBUSDT,1753716900000,2025-07-28 15:35:00,2025-07-29 00:35:00,837.5,837.75,835.84,835.96,1043.421,872901.33015
BNBUSDT,1753717200000,2025-07-28 15:40:00,2025-07-29 00:40:00,835.95,837.84,835.39,836.05,732.626,612713.34209
BNBUSDT,1753717500000,2025-07-28 15:45:00,2025-07-29 00:45:00,836.03,838.61,834.6,834.6,969.497,811305.11299
BNBUSDT,1753717800000,2025-07-28 15:50:00,2025-07-29 00:50:00,834.61,835.35,831.49,834.81,1829.712,1524142.75288
BNBUSDT,1753718100000,2025-07-28 15:55:00,2025-07-29 00:55:00,834.82,836.45,834.64,836.18,1004.516,839471.65957
BNBUSDT,1753718400000,2025-07-28 16:00:00,2025-07-29 01:00:00,836.18,836.74,835.23,835.24,1190.096,994579.30494
BNBUSDT,1753718700000,2025-07-28 16:05:00,2025-07-29 01:05:00,835.24,837.28,835,835.76,1550.384,1295905.58942
BNBUSDT,1753719000000,2025-07-28 16:10:00,2025-07-29 01:10:00,835.77,837.66,835.65,836.91,1611.254,1348233.62971
BNBUSDT,1753719300000,2025-07-28 16:15:00,2025-07-29 01:15:00,836.92,839.79,836.51,837.51,2055.507,1723324.48723
BNBUSDT,1753719600000,2025-07-28 16:20:00,2025-07-29 01:20:00,837.51,837.51,835.2,836.64,1779.065,1487314.73377
BNBUSDT,1753719900000,2025-07-28 16:25:00,2025-07-29 01:25:00,836.64,837.31,836.18,836.69,578.498,484008.27448
BNBUSDT,1753720200000,2025-07-28 16:30:00,2025-07-29 01:30:00,836.67,837.08,833.46,834.84,1312.724,1096725.28533
BNBUSDT,1753720500000,2025-07-28 16:35:00,2025-07-29 01:35:00,834.85,840.14,834.84,837.76,1777.333,1490464.3828
BNBUSDT,1753720800000,2025-07-28 16:40:00,2025-07-29 01:40:00,837.76,841.1,837.75,840.16,1849.108,1552801.92758
BNBUSDT,1753721100000,2025-07-28 16:45:00,2025-07-29 01:45:00,840.15,841.08,839.34,840.63,1207.419,1014560.26508
BNBUSDT,1753721400000,2025-07-28 16:50:00,2025-07-29 01:50:00,840.63,840.8,838.02,838.61,1238.055,1039019.748
BNBUSDT,1753721700000,2025-07-28 16:55:00,2025-07-29 01:55:00,838.62,839.23,837.75,838.25,851.378,713823.74332
BNBUSDT,1753722000000,2025-07-28 17:00:00,2025-07-29 02:00:00,838.25,839.18,837.1,837.49,777.016,651262.90945
BNBUSDT,1753722300000,2025-07-28 17:05:00,2025-07-29 02:05:00,837.49,837.49,835.57,836.58,1003.214,839074.18211
BNBUSDT,1753722600000,2025-07-28 17:10:00,2025-07-29 02:10:00,836.58,837.92,834.38,834.72,773.955,647160.06265
BNBUSDT,1753722900000,2025-07-28 17:15:00,2025-07-29 02:15:00,834.72,835.39,832.69,834.88,1620.086,1351394.87488
BNBUSDT,1753723200000,2025-07-28 17:20:00,2025-07-29 02:20:00,834.88,836.28,833.46,835.64,788.762,658730.92197
BNBUSDT,1753723500000,2025-07-28 17:25:00,2025-07-29 02:25:00,835.65,838.13,834.9,837.75,1152.859,964829.24204
BNBUSDT,1753723800000,2025-07-28 17:30:00,2025-07-29 02:30:00,837.74,838.51,834.49,834.49,1347.414,1127648.35231
BNBUSDT,1753724100000,2025-07-28 17:35:00,2025-07-29 02:35:00,834.49,834.98,832.35,833.27,685.62,571452.99673
BNBUSDT,1753724400000,2025-07-28 17:40:00,2025-07-29 02:40:00,833.27,833.55,832.46,832.86,1550.582,1291496.6201
BNBUSDT,1753724700000,2025-07-28 17:45:00,2025-07-29 02:45:00,832.85,834.8,832.38,833.13,2743.676,2286437.43678
BNBUSDT,1753725000000,2025-07-28 17:50:00,2025-07-29 02:50:00,833.13,833.74,832.49,833.07,628.075,523270.56246
BNBUSDT,1753725300000,2025-07-28 17:55:00,2025-07-29 02:55:00,833.07,834.38,832.07,832.67,384.007,319846.98811
BNBUSDT,1753725600000,2025-07-28 18:00:00,2025-07-29 03:00:00,832.67,833.52,828.44,830.21,3191.601,2650866.79979
BNBUSDT,1753725900000,2025-07-28 18:05:00,2025-07-29 03:05:00,830.22,831.22,827.01,828.95,3302.021,2737870.94342
BNBUSDT,1753726200000,2025-07-28 18:10:00,2025-07-29 03:10:00,828.95,831.16,828.26,831.04,5463.439,4533226.93996
BNBUSDT,1753726500000,2025-07-28 18:15:00,2025-07-29 03:15:00,831.04,831.47,826.07,826.11,1712.867,1419579.236
BNBUSDT,1753726800000,2025-07-28 18:20:00,2025-07-29 03:20:00,826.11,829.14,825.61,829.14,1661.083,1373731.50826
BNBUSDT,1753727100000,2025-07-28 18:25:00,2025-07-29 03:25:00,829.14,829.63,827.12,828.05,1103.197,913799.89033
BNBUSDT,1753727400000,2025-07-28 18:30:00,2025-07-29 03:30:00,828.05,828.7,825.67,826.71,1222.46,1010703.89961
BNBUSDT,1753727700000,2025-07-28 18:35:00,2025-07-29 03:35:00,826.72,829.55,826.41,829.28,1124.333,930666.68117
BNBUSDT,1753728000000,2025-07-28 18:40:00,2025-07-29 03:40:00,829.28,831.6,829.28,831.13,847.781,704102.10927
BNBUSDT,1753728300000,2025-07-28 18:45:00,2025-07-29 03:45:00,831.13,831.2,828.54,829.06,978.265,811577.8817
BNBUSDT,1753728600000,2025-07-28 18:50:00,2025-07-29 03:50:00,829.05,831,828.91,829.06,557.887,462870.29782
BNBUSDT,1753728900000,2025-07-28 18:55:00,2025-07-29 03:55:00,829.06,830.32,828.42,829.87,458.928,380689.17168
BNBUSDT,1753729200000,2025-07-28 19:00:00,2025-07-29 04:00:00,829.87,834.2,829.86,833.79,1529.163,1273312.74924
BNBUSDT,1753729500000,2025-07-28 19:05:00,2025-07-29 04:05:00,833.79,835.08,832.96,833.55,1122.192,936176.6855
BNBUSDT,1753729800000,2025-07-28 19:10:00,2025-07-29 04:10:00,833.55,834.45,832.79,833.24,948.327,790489.68179
BNBUSDT,1753730100000,2025-07-28 19:15:00,2025-07-29 04:15:00,833.24,835.82,832.88,834.89,893.411,745514.84792
BNBUSDT,1753730400000,2025-07-28 19:20:00,2025-07-29 04:20:00,834.88,835.47,834.13,834.96,461.374,385134.35663
BNBUSDT,1753730700000,2025-07-28 19:25:00,2025-07-29 04:25:00,834.96,835.3,834.05,834.57,326.499,272554.98669
BNBUSDT,1753731000000,2025-07-28 19:30:00,2025-07-29 04:30:00,834.58,834.58,831.91,832.38,790.437,658703.18318
BNBUSDT,1753731300000,2025-07-28 19:35:00,2025-07-29 04:35:00,832.4,833.2,832.21,832.22,609.372,507382.47009
BNBUSDT,1753731600000,2025-07-28 19:40:00,2025-07-29 04:40:00,832.22,832.87,829.36,829.83,604.121,502320.28578
BNBUSDT,1753731900000,2025-07-28 19:45:00,2025-07-29 04:45:00,829.82,830.1,827.38,828.87,698.207,578461.92936
BNBUSDT,1753732200000,2025-07-28 19:50:00,2025-07-29 04:50:00,828.88,832.01,828.56,831.94,575.285,477762.1433
BNBUSDT,1753732500000,2025-07-28 19:55:00,2025-07-29 04:55:00,831.93,832.45,831.21,831.74,485.172,403623.96772
BNBUSDT,1753732800000,2025-07-28 20:00:00,2025-07-29 05:00:00,831.73,832.45,829.84,830.29,538.649,447803.02884
BNBUSDT,1753733100000,2025-07-28 20:05:00,2025-07-29 05:05:00,830.29,830.8,828.01,828.72,697.177,578096.2343
BNBUSDT,1753733400000,2025-07-28 20:10:00,2025-07-29 05:10:00,828.71,828.83,827,827.63,448.64,371438.56396
BNBUSDT,1753733700000,2025-07-28 20:15:00,2025-07-29 05:15:00,827.64,829.1,826.57,827.56,674.452,558079.22307
BNBUSDT,1753734000000,2025-07-28 20:20:00,2025-07-29 05:20:00,827.57,827.64,825.76,826.28,525.183,434100.53292
BNBUSDT,1753734300000,2025-07-28 20:25:00,2025-07-29 05:25:00,826.28,826.28,823.33,823.9,2114.364,1743514.5065
BNBUSDT,1753734600000,2025-07-28 20:30:00,2025-07-29 05:30:00,823.89,826.92,823.78,826.04,1047.336,864841.70022
BNBUSDT,1753734900000,2025-07-28 20:35:00,2025-07-29 05:35:00,826.04,827.13,824.95,826.33,547.757,452624.47257
BNBUSDT,1753735200000,2025-07-28 20:40:00,2025-07-29 05:40:00,826.33,826.61,824.48,824.49,829.765,685210.26993
BNBUSDT,1753735500000,2025-07-28 20:45:00,2025-07-29 05:45:00,824.48,826.3,823.17,823.17,727.885,599984.39345
BNBUSDT,1753735800000,2025-07-28 20:50:00,2025-07-29 05:50:00,823.16,825.64,822.99,825.56,1255.107,1034266.03892
BNBUSDT,1753736100000,2025-07-28 20:55:00,2025-07-29 05:55:00,825.57,826.25,823.93,824.04,1113.696,919070.5666
BNBUSDT,1753736400000,2025-07-28 21:00:00,2025-07-29 06:00:00,824.03,825.81,822.99,825.72,1451.9,1196158.14851
BNBUSDT,1753736700000,2025-07-28 21:05:00,2025-07-29 06:05:00,825.73,826.51,824.45,824.85,843.67,696413.39961
BNBUSDT,1753737000000,2025-07-28 21:10:00,2025-07-29 06:10:00,824.86,826.72,824.56,826.05,820.884,677904.48985
BNBUSDT,1753737300000,2025-07-28 21:15:00,2025-07-29 06:15:00,826.06,826.72,824.81,824.82,502.823,415172.77219
BNBUSDT,1753737600000,2025-07-28 21:20:00,2025-07-29 06:20:00,824.81,824.82,821.83,821.83,1919.453,1579653.98189
BNBUSDT,1753737900000,2025-07-28 21:25:00,2025-07-29 06:25:00,821.84,824.34,821.05,824.16,928.68,764376.98299
BNBUSDT,1753738200000,2025-07-28 21:30:00,2025-07-29 06:30:00,824.16,825.5,822.53,825.05,681.715,561806.53487
BNBUSDT,1753738500000,2025-07-28 21:35:00,2025-07-29 06:35:00,825.05,827.53,824.77,826.44,1055.104,871713.28275
BNBUSDT,1753738800000,2025-07-28 21:40:00,2025-07-29 06:40:00,826.45,828.14,826.45,828,587.378,485979.7704
BNBUSDT,1753739100000,2025-07-28 21:45:00,2025-07-29 06:45:00,828,829.08,827.75,827.75,293.938,243533.76201
BNBUSDT,1753739400000,2025-07-28 21:50:00,2025-07-29 06:50:00,827.76,827.76,825.35,825.89,312.983,258638.46662
BNBUSDT,1753739700000,2025-07-28 21:55:00,2025-07-29 06:55:00,825.89,825.89,823.57,825.65,590.028,486679.86045
BNBUSDT,1753740000000,2025-07-28 22:00:00,2025-07-29 07:00:00,825.65,828.25,825.56,827.2,730.885,604479.99657
BNBUSDT,1753740300000,2025-07-28 22:05:00,2025-07-29 07:05:00,827.19,830.28,827.19,828.69,5089.278,4220111.40659
BNBUSDT,1753740600000,2025-07-28 22:10:00,2025-07-29 07:10:00,828.69,829.03,826.95,828.61,1739.85,1440775.51683
BNBUSDT,1753740900000,2025-07-28 22:15:00,2025-07-29 07:15:00,828.62,829.78,827.37,827.81,1001.483,829818.91092
BNBUSDT,1753741200000,2025-07-28 22:20:00,2025-07-29 07:20:00,827.82,827.88,825.61,827.84,1275.968,1054396.65274
BNBUSDT,1753741500000,2025-07-28 22:25:00,2025-07-29 07:25:00,827.84,829.34,826.88,827.67,1067.128,883737.71588
BNBUSDT,1753741800000,2025-07-28 22:30:00,2025-07-29 07:30:00,827.67,828.17,825.7,825.71,1382.833,1142731.54695
BNBUSDT,1753742100000,2025-07-28 22:35:00,2025-07-29 07:35:00,825.71,826.94,823.57,823.57,1299.047,1072413.33876
BNBUSDT,1753742400000,2025-07-28 22:40:00,2025-07-29 07:40:00,823.57,823.95,821.04,823.37,1740.146,1431560.20658
BNBUSDT,1753742700000,2025-07-28 22:45:00,2025-07-29 07:45:00,823.38,825.53,822.65,824.16,514.571,423851.94586
BNBUSDT,1753743000000,2025-07-28 22:50:00,2025-07-29 07:50:00,824.2,825.98,824.2,825.14,334.183,275716.64913
BNBUSDT,1753743300000,2025-07-28 22:55:00,2025-07-29 07:55:00,825.15,825.22,824,824.96,497.031,409850.9471
BNBUSDT,1753743600000,2025-07-28 23:00:00,2025-07-29 08:00:00,824.96,825.4,822.45,823.88,789.695,650514.18374
BNBUSDT,1753743900000,2025-07-28 23:05:00,2025-07-29 08:05:00,823.87,827.3,823.73,826.23,822.031,679424.2244
BNBUSDT,1753744200000,2025-07-28 23:10:00,2025-07-29 08:10:00,826.23,827.12,825.72,826.55,562.092,464460.90237
BNBUSDT,1753744500000,2025-07-28 23:15:00,2025-07-29 08:15:00,826.55,827.47,825.66,827.21,444.805,367758.92027
BNBUSDT,1753744800000,2025-07-28 23:20:00,2025-07-29 08:20:00,827.21,829.76,827.21,829.37,1301.176,1078670.41523
BNBUSDT,1753745100000,2025-07-28 23:25:00,2025-07-29 08:25:00,829.38,829.38,820.9,821.49,4235.343,3487283.35414
BNBUSDT,1753745400000,2025-07-28 23:30:00,2025-07-29 08:30:00,821.48,823.23,821.03,822.68,798.865,656951.69275
BNBUSDT,1753745700000,2025-07-28 23:35:00,2025-07-29 08:35:00,822.67,823.73,821.33,823.73,554.844,456388.84043
BNBUSDT,1753746000000,2025-07-28 23:40:00,2025-07-29 08:40:00,823.73,824.48,822.73,822.9,2614.686,2153474.04074
BNBUSDT,1753746300000,2025-07-28 23:45:00,2025-07-29 08:45:00,822.9,824.48,822.24,824.18,692.367,570176.90877
BNBUSDT,1753746600000,2025-07-28 23:50:00,2025-07-29 08:50:00,824.19,824.31,821.16,821.85,1118.488,920172.70548
BNBUSDT,1753746900000,2025-07-28 23:55:00,2025-07-29 08:55:00,821.85,824.15,820.64,824.07,1193.558,981810.94424
BNBUSDT,1753747200000,2025-07-29 00:00:00,2025-07-29 09:00:00,824.07,826.6,821.58,825.28,1500.218,1236175.5798
BNBUSDT,1753747500000,2025-07-29 00:05:00,2025-07-29 09:05:00,825.29,828.48,824.89,827.98,1022.393,845246.97174
BNBUSDT,1753747800000,2025-07-29 00:10:00,2025-07-29 09:10:00,827.99,830.05,827.8,829.72,821.693,681272.46853
BNBUSDT,1753748100000,2025-07-29 00:15:00,2025-07-29 09:15:00,829.72,832.51,829.6,831.25,2362.395,1964166.66868
BNBUSDT,1753748400000,2025-07-29 00:20:00,2025-07-29 09:20:00,831.25,833.33,831,832.55,1119.136,931339.44603
BNBUSDT,1753748700000,2025-07-29 00:25:00,2025-07-29 09:25:00,832.55,832.71,830.14,830.38,1422.442,1182864.89027
BNBUSDT,1753749000000,2025-07-29 00:30:00,2025-07-29 09:30:00,830.38,832.29,826.73,826.73,1150.815,954843.50483
BNBUSDT,1753749300000,2025-07-29 00:35:00,2025-07-29 09:35:00,826.72,828.1,824.8,825.39,2012.393,1662975.27145
BNBUSDT,1753749600000,2025-07-29 00:40:00,2025-07-29 09:40:00,825.39,825.7,821.62,824.88,2788.252,2296569.59272
BNBUSDT,1753749900000,2025-07-29 00:45:00,2025-07-29 09:45:00,824.88,828.94,823.91,828.12,1417.041,1171943.9074
BNBUSDT,1753750200000,2025-07-29 00:50:00,2025-07-29 09:50:00,828.13,829.15,827.3,827.46,1805.569,1495821.76513
BNBUSDT,1753750500000,2025-07-29 00:55:00,2025-07-29 09:55:00,827.47,831.21,827.39,831.01,2801.54,2323550.89909
BNBUSDT,1753750800000,2025-07-29 01:00:00,2025-07-29 10:00:00,831.01,831.75,828.55,829.99,2532.375,2102569.59709
BNBUSDT,1753751100000,2025-07-29 01:05:00,2025-07-29 10:05:00,830,830.21,827.15,830,876.264,726249.4009
BNBUSDT,1753751400000,2025-07-29 01:10:00,2025-07-29 10:10:00,830.01,830.55,829.19,829.21,713.913,592474.32215
BNBUSDT,1753751700000,2025-07-29 01:15:00,2025-07-29 10:15:00,829.21,830.49,829.13,830.13,493.038,409179.97893
BNBUSDT,1753752000000,2025-07-29 01:20:00,2025-07-29 10:20:00,830.13,832.85,829.7,832.27,470.309,390905.80667
BNBUSDT,1753752300000,2025-07-29 01:25:00,2025-07-29 10:25:00,832.27,835.06,832.27,834.41,1927.928,1607910.49187
BNBUSDT,1753752600000,2025-07-29 01:30:00,2025-07-29 10:30:00,834.4,834.91,833.39,833.39,717.196,598380.82336
BNBUSDT,1753752900000,2025-07-29 01:35:00,2025-07-29 10:35:00,833.39,833.62,832.58,832.6,724.079,603252.47883
BNBUSDT,1753753200000,2025-07-29 01:40:00,2025-07-29 10:40:00,832.59,834.15,832.59,833.13,597.074,497520.39892
BNBUSDT,1753753500000,2025-07-29 01:45:00,2025-07-29 10:45:00,833.12,833.36,828.78,829.08,2254.645,1874876.57467
BNBUSDT,1753753800000,2025-07-29 01:50:00,2025-07-29 10:50:00,829.08,829.88,827.79,827.97,672.043,556851.28944
BNBUSDT,1753754100000,2025-07-29 01:55:00,2025-07-29 10:55:00,827.97,828.45,826.14,826.4,626.628,518368.82893
BNBUSDT,1753754400000,2025-07-29 02:00:00,2025-07-29 11:00:00,826.4,828.36,825.83,826.02,1614.341,1335642.9618
BNBUSDT,1753754700000,2025-07-29 02:05:00,2025-07-29 11:05:00,826.03,826.7,824.43,825.54,1908.379,1575383.44435
BNBUSDT,1753755000000,2025-07-29 02:10:00,2025-07-29 11:10:00,825.54,827.96,825.47,827.39,2098.389,1734297.13644
BNBUSDT,1753755300000,2025-07-29 02:15:00,2025-07-29 11:15:00,827.39,827.48,815,818.29,8607.646,7059204.51178
BNBUSDT,1753755600000,2025-07-29 02:20:00,2025-07-29 11:20:00,818.31,819.16,815.51,816.8,3480.614,2845223.3217
BNBUSDT,1753755900000,2025-07-29 02:25:00,2025-07-29 11:25:00,816.8,818.7,815.83,818.57,4001.501,3271742.93958
BNBUSDT,1753756200000,2025-07-29 02:30:00,2025-07-29 11:30:00,818.56,819.01,816.92,818.58,1007.729,824540.21597
BNBUSDT,1753756500000,2025-07-29 02:35:00,2025-07-29 11:35:00,818.57,818.69,815.84,816.89,1809.753,1479809.76499
BNBUSDT,1753756800000,2025-07-29 02:40:00,2025-07-29 11:40:00,816.89,818.99,815.57,818.91,1081.593,884153.44668
BNBUSDT,1753757100000,2025-07-29 02:45:00,2025-07-29 11:45:00,818.92,820.42,817.87,819.5,1101.122,902252.29729
BNBUSDT,1753757400000,2025-07-29 02:50:00,2025-07-29 11:50:00,819.51,819.93,816.14,816.18,1371.941,1121061.54399
BNBUSDT,1753757700000,2025-07-29 02:55:00,2025-07-29 11:55:00,816.17,817.7,815.5,817.12,1202.493,982069.36452
BNBUSDT,1753758000000,2025-07-29 03:00:00,2025-07-29 12:00:00,817.13,820.09,817.12,819.18,1289.938,1055811.32751
BNBUSDT,1753758300000,2025-07-29 03:05:00,2025-07-29 12:05:00,819.18,823.84,819.18,823.09,1035.869,851663.36129
BNBUSDT,1753758600000,2025-07-29 03:10:00,2025-07-29 12:10:00,823.09,824.53,822.99,823.94,683.028,562715.1558
BNBUSDT,1753758900000,2025-07-29 03:15:00,2025-07-29 12:15:00,823.95,823.95,821.61,822.49,1096.297,901807.85478
BNBUSDT,1753759200000,2025-07-29 03:20:00,2025-07-29 12:20:00,822.49,825.62,822.49,824.42,1563.939,1289455.19662
BNBUSDT,1753759500000,2025-07-29 03:25:00,2025-07-29 12:25:00,824.41,824.74,823.09,824.45,768.438,633267.7274
BNBUSDT,1753759800000,2025-07-29 03:30:00,2025-07-29 12:30:00,824.46,827.05,823.73,824.56,2049.248,1691057.34991
BNBUSDT,1753760100000,2025-07-29 03:35:00,2025-07-29 12:35:00,824.57,826.46,823.9,825.97,762.099,628855.94947
BNBUSDT,1753760400000,2025-07-29 03:40:00,2025-07-29 12:40:00,825.96,828.9,825.93,828.29,2205.039,1825986.15659
BNBUSDT,1753760700000,2025-07-29 03:45:00,2025-07-29 12:45:00,828.29,829.11,827.46,827.87,838.127,694277.22041
BNBUSDT,1753761000000,2025-07-29 03:50:00,2025-07-29 12:50:00,827.87,830.21,827.63,829.53,1668.836,1383568.17996
BNBUSDT,1753761300000,2025-07-29 03:55:00,2025-07-29 12:55:00,829.53,829.99,829.02,829.09,1011.151,838841.4723
BNBUSDT,1753761600000,2025-07-29 04:00:00,2025-07-29 13:00:00,829.08,829.42,828.06,828.71,925.437,766962.19462
BNBUSDT,1753761900000,2025-07-29 04:05:00,2025-07-29 13:05:00,828.71,830.47,828.52,830.38,778.919,646132.01561
BNBUSDT,1753762200000,2025-07-29 04:10:00,2025-07-29 13:10:00,830.38,832.48,830.24,832.3,1680.752,1397419.0067
BNBUSDT,1753762500000,2025-07-29 04:15:00,2025-07-29 13:15:00,832.3,832.3,830.36,832.11,752.757,625815.38675
BNBUSDT,1753762800000,2025-07-29 04:20:00,2025-07-29 13:20:00,832.11,833.41,831.75,832.25,1003.923,835741.69048
BNBUSDT,1753763100000,2025-07-29 04:25:00,2025-07-29 13:25:00,832.25,832.5,831.66,832.08,589.684,490672.64983
BNBUSDT,1753763400000,2025-07-29 04:30:00,2025-07-29 13:30:00,832.09,832.38,829.42,829.6,1842.093,1530333.95308
BNBUSDT,1753763700000,2025-07-29 04:35:00,2025-07-29 13:35:00,829.59,831.25,828.42,831.2,601.625,499141.83508
BNBUSDT,1753764000000,2025-07-29 04:40:00,2025-07-29 13:40:00,831.21,831.7,828.62,829.17,696.632,578356.06743
BNBUSDT,1753764300000,2025-07-29 04:45:00,2025-07-29 13:45:00,829.17,829.69,827.69,827.69,421.752,349558.92834
BNBUSDT,1753764600000,2025-07-29 04:50:00,2025-07-29 13:50:00,827.69,828.62,826.6,828.29,916.81,758571.11555
BNBUSDT,1753764900000,2025-07-29 04:55:00,2025-07-29 13:55:00,828.29,828.3,826.45,827.35,555.963,459977.33454
BNBUSDT,1753765200000,2025-07-29 05:00:00,2025-07-29 14:00:00,827.35,827.39,825.9,826.92,916.642,757843.13748
BNBUSDT,1753765500000,2025-07-29 05:05:00,2025-07-29 14:05:00,826.91,827.78,826.32,826.8,609.457,504061.67912
BNBUSDT,1753765800000,2025-07-29 05:10:00,2025-07-29 14:10:00,826.81,827.76,826.13,827.03,622.312,514592.00444
BNBUSDT,1753766100000,2025-07-29 05:15:00,2025-07-29 14:15:00,827.04,828.05,825.57,828.05,554.735,458428.83399
BNBUSDT,1753766400000,2025-07-29 05:20:00,2025-07-29 14:20:00,828.05,829,826.76,827.38,829.317,686592.74668
BNBUSDT,1753766700000,2025-07-29 05:25:00,2025-07-29 14:25:00,827.38,827.95,827.05,827.8,416.787,344891.41728
BNBUSDT,1753767000000,2025-07-29 05:30:00,2025-07-29 14:30:00,827.81,830.29,827.71,830.2,795.269,659017.75794
BNBUSDT,1753767300000,2025-07-29 05:35:00,2025-07-29 14:35:00,830.2,833.2,830.19,833.2,784.23,652209.20528
BNBUSDT,1753767600000,2025-07-29 05:40:00,2025-07-29 14:40:00,833.2,833.46,832.47,832.54,1069.854,891174.27997
BNBUSDT,1753767900000,2025-07-29 05:45:00,2025-07-29 14:45:00,832.55,833,831.67,832.03,906.451,754502.76707
BNBUSDT,1753768200000,2025-07-29 05:50:00,2025-07-29 14:50:00,832.04,833.7,831.88,833.51,987.106,822310.91782
BNBUSDT,1753768500000,2025-07-29 05:55:00,2025-07-29 14:55:00,833.51,834.14,832.68,832.68,819.707,683258.50963
BNBUSDT,1753768800000,2025-07-29 06:00:00,2025-07-29 15:00:00,832.68,833.3,832.03,832.37,984.991,820083.83462
BNBUSDT,1753769100000,2025-07-29 06:05:00,2025-07-29 15:05:00,832.37,833.62,831.67,831.77,1088.315,906224.43212
BNBUSDT,1753769400000,2025-07-29 06:10:00,2025-07-29 15:10:00,831.77,831.92,831.43,831.75,350.9,291836.04828
BNBUSDT,1753769700000,2025-07-29 06:15:00,2025-07-29 15:15:00,831.74,832,830.62,831.08,582.431,484266.44901
BNBUSDT,1753770000000,2025-07-29 06:20:00,2025-07-29 15:20:00,831.08,833.35,831.08,833.08,1951.418,1623980.28102
BNBUSDT,1753770300000,2025-07-29 06:25:00,2025-07-29 15:25:00,833.09,833.09,831.41,831.74,600.899,500310.43927
BNBUSDT,1753770600000,2025-07-29 06:30:00,2025-07-29 15:30:00,831.73,832.19,831.05,831.05,672.852,559550.9379
BNBUSDT,1753770900000,2025-07-29 06:35:00,2025-07-29 15:35:00,831.05,832.22,830.89,831.93,628.195,522427.39195
BNBUSDT,1753771200000,2025-07-29 06:40:00,2025-07-29 15:40:00,831.94,832.77,831.47,832.57,583.275,485197.3404
BNBUSDT,1753771500000,2025-07-29 06:45:00,2025-07-29 15:45:00,832.58,832.96,832.04,832.23,754.269,627927.31897
BNBUSDT,1753771800000,2025-07-29 06:50:00,2025-07-29 15:50:00,832.23,832.24,828.63,831.2,4642.436,3856729.27161
BNBUSDT,1753772100000,2025-07-29 06:55:00,2025-07-29 15:55:00,831.2,831.9,830,830.04,833.512,692647.25169
BNBUSDT,1753772400000,2025-07-29 07:00:00,2025-07-29 16:00:00,830.05,831.38,830.04,830.8,1056.699,878008.83541
BNBUSDT,1753772700000,2025-07-29 07:05:00,2025-07-29 16:05:00,830.79,830.87,829.65,829.66,760.389,631346.84631
BNBUSDT,1753773000000,2025-07-29 07:10:00,2025-07-29 16:10:00,829.66,829.66,828.16,828.39,723.401,599566.73973
BNBUSDT,1753773300000,2025-07-29 07:15:00,2025-07-29 16:15:00,828.4,830.32,828.39,829.18,970.094,804484.34529
BNBUSDT,1753773600000,2025-07-29 07:20:00,2025-07-29 16:20:00,829.18,829.42,827.44,827.59,760.98,630301.94721
BNBUSDT,1753773900000,2025-07-29 07:25:00,2025-07-29 16:25:00,827.58,828.29,827,827.47,1421.893,1176647.37108
BNBUSDT,1753774200000,2025-07-29 07:30:00,2025-07-29 16:30:00,827.47,828.42,826.27,827.4,2228.35,1843204.60711
BNBUSDT,1753774500000,2025-07-29 07:35:00,2025-07-29 16:35:00,827.4,827.45,825.68,826.62,2447.089,2022159.27198
BNBUSDT,1753774800000,2025-07-29 07:40:00,2025-07-29 16:40:00,826.62,828.2,826.39,827.03,2455.981,2031662.0472
BNBUSDT,1753775100000,2025-07-29 07:45:00,2025-07-29 16:45:00,827.02,830.29,827.02,828.58,3748.367,3106387.39286
BNBUSDT,1753775400000,2025-07-29 07:50:00,2025-07-29 16:50:00,828.58,829.21,826.7,827.27,2965.818,2455491.54278
BNBUSDT,1753775700000,2025-07-29 07:55:00,2025-07-29 16:55:00,827.28,827.28,825.07,825.3,2502.368,2066323.7066
BNBUSDT,1753776000000,2025-07-29 08:00:00,2025-07-29 17:00:00,825.29,830.02,824.89,830.02,2079.193,1722073.3073
BNBUSDT,1753776300000,2025-07-29 08:05:00,2025-07-29 17:05:00,830.02,830.97,828.79,830.19,978.902,812550.59314
BNBUSDT,1753776600000,2025-07-29 08:10:00,2025-07-29 17:10:00,830.19,830.78,829.41,830.55,1094.628,908663.36584
BNBUSDT,1753776900000,2025-07-29 08:15:00,2025-07-29 17:15:00,830.55,830.85,829.12,830.05,1184.143,982854.14095
BNBUSDT,1753777200000,2025-07-29 08:20:00,2025-07-29 17:20:00,830.05,830.22,828.22,828.59,1116.167,925489.77556
BNBUSDT,1753777500000,2025-07-29 08:25:00,2025-07-29 17:25:00,828.58,829.28,826.8,827.95,1180.386,977189.50364
BNBUSDT,1753777800000,2025-07-29 08:30:00,2025-07-29 17:30:00,827.95,830,827.95,829.99,678.836,562732.1211
BNBUSDT,1753778100000,2025-07-29 08:35:00,2025-07-29 17:35:00,830,831.05,829.09,829.94,1011.476,839644.85183
BNBUSDT,1753778400000,2025-07-29 08:40:00,2025-07-29 17:40:00,829.94,830.69,829.64,830.14,640.171,531361.0912
BNBUSDT,1753778700000,2025-07-29 08:45:00,2025-07-29 17:45:00,830.14,830.88,829.72,830.31,687.855,571220.37958
BNBUSDT,1753779000000,2025-07-29 08:50:00,2025-07-29 17:50:00,830.32,830.32,827.59,828.12,1184.167,981468.41935
BNBUSDT,1753779300000,2025-07-29 08:55:00,2025-07-29 17:55:00,828.12,828.56,826.61,826.94,1399.769,1158570.35623
BNBUSDT,1753779600000,2025-07-29 09:00:00,2025-07-29 18:00:00,826.94,827.29,825.09,825.3,1400.565,1156820.49313
BNBUSDT,1753779900000,2025-07-29 09:05:00,2025-07-29 18:05:00,825.3,827,825.22,826.52,1433.901,1184857.56488
BNBUSDT,1753780200000,2025-07-29 09:10:00,2025-07-29 18:10:00,826.52,827.54,824.5,824.89,1768.581,1460668.34206
BNBUSDT,1753780500000,2025-07-29 09:15:00,2025-07-29 18:15:00,824.89,826.51,824.29,826.31,1311.248,1081986.9312
BNBUSDT,1753780800000,2025-07-29 09:20:00,2025-07-29 18:20:00,826.3,828.45,826.24,827.99,1451.785,1201479.52557
BNBUSDT,1753781100000,2025-07-29 09:25:00,2025-07-29 18:25:00,828,829.46,827.8,828.05,2987.752,2476082.50697
BNBUSDT,1753781400000,2025-07-29 09:30:00,2025-07-29 18:30:00,828.05,829.47,827.64,828.49,1416.692,1173487.14732
BNBUSDT,1753781700000,2025-07-29 09:35:00,2025-07-29 18:35:00,828.49,829.53,826.93,829.35,1649.827,1366042.63509
BNBUSDT,1753782000000,2025-07-29 09:40:00,2025-07-29 18:40:00,829.34,830.88,828.97,830.41,1446.697,1200786.28523
BNBUSDT,1753782300000,2025-07-29 09:45:00,2025-07-29 18:45:00,830.42,831.46,830.2,830.8,3222.208,2676960.5921
BNBUSDT,1753782600000,2025-07-29 09:50:00,2025-07-29 18:50:00,830.79,832.26,830.49,831.37,2017.559,1677569.41017
BNBUSDT,1753782900000,2025-07-29 09:55:00,2025-07-29 18:55:00,831.37,832.82,831.04,832.79,1777.671,1479569.7664
BNBUSDT,1753783200000,2025-07-29 10:00:00,2025-07-29 19:00:00,832.8,833.81,830.71,831.73,3609.613,3005634.6321
BNBUSDT,1753783500000,2025-07-29 10:05:00,2025-07-29 19:05:00,831.73,831.73,829.65,829.65,873.491,725675.54871
BNBUSDT,1753783800000,2025-07-29 10:10:00,2025-07-29 19:10:00,829.65,830.37,828.13,828.14,624.311,517731.23559
BNBUSDT,1753784100000,2025-07-29 10:15:00,2025-07-29 19:15:00,828.13,829.88,827.63,828.93,548.334,454361.87046
BNBUSDT,1753784400000,2025-07-29 10:20:00,2025-07-29 19:20:00,828.92,829.13,826.9,828.93,1053.063,871774.98669
BNBUSDT,1753784700000,2025-07-29 10:25:00,2025-07-29 19:25:00,828.94,831,828.56,830.84,1662.119,1379683.09851
BNBUSDT,1753785000000,2025-07-29 10:30:00,2025-07-29 19:30:00,830.85,830.93,829.04,829.78,1355.72,1125611.28645
BNBUSDT,1753785300000,2025-07-29 10:35:00,2025-07-29 19:35:00,829.79,829.84,826.66,826.66,652.307,540098.33417
BNBUSDT,1753785600000,2025-07-29 10:40:00,2025-07-29 19:40:00,826.67,827.13,823.51,824.39,2590.931,2138705.37086
BNBUSDT,1753785900000,2025-07-29 10:45:00,2025-07-29 19:45:00,824.38,825.03,822.88,823.78,1207.12,994690.25555
BNBUSDT,1753786200000,2025-07-29 10:50:00,2025-07-29 19:50:00,823.78,823.78,821.52,822.5,1271.146,1045392.07826
BNBUSDT,1753786500000,2025-07-29 10:55:00,2025-07-29 19:55:00,822.5,822.66,821,822.06,1357.491,1115527.24877
BNBUSDT,1753786800000,2025-07-29 11:00:00,2025-07-29 20:00:00,822.06,823.75,821.4,822.14,1240.327,1020241.86853
BNBUSDT,1753787100000,2025-07-29 11:05:00,2025-07-29 20:05:00,822.14,823.26,822.03,822.33,806.907,663770.31046
BNBUSDT,1753787400000,2025-07-29 11:10:00,2025-07-29 20:10:00,822.33,824.47,822.33,824.04,1480.561,1219459.92769
BNBUSDT,1753787700000,2025-07-29 11:15:00,2025-07-29 20:15:00,824.03,824.45,823.2,823.85,942,776000.57027
BNBUSDT,1753788000000,2025-07-29 11:20:00,2025-07-29 20:20:00,823.85,826.08,823.3,825.87,815.071,672077.68473
BNBUSDT,1753788300000,2025-07-29 11:25:00,2025-07-29 20:25:00,825.86,828.86,825,827.77,1298.511,1074715.03278
BNBUSDT,1753788600000,2025-07-29 11:30:00,2025-07-29 20:30:00,827.76,829.06,826.35,826.56,994.368,823268.38872
BNBUSDT,1753788900000,2025-07-29 11:35:00,2025-07-29 20:35:00,826.55,827.64,825.61,826.92,1218.198,1007342.889
BNBUSDT,1753789200000,2025-07-29 11:40:00,2025-07-29 20:40:00,826.93,826.93,824.67,825.52,1235.201,1019599.00106
BNBUSDT,1753789500000,2025-07-29 11:45:00,2025-07-29 20:45:00,825.52,827.21,824.89,826.47,1170.166,966346.43469
BNBUSDT,1753789800000,2025-07-29 11:50:00,2025-07-29 20:50:00,826.48,827.46,825.15,827.36,894.757,739355.97465
BNBUSDT,1753790100000,2025-07-29 11:55:00,2025-07-29 20:55:00,827.36,827.36,826.1,826.3,901.628,745450.65333
BNBUSDT,1753790400000,2025-07-29 12:00:00,2025-07-29 21:00:00,826.3,827.8,825.12,825.65,1110.399,917542.20372
BNBUSDT,1753790700000,2025-07-29 12:05:00,2025-07-29 21:05:00,825.66,826.04,823.27,823.6,1437.316,1185543.09816
BNBUSDT,1753791000000,2025-07-29 12:10:00,2025-07-29 21:10:00,823.6,824.17,822.53,822.61,716.361,589716.90141
BNBUSDT,1753791300000,2025-07-29 12:15:00,2025-07-29 21:15:00,822.61,825.24,822.51,825.21,951.219,783835.03371
BNBUSDT,1753791600000,2025-07-29 12:20:00,2025-07-29 21:20:00,825.21,826.04,824.17,824.2,888.169,732791.36164
BNBUSDT,1753791900000,2025-07-29 12:25:00,2025-07-29 21:25:00,824.2,830.3,823.8,828.13,2324.274,1922396.24869
BNBUSDT,1753792200000,2025-07-29 12:30:00,2025-07-29 21:30:00,828.13,828.13,825.2,826.64,898.603,742584.24598
BNBUSDT,1753792500000,2025-07-29 12:35:00,2025-07-29 21:35:00,826.63,829.24,826.3,829.05,858.292,710492.32468
BNBUSDT,1753792800000,2025-07-29 12:40:00,2025-07-29 21:40:00,829.05,829.05,825.72,827.38,884.025,731250.49785
BNBUSDT,1753793100000,2025-07-29 12:45:00,2025-07-29 21:45:00,827.37,827.44,824.21,824.61,1206.065,995725.24179
BNBUSDT,1753793400000,2025-07-29 12:50:00,2025-07-29 21:50:00,824.6,824.61,823.03,823.33,1249.893,1029473.73994
BNBUSDT,1753793700000,2025-07-29 12:55:00,2025-07-29 21:55:00,823.33,823.42,822.41,822.61,817.177,672437.20185
BNBUSDT,1753794000000,2025-07-29 13:00:00,2025-07-29 22:00:00,822.61,823.96,822.5,823.24,854.058,702957.72342
BNBUSDT,1753794300000,2025-07-29 13:05:00,2025-07-29 22:05:00,823.25,823.7,820.6,821.16,1717.161,1410385.02483
BNBUSDT,1753794600000,2025-07-29 13:10:00,2025-07-29 22:10:00,821.17,822.81,820.47,822.73,745.233,612296.33652
BNBUSDT,1753794900000,2025-07-29 13:15:00,2025-07-29 22:15:00,822.74,824.05,822.15,822.3,978.666,805504.33064
BNBUSDT,1753795200000,2025-07-29 13:20:00,2025-07-29 22:20:00,822.29,823.48,821.8,821.99,670.187,551294.47743
BNBUSDT,1753795500000,2025-07-29 13:25:00,2025-07-29 22:25:00,821.99,823.31,821.33,822.02,1467.953,1207434.40052
BNBUSDT,1753795800000,2025-07-29 13:30:00,2025-07-29 22:30:00,822.02,823.56,820.8,823.08,1162.073,955113.18091
BNBUSDT,1753796100000,2025-07-29 13:35:00,2025-07-29 22:35:00,823.07,823.64,821.34,821.99,916.267,753446.13415
BNBUSDT,1753796400000,2025-07-29 13:40:00,2025-07-29 22:40:00,821.99,822.21,818.1,819.24,2753.903,2257439.52412
BNBUSDT,1753796700000,2025-07-29 13:45:00,2025-07-29 22:45:00,819.24,819.99,815.07,815.64,3574.688,2921556.00632
BNBUSDT,1753797000000,2025-07-29 13:50:00,2025-07-29 22:50:00,815.64,816.59,814.03,815.47,2424.377,1976911.76859
BNBUSDT,1753797300000,2025-07-29 13:55:00,2025-07-29 22:55:00,815.47,815.96,814.17,815.12,1707.198,1391505.7525
BNBUSDT,1753797600000,2025-07-29 14:00:00,2025-07-29 23:00:00,815.13,816.34,811.18,811.87,5480.668,4461327.8952
BNBUSDT,1753797900000,2025-07-29 14:05:00,2025-07-29 23:05:00,811.88,813.03,809.47,812.98,5129.373,4158983.28815
BNBUSDT,1753798200000,2025-07-29 14:10:00,2025-07-29 23:10:00,812.99,814.95,812.72,813.44,3062.722,2492538.65812
BNBUSDT,1753798500000,2025-07-29 14:15:00,2025-07-29 23:15:00,813.43,815.9,813.43,814.1,1579.678,1286807.41544
BNBUSDT,1753798800000,2025-07-29 14:20:00,2025-07-29 23:20:00,814.1,816.58,813.21,816.5,1036.372,844147.72565
BNBUSDT,1753799100000,2025-07-29 14:25:00,2025-07-29 23:25:00,816.5,816.7,814.76,815.9,1145.172,934404.65651
BNBUSDT,1753799400000,2025-07-29 14:30:00,2025-07-29 23:30:00,815.89,816.39,814.47,814.91,1257.369,1025276.42505
BNBUSDT,1753799700000,2025-07-29 14:35:00,2025-07-29 23:35:00,814.91,816.42,813.26,813.35,893.304,727932.00404
BNBUSDT,1753800000000,2025-07-29 14:40:00,2025-07-29 23:40:00,813.33,814.26,812.46,813.08,1104.04,898041.82653
BNBUSDT,1753800300000,2025-07-29 14:45:00,2025-07-29 23:45:00,813.09,813.27,810.05,810.82,2308.078,1872572.66755
BNBUSDT,1753800600000,2025-07-29 14:50:00,2025-07-29 23:50:00,810.82,811.63,808.36,810.67,4075.551,3301753.62607
BNBUSDT,1753800900000,2025-07-29 14:55:00,2025-07-29 23:55:00,810.66,812.36,810.16,811.62,1995.177,1618437.25977
BNBUSDT,1753801200000,2025-07-29 15:00:00,2025-07-30 00:00:00,811.62,811.78,809.11,811.4,1395.641,1131080.29024
BNBUSDT,1753801500000,2025-07-29 15:05:00,2025-07-30 00:05:00,811.4,811.63,808.5,809.76,1916.545,1551895.4747
BNBUSDT,1753801800000,2025-07-29 15:10:00,2025-07-30 00:10:00,809.77,810.98,809.36,809.83,1337.248,1083381.75081
BNBUSDT,1753802100000,2025-07-29 15:15:00,2025-07-30 00:15:00,809.82,810.09,807.76,809.09,1791.25,1449131.92019
BNBUSDT,1753802400000,2025-07-29 15:20:00,2025-07-30 00:20:00,809.09,809.3,805.98,806.63,4496.758,3627625.33676
BNBUSDT,1753802700000,2025-07-29 15:25:00,2025-07-30 00:25:00,806.63,806.91,805,805.08,1904.383,1534280.28308
BNBUSDT,1753803000000,2025-07-29 15:30:00,2025-07-30 00:30:00,805.08,805.38,802.24,802.75,5762.493,4633890.15021
BNBUSDT,1753803300000,2025-07-29 15:35:00,2025-07-30 00:35:00,802.75,805.08,801.93,803.11,2939.243,2361193.33858
BNBUSDT,1753803600000,2025-07-29 15:40:00,2025-07-30 00:40:00,803.12,804.81,801.91,804.41,1678.203,1348502.03304
BNBUSDT,1753803900000,2025-07-29 15:45:00,2025-07-30 00:45:00,804.41,805.98,803.43,805.66,1645.177,1324057.7503
BNBUSDT,1753804200000,2025-07-29 15:50:00,2025-07-30 00:50:00,805.65,806.76,804.47,806.1,1193.929,961959.48477
BNBUSDT,1753804500000,2025-07-29 15:55:00,2025-07-30 00:55:00,806.1,808.62,804.57,805.28,3435.673,2769058.54244
BNBUSDT,1753804800000,2025-07-29 16:00:00,2025-07-30 01:00:00,805.28,807.92,804.84,806.34,4503.558,3629409.70007
BNBUSDT,1753805100000,2025-07-29 16:05:00,2025-07-30 01:05:00,806.37,808.05,804.01,805.62,4009.426,3229552.52495
BNBUSDT,1753805400000,2025-07-29 16:10:00,2025-07-30 01:10:00,805.62,805.93,803.11,804.6,5613.129,4515315.91018
BNBUSDT,1753805700000,2025-07-29 16:15:00,2025-07-30 01:15:00,804.6,805.57,801.5,802.73,4888.698,3927424.79519
BNBUSDT,1753806000000,2025-07-29 16:20:00,2025-07-30 01:20:00,802.74,806.6,802.52,804.4,3078.405,2478049.73463
BNBUSDT,1753806300000,2025-07-29 16:25:00,2025-07-30 01:25:00,804.4,806.29,804.21,805.68,3189.437,2568181.93045
BNBUSDT,1753806600000,2025-07-29 16:30:00,2025-07-30 01:30:00,805.69,806.92,803.52,804.29,3029.555,2439668.81447
BNBUSDT,1753806900000,2025-07-29 16:35:00,2025-07-30 01:35:00,804.3,805.01,800.33,802.15,4764.657,3821410.4489
BNBUSDT,1753807200000,2025-07-29 16:40:00,2025-07-30 01:40:00,802.15,805.74,802.15,805.47,4467.565,3594400.25834
BNBUSDT,1753807500000,2025-07-29 16:45:00,2025-07-30 01:45:00,805.47,806.38,804.56,806.25,1094.972,881981.94767
BNBUSDT,1753807800000,2025-07-29 16:50:00,2025-07-30 01:50:00,806.25,806.29,804.64,805,1160.939,935203.96491
BNBUSDT,1753808100000,2025-07-29 16:55:00,2025-07-30 01:55:00,805,807.37,805,806.84,1913.425,1542413.3765
BNBUSDT,1753808400000,2025-07-29 17:00:00,2025-07-30 02:00:00,806.83,810,806.44,808.89,4132.83,3340236.3028
BNBUSDT,1753808700000,2025-07-29 17:05:00,2025-07-30 02:05:00,808.89,812.57,808.85,811.02,4788.594,3883156.31754
BNBUSDT,1753809000000,2025-07-29 17:10:00,2025-07-30 02:10:00,811.02,811.27,809.8,810.16,1132.723,917984.42293
BNBUSDT,1753809300000,2025-07-29 17:15:00,2025-07-30 02:15:00,810.16,812.02,809.52,810.35,2610.845,2117218.98235
BNBUSDT,1753809600000,2025-07-29 17:20:00,2025-07-30 02:20:00,810.35,812.25,809.9,812.05,2160.444,1752859.99732
BNBUSDT,1753809900000,2025-07-29 17:25:00,2025-07-30 02:25:00,812.04,812.23,810.8,811.14,973.702,790090.24218
BNBUSDT,1753810200000,2025-07-29 17:30:00,2025-07-30 02:30:00,811.15,812.21,810.86,811.66,1948.14,1580964.37337
BNBUSDT,1753810500000,2025-07-29 17:35:00,2025-07-30 02:35:00,811.67,813,810.5,810.76,3363.491,2729942.55799
BNBUSDT,1753810800000,2025-07-29 17:40:00,2025-07-30 02:40:00,810.77,812.44,809.69,810.57,2394.493,1942069.87468
BNBUSDT,1753811100000,2025-07-29 17:45:00,2025-07-30 02:45:00,810.59,814,810.48,813.03,3664.607,2976858.22161
BNBUSDT,1753811400000,2025-07-29 17:50:00,2025-07-30 02:50:00,813.04,814.26,811.61,813.2,3987.028,3241760.21076
BNBUSDT,1753811700000,2025-07-29 17:55:00,2025-07-30 02:55:00,813.22,815.8,813.13,815.5,4891.923,3982724.68162
BNBUSDT,1753812000000,2025-07-29 18:00:00,2025-07-30 03:00:00,815.49,815.49,812.3,812.59,1595.864,1299345.17329
BNBUSDT,1753812300000,2025-07-29 18:05:00,2025-07-30 03:05:00,812.6,813.13,811.58,811.81,670.225,544563.22445
BNBUSDT,1753812600000,2025-07-29 18:10:00,2025-07-30 03:10:00,811.81,814.04,811.7,814.03,651.854,529831.6948
BNBUSDT,1753812900000,2025-07-29 18:15:00,2025-07-30 03:15:00,814.03,815.5,812.14,812.41,1358.928,1105994.76685
BNBUSDT,1753813200000,2025-07-29 18:20:00,2025-07-30 03:20:00,812.42,812.49,810.89,811.43,859.803,697968.48426
BNBUSDT,1753813500000,2025-07-29 18:25:00,2025-07-30 03:25:00,811.41,811.8,810.9,811.7,599.146,486099.9627
BNBUSDT,1753813800000,2025-07-29 18:30:00,2025-07-30 03:30:00,811.7,812.12,809.95,809.97,780.273,632901.30715
BNBUSDT,1753814100000,2025-07-29 18:35:00,2025-07-30 03:35:00,809.97,810.72,809.74,810.24,701.43,568381.38285
BNBUSDT,1753814400000,2025-07-29 18:40:00,2025-07-30 03:40:00,810.24,810.48,808.71,808.71,899.1,728075.20335
BNBUSDT,1753814700000,2025-07-29 18:45:00,2025-07-30 03:45:00,808.71,809.9,808.46,809.65,839.181,678839.67891
BNBUSDT,1753815000000,2025-07-29 18:50:00,2025-07-30 03:50:00,809.67,809.8,806.64,807.67,963.41,778414.89932
BNBUSDT,1753815300000,2025-07-29 18:55:00,2025-07-30 03:55:00,807.67,807.92,806.28,807.64,724.641,584837.82156
BNBUSDT,1753815600000,2025-07-29 19:00:00,2025-07-30 04:00:00,807.64,807.64,805.69,805.78,1091.907,880737.87058
BNBUSDT,1753815900000,2025-07-29 19:05:00,2025-07-30 04:05:00,805.78,806.63,804.9,805.37,1119.643,902142.29359
BNBUSDT,1753816200000,2025-07-29 19:10:00,2025-07-30 04:10:00,805.37,806.2,805.02,806.19,690.287,555911.93134
BNBUSDT,1753816500000,2025-07-29 19:15:00,2025-07-30 04:15:00,806.2,808.01,805.8,806.42,1820.713,1469758.10709
BNBUSDT,1753816800000,2025-07-29 19:20:00,2025-07-30 04:20:00,806.41,806.41,804.1,804.33,1043.453,840204.67159
BNBUSDT,1753817100000,2025-07-29 19:25:00,2025-07-30 04:25:00,804.32,804.37,803.49,804.05,923.38,742245.12416
BNBUSDT,1753817400000,2025-07-29 19:30:00,2025-07-30 04:30:00,804.05,805.16,803.62,804.1,829.133,667038.04816
BNBUSDT,1753817700000,2025-07-29 19:35:00,2025-07-30 04:35:00,804.11,804.6,803.88,804.08,503.885,405229.40824
BNBUSDT,1753818000000,2025-07-29 19:40:00,2025-07-30 04:40:00,804.07,805.34,803.8,803.89,744.67,599036.03363
BNBUSDT,1753818300000,2025-07-29 19:45:00,2025-07-30 04:45:00,803.9,804.7,803.78,803.92,500.769,402682.04204
BNBUSDT,1753818600000,2025-07-29 19:50:00,2025-07-30 04:50:00,803.92,804.16,803.31,803.55,602.893,484508.38947
BNBUSDT,1753818900000,2025-07-29 19:55:00,2025-07-30 04:55:00,803.56,803.97,803.5,803.61,610.549,490715.73255
BNBUSDT,1753819200000,2025-07-29 20:00:00,2025-07-30 05:00:00,803.61,804.07,802.65,802.65,1012.356,813233.00114
BNBUSDT,1753819500000,2025-07-29 20:05:00,2025-07-30 05:05:00,802.66,803.17,800.91,801,1241.087,995098.43578
BNBUSDT,1753819800000,2025-07-29 20:10:00,2025-07-30 05:10:00,801,801.15,800.12,800.83,1248.842,999766.50264
BNBUSDT,1753820100000,2025-07-29 20:15:00,2025-07-30 05:15:00,800.83,804.16,800.12,804.15,1191.877,955601.59639
BNBUSDT,1753820400000,2025-07-29 20:20:00,2025-07-30 05:20:00,804.14,806.51,803.67,804.17,829.205,667590.24371
BNBUSDT,1753820700000,2025-07-29 20:25:00,2025-07-30 05:25:00,804.17,804.33,802.29,802.8,623.518,500868.94618
BNBUSDT,1753821000000,2025-07-29 20:30:00,2025-07-30 05:30:00,802.81,803.35,801.11,801.76,823.807,660624.3028
BNBUSDT,1753821300000,2025-07-29 20:35:00,2025-07-30 05:35:00,801.76,802.17,800.9,801.12,826.408,662227.49026
BNBUSDT,1753821600000,2025-07-29 20:40:00,2025-07-30 05:40:00,801.11,802.79,800.95,802.21,686.052,550306.6897
BNBUSDT,1753821900000,2025-07-29 20:45:00,2025-07-30 05:45:00,802.22,803.24,801.59,803.19,564.824,453280.22
BNBUSDT,1753822200000,2025-07-29 20:50:00,2025-07-30 05:50:00,803.19,803.84,801.26,801.39,572.405,459217.09292
BNBUSDT,1753822500000,2025-07-29 20:55:00,2025-07-30 05:55:00,801.39,803.06,801.12,802.75,691.658,554528.65758
BNBUSDT,1753822800000,2025-07-29 21:00:00,2025-07-30 06:00:00,802.76,802.95,801.13,801.22,629.777,504842.8563
BNBUSDT,1753823100000,2025-07-29 21:05:00,2025-07-30 06:05:00,801.22,802.99,800.66,801.88,1168.513,936788.35791
BNBUSDT,1753823400000,2025-07-29 21:10:00,2025-07-30 06:10:00,801.88,802.7,801.68,802.57,843.765,676820.93411
BNBUSDT,1753823700000,2025-07-29 21:15:00,2025-07-30 06:15:00,802.57,802.57,801.51,802.01,719.141,576773.92679
BNBUSDT,1753824000000,2025-07-29 21:20:00,2025-07-30 06:20:00,802.01,802.01,800.85,801.26,602.275,482605.24536
BNBUSDT,1753824300000,2025-07-29 21:25:00,2025-07-30 06:25:00,801.26,802.87,800.72,802.39,673.886,540157.36276
BNBUSDT,1753824600000,2025-07-29 21:30:00,2025-07-30 06:30:00,802.39,804.4,801.74,804.33,645.965,518876.24298
BNBUSDT,1753824900000,2025-07-29 21:35:00,2025-07-30 06:35:00,804.33,804.33,802.12,803.02,602.227,483713.97464
BNBUSDT,1753825200000,2025-07-29 21:40:00,2025-07-30 06:40:00,803.02,803.44,802.1,802.2,580.231,465778.95242
BNBUSDT,1753825500000,2025-07-29 21:45:00,2025-07-30 06:45:00,802.2,803.3,802,803.3,444.326,356608.73847
BNBUSDT,1753825800000,2025-07-29 21:50:00,2025-07-30 06:50:00,803.29,806.2,803.16,806.19,889.884,716273.15805
BNBUSDT,1753826100000,2025-07-29 21:55:00,2025-07-30 06:55:00,806.16,809.26,805.92,806.69,1109.064,895735.11832
BNBUSDT,1753826400000,2025-07-29 22:00:00,2025-07-30 07:00:00,806.69,807.56,803.19,803.44,1385.17,1116237.20408
BNBUSDT,1753826700000,2025-07-29 22:05:00,2025-07-30 07:05:00,803.44,804.32,802.34,802.35,1032.608,829656.14267
BNBUSDT,1753827000000,2025-07-29 22:10:00,2025-07-30 07:10:00,802.35,803.2,801.34,801.44,767.409,615661.69124
BNBUSDT,1753827300000,2025-07-29 22:15:00,2025-07-30 07:15:00,801.45,802.96,801.45,802.29,806.43,646908.3466
BNBUSDT,1753827600000,2025-07-29 22:20:00,2025-07-30 07:20:00,802.29,802.94,801.84,802.93,655.843,526152.87093
BNBUSDT,1753827900000,2025-07-29 22:25:00,2025-07-30 07:25:00,802.93,803.83,802.51,803.18,796.087,639451.15572
BNBUSDT,1753828200000,2025-07-29 22:30:00,2025-07-30 07:30:00,803.19,803.9,802.24,802.62,739.721,594057.84329
BNBUSDT,1753828500000,2025-07-29 22:35:00,2025-07-30 07:35:00,802.63,804.3,802.01,803.41,837.826,672812.68841
BNBUSDT,1753828800000,2025-07-29 22:40:00,2025-07-30 07:40:00,803.4,803.85,802.98,803.2,683.251,548944.97992
BNBUSDT,1753829100000,2025-07-29 22:45:00,2025-07-30 07:45:00,803.21,805.46,802.87,804.74,594.128,477838.14989
BNBUSDT,1753829400000,2025-07-29 22:50:00,2025-07-30 07:50:00,804.74,806.19,804.73,805.2,690.66,556316.65018
BNBUSDT,1753829700000,2025-07-29 22:55:00,2025-07-30 07:55:00,805.21,806.84,805.21,806.25,902.467,727581.20444
BNBUSDT,1753830000000,2025-07-29 23:00:00,2025-07-30 08:00:00,806.25,806.28,805,805.47,910.419,733525.58203
BNBUSDT,1753830300000,2025-07-29 23:05:00,2025-07-30 08:05:00,805.46,806.1,804.72,806.1,810.598,652686.05092
BNBUSDT,1753830600000,2025-07-29 23:10:00,2025-07-30 08:10:00,806.1,808.26,805.55,807.08,1173.728,947122.48154
BNBUSDT,1753830900000,2025-07-29 23:15:00,2025-07-30 08:15:00,807.08,808.04,805.88,806.97,645.371,520838.01487
BNBUSDT,1753831200000,2025-07-29 23:20:00,2025-07-30 08:20:00,806.97,807.37,806.11,806.18,591.637,477338.0023
BNBUSDT,1753831500000,2025-07-29 23:25:00,2025-07-30 08:25:00,806.17,806.51,805.4,806.51,570.211,459515.65027
BNBUSDT,1753831800000,2025-07-29 23:30:00,2025-07-30 08:30:00,806.52,807.52,805.73,806.25,689.8,556291.87113
BNBUSDT,1753832100000,2025-07-29 23:35:00,2025-07-30 08:35:00,806.25,807.63,806.11,806.98,754.661,608985.3881
BNBUSDT,1753832400000,2025-07-29 23:40:00,2025-07-30 08:40:00,806.99,808.21,804.71,804.89,1840.223,1484492.10497
BNBUSDT,1753832700000,2025-07-29 23:45:00,2025-07-30 08:45:00,804.89,805.75,804.26,805.54,615.3,495263.1316
BNBUSDT,1753833000000,2025-07-29 23:50:00,2025-07-30 08:50:00,805.54,805.54,803.86,805.36,933.043,750884.48627
BNBUSDT,1753833300000,2025-07-29 23:55:00,2025-07-30 08:55:00,805.37,805.94,804.27,805.1,1149.576,925537.16049
BNBUSDT,1753833600000,2025-07-30 00:00:00,2025-07-30 09:00:00,805.11,805.29,803.14,803.38,1390.62,1118429.35345
BNBUSDT,1753833900000,2025-07-30 00:05:00,2025-07-30 09:05:00,803.38,804.49,802.87,804.48,785.925,631386.39176
BNBUSDT,1753834200000,2025-07-30 00:10:00,2025-07-30 09:10:00,804.49,804.95,803.31,803.44,645.849,519338.64754
BNBUSDT,1753834500000,2025-07-30 00:15:00,2025-07-30 09:15:00,803.44,804,802.2,802.2,408.969,328536.76676
BNBUSDT,1753834800000,2025-07-30 00:20:00,2025-07-30 09:20:00,802.21,802.87,801.17,801.72,824.95,661406.02143
BNBUSDT,1753835100000,2025-07-30 00:25:00,2025-07-30 09:25:00,801.71,801.98,800.46,800.95,1185.103,949320.11032
BNBUSDT,1753835400000,2025-07-30 00:30:00,2025-07-30 09:30:00,800.95,802.05,800.3,800.41,670.842,537327.70182
BNBUSDT,1753835700000,2025-07-30 00:35:00,2025-07-30 09:35:00,800.41,800.87,800,800.39,870.267,696392.55532
BNBUSDT,1753836000000,2025-07-30 00:40:00,2025-07-30 09:40:00,800.39,800.5,796.1,800.17,5778.024,4615874.78369
BNBUSDT,1753836300000,2025-07-30 00:45:00,2025-07-30 09:45:00,800.16,800.61,797.71,797.79,2044.149,1633465.71802
BNBUSDT,1753836600000,2025-07-30 00:50:00,2025-07-30 09:50:00,797.8,804.22,797.8,803.6,1539.944,1234989.75867
BNBUSDT,1753836900000,2025-07-30 00:55:00,2025-07-30 09:55:00,803.59,805.86,803.59,805.75,845.361,680693.50626
BNBUSDT,1753837200000,2025-07-30 01:00:00,2025-07-30 10:00:00,805.74,805.74,804.24,805.47,903.661,727390.87956
BNBUSDT,1753837500000,2025-07-30 01:05:00,2025-07-30 10:05:00,805.47,806.33,805.2,805.39,605.227,487808.73867
BNBUSDT,1753837800000,2025-07-30 01:10:00,2025-07-30 10:10:00,805.38,805.7,804.32,804.32,443.979,357409.90325
BNBUSDT,1753838100000,2025-07-30 01:15:00,2025-07-30 10:15:00,804.32,804.69,801,801.5,747.733,600275.86159
BNBUSDT,1753838400000,2025-07-30 01:20:00,2025-07-30 10:20:00,801.5,803.54,800.91,802.29,617.901,495797.38227
BNBUSDT,1753838700000,2025-07-30 01:25:00,2025-07-30 10:25:00,802.3,802.9,801.43,802.63,382.866,307107.05752
BNBUSDT,1753839000000,2025-07-30 01:30:00,2025-07-30 10:30:00,802.63,804.8,801.91,804.7,570.351,458166.77002
BNBUSDT,1753839300000,2025-07-30 01:35:00,2025-07-30 10:35:00,804.7,806.57,804.57,806.28,1123.592,905630.57371
BNBUSDT,1753839600000,2025-07-30 01:40:00,2025-07-30 10:40:00,806.28,808.55,806.24,808.02,1455.831,1175594.16899
BNBUSDT,1753839900000,2025-07-30 01:45:00,2025-07-30 10:45:00,808.02,809.78,808.01,809.36,1756.057,1420851.52565
BNBUSDT,1753840200000,2025-07-30 01:50:00,2025-07-30 10:50:00,809.34,809.83,808.94,809.3,532.977,431381.08793
BNBUSDT,1753840500000,2025-07-30 01:55:00,2025-07-30 10:55:00,809.3,809.3,807.58,808.57,424.382,343060.94239
BNBUSDT,1753840800000,2025-07-30 02:00:00,2025-07-30 11:00:00,808.57,808.82,807,807.08,548.279,443053.37556
BNBUSDT,1753841100000,2025-07-30 02:05:00,2025-07-30 11:05:00,807.07,808.6,807.07,807.93,1055.727,852807.09057
BNBUSDT,1753841400000,2025-07-30 02:10:00,2025-07-30 11:10:00,807.94,809.95,807.33,809.81,702.235,567914.45685
BNBUSDT,1753841700000,2025-07-30 02:15:00,2025-07-30 11:15:00,809.81,811.64,809.81,809.93,1366.962,1108076.55683
BNBUSDT,1753842000000,2025-07-30 02:20:00,2025-07-30 11:20:00,809.93,810.49,809,809.5,476.39,385815.06539
BNBUSDT,1753842300000,2025-07-30 02:25:00,2025-07-30 11:25:00,809.5,809.64,808.73,809.21,396.276,320634.48372
BNBUSDT,1753842600000,2025-07-30 02:30:00,2025-07-30 11:30:00,809.21,809.44,807.34,809.33,943.604,762840.29347
BNBUSDT,1753842900000,2025-07-30 02:35:00,2025-07-30 11:35:00,809.34,809.58,807.8,808.13,838.333,677651.05603
BNBUSDT,1753843200000,2025-07-30 02:40:00,2025-07-30 11:40:00,808.13,810.11,808.1,808.78,1206.787,976555.31256
BNBUSDT,1753843500000,2025-07-30 02:45:00,2025-07-30 11:45:00,808.77,809.8,808.18,809.56,365.232,295512.88456
BNBUSDT,1753843800000,2025-07-30 02:50:00,2025-07-30 11:50:00,809.57,809.78,808.6,808.61,432.474,349890.78584
BNBUSDT,1753844100000,2025-07-30 02:55:00,2025-07-30 11:55:00,808.6,808.86,807.33,807.54,350.301,282999.1301
BNBUSDT,1753844400000,2025-07-30 03:00:00,2025-07-30 12:00:00,807.54,807.54,806.3,806.52,419.149,338230.43493
BNBUSDT,1753844700000,2025-07-30 03:05:00,2025-07-30 12:05:00,806.52,806.56,805.28,805.75,375.521,302585.98435
BNBUSDT,1753845000000,2025-07-30 03:10:00,2025-07-30 12:10:00,805.75,806.63,805.3,806.59,609.757,491507.73769
BNBUSDT,1753845300000,2025-07-30 03:15:00,2025-07-30 12:15:00,806.6,806.8,805,805.96,547.562,441183.84461
BNBUSDT,1753845600000,2025-07-30 03:20:00,2025-07-30 12:20:00,805.96,806.81,805.4,805.62,701.404,565269.06179
BNBUSDT,1753845900000,2025-07-30 03:25:00,2025-07-30 12:25:00,805.63,806.2,804.73,805.92,681.468,548896.09358
BNBUSDT,1753846200000,2025-07-30 03:30:00,2025-07-30 12:30:00,805.93,806.3,805.26,805.8,533.356,429741.02358
BNBUSDT,1753846500000,2025-07-30 03:35:00,2025-07-30 12:35:00,805.79,805.96,805,805.3,354.341,285388.24791
BNBUSDT,1753846800000,2025-07-30 03:40:00,2025-07-30 12:40:00,805.31,805.67,805.1,805.31,500.868,403418.91975
BNBUSDT,1753847100000,2025-07-30 03:45:00,2025-07-30 12:45:00,805.31,805.48,803.44,804.3,755.589,607615.04423
BNBUSDT,1753847400000,2025-07-30 03:50:00,2025-07-30 12:50:00,804.31,807.95,804.31,806.56,721.517,581681.40171
BNBUSDT,1753847700000,2025-07-30 03:55:00,2025-07-30 12:55:00,806.55,806.7,804.6,804.6,280.418,225937.55957
BNBUSDT,1753848000000,2025-07-30 04:00:00,2025-07-30 13:00:00,804.61,804.97,804.05,804.68,468.789,377121.11845
BNBUSDT,1753848300000,2025-07-30 04:05:00,2025-07-30 13:05:00,804.68,806.81,804.67,806.35,560.983,452161.22787
BNBUSDT,1753848600000,2025-07-30 04:10:00,2025-07-30 13:10:00,806.36,806.36,804.96,805,305.738,246286.42548
BNBUSDT,1753848900000,2025-07-30 04:15:00,2025-07-30 13:15:00,805,805.34,804,804.09,478.906,385395.21698
BNBUSDT,1753849200000,2025-07-30 04:20:00,2025-07-30 13:20:00,804.09,804.56,803.3,803.45,450.799,362454.63643
BNBUSDT,1753849500000,2025-07-30 04:25:00,2025-07-30 13:25:00,803.46,804.23,803.11,803.38,639.849,514160.26307
BNBUSDT,1753849800000,2025-07-30 04:30:00,2025-07-30 13:30:00,803.39,803.39,801.28,801.37,651.865,522827.11485
BNBUSDT,1753850100000,2025-07-30 04:35:00,2025-07-30 13:35:00,801.38,801.5,799.77,800.04,1960.711,1569704.87276
BNBUSDT,1753850400000,2025-07-30 04:40:00,2025-07-30 13:40:00,800.04,801.14,798.91,800.39,769.773,615691.80127
BNBUSDT,1753850700000,2025-07-30 04:45:00,2025-07-30 13:45:00,800.4,800.7,799.1,799.6,471.329,376904.56021
BNBUSDT,1753851000000,2025-07-30 04:50:00,2025-07-30 13:50:00,799.59,800.58,799.59,800.33,441.648,353306.83413
BNBUSDT,1753851300000,2025-07-30 04:55:00,2025-07-30 13:55:00,800.34,800.36,799.2,799.68,338.569,270780.24742
BNBUSDT,1753851600000,2025-07-30 05:00:00,2025-07-30 14:00:00,799.69,801.26,798.8,800.96,494.842,395688.63147
BNBUSDT,1753851900000,2025-07-30 05:05:00,2025-07-30 14:05:00,800.96,801.48,799.25,799.49,740.473,592748.50922
BNBUSDT,1753852200000,2025-07-30 05:10:00,2025-07-30 14:10:00,799.49,799.49,796.59,796.75,1895.59,1512180.53331
BNBUSDT,1753852500000,2025-07-30 05:15:00,2025-07-30 14:15:00,796.75,798.19,795.81,798.08,1235.062,983779.05622
BNBUSDT,1753852800000,2025-07-30 05:20:00,2025-07-30 14:20:00,798.06,799.2,797.83,799.2,840.34,670988.73113
BNBUSDT,1753853100000,2025-07-30 05:25:00,2025-07-30 14:25:00,799.2,801.8,799.03,801.3,733.926,587853.22935
BNBUSDT,1753853400000,2025-07-30 05:30:00,2025-07-30 14:30:00,801.3,801.58,799.38,799.39,499.722,399861.91202
BNBUSDT,1753853700000,2025-07-30 05:35:00,2025-07-30 14:35:00,799.39,800.67,799.02,799.33,435.309,348118.61519
BNBUSDT,1753854000000,2025-07-30 05:40:00,2025-07-30 14:40:00,799.32,800.28,799.27,799.47,418.961,335131.9365
BNBUSDT,1753854300000,2025-07-30 05:45:00,2025-07-30 14:45:00,799.48,801.28,798.5,801.24,480.076,383917.43994
BNBUSDT,1753854600000,2025-07-30 05:50:00,2025-07-30 14:50:00,801.23,802.21,800.16,800.16,477.031,382299.93478
BNBUSDT,1753854900000,2025-07-30 05:55:00,2025-07-30 14:55:00,800.12,801.16,800.01,800.7,403.642,323205.34511
BNBUSDT,1753855200000,2025-07-30 06:00:00,2025-07-30 15:00:00,800.71,802.26,800.5,802.17,629.147,504197.48843
BNBUSDT,1753855500000,2025-07-30 06:05:00,2025-07-30 15:05:00,802.18,802.3,801.23,801.23,463.271,371487.52739
BNBUSDT,1753855800000,2025-07-30 06:10:00,2025-07-30 15:10:00,801.23,801.98,801.1,801.25,511.496,409923.15346
BNBUSDT,1753856100000,2025-07-30 06:15:00,2025-07-30 15:15:00,801.25,801.97,800.36,801.85,1114.755,893016.5742
BNBUSDT,1753856400000,2025-07-30 06:20:00,2025-07-30 15:20:00,801.87,802.68,801.53,802.22,1571.49,1260132.63786
BNBUSDT,1753856700000,2025-07-30 06:25:00,2025-07-30 15:25:00,802.23,803.39,802.2,802.76,887.58,712593.6529
BNBUSDT,1753857000000,2025-07-30 06:30:00,2025-07-30 15:30:00,802.77,803.35,801.85,801.95,781.156,627241.71189
BNBUSDT,1753857300000,2025-07-30 06:35:00,2025-07-30 15:35:00,801.95,803.28,801.1,802.91,1446.399,1160704.533
BNBUSDT,1753857600000,2025-07-30 06:40:00,2025-07-30 15:40:00,802.91,805.19,802.63,804.96,3939.281,3168653.74656
BNBUSDT,1753857900000,2025-07-30 06:45:00,2025-07-30 15:45:00,804.96,806,804.62,805.21,2390.751,1924989.67437
BNBUSDT,1753858200000,2025-07-30 06:50:00,2025-07-30 15:50:00,805.21,806.01,804.87,805.41,2362.978,1903633.25428
BNBUSDT,1753858500000,2025-07-30 06:55:00,2025-07-30 15:55:00,805.4,806.26,804.64,804.65,1016.062,818409.05109
BNBUSDT,1753858800000,2025-07-30 07:00:00,2025-07-30 16:00:00,804.65,806.42,804.65,805.74,1049.404,845569.67334
BNBUSDT,1753859100000,2025-07-30 07:05:00,2025-07-30 16:05:00,805.73,806.5,804.91,804.91,574.879,463413.75228
BNBUSDT,1753859400000,2025-07-30 07:10:00,2025-07-30 16:10:00,804.91,805.2,802.91,803.42,754.245,606297.89313
BNBUSDT,1753859700000,2025-07-30 07:15:00,2025-07-30 16:15:00,803.42,803.91,802.53,802.99,574.13,461123.63705
BNBUSDT,1753860000000,2025-07-30 07:20:00,2025-07-30 16:20:00,802.96,803.31,802.27,802.34,461.332,370384.00908
BNBUSDT,1753860300000,2025-07-30 07:25:00,2025-07-30 16:25:00,802.34,803.73,801.8,803.55,540.765,434041.71437
BNBUSDT,1753860600000,2025-07-30 07:30:00,2025-07-30 16:30:00,803.55,805.01,802.66,802.88,2306.402,1853885.05353
BNBUSDT,1753860900000,2025-07-30 07:35:00,2025-07-30 16:35:00,802.88,803.75,800.8,800.81,795.917,638892.54955
BNBUSDT,1753861200000,2025-07-30 07:40:00,2025-07-30 16:40:00,800.81,801.19,799.95,800.45,724.254,579793.79614
BNBUSDT,1753861500000,2025-07-30 07:45:00,2025-07-30 16:45:00,800.46,801.28,800.02,801.08,770.172,616586.3606
BNBUSDT,1753861800000,2025-07-30 07:50:00,2025-07-30 16:50:00,801.09,801.25,799.72,800.04,525.783,420763.69943
BNBUSDT,1753862100000,2025-07-30 07:55:00,2025-07-30 16:55:00,800.04,800.45,799.14,800.44,657.592,525975.91651
BNBUSDT,1753862400000,2025-07-30 08:00:00,2025-07-30 17:00:00,800.45,801.25,800.1,800.75,545.318,436569.76137
BNBUSDT,1753862700000,2025-07-30 08:05:00,2025-07-30 17:05:00,800.74,803.01,800.23,801.18,4270.912,3424375.53013
BNBUSDT,1753863000000,2025-07-30 08:10:00,2025-07-30 17:10:00,801.18,803,800.12,800.8,5739.691,4600968.24242
BNBUSDT,1753863300000,2025-07-30 08:15:00,2025-07-30 17:15:00,800.8,803.23,800.6,802.04,1998.185,1602366.57333
BNBUSDT,1753863600000,2025-07-30 08:20:00,2025-07-30 17:20:00,802.04,803.01,800.93,801.89,1998.992,1603633.21016
BNBUSDT,1753863900000,2025-07-30 08:25:00,2025-07-30 17:25:00,801.89,803.43,801.87,803.38,1516.841,1217685.61617
BNBUSDT,1753864200000,2025-07-30 08:30:00,2025-07-30 17:30:00,803.38,803.41,801.8,803.2,1470.164,1180093.9825
BNBUSDT,1753864500000,2025-07-30 08:35:00,2025-07-30 17:35:00,803.19,807.34,802.95,803.81,2893.158,2327639.99186
BNBUSDT,1753864800000,2025-07-30 08:40:00,2025-07-30 17:40:00,803.81,806.01,803.6,804.6,3370.77,2713449.0018
BNBUSDT,1753865100000,2025-07-30 08:45:00,2025-07-30 17:45:00,804.59,805.55,804.24,804.86,1604.691,1291509.09465
BNBUSDT,1753865400000,2025-07-30 08:50:00,2025-07-30 17:50:00,804.86,805.5,804.01,804.92,1046.985,842738.97103
BNBUSDT,1753865700000,2025-07-30 08:55:00,2025-07-30 17:55:00,804.93,805,803.6,803.69,433.082,348222.94639
BNBUSDT,1753866000000,2025-07-30 09:00:00,2025-07-30 18:00:00,803.69,804.5,802.75,803.23,984.454,791053.83922
BNBUSDT,1753866300000,2025-07-30 09:05:00,2025-07-30 18:05:00,803.22,804.75,803.22,803.4,511.987,411671.68954
BNBUSDT,1753866600000,2025-07-30 09:10:00,2025-07-30 18:10:00,803.39,803.6,801.13,801.24,603.209,483945.36221
BNBUSDT,1753866900000,2025-07-30 09:15:00,2025-07-30 18:15:00,801.23,801.44,800.53,800.9,594.713,476350.30334
BNBUSDT,1753867200000,2025-07-30 09:20:00,2025-07-30 18:20:00,800.9,801.09,799.6,799.84,1338.582,1071096.07763
BNBUSDT,1753867500000,2025-07-30 09:25:00,2025-07-30 18:25:00,799.84,801.09,798.64,799.99,1543.834,1234605.72103
BNBUSDT,1753867800000,2025-07-30 09:30:00,2025-07-30 18:30:00,799.99,799.99,797.34,798.16,2252.59,1797815.51487
BNBUSDT,1753868100000,2025-07-30 09:35:00,2025-07-30 18:35:00,798.17,798.9,796.86,797.2,1025.82,818285.92483
BNBUSDT,1753868400000,2025-07-30 09:40:00,2025-07-30 18:40:00,797.2,798.42,796.4,797.45,761.803,607350.2025
BNBUSDT,1753868700000,2025-07-30 09:45:00,2025-07-30 18:45:00,797.45,798.64,796.93,798.21,692.503,552636.80357
BNBUSDT,1753869000000,2025-07-30 09:50:00,2025-07-30 18:50:00,798.21,799.37,798.2,798.52,388.302,310178.6494
BNBUSDT,1753869300000,2025-07-30 09:55:00,2025-07-30 18:55:00,798.52,799.89,798.41,799.31,618.063,493901.09414
BNBUSDT,1753869600000,2025-07-30 10:00:00,2025-07-30 19:00:00,799.31,800.63,798.28,799.35,7518.355,6013487.41289
BNBUSDT,1753869900000,2025-07-30 10:05:00,2025-07-30 19:05:00,799.36,800,798.68,799.19,590.283,471922.31728
BNBUSDT,1753870200000,2025-07-30 10:10:00,2025-07-30 19:10:00,799.2,799.97,798.38,799.59,921.385,736207.17717
BNBUSDT,1753870500000,2025-07-30 10:15:00,2025-07-30 19:15:00,799.6,800.42,798.9,800.41,689.367,551328.71376
BNBUSDT,1753870800000,2025-07-30 10:20:00,2025-07-30 19:20:00,800.42,801.09,800,800.44,562.204,450083.80522
BNBUSDT,1753871100000,2025-07-30 10:25:00,2025-07-30 19:25:00,800.44,800.7,799.64,799.64,320.57,256498.77029
BNBUSDT,1753871400000,2025-07-30 10:30:00,2025-07-30 19:30:00,799.65,799.65,798.28,798.29,589.467,470863.13323
BNBUSDT,1753871700000,2025-07-30 10:35:00,2025-07-30 19:35:00,798.3,799.24,798.28,798.65,626.285,500245.35249
BNBUSDT,1753872000000,2025-07-30 10:40:00,2025-07-30 19:40:00,798.66,799.48,797.48,798.24,795.223,634885.30863
BNBUSDT,1753872300000,2025-07-30 10:45:00,2025-07-30 19:45:00,798.25,798.58,795.66,796.24,2828.112,2253417.08663
BNBUSDT,1753872600000,2025-07-30 10:50:00,2025-07-30 19:50:00,796.24,796.27,794.38,794.9,1656.886,1317477.56932
BNBUSDT,1753872900000,2025-07-30 10:55:00,2025-07-30 19:55:00,794.9,795.11,793.45,794.2,1459.409,1159116.67086
BNBUSDT,1753873200000,2025-07-30 11:00:00,2025-07-30 20:00:00,794.2,795.62,793.53,794.37,3304.488,2625166.6246
BNBUSDT,1753873500000,2025-07-30 11:05:00,2025-07-30 20:05:00,794.39,795.91,794.15,794.31,2199.589,1748353.82244
BNBUSDT,1753873800000,2025-07-30 11:10:00,2025-07-30 20:10:00,794.31,795.38,794.19,794.4,1421.207,1129615.31097
BNBUSDT,1753874100000,2025-07-30 11:15:00,2025-07-30 20:15:00,794.4,794.49,790.6,791.16,5357.431,4243966.47969
BNBUSDT,1753874400000,2025-07-30 11:20:00,2025-07-30 20:20:00,791.15,793.01,791.04,791.22,3941.182,3121403.9085
BNBUSDT,1753874700000,2025-07-30 11:25:00,2025-07-30 20:25:00,791.22,791.7,789.1,790.28,3552.475,2807051.89522
BNBUSDT,1753875000000,2025-07-30 11:30:00,2025-07-30 20:30:00,790.28,791.37,789.69,790.5,1864.253,1473341.98512
BNBUSDT,1753875300000,2025-07-30 11:35:00,2025-07-30 20:35:00,790.51,792,790.1,791.91,1611.73,1274794.5388
BNBUSDT,1753875600000,2025-07-30 11:40:00,2025-07-30 20:40:00,791.91,793.01,790.22,790.6,2847.1,2253611.14554
BNBUSDT,1753875900000,2025-07-30 11:45:00,2025-07-30 20:45:00,790.6,791.6,789.72,789.72,2429.319,1921214.08559
BNBUSDT,1753876200000,2025-07-30 11:50:00,2025-07-30 20:50:00,789.73,790,787.01,787.39,4770.643,3760978.67548
BNBUSDT,1753876500000,2025-07-30 11:55:00,2025-07-30 20:55:00,787.39,789.18,786.23,788.52,6527.638,5138915.71435
BNBUSDT,1753876800000,2025-07-30 12:00:00,2025-07-30 21:00:00,788.52,789.23,782.5,783.34,5511.299,4323741.90449
BNBUSDT,1753877100000,2025-07-30 12:05:00,2025-07-30 21:05:00,783.33,783.9,780.01,780.69,4225.299,3300766.04927
BNBUSDT,1753877400000,2025-07-30 12:10:00,2025-07-30 21:10:00,780.7,782.79,780.6,782.31,1406.879,1099681.42696
BNBUSDT,1753877700000,2025-07-30 12:15:00,2025-07-30 21:15:00,782.31,782.38,779.63,781.29,3776.595,2948395.58389
BNBUSDT,1753878000000,2025-07-30 12:20:00,2025-07-30 21:20:00,781.28,786.49,780.93,786.34,3872.213,3036329.86613
BNBUSDT,1753878300000,2025-07-30 12:25:00,2025-07-30 21:25:00,786.33,787.2,785.25,785.8,1019.966,801733.19823
BNBUSDT,1753878600000,2025-07-30 12:30:00,2025-07-30 21:30:00,785.81,786.4,782.83,784.38,1470.353,1153780.61334
BNBUSDT,1753878900000,2025-07-30 12:35:00,2025-07-30 21:35:00,784.39,785.7,783.41,785.35,546.523,428845.95884
BNBUSDT,1753879200000,2025-07-30 12:40:00,2025-07-30 21:40:00,785.36,786.73,781.74,782.32,2973.51,2334002.32107
BNBUSDT,1753879500000,2025-07-30 12:45:00,2025-07-30 21:45:00,782.32,783.83,782.1,783.39,1586.965,1242539.71114
BNBUSDT,1753879800000,2025-07-30 12:50:00,2025-07-30 21:50:00,783.39,784.79,782.7,784.3,954.923,748519.3112
BNBUSDT,1753880100000,2025-07-30 12:55:00,2025-07-30 21:55:00,784.31,785.05,782.6,782.61,1026.253,804330.21673
BNBUSDT,1753880400000,2025-07-30 13:00:00,2025-07-30 22:00:00,782.62,784.1,782,782.08,1200.863,940264.02318
BNBUSDT,1753880700000,2025-07-30 13:05:00,2025-07-30 22:05:00,782.08,785.1,781.38,783.1,1892.859,1482398.48345
BNBUSDT,1753881000000,2025-07-30 13:10:00,2025-07-30 22:10:00,783.1,783.5,781.14,782.17,1588.209,1242406.56306
BNBUSDT,1753881300000,2025-07-30 13:15:00,2025-07-30 22:15:00,782.18,784.28,781.38,781.55,1650.093,1291428.29806
BNBUSDT,1753881600000,2025-07-30 13:20:00,2025-07-30 22:20:00,781.55,782.03,779.38,779.7,2501.436,1951960.50282
BNBUSDT,1753881900000,2025-07-30 13:25:00,2025-07-30 22:25:00,779.71,780.7,779.01,779.51,1510.707,1178184.50938
BNBUSDT,1753882200000,2025-07-30 13:30:00,2025-07-30 22:30:00,779.52,781.76,779.35,781.34,2855.017,2228664.82882
BNBUSDT,1753882500000,2025-07-30 13:35:00,2025-07-30 22:35:00,781.36,785.13,781.36,783.83,3559.887,2787923.75682
BNBUSDT,1753882800000,2025-07-30 13:40:00,2025-07-30 22:40:00,783.83,784.1,781.69,782.33,1320.855,1034036.38354
BNBUSDT,1753883100000,2025-07-30 13:45:00,2025-07-30 22:45:00,782.33,784.8,781.21,781.22,1471.179,1153229.68132
BNBUSDT,1753883400000,2025-07-30 13:50:00,2025-07-30 22:50:00,781.21,783,781,782.88,1357.48,1061518.30154
BNBUSDT,1753883700000,2025-07-30 13:55:00,2025-07-30 22:55:00,782.88,784.8,782.87,784.31,1128.108,884427.79352
BNBUSDT,1753884000000,2025-07-30 14:00:00,2025-07-30 23:00:00,784.31,784.97,783.9,784.68,715.706,561539.56898
BNBUSDT,1753884300000,2025-07-30 14:05:00,2025-07-30 23:05:00,784.69,785.48,784.31,784.82,648.638,509109.71062
BNBUSDT,1753884600000,2025-07-30 14:10:00,2025-07-30 23:10:00,784.82,786.95,784,786.95,1973.235,1548172.14843
BNBUSDT,1753884900000,2025-07-30 14:15:00,2025-07-30 23:15:00,786.94,787.38,785.21,787.05,1016.427,799340.75058
BNBUSDT,1753885200000,2025-07-30 14:20:00,2025-07-30 23:20:00,787.05,789.09,786.8,788.19,1146.302,903725.90971
BNBUSDT,1753885500000,2025-07-30 14:25:00,2025-07-30 23:25:00,788.2,788.55,786.3,787.15,579.542,456382.43185
BNBUSDT,1753885800000,2025-07-30 14:30:00,2025-07-30 23:30:00,787.14,788.42,786.96,787.99,1910.125,1504865.92985
BNBUSDT,1753886100000,2025-07-30 14:35:00,2025-07-30 23:35:00,788,789.2,787.7,789.2,721.729,569205.49895
BNBUSDT,1753886400000,2025-07-30 14:40:00,2025-07-30 23:40:00,789.19,790.57,789.02,790.13,1597.91,1262102.34956
BNBUSDT,1753886700000,2025-07-30 14:45:00,2025-07-30 23:45:00,790.14,791.99,789.15,791.88,2144.612,1696074.84767
BNBUSDT,1753887000000,2025-07-30 14:50:00,2025-07-30 23:50:00,791.88,795.69,791.76,795.09,3367.357,2674881.41083
BNBUSDT,1753887300000,2025-07-30 14:55:00,2025-07-30 23:55:00,795.07,795.83,794.42,795.47,1488.33,1183579.05291
BNBUSDT,1753887600000,2025-07-30 15:00:00,2025-07-31 00:00:00,795.47,795.75,791.82,792.03,2879.095,2286197.81143
BNBUSDT,1753887900000,2025-07-30 15:05:00,2025-07-31 00:05:00,792.03,792.2,789.25,789.94,2171.453,1715810.4959
BNBUSDT,1753888200000,2025-07-30 15:10:00,2025-07-31 00:10:00,789.92,791.39,789.82,790.1,1057.092,835505.85733
BNBUSDT,1753888500000,2025-07-30 15:15:00,2025-07-31 00:15:00,790.11,791.5,789.79,791.3,968.28,765364.38308
BNBUSDT,1753888800000,2025-07-30 15:20:00,2025-07-31 00:20:00,791.3,791.7,789.18,790.38,719.082,568332.86531
BNBUSDT,1753889100000,2025-07-30 15:25:00,2025-07-31 00:25:00,790.39,791.25,788.25,788.6,662.146,522430.18143
BNBUSDT,1753889400000,2025-07-30 15:30:00,2025-07-31 00:30:00,788.59,789.56,787.11,789.56,652.402,514366.85381
BNBUSDT,1753889700000,2025-07-30 15:35:00,2025-07-31 00:35:00,789.57,791.17,789.56,790.48,450.899,356450.50737
BNBUSDT,1753890000000,2025-07-30 15:40:00,2025-07-31 00:40:00,790.49,790.86,789.48,790.17,380.102,300363.52118
BNBUSDT,1753890300000,2025-07-30 15:45:00,2025-07-31 00:45:00,790.16,791.56,790,790.71,444.516,351537.69075
BNBUSDT,1753890600000,2025-07-30 15:50:00,2025-07-31 00:50:00,790.71,791.42,788.88,790.56,954.094,754000.73978
BNBUSDT,1753890900000,2025-07-30 15:55:00,2025-07-31 00:55:00,790.57,791.17,789.39,790.8,926.731,732442.39334
BNBUSDT,1753891200000,2025-07-30 16:00:00,2025-07-31 01:00:00,790.8,791.49,789.2,789.9,2038.084,1611588.40354
BNBUSDT,1753891500000,2025-07-30 16:05:00,2025-07-31 01:05:00,789.89,790.55,789.26,790.55,665.391,525582.90581
BNBUSDT,1753891800000,2025-07-30 16:10:00,2025-07-31 01:10:00,790.54,791.38,789.21,790.93,487.603,385402.25418
BNBUSDT,1753892100000,2025-07-30 16:15:00,2025-07-31 01:15:00,790.92,793.3,790.6,792.15,924.957,732914.82876
BNBUSDT,1753892400000,2025-07-30 16:20:00,2025-07-31 01:20:00,792.16,793.1,791.7,792.01,710.626,563104.63567
BNBUSDT,1753892700000,2025-07-30 16:25:00,2025-07-31 01:25:00,792,792.39,790.24,790.87,839.884,664810.33253
BNBUSDT,1753893000000,2025-07-30 16:30:00,2025-07-31 01:30:00,790.87,791.8,790.6,791.8,264.547,209309.15861
BNBUSDT,1753893300000,2025-07-30 16:35:00,2025-07-31 01:35:00,791.79,791.9,790.13,790.85,426.455,337234.74592
BNBUSDT,1753893600000,2025-07-30 16:40:00,2025-07-31 01:40:00,790.85,791.65,790.48,791.06,413.412,327012.22394
BNBUSDT,1753893900000,2025-07-30 16:45:00,2025-07-31 01:45:00,791.06,791.4,790.07,790.64,315.416,249368.16743
BNBUSDT,1753894200000,2025-07-30 16:50:00,2025-07-31 01:50:00,790.64,791,790.4,790.86,206.715,163461.46196
BNBUSDT,1753894500000,2025-07-30 16:55:00,2025-07-31 01:55:00,790.86,791.27,790.19,791.26,257.715,203773.85995
BNBUSDT,1753894800000,2025-07-30 17:00:00,2025-07-31 02:00:00,791.27,792.29,790.6,790.79,244.181,193283.42779
BNBUSDT,1753895100000,2025-07-30 17:05:00,2025-07-31 02:05:00,790.79,791.72,789.7,790.28,259.922,205476.085
BNBUSDT,1753895400000,2025-07-30 17:10:00,2025-07-31 02:10:00,790.28,790.65,789.21,789.3,573.393,452796.68967
BNBUSDT,1753895700000,2025-07-30 17:15:00,2025-07-31 02:15:00,789.31,790.4,788.2,790.17,482.322,380743.7368
BNBUSDT,1753896000000,2025-07-30 17:20:00,2025-07-31 02:20:00,790.18,791.44,789.41,789.41,641.279,507005.29539
BNBUSDT,1753896300000,2025-07-30 17:25:00,2025-07-31 02:25:00,789.42,789.73,788.95,789.13,216.895,171207.47918
BNBUSDT,1753896600000,2025-07-30 17:30:00,2025-07-31 02:30:00,789.13,790.27,789.13,790.27,249.521,196985.524
BNBUSDT,1753896900000,2025-07-30 17:35:00,2025-07-31 02:35:00,790.27,791.69,789.44,791.62,491.843,389053.02504
BNBUSDT,1753897200000,2025-07-30 17:40:00,2025-07-31 02:40:00,791.61,792.24,791.19,791.63,377.749,299079.44577
BNBUSDT,1753897500000,2025-07-30 17:45:00,2025-07-31 02:45:00,791.62,791.63,789.68,790.13,299.41,236661.0911
BNBUSDT,1753897800000,2025-07-30 17:50:00,2025-07-31 02:50:00,790.13,791.1,790,791.03,338.182,267398.09485
BNBUSDT,1753898100000,2025-07-30 17:55:00,2025-07-31 02:55:00,791.04,792.2,791.04,792.15,320.823,254028.88917
BNBUSDT,1753898400000,2025-07-30 18:00:00,2025-07-31 03:00:00,792.15,794.28,788.2,790.63,1632.702,1290722.63634
BNBUSDT,1753898700000,2025-07-30 18:05:00,2025-07-31 03:05:00,790.64,793.85,790.1,793.85,848.206,671189.20371
BNBUSDT,1753899000000,2025-07-30 18:10:00,2025-07-31 03:10:00,793.85,794.6,792.83,792.83,1538.631,1221381.19344
BNBUSDT,1753899300000,2025-07-30 18:15:00,2025-07-31 03:15:00,792.84,794.1,791.82,793.43,679.031,538386.83274
BNBUSDT,1753899600000,2025-07-30 18:20:00,2025-07-31 03:20:00,793.42,794.75,792.23,793.72,809.476,642390.98109
BNBUSDT,1753899900000,2025-07-30 18:25:00,2025-07-31 03:25:00,793.7,794.33,791.06,792.72,1343.264,1064963.30211
BNBUSDT,1753900200000,2025-07-30 18:30:00,2025-07-31 03:30:00,792.72,793,790.8,792,1143.449,905695.33143
BNBUSDT,1753900500000,2025-07-30 18:35:00,2025-07-31 03:35:00,791.99,792.5,789.96,790.17,731.436,578504.82112
BNBUSDT,1753900800000,2025-07-30 18:40:00,2025-07-31 03:40:00,790.13,790.13,786.23,788.13,1567.867,1235486.41991
BNBUSDT,1753901100000,2025-07-30 18:45:00,2025-07-31 03:45:00,788.14,788.45,784,784.23,3677.553,2886078.72932
BNBUSDT,1753901400000,2025-07-30 18:50:00,2025-07-31 03:50:00,784.23,785.44,784,784.38,6843.21,5365980.19828
BNBUSDT,1753901700000,2025-07-30 18:55:00,2025-07-31 03:55:00,784.39,784.65,780.57,780.58,2904.548,2273801.43886
BNBUSDT,1753902000000,2025-07-30 19:00:00,2025-07-31 04:00:00,780.57,780.87,772.77,772.96,7951.355,6178639.18811
BNBUSDT,1753902300000,2025-07-30 19:05:00,2025-07-31 04:05:00,772.96,773.37,766.21,769.28,12196.058,9384043.24839
BNBUSDT,1753902600000,2025-07-30 19:10:00,2025-07-31 04:10:00,769.29,774.56,767.11,774.02,6526.829,5024645.07553
BNBUSDT,1753902900000,2025-07-30 19:15:00,2025-07-31 04:15:00,774.02,776.91,773.42,774.92,4180.513,3239518.90565
BNBUSDT,1753903200000,2025-07-30 19:20:00,2025-07-31 04:20:00,774.94,776.23,774.2,775.02,1406.482,1090284.13399
BNBUSDT,1753903500000,2025-07-30 19:25:00,2025-07-31 04:25:00,775.02,778.84,774.72,778.6,2137.579,1661506.54187
BNBUSDT,1753903800000,2025-07-30 19:30:00,2025-07-31 04:30:00,778.6,780.98,778.2,780.8,1992.434,1553660.94609
BNBUSDT,1753904100000,2025-07-30 19:35:00,2025-07-31 04:35:00,780.8,780.8,777.72,779.71,1608.027,1252989.54649
BNBUSDT,1753904400000,2025-07-30 19:40:00,2025-07-31 04:40:00,779.71,782.32,779,781.98,2073.623,1618561.47854
BNBUSDT,1753904700000,2025-07-30 19:45:00,2025-07-31 04:45:00,781.99,785.37,781.99,784.9,4551.173,3564801.45685
BNBUSDT,1753905000000,2025-07-30 19:50:00,2025-07-31 04:50:00,784.91,786.55,784.2,786,1420.533,1115527.9598
BNBUSDT,1753905300000,2025-07-30 19:55:00,2025-07-31 04:55:00,785.99,786.46,784.62,785.31,472.641,371369.7797
BNBUSDT,1753905600000,2025-07-30 20:00:00,2025-07-31 05:00:00,785.3,786.5,784.63,785.7,3366.644,2645678.52328
BNBUSDT,1753905900000,2025-07-30 20:05:00,2025-07-31 05:05:00,785.7,788.13,785.26,787.86,1089.731,857242.28744
BNBUSDT,1753906200000,2025-07-30 20:10:00,2025-07-31 05:10:00,787.85,788.36,786.56,787.7,2656.104,2091249.91573
BNBUSDT,1753906500000,2025-07-30 20:15:00,2025-07-31 05:15:00,787.71,788.37,785.47,787.15,537.329,422955.53131
BNBUSDT,1753906800000,2025-07-30 20:20:00,2025-07-31 05:20:00,787.17,788.12,785.82,785.82,590.547,464747.87321
BNBUSDT,1753907100000,2025-07-30 20:25:00,2025-07-31 05:25:00,785.83,787.18,785.44,786.09,341.887,268827.96886
BNBUSDT,1753907400000,2025-07-30 20:30:00,2025-07-31 05:30:00,786.08,787.1,784.83,785.12,412.228,324134.85441
BNBUSDT,1753907700000,2025-07-30 20:35:00,2025-07-31 05:35:00,785.12,785.99,783.92,785.31,531.239,416977.27952
BNBUSDT,1753908000000,2025-07-30 20:40:00,2025-07-31 05:40:00,785.31,787.27,785.31,785.88,571.401,449244.62385
BNBUSDT,1753908300000,2025-07-30 20:45:00,2025-07-31 05:45:00,785.87,786.37,785.02,785.02,317.117,249136.26694
BNBUSDT,1753908600000,2025-07-30 20:50:00,2025-07-31 05:50:00,785.02,785.99,784.4,785.36,391.869,307637.93068
BNBUSDT,1753908900000,2025-07-30 20:55:00,2025-07-31 05:55:00,785.37,785.76,784.9,785.3,360.707,283299.58903
BNBUSDT,1753909200000,2025-07-30 21:00:00,2025-07-31 06:00:00,785.31,787.1,785.31,785.71,454.057,357015.81113
BNBUSDT,1753909500000,2025-07-30 21:05:00,2025-07-31 06:05:00,785.71,787,785.5,786.86,306.004,240633.92921
BNBUSDT,1753909800000,2025-07-30 21:10:00,2025-07-31 06:10:00,786.85,788.8,786.85,787.44,1142.974,900941.20744
BNBUSDT,1753910100000,2025-07-30 21:15:00,2025-07-31 06:15:00,787.45,787.98,786.6,786.86,502.48,395539.58741
BNBUSDT,1753910400000,2025-07-30 21:20:00,2025-07-31 06:20:00,786.86,786.86,785.55,785.61,841.064,661152.11344
BNBUSDT,1753910700000,2025-07-30 21:25:00,2025-07-31 06:25:00,785.64,786.2,784.95,784.95,247.279,194241.16684
BNBUSDT,1753911000000,2025-07-30 21:30:00,2025-07-31 06:30:00,784.94,786.13,784.6,784.72,270.142,212118.7473
BNBUSDT,1753911300000,2025-07-30 21:35:00,2025-07-31 06:35:00,784.73,784.73,783.01,784.7,464.587,364274.74913
BNBUSDT,1753911600000,2025-07-30 21:40:00,2025-07-31 06:40:00,784.69,784.69,783.02,783.25,334.385,262059.33855
BNBUSDT,1753911900000,2025-07-30 21:45:00,2025-07-31 06:45:00,783.25,784.8,783.24,784.67,173.873,136347.87972
BNBUSDT,1753912200000,2025-07-30 21:50:00,2025-07-31 06:50:00,784.68,786.44,784.67,786.44,147.772,116113.01211
BNBUSDT,1753912500000,2025-07-30 21:55:00,2025-07-31 06:55:00,786.44,787.33,786.44,786.77,326.958,257294.2178
BNBUSDT,1753912800000,2025-07-30 22:00:00,2025-07-31 07:00:00,786.76,787.06,785.6,786.65,342.93,269624.76152
BNBUSDT,1753913100000,2025-07-30 22:05:00,2025-07-31 07:05:00,786.65,788.52,786.51,788.43,283.061,222967.99496
BNBUSDT,1753913400000,2025-07-30 22:10:00,2025-07-31 07:10:00,788.42,788.56,787.2,787.2,191.956,151281.48725
BNBUSDT,1753913700000,2025-07-30 22:15:00,2025-07-31 07:15:00,787.2,788.84,786.36,786.36,1442.6,1136365.18103
BNBUSDT,1753914000000,2025-07-30 22:20:00,2025-07-31 07:20:00,786.36,786.36,785.06,786.09,269.069,211374.26372
BNBUSDT,1753914300000,2025-07-30 22:25:00,2025-07-31 07:25:00,786.1,786.45,785.6,786.21,236.443,185881.14703
BNBUSDT,1753914600000,2025-07-30 22:30:00,2025-07-31 07:30:00,786.2,787.07,785.4,785.4,774.238,608690.45913
BNBUSDT,1753914900000,2025-07-30 22:35:00,2025-07-31 07:35:00,785.4,786,785.2,786,251.441,197502.66666
BNBUSDT,1753915200000,2025-07-30 22:40:00,2025-07-31 07:40:00,786,787.6,785.57,787.53,224.738,176833.84627
BNBUSDT,1753915500000,2025-07-30 22:45:00,2025-07-31 07:45:00,787.54,788.09,787.22,788.07,131.64,103691.1835
BNBUSDT,1753915800000,2025-07-30 22:50:00,2025-07-31 07:50:00,788.07,788.12,786.6,786.89,153.204,120597.21459
BNBUSDT,1753916100000,2025-07-30 22:55:00,2025-07-31 07:55:00,786.89,787.8,786.88,787.78,134.895,106227.00262
BNBUSDT,1753916400000,2025-07-30 23:00:00,2025-07-31 08:00:00,787.77,788.91,787.58,788.91,336.029,264870.21125
BNBUSDT,1753916700000,2025-07-30 23:05:00,2025-07-31 08:05:00,788.91,789.74,788.8,789.74,459.784,362868.42626
BNBUSDT,1753917000000,2025-07-30 23:10:00,2025-07-31 08:10:00,789.74,790.28,789.61,790.15,412.381,325786.73483
BNBUSDT,1753917300000,2025-07-30 23:15:00,2025-07-31 08:15:00,790.15,791.21,790.15,791.21,410.503,324573.29181
BNBUSDT,1753917600000,2025-07-30 23:20:00,2025-07-31 08:20:00,791.2,791.88,790.76,790.76,322.526,255266.02693
BNBUSDT,1753917900000,2025-07-30 23:25:00,2025-07-31 08:25:00,790.76,792.39,790.12,792.25,479.433,379410.58668
BNBUSDT,1753918200000,2025-07-30 23:30:00,2025-07-31 08:30:00,792.25,793.55,791.87,792.78,866.202,686776.56261
BNBUSDT,1753918500000,2025-07-30 23:35:00,2025-07-31 08:35:00,792.77,793.09,792.52,793.05,225.352,178671.90023
BNBUSDT,1753918800000,2025-07-30 23:40:00,2025-07-31 08:40:00,793.05,793.52,792.5,793.45,550.029,436192.2844
BNBUSDT,1753919100000,2025-07-30 23:45:00,2025-07-31 08:45:00,793.45,793.68,792.74,793.24,259.604,205924.0502
BNBUSDT,1753919400000,2025-07-30 23:50:00,2025-07-31 08:50:00,793.25,793.35,792.78,792.92,477.068,378330.76909
BNBUSDT,1753919700000,2025-07-30 23:55:00,2025-07-31 08:55:00,792.92,793.58,792.83,793.51,368.477,292326.1064
BNBUSDT,1753920000000,2025-07-31 00:00:00,2025-07-31 09:00:00,793.51,793.55,792.6,792.6,2424.121,1923296.46582
BNBUSDT,1753920300000,2025-07-31 00:05:00,2025-07-31 09:05:00,792.6,792.67,792.32,792.35,377.249,298958.45087
BNBUSDT,1753920600000,2025-07-31 00:10:00,2025-07-31 09:10:00,792.35,792.65,791.14,792.17,1453.875,1151620.26828
BNBUSDT,1753920900000,2025-07-31 00:15:00,2025-07-31 09:15:00,792.17,792.65,791.91,792.51,3026.716,2398892.79768
BNBUSDT,1753921200000,2025-07-31 00:20:00,2025-07-31 09:20:00,792.5,792.91,791.59,792.75,891.313,706287.45225
BNBUSDT,1753921500000,2025-07-31 00:25:00,2025-07-31 09:25:00,792.75,793.55,792.73,793.54,1806.808,1433323.30716
BNBUSDT,1753921800000,2025-07-31 00:30:00,2025-07-31 09:30:00,793.55,794.61,793.21,794.3,1227.856,974705.6666
BNBUSDT,1753922100000,2025-07-31 00:35:00,2025-07-31 09:35:00,794.31,794.93,793.96,794.93,1061.453,843155.79335
BNBUSDT,1753922400000,2025-07-31 00:40:00,2025-07-31 09:40:00,794.93,797.44,794.92,796.7,1588.674,1264813.9794
BNBUSDT,1753922700000,2025-07-31 00:45:00,2025-07-31 09:45:00,796.69,797.24,796.29,797.03,630.113,502067.61481
BNBUSDT,1753923000000,2025-07-31 00:50:00,2025-07-31 09:50:00,797.03,797.03,795.41,795.81,780.737,621503.75284
BNBUSDT,1753923300000,2025-07-31 00:55:00,2025-07-31 09:55:00,795.8,797,795.5,796.7,1027.789,818059.03111
BNBUSDT,1753923600000,2025-07-31 01:00:00,2025-07-31 10:00:00,796.71,796.8,794.9,796.2,685.713,545781.00021
BNBUSDT,1753923900000,2025-07-31 01:05:00,2025-07-31 10:05:00,796.21,796.39,795.69,796.33,307.706,244936.05326
BNBUSDT,1753924200000,2025-07-31 01:10:00,2025-07-31 10:10:00,796.33,796.66,795.9,796.62,235.432,187474.01723
BNBUSDT,1753924500000,2025-07-31 01:15:00,2025-07-31 10:15:00,796.63,796.67,795.28,795.49,325.151,258722.17486
BNBUSDT,1753924800000,2025-07-31 01:20:00,2025-07-31 10:20:00,795.5,795.99,795.18,795.98,323.983,257720.36449
BNBUSDT,1753925100000,2025-07-31 01:25:00,2025-07-31 10:25:00,795.99,797.01,795.12,797.01,392.824,312716.70413
BNBUSDT,1753925400000,2025-07-31 01:30:00,2025-07-31 10:30:00,797.02,797.64,796.18,796.24,1033.656,823730.68341
BNBUSDT,1753925700000,2025-07-31 01:35:00,2025-07-31 10:35:00,796.23,796.81,796.02,796.75,342.438,272746.16694
BNBUSDT,1753926000000,2025-07-31 01:40:00,2025-07-31 10:40:00,796.75,797.1,796.53,796.82,301.264,240045.06848
BNBUSDT,1753926300000,2025-07-31 01:45:00,2025-07-31 10:45:00,796.81,797.06,795.16,796.27,1224.918,975121.88053
BNBUSDT,1753926600000,2025-07-31 01:50:00,2025-07-31 10:50:00,796.27,797.14,795.75,795.76,568.1,452486.00141
BNBUSDT,1753926900000,2025-07-31 01:55:00,2025-07-31 10:55:00,795.75,796.04,794.97,795.73,476.943,379338.26591
BNBUSDT,1753927200000,2025-07-31 02:00:00,2025-07-31 11:00:00,795.73,795.9,794.94,794.95,640.16,509216.87741
BNBUSDT,1753927500000,2025-07-31 02:05:00,2025-07-31 11:05:00,794.94,796.52,794.91,796.02,1046.021,832297.39098
BNBUSDT,1753927800000,2025-07-31 02:10:00,2025-07-31 11:10:00,796.03,796.42,795.67,795.68,497.16,395776.00092
BNBUSDT,1753928100000,2025-07-31 02:15:00,2025-07-31 11:15:00,795.68,796.01,795.32,795.35,1560.114,1241408.22273
BNBUSDT,1753928400000,2025-07-31 02:20:00,2025-07-31 11:20:00,795.35,795.97,794.4,794.59,799.556,635884.62851
BNBUSDT,1753928700000,2025-07-31 02:25:00,2025-07-31 11:25:00,794.58,795.44,794.58,795.36,236.439,187998.99117
BNBUSDT,1753929000000,2025-07-31 02:30:00,2025-07-31 11:30:00,795.36,795.56,794.79,795.32,418.909,333125.4541
BNBUSDT,1753929300000,2025-07-31 02:35:00,2025-07-31 11:35:00,795.31,796,795.12,796,448.204,356531.46875
BNBUSDT,1753929600000,2025-07-31 02:40:00,2025-07-31 11:40:00,796,797.56,795.66,797.23,1048.907,835471.6906
BNBUSDT,1753929900000,2025-07-31 02:45:00,2025-07-31 11:45:00,797.23,797.48,795.63,796.3,728.765,580540.31423
BNBUSDT,1753930200000,2025-07-31 02:50:00,2025-07-31 11:50:00,796.29,796.84,795.85,796.73,393.57,313433.46293
BNBUSDT,1753930500000,2025-07-31 02:55:00,2025-07-31 11:55:00,796.74,797.07,796.4,796.8,470.393,374765.54823
BNBUSDT,1753930800000,2025-07-31 03:00:00,2025-07-31 12:00:00,796.79,797.34,796.68,797.11,397.537,316845.02194
BNBUSDT,1753931100000,2025-07-31 03:05:00,2025-07-31 12:05:00,797.11,797.52,797.02,797.52,348.344,277711.52243
BNBUSDT,1753931400000,2025-07-31 03:10:00,2025-07-31 12:10:00,797.53,797.93,797.21,797.39,595.563,474992.89751
BNBUSDT,1753931700000,2025-07-31 03:15:00,2025-07-31 12:15:00,797.39,797.58,797.09,797.11,380.233,303168.52832
BNBUSDT,1753932000000,2025-07-31 03:20:00,2025-07-31 12:20:00,797.1,797.71,797.02,797.71,445.887,355541.5304
BNBUSDT,1753932300000,2025-07-31 03:25:00,2025-07-31 12:25:00,797.7,798.31,797.5,798.31,495.404,395326.30489
BNBUSDT,1753932600000,2025-07-31 03:30:00,2025-07-31 12:30:00,798.31,798.45,797.8,798.39,250.265,199755.57422
BNBUSDT,1753932900000,2025-07-31 03:35:00,2025-07-31 12:35:00,798.39,798.48,797.86,798.21,372.986,297688.23129
BNBUSDT,1753933200000,2025-07-31 03:40:00,2025-07-31 12:40:00,798.22,798.48,797.61,798.33,515.551,411394.85603
BNBUSDT,1753933500000,2025-07-31 03:45:00,2025-07-31 12:45:00,798.33,798.96,798.32,798.71,615.189,491334.16414
BNBUSDT,1753933800000,2025-07-31 03:50:00,2025-07-31 12:50:00,798.71,799.5,798.66,799.28,942.048,752814.47589
BNBUSDT,1753934100000,2025-07-31 03:55:00,2025-07-31 12:55:00,799.27,800,798.33,798.9,1348.252,1077354.15463
BNBUSDT,1753934400000,2025-07-31 04:00:00,2025-07-31 13:00:00,798.89,799.1,797.85,797.9,772.752,616887.82771
BNBUSDT,1753934700000,2025-07-31 04:05:00,2025-07-31 13:05:00,797.9,798.3,797.61,797.7,409.381,326633.69539
BNBUSDT,1753935000000,2025-07-31 04:10:00,2025-07-31 13:10:00,797.7,798.16,797.7,798.16,161.105,128563.02361
BNBUSDT,1753935300000,2025-07-31 04:15:00,2025-07-31 13:15:00,798.16,798.16,796.86,796.9,686.664,547570.76399
BNBUSDT,1753935600000,2025-07-31 04:20:00,2025-07-31 13:20:00,796.91,797.4,796.91,797.31,316.802,252534.11895
BNBUSDT,1753935900000,2025-07-31 04:25:00,2025-07-31 13:25:00,797.3,797.35,796.91,796.92,246.119,196175.28947
BNBUSDT,1753936200000,2025-07-31 04:30:00,2025-07-31 13:30:00,796.92,797.81,796.91,797.8,488.303,389373.73958
BNBUSDT,1753936500000,2025-07-31 04:35:00,2025-07-31 13:35:00,797.81,799.66,797.67,798.82,1602.493,1279551.22254
BNBUSDT,1753936800000,2025-07-31 04:40:00,2025-07-31 13:40:00,798.83,799.73,798.04,799.73,500.18,399466.55287
BNBUSDT,1753937100000,2025-07-31 04:45:00,2025-07-31 13:45:00,799.73,802.2,799.73,801.07,1975.899,1582226.63755
BNBUSDT,1753937400000,2025-07-31 04:50:00,2025-07-31 13:50:00,801.06,801.83,800.64,801.82,486.364,389679.70758
BNBUSDT,1753937700000,2025-07-31 04:55:00,2025-07-31 13:55:00,801.83,803.72,801.82,802.51,1850.325,1485844.41878
BNBUSDT,1753938000000,2025-07-31 05:00:00,2025-07-31 14:00:00,802.51,803,801.82,802,1045.431,838800.20767
BNBUSDT,1753938300000,2025-07-31 05:05:00,2025-07-31 14:05:00,802,802,801.2,801.87,598.825,479991.16155
BNBUSDT,1753938600000,2025-07-31 05:10:00,2025-07-31 14:10:00,801.88,801.98,800.69,801,1009.771,808835.65713
BNBUSDT,1753938900000,2025-07-31 05:15:00,2025-07-31 14:15:00,801.01,802,801,801.99,1146.253,918991.36946
BNBUSDT,1753939200000,2025-07-31 05:20:00,2025-07-31 14:20:00,801.99,802.95,801.99,802.86,732.989,588070.08222
BNBUSDT,1753939500000,2025-07-31 05:25:00,2025-07-31 14:25:00,802.87,803.29,801.32,802.33,1214.82,974600.29583
BNBUSDT,1753939800000,2025-07-31 05:30:00,2025-07-31 14:30:00,802.32,802.4,801.24,801.72,427.266,342537.89149
BNBUSDT,1753940100000,2025-07-31 05:35:00,2025-07-31 14:35:00,801.73,802.61,801.7,801.71,255.445,204921.62309
BNBUSDT,1753940400000,2025-07-31 05:40:00,2025-07-31 14:40:00,801.71,802.49,801.51,802.39,342.388,274577.06216
BNBUSDT,1753940700000,2025-07-31 05:45:00,2025-07-31 14:45:00,802.4,802.4,801.71,801.79,277.755,222780.3237
BNBUSDT,1753941000000,2025-07-31 05:50:00,2025-07-31 14:50:00,801.79,801.79,801,801.39,410.613,329008.12861
BNBUSDT,1753941300000,2025-07-31 05:55:00,2025-07-31 14:55:00,801.4,801.6,801.12,801.26,206.642,165595.43405
BNBUSDT,1753941600000,2025-07-31 06:00:00,2025-07-31 15:00:00,801.26,801.76,801.15,801.32,319.904,256395.49593
BNBUSDT,1753941900000,2025-07-31 06:05:00,2025-07-31 15:05:00,801.32,801.36,800.02,800.06,365.48,292564.33736
BNBUSDT,1753942200000,2025-07-31 06:10:00,2025-07-31 15:10:00,800.06,800.63,800.01,800.3,643.532,515017.71946
BNBUSDT,1753942500000,2025-07-31 06:15:00,2025-07-31 15:15:00,800.29,800.79,800.16,800.17,277.045,221759.00892
BNBUSDT,1753942800000,2025-07-31 06:20:00,2025-07-31 15:20:00,800.16,801.8,800.15,801.56,993.893,796141.0788
BNBUSDT,1753943100000,2025-07-31 06:25:00,2025-07-31 15:25:00,801.56,802.5,801.5,801.65,732.437,587341.81031
BNBUSDT,1753943400000,2025-07-31 06:30:00,2025-07-31 15:30:00,801.65,801.65,800.52,800.53,777.228,622665.10332
BNBUSDT,1753943700000,2025-07-31 06:35:00,2025-07-31 15:35:00,800.52,801.82,800.18,801.82,304.654,244081.9132
BNBUSDT,1753944000000,2025-07-31 06:40:00,2025-07-31 15:40:00,801.82,802.28,801.74,801.83,215.745,173039.07165
BNBUSDT,1753944300000,2025-07-31 06:45:00,2025-07-31 15:45:00,801.84,802.56,801.84,802.39,381.052,305711.40544
BNBUSDT,1753944600000,2025-07-31 06:50:00,2025-07-31 15:50:00,802.4,803.36,802.36,803.25,699.943,561979.59948
BNBUSDT,1753944900000,2025-07-31 06:55:00,2025-07-31 15:55:00,803.26,803.66,803.1,803.37,517.065,415377.48988
BNBUSDT,1753945200000,2025-07-31 07:00:00,2025-07-31 16:00:00,803.38,804,803.12,803.3,712.596,572560.84619
BNBUSDT,1753945500000,2025-07-31 07:05:00,2025-07-31 16:05:00,803.3,804.26,802.92,804.13,693.33,557067.27318
BNBUSDT,1753945800000,2025-07-31 07:10:00,2025-07-31 16:10:00,804.13,804.13,803.1,803.59,454.724,365380.1472
BNBUSDT,1753946100000,2025-07-31 07:15:00,2025-07-31 16:15:00,803.6,804.49,803.6,804.02,413.513,332492.95821
BNBUSDT,1753946400000,2025-07-31 07:20:00,2025-07-31 16:20:00,804.02,804.5,804,804.26,672.485,540827.97786
BNBUSDT,1753946700000,2025-07-31 07:25:00,2025-07-31 16:25:00,804.26,804.27,803.74,804.13,587.596,472442.24745
BNBUSDT,1753947000000,2025-07-31 07:30:00,2025-07-31 16:30:00,804.13,804.21,803.31,803.79,679.729,546383.36774
BNBUSDT,1753947300000,2025-07-31 07:35:00,2025-07-31 16:35:00,803.8,804,803.36,803.51,226.163,181773.21802
BNBUSDT,1753947600000,2025-07-31 07:40:00,2025-07-31 16:40:00,803.5,804.39,803.5,804.3,539.302,433592.30252
BNBUSDT,1753947900000,2025-07-31 07:45:00,2025-07-31 16:45:00,804.31,805.28,803.82,803.98,1324.205,1065586.93956
BNBUSDT,1753948200000,2025-07-31 07:50:00,2025-07-31 16:50:00,803.97,803.97,803.55,803.6,232.384,186756.27468
BNBUSDT,1753948500000,2025-07-31 07:55:00,2025-07-31 16:55:00,803.61,803.7,803.3,803.69,307.912,247395.87169
BNBUSDT,1753948800000,2025-07-31 08:00:00,2025-07-31 17:00:00,803.69,805.16,803.69,805.16,780.935,628305.00082
BNBUSDT,1753949100000,2025-07-31 08:05:00,2025-07-31 17:05:00,805.16,805.5,804.7,804.7,741.45,596943.91923
BNBUSDT,1753949400000,2025-07-31 08:10:00,2025-07-31 17:10:00,804.71,805.5,804.63,805.36,578.698,465915.70728
BNBUSDT,1753949700000,2025-07-31 08:15:00,2025-07-31 17:15:00,805.35,806.3,805.35,806.29,551.31,444226.26047
BNBUSDT,1753950000000,2025-07-31 08:20:00,2025-07-31 17:20:00,806.3,807.48,806.2,806.92,1444.54,1165297.36363
BNBUSDT,1753950300000,2025-07-31 08:25:00,2025-07-31 17:25:00,806.91,807.47,806.43,806.47,802.766,647829.5073
BNBUSDT,1753950600000,2025-07-31 08:30:00,2025-07-31 17:30:00,806.47,806.55,805.77,806.24,1046.422,843489.93334
BNBUSDT,1753950900000,2025-07-31 08:35:00,2025-07-31 17:35:00,806.25,807.46,806.1,807.33,447.314,360842.14817
BNBUSDT,1753951200000,2025-07-31 08:40:00,2025-07-31 17:40:00,807.33,809.01,806.54,808.14,2487.568,2008830.61494
BNBUSDT,1753951500000,2025-07-31 08:45:00,2025-07-31 17:45:00,808.14,808.56,808,808.1,419.376,338972.91831
BNBUSDT,1753951800000,2025-07-31 08:50:00,2025-07-31 17:50:00,808.11,809.43,807.68,808.97,1286.396,1040503.02169
BNBUSDT,1753952100000,2025-07-31 08:55:00,2025-07-31 17:55:00,808.97,810.14,808.96,809.92,2868.914,2322979.09601
BNBUSDT,1753952400000,2025-07-31 09:00:00,2025-07-31 18:00:00,809.92,809.96,809,809.39,2750.884,2226983.78296
BNBUSDT,1753952700000,2025-07-31 09:05:00,2025-07-31 18:05:00,809.4,809.61,809,809.58,698.953,565707.74642
BNBUSDT,1753953000000,2025-07-31 09:10:00,2025-07-31 18:10:00,809.57,809.95,809.1,809.79,801.888,649218.02006
BNBUSDT,1753953300000,2025-07-31 09:15:00,2025-07-31 18:15:00,809.8,809.8,809,809.13,1164.911,942800.19925
BNBUSDT,1753953600000,2025-07-31 09:20:00,2025-07-31 18:20:00,809.12,809.77,809.05,809.52,472.061,382068.77915
BNBUSDT,1753953900000,2025-07-31 09:25:00,2025-07-31 18:25:00,809.53,810,809.52,809.84,449.654,364133.5375
BNBUSDT,1753954200000,2025-07-31 09:30:00,2025-07-31 18:30:00,809.85,810.7,809.7,810.13,738.183,598071.98962
BNBUSDT,1753954500000,2025-07-31 09:35:00,2025-07-31 18:35:00,810.13,810.76,810.13,810.46,502.963,407612.73088
BNBUSDT,1753954800000,2025-07-31 09:40:00,2025-07-31 18:40:00,810.46,810.56,810,810.14,446.142,361509.89322
BNBUSDT,1753955100000,2025-07-31 09:45:00,2025-07-31 18:45:00,810.13,810.91,809.7,810.67,801.521,649349.7718
BNBUSDT,1753955400000,2025-07-31 09:50:00,2025-07-31 18:50:00,810.68,812,810.68,811.85,861.471,699078.53242
BNBUSDT,1753955700000,2025-07-31 09:55:00,2025-07-31 18:55:00,811.86,813.4,811.84,813.4,1322.322,1074446.08891
BNBUSDT,1753956000000,2025-07-31 10:00:00,2025-07-31 19:00:00,813.4,814.8,810.4,810.49,15093.088,12276935.52344
BNBUSDT,1753956300000,2025-07-31 10:05:00,2025-07-31 19:05:00,810.49,810.57,808.05,808.96,2506.051,2027975.22896
BNBUSDT,1753956600000,2025-07-31 10:10:00,2025-07-31 19:10:00,808.97,809.3,807.4,807.97,1524.712,1232280.42139
BNBUSDT,1753956900000,2025-07-31 10:15:00,2025-07-31 19:15:00,807.98,808.56,807.01,807.61,911.9,736624.72524
BNBUSDT,1753957200000,2025-07-31 10:20:00,2025-07-31 19:20:00,807.6,807.61,806.75,807.44,699.467,564669.67139
BNBUSDT,1753957500000,2025-07-31 10:25:00,2025-07-31 19:25:00,807.44,807.83,806.25,806.6,793.979,640807.90383
BNBUSDT,1753957800000,2025-07-31 10:30:00,2025-07-31 19:30:00,806.6,807.5,806.35,807.44,1041.491,840326.47922
BNBUSDT,1753958100000,2025-07-31 10:35:00,2025-07-31 19:35:00,807.44,807.8,807.04,807.21,675.787,545652.71546
BNBUSDT,1753958400000,2025-07-31 10:40:00,2025-07-31 19:40:00,807.21,807.22,806.57,806.96,443.641,357989.14227
BNBUSDT,1753958700000,2025-07-31 10:45:00,2025-07-31 19:45:00,806.97,808,806.61,806.8,695.3,561201.67045
BNBUSDT,1753959000000,2025-07-31 10:50:00,2025-07-31 19:50:00,806.8,806.8,805.2,805.42,851.578,686109.17347
BNBUSDT,1753959300000,2025-07-31 10:55:00,2025-07-31 19:55:00,805.42,807.38,804.24,804.66,2378.821,1916151.88232
BNBUSDT,1753959600000,2025-07-31 11:00:00,2025-07-31 20:00:00,804.66,806.48,804.52,806.15,1171.845,944030.79013
BNBUSDT,1753959900000,2025-07-31 11:05:00,2025-07-31 20:05:00,806.14,806.14,803.01,803.22,2565.844,2063437.52127
BNBUSDT,1753960200000,2025-07-31 11:10:00,2025-07-31 20:10:00,803.23,804.99,803,804.76,454.029,364884.95885
BNBUSDT,1753960500000,2025-07-31 11:15:00,2025-07-31 20:15:00,804.76,804.76,801.9,802.54,2476.845,1988875.93139
BNBUSDT,1753960800000,2025-07-31 11:20:00,2025-07-31 20:20:00,802.54,803.01,801.1,801.41,1224.145,981937.74232
BNBUSDT,1753961100000,2025-07-31 11:25:00,2025-07-31 20:25:00,801.41,801.47,800.63,800.97,960.785,769586.97755
BNBUSDT,1753961400000,2025-07-31 11:30:00,2025-07-31 20:30:00,800.98,802.93,800.98,801.63,1115.983,895181.5172
BNBUSDT,1753961700000,2025-07-31 11:35:00,2025-07-31 20:35:00,801.64,803,801.63,802.04,396.462,318154.24467
BNBUSDT,1753962000000,2025-07-31 11:40:00,2025-07-31 20:40:00,802.04,802.4,801.09,801.2,399.6,320293.3531
BNBUSDT,1753962300000,2025-07-31 11:45:00,2025-07-31 20:45:00,801.19,801.28,800.42,800.91,275.636,220754.46638
BNBUSDT,1753962600000,2025-07-31 11:50:00,2025-07-31 20:50:00,800.91,800.91,799.15,799.69,2241.701,1793310.84454
BNBUSDT,1753962900000,2025-07-31 11:55:00,2025-07-31 20:55:00,799.69,800.8,799.23,800.59,792.079,633638.09268
BNBUSDT,1753963200000,2025-07-31 12:00:00,2025-07-31 21:00:00,800.59,801.17,800,800.18,1645.662,1317349.08901
BNBUSDT,1753963500000,2025-07-31 12:05:00,2025-07-31 21:05:00,800.17,800.18,799.07,799.75,591.23,472687.74299
BNBUSDT,1753963800000,2025-07-31 12:10:00,2025-07-31 21:10:00,799.75,801.11,799.4,799.47,537.554,430102.25166
BNBUSDT,1753964100000,2025-07-31 12:15:00,2025-07-31 21:15:00,799.48,800.26,797.78,798.49,1008.347,805694.83775
BNBUSDT,1753964400000,2025-07-31 12:20:00,2025-07-31 21:20:00,798.49,798.6,796.54,798.43,2357.613,1879771.2081
BNBUSDT,1753964700000,2025-07-31 12:25:00,2025-07-31 21:25:00,798.44,800.33,797.8,800.23,1023.35,818214.61358
BNBUSDT,1753965000000,2025-07-31 12:30:00,2025-07-31 21:30:00,800.23,800.49,797.33,798.48,1256.773,1003999.56429
BNBUSDT,1753965300000,2025-07-31 12:35:00,2025-07-31 21:35:00,798.48,799.7,797.82,799.07,1127.721,900689.56367
BNBUSDT,1753965600000,2025-07-31 12:40:00,2025-07-31 21:40:00,799.08,799.4,797.21,797.4,743.196,593343.54415
BNBUSDT,1753965900000,2025-07-31 12:45:00,2025-07-31 21:45:00,797.4,799.03,796.54,798.82,478.847,381953.04455
BNBUSDT,1753966200000,2025-07-31 12:50:00,2025-07-31 21:50:00,798.8,799.5,797.98,798.42,877.061,700481.77519
BNBUSDT,1753966500000,2025-07-31 12:55:00,2025-07-31 21:55:00,798.42,799.49,798.41,799.01,373.93,298814.93241
BNBUSDT,1753966800000,2025-07-31 13:00:00,2025-07-31 22:00:00,799,799.25,796.74,796.74,1207.899,964485.19084
BNBUSDT,1753967100000,2025-07-31 13:05:00,2025-07-31 22:05:00,796.73,796.83,794.9,795.52,1351.968,1075863.39411
BNBUSDT,1753967400000,2025-07-31 13:10:00,2025-07-31 22:10:00,795.53,795.8,794.39,794.87,2041.379,1623044.29001
BNBUSDT,1753967700000,2025-07-31 13:15:00,2025-07-31 22:15:00,794.87,796.54,792.42,796.51,1453.173,1153790.84777
BNBUSDT,1753968000000,2025-07-31 13:20:00,2025-07-31 22:20:00,796.5,796.88,793.69,793.86,954.129,759044.55876
BNBUSDT,1753968300000,2025-07-31 13:25:00,2025-07-31 22:25:00,793.86,795.03,793.8,794.31,562.184,446593.52624
BNBUSDT,1753968600000,2025-07-31 13:30:00,2025-07-31 22:30:00,794.31,795.26,792.92,792.92,981.022,779270.02858
BNBUSDT,1753968900000,2025-07-31 13:35:00,2025-07-31 22:35:00,792.92,797,792.5,796.71,997.108,792169.23817
BNBUSDT,1753969200000,2025-07-31 13:40:00,2025-07-31 22:40:00,796.7,797.21,793.62,794.5,649.076,516385.06276
BNBUSDT,1753969500000,2025-07-31 13:45:00,2025-07-31 22:45:00,794.5,796.88,793.9,795.36,1199.583,954162.06451
BNBUSDT,1753969800000,2025-07-31 13:50:00,2025-07-31 22:50:00,795.36,798.5,795.35,798,900.844,717711.83236
BNBUSDT,1753970100000,2025-07-31 13:55:00,2025-07-31 22:55:00,798,798.3,796.71,796.76,588.417,469223.15806
BNBUSDT,1753970400000,2025-07-31 14:00:00,2025-07-31 23:00:00,796.76,798.7,796.16,796.39,564.745,450520.3409
BNBUSDT,1753970700000,2025-07-31 14:05:00,2025-07-31 23:05:00,796.4,796.9,795.11,795.83,535.491,426317.78347
BNBUSDT,1753971000000,2025-07-31 14:10:00,2025-07-31 23:10:00,795.84,796.42,793.53,795.19,748.599,595173.75474
BNBUSDT,1753971300000,2025-07-31 14:15:00,2025-07-31 23:15:00,795.19,795.55,791.41,793.18,1669.006,1323563.15305
BNBUSDT,1753971600000,2025-07-31 14:20:00,2025-07-31 23:20:00,793.19,793.85,790.22,791.31,2141.022,1695094.97808
BNBUSDT,1753971900000,2025-07-31 14:25:00,2025-07-31 23:25:00,791.31,791.57,788.68,788.72,2955.237,2333126.62125
BNBUSDT,1753972200000,2025-07-31 14:30:00,2025-07-31 23:30:00,788.72,790.55,787.89,789.62,2378.954,1876457.87197
BNBUSDT,1753972500000,2025-07-31 14:35:00,2025-07-31 23:35:00,789.61,792.01,789.23,790.05,1294.157,1022750.70541
BNBUSDT,1753972800000,2025-07-31 14:40:00,2025-07-31 23:40:00,790.04,790.04,787.72,788.43,1071.246,844926.52194
BNBUSDT,1753973100000,2025-07-31 14:45:00,2025-07-31 23:45:00,788.43,790.67,787.4,789.92,1121.251,884280.14753
BNBUSDT,1753973400000,2025-07-31 14:50:00,2025-07-31 23:50:00,789.92,791,787.6,791,1448.127,1142803.54573
BNBUSDT,1753973700000,2025-07-31 14:55:00,2025-07-31 23:55:00,790.99,791.25,789.47,789.65,483.204,381936.94895
BNBUSDT,1753974000000,2025-07-31 15:00:00,2025-08-01 00:00:00,789.66,792.9,789.57,791.93,959.809,759786.15977
BNBUSDT,1753974300000,2025-07-31 15:05:00,2025-08-01 00:05:00,791.93,793.03,790.93,790.94,1058.481,838339.01584
BNBUSDT,1753974600000,2025-07-31 15:10:00,2025-08-01 00:10:00,790.95,793.25,789.79,792.2,1177.484,931312.17962
BNBUSDT,1753974900000,2025-07-31 15:15:00,2025-08-01 00:15:00,792.2,797.18,792.1,795.44,3426.838,2727038.70771
BNBUSDT,1753975200000,2025-07-31 15:20:00,2025-08-01 00:20:00,795.49,797.18,794.33,795.68,3577.311,2847390.7474
BNBUSDT,1753975500000,2025-07-31 15:25:00,2025-08-01 00:25:00,795.67,797.33,795.4,796.47,720.252,573752.80539
BNBUSDT,1753975800000,2025-07-31 15:30:00,2025-08-01 00:30:00,796.47,800.01,796.43,798.56,5010.819,4001580.79448
BNBUSDT,1753976100000,2025-07-31 15:35:00,2025-08-01 00:35:00,798.56,799.56,798.15,799.18,625.404,499598.45641
BNBUSDT,1753976400000,2025-07-31 15:40:00,2025-08-01 00:40:00,799.18,799.68,798.7,799.16,703.168,562056.33502
BNBUSDT,1753976700000,2025-07-31 15:45:00,2025-08-01 00:45:00,799.15,801.27,799.02,799.08,1992.693,1593990.97955
BNBUSDT,1753977000000,2025-07-31 15:50:00,2025-08-01 00:50:00,799.09,800,797.91,799.2,1755.889,1403453.85941
BNBUSDT,1753977300000,2025-07-31 15:55:00,2025-08-01 00:55:00,799.21,800.12,798.6,799.79,989.961,791592.36575
BNBUSDT,1753977600000,2025-07-31 16:00:00,2025-08-01 01:00:00,799.79,802.29,799.2,801.63,2159.067,1728284.23474
BNBUSDT,1753977900000,2025-07-31 16:05:00,2025-08-01 01:05:00,801.64,803.28,801.41,801.65,1850.756,1485402.62473
BNBUSDT,1753978200000,2025-07-31 16:10:00,2025-08-01 01:10:00,801.65,805,801.29,803.91,2910.562,2338709.39057
BNBUSDT,1753978500000,2025-07-31 16:15:00,2025-08-01 01:15:00,803.9,805.41,803.72,804.52,1930.033,1552707.5776
BNBUSDT,1753978800000,2025-07-31 16:20:00,2025-08-01 01:20:00,804.52,805.55,803.76,804.17,603.654,485790.82296
BNBUSDT,1753979100000,2025-07-31 16:25:00,2025-08-01 01:25:00,804.17,805.32,803.04,804.16,707.998,569251.01705
BNBUSDT,1753979400000,2025-07-31 16:30:00,2025-08-01 01:30:00,804.16,806.62,804.16,806.09,588.095,473787.89888
BNBUSDT,1753979700000,2025-07-31 16:35:00,2025-08-01 01:35:00,806.1,810,806.1,808.79,6251.904,5055611.50168
BNBUSDT,1753980000000,2025-07-31 16:40:00,2025-08-01 01:40:00,808.79,810.36,808.15,808.22,4174.139,3378619.97792
BNBUSDT,1753980300000,2025-07-31 16:45:00,2025-08-01 01:45:00,808.23,809.3,806.53,808.73,4436.071,3584223.61384
BNBUSDT,1753980600000,2025-07-31 16:50:00,2025-08-01 01:50:00,808.73,810.35,807.59,810.34,2493.5,2017561.63883
BNBUSDT,1753980900000,2025-07-31 16:55:00,2025-08-01 01:55:00,810.34,814,810.15,813.3,8300.462,6740744.67389
BNBUSDT,1753981200000,2025-07-31 17:00:00,2025-08-01 02:00:00,813.3,814,808.39,809.12,3493.523,2832365.35689
BNBUSDT,1753981500000,2025-07-31 17:05:00,2025-08-01 02:05:00,809.12,811.7,809.02,811.59,2934.317,2377625.73863
BNBUSDT,1753981800000,2025-07-31 17:10:00,2025-08-01 02:10:00,811.59,812.39,808.73,809.52,1221.735,990479.54701
BNBUSDT,1753982100000,2025-07-31 17:15:00,2025-08-01 02:15:00,809.52,810.13,806.42,807.1,1285.93,1039184.28173
BNBUSDT,1753982400000,2025-07-31 17:20:00,2025-08-01 02:20:00,807.1,807.69,804.71,806.7,1300.381,1048244.76594
BNBUSDT,1753982700000,2025-07-31 17:25:00,2025-08-01 02:25:00,806.7,806.79,803.87,805.71,2084.862,1678762.20242
BNBUSDT,1753983000000,2025-07-31 17:30:00,2025-08-01 02:30:00,805.72,806.8,804.87,806.56,1348.192,1086336.27095
BNBUSDT,1753983300000,2025-07-31 17:35:00,2025-08-01 02:35:00,806.56,808.31,806.25,806.97,1554.546,1255016.95442
BNBUSDT,1753983600000,2025-07-31 17:40:00,2025-08-01 02:40:00,806.97,807.1,804.14,805.82,635.437,512065.87731
BNBUSDT,1753983900000,2025-07-31 17:45:00,2025-08-01 02:45:00,805.83,806.83,801.96,802.72,940.042,755911.51422
BNBUSDT,1753984200000,2025-07-31 17:50:00,2025-08-01 02:50:00,802.72,805.67,801.9,804.32,3975.502,3194065.63505
BNBUSDT,1753984500000,2025-07-31 17:55:00,2025-08-01 02:55:00,804.32,804.74,802.46,803.58,984.077,791016.84121
BNBUSDT,1753984800000,2025-07-31 18:00:00,2025-08-01 03:00:00,803.57,804.37,802.39,802.39,1127.585,906045.93177
BNBUSDT,1753985100000,2025-07-31 18:05:00,2025-08-01 03:05:00,802.4,802.73,800.2,800.59,1755.262,1406301.63873
BNBUSDT,1753985400000,2025-07-31 18:10:00,2025-08-01 03:10:00,800.6,801.79,799.33,800.7,2706.17,2165486.11132
BNBUSDT,1753985700000,2025-07-31 18:15:00,2025-08-01 03:15:00,800.7,801.6,798.38,801.34,1398.665,1118466.61169
BNBUSDT,1753986000000,2025-07-31 18:20:00,2025-08-01 03:20:00,801.34,802.65,800.54,801.63,723.773,580444.16026
BNBUSDT,1753986300000,2025-07-31 18:25:00,2025-08-01 03:25:00,801.64,805,801.64,804.52,2109.679,1695914.09841
BNBUSDT,1753986600000,2025-07-31 18:30:00,2025-08-01 03:30:00,804.51,808.87,804.42,806,2969.238,2395157.61152
BNBUSDT,1753986900000,2025-07-31 18:35:00,2025-08-01 03:35:00,805.99,808.19,805.7,806.39,1533.659,1237735.61227
BNBUSDT,1753987200000,2025-07-31 18:40:00,2025-08-01 03:40:00,806.39,807.48,805.6,806.01,484.214,390601.41488
BNBUSDT,1753987500000,2025-07-31 18:45:00,2025-08-01 03:45:00,806.01,808.12,805.33,805.68,812.641,655475.1952
BNBUSDT,1753987800000,2025-07-31 18:50:00,2025-08-01 03:50:00,805.68,806.31,802.74,802.74,390.587,314297.06449
BNBUSDT,1753988100000,2025-07-31 18:55:00,2025-08-01 03:55:00,802.75,803.18,800.64,801.26,1022.107,819613.72968
BNBUSDT,1753988400000,2025-07-31 19:00:00,2025-08-01 04:00:00,801.27,802.8,799.53,800.23,749.179,600205.11855
BNBUSDT,1753988700000,2025-07-31 19:05:00,2025-08-01 04:05:00,800.24,801.47,799.2,799.43,575.347,460561.01574
BNBUSDT,1753989000000,2025-07-31 19:10:00,2025-08-01 04:10:00,799.44,799.65,796.29,796.94,1376.216,1098290.9082
BNBUSDT,1753989300000,2025-07-31 19:15:00,2025-08-01 04:15:00,796.96,798,796.34,797.83,549.561,438057.84036
BNBUSDT,1753989600000,2025-07-31 19:20:00,2025-08-01 04:20:00,797.83,798.85,796.76,796.9,620.271,495002.56812
BNBUSDT,1753989900000,2025-07-31 19:25:00,2025-08-01 04:25:00,796.9,797.8,796.11,796.18,1084.227,864270.93471
BNBUSDT,1753990200000,2025-07-31 19:30:00,2025-08-01 04:30:00,796.19,796.5,795.08,795.13,449.167,357505.59365
BNBUSDT,1753990500000,2025-07-31 19:35:00,2025-08-01 04:35:00,795.13,796.59,794.47,795.13,1435.953,1142179.26362
BNBUSDT,1753990800000,2025-07-31 19:40:00,2025-08-01 04:40:00,795.12,796,794.66,795.29,651.61,518363.5572
BNBUSDT,1753991100000,2025-07-31 19:45:00,2025-08-01 04:45:00,795.3,796.5,793.75,794.44,515.82,410390.8741
BNBUSDT,1753991400000,2025-07-31 19:50:00,2025-08-01 04:50:00,794.43,795.74,793.91,795.2,428.601,340638.72177
BNBUSDT,1753991700000,2025-07-31 19:55:00,2025-08-01 04:55:00,795.2,796.4,794.72,796.18,338.858,269578.26328
BNBUSDT,1753992000000,2025-07-31 20:00:00,2025-08-01 05:00:00,796.18,797.2,794.17,795.04,637.268,507321.68824
BNBUSDT,1753992300000,2025-07-31 20:05:00,2025-08-01 05:05:00,795.05,796.04,792.58,794.12,1359.761,1079849.23787
BNBUSDT,1753992600000,2025-07-31 20:10:00,2025-08-01 05:10:00,794.11,796.64,793.7,795.82,361.394,287366.53122
BNBUSDT,1753992900000,2025-07-31 20:15:00,2025-08-01 05:15:00,795.82,798.35,794.7,798.27,388.156,309010.69729
BNBUSDT,1753993200000,2025-07-31 20:20:00,2025-08-01 05:20:00,798.28,798.76,796.27,796.32,719.819,574523.16886
BNBUSDT,1753993500000,2025-07-31 20:25:00,2025-08-01 05:25:00,796.31,796.61,794.7,796.61,520.998,414645.33229
BNBUSDT,1753993800000,2025-07-31 20:30:00,2025-08-01 05:30:00,796.61,797.86,793.01,793.71,2396.93,1908893.67244
BNBUSDT,1753994100000,2025-07-31 20:35:00,2025-08-01 05:35:00,793.72,795.8,793.33,795.56,582.816,463029.65845
BNBUSDT,1753994400000,2025-07-31 20:40:00,2025-08-01 05:40:00,795.57,797.08,795.57,795.92,972.75,774850.93781
BNBUSDT,1753994700000,2025-07-31 20:45:00,2025-08-01 05:45:00,795.91,796.49,795.16,796.2,852.301,678417.28749
BNBUSDT,1753995000000,2025-07-31 20:50:00,2025-08-01 05:50:00,796.2,796.6,793.46,794.25,397.738,316241.08559
BNBUSDT,1753995300000,2025-07-31 20:55:00,2025-08-01 05:55:00,794.25,795.67,793.81,794.56,395.195,313999.82808
BNBUSDT,1753995600000,2025-07-31 21:00:00,2025-08-01 06:00:00,794.57,795.5,793.73,795.5,484.817,385241.94974
BNBUSDT,1753995900000,2025-07-31 21:05:00,2025-08-01 06:05:00,795.5,797.1,793.81,794.48,644.514,512481.09356
BNBUSDT,1753996200000,2025-07-31 21:10:00,2025-08-01 06:10:00,794.5,795.37,793.4,793.55,528.011,419594.73566
BNBUSDT,1753996500000,2025-07-31 21:15:00,2025-08-01 06:15:00,793.55,793.9,792.67,792.67,435.732,345629.3091
BNBUSDT,1753996800000,2025-07-31 21:20:00,2025-08-01 06:20:00,792.68,793.03,791.1,791.27,848.442,671951.52394
BNBUSDT,1753997100000,2025-07-31 21:25:00,2025-08-01 06:25:00,791.28,793,791.22,793,558.893,442663.63299
BNBUSDT,1753997400000,2025-07-31 21:30:00,2025-08-01 06:30:00,793,795.47,792.8,794.89,724.955,575981.96856
BNBUSDT,1753997700000,2025-07-31 21:35:00,2025-08-01 06:35:00,794.9,795.08,793.31,793.57,564.749,448366.46859
BNBUSDT,1753998000000,2025-07-31 21:40:00,2025-08-01 06:40:00,793.58,794.51,793.37,794.01,481.636,382402.57521
BNBUSDT,1753998300000,2025-07-31 21:45:00,2025-08-01 06:45:00,794.01,794.28,793.64,793.82,249.078,197737.77492
BNBUSDT,1753998600000,2025-07-31 21:50:00,2025-08-01 06:50:00,793.81,793.81,789.32,791.28,1313.18,1038507.10211
BNBUSDT,1753998900000,2025-07-31 21:55:00,2025-08-01 06:55:00,791.29,793.71,789.52,793.59,849.43,672056.30985
BNBUSDT,1753999200000,2025-07-31 22:00:00,2025-08-01 07:00:00,793.6,793.78,790.8,792.1,637.085,504525.4148
BNBUSDT,1753999500000,2025-07-31 22:05:00,2025-08-01 07:05:00,792.11,792.4,789.89,790.87,750.559,593506.80517
BNBUSDT,1753999800000,2025-07-31 22:10:00,2025-08-01 07:10:00,790.87,793.81,790.66,793.7,914.267,724613.99054
BNBUSDT,1754000100000,2025-07-31 22:15:00,2025-08-01 07:15:00,793.7,795.31,792.72,793.24,1457.142,1157027.43037
BNBUSDT,1754000400000,2025-07-31 22:20:00,2025-08-01 07:20:00,793.25,794.33,792.16,792.35,515.689,409286.43078
BNBUSDT,1754000700000,2025-07-31 22:25:00,2025-08-01 07:25:00,792.36,792.96,790.25,791.9,1438.875,1138755.83746
BNBUSDT,1754001000000,2025-07-31 22:30:00,2025-08-01 07:30:00,791.89,792.18,789.32,789.89,1023.028,808450.2066
BNBUSDT,1754001300000,2025-07-31 22:35:00,2025-08-01 07:35:00,789.9,790,788.22,788.85,1275.897,1006534.18895
BNBUSDT,1754001600000,2025-07-31 22:40:00,2025-08-01 07:40:00,788.84,789.72,787.55,788.82,2840.586,2239105.2521
BNBUSDT,1754001900000,2025-07-31 22:45:00,2025-08-01 07:45:00,788.84,788.84,786.52,787.2,855.818,673800.488
BNBUSDT,1754002200000,2025-07-31 22:50:00,2025-08-01 07:50:00,787.2,788.6,786.52,787.56,486.676,383246.03743
BNBUSDT,1754002500000,2025-07-31 22:55:00,2025-08-01 07:55:00,787.56,787.74,787,787.11,395.419,311350.79474
BNBUSDT,1754002800000,2025-07-31 23:00:00,2025-08-01 08:00:00,787.11,791.31,786.55,790.16,1866.104,1473083.8427
BNBUSDT,1754003100000,2025-07-31 23:05:00,2025-08-01 08:05:00,790.16,791.58,789.18,789.18,604.112,477585.35187
BNBUSDT,1754003400000,2025-07-31 23:10:00,2025-08-01 08:10:00,789.17,791.89,789.11,791.28,418.277,330808.96641
BNBUSDT,1754003700000,2025-07-31 23:15:00,2025-08-01 08:15:00,791.29,791.29,787.51,787.6,489.731,386464.47992
BNBUSDT,1754004000000,2025-07-31 23:20:00,2025-08-01 08:20:00,787.62,790.2,787.5,789.15,1086.081,857053.50729
BNBUSDT,1754004300000,2025-07-31 23:25:00,2025-08-01 08:25:00,789.14,789.3,788.01,788.3,899.968,709906.22966
BNBUSDT,1754004600000,2025-07-31 23:30:00,2025-08-01 08:30:00,788.3,788.68,786.07,787.6,2742.612,2159842.4213
BNBUSDT,1754004900000,2025-07-31 23:35:00,2025-08-01 08:35:00,787.61,789.26,785,785.41,4543.412,3574948.29508
BNBUSDT,1754005200000,2025-07-31 23:40:00,2025-08-01 08:40:00,785.42,785.81,781.51,782.82,7689.209,6022293.36733
BNBUSDT,1754005500000,2025-07-31 23:45:00,2025-08-01 08:45:00,782.84,784.19,781.38,784.19,2591.812,2028756.76365
BNBUSDT,1754005800000,2025-07-31 23:50:00,2025-08-01 08:50:00,784.2,784.3,781.63,782.94,585.94,458723.51075
BNBUSDT,1754006100000,2025-07-31 23:55:00,2025-08-01 08:55:00,782.93,784.56,782.32,783.14,454.692,356083.17558
