symbol,open_time,datetime_utc,datetime_kst,open,high,low,close,volume,quote_volume
DOGEUSDT,1775001600000,2026-04-01 00:00:00,2026-04-01 09:00:00,0.09232,0.09239,0.09216,0.09227,1864369,171991.49995
DOGEUSDT,1775001900000,2026-04-01 00:05:00,2026-04-01 09:05:00,0.09227,0.09227,0.09218,0.0922,583332,53799.85503
DOGEUSDT,1775002200000,2026-04-01 00:10:00,2026-04-01 09:10:00,0.09219,0.0923,0.09218,0.09218,1229492,113406.60684
DOGEUSDT,1775002500000,2026-04-01 00:15:00,2026-04-01 09:15:00,0.09219,0.09233,0.09216,0.09219,627947,57939.41677
DOGEUSDT,1775002800000,2026-04-01 00:20:00,2026-04-01 09:20:00,0.09219,0.09227,0.09205,0.09208,769523,70898.77191
DOGEUSDT,1775003100000,2026-04-01 00:25:00,2026-04-01 09:25:00,0.09208,0.09222,0.09207,0.09219,2648035,244130.2817
DOGEUSDT,1775003400000,2026-04-01 00:30:00,2026-04-01 09:30:00,0.0922,0.09222,0.09202,0.09212,2099085,193398.97405
DOGEUSDT,1775003700000,2026-04-01 00:35:00,2026-04-01 09:35:00,0.09212,0.09214,0.09205,0.09208,443694,40860.09087
DOGEUSDT,1775004000000,2026-04-01 00:40:00,2026-04-01 09:40:00,0.09207,0.09222,0.09207,0.09222,575355,53022.80003
DOGEUSDT,1775004300000,2026-04-01 00:45:00,2026-04-01 09:45:00,0.09222,0.0924,0.09214,0.09238,5815226,536315.2136
DOGEUSDT,1775004600000,2026-04-01 00:50:00,2026-04-01 09:50:00,0.09238,0.09278,0.09238,0.0926,4339897,401819.11375
DOGEUSDT,1775004900000,2026-04-01 00:55:00,2026-04-01 09:55:00,0.09259,0.09266,0.09255,0.09258,1420725,131550.28784
DOGEUSDT,1775005200000,2026-04-01 01:00:00,2026-04-01 10:00:00,0.09259,0.09264,0.09249,0.09263,3711714,343573.26061
DOGEUSDT,1775005500000,2026-04-01 01:05:00,2026-04-01 10:05:00,0.09262,0.09263,0.09243,0.09259,1539653,142438.01064
DOGEUSDT,1775005800000,2026-04-01 01:10:00,2026-04-01 10:10:00,0.09258,0.09264,0.09248,0.09255,1809946,167572.4532
DOGEUSDT,1775006100000,2026-04-01 01:15:00,2026-04-01 10:15:00,0.09255,0.09255,0.09227,0.09234,1280630,118341.30492
DOGEUSDT,1775006400000,2026-04-01 01:20:00,2026-04-01 10:20:00,0.09235,0.09235,0.09219,0.09221,966159,89143.59249
DOGEUSDT,1775006700000,2026-04-01 01:25:00,2026-04-01 10:25:00,0.09222,0.09223,0.0921,0.0921,1183499,109048.6552
DOGEUSDT,1775007000000,2026-04-01 01:30:00,2026-04-01 10:30:00,0.09211,0.09217,0.09178,0.09187,3545033,325844.30623
DOGEUSDT,1775007300000,2026-04-01 01:35:00,2026-04-01 10:35:00,0.09188,0.09203,0.09174,0.09183,2766150,254133.48017
DOGEUSDT,1775007600000,2026-04-01 01:40:00,2026-04-01 10:40:00,0.09182,0.09196,0.09182,0.09195,1942250,178415.78376
DOGEUSDT,1775007900000,2026-04-01 01:45:00,2026-04-01 10:45:00,0.09194,0.09194,0.09183,0.09184,1412788,129776.17622
DOGEUSDT,1775008200000,2026-04-01 01:50:00,2026-04-01 10:50:00,0.09184,0.092,0.09183,0.09196,1758025,161588.28115
DOGEUSDT,1775008500000,2026-04-01 01:55:00,2026-04-01 10:55:00,0.09196,0.09202,0.09181,0.09184,962744,88500.75375
DOGEUSDT,1775008800000,2026-04-01 02:00:00,2026-04-01 11:00:00,0.09183,0.092,0.09179,0.09199,1328156,122020.29342
DOGEUSDT,1775009100000,2026-04-01 02:05:00,2026-04-01 11:05:00,0.092,0.09212,0.09193,0.09207,925790,85214.29952
DOGEUSDT,1775009400000,2026-04-01 02:10:00,2026-04-01 11:10:00,0.09206,0.09208,0.09185,0.09201,1877810,172681.82131
DOGEUSDT,1775009700000,2026-04-01 02:15:00,2026-04-01 11:15:00,0.09201,0.09213,0.0919,0.09206,776851,71475.56893
DOGEUSDT,1775010000000,2026-04-01 02:20:00,2026-04-01 11:20:00,0.09205,0.09209,0.09192,0.09197,538711,49567.08398
DOGEUSDT,1775010300000,2026-04-01 02:25:00,2026-04-01 11:25:00,0.09197,0.09197,0.0916,0.09168,3169348,290690.42729
DOGEUSDT,1775010600000,2026-04-01 02:30:00,2026-04-01 11:30:00,0.09168,0.09182,0.09164,0.09164,1030731,94560.64187
DOGEUSDT,1775010900000,2026-04-01 02:35:00,2026-04-01 11:35:00,0.09164,0.09183,0.09164,0.09177,817939,75046.22791
DOGEUSDT,1775011200000,2026-04-01 02:40:00,2026-04-01 11:40:00,0.09177,0.09186,0.09177,0.09181,337716,31009.84488
DOGEUSDT,1775011500000,2026-04-01 02:45:00,2026-04-01 11:45:00,0.0918,0.09189,0.09178,0.09179,1053937,96805.91741
DOGEUSDT,1775011800000,2026-04-01 02:50:00,2026-04-01 11:50:00,0.09179,0.09186,0.09179,0.09184,643024,59048.72743
DOGEUSDT,1775012100000,2026-04-01 02:55:00,2026-04-01 11:55:00,0.09185,0.09186,0.09173,0.09177,2051310,188253.17507
DOGEUSDT,1775012400000,2026-04-01 03:00:00,2026-04-01 12:00:00,0.09178,0.092,0.09178,0.092,1227884,112803.93665
DOGEUSDT,1775012700000,2026-04-01 03:05:00,2026-04-01 12:05:00,0.09199,0.09263,0.09199,0.09254,2731560,252471.45054
DOGEUSDT,1775013000000,2026-04-01 03:10:00,2026-04-01 12:10:00,0.09254,0.09254,0.09235,0.09236,1595482,147453.05713
DOGEUSDT,1775013300000,2026-04-01 03:15:00,2026-04-01 12:15:00,0.09236,0.09237,0.09223,0.09225,583491,53856.5095
DOGEUSDT,1775013600000,2026-04-01 03:20:00,2026-04-01 12:20:00,0.09225,0.09231,0.0922,0.09225,959377,88522.68502
DOGEUSDT,1775013900000,2026-04-01 03:25:00,2026-04-01 12:25:00,0.09225,0.09225,0.09216,0.09221,2748244,253424.86999
DOGEUSDT,1775014200000,2026-04-01 03:30:00,2026-04-01 12:30:00,0.09222,0.09234,0.09215,0.09215,1082548,99868.47594
DOGEUSDT,1775014500000,2026-04-01 03:35:00,2026-04-01 12:35:00,0.09215,0.09218,0.09211,0.09217,1675923,154435.73636
DOGEUSDT,1775014800000,2026-04-01 03:40:00,2026-04-01 12:40:00,0.09216,0.09234,0.09213,0.09229,1724020,159003.76455
DOGEUSDT,1775015100000,2026-04-01 03:45:00,2026-04-01 12:45:00,0.0923,0.09256,0.0923,0.09245,2873255,265621.12256
DOGEUSDT,1775015400000,2026-04-01 03:50:00,2026-04-01 12:50:00,0.09245,0.09248,0.09233,0.0924,1871202,172881.02964
DOGEUSDT,1775015700000,2026-04-01 03:55:00,2026-04-01 12:55:00,0.0924,0.09248,0.09238,0.09246,1411658,130480.21289
DOGEUSDT,1775016000000,2026-04-01 04:00:00,2026-04-01 13:00:00,0.09246,0.0926,0.09246,0.09249,1720202,159163.42743
DOGEUSDT,1775016300000,2026-04-01 04:05:00,2026-04-01 13:05:00,0.09249,0.09252,0.09234,0.09235,1083083,100108.57309
DOGEUSDT,1775016600000,2026-04-01 04:10:00,2026-04-01 13:10:00,0.09236,0.09239,0.09228,0.09231,1530246,141297.176
DOGEUSDT,1775016900000,2026-04-01 04:15:00,2026-04-01 13:15:00,0.0923,0.09236,0.09224,0.09235,643081,59356.30278
DOGEUSDT,1775017200000,2026-04-01 04:20:00,2026-04-01 13:20:00,0.09234,0.09248,0.09232,0.09237,2019082,186520.77903
DOGEUSDT,1775017500000,2026-04-01 04:25:00,2026-04-01 13:25:00,0.09238,0.09243,0.09231,0.09233,2077179,191780.70391
DOGEUSDT,1775017800000,2026-04-01 04:30:00,2026-04-01 13:30:00,0.09234,0.09248,0.09231,0.09246,536768,49593.45505
DOGEUSDT,1775018100000,2026-04-01 04:35:00,2026-04-01 13:35:00,0.09247,0.09256,0.09241,0.09241,2654056,245580.3183
DOGEUSDT,1775018400000,2026-04-01 04:40:00,2026-04-01 13:40:00,0.0924,0.09255,0.09238,0.09241,504664,46668.80755
DOGEUSDT,1775018700000,2026-04-01 04:45:00,2026-04-01 13:45:00,0.0924,0.09253,0.09232,0.09245,572668,52905.37287
DOGEUSDT,1775019000000,2026-04-01 04:50:00,2026-04-01 13:50:00,0.09245,0.0926,0.09242,0.09244,1374656,127168.51186
DOGEUSDT,1775019300000,2026-04-01 04:55:00,2026-04-01 13:55:00,0.09245,0.09245,0.0923,0.0924,1092683,100912.659
DOGEUSDT,1775019600000,2026-04-01 05:00:00,2026-04-01 14:00:00,0.09241,0.09242,0.09216,0.09219,1371501,126560.81275
DOGEUSDT,1775019900000,2026-04-01 05:05:00,2026-04-01 14:05:00,0.09219,0.09231,0.09217,0.09229,855035,78887.16734
DOGEUSDT,1775020200000,2026-04-01 05:10:00,2026-04-01 14:10:00,0.09229,0.09253,0.09223,0.09248,1022505,94395.03919
DOGEUSDT,1775020500000,2026-04-01 05:15:00,2026-04-01 14:15:00,0.09248,0.09274,0.09241,0.0926,4861061,450210.36675
DOGEUSDT,1775020800000,2026-04-01 05:20:00,2026-04-01 14:20:00,0.0926,0.09298,0.09258,0.09286,6292088,583980.2509
DOGEUSDT,1775021100000,2026-04-01 05:25:00,2026-04-01 14:25:00,0.09287,0.09332,0.09286,0.09304,13134062,1223051.08433
DOGEUSDT,1775021400000,2026-04-01 05:30:00,2026-04-01 14:30:00,0.09304,0.09319,0.09292,0.09295,6935161,645240.9385
DOGEUSDT,1775021700000,2026-04-01 05:35:00,2026-04-01 14:35:00,0.09294,0.09297,0.09277,0.09289,1979521,183874.58996
DOGEUSDT,1775022000000,2026-04-01 05:40:00,2026-04-01 14:40:00,0.09289,0.09308,0.09285,0.09299,2609907,242691.13408
DOGEUSDT,1775022300000,2026-04-01 05:45:00,2026-04-01 14:45:00,0.09299,0.09311,0.09299,0.09309,1071045,99668.59431
DOGEUSDT,1775022600000,2026-04-01 05:50:00,2026-04-01 14:50:00,0.09309,0.09326,0.09309,0.09319,3596309,335092.73789
DOGEUSDT,1775022900000,2026-04-01 05:55:00,2026-04-01 14:55:00,0.09318,0.0933,0.09312,0.09321,2575041,239992.09398
DOGEUSDT,1775023200000,2026-04-01 06:00:00,2026-04-01 15:00:00,0.09321,0.09337,0.09319,0.09325,1825516,170281.69149
DOGEUSDT,1775023500000,2026-04-01 06:05:00,2026-04-01 15:05:00,0.09326,0.09411,0.09326,0.09387,13783447,1291928.33721
DOGEUSDT,1775023800000,2026-04-01 06:10:00,2026-04-01 15:10:00,0.09387,0.09426,0.09387,0.09397,8749277,823242.64099
DOGEUSDT,1775024100000,2026-04-01 06:15:00,2026-04-01 15:15:00,0.09397,0.09412,0.09391,0.09406,5201368,488976.81775
DOGEUSDT,1775024400000,2026-04-01 06:20:00,2026-04-01 15:20:00,0.09407,0.0941,0.09381,0.09383,6157207,578391.77661
DOGEUSDT,1775024700000,2026-04-01 06:25:00,2026-04-01 15:25:00,0.09384,0.09407,0.09384,0.094,3372277,316799.96224
DOGEUSDT,1775025000000,2026-04-01 06:30:00,2026-04-01 15:30:00,0.094,0.0943,0.09394,0.09422,3976853,374343.72101
DOGEUSDT,1775025300000,2026-04-01 06:35:00,2026-04-01 15:35:00,0.09422,0.09435,0.09409,0.09411,4663164,439278.60619
DOGEUSDT,1775025600000,2026-04-01 06:40:00,2026-04-01 15:40:00,0.09411,0.09442,0.09405,0.09434,4767668,449245.66934
DOGEUSDT,1775025900000,2026-04-01 06:45:00,2026-04-01 15:45:00,0.09433,0.09442,0.09402,0.09403,5263209,495568.56087
DOGEUSDT,1775026200000,2026-04-01 06:50:00,2026-04-01 15:50:00,0.09403,0.09412,0.09401,0.09411,1982726,186492.59989
DOGEUSDT,1775026500000,2026-04-01 06:55:00,2026-04-01 15:55:00,0.09411,0.09435,0.09409,0.09429,2599105,244954.70557
DOGEUSDT,1775026800000,2026-04-01 07:00:00,2026-04-01 16:00:00,0.09429,0.09445,0.09429,0.09429,3890484,367148.59745
DOGEUSDT,1775027100000,2026-04-01 07:05:00,2026-04-01 16:05:00,0.0943,0.09449,0.0943,0.09442,3084134,291123.71676
DOGEUSDT,1775027400000,2026-04-01 07:10:00,2026-04-01 16:10:00,0.09442,0.09453,0.09423,0.09445,6219810,587201.57433
DOGEUSDT,1775027700000,2026-04-01 07:15:00,2026-04-01 16:15:00,0.09445,0.09447,0.09412,0.09412,4083975,385107.16478
DOGEUSDT,1775028000000,2026-04-01 07:20:00,2026-04-01 16:20:00,0.09413,0.09414,0.09391,0.09406,10280018,966538.87207
DOGEUSDT,1775028300000,2026-04-01 07:25:00,2026-04-01 16:25:00,0.09407,0.09415,0.09398,0.094,3249108,305603.39706
DOGEUSDT,1775028600000,2026-04-01 07:30:00,2026-04-01 16:30:00,0.09401,0.09415,0.09387,0.09389,4997852,469875.65108
DOGEUSDT,1775028900000,2026-04-01 07:35:00,2026-04-01 16:35:00,0.09389,0.09392,0.09375,0.09376,4004158,375630.49167
DOGEUSDT,1775029200000,2026-04-01 07:40:00,2026-04-01 16:40:00,0.09375,0.09379,0.09344,0.09349,16010090,1497289.18704
DOGEUSDT,1775029500000,2026-04-01 07:45:00,2026-04-01 16:45:00,0.0935,0.09356,0.09331,0.09342,5246933,490324.35474
DOGEUSDT,1775029800000,2026-04-01 07:50:00,2026-04-01 16:50:00,0.09342,0.09344,0.09327,0.09329,4167959,389038.00627
DOGEUSDT,1775030100000,2026-04-01 07:55:00,2026-04-01 16:55:00,0.09328,0.09335,0.09322,0.09326,3260248,304060.39726
DOGEUSDT,1775030400000,2026-04-01 08:00:00,2026-04-01 17:00:00,0.09326,0.09342,0.09308,0.09333,2873077,267895.36463
DOGEUSDT,1775030700000,2026-04-01 08:05:00,2026-04-01 17:05:00,0.09333,0.09333,0.09289,0.0929,3456785,321627.29691
DOGEUSDT,1775031000000,2026-04-01 08:10:00,2026-04-01 17:10:00,0.0929,0.09293,0.09273,0.09276,4354422,404177.98052
DOGEUSDT,1775031300000,2026-04-01 08:15:00,2026-04-01 17:15:00,0.09276,0.09287,0.09269,0.0928,1784651,165611.88227
DOGEUSDT,1775031600000,2026-04-01 08:20:00,2026-04-01 17:20:00,0.0928,0.0929,0.09279,0.09287,1928425,179043.48742
DOGEUSDT,1775031900000,2026-04-01 08:25:00,2026-04-01 17:25:00,0.09287,0.09299,0.09287,0.0929,3255787,302549.46293
DOGEUSDT,1775032200000,2026-04-01 08:30:00,2026-04-01 17:30:00,0.0929,0.09292,0.09276,0.09282,1887128,175242.5457
DOGEUSDT,1775032500000,2026-04-01 08:35:00,2026-04-01 17:35:00,0.09282,0.09303,0.09278,0.093,1427707,132663.35903
DOGEUSDT,1775032800000,2026-04-01 08:40:00,2026-04-01 17:40:00,0.09299,0.09307,0.0929,0.09295,1499269,139430.86264
DOGEUSDT,1775033100000,2026-04-01 08:45:00,2026-04-01 17:45:00,0.09295,0.09299,0.09278,0.09281,1516715,140823.98883
DOGEUSDT,1775033400000,2026-04-01 08:50:00,2026-04-01 17:50:00,0.09281,0.09289,0.09246,0.09248,4314428,399765.03028
DOGEUSDT,1775033700000,2026-04-01 08:55:00,2026-04-01 17:55:00,0.09249,0.09259,0.09233,0.09246,2247366,207697.76468
DOGEUSDT,1775034000000,2026-04-01 09:00:00,2026-04-01 18:00:00,0.09246,0.09261,0.09241,0.09254,1475260,136512.63237
DOGEUSDT,1775034300000,2026-04-01 09:05:00,2026-04-01 18:05:00,0.09253,0.09263,0.0922,0.09225,3676876,339432.82163
DOGEUSDT,1775034600000,2026-04-01 09:10:00,2026-04-01 18:10:00,0.09225,0.09232,0.09218,0.09227,2192718,202274.41691
DOGEUSDT,1775034900000,2026-04-01 09:15:00,2026-04-01 18:15:00,0.09228,0.09232,0.09211,0.09221,4041464,372737.4301
DOGEUSDT,1775035200000,2026-04-01 09:20:00,2026-04-01 18:20:00,0.0922,0.09231,0.09216,0.09219,2556628,235813.41891
DOGEUSDT,1775035500000,2026-04-01 09:25:00,2026-04-01 18:25:00,0.09218,0.09231,0.09216,0.09229,2937673,271031.16593
DOGEUSDT,1775035800000,2026-04-01 09:30:00,2026-04-01 18:30:00,0.09229,0.09247,0.09217,0.09224,11114623,1025699.59692
DOGEUSDT,1775036100000,2026-04-01 09:35:00,2026-04-01 18:35:00,0.09223,0.09233,0.09204,0.09205,3196608,294606.21758
DOGEUSDT,1775036400000,2026-04-01 09:40:00,2026-04-01 18:40:00,0.09205,0.09216,0.09188,0.09212,5566722,512344.7697
DOGEUSDT,1775036700000,2026-04-01 09:45:00,2026-04-01 18:45:00,0.09212,0.09233,0.09212,0.09233,6169433,569392.2179
DOGEUSDT,1775037000000,2026-04-01 09:50:00,2026-04-01 18:50:00,0.09233,0.09252,0.09233,0.09248,3014784,278663.49067
DOGEUSDT,1775037300000,2026-04-01 09:55:00,2026-04-01 18:55:00,0.09248,0.09249,0.09237,0.09242,1108379,102439.96315
DOGEUSDT,1775037600000,2026-04-01 10:00:00,2026-04-01 19:00:00,0.09242,0.09251,0.09235,0.09237,1292587,119490.40019
DOGEUSDT,1775037900000,2026-04-01 10:05:00,2026-04-01 19:05:00,0.09237,0.09244,0.09234,0.09236,747166,69032.77859
DOGEUSDT,1775038200000,2026-04-01 10:10:00,2026-04-01 19:10:00,0.09236,0.09254,0.09235,0.09242,2830771,261805.12013
DOGEUSDT,1775038500000,2026-04-01 10:15:00,2026-04-01 19:15:00,0.09242,0.09245,0.09228,0.09231,1102493,101815.63561
DOGEUSDT,1775038800000,2026-04-01 10:20:00,2026-04-01 19:20:00,0.09231,0.09249,0.09231,0.09235,843724,77975.2816
DOGEUSDT,1775039100000,2026-04-01 10:25:00,2026-04-01 19:25:00,0.09234,0.09238,0.09227,0.09229,1338060,123541.00742
DOGEUSDT,1775039400000,2026-04-01 10:30:00,2026-04-01 19:30:00,0.0923,0.09232,0.09204,0.09204,2814683,259377.65265
DOGEUSDT,1775039700000,2026-04-01 10:35:00,2026-04-01 19:35:00,0.09204,0.09227,0.092,0.09227,1234666,113688.26696
DOGEUSDT,1775040000000,2026-04-01 10:40:00,2026-04-01 19:40:00,0.09228,0.09239,0.09227,0.09233,882850,81529.36126
DOGEUSDT,1775040300000,2026-04-01 10:45:00,2026-04-01 19:45:00,0.09234,0.09267,0.09233,0.09263,2876730,266279.9593
DOGEUSDT,1775040600000,2026-04-01 10:50:00,2026-04-01 19:50:00,0.09264,0.09269,0.09249,0.09249,820441,75967.13502
DOGEUSDT,1775040900000,2026-04-01 10:55:00,2026-04-01 19:55:00,0.09249,0.09249,0.09228,0.09247,1583981,146303.41928
DOGEUSDT,1775041200000,2026-04-01 11:00:00,2026-04-01 20:00:00,0.09247,0.09249,0.09238,0.09242,778544,71969.26269
DOGEUSDT,1775041500000,2026-04-01 11:05:00,2026-04-01 20:05:00,0.09241,0.09242,0.09227,0.0923,784478,72439.77275
DOGEUSDT,1775041800000,2026-04-01 11:10:00,2026-04-01 20:10:00,0.0923,0.09248,0.09226,0.0924,1500369,138619.51736
DOGEUSDT,1775042100000,2026-04-01 11:15:00,2026-04-01 20:15:00,0.0924,0.09244,0.09231,0.09242,1077623,99545.10931
DOGEUSDT,1775042400000,2026-04-01 11:20:00,2026-04-01 20:20:00,0.09243,0.09243,0.0923,0.09242,741932,68540.87388
DOGEUSDT,1775042700000,2026-04-01 11:25:00,2026-04-01 20:25:00,0.09241,0.09255,0.09241,0.09246,1220046,112844.60583
DOGEUSDT,1775043000000,2026-04-01 11:30:00,2026-04-01 20:30:00,0.09246,0.09256,0.09244,0.0925,4039162,373695.87477
DOGEUSDT,1775043300000,2026-04-01 11:35:00,2026-04-01 20:35:00,0.0925,0.09255,0.09244,0.09252,1399117,129432.64732
DOGEUSDT,1775043600000,2026-04-01 11:40:00,2026-04-01 20:40:00,0.09251,0.09256,0.09246,0.09253,410598,37981.37826
DOGEUSDT,1775043900000,2026-04-01 11:45:00,2026-04-01 20:45:00,0.09253,0.09259,0.09251,0.09258,1041597,96401.40339
DOGEUSDT,1775044200000,2026-04-01 11:50:00,2026-04-01 20:50:00,0.09258,0.09278,0.09252,0.09268,7358355,681699.15252
DOGEUSDT,1775044500000,2026-04-01 11:55:00,2026-04-01 20:55:00,0.09268,0.09268,0.0925,0.09252,3398133,314635.66246
DOGEUSDT,1775044800000,2026-04-01 12:00:00,2026-04-01 21:00:00,0.09252,0.09256,0.0923,0.09232,2278136,210599.95162
DOGEUSDT,1775045100000,2026-04-01 12:05:00,2026-04-01 21:05:00,0.09233,0.0925,0.09233,0.09249,511684,47299.10188
DOGEUSDT,1775045400000,2026-04-01 12:10:00,2026-04-01 21:10:00,0.09249,0.0926,0.09238,0.09242,656348,60703.01004
DOGEUSDT,1775045700000,2026-04-01 12:15:00,2026-04-01 21:15:00,0.09243,0.09253,0.09241,0.09253,567564,52484.98278
DOGEUSDT,1775046000000,2026-04-01 12:20:00,2026-04-01 21:20:00,0.09252,0.09255,0.09244,0.09254,729307,67476.7565
DOGEUSDT,1775046300000,2026-04-01 12:25:00,2026-04-01 21:25:00,0.09254,0.09266,0.0925,0.09261,735625,68092.82375
DOGEUSDT,1775046600000,2026-04-01 12:30:00,2026-04-01 21:30:00,0.09261,0.09285,0.09251,0.09251,1941526,179982.0764
DOGEUSDT,1775046900000,2026-04-01 12:35:00,2026-04-01 21:35:00,0.09251,0.09255,0.0923,0.09237,2797092,258552.70133
DOGEUSDT,1775047200000,2026-04-01 12:40:00,2026-04-01 21:40:00,0.09236,0.09317,0.09236,0.09308,6395335,593555.66358
DOGEUSDT,1775047500000,2026-04-01 12:45:00,2026-04-01 21:45:00,0.09308,0.09326,0.09272,0.09282,7617022,708256.4905
DOGEUSDT,1775047800000,2026-04-01 12:50:00,2026-04-01 21:50:00,0.09282,0.09299,0.09267,0.09271,1341285,124589.91003
DOGEUSDT,1775048100000,2026-04-01 12:55:00,2026-04-01 21:55:00,0.09272,0.09281,0.09253,0.09258,978266,90669.19564
DOGEUSDT,1775048400000,2026-04-01 13:00:00,2026-04-01 22:00:00,0.09259,0.09271,0.09229,0.09247,2984292,275818.13047
DOGEUSDT,1775048700000,2026-04-01 13:05:00,2026-04-01 22:05:00,0.09246,0.09247,0.09228,0.09245,1592157,147076.89731
DOGEUSDT,1775049000000,2026-04-01 13:10:00,2026-04-01 22:10:00,0.09246,0.09283,0.09246,0.09274,1642931,152299.46979
DOGEUSDT,1775049300000,2026-04-01 13:15:00,2026-04-01 22:15:00,0.09274,0.09294,0.09274,0.09292,810147,75226.49761
DOGEUSDT,1775049600000,2026-04-01 13:20:00,2026-04-01 22:20:00,0.09292,0.09294,0.09278,0.09278,720589,66912.97597
DOGEUSDT,1775049900000,2026-04-01 13:25:00,2026-04-01 22:25:00,0.09279,0.09291,0.09274,0.09279,703473,65325.19346
DOGEUSDT,1775050200000,2026-04-01 13:30:00,2026-04-01 22:30:00,0.0928,0.09282,0.0925,0.09263,1989115,184278.30229
DOGEUSDT,1775050500000,2026-04-01 13:35:00,2026-04-01 22:35:00,0.09263,0.09281,0.0925,0.09262,1150911,106592.74358
DOGEUSDT,1775050800000,2026-04-01 13:40:00,2026-04-01 22:40:00,0.09262,0.09262,0.09211,0.09239,5419789,500010.60168
DOGEUSDT,1775051100000,2026-04-01 13:45:00,2026-04-01 22:45:00,0.09239,0.09244,0.09214,0.09224,1862155,171807.15719
DOGEUSDT,1775051400000,2026-04-01 13:50:00,2026-04-01 22:50:00,0.09223,0.09259,0.09214,0.09241,1326420,122624.76136
DOGEUSDT,1775051700000,2026-04-01 13:55:00,2026-04-01 22:55:00,0.09241,0.09247,0.09233,0.0924,1228531,113516.62837
DOGEUSDT,1775052000000,2026-04-01 14:00:00,2026-04-01 23:00:00,0.0924,0.09254,0.09237,0.09241,1714210,158456.81386
DOGEUSDT,1775052300000,2026-04-01 14:05:00,2026-04-01 23:05:00,0.09242,0.09266,0.09231,0.09258,990083,91575.12579
DOGEUSDT,1775052600000,2026-04-01 14:10:00,2026-04-01 23:10:00,0.09259,0.09276,0.09251,0.09275,2209546,204679.40928
DOGEUSDT,1775052900000,2026-04-01 14:15:00,2026-04-01 23:15:00,0.09276,0.09287,0.09256,0.09272,1432640,132820.85092
DOGEUSDT,1775053200000,2026-04-01 14:20:00,2026-04-01 23:20:00,0.09273,0.09295,0.09266,0.0928,2174149,201811.18829
DOGEUSDT,1775053500000,2026-04-01 14:25:00,2026-04-01 23:25:00,0.09279,0.09292,0.09275,0.09288,1771100,164527.70495
DOGEUSDT,1775053800000,2026-04-01 14:30:00,2026-04-01 23:30:00,0.09288,0.09299,0.09245,0.09247,2866695,265922.47583
DOGEUSDT,1775054100000,2026-04-01 14:35:00,2026-04-01 23:35:00,0.09248,0.09297,0.09245,0.09284,2652236,246278.21471
DOGEUSDT,1775054400000,2026-04-01 14:40:00,2026-04-01 23:40:00,0.09283,0.09284,0.09264,0.09272,515135,47768.73337
DOGEUSDT,1775054700000,2026-04-01 14:45:00,2026-04-01 23:45:00,0.09272,0.09295,0.09267,0.09291,1768106,164107.54984
DOGEUSDT,1775055000000,2026-04-01 14:50:00,2026-04-01 23:50:00,0.09292,0.09306,0.09283,0.09296,1956287,181838.07936
DOGEUSDT,1775055300000,2026-04-01 14:55:00,2026-04-01 23:55:00,0.09296,0.09296,0.09282,0.09285,985061,91497.13508
DOGEUSDT,1775055600000,2026-04-01 15:00:00,2026-04-02 00:00:00,0.09286,0.09291,0.09273,0.09273,1109720,103004.64559
DOGEUSDT,1775055900000,2026-04-01 15:05:00,2026-04-02 00:05:00,0.09274,0.0929,0.09274,0.09276,861536,79979.80563
DOGEUSDT,1775056200000,2026-04-01 15:10:00,2026-04-02 00:10:00,0.09277,0.09279,0.09262,0.09265,1487678,137868.55808
DOGEUSDT,1775056500000,2026-04-01 15:15:00,2026-04-02 00:15:00,0.09266,0.09272,0.09255,0.0927,395953,36675.78854
DOGEUSDT,1775056800000,2026-04-01 15:20:00,2026-04-02 00:20:00,0.09271,0.09306,0.09262,0.09306,4297847,398725.34116
DOGEUSDT,1775057100000,2026-04-01 15:25:00,2026-04-02 00:25:00,0.09306,0.09324,0.09298,0.09306,3089765,287680.3201
DOGEUSDT,1775057400000,2026-04-01 15:30:00,2026-04-02 00:30:00,0.09306,0.09316,0.09293,0.093,731216,68006.21732
DOGEUSDT,1775057700000,2026-04-01 15:35:00,2026-04-02 00:35:00,0.09299,0.09316,0.09291,0.09293,770521,71703.62545
DOGEUSDT,1775058000000,2026-04-01 15:40:00,2026-04-02 00:40:00,0.09293,0.09307,0.09291,0.09301,554828,51579.93586
DOGEUSDT,1775058300000,2026-04-01 15:45:00,2026-04-02 00:45:00,0.09301,0.09312,0.09293,0.09295,717729,66771.29278
DOGEUSDT,1775058600000,2026-04-01 15:50:00,2026-04-02 00:50:00,0.09295,0.0931,0.09294,0.09297,2708010,251738.55624
DOGEUSDT,1775058900000,2026-04-01 15:55:00,2026-04-02 00:55:00,0.09298,0.09317,0.09298,0.09308,2209979,205697.25104
DOGEUSDT,1775059200000,2026-04-01 16:00:00,2026-04-02 01:00:00,0.09308,0.0931,0.09276,0.09278,3024912,280883.84706
DOGEUSDT,1775059500000,2026-04-01 16:05:00,2026-04-02 01:05:00,0.09279,0.09288,0.09268,0.09287,2927081,271634.1212
DOGEUSDT,1775059800000,2026-04-01 16:10:00,2026-04-02 01:10:00,0.09286,0.09295,0.09258,0.09268,2403564,222893.28989
DOGEUSDT,1775060100000,2026-04-01 16:15:00,2026-04-02 01:15:00,0.09268,0.09303,0.09263,0.09296,2749468,255242.04372
DOGEUSDT,1775060400000,2026-04-01 16:20:00,2026-04-02 01:20:00,0.09296,0.0932,0.09296,0.09318,1727591,160819.77241
DOGEUSDT,1775060700000,2026-04-01 16:25:00,2026-04-02 01:25:00,0.09318,0.09343,0.09315,0.0933,2639988,246216.90006
DOGEUSDT,1775061000000,2026-04-01 16:30:00,2026-04-02 01:30:00,0.09331,0.09348,0.09322,0.09331,2036860,190190.62331
DOGEUSDT,1775061300000,2026-04-01 16:35:00,2026-04-02 01:35:00,0.09331,0.09361,0.09331,0.09348,4020310,375824.92962
DOGEUSDT,1775061600000,2026-04-01 16:40:00,2026-04-02 01:40:00,0.09347,0.0937,0.0934,0.09359,2400527,224691.37175
DOGEUSDT,1775061900000,2026-04-01 16:45:00,2026-04-02 01:45:00,0.0936,0.09361,0.09337,0.09347,1771720,165651.66509
DOGEUSDT,1775062200000,2026-04-01 16:50:00,2026-04-02 01:50:00,0.09347,0.09361,0.09345,0.09348,1064299,99533.42188
DOGEUSDT,1775062500000,2026-04-01 16:55:00,2026-04-02 01:55:00,0.09348,0.09349,0.09337,0.09341,2533402,236615.74442
DOGEUSDT,1775062800000,2026-04-01 17:00:00,2026-04-02 02:00:00,0.09342,0.09429,0.0934,0.09423,9686416,910489.89672
DOGEUSDT,1775063100000,2026-04-01 17:05:00,2026-04-02 02:05:00,0.09422,0.09426,0.09372,0.09378,3889081,365455.84376
DOGEUSDT,1775063400000,2026-04-01 17:10:00,2026-04-02 02:10:00,0.09377,0.09386,0.09351,0.09353,9329851,873759.43257
DOGEUSDT,1775063700000,2026-04-01 17:15:00,2026-04-02 02:15:00,0.09353,0.09377,0.09353,0.09362,3506527,328276.50213
DOGEUSDT,1775064000000,2026-04-01 17:20:00,2026-04-02 02:20:00,0.09361,0.09363,0.09329,0.09342,3742285,349534.4394
DOGEUSDT,1775064300000,2026-04-01 17:25:00,2026-04-02 02:25:00,0.09341,0.09343,0.09302,0.09307,2333465,217501.28407
DOGEUSDT,1775064600000,2026-04-01 17:30:00,2026-04-02 02:30:00,0.09308,0.09326,0.09301,0.09314,2282096,212600.36991
DOGEUSDT,1775064900000,2026-04-01 17:35:00,2026-04-02 02:35:00,0.09313,0.09332,0.09293,0.09324,2978886,277342.46386
DOGEUSDT,1775065200000,2026-04-01 17:40:00,2026-04-02 02:40:00,0.09324,0.09325,0.09313,0.09315,344119,32067.44762
DOGEUSDT,1775065500000,2026-04-01 17:45:00,2026-04-02 02:45:00,0.09315,0.09319,0.09288,0.09294,3691624,343130.03602
DOGEUSDT,1775065800000,2026-04-01 17:50:00,2026-04-02 02:50:00,0.09295,0.09298,0.09277,0.09288,3278361,304405.85065
DOGEUSDT,1775066100000,2026-04-01 17:55:00,2026-04-02 02:55:00,0.09288,0.09289,0.09278,0.09282,2911730,270386.98832
DOGEUSDT,1775066400000,2026-04-01 18:00:00,2026-04-02 03:00:00,0.09282,0.0929,0.0924,0.09265,3654178,338336.01845
DOGEUSDT,1775066700000,2026-04-01 18:05:00,2026-04-02 03:05:00,0.09265,0.09281,0.09258,0.09281,2744738,254514.54301
DOGEUSDT,1775067000000,2026-04-01 18:10:00,2026-04-02 03:10:00,0.0928,0.09287,0.09277,0.09277,1637830,152017.10775
DOGEUSDT,1775067300000,2026-04-01 18:15:00,2026-04-02 03:15:00,0.09277,0.09281,0.09262,0.09272,683414,63373.17365
DOGEUSDT,1775067600000,2026-04-01 18:20:00,2026-04-02 03:20:00,0.09273,0.09285,0.09261,0.09263,815921,75634.61023
DOGEUSDT,1775067900000,2026-04-01 18:25:00,2026-04-02 03:25:00,0.09264,0.09275,0.09257,0.09261,652611,60468.76684
DOGEUSDT,1775068200000,2026-04-01 18:30:00,2026-04-02 03:30:00,0.0926,0.09273,0.09252,0.09273,1204942,111593.34398
DOGEUSDT,1775068500000,2026-04-01 18:35:00,2026-04-02 03:35:00,0.09272,0.09282,0.09262,0.09278,1035784,96080.93128
DOGEUSDT,1775068800000,2026-04-01 18:40:00,2026-04-02 03:40:00,0.09277,0.09289,0.09273,0.09274,1037954,96345.67951
DOGEUSDT,1775069100000,2026-04-01 18:45:00,2026-04-02 03:45:00,0.09274,0.09275,0.0925,0.09253,833670,77205.72223
DOGEUSDT,1775069400000,2026-04-01 18:50:00,2026-04-02 03:50:00,0.09252,0.09258,0.09245,0.09253,769790,71220.80618
DOGEUSDT,1775069700000,2026-04-01 18:55:00,2026-04-02 03:55:00,0.09253,0.09254,0.09242,0.09252,648763,59988.18207
DOGEUSDT,1775070000000,2026-04-01 19:00:00,2026-04-02 04:00:00,0.09253,0.09264,0.0925,0.09262,357800,33117.9486
DOGEUSDT,1775070300000,2026-04-01 19:05:00,2026-04-02 04:05:00,0.09261,0.09273,0.09258,0.09262,507371,47018.26173
DOGEUSDT,1775070600000,2026-04-01 19:10:00,2026-04-02 04:10:00,0.09261,0.09263,0.09249,0.09255,188448,17442.50691
DOGEUSDT,1775070900000,2026-04-01 19:15:00,2026-04-02 04:15:00,0.09256,0.09264,0.09249,0.09263,1512904,140024.94741
DOGEUSDT,1775071200000,2026-04-01 19:20:00,2026-04-02 04:20:00,0.09263,0.09268,0.0926,0.09268,324347,30047.17327
DOGEUSDT,1775071500000,2026-04-01 19:25:00,2026-04-02 04:25:00,0.09268,0.0929,0.09268,0.09288,2950105,273749.34893
DOGEUSDT,1775071800000,2026-04-01 19:30:00,2026-04-02 04:30:00,0.09289,0.09297,0.09278,0.09284,1244890,115576.31789
DOGEUSDT,1775072100000,2026-04-01 19:35:00,2026-04-02 04:35:00,0.09285,0.0929,0.0928,0.09281,967020,89781.05369
DOGEUSDT,1775072400000,2026-04-01 19:40:00,2026-04-02 04:40:00,0.09282,0.09282,0.09266,0.09267,790387,73290.87257
DOGEUSDT,1775072700000,2026-04-01 19:45:00,2026-04-02 04:45:00,0.09266,0.09295,0.09264,0.09295,1026163,95228.96353
DOGEUSDT,1775073000000,2026-04-01 19:50:00,2026-04-02 04:50:00,0.09296,0.09297,0.09277,0.09291,822939,76424.10228
DOGEUSDT,1775073300000,2026-04-01 19:55:00,2026-04-02 04:55:00,0.0929,0.0929,0.0928,0.09285,436847,40559.95858
DOGEUSDT,1775073600000,2026-04-01 20:00:00,2026-04-02 05:00:00,0.09286,0.0929,0.09249,0.09258,1894380,175441.83667
DOGEUSDT,1775073900000,2026-04-01 20:05:00,2026-04-02 05:05:00,0.09259,0.09265,0.09245,0.09249,558282,51662.62821
DOGEUSDT,1775074200000,2026-04-01 20:10:00,2026-04-02 05:10:00,0.09249,0.0926,0.09249,0.09254,5427050,502224.45004
DOGEUSDT,1775074500000,2026-04-01 20:15:00,2026-04-02 05:15:00,0.09255,0.09259,0.09248,0.09254,362815,33573.8588
DOGEUSDT,1775074800000,2026-04-01 20:20:00,2026-04-02 05:20:00,0.09254,0.09258,0.09246,0.09253,502497,46483.52143
DOGEUSDT,1775075100000,2026-04-01 20:25:00,2026-04-02 05:25:00,0.09253,0.09255,0.0924,0.09241,929082,85921.04958
DOGEUSDT,1775075400000,2026-04-01 20:30:00,2026-04-02 05:30:00,0.0924,0.09249,0.09227,0.09247,3515671,324681.86192
DOGEUSDT,1775075700000,2026-04-01 20:35:00,2026-04-02 05:35:00,0.09248,0.09269,0.09245,0.09262,389715,36068.5212
DOGEUSDT,1775076000000,2026-04-01 20:40:00,2026-04-02 05:40:00,0.09262,0.09273,0.09258,0.09272,715707,66311.37993
DOGEUSDT,1775076300000,2026-04-01 20:45:00,2026-04-02 05:45:00,0.09271,0.09279,0.09268,0.09271,540720,50132.26905
DOGEUSDT,1775076600000,2026-04-01 20:50:00,2026-04-02 05:50:00,0.09272,0.09285,0.09271,0.0928,967130,89730.89307
DOGEUSDT,1775076900000,2026-04-01 20:55:00,2026-04-02 05:55:00,0.09279,0.09279,0.0926,0.09262,278884,25840.58265
DOGEUSDT,1775077200000,2026-04-01 21:00:00,2026-04-02 06:00:00,0.09263,0.09274,0.0926,0.09268,237908,22042.8237
DOGEUSDT,1775077500000,2026-04-01 21:05:00,2026-04-02 06:05:00,0.09268,0.09313,0.09268,0.09312,1112191,103381.79681
DOGEUSDT,1775077800000,2026-04-01 21:10:00,2026-04-02 06:10:00,0.09313,0.09318,0.09289,0.09302,2279857,212023.80508
DOGEUSDT,1775078100000,2026-04-01 21:15:00,2026-04-02 06:15:00,0.09301,0.09305,0.09296,0.09302,191925,17848.50974
DOGEUSDT,1775078400000,2026-04-01 21:20:00,2026-04-02 06:20:00,0.09303,0.09312,0.09302,0.09306,1009142,93909.68464
DOGEUSDT,1775078700000,2026-04-01 21:25:00,2026-04-02 06:25:00,0.09306,0.09327,0.09299,0.09305,1770882,164911.04706
DOGEUSDT,1775079000000,2026-04-01 21:30:00,2026-04-02 06:30:00,0.09305,0.09312,0.09297,0.09312,935331,87027.37886
DOGEUSDT,1775079300000,2026-04-01 21:35:00,2026-04-02 06:35:00,0.09313,0.09318,0.09305,0.09307,1825190,169911.42319
DOGEUSDT,1775079600000,2026-04-01 21:40:00,2026-04-02 06:40:00,0.09307,0.09312,0.09299,0.09306,1026128,95496.79513
DOGEUSDT,1775079900000,2026-04-01 21:45:00,2026-04-02 06:45:00,0.09307,0.09309,0.093,0.09301,459753,42776.96471
DOGEUSDT,1775080200000,2026-04-01 21:50:00,2026-04-02 06:50:00,0.093,0.09305,0.09284,0.09296,934150,86791.36732
DOGEUSDT,1775080500000,2026-04-01 21:55:00,2026-04-02 06:55:00,0.09297,0.09335,0.09296,0.09311,1315791,122674.08515
DOGEUSDT,1775080800000,2026-04-01 22:00:00,2026-04-02 07:00:00,0.09312,0.0932,0.09293,0.093,1147058,106724.7292
DOGEUSDT,1775081100000,2026-04-01 22:05:00,2026-04-02 07:05:00,0.09299,0.09299,0.09281,0.09295,2104457,195524.22781
DOGEUSDT,1775081400000,2026-04-01 22:10:00,2026-04-02 07:10:00,0.09296,0.093,0.09287,0.09296,651288,60521.0962
DOGEUSDT,1775081700000,2026-04-01 22:15:00,2026-04-02 07:15:00,0.09295,0.09295,0.09256,0.09256,2293459,212816.14684
DOGEUSDT,1775082000000,2026-04-01 22:20:00,2026-04-02 07:20:00,0.09256,0.09273,0.09255,0.09264,2295399,212620.74049
DOGEUSDT,1775082300000,2026-04-01 22:25:00,2026-04-02 07:25:00,0.09264,0.09267,0.09251,0.09252,1065158,98608.1257
DOGEUSDT,1775082600000,2026-04-01 22:30:00,2026-04-02 07:30:00,0.09251,0.09259,0.09239,0.09259,1644845,152162.33615
DOGEUSDT,1775082900000,2026-04-01 22:35:00,2026-04-02 07:35:00,0.09259,0.09259,0.09241,0.0925,424600,39276.97886
DOGEUSDT,1775083200000,2026-04-01 22:40:00,2026-04-02 07:40:00,0.0925,0.09269,0.09249,0.09257,1028759,95231.49207
DOGEUSDT,1775083500000,2026-04-01 22:45:00,2026-04-02 07:45:00,0.09256,0.09268,0.0925,0.09253,596553,55235.19556
DOGEUSDT,1775083800000,2026-04-01 22:50:00,2026-04-02 07:50:00,0.09254,0.09255,0.09239,0.09244,903942,83563.98712
DOGEUSDT,1775084100000,2026-04-01 22:55:00,2026-04-02 07:55:00,0.09244,0.0925,0.09239,0.09243,2531420,233937.15522
DOGEUSDT,1775084400000,2026-04-01 23:00:00,2026-04-02 08:00:00,0.09243,0.09259,0.09235,0.09258,2185140,201906.44514
DOGEUSDT,1775084700000,2026-04-01 23:05:00,2026-04-02 08:05:00,0.09258,0.09265,0.09253,0.09263,597843,55348.29847
DOGEUSDT,1775085000000,2026-04-01 23:10:00,2026-04-02 08:10:00,0.09262,0.09262,0.09252,0.09259,243488,22544.95885
DOGEUSDT,1775085300000,2026-04-01 23:15:00,2026-04-02 08:15:00,0.09258,0.09264,0.09243,0.09249,1051996,97339.33538
DOGEUSDT,1775085600000,2026-04-01 23:20:00,2026-04-02 08:20:00,0.0925,0.09255,0.09247,0.09249,401307,37127.54998
DOGEUSDT,1775085900000,2026-04-01 23:25:00,2026-04-02 08:25:00,0.09249,0.09252,0.09245,0.09249,654335,60507.01344
DOGEUSDT,1775086200000,2026-04-01 23:30:00,2026-04-02 08:30:00,0.0925,0.09257,0.0923,0.09257,1578948,145879.22709
DOGEUSDT,1775086500000,2026-04-01 23:35:00,2026-04-02 08:35:00,0.09256,0.09259,0.09244,0.09251,364452,33716.55036
DOGEUSDT,1775086800000,2026-04-01 23:40:00,2026-04-02 08:40:00,0.09251,0.09255,0.09244,0.09245,435986,40328.82358
DOGEUSDT,1775087100000,2026-04-01 23:45:00,2026-04-02 08:45:00,0.09245,0.09246,0.09226,0.09238,1163995,107479.05359
DOGEUSDT,1775087400000,2026-04-01 23:50:00,2026-04-02 08:50:00,0.09239,0.09241,0.09218,0.09226,771272,71168.94268
DOGEUSDT,1775087700000,2026-04-01 23:55:00,2026-04-02 08:55:00,0.09226,0.09227,0.09208,0.09219,1461515,134682.70613
DOGEUSDT,1775088000000,2026-04-02 00:00:00,2026-04-02 09:00:00,0.09218,0.09227,0.09201,0.09221,1710442,157545.84758
DOGEUSDT,1775088300000,2026-04-02 00:05:00,2026-04-02 09:05:00,0.09221,0.09232,0.0922,0.09225,919026,84804.32699
DOGEUSDT,1775088600000,2026-04-02 00:10:00,2026-04-02 09:10:00,0.09226,0.09233,0.09217,0.09227,2952283,272228.567
DOGEUSDT,1775088900000,2026-04-02 00:15:00,2026-04-02 09:15:00,0.09226,0.09238,0.09213,0.09229,983306,90710.9217
DOGEUSDT,1775089200000,2026-04-02 00:20:00,2026-04-02 09:20:00,0.09228,0.09234,0.09216,0.09221,848277,78258.27177
DOGEUSDT,1775089500000,2026-04-02 00:25:00,2026-04-02 09:25:00,0.09221,0.09222,0.09213,0.09214,552591,50934.90724
DOGEUSDT,1775089800000,2026-04-02 00:30:00,2026-04-02 09:30:00,0.09213,0.0923,0.0921,0.09226,427715,39422.6204
DOGEUSDT,1775090100000,2026-04-02 00:35:00,2026-04-02 09:35:00,0.09227,0.09242,0.09217,0.09241,1600997,147752.87672
DOGEUSDT,1775090400000,2026-04-02 00:40:00,2026-04-02 09:40:00,0.09241,0.09266,0.09233,0.09266,3051111,282171.04163
DOGEUSDT,1775090700000,2026-04-02 00:45:00,2026-04-02 09:45:00,0.09265,0.09273,0.09246,0.09259,1701609,157641.11782
DOGEUSDT,1775091000000,2026-04-02 00:50:00,2026-04-02 09:50:00,0.09259,0.09268,0.09244,0.09267,971882,89958.92221
DOGEUSDT,1775091300000,2026-04-02 00:55:00,2026-04-02 09:55:00,0.09267,0.09268,0.09251,0.09251,1026933,95101.18915
DOGEUSDT,1775091600000,2026-04-02 01:00:00,2026-04-02 10:00:00,0.09251,0.09255,0.09144,0.09165,16742508,1536315.38345
DOGEUSDT,1775091900000,2026-04-02 01:05:00,2026-04-02 10:05:00,0.09164,0.09204,0.09093,0.09195,28660032,2617603.30394
DOGEUSDT,1775092200000,2026-04-02 01:10:00,2026-04-02 10:10:00,0.09196,0.0923,0.0917,0.0917,6712013,617416.78666
DOGEUSDT,1775092500000,2026-04-02 01:15:00,2026-04-02 10:15:00,0.09171,0.09174,0.09068,0.09098,15547192,1415863.00047
DOGEUSDT,1775092800000,2026-04-02 01:20:00,2026-04-02 10:20:00,0.09098,0.09128,0.0905,0.09094,16096366,1462442.45465
DOGEUSDT,1775093100000,2026-04-02 01:25:00,2026-04-02 10:25:00,0.09094,0.09101,0.0905,0.09083,7309714,663373.88462
DOGEUSDT,1775093400000,2026-04-02 01:30:00,2026-04-02 10:30:00,0.09083,0.09083,0.09013,0.09045,11630186,1050661.98352
DOGEUSDT,1775093700000,2026-04-02 01:35:00,2026-04-02 10:35:00,0.09044,0.09058,0.09018,0.09032,4492642,406190.67991
DOGEUSDT,1775094000000,2026-04-02 01:40:00,2026-04-02 10:40:00,0.09031,0.0904,0.09014,0.09018,3629217,327501.59077
DOGEUSDT,1775094300000,2026-04-02 01:45:00,2026-04-02 10:45:00,0.09019,0.09077,0.09007,0.09053,22702283,2055225.64984
DOGEUSDT,1775094600000,2026-04-02 01:50:00,2026-04-02 10:50:00,0.09053,0.09077,0.09046,0.09065,5174489,469019.6595
DOGEUSDT,1775094900000,2026-04-02 01:55:00,2026-04-02 10:55:00,0.09064,0.09089,0.09055,0.09059,3843288,348625.51404
DOGEUSDT,1775095200000,2026-04-02 02:00:00,2026-04-02 11:00:00,0.09058,0.09058,0.09029,0.09033,2111973,190982.91442
DOGEUSDT,1775095500000,2026-04-02 02:05:00,2026-04-02 11:05:00,0.09033,0.0906,0.09014,0.09025,2680190,242010.05498
DOGEUSDT,1775095800000,2026-04-02 02:10:00,2026-04-02 11:10:00,0.09025,0.09035,0.09,0.09007,7787259,701745.97782
DOGEUSDT,1775096100000,2026-04-02 02:15:00,2026-04-02 11:15:00,0.09007,0.09022,0.08994,0.09014,10657796,959664.9919
DOGEUSDT,1775096400000,2026-04-02 02:20:00,2026-04-02 11:20:00,0.09013,0.09017,0.08989,0.09005,7756084,698268.31926
DOGEUSDT,1775096700000,2026-04-02 02:25:00,2026-04-02 11:25:00,0.09004,0.09015,0.08995,0.09006,3447343,310417.71221
DOGEUSDT,1775097000000,2026-04-02 02:30:00,2026-04-02 11:30:00,0.09007,0.09034,0.09005,0.09025,3740377,337396.37725
DOGEUSDT,1775097300000,2026-04-02 02:35:00,2026-04-02 11:35:00,0.09025,0.09025,0.09004,0.09011,3550817,320017.04736
DOGEUSDT,1775097600000,2026-04-02 02:40:00,2026-04-02 11:40:00,0.09011,0.09025,0.08983,0.08984,7584895,682644.21906
DOGEUSDT,1775097900000,2026-04-02 02:45:00,2026-04-02 11:45:00,0.08985,0.09013,0.08979,0.09001,3573545,321612.18207
DOGEUSDT,1775098200000,2026-04-02 02:50:00,2026-04-02 11:50:00,0.09001,0.09019,0.09001,0.09014,4536812,408850.9062
DOGEUSDT,1775098500000,2026-04-02 02:55:00,2026-04-02 11:55:00,0.09014,0.09021,0.0901,0.09015,2286044,206101.34202
DOGEUSDT,1775098800000,2026-04-02 03:00:00,2026-04-02 12:00:00,0.09014,0.09015,0.08999,0.09003,3397678,305936.94428
DOGEUSDT,1775099100000,2026-04-02 03:05:00,2026-04-02 12:05:00,0.09002,0.09025,0.09,0.0902,2092244,188603.84627
DOGEUSDT,1775099400000,2026-04-02 03:10:00,2026-04-02 12:10:00,0.0902,0.0902,0.08998,0.09007,2461882,221740.62861
DOGEUSDT,1775099700000,2026-04-02 03:15:00,2026-04-02 12:15:00,0.09006,0.09012,0.08999,0.09002,2542760,228970.09768
DOGEUSDT,1775100000000,2026-04-02 03:20:00,2026-04-02 12:20:00,0.09002,0.09034,0.08989,0.09034,6100736,550078.41969
DOGEUSDT,1775100300000,2026-04-02 03:25:00,2026-04-02 12:25:00,0.09033,0.09043,0.0903,0.09033,2306372,208445.13758
DOGEUSDT,1775100600000,2026-04-02 03:30:00,2026-04-02 12:30:00,0.09034,0.09048,0.0903,0.0903,2324260,210094.87067
DOGEUSDT,1775100900000,2026-04-02 03:35:00,2026-04-02 12:35:00,0.09031,0.09042,0.09024,0.09024,2785464,251576.75716
DOGEUSDT,1775101200000,2026-04-02 03:40:00,2026-04-02 12:40:00,0.09023,0.09023,0.08954,0.08978,12408532,1114189.34012
DOGEUSDT,1775101500000,2026-04-02 03:45:00,2026-04-02 12:45:00,0.08977,0.08978,0.08958,0.08975,2151575,192950.28439
DOGEUSDT,1775101800000,2026-04-02 03:50:00,2026-04-02 12:50:00,0.08975,0.08994,0.08973,0.08984,4090315,367509.99829
DOGEUSDT,1775102100000,2026-04-02 03:55:00,2026-04-02 12:55:00,0.08985,0.09017,0.08979,0.09014,4542725,409073.5997
DOGEUSDT,1775102400000,2026-04-02 04:00:00,2026-04-02 13:00:00,0.09013,0.09013,0.08996,0.09,3032305,273019.19032
DOGEUSDT,1775102700000,2026-04-02 04:05:00,2026-04-02 13:05:00,0.09001,0.09007,0.08997,0.08999,1729634,155723.75912
DOGEUSDT,1775103000000,2026-04-02 04:10:00,2026-04-02 13:10:00,0.08999,0.09005,0.08987,0.08991,1238908,111454.27847
DOGEUSDT,1775103300000,2026-04-02 04:15:00,2026-04-02 13:15:00,0.08992,0.09012,0.08992,0.09001,2493681,224559.02973
DOGEUSDT,1775103600000,2026-04-02 04:20:00,2026-04-02 13:20:00,0.09001,0.09008,0.08985,0.08997,2754141,247749.1265
DOGEUSDT,1775103900000,2026-04-02 04:25:00,2026-04-02 13:25:00,0.08998,0.09002,0.08986,0.08997,1870732,168252.49649
DOGEUSDT,1775104200000,2026-04-02 04:30:00,2026-04-02 13:30:00,0.08997,0.09,0.0899,0.08999,1174260,105633.32767
DOGEUSDT,1775104500000,2026-04-02 04:35:00,2026-04-02 13:35:00,0.08999,0.09004,0.0898,0.08984,1897247,170541.23898
DOGEUSDT,1775104800000,2026-04-02 04:40:00,2026-04-02 13:40:00,0.08983,0.08987,0.08972,0.08976,4214542,378333.1844
DOGEUSDT,1775105100000,2026-04-02 04:45:00,2026-04-02 13:45:00,0.08975,0.08985,0.0897,0.08974,2433144,218469.55253
DOGEUSDT,1775105400000,2026-04-02 04:50:00,2026-04-02 13:50:00,0.08975,0.08976,0.08965,0.08968,2219738,199134.79706
DOGEUSDT,1775105700000,2026-04-02 04:55:00,2026-04-02 13:55:00,0.08968,0.0898,0.08963,0.08974,2639113,236807.93509
DOGEUSDT,1775106000000,2026-04-02 05:00:00,2026-04-02 14:00:00,0.08974,0.08981,0.08966,0.0897,3350372,300655.77606
DOGEUSDT,1775106300000,2026-04-02 05:05:00,2026-04-02 14:05:00,0.0897,0.08971,0.08922,0.08942,9207236,823585.94148
DOGEUSDT,1775106600000,2026-04-02 05:10:00,2026-04-02 14:10:00,0.08942,0.08955,0.08937,0.08949,3062688,273929.87672
DOGEUSDT,1775106900000,2026-04-02 05:15:00,2026-04-02 14:15:00,0.08949,0.08969,0.08941,0.08942,2141168,191719.25249
DOGEUSDT,1775107200000,2026-04-02 05:20:00,2026-04-02 14:20:00,0.08941,0.08961,0.08932,0.08959,3490952,312291.16056
DOGEUSDT,1775107500000,2026-04-02 05:25:00,2026-04-02 14:25:00,0.08958,0.08958,0.08944,0.08955,3026310,270846.11902
DOGEUSDT,1775107800000,2026-04-02 05:30:00,2026-04-02 14:30:00,0.08955,0.08964,0.08951,0.0896,1964285,175963.92913
DOGEUSDT,1775108100000,2026-04-02 05:35:00,2026-04-02 14:35:00,0.08959,0.08985,0.08959,0.08984,2116463,189875.69622
DOGEUSDT,1775108400000,2026-04-02 05:40:00,2026-04-02 14:40:00,0.08983,0.09,0.08978,0.08996,2528782,227338.00779
DOGEUSDT,1775108700000,2026-04-02 05:45:00,2026-04-02 14:45:00,0.08996,0.09,0.0899,0.08994,1689897,152002.53801
DOGEUSDT,1775109000000,2026-04-02 05:50:00,2026-04-02 14:50:00,0.08994,0.09009,0.08991,0.09003,1745388,157120.82867
DOGEUSDT,1775109300000,2026-04-02 05:55:00,2026-04-02 14:55:00,0.09003,0.09019,0.09003,0.0901,3382146,304774.18388
DOGEUSDT,1775109600000,2026-04-02 06:00:00,2026-04-02 15:00:00,0.0901,0.0901,0.08996,0.08996,1866866,168062.3799
DOGEUSDT,1775109900000,2026-04-02 06:05:00,2026-04-02 15:05:00,0.08996,0.09003,0.08993,0.08997,1426369,128330.27867
DOGEUSDT,1775110200000,2026-04-02 06:10:00,2026-04-02 15:10:00,0.08996,0.09001,0.08992,0.09,1274295,114648.24181
DOGEUSDT,1775110500000,2026-04-02 06:15:00,2026-04-02 15:15:00,0.09,0.09034,0.08999,0.09029,2617876,236043.46598
DOGEUSDT,1775110800000,2026-04-02 06:20:00,2026-04-02 15:20:00,0.09029,0.09032,0.09017,0.09024,2532851,228553.59931
DOGEUSDT,1775111100000,2026-04-02 06:25:00,2026-04-02 15:25:00,0.09023,0.09023,0.0901,0.0901,1467373,132315.03468
DOGEUSDT,1775111400000,2026-04-02 06:30:00,2026-04-02 15:30:00,0.0901,0.0901,0.08995,0.08999,3865000,347923.76279
DOGEUSDT,1775111700000,2026-04-02 06:35:00,2026-04-02 15:35:00,0.09,0.09,0.08989,0.08998,5519908,496469.0548
DOGEUSDT,1775112000000,2026-04-02 06:40:00,2026-04-02 15:40:00,0.08997,0.09001,0.08992,0.08998,974044,87632.54508
DOGEUSDT,1775112300000,2026-04-02 06:45:00,2026-04-02 15:45:00,0.08998,0.09013,0.08998,0.09009,752534,67791.76236
DOGEUSDT,1775112600000,2026-04-02 06:50:00,2026-04-02 15:50:00,0.09008,0.09012,0.09001,0.09001,1202626,108310.69238
DOGEUSDT,1775112900000,2026-04-02 06:55:00,2026-04-02 15:55:00,0.09001,0.09009,0.09001,0.09007,842827,75899.73143
DOGEUSDT,1775113200000,2026-04-02 07:00:00,2026-04-02 16:00:00,0.09006,0.09006,0.08996,0.08999,2552312,229719.49409
DOGEUSDT,1775113500000,2026-04-02 07:05:00,2026-04-02 16:05:00,0.08999,0.09012,0.08997,0.09002,2986186,268914.98798
DOGEUSDT,1775113800000,2026-04-02 07:10:00,2026-04-02 16:10:00,0.09001,0.09003,0.08988,0.08996,2987201,268692.49009
DOGEUSDT,1775114100000,2026-04-02 07:15:00,2026-04-02 16:15:00,0.08995,0.09023,0.08995,0.09015,2598654,234197.49768
DOGEUSDT,1775114400000,2026-04-02 07:20:00,2026-04-02 16:20:00,0.09015,0.09019,0.09006,0.09013,2385756,214971.82842
DOGEUSDT,1775114700000,2026-04-02 07:25:00,2026-04-02 16:25:00,0.09013,0.09017,0.09008,0.09008,1769511,159470.54767
DOGEUSDT,1775115000000,2026-04-02 07:30:00,2026-04-02 16:30:00,0.09008,0.0902,0.09001,0.09007,4106629,370036.94663
DOGEUSDT,1775115300000,2026-04-02 07:35:00,2026-04-02 16:35:00,0.09008,0.0902,0.09005,0.0901,2274948,205005.59641
DOGEUSDT,1775115600000,2026-04-02 07:40:00,2026-04-02 16:40:00,0.09011,0.0902,0.09011,0.09017,1972859,177887.62598
DOGEUSDT,1775115900000,2026-04-02 07:45:00,2026-04-02 16:45:00,0.09017,0.09031,0.09016,0.0902,8131330,733738.5195
DOGEUSDT,1775116200000,2026-04-02 07:50:00,2026-04-02 16:50:00,0.0902,0.09038,0.09011,0.0903,10537193,951015.61783
DOGEUSDT,1775116500000,2026-04-02 07:55:00,2026-04-02 16:55:00,0.0903,0.09033,0.09024,0.09025,1844156,166490.83512
DOGEUSDT,1775116800000,2026-04-02 08:00:00,2026-04-02 17:00:00,0.09025,0.09025,0.09007,0.09017,1305808,117725.53725
DOGEUSDT,1775117100000,2026-04-02 08:05:00,2026-04-02 17:05:00,0.09017,0.09022,0.09009,0.09015,1128321,101693.61969
DOGEUSDT,1775117400000,2026-04-02 08:10:00,2026-04-02 17:10:00,0.09015,0.0902,0.0901,0.09015,826376,74491.98136
DOGEUSDT,1775117700000,2026-04-02 08:15:00,2026-04-02 17:15:00,0.09015,0.09019,0.0901,0.09015,4941454,445366.19265
DOGEUSDT,1775118000000,2026-04-02 08:20:00,2026-04-02 17:20:00,0.09016,0.09018,0.09005,0.09011,698978,62991.68085
DOGEUSDT,1775118300000,2026-04-02 08:25:00,2026-04-02 17:25:00,0.0901,0.09023,0.0901,0.09022,964076,86941.13357
DOGEUSDT,1775118600000,2026-04-02 08:30:00,2026-04-02 17:30:00,0.09023,0.09031,0.09022,0.09029,481198,43430.6472
DOGEUSDT,1775118900000,2026-04-02 08:35:00,2026-04-02 17:35:00,0.09029,0.09029,0.0901,0.0901,2616694,236029.25954
DOGEUSDT,1775119200000,2026-04-02 08:40:00,2026-04-02 17:40:00,0.0901,0.09011,0.09002,0.09007,1300898,117164.75622
DOGEUSDT,1775119500000,2026-04-02 08:45:00,2026-04-02 17:45:00,0.09008,0.09016,0.09008,0.09013,1060602,95586.05275
DOGEUSDT,1775119800000,2026-04-02 08:50:00,2026-04-02 17:50:00,0.09013,0.09016,0.09011,0.09013,292785,26391.51659
DOGEUSDT,1775120100000,2026-04-02 08:55:00,2026-04-02 17:55:00,0.09012,0.09014,0.09007,0.09008,647275,58319.68436
DOGEUSDT,1775120400000,2026-04-02 09:00:00,2026-04-02 18:00:00,0.09008,0.09012,0.08995,0.0901,2132113,191945.82704
DOGEUSDT,1775120700000,2026-04-02 09:05:00,2026-04-02 18:05:00,0.0901,0.09016,0.08982,0.08986,4581998,412396.19021
DOGEUSDT,1775121000000,2026-04-02 09:10:00,2026-04-02 18:10:00,0.08986,0.09016,0.08981,0.09011,3478969,313114.72052
DOGEUSDT,1775121300000,2026-04-02 09:15:00,2026-04-02 18:15:00,0.09012,0.09017,0.08993,0.08993,2929770,263822.7248
DOGEUSDT,1775121600000,2026-04-02 09:20:00,2026-04-02 18:20:00,0.08993,0.09006,0.08993,0.08995,441875,39764.34642
DOGEUSDT,1775121900000,2026-04-02 09:25:00,2026-04-02 18:25:00,0.08996,0.09042,0.08996,0.09038,1990835,179684.94948
DOGEUSDT,1775122200000,2026-04-02 09:30:00,2026-04-02 18:30:00,0.09037,0.09051,0.09031,0.09038,1425844,128899.1985
DOGEUSDT,1775122500000,2026-04-02 09:35:00,2026-04-02 18:35:00,0.09038,0.09056,0.09038,0.09042,2249289,203508.41753
DOGEUSDT,1775122800000,2026-04-02 09:40:00,2026-04-02 18:40:00,0.09042,0.09049,0.09038,0.09045,903842,81750.61763
DOGEUSDT,1775123100000,2026-04-02 09:45:00,2026-04-02 18:45:00,0.09045,0.09048,0.09038,0.09045,559882,50626.33415
DOGEUSDT,1775123400000,2026-04-02 09:50:00,2026-04-02 18:50:00,0.09046,0.09048,0.09038,0.09038,960881,86917.9142
DOGEUSDT,1775123700000,2026-04-02 09:55:00,2026-04-02 18:55:00,0.09038,0.09042,0.09024,0.09024,835178,75414.64199
DOGEUSDT,1775124000000,2026-04-02 10:00:00,2026-04-02 19:00:00,0.09023,0.09023,0.09002,0.09003,2017174,181805.98179
DOGEUSDT,1775124300000,2026-04-02 10:05:00,2026-04-02 19:05:00,0.09002,0.09013,0.08993,0.09001,2581784,232370.20229
DOGEUSDT,1775124600000,2026-04-02 10:10:00,2026-04-02 19:10:00,0.09001,0.09003,0.08973,0.0899,2203170,198008.09547
DOGEUSDT,1775124900000,2026-04-02 10:15:00,2026-04-02 19:15:00,0.0899,0.09002,0.08986,0.08996,4983381,448250.09515
DOGEUSDT,1775125200000,2026-04-02 10:20:00,2026-04-02 19:20:00,0.08997,0.09009,0.08994,0.09005,1695528,152652.34968
DOGEUSDT,1775125500000,2026-04-02 10:25:00,2026-04-02 19:25:00,0.09005,0.0901,0.09003,0.09003,700212,63073.61557
DOGEUSDT,1775125800000,2026-04-02 10:30:00,2026-04-02 19:30:00,0.09003,0.0901,0.08995,0.09003,977788,88014.55807
DOGEUSDT,1775126100000,2026-04-02 10:35:00,2026-04-02 19:35:00,0.09002,0.09003,0.08981,0.08983,1198952,107834.90294
DOGEUSDT,1775126400000,2026-04-02 10:40:00,2026-04-02 19:40:00,0.08983,0.0901,0.08983,0.09002,845970,76144.04291
DOGEUSDT,1775126700000,2026-04-02 10:45:00,2026-04-02 19:45:00,0.09002,0.09004,0.08994,0.08995,1021511,91931.73243
DOGEUSDT,1775127000000,2026-04-02 10:50:00,2026-04-02 19:50:00,0.08996,0.09002,0.08989,0.08997,678769,61065.76414
DOGEUSDT,1775127300000,2026-04-02 10:55:00,2026-04-02 19:55:00,0.08998,0.09003,0.08988,0.0899,743436,66873.57466
DOGEUSDT,1775127600000,2026-04-02 11:00:00,2026-04-02 20:00:00,0.08991,0.08997,0.08987,0.08995,782109,70333.53594
DOGEUSDT,1775127900000,2026-04-02 11:05:00,2026-04-02 20:05:00,0.08996,0.08998,0.08986,0.08987,1431435,128700.49852
DOGEUSDT,1775128200000,2026-04-02 11:10:00,2026-04-02 20:10:00,0.08987,0.08993,0.08968,0.08973,2010838,180528.08592
DOGEUSDT,1775128500000,2026-04-02 11:15:00,2026-04-02 20:15:00,0.08972,0.08994,0.08949,0.08985,8066902,723029.03694
DOGEUSDT,1775128800000,2026-04-02 11:20:00,2026-04-02 20:20:00,0.08985,0.09004,0.08984,0.08996,1801214,162086.87419
DOGEUSDT,1775129100000,2026-04-02 11:25:00,2026-04-02 20:25:00,0.08996,0.09004,0.08993,0.08999,424009,38153.2944
DOGEUSDT,1775129400000,2026-04-02 11:30:00,2026-04-02 20:30:00,0.09,0.09001,0.08995,0.08995,619896,55777.54105
DOGEUSDT,1775129700000,2026-04-02 11:35:00,2026-04-02 20:35:00,0.08996,0.08999,0.08984,0.0899,1224092,110057.8837
DOGEUSDT,1775130000000,2026-04-02 11:40:00,2026-04-02 20:40:00,0.0899,0.08997,0.08984,0.08996,424878,38189.7604
DOGEUSDT,1775130300000,2026-04-02 11:45:00,2026-04-02 20:45:00,0.08996,0.09001,0.08991,0.09,775591,69774.97549
DOGEUSDT,1775130600000,2026-04-02 11:50:00,2026-04-02 20:50:00,0.09001,0.09008,0.08997,0.09004,1070281,96372.34224
DOGEUSDT,1775130900000,2026-04-02 11:55:00,2026-04-02 20:55:00,0.09004,0.09006,0.08991,0.08997,729116,65601.66023
DOGEUSDT,1775131200000,2026-04-02 12:00:00,2026-04-02 21:00:00,0.08997,0.08998,0.08975,0.08986,1457201,130962.0259
DOGEUSDT,1775131500000,2026-04-02 12:05:00,2026-04-02 21:05:00,0.08985,0.08996,0.0897,0.08981,816745,73351.33396
DOGEUSDT,1775131800000,2026-04-02 12:10:00,2026-04-02 21:10:00,0.08982,0.08993,0.08975,0.0899,2564408,230494.39935
DOGEUSDT,1775132100000,2026-04-02 12:15:00,2026-04-02 21:15:00,0.0899,0.08992,0.08974,0.08975,1445338,129780.68674
DOGEUSDT,1775132400000,2026-04-02 12:20:00,2026-04-02 21:20:00,0.08975,0.09,0.0897,0.08996,1916248,172103.79288
DOGEUSDT,1775132700000,2026-04-02 12:25:00,2026-04-02 21:25:00,0.08996,0.08996,0.08988,0.08994,1178935,106022.42659
DOGEUSDT,1775133000000,2026-04-02 12:30:00,2026-04-02 21:30:00,0.08993,0.08994,0.08978,0.08981,928485,83432.99523
DOGEUSDT,1775133300000,2026-04-02 12:35:00,2026-04-02 21:35:00,0.08981,0.08987,0.08974,0.08981,678770,60953.54476
DOGEUSDT,1775133600000,2026-04-02 12:40:00,2026-04-02 21:40:00,0.08981,0.08987,0.08977,0.08982,950036,85339.58876
DOGEUSDT,1775133900000,2026-04-02 12:45:00,2026-04-02 21:45:00,0.08982,0.08989,0.08943,0.08951,3129976,280465.4809
DOGEUSDT,1775134200000,2026-04-02 12:50:00,2026-04-02 21:50:00,0.08951,0.08959,0.08943,0.08947,2865690,256551.64173
DOGEUSDT,1775134500000,2026-04-02 12:55:00,2026-04-02 21:55:00,0.08946,0.08949,0.08932,0.08939,2821848,252243.55475
DOGEUSDT,1775134800000,2026-04-02 13:00:00,2026-04-02 22:00:00,0.0894,0.0895,0.08925,0.08944,2213362,197900.29299
DOGEUSDT,1775135100000,2026-04-02 13:05:00,2026-04-02 22:05:00,0.08944,0.08955,0.08926,0.08937,2075960,185591.87471
DOGEUSDT,1775135400000,2026-04-02 13:10:00,2026-04-02 22:10:00,0.08938,0.08939,0.08918,0.08922,3092124,276006.43041
DOGEUSDT,1775135700000,2026-04-02 13:15:00,2026-04-02 22:15:00,0.08922,0.08938,0.08916,0.0893,2184205,195012.11348
DOGEUSDT,1775136000000,2026-04-02 13:20:00,2026-04-02 22:20:00,0.0893,0.08943,0.08929,0.08942,1779561,159008.87301
DOGEUSDT,1775136300000,2026-04-02 13:25:00,2026-04-02 22:25:00,0.08942,0.08963,0.0894,0.08955,1161836,103995.90422
DOGEUSDT,1775136600000,2026-04-02 13:30:00,2026-04-02 22:30:00,0.08954,0.08966,0.08936,0.0894,2920396,261394.52252
DOGEUSDT,1775136900000,2026-04-02 13:35:00,2026-04-02 22:35:00,0.0894,0.0894,0.08909,0.0891,2508243,223755.62885
DOGEUSDT,1775137200000,2026-04-02 13:40:00,2026-04-02 22:40:00,0.08909,0.08933,0.08899,0.08929,5551898,494784.23648
DOGEUSDT,1775137500000,2026-04-02 13:45:00,2026-04-02 22:45:00,0.08928,0.08954,0.08924,0.08947,1594399,142470.48385
DOGEUSDT,1775137800000,2026-04-02 13:50:00,2026-04-02 22:50:00,0.08947,0.08969,0.08943,0.08956,1687945,151198.9307
DOGEUSDT,1775138100000,2026-04-02 13:55:00,2026-04-02 22:55:00,0.08956,0.08983,0.08953,0.08978,2010877,180431.15268
DOGEUSDT,1775138400000,2026-04-02 14:00:00,2026-04-02 23:00:00,0.08979,0.08985,0.08958,0.08973,1542004,138380.57834
DOGEUSDT,1775138700000,2026-04-02 14:05:00,2026-04-02 23:05:00,0.08974,0.08999,0.08968,0.08978,1944888,174682.24682
DOGEUSDT,1775139000000,2026-04-02 14:10:00,2026-04-02 23:10:00,0.08977,0.08997,0.08972,0.08992,1292988,116221.70257
DOGEUSDT,1775139300000,2026-04-02 14:15:00,2026-04-02 23:15:00,0.08991,0.08994,0.08958,0.08972,4802629,431014.34081
DOGEUSDT,1775139600000,2026-04-02 14:20:00,2026-04-02 23:20:00,0.08973,0.09008,0.08964,0.08999,2555841,229662.58067
DOGEUSDT,1775139900000,2026-04-02 14:25:00,2026-04-02 23:25:00,0.08999,0.08999,0.08969,0.08972,1182279,106196.85004
DOGEUSDT,1775140200000,2026-04-02 14:30:00,2026-04-02 23:30:00,0.08973,0.09029,0.08971,0.09018,2524652,227549.32254
DOGEUSDT,1775140500000,2026-04-02 14:35:00,2026-04-02 23:35:00,0.09019,0.0912,0.09019,0.09074,19947946,1811748.11473
DOGEUSDT,1775140800000,2026-04-02 14:40:00,2026-04-02 23:40:00,0.09073,0.09099,0.09056,0.09097,4008227,363882.33191
DOGEUSDT,1775141100000,2026-04-02 14:45:00,2026-04-02 23:45:00,0.09098,0.09103,0.09036,0.09043,3388370,307046.68139
DOGEUSDT,1775141400000,2026-04-02 14:50:00,2026-04-02 23:50:00,0.09042,0.09063,0.09032,0.0906,2159633,195264.20447
DOGEUSDT,1775141700000,2026-04-02 14:55:00,2026-04-02 23:55:00,0.09059,0.09087,0.09057,0.09062,2589038,234922.32028
DOGEUSDT,1775142000000,2026-04-02 15:00:00,2026-04-03 00:00:00,0.09061,0.09075,0.09049,0.09071,2394792,216924.51379
DOGEUSDT,1775142300000,2026-04-02 15:05:00,2026-04-03 00:05:00,0.09071,0.09072,0.09051,0.09056,669966,60702.28573
DOGEUSDT,1775142600000,2026-04-02 15:10:00,2026-04-03 00:10:00,0.09057,0.09071,0.09048,0.09053,1310596,118763.22315
DOGEUSDT,1775142900000,2026-04-02 15:15:00,2026-04-03 00:15:00,0.09053,0.09053,0.09035,0.09039,841973,76132.6663
DOGEUSDT,1775143200000,2026-04-02 15:20:00,2026-04-03 00:20:00,0.09039,0.09039,0.09005,0.0902,5118045,461387.52976
DOGEUSDT,1775143500000,2026-04-02 15:25:00,2026-04-03 00:25:00,0.0902,0.09029,0.09009,0.09024,1833434,165429.04267
DOGEUSDT,1775143800000,2026-04-02 15:30:00,2026-04-03 00:30:00,0.09024,0.0903,0.09021,0.09028,979543,88395.74272
DOGEUSDT,1775144100000,2026-04-02 15:35:00,2026-04-03 00:35:00,0.09029,0.0906,0.09029,0.09048,1043274,94368.94272
DOGEUSDT,1775144400000,2026-04-02 15:40:00,2026-04-03 00:40:00,0.09047,0.09052,0.09027,0.09052,1656082,149705.15646
DOGEUSDT,1775144700000,2026-04-02 15:45:00,2026-04-03 00:45:00,0.09051,0.09053,0.09032,0.09034,1055387,95423.7274
DOGEUSDT,1775145000000,2026-04-02 15:50:00,2026-04-03 00:50:00,0.09033,0.09034,0.09023,0.09033,599378,54114.97254
DOGEUSDT,1775145300000,2026-04-02 15:55:00,2026-04-03 00:55:00,0.09034,0.09039,0.09024,0.09033,595813,53817.46432
DOGEUSDT,1775145600000,2026-04-02 16:00:00,2026-04-03 01:00:00,0.09033,0.09033,0.09013,0.09015,1082406,97634.41116
DOGEUSDT,1775145900000,2026-04-02 16:05:00,2026-04-03 01:05:00,0.09016,0.09048,0.09016,0.09046,983395,88762.548
DOGEUSDT,1775146200000,2026-04-02 16:10:00,2026-04-03 01:10:00,0.09046,0.09047,0.09027,0.09029,818567,73983.89623
DOGEUSDT,1775146500000,2026-04-02 16:15:00,2026-04-03 01:15:00,0.0903,0.0903,0.09019,0.09019,566867,51156.32852
DOGEUSDT,1775146800000,2026-04-02 16:20:00,2026-04-03 01:20:00,0.09019,0.09019,0.09002,0.09011,1109566,99962.83073
DOGEUSDT,1775147100000,2026-04-02 16:25:00,2026-04-03 01:25:00,0.0901,0.09024,0.09004,0.09018,550412,49596.16016
DOGEUSDT,1775147400000,2026-04-02 16:30:00,2026-04-03 01:30:00,0.09017,0.09046,0.0901,0.09043,1066364,96314.2331
DOGEUSDT,1775147700000,2026-04-02 16:35:00,2026-04-03 01:35:00,0.09043,0.09058,0.09032,0.09051,1013941,91734.61632
DOGEUSDT,1775148000000,2026-04-02 16:40:00,2026-04-03 01:40:00,0.09051,0.09083,0.09049,0.09058,3812035,345655.60617
DOGEUSDT,1775148300000,2026-04-02 16:45:00,2026-04-03 01:45:00,0.09058,0.09061,0.09035,0.09035,1032084,93372.20986
DOGEUSDT,1775148600000,2026-04-02 16:50:00,2026-04-03 01:50:00,0.09035,0.09038,0.09016,0.09028,2167678,195692.22883
DOGEUSDT,1775148900000,2026-04-02 16:55:00,2026-04-03 01:55:00,0.09028,0.09029,0.09013,0.09013,1649416,148820.45277
DOGEUSDT,1775149200000,2026-04-02 17:00:00,2026-04-03 02:00:00,0.09013,0.09015,0.09001,0.09012,1268329,114245.18458
DOGEUSDT,1775149500000,2026-04-02 17:05:00,2026-04-03 02:05:00,0.09011,0.09036,0.09003,0.09035,864304,77905.47514
DOGEUSDT,1775149800000,2026-04-02 17:10:00,2026-04-03 02:10:00,0.09034,0.09056,0.0903,0.0905,1036674,93760.47842
DOGEUSDT,1775150100000,2026-04-02 17:15:00,2026-04-03 02:15:00,0.09051,0.09079,0.09041,0.09067,2262660,205044.17909
DOGEUSDT,1775150400000,2026-04-02 17:20:00,2026-04-03 02:20:00,0.09067,0.09075,0.09061,0.09072,610178,55334.73374
DOGEUSDT,1775150700000,2026-04-02 17:25:00,2026-04-03 02:25:00,0.09071,0.09071,0.09063,0.09064,648921,58835.79828
DOGEUSDT,1775151000000,2026-04-02 17:30:00,2026-04-03 02:30:00,0.09064,0.09064,0.09031,0.09031,1107420,100127.42451
DOGEUSDT,1775151300000,2026-04-02 17:35:00,2026-04-03 02:35:00,0.0903,0.09043,0.09022,0.09028,1237887,111777.73595
DOGEUSDT,1775151600000,2026-04-02 17:40:00,2026-04-03 02:40:00,0.09028,0.09038,0.09022,0.09035,2929357,264530.43367
DOGEUSDT,1775151900000,2026-04-02 17:45:00,2026-04-03 02:45:00,0.09035,0.09035,0.09003,0.09007,2291224,206508.00555
DOGEUSDT,1775152200000,2026-04-02 17:50:00,2026-04-03 02:50:00,0.09008,0.09013,0.08983,0.08987,3005936,270347.45837
DOGEUSDT,1775152500000,2026-04-02 17:55:00,2026-04-03 02:55:00,0.08987,0.0899,0.0897,0.08975,3902895,350483.42548
DOGEUSDT,1775152800000,2026-04-02 18:00:00,2026-04-03 03:00:00,0.08975,0.08988,0.08975,0.08987,803851,72197.70804
DOGEUSDT,1775153100000,2026-04-02 18:05:00,2026-04-03 03:05:00,0.08987,0.08992,0.08964,0.08969,888260,79707.39025
DOGEUSDT,1775153400000,2026-04-02 18:10:00,2026-04-03 03:10:00,0.08969,0.0899,0.08969,0.08979,2517789,226166.23777
DOGEUSDT,1775153700000,2026-04-02 18:15:00,2026-04-03 03:15:00,0.0898,0.08985,0.08968,0.08982,361283,32438.19988
DOGEUSDT,1775154000000,2026-04-02 18:20:00,2026-04-03 03:20:00,0.08982,0.0899,0.0898,0.0898,276003,24801.74354
DOGEUSDT,1775154300000,2026-04-02 18:25:00,2026-04-03 03:25:00,0.0898,0.08985,0.08971,0.08971,2661344,238919.82949
DOGEUSDT,1775154600000,2026-04-02 18:30:00,2026-04-03 03:30:00,0.08972,0.08978,0.08972,0.08974,359800,32290.71752
DOGEUSDT,1775154900000,2026-04-02 18:35:00,2026-04-03 03:35:00,0.08974,0.08986,0.08972,0.08983,297846,26745.89446
DOGEUSDT,1775155200000,2026-04-02 18:40:00,2026-04-03 03:40:00,0.08983,0.09,0.08982,0.08999,930463,83708.32557
DOGEUSDT,1775155500000,2026-04-02 18:45:00,2026-04-03 03:45:00,0.09,0.09019,0.08999,0.09008,718376,64737.43002
DOGEUSDT,1775155800000,2026-04-02 18:50:00,2026-04-03 03:50:00,0.09007,0.09036,0.09007,0.09028,747794,67494.05948
DOGEUSDT,1775156100000,2026-04-02 18:55:00,2026-04-03 03:55:00,0.09028,0.09028,0.09016,0.09018,302484,27285.39474
DOGEUSDT,1775156400000,2026-04-02 19:00:00,2026-04-03 04:00:00,0.09018,0.09019,0.09,0.09001,565784,50974.13504
DOGEUSDT,1775156700000,2026-04-02 19:05:00,2026-04-03 04:05:00,0.09001,0.09005,0.08997,0.08999,405877,36533.93619
DOGEUSDT,1775157000000,2026-04-02 19:10:00,2026-04-03 04:10:00,0.09,0.09012,0.09,0.09005,311171,28018.18746
DOGEUSDT,1775157300000,2026-04-02 19:15:00,2026-04-03 04:15:00,0.09005,0.09012,0.08997,0.09012,131683,11854.94003
DOGEUSDT,1775157600000,2026-04-02 19:20:00,2026-04-03 04:20:00,0.09011,0.09017,0.08996,0.09013,306460,27600.30761
DOGEUSDT,1775157900000,2026-04-02 19:25:00,2026-04-03 04:25:00,0.09013,0.09021,0.09011,0.09016,2041562,184034.58876
DOGEUSDT,1775158200000,2026-04-02 19:30:00,2026-04-03 04:30:00,0.09015,0.09017,0.08995,0.09006,475459,42814.95467
DOGEUSDT,1775158500000,2026-04-02 19:35:00,2026-04-03 04:35:00,0.09007,0.09014,0.09003,0.09013,214838,19355.80549
DOGEUSDT,1775158800000,2026-04-02 19:40:00,2026-04-03 04:40:00,0.09013,0.09021,0.09008,0.09012,518576,46743.16421
DOGEUSDT,1775159100000,2026-04-02 19:45:00,2026-04-03 04:45:00,0.09013,0.09024,0.0901,0.09021,230969,20829.48616
DOGEUSDT,1775159400000,2026-04-02 19:50:00,2026-04-03 04:50:00,0.09022,0.09029,0.09019,0.09025,333569,30103.12018
DOGEUSDT,1775159700000,2026-04-02 19:55:00,2026-04-03 04:55:00,0.09025,0.09032,0.09023,0.0903,434230,39206.21282
DOGEUSDT,1775160000000,2026-04-02 20:00:00,2026-04-03 05:00:00,0.09029,0.0903,0.09009,0.09018,767413,69186.38937
DOGEUSDT,1775160300000,2026-04-02 20:05:00,2026-04-03 05:05:00,0.09018,0.09043,0.09018,0.09032,843122,76166.44321
DOGEUSDT,1775160600000,2026-04-02 20:10:00,2026-04-03 05:10:00,0.09033,0.09043,0.09022,0.09022,366999,33159.52796
DOGEUSDT,1775160900000,2026-04-02 20:15:00,2026-04-03 05:15:00,0.09022,0.09044,0.09018,0.09044,2440432,220197.4085
DOGEUSDT,1775161200000,2026-04-02 20:20:00,2026-04-03 05:20:00,0.09043,0.09044,0.09021,0.09024,286652,25890.42551
DOGEUSDT,1775161500000,2026-04-02 20:25:00,2026-04-03 05:25:00,0.09024,0.0905,0.09024,0.09047,781447,70598.27444
DOGEUSDT,1775161800000,2026-04-02 20:30:00,2026-04-03 05:30:00,0.09047,0.0905,0.0904,0.09048,367332,33228.06582
DOGEUSDT,1775162100000,2026-04-02 20:35:00,2026-04-03 05:35:00,0.09049,0.09068,0.09046,0.09067,731066,66221.73893
DOGEUSDT,1775162400000,2026-04-02 20:40:00,2026-04-03 05:40:00,0.09068,0.09072,0.09058,0.09065,1751964,158835.43239
DOGEUSDT,1775162700000,2026-04-02 20:45:00,2026-04-03 05:45:00,0.09065,0.09067,0.09057,0.0906,567941,51473.64223
DOGEUSDT,1775163000000,2026-04-02 20:50:00,2026-04-03 05:50:00,0.0906,0.09064,0.09059,0.0906,261311,23678.63469
DOGEUSDT,1775163300000,2026-04-02 20:55:00,2026-04-03 05:55:00,0.0906,0.09064,0.09057,0.09062,428416,38815.99937
DOGEUSDT,1775163600000,2026-04-02 21:00:00,2026-04-03 06:00:00,0.09062,0.09067,0.09044,0.09048,387860,35126.12971
DOGEUSDT,1775163900000,2026-04-02 21:05:00,2026-04-03 06:05:00,0.09048,0.09056,0.09047,0.0905,514527,46580.41994
DOGEUSDT,1775164200000,2026-04-02 21:10:00,2026-04-03 06:10:00,0.0905,0.09051,0.09025,0.09039,1237186,111809.06246
DOGEUSDT,1775164500000,2026-04-02 21:15:00,2026-04-03 06:15:00,0.0904,0.09054,0.09033,0.0905,262324,23722.19503
DOGEUSDT,1775164800000,2026-04-02 21:20:00,2026-04-03 06:20:00,0.09049,0.09054,0.09036,0.09038,377027,34105.27621
DOGEUSDT,1775165100000,2026-04-02 21:25:00,2026-04-03 06:25:00,0.09037,0.09048,0.09037,0.09041,168322,15218.90324
DOGEUSDT,1775165400000,2026-04-02 21:30:00,2026-04-03 06:30:00,0.09042,0.09051,0.09041,0.09044,398823,36075.85442
DOGEUSDT,1775165700000,2026-04-02 21:35:00,2026-04-03 06:35:00,0.09044,0.09049,0.09039,0.09046,275114,24880.10628
DOGEUSDT,1775166000000,2026-04-02 21:40:00,2026-04-03 06:40:00,0.09045,0.09045,0.09028,0.09033,746924,67499.74947
DOGEUSDT,1775166300000,2026-04-02 21:45:00,2026-04-03 06:45:00,0.09032,0.09039,0.09031,0.09033,174407,15755.87209
DOGEUSDT,1775166600000,2026-04-02 21:50:00,2026-04-03 06:50:00,0.09034,0.09053,0.09034,0.0905,159537,14432.13044
DOGEUSDT,1775166900000,2026-04-02 21:55:00,2026-04-03 06:55:00,0.0905,0.09054,0.09046,0.0905,377036,34117.86462
DOGEUSDT,1775167200000,2026-04-02 22:00:00,2026-04-03 07:00:00,0.09049,0.09062,0.09038,0.09055,1467362,132774.05422
DOGEUSDT,1775167500000,2026-04-02 22:05:00,2026-04-03 07:05:00,0.09056,0.0906,0.09044,0.09052,738213,66833.29825
DOGEUSDT,1775167800000,2026-04-02 22:10:00,2026-04-03 07:10:00,0.09051,0.09052,0.09038,0.09043,681427,61628.02398
DOGEUSDT,1775168100000,2026-04-02 22:15:00,2026-04-03 07:15:00,0.09044,0.09052,0.09043,0.09044,360331,32593.43749
DOGEUSDT,1775168400000,2026-04-02 22:20:00,2026-04-03 07:20:00,0.09044,0.09051,0.09038,0.0904,407594,36868.6703
DOGEUSDT,1775168700000,2026-04-02 22:25:00,2026-04-03 07:25:00,0.09039,0.09039,0.0902,0.09032,1001634,90434.38286
DOGEUSDT,1775169000000,2026-04-02 22:30:00,2026-04-03 07:30:00,0.09033,0.09046,0.09033,0.09043,232531,21025.89663
DOGEUSDT,1775169300000,2026-04-02 22:35:00,2026-04-03 07:35:00,0.09043,0.09047,0.09039,0.09046,274975,24872.7645
DOGEUSDT,1775169600000,2026-04-02 22:40:00,2026-04-03 07:40:00,0.09047,0.09052,0.09045,0.09051,218034,19727.39693
DOGEUSDT,1775169900000,2026-04-02 22:45:00,2026-04-03 07:45:00,0.09051,0.09051,0.09041,0.09044,277027,25053.46025
DOGEUSDT,1775170200000,2026-04-02 22:50:00,2026-04-03 07:50:00,0.09045,0.09053,0.09045,0.09048,189888,17181.13217
DOGEUSDT,1775170500000,2026-04-02 22:55:00,2026-04-03 07:55:00,0.09047,0.09051,0.09041,0.09042,227358,20568.47637
DOGEUSDT,1775170800000,2026-04-02 23:00:00,2026-04-03 08:00:00,0.09043,0.09043,0.09035,0.09043,524143,47376.80086
DOGEUSDT,1775171100000,2026-04-02 23:05:00,2026-04-03 08:05:00,0.09043,0.09045,0.09027,0.09034,477298,43137.51349
DOGEUSDT,1775171400000,2026-04-02 23:10:00,2026-04-03 08:10:00,0.09034,0.09035,0.0902,0.09026,311080,28078.82136
DOGEUSDT,1775171700000,2026-04-02 23:15:00,2026-04-03 08:15:00,0.09027,0.09039,0.09026,0.09031,493664,44592.87228
DOGEUSDT,1775172000000,2026-04-02 23:20:00,2026-04-03 08:20:00,0.09032,0.09047,0.09031,0.09043,440458,39821.8047
DOGEUSDT,1775172300000,2026-04-02 23:25:00,2026-04-03 08:25:00,0.09042,0.09042,0.09029,0.09032,645181,58289.38031
DOGEUSDT,1775172600000,2026-04-02 23:30:00,2026-04-03 08:30:00,0.09032,0.09041,0.09026,0.09041,387288,34984.47319
DOGEUSDT,1775172900000,2026-04-02 23:35:00,2026-04-03 08:35:00,0.0904,0.0904,0.09032,0.09034,177494,16039.50107
DOGEUSDT,1775173200000,2026-04-02 23:40:00,2026-04-03 08:40:00,0.09035,0.09044,0.09034,0.09039,249256,22535.39414
DOGEUSDT,1775173500000,2026-04-02 23:45:00,2026-04-03 08:45:00,0.09039,0.09039,0.09028,0.09035,293834,26543.50712
DOGEUSDT,1775173800000,2026-04-02 23:50:00,2026-04-03 08:50:00,0.09035,0.09039,0.09031,0.09039,231773,20941.06954
DOGEUSDT,1775174100000,2026-04-02 23:55:00,2026-04-03 08:55:00,0.0904,0.09043,0.09038,0.0904,313026,28297.4484
DOGEUSDT,1775174400000,2026-04-03 00:00:00,2026-04-03 09:00:00,0.0904,0.09053,0.0904,0.0905,337823,30566.79561
DOGEUSDT,1775174700000,2026-04-03 00:05:00,2026-04-03 09:05:00,0.09051,0.09051,0.09038,0.09049,461866,41776.13591
DOGEUSDT,1775175000000,2026-04-03 00:10:00,2026-04-03 09:10:00,0.09048,0.09053,0.09041,0.09053,233644,21139.33598
DOGEUSDT,1775175300000,2026-04-03 00:15:00,2026-04-03 09:15:00,0.09052,0.09052,0.0904,0.09046,205683,18604.32147
DOGEUSDT,1775175600000,2026-04-03 00:20:00,2026-04-03 09:20:00,0.09046,0.09054,0.09043,0.09052,397856,36006.98032
DOGEUSDT,1775175900000,2026-04-03 00:25:00,2026-04-03 09:25:00,0.09051,0.09051,0.09032,0.09035,242577,21932.37608
DOGEUSDT,1775176200000,2026-04-03 00:30:00,2026-04-03 09:30:00,0.09034,0.09036,0.09029,0.09036,331971,29985.9843
DOGEUSDT,1775176500000,2026-04-03 00:35:00,2026-04-03 09:35:00,0.09037,0.09045,0.09035,0.09035,372193,33649.8404
DOGEUSDT,1775176800000,2026-04-03 00:40:00,2026-04-03 09:40:00,0.09035,0.09038,0.09021,0.09032,1599241,144444.99129
DOGEUSDT,1775177100000,2026-04-03 00:45:00,2026-04-03 09:45:00,0.09032,0.09032,0.09021,0.09027,381006,34387.58164
DOGEUSDT,1775177400000,2026-04-03 00:50:00,2026-04-03 09:50:00,0.09028,0.09031,0.09019,0.09021,340717,30743.97927
DOGEUSDT,1775177700000,2026-04-03 00:55:00,2026-04-03 09:55:00,0.0902,0.09029,0.09019,0.09028,690381,62296.9285
DOGEUSDT,1775178000000,2026-04-03 01:00:00,2026-04-03 10:00:00,0.09027,0.09037,0.09023,0.0903,688308,62141.33768
DOGEUSDT,1775178300000,2026-04-03 01:05:00,2026-04-03 10:05:00,0.0903,0.09039,0.09026,0.09032,598699,54076.69912
DOGEUSDT,1775178600000,2026-04-03 01:10:00,2026-04-03 10:10:00,0.09032,0.09039,0.09025,0.09037,623433,56296.97283
DOGEUSDT,1775178900000,2026-04-03 01:15:00,2026-04-03 10:15:00,0.09037,0.09037,0.09025,0.09026,1283760,115928.56642
DOGEUSDT,1775179200000,2026-04-03 01:20:00,2026-04-03 10:20:00,0.09027,0.09049,0.09024,0.09048,1053125,95120.05088
DOGEUSDT,1775179500000,2026-04-03 01:25:00,2026-04-03 10:25:00,0.09048,0.09065,0.09048,0.0906,1521104,137740.72449
DOGEUSDT,1775179800000,2026-04-03 01:30:00,2026-04-03 10:30:00,0.09061,0.09077,0.09059,0.09061,2074101,188074.58653
DOGEUSDT,1775180100000,2026-04-03 01:35:00,2026-04-03 10:35:00,0.09061,0.09061,0.09019,0.09028,2688309,242738.16788
DOGEUSDT,1775180400000,2026-04-03 01:40:00,2026-04-03 10:40:00,0.09028,0.09044,0.09028,0.09036,1010909,91379.58259
DOGEUSDT,1775180700000,2026-04-03 01:45:00,2026-04-03 10:45:00,0.09036,0.09042,0.09011,0.09029,3712550,334927.60937
DOGEUSDT,1775181000000,2026-04-03 01:50:00,2026-04-03 10:50:00,0.09029,0.09034,0.09023,0.0903,794394,71705.27998
DOGEUSDT,1775181300000,2026-04-03 01:55:00,2026-04-03 10:55:00,0.0903,0.09034,0.09025,0.09029,342973,30969.54195
DOGEUSDT,1775181600000,2026-04-03 02:00:00,2026-04-03 11:00:00,0.09029,0.09029,0.09004,0.09005,843481,76017.17422
DOGEUSDT,1775181900000,2026-04-03 02:05:00,2026-04-03 11:05:00,0.09005,0.09009,0.09,0.09,842077,75812.90481
DOGEUSDT,1775182200000,2026-04-03 02:10:00,2026-04-03 11:10:00,0.09,0.09026,0.08992,0.09019,3844918,346058.52257
DOGEUSDT,1775182500000,2026-04-03 02:15:00,2026-04-03 11:15:00,0.0902,0.09068,0.0902,0.09067,3064396,277424.67147
DOGEUSDT,1775182800000,2026-04-03 02:20:00,2026-04-03 11:20:00,0.09068,0.09068,0.09034,0.09047,1216049,110071.94631
DOGEUSDT,1775183100000,2026-04-03 02:25:00,2026-04-03 11:25:00,0.09046,0.09051,0.09026,0.09028,422630,38195.42788
DOGEUSDT,1775183400000,2026-04-03 02:30:00,2026-04-03 11:30:00,0.09028,0.09032,0.09008,0.09026,1035009,93373.12443
DOGEUSDT,1775183700000,2026-04-03 02:35:00,2026-04-03 11:35:00,0.09026,0.09032,0.09005,0.09006,647851,58406.20404
DOGEUSDT,1775184000000,2026-04-03 02:40:00,2026-04-03 11:40:00,0.09007,0.09014,0.09,0.09006,634264,57137.02858
DOGEUSDT,1775184300000,2026-04-03 02:45:00,2026-04-03 11:45:00,0.09006,0.09015,0.09004,0.09009,1760767,158634.55639
DOGEUSDT,1775184600000,2026-04-03 02:50:00,2026-04-03 11:50:00,0.09009,0.09035,0.09008,0.09027,1295636,116877.85266
DOGEUSDT,1775184900000,2026-04-03 02:55:00,2026-04-03 11:55:00,0.09027,0.09041,0.09021,0.09038,1177529,106329.58273
DOGEUSDT,1775185200000,2026-04-03 03:00:00,2026-04-03 12:00:00,0.09037,0.0904,0.09018,0.09019,1634132,147566.32602
DOGEUSDT,1775185500000,2026-04-03 03:05:00,2026-04-03 12:05:00,0.0902,0.09036,0.09016,0.0903,317784,28684.83382
DOGEUSDT,1775185800000,2026-04-03 03:10:00,2026-04-03 12:10:00,0.09029,0.09036,0.0902,0.09034,1001270,90410.97277
DOGEUSDT,1775186100000,2026-04-03 03:15:00,2026-04-03 12:15:00,0.09034,0.09039,0.09027,0.09029,839809,75862.81548
DOGEUSDT,1775186400000,2026-04-03 03:20:00,2026-04-03 12:20:00,0.09029,0.0905,0.09029,0.0905,279957,25311.91577
DOGEUSDT,1775186700000,2026-04-03 03:25:00,2026-04-03 12:25:00,0.0905,0.09054,0.09034,0.09038,309283,27982.06543
DOGEUSDT,1775187000000,2026-04-03 03:30:00,2026-04-03 12:30:00,0.09039,0.09056,0.09032,0.09053,1246471,112818.82339
DOGEUSDT,1775187300000,2026-04-03 03:35:00,2026-04-03 12:35:00,0.09054,0.09056,0.09044,0.09054,773556,70004.0156
DOGEUSDT,1775187600000,2026-04-03 03:40:00,2026-04-03 12:40:00,0.09054,0.09054,0.09039,0.09052,939596,85002.78463
DOGEUSDT,1775187900000,2026-04-03 03:45:00,2026-04-03 12:45:00,0.09051,0.09056,0.0905,0.09053,384394,34798.66886
DOGEUSDT,1775188200000,2026-04-03 03:50:00,2026-04-03 12:50:00,0.09054,0.09066,0.09054,0.09057,1866588,169141.44871
DOGEUSDT,1775188500000,2026-04-03 03:55:00,2026-04-03 12:55:00,0.09058,0.09066,0.09054,0.0906,531337,48129.96069
DOGEUSDT,1775188800000,2026-04-03 04:00:00,2026-04-03 13:00:00,0.09061,0.0907,0.0906,0.09065,1196030,108418.3205
DOGEUSDT,1775189100000,2026-04-03 04:05:00,2026-04-03 13:05:00,0.09065,0.09065,0.09051,0.09052,532550,48251.3383
DOGEUSDT,1775189400000,2026-04-03 04:10:00,2026-04-03 13:10:00,0.09051,0.09064,0.09049,0.09062,416312,37703.96792
DOGEUSDT,1775189700000,2026-04-03 04:15:00,2026-04-03 13:15:00,0.09063,0.09075,0.09057,0.09057,1664038,150858.81307
DOGEUSDT,1775190000000,2026-04-03 04:20:00,2026-04-03 13:20:00,0.09058,0.09059,0.09045,0.09047,528754,47861.84109
DOGEUSDT,1775190300000,2026-04-03 04:25:00,2026-04-03 13:25:00,0.09046,0.09049,0.0904,0.0904,275843,24951.95041
DOGEUSDT,1775190600000,2026-04-03 04:30:00,2026-04-03 13:30:00,0.09039,0.09048,0.09031,0.09037,1167921,105554.66948
DOGEUSDT,1775190900000,2026-04-03 04:35:00,2026-04-03 13:35:00,0.09037,0.09042,0.09034,0.09036,199441,18027.20788
DOGEUSDT,1775191200000,2026-04-03 04:40:00,2026-04-03 13:40:00,0.09037,0.09049,0.09037,0.09049,187363,16941.91802
DOGEUSDT,1775191500000,2026-04-03 04:45:00,2026-04-03 13:45:00,0.09049,0.09072,0.09049,0.09069,979678,88812.16838
DOGEUSDT,1775191800000,2026-04-03 04:50:00,2026-04-03 13:50:00,0.09069,0.09071,0.09065,0.0907,398902,36171.99202
DOGEUSDT,1775192100000,2026-04-03 04:55:00,2026-04-03 13:55:00,0.0907,0.0907,0.09065,0.09067,316268,28679.71216
DOGEUSDT,1775192400000,2026-04-03 05:00:00,2026-04-03 14:00:00,0.09068,0.09076,0.09061,0.09069,2129056,193066.03777
DOGEUSDT,1775192700000,2026-04-03 05:05:00,2026-04-03 14:05:00,0.09068,0.09075,0.09061,0.09069,780706,70782.77416
DOGEUSDT,1775193000000,2026-04-03 05:10:00,2026-04-03 14:10:00,0.09069,0.09069,0.09064,0.09064,172228,15613.53525
DOGEUSDT,1775193300000,2026-04-03 05:15:00,2026-04-03 14:15:00,0.09064,0.09064,0.09039,0.09057,1246645,112788.57693
DOGEUSDT,1775193600000,2026-04-03 05:20:00,2026-04-03 14:20:00,0.09058,0.09063,0.09054,0.09063,360218,32629.18484
DOGEUSDT,1775193900000,2026-04-03 05:25:00,2026-04-03 14:25:00,0.09063,0.0909,0.09063,0.09089,1195881,108565.28396
DOGEUSDT,1775194200000,2026-04-03 05:30:00,2026-04-03 14:30:00,0.09089,0.09142,0.09089,0.09133,9389454,856423.31655
DOGEUSDT,1775194500000,2026-04-03 05:35:00,2026-04-03 14:35:00,0.09134,0.09154,0.09134,0.09143,4525880,413840.62209
DOGEUSDT,1775194800000,2026-04-03 05:40:00,2026-04-03 14:40:00,0.09143,0.09146,0.09129,0.09136,1707123,155924.64018
DOGEUSDT,1775195100000,2026-04-03 05:45:00,2026-04-03 14:45:00,0.09136,0.09144,0.09132,0.09135,2036215,186068.3513
DOGEUSDT,1775195400000,2026-04-03 05:50:00,2026-04-03 14:50:00,0.09134,0.0914,0.09125,0.09132,2005325,183111.81603
DOGEUSDT,1775195700000,2026-04-03 05:55:00,2026-04-03 14:55:00,0.09132,0.09133,0.09112,0.09113,1459631,133130.58322
DOGEUSDT,1775196000000,2026-04-03 06:00:00,2026-04-03 15:00:00,0.09114,0.09139,0.09114,0.0912,1258456,114812.41097
DOGEUSDT,1775196300000,2026-04-03 06:05:00,2026-04-03 15:05:00,0.09121,0.09127,0.09108,0.09115,1085683,99011.33183
DOGEUSDT,1775196600000,2026-04-03 06:10:00,2026-04-03 15:10:00,0.09115,0.0913,0.09115,0.09118,1711607,156180.56606
DOGEUSDT,1775196900000,2026-04-03 06:15:00,2026-04-03 15:15:00,0.09118,0.09118,0.09101,0.09109,1594576,145262.26359
DOGEUSDT,1775197200000,2026-04-03 06:20:00,2026-04-03 15:20:00,0.09108,0.09111,0.09093,0.09105,1632466,148578.88344
DOGEUSDT,1775197500000,2026-04-03 06:25:00,2026-04-03 15:25:00,0.09105,0.09109,0.09095,0.09095,559530,50939.8696
DOGEUSDT,1775197800000,2026-04-03 06:30:00,2026-04-03 15:30:00,0.09096,0.09102,0.09079,0.09095,1421447,129197.12124
DOGEUSDT,1775198100000,2026-04-03 06:35:00,2026-04-03 15:35:00,0.09095,0.09136,0.09095,0.09121,1630674,148701.79402
DOGEUSDT,1775198400000,2026-04-03 06:40:00,2026-04-03 15:40:00,0.09122,0.09135,0.09117,0.0913,334401,30515.18013
DOGEUSDT,1775198700000,2026-04-03 06:45:00,2026-04-03 15:45:00,0.09131,0.09137,0.0912,0.09126,680677,62166.66872
DOGEUSDT,1775199000000,2026-04-03 06:50:00,2026-04-03 15:50:00,0.09126,0.0913,0.09113,0.09116,785315,71631.74074
DOGEUSDT,1775199300000,2026-04-03 06:55:00,2026-04-03 15:55:00,0.09116,0.09123,0.09114,0.09119,658698,60075.81243
DOGEUSDT,1775199600000,2026-04-03 07:00:00,2026-04-03 16:00:00,0.09118,0.09122,0.09111,0.09112,884573,80642.6907
DOGEUSDT,1775199900000,2026-04-03 07:05:00,2026-04-03 16:05:00,0.09112,0.0912,0.09109,0.09119,653131,59530.21978
DOGEUSDT,1775200200000,2026-04-03 07:10:00,2026-04-03 16:10:00,0.09118,0.09119,0.09105,0.09106,408076,37171.02493
DOGEUSDT,1775200500000,2026-04-03 07:15:00,2026-04-03 16:15:00,0.09106,0.09108,0.09094,0.09104,1239219,112790.18292
DOGEUSDT,1775200800000,2026-04-03 07:20:00,2026-04-03 16:20:00,0.09104,0.09109,0.09098,0.091,668111,60819.11377
DOGEUSDT,1775201100000,2026-04-03 07:25:00,2026-04-03 16:25:00,0.09099,0.09112,0.09099,0.09111,444785,40507.35048
DOGEUSDT,1775201400000,2026-04-03 07:30:00,2026-04-03 16:30:00,0.0911,0.09115,0.09103,0.09113,841947,76702.65782
DOGEUSDT,1775201700000,2026-04-03 07:35:00,2026-04-03 16:35:00,0.09114,0.09145,0.09114,0.09123,4166685,380678.7767
DOGEUSDT,1775202000000,2026-04-03 07:40:00,2026-04-03 16:40:00,0.09123,0.09125,0.09118,0.0912,670248,61136.32802
DOGEUSDT,1775202300000,2026-04-03 07:45:00,2026-04-03 16:45:00,0.09121,0.09121,0.09112,0.09115,653985,59621.47029
DOGEUSDT,1775202600000,2026-04-03 07:50:00,2026-04-03 16:50:00,0.09114,0.09123,0.09108,0.09119,1477140,134647.18385
DOGEUSDT,1775202900000,2026-04-03 07:55:00,2026-04-03 16:55:00,0.09119,0.09124,0.09112,0.09118,444435,40525.71944
DOGEUSDT,1775203200000,2026-04-03 08:00:00,2026-04-03 17:00:00,0.09118,0.09129,0.09118,0.09129,310087,28290.45575
DOGEUSDT,1775203500000,2026-04-03 08:05:00,2026-04-03 17:05:00,0.09128,0.09137,0.09125,0.09134,692178,63206.70675
DOGEUSDT,1775203800000,2026-04-03 08:10:00,2026-04-03 17:10:00,0.09133,0.09153,0.09126,0.09128,3826966,349852.28448
DOGEUSDT,1775204100000,2026-04-03 08:15:00,2026-04-03 17:15:00,0.09129,0.09137,0.09121,0.09124,568160,51854.9094
DOGEUSDT,1775204400000,2026-04-03 08:20:00,2026-04-03 17:20:00,0.09123,0.09133,0.09118,0.09129,1391988,127054.60062
DOGEUSDT,1775204700000,2026-04-03 08:25:00,2026-04-03 17:25:00,0.09129,0.09134,0.09126,0.09132,1082708,98847.58824
DOGEUSDT,1775205000000,2026-04-03 08:30:00,2026-04-03 17:30:00,0.09132,0.09158,0.09125,0.09153,2547369,233019.3395
DOGEUSDT,1775205300000,2026-04-03 08:35:00,2026-04-03 17:35:00,0.09154,0.09158,0.09141,0.09144,1702680,155745.32534
DOGEUSDT,1775205600000,2026-04-03 08:40:00,2026-04-03 17:40:00,0.09144,0.09153,0.09138,0.09139,624162,57068.6632
DOGEUSDT,1775205900000,2026-04-03 08:45:00,2026-04-03 17:45:00,0.09139,0.09148,0.09132,0.09147,679222,62080.22462
DOGEUSDT,1775206200000,2026-04-03 08:50:00,2026-04-03 17:50:00,0.09148,0.09149,0.09131,0.09133,487950,44606.66665
DOGEUSDT,1775206500000,2026-04-03 08:55:00,2026-04-03 17:55:00,0.09132,0.09152,0.09131,0.09143,549766,50265.86974
DOGEUSDT,1775206800000,2026-04-03 09:00:00,2026-04-03 18:00:00,0.09144,0.09146,0.09135,0.09137,715303,65388.50065
DOGEUSDT,1775207100000,2026-04-03 09:05:00,2026-04-03 18:05:00,0.09138,0.09141,0.09131,0.09138,1750261,159914.7511
DOGEUSDT,1775207400000,2026-04-03 09:10:00,2026-04-03 18:10:00,0.09138,0.09145,0.09133,0.09144,742681,67868.45054
DOGEUSDT,1775207700000,2026-04-03 09:15:00,2026-04-03 18:15:00,0.09144,0.09149,0.0914,0.09142,857316,78388.20008
DOGEUSDT,1775208000000,2026-04-03 09:20:00,2026-04-03 18:20:00,0.09143,0.09143,0.09111,0.09112,1529899,139545.03847
DOGEUSDT,1775208300000,2026-04-03 09:25:00,2026-04-03 18:25:00,0.09112,0.09114,0.09103,0.09113,1668352,151938.91772
DOGEUSDT,1775208600000,2026-04-03 09:30:00,2026-04-03 18:30:00,0.09114,0.09133,0.09109,0.09127,899084,82021.93489
DOGEUSDT,1775208900000,2026-04-03 09:35:00,2026-04-03 18:35:00,0.09126,0.0913,0.09121,0.09122,405111,36963.4575
DOGEUSDT,1775209200000,2026-04-03 09:40:00,2026-04-03 18:40:00,0.09123,0.09148,0.09122,0.09145,960245,87736.54431
DOGEUSDT,1775209500000,2026-04-03 09:45:00,2026-04-03 18:45:00,0.09145,0.09151,0.09134,0.09142,1142253,104431.31022
DOGEUSDT,1775209800000,2026-04-03 09:50:00,2026-04-03 18:50:00,0.09142,0.09149,0.09137,0.09143,370689,33892.36174
DOGEUSDT,1775210100000,2026-04-03 09:55:00,2026-04-03 18:55:00,0.09144,0.09148,0.09139,0.09145,252055,23045.3191
DOGEUSDT,1775210400000,2026-04-03 10:00:00,2026-04-03 19:00:00,0.09144,0.09168,0.09143,0.0916,3629585,332397.39607
DOGEUSDT,1775210700000,2026-04-03 10:05:00,2026-04-03 19:05:00,0.09161,0.09161,0.09138,0.09143,1297937,118747.00151
DOGEUSDT,1775211000000,2026-04-03 10:10:00,2026-04-03 19:10:00,0.09142,0.09148,0.09135,0.09137,809450,73991.81316
DOGEUSDT,1775211300000,2026-04-03 10:15:00,2026-04-03 19:15:00,0.09136,0.09138,0.09128,0.09128,414784,37885.20758
DOGEUSDT,1775211600000,2026-04-03 10:20:00,2026-04-03 19:20:00,0.09129,0.09133,0.09123,0.09128,962629,87858.35704
DOGEUSDT,1775211900000,2026-04-03 10:25:00,2026-04-03 19:25:00,0.09129,0.09135,0.09123,0.09124,907971,82895.5583
DOGEUSDT,1775212200000,2026-04-03 10:30:00,2026-04-03 19:30:00,0.09124,0.09134,0.09113,0.09129,673351,61409.78376
DOGEUSDT,1775212500000,2026-04-03 10:35:00,2026-04-03 19:35:00,0.09129,0.09141,0.09126,0.09132,674609,61621.73597
DOGEUSDT,1775212800000,2026-04-03 10:40:00,2026-04-03 19:40:00,0.09132,0.09151,0.09132,0.09148,543030,49628.62004
DOGEUSDT,1775213100000,2026-04-03 10:45:00,2026-04-03 19:45:00,0.09149,0.09162,0.09147,0.09151,964342,88269.84556
DOGEUSDT,1775213400000,2026-04-03 10:50:00,2026-04-03 19:50:00,0.0915,0.09157,0.09145,0.09145,573180,52446.5077
DOGEUSDT,1775213700000,2026-04-03 10:55:00,2026-04-03 19:55:00,0.09145,0.09149,0.0914,0.09148,476905,43605.38519
DOGEUSDT,1775214000000,2026-04-03 11:00:00,2026-04-03 20:00:00,0.09148,0.09154,0.09142,0.09149,266849,24414.44628
DOGEUSDT,1775214300000,2026-04-03 11:05:00,2026-04-03 20:05:00,0.0915,0.09151,0.09141,0.09141,259780,23757.68502
DOGEUSDT,1775214600000,2026-04-03 11:10:00,2026-04-03 20:10:00,0.09142,0.0915,0.09141,0.09146,455647,41672.96171
DOGEUSDT,1775214900000,2026-04-03 11:15:00,2026-04-03 20:15:00,0.09147,0.09154,0.0914,0.09144,280273,25636.24816
DOGEUSDT,1775215200000,2026-04-03 11:20:00,2026-04-03 20:20:00,0.09144,0.09155,0.09143,0.0915,390450,35719.35483
DOGEUSDT,1775215500000,2026-04-03 11:25:00,2026-04-03 20:25:00,0.0915,0.09152,0.09141,0.09143,392607,35915.70691
DOGEUSDT,1775215800000,2026-04-03 11:30:00,2026-04-03 20:30:00,0.09143,0.09148,0.09134,0.0914,419094,38307.46903
DOGEUSDT,1775216100000,2026-04-03 11:35:00,2026-04-03 20:35:00,0.0914,0.09148,0.0914,0.09143,298721,27315.49492
DOGEUSDT,1775216400000,2026-04-03 11:40:00,2026-04-03 20:40:00,0.09143,0.0915,0.09142,0.09146,618320,56553.39709
DOGEUSDT,1775216700000,2026-04-03 11:45:00,2026-04-03 20:45:00,0.09145,0.09148,0.09138,0.09139,801291,73243.30576
DOGEUSDT,1775217000000,2026-04-03 11:50:00,2026-04-03 20:50:00,0.09138,0.09147,0.09137,0.09144,288211,26352.68768
DOGEUSDT,1775217300000,2026-04-03 11:55:00,2026-04-03 20:55:00,0.09145,0.09152,0.09143,0.09146,467149,42728.03241
DOGEUSDT,1775217600000,2026-04-03 12:00:00,2026-04-03 21:00:00,0.09146,0.09153,0.09141,0.09142,989760,90547.64784
DOGEUSDT,1775217900000,2026-04-03 12:05:00,2026-04-03 21:05:00,0.09143,0.09145,0.09134,0.09134,346765,31689.62129
DOGEUSDT,1775218200000,2026-04-03 12:10:00,2026-04-03 21:10:00,0.09134,0.09138,0.09125,0.09137,1156761,105629.18717
DOGEUSDT,1775218500000,2026-04-03 12:15:00,2026-04-03 21:15:00,0.09136,0.09139,0.09121,0.09131,945093,86288.61318
DOGEUSDT,1775218800000,2026-04-03 12:20:00,2026-04-03 21:20:00,0.09131,0.09139,0.09128,0.09132,758388,69257.31773
DOGEUSDT,1775219100000,2026-04-03 12:25:00,2026-04-03 21:25:00,0.09133,0.09164,0.09133,0.09152,2362293,216244.25108
DOGEUSDT,1775219400000,2026-04-03 12:30:00,2026-04-03 21:30:00,0.09152,0.09225,0.09115,0.09134,23056346,2116305.06162
DOGEUSDT,1775219700000,2026-04-03 12:35:00,2026-04-03 21:35:00,0.09133,0.0914,0.09124,0.09139,922832,84287.6868
DOGEUSDT,1775220000000,2026-04-03 12:40:00,2026-04-03 21:40:00,0.09139,0.09149,0.09131,0.09138,1417183,129560.62721
DOGEUSDT,1775220300000,2026-04-03 12:45:00,2026-04-03 21:45:00,0.09137,0.09151,0.09132,0.09132,1084793,99198.74643
DOGEUSDT,1775220600000,2026-04-03 12:50:00,2026-04-03 21:50:00,0.09132,0.09142,0.09118,0.09132,2180434,199060.97806
DOGEUSDT,1775220900000,2026-04-03 12:55:00,2026-04-03 21:55:00,0.09131,0.09147,0.09126,0.09127,1771106,161808.27068
DOGEUSDT,1775221200000,2026-04-03 13:00:00,2026-04-03 22:00:00,0.09127,0.09129,0.09109,0.09113,2725671,248451.37151
DOGEUSDT,1775221500000,2026-04-03 13:05:00,2026-04-03 22:05:00,0.09113,0.09121,0.09101,0.09108,1515015,138003.3869
DOGEUSDT,1775221800000,2026-04-03 13:10:00,2026-04-03 22:10:00,0.09107,0.09109,0.09081,0.09099,4511898,410344.43315
DOGEUSDT,1775222100000,2026-04-03 13:15:00,2026-04-03 22:15:00,0.09098,0.09102,0.0909,0.09097,1869476,170044.05479
DOGEUSDT,1775222400000,2026-04-03 13:20:00,2026-04-03 22:20:00,0.09096,0.09115,0.09096,0.09113,802342,73075.20885
DOGEUSDT,1775222700000,2026-04-03 13:25:00,2026-04-03 22:25:00,0.09113,0.0912,0.09109,0.09112,819673,74711.77844
DOGEUSDT,1775223000000,2026-04-03 13:30:00,2026-04-03 22:30:00,0.09112,0.09125,0.09101,0.09121,4153319,378632.95661
DOGEUSDT,1775223300000,2026-04-03 13:35:00,2026-04-03 22:35:00,0.09121,0.09124,0.09108,0.0911,425074,38744.42686
DOGEUSDT,1775223600000,2026-04-03 13:40:00,2026-04-03 22:40:00,0.09109,0.09119,0.09109,0.09113,447890,40822.40871
DOGEUSDT,1775223900000,2026-04-03 13:45:00,2026-04-03 22:45:00,0.09113,0.09119,0.09103,0.09105,528762,48174.94355
DOGEUSDT,1775224200000,2026-04-03 13:50:00,2026-04-03 22:50:00,0.09105,0.0914,0.09104,0.09135,1459689,133096.23729
DOGEUSDT,1775224500000,2026-04-03 13:55:00,2026-04-03 22:55:00,0.09136,0.09145,0.09132,0.0914,603842,55180.56487
DOGEUSDT,1775224800000,2026-04-03 14:00:00,2026-04-03 23:00:00,0.0914,0.09146,0.09121,0.09134,1565493,143015.13313
DOGEUSDT,1775225100000,2026-04-03 14:05:00,2026-04-03 23:05:00,0.09135,0.09148,0.09135,0.09139,407665,37278.81883
DOGEUSDT,1775225400000,2026-04-03 14:10:00,2026-04-03 23:10:00,0.09138,0.09142,0.09132,0.09137,1082017,98843.19831
DOGEUSDT,1775225700000,2026-04-03 14:15:00,2026-04-03 23:15:00,0.09137,0.09139,0.09127,0.0913,445934,40720.9673
DOGEUSDT,1775226000000,2026-04-03 14:20:00,2026-04-03 23:20:00,0.09129,0.09144,0.09128,0.09142,503549,46029.26452
DOGEUSDT,1775226300000,2026-04-03 14:25:00,2026-04-03 23:25:00,0.09142,0.09156,0.09142,0.09147,859134,78614.87838
DOGEUSDT,1775226600000,2026-04-03 14:30:00,2026-04-03 23:30:00,0.09146,0.09152,0.09137,0.09139,346621,31697.30374
DOGEUSDT,1775226900000,2026-04-03 14:35:00,2026-04-03 23:35:00,0.09139,0.09142,0.09125,0.0914,1082042,98861.07936
DOGEUSDT,1775227200000,2026-04-03 14:40:00,2026-04-03 23:40:00,0.09141,0.09146,0.09135,0.0914,1307906,119552.68947
DOGEUSDT,1775227500000,2026-04-03 14:45:00,2026-04-03 23:45:00,0.0914,0.09147,0.09136,0.09146,431009,39398.51327
DOGEUSDT,1775227800000,2026-04-03 14:50:00,2026-04-03 23:50:00,0.09146,0.09166,0.09146,0.09165,5846149,535465.78833
DOGEUSDT,1775228100000,2026-04-03 14:55:00,2026-04-03 23:55:00,0.09165,0.09179,0.09148,0.09148,5047959,462695.70825
DOGEUSDT,1775228400000,2026-04-03 15:00:00,2026-04-04 00:00:00,0.09148,0.09169,0.09142,0.09164,1667304,152693.01622
DOGEUSDT,1775228700000,2026-04-03 15:05:00,2026-04-04 00:05:00,0.09165,0.09167,0.09152,0.09166,844007,77329.58468
DOGEUSDT,1775229000000,2026-04-03 15:10:00,2026-04-04 00:10:00,0.09166,0.09199,0.09166,0.09185,8839513,811822.12652
DOGEUSDT,1775229300000,2026-04-03 15:15:00,2026-04-04 00:15:00,0.09184,0.09184,0.0917,0.09171,1506879,138298.28936
DOGEUSDT,1775229600000,2026-04-03 15:20:00,2026-04-04 00:20:00,0.0917,0.09173,0.09164,0.09173,734712,67356.60566
DOGEUSDT,1775229900000,2026-04-03 15:25:00,2026-04-04 00:25:00,0.09173,0.09203,0.09172,0.09194,8458844,777416.27649
DOGEUSDT,1775230200000,2026-04-03 15:30:00,2026-04-04 00:30:00,0.09193,0.09195,0.09179,0.09179,2702971,248331.77094
DOGEUSDT,1775230500000,2026-04-03 15:35:00,2026-04-04 00:35:00,0.0918,0.0918,0.09172,0.09177,674270,61868.75037
DOGEUSDT,1775230800000,2026-04-03 15:40:00,2026-04-04 00:40:00,0.09177,0.09179,0.09152,0.09154,1362339,124886.66959
DOGEUSDT,1775231100000,2026-04-03 15:45:00,2026-04-04 00:45:00,0.09154,0.09158,0.09144,0.09144,2693999,246531.03359
DOGEUSDT,1775231400000,2026-04-03 15:50:00,2026-04-04 00:50:00,0.09143,0.09158,0.09143,0.09154,1175686,107560.84436
DOGEUSDT,1775231700000,2026-04-03 15:55:00,2026-04-04 00:55:00,0.09154,0.09161,0.09144,0.09151,4147674,379553.49787
DOGEUSDT,1775232000000,2026-04-03 16:00:00,2026-04-04 01:00:00,0.09152,0.09175,0.0915,0.09166,2039375,186890.33966
DOGEUSDT,1775232300000,2026-04-03 16:05:00,2026-04-04 01:05:00,0.09166,0.09167,0.09155,0.09161,1019846,93434.23183
DOGEUSDT,1775232600000,2026-04-03 16:10:00,2026-04-04 01:10:00,0.09161,0.09173,0.09158,0.09169,771966,70756.57085
DOGEUSDT,1775232900000,2026-04-03 16:15:00,2026-04-04 01:15:00,0.09168,0.09178,0.09164,0.09178,1074928,98583.42843
DOGEUSDT,1775233200000,2026-04-03 16:20:00,2026-04-04 01:20:00,0.09178,0.09183,0.09168,0.0917,529348,48571.5032
DOGEUSDT,1775233500000,2026-04-03 16:25:00,2026-04-04 01:25:00,0.0917,0.09193,0.0917,0.09189,1403902,128923.89313
DOGEUSDT,1775233800000,2026-04-03 16:30:00,2026-04-04 01:30:00,0.09188,0.09188,0.09176,0.0918,526987,48386.60581
DOGEUSDT,1775234100000,2026-04-03 16:35:00,2026-04-04 01:35:00,0.09181,0.09189,0.09175,0.09182,814066,74748.48076
DOGEUSDT,1775234400000,2026-04-03 16:40:00,2026-04-04 01:40:00,0.09182,0.09186,0.09176,0.09183,1333396,122414.14348
DOGEUSDT,1775234700000,2026-04-03 16:45:00,2026-04-04 01:45:00,0.09183,0.09188,0.09167,0.09185,1433132,131486.01763
DOGEUSDT,1775235000000,2026-04-03 16:50:00,2026-04-04 01:50:00,0.09185,0.09197,0.09184,0.09196,1099009,101010.43899
DOGEUSDT,1775235300000,2026-04-03 16:55:00,2026-04-04 01:55:00,0.09196,0.09205,0.09191,0.09201,1932528,177767.61394
DOGEUSDT,1775235600000,2026-04-03 17:00:00,2026-04-04 02:00:00,0.09201,0.09203,0.09195,0.09199,739215,67998.23478
DOGEUSDT,1775235900000,2026-04-03 17:05:00,2026-04-04 02:05:00,0.09199,0.09205,0.09196,0.09204,978541,90035.71337
DOGEUSDT,1775236200000,2026-04-03 17:10:00,2026-04-04 02:10:00,0.09203,0.0922,0.09202,0.09213,2646740,243787.39889
DOGEUSDT,1775236500000,2026-04-03 17:15:00,2026-04-04 02:15:00,0.09213,0.0922,0.09191,0.09208,3145773,289559.14772
DOGEUSDT,1775236800000,2026-04-03 17:20:00,2026-04-04 02:20:00,0.09207,0.09245,0.09205,0.09245,6258412,577876.20361
DOGEUSDT,1775237100000,2026-04-03 17:25:00,2026-04-04 02:25:00,0.09244,0.09247,0.09225,0.09226,2681001,247626.30633
DOGEUSDT,1775237400000,2026-04-03 17:30:00,2026-04-04 02:30:00,0.09226,0.09259,0.09224,0.09234,6728064,621876.27392
DOGEUSDT,1775237700000,2026-04-03 17:35:00,2026-04-04 02:35:00,0.09234,0.09237,0.09209,0.09211,2159164,199108.25492
DOGEUSDT,1775238000000,2026-04-03 17:40:00,2026-04-04 02:40:00,0.09212,0.0922,0.09207,0.09219,1056999,97383.46911
DOGEUSDT,1775238300000,2026-04-03 17:45:00,2026-04-04 02:45:00,0.0922,0.09222,0.0919,0.092,5060917,465533.39104
DOGEUSDT,1775238600000,2026-04-03 17:50:00,2026-04-04 02:50:00,0.09201,0.09208,0.09195,0.09206,578728,53266.3736
DOGEUSDT,1775238900000,2026-04-03 17:55:00,2026-04-04 02:55:00,0.09207,0.09214,0.09201,0.09206,930200,85642.35363
DOGEUSDT,1775239200000,2026-04-03 18:00:00,2026-04-04 03:00:00,0.09206,0.09217,0.09205,0.0921,953760,87838.41444
DOGEUSDT,1775239500000,2026-04-03 18:05:00,2026-04-04 03:05:00,0.0921,0.09227,0.09208,0.09217,1823268,168050.2079
DOGEUSDT,1775239800000,2026-04-03 18:10:00,2026-04-04 03:10:00,0.09217,0.0922,0.09208,0.0922,553745,51008.14039
DOGEUSDT,1775240100000,2026-04-03 18:15:00,2026-04-04 03:15:00,0.09219,0.09245,0.09216,0.09239,1559473,143987.94772
DOGEUSDT,1775240400000,2026-04-03 18:20:00,2026-04-04 03:20:00,0.0924,0.09241,0.09219,0.0922,485366,44789.67115
DOGEUSDT,1775240700000,2026-04-03 18:25:00,2026-04-04 03:25:00,0.0922,0.09221,0.09207,0.09207,549304,50618.37262
DOGEUSDT,1775241000000,2026-04-03 18:30:00,2026-04-04 03:30:00,0.09208,0.09215,0.092,0.09203,1914240,176229.55229
DOGEUSDT,1775241300000,2026-04-03 18:35:00,2026-04-04 03:35:00,0.09203,0.09207,0.09196,0.09196,1136340,104545.25458
DOGEUSDT,1775241600000,2026-04-03 18:40:00,2026-04-04 03:40:00,0.09196,0.09198,0.0919,0.0919,328079,30161.47331
DOGEUSDT,1775241900000,2026-04-03 18:45:00,2026-04-04 03:45:00,0.0919,0.09193,0.09184,0.09185,904619,83109.74005
DOGEUSDT,1775242200000,2026-04-03 18:50:00,2026-04-04 03:50:00,0.09186,0.09191,0.09183,0.09188,477509,43864.29868
DOGEUSDT,1775242500000,2026-04-03 18:55:00,2026-04-04 03:55:00,0.09187,0.09188,0.09179,0.0918,1615052,148325.42005
DOGEUSDT,1775242800000,2026-04-03 19:00:00,2026-04-04 04:00:00,0.0918,0.09181,0.09126,0.09153,5559546,508878.77371
DOGEUSDT,1775243100000,2026-04-03 19:05:00,2026-04-04 04:05:00,0.09153,0.09153,0.09118,0.09131,11314334,1032835.89218
DOGEUSDT,1775243400000,2026-04-03 19:10:00,2026-04-04 04:10:00,0.0913,0.09146,0.0913,0.09139,1212174,110738.96846
DOGEUSDT,1775243700000,2026-04-03 19:15:00,2026-04-04 04:15:00,0.09139,0.09155,0.09139,0.0915,401814,36758.36658
DOGEUSDT,1775244000000,2026-04-03 19:20:00,2026-04-04 04:20:00,0.0915,0.09154,0.09145,0.0915,533389,48810.11698
DOGEUSDT,1775244300000,2026-04-03 19:25:00,2026-04-04 04:25:00,0.09151,0.09152,0.09147,0.09151,227376,20806.445
DOGEUSDT,1775244600000,2026-04-03 19:30:00,2026-04-04 04:30:00,0.0915,0.09154,0.09148,0.09152,1392111,127382.01755
DOGEUSDT,1775244900000,2026-04-03 19:35:00,2026-04-04 04:35:00,0.09153,0.09157,0.09152,0.09156,1004151,91923.65585
DOGEUSDT,1775245200000,2026-04-03 19:40:00,2026-04-04 04:40:00,0.09157,0.09168,0.09156,0.09165,243626,22321.04663
DOGEUSDT,1775245500000,2026-04-03 19:45:00,2026-04-04 04:45:00,0.09165,0.09184,0.09164,0.09182,538242,49379.8147
DOGEUSDT,1775245800000,2026-04-03 19:50:00,2026-04-04 04:50:00,0.09183,0.09186,0.0918,0.09184,300453,27593.13275
DOGEUSDT,1775246100000,2026-04-03 19:55:00,2026-04-04 04:55:00,0.09183,0.09184,0.09176,0.09178,179576,16485.37976
DOGEUSDT,1775246400000,2026-04-03 20:00:00,2026-04-04 05:00:00,0.09177,0.09184,0.09173,0.09182,497420,45645.37006
DOGEUSDT,1775246700000,2026-04-03 20:05:00,2026-04-04 05:05:00,0.09183,0.09193,0.09182,0.09191,882271,81079.92982
DOGEUSDT,1775247000000,2026-04-03 20:10:00,2026-04-04 05:10:00,0.09192,0.092,0.09191,0.09196,462987,42574.95784
DOGEUSDT,1775247300000,2026-04-03 20:15:00,2026-04-04 05:15:00,0.09196,0.09197,0.09182,0.09192,1177878,108249.6871
DOGEUSDT,1775247600000,2026-04-03 20:20:00,2026-04-04 05:20:00,0.09192,0.09196,0.09181,0.09182,1332722,122403.39483
DOGEUSDT,1775247900000,2026-04-03 20:25:00,2026-04-04 05:25:00,0.09182,0.09183,0.09177,0.09179,1558480,143061.07422
DOGEUSDT,1775248200000,2026-04-03 20:30:00,2026-04-04 05:30:00,0.09179,0.09197,0.09178,0.09192,778777,71507.70081
DOGEUSDT,1775248500000,2026-04-03 20:35:00,2026-04-04 05:35:00,0.09191,0.09199,0.09185,0.09199,305119,28038.44922
DOGEUSDT,1775248800000,2026-04-03 20:40:00,2026-04-04 05:40:00,0.09199,0.09205,0.09195,0.09195,1383533,127293.56741
DOGEUSDT,1775249100000,2026-04-03 20:45:00,2026-04-04 05:45:00,0.09195,0.09207,0.09191,0.09204,1232541,113359.69518
DOGEUSDT,1775249400000,2026-04-03 20:50:00,2026-04-04 05:50:00,0.09204,0.09204,0.09196,0.092,785718,72286.10356
DOGEUSDT,1775249700000,2026-04-03 20:55:00,2026-04-04 05:55:00,0.09201,0.09203,0.09195,0.09197,595457,54774.17514
DOGEUSDT,1775250000000,2026-04-03 21:00:00,2026-04-04 06:00:00,0.09197,0.09205,0.09196,0.09196,199004,18308.6665
DOGEUSDT,1775250300000,2026-04-03 21:05:00,2026-04-04 06:05:00,0.09196,0.09208,0.09195,0.09206,1645764,151422.3381
DOGEUSDT,1775250600000,2026-04-03 21:10:00,2026-04-04 06:10:00,0.09207,0.09237,0.09206,0.09232,4959046,457456.31377
DOGEUSDT,1775250900000,2026-04-03 21:15:00,2026-04-04 06:15:00,0.09232,0.09236,0.0922,0.09221,3545419,327157.83394
DOGEUSDT,1775251200000,2026-04-03 21:20:00,2026-04-04 06:20:00,0.09221,0.09227,0.09219,0.09222,1471157,135696.96706
DOGEUSDT,1775251500000,2026-04-03 21:25:00,2026-04-04 06:25:00,0.09222,0.09229,0.09222,0.09224,419024,38659.95747
DOGEUSDT,1775251800000,2026-04-03 21:30:00,2026-04-04 06:30:00,0.09224,0.09228,0.09221,0.09226,413138,38109.89591
DOGEUSDT,1775252100000,2026-04-03 21:35:00,2026-04-04 06:35:00,0.09226,0.09237,0.0921,0.09211,1796750,165780.27087
DOGEUSDT,1775252400000,2026-04-03 21:40:00,2026-04-04 06:40:00,0.0921,0.09223,0.09207,0.09215,636538,58668.58803
DOGEUSDT,1775252700000,2026-04-03 21:45:00,2026-04-04 06:45:00,0.09216,0.0922,0.09207,0.09215,629931,58048.42155
DOGEUSDT,1775253000000,2026-04-03 21:50:00,2026-04-04 06:50:00,0.09215,0.09219,0.09207,0.09213,344648,31750.5304
DOGEUSDT,1775253300000,2026-04-03 21:55:00,2026-04-04 06:55:00,0.09212,0.09215,0.0921,0.09213,257191,23695.57307
DOGEUSDT,1775253600000,2026-04-03 22:00:00,2026-04-04 07:00:00,0.09212,0.09221,0.09201,0.09208,1649681,151929.69961
DOGEUSDT,1775253900000,2026-04-03 22:05:00,2026-04-04 07:05:00,0.09209,0.09209,0.09188,0.09188,825129,75877.08935
DOGEUSDT,1775254200000,2026-04-03 22:10:00,2026-04-04 07:10:00,0.09188,0.09194,0.09185,0.09188,386461,35508.68981
DOGEUSDT,1775254500000,2026-04-03 22:15:00,2026-04-04 07:15:00,0.09188,0.09191,0.09185,0.0919,135654,12466.10991
DOGEUSDT,1775254800000,2026-04-03 22:20:00,2026-04-04 07:20:00,0.09189,0.09192,0.09187,0.09188,151202,13895.142
DOGEUSDT,1775255100000,2026-04-03 22:25:00,2026-04-04 07:25:00,0.09187,0.09191,0.09173,0.0918,1754991,161117.77233
DOGEUSDT,1775255400000,2026-04-03 22:30:00,2026-04-04 07:30:00,0.0918,0.09185,0.09174,0.09177,200319,18384.90997
DOGEUSDT,1775255700000,2026-04-03 22:35:00,2026-04-04 07:35:00,0.09178,0.0918,0.09173,0.09176,270561,24833.33612
DOGEUSDT,1775256000000,2026-04-03 22:40:00,2026-04-04 07:40:00,0.09176,0.09179,0.09172,0.09175,156506,14359.69802
DOGEUSDT,1775256300000,2026-04-03 22:45:00,2026-04-04 07:45:00,0.09175,0.09175,0.09154,0.09162,2064256,189246.59032
DOGEUSDT,1775256600000,2026-04-03 22:50:00,2026-04-04 07:50:00,0.09162,0.09169,0.09161,0.09167,420288,38518.78558
DOGEUSDT,1775256900000,2026-04-03 22:55:00,2026-04-04 07:55:00,0.09167,0.09171,0.09162,0.09162,961691,88162.41098
DOGEUSDT,1775257200000,2026-04-03 23:00:00,2026-04-04 08:00:00,0.09162,0.09162,0.09149,0.09149,1316228,120472.99994
DOGEUSDT,1775257500000,2026-04-03 23:05:00,2026-04-04 08:05:00,0.0915,0.09152,0.09145,0.09145,357906,32744.47316
DOGEUSDT,1775257800000,2026-04-03 23:10:00,2026-04-04 08:10:00,0.09145,0.09147,0.09141,0.09146,1231934,112665.63453
DOGEUSDT,1775258100000,2026-04-03 23:15:00,2026-04-04 08:15:00,0.09147,0.09149,0.09141,0.09143,326128,29823.4609
DOGEUSDT,1775258400000,2026-04-03 23:20:00,2026-04-04 08:20:00,0.09142,0.09143,0.09132,0.09134,886070,80950.36632
DOGEUSDT,1775258700000,2026-04-03 23:25:00,2026-04-04 08:25:00,0.09134,0.09136,0.09125,0.09135,1302776,118934.87021
DOGEUSDT,1775259000000,2026-04-03 23:30:00,2026-04-04 08:30:00,0.09135,0.09148,0.09131,0.09137,1848586,168953.85806
DOGEUSDT,1775259300000,2026-04-03 23:35:00,2026-04-04 08:35:00,0.09137,0.09137,0.09132,0.09134,127280,11626.60122
DOGEUSDT,1775259600000,2026-04-03 23:40:00,2026-04-04 08:40:00,0.09135,0.09142,0.09133,0.09141,176339,16116.04786
DOGEUSDT,1775259900000,2026-04-03 23:45:00,2026-04-04 08:45:00,0.09141,0.09157,0.09141,0.09156,717287,65651.93647
DOGEUSDT,1775260200000,2026-04-03 23:50:00,2026-04-04 08:50:00,0.09156,0.09162,0.09155,0.09156,315529,28898.54704
DOGEUSDT,1775260500000,2026-04-03 23:55:00,2026-04-04 08:55:00,0.09155,0.09158,0.09154,0.09156,192986,17669.15279
DOGEUSDT,1775260800000,2026-04-04 00:00:00,2026-04-04 09:00:00,0.09155,0.09155,0.09144,0.09145,906599,82955.78987
DOGEUSDT,1775261100000,2026-04-04 00:05:00,2026-04-04 09:05:00,0.09145,0.09154,0.09143,0.09147,408825,37401.95004
DOGEUSDT,1775261400000,2026-04-04 00:10:00,2026-04-04 09:10:00,0.09148,0.0915,0.09145,0.09145,233897,21393.79804
DOGEUSDT,1775261700000,2026-04-04 00:15:00,2026-04-04 09:15:00,0.09144,0.09144,0.09134,0.09135,460030,42046.86621
DOGEUSDT,1775262000000,2026-04-04 00:20:00,2026-04-04 09:20:00,0.09136,0.09142,0.09132,0.0914,458911,41931.98727
DOGEUSDT,1775262300000,2026-04-04 00:25:00,2026-04-04 09:25:00,0.09139,0.09139,0.09131,0.09131,157997,14435.6447
DOGEUSDT,1775262600000,2026-04-04 00:30:00,2026-04-04 09:30:00,0.09131,0.09147,0.09131,0.09142,467616,42740.09424
DOGEUSDT,1775262900000,2026-04-04 00:35:00,2026-04-04 09:35:00,0.09142,0.09151,0.0914,0.09148,185825,16992.60186
DOGEUSDT,1775263200000,2026-04-04 00:40:00,2026-04-04 09:40:00,0.09148,0.09151,0.09145,0.09151,404676,37018.68629
DOGEUSDT,1775263500000,2026-04-04 00:45:00,2026-04-04 09:45:00,0.0915,0.0915,0.09142,0.09146,355437,32506.32289
DOGEUSDT,1775263800000,2026-04-04 00:50:00,2026-04-04 09:50:00,0.09147,0.09148,0.09142,0.09142,66676,6097.67228
DOGEUSDT,1775264100000,2026-04-04 00:55:00,2026-04-04 09:55:00,0.09142,0.09145,0.09139,0.09139,234969,21484.07546
DOGEUSDT,1775264400000,2026-04-04 01:00:00,2026-04-04 10:00:00,0.09139,0.09139,0.09122,0.09127,1304119,119016.73749
DOGEUSDT,1775264700000,2026-04-04 01:05:00,2026-04-04 10:05:00,0.09127,0.09136,0.09127,0.09132,424485,38759.10685
DOGEUSDT,1775265000000,2026-04-04 01:10:00,2026-04-04 10:10:00,0.09133,0.09135,0.09121,0.09126,1408272,128510.71088
DOGEUSDT,1775265300000,2026-04-04 01:15:00,2026-04-04 10:15:00,0.09125,0.09125,0.09113,0.09121,1446131,131861.0179
DOGEUSDT,1775265600000,2026-04-04 01:20:00,2026-04-04 10:20:00,0.09121,0.09123,0.09115,0.09123,1102699,100547.68312
DOGEUSDT,1775265900000,2026-04-04 01:25:00,2026-04-04 10:25:00,0.09123,0.09123,0.09115,0.09119,255695,23316.27512
DOGEUSDT,1775266200000,2026-04-04 01:30:00,2026-04-04 10:30:00,0.09119,0.09127,0.09115,0.09123,483206,44077.63816
DOGEUSDT,1775266500000,2026-04-04 01:35:00,2026-04-04 10:35:00,0.09124,0.09128,0.09122,0.09128,110411,10075.45794
DOGEUSDT,1775266800000,2026-04-04 01:40:00,2026-04-04 10:40:00,0.09129,0.09137,0.09121,0.09124,8251021,753275.96473
DOGEUSDT,1775267100000,2026-04-04 01:45:00,2026-04-04 10:45:00,0.09124,0.09124,0.09116,0.09121,730973,66673.91604
DOGEUSDT,1775267400000,2026-04-04 01:50:00,2026-04-04 10:50:00,0.09121,0.09126,0.0912,0.0912,353653,32261.11979
DOGEUSDT,1775267700000,2026-04-04 01:55:00,2026-04-04 10:55:00,0.09121,0.09124,0.09117,0.09122,361585,32976.54005
DOGEUSDT,1775268000000,2026-04-04 02:00:00,2026-04-04 11:00:00,0.09121,0.09127,0.09115,0.09123,431003,39316.59983
DOGEUSDT,1775268300000,2026-04-04 02:05:00,2026-04-04 11:05:00,0.09123,0.09123,0.09105,0.09107,677266,61714.64221
DOGEUSDT,1775268600000,2026-04-04 02:10:00,2026-04-04 11:10:00,0.09107,0.0911,0.09097,0.09101,1189120,108257.94329
DOGEUSDT,1775268900000,2026-04-04 02:15:00,2026-04-04 11:15:00,0.09101,0.09106,0.09094,0.09105,783381,71275.44728
DOGEUSDT,1775269200000,2026-04-04 02:20:00,2026-04-04 11:20:00,0.09105,0.09117,0.09104,0.09105,982459,89509.31897
DOGEUSDT,1775269500000,2026-04-04 02:25:00,2026-04-04 11:25:00,0.09106,0.09112,0.09106,0.09109,422329,38470.06818
DOGEUSDT,1775269800000,2026-04-04 02:30:00,2026-04-04 11:30:00,0.09108,0.09114,0.09105,0.09113,1132148,103141.53025
DOGEUSDT,1775270100000,2026-04-04 02:35:00,2026-04-04 11:35:00,0.09113,0.09113,0.09108,0.09109,523549,47693.24718
DOGEUSDT,1775270400000,2026-04-04 02:40:00,2026-04-04 11:40:00,0.0911,0.09113,0.09102,0.09107,190660,17365.36402
DOGEUSDT,1775270700000,2026-04-04 02:45:00,2026-04-04 11:45:00,0.09106,0.09109,0.09096,0.09103,531002,48337.00697
DOGEUSDT,1775271000000,2026-04-04 02:50:00,2026-04-04 11:50:00,0.09104,0.09105,0.09097,0.09097,81317,7401.27003
DOGEUSDT,1775271300000,2026-04-04 02:55:00,2026-04-04 11:55:00,0.09097,0.09108,0.09097,0.09108,817843,74425.60414
DOGEUSDT,1775271600000,2026-04-04 03:00:00,2026-04-04 12:00:00,0.09109,0.09119,0.09109,0.09117,591838,53947.81069
DOGEUSDT,1775271900000,2026-04-04 03:05:00,2026-04-04 12:05:00,0.09118,0.0913,0.09117,0.09127,333186,30403.76016
DOGEUSDT,1775272200000,2026-04-04 03:10:00,2026-04-04 12:10:00,0.09128,0.09132,0.09125,0.09129,602990,55050.3222
DOGEUSDT,1775272500000,2026-04-04 03:15:00,2026-04-04 12:15:00,0.0913,0.09132,0.09125,0.09125,138361,12629.67825
DOGEUSDT,1775272800000,2026-04-04 03:20:00,2026-04-04 12:20:00,0.09125,0.09126,0.09122,0.09126,403724,36836.8103
DOGEUSDT,1775273100000,2026-04-04 03:25:00,2026-04-04 12:25:00,0.09125,0.09125,0.09121,0.09123,75856,6919.24881
DOGEUSDT,1775273400000,2026-04-04 03:30:00,2026-04-04 12:30:00,0.09124,0.09131,0.09121,0.09124,1052275,96028.4122
DOGEUSDT,1775273700000,2026-04-04 03:35:00,2026-04-04 12:35:00,0.09123,0.09129,0.09123,0.09126,224703,20505.09017
DOGEUSDT,1775274000000,2026-04-04 03:40:00,2026-04-04 12:40:00,0.09125,0.09134,0.09125,0.09131,1054384,96289.11548
DOGEUSDT,1775274300000,2026-04-04 03:45:00,2026-04-04 12:45:00,0.09132,0.09132,0.09126,0.0913,419567,38296.49473
DOGEUSDT,1775274600000,2026-04-04 03:50:00,2026-04-04 12:50:00,0.09129,0.09131,0.09125,0.09129,461732,42147.69346
DOGEUSDT,1775274900000,2026-04-04 03:55:00,2026-04-04 12:55:00,0.0913,0.0913,0.09125,0.09125,463518,42301.09016
DOGEUSDT,1775275200000,2026-04-04 04:00:00,2026-04-04 13:00:00,0.09126,0.09126,0.09118,0.09122,1933461,176396.63441
DOGEUSDT,1775275500000,2026-04-04 04:05:00,2026-04-04 13:05:00,0.09122,0.09132,0.09121,0.09128,516705,47168.50167
DOGEUSDT,1775275800000,2026-04-04 04:10:00,2026-04-04 13:10:00,0.09128,0.09129,0.09124,0.09124,239761,21882.32658
DOGEUSDT,1775276100000,2026-04-04 04:15:00,2026-04-04 13:15:00,0.09125,0.09129,0.09122,0.09122,284689,25979.82396
DOGEUSDT,1775276400000,2026-04-04 04:20:00,2026-04-04 13:20:00,0.09121,0.09127,0.09119,0.09124,132225,12061.99289
DOGEUSDT,1775276700000,2026-04-04 04:25:00,2026-04-04 13:25:00,0.09125,0.09134,0.09123,0.09134,185845,16966.43175
DOGEUSDT,1775277000000,2026-04-04 04:30:00,2026-04-04 13:30:00,0.09134,0.09136,0.0913,0.09135,395656,36137.52096
DOGEUSDT,1775277300000,2026-04-04 04:35:00,2026-04-04 13:35:00,0.09135,0.09148,0.09133,0.09145,426922,39026.52963
DOGEUSDT,1775277600000,2026-04-04 04:40:00,2026-04-04 13:40:00,0.09145,0.09152,0.09144,0.09146,141581,12952.37132
DOGEUSDT,1775277900000,2026-04-04 04:45:00,2026-04-04 13:45:00,0.09145,0.09147,0.09137,0.09139,196910,18002.60555
DOGEUSDT,1775278200000,2026-04-04 04:50:00,2026-04-04 13:50:00,0.09139,0.0914,0.09134,0.09138,301881,27579.93019
DOGEUSDT,1775278500000,2026-04-04 04:55:00,2026-04-04 13:55:00,0.09139,0.0914,0.09133,0.09134,239056,21843.52891
DOGEUSDT,1775278800000,2026-04-04 05:00:00,2026-04-04 14:00:00,0.09133,0.09133,0.09123,0.09126,609252,55608.14555
DOGEUSDT,1775279100000,2026-04-04 05:05:00,2026-04-04 14:05:00,0.09126,0.09126,0.09118,0.09118,591751,53987.86607
DOGEUSDT,1775279400000,2026-04-04 05:10:00,2026-04-04 14:10:00,0.09119,0.09121,0.09111,0.09114,562198,51252.28682
DOGEUSDT,1775279700000,2026-04-04 05:15:00,2026-04-04 14:15:00,0.09115,0.09118,0.09114,0.09116,429471,39151.31928
DOGEUSDT,1775280000000,2026-04-04 05:20:00,2026-04-04 14:20:00,0.09116,0.09126,0.09116,0.09121,388327,35415.97168
DOGEUSDT,1775280300000,2026-04-04 05:25:00,2026-04-04 14:25:00,0.0912,0.0912,0.09111,0.09117,641285,58448.00931
DOGEUSDT,1775280600000,2026-04-04 05:30:00,2026-04-04 14:30:00,0.09118,0.09131,0.09118,0.09127,689836,62962.35379
DOGEUSDT,1775280900000,2026-04-04 05:35:00,2026-04-04 14:35:00,0.09127,0.09127,0.09116,0.09119,542186,49461.29285
DOGEUSDT,1775281200000,2026-04-04 05:40:00,2026-04-04 14:40:00,0.09119,0.0912,0.09112,0.09112,563105,51323.762
DOGEUSDT,1775281500000,2026-04-04 05:45:00,2026-04-04 14:45:00,0.09112,0.09118,0.0911,0.09112,2497485,227686.42583
DOGEUSDT,1775281800000,2026-04-04 05:50:00,2026-04-04 14:50:00,0.09113,0.09119,0.09112,0.09113,586351,53443.77477
DOGEUSDT,1775282100000,2026-04-04 05:55:00,2026-04-04 14:55:00,0.09113,0.09118,0.09112,0.09114,366445,33398.90712
DOGEUSDT,1775282400000,2026-04-04 06:00:00,2026-04-04 15:00:00,0.09115,0.0912,0.09112,0.09115,306535,27946.64596
DOGEUSDT,1775282700000,2026-04-04 06:05:00,2026-04-04 15:05:00,0.09115,0.09119,0.09111,0.09113,437997,39919.88902
DOGEUSDT,1775283000000,2026-04-04 06:10:00,2026-04-04 15:10:00,0.09114,0.09125,0.09105,0.09108,2035226,185455.93116
DOGEUSDT,1775283300000,2026-04-04 06:15:00,2026-04-04 15:15:00,0.09109,0.0912,0.09108,0.09119,326658,29767.70202
DOGEUSDT,1775283600000,2026-04-04 06:20:00,2026-04-04 15:20:00,0.0912,0.09121,0.09102,0.09102,344609,31386.96837
DOGEUSDT,1775283900000,2026-04-04 06:25:00,2026-04-04 15:25:00,0.09103,0.09121,0.09102,0.09117,2320626,211575.37984
DOGEUSDT,1775284200000,2026-04-04 06:30:00,2026-04-04 15:30:00,0.09118,0.09125,0.09117,0.09124,169073,15419.58514
DOGEUSDT,1775284500000,2026-04-04 06:35:00,2026-04-04 15:35:00,0.09124,0.09127,0.09118,0.09122,438305,39984.17552
DOGEUSDT,1775284800000,2026-04-04 06:40:00,2026-04-04 15:40:00,0.09121,0.09129,0.09121,0.09129,188595,17213.0477
DOGEUSDT,1775285100000,2026-04-04 06:45:00,2026-04-04 15:45:00,0.09129,0.09142,0.09129,0.09141,559903,51148.52047
DOGEUSDT,1775285400000,2026-04-04 06:50:00,2026-04-04 15:50:00,0.09141,0.09151,0.09138,0.09149,977823,89414.24047
DOGEUSDT,1775285700000,2026-04-04 06:55:00,2026-04-04 15:55:00,0.0915,0.0915,0.09143,0.09144,178275,16303.87244
DOGEUSDT,1775286000000,2026-04-04 07:00:00,2026-04-04 16:00:00,0.09145,0.09148,0.09137,0.09138,416879,38103.86258
DOGEUSDT,1775286300000,2026-04-04 07:05:00,2026-04-04 16:05:00,0.09138,0.09138,0.09131,0.09133,305583,27918.49554
DOGEUSDT,1775286600000,2026-04-04 07:10:00,2026-04-04 16:10:00,0.09132,0.09137,0.09131,0.09137,374512,34206.25218
DOGEUSDT,1775286900000,2026-04-04 07:15:00,2026-04-04 16:15:00,0.09137,0.09137,0.09122,0.09122,285691,26085.5025
DOGEUSDT,1775287200000,2026-04-04 07:20:00,2026-04-04 16:20:00,0.09121,0.09126,0.09118,0.09125,311565,28423.36952
DOGEUSDT,1775287500000,2026-04-04 07:25:00,2026-04-04 16:25:00,0.09125,0.09127,0.09123,0.09123,277449,25319.06794
DOGEUSDT,1775287800000,2026-04-04 07:30:00,2026-04-04 16:30:00,0.09123,0.09135,0.09119,0.09134,220015,20079.014
DOGEUSDT,1775288100000,2026-04-04 07:35:00,2026-04-04 16:35:00,0.09134,0.09137,0.09131,0.09133,827321,75568.96437
DOGEUSDT,1775288400000,2026-04-04 07:40:00,2026-04-04 16:40:00,0.09132,0.09136,0.09131,0.09134,436050,39826.18844
DOGEUSDT,1775288700000,2026-04-04 07:45:00,2026-04-04 16:45:00,0.09134,0.09141,0.09127,0.09136,2053502,187541.5101
DOGEUSDT,1775289000000,2026-04-04 07:50:00,2026-04-04 16:50:00,0.09136,0.09137,0.09133,0.09137,154424,14106.26318
DOGEUSDT,1775289300000,2026-04-04 07:55:00,2026-04-04 16:55:00,0.09136,0.09141,0.09134,0.09137,419586,38339.50884
DOGEUSDT,1775289600000,2026-04-04 08:00:00,2026-04-04 17:00:00,0.09138,0.09138,0.09128,0.09128,581581,53111.35339
DOGEUSDT,1775289900000,2026-04-04 08:05:00,2026-04-04 17:05:00,0.09129,0.09134,0.09123,0.09123,564433,51538.45476
DOGEUSDT,1775290200000,2026-04-04 08:10:00,2026-04-04 17:10:00,0.09124,0.09127,0.09121,0.09124,711698,64928.12577
DOGEUSDT,1775290500000,2026-04-04 08:15:00,2026-04-04 17:15:00,0.09123,0.09126,0.0912,0.0912,153889,14039.6306
DOGEUSDT,1775290800000,2026-04-04 08:20:00,2026-04-04 17:20:00,0.0912,0.09127,0.0912,0.09123,237813,21695.48922
DOGEUSDT,1775291100000,2026-04-04 08:25:00,2026-04-04 17:25:00,0.09122,0.09126,0.09122,0.09126,99118,9043.59995
DOGEUSDT,1775291400000,2026-04-04 08:30:00,2026-04-04 17:30:00,0.09125,0.09127,0.09111,0.09112,224525,20470.35409
DOGEUSDT,1775291700000,2026-04-04 08:35:00,2026-04-04 17:35:00,0.09112,0.09119,0.09111,0.09113,715424,65222.64061
DOGEUSDT,1775292000000,2026-04-04 08:40:00,2026-04-04 17:40:00,0.09112,0.09116,0.09108,0.09113,505413,46048.80969
DOGEUSDT,1775292300000,2026-04-04 08:45:00,2026-04-04 17:45:00,0.09113,0.09114,0.09108,0.09112,222915,20309.26046
DOGEUSDT,1775292600000,2026-04-04 08:50:00,2026-04-04 17:50:00,0.09112,0.09112,0.09106,0.09106,539111,49098.3033
DOGEUSDT,1775292900000,2026-04-04 08:55:00,2026-04-04 17:55:00,0.09106,0.09111,0.09103,0.09111,432762,39410.18099
DOGEUSDT,1775293200000,2026-04-04 09:00:00,2026-04-04 18:00:00,0.09112,0.09113,0.09109,0.09109,345934,31517.54032
DOGEUSDT,1775293500000,2026-04-04 09:05:00,2026-04-04 18:05:00,0.09109,0.09113,0.09109,0.09113,101826,9277.99713
DOGEUSDT,1775293800000,2026-04-04 09:10:00,2026-04-04 18:10:00,0.09112,0.09115,0.09108,0.09108,396948,36175.69492
DOGEUSDT,1775294100000,2026-04-04 09:15:00,2026-04-04 18:15:00,0.09108,0.09109,0.091,0.09104,664264,60468.79754
DOGEUSDT,1775294400000,2026-04-04 09:20:00,2026-04-04 18:20:00,0.09103,0.09109,0.09102,0.09108,289702,26383.30118
DOGEUSDT,1775294700000,2026-04-04 09:25:00,2026-04-04 18:25:00,0.09108,0.09115,0.09107,0.09111,417945,38077.06748
DOGEUSDT,1775295000000,2026-04-04 09:30:00,2026-04-04 18:30:00,0.09111,0.09111,0.09103,0.09105,948292,86371.1458
DOGEUSDT,1775295300000,2026-04-04 09:35:00,2026-04-04 18:35:00,0.09105,0.09105,0.09095,0.09095,255941,23289.4836
DOGEUSDT,1775295600000,2026-04-04 09:40:00,2026-04-04 18:40:00,0.09095,0.09096,0.09092,0.09092,252479,22959.39044
DOGEUSDT,1775295900000,2026-04-04 09:45:00,2026-04-04 18:45:00,0.09093,0.09101,0.09093,0.09095,716764,65209.02309
DOGEUSDT,1775296200000,2026-04-04 09:50:00,2026-04-04 18:50:00,0.09095,0.09095,0.09093,0.09095,277177,25206.68538
DOGEUSDT,1775296500000,2026-04-04 09:55:00,2026-04-04 18:55:00,0.09096,0.09097,0.09092,0.09093,360399,32777.02962
DOGEUSDT,1775296800000,2026-04-04 10:00:00,2026-04-04 19:00:00,0.09094,0.09096,0.09089,0.09092,634178,57665.90255
DOGEUSDT,1775297100000,2026-04-04 10:05:00,2026-04-04 19:05:00,0.09091,0.09093,0.09087,0.09088,2120011,192699.34518
DOGEUSDT,1775297400000,2026-04-04 10:10:00,2026-04-04 19:10:00,0.09088,0.09088,0.0908,0.09083,1004377,91237.84327
DOGEUSDT,1775297700000,2026-04-04 10:15:00,2026-04-04 19:15:00,0.09082,0.09088,0.09082,0.09084,514970,46779.52946
DOGEUSDT,1775298000000,2026-04-04 10:20:00,2026-04-04 19:20:00,0.09084,0.09087,0.0908,0.09081,1074465,97597.11892
DOGEUSDT,1775298300000,2026-04-04 10:25:00,2026-04-04 19:25:00,0.09081,0.09087,0.09073,0.09084,1950155,177088.13968
DOGEUSDT,1775298600000,2026-04-04 10:30:00,2026-04-04 19:30:00,0.09083,0.09087,0.09079,0.09084,357445,32468.52042
DOGEUSDT,1775298900000,2026-04-04 10:35:00,2026-04-04 19:35:00,0.09084,0.091,0.09083,0.09097,242725,22071.78823
DOGEUSDT,1775299200000,2026-04-04 10:40:00,2026-04-04 19:40:00,0.09098,0.0911,0.09098,0.09101,1205267,109746.86982
DOGEUSDT,1775299500000,2026-04-04 10:45:00,2026-04-04 19:45:00,0.09101,0.09109,0.09096,0.09104,541880,49319.88223
DOGEUSDT,1775299800000,2026-04-04 10:50:00,2026-04-04 19:50:00,0.09103,0.09106,0.09099,0.09102,497273,45263.11289
DOGEUSDT,1775300100000,2026-04-04 10:55:00,2026-04-04 19:55:00,0.09102,0.09106,0.09099,0.09106,195896,17830.3486
DOGEUSDT,1775300400000,2026-04-04 11:00:00,2026-04-04 20:00:00,0.09106,0.09109,0.09098,0.09101,480012,43690.7857
DOGEUSDT,1775300700000,2026-04-04 11:05:00,2026-04-04 20:05:00,0.09101,0.09106,0.09099,0.09106,251728,22913.24785
DOGEUSDT,1775301000000,2026-04-04 11:10:00,2026-04-04 20:10:00,0.09106,0.09117,0.09104,0.09115,985453,89773.06076
DOGEUSDT,1775301300000,2026-04-04 11:15:00,2026-04-04 20:15:00,0.09115,0.09117,0.09107,0.09117,200621,18280.33496
DOGEUSDT,1775301600000,2026-04-04 11:20:00,2026-04-04 20:20:00,0.09116,0.09117,0.09113,0.09113,135700,12369.34973
DOGEUSDT,1775301900000,2026-04-04 11:25:00,2026-04-04 20:25:00,0.09112,0.09113,0.0911,0.0911,421737,38426.06709
DOGEUSDT,1775302200000,2026-04-04 11:30:00,2026-04-04 20:30:00,0.0911,0.09112,0.09109,0.09111,148436,13522.74529
DOGEUSDT,1775302500000,2026-04-04 11:35:00,2026-04-04 20:35:00,0.09111,0.09112,0.09108,0.09111,152842,13923.31862
DOGEUSDT,1775302800000,2026-04-04 11:40:00,2026-04-04 20:40:00,0.09111,0.0912,0.09109,0.09119,176988,16130.97822
DOGEUSDT,1775303100000,2026-04-04 11:45:00,2026-04-04 20:45:00,0.0912,0.09123,0.09119,0.09121,797270,72721.311
DOGEUSDT,1775303400000,2026-04-04 11:50:00,2026-04-04 20:50:00,0.09121,0.09121,0.09115,0.09117,155896,14214.60905
DOGEUSDT,1775303700000,2026-04-04 11:55:00,2026-04-04 20:55:00,0.09117,0.09118,0.09113,0.09114,107580,9806.59596
DOGEUSDT,1775304000000,2026-04-04 12:00:00,2026-04-04 21:00:00,0.09115,0.09116,0.09109,0.09109,311205,28353.99287
DOGEUSDT,1775304300000,2026-04-04 12:05:00,2026-04-04 21:05:00,0.09109,0.0911,0.09102,0.09103,349466,31816.6889
DOGEUSDT,1775304600000,2026-04-04 12:10:00,2026-04-04 21:10:00,0.09103,0.09105,0.09099,0.09099,281550,25630.05437
DOGEUSDT,1775304900000,2026-04-04 12:15:00,2026-04-04 21:15:00,0.09099,0.09104,0.09084,0.09103,1827560,166175.36815
DOGEUSDT,1775305200000,2026-04-04 12:20:00,2026-04-04 21:20:00,0.09103,0.09117,0.09103,0.09117,143373,13059.52715
DOGEUSDT,1775305500000,2026-04-04 12:25:00,2026-04-04 21:25:00,0.09117,0.09117,0.091,0.091,247993,22592.30413
DOGEUSDT,1775305800000,2026-04-04 12:30:00,2026-04-04 21:30:00,0.091,0.09108,0.091,0.09107,181375,16512.46413
DOGEUSDT,1775306100000,2026-04-04 12:35:00,2026-04-04 21:35:00,0.09106,0.09107,0.09096,0.09096,141654,12894.82356
DOGEUSDT,1775306400000,2026-04-04 12:40:00,2026-04-04 21:40:00,0.09096,0.09096,0.09087,0.09088,284114,25829.04801
DOGEUSDT,1775306700000,2026-04-04 12:45:00,2026-04-04 21:45:00,0.09087,0.09097,0.09087,0.09093,210204,19113.03328
DOGEUSDT,1775307000000,2026-04-04 12:50:00,2026-04-04 21:50:00,0.09093,0.09097,0.09091,0.09096,252922,22998.47557
DOGEUSDT,1775307300000,2026-04-04 12:55:00,2026-04-04 21:55:00,0.09097,0.09098,0.09094,0.09097,135955,12366.44914
DOGEUSDT,1775307600000,2026-04-04 13:00:00,2026-04-04 22:00:00,0.09097,0.09102,0.09089,0.09095,1317414,119886.11706
DOGEUSDT,1775307900000,2026-04-04 13:05:00,2026-04-04 22:05:00,0.09095,0.09095,0.09089,0.0909,267628,24332.03816
DOGEUSDT,1775308200000,2026-04-04 13:10:00,2026-04-04 22:10:00,0.09091,0.09098,0.09089,0.09097,205521,18688.20551
DOGEUSDT,1775308500000,2026-04-04 13:15:00,2026-04-04 22:15:00,0.09097,0.09102,0.09094,0.091,458324,41701.54731
DOGEUSDT,1775308800000,2026-04-04 13:20:00,2026-04-04 22:20:00,0.09101,0.09107,0.09092,0.09093,601358,54728.9506
DOGEUSDT,1775309100000,2026-04-04 13:25:00,2026-04-04 22:25:00,0.09094,0.09095,0.09091,0.09091,139469,12682.44732
DOGEUSDT,1775309400000,2026-04-04 13:30:00,2026-04-04 22:30:00,0.09091,0.09092,0.09086,0.09087,238829,21706.06203
DOGEUSDT,1775309700000,2026-04-04 13:35:00,2026-04-04 22:35:00,0.09088,0.09113,0.09086,0.09107,1273781,115916.99905
DOGEUSDT,1775310000000,2026-04-04 13:40:00,2026-04-04 22:40:00,0.09107,0.0911,0.09105,0.09108,491035,44719.67653
DOGEUSDT,1775310300000,2026-04-04 13:45:00,2026-04-04 22:45:00,0.09107,0.09109,0.09091,0.09094,519530,47279.76606
DOGEUSDT,1775310600000,2026-04-04 13:50:00,2026-04-04 22:50:00,0.09094,0.09098,0.09085,0.09089,921117,83771.62312
DOGEUSDT,1775310900000,2026-04-04 13:55:00,2026-04-04 22:55:00,0.09089,0.09112,0.09089,0.09102,3561160,324271.92777
DOGEUSDT,1775311200000,2026-04-04 14:00:00,2026-04-04 23:00:00,0.09102,0.09111,0.09101,0.09102,453646,41311.88897
DOGEUSDT,1775311500000,2026-04-04 14:05:00,2026-04-04 23:05:00,0.09101,0.09105,0.09101,0.09103,263184,23955.71223
DOGEUSDT,1775311800000,2026-04-04 14:10:00,2026-04-04 23:10:00,0.09104,0.09104,0.09097,0.09097,523707,47663.19219
DOGEUSDT,1775312100000,2026-04-04 14:15:00,2026-04-04 23:15:00,0.09097,0.09102,0.09093,0.09101,6197710,564003.13631
DOGEUSDT,1775312400000,2026-04-04 14:20:00,2026-04-04 23:20:00,0.09102,0.09103,0.09097,0.09099,761652,69320.10914
DOGEUSDT,1775312700000,2026-04-04 14:25:00,2026-04-04 23:25:00,0.091,0.09107,0.09099,0.09099,723040,65825.58592
DOGEUSDT,1775313000000,2026-04-04 14:30:00,2026-04-04 23:30:00,0.09099,0.09101,0.09095,0.09098,443594,40354.36882
DOGEUSDT,1775313300000,2026-04-04 14:35:00,2026-04-04 23:35:00,0.09097,0.09101,0.09082,0.09084,840349,76431.31397
DOGEUSDT,1775313600000,2026-04-04 14:40:00,2026-04-04 23:40:00,0.09083,0.09106,0.09074,0.09104,5992171,544498.83688
DOGEUSDT,1775313900000,2026-04-04 14:45:00,2026-04-04 23:45:00,0.09104,0.09116,0.09104,0.09111,400140,36460.4928
DOGEUSDT,1775314200000,2026-04-04 14:50:00,2026-04-04 23:50:00,0.09111,0.09111,0.09104,0.09109,251770,22926.60488
DOGEUSDT,1775314500000,2026-04-04 14:55:00,2026-04-04 23:55:00,0.09109,0.09114,0.09105,0.09112,797415,72638.84319
DOGEUSDT,1775314800000,2026-04-04 15:00:00,2026-04-05 00:00:00,0.09112,0.09124,0.09108,0.09123,868511,79183.70577
DOGEUSDT,1775315100000,2026-04-04 15:05:00,2026-04-05 00:05:00,0.09123,0.09149,0.09123,0.09143,4789943,437641.92005
DOGEUSDT,1775315400000,2026-04-04 15:10:00,2026-04-05 00:10:00,0.09144,0.09167,0.09134,0.0915,3703749,338868.37367
DOGEUSDT,1775315700000,2026-04-04 15:15:00,2026-04-05 00:15:00,0.0915,0.09163,0.09146,0.09157,2164454,198183.70562
DOGEUSDT,1775316000000,2026-04-04 15:20:00,2026-04-05 00:20:00,0.09158,0.09194,0.09158,0.09162,5773431,529496.2544
DOGEUSDT,1775316300000,2026-04-04 15:25:00,2026-04-05 00:25:00,0.09162,0.0917,0.09146,0.09151,1238209,113449.99641
DOGEUSDT,1775316600000,2026-04-04 15:30:00,2026-04-05 00:30:00,0.09151,0.09165,0.09151,0.09162,488471,44731.467
DOGEUSDT,1775316900000,2026-04-04 15:35:00,2026-04-05 00:35:00,0.09161,0.09172,0.09156,0.09162,1647319,150910.36413
DOGEUSDT,1775317200000,2026-04-04 15:40:00,2026-04-05 00:40:00,0.09161,0.09176,0.09148,0.09162,2042107,187132.66736
DOGEUSDT,1775317500000,2026-04-04 15:45:00,2026-04-05 00:45:00,0.09161,0.09171,0.09159,0.0917,477105,43727.45614
DOGEUSDT,1775317800000,2026-04-04 15:50:00,2026-04-05 00:50:00,0.0917,0.09171,0.09166,0.09168,658333,60360.52724
DOGEUSDT,1775318100000,2026-04-04 15:55:00,2026-04-05 00:55:00,0.09168,0.09177,0.09166,0.09176,647626,59391.05499
DOGEUSDT,1775318400000,2026-04-04 16:00:00,2026-04-05 01:00:00,0.09177,0.09182,0.09165,0.09165,974549,89409.29793
DOGEUSDT,1775318700000,2026-04-04 16:05:00,2026-04-05 01:05:00,0.09164,0.09169,0.09159,0.09159,1312229,120275.14333
DOGEUSDT,1775319000000,2026-04-04 16:10:00,2026-04-05 01:10:00,0.0916,0.09161,0.09156,0.09159,455938,41755.93177
DOGEUSDT,1775319300000,2026-04-04 16:15:00,2026-04-05 01:15:00,0.09159,0.09164,0.09152,0.09163,1066059,97594.83459
DOGEUSDT,1775319600000,2026-04-04 16:20:00,2026-04-05 01:20:00,0.09162,0.0918,0.09161,0.09179,681267,62494.58298
DOGEUSDT,1775319900000,2026-04-04 16:25:00,2026-04-05 01:25:00,0.0918,0.092,0.09179,0.0919,1795244,164987.61372
DOGEUSDT,1775320200000,2026-04-04 16:30:00,2026-04-05 01:30:00,0.09191,0.09198,0.09179,0.0919,2243499,206024.38874
DOGEUSDT,1775320500000,2026-04-04 16:35:00,2026-04-05 01:35:00,0.0919,0.09196,0.0919,0.09195,2572247,236484.06222
DOGEUSDT,1775320800000,2026-04-04 16:40:00,2026-04-05 01:40:00,0.09195,0.092,0.09191,0.09196,1650436,151758.13478
DOGEUSDT,1775321100000,2026-04-04 16:45:00,2026-04-05 01:45:00,0.09197,0.09205,0.09185,0.09205,4407858,405409.58139
DOGEUSDT,1775321400000,2026-04-04 16:50:00,2026-04-05 01:50:00,0.09205,0.09214,0.09187,0.09188,2402755,221078.60494
DOGEUSDT,1775321700000,2026-04-04 16:55:00,2026-04-05 01:55:00,0.09188,0.09193,0.09181,0.09185,1725441,158521.04837
DOGEUSDT,1775322000000,2026-04-04 17:00:00,2026-04-05 02:00:00,0.09185,0.09188,0.09172,0.09185,1049574,96347.29714
DOGEUSDT,1775322300000,2026-04-04 17:05:00,2026-04-05 02:05:00,0.09184,0.09188,0.09169,0.09171,385571,35378.11232
DOGEUSDT,1775322600000,2026-04-04 17:10:00,2026-04-05 02:10:00,0.09171,0.092,0.09168,0.09199,997844,91673.2459
DOGEUSDT,1775322900000,2026-04-04 17:15:00,2026-04-05 02:15:00,0.092,0.09234,0.092,0.09224,10413086,960116.4978
DOGEUSDT,1775323200000,2026-04-04 17:20:00,2026-04-05 02:20:00,0.09224,0.09234,0.09211,0.09233,2669425,246149.60068
DOGEUSDT,1775323500000,2026-04-04 17:25:00,2026-04-05 02:25:00,0.09232,0.09248,0.09229,0.0924,5227968,483037.01472
DOGEUSDT,1775323800000,2026-04-04 17:30:00,2026-04-05 02:30:00,0.0924,0.09248,0.09233,0.09241,3177177,293662.50702
DOGEUSDT,1775324100000,2026-04-04 17:35:00,2026-04-05 02:35:00,0.0924,0.0924,0.09222,0.0923,1625958,150025.10828
DOGEUSDT,1775324400000,2026-04-04 17:40:00,2026-04-05 02:40:00,0.0923,0.09244,0.0923,0.09233,2458413,227089.7199
DOGEUSDT,1775324700000,2026-04-04 17:45:00,2026-04-05 02:45:00,0.09233,0.09234,0.09218,0.09218,1123396,103622.7375
DOGEUSDT,1775325000000,2026-04-04 17:50:00,2026-04-05 02:50:00,0.09218,0.09234,0.09217,0.09227,1330469,122744.0701
DOGEUSDT,1775325300000,2026-04-04 17:55:00,2026-04-05 02:55:00,0.09226,0.0923,0.09218,0.09224,1227295,113209.55137
DOGEUSDT,1775325600000,2026-04-04 18:00:00,2026-04-05 03:00:00,0.09225,0.09245,0.09225,0.09237,3733349,344816.93478
DOGEUSDT,1775325900000,2026-04-04 18:05:00,2026-04-05 03:05:00,0.09236,0.09242,0.09229,0.0924,1658291,153163.4856
DOGEUSDT,1775326200000,2026-04-04 18:10:00,2026-04-05 03:10:00,0.0924,0.09247,0.09228,0.09228,1390570,128427.83838
DOGEUSDT,1775326500000,2026-04-04 18:15:00,2026-04-05 03:15:00,0.09228,0.09238,0.09226,0.09238,1789377,165173.96974
DOGEUSDT,1775326800000,2026-04-04 18:20:00,2026-04-05 03:20:00,0.09238,0.09245,0.09234,0.09242,1556339,143784.45285
DOGEUSDT,1775327100000,2026-04-04 18:25:00,2026-04-05 03:25:00,0.09242,0.09243,0.09232,0.09235,2646974,244506.03085
DOGEUSDT,1775327400000,2026-04-04 18:30:00,2026-04-05 03:30:00,0.09234,0.09234,0.09222,0.09224,1593636,147073.4061
DOGEUSDT,1775327700000,2026-04-04 18:35:00,2026-04-05 03:35:00,0.09225,0.09233,0.09224,0.0923,1058866,97738.90792
DOGEUSDT,1775328000000,2026-04-04 18:40:00,2026-04-05 03:40:00,0.0923,0.09232,0.09222,0.09226,1783152,164517.66823
DOGEUSDT,1775328300000,2026-04-04 18:45:00,2026-04-05 03:45:00,0.09226,0.09227,0.09219,0.09225,1177035,108553.28448
DOGEUSDT,1775328600000,2026-04-04 18:50:00,2026-04-05 03:50:00,0.09226,0.09229,0.09219,0.09226,591378,54543.81654
DOGEUSDT,1775328900000,2026-04-04 18:55:00,2026-04-05 03:55:00,0.09225,0.0923,0.09224,0.09225,944380,87126.09282
DOGEUSDT,1775329200000,2026-04-04 19:00:00,2026-04-05 04:00:00,0.09226,0.09275,0.09226,0.09274,8374358,775069.22469
DOGEUSDT,1775329500000,2026-04-04 19:05:00,2026-04-05 04:05:00,0.09274,0.09288,0.09247,0.09272,8920373,826782.17214
DOGEUSDT,1775329800000,2026-04-04 19:10:00,2026-04-05 04:10:00,0.09273,0.09306,0.09272,0.09305,5318924,494155.06373
DOGEUSDT,1775330100000,2026-04-04 19:15:00,2026-04-05 04:15:00,0.09305,0.09312,0.09272,0.09286,6074765,564731.20754
DOGEUSDT,1775330400000,2026-04-04 19:20:00,2026-04-05 04:20:00,0.09286,0.09286,0.09252,0.09255,1958830,181468.79183
DOGEUSDT,1775330700000,2026-04-04 19:25:00,2026-04-05 04:25:00,0.09255,0.09264,0.09235,0.09239,1425102,131826.53564
DOGEUSDT,1775331000000,2026-04-04 19:30:00,2026-04-05 04:30:00,0.09238,0.09245,0.09233,0.09236,1460388,134909.2071
DOGEUSDT,1775331300000,2026-04-04 19:35:00,2026-04-05 04:35:00,0.09235,0.09241,0.09231,0.09231,511084,47214.69653
DOGEUSDT,1775331600000,2026-04-04 19:40:00,2026-04-05 04:40:00,0.0923,0.0923,0.09215,0.09225,1312743,121048.9685
DOGEUSDT,1775331900000,2026-04-04 19:45:00,2026-04-05 04:45:00,0.09225,0.09233,0.09221,0.0923,1065467,98326.38662
DOGEUSDT,1775332200000,2026-04-04 19:50:00,2026-04-05 04:50:00,0.0923,0.09239,0.09229,0.09237,1224899,113118.69645
DOGEUSDT,1775332500000,2026-04-04 19:55:00,2026-04-05 04:55:00,0.09236,0.09236,0.09225,0.09228,958402,88470.28125
DOGEUSDT,1775332800000,2026-04-04 20:00:00,2026-04-05 05:00:00,0.09228,0.0924,0.09211,0.09217,713838,65855.07275
DOGEUSDT,1775333100000,2026-04-04 20:05:00,2026-04-05 05:05:00,0.09217,0.09221,0.09213,0.09218,1044767,96308.9282
DOGEUSDT,1775333400000,2026-04-04 20:10:00,2026-04-05 05:10:00,0.09219,0.09222,0.09217,0.09221,310992,28672.93991
DOGEUSDT,1775333700000,2026-04-04 20:15:00,2026-04-05 05:15:00,0.09221,0.09227,0.09219,0.09226,330303,30464.82067
DOGEUSDT,1775334000000,2026-04-04 20:20:00,2026-04-05 05:20:00,0.09226,0.09226,0.09215,0.09219,638682,58882.61257
DOGEUSDT,1775334300000,2026-04-04 20:25:00,2026-04-05 05:25:00,0.0922,0.09224,0.09212,0.09214,1331027,122680.02271
DOGEUSDT,1775334600000,2026-04-04 20:30:00,2026-04-05 05:30:00,0.09215,0.09217,0.0921,0.09212,476200,43875.07534
DOGEUSDT,1775334900000,2026-04-04 20:35:00,2026-04-05 05:35:00,0.09212,0.09217,0.09211,0.09217,478783,44115.66488
DOGEUSDT,1775335200000,2026-04-04 20:40:00,2026-04-05 05:40:00,0.09218,0.09219,0.09213,0.09216,215242,19838.72193
DOGEUSDT,1775335500000,2026-04-04 20:45:00,2026-04-05 05:45:00,0.09215,0.09219,0.0921,0.09217,315604,29084.57935
DOGEUSDT,1775335800000,2026-04-04 20:50:00,2026-04-05 05:50:00,0.09218,0.09218,0.0921,0.09211,264278,24352.02032
DOGEUSDT,1775336100000,2026-04-04 20:55:00,2026-04-05 05:55:00,0.0921,0.09212,0.09199,0.09203,1017207,93615.32621
DOGEUSDT,1775336400000,2026-04-04 21:00:00,2026-04-05 06:00:00,0.09203,0.09213,0.09202,0.09204,306478,28216.47355
DOGEUSDT,1775336700000,2026-04-04 21:05:00,2026-04-05 06:05:00,0.09204,0.09208,0.09199,0.09206,749732,68987.07859
DOGEUSDT,1775337000000,2026-04-04 21:10:00,2026-04-05 06:10:00,0.09205,0.09209,0.09199,0.09203,322835,29714.15605
DOGEUSDT,1775337300000,2026-04-04 21:15:00,2026-04-05 06:15:00,0.09204,0.0921,0.09203,0.0921,275040,25319.96412
DOGEUSDT,1775337600000,2026-04-04 21:20:00,2026-04-05 06:20:00,0.0921,0.09222,0.0921,0.09212,1331879,122759.87461
DOGEUSDT,1775337900000,2026-04-04 21:25:00,2026-04-05 06:25:00,0.09212,0.09225,0.09209,0.09219,1247431,114982.56893
DOGEUSDT,1775338200000,2026-04-04 21:30:00,2026-04-05 06:30:00,0.09219,0.09227,0.09219,0.09227,717695,66197.44374
DOGEUSDT,1775338500000,2026-04-04 21:35:00,2026-04-05 06:35:00,0.09227,0.0923,0.09217,0.09226,2302303,212423.3958
DOGEUSDT,1775338800000,2026-04-04 21:40:00,2026-04-05 06:40:00,0.09226,0.0923,0.09224,0.0923,3195114,294873.16561
DOGEUSDT,1775339100000,2026-04-04 21:45:00,2026-04-05 06:45:00,0.0923,0.09238,0.09225,0.09234,1926072,177819.34894
DOGEUSDT,1775339400000,2026-04-04 21:50:00,2026-04-05 06:50:00,0.09234,0.09242,0.09231,0.09232,1528456,141175.29811
DOGEUSDT,1775339700000,2026-04-04 21:55:00,2026-04-05 06:55:00,0.09231,0.09238,0.09208,0.09212,4268306,393713.6344
DOGEUSDT,1775340000000,2026-04-04 22:00:00,2026-04-05 07:00:00,0.09212,0.0922,0.09199,0.09214,3176011,292374.4412
DOGEUSDT,1775340300000,2026-04-04 22:05:00,2026-04-05 07:05:00,0.09213,0.09216,0.09204,0.09208,267018,24590.8561
DOGEUSDT,1775340600000,2026-04-04 22:10:00,2026-04-05 07:10:00,0.09208,0.09215,0.09202,0.09215,594640,54753.95849
DOGEUSDT,1775340900000,2026-04-04 22:15:00,2026-04-05 07:15:00,0.09214,0.09215,0.09208,0.09214,236376,21776.77553
DOGEUSDT,1775341200000,2026-04-04 22:20:00,2026-04-05 07:20:00,0.09214,0.09215,0.09203,0.09208,808700,74482.55096
DOGEUSDT,1775341500000,2026-04-04 22:25:00,2026-04-05 07:25:00,0.09208,0.09208,0.09205,0.09207,222378,20473.6116
DOGEUSDT,1775341800000,2026-04-04 22:30:00,2026-04-05 07:30:00,0.09206,0.09209,0.09201,0.09206,468707,43144.6702
DOGEUSDT,1775342100000,2026-04-04 22:35:00,2026-04-05 07:35:00,0.09206,0.09207,0.09203,0.09206,396397,36488.2963
DOGEUSDT,1775342400000,2026-04-04 22:40:00,2026-04-05 07:40:00,0.09205,0.09217,0.09204,0.09217,712547,65632.08896
DOGEUSDT,1775342700000,2026-04-04 22:45:00,2026-04-05 07:45:00,0.09216,0.09217,0.09206,0.09207,131729,12135.39265
DOGEUSDT,1775343000000,2026-04-04 22:50:00,2026-04-05 07:50:00,0.09208,0.09211,0.09206,0.09209,553796,50995.15927
DOGEUSDT,1775343300000,2026-04-04 22:55:00,2026-04-05 07:55:00,0.09209,0.0921,0.09204,0.09206,292809,26956.44153
DOGEUSDT,1775343600000,2026-04-04 23:00:00,2026-04-05 08:00:00,0.09206,0.09206,0.09198,0.09199,1233754,113522.39333
DOGEUSDT,1775343900000,2026-04-04 23:05:00,2026-04-05 08:05:00,0.09198,0.09205,0.09189,0.09205,1045023,96093.43896
DOGEUSDT,1775344200000,2026-04-04 23:10:00,2026-04-05 08:10:00,0.09204,0.09204,0.09196,0.09198,266589,24525.38572
DOGEUSDT,1775344500000,2026-04-04 23:15:00,2026-04-05 08:15:00,0.09199,0.09199,0.09191,0.09197,648456,59630.59465
DOGEUSDT,1775344800000,2026-04-04 23:20:00,2026-04-05 08:20:00,0.09196,0.09201,0.09196,0.09199,189578,17438.66819
DOGEUSDT,1775345100000,2026-04-04 23:25:00,2026-04-05 08:25:00,0.09198,0.09198,0.09188,0.09188,718624,66060.39088
DOGEUSDT,1775345400000,2026-04-04 23:30:00,2026-04-05 08:30:00,0.09189,0.09195,0.09188,0.09193,181203,16655.40312
DOGEUSDT,1775345700000,2026-04-04 23:35:00,2026-04-05 08:35:00,0.09193,0.09193,0.09188,0.0919,183424,16858.98802
DOGEUSDT,1775346000000,2026-04-04 23:40:00,2026-04-05 08:40:00,0.09189,0.09193,0.09182,0.09193,919331,84458.3445
DOGEUSDT,1775346300000,2026-04-04 23:45:00,2026-04-05 08:45:00,0.09193,0.09198,0.09189,0.09193,802325,73771.87417
DOGEUSDT,1775346600000,2026-04-04 23:50:00,2026-04-05 08:50:00,0.09194,0.09204,0.09193,0.09201,407844,37522.18567
DOGEUSDT,1775346900000,2026-04-04 23:55:00,2026-04-05 08:55:00,0.09201,0.09207,0.092,0.09207,205066,18875.64305
DOGEUSDT,1775347200000,2026-04-05 00:00:00,2026-04-05 09:00:00,0.09206,0.09215,0.09201,0.09205,724621,66734.65393
DOGEUSDT,1775347500000,2026-04-05 00:05:00,2026-04-05 09:05:00,0.09204,0.09207,0.09201,0.09203,319191,29378.64427
DOGEUSDT,1775347800000,2026-04-05 00:10:00,2026-04-05 09:10:00,0.09204,0.09204,0.09198,0.09199,378394,34813.21883
DOGEUSDT,1775348100000,2026-04-05 00:15:00,2026-04-05 09:15:00,0.09198,0.09203,0.09194,0.09194,331786,30523.26318
DOGEUSDT,1775348400000,2026-04-05 00:20:00,2026-04-05 09:20:00,0.09194,0.09195,0.09191,0.09192,371097,34110.95725
DOGEUSDT,1775348700000,2026-04-05 00:25:00,2026-04-05 09:25:00,0.09192,0.09194,0.09186,0.09191,2484673,228296.32309
DOGEUSDT,1775349000000,2026-04-05 00:30:00,2026-04-05 09:30:00,0.0919,0.09191,0.0918,0.0918,217202,19954.48612
DOGEUSDT,1775349300000,2026-04-05 00:35:00,2026-04-05 09:35:00,0.09181,0.09191,0.0918,0.09186,1529045,140488.17896
DOGEUSDT,1775349600000,2026-04-05 00:40:00,2026-04-05 09:40:00,0.09187,0.09189,0.09184,0.09186,448527,41207.07883
DOGEUSDT,1775349900000,2026-04-05 00:45:00,2026-04-05 09:45:00,0.09187,0.09188,0.09179,0.09185,616009,56577.9922
DOGEUSDT,1775350200000,2026-04-05 00:50:00,2026-04-05 09:50:00,0.09185,0.09185,0.09179,0.09183,429940,39479.3567
DOGEUSDT,1775350500000,2026-04-05 00:55:00,2026-04-05 09:55:00,0.09183,0.09183,0.0917,0.09178,1779054,163190.36556
DOGEUSDT,1775350800000,2026-04-05 01:00:00,2026-04-05 10:00:00,0.09178,0.09181,0.09151,0.09156,5251265,481074.87739
DOGEUSDT,1775351100000,2026-04-05 01:05:00,2026-04-05 10:05:00,0.09157,0.09162,0.09138,0.09155,11494396,1051246.02209
DOGEUSDT,1775351400000,2026-04-05 01:10:00,2026-04-05 10:10:00,0.09154,0.09178,0.09154,0.09173,1317991,120854.777
DOGEUSDT,1775351700000,2026-04-05 01:15:00,2026-04-05 10:15:00,0.09173,0.09175,0.09168,0.09168,275319,25248.84544
DOGEUSDT,1775352000000,2026-04-05 01:20:00,2026-04-05 10:20:00,0.09169,0.09173,0.09159,0.09161,608756,55797.06024
DOGEUSDT,1775352300000,2026-04-05 01:25:00,2026-04-05 10:25:00,0.09161,0.09161,0.09153,0.09155,748310,68520.68572
DOGEUSDT,1775352600000,2026-04-05 01:30:00,2026-04-05 10:30:00,0.09156,0.09156,0.09151,0.09153,801247,73339.78433
DOGEUSDT,1775352900000,2026-04-05 01:35:00,2026-04-05 10:35:00,0.09153,0.09155,0.0915,0.09151,990545,90668.49845
DOGEUSDT,1775353200000,2026-04-05 01:40:00,2026-04-05 10:40:00,0.0915,0.09155,0.09149,0.09154,477522,43707.52503
DOGEUSDT,1775353500000,2026-04-05 01:45:00,2026-04-05 10:45:00,0.09154,0.09157,0.09153,0.09157,451211,41308.04434
DOGEUSDT,1775353800000,2026-04-05 01:50:00,2026-04-05 10:50:00,0.09158,0.09158,0.09153,0.09153,457587,41898.77732
DOGEUSDT,1775354100000,2026-04-05 01:55:00,2026-04-05 10:55:00,0.09153,0.09157,0.09152,0.09153,490662,44916.39362
DOGEUSDT,1775354400000,2026-04-05 02:00:00,2026-04-05 11:00:00,0.09153,0.09153,0.09132,0.09148,1465831,133986.40757
DOGEUSDT,1775354700000,2026-04-05 02:05:00,2026-04-05 11:05:00,0.09148,0.0915,0.0914,0.09143,562540,51432.39213
DOGEUSDT,1775355000000,2026-04-05 02:10:00,2026-04-05 11:10:00,0.09142,0.09147,0.09142,0.09145,114582,10477.67462
DOGEUSDT,1775355300000,2026-04-05 02:15:00,2026-04-05 11:15:00,0.09145,0.0915,0.09141,0.09147,375551,34349.47658
DOGEUSDT,1775355600000,2026-04-05 02:20:00,2026-04-05 11:20:00,0.09146,0.09151,0.09134,0.09144,2178439,199180.53851
DOGEUSDT,1775355900000,2026-04-05 02:25:00,2026-04-05 11:25:00,0.09144,0.09146,0.09141,0.09141,661167,60448.08207
DOGEUSDT,1775356200000,2026-04-05 02:30:00,2026-04-05 11:30:00,0.0914,0.09146,0.09137,0.09145,497913,45518.31339
DOGEUSDT,1775356500000,2026-04-05 02:35:00,2026-04-05 11:35:00,0.09145,0.09149,0.09143,0.09147,535803,49006.42578
DOGEUSDT,1775356800000,2026-04-05 02:40:00,2026-04-05 11:40:00,0.09146,0.09147,0.09143,0.09145,491167,44916.49474
DOGEUSDT,1775357100000,2026-04-05 02:45:00,2026-04-05 11:45:00,0.09144,0.09145,0.09139,0.09145,152223,13916.79448
DOGEUSDT,1775357400000,2026-04-05 02:50:00,2026-04-05 11:50:00,0.09146,0.09152,0.09145,0.09149,595710,54497.7913
DOGEUSDT,1775357700000,2026-04-05 02:55:00,2026-04-05 11:55:00,0.09149,0.09154,0.09149,0.09153,131685,12052.19134
DOGEUSDT,1775358000000,2026-04-05 03:00:00,2026-04-05 12:00:00,0.09152,0.09154,0.0915,0.09151,196969,18026.97113
DOGEUSDT,1775358300000,2026-04-05 03:05:00,2026-04-05 12:05:00,0.09151,0.09153,0.0915,0.09152,282296,25836.31737
DOGEUSDT,1775358600000,2026-04-05 03:10:00,2026-04-05 12:10:00,0.09152,0.09155,0.09151,0.09154,170736,15626.7002
DOGEUSDT,1775358900000,2026-04-05 03:15:00,2026-04-05 12:15:00,0.09154,0.09155,0.09144,0.09144,237558,21738.24606
DOGEUSDT,1775359200000,2026-04-05 03:20:00,2026-04-05 12:20:00,0.09143,0.09146,0.09139,0.09146,339250,31019.13134
DOGEUSDT,1775359500000,2026-04-05 03:25:00,2026-04-05 12:25:00,0.09145,0.09148,0.09142,0.09143,400354,36612.43328
DOGEUSDT,1775359800000,2026-04-05 03:30:00,2026-04-05 12:30:00,0.09142,0.09142,0.09134,0.09134,362960,33171.94014
DOGEUSDT,1775360100000,2026-04-05 03:35:00,2026-04-05 12:35:00,0.09134,0.09142,0.09131,0.09138,513113,46884.73949
DOGEUSDT,1775360400000,2026-04-05 03:40:00,2026-04-05 12:40:00,0.09139,0.09148,0.09137,0.09145,284270,25983.36343
DOGEUSDT,1775360700000,2026-04-05 03:45:00,2026-04-05 12:45:00,0.09145,0.09148,0.09144,0.09146,93219,8525.3463
DOGEUSDT,1775361000000,2026-04-05 03:50:00,2026-04-05 12:50:00,0.09146,0.09147,0.09141,0.09142,419976,38397.10648
DOGEUSDT,1775361300000,2026-04-05 03:55:00,2026-04-05 12:55:00,0.09142,0.09142,0.09137,0.09139,246310,22509.908
DOGEUSDT,1775361600000,2026-04-05 04:00:00,2026-04-05 13:00:00,0.09139,0.09139,0.0913,0.09134,338869,30950.30532
DOGEUSDT,1775361900000,2026-04-05 04:05:00,2026-04-05 13:05:00,0.09133,0.09134,0.09124,0.09124,622798,56846.60963
DOGEUSDT,1775362200000,2026-04-05 04:10:00,2026-04-05 13:10:00,0.09125,0.09126,0.09115,0.09118,1140421,103994.45101
DOGEUSDT,1775362500000,2026-04-05 04:15:00,2026-04-05 13:15:00,0.09117,0.09117,0.09106,0.09113,1483295,135140.62264
DOGEUSDT,1775362800000,2026-04-05 04:20:00,2026-04-05 13:20:00,0.09112,0.09113,0.09105,0.09106,702415,63980.64601
DOGEUSDT,1775363100000,2026-04-05 04:25:00,2026-04-05 13:25:00,0.09106,0.09113,0.09105,0.09112,1702558,155059.00248
DOGEUSDT,1775363400000,2026-04-05 04:30:00,2026-04-05 13:30:00,0.09113,0.09115,0.0911,0.09113,156271,14239.71918
DOGEUSDT,1775363700000,2026-04-05 04:35:00,2026-04-05 13:35:00,0.09113,0.09113,0.09106,0.09112,255692,23293.17625
DOGEUSDT,1775364000000,2026-04-05 04:40:00,2026-04-05 13:40:00,0.09111,0.09112,0.09105,0.09106,341600,31115.19761
DOGEUSDT,1775364300000,2026-04-05 04:45:00,2026-04-05 13:45:00,0.09106,0.0911,0.09101,0.09103,1290699,117530.82725
DOGEUSDT,1775364600000,2026-04-05 04:50:00,2026-04-05 13:50:00,0.09104,0.09115,0.09103,0.09111,955989,87076.82797
DOGEUSDT,1775364900000,2026-04-05 04:55:00,2026-04-05 13:55:00,0.09111,0.09117,0.09108,0.09109,490661,44713.00564
DOGEUSDT,1775365200000,2026-04-05 05:00:00,2026-04-05 14:00:00,0.09109,0.09116,0.09105,0.09113,322281,29365.7398
DOGEUSDT,1775365500000,2026-04-05 05:05:00,2026-04-05 14:05:00,0.09113,0.09113,0.09105,0.09109,94022,8563.57488
DOGEUSDT,1775365800000,2026-04-05 05:10:00,2026-04-05 14:10:00,0.09108,0.09108,0.09097,0.09099,1335179,121513.15786
DOGEUSDT,1775366100000,2026-04-05 05:15:00,2026-04-05 14:15:00,0.09099,0.09104,0.09099,0.09101,295047,26852.36454
DOGEUSDT,1775366400000,2026-04-05 05:20:00,2026-04-05 14:20:00,0.09101,0.09101,0.09092,0.09101,2380114,216511.5645
DOGEUSDT,1775366700000,2026-04-05 05:25:00,2026-04-05 14:25:00,0.09102,0.09106,0.09098,0.09098,743094,67637.82763
DOGEUSDT,1775367000000,2026-04-05 05:30:00,2026-04-05 14:30:00,0.09098,0.09105,0.09098,0.09103,593665,54029.63925
DOGEUSDT,1775367300000,2026-04-05 05:35:00,2026-04-05 14:35:00,0.09103,0.09103,0.09099,0.09102,150792,13722.8477
DOGEUSDT,1775367600000,2026-04-05 05:40:00,2026-04-05 14:40:00,0.09103,0.09103,0.09094,0.091,863892,78597.65393
DOGEUSDT,1775367900000,2026-04-05 05:45:00,2026-04-05 14:45:00,0.091,0.09104,0.09098,0.09103,182934,16649.99305
DOGEUSDT,1775368200000,2026-04-05 05:50:00,2026-04-05 14:50:00,0.09102,0.09102,0.09056,0.09071,7812425,709100.51874
DOGEUSDT,1775368500000,2026-04-05 05:55:00,2026-04-05 14:55:00,0.09072,0.09072,0.09058,0.09071,1721358,156076.68874
DOGEUSDT,1775368800000,2026-04-05 06:00:00,2026-04-05 15:00:00,0.09072,0.09074,0.0906,0.0907,2506719,227250.3163
DOGEUSDT,1775369100000,2026-04-05 06:05:00,2026-04-05 15:05:00,0.0907,0.0907,0.09025,0.09029,16427169,1486429.78858
DOGEUSDT,1775369400000,2026-04-05 06:10:00,2026-04-05 15:10:00,0.0903,0.09032,0.09,0.09007,8385559,755615.71981
DOGEUSDT,1775369700000,2026-04-05 06:15:00,2026-04-05 15:15:00,0.09008,0.09008,0.0899,0.09005,8141700,732749.53743
DOGEUSDT,1775370000000,2026-04-05 06:20:00,2026-04-05 15:20:00,0.09005,0.09021,0.09003,0.09016,2053493,185077.80588
DOGEUSDT,1775370300000,2026-04-05 06:25:00,2026-04-05 15:25:00,0.09016,0.09019,0.09012,0.09017,1697750,153054.89717
DOGEUSDT,1775370600000,2026-04-05 06:30:00,2026-04-05 15:30:00,0.09016,0.09041,0.09012,0.09031,4717151,426026.28235
DOGEUSDT,1775370900000,2026-04-05 06:35:00,2026-04-05 15:35:00,0.09031,0.09039,0.09022,0.09035,2078205,187698.07748
DOGEUSDT,1775371200000,2026-04-05 06:40:00,2026-04-05 15:40:00,0.09034,0.09037,0.09031,0.09036,1759085,158912.56496
DOGEUSDT,1775371500000,2026-04-05 06:45:00,2026-04-05 15:45:00,0.09035,0.09038,0.09034,0.09035,442475,39982.43904
DOGEUSDT,1775371800000,2026-04-05 06:50:00,2026-04-05 15:50:00,0.09034,0.09041,0.09034,0.09036,903757,81673.90708
DOGEUSDT,1775372100000,2026-04-05 06:55:00,2026-04-05 15:55:00,0.09036,0.0904,0.09031,0.09031,653973,59100.4434
DOGEUSDT,1775372400000,2026-04-05 07:00:00,2026-04-05 16:00:00,0.09032,0.09042,0.0903,0.09035,1331944,120356.08213
DOGEUSDT,1775372700000,2026-04-05 07:05:00,2026-04-05 16:05:00,0.09034,0.0904,0.09032,0.09033,504847,45615.90887
DOGEUSDT,1775373000000,2026-04-05 07:10:00,2026-04-05 16:10:00,0.09033,0.09038,0.09033,0.09034,1806444,163224.18062
DOGEUSDT,1775373300000,2026-04-05 07:15:00,2026-04-05 16:15:00,0.09034,0.09037,0.09023,0.09034,1498873,135377.99335
DOGEUSDT,1775373600000,2026-04-05 07:20:00,2026-04-05 16:20:00,0.09034,0.09036,0.09028,0.09028,1301839,117596.36686
DOGEUSDT,1775373900000,2026-04-05 07:25:00,2026-04-05 16:25:00,0.09028,0.09031,0.09027,0.09027,484951,43784.05516
DOGEUSDT,1775374200000,2026-04-05 07:30:00,2026-04-05 16:30:00,0.09028,0.09028,0.09011,0.09016,1206046,108790.24177
DOGEUSDT,1775374500000,2026-04-05 07:35:00,2026-04-05 16:35:00,0.09015,0.09016,0.09007,0.09012,1453216,130952.22187
DOGEUSDT,1775374800000,2026-04-05 07:40:00,2026-04-05 16:40:00,0.09011,0.09015,0.09011,0.09014,399779,36031.09769
DOGEUSDT,1775375100000,2026-04-05 07:45:00,2026-04-05 16:45:00,0.09013,0.09023,0.09001,0.09001,14255671,1284936.9334
DOGEUSDT,1775375400000,2026-04-05 07:50:00,2026-04-05 16:50:00,0.09001,0.09011,0.09,0.09009,5280977,475384.19262
DOGEUSDT,1775375700000,2026-04-05 07:55:00,2026-04-05 16:55:00,0.09009,0.09013,0.09008,0.09009,802448,72301.03343
DOGEUSDT,1775376000000,2026-04-05 08:00:00,2026-04-05 17:00:00,0.0901,0.09012,0.09002,0.09012,1444298,130081.8038
DOGEUSDT,1775376300000,2026-04-05 08:05:00,2026-04-05 17:05:00,0.09011,0.09017,0.09008,0.09016,1214426,109432.39157
DOGEUSDT,1775376600000,2026-04-05 08:10:00,2026-04-05 17:10:00,0.09017,0.09032,0.09012,0.09024,3248011,293098.01462
DOGEUSDT,1775376900000,2026-04-05 08:15:00,2026-04-05 17:15:00,0.09023,0.09025,0.09021,0.09023,1091568,98490.19083
DOGEUSDT,1775377200000,2026-04-05 08:20:00,2026-04-05 17:20:00,0.09024,0.09034,0.09024,0.09028,908973,82090.08291
DOGEUSDT,1775377500000,2026-04-05 08:25:00,2026-04-05 17:25:00,0.09028,0.09028,0.09021,0.09024,549936,49620.90284
DOGEUSDT,1775377800000,2026-04-05 08:30:00,2026-04-05 17:30:00,0.09024,0.09027,0.09022,0.09026,388936,35100.3309
DOGEUSDT,1775378100000,2026-04-05 08:35:00,2026-04-05 17:35:00,0.09027,0.09031,0.09024,0.09024,525201,47414.22462
DOGEUSDT,1775378400000,2026-04-05 08:40:00,2026-04-05 17:40:00,0.09024,0.09026,0.09017,0.09018,2199427,198433.69048
DOGEUSDT,1775378700000,2026-04-05 08:45:00,2026-04-05 17:45:00,0.09018,0.09018,0.09015,0.09017,431747,38930.20249
DOGEUSDT,1775379000000,2026-04-05 08:50:00,2026-04-05 17:50:00,0.09017,0.09018,0.09013,0.09013,421609,38011.21919
DOGEUSDT,1775379300000,2026-04-05 08:55:00,2026-04-05 17:55:00,0.09012,0.09029,0.09011,0.09026,739093,66701.19636
DOGEUSDT,1775379600000,2026-04-05 09:00:00,2026-04-05 18:00:00,0.09025,0.09036,0.09025,0.09036,1811027,163568.23664
DOGEUSDT,1775379900000,2026-04-05 09:05:00,2026-04-05 18:05:00,0.09035,0.09044,0.09028,0.09034,4319638,390338.74499
DOGEUSDT,1775380200000,2026-04-05 09:10:00,2026-04-05 18:10:00,0.09034,0.09034,0.09024,0.09025,594904,53698.75531
DOGEUSDT,1775380500000,2026-04-05 09:15:00,2026-04-05 18:15:00,0.09024,0.09026,0.09017,0.09024,642135,57933.72747
DOGEUSDT,1775380800000,2026-04-05 09:20:00,2026-04-05 18:20:00,0.09025,0.09036,0.09024,0.09033,312850,28252.52544
DOGEUSDT,1775381100000,2026-04-05 09:25:00,2026-04-05 18:25:00,0.09033,0.09038,0.09033,0.09037,885464,80004.61527
DOGEUSDT,1775381400000,2026-04-05 09:30:00,2026-04-05 18:30:00,0.09036,0.09037,0.09032,0.09035,239648,21648.00307
DOGEUSDT,1775381700000,2026-04-05 09:35:00,2026-04-05 18:35:00,0.09035,0.09038,0.09032,0.09033,951244,85944.27997
DOGEUSDT,1775382000000,2026-04-05 09:40:00,2026-04-05 18:40:00,0.09034,0.09044,0.09033,0.09041,651689,58915.09948
DOGEUSDT,1775382300000,2026-04-05 09:45:00,2026-04-05 18:45:00,0.09041,0.09043,0.0904,0.09042,730976,66090.17412
DOGEUSDT,1775382600000,2026-04-05 09:50:00,2026-04-05 18:50:00,0.09042,0.09042,0.0904,0.09041,252717,22846.65628
DOGEUSDT,1775382900000,2026-04-05 09:55:00,2026-04-05 18:55:00,0.0904,0.09041,0.09036,0.09036,657522,59430.42416
DOGEUSDT,1775383200000,2026-04-05 10:00:00,2026-04-05 19:00:00,0.09035,0.09037,0.09027,0.09027,723829,65376.95787
DOGEUSDT,1775383500000,2026-04-05 10:05:00,2026-04-05 19:05:00,0.09028,0.09031,0.09025,0.09025,504922,45586.5348
DOGEUSDT,1775383800000,2026-04-05 10:10:00,2026-04-05 19:10:00,0.09025,0.09029,0.09023,0.09027,210031,18956.72363
DOGEUSDT,1775384100000,2026-04-05 10:15:00,2026-04-05 19:15:00,0.09026,0.09029,0.09024,0.09028,322919,29147.32285
DOGEUSDT,1775384400000,2026-04-05 10:20:00,2026-04-05 19:20:00,0.09028,0.0903,0.09027,0.09029,158566,14315.98076
DOGEUSDT,1775384700000,2026-04-05 10:25:00,2026-04-05 19:25:00,0.09029,0.09035,0.09029,0.09035,365423,33001.76075
DOGEUSDT,1775385000000,2026-04-05 10:30:00,2026-04-05 19:30:00,0.09034,0.09037,0.0903,0.09036,437269,39499.25168
DOGEUSDT,1775385300000,2026-04-05 10:35:00,2026-04-05 19:35:00,0.09037,0.09063,0.09037,0.0905,1516609,137320.5866
DOGEUSDT,1775385600000,2026-04-05 10:40:00,2026-04-05 19:40:00,0.09051,0.09054,0.09042,0.09045,632075,57183.66805
DOGEUSDT,1775385900000,2026-04-05 10:45:00,2026-04-05 19:45:00,0.09045,0.09045,0.0903,0.0903,1444216,130445.60545
DOGEUSDT,1775386200000,2026-04-05 10:50:00,2026-04-05 19:50:00,0.0903,0.09034,0.09027,0.0903,256554,23167.48048
DOGEUSDT,1775386500000,2026-04-05 10:55:00,2026-04-05 19:55:00,0.0903,0.09032,0.09026,0.09027,248996,22481.74591
DOGEUSDT,1775386800000,2026-04-05 11:00:00,2026-04-05 20:00:00,0.09027,0.0903,0.09021,0.09025,820432,74029.39192
DOGEUSDT,1775387100000,2026-04-05 11:05:00,2026-04-05 20:05:00,0.09025,0.09027,0.09024,0.09025,380864,34374.20424
DOGEUSDT,1775387400000,2026-04-05 11:10:00,2026-04-05 20:10:00,0.09025,0.0903,0.09024,0.09028,153832,13886.00838
DOGEUSDT,1775387700000,2026-04-05 11:15:00,2026-04-05 20:15:00,0.09028,0.09041,0.09027,0.09032,983939,88895.21272
DOGEUSDT,1775388000000,2026-04-05 11:20:00,2026-04-05 20:20:00,0.09032,0.09039,0.09032,0.09035,133225,12038.04344
DOGEUSDT,1775388300000,2026-04-05 11:25:00,2026-04-05 20:25:00,0.09035,0.09036,0.09025,0.09033,340102,30712.61782
DOGEUSDT,1775388600000,2026-04-05 11:30:00,2026-04-05 20:30:00,0.09032,0.09039,0.09032,0.09039,497774,44979.30538
DOGEUSDT,1775388900000,2026-04-05 11:35:00,2026-04-05 20:35:00,0.0904,0.09041,0.09033,0.09039,281172,25413.28071
DOGEUSDT,1775389200000,2026-04-05 11:40:00,2026-04-05 20:40:00,0.09038,0.09043,0.09036,0.09037,389518,35209.08624
DOGEUSDT,1775389500000,2026-04-05 11:45:00,2026-04-05 20:45:00,0.09038,0.0904,0.09037,0.09039,132954,12016.40097
DOGEUSDT,1775389800000,2026-04-05 11:50:00,2026-04-05 20:50:00,0.09039,0.09042,0.09038,0.09039,450193,40694.49046
DOGEUSDT,1775390100000,2026-04-05 11:55:00,2026-04-05 20:55:00,0.09039,0.0904,0.09035,0.09035,410826,37124.95444
DOGEUSDT,1775390400000,2026-04-05 12:00:00,2026-04-05 21:00:00,0.09035,0.09035,0.09017,0.09018,634062,57210.47026
DOGEUSDT,1775390700000,2026-04-05 12:05:00,2026-04-05 21:05:00,0.09018,0.09027,0.09017,0.09026,1014853,91534.6217
DOGEUSDT,1775391000000,2026-04-05 12:10:00,2026-04-05 21:10:00,0.09026,0.09026,0.09017,0.09019,295238,26629.32285
DOGEUSDT,1775391300000,2026-04-05 12:15:00,2026-04-05 21:15:00,0.09018,0.09022,0.09014,0.09017,598619,53979.66013
DOGEUSDT,1775391600000,2026-04-05 12:20:00,2026-04-05 21:20:00,0.09016,0.0902,0.09014,0.09018,1230201,110930.68045
DOGEUSDT,1775391900000,2026-04-05 12:25:00,2026-04-05 21:25:00,0.09017,0.09019,0.09009,0.09011,7276368,655880.82421
DOGEUSDT,1775392200000,2026-04-05 12:30:00,2026-04-05 21:30:00,0.09011,0.09017,0.08995,0.09001,7560910,680859.74373
DOGEUSDT,1775392500000,2026-04-05 12:35:00,2026-04-05 21:35:00,0.09,0.0901,0.08982,0.08998,9149664,823200.74101
DOGEUSDT,1775392800000,2026-04-05 12:40:00,2026-04-05 21:40:00,0.08997,0.09003,0.08988,0.08995,2872844,258415.51485
DOGEUSDT,1775393100000,2026-04-05 12:45:00,2026-04-05 21:45:00,0.08995,0.08995,0.08972,0.08976,7179438,644848.56
DOGEUSDT,1775393400000,2026-04-05 12:50:00,2026-04-05 21:50:00,0.08976,0.09001,0.08975,0.09001,3926960,353034.75405
DOGEUSDT,1775393700000,2026-04-05 12:55:00,2026-04-05 21:55:00,0.09001,0.09008,0.08999,0.09002,3318904,298849.38682
DOGEUSDT,1775394000000,2026-04-05 13:00:00,2026-04-05 22:00:00,0.09002,0.09008,0.08997,0.09008,1607377,144700.76669
DOGEUSDT,1775394300000,2026-04-05 13:05:00,2026-04-05 22:05:00,0.09008,0.09008,0.09001,0.09002,607067,54656.11655
DOGEUSDT,1775394600000,2026-04-05 13:10:00,2026-04-05 22:10:00,0.09002,0.09007,0.08987,0.0899,1872471,168420.13256
DOGEUSDT,1775394900000,2026-04-05 13:15:00,2026-04-05 22:15:00,0.08991,0.08999,0.08982,0.08999,2137138,192119.88997
DOGEUSDT,1775395200000,2026-04-05 13:20:00,2026-04-05 22:20:00,0.08999,0.09009,0.08997,0.09004,1037261,93386.6224
DOGEUSDT,1775395500000,2026-04-05 13:25:00,2026-04-05 22:25:00,0.09003,0.09006,0.08973,0.08977,1610737,144733.83723
DOGEUSDT,1775395800000,2026-04-05 13:30:00,2026-04-05 22:30:00,0.08976,0.09001,0.08971,0.09,2745386,246791.40803
DOGEUSDT,1775396100000,2026-04-05 13:35:00,2026-04-05 22:35:00,0.09001,0.0901,0.08999,0.0901,1048760,94418.17956
DOGEUSDT,1775396400000,2026-04-05 13:40:00,2026-04-05 22:40:00,0.0901,0.09015,0.09002,0.09012,1532100,138062.41154
DOGEUSDT,1775396700000,2026-04-05 13:45:00,2026-04-05 22:45:00,0.09013,0.09022,0.09011,0.09021,1301485,117376.02055
DOGEUSDT,1775397000000,2026-04-05 13:50:00,2026-04-05 22:50:00,0.09022,0.09029,0.09013,0.09016,782102,70561.78298
DOGEUSDT,1775397300000,2026-04-05 13:55:00,2026-04-05 22:55:00,0.09015,0.09031,0.09013,0.09031,1156624,104361.89074
DOGEUSDT,1775397600000,2026-04-05 14:00:00,2026-04-05 23:00:00,0.09031,0.09058,0.09028,0.09052,5385403,486724.67397
DOGEUSDT,1775397900000,2026-04-05 14:05:00,2026-04-05 23:05:00,0.09052,0.09052,0.09038,0.09045,1184913,107138.71991
DOGEUSDT,1775398200000,2026-04-05 14:10:00,2026-04-05 23:10:00,0.09045,0.09045,0.0902,0.09024,1581836,142886.06318
DOGEUSDT,1775398500000,2026-04-05 14:15:00,2026-04-05 23:15:00,0.09025,0.09026,0.09016,0.09022,2678000,241573.7796
DOGEUSDT,1775398800000,2026-04-05 14:20:00,2026-04-05 23:20:00,0.09021,0.0903,0.09021,0.09029,418069,37731.14402
DOGEUSDT,1775399100000,2026-04-05 14:25:00,2026-04-05 23:25:00,0.09029,0.0904,0.09028,0.09031,630031,56933.07981
DOGEUSDT,1775399400000,2026-04-05 14:30:00,2026-04-05 23:30:00,0.09031,0.09034,0.09025,0.09027,522004,47129.57334
DOGEUSDT,1775399700000,2026-04-05 14:35:00,2026-04-05 23:35:00,0.09027,0.09036,0.09026,0.09032,858057,77490.02696
DOGEUSDT,1775400000000,2026-04-05 14:40:00,2026-04-05 23:40:00,0.09032,0.09038,0.09027,0.09031,807577,72946.54994
DOGEUSDT,1775400300000,2026-04-05 14:45:00,2026-04-05 23:45:00,0.0903,0.0903,0.0902,0.09021,1505061,135814.28007
DOGEUSDT,1775400600000,2026-04-05 14:50:00,2026-04-05 23:50:00,0.09022,0.09027,0.09021,0.09021,811070,73190.44727
DOGEUSDT,1775400900000,2026-04-05 14:55:00,2026-04-05 23:55:00,0.09021,0.09032,0.09019,0.09027,2326888,210014.25682
DOGEUSDT,1775401200000,2026-04-05 15:00:00,2026-04-06 00:00:00,0.09026,0.09026,0.09008,0.0901,4253159,383560.06846
DOGEUSDT,1775401500000,2026-04-05 15:05:00,2026-04-06 00:05:00,0.0901,0.09019,0.08999,0.09019,2366835,213152.83543
DOGEUSDT,1775401800000,2026-04-05 15:10:00,2026-04-06 00:10:00,0.0902,0.09029,0.09019,0.09022,804170,72579.72425
DOGEUSDT,1775402100000,2026-04-05 15:15:00,2026-04-06 00:15:00,0.09022,0.09031,0.09017,0.09021,561089,50620.17199
DOGEUSDT,1775402400000,2026-04-05 15:20:00,2026-04-06 00:20:00,0.09022,0.09023,0.09017,0.09023,249903,22540.06656
DOGEUSDT,1775402700000,2026-04-05 15:25:00,2026-04-06 00:25:00,0.09024,0.09111,0.09022,0.09098,8207436,744964.95241
DOGEUSDT,1775403000000,2026-04-05 15:30:00,2026-04-06 00:30:00,0.09097,0.09146,0.09082,0.09102,10594483,965401.05398
DOGEUSDT,1775403300000,2026-04-05 15:35:00,2026-04-06 00:35:00,0.09101,0.09104,0.09084,0.09084,1756950,159756.49931
DOGEUSDT,1775403600000,2026-04-05 15:40:00,2026-04-06 00:40:00,0.09085,0.09096,0.09073,0.09092,3967809,360505.21544
DOGEUSDT,1775403900000,2026-04-05 15:45:00,2026-04-06 00:45:00,0.09092,0.09093,0.09073,0.09078,1210664,109910.80746
DOGEUSDT,1775404200000,2026-04-05 15:50:00,2026-04-06 00:50:00,0.09078,0.09086,0.09069,0.0907,3050597,276919.93733
DOGEUSDT,1775404500000,2026-04-05 15:55:00,2026-04-06 00:55:00,0.0907,0.09072,0.09061,0.09066,2657190,240883.55469
DOGEUSDT,1775404800000,2026-04-05 16:00:00,2026-04-06 01:00:00,0.09067,0.09079,0.09066,0.09074,1393520,126409.7833
DOGEUSDT,1775405100000,2026-04-05 16:05:00,2026-04-06 01:05:00,0.09074,0.09076,0.09056,0.09067,1054695,95648.80201
DOGEUSDT,1775405400000,2026-04-05 16:10:00,2026-04-06 01:10:00,0.09066,0.09078,0.09065,0.09069,1208610,109649.11388
DOGEUSDT,1775405700000,2026-04-05 16:15:00,2026-04-06 01:15:00,0.09069,0.09079,0.09068,0.09078,197411,17916.4251
DOGEUSDT,1775406000000,2026-04-05 16:20:00,2026-04-06 01:20:00,0.09077,0.09081,0.09074,0.09077,326358,29629.69155
DOGEUSDT,1775406300000,2026-04-05 16:25:00,2026-04-06 01:25:00,0.09077,0.0908,0.09065,0.09065,774971,70300.84564
DOGEUSDT,1775406600000,2026-04-05 16:30:00,2026-04-06 01:30:00,0.09064,0.09079,0.09061,0.09065,608381,55171.23208
DOGEUSDT,1775406900000,2026-04-05 16:35:00,2026-04-06 01:35:00,0.09066,0.09067,0.09056,0.09056,248522,22523.28659
DOGEUSDT,1775407200000,2026-04-05 16:40:00,2026-04-06 01:40:00,0.09056,0.09057,0.09041,0.09056,1385407,125413.66316
DOGEUSDT,1775407500000,2026-04-05 16:45:00,2026-04-06 01:45:00,0.09056,0.09056,0.0904,0.09043,806755,73001.77582
DOGEUSDT,1775407800000,2026-04-05 16:50:00,2026-04-06 01:50:00,0.09043,0.09044,0.0903,0.09033,1611390,145601.63308
DOGEUSDT,1775408100000,2026-04-05 16:55:00,2026-04-06 01:55:00,0.09033,0.09039,0.09027,0.09038,822861,74327.79321
DOGEUSDT,1775408400000,2026-04-05 17:00:00,2026-04-06 02:00:00,0.09039,0.09045,0.09026,0.09033,1105760,99910.39283
DOGEUSDT,1775408700000,2026-04-05 17:05:00,2026-04-06 02:05:00,0.09033,0.09045,0.09033,0.09042,1147173,103709.78497
DOGEUSDT,1775409000000,2026-04-05 17:10:00,2026-04-06 02:10:00,0.09042,0.09051,0.09041,0.09044,495823,44853.40397
DOGEUSDT,1775409300000,2026-04-05 17:15:00,2026-04-06 02:15:00,0.09044,0.09045,0.09023,0.09028,451436,40774.18164
DOGEUSDT,1775409600000,2026-04-05 17:20:00,2026-04-06 02:20:00,0.09028,0.0903,0.09022,0.0903,484674,43748.59102
DOGEUSDT,1775409900000,2026-04-05 17:25:00,2026-04-06 02:25:00,0.09031,0.09045,0.09028,0.09043,228266,20631.30251
DOGEUSDT,1775410200000,2026-04-05 17:30:00,2026-04-06 02:30:00,0.09044,0.09047,0.09031,0.09035,398527,36015.63891
DOGEUSDT,1775410500000,2026-04-05 17:35:00,2026-04-06 02:35:00,0.09036,0.09045,0.09035,0.09044,353373,31938.01735
DOGEUSDT,1775410800000,2026-04-05 17:40:00,2026-04-06 02:40:00,0.09044,0.09061,0.09042,0.09058,946036,85688.90832
DOGEUSDT,1775411100000,2026-04-05 17:45:00,2026-04-06 02:45:00,0.09059,0.09066,0.09052,0.09059,558396,50598.50779
DOGEUSDT,1775411400000,2026-04-05 17:50:00,2026-04-06 02:50:00,0.09059,0.09063,0.09053,0.09058,516137,46748.78115
DOGEUSDT,1775411700000,2026-04-05 17:55:00,2026-04-06 02:55:00,0.09059,0.0906,0.09054,0.09058,354117,32070.32046
DOGEUSDT,1775412000000,2026-04-05 18:00:00,2026-04-06 03:00:00,0.09057,0.09059,0.09044,0.09048,327049,29605.09636
DOGEUSDT,1775412300000,2026-04-05 18:05:00,2026-04-06 03:05:00,0.09049,0.09054,0.09044,0.09047,114011,10316.55465
DOGEUSDT,1775412600000,2026-04-05 18:10:00,2026-04-06 03:10:00,0.09048,0.09051,0.0904,0.0904,719647,65075.50791
DOGEUSDT,1775412900000,2026-04-05 18:15:00,2026-04-06 03:15:00,0.0904,0.0904,0.09027,0.0903,713312,64442.75618
DOGEUSDT,1775413200000,2026-04-05 18:20:00,2026-04-06 03:20:00,0.09031,0.09037,0.09029,0.09037,458496,41414.47688
DOGEUSDT,1775413500000,2026-04-05 18:25:00,2026-04-06 03:25:00,0.09037,0.0904,0.09033,0.09034,135867,12277.1988
DOGEUSDT,1775413800000,2026-04-05 18:30:00,2026-04-06 03:30:00,0.09035,0.09063,0.09035,0.09057,610209,55223.98114
DOGEUSDT,1775414100000,2026-04-05 18:35:00,2026-04-06 03:35:00,0.09058,0.09062,0.09052,0.0906,2198747,199136.67823
DOGEUSDT,1775414400000,2026-04-05 18:40:00,2026-04-06 03:40:00,0.09059,0.09065,0.09055,0.09057,1446118,131013.8783
DOGEUSDT,1775414700000,2026-04-05 18:45:00,2026-04-06 03:45:00,0.09057,0.09066,0.09054,0.09064,538355,48768.49944
DOGEUSDT,1775415000000,2026-04-05 18:50:00,2026-04-06 03:50:00,0.09063,0.09066,0.09058,0.09061,333485,30219.72299
DOGEUSDT,1775415300000,2026-04-05 18:55:00,2026-04-06 03:55:00,0.09061,0.09062,0.09056,0.0906,203953,18474.48823
DOGEUSDT,1775415600000,2026-04-05 19:00:00,2026-04-06 04:00:00,0.0906,0.09063,0.09056,0.09056,230529,20886.3677
DOGEUSDT,1775415900000,2026-04-05 19:05:00,2026-04-06 04:05:00,0.09057,0.09062,0.09056,0.09059,284320,25753.30535
DOGEUSDT,1775416200000,2026-04-05 19:10:00,2026-04-06 04:10:00,0.09059,0.09061,0.09055,0.09057,594902,53888.28624
DOGEUSDT,1775416500000,2026-04-05 19:15:00,2026-04-06 04:15:00,0.09056,0.09077,0.09051,0.09077,978487,88709.78497
DOGEUSDT,1775416800000,2026-04-05 19:20:00,2026-04-06 04:20:00,0.09078,0.09086,0.09074,0.0908,838138,76100.43376
DOGEUSDT,1775417100000,2026-04-05 19:25:00,2026-04-06 04:25:00,0.09081,0.09085,0.09073,0.09073,943318,85618.13961
DOGEUSDT,1775417400000,2026-04-05 19:30:00,2026-04-06 04:30:00,0.09073,0.09074,0.09067,0.09072,677499,61452.6442
DOGEUSDT,1775417700000,2026-04-05 19:35:00,2026-04-06 04:35:00,0.09072,0.09072,0.09041,0.09043,1124650,101865.20856
DOGEUSDT,1775418000000,2026-04-05 19:40:00,2026-04-06 04:40:00,0.09044,0.09046,0.09028,0.09034,1180678,106698.84414
DOGEUSDT,1775418300000,2026-04-05 19:45:00,2026-04-06 04:45:00,0.09034,0.09039,0.0903,0.09035,738698,66735.25835
DOGEUSDT,1775418600000,2026-04-05 19:50:00,2026-04-06 04:50:00,0.09035,0.09044,0.09035,0.0904,758952,68620.62103
DOGEUSDT,1775418900000,2026-04-05 19:55:00,2026-04-06 04:55:00,0.0904,0.09053,0.0904,0.09052,230955,20884.50638
DOGEUSDT,1775419200000,2026-04-05 20:00:00,2026-04-06 05:00:00,0.09053,0.09066,0.0905,0.09052,1091563,98840.03193
DOGEUSDT,1775419500000,2026-04-05 20:05:00,2026-04-06 05:05:00,0.09052,0.09061,0.09046,0.09052,343062,31050.09805
DOGEUSDT,1775419800000,2026-04-05 20:10:00,2026-04-06 05:10:00,0.09053,0.09053,0.09046,0.09051,111092,10051.28373
DOGEUSDT,1775420100000,2026-04-05 20:15:00,2026-04-06 05:15:00,0.09052,0.09053,0.0905,0.09052,242560,21955.71939
DOGEUSDT,1775420400000,2026-04-05 20:20:00,2026-04-06 05:20:00,0.09051,0.09067,0.09049,0.09064,297322,26921.45529
DOGEUSDT,1775420700000,2026-04-05 20:25:00,2026-04-06 05:25:00,0.09064,0.09066,0.09059,0.0906,160982,14588.75297
DOGEUSDT,1775421000000,2026-04-05 20:30:00,2026-04-06 05:30:00,0.09061,0.09064,0.09058,0.09061,329456,29851.44084
DOGEUSDT,1775421300000,2026-04-05 20:35:00,2026-04-06 05:35:00,0.09061,0.09088,0.09058,0.09075,4735585,429851.75766
DOGEUSDT,1775421600000,2026-04-05 20:40:00,2026-04-06 05:40:00,0.09076,0.09078,0.09055,0.09056,1998919,181342.40793
DOGEUSDT,1775421900000,2026-04-05 20:45:00,2026-04-06 05:45:00,0.09056,0.09068,0.09052,0.09068,830621,75259.19488
DOGEUSDT,1775422200000,2026-04-05 20:50:00,2026-04-06 05:50:00,0.09067,0.09074,0.09064,0.09067,358283,32492.06526
DOGEUSDT,1775422500000,2026-04-05 20:55:00,2026-04-06 05:55:00,0.09068,0.09072,0.09063,0.09069,384119,34834.83682
DOGEUSDT,1775422800000,2026-04-05 21:00:00,2026-04-06 06:00:00,0.09069,0.09071,0.09057,0.09067,1029134,93283.76361
DOGEUSDT,1775423100000,2026-04-05 21:05:00,2026-04-06 06:05:00,0.09068,0.09071,0.09066,0.09069,394681,35789.92457
DOGEUSDT,1775423400000,2026-04-05 21:10:00,2026-04-06 06:10:00,0.09069,0.09071,0.09037,0.09048,8770219,793377.78932
DOGEUSDT,1775423700000,2026-04-05 21:15:00,2026-04-06 06:15:00,0.09048,0.0905,0.09038,0.09038,1558367,140931.10474
DOGEUSDT,1775424000000,2026-04-05 21:20:00,2026-04-06 06:20:00,0.09038,0.09044,0.09036,0.09039,461370,41706.75715
DOGEUSDT,1775424300000,2026-04-05 21:25:00,2026-04-06 06:25:00,0.09039,0.09043,0.09033,0.0904,914142,82604.59638
DOGEUSDT,1775424600000,2026-04-05 21:30:00,2026-04-06 06:30:00,0.09041,0.09042,0.09038,0.09039,468744,42377.85942
DOGEUSDT,1775424900000,2026-04-05 21:35:00,2026-04-06 06:35:00,0.09038,0.09042,0.09037,0.09041,386186,34913.26928
DOGEUSDT,1775425200000,2026-04-05 21:40:00,2026-04-06 06:40:00,0.09041,0.09044,0.09032,0.09039,4252028,384444.31015
DOGEUSDT,1775425500000,2026-04-05 21:45:00,2026-04-06 06:45:00,0.0904,0.09055,0.0904,0.09055,1244085,112528.69216
DOGEUSDT,1775425800000,2026-04-05 21:50:00,2026-04-06 06:50:00,0.09054,0.0907,0.09054,0.09068,625185,56645.68054
DOGEUSDT,1775426100000,2026-04-05 21:55:00,2026-04-06 06:55:00,0.09067,0.09073,0.09056,0.09057,361426,32766.50798
DOGEUSDT,1775426400000,2026-04-05 22:00:00,2026-04-06 07:00:00,0.09056,0.0909,0.09049,0.09084,1578931,143267.94293
DOGEUSDT,1775426700000,2026-04-05 22:05:00,2026-04-06 07:05:00,0.09084,0.09086,0.09064,0.09079,530054,48110.88582
DOGEUSDT,1775427000000,2026-04-05 22:10:00,2026-04-06 07:10:00,0.09079,0.09079,0.09041,0.09057,1867191,169053.43085
DOGEUSDT,1775427300000,2026-04-05 22:15:00,2026-04-06 07:15:00,0.09058,0.09061,0.09046,0.09046,794883,71985.39117
DOGEUSDT,1775427600000,2026-04-05 22:20:00,2026-04-06 07:20:00,0.09047,0.0905,0.09032,0.09034,1447102,130847.65118
DOGEUSDT,1775427900000,2026-04-05 22:25:00,2026-04-06 07:25:00,0.09034,0.09041,0.09023,0.09038,433807,39172.43403
DOGEUSDT,1775428200000,2026-04-05 22:30:00,2026-04-06 07:30:00,0.09037,0.09069,0.09036,0.09051,779898,70606.51413
DOGEUSDT,1775428500000,2026-04-05 22:35:00,2026-04-06 07:35:00,0.09051,0.09064,0.0904,0.09064,310867,28137.89194
DOGEUSDT,1775428800000,2026-04-05 22:40:00,2026-04-06 07:40:00,0.09063,0.09111,0.09058,0.09097,3978227,361792.99762
DOGEUSDT,1775429100000,2026-04-05 22:45:00,2026-04-06 07:45:00,0.09097,0.09134,0.09097,0.09121,2918733,266061.52673
DOGEUSDT,1775429400000,2026-04-05 22:50:00,2026-04-06 07:50:00,0.09121,0.09134,0.09114,0.09114,3010756,274797.18869
DOGEUSDT,1775429700000,2026-04-05 22:55:00,2026-04-06 07:55:00,0.09114,0.09155,0.09114,0.09142,2396327,219059.76042
DOGEUSDT,1775430000000,2026-04-05 23:00:00,2026-04-06 08:00:00,0.09143,0.09156,0.09129,0.09142,3251547,297376.69544
DOGEUSDT,1775430300000,2026-04-05 23:05:00,2026-04-06 08:05:00,0.09143,0.09191,0.09142,0.09163,4669045,428244.26119
DOGEUSDT,1775430600000,2026-04-05 23:10:00,2026-04-06 08:10:00,0.09163,0.09186,0.09155,0.09186,1814981,166381.00579
DOGEUSDT,1775430900000,2026-04-05 23:15:00,2026-04-06 08:15:00,0.09185,0.09244,0.09185,0.09235,19870644,1831513.50074
DOGEUSDT,1775431200000,2026-04-05 23:20:00,2026-04-06 08:20:00,0.09236,0.09243,0.09195,0.09203,5340393,492403.07039
DOGEUSDT,1775431500000,2026-04-05 23:25:00,2026-04-06 08:25:00,0.09204,0.09211,0.09196,0.092,2210894,203482.12132
DOGEUSDT,1775431800000,2026-04-05 23:30:00,2026-04-06 08:30:00,0.09199,0.09242,0.09199,0.0923,5276738,486723.4391
DOGEUSDT,1775432100000,2026-04-05 23:35:00,2026-04-06 08:35:00,0.09231,0.09239,0.09213,0.09222,2022596,186553.03214
DOGEUSDT,1775432400000,2026-04-05 23:40:00,2026-04-06 08:40:00,0.09222,0.09225,0.09201,0.09207,2402630,221318.96633
DOGEUSDT,1775432700000,2026-04-05 23:45:00,2026-04-06 08:45:00,0.09208,0.09229,0.09208,0.0922,1589174,146499.7371
DOGEUSDT,1775433000000,2026-04-05 23:50:00,2026-04-06 08:50:00,0.0922,0.09243,0.09218,0.09229,3076779,283978.20203
DOGEUSDT,1775433300000,2026-04-05 23:55:00,2026-04-06 08:55:00,0.0923,0.09243,0.09226,0.09238,1234147,113943.58961
DOGEUSDT,1775433600000,2026-04-06 00:00:00,2026-04-06 09:00:00,0.09239,0.09302,0.09239,0.09275,17919412,1663696.39698
DOGEUSDT,1775433900000,2026-04-06 00:05:00,2026-04-06 09:05:00,0.09274,0.09304,0.09274,0.09282,4951506,460004.97611
DOGEUSDT,1775434200000,2026-04-06 00:10:00,2026-04-06 09:10:00,0.09282,0.09298,0.09264,0.09298,2564936,238061.15435
DOGEUSDT,1775434500000,2026-04-06 00:15:00,2026-04-06 09:15:00,0.09298,0.09331,0.09298,0.09299,11177540,1041187.71247
DOGEUSDT,1775434800000,2026-04-06 00:20:00,2026-04-06 09:20:00,0.09298,0.09335,0.09282,0.09335,5242727,487830.52233
DOGEUSDT,1775435100000,2026-04-06 00:25:00,2026-04-06 09:25:00,0.09334,0.09341,0.09311,0.09317,10401536,969443.65153
DOGEUSDT,1775435400000,2026-04-06 00:30:00,2026-04-06 09:30:00,0.09316,0.09348,0.09315,0.09321,6020915,561908.48617
DOGEUSDT,1775435700000,2026-04-06 00:35:00,2026-04-06 09:35:00,0.09321,0.09332,0.09306,0.09318,9755880,908808.96931
DOGEUSDT,1775436000000,2026-04-06 00:40:00,2026-04-06 09:40:00,0.09318,0.09353,0.09315,0.09329,11853602,1107231.24896
DOGEUSDT,1775436300000,2026-04-06 00:45:00,2026-04-06 09:45:00,0.09329,0.09342,0.09281,0.09283,6411641,597022.0985
DOGEUSDT,1775436600000,2026-04-06 00:50:00,2026-04-06 09:50:00,0.09282,0.09295,0.09268,0.09292,9215792,855590.04507
DOGEUSDT,1775436900000,2026-04-06 00:55:00,2026-04-06 09:55:00,0.09293,0.09298,0.09267,0.09278,3598301,334037.66356
DOGEUSDT,1775437200000,2026-04-06 01:00:00,2026-04-06 10:00:00,0.09278,0.09297,0.09272,0.09278,3513887,326245.39653
DOGEUSDT,1775437500000,2026-04-06 01:05:00,2026-04-06 10:05:00,0.09278,0.09285,0.09208,0.09235,27030162,2496044.73795
DOGEUSDT,1775437800000,2026-04-06 01:10:00,2026-04-06 10:10:00,0.09235,0.09248,0.09189,0.09193,9948876,917829.14706
DOGEUSDT,1775438100000,2026-04-06 01:15:00,2026-04-06 10:15:00,0.09193,0.092,0.09174,0.09188,4677447,429817.39037
DOGEUSDT,1775438400000,2026-04-06 01:20:00,2026-04-06 10:20:00,0.09188,0.09201,0.09148,0.09196,3705061,339844.2234
DOGEUSDT,1775438700000,2026-04-06 01:25:00,2026-04-06 10:25:00,0.09197,0.09222,0.09197,0.09218,1901717,175186.52846
DOGEUSDT,1775439000000,2026-04-06 01:30:00,2026-04-06 10:30:00,0.09219,0.09231,0.09208,0.09222,2313276,213300.5031
DOGEUSDT,1775439300000,2026-04-06 01:35:00,2026-04-06 10:35:00,0.09222,0.09233,0.0921,0.09222,2711710,249995.76471
DOGEUSDT,1775439600000,2026-04-06 01:40:00,2026-04-06 10:40:00,0.09222,0.09224,0.09208,0.0922,1998808,184228.77278
DOGEUSDT,1775439900000,2026-04-06 01:45:00,2026-04-06 10:45:00,0.09221,0.09237,0.09218,0.0922,3590150,331352.08761
DOGEUSDT,1775440200000,2026-04-06 01:50:00,2026-04-06 10:50:00,0.0922,0.09232,0.0922,0.0922,1356652,125184.08932
DOGEUSDT,1775440500000,2026-04-06 01:55:00,2026-04-06 10:55:00,0.09221,0.09237,0.09221,0.0923,872014,80500.40717
DOGEUSDT,1775440800000,2026-04-06 02:00:00,2026-04-06 11:00:00,0.0923,0.09271,0.09225,0.09269,2566979,237333.77747
DOGEUSDT,1775441100000,2026-04-06 02:05:00,2026-04-06 11:05:00,0.09269,0.09274,0.09245,0.09271,4516343,418368.99433
DOGEUSDT,1775441400000,2026-04-06 02:10:00,2026-04-06 11:10:00,0.0927,0.09362,0.09265,0.09311,25162796,2347206.81044
DOGEUSDT,1775441700000,2026-04-06 02:15:00,2026-04-06 11:15:00,0.09312,0.0934,0.09301,0.09323,7640724,711899.06103
DOGEUSDT,1775442000000,2026-04-06 02:20:00,2026-04-06 11:20:00,0.09324,0.09331,0.09292,0.09297,3915716,364719.98959
DOGEUSDT,1775442300000,2026-04-06 02:25:00,2026-04-06 11:25:00,0.09296,0.09311,0.0928,0.09306,2294362,213180.15172
DOGEUSDT,1775442600000,2026-04-06 02:30:00,2026-04-06 11:30:00,0.09307,0.09333,0.09307,0.09315,6301152,587192.73855
DOGEUSDT,1775442900000,2026-04-06 02:35:00,2026-04-06 11:35:00,0.09315,0.09317,0.09288,0.09302,1699783,158150.02518
DOGEUSDT,1775443200000,2026-04-06 02:40:00,2026-04-06 11:40:00,0.09302,0.09302,0.0928,0.0929,3074380,285463.00158
DOGEUSDT,1775443500000,2026-04-06 02:45:00,2026-04-06 11:45:00,0.09291,0.09311,0.0929,0.09294,2092402,194662.6767
DOGEUSDT,1775443800000,2026-04-06 02:50:00,2026-04-06 11:50:00,0.09294,0.09301,0.09289,0.09298,1314604,122220.43739
DOGEUSDT,1775444100000,2026-04-06 02:55:00,2026-04-06 11:55:00,0.09297,0.09299,0.09284,0.09285,1790822,166393.55083
DOGEUSDT,1775444400000,2026-04-06 03:00:00,2026-04-06 12:00:00,0.09285,0.09304,0.09285,0.093,2933628,272679.10106
DOGEUSDT,1775444700000,2026-04-06 03:05:00,2026-04-06 12:05:00,0.09301,0.09313,0.0929,0.09296,2386473,221984.11005
DOGEUSDT,1775445000000,2026-04-06 03:10:00,2026-04-06 12:10:00,0.09297,0.09309,0.09279,0.0928,2130244,198026.13331
DOGEUSDT,1775445300000,2026-04-06 03:15:00,2026-04-06 12:15:00,0.09281,0.0929,0.0926,0.09266,9338423,865489.1695
DOGEUSDT,1775445600000,2026-04-06 03:20:00,2026-04-06 12:20:00,0.09265,0.09285,0.09262,0.09271,2452913,227407.92928
DOGEUSDT,1775445900000,2026-04-06 03:25:00,2026-04-06 12:25:00,0.09271,0.09274,0.09252,0.09263,6574420,608863.46833
DOGEUSDT,1775446200000,2026-04-06 03:30:00,2026-04-06 12:30:00,0.09264,0.09268,0.09257,0.09263,1702404,157705.32488
DOGEUSDT,1775446500000,2026-04-06 03:35:00,2026-04-06 12:35:00,0.09264,0.09272,0.09258,0.09259,738972,68462.8899
DOGEUSDT,1775446800000,2026-04-06 03:40:00,2026-04-06 12:40:00,0.09259,0.09259,0.09241,0.09244,3688632,341296.90855
DOGEUSDT,1775447100000,2026-04-06 03:45:00,2026-04-06 12:45:00,0.09244,0.09248,0.0923,0.0923,3348736,309408.08296
DOGEUSDT,1775447400000,2026-04-06 03:50:00,2026-04-06 12:50:00,0.0923,0.09232,0.09215,0.0922,3097098,285533.62228
DOGEUSDT,1775447700000,2026-04-06 03:55:00,2026-04-06 12:55:00,0.0922,0.09232,0.09218,0.09232,629970,58112.08969
DOGEUSDT,1775448000000,2026-04-06 04:00:00,2026-04-06 13:00:00,0.09231,0.09266,0.09231,0.09264,1836294,169970.34448
DOGEUSDT,1775448300000,2026-04-06 04:05:00,2026-04-06 13:05:00,0.09265,0.09265,0.09231,0.09235,1341223,123995.43558
DOGEUSDT,1775448600000,2026-04-06 04:10:00,2026-04-06 13:10:00,0.09234,0.09238,0.09224,0.09237,2337657,215754.15559
DOGEUSDT,1775448900000,2026-04-06 04:15:00,2026-04-06 13:15:00,0.09237,0.09253,0.0923,0.09241,1294335,119612.85009
DOGEUSDT,1775449200000,2026-04-06 04:20:00,2026-04-06 13:20:00,0.09242,0.09245,0.09235,0.09242,762052,70417.44431
DOGEUSDT,1775449500000,2026-04-06 04:25:00,2026-04-06 13:25:00,0.09241,0.09247,0.09238,0.09243,684210,63233.26869
DOGEUSDT,1775449800000,2026-04-06 04:30:00,2026-04-06 13:30:00,0.09242,0.09257,0.0924,0.09257,1813352,167691.97252
DOGEUSDT,1775450100000,2026-04-06 04:35:00,2026-04-06 13:35:00,0.09258,0.0929,0.09258,0.0928,3930332,364616.96477
DOGEUSDT,1775450400000,2026-04-06 04:40:00,2026-04-06 13:40:00,0.0928,0.09285,0.09275,0.0928,2141637,198758.72687
DOGEUSDT,1775450700000,2026-04-06 04:45:00,2026-04-06 13:45:00,0.0928,0.09282,0.09271,0.09271,623349,57828.96414
DOGEUSDT,1775451000000,2026-04-06 04:50:00,2026-04-06 13:50:00,0.09271,0.09272,0.09264,0.09271,850426,78816.7479
DOGEUSDT,1775451300000,2026-04-06 04:55:00,2026-04-06 13:55:00,0.09271,0.09272,0.09257,0.09258,2209671,204674.09368
DOGEUSDT,1775451600000,2026-04-06 05:00:00,2026-04-06 14:00:00,0.09258,0.09274,0.09258,0.09271,1255587,116332.62654
DOGEUSDT,1775451900000,2026-04-06 05:05:00,2026-04-06 14:05:00,0.09272,0.09276,0.09261,0.09274,483238,44799.7451
DOGEUSDT,1775452200000,2026-04-06 05:10:00,2026-04-06 14:10:00,0.09274,0.09274,0.09263,0.09268,407056,37731.78424
DOGEUSDT,1775452500000,2026-04-06 05:15:00,2026-04-06 14:15:00,0.09269,0.09279,0.09267,0.0927,324481,30084.89504
DOGEUSDT,1775452800000,2026-04-06 05:20:00,2026-04-06 14:20:00,0.09271,0.09273,0.09255,0.09255,1497248,138734.76784
DOGEUSDT,1775453100000,2026-04-06 05:25:00,2026-04-06 14:25:00,0.09254,0.09254,0.0923,0.0924,3094953,286058.05708
DOGEUSDT,1775453400000,2026-04-06 05:30:00,2026-04-06 14:30:00,0.09241,0.09251,0.09237,0.09248,1244523,115005.33972
DOGEUSDT,1775453700000,2026-04-06 05:35:00,2026-04-06 14:35:00,0.09248,0.09264,0.09247,0.09254,1775273,164297.41169
DOGEUSDT,1775454000000,2026-04-06 05:40:00,2026-04-06 14:40:00,0.09254,0.09254,0.09242,0.09251,1271676,117612.26778
DOGEUSDT,1775454300000,2026-04-06 05:45:00,2026-04-06 14:45:00,0.09251,0.09253,0.09234,0.09234,427542,39504.83271
DOGEUSDT,1775454600000,2026-04-06 05:50:00,2026-04-06 14:50:00,0.09235,0.09249,0.09235,0.09247,257396,23790.34112
DOGEUSDT,1775454900000,2026-04-06 05:55:00,2026-04-06 14:55:00,0.09246,0.09249,0.09242,0.09244,1070929,99000.64747
DOGEUSDT,1775455200000,2026-04-06 06:00:00,2026-04-06 15:00:00,0.09243,0.0925,0.09227,0.09231,1455064,134367.43775
DOGEUSDT,1775455500000,2026-04-06 06:05:00,2026-04-06 15:05:00,0.09231,0.09257,0.0923,0.09245,598821,55380.69021
DOGEUSDT,1775455800000,2026-04-06 06:10:00,2026-04-06 15:10:00,0.09245,0.09272,0.09245,0.09269,3565839,330188.19397
DOGEUSDT,1775456100000,2026-04-06 06:15:00,2026-04-06 15:15:00,0.09269,0.09269,0.09246,0.09247,1915592,177234.13954
DOGEUSDT,1775456400000,2026-04-06 06:20:00,2026-04-06 15:20:00,0.09247,0.0925,0.09209,0.09224,3018438,278531.20964
DOGEUSDT,1775456700000,2026-04-06 06:25:00,2026-04-06 15:25:00,0.09225,0.09226,0.09204,0.09208,1924611,177290.87745
DOGEUSDT,1775457000000,2026-04-06 06:30:00,2026-04-06 15:30:00,0.09209,0.09219,0.09194,0.09207,1124745,103559.20054
DOGEUSDT,1775457300000,2026-04-06 06:35:00,2026-04-06 15:35:00,0.09208,0.09213,0.09207,0.0921,1142803,105247.50099
DOGEUSDT,1775457600000,2026-04-06 06:40:00,2026-04-06 15:40:00,0.09211,0.09227,0.09204,0.0922,2385146,219678.69642
DOGEUSDT,1775457900000,2026-04-06 06:45:00,2026-04-06 15:45:00,0.09219,0.09225,0.09215,0.09219,890990,82162.16962
DOGEUSDT,1775458200000,2026-04-06 06:50:00,2026-04-06 15:50:00,0.09219,0.09244,0.09219,0.09223,4764531,440023.18324
DOGEUSDT,1775458500000,2026-04-06 06:55:00,2026-04-06 15:55:00,0.09223,0.09225,0.09214,0.09216,659507,60793.80818
DOGEUSDT,1775458800000,2026-04-06 07:00:00,2026-04-06 16:00:00,0.09216,0.09219,0.09199,0.092,1369976,126180.11695
DOGEUSDT,1775459100000,2026-04-06 07:05:00,2026-04-06 16:05:00,0.092,0.09201,0.09193,0.09193,501488,46126.72676
DOGEUSDT,1775459400000,2026-04-06 07:10:00,2026-04-06 16:10:00,0.09192,0.09201,0.09192,0.09192,1223551,112540.60295
DOGEUSDT,1775459700000,2026-04-06 07:15:00,2026-04-06 16:15:00,0.09193,0.09215,0.09193,0.09212,1146045,105501.57558
DOGEUSDT,1775460000000,2026-04-06 07:20:00,2026-04-06 16:20:00,0.09212,0.09225,0.09206,0.09217,1094094,100825.99373
DOGEUSDT,1775460300000,2026-04-06 07:25:00,2026-04-06 16:25:00,0.09218,0.09219,0.092,0.092,1110541,102262.51052
DOGEUSDT,1775460600000,2026-04-06 07:30:00,2026-04-06 16:30:00,0.09199,0.09199,0.09178,0.09184,2638343,242411.72613
DOGEUSDT,1775460900000,2026-04-06 07:35:00,2026-04-06 16:35:00,0.09183,0.09197,0.0918,0.09183,812564,74661.35101
DOGEUSDT,1775461200000,2026-04-06 07:40:00,2026-04-06 16:40:00,0.09183,0.09183,0.09174,0.09179,2036457,186942.77886
DOGEUSDT,1775461500000,2026-04-06 07:45:00,2026-04-06 16:45:00,0.0918,0.09189,0.09174,0.09189,1148582,105427.90401
DOGEUSDT,1775461800000,2026-04-06 07:50:00,2026-04-06 16:50:00,0.09189,0.09219,0.09188,0.09218,2209046,203378.86939
DOGEUSDT,1775462100000,2026-04-06 07:55:00,2026-04-06 16:55:00,0.09218,0.0922,0.09206,0.0921,800999,73796.42113
DOGEUSDT,1775462400000,2026-04-06 08:00:00,2026-04-06 17:00:00,0.09211,0.09218,0.09205,0.09205,647523,59664.38601
DOGEUSDT,1775462700000,2026-04-06 08:05:00,2026-04-06 17:05:00,0.09205,0.09216,0.09193,0.09215,671979,61828.21147
DOGEUSDT,1775463000000,2026-04-06 08:10:00,2026-04-06 17:10:00,0.09215,0.0922,0.09209,0.09217,696009,64137.82818
DOGEUSDT,1775463300000,2026-04-06 08:15:00,2026-04-06 17:15:00,0.09218,0.09223,0.09213,0.09216,900462,83008.23676
DOGEUSDT,1775463600000,2026-04-06 08:20:00,2026-04-06 17:20:00,0.09215,0.09234,0.09211,0.0923,985145,90800.98816
DOGEUSDT,1775463900000,2026-04-06 08:25:00,2026-04-06 17:25:00,0.0923,0.09236,0.09221,0.09225,249214,23002.84067
DOGEUSDT,1775464200000,2026-04-06 08:30:00,2026-04-06 17:30:00,0.09224,0.09235,0.09219,0.09231,400147,36926.78329
DOGEUSDT,1775464500000,2026-04-06 08:35:00,2026-04-06 17:35:00,0.09231,0.09261,0.09225,0.09235,4163534,384910.0674
DOGEUSDT,1775464800000,2026-04-06 08:40:00,2026-04-06 17:40:00,0.09235,0.09241,0.09231,0.09237,566711,52339.38632
DOGEUSDT,1775465100000,2026-04-06 08:45:00,2026-04-06 17:45:00,0.09236,0.09241,0.09228,0.09231,817505,75492.22419
DOGEUSDT,1775465400000,2026-04-06 08:50:00,2026-04-06 17:50:00,0.0923,0.09232,0.0922,0.09225,362403,33430.85862
DOGEUSDT,1775465700000,2026-04-06 08:55:00,2026-04-06 17:55:00,0.09225,0.09227,0.09217,0.09217,172579,15912.69517
DOGEUSDT,1775466000000,2026-04-06 09:00:00,2026-04-06 18:00:00,0.09217,0.09231,0.09216,0.0923,1800193,166037.13124
DOGEUSDT,1775466300000,2026-04-06 09:05:00,2026-04-06 18:05:00,0.09229,0.09237,0.09228,0.09237,817624,75482.67833
DOGEUSDT,1775466600000,2026-04-06 09:10:00,2026-04-06 18:10:00,0.09237,0.09276,0.09237,0.09256,4540325,420257.65535
DOGEUSDT,1775466900000,2026-04-06 09:15:00,2026-04-06 18:15:00,0.09255,0.0931,0.09255,0.09297,9082049,843566.48645
DOGEUSDT,1775467200000,2026-04-06 09:20:00,2026-04-06 18:20:00,0.09297,0.0935,0.09292,0.09313,12365947,1152311.82116
DOGEUSDT,1775467500000,2026-04-06 09:25:00,2026-04-06 18:25:00,0.09313,0.09314,0.09291,0.09304,5285711,491613.03892
DOGEUSDT,1775467800000,2026-04-06 09:30:00,2026-04-06 18:30:00,0.09305,0.09326,0.09301,0.09305,1365442,127160.0123
DOGEUSDT,1775468100000,2026-04-06 09:35:00,2026-04-06 18:35:00,0.09305,0.09314,0.09292,0.09297,3430884,319110.06245
DOGEUSDT,1775468400000,2026-04-06 09:40:00,2026-04-06 18:40:00,0.09297,0.09311,0.09281,0.09302,2765124,257038.7827
DOGEUSDT,1775468700000,2026-04-06 09:45:00,2026-04-06 18:45:00,0.09302,0.09313,0.09301,0.09306,560406,52155.08863
DOGEUSDT,1775469000000,2026-04-06 09:50:00,2026-04-06 18:50:00,0.09307,0.09316,0.0929,0.09301,1749555,162753.85862
DOGEUSDT,1775469300000,2026-04-06 09:55:00,2026-04-06 18:55:00,0.09302,0.09305,0.09294,0.09295,1175175,109287.11892
DOGEUSDT,1775469600000,2026-04-06 10:00:00,2026-04-06 19:00:00,0.09294,0.09328,0.09292,0.09324,2811016,261662.26654
DOGEUSDT,1775469900000,2026-04-06 10:05:00,2026-04-06 19:05:00,0.09325,0.09327,0.09319,0.09319,1283529,119650.63203
DOGEUSDT,1775470200000,2026-04-06 10:10:00,2026-04-06 19:10:00,0.09318,0.09323,0.09313,0.09315,1220297,113712.37298
DOGEUSDT,1775470500000,2026-04-06 10:15:00,2026-04-06 19:15:00,0.09315,0.09326,0.0931,0.0931,3940243,367230.78774
DOGEUSDT,1775470800000,2026-04-06 10:20:00,2026-04-06 19:20:00,0.0931,0.09325,0.09306,0.09325,1771832,165045.87508
DOGEUSDT,1775471100000,2026-04-06 10:25:00,2026-04-06 19:25:00,0.09325,0.09325,0.09299,0.09313,2158038,200872.01352
DOGEUSDT,1775471400000,2026-04-06 10:30:00,2026-04-06 19:30:00,0.09314,0.09338,0.09314,0.09331,3251721,303399.86503
DOGEUSDT,1775471700000,2026-04-06 10:35:00,2026-04-06 19:35:00,0.09331,0.09343,0.09322,0.09329,4846082,452306.32626
DOGEUSDT,1775472000000,2026-04-06 10:40:00,2026-04-06 19:40:00,0.09329,0.09333,0.09325,0.09329,782314,72971.57863
DOGEUSDT,1775472300000,2026-04-06 10:45:00,2026-04-06 19:45:00,0.09329,0.0933,0.093,0.09318,5530179,515041.58509
DOGEUSDT,1775472600000,2026-04-06 10:50:00,2026-04-06 19:50:00,0.09319,0.09323,0.09307,0.09308,1003224,93427.67858
DOGEUSDT,1775472900000,2026-04-06 10:55:00,2026-04-06 19:55:00,0.09308,0.09313,0.09299,0.09307,3704597,344603.02126
DOGEUSDT,1775473200000,2026-04-06 11:00:00,2026-04-06 20:00:00,0.09307,0.09314,0.09297,0.09298,931993,86704.12752
DOGEUSDT,1775473500000,2026-04-06 11:05:00,2026-04-06 20:05:00,0.09297,0.09299,0.09287,0.09297,3819089,354864.27757
DOGEUSDT,1775473800000,2026-04-06 11:10:00,2026-04-06 20:10:00,0.09297,0.09298,0.09283,0.09289,2397262,222661.47292
DOGEUSDT,1775474100000,2026-04-06 11:15:00,2026-04-06 20:15:00,0.0929,0.09297,0.09289,0.09293,483000,44878.74262
DOGEUSDT,1775474400000,2026-04-06 11:20:00,2026-04-06 20:20:00,0.09294,0.09298,0.09287,0.09298,4304306,399874.17459
DOGEUSDT,1775474700000,2026-04-06 11:25:00,2026-04-06 20:25:00,0.09297,0.09299,0.09289,0.0929,379891,35305.49693
DOGEUSDT,1775475000000,2026-04-06 11:30:00,2026-04-06 20:30:00,0.0929,0.09301,0.09288,0.09294,689829,64129.47326
DOGEUSDT,1775475300000,2026-04-06 11:35:00,2026-04-06 20:35:00,0.09294,0.09298,0.09289,0.09295,391855,36413.31228
DOGEUSDT,1775475600000,2026-04-06 11:40:00,2026-04-06 20:40:00,0.09296,0.09303,0.09296,0.09302,1369553,127367.62282
DOGEUSDT,1775475900000,2026-04-06 11:45:00,2026-04-06 20:45:00,0.09302,0.09305,0.09294,0.09299,986797,91762.50406
DOGEUSDT,1775476200000,2026-04-06 11:50:00,2026-04-06 20:50:00,0.09299,0.09307,0.09299,0.09303,543828,50597.35322
DOGEUSDT,1775476500000,2026-04-06 11:55:00,2026-04-06 20:55:00,0.09303,0.09304,0.09296,0.09304,401059,37298.61948
DOGEUSDT,1775476800000,2026-04-06 12:00:00,2026-04-06 21:00:00,0.09305,0.09312,0.09305,0.09307,1065833,99216.03167
DOGEUSDT,1775477100000,2026-04-06 12:05:00,2026-04-06 21:05:00,0.09307,0.09314,0.09306,0.09307,584908,54452.19419
DOGEUSDT,1775477400000,2026-04-06 12:10:00,2026-04-06 21:10:00,0.09307,0.09309,0.09297,0.09297,395602,36799.13799
DOGEUSDT,1775477700000,2026-04-06 12:15:00,2026-04-06 21:15:00,0.09297,0.09303,0.0929,0.09297,839241,78017.36141
DOGEUSDT,1775478000000,2026-04-06 12:20:00,2026-04-06 21:20:00,0.09298,0.093,0.09293,0.09294,3017318,280492.68807
DOGEUSDT,1775478300000,2026-04-06 12:25:00,2026-04-06 21:25:00,0.09295,0.09311,0.09288,0.09288,11047855,1027201.37751
DOGEUSDT,1775478600000,2026-04-06 12:30:00,2026-04-06 21:30:00,0.09288,0.09289,0.09276,0.09282,2288111,212379.91792
DOGEUSDT,1775478900000,2026-04-06 12:35:00,2026-04-06 21:35:00,0.09282,0.09282,0.0927,0.09273,2165880,200872.08409
DOGEUSDT,1775479200000,2026-04-06 12:40:00,2026-04-06 21:40:00,0.09274,0.09274,0.09259,0.09261,1917332,177664.01654
DOGEUSDT,1775479500000,2026-04-06 12:45:00,2026-04-06 21:45:00,0.09261,0.09271,0.0924,0.09241,5826778,539288.68213
DOGEUSDT,1775479800000,2026-04-06 12:50:00,2026-04-06 21:50:00,0.09242,0.09251,0.09239,0.09249,3125846,288933.71111
DOGEUSDT,1775480100000,2026-04-06 12:55:00,2026-04-06 21:55:00,0.09249,0.09253,0.09236,0.09247,3373218,311919.43905
DOGEUSDT,1775480400000,2026-04-06 13:00:00,2026-04-06 22:00:00,0.09247,0.09261,0.09244,0.09259,1063617,98385.25304
DOGEUSDT,1775480700000,2026-04-06 13:05:00,2026-04-06 22:05:00,0.09259,0.09262,0.09251,0.09254,428871,39703.16773
DOGEUSDT,1775481000000,2026-04-06 13:10:00,2026-04-06 22:10:00,0.09255,0.09263,0.09254,0.09261,687374,63644.41728
DOGEUSDT,1775481300000,2026-04-06 13:15:00,2026-04-06 22:15:00,0.09261,0.09261,0.09248,0.09251,1717627,158937.25418
DOGEUSDT,1775481600000,2026-04-06 13:20:00,2026-04-06 22:20:00,0.09251,0.09256,0.09248,0.09251,239671,22174.50186
DOGEUSDT,1775481900000,2026-04-06 13:25:00,2026-04-06 22:25:00,0.09252,0.09257,0.0925,0.09253,1246231,115323.86036
DOGEUSDT,1775482200000,2026-04-06 13:30:00,2026-04-06 22:30:00,0.09254,0.09275,0.09253,0.0927,1621894,150209.04416
DOGEUSDT,1775482500000,2026-04-06 13:35:00,2026-04-06 22:35:00,0.09271,0.09277,0.09225,0.09241,1760267,162753.50981
DOGEUSDT,1775482800000,2026-04-06 13:40:00,2026-04-06 22:40:00,0.09241,0.09251,0.09235,0.09236,909820,84070.80491
DOGEUSDT,1775483100000,2026-04-06 13:45:00,2026-04-06 22:45:00,0.09236,0.09244,0.09228,0.09229,3369243,311200.77625
DOGEUSDT,1775483400000,2026-04-06 13:50:00,2026-04-06 22:50:00,0.0923,0.09252,0.09228,0.09237,2566492,237152.68968
DOGEUSDT,1775483700000,2026-04-06 13:55:00,2026-04-06 22:55:00,0.09237,0.09242,0.09225,0.09238,669262,61806.50794
DOGEUSDT,1775484000000,2026-04-06 14:00:00,2026-04-06 23:00:00,0.09238,0.09275,0.09211,0.09213,7865296,726173.01094
DOGEUSDT,1775484300000,2026-04-06 14:05:00,2026-04-06 23:05:00,0.09213,0.0924,0.09213,0.09239,1987127,183372.52677
DOGEUSDT,1775484600000,2026-04-06 14:10:00,2026-04-06 23:10:00,0.09239,0.09248,0.09227,0.09248,1073336,99172.55961
DOGEUSDT,1775484900000,2026-04-06 14:15:00,2026-04-06 23:15:00,0.09249,0.09261,0.09245,0.09257,912237,84426.45966
DOGEUSDT,1775485200000,2026-04-06 14:20:00,2026-04-06 23:20:00,0.09256,0.09294,0.09254,0.09275,4248658,394188.6966
DOGEUSDT,1775485500000,2026-04-06 14:25:00,2026-04-06 23:25:00,0.09275,0.09281,0.09271,0.09272,812352,75364.28403
DOGEUSDT,1775485800000,2026-04-06 14:30:00,2026-04-06 23:30:00,0.09271,0.09289,0.09267,0.09279,920470,85387.47354
DOGEUSDT,1775486100000,2026-04-06 14:35:00,2026-04-06 23:35:00,0.0928,0.09296,0.09235,0.09238,5999863,556165.65222
DOGEUSDT,1775486400000,2026-04-06 14:40:00,2026-04-06 23:40:00,0.09237,0.09258,0.09236,0.0925,2515742,232659.09025
DOGEUSDT,1775486700000,2026-04-06 14:45:00,2026-04-06 23:45:00,0.0925,0.09253,0.09236,0.09239,998389,92284.93325
DOGEUSDT,1775487000000,2026-04-06 14:50:00,2026-04-06 23:50:00,0.09238,0.09274,0.09238,0.09266,1448019,134079.15074
DOGEUSDT,1775487300000,2026-04-06 14:55:00,2026-04-06 23:55:00,0.09267,0.09284,0.09265,0.09281,725915,67346.3333
DOGEUSDT,1775487600000,2026-04-06 15:00:00,2026-04-07 00:00:00,0.0928,0.09304,0.0927,0.09272,2059509,191242.1252
DOGEUSDT,1775487900000,2026-04-06 15:05:00,2026-04-07 00:05:00,0.09271,0.09272,0.09253,0.09267,1240467,114917.03794
DOGEUSDT,1775488200000,2026-04-06 15:10:00,2026-04-07 00:10:00,0.09266,0.09281,0.09253,0.09269,1650133,152927.23606
DOGEUSDT,1775488500000,2026-04-06 15:15:00,2026-04-07 00:15:00,0.09269,0.09272,0.09253,0.09254,775513,71837.73484
DOGEUSDT,1775488800000,2026-04-06 15:20:00,2026-04-07 00:20:00,0.09253,0.09269,0.09252,0.09261,802969,74357.6354
DOGEUSDT,1775489100000,2026-04-06 15:25:00,2026-04-07 00:25:00,0.09261,0.09269,0.09252,0.09268,1664728,154172.13037
DOGEUSDT,1775489400000,2026-04-06 15:30:00,2026-04-07 00:30:00,0.09269,0.09282,0.09265,0.09266,1546903,143483.01656
DOGEUSDT,1775489700000,2026-04-06 15:35:00,2026-04-07 00:35:00,0.09267,0.09271,0.09255,0.0927,504856,46757.42928
DOGEUSDT,1775490000000,2026-04-06 15:40:00,2026-04-07 00:40:00,0.09269,0.09273,0.09262,0.09273,717146,66463.89901
DOGEUSDT,1775490300000,2026-04-06 15:45:00,2026-04-07 00:45:00,0.09274,0.09295,0.09274,0.09285,1632470,151549.42472
DOGEUSDT,1775490600000,2026-04-06 15:50:00,2026-04-07 00:50:00,0.09285,0.09292,0.09281,0.09284,1512223,140467.58131
DOGEUSDT,1775490900000,2026-04-06 15:55:00,2026-04-07 00:55:00,0.09284,0.09285,0.0928,0.09283,699167,64896.91142
DOGEUSDT,1775491200000,2026-04-06 16:00:00,2026-04-07 01:00:00,0.09284,0.09286,0.09274,0.09274,945399,87756.19223
DOGEUSDT,1775491500000,2026-04-06 16:05:00,2026-04-07 01:05:00,0.09273,0.09275,0.09259,0.09262,2284405,211621.53818
DOGEUSDT,1775491800000,2026-04-06 16:10:00,2026-04-07 01:10:00,0.09263,0.09284,0.09259,0.09284,3215168,298171.88854
DOGEUSDT,1775492100000,2026-04-06 16:15:00,2026-04-07 01:15:00,0.09283,0.09285,0.09262,0.09273,394719,36610.56018
DOGEUSDT,1775492400000,2026-04-06 16:20:00,2026-04-07 01:20:00,0.09273,0.09276,0.09263,0.09267,508033,47104.3405
DOGEUSDT,1775492700000,2026-04-06 16:25:00,2026-04-07 01:25:00,0.09267,0.09269,0.09256,0.09257,872382,80821.7126
DOGEUSDT,1775493000000,2026-04-06 16:30:00,2026-04-07 01:30:00,0.09256,0.09262,0.09253,0.09258,589085,54525.79437
DOGEUSDT,1775493300000,2026-04-06 16:35:00,2026-04-07 01:35:00,0.09259,0.09263,0.09255,0.09255,888247,82236.56406
DOGEUSDT,1775493600000,2026-04-06 16:40:00,2026-04-07 01:40:00,0.09255,0.09262,0.09254,0.09261,270739,25068.39317
DOGEUSDT,1775493900000,2026-04-06 16:45:00,2026-04-07 01:45:00,0.09262,0.09291,0.09253,0.09277,2151203,199484.15907
DOGEUSDT,1775494200000,2026-04-06 16:50:00,2026-04-07 01:50:00,0.09278,0.09278,0.09247,0.09248,834456,77306.98917
DOGEUSDT,1775494500000,2026-04-06 16:55:00,2026-04-07 01:55:00,0.09248,0.0925,0.09222,0.09234,2357362,217631.79581
DOGEUSDT,1775494800000,2026-04-06 17:00:00,2026-04-07 02:00:00,0.09234,0.09234,0.09176,0.09195,9794125,900542.61524
DOGEUSDT,1775495100000,2026-04-06 17:05:00,2026-04-07 02:05:00,0.09196,0.09218,0.0919,0.09215,2745452,252890.07569
DOGEUSDT,1775495400000,2026-04-06 17:10:00,2026-04-07 02:10:00,0.09215,0.09216,0.09173,0.09177,2772832,254962.52845
DOGEUSDT,1775495700000,2026-04-06 17:15:00,2026-04-07 02:15:00,0.09177,0.09194,0.0916,0.09184,2433330,223227.25593
DOGEUSDT,1775496000000,2026-04-06 17:20:00,2026-04-07 02:20:00,0.09184,0.09196,0.09177,0.09193,1945518,178749.34994
DOGEUSDT,1775496300000,2026-04-06 17:25:00,2026-04-07 02:25:00,0.09194,0.09201,0.09191,0.09198,978217,89937.58286
DOGEUSDT,1775496600000,2026-04-06 17:30:00,2026-04-07 02:30:00,0.09197,0.09209,0.0919,0.09194,2304169,211884.04147
DOGEUSDT,1775496900000,2026-04-06 17:35:00,2026-04-07 02:35:00,0.09194,0.09204,0.09186,0.09192,1549852,142527.73007
DOGEUSDT,1775497200000,2026-04-06 17:40:00,2026-04-07 02:40:00,0.09191,0.09191,0.09181,0.09185,1362834,125165.64935
DOGEUSDT,1775497500000,2026-04-06 17:45:00,2026-04-07 02:45:00,0.09186,0.09195,0.0918,0.09195,816124,74935.48347
DOGEUSDT,1775497800000,2026-04-06 17:50:00,2026-04-07 02:50:00,0.09194,0.09202,0.0919,0.09194,878836,80824.35466
DOGEUSDT,1775498100000,2026-04-06 17:55:00,2026-04-07 02:55:00,0.09195,0.09201,0.09195,0.09197,344854,31720.92378
DOGEUSDT,1775498400000,2026-04-06 18:00:00,2026-04-07 03:00:00,0.09197,0.09199,0.09186,0.09187,1291127,118669.74758
DOGEUSDT,1775498700000,2026-04-06 18:05:00,2026-04-07 03:05:00,0.09186,0.09196,0.09186,0.09193,413927,38046.17659
DOGEUSDT,1775499000000,2026-04-06 18:10:00,2026-04-07 03:10:00,0.09192,0.09224,0.09192,0.09208,2484507,228886.85629
DOGEUSDT,1775499300000,2026-04-06 18:15:00,2026-04-07 03:15:00,0.09207,0.09214,0.09203,0.09213,1436741,132297.47133
DOGEUSDT,1775499600000,2026-04-06 18:20:00,2026-04-07 03:20:00,0.09213,0.09213,0.09191,0.09195,882774,81219.86109
DOGEUSDT,1775499900000,2026-04-06 18:25:00,2026-04-07 03:25:00,0.09195,0.09211,0.0919,0.09208,737631,67882.77573
DOGEUSDT,1775500200000,2026-04-06 18:30:00,2026-04-07 03:30:00,0.09208,0.09218,0.09206,0.09212,694138,63925.18849
DOGEUSDT,1775500500000,2026-04-06 18:35:00,2026-04-07 03:35:00,0.09213,0.09219,0.09209,0.09209,1919577,176916.21509
DOGEUSDT,1775500800000,2026-04-06 18:40:00,2026-04-07 03:40:00,0.09209,0.0921,0.09203,0.09207,192946,17764.7979
DOGEUSDT,1775501100000,2026-04-06 18:45:00,2026-04-07 03:45:00,0.09207,0.09213,0.09202,0.09208,165810,15264.38551
DOGEUSDT,1775501400000,2026-04-06 18:50:00,2026-04-07 03:50:00,0.09209,0.09222,0.09202,0.09221,296251,27291.86022
DOGEUSDT,1775501700000,2026-04-06 18:55:00,2026-04-07 03:55:00,0.09221,0.09221,0.09215,0.09218,86101,7936.94136
DOGEUSDT,1775502000000,2026-04-06 19:00:00,2026-04-07 04:00:00,0.09218,0.09218,0.09202,0.09203,1221811,112481.36759
DOGEUSDT,1775502300000,2026-04-06 19:05:00,2026-04-07 04:05:00,0.09202,0.09202,0.09181,0.09188,1265060,116266.682
DOGEUSDT,1775502600000,2026-04-06 19:10:00,2026-04-07 04:10:00,0.09187,0.0919,0.09175,0.0919,2073227,190346.22844
DOGEUSDT,1775502900000,2026-04-06 19:15:00,2026-04-07 04:15:00,0.09191,0.09194,0.09187,0.09188,1263283,116128.1382
DOGEUSDT,1775503200000,2026-04-06 19:20:00,2026-04-07 04:20:00,0.09188,0.09198,0.09184,0.09185,573927,52744.15055
DOGEUSDT,1775503500000,2026-04-06 19:25:00,2026-04-07 04:25:00,0.09186,0.09186,0.0918,0.09181,258082,23699.42635
DOGEUSDT,1775503800000,2026-04-06 19:30:00,2026-04-07 04:30:00,0.09181,0.09184,0.09172,0.09176,409970,37620.77912
DOGEUSDT,1775504100000,2026-04-06 19:35:00,2026-04-07 04:35:00,0.09176,0.09181,0.09171,0.09177,201485,18488.83922
DOGEUSDT,1775504400000,2026-04-06 19:40:00,2026-04-07 04:40:00,0.09178,0.09178,0.09167,0.09177,303138,27800.7821
DOGEUSDT,1775504700000,2026-04-06 19:45:00,2026-04-07 04:45:00,0.09177,0.0918,0.09173,0.09178,421183,38651.50735
DOGEUSDT,1775505000000,2026-04-06 19:50:00,2026-04-07 04:50:00,0.09178,0.09193,0.09175,0.09192,557058,51159.25808
DOGEUSDT,1775505300000,2026-04-06 19:55:00,2026-04-07 04:55:00,0.09192,0.092,0.09185,0.09194,941315,86525.79441
DOGEUSDT,1775505600000,2026-04-06 20:00:00,2026-04-07 05:00:00,0.09195,0.09197,0.09184,0.09191,468556,43060.91034
DOGEUSDT,1775505900000,2026-04-06 20:05:00,2026-04-07 05:05:00,0.0919,0.09192,0.09182,0.09185,658419,60472.56171
DOGEUSDT,1775506200000,2026-04-06 20:10:00,2026-04-07 05:10:00,0.09185,0.09188,0.09175,0.09182,934268,85752.38646
DOGEUSDT,1775506500000,2026-04-06 20:15:00,2026-04-07 05:15:00,0.09182,0.09185,0.09174,0.09178,733057,67281.29165
DOGEUSDT,1775506800000,2026-04-06 20:20:00,2026-04-07 05:20:00,0.09179,0.09189,0.09179,0.09184,357104,32794.87866
DOGEUSDT,1775507100000,2026-04-06 20:25:00,2026-04-07 05:25:00,0.09184,0.09196,0.09183,0.09188,1312719,120626.51952
DOGEUSDT,1775507400000,2026-04-06 20:30:00,2026-04-07 05:30:00,0.09188,0.09192,0.09185,0.0919,177376,16298.64825
DOGEUSDT,1775507700000,2026-04-06 20:35:00,2026-04-07 05:35:00,0.0919,0.09199,0.0919,0.09196,217343,19985.48155
DOGEUSDT,1775508000000,2026-04-06 20:40:00,2026-04-07 05:40:00,0.09195,0.09198,0.09194,0.09195,154760,14230.82639
DOGEUSDT,1775508300000,2026-04-06 20:45:00,2026-04-07 05:45:00,0.09195,0.09197,0.09191,0.09195,346122,31819.2809
DOGEUSDT,1775508600000,2026-04-06 20:50:00,2026-04-07 05:50:00,0.09195,0.09195,0.09185,0.0919,720701,66209.2593
DOGEUSDT,1775508900000,2026-04-06 20:55:00,2026-04-07 05:55:00,0.09189,0.0919,0.09185,0.09187,645425,59297.85679
DOGEUSDT,1775509200000,2026-04-06 21:00:00,2026-04-07 06:00:00,0.09186,0.09186,0.09168,0.09169,896539,82264.77604
DOGEUSDT,1775509500000,2026-04-06 21:05:00,2026-04-07 06:05:00,0.09169,0.09173,0.09164,0.09164,480035,44007.39591
DOGEUSDT,1775509800000,2026-04-06 21:10:00,2026-04-07 06:10:00,0.09164,0.09167,0.09144,0.0916,4529459,414600.48088
DOGEUSDT,1775510100000,2026-04-06 21:15:00,2026-04-07 06:15:00,0.09161,0.09161,0.09149,0.09156,473593,43360.72539
DOGEUSDT,1775510400000,2026-04-06 21:20:00,2026-04-07 06:20:00,0.09156,0.09164,0.09154,0.09156,367467,33654.55086
DOGEUSDT,1775510700000,2026-04-06 21:25:00,2026-04-07 06:25:00,0.09156,0.0916,0.09154,0.09157,271282,24838.66084
DOGEUSDT,1775511000000,2026-04-06 21:30:00,2026-04-07 06:30:00,0.09156,0.09161,0.09153,0.09161,322866,29563.37195
DOGEUSDT,1775511300000,2026-04-06 21:35:00,2026-04-07 06:35:00,0.0916,0.09161,0.09139,0.09156,1471901,134643.97931
DOGEUSDT,1775511600000,2026-04-06 21:40:00,2026-04-07 06:40:00,0.09155,0.09155,0.09139,0.09144,908146,83072.48756
DOGEUSDT,1775511900000,2026-04-06 21:45:00,2026-04-07 06:45:00,0.09143,0.09153,0.09142,0.09153,616203,56368.08465
DOGEUSDT,1775512200000,2026-04-06 21:50:00,2026-04-07 06:50:00,0.09153,0.09154,0.09145,0.09146,704803,64482.87517
DOGEUSDT,1775512500000,2026-04-06 21:55:00,2026-04-07 06:55:00,0.09145,0.09148,0.0914,0.09146,588211,53781.49218
DOGEUSDT,1775512800000,2026-04-06 22:00:00,2026-04-07 07:00:00,0.09145,0.09145,0.09122,0.09136,5768902,526836.0349
DOGEUSDT,1775513100000,2026-04-06 22:05:00,2026-04-07 07:05:00,0.09136,0.09142,0.09129,0.09129,2469505,225664.699
DOGEUSDT,1775513400000,2026-04-06 22:10:00,2026-04-07 07:10:00,0.09129,0.09137,0.09129,0.09136,858615,78424.99434
DOGEUSDT,1775513700000,2026-04-06 22:15:00,2026-04-07 07:15:00,0.09137,0.09137,0.09123,0.09123,1137732,103859.63556
DOGEUSDT,1775514000000,2026-04-06 22:20:00,2026-04-07 07:20:00,0.09124,0.09126,0.09095,0.09097,6190133,563777.82961
DOGEUSDT,1775514300000,2026-04-06 22:25:00,2026-04-07 07:25:00,0.09097,0.09109,0.09096,0.09101,1314691,119702.184
DOGEUSDT,1775514600000,2026-04-06 22:30:00,2026-04-07 07:30:00,0.09101,0.09101,0.0907,0.09083,4038148,366747.82598
DOGEUSDT,1775514900000,2026-04-06 22:35:00,2026-04-07 07:35:00,0.09083,0.09091,0.09073,0.09076,4160160,377759.41884
DOGEUSDT,1775515200000,2026-04-06 22:40:00,2026-04-07 07:40:00,0.09076,0.09083,0.0907,0.09073,1764130,160120.42311
DOGEUSDT,1775515500000,2026-04-06 22:45:00,2026-04-07 07:45:00,0.09073,0.09073,0.0906,0.09064,3224752,292343.81228
DOGEUSDT,1775515800000,2026-04-06 22:50:00,2026-04-07 07:50:00,0.09065,0.09088,0.09051,0.09075,18821427,1706973.67304
DOGEUSDT,1775516100000,2026-04-06 22:55:00,2026-04-07 07:55:00,0.09075,0.09098,0.09042,0.09042,11807823,1070170.03396
DOGEUSDT,1775516400000,2026-04-06 23:00:00,2026-04-07 08:00:00,0.09041,0.09045,0.09001,0.09024,31994642,2885935.52174
DOGEUSDT,1775516700000,2026-04-06 23:05:00,2026-04-07 08:05:00,0.09023,0.0904,0.08993,0.0904,28821503,2596176.33455
DOGEUSDT,1775517000000,2026-04-06 23:10:00,2026-04-07 08:10:00,0.0904,0.09051,0.09028,0.09031,6756322,610760.33783
DOGEUSDT,1775517300000,2026-04-06 23:15:00,2026-04-07 08:15:00,0.0903,0.0903,0.09012,0.09025,4763625,429780.53506
DOGEUSDT,1775517600000,2026-04-06 23:20:00,2026-04-07 08:20:00,0.09024,0.09047,0.09017,0.09035,4352424,393147.22688
DOGEUSDT,1775517900000,2026-04-06 23:25:00,2026-04-07 08:25:00,0.09036,0.09039,0.09025,0.09028,4213501,380480.20648
DOGEUSDT,1775518200000,2026-04-06 23:30:00,2026-04-07 08:30:00,0.09028,0.09038,0.09017,0.09027,6423814,579661.13988
DOGEUSDT,1775518500000,2026-04-06 23:35:00,2026-04-07 08:35:00,0.09028,0.09051,0.09024,0.09049,3384803,305742.61577
DOGEUSDT,1775518800000,2026-04-06 23:40:00,2026-04-07 08:40:00,0.09048,0.09067,0.09046,0.0906,6507348,589529.29035
DOGEUSDT,1775519100000,2026-04-06 23:45:00,2026-04-07 08:45:00,0.0906,0.09067,0.09049,0.09049,4041066,366056.02127
DOGEUSDT,1775519400000,2026-04-06 23:50:00,2026-04-07 08:50:00,0.09049,0.09062,0.09048,0.09062,1827848,165539.79155
DOGEUSDT,1775519700000,2026-04-06 23:55:00,2026-04-07 08:55:00,0.09062,0.09065,0.09057,0.09061,2414119,218745.55826
DOGEUSDT,1775520000000,2026-04-07 00:00:00,2026-04-07 09:00:00,0.0906,0.09063,0.09046,0.09061,4909406,444511.47702
DOGEUSDT,1775520300000,2026-04-07 00:05:00,2026-04-07 09:05:00,0.09062,0.09094,0.09062,0.09079,9694910,880402.64132
DOGEUSDT,1775520600000,2026-04-07 00:10:00,2026-04-07 09:10:00,0.09079,0.09081,0.09064,0.09065,3249465,294723.41472
DOGEUSDT,1775520900000,2026-04-07 00:15:00,2026-04-07 09:15:00,0.09065,0.09076,0.09059,0.09066,3126428,283462.07471
DOGEUSDT,1775521200000,2026-04-07 00:20:00,2026-04-07 09:20:00,0.09066,0.09072,0.09053,0.09067,3294661,298539.24406
DOGEUSDT,1775521500000,2026-04-07 00:25:00,2026-04-07 09:25:00,0.09068,0.09074,0.09059,0.09066,3728194,338134.76038
DOGEUSDT,1775521800000,2026-04-07 00:30:00,2026-04-07 09:30:00,0.09067,0.09079,0.09057,0.09059,1689738,153213.43726
DOGEUSDT,1775522100000,2026-04-07 00:35:00,2026-04-07 09:35:00,0.0906,0.09065,0.09049,0.09051,1622081,146911.18522
DOGEUSDT,1775522400000,2026-04-07 00:40:00,2026-04-07 09:40:00,0.09052,0.09067,0.0905,0.09066,1040912,94284.03832
DOGEUSDT,1775522700000,2026-04-07 00:45:00,2026-04-07 09:45:00,0.09067,0.09072,0.09059,0.09072,988039,89560.74366
DOGEUSDT,1775523000000,2026-04-07 00:50:00,2026-04-07 09:50:00,0.09072,0.09082,0.09069,0.09076,727220,66000.97056
DOGEUSDT,1775523300000,2026-04-07 00:55:00,2026-04-07 09:55:00,0.09077,0.09077,0.0907,0.0907,823585,74733.65685
DOGEUSDT,1775523600000,2026-04-07 01:00:00,2026-04-07 10:00:00,0.0907,0.09074,0.09058,0.09072,2013613,182561.68767
DOGEUSDT,1775523900000,2026-04-07 01:05:00,2026-04-07 10:05:00,0.09071,0.09075,0.0906,0.09066,1377809,124910.5283
DOGEUSDT,1775524200000,2026-04-07 01:10:00,2026-04-07 10:10:00,0.09067,0.09075,0.0906,0.09069,1523627,138166.92116
DOGEUSDT,1775524500000,2026-04-07 01:15:00,2026-04-07 10:15:00,0.09069,0.09087,0.09069,0.09086,1330854,120808.50188
DOGEUSDT,1775524800000,2026-04-07 01:20:00,2026-04-07 10:20:00,0.09086,0.09097,0.09068,0.09071,2071672,188198.05443
DOGEUSDT,1775525100000,2026-04-07 01:25:00,2026-04-07 10:25:00,0.09071,0.09077,0.09067,0.09071,1062644,96405.94355
DOGEUSDT,1775525400000,2026-04-07 01:30:00,2026-04-07 10:30:00,0.09071,0.09082,0.09067,0.09077,819680,74389.11546
DOGEUSDT,1775525700000,2026-04-07 01:35:00,2026-04-07 10:35:00,0.09077,0.09077,0.09057,0.0906,1840975,166887.04687
DOGEUSDT,1775526000000,2026-04-07 01:40:00,2026-04-07 10:40:00,0.0906,0.09073,0.0906,0.09072,1067269,96766.30664
DOGEUSDT,1775526300000,2026-04-07 01:45:00,2026-04-07 10:45:00,0.09072,0.09074,0.09061,0.09061,952136,86328.81378
DOGEUSDT,1775526600000,2026-04-07 01:50:00,2026-04-07 10:50:00,0.09061,0.09064,0.09036,0.09051,2675011,241983.51542
DOGEUSDT,1775526900000,2026-04-07 01:55:00,2026-04-07 10:55:00,0.09051,0.09057,0.09037,0.09041,1733794,156809.02423
DOGEUSDT,1775527200000,2026-04-07 02:00:00,2026-04-07 11:00:00,0.09041,0.09048,0.09037,0.09043,911007,82376.14464
DOGEUSDT,1775527500000,2026-04-07 02:05:00,2026-04-07 11:05:00,0.09042,0.09058,0.09023,0.09056,3738200,337732.30306
DOGEUSDT,1775527800000,2026-04-07 02:10:00,2026-04-07 11:10:00,0.09055,0.09061,0.09044,0.09045,955604,86500.71929
DOGEUSDT,1775528100000,2026-04-07 02:15:00,2026-04-07 11:15:00,0.09044,0.09068,0.09042,0.09067,752750,68182.12924
DOGEUSDT,1775528400000,2026-04-07 02:20:00,2026-04-07 11:20:00,0.09067,0.09071,0.09055,0.09069,985746,89360.00125
DOGEUSDT,1775528700000,2026-04-07 02:25:00,2026-04-07 11:25:00,0.09069,0.09072,0.09062,0.09071,959153,86972.7852
DOGEUSDT,1775529000000,2026-04-07 02:30:00,2026-04-07 11:30:00,0.0907,0.09073,0.09051,0.09054,985184,89284.84082
DOGEUSDT,1775529300000,2026-04-07 02:35:00,2026-04-07 11:35:00,0.09054,0.0907,0.09054,0.09062,1163511,105420.14209
DOGEUSDT,1775529600000,2026-04-07 02:40:00,2026-04-07 11:40:00,0.09062,0.09062,0.09048,0.0905,838303,75896.50864
DOGEUSDT,1775529900000,2026-04-07 02:45:00,2026-04-07 11:45:00,0.09049,0.09054,0.09045,0.09046,657868,59531.71667
DOGEUSDT,1775530200000,2026-04-07 02:50:00,2026-04-07 11:50:00,0.09047,0.09053,0.09039,0.09046,972993,88008.27919
DOGEUSDT,1775530500000,2026-04-07 02:55:00,2026-04-07 11:55:00,0.09046,0.09056,0.09041,0.09054,1337552,121054.92331
DOGEUSDT,1775530800000,2026-04-07 03:00:00,2026-04-07 12:00:00,0.09054,0.09062,0.09051,0.09059,1119901,101410.91345
DOGEUSDT,1775531100000,2026-04-07 03:05:00,2026-04-07 12:05:00,0.09058,0.09061,0.09055,0.09059,828487,75041.30022
DOGEUSDT,1775531400000,2026-04-07 03:10:00,2026-04-07 12:10:00,0.09058,0.09062,0.09054,0.09054,430242,38967.74167
DOGEUSDT,1775531700000,2026-04-07 03:15:00,2026-04-07 12:15:00,0.09054,0.0906,0.0905,0.09051,796306,72099.33454
DOGEUSDT,1775532000000,2026-04-07 03:20:00,2026-04-07 12:20:00,0.09051,0.09061,0.09048,0.09057,583274,52813.86269
DOGEUSDT,1775532300000,2026-04-07 03:25:00,2026-04-07 12:25:00,0.09056,0.09059,0.09053,0.09059,882474,79925.06322
DOGEUSDT,1775532600000,2026-04-07 03:30:00,2026-04-07 12:30:00,0.09059,0.0906,0.09053,0.09056,529649,47966.88677
DOGEUSDT,1775532900000,2026-04-07 03:35:00,2026-04-07 12:35:00,0.09055,0.09056,0.09044,0.09045,786773,71205.58982
DOGEUSDT,1775533200000,2026-04-07 03:40:00,2026-04-07 12:40:00,0.09045,0.09047,0.09042,0.09047,630309,57005.44799
DOGEUSDT,1775533500000,2026-04-07 03:45:00,2026-04-07 12:45:00,0.09046,0.09051,0.09045,0.09046,602619,54519.04434
DOGEUSDT,1775533800000,2026-04-07 03:50:00,2026-04-07 12:50:00,0.09045,0.09056,0.09044,0.09056,592198,53585.43001
DOGEUSDT,1775534100000,2026-04-07 03:55:00,2026-04-07 12:55:00,0.09056,0.09057,0.09052,0.09053,1054593,95488.1888
DOGEUSDT,1775534400000,2026-04-07 04:00:00,2026-04-07 13:00:00,0.09052,0.09052,0.09037,0.09038,1345280,121677.4189
DOGEUSDT,1775534700000,2026-04-07 04:05:00,2026-04-07 13:05:00,0.09037,0.09043,0.09035,0.09042,305512,27617.03482
DOGEUSDT,1775535000000,2026-04-07 04:10:00,2026-04-07 13:10:00,0.09042,0.09044,0.09037,0.09041,3661175,330973.26932
DOGEUSDT,1775535300000,2026-04-07 04:15:00,2026-04-07 13:15:00,0.0904,0.09046,0.0903,0.09031,582887,52691.08802
DOGEUSDT,1775535600000,2026-04-07 04:20:00,2026-04-07 13:20:00,0.09031,0.09038,0.09029,0.09036,837993,75698.70226
DOGEUSDT,1775535900000,2026-04-07 04:25:00,2026-04-07 13:25:00,0.09037,0.09044,0.09035,0.09035,1849566,167197.32316
DOGEUSDT,1775536200000,2026-04-07 04:30:00,2026-04-07 13:30:00,0.09035,0.09054,0.09035,0.09051,1332936,120590.40772
DOGEUSDT,1775536500000,2026-04-07 04:35:00,2026-04-07 13:35:00,0.09051,0.09065,0.09051,0.09063,728769,65995.76459
DOGEUSDT,1775536800000,2026-04-07 04:40:00,2026-04-07 13:40:00,0.09062,0.09065,0.0906,0.09064,566263,51319.25888
DOGEUSDT,1775537100000,2026-04-07 04:45:00,2026-04-07 13:45:00,0.09064,0.09078,0.0906,0.09078,1056362,95800.24149
DOGEUSDT,1775537400000,2026-04-07 04:50:00,2026-04-07 13:50:00,0.09077,0.09077,0.09073,0.09075,611357,55476.55529
DOGEUSDT,1775537700000,2026-04-07 04:55:00,2026-04-07 13:55:00,0.09076,0.09079,0.09072,0.09073,987721,89643.32382
DOGEUSDT,1775538000000,2026-04-07 05:00:00,2026-04-07 14:00:00,0.09073,0.09074,0.09053,0.09057,1278372,115855.29632
DOGEUSDT,1775538300000,2026-04-07 05:05:00,2026-04-07 14:05:00,0.09056,0.09057,0.09048,0.09051,296419,26826.45076
DOGEUSDT,1775538600000,2026-04-07 05:10:00,2026-04-07 14:10:00,0.09051,0.09052,0.09044,0.09045,496484,44922.69125
DOGEUSDT,1775538900000,2026-04-07 05:15:00,2026-04-07 14:15:00,0.09044,0.09053,0.09039,0.09048,1557733,140911.40797
DOGEUSDT,1775539200000,2026-04-07 05:20:00,2026-04-07 14:20:00,0.09047,0.09057,0.09045,0.0905,819758,74193.92173
DOGEUSDT,1775539500000,2026-04-07 05:25:00,2026-04-07 14:25:00,0.09051,0.09055,0.09045,0.09048,1237308,111948.41607
DOGEUSDT,1775539800000,2026-04-07 05:30:00,2026-04-07 14:30:00,0.09047,0.0905,0.09039,0.09046,1232997,111535.73324
DOGEUSDT,1775540100000,2026-04-07 05:35:00,2026-04-07 14:35:00,0.09046,0.09059,0.09044,0.09057,10472687,947737.62555
DOGEUSDT,1775540400000,2026-04-07 05:40:00,2026-04-07 14:40:00,0.09058,0.09059,0.09047,0.09049,560525,50740.94628
DOGEUSDT,1775540700000,2026-04-07 05:45:00,2026-04-07 14:45:00,0.09048,0.0905,0.09044,0.09046,697505,63106.65073
DOGEUSDT,1775541000000,2026-04-07 05:50:00,2026-04-07 14:50:00,0.09046,0.09051,0.09046,0.09051,4181716,378399.12955
DOGEUSDT,1775541300000,2026-04-07 05:55:00,2026-04-07 14:55:00,0.0905,0.09055,0.09043,0.09054,1282667,116065.88401
DOGEUSDT,1775541600000,2026-04-07 06:00:00,2026-04-07 15:00:00,0.09054,0.09054,0.09044,0.09047,1138674,103018.15181
DOGEUSDT,1775541900000,2026-04-07 06:05:00,2026-04-07 15:05:00,0.09047,0.09051,0.09034,0.09037,1175653,106304.04122
DOGEUSDT,1775542200000,2026-04-07 06:10:00,2026-04-07 15:10:00,0.09036,0.09051,0.09034,0.09034,9680271,875733.02686
DOGEUSDT,1775542500000,2026-04-07 06:15:00,2026-04-07 15:15:00,0.09035,0.09035,0.09027,0.09031,2695486,243401.88163
DOGEUSDT,1775542800000,2026-04-07 06:20:00,2026-04-07 15:20:00,0.09032,0.09041,0.09024,0.09041,9369786,846752.16004
DOGEUSDT,1775543100000,2026-04-07 06:25:00,2026-04-07 15:25:00,0.0904,0.09047,0.0904,0.09047,1439926,130222.10625
DOGEUSDT,1775543400000,2026-04-07 06:30:00,2026-04-07 15:30:00,0.09046,0.09048,0.09039,0.0904,854476,77275.70175
DOGEUSDT,1775543700000,2026-04-07 06:35:00,2026-04-07 15:35:00,0.09039,0.09051,0.09039,0.09046,845444,76453.31956
DOGEUSDT,1775544000000,2026-04-07 06:40:00,2026-04-07 15:40:00,0.09045,0.09067,0.09038,0.09059,4331250,392253.95789
DOGEUSDT,1775544300000,2026-04-07 06:45:00,2026-04-07 15:45:00,0.0906,0.09065,0.09054,0.09063,2073188,187831.29419
DOGEUSDT,1775544600000,2026-04-07 06:50:00,2026-04-07 15:50:00,0.09063,0.09075,0.09062,0.09073,2605738,236254.30708
DOGEUSDT,1775544900000,2026-04-07 06:55:00,2026-04-07 15:55:00,0.09072,0.09073,0.09063,0.09067,2286797,207360.24446
DOGEUSDT,1775545200000,2026-04-07 07:00:00,2026-04-07 16:00:00,0.09068,0.09069,0.09059,0.09065,2839186,257394.59932
DOGEUSDT,1775545500000,2026-04-07 07:05:00,2026-04-07 16:05:00,0.09066,0.09072,0.09064,0.0907,2057102,186533.89541
DOGEUSDT,1775545800000,2026-04-07 07:10:00,2026-04-07 16:10:00,0.09069,0.09072,0.09059,0.09068,2716795,246290.82584
DOGEUSDT,1775546100000,2026-04-07 07:15:00,2026-04-07 16:15:00,0.09067,0.09073,0.09065,0.09066,1231526,111680.0188
DOGEUSDT,1775546400000,2026-04-07 07:20:00,2026-04-07 16:20:00,0.09067,0.09073,0.09062,0.09073,1512698,137159.03695
DOGEUSDT,1775546700000,2026-04-07 07:25:00,2026-04-07 16:25:00,0.09072,0.09076,0.09057,0.09057,1839186,166742.11385
DOGEUSDT,1775547000000,2026-04-07 07:30:00,2026-04-07 16:30:00,0.09058,0.0908,0.09057,0.0907,1908566,173048.09771
DOGEUSDT,1775547300000,2026-04-07 07:35:00,2026-04-07 16:35:00,0.09071,0.09072,0.09061,0.09061,542585,49191.78081
DOGEUSDT,1775547600000,2026-04-07 07:40:00,2026-04-07 16:40:00,0.09061,0.09066,0.09061,0.09063,824359,74711.96213
DOGEUSDT,1775547900000,2026-04-07 07:45:00,2026-04-07 16:45:00,0.09063,0.09064,0.09056,0.09059,2199931,199317.13484
DOGEUSDT,1775548200000,2026-04-07 07:50:00,2026-04-07 16:50:00,0.09059,0.09068,0.09059,0.09065,4229890,383433.47593
DOGEUSDT,1775548500000,2026-04-07 07:55:00,2026-04-07 16:55:00,0.09066,0.09068,0.09059,0.0906,2146027,194508.3854
DOGEUSDT,1775548800000,2026-04-07 08:00:00,2026-04-07 17:00:00,0.0906,0.09097,0.09058,0.09068,4410873,400228.10581
DOGEUSDT,1775549100000,2026-04-07 08:05:00,2026-04-07 17:05:00,0.09068,0.09072,0.09063,0.09072,880008,79803.87771
DOGEUSDT,1775549400000,2026-04-07 08:10:00,2026-04-07 17:10:00,0.09072,0.09086,0.09072,0.09074,587775,53357.76515
DOGEUSDT,1775549700000,2026-04-07 08:15:00,2026-04-07 17:15:00,0.09073,0.09076,0.09064,0.09075,645493,58547.89271
DOGEUSDT,1775550000000,2026-04-07 08:20:00,2026-04-07 17:20:00,0.09074,0.09079,0.09071,0.09077,688612,62486.31689
DOGEUSDT,1775550300000,2026-04-07 08:25:00,2026-04-07 17:25:00,0.09077,0.09077,0.09064,0.09067,1492295,135327.08938
DOGEUSDT,1775550600000,2026-04-07 08:30:00,2026-04-07 17:30:00,0.09067,0.09079,0.09067,0.09078,507201,46018.35161
DOGEUSDT,1775550900000,2026-04-07 08:35:00,2026-04-07 17:35:00,0.09078,0.09079,0.09074,0.09077,448120,40669.22935
DOGEUSDT,1775551200000,2026-04-07 08:40:00,2026-04-07 17:40:00,0.09076,0.09084,0.09073,0.09082,794919,72161.2296
DOGEUSDT,1775551500000,2026-04-07 08:45:00,2026-04-07 17:45:00,0.09081,0.09087,0.0908,0.09081,1021730,92799.33369
DOGEUSDT,1775551800000,2026-04-07 08:50:00,2026-04-07 17:50:00,0.0908,0.0909,0.09077,0.0909,710228,64499.23625
DOGEUSDT,1775552100000,2026-04-07 08:55:00,2026-04-07 17:55:00,0.09089,0.09103,0.09088,0.09098,1892704,172177.63541
DOGEUSDT,1775552400000,2026-04-07 09:00:00,2026-04-07 18:00:00,0.09099,0.09112,0.09099,0.09104,1589632,144758.3483
DOGEUSDT,1775552700000,2026-04-07 09:05:00,2026-04-07 18:05:00,0.09105,0.09141,0.09094,0.09139,5680413,518137.40901
DOGEUSDT,1775553000000,2026-04-07 09:10:00,2026-04-07 18:10:00,0.0914,0.09147,0.09125,0.09127,2150570,196489.88471
DOGEUSDT,1775553300000,2026-04-07 09:15:00,2026-04-07 18:15:00,0.09127,0.09128,0.09105,0.09118,2363086,215400.09492
DOGEUSDT,1775553600000,2026-04-07 09:20:00,2026-04-07 18:20:00,0.09118,0.0912,0.09109,0.09119,1185665,108040.4399
DOGEUSDT,1775553900000,2026-04-07 09:25:00,2026-04-07 18:25:00,0.09119,0.09124,0.09108,0.09114,852068,77681.20493
DOGEUSDT,1775554200000,2026-04-07 09:30:00,2026-04-07 18:30:00,0.09114,0.09129,0.09112,0.09128,867535,79140.07763
DOGEUSDT,1775554500000,2026-04-07 09:35:00,2026-04-07 18:35:00,0.09127,0.09132,0.0912,0.09132,1226934,111980.23835
DOGEUSDT,1775554800000,2026-04-07 09:40:00,2026-04-07 18:40:00,0.09131,0.09145,0.0913,0.09136,1374388,125632.36628
DOGEUSDT,1775555100000,2026-04-07 09:45:00,2026-04-07 18:45:00,0.09136,0.0914,0.09126,0.09135,1662530,151874.24762
DOGEUSDT,1775555400000,2026-04-07 09:50:00,2026-04-07 18:50:00,0.09135,0.09141,0.09134,0.09138,1193846,109093.30495
DOGEUSDT,1775555700000,2026-04-07 09:55:00,2026-04-07 18:55:00,0.09138,0.09138,0.09129,0.09129,385218,35177.48364
DOGEUSDT,1775556000000,2026-04-07 10:00:00,2026-04-07 19:00:00,0.09129,0.09141,0.09119,0.0912,709692,64778.33637
DOGEUSDT,1775556300000,2026-04-07 10:05:00,2026-04-07 19:05:00,0.0912,0.09123,0.09078,0.091,5349015,486440.82414
DOGEUSDT,1775556600000,2026-04-07 10:10:00,2026-04-07 19:10:00,0.091,0.09104,0.09083,0.09087,1389485,126317.5839
DOGEUSDT,1775556900000,2026-04-07 10:15:00,2026-04-07 19:15:00,0.09087,0.09099,0.09087,0.09094,647319,58851.27528
DOGEUSDT,1775557200000,2026-04-07 10:20:00,2026-04-07 19:20:00,0.09094,0.09105,0.09084,0.09088,1669886,151879.31177
DOGEUSDT,1775557500000,2026-04-07 10:25:00,2026-04-07 19:25:00,0.09087,0.09087,0.09036,0.09062,8231097,745227.40345
DOGEUSDT,1775557800000,2026-04-07 10:30:00,2026-04-07 19:30:00,0.09063,0.09073,0.09061,0.0907,861616,78125.91114
DOGEUSDT,1775558100000,2026-04-07 10:35:00,2026-04-07 19:35:00,0.09069,0.09074,0.0906,0.09071,2486376,225456.3264
DOGEUSDT,1775558400000,2026-04-07 10:40:00,2026-04-07 19:40:00,0.09071,0.09083,0.09065,0.09076,2673473,242581.3926
DOGEUSDT,1775558700000,2026-04-07 10:45:00,2026-04-07 19:45:00,0.09076,0.09092,0.09067,0.09089,3732492,339074.50641
DOGEUSDT,1775559000000,2026-04-07 10:50:00,2026-04-07 19:50:00,0.0909,0.09094,0.0904,0.09063,9009061,817387.18106
DOGEUSDT,1775559300000,2026-04-07 10:55:00,2026-04-07 19:55:00,0.09063,0.09073,0.09047,0.09055,2104776,190661.75166
DOGEUSDT,1775559600000,2026-04-07 11:00:00,2026-04-07 20:00:00,0.09056,0.0906,0.09043,0.09057,1994586,180534.53296
DOGEUSDT,1775559900000,2026-04-07 11:05:00,2026-04-07 20:05:00,0.09058,0.09068,0.09056,0.09062,1463707,132644.46923
DOGEUSDT,1775560200000,2026-04-07 11:10:00,2026-04-07 20:10:00,0.09062,0.09081,0.09058,0.09072,12503085,1134447.9596
DOGEUSDT,1775560500000,2026-04-07 11:15:00,2026-04-07 20:15:00,0.09073,0.09081,0.0906,0.0906,2878905,261209.94433
DOGEUSDT,1775560800000,2026-04-07 11:20:00,2026-04-07 20:20:00,0.0906,0.09062,0.09042,0.0905,1277551,115650.34078
DOGEUSDT,1775561100000,2026-04-07 11:25:00,2026-04-07 20:25:00,0.0905,0.09061,0.09049,0.09053,627700,56847.36086
DOGEUSDT,1775561400000,2026-04-07 11:30:00,2026-04-07 20:30:00,0.09052,0.09052,0.09031,0.09038,1227387,110980.75435
DOGEUSDT,1775561700000,2026-04-07 11:35:00,2026-04-07 20:35:00,0.09038,0.0906,0.09034,0.09058,1084622,98142.67249
DOGEUSDT,1775562000000,2026-04-07 11:40:00,2026-04-07 20:40:00,0.09058,0.09061,0.09053,0.09058,808379,73210.13373
DOGEUSDT,1775562300000,2026-04-07 11:45:00,2026-04-07 20:45:00,0.09057,0.09059,0.0905,0.09055,347011,31420.6935
DOGEUSDT,1775562600000,2026-04-07 11:50:00,2026-04-07 20:50:00,0.09054,0.09054,0.09043,0.09046,755806,68386.26401
DOGEUSDT,1775562900000,2026-04-07 11:55:00,2026-04-07 20:55:00,0.09046,0.09055,0.09046,0.09053,1166524,105555.58877
DOGEUSDT,1775563200000,2026-04-07 12:00:00,2026-04-07 21:00:00,0.09053,0.09062,0.09046,0.09058,1033551,93609.58596
DOGEUSDT,1775563500000,2026-04-07 12:05:00,2026-04-07 21:05:00,0.09058,0.0907,0.09011,0.09031,7497920,677240.00532
DOGEUSDT,1775563800000,2026-04-07 12:10:00,2026-04-07 21:10:00,0.09031,0.09046,0.0903,0.09035,1524224,137729.67084
DOGEUSDT,1775564100000,2026-04-07 12:15:00,2026-04-07 21:15:00,0.09035,0.09045,0.09021,0.09035,1958571,176844.01553
DOGEUSDT,1775564400000,2026-04-07 12:20:00,2026-04-07 21:20:00,0.09035,0.09046,0.09025,0.09037,1594618,144031.81133
DOGEUSDT,1775564700000,2026-04-07 12:25:00,2026-04-07 21:25:00,0.09037,0.09046,0.09037,0.09038,262022,23688.00888
DOGEUSDT,1775565000000,2026-04-07 12:30:00,2026-04-07 21:30:00,0.09038,0.09043,0.09028,0.09037,794077,71739.56859
DOGEUSDT,1775565300000,2026-04-07 12:35:00,2026-04-07 21:35:00,0.09036,0.09044,0.09036,0.09042,300684,27186.2429
DOGEUSDT,1775565600000,2026-04-07 12:40:00,2026-04-07 21:40:00,0.09041,0.09047,0.09032,0.09039,1367959,123639.93641
DOGEUSDT,1775565900000,2026-04-07 12:45:00,2026-04-07 21:45:00,0.09039,0.09048,0.09031,0.09035,1358104,122797.03321
DOGEUSDT,1775566200000,2026-04-07 12:50:00,2026-04-07 21:50:00,0.09035,0.09048,0.09034,0.09044,3594361,324909.52351
DOGEUSDT,1775566500000,2026-04-07 12:55:00,2026-04-07 21:55:00,0.09044,0.09089,0.09041,0.09066,4242374,384835.85335
DOGEUSDT,1775566800000,2026-04-07 13:00:00,2026-04-07 22:00:00,0.09067,0.0907,0.09061,0.09065,521224,47249.13629
DOGEUSDT,1775567100000,2026-04-07 13:05:00,2026-04-07 22:05:00,0.09066,0.09083,0.09066,0.09074,1982969,179964.95673
DOGEUSDT,1775567400000,2026-04-07 13:10:00,2026-04-07 22:10:00,0.09074,0.09079,0.09058,0.0907,1948392,176729.59598
DOGEUSDT,1775567700000,2026-04-07 13:15:00,2026-04-07 22:15:00,0.0907,0.09071,0.09057,0.09059,469487,42545.65994
DOGEUSDT,1775568000000,2026-04-07 13:20:00,2026-04-07 22:20:00,0.0906,0.09065,0.09053,0.09053,2314483,209652.97799
DOGEUSDT,1775568300000,2026-04-07 13:25:00,2026-04-07 22:25:00,0.09053,0.09061,0.09051,0.0906,309444,28014.58659
DOGEUSDT,1775568600000,2026-04-07 13:30:00,2026-04-07 22:30:00,0.09061,0.0908,0.09059,0.09066,1431786,129846.55381
DOGEUSDT,1775568900000,2026-04-07 13:35:00,2026-04-07 22:35:00,0.09065,0.09075,0.09061,0.09064,1291180,117092.08207
DOGEUSDT,1775569200000,2026-04-07 13:40:00,2026-04-07 22:40:00,0.09064,0.09073,0.09054,0.09057,3997736,362459.70771
DOGEUSDT,1775569500000,2026-04-07 13:45:00,2026-04-07 22:45:00,0.09056,0.09057,0.09037,0.09049,2112678,191116.08439
DOGEUSDT,1775569800000,2026-04-07 13:50:00,2026-04-07 22:50:00,0.09049,0.09065,0.09048,0.09065,568457,51476.63257
DOGEUSDT,1775570100000,2026-04-07 13:55:00,2026-04-07 22:55:00,0.09064,0.09067,0.09045,0.09046,830588,75193.67754
DOGEUSDT,1775570400000,2026-04-07 14:00:00,2026-04-07 23:00:00,0.09046,0.09051,0.09032,0.09034,4646677,420189.10758
DOGEUSDT,1775570700000,2026-04-07 14:05:00,2026-04-07 23:05:00,0.09034,0.09036,0.09005,0.09016,7920657,714107.89906
DOGEUSDT,1775571000000,2026-04-07 14:10:00,2026-04-07 23:10:00,0.09016,0.09032,0.09016,0.09024,1168086,105421.53101
DOGEUSDT,1775571300000,2026-04-07 14:15:00,2026-04-07 23:15:00,0.09024,0.09034,0.09013,0.09027,1210371,109188.29507
DOGEUSDT,1775571600000,2026-04-07 14:20:00,2026-04-07 23:20:00,0.09028,0.09057,0.09028,0.09056,3672093,332111.84539
DOGEUSDT,1775571900000,2026-04-07 14:25:00,2026-04-07 23:25:00,0.09056,0.09058,0.09044,0.09052,923932,83641.24708
DOGEUSDT,1775572200000,2026-04-07 14:30:00,2026-04-07 23:30:00,0.09052,0.09062,0.09039,0.0905,2942367,266347.83078
DOGEUSDT,1775572500000,2026-04-07 14:35:00,2026-04-07 23:35:00,0.0905,0.09051,0.0903,0.09036,793880,71738.88037
DOGEUSDT,1775572800000,2026-04-07 14:40:00,2026-04-07 23:40:00,0.09037,0.09042,0.09033,0.09035,930612,84103.96224
DOGEUSDT,1775573100000,2026-04-07 14:45:00,2026-04-07 23:45:00,0.09035,0.09062,0.09034,0.09047,875722,79249.47616
DOGEUSDT,1775573400000,2026-04-07 14:50:00,2026-04-07 23:50:00,0.09048,0.09049,0.09038,0.09039,678218,61332.69404
DOGEUSDT,1775573700000,2026-04-07 14:55:00,2026-04-07 23:55:00,0.09039,0.09039,0.09019,0.0902,1925323,173925.95602
DOGEUSDT,1775574000000,2026-04-07 15:00:00,2026-04-08 00:00:00,0.09019,0.0902,0.09009,0.09016,2315026,208733.88438
DOGEUSDT,1775574300000,2026-04-07 15:05:00,2026-04-08 00:05:00,0.09016,0.09022,0.09008,0.09022,1106538,99723.34151
DOGEUSDT,1775574600000,2026-04-07 15:10:00,2026-04-08 00:10:00,0.09023,0.09039,0.09022,0.09032,2078163,187675.59767
DOGEUSDT,1775574900000,2026-04-07 15:15:00,2026-04-08 00:15:00,0.09033,0.09069,0.09033,0.0905,4426983,400798.23548
DOGEUSDT,1775575200000,2026-04-07 15:20:00,2026-04-08 00:20:00,0.09049,0.09054,0.09046,0.09049,1428129,129252.55708
DOGEUSDT,1775575500000,2026-04-07 15:25:00,2026-04-08 00:25:00,0.0905,0.09066,0.09049,0.09058,1405766,127372.18787
DOGEUSDT,1775575800000,2026-04-07 15:30:00,2026-04-08 00:30:00,0.09058,0.09059,0.09048,0.0905,588960,53324.31742
DOGEUSDT,1775576100000,2026-04-07 15:35:00,2026-04-08 00:35:00,0.09049,0.09055,0.0904,0.09047,1840157,166483.23257
DOGEUSDT,1775576400000,2026-04-07 15:40:00,2026-04-08 00:40:00,0.09048,0.09051,0.09042,0.09046,554426,50162.07627
DOGEUSDT,1775576700000,2026-04-07 15:45:00,2026-04-08 00:45:00,0.09046,0.09047,0.09039,0.09042,694742,62825.12054
DOGEUSDT,1775577000000,2026-04-07 15:50:00,2026-04-08 00:50:00,0.09042,0.09042,0.09035,0.09041,537739,48597.30186
DOGEUSDT,1775577300000,2026-04-07 15:55:00,2026-04-08 00:55:00,0.0904,0.09055,0.09035,0.0904,1914073,173049.8352
DOGEUSDT,1775577600000,2026-04-07 16:00:00,2026-04-08 01:00:00,0.09039,0.09081,0.09037,0.09062,1358121,123089.73278
DOGEUSDT,1775577900000,2026-04-07 16:05:00,2026-04-08 01:05:00,0.09061,0.09066,0.09052,0.09052,521496,47249.77198
DOGEUSDT,1775578200000,2026-04-07 16:10:00,2026-04-08 01:10:00,0.09052,0.09057,0.0905,0.09056,200352,18139.39991
DOGEUSDT,1775578500000,2026-04-07 16:15:00,2026-04-08 01:15:00,0.09056,0.09058,0.09039,0.0904,833655,75430.19058
DOGEUSDT,1775578800000,2026-04-07 16:20:00,2026-04-08 01:20:00,0.0904,0.09066,0.09036,0.09066,3005647,272050.75016
DOGEUSDT,1775579100000,2026-04-07 16:25:00,2026-04-08 01:25:00,0.09067,0.0907,0.09057,0.09067,1626286,147419.75621
DOGEUSDT,1775579400000,2026-04-07 16:30:00,2026-04-08 01:30:00,0.09067,0.09077,0.09063,0.09077,3334859,302568.07753
DOGEUSDT,1775579700000,2026-04-07 16:35:00,2026-04-08 01:35:00,0.09077,0.0908,0.09072,0.09075,566172,51383.84318
DOGEUSDT,1775580000000,2026-04-07 16:40:00,2026-04-08 01:40:00,0.09075,0.09082,0.09068,0.09072,946110,85849.9538
DOGEUSDT,1775580300000,2026-04-07 16:45:00,2026-04-08 01:45:00,0.09072,0.09074,0.09066,0.09066,452940,41090.56663
DOGEUSDT,1775580600000,2026-04-07 16:50:00,2026-04-08 01:50:00,0.09066,0.09074,0.09059,0.09059,236007,21402.92913
DOGEUSDT,1775580900000,2026-04-07 16:55:00,2026-04-08 01:55:00,0.0906,0.09064,0.09059,0.09062,477620,43282.64295
DOGEUSDT,1775581200000,2026-04-07 17:00:00,2026-04-08 02:00:00,0.09063,0.0908,0.09063,0.09076,1208963,109677.23546
DOGEUSDT,1775581500000,2026-04-07 17:05:00,2026-04-08 02:05:00,0.09075,0.0908,0.0907,0.09072,444624,40352.38155
DOGEUSDT,1775581800000,2026-04-07 17:10:00,2026-04-08 02:10:00,0.09071,0.09072,0.09061,0.09064,356699,32349.00504
DOGEUSDT,1775582100000,2026-04-07 17:15:00,2026-04-08 02:15:00,0.09063,0.09068,0.09055,0.09064,515274,46691.33148
DOGEUSDT,1775582400000,2026-04-07 17:20:00,2026-04-08 02:20:00,0.09065,0.09097,0.09064,0.09094,1770586,160881.17218
DOGEUSDT,1775582700000,2026-04-07 17:25:00,2026-04-08 02:25:00,0.09095,0.09099,0.09093,0.09099,371285,33773.15354
DOGEUSDT,1775583000000,2026-04-07 17:30:00,2026-04-08 02:30:00,0.09098,0.0912,0.09098,0.09119,6191698,564116.48004
DOGEUSDT,1775583300000,2026-04-07 17:35:00,2026-04-08 02:35:00,0.09119,0.09208,0.09118,0.09165,16303617,1495078.68845
DOGEUSDT,1775583600000,2026-04-07 17:40:00,2026-04-08 02:40:00,0.09164,0.09174,0.09151,0.09153,3923099,359426.16032
DOGEUSDT,1775583900000,2026-04-07 17:45:00,2026-04-08 02:45:00,0.09153,0.09186,0.09152,0.09182,5671785,520337.63775
DOGEUSDT,1775584200000,2026-04-07 17:50:00,2026-04-08 02:50:00,0.09182,0.09196,0.09176,0.09185,3231876,296842.50133
DOGEUSDT,1775584500000,2026-04-07 17:55:00,2026-04-08 02:55:00,0.09184,0.09185,0.0917,0.09174,2196392,201540.77482
DOGEUSDT,1775584800000,2026-04-07 18:00:00,2026-04-08 03:00:00,0.09173,0.09189,0.0916,0.09163,4972165,456457.90808
DOGEUSDT,1775585100000,2026-04-07 18:05:00,2026-04-08 03:05:00,0.09162,0.09173,0.0916,0.09168,1938080,177653.17126
DOGEUSDT,1775585400000,2026-04-07 18:10:00,2026-04-08 03:10:00,0.09168,0.0917,0.09158,0.09167,2048783,187721.97522
DOGEUSDT,1775585700000,2026-04-07 18:15:00,2026-04-08 03:15:00,0.09166,0.0918,0.09166,0.09177,2164690,198572.91473
DOGEUSDT,1775586000000,2026-04-07 18:20:00,2026-04-08 03:20:00,0.09177,0.09184,0.09176,0.0918,1905431,174907.81066
DOGEUSDT,1775586300000,2026-04-07 18:25:00,2026-04-08 03:25:00,0.09181,0.0919,0.09174,0.0918,2968659,272626.54642
DOGEUSDT,1775586600000,2026-04-07 18:30:00,2026-04-08 03:30:00,0.0918,0.09189,0.09179,0.09179,2699535,247935.87108
DOGEUSDT,1775586900000,2026-04-07 18:35:00,2026-04-08 03:35:00,0.09179,0.09181,0.09169,0.09174,2872386,263545.2653
DOGEUSDT,1775587200000,2026-04-07 18:40:00,2026-04-08 03:40:00,0.09175,0.09175,0.09148,0.09151,3253302,297879.7925
DOGEUSDT,1775587500000,2026-04-07 18:45:00,2026-04-08 03:45:00,0.0915,0.0915,0.09114,0.09123,17660822,1612311.38901
DOGEUSDT,1775587800000,2026-04-07 18:50:00,2026-04-08 03:50:00,0.09123,0.09123,0.09097,0.09118,4006401,364835.11109
DOGEUSDT,1775588100000,2026-04-07 18:55:00,2026-04-08 03:55:00,0.09118,0.09123,0.09102,0.09116,2236896,203914.58155
DOGEUSDT,1775588400000,2026-04-07 19:00:00,2026-04-08 04:00:00,0.09116,0.09116,0.09105,0.09115,2913103,265447.9846
DOGEUSDT,1775588700000,2026-04-07 19:05:00,2026-04-08 04:05:00,0.09115,0.09142,0.09111,0.09124,1627409,148511.24025
DOGEUSDT,1775589000000,2026-04-07 19:10:00,2026-04-08 04:10:00,0.09125,0.09132,0.09122,0.09131,810350,73962.83304
DOGEUSDT,1775589300000,2026-04-07 19:15:00,2026-04-08 04:15:00,0.09132,0.09162,0.09132,0.09162,2671877,244311.37314
DOGEUSDT,1775589600000,2026-04-07 19:20:00,2026-04-08 04:20:00,0.09161,0.0918,0.09147,0.0916,2739497,250955.10201
DOGEUSDT,1775589900000,2026-04-07 19:25:00,2026-04-08 04:25:00,0.09159,0.09167,0.09155,0.09164,1476395,135291.73673
DOGEUSDT,1775590200000,2026-04-07 19:30:00,2026-04-08 04:30:00,0.09164,0.09168,0.09148,0.09151,1219802,111757.1536
DOGEUSDT,1775590500000,2026-04-07 19:35:00,2026-04-08 04:35:00,0.09152,0.09163,0.09148,0.09155,776043,71037.01273
DOGEUSDT,1775590800000,2026-04-07 19:40:00,2026-04-08 04:40:00,0.09155,0.09169,0.09153,0.09165,1639148,150221.81686
DOGEUSDT,1775591100000,2026-04-07 19:45:00,2026-04-08 04:45:00,0.09165,0.09236,0.09163,0.09207,17914532,1650594.98305
DOGEUSDT,1775591400000,2026-04-07 19:50:00,2026-04-08 04:50:00,0.09208,0.09224,0.09205,0.09216,4834664,445553.14675
DOGEUSDT,1775591700000,2026-04-07 19:55:00,2026-04-08 04:55:00,0.09217,0.0923,0.09209,0.09228,3646129,336015.80411
DOGEUSDT,1775592000000,2026-04-07 20:00:00,2026-04-08 05:00:00,0.09229,0.09274,0.09213,0.09238,41283533,3814254.97905
DOGEUSDT,1775592300000,2026-04-07 20:05:00,2026-04-08 05:05:00,0.09239,0.0926,0.09238,0.0925,3434496,317683.8061
DOGEUSDT,1775592600000,2026-04-07 20:10:00,2026-04-08 05:10:00,0.0925,0.09255,0.09232,0.09235,2804495,259026.89371
DOGEUSDT,1775592900000,2026-04-07 20:15:00,2026-04-08 05:15:00,0.09236,0.09248,0.09215,0.09238,6384127,589273.34386
DOGEUSDT,1775593200000,2026-04-07 20:20:00,2026-04-08 05:20:00,0.09238,0.09238,0.09224,0.09227,2224644,205382.89952
DOGEUSDT,1775593500000,2026-04-07 20:25:00,2026-04-08 05:25:00,0.09226,0.09234,0.09221,0.09229,980317,90465.78863
DOGEUSDT,1775593800000,2026-04-07 20:30:00,2026-04-08 05:30:00,0.0923,0.09238,0.09223,0.0923,2004639,185093.04142
DOGEUSDT,1775594100000,2026-04-07 20:35:00,2026-04-08 05:35:00,0.0923,0.09233,0.09214,0.09222,2515121,231943.26067
DOGEUSDT,1775594400000,2026-04-07 20:40:00,2026-04-08 05:40:00,0.09222,0.0924,0.09222,0.09225,2446954,225837.42804
DOGEUSDT,1775594700000,2026-04-07 20:45:00,2026-04-08 05:45:00,0.09225,0.09229,0.09217,0.09218,1094063,100887.20344
DOGEUSDT,1775595000000,2026-04-07 20:50:00,2026-04-08 05:50:00,0.09217,0.09221,0.09208,0.09212,3629065,334373.93274
DOGEUSDT,1775595300000,2026-04-07 20:55:00,2026-04-08 05:55:00,0.09213,0.0922,0.09207,0.09211,1107874,102070.97242
DOGEUSDT,1775595600000,2026-04-07 21:00:00,2026-04-08 06:00:00,0.0921,0.09219,0.09209,0.09215,1327491,122312.09203
DOGEUSDT,1775595900000,2026-04-07 21:05:00,2026-04-08 06:05:00,0.09215,0.09283,0.09214,0.09262,6982746,646698.76873
DOGEUSDT,1775596200000,2026-04-07 21:10:00,2026-04-08 06:10:00,0.09261,0.09296,0.0925,0.09267,15326321,1421961.71744
DOGEUSDT,1775596500000,2026-04-07 21:15:00,2026-04-08 06:15:00,0.09267,0.09282,0.09242,0.09259,5240539,485619.89863
DOGEUSDT,1775596800000,2026-04-07 21:20:00,2026-04-08 06:20:00,0.09259,0.09265,0.09245,0.09251,1647771,152503.4302
DOGEUSDT,1775597100000,2026-04-07 21:25:00,2026-04-08 06:25:00,0.0925,0.09255,0.09237,0.09248,2792893,258219.07595
DOGEUSDT,1775597400000,2026-04-07 21:30:00,2026-04-08 06:30:00,0.09247,0.0926,0.09247,0.09255,4221611,390653.22952
DOGEUSDT,1775597700000,2026-04-07 21:35:00,2026-04-08 06:35:00,0.09255,0.09287,0.09253,0.09284,5001405,463554.92644
DOGEUSDT,1775598000000,2026-04-07 21:40:00,2026-04-08 06:40:00,0.09283,0.09283,0.09265,0.09279,4466963,414386.42825
DOGEUSDT,1775598300000,2026-04-07 21:45:00,2026-04-08 06:45:00,0.09279,0.09301,0.09276,0.09291,10898653,1012746.44287
DOGEUSDT,1775598600000,2026-04-07 21:50:00,2026-04-08 06:50:00,0.09291,0.09303,0.09287,0.09287,5900085,548458.98828
DOGEUSDT,1775598900000,2026-04-07 21:55:00,2026-04-08 06:55:00,0.09287,0.09291,0.09274,0.09287,3266026,303182.37868
DOGEUSDT,1775599200000,2026-04-07 22:00:00,2026-04-08 07:00:00,0.09288,0.09309,0.09287,0.09294,10632051,988676.32419
DOGEUSDT,1775599500000,2026-04-07 22:05:00,2026-04-08 07:05:00,0.09295,0.09341,0.0929,0.0929,18024875,1680794.12219
DOGEUSDT,1775599800000,2026-04-07 22:10:00,2026-04-08 07:10:00,0.0929,0.09348,0.09289,0.09339,15971651,1489166.10114
DOGEUSDT,1775600100000,2026-04-07 22:15:00,2026-04-08 07:15:00,0.09339,0.09358,0.09304,0.09304,13677381,1277339.3946
DOGEUSDT,1775600400000,2026-04-07 22:20:00,2026-04-08 07:20:00,0.09305,0.09323,0.09282,0.09301,6964801,647787.31368
DOGEUSDT,1775600700000,2026-04-07 22:25:00,2026-04-08 07:25:00,0.09301,0.09314,0.09298,0.09307,4749126,441902.02111
DOGEUSDT,1775601000000,2026-04-07 22:30:00,2026-04-08 07:30:00,0.09307,0.09384,0.09304,0.09357,38567099,3608926.75295
DOGEUSDT,1775601300000,2026-04-07 22:35:00,2026-04-08 07:35:00,0.09357,0.09431,0.09352,0.09406,32551637,3058707.64195
DOGEUSDT,1775601600000,2026-04-07 22:40:00,2026-04-08 07:40:00,0.09407,0.09428,0.09352,0.09378,12761635,1197557.69409
DOGEUSDT,1775601900000,2026-04-07 22:45:00,2026-04-08 07:45:00,0.09377,0.09428,0.09364,0.09427,5594338,525736.87807
DOGEUSDT,1775602200000,2026-04-07 22:50:00,2026-04-08 07:50:00,0.09427,0.09486,0.09416,0.09448,33929257,3206686.24527
DOGEUSDT,1775602500000,2026-04-07 22:55:00,2026-04-08 07:55:00,0.09449,0.09505,0.09449,0.095,28151085,2668857.25507
DOGEUSDT,1775602800000,2026-04-07 23:00:00,2026-04-08 08:00:00,0.09501,0.09557,0.09498,0.09502,35033688,3335256.15901
DOGEUSDT,1775603100000,2026-04-07 23:05:00,2026-04-08 08:05:00,0.09502,0.0952,0.09477,0.09507,14678374,1394847.59577
DOGEUSDT,1775603400000,2026-04-07 23:10:00,2026-04-08 08:10:00,0.09506,0.09529,0.09492,0.09503,12571971,1195528.88344
DOGEUSDT,1775603700000,2026-04-07 23:15:00,2026-04-08 08:15:00,0.09503,0.09524,0.09483,0.09516,11883470,1129596.6278
DOGEUSDT,1775604000000,2026-04-07 23:20:00,2026-04-08 08:20:00,0.09516,0.0958,0.09516,0.09562,19705066,1882165.79478
DOGEUSDT,1775604300000,2026-04-07 23:25:00,2026-04-08 08:25:00,0.09562,0.09606,0.09556,0.09602,20323723,1948425.40047
DOGEUSDT,1775604600000,2026-04-07 23:30:00,2026-04-08 08:30:00,0.09602,0.09604,0.0955,0.09559,18477924,1769170.81953
DOGEUSDT,1775604900000,2026-04-07 23:35:00,2026-04-08 08:35:00,0.09559,0.09574,0.09546,0.09551,21614462,2066626.04607
DOGEUSDT,1775605200000,2026-04-07 23:40:00,2026-04-08 08:40:00,0.09551,0.0956,0.09507,0.0953,16033632,1528315.25073
DOGEUSDT,1775605500000,2026-04-07 23:45:00,2026-04-08 08:45:00,0.0953,0.09571,0.09521,0.09548,10401868,993044.64156
DOGEUSDT,1775605800000,2026-04-07 23:50:00,2026-04-08 08:50:00,0.09549,0.09552,0.09496,0.09497,10264360,977566.02825
DOGEUSDT,1775606100000,2026-04-07 23:55:00,2026-04-08 08:55:00,0.09497,0.09511,0.09488,0.09492,7462196,708815.39179
DOGEUSDT,1775606400000,2026-04-08 00:00:00,2026-04-08 09:00:00,0.09492,0.09525,0.09475,0.09476,12775030,1213760.71869
DOGEUSDT,1775606700000,2026-04-08 00:05:00,2026-04-08 09:05:00,0.09476,0.09485,0.09451,0.09461,11415321,1080683.86808
DOGEUSDT,1775607000000,2026-04-08 00:10:00,2026-04-08 09:10:00,0.0946,0.09514,0.0946,0.09495,11598104,1100506.48366
DOGEUSDT,1775607300000,2026-04-08 00:15:00,2026-04-08 09:15:00,0.09495,0.09499,0.09473,0.09485,5873329,556896.24996
DOGEUSDT,1775607600000,2026-04-08 00:20:00,2026-04-08 09:20:00,0.09485,0.09485,0.09457,0.0946,4965998,470132.35324
DOGEUSDT,1775607900000,2026-04-08 00:25:00,2026-04-08 09:25:00,0.09461,0.09468,0.09434,0.09439,7622377,720185.60194
DOGEUSDT,1775608200000,2026-04-08 00:30:00,2026-04-08 09:30:00,0.09438,0.09438,0.0941,0.09418,8884028,836896.11019
DOGEUSDT,1775608500000,2026-04-08 00:35:00,2026-04-08 09:35:00,0.09418,0.09432,0.09414,0.09429,6611794,623012.65734
DOGEUSDT,1775608800000,2026-04-08 00:40:00,2026-04-08 09:40:00,0.09429,0.09437,0.09397,0.09405,5063665,476710.81264
DOGEUSDT,1775609100000,2026-04-08 00:45:00,2026-04-08 09:45:00,0.09405,0.09408,0.09374,0.09388,10371893,973605.11927
DOGEUSDT,1775609400000,2026-04-08 00:50:00,2026-04-08 09:50:00,0.09388,0.09415,0.09388,0.0939,3188745,299809.86868
DOGEUSDT,1775609700000,2026-04-08 00:55:00,2026-04-08 09:55:00,0.0939,0.0943,0.09386,0.09423,10856293,1022118.50311
DOGEUSDT,1775610000000,2026-04-08 01:00:00,2026-04-08 10:00:00,0.09424,0.09428,0.09404,0.09408,3577585,336826.14591
DOGEUSDT,1775610300000,2026-04-08 01:05:00,2026-04-08 10:05:00,0.09408,0.09456,0.09407,0.09454,4450630,419825.24201
DOGEUSDT,1775610600000,2026-04-08 01:10:00,2026-04-08 10:10:00,0.09454,0.09454,0.09435,0.09445,2932092,276840.07449
DOGEUSDT,1775610900000,2026-04-08 01:15:00,2026-04-08 10:15:00,0.09445,0.09447,0.09424,0.09428,7404634,698288.65189
DOGEUSDT,1775611200000,2026-04-08 01:20:00,2026-04-08 10:20:00,0.09427,0.09435,0.09419,0.09419,1811310,170682.36208
DOGEUSDT,1775611500000,2026-04-08 01:25:00,2026-04-08 10:25:00,0.0942,0.09424,0.09418,0.0942,1268632,119512.91465
DOGEUSDT,1775611800000,2026-04-08 01:30:00,2026-04-08 10:30:00,0.0942,0.0942,0.09409,0.09416,2672113,251598.97419
DOGEUSDT,1775612100000,2026-04-08 01:35:00,2026-04-08 10:35:00,0.09415,0.09439,0.09413,0.09427,2904755,273744.88316
DOGEUSDT,1775612400000,2026-04-08 01:40:00,2026-04-08 10:40:00,0.09428,0.09439,0.09428,0.09432,1178005,111109.72479
DOGEUSDT,1775612700000,2026-04-08 01:45:00,2026-04-08 10:45:00,0.09431,0.09454,0.09429,0.09438,2979583,281328.80515
DOGEUSDT,1775613000000,2026-04-08 01:50:00,2026-04-08 10:50:00,0.09438,0.09465,0.09435,0.09447,2598155,245545.43407
DOGEUSDT,1775613300000,2026-04-08 01:55:00,2026-04-08 10:55:00,0.09448,0.0945,0.09441,0.09447,1788395,168966.18323
DOGEUSDT,1775613600000,2026-04-08 02:00:00,2026-04-08 11:00:00,0.09447,0.09463,0.09444,0.09459,2737188,258763.73689
DOGEUSDT,1775613900000,2026-04-08 02:05:00,2026-04-08 11:05:00,0.0946,0.0949,0.09458,0.09486,5487350,519795.21804
DOGEUSDT,1775614200000,2026-04-08 02:10:00,2026-04-08 11:10:00,0.09485,0.095,0.09479,0.09486,2250368,213517.9761
DOGEUSDT,1775614500000,2026-04-08 02:15:00,2026-04-08 11:15:00,0.09485,0.09485,0.09458,0.09458,1217009,115272.40551
DOGEUSDT,1775614800000,2026-04-08 02:20:00,2026-04-08 11:20:00,0.09458,0.0946,0.0944,0.09459,2989976,282654.36684
DOGEUSDT,1775615100000,2026-04-08 02:25:00,2026-04-08 11:25:00,0.09459,0.09464,0.09451,0.0946,1080586,102203.74605
DOGEUSDT,1775615400000,2026-04-08 02:30:00,2026-04-08 11:30:00,0.09461,0.09463,0.09443,0.09447,2801450,264860.65295
DOGEUSDT,1775615700000,2026-04-08 02:35:00,2026-04-08 11:35:00,0.09448,0.0946,0.09435,0.09448,1532129,144717.90662
DOGEUSDT,1775616000000,2026-04-08 02:40:00,2026-04-08 11:40:00,0.09448,0.09451,0.09437,0.09444,1597852,150876.50609
DOGEUSDT,1775616300000,2026-04-08 02:45:00,2026-04-08 11:45:00,0.09443,0.09454,0.09434,0.09454,4613458,435576.00914
DOGEUSDT,1775616600000,2026-04-08 02:50:00,2026-04-08 11:50:00,0.09453,0.09466,0.0945,0.0946,1691104,159938.19965
DOGEUSDT,1775616900000,2026-04-08 02:55:00,2026-04-08 11:55:00,0.0946,0.09466,0.09451,0.09465,5143212,486498.93605
DOGEUSDT,1775617200000,2026-04-08 03:00:00,2026-04-08 12:00:00,0.09465,0.09484,0.09461,0.09484,1763749,167159.55697
DOGEUSDT,1775617500000,2026-04-08 03:05:00,2026-04-08 12:05:00,0.09484,0.09484,0.09468,0.0947,1729928,163912.14965
DOGEUSDT,1775617800000,2026-04-08 03:10:00,2026-04-08 12:10:00,0.09469,0.09478,0.09466,0.09475,1458890,138190.43993
DOGEUSDT,1775618100000,2026-04-08 03:15:00,2026-04-08 12:15:00,0.09475,0.09475,0.0945,0.0945,2030689,192135.54721
DOGEUSDT,1775618400000,2026-04-08 03:20:00,2026-04-08 12:20:00,0.0945,0.09462,0.09448,0.09458,3219704,304362.57029
DOGEUSDT,1775618700000,2026-04-08 03:25:00,2026-04-08 12:25:00,0.09457,0.09472,0.09454,0.09469,1810787,171347.12818
DOGEUSDT,1775619000000,2026-04-08 03:30:00,2026-04-08 12:30:00,0.09468,0.09472,0.09462,0.09465,3309837,313262.5193
DOGEUSDT,1775619300000,2026-04-08 03:35:00,2026-04-08 12:35:00,0.09465,0.09469,0.09457,0.09458,324719,30733.83951
DOGEUSDT,1775619600000,2026-04-08 03:40:00,2026-04-08 12:40:00,0.09458,0.09469,0.09457,0.09464,629887,59611.04663
DOGEUSDT,1775619900000,2026-04-08 03:45:00,2026-04-08 12:45:00,0.09464,0.09464,0.09448,0.09448,957116,90503.52353
DOGEUSDT,1775620200000,2026-04-08 03:50:00,2026-04-08 12:50:00,0.09448,0.0946,0.09446,0.09457,1230789,116349.63434
DOGEUSDT,1775620500000,2026-04-08 03:55:00,2026-04-08 12:55:00,0.09457,0.09465,0.09456,0.09459,1330385,125854.36385
DOGEUSDT,1775620800000,2026-04-08 04:00:00,2026-04-08 13:00:00,0.09459,0.09478,0.09459,0.09468,2305355,218304.21353
DOGEUSDT,1775621100000,2026-04-08 04:05:00,2026-04-08 13:05:00,0.09468,0.09507,0.09468,0.09492,9920240,941795.93848
DOGEUSDT,1775621400000,2026-04-08 04:10:00,2026-04-08 13:10:00,0.09492,0.09498,0.09487,0.09492,1377623,130766.11364
DOGEUSDT,1775621700000,2026-04-08 04:15:00,2026-04-08 13:15:00,0.09491,0.095,0.09489,0.09498,758786,72044.76347
DOGEUSDT,1775622000000,2026-04-08 04:20:00,2026-04-08 13:20:00,0.09498,0.09508,0.09489,0.09492,2436117,231388.24834
DOGEUSDT,1775622300000,2026-04-08 04:25:00,2026-04-08 13:25:00,0.09493,0.09495,0.09487,0.09487,1051205,99775.7041
DOGEUSDT,1775622600000,2026-04-08 04:30:00,2026-04-08 13:30:00,0.09487,0.0949,0.09476,0.0948,1609121,152622.81348
DOGEUSDT,1775622900000,2026-04-08 04:35:00,2026-04-08 13:35:00,0.09481,0.095,0.09478,0.0949,2455122,232979.72817
DOGEUSDT,1775623200000,2026-04-08 04:40:00,2026-04-08 13:40:00,0.09489,0.09492,0.09485,0.09485,1828526,173483.68793
DOGEUSDT,1775623500000,2026-04-08 04:45:00,2026-04-08 13:45:00,0.09485,0.09485,0.09474,0.09474,2041211,193499.03356
DOGEUSDT,1775623800000,2026-04-08 04:50:00,2026-04-08 13:50:00,0.09475,0.0948,0.09465,0.09465,1441366,136504.88257
DOGEUSDT,1775624100000,2026-04-08 04:55:00,2026-04-08 13:55:00,0.09465,0.09468,0.09454,0.09454,2596401,245641.29418
DOGEUSDT,1775624400000,2026-04-08 05:00:00,2026-04-08 14:00:00,0.09455,0.09461,0.09448,0.09455,2520056,238234.09261
DOGEUSDT,1775624700000,2026-04-08 05:05:00,2026-04-08 14:05:00,0.09455,0.09462,0.09451,0.09453,2181205,206223.45115
DOGEUSDT,1775625000000,2026-04-08 05:10:00,2026-04-08 14:10:00,0.09453,0.09461,0.0945,0.0946,1751146,165569.00756
DOGEUSDT,1775625300000,2026-04-08 05:15:00,2026-04-08 14:15:00,0.0946,0.09485,0.0946,0.09475,2941881,278849.70898
DOGEUSDT,1775625600000,2026-04-08 05:20:00,2026-04-08 14:20:00,0.09475,0.09497,0.09474,0.09497,2704601,256607.46674
DOGEUSDT,1775625900000,2026-04-08 05:25:00,2026-04-08 14:25:00,0.09497,0.09497,0.09483,0.09487,777158,73768.07512
DOGEUSDT,1775626200000,2026-04-08 05:30:00,2026-04-08 14:30:00,0.09486,0.09495,0.09477,0.09477,969024,91930.79105
DOGEUSDT,1775626500000,2026-04-08 05:35:00,2026-04-08 14:35:00,0.09478,0.09484,0.09477,0.09477,871843,82653.15533
DOGEUSDT,1775626800000,2026-04-08 05:40:00,2026-04-08 14:40:00,0.09477,0.09486,0.09471,0.09475,1641888,155609.50686
DOGEUSDT,1775627100000,2026-04-08 05:45:00,2026-04-08 14:45:00,0.09475,0.09479,0.09468,0.09477,963848,91309.47338
DOGEUSDT,1775627400000,2026-04-08 05:50:00,2026-04-08 14:50:00,0.09477,0.09497,0.09476,0.09489,1313010,124555.25654
DOGEUSDT,1775627700000,2026-04-08 05:55:00,2026-04-08 14:55:00,0.09489,0.09496,0.09487,0.09496,1979874,187912.32185
DOGEUSDT,1775628000000,2026-04-08 06:00:00,2026-04-08 15:00:00,0.09496,0.09497,0.09469,0.09479,6938992,658066.20542
DOGEUSDT,1775628300000,2026-04-08 06:05:00,2026-04-08 15:05:00,0.09479,0.09488,0.09473,0.09476,603565,57211.81148
DOGEUSDT,1775628600000,2026-04-08 06:10:00,2026-04-08 15:10:00,0.09477,0.09497,0.09476,0.09494,2661225,252494.00902
DOGEUSDT,1775628900000,2026-04-08 06:15:00,2026-04-08 15:15:00,0.09493,0.09496,0.09477,0.09488,1595421,151338.0156
DOGEUSDT,1775629200000,2026-04-08 06:20:00,2026-04-08 15:20:00,0.09488,0.09496,0.09484,0.09493,2322881,220440.94754
DOGEUSDT,1775629500000,2026-04-08 06:25:00,2026-04-08 15:25:00,0.09494,0.09497,0.09486,0.09487,3388036,321512.48429
DOGEUSDT,1775629800000,2026-04-08 06:30:00,2026-04-08 15:30:00,0.09487,0.09487,0.09469,0.09471,1430932,135573.43243
DOGEUSDT,1775630100000,2026-04-08 06:35:00,2026-04-08 15:35:00,0.09471,0.09473,0.09461,0.09461,1742672,164995.64497
DOGEUSDT,1775630400000,2026-04-08 06:40:00,2026-04-08 15:40:00,0.09461,0.09467,0.09455,0.09457,4778315,452029.03669
DOGEUSDT,1775630700000,2026-04-08 06:45:00,2026-04-08 15:45:00,0.09458,0.09464,0.09456,0.09456,1116997,105677.64991
DOGEUSDT,1775631000000,2026-04-08 06:50:00,2026-04-08 15:50:00,0.09456,0.09463,0.09455,0.09463,1982997,187559.62208
DOGEUSDT,1775631300000,2026-04-08 06:55:00,2026-04-08 15:55:00,0.09464,0.09467,0.09457,0.09461,1278673,120979.44845
DOGEUSDT,1775631600000,2026-04-08 07:00:00,2026-04-08 16:00:00,0.09462,0.09463,0.09439,0.09447,2124328,200692.73873
DOGEUSDT,1775631900000,2026-04-08 07:05:00,2026-04-08 16:05:00,0.09447,0.09452,0.0944,0.09451,3418751,323053.53288
DOGEUSDT,1775632200000,2026-04-08 07:10:00,2026-04-08 16:10:00,0.09451,0.0947,0.09448,0.09462,2317592,219227.78769
DOGEUSDT,1775632500000,2026-04-08 07:15:00,2026-04-08 16:15:00,0.09463,0.09463,0.09453,0.09462,426499,40336.04287
DOGEUSDT,1775632800000,2026-04-08 07:20:00,2026-04-08 16:20:00,0.09462,0.09486,0.09461,0.09478,2687122,254663.63819
DOGEUSDT,1775633100000,2026-04-08 07:25:00,2026-04-08 16:25:00,0.09479,0.09483,0.09472,0.09472,2041266,193446.08634
DOGEUSDT,1775633400000,2026-04-08 07:30:00,2026-04-08 16:30:00,0.09472,0.09472,0.09438,0.0944,2270200,214558.40556
DOGEUSDT,1775633700000,2026-04-08 07:35:00,2026-04-08 16:35:00,0.09441,0.09447,0.0944,0.09443,1273089,120221.77292
DOGEUSDT,1775634000000,2026-04-08 07:40:00,2026-04-08 16:40:00,0.09443,0.09454,0.09442,0.09452,1552291,146674.21107
DOGEUSDT,1775634300000,2026-04-08 07:45:00,2026-04-08 16:45:00,0.09451,0.09457,0.09447,0.09451,852670,80590.71846
DOGEUSDT,1775634600000,2026-04-08 07:50:00,2026-04-08 16:50:00,0.09451,0.09455,0.09449,0.09451,1080522,102113.65597
DOGEUSDT,1775634900000,2026-04-08 07:55:00,2026-04-08 16:55:00,0.09452,0.09458,0.09449,0.09457,668700,63209.01152
DOGEUSDT,1775635200000,2026-04-08 08:00:00,2026-04-08 17:00:00,0.09457,0.09469,0.09455,0.0946,1260866,119282.04613
DOGEUSDT,1775635500000,2026-04-08 08:05:00,2026-04-08 17:05:00,0.09461,0.09472,0.09461,0.09469,905357,85714.79282
DOGEUSDT,1775635800000,2026-04-08 08:10:00,2026-04-08 17:10:00,0.09468,0.09468,0.09456,0.09464,855774,80976.17925
DOGEUSDT,1775636100000,2026-04-08 08:15:00,2026-04-08 17:15:00,0.09463,0.09464,0.09451,0.09456,1396957,132100.77747
DOGEUSDT,1775636400000,2026-04-08 08:20:00,2026-04-08 17:20:00,0.09456,0.09457,0.09447,0.09449,1592187,150483.67261
DOGEUSDT,1775636700000,2026-04-08 08:25:00,2026-04-08 17:25:00,0.09448,0.09453,0.09446,0.09451,218251,20625.87128
DOGEUSDT,1775637000000,2026-04-08 08:30:00,2026-04-08 17:30:00,0.09452,0.09473,0.09449,0.09472,820192,77610.84851
DOGEUSDT,1775637300000,2026-04-08 08:35:00,2026-04-08 17:35:00,0.09472,0.09478,0.09456,0.09464,1297611,122859.33746
DOGEUSDT,1775637600000,2026-04-08 08:40:00,2026-04-08 17:40:00,0.09464,0.09464,0.09433,0.09445,1735719,163978.09514
DOGEUSDT,1775637900000,2026-04-08 08:45:00,2026-04-08 17:45:00,0.09444,0.09446,0.09436,0.0944,1287398,121558.56656
DOGEUSDT,1775638200000,2026-04-08 08:50:00,2026-04-08 17:50:00,0.0944,0.0948,0.09439,0.09476,4513212,427225.32423
DOGEUSDT,1775638500000,2026-04-08 08:55:00,2026-04-08 17:55:00,0.09477,0.09489,0.09475,0.09489,3328384,315558.49443
DOGEUSDT,1775638800000,2026-04-08 09:00:00,2026-04-08 18:00:00,0.09488,0.09491,0.09475,0.09485,5220354,494992.55725
DOGEUSDT,1775639100000,2026-04-08 09:05:00,2026-04-08 18:05:00,0.09486,0.09495,0.09475,0.09477,1743243,165294.7968
DOGEUSDT,1775639400000,2026-04-08 09:10:00,2026-04-08 18:10:00,0.09478,0.09487,0.09477,0.09478,968181,91784.26065
DOGEUSDT,1775639700000,2026-04-08 09:15:00,2026-04-08 18:15:00,0.09477,0.09482,0.0947,0.0948,1214802,115112.03252
DOGEUSDT,1775640000000,2026-04-08 09:20:00,2026-04-08 18:20:00,0.0948,0.0948,0.09471,0.09472,714003,67644.04552
DOGEUSDT,1775640300000,2026-04-08 09:25:00,2026-04-08 18:25:00,0.09471,0.09472,0.09452,0.09456,8766989,829636.85207
DOGEUSDT,1775640600000,2026-04-08 09:30:00,2026-04-08 18:30:00,0.09456,0.09482,0.09448,0.09479,5753049,544470.84384
DOGEUSDT,1775640900000,2026-04-08 09:35:00,2026-04-08 18:35:00,0.0948,0.0948,0.09468,0.09472,764370,72417.75107
DOGEUSDT,1775641200000,2026-04-08 09:40:00,2026-04-08 18:40:00,0.09472,0.09472,0.09451,0.09452,825671,78101.79829
DOGEUSDT,1775641500000,2026-04-08 09:45:00,2026-04-08 18:45:00,0.09451,0.09465,0.09451,0.09461,739360,69938.91215
DOGEUSDT,1775641800000,2026-04-08 09:50:00,2026-04-08 18:50:00,0.09462,0.09477,0.09462,0.09474,1513750,143308.91775
DOGEUSDT,1775642100000,2026-04-08 09:55:00,2026-04-08 18:55:00,0.09475,0.09486,0.09474,0.09478,3379597,320388.7138
DOGEUSDT,1775642400000,2026-04-08 10:00:00,2026-04-08 19:00:00,0.09477,0.09506,0.09477,0.095,4891816,464689.15734
DOGEUSDT,1775642700000,2026-04-08 10:05:00,2026-04-08 19:05:00,0.095,0.0956,0.09494,0.09519,41818691,3985415.48976
DOGEUSDT,1775643000000,2026-04-08 10:10:00,2026-04-08 19:10:00,0.09518,0.09521,0.09496,0.09512,1580603,150276.54338
DOGEUSDT,1775643300000,2026-04-08 10:15:00,2026-04-08 19:15:00,0.09511,0.09522,0.09504,0.09521,1594307,151655.90222
DOGEUSDT,1775643600000,2026-04-08 10:20:00,2026-04-08 19:20:00,0.09521,0.09525,0.09512,0.0952,979105,93167.10887
DOGEUSDT,1775643900000,2026-04-08 10:25:00,2026-04-08 19:25:00,0.09519,0.09525,0.09505,0.09505,1641510,156159.38403
DOGEUSDT,1775644200000,2026-04-08 10:30:00,2026-04-08 19:30:00,0.09506,0.09507,0.0947,0.09475,3832784,363448.73955
DOGEUSDT,1775644500000,2026-04-08 10:35:00,2026-04-08 19:35:00,0.09476,0.09477,0.09467,0.09475,1594733,151056.42804
DOGEUSDT,1775644800000,2026-04-08 10:40:00,2026-04-08 19:40:00,0.09475,0.09483,0.09467,0.09474,6953563,658992.99491
DOGEUSDT,1775645100000,2026-04-08 10:45:00,2026-04-08 19:45:00,0.09473,0.09483,0.0947,0.09471,2657595,251808.51071
DOGEUSDT,1775645400000,2026-04-08 10:50:00,2026-04-08 19:50:00,0.09471,0.09475,0.0946,0.09463,1530829,144945.46672
DOGEUSDT,1775645700000,2026-04-08 10:55:00,2026-04-08 19:55:00,0.09464,0.09464,0.09435,0.0944,6812563,643344.23363
DOGEUSDT,1775646000000,2026-04-08 11:00:00,2026-04-08 20:00:00,0.09439,0.09448,0.09408,0.09441,21847705,2059150.4352
DOGEUSDT,1775646300000,2026-04-08 11:05:00,2026-04-08 20:05:00,0.09441,0.09465,0.09439,0.09458,6816983,644735.55859
DOGEUSDT,1775646600000,2026-04-08 11:10:00,2026-04-08 20:10:00,0.09459,0.09467,0.0945,0.09456,2270637,214733.20991
DOGEUSDT,1775646900000,2026-04-08 11:15:00,2026-04-08 20:15:00,0.09455,0.09457,0.09452,0.09453,957033,90478.12771
DOGEUSDT,1775647200000,2026-04-08 11:20:00,2026-04-08 20:20:00,0.09454,0.09455,0.09435,0.09451,3394311,320495.68185
DOGEUSDT,1775647500000,2026-04-08 11:25:00,2026-04-08 20:25:00,0.09451,0.09459,0.09447,0.09454,2176411,205743.93242
DOGEUSDT,1775647800000,2026-04-08 11:30:00,2026-04-08 20:30:00,0.09453,0.09454,0.09426,0.09429,2257413,213087.25062
DOGEUSDT,1775648100000,2026-04-08 11:35:00,2026-04-08 20:35:00,0.09428,0.09429,0.09374,0.09394,17285128,1624579.01404
DOGEUSDT,1775648400000,2026-04-08 11:40:00,2026-04-08 20:40:00,0.09394,0.09404,0.09393,0.09399,2897959,272366.29885
DOGEUSDT,1775648700000,2026-04-08 11:45:00,2026-04-08 20:45:00,0.094,0.09416,0.09394,0.09414,2696848,253619.01435
DOGEUSDT,1775649000000,2026-04-08 11:50:00,2026-04-08 20:50:00,0.09415,0.09435,0.09414,0.09432,1868933,176131.09457
DOGEUSDT,1775649300000,2026-04-08 11:55:00,2026-04-08 20:55:00,0.09431,0.09436,0.09418,0.09425,2738940,258104.42643
DOGEUSDT,1775649600000,2026-04-08 12:00:00,2026-04-08 21:00:00,0.09426,0.09431,0.09417,0.09419,794499,74868.19034
DOGEUSDT,1775649900000,2026-04-08 12:05:00,2026-04-08 21:05:00,0.09419,0.09423,0.09405,0.0941,3649399,343570.48121
DOGEUSDT,1775650200000,2026-04-08 12:10:00,2026-04-08 21:10:00,0.09409,0.09419,0.09408,0.09415,2266364,213295.82652
DOGEUSDT,1775650500000,2026-04-08 12:15:00,2026-04-08 21:15:00,0.09415,0.0942,0.09404,0.09408,2073053,195123.22896
DOGEUSDT,1775650800000,2026-04-08 12:20:00,2026-04-08 21:20:00,0.09409,0.09414,0.09387,0.09402,7731665,727022.95496
DOGEUSDT,1775651100000,2026-04-08 12:25:00,2026-04-08 21:25:00,0.09402,0.09417,0.09401,0.09412,1633600,153723.89032
DOGEUSDT,1775651400000,2026-04-08 12:30:00,2026-04-08 21:30:00,0.09411,0.09421,0.09408,0.09417,1338117,125990.67349
DOGEUSDT,1775651700000,2026-04-08 12:35:00,2026-04-08 21:35:00,0.09418,0.09429,0.09418,0.09426,4264977,401891.42874
DOGEUSDT,1775652000000,2026-04-08 12:40:00,2026-04-08 21:40:00,0.09426,0.09428,0.09416,0.09426,701977,66128.26808
DOGEUSDT,1775652300000,2026-04-08 12:45:00,2026-04-08 21:45:00,0.09425,0.09437,0.09419,0.09435,2719646,256488.70232
DOGEUSDT,1775652600000,2026-04-08 12:50:00,2026-04-08 21:50:00,0.09435,0.09443,0.09431,0.09433,660302,62315.59943
DOGEUSDT,1775652900000,2026-04-08 12:55:00,2026-04-08 21:55:00,0.09434,0.09451,0.09432,0.09446,4604084,434696.47776
DOGEUSDT,1775653200000,2026-04-08 13:00:00,2026-04-08 22:00:00,0.09447,0.09458,0.09442,0.09449,1334917,126184.98541
DOGEUSDT,1775653500000,2026-04-08 13:05:00,2026-04-08 22:05:00,0.0945,0.09511,0.09447,0.09491,10017511,949837.09211
DOGEUSDT,1775653800000,2026-04-08 13:10:00,2026-04-08 22:10:00,0.09491,0.09501,0.09462,0.09492,9376638,889012.86013
DOGEUSDT,1775654100000,2026-04-08 13:15:00,2026-04-08 22:15:00,0.09492,0.09507,0.09481,0.09481,4461120,423371.66567
DOGEUSDT,1775654400000,2026-04-08 13:20:00,2026-04-08 22:20:00,0.09482,0.09482,0.09468,0.09477,3234679,306522.27285
DOGEUSDT,1775654700000,2026-04-08 13:25:00,2026-04-08 22:25:00,0.09477,0.09485,0.09474,0.09477,3273957,310382.48045
DOGEUSDT,1775655000000,2026-04-08 13:30:00,2026-04-08 22:30:00,0.09477,0.095,0.09455,0.09473,8239636,780451.42227
DOGEUSDT,1775655300000,2026-04-08 13:35:00,2026-04-08 22:35:00,0.09472,0.09481,0.09446,0.09454,3452679,326711.14221
DOGEUSDT,1775655600000,2026-04-08 13:40:00,2026-04-08 22:40:00,0.09454,0.09464,0.0944,0.09443,3036979,287020.73302
DOGEUSDT,1775655900000,2026-04-08 13:45:00,2026-04-08 22:45:00,0.09443,0.09483,0.09442,0.09477,4837719,458106.09562
DOGEUSDT,1775656200000,2026-04-08 13:50:00,2026-04-08 22:50:00,0.09476,0.09483,0.09451,0.09454,2483839,235064.30545
DOGEUSDT,1775656500000,2026-04-08 13:55:00,2026-04-08 22:55:00,0.09453,0.09467,0.09444,0.09451,2124705,200914.83157
DOGEUSDT,1775656800000,2026-04-08 14:00:00,2026-04-08 23:00:00,0.09452,0.0946,0.09443,0.09443,699322,66091.7629
DOGEUSDT,1775657100000,2026-04-08 14:05:00,2026-04-08 23:05:00,0.09443,0.09457,0.0941,0.09417,4826047,455282.28206
DOGEUSDT,1775657400000,2026-04-08 14:10:00,2026-04-08 23:10:00,0.09417,0.09452,0.09414,0.09437,4922085,464142.81324
DOGEUSDT,1775657700000,2026-04-08 14:15:00,2026-04-08 23:15:00,0.09436,0.09442,0.09391,0.09395,3116846,293369.90546
DOGEUSDT,1775658000000,2026-04-08 14:20:00,2026-04-08 23:20:00,0.09395,0.09409,0.09381,0.09393,4310257,404959.89613
DOGEUSDT,1775658300000,2026-04-08 14:25:00,2026-04-08 23:25:00,0.09393,0.09403,0.09391,0.09393,2446364,229965.84676
DOGEUSDT,1775658600000,2026-04-08 14:30:00,2026-04-08 23:30:00,0.09394,0.09399,0.09325,0.09326,11733345,1096982.74555
DOGEUSDT,1775658900000,2026-04-08 14:35:00,2026-04-08 23:35:00,0.09327,0.09353,0.09313,0.09343,5222105,487320.40833
DOGEUSDT,1775659200000,2026-04-08 14:40:00,2026-04-08 23:40:00,0.09343,0.09349,0.09322,0.09329,2571641,240096.23342
DOGEUSDT,1775659500000,2026-04-08 14:45:00,2026-04-08 23:45:00,0.09329,0.09337,0.09287,0.09319,9294626,865459.6818
DOGEUSDT,1775659800000,2026-04-08 14:50:00,2026-04-08 23:50:00,0.0932,0.0932,0.09271,0.09286,17853061,1657629.07822
DOGEUSDT,1775660100000,2026-04-08 14:55:00,2026-04-08 23:55:00,0.09285,0.09293,0.09263,0.09292,6870698,637252.54757
DOGEUSDT,1775660400000,2026-04-08 15:00:00,2026-04-09 00:00:00,0.09292,0.09309,0.09284,0.09297,2299960,213842.91807
DOGEUSDT,1775660700000,2026-04-08 15:05:00,2026-04-09 00:05:00,0.09297,0.09305,0.09275,0.09275,2135596,198420.64092
DOGEUSDT,1775661000000,2026-04-08 15:10:00,2026-04-09 00:10:00,0.09275,0.09306,0.0927,0.09305,2801467,260349.19954
DOGEUSDT,1775661300000,2026-04-08 15:15:00,2026-04-09 00:15:00,0.09305,0.09325,0.09296,0.09323,2944132,273961.54615
DOGEUSDT,1775661600000,2026-04-08 15:20:00,2026-04-09 00:20:00,0.09323,0.09329,0.09315,0.09319,2552422,237908.11116
DOGEUSDT,1775661900000,2026-04-08 15:25:00,2026-04-09 00:25:00,0.0932,0.09322,0.09301,0.09308,2710373,252438.17255
DOGEUSDT,1775662200000,2026-04-08 15:30:00,2026-04-09 00:30:00,0.09308,0.09314,0.093,0.09306,1529858,142384.60051
DOGEUSDT,1775662500000,2026-04-08 15:35:00,2026-04-09 00:35:00,0.09305,0.09329,0.09305,0.09326,1721519,160454.12386
DOGEUSDT,1775662800000,2026-04-08 15:40:00,2026-04-09 00:40:00,0.09326,0.0933,0.09318,0.09329,1766806,164757.33781
DOGEUSDT,1775663100000,2026-04-08 15:45:00,2026-04-09 00:45:00,0.0933,0.09346,0.0933,0.0934,2843827,265559.70395
DOGEUSDT,1775663400000,2026-04-08 15:50:00,2026-04-09 00:50:00,0.09341,0.09348,0.09339,0.09346,2776695,259456.23049
DOGEUSDT,1775663700000,2026-04-08 15:55:00,2026-04-09 00:55:00,0.09346,0.09351,0.09341,0.09343,1185006,110751.44711
DOGEUSDT,1775664000000,2026-04-08 16:00:00,2026-04-09 01:00:00,0.09343,0.09344,0.0933,0.09336,1030503,96195.53868
DOGEUSDT,1775664300000,2026-04-08 16:05:00,2026-04-09 01:05:00,0.09337,0.09345,0.09332,0.09338,1192071,111310.6047
DOGEUSDT,1775664600000,2026-04-08 16:10:00,2026-04-09 01:10:00,0.09338,0.09342,0.09325,0.09339,1054493,98415.98936
DOGEUSDT,1775664900000,2026-04-08 16:15:00,2026-04-09 01:15:00,0.09338,0.0935,0.09329,0.09348,753182,70340.28989
DOGEUSDT,1775665200000,2026-04-08 16:20:00,2026-04-09 01:20:00,0.09347,0.0935,0.09336,0.09346,785478,73374.20041
DOGEUSDT,1775665500000,2026-04-08 16:25:00,2026-04-09 01:25:00,0.09345,0.09345,0.09331,0.09338,1295742,121004.27223
DOGEUSDT,1775665800000,2026-04-08 16:30:00,2026-04-09 01:30:00,0.09338,0.0934,0.09325,0.0934,1267704,118281.85248
DOGEUSDT,1775666100000,2026-04-08 16:35:00,2026-04-09 01:35:00,0.09341,0.09354,0.0934,0.0935,1169054,109281.19677
DOGEUSDT,1775666400000,2026-04-08 16:40:00,2026-04-09 01:40:00,0.09351,0.0936,0.0935,0.09355,941785,88079.39385
DOGEUSDT,1775666700000,2026-04-08 16:45:00,2026-04-09 01:45:00,0.09356,0.09362,0.09347,0.0936,800017,74848.57559
DOGEUSDT,1775667000000,2026-04-08 16:50:00,2026-04-09 01:50:00,0.09361,0.09362,0.09345,0.09348,2416207,225928.18694
DOGEUSDT,1775667300000,2026-04-08 16:55:00,2026-04-09 01:55:00,0.09349,0.0936,0.09349,0.09353,1212990,113442.13691
DOGEUSDT,1775667600000,2026-04-08 17:00:00,2026-04-09 02:00:00,0.09352,0.09373,0.0935,0.09361,1194683,111824.80612
DOGEUSDT,1775667900000,2026-04-08 17:05:00,2026-04-09 02:05:00,0.09362,0.09364,0.09351,0.0936,749108,70096.17548
DOGEUSDT,1775668200000,2026-04-08 17:10:00,2026-04-09 02:10:00,0.0936,0.09376,0.0936,0.09363,894773,83814.40193
DOGEUSDT,1775668500000,2026-04-08 17:15:00,2026-04-09 02:15:00,0.09363,0.09363,0.09348,0.09357,1984785,185680.14905
DOGEUSDT,1775668800000,2026-04-08 17:20:00,2026-04-09 02:20:00,0.09356,0.09358,0.0934,0.0934,1010681,94529.68907
DOGEUSDT,1775669100000,2026-04-08 17:25:00,2026-04-09 02:25:00,0.0934,0.09343,0.09328,0.0934,1870799,174638.70199
DOGEUSDT,1775669400000,2026-04-08 17:30:00,2026-04-09 02:30:00,0.0934,0.09362,0.0934,0.09356,2705713,253023.62362
DOGEUSDT,1775669700000,2026-04-08 17:35:00,2026-04-09 02:35:00,0.09356,0.09411,0.09354,0.09401,5970157,560805.17848
DOGEUSDT,1775670000000,2026-04-08 17:40:00,2026-04-09 02:40:00,0.09401,0.09406,0.0939,0.09406,3564796,335012.31705
DOGEUSDT,1775670300000,2026-04-08 17:45:00,2026-04-09 02:45:00,0.09406,0.09413,0.09397,0.09399,1778907,167279.32202
DOGEUSDT,1775670600000,2026-04-08 17:50:00,2026-04-09 02:50:00,0.09399,0.09405,0.09391,0.09395,635934,59784.03288
DOGEUSDT,1775670900000,2026-04-08 17:55:00,2026-04-09 02:55:00,0.09395,0.09405,0.09392,0.09404,1191585,112003.13658
DOGEUSDT,1775671200000,2026-04-08 18:00:00,2026-04-09 03:00:00,0.09403,0.09407,0.09389,0.09393,844705,79381.95609
DOGEUSDT,1775671500000,2026-04-08 18:05:00,2026-04-09 03:05:00,0.09394,0.094,0.0939,0.0939,463121,43508.96322
DOGEUSDT,1775671800000,2026-04-08 18:10:00,2026-04-09 03:10:00,0.09389,0.0939,0.09381,0.09385,606380,56913.32562
DOGEUSDT,1775672100000,2026-04-08 18:15:00,2026-04-09 03:15:00,0.09386,0.09394,0.09358,0.09364,4004621,375364.1454
DOGEUSDT,1775672400000,2026-04-08 18:20:00,2026-04-09 03:20:00,0.09363,0.09376,0.09352,0.09358,2053312,192284.54422
DOGEUSDT,1775672700000,2026-04-08 18:25:00,2026-04-09 03:25:00,0.09358,0.09361,0.0935,0.09355,934877,87467.59649
DOGEUSDT,1775673000000,2026-04-08 18:30:00,2026-04-09 03:30:00,0.09355,0.09378,0.09355,0.09374,706212,66141.19276
DOGEUSDT,1775673300000,2026-04-08 18:35:00,2026-04-09 03:35:00,0.09375,0.09376,0.09358,0.09358,675334,63275.40712
DOGEUSDT,1775673600000,2026-04-08 18:40:00,2026-04-09 03:40:00,0.09358,0.09358,0.09334,0.09335,2817874,263373.79685
DOGEUSDT,1775673900000,2026-04-08 18:45:00,2026-04-09 03:45:00,0.09335,0.0934,0.09323,0.09333,4449531,415164.71454
DOGEUSDT,1775674200000,2026-04-08 18:50:00,2026-04-09 03:50:00,0.09332,0.09338,0.09319,0.09321,1907474,177954.1488
DOGEUSDT,1775674500000,2026-04-08 18:55:00,2026-04-09 03:55:00,0.0932,0.09321,0.09308,0.09312,1996142,185937.77708
DOGEUSDT,1775674800000,2026-04-08 19:00:00,2026-04-09 04:00:00,0.09311,0.09314,0.09297,0.09307,2073910,193025.62264
DOGEUSDT,1775675100000,2026-04-08 19:05:00,2026-04-09 04:05:00,0.09308,0.09313,0.09297,0.09304,451926,42051.40417
DOGEUSDT,1775675400000,2026-04-08 19:10:00,2026-04-09 04:10:00,0.09304,0.0932,0.09304,0.0931,806454,75122.97515
DOGEUSDT,1775675700000,2026-04-08 19:15:00,2026-04-09 04:15:00,0.09311,0.09316,0.09304,0.0931,593616,55252.74644
DOGEUSDT,1775676000000,2026-04-08 19:20:00,2026-04-09 04:20:00,0.09309,0.09309,0.09281,0.09293,1666900,154952.97881
DOGEUSDT,1775676300000,2026-04-08 19:25:00,2026-04-09 04:25:00,0.09292,0.09302,0.0928,0.0928,1252007,116312.59855
DOGEUSDT,1775676600000,2026-04-08 19:30:00,2026-04-09 04:30:00,0.09281,0.09293,0.09275,0.09276,2064371,191666.23327
DOGEUSDT,1775676900000,2026-04-08 19:35:00,2026-04-09 04:35:00,0.09277,0.09301,0.09277,0.09297,1536623,142744.66415
DOGEUSDT,1775677200000,2026-04-08 19:40:00,2026-04-09 04:40:00,0.09297,0.093,0.09284,0.09299,568503,52826.07813
DOGEUSDT,1775677500000,2026-04-08 19:45:00,2026-04-09 04:45:00,0.09299,0.09308,0.09299,0.09299,1595514,148448.21392
DOGEUSDT,1775677800000,2026-04-08 19:50:00,2026-04-09 04:50:00,0.09299,0.09307,0.09291,0.09292,1183379,110055.45488
DOGEUSDT,1775678100000,2026-04-08 19:55:00,2026-04-09 04:55:00,0.09293,0.09315,0.09289,0.0931,2857959,265881.31469
DOGEUSDT,1775678400000,2026-04-08 20:00:00,2026-04-09 05:00:00,0.09309,0.09328,0.09306,0.0932,2294543,213893.04761
DOGEUSDT,1775678700000,2026-04-08 20:05:00,2026-04-09 05:05:00,0.0932,0.09325,0.09315,0.09319,632849,58967.40606
DOGEUSDT,1775679000000,2026-04-08 20:10:00,2026-04-09 05:10:00,0.0932,0.09323,0.09316,0.0932,256827,23935.92693
DOGEUSDT,1775679300000,2026-04-08 20:15:00,2026-04-09 05:15:00,0.0932,0.09327,0.09314,0.09323,410928,38297.34877
DOGEUSDT,1775679600000,2026-04-08 20:20:00,2026-04-09 05:20:00,0.09322,0.09322,0.09311,0.09311,481232,44823.39636
DOGEUSDT,1775679900000,2026-04-08 20:25:00,2026-04-09 05:25:00,0.09312,0.09316,0.0931,0.09313,117210,10914.46379
DOGEUSDT,1775680200000,2026-04-08 20:30:00,2026-04-09 05:30:00,0.09312,0.0932,0.09307,0.09314,434621,40480.55384
DOGEUSDT,1775680500000,2026-04-08 20:35:00,2026-04-09 05:35:00,0.09313,0.09313,0.09287,0.09302,745336,69297.23077
DOGEUSDT,1775680800000,2026-04-08 20:40:00,2026-04-09 05:40:00,0.09301,0.09304,0.09293,0.09297,208136,19353.17463
DOGEUSDT,1775681100000,2026-04-08 20:45:00,2026-04-09 05:45:00,0.09298,0.09303,0.09292,0.093,575556,53502.99966
DOGEUSDT,1775681400000,2026-04-08 20:50:00,2026-04-09 05:50:00,0.093,0.09307,0.09299,0.09305,112968,10506.45022
DOGEUSDT,1775681700000,2026-04-08 20:55:00,2026-04-09 05:55:00,0.09305,0.09312,0.09302,0.09312,369349,34368.30584
DOGEUSDT,1775682000000,2026-04-08 21:00:00,2026-04-09 06:00:00,0.09313,0.09314,0.09299,0.093,375876,34976.2455
DOGEUSDT,1775682300000,2026-04-08 21:05:00,2026-04-09 06:05:00,0.093,0.09314,0.093,0.09309,511331,47599.78342
DOGEUSDT,1775682600000,2026-04-08 21:10:00,2026-04-09 06:10:00,0.09308,0.0935,0.09307,0.09337,2610388,243625.23126
DOGEUSDT,1775682900000,2026-04-08 21:15:00,2026-04-09 06:15:00,0.09336,0.09344,0.09336,0.09337,547396,51123.38707
DOGEUSDT,1775683200000,2026-04-08 21:20:00,2026-04-09 06:20:00,0.09337,0.09364,0.09337,0.09349,2583934,241605.97354
DOGEUSDT,1775683500000,2026-04-08 21:25:00,2026-04-09 06:25:00,0.0935,0.09371,0.09347,0.09355,1661593,155538.69537
DOGEUSDT,1775683800000,2026-04-08 21:30:00,2026-04-09 06:30:00,0.09356,0.0937,0.0935,0.09353,2343821,219329.98691
DOGEUSDT,1775684100000,2026-04-08 21:35:00,2026-04-09 06:35:00,0.09352,0.09378,0.09351,0.0937,1474244,138074.74957
DOGEUSDT,1775684400000,2026-04-08 21:40:00,2026-04-09 06:40:00,0.0937,0.09375,0.09362,0.09363,560311,52503.54885
DOGEUSDT,1775684700000,2026-04-08 21:45:00,2026-04-09 06:45:00,0.09363,0.09373,0.09362,0.09365,491219,46004.59446
DOGEUSDT,1775685000000,2026-04-08 21:50:00,2026-04-09 06:50:00,0.09364,0.09369,0.09363,0.09364,446473,41822.38936
DOGEUSDT,1775685300000,2026-04-08 21:55:00,2026-04-09 06:55:00,0.09364,0.09365,0.09355,0.09359,703540,65850.12229
DOGEUSDT,1775685600000,2026-04-08 22:00:00,2026-04-09 07:00:00,0.09359,0.09364,0.09336,0.09338,1772162,165641.19935
DOGEUSDT,1775685900000,2026-04-08 22:05:00,2026-04-09 07:05:00,0.09338,0.09349,0.09332,0.09334,1959637,183011.27962
DOGEUSDT,1775686200000,2026-04-08 22:10:00,2026-04-09 07:10:00,0.09334,0.09337,0.09323,0.09326,552372,51534.23394
DOGEUSDT,1775686500000,2026-04-08 22:15:00,2026-04-09 07:15:00,0.09327,0.09333,0.09311,0.09313,536508,50013.25781
DOGEUSDT,1775686800000,2026-04-08 22:20:00,2026-04-09 07:20:00,0.09313,0.09318,0.09288,0.09311,3821491,355509.44392
DOGEUSDT,1775687100000,2026-04-08 22:25:00,2026-04-09 07:25:00,0.0931,0.09314,0.09283,0.09287,2498388,232307.32552
DOGEUSDT,1775687400000,2026-04-08 22:30:00,2026-04-09 07:30:00,0.09288,0.0932,0.09274,0.0932,2016871,187477.796
DOGEUSDT,1775687700000,2026-04-08 22:35:00,2026-04-09 07:35:00,0.09319,0.09329,0.09313,0.0932,690617,64376.58877
DOGEUSDT,1775688000000,2026-04-08 22:40:00,2026-04-09 07:40:00,0.09319,0.09319,0.09306,0.09306,947634,88242.5722
DOGEUSDT,1775688300000,2026-04-08 22:45:00,2026-04-09 07:45:00,0.09306,0.09309,0.09301,0.09305,753859,70146.08698
DOGEUSDT,1775688600000,2026-04-08 22:50:00,2026-04-09 07:50:00,0.09306,0.09308,0.093,0.09303,1283896,119461.77933
DOGEUSDT,1775688900000,2026-04-08 22:55:00,2026-04-09 07:55:00,0.09304,0.09304,0.09278,0.09282,1282650,119202.69477
DOGEUSDT,1775689200000,2026-04-08 23:00:00,2026-04-09 08:00:00,0.09281,0.09281,0.09227,0.09237,20995861,1942032.4612
DOGEUSDT,1775689500000,2026-04-08 23:05:00,2026-04-09 08:05:00,0.09236,0.09252,0.09234,0.0924,1900467,175677.95524
DOGEUSDT,1775689800000,2026-04-08 23:10:00,2026-04-09 08:10:00,0.0924,0.09267,0.09239,0.09264,1867674,172884.16993
DOGEUSDT,1775690100000,2026-04-08 23:15:00,2026-04-09 08:15:00,0.09264,0.09275,0.09248,0.09253,1460606,135289.17277
DOGEUSDT,1775690400000,2026-04-08 23:20:00,2026-04-09 08:20:00,0.09254,0.09256,0.09213,0.09236,3536906,326457.4524
DOGEUSDT,1775690700000,2026-04-08 23:25:00,2026-04-09 08:25:00,0.09237,0.09239,0.09229,0.0923,2061571,190361.30457
DOGEUSDT,1775691000000,2026-04-08 23:30:00,2026-04-09 08:30:00,0.0923,0.0924,0.09221,0.09236,1943818,179452.56131
DOGEUSDT,1775691300000,2026-04-08 23:35:00,2026-04-09 08:35:00,0.09236,0.0925,0.09229,0.09238,1033024,95465.87688
DOGEUSDT,1775691600000,2026-04-08 23:40:00,2026-04-09 08:40:00,0.09239,0.09241,0.09226,0.09228,646943,59723.33769
DOGEUSDT,1775691900000,2026-04-08 23:45:00,2026-04-09 08:45:00,0.09228,0.09245,0.09223,0.09245,891657,82327.45197
DOGEUSDT,1775692200000,2026-04-08 23:50:00,2026-04-09 08:50:00,0.09245,0.09249,0.09232,0.09235,4499884,415816.22829
DOGEUSDT,1775692500000,2026-04-08 23:55:00,2026-04-09 08:55:00,0.09235,0.09243,0.09233,0.0924,413856,38242.25825
DOGEUSDT,1775692800000,2026-04-09 00:00:00,2026-04-09 09:00:00,0.0924,0.09242,0.09225,0.09231,1224968,113100.53448
DOGEUSDT,1775693100000,2026-04-09 00:05:00,2026-04-09 09:05:00,0.0923,0.09241,0.09225,0.09238,1758372,162394.2543
DOGEUSDT,1775693400000,2026-04-09 00:10:00,2026-04-09 09:10:00,0.09237,0.09241,0.09232,0.09241,666802,61587.09735
DOGEUSDT,1775693700000,2026-04-09 00:15:00,2026-04-09 09:15:00,0.09241,0.09247,0.09225,0.09231,1127686,104198.2968
DOGEUSDT,1775694000000,2026-04-09 00:20:00,2026-04-09 09:20:00,0.09231,0.09235,0.09215,0.09217,1319616,121736.15486
DOGEUSDT,1775694300000,2026-04-09 00:25:00,2026-04-09 09:25:00,0.09217,0.09224,0.09194,0.09196,3828969,352497.71513
DOGEUSDT,1775694600000,2026-04-09 00:30:00,2026-04-09 09:30:00,0.09195,0.09209,0.09182,0.09187,3436253,315893.04341
DOGEUSDT,1775694900000,2026-04-09 00:35:00,2026-04-09 09:35:00,0.09188,0.09201,0.09177,0.09181,2747612,252369.91399
DOGEUSDT,1775695200000,2026-04-09 00:40:00,2026-04-09 09:40:00,0.0918,0.09186,0.09173,0.09186,3342449,306851.84316
DOGEUSDT,1775695500000,2026-04-09 00:45:00,2026-04-09 09:45:00,0.09187,0.09199,0.09175,0.09192,3221858,296096.78606
DOGEUSDT,1775695800000,2026-04-09 00:50:00,2026-04-09 09:50:00,0.09192,0.09195,0.09182,0.09189,2309789,212259.62227
DOGEUSDT,1775696100000,2026-04-09 00:55:00,2026-04-09 09:55:00,0.09189,0.09216,0.09189,0.09208,6426811,591613.18306
DOGEUSDT,1775696400000,2026-04-09 01:00:00,2026-04-09 10:00:00,0.09207,0.09214,0.09194,0.09206,10818078,995696.92847
DOGEUSDT,1775696700000,2026-04-09 01:05:00,2026-04-09 10:05:00,0.09206,0.09213,0.09139,0.09157,23101599,2118725.11822
DOGEUSDT,1775697000000,2026-04-09 01:10:00,2026-04-09 10:10:00,0.09157,0.09169,0.09153,0.09157,1856933,170087.96437
DOGEUSDT,1775697300000,2026-04-09 01:15:00,2026-04-09 10:15:00,0.09158,0.09162,0.09142,0.0915,1841604,168496.78094
DOGEUSDT,1775697600000,2026-04-09 01:20:00,2026-04-09 10:20:00,0.09149,0.09157,0.09109,0.09131,6323774,577288.6482
DOGEUSDT,1775697900000,2026-04-09 01:25:00,2026-04-09 10:25:00,0.09132,0.09142,0.09125,0.09128,2466482,225273.64729
DOGEUSDT,1775698200000,2026-04-09 01:30:00,2026-04-09 10:30:00,0.09129,0.09162,0.0912,0.0915,2996496,274011.71831
DOGEUSDT,1775698500000,2026-04-09 01:35:00,2026-04-09 10:35:00,0.09149,0.09152,0.0913,0.0914,2415395,220750.74349
DOGEUSDT,1775698800000,2026-04-09 01:40:00,2026-04-09 10:40:00,0.09139,0.09163,0.0913,0.09142,4158581,380454.9948
DOGEUSDT,1775699100000,2026-04-09 01:45:00,2026-04-09 10:45:00,0.09142,0.09147,0.09129,0.09145,2309264,211027.60501
DOGEUSDT,1775699400000,2026-04-09 01:50:00,2026-04-09 10:50:00,0.09146,0.09159,0.09145,0.09156,1510164,138216.7257
DOGEUSDT,1775699700000,2026-04-09 01:55:00,2026-04-09 10:55:00,0.09157,0.09162,0.09154,0.09162,818479,74964.75892
DOGEUSDT,1775700000000,2026-04-09 02:00:00,2026-04-09 11:00:00,0.09161,0.09167,0.09148,0.09157,2926679,268074.03143
DOGEUSDT,1775700300000,2026-04-09 02:05:00,2026-04-09 11:05:00,0.09158,0.09166,0.09156,0.09165,1208414,110704.72149
DOGEUSDT,1775700600000,2026-04-09 02:10:00,2026-04-09 11:10:00,0.09164,0.09164,0.09152,0.09153,837024,76644.6461
DOGEUSDT,1775700900000,2026-04-09 02:15:00,2026-04-09 11:15:00,0.09153,0.09185,0.09151,0.09185,942600,86416.21363
DOGEUSDT,1775701200000,2026-04-09 02:20:00,2026-04-09 11:20:00,0.09185,0.09187,0.09172,0.09182,2771025,254410.81568
DOGEUSDT,1775701500000,2026-04-09 02:25:00,2026-04-09 11:25:00,0.09182,0.09186,0.09176,0.09182,1472743,135217.20419
DOGEUSDT,1775701800000,2026-04-09 02:30:00,2026-04-09 11:30:00,0.09181,0.09192,0.09181,0.09184,1152319,105866.54978
DOGEUSDT,1775702100000,2026-04-09 02:35:00,2026-04-09 11:35:00,0.09184,0.09185,0.09168,0.09178,3629139,333167.73606
DOGEUSDT,1775702400000,2026-04-09 02:40:00,2026-04-09 11:40:00,0.09179,0.09181,0.09166,0.0918,2009811,184381.57576
DOGEUSDT,1775702700000,2026-04-09 02:45:00,2026-04-09 11:45:00,0.09179,0.09187,0.0917,0.09177,2413358,221501.53847
DOGEUSDT,1775703000000,2026-04-09 02:50:00,2026-04-09 11:50:00,0.09176,0.09181,0.09173,0.09177,790919,72578.67818
DOGEUSDT,1775703300000,2026-04-09 02:55:00,2026-04-09 11:55:00,0.09177,0.09178,0.09165,0.09167,846487,77627.47937
DOGEUSDT,1775703600000,2026-04-09 03:00:00,2026-04-09 12:00:00,0.09166,0.09167,0.09158,0.09165,649456,59499.19049
DOGEUSDT,1775703900000,2026-04-09 03:05:00,2026-04-09 12:05:00,0.09165,0.09169,0.09157,0.09163,776648,71164.24467
DOGEUSDT,1775704200000,2026-04-09 03:10:00,2026-04-09 12:10:00,0.09162,0.09171,0.0916,0.0917,390727,35808.62357
DOGEUSDT,1775704500000,2026-04-09 03:15:00,2026-04-09 12:15:00,0.0917,0.09179,0.09166,0.09177,1010030,92654.62401
DOGEUSDT,1775704800000,2026-04-09 03:20:00,2026-04-09 12:20:00,0.09178,0.0918,0.09167,0.09171,783400,71855.9343
DOGEUSDT,1775705100000,2026-04-09 03:25:00,2026-04-09 12:25:00,0.09172,0.09172,0.09152,0.09157,1520312,139263.29189
DOGEUSDT,1775705400000,2026-04-09 03:30:00,2026-04-09 12:30:00,0.09156,0.09166,0.09156,0.09166,463134,42434.72883
DOGEUSDT,1775705700000,2026-04-09 03:35:00,2026-04-09 12:35:00,0.09167,0.0917,0.09161,0.09164,140192,12847.31694
DOGEUSDT,1775706000000,2026-04-09 03:40:00,2026-04-09 12:40:00,0.09165,0.09166,0.09156,0.09159,599113,54877.65518
DOGEUSDT,1775706300000,2026-04-09 03:45:00,2026-04-09 12:45:00,0.09158,0.09163,0.09146,0.09163,2002671,183293.60089
DOGEUSDT,1775706600000,2026-04-09 03:50:00,2026-04-09 12:50:00,0.09163,0.09171,0.09156,0.0916,1591182,145830.99035
DOGEUSDT,1775706900000,2026-04-09 03:55:00,2026-04-09 12:55:00,0.0916,0.09161,0.09155,0.09155,882192,80795.67538
DOGEUSDT,1775707200000,2026-04-09 04:00:00,2026-04-09 13:00:00,0.09154,0.09154,0.09137,0.09149,3605299,329602.71553
DOGEUSDT,1775707500000,2026-04-09 04:05:00,2026-04-09 13:05:00,0.0915,0.0915,0.09143,0.09145,688845,63005.63737
DOGEUSDT,1775707800000,2026-04-09 04:10:00,2026-04-09 13:10:00,0.09144,0.0915,0.09144,0.09148,414338,37900.44103
DOGEUSDT,1775708100000,2026-04-09 04:15:00,2026-04-09 13:15:00,0.09148,0.09148,0.09135,0.09135,1428936,130631.44178
DOGEUSDT,1775708400000,2026-04-09 04:20:00,2026-04-09 13:20:00,0.09135,0.09143,0.09131,0.09142,3701555,338207.83494
DOGEUSDT,1775708700000,2026-04-09 04:25:00,2026-04-09 13:25:00,0.09141,0.09141,0.09134,0.09138,740511,67669.29888
DOGEUSDT,1775709000000,2026-04-09 04:30:00,2026-04-09 13:30:00,0.09138,0.09144,0.09136,0.09143,570813,52174.19788
DOGEUSDT,1775709300000,2026-04-09 04:35:00,2026-04-09 13:35:00,0.09144,0.09147,0.0914,0.09146,341207,31201.40695
DOGEUSDT,1775709600000,2026-04-09 04:40:00,2026-04-09 13:40:00,0.09147,0.09152,0.09145,0.09146,1403669,128418.71931
DOGEUSDT,1775709900000,2026-04-09 04:45:00,2026-04-09 13:45:00,0.09146,0.09146,0.0913,0.09134,980358,89599.15978
DOGEUSDT,1775710200000,2026-04-09 04:50:00,2026-04-09 13:50:00,0.09133,0.09135,0.09124,0.09129,2636349,240690.67247
DOGEUSDT,1775710500000,2026-04-09 04:55:00,2026-04-09 13:55:00,0.0913,0.09134,0.09122,0.09124,2990354,273010.73449
DOGEUSDT,1775710800000,2026-04-09 05:00:00,2026-04-09 14:00:00,0.09123,0.09123,0.09107,0.09118,5287101,481892.7067
DOGEUSDT,1775711100000,2026-04-09 05:05:00,2026-04-09 14:05:00,0.09118,0.09121,0.09114,0.09115,2065344,188283.16095
DOGEUSDT,1775711400000,2026-04-09 05:10:00,2026-04-09 14:10:00,0.09114,0.09122,0.09102,0.09122,13925137,1268144.20865
DOGEUSDT,1775711700000,2026-04-09 05:15:00,2026-04-09 14:15:00,0.09122,0.09135,0.09091,0.09129,30251627,2754703.37278
DOGEUSDT,1775712000000,2026-04-09 05:20:00,2026-04-09 14:20:00,0.09128,0.09132,0.09109,0.09119,5267435,480378.0407
DOGEUSDT,1775712300000,2026-04-09 05:25:00,2026-04-09 14:25:00,0.09119,0.09131,0.09119,0.09127,2678265,244403.48464
DOGEUSDT,1775712600000,2026-04-09 05:30:00,2026-04-09 14:30:00,0.09126,0.09138,0.09124,0.09137,2785812,254451.88257
DOGEUSDT,1775712900000,2026-04-09 05:35:00,2026-04-09 14:35:00,0.09138,0.09187,0.09134,0.09165,14500271,1328731.66456
DOGEUSDT,1775713200000,2026-04-09 05:40:00,2026-04-09 14:40:00,0.09165,0.09171,0.09155,0.09163,5631028,516008.22171
DOGEUSDT,1775713500000,2026-04-09 05:45:00,2026-04-09 14:45:00,0.09164,0.09166,0.09142,0.09143,1017311,93127.48324
DOGEUSDT,1775713800000,2026-04-09 05:50:00,2026-04-09 14:50:00,0.09143,0.09144,0.09125,0.09134,1818950,166164.84604
DOGEUSDT,1775714100000,2026-04-09 05:55:00,2026-04-09 14:55:00,0.09134,0.09145,0.09128,0.09144,1015591,92756.37887
DOGEUSDT,1775714400000,2026-04-09 06:00:00,2026-04-09 15:00:00,0.09145,0.09162,0.09144,0.09154,1013159,92733.23073
DOGEUSDT,1775714700000,2026-04-09 06:05:00,2026-04-09 15:05:00,0.09154,0.09159,0.0915,0.09155,1199869,109841.07588
DOGEUSDT,1775715000000,2026-04-09 06:10:00,2026-04-09 15:10:00,0.09155,0.0916,0.09148,0.09151,2679928,245308.76206
DOGEUSDT,1775715300000,2026-04-09 06:15:00,2026-04-09 15:15:00,0.0915,0.0915,0.09137,0.09138,730428,66777.15032
DOGEUSDT,1775715600000,2026-04-09 06:20:00,2026-04-09 15:20:00,0.09137,0.0914,0.09134,0.09138,588039,53727.29959
DOGEUSDT,1775715900000,2026-04-09 06:25:00,2026-04-09 15:25:00,0.09138,0.09139,0.09129,0.09131,2893077,264203.10726
DOGEUSDT,1775716200000,2026-04-09 06:30:00,2026-04-09 15:30:00,0.0913,0.09138,0.0912,0.09133,2342010,213695.24879
DOGEUSDT,1775716500000,2026-04-09 06:35:00,2026-04-09 15:35:00,0.09133,0.09144,0.0913,0.09138,944747,86329.2941
DOGEUSDT,1775716800000,2026-04-09 06:40:00,2026-04-09 15:40:00,0.09139,0.09143,0.09136,0.09141,645990,59038.03127
DOGEUSDT,1775717100000,2026-04-09 06:45:00,2026-04-09 15:45:00,0.09141,0.09143,0.09138,0.0914,425827,38925.16108
DOGEUSDT,1775717400000,2026-04-09 06:50:00,2026-04-09 15:50:00,0.09141,0.09148,0.09138,0.09148,462018,42238.78172
DOGEUSDT,1775717700000,2026-04-09 06:55:00,2026-04-09 15:55:00,0.09148,0.09152,0.09146,0.09151,1098522,100508.88012
DOGEUSDT,1775718000000,2026-04-09 07:00:00,2026-04-09 16:00:00,0.09152,0.09164,0.09152,0.09159,4635630,424492.90817
DOGEUSDT,1775718300000,2026-04-09 07:05:00,2026-04-09 16:05:00,0.0916,0.09161,0.09155,0.0916,1174303,107526.91268
DOGEUSDT,1775718600000,2026-04-09 07:10:00,2026-04-09 16:10:00,0.0916,0.09161,0.09148,0.0916,982777,89977.51342
DOGEUSDT,1775718900000,2026-04-09 07:15:00,2026-04-09 16:15:00,0.0916,0.09161,0.09143,0.09147,1119540,102447.74193
DOGEUSDT,1775719200000,2026-04-09 07:20:00,2026-04-09 16:20:00,0.09147,0.09148,0.09138,0.09139,522272,47739.23982
DOGEUSDT,1775719500000,2026-04-09 07:25:00,2026-04-09 16:25:00,0.0914,0.09143,0.09139,0.0914,497206,45449.12884
DOGEUSDT,1775719800000,2026-04-09 07:30:00,2026-04-09 16:30:00,0.09139,0.09153,0.09139,0.09152,1082028,98928.77492
DOGEUSDT,1775720100000,2026-04-09 07:35:00,2026-04-09 16:35:00,0.09152,0.09155,0.09143,0.09144,565166,51702.67118
DOGEUSDT,1775720400000,2026-04-09 07:40:00,2026-04-09 16:40:00,0.09145,0.09146,0.09138,0.09146,881031,80533.47996
DOGEUSDT,1775720700000,2026-04-09 07:45:00,2026-04-09 16:45:00,0.09147,0.09147,0.09138,0.0914,620644,56738.91599
DOGEUSDT,1775721000000,2026-04-09 07:50:00,2026-04-09 16:50:00,0.09139,0.09145,0.09138,0.09142,914900,83634.3899
DOGEUSDT,1775721300000,2026-04-09 07:55:00,2026-04-09 16:55:00,0.09142,0.09144,0.09138,0.0914,199647,18249.46813
DOGEUSDT,1775721600000,2026-04-09 08:00:00,2026-04-09 17:00:00,0.09139,0.09143,0.09123,0.09141,2155729,196840.27105
DOGEUSDT,1775721900000,2026-04-09 08:05:00,2026-04-09 17:05:00,0.0914,0.09144,0.09134,0.09136,506285,46277.16269
DOGEUSDT,1775722200000,2026-04-09 08:10:00,2026-04-09 17:10:00,0.09135,0.09137,0.09126,0.09129,590581,53929.6831
DOGEUSDT,1775722500000,2026-04-09 08:15:00,2026-04-09 17:15:00,0.09129,0.09131,0.0912,0.09126,885344,80796.03703
DOGEUSDT,1775722800000,2026-04-09 08:20:00,2026-04-09 17:20:00,0.09127,0.09135,0.09123,0.09133,3447038,314653.13454
DOGEUSDT,1775723100000,2026-04-09 08:25:00,2026-04-09 17:25:00,0.09134,0.09137,0.09131,0.09134,391649,35771.27332
DOGEUSDT,1775723400000,2026-04-09 08:30:00,2026-04-09 17:30:00,0.09134,0.09152,0.09134,0.09145,2673256,244549.52217
DOGEUSDT,1775723700000,2026-04-09 08:35:00,2026-04-09 17:35:00,0.09145,0.09152,0.09143,0.09147,1698157,155348.85183
DOGEUSDT,1775724000000,2026-04-09 08:40:00,2026-04-09 17:40:00,0.09148,0.09157,0.09146,0.09153,1721063,157487.23241
DOGEUSDT,1775724300000,2026-04-09 08:45:00,2026-04-09 17:45:00,0.09153,0.0916,0.09143,0.09149,3214432,294186.78888
DOGEUSDT,1775724600000,2026-04-09 08:50:00,2026-04-09 17:50:00,0.0915,0.09154,0.09138,0.09145,3001324,274551.24963
DOGEUSDT,1775724900000,2026-04-09 08:55:00,2026-04-09 17:55:00,0.09145,0.09153,0.09145,0.09149,1544987,141364.16409
DOGEUSDT,1775725200000,2026-04-09 09:00:00,2026-04-09 18:00:00,0.09148,0.09149,0.09131,0.09138,2325587,212499.1376
DOGEUSDT,1775725500000,2026-04-09 09:05:00,2026-04-09 18:05:00,0.09139,0.09142,0.09134,0.09141,677281,61898.43425
DOGEUSDT,1775725800000,2026-04-09 09:10:00,2026-04-09 18:10:00,0.09141,0.09158,0.09141,0.09153,2055370,188077.32141
DOGEUSDT,1775726100000,2026-04-09 09:15:00,2026-04-09 18:15:00,0.09153,0.09168,0.09151,0.09162,5695163,521759.07323
DOGEUSDT,1775726400000,2026-04-09 09:20:00,2026-04-09 18:20:00,0.09162,0.09163,0.09153,0.09159,1307892,119768.65572
DOGEUSDT,1775726700000,2026-04-09 09:25:00,2026-04-09 18:25:00,0.09159,0.09163,0.09155,0.09163,756262,69279.28068
DOGEUSDT,1775727000000,2026-04-09 09:30:00,2026-04-09 18:30:00,0.09162,0.09168,0.09159,0.09159,1562980,143229.4759
DOGEUSDT,1775727300000,2026-04-09 09:35:00,2026-04-09 18:35:00,0.0916,0.09163,0.09155,0.0916,723648,66275.75687
DOGEUSDT,1775727600000,2026-04-09 09:40:00,2026-04-09 18:40:00,0.0916,0.09161,0.09158,0.0916,482970,44235.7592
DOGEUSDT,1775727900000,2026-04-09 09:45:00,2026-04-09 18:45:00,0.09159,0.09171,0.09156,0.09171,1029836,94372.58847
DOGEUSDT,1775728200000,2026-04-09 09:50:00,2026-04-09 18:50:00,0.09171,0.09186,0.09167,0.09185,1232118,113065.81268
DOGEUSDT,1775728500000,2026-04-09 09:55:00,2026-04-09 18:55:00,0.09185,0.09207,0.09185,0.09196,4917369,452244.84496
DOGEUSDT,1775728800000,2026-04-09 10:00:00,2026-04-09 19:00:00,0.09195,0.09198,0.09185,0.09198,1591405,146244.83654
DOGEUSDT,1775729100000,2026-04-09 10:05:00,2026-04-09 19:05:00,0.09198,0.09198,0.09177,0.09178,1324357,121638.0619
DOGEUSDT,1775729400000,2026-04-09 10:10:00,2026-04-09 19:10:00,0.09177,0.09178,0.0917,0.09171,477113,43764.04335
DOGEUSDT,1775729700000,2026-04-09 10:15:00,2026-04-09 19:15:00,0.09171,0.09182,0.0917,0.09177,989085,90749.52617
DOGEUSDT,1775730000000,2026-04-09 10:20:00,2026-04-09 19:20:00,0.09177,0.09189,0.09177,0.09187,931822,85591.69378
DOGEUSDT,1775730300000,2026-04-09 10:25:00,2026-04-09 19:25:00,0.09186,0.09191,0.09184,0.09188,297244,27311.08152
DOGEUSDT,1775730600000,2026-04-09 10:30:00,2026-04-09 19:30:00,0.09188,0.09192,0.0918,0.09185,463605,42585.75977
DOGEUSDT,1775730900000,2026-04-09 10:35:00,2026-04-09 19:35:00,0.09185,0.09191,0.09181,0.0919,749527,68848.10294
DOGEUSDT,1775731200000,2026-04-09 10:40:00,2026-04-09 19:40:00,0.0919,0.09197,0.09187,0.09188,1089039,100112.70168
DOGEUSDT,1775731500000,2026-04-09 10:45:00,2026-04-09 19:45:00,0.09188,0.09192,0.09182,0.09185,670133,61571.22179
DOGEUSDT,1775731800000,2026-04-09 10:50:00,2026-04-09 19:50:00,0.09186,0.09186,0.09171,0.09181,2220922,203822.57014
DOGEUSDT,1775732100000,2026-04-09 10:55:00,2026-04-09 19:55:00,0.09182,0.09185,0.09172,0.09173,233276,21411.86791
DOGEUSDT,1775732400000,2026-04-09 11:00:00,2026-04-09 20:00:00,0.09173,0.09185,0.09171,0.09182,1726172,158460.92331
DOGEUSDT,1775732700000,2026-04-09 11:05:00,2026-04-09 20:05:00,0.09182,0.09185,0.09179,0.09181,391327,35935.56103
DOGEUSDT,1775733000000,2026-04-09 11:10:00,2026-04-09 20:10:00,0.09182,0.09182,0.09168,0.09169,1869680,171526.11784
DOGEUSDT,1775733300000,2026-04-09 11:15:00,2026-04-09 20:15:00,0.09169,0.0917,0.09155,0.09164,869875,79693.95192
DOGEUSDT,1775733600000,2026-04-09 11:20:00,2026-04-09 20:20:00,0.09164,0.09176,0.09161,0.09176,883387,81011.76509
DOGEUSDT,1775733900000,2026-04-09 11:25:00,2026-04-09 20:25:00,0.09177,0.09178,0.09164,0.09173,1556390,142740.64564
DOGEUSDT,1775734200000,2026-04-09 11:30:00,2026-04-09 20:30:00,0.09173,0.09182,0.09167,0.09169,765441,70216.14344
DOGEUSDT,1775734500000,2026-04-09 11:35:00,2026-04-09 20:35:00,0.09169,0.09171,0.09165,0.09171,716638,65698.3147
DOGEUSDT,1775734800000,2026-04-09 11:40:00,2026-04-09 20:40:00,0.09171,0.09176,0.09166,0.09171,766669,70309.81153
DOGEUSDT,1775735100000,2026-04-09 11:45:00,2026-04-09 20:45:00,0.09171,0.09174,0.09165,0.09169,892455,81831.68074
DOGEUSDT,1775735400000,2026-04-09 11:50:00,2026-04-09 20:50:00,0.09168,0.09171,0.09166,0.09168,203930,18695.80006
DOGEUSDT,1775735700000,2026-04-09 11:55:00,2026-04-09 20:55:00,0.09168,0.09171,0.09166,0.09168,333477,30572.5462
DOGEUSDT,1775736000000,2026-04-09 12:00:00,2026-04-09 21:00:00,0.09168,0.09171,0.09164,0.09166,287773,26384.4338
DOGEUSDT,1775736300000,2026-04-09 12:05:00,2026-04-09 21:05:00,0.09167,0.09174,0.09165,0.09173,719962,66012.50643
DOGEUSDT,1775736600000,2026-04-09 12:10:00,2026-04-09 21:10:00,0.09174,0.0918,0.09168,0.09169,1814117,166434.52846
DOGEUSDT,1775736900000,2026-04-09 12:15:00,2026-04-09 21:15:00,0.09168,0.09171,0.0916,0.0916,565070,51796.58904
DOGEUSDT,1775737200000,2026-04-09 12:20:00,2026-04-09 21:20:00,0.0916,0.0916,0.09147,0.09153,848885,77688.61957
DOGEUSDT,1775737500000,2026-04-09 12:25:00,2026-04-09 21:25:00,0.09153,0.09173,0.09153,0.09158,1425268,130552.7271
DOGEUSDT,1775737800000,2026-04-09 12:30:00,2026-04-09 21:30:00,0.09158,0.09161,0.09145,0.09152,1695244,155139.80381
DOGEUSDT,1775738100000,2026-04-09 12:35:00,2026-04-09 21:35:00,0.09152,0.09161,0.09151,0.09158,643521,58914.49019
DOGEUSDT,1775738400000,2026-04-09 12:40:00,2026-04-09 21:40:00,0.09158,0.09181,0.09154,0.09164,2605996,238990.17781
DOGEUSDT,1775738700000,2026-04-09 12:45:00,2026-04-09 21:45:00,0.09163,0.09167,0.09148,0.09157,727070,66607.42084
DOGEUSDT,1775739000000,2026-04-09 12:50:00,2026-04-09 21:50:00,0.09158,0.09162,0.09155,0.09156,438486,40154.14924
DOGEUSDT,1775739300000,2026-04-09 12:55:00,2026-04-09 21:55:00,0.09156,0.09162,0.09155,0.09159,994154,91052.86969
DOGEUSDT,1775739600000,2026-04-09 13:00:00,2026-04-09 22:00:00,0.09159,0.09168,0.09152,0.09156,1059741,97054.63357
DOGEUSDT,1775739900000,2026-04-09 13:05:00,2026-04-09 22:05:00,0.09156,0.0916,0.09151,0.09154,1051112,96239.04472
DOGEUSDT,1775740200000,2026-04-09 13:10:00,2026-04-09 22:10:00,0.09153,0.09153,0.0914,0.0914,1522843,139285.9263
DOGEUSDT,1775740500000,2026-04-09 13:15:00,2026-04-09 22:15:00,0.09141,0.09141,0.09133,0.09137,762355,69662.83231
DOGEUSDT,1775740800000,2026-04-09 13:20:00,2026-04-09 22:20:00,0.09138,0.09141,0.09134,0.09141,628375,57414.67452
DOGEUSDT,1775741100000,2026-04-09 13:25:00,2026-04-09 22:25:00,0.09141,0.09149,0.09139,0.09146,1133047,103605.57025
DOGEUSDT,1775741400000,2026-04-09 13:30:00,2026-04-09 22:30:00,0.09146,0.09155,0.09129,0.09136,1644326,150290.47751
DOGEUSDT,1775741700000,2026-04-09 13:35:00,2026-04-09 22:35:00,0.09136,0.09145,0.09117,0.09133,3792427,346394.33965
DOGEUSDT,1775742000000,2026-04-09 13:40:00,2026-04-09 22:40:00,0.09133,0.09139,0.09121,0.0913,2762580,252145.78373
DOGEUSDT,1775742300000,2026-04-09 13:45:00,2026-04-09 22:45:00,0.0913,0.09133,0.09112,0.09129,1549804,141382.34023
DOGEUSDT,1775742600000,2026-04-09 13:50:00,2026-04-09 22:50:00,0.09128,0.09129,0.09114,0.09121,8918368,813704.13754
DOGEUSDT,1775742900000,2026-04-09 13:55:00,2026-04-09 22:55:00,0.0912,0.0913,0.09103,0.09127,14254994,1300315.83333
DOGEUSDT,1775743200000,2026-04-09 14:00:00,2026-04-09 23:00:00,0.09128,0.09131,0.09111,0.09124,10755058,981037.53413
DOGEUSDT,1775743500000,2026-04-09 14:05:00,2026-04-09 23:05:00,0.09124,0.09134,0.09123,0.09129,1925515,175770.37217
DOGEUSDT,1775743800000,2026-04-09 14:10:00,2026-04-09 23:10:00,0.09129,0.09148,0.09123,0.09138,2287976,209022.89203
DOGEUSDT,1775744100000,2026-04-09 14:15:00,2026-04-09 23:15:00,0.09137,0.09141,0.09116,0.09118,1768435,161392.81609
DOGEUSDT,1775744400000,2026-04-09 14:20:00,2026-04-09 23:20:00,0.09118,0.09127,0.09118,0.09123,1126769,102793.4876
DOGEUSDT,1775744700000,2026-04-09 14:25:00,2026-04-09 23:25:00,0.09124,0.09126,0.09096,0.09115,15970244,1454703.61987
DOGEUSDT,1775745000000,2026-04-09 14:30:00,2026-04-09 23:30:00,0.09115,0.09118,0.09105,0.09117,5169128,470951.57906
DOGEUSDT,1775745300000,2026-04-09 14:35:00,2026-04-09 23:35:00,0.09116,0.09128,0.09108,0.09125,3317888,302512.06963
DOGEUSDT,1775745600000,2026-04-09 14:40:00,2026-04-09 23:40:00,0.09125,0.09137,0.09124,0.09133,1757389,160468.42768
DOGEUSDT,1775745900000,2026-04-09 14:45:00,2026-04-09 23:45:00,0.09132,0.09145,0.09132,0.09141,1660766,151813.61906
DOGEUSDT,1775746200000,2026-04-09 14:50:00,2026-04-09 23:50:00,0.09141,0.09157,0.0914,0.09147,3605205,329861.04884
DOGEUSDT,1775746500000,2026-04-09 14:55:00,2026-04-09 23:55:00,0.09147,0.09156,0.09141,0.09144,2852772,261067.64921
DOGEUSDT,1775746800000,2026-04-09 15:00:00,2026-04-10 00:00:00,0.09143,0.09148,0.0913,0.09138,1640005,149868.43059
DOGEUSDT,1775747100000,2026-04-09 15:05:00,2026-04-10 00:05:00,0.09138,0.09145,0.09132,0.09132,1242075,113514.61561
DOGEUSDT,1775747400000,2026-04-09 15:10:00,2026-04-10 00:10:00,0.09132,0.09188,0.09131,0.09185,8112451,743726.52206
DOGEUSDT,1775747700000,2026-04-09 15:15:00,2026-04-10 00:15:00,0.09184,0.09205,0.09181,0.09185,4279987,393377.32599
DOGEUSDT,1775748000000,2026-04-09 15:20:00,2026-04-10 00:20:00,0.09186,0.09207,0.09178,0.09183,8448479,776443.8739
DOGEUSDT,1775748300000,2026-04-09 15:25:00,2026-04-10 00:25:00,0.09184,0.09186,0.09165,0.09167,3133836,287594.5974
DOGEUSDT,1775748600000,2026-04-09 15:30:00,2026-04-10 00:30:00,0.09167,0.09285,0.0916,0.09285,13905058,1283251.50289
DOGEUSDT,1775748900000,2026-04-09 15:35:00,2026-04-10 00:35:00,0.09285,0.09304,0.09258,0.09263,11968304,1111353.157
DOGEUSDT,1775749200000,2026-04-09 15:40:00,2026-04-10 00:40:00,0.09264,0.09304,0.0926,0.09284,4769705,442692.9002
DOGEUSDT,1775749500000,2026-04-09 15:45:00,2026-04-10 00:45:00,0.09284,0.09326,0.09274,0.0928,20188697,1874818.05599
DOGEUSDT,1775749800000,2026-04-09 15:50:00,2026-04-10 00:50:00,0.0928,0.09302,0.09276,0.09301,5548205,515361.89384
DOGEUSDT,1775750100000,2026-04-09 15:55:00,2026-04-10 00:55:00,0.093,0.0931,0.09286,0.09289,3580896,332836.4572
DOGEUSDT,1775750400000,2026-04-09 16:00:00,2026-04-10 01:00:00,0.0929,0.09342,0.0929,0.09322,11296975,1053834.46926
DOGEUSDT,1775750700000,2026-04-09 16:05:00,2026-04-10 01:05:00,0.09323,0.09323,0.09281,0.09293,6141532,571051.89792
DOGEUSDT,1775751000000,2026-04-09 16:10:00,2026-04-10 01:10:00,0.09294,0.09305,0.09286,0.09293,5249824,488053.27647
DOGEUSDT,1775751300000,2026-04-09 16:15:00,2026-04-10 01:15:00,0.09294,0.0932,0.0929,0.09303,2736637,254579.81775
DOGEUSDT,1775751600000,2026-04-09 16:20:00,2026-04-10 01:20:00,0.09302,0.09302,0.0926,0.09266,7599329,704862.22278
DOGEUSDT,1775751900000,2026-04-09 16:25:00,2026-04-10 01:25:00,0.09265,0.09275,0.09255,0.09261,1746688,161846.05518
DOGEUSDT,1775752200000,2026-04-09 16:30:00,2026-04-10 01:30:00,0.09261,0.0927,0.09247,0.09254,2690353,249101.9337
DOGEUSDT,1775752500000,2026-04-09 16:35:00,2026-04-10 01:35:00,0.09254,0.0926,0.09219,0.09231,6918510,639380.18334
DOGEUSDT,1775752800000,2026-04-09 16:40:00,2026-04-10 01:40:00,0.09231,0.0925,0.09231,0.09249,2010661,185776.11679
DOGEUSDT,1775753100000,2026-04-09 16:45:00,2026-04-10 01:45:00,0.09249,0.09256,0.09208,0.09216,3015740,278238.85106
DOGEUSDT,1775753400000,2026-04-09 16:50:00,2026-04-10 01:50:00,0.09216,0.09238,0.09213,0.09233,1831569,169005.09897
DOGEUSDT,1775753700000,2026-04-09 16:55:00,2026-04-10 01:55:00,0.09233,0.0926,0.0923,0.09248,2762689,255348.77258
DOGEUSDT,1775754000000,2026-04-09 17:00:00,2026-04-10 02:00:00,0.09248,0.0931,0.09247,0.09301,4733301,439528.57086
DOGEUSDT,1775754300000,2026-04-09 17:05:00,2026-04-10 02:05:00,0.09301,0.09305,0.09291,0.09293,5267379,489730.70291
DOGEUSDT,1775754600000,2026-04-09 17:10:00,2026-04-10 02:10:00,0.09292,0.09306,0.0929,0.09305,4841643,450312.96333
DOGEUSDT,1775754900000,2026-04-09 17:15:00,2026-04-10 02:15:00,0.09305,0.09319,0.09298,0.09307,2683602,249802.74445
DOGEUSDT,1775755200000,2026-04-09 17:20:00,2026-04-10 02:20:00,0.09308,0.09313,0.09284,0.09289,1782181,165652.6101
DOGEUSDT,1775755500000,2026-04-09 17:25:00,2026-04-10 02:25:00,0.09289,0.09293,0.09267,0.0928,879966,81624.57302
DOGEUSDT,1775755800000,2026-04-09 17:30:00,2026-04-10 02:30:00,0.09281,0.09284,0.0926,0.09277,1821958,168925.8378
DOGEUSDT,1775756100000,2026-04-09 17:35:00,2026-04-10 02:35:00,0.09277,0.09327,0.09276,0.09323,1678512,156221.27987
DOGEUSDT,1775756400000,2026-04-09 17:40:00,2026-04-10 02:40:00,0.09322,0.09349,0.09316,0.09337,5623914,524926.51818
DOGEUSDT,1775756700000,2026-04-09 17:45:00,2026-04-10 02:45:00,0.09336,0.0935,0.09335,0.09346,1193149,111486.8638
DOGEUSDT,1775757000000,2026-04-09 17:50:00,2026-04-10 02:50:00,0.09345,0.0935,0.09328,0.09341,2279077,212825.00282
DOGEUSDT,1775757300000,2026-04-09 17:55:00,2026-04-10 02:55:00,0.0934,0.09352,0.09338,0.09343,7902552,738320.09522
DOGEUSDT,1775757600000,2026-04-09 18:00:00,2026-04-10 03:00:00,0.09344,0.09349,0.0929,0.09312,3909059,364030.56148
DOGEUSDT,1775757900000,2026-04-09 18:05:00,2026-04-10 03:05:00,0.09313,0.09341,0.09313,0.09337,1627355,151808.17751
DOGEUSDT,1775758200000,2026-04-09 18:10:00,2026-04-10 03:10:00,0.09337,0.0934,0.09306,0.09309,1142218,106562.22448
DOGEUSDT,1775758500000,2026-04-09 18:15:00,2026-04-10 03:15:00,0.09308,0.09331,0.09308,0.0932,1087952,101428.01396
DOGEUSDT,1775758800000,2026-04-09 18:20:00,2026-04-10 03:20:00,0.0932,0.09321,0.09298,0.09313,1543674,143695.13798
DOGEUSDT,1775759100000,2026-04-09 18:25:00,2026-04-10 03:25:00,0.09313,0.09346,0.09306,0.09344,2791427,260421.18674
DOGEUSDT,1775759400000,2026-04-09 18:30:00,2026-04-10 03:30:00,0.09344,0.09357,0.09318,0.09335,3181648,297338.95857
DOGEUSDT,1775759700000,2026-04-09 18:35:00,2026-04-10 03:35:00,0.09334,0.09341,0.09331,0.09335,834264,77878.26546
DOGEUSDT,1775760000000,2026-04-09 18:40:00,2026-04-10 03:40:00,0.09335,0.09344,0.09321,0.09329,2590425,241760.63537
DOGEUSDT,1775760300000,2026-04-09 18:45:00,2026-04-10 03:45:00,0.09328,0.09337,0.0932,0.09334,1292153,120517.90977
DOGEUSDT,1775760600000,2026-04-09 18:50:00,2026-04-10 03:50:00,0.09335,0.09338,0.09326,0.09334,784460,73184.40612
DOGEUSDT,1775760900000,2026-04-09 18:55:00,2026-04-10 03:55:00,0.09334,0.09338,0.09328,0.09328,1284967,119940.64124
DOGEUSDT,1775761200000,2026-04-09 19:00:00,2026-04-10 04:00:00,0.09328,0.09347,0.09311,0.09345,2206848,205921.59684
DOGEUSDT,1775761500000,2026-04-09 19:05:00,2026-04-10 04:05:00,0.09345,0.0936,0.0934,0.09352,4191769,392082.3666
DOGEUSDT,1775761800000,2026-04-09 19:10:00,2026-04-10 04:10:00,0.09352,0.09366,0.09351,0.09358,2739533,256403.09065
DOGEUSDT,1775762100000,2026-04-09 19:15:00,2026-04-10 04:15:00,0.09358,0.09362,0.09333,0.09334,1770522,165537.188
DOGEUSDT,1775762400000,2026-04-09 19:20:00,2026-04-10 04:20:00,0.09334,0.09339,0.09307,0.09308,929959,86658.87138
DOGEUSDT,1775762700000,2026-04-09 19:25:00,2026-04-10 04:25:00,0.09308,0.09319,0.09307,0.09313,704064,65564.54841
DOGEUSDT,1775763000000,2026-04-09 19:30:00,2026-04-10 04:30:00,0.09314,0.09337,0.09314,0.09323,856177,79862.65995
DOGEUSDT,1775763300000,2026-04-09 19:35:00,2026-04-10 04:35:00,0.09322,0.09334,0.09316,0.09331,806623,75240.58049
DOGEUSDT,1775763600000,2026-04-09 19:40:00,2026-04-10 04:40:00,0.09331,0.09352,0.09327,0.09346,2350110,219550.8314
DOGEUSDT,1775763900000,2026-04-09 19:45:00,2026-04-10 04:45:00,0.09347,0.09374,0.09347,0.09374,3481283,325939.69803
DOGEUSDT,1775764200000,2026-04-09 19:50:00,2026-04-10 04:50:00,0.09373,0.09385,0.0937,0.09374,4363404,409210.97122
DOGEUSDT,1775764500000,2026-04-09 19:55:00,2026-04-10 04:55:00,0.09373,0.09388,0.09366,0.09382,3877911,363619.74917
DOGEUSDT,1775764800000,2026-04-09 20:00:00,2026-04-10 05:00:00,0.09381,0.09399,0.0938,0.09384,3619076,339925.46707
DOGEUSDT,1775765100000,2026-04-09 20:05:00,2026-04-10 05:05:00,0.09384,0.09389,0.09377,0.09386,1169301,109716.69422
DOGEUSDT,1775765400000,2026-04-09 20:10:00,2026-04-10 05:10:00,0.09386,0.0939,0.09379,0.09389,1091700,102470.81882
DOGEUSDT,1775765700000,2026-04-09 20:15:00,2026-04-10 05:15:00,0.09389,0.09399,0.09383,0.09393,1408895,132354.52331
DOGEUSDT,1775766000000,2026-04-09 20:20:00,2026-04-10 05:20:00,0.09393,0.09399,0.0939,0.09399,1293983,121586.18351
DOGEUSDT,1775766300000,2026-04-09 20:25:00,2026-04-10 05:25:00,0.09398,0.09434,0.09397,0.09424,6112776,575870.49247
DOGEUSDT,1775766600000,2026-04-09 20:30:00,2026-04-10 05:30:00,0.09424,0.09434,0.09411,0.09424,2342706,220809.45691
DOGEUSDT,1775766900000,2026-04-09 20:35:00,2026-04-10 05:35:00,0.09424,0.09433,0.09419,0.0942,1180500,111273.76482
DOGEUSDT,1775767200000,2026-04-09 20:40:00,2026-04-10 05:40:00,0.09419,0.09419,0.09401,0.09403,1816528,170947.00506
DOGEUSDT,1775767500000,2026-04-09 20:45:00,2026-04-10 05:45:00,0.09403,0.0941,0.09396,0.09398,1223243,115003.69087
DOGEUSDT,1775767800000,2026-04-09 20:50:00,2026-04-10 05:50:00,0.09398,0.09406,0.09391,0.09405,739410,69477.11724
DOGEUSDT,1775768100000,2026-04-09 20:55:00,2026-04-10 05:55:00,0.09406,0.09413,0.09393,0.09398,1554372,146108.25288
DOGEUSDT,1775768400000,2026-04-09 21:00:00,2026-04-10 06:00:00,0.09398,0.09405,0.09388,0.09399,1364251,128183.67562
DOGEUSDT,1775768700000,2026-04-09 21:05:00,2026-04-10 06:05:00,0.09399,0.09437,0.09386,0.09386,4790747,450844.85504
DOGEUSDT,1775769000000,2026-04-09 21:10:00,2026-04-10 06:10:00,0.09385,0.09415,0.09382,0.09411,2334543,219420.05205
DOGEUSDT,1775769300000,2026-04-09 21:15:00,2026-04-10 06:15:00,0.09412,0.09416,0.09402,0.09402,867468,81632.97235
DOGEUSDT,1775769600000,2026-04-09 21:20:00,2026-04-10 06:20:00,0.09402,0.09402,0.09385,0.09394,1554395,145960.59426
DOGEUSDT,1775769900000,2026-04-09 21:25:00,2026-04-10 06:25:00,0.09394,0.09396,0.09383,0.09384,1088068,102138.05907
DOGEUSDT,1775770200000,2026-04-09 21:30:00,2026-04-10 06:30:00,0.09384,0.09384,0.09369,0.09379,1437877,134792.77409
DOGEUSDT,1775770500000,2026-04-09 21:35:00,2026-04-10 06:35:00,0.09378,0.09384,0.09374,0.09384,1536872,144145.88715
DOGEUSDT,1775770800000,2026-04-09 21:40:00,2026-04-10 06:40:00,0.09385,0.09408,0.09384,0.09404,3625868,340703.0047
DOGEUSDT,1775771100000,2026-04-09 21:45:00,2026-04-10 06:45:00,0.09405,0.09415,0.09405,0.09414,1403444,132068.71016
DOGEUSDT,1775771400000,2026-04-09 21:50:00,2026-04-10 06:50:00,0.09414,0.09415,0.09392,0.09392,624558,58742.93663
DOGEUSDT,1775771700000,2026-04-09 21:55:00,2026-04-10 06:55:00,0.09393,0.09395,0.09383,0.09386,354381,33276.60101
DOGEUSDT,1775772000000,2026-04-09 22:00:00,2026-04-10 07:00:00,0.09386,0.09409,0.09381,0.094,3129824,293859.03955
DOGEUSDT,1775772300000,2026-04-09 22:05:00,2026-04-10 07:05:00,0.09401,0.09404,0.0939,0.09402,2757547,259076.00523
DOGEUSDT,1775772600000,2026-04-09 22:10:00,2026-04-10 07:10:00,0.09402,0.09412,0.09395,0.09412,1473475,138556.52535
DOGEUSDT,1775772900000,2026-04-09 22:15:00,2026-04-10 07:15:00,0.09412,0.09499,0.0941,0.09469,23234832,2200211.38856
DOGEUSDT,1775773200000,2026-04-09 22:20:00,2026-04-10 07:20:00,0.09469,0.09469,0.09443,0.09449,2315136,218777.17162
DOGEUSDT,1775773500000,2026-04-09 22:25:00,2026-04-10 07:25:00,0.09449,0.0945,0.09411,0.09422,3407876,321248.65601
DOGEUSDT,1775773800000,2026-04-09 22:30:00,2026-04-10 07:30:00,0.09421,0.09433,0.0941,0.09425,4163477,392246.84147
DOGEUSDT,1775774100000,2026-04-09 22:35:00,2026-04-10 07:35:00,0.09425,0.09428,0.09401,0.09403,4227447,397875.57778
DOGEUSDT,1775774400000,2026-04-09 22:40:00,2026-04-10 07:40:00,0.09402,0.09411,0.09391,0.09393,1092469,102670.94629
DOGEUSDT,1775774700000,2026-04-09 22:45:00,2026-04-10 07:45:00,0.09393,0.09395,0.09368,0.09385,5163425,484351.77069
DOGEUSDT,1775775000000,2026-04-09 22:50:00,2026-04-10 07:50:00,0.09385,0.09385,0.09325,0.09335,6258304,585187.58023
DOGEUSDT,1775775300000,2026-04-09 22:55:00,2026-04-10 07:55:00,0.09335,0.09361,0.09325,0.0934,5840007,545627.63656
DOGEUSDT,1775775600000,2026-04-09 23:00:00,2026-04-10 08:00:00,0.0934,0.09347,0.0931,0.09316,5586562,520720.88411
DOGEUSDT,1775775900000,2026-04-09 23:05:00,2026-04-10 08:05:00,0.09317,0.09334,0.09317,0.0933,1224941,114237.1494
DOGEUSDT,1775776200000,2026-04-09 23:10:00,2026-04-10 08:10:00,0.0933,0.09333,0.09291,0.09302,3292657,306510.43402
DOGEUSDT,1775776500000,2026-04-09 23:15:00,2026-04-10 08:15:00,0.09303,0.09316,0.09272,0.09302,6455755,599799.62069
DOGEUSDT,1775776800000,2026-04-09 23:20:00,2026-04-10 08:20:00,0.09302,0.09307,0.09287,0.09292,1017022,94576.39174
DOGEUSDT,1775777100000,2026-04-09 23:25:00,2026-04-10 08:25:00,0.09292,0.09295,0.09279,0.09279,5341019,495940.64596
DOGEUSDT,1775777400000,2026-04-09 23:30:00,2026-04-10 08:30:00,0.09278,0.09278,0.09247,0.09259,3470549,321269.88775
DOGEUSDT,1775777700000,2026-04-09 23:35:00,2026-04-10 08:35:00,0.09258,0.09264,0.09243,0.09263,1729441,159995.30784
DOGEUSDT,1775778000000,2026-04-09 23:40:00,2026-04-10 08:40:00,0.09263,0.09265,0.09253,0.09255,1211630,112192.67323
DOGEUSDT,1775778300000,2026-04-09 23:45:00,2026-04-10 08:45:00,0.09254,0.09254,0.09233,0.09245,3287779,303819.40142
DOGEUSDT,1775778600000,2026-04-09 23:50:00,2026-04-10 08:50:00,0.09244,0.09257,0.09244,0.09254,1197901,110823.07347
DOGEUSDT,1775778900000,2026-04-09 23:55:00,2026-04-10 08:55:00,0.09255,0.0926,0.09247,0.0926,1177327,108967.61558
DOGEUSDT,1775779200000,2026-04-10 00:00:00,2026-04-10 09:00:00,0.09259,0.09267,0.0925,0.0925,1510163,139814.66507
DOGEUSDT,1775779500000,2026-04-10 00:05:00,2026-04-10 09:05:00,0.0925,0.09257,0.09233,0.0925,2491698,230331.59437
DOGEUSDT,1775779800000,2026-04-10 00:10:00,2026-04-10 09:10:00,0.09251,0.09258,0.0924,0.09253,1130205,104523.06676
DOGEUSDT,1775780100000,2026-04-10 00:15:00,2026-04-10 09:15:00,0.09253,0.09254,0.09219,0.09221,3018375,278665.73731
DOGEUSDT,1775780400000,2026-04-10 00:20:00,2026-04-10 09:20:00,0.09221,0.09231,0.09215,0.09217,1966727,181394.09622
DOGEUSDT,1775780700000,2026-04-10 00:25:00,2026-04-10 09:25:00,0.09216,0.09235,0.09206,0.09235,1809429,166785.6159
DOGEUSDT,1775781000000,2026-04-10 00:30:00,2026-04-10 09:30:00,0.09235,0.09258,0.09221,0.09242,1037283,95846.19675
DOGEUSDT,1775781300000,2026-04-10 00:35:00,2026-04-10 09:35:00,0.09242,0.0925,0.09221,0.09232,1366930,126226.2301
DOGEUSDT,1775781600000,2026-04-10 00:40:00,2026-04-10 09:40:00,0.09231,0.09241,0.09224,0.09241,2163264,199782.66543
DOGEUSDT,1775781900000,2026-04-10 00:45:00,2026-04-10 09:45:00,0.09242,0.09255,0.0923,0.09241,1145454,105893.63729
DOGEUSDT,1775782200000,2026-04-10 00:50:00,2026-04-10 09:50:00,0.0924,0.09252,0.09235,0.09241,906785,83814.77759
DOGEUSDT,1775782500000,2026-04-10 00:55:00,2026-04-10 09:55:00,0.0924,0.09248,0.09238,0.09246,768776,71049.021
DOGEUSDT,1775782800000,2026-04-10 01:00:00,2026-04-10 10:00:00,0.09245,0.09245,0.09225,0.09233,1472178,135891.89873
DOGEUSDT,1775783100000,2026-04-10 01:05:00,2026-04-10 10:05:00,0.09234,0.09242,0.09223,0.0924,755737,69774.97683
DOGEUSDT,1775783400000,2026-04-10 01:10:00,2026-04-10 10:10:00,0.0924,0.09255,0.09234,0.09246,1215196,112398.25368
DOGEUSDT,1775783700000,2026-04-10 01:15:00,2026-04-10 10:15:00,0.09246,0.0926,0.0924,0.09242,2202137,203610.12906
DOGEUSDT,1775784000000,2026-04-10 01:20:00,2026-04-10 10:20:00,0.09243,0.09248,0.09192,0.09231,4093216,376797.61754
DOGEUSDT,1775784300000,2026-04-10 01:25:00,2026-04-10 10:25:00,0.09231,0.09235,0.09218,0.09226,1157948,106840.46128
DOGEUSDT,1775784600000,2026-04-10 01:30:00,2026-04-10 10:30:00,0.09226,0.09255,0.09219,0.09255,3281719,303193.73739
DOGEUSDT,1775784900000,2026-04-10 01:35:00,2026-04-10 10:35:00,0.09256,0.09284,0.09252,0.09276,3310549,307068.87364
DOGEUSDT,1775785200000,2026-04-10 01:40:00,2026-04-10 10:40:00,0.09275,0.09275,0.09248,0.09249,1961870,181696.05431
DOGEUSDT,1775785500000,2026-04-10 01:45:00,2026-04-10 10:45:00,0.09249,0.09257,0.09244,0.0925,854042,79013.83799
DOGEUSDT,1775785800000,2026-04-10 01:50:00,2026-04-10 10:50:00,0.0925,0.09265,0.09247,0.09249,1244576,115186.50082
DOGEUSDT,1775786100000,2026-04-10 01:55:00,2026-04-10 10:55:00,0.0925,0.09261,0.09233,0.09235,3469608,320608.23334
DOGEUSDT,1775786400000,2026-04-10 02:00:00,2026-04-10 11:00:00,0.09234,0.09246,0.09227,0.09231,1634644,150972.11542
DOGEUSDT,1775786700000,2026-04-10 02:05:00,2026-04-10 11:05:00,0.09232,0.09266,0.09231,0.09265,960043,88820.85718
DOGEUSDT,1775787000000,2026-04-10 02:10:00,2026-04-10 11:10:00,0.09265,0.09272,0.09255,0.09265,1050320,97288.80105
DOGEUSDT,1775787300000,2026-04-10 02:15:00,2026-04-10 11:15:00,0.09265,0.09272,0.09261,0.09267,1026463,95116.68572
DOGEUSDT,1775787600000,2026-04-10 02:20:00,2026-04-10 11:20:00,0.09268,0.09281,0.09264,0.09277,1173954,108863.18465
DOGEUSDT,1775787900000,2026-04-10 02:25:00,2026-04-10 11:25:00,0.09277,0.09279,0.09266,0.09269,966429,89642.31325
DOGEUSDT,1775788200000,2026-04-10 02:30:00,2026-04-10 11:30:00,0.09269,0.09279,0.09264,0.09275,360970,33472.37967
DOGEUSDT,1775788500000,2026-04-10 02:35:00,2026-04-10 11:35:00,0.09275,0.09279,0.09269,0.09276,797297,73946.3665
DOGEUSDT,1775788800000,2026-04-10 02:40:00,2026-04-10 11:40:00,0.09276,0.0928,0.0927,0.09273,463266,42963.23262
DOGEUSDT,1775789100000,2026-04-10 02:45:00,2026-04-10 11:45:00,0.09272,0.09272,0.09255,0.09257,1403795,130073.45416
DOGEUSDT,1775789400000,2026-04-10 02:50:00,2026-04-10 11:50:00,0.09257,0.09261,0.09246,0.09257,1163847,107696.73757
DOGEUSDT,1775789700000,2026-04-10 02:55:00,2026-04-10 11:55:00,0.09256,0.09259,0.09246,0.09253,2333655,215854.58814
DOGEUSDT,1775790000000,2026-04-10 03:00:00,2026-04-10 12:00:00,0.09253,0.09274,0.09249,0.09268,1022427,94700.45502
DOGEUSDT,1775790300000,2026-04-10 03:05:00,2026-04-10 12:05:00,0.09268,0.0927,0.09254,0.09257,690556,63977.4933
DOGEUSDT,1775790600000,2026-04-10 03:10:00,2026-04-10 12:10:00,0.09257,0.09257,0.09247,0.09248,995772,92116.49695
DOGEUSDT,1775790900000,2026-04-10 03:15:00,2026-04-10 12:15:00,0.09247,0.0925,0.09236,0.09242,869476,80363.15452
DOGEUSDT,1775791200000,2026-04-10 03:20:00,2026-04-10 12:20:00,0.09242,0.09242,0.09219,0.09222,1173393,108303.98375
DOGEUSDT,1775791500000,2026-04-10 03:25:00,2026-04-10 12:25:00,0.09221,0.09224,0.09213,0.09214,810688,74717.46764
DOGEUSDT,1775791800000,2026-04-10 03:30:00,2026-04-10 12:30:00,0.09213,0.09227,0.09211,0.0922,1665052,153473.6065
DOGEUSDT,1775792100000,2026-04-10 03:35:00,2026-04-10 12:35:00,0.0922,0.09235,0.09218,0.09228,1580689,145851.56959
DOGEUSDT,1775792400000,2026-04-10 03:40:00,2026-04-10 12:40:00,0.09227,0.09235,0.09227,0.09231,322759,29795.47213
DOGEUSDT,1775792700000,2026-04-10 03:45:00,2026-04-10 12:45:00,0.09232,0.09245,0.09231,0.09233,433884,40080.23033
DOGEUSDT,1775793000000,2026-04-10 03:50:00,2026-04-10 12:50:00,0.09232,0.09238,0.09227,0.09232,407271,37602.65009
DOGEUSDT,1775793300000,2026-04-10 03:55:00,2026-04-10 12:55:00,0.09231,0.09231,0.09217,0.09219,917056,84595.87503
DOGEUSDT,1775793600000,2026-04-10 04:00:00,2026-04-10 13:00:00,0.0922,0.09226,0.09218,0.09226,787452,72626.75766
DOGEUSDT,1775793900000,2026-04-10 04:05:00,2026-04-10 13:05:00,0.09225,0.09231,0.09222,0.0923,857686,79138.2435
DOGEUSDT,1775794200000,2026-04-10 04:10:00,2026-04-10 13:10:00,0.09229,0.09235,0.09227,0.09232,216318,19973.29824
DOGEUSDT,1775794500000,2026-04-10 04:15:00,2026-04-10 13:15:00,0.09232,0.09243,0.09231,0.09242,433000,39997.27527
DOGEUSDT,1775794800000,2026-04-10 04:20:00,2026-04-10 13:20:00,0.09243,0.09259,0.09243,0.09245,788680,72953.01441
DOGEUSDT,1775795100000,2026-04-10 04:25:00,2026-04-10 13:25:00,0.09245,0.09254,0.09244,0.09244,731797,67675.99781
DOGEUSDT,1775795400000,2026-04-10 04:30:00,2026-04-10 13:30:00,0.09244,0.09252,0.09237,0.09252,1643024,151880.27305
DOGEUSDT,1775795700000,2026-04-10 04:35:00,2026-04-10 13:35:00,0.09252,0.09258,0.09247,0.09248,1028948,95196.87187
DOGEUSDT,1775796000000,2026-04-10 04:40:00,2026-04-10 13:40:00,0.09249,0.0925,0.09242,0.09246,512718,47402.47236
DOGEUSDT,1775796300000,2026-04-10 04:45:00,2026-04-10 13:45:00,0.09246,0.09251,0.09244,0.09247,422312,39047.77489
DOGEUSDT,1775796600000,2026-04-10 04:50:00,2026-04-10 13:50:00,0.09248,0.09294,0.09243,0.09277,2911329,269936.34611
DOGEUSDT,1775796900000,2026-04-10 04:55:00,2026-04-10 13:55:00,0.09276,0.09277,0.09266,0.09277,688458,63832.59072
DOGEUSDT,1775797200000,2026-04-10 05:00:00,2026-04-10 14:00:00,0.09278,0.09281,0.09264,0.09277,1940201,179868.85186
DOGEUSDT,1775797500000,2026-04-10 05:05:00,2026-04-10 14:05:00,0.09278,0.09284,0.09259,0.09267,826109,76591.26166
DOGEUSDT,1775797800000,2026-04-10 05:10:00,2026-04-10 14:10:00,0.09268,0.0927,0.09258,0.0927,694144,64311.80104
DOGEUSDT,1775798100000,2026-04-10 05:15:00,2026-04-10 14:15:00,0.0927,0.09277,0.09264,0.09273,3413126,316493.88065
DOGEUSDT,1775798400000,2026-04-10 05:20:00,2026-04-10 14:20:00,0.09273,0.09298,0.09272,0.09297,1393694,129474.95727
DOGEUSDT,1775798700000,2026-04-10 05:25:00,2026-04-10 14:25:00,0.09298,0.09315,0.09298,0.09312,2094965,194953.71349
DOGEUSDT,1775799000000,2026-04-10 05:30:00,2026-04-10 14:30:00,0.09312,0.0932,0.09301,0.09302,2127563,198107.0989
DOGEUSDT,1775799300000,2026-04-10 05:35:00,2026-04-10 14:35:00,0.09301,0.09311,0.09291,0.09311,757285,70424.46874
DOGEUSDT,1775799600000,2026-04-10 05:40:00,2026-04-10 14:40:00,0.09311,0.09311,0.09292,0.09292,1270039,118113.45961
DOGEUSDT,1775799900000,2026-04-10 05:45:00,2026-04-10 14:45:00,0.09291,0.09297,0.0929,0.09293,736989,68498.13365
DOGEUSDT,1775800200000,2026-04-10 05:50:00,2026-04-10 14:50:00,0.09292,0.09296,0.09284,0.09285,1045440,97095.70547
DOGEUSDT,1775800500000,2026-04-10 05:55:00,2026-04-10 14:55:00,0.09284,0.09284,0.09271,0.09275,1525208,141447.07965
DOGEUSDT,1775800800000,2026-04-10 06:00:00,2026-04-10 15:00:00,0.09274,0.093,0.09265,0.09299,2160415,200541.35732
DOGEUSDT,1775801100000,2026-04-10 06:05:00,2026-04-10 15:05:00,0.093,0.09306,0.0928,0.09284,618316,57468.115
DOGEUSDT,1775801400000,2026-04-10 06:10:00,2026-04-10 15:10:00,0.09283,0.09288,0.09274,0.09288,834530,77440.73535
DOGEUSDT,1775801700000,2026-04-10 06:15:00,2026-04-10 15:15:00,0.09288,0.09288,0.09266,0.09271,1213640,112511.06116
DOGEUSDT,1775802000000,2026-04-10 06:20:00,2026-04-10 15:20:00,0.09272,0.09282,0.09268,0.0928,854802,79303.13903
DOGEUSDT,1775802300000,2026-04-10 06:25:00,2026-04-10 15:25:00,0.09279,0.0928,0.09272,0.09275,304849,28277.091
DOGEUSDT,1775802600000,2026-04-10 06:30:00,2026-04-10 15:30:00,0.09275,0.09275,0.09265,0.09266,443165,41080.156
DOGEUSDT,1775802900000,2026-04-10 06:35:00,2026-04-10 15:35:00,0.09266,0.09269,0.09245,0.09266,2096504,194053.12341
DOGEUSDT,1775803200000,2026-04-10 06:40:00,2026-04-10 15:40:00,0.09265,0.09265,0.09247,0.09249,445881,41263.42332
DOGEUSDT,1775803500000,2026-04-10 06:45:00,2026-04-10 15:45:00,0.09248,0.09257,0.09246,0.09247,425797,39396.9513
DOGEUSDT,1775803800000,2026-04-10 06:50:00,2026-04-10 15:50:00,0.09247,0.09254,0.09241,0.09253,704664,65158.12603
DOGEUSDT,1775804100000,2026-04-10 06:55:00,2026-04-10 15:55:00,0.09254,0.09265,0.09251,0.09265,611289,56587.0614
DOGEUSDT,1775804400000,2026-04-10 07:00:00,2026-04-10 16:00:00,0.09265,0.09279,0.09265,0.09272,1626637,150851.78745
DOGEUSDT,1775804700000,2026-04-10 07:05:00,2026-04-10 16:05:00,0.09272,0.09283,0.09268,0.09275,1391005,129012.13531
DOGEUSDT,1775805000000,2026-04-10 07:10:00,2026-04-10 16:10:00,0.09275,0.09275,0.09241,0.09241,4855558,449371.46254
DOGEUSDT,1775805300000,2026-04-10 07:15:00,2026-04-10 16:15:00,0.09241,0.09249,0.09239,0.09244,469533,43405.8394
DOGEUSDT,1775805600000,2026-04-10 07:20:00,2026-04-10 16:20:00,0.09244,0.09244,0.09231,0.09239,823278,76060.34089
DOGEUSDT,1775805900000,2026-04-10 07:25:00,2026-04-10 16:25:00,0.09239,0.09243,0.09232,0.09241,321048,29654.43073
DOGEUSDT,1775806200000,2026-04-10 07:30:00,2026-04-10 16:30:00,0.09241,0.09249,0.09234,0.09242,472690,43685.37589
DOGEUSDT,1775806500000,2026-04-10 07:35:00,2026-04-10 16:35:00,0.09243,0.09246,0.09239,0.09239,423739,39168.26741
DOGEUSDT,1775806800000,2026-04-10 07:40:00,2026-04-10 16:40:00,0.0924,0.09244,0.09234,0.09241,768188,70957.50517
DOGEUSDT,1775807100000,2026-04-10 07:45:00,2026-04-10 16:45:00,0.09242,0.09245,0.0923,0.09233,799062,73810.72668
DOGEUSDT,1775807400000,2026-04-10 07:50:00,2026-04-10 16:50:00,0.09234,0.09237,0.09212,0.09214,8177154,753767.60235
DOGEUSDT,1775807700000,2026-04-10 07:55:00,2026-04-10 16:55:00,0.09214,0.09229,0.09212,0.09229,1176206,108495.26313
DOGEUSDT,1775808000000,2026-04-10 08:00:00,2026-04-10 17:00:00,0.09229,0.09229,0.09205,0.09208,1594868,146964.70429
DOGEUSDT,1775808300000,2026-04-10 08:05:00,2026-04-10 17:05:00,0.09207,0.09218,0.09202,0.09216,1278589,117727.50272
DOGEUSDT,1775808600000,2026-04-10 08:10:00,2026-04-10 17:10:00,0.09216,0.09221,0.09203,0.09208,978780,90165.97855
DOGEUSDT,1775808900000,2026-04-10 08:15:00,2026-04-10 17:15:00,0.09208,0.0922,0.09195,0.09218,3048352,280613.17374
DOGEUSDT,1775809200000,2026-04-10 08:20:00,2026-04-10 17:20:00,0.09217,0.0922,0.09207,0.09219,784712,72292.50629
DOGEUSDT,1775809500000,2026-04-10 08:25:00,2026-04-10 17:25:00,0.09219,0.09226,0.09214,0.09214,493237,45468.51809
DOGEUSDT,1775809800000,2026-04-10 08:30:00,2026-04-10 17:30:00,0.09214,0.09219,0.09212,0.09218,968264,89230.76227
DOGEUSDT,1775810100000,2026-04-10 08:35:00,2026-04-10 17:35:00,0.09217,0.09251,0.09214,0.09247,11359014,1049470.34468
DOGEUSDT,1775810400000,2026-04-10 08:40:00,2026-04-10 17:40:00,0.09246,0.09247,0.0923,0.0923,479709,44329.76438
DOGEUSDT,1775810700000,2026-04-10 08:45:00,2026-04-10 17:45:00,0.0923,0.0923,0.09209,0.09212,904972,83436.22876
DOGEUSDT,1775811000000,2026-04-10 08:50:00,2026-04-10 17:50:00,0.09211,0.09218,0.09204,0.09215,1046817,96411.11431
DOGEUSDT,1775811300000,2026-04-10 08:55:00,2026-04-10 17:55:00,0.09216,0.09217,0.09208,0.09212,1131383,104218.03682
DOGEUSDT,1775811600000,2026-04-10 09:00:00,2026-04-10 18:00:00,0.09211,0.09225,0.09209,0.09225,1271953,117233.3441
DOGEUSDT,1775811900000,2026-04-10 09:05:00,2026-04-10 18:05:00,0.09225,0.09233,0.0922,0.0922,609858,56252.94277
DOGEUSDT,1775812200000,2026-04-10 09:10:00,2026-04-10 18:10:00,0.09219,0.09221,0.09212,0.09221,566872,52247.08949
DOGEUSDT,1775812500000,2026-04-10 09:15:00,2026-04-10 18:15:00,0.0922,0.09253,0.09217,0.09243,2308270,213240.55645
DOGEUSDT,1775812800000,2026-04-10 09:20:00,2026-04-10 18:20:00,0.09243,0.09249,0.09239,0.09242,1419824,131249.65009
DOGEUSDT,1775813100000,2026-04-10 09:25:00,2026-04-10 18:25:00,0.09242,0.09247,0.09237,0.09241,781783,72237.25718
DOGEUSDT,1775813400000,2026-04-10 09:30:00,2026-04-10 18:30:00,0.09242,0.09244,0.09232,0.09242,590966,54611.08736
DOGEUSDT,1775813700000,2026-04-10 09:35:00,2026-04-10 18:35:00,0.09241,0.09242,0.09231,0.09231,1473518,136099.98818
DOGEUSDT,1775814000000,2026-04-10 09:40:00,2026-04-10 18:40:00,0.09231,0.09234,0.09228,0.09234,672599,62086.13198
DOGEUSDT,1775814300000,2026-04-10 09:45:00,2026-04-10 18:45:00,0.09234,0.09235,0.09227,0.09227,958987,88537.6158
DOGEUSDT,1775814600000,2026-04-10 09:50:00,2026-04-10 18:50:00,0.09228,0.09235,0.09222,0.09232,1082485,99902.55519
DOGEUSDT,1775814900000,2026-04-10 09:55:00,2026-04-10 18:55:00,0.09233,0.09241,0.09231,0.09236,429757,39691.38938
DOGEUSDT,1775815200000,2026-04-10 10:00:00,2026-04-10 19:00:00,0.09235,0.09238,0.09228,0.09236,615882,56863.93443
DOGEUSDT,1775815500000,2026-04-10 10:05:00,2026-04-10 19:05:00,0.09235,0.09235,0.0922,0.09227,466240,43025.45471
DOGEUSDT,1775815800000,2026-04-10 10:10:00,2026-04-10 19:10:00,0.09227,0.09233,0.09224,0.09228,292183,26967.31581
DOGEUSDT,1775816100000,2026-04-10 10:15:00,2026-04-10 19:15:00,0.09229,0.09235,0.09226,0.09234,441002,40712.44151
DOGEUSDT,1775816400000,2026-04-10 10:20:00,2026-04-10 19:20:00,0.09233,0.09234,0.09225,0.09226,1040807,96046.89694
DOGEUSDT,1775816700000,2026-04-10 10:25:00,2026-04-10 19:25:00,0.09225,0.09234,0.09223,0.09226,1139473,105138.95316
DOGEUSDT,1775817000000,2026-04-10 10:30:00,2026-04-10 19:30:00,0.09227,0.09228,0.09222,0.09224,740288,68280.92455
DOGEUSDT,1775817300000,2026-04-10 10:35:00,2026-04-10 19:35:00,0.09224,0.09224,0.09213,0.09224,691890,63794.3072
DOGEUSDT,1775817600000,2026-04-10 10:40:00,2026-04-10 19:40:00,0.09223,0.09225,0.09209,0.09214,3212828,296100.44722
DOGEUSDT,1775817900000,2026-04-10 10:45:00,2026-04-10 19:45:00,0.09213,0.09221,0.0921,0.09213,489726,45126.90467
DOGEUSDT,1775818200000,2026-04-10 10:50:00,2026-04-10 19:50:00,0.09213,0.09221,0.09212,0.09219,991140,91350.08464
DOGEUSDT,1775818500000,2026-04-10 10:55:00,2026-04-10 19:55:00,0.09218,0.09226,0.09218,0.09221,250224,23074.01704
DOGEUSDT,1775818800000,2026-04-10 11:00:00,2026-04-10 20:00:00,0.09221,0.09235,0.09216,0.09231,2231103,205824.72129
DOGEUSDT,1775819100000,2026-04-10 11:05:00,2026-04-10 20:05:00,0.09232,0.09252,0.09228,0.0925,832853,76934.03361
DOGEUSDT,1775819400000,2026-04-10 11:10:00,2026-04-10 20:10:00,0.09251,0.09252,0.09243,0.09249,902287,83444.07667
DOGEUSDT,1775819700000,2026-04-10 11:15:00,2026-04-10 20:15:00,0.0925,0.09252,0.0924,0.09245,945859,87471.54476
DOGEUSDT,1775820000000,2026-04-10 11:20:00,2026-04-10 20:20:00,0.09245,0.09251,0.09242,0.09251,1679835,155348.02037
DOGEUSDT,1775820300000,2026-04-10 11:25:00,2026-04-10 20:25:00,0.09252,0.09264,0.09246,0.09262,14018502,1297663.00491
DOGEUSDT,1775820600000,2026-04-10 11:30:00,2026-04-10 20:30:00,0.09262,0.0927,0.09248,0.09259,2219826,205454.18816
DOGEUSDT,1775820900000,2026-04-10 11:35:00,2026-04-10 20:35:00,0.09259,0.09267,0.09257,0.09265,1160899,107511.18629
DOGEUSDT,1775821200000,2026-04-10 11:40:00,2026-04-10 20:40:00,0.09265,0.09266,0.09244,0.0925,2309444,213682.99894
DOGEUSDT,1775821500000,2026-04-10 11:45:00,2026-04-10 20:45:00,0.09251,0.09267,0.09244,0.09259,2104558,194849.48378
DOGEUSDT,1775821800000,2026-04-10 11:50:00,2026-04-10 20:50:00,0.09259,0.0926,0.0925,0.09255,754979,69874.44279
DOGEUSDT,1775822100000,2026-04-10 11:55:00,2026-04-10 20:55:00,0.09255,0.09255,0.09243,0.09248,741543,68571.74731
DOGEUSDT,1775822400000,2026-04-10 12:00:00,2026-04-10 21:00:00,0.09248,0.09262,0.09247,0.09261,709112,65619.204
DOGEUSDT,1775822700000,2026-04-10 12:05:00,2026-04-10 21:05:00,0.09262,0.09265,0.09254,0.09257,1247821,115538.84815
DOGEUSDT,1775823000000,2026-04-10 12:10:00,2026-04-10 21:10:00,0.09256,0.0926,0.09253,0.09255,1661516,153784.39814
DOGEUSDT,1775823300000,2026-04-10 12:15:00,2026-04-10 21:15:00,0.09256,0.09266,0.09246,0.09258,1053136,97484.7646
DOGEUSDT,1775823600000,2026-04-10 12:20:00,2026-04-10 21:20:00,0.09259,0.09273,0.09248,0.09253,1873840,173580.9276
DOGEUSDT,1775823900000,2026-04-10 12:25:00,2026-04-10 21:25:00,0.09252,0.0928,0.09236,0.09275,5518403,510634.35787
DOGEUSDT,1775824200000,2026-04-10 12:30:00,2026-04-10 21:30:00,0.09275,0.09306,0.09254,0.0929,13345600,1239549.65275
DOGEUSDT,1775824500000,2026-04-10 12:35:00,2026-04-10 21:35:00,0.09291,0.09301,0.0928,0.09296,3011119,279874.81012
DOGEUSDT,1775824800000,2026-04-10 12:40:00,2026-04-10 21:40:00,0.09297,0.09314,0.09297,0.09303,5288647,492075.61236
DOGEUSDT,1775825100000,2026-04-10 12:45:00,2026-04-10 21:45:00,0.09303,0.09308,0.09294,0.09308,1230522,114474.12767
DOGEUSDT,1775825400000,2026-04-10 12:50:00,2026-04-10 21:50:00,0.09308,0.09309,0.09275,0.09277,1217235,113089.84106
DOGEUSDT,1775825700000,2026-04-10 12:55:00,2026-04-10 21:55:00,0.09277,0.09289,0.09274,0.09287,1472153,136688.84151
DOGEUSDT,1775826000000,2026-04-10 13:00:00,2026-04-10 22:00:00,0.09286,0.09306,0.09284,0.09305,1375174,127857.24891
DOGEUSDT,1775826300000,2026-04-10 13:05:00,2026-04-10 22:05:00,0.09306,0.09314,0.09298,0.09299,1574714,146562.42265
DOGEUSDT,1775826600000,2026-04-10 13:10:00,2026-04-10 22:10:00,0.093,0.09307,0.09296,0.09299,707752,65839.08185
DOGEUSDT,1775826900000,2026-04-10 13:15:00,2026-04-10 22:15:00,0.09299,0.093,0.0929,0.09297,709564,65955.81451
DOGEUSDT,1775827200000,2026-04-10 13:20:00,2026-04-10 22:20:00,0.09298,0.09312,0.09293,0.09298,1150490,107020.79427
DOGEUSDT,1775827500000,2026-04-10 13:25:00,2026-04-10 22:25:00,0.09299,0.093,0.09291,0.09291,902039,83852.68133
DOGEUSDT,1775827800000,2026-04-10 13:30:00,2026-04-10 22:30:00,0.09292,0.09298,0.09256,0.09261,4616984,428263.42833
DOGEUSDT,1775828100000,2026-04-10 13:35:00,2026-04-10 22:35:00,0.09261,0.09262,0.0923,0.09248,3238595,299449.206
DOGEUSDT,1775828400000,2026-04-10 13:40:00,2026-04-10 22:40:00,0.09247,0.09261,0.09244,0.09261,700210,64778.53826
DOGEUSDT,1775828700000,2026-04-10 13:45:00,2026-04-10 22:45:00,0.09262,0.09295,0.09262,0.0929,2011439,186670.76309
DOGEUSDT,1775829000000,2026-04-10 13:50:00,2026-04-10 22:50:00,0.09289,0.09295,0.09273,0.09292,6999723,649992.57681
DOGEUSDT,1775829300000,2026-04-10 13:55:00,2026-04-10 22:55:00,0.09292,0.09299,0.09289,0.09292,1135962,105557.87831
DOGEUSDT,1775829600000,2026-04-10 14:00:00,2026-04-10 23:00:00,0.09291,0.09302,0.09285,0.09296,1503726,139739.60255
DOGEUSDT,1775829900000,2026-04-10 14:05:00,2026-04-10 23:05:00,0.09296,0.0931,0.09282,0.09284,6317208,587105.73732
DOGEUSDT,1775830200000,2026-04-10 14:10:00,2026-04-10 23:10:00,0.09284,0.09331,0.09282,0.09321,4442645,413804.05619
DOGEUSDT,1775830500000,2026-04-10 14:15:00,2026-04-10 23:15:00,0.09322,0.09359,0.09321,0.09354,9466791,884319.82636
DOGEUSDT,1775830800000,2026-04-10 14:20:00,2026-04-10 23:20:00,0.09354,0.0941,0.09352,0.0941,10448939,979846.21087
DOGEUSDT,1775831100000,2026-04-10 14:25:00,2026-04-10 23:25:00,0.09409,0.09414,0.09377,0.09385,10692758,1003414.1873
DOGEUSDT,1775831400000,2026-04-10 14:30:00,2026-04-10 23:30:00,0.09384,0.09414,0.09384,0.09412,12905867,1213370.83329
DOGEUSDT,1775831700000,2026-04-10 14:35:00,2026-04-10 23:35:00,0.09412,0.0942,0.0939,0.09415,10901849,1025848.33354
DOGEUSDT,1775832000000,2026-04-10 14:40:00,2026-04-10 23:40:00,0.09415,0.09422,0.09366,0.09389,8253785,774860.16085
DOGEUSDT,1775832300000,2026-04-10 14:45:00,2026-04-10 23:45:00,0.0939,0.09399,0.09372,0.09375,3415669,320502.04829
DOGEUSDT,1775832600000,2026-04-10 14:50:00,2026-04-10 23:50:00,0.09375,0.094,0.09375,0.09389,1630071,153027.78448
DOGEUSDT,1775832900000,2026-04-10 14:55:00,2026-04-10 23:55:00,0.0939,0.09407,0.09373,0.09399,5244006,492537.16283
DOGEUSDT,1775833200000,2026-04-10 15:00:00,2026-04-11 00:00:00,0.09399,0.09439,0.09399,0.09411,12468281,1174378.71955
DOGEUSDT,1775833500000,2026-04-10 15:05:00,2026-04-11 00:05:00,0.09411,0.09453,0.09399,0.09442,17780664,1678309.82761
DOGEUSDT,1775833800000,2026-04-10 15:10:00,2026-04-11 00:10:00,0.09443,0.0946,0.09421,0.09421,5292384,499976.7064
DOGEUSDT,1775834100000,2026-04-10 15:15:00,2026-04-11 00:15:00,0.09421,0.09427,0.09388,0.09412,8113842,763074.49618
DOGEUSDT,1775834400000,2026-04-10 15:20:00,2026-04-11 00:20:00,0.09412,0.09438,0.09404,0.09432,2607319,245611.45868
DOGEUSDT,1775834700000,2026-04-10 15:25:00,2026-04-11 00:25:00,0.09432,0.09433,0.09379,0.09381,3342079,313942.37781
DOGEUSDT,1775835000000,2026-04-10 15:30:00,2026-04-11 00:30:00,0.09381,0.09392,0.0936,0.0937,6583969,617286.52875
DOGEUSDT,1775835300000,2026-04-10 15:35:00,2026-04-11 00:35:00,0.0937,0.09371,0.0936,0.09367,2137929,200219.29515
DOGEUSDT,1775835600000,2026-04-10 15:40:00,2026-04-11 00:40:00,0.09368,0.09368,0.09333,0.09356,4207047,393273.82542
DOGEUSDT,1775835900000,2026-04-10 15:45:00,2026-04-11 00:45:00,0.09356,0.0936,0.0933,0.09338,1608128,150220.97846
DOGEUSDT,1775836200000,2026-04-10 15:50:00,2026-04-11 00:50:00,0.09339,0.09349,0.09331,0.09332,1474225,137681.46082
DOGEUSDT,1775836500000,2026-04-10 15:55:00,2026-04-11 00:55:00,0.09333,0.09337,0.09307,0.09333,3319364,309497.94736
DOGEUSDT,1775836800000,2026-04-10 16:00:00,2026-04-11 01:00:00,0.09334,0.09365,0.09334,0.0935,2469338,230880.90133
DOGEUSDT,1775837100000,2026-04-10 16:05:00,2026-04-11 01:05:00,0.09349,0.09363,0.09347,0.09355,1043402,97622.39656
DOGEUSDT,1775837400000,2026-04-10 16:10:00,2026-04-11 01:10:00,0.09354,0.09394,0.09354,0.09384,3763790,352887.62162
DOGEUSDT,1775837700000,2026-04-10 16:15:00,2026-04-11 01:15:00,0.09383,0.09408,0.09381,0.09401,2328010,218771.5888
DOGEUSDT,1775838000000,2026-04-10 16:20:00,2026-04-11 01:20:00,0.09402,0.09405,0.09366,0.09386,1974782,185356.12775
DOGEUSDT,1775838300000,2026-04-10 16:25:00,2026-04-11 01:25:00,0.09385,0.09392,0.09374,0.0938,1031322,96746.16258
DOGEUSDT,1775838600000,2026-04-10 16:30:00,2026-04-11 01:30:00,0.0938,0.09384,0.0936,0.09381,1158795,108603.44052
DOGEUSDT,1775838900000,2026-04-10 16:35:00,2026-04-11 01:35:00,0.09381,0.09385,0.09373,0.09376,1173452,110080.00987
DOGEUSDT,1775839200000,2026-04-10 16:40:00,2026-04-11 01:40:00,0.09377,0.09377,0.09358,0.09362,824867,77238.93738
DOGEUSDT,1775839500000,2026-04-10 16:45:00,2026-04-11 01:45:00,0.09361,0.09374,0.09359,0.09371,1310818,122799.48909
DOGEUSDT,1775839800000,2026-04-10 16:50:00,2026-04-11 01:50:00,0.09372,0.09395,0.09372,0.09384,1467843,137735.63285
DOGEUSDT,1775840100000,2026-04-10 16:55:00,2026-04-11 01:55:00,0.09384,0.094,0.09382,0.09391,1461409,137281.06944
DOGEUSDT,1775840400000,2026-04-10 17:00:00,2026-04-11 02:00:00,0.09392,0.09395,0.09383,0.09392,924354,86794.25426
DOGEUSDT,1775840700000,2026-04-10 17:05:00,2026-04-11 02:05:00,0.09393,0.09395,0.09385,0.09394,630294,59187.89915
DOGEUSDT,1775841000000,2026-04-10 17:10:00,2026-04-11 02:10:00,0.09394,0.09394,0.09378,0.09383,863778,81044.50115
DOGEUSDT,1775841300000,2026-04-10 17:15:00,2026-04-11 02:15:00,0.09383,0.09394,0.09379,0.09384,692731,65028.69913
DOGEUSDT,1775841600000,2026-04-10 17:20:00,2026-04-11 02:20:00,0.09385,0.09385,0.09372,0.09376,764001,71671.09107
DOGEUSDT,1775841900000,2026-04-10 17:25:00,2026-04-11 02:25:00,0.09377,0.09381,0.09371,0.09371,915890,85864.10675
DOGEUSDT,1775842200000,2026-04-10 17:30:00,2026-04-11 02:30:00,0.09371,0.09374,0.09363,0.09364,1746020,163574.23988
DOGEUSDT,1775842500000,2026-04-10 17:35:00,2026-04-11 02:35:00,0.09364,0.09365,0.09342,0.09353,1010675,94521.17267
DOGEUSDT,1775842800000,2026-04-10 17:40:00,2026-04-11 02:40:00,0.09353,0.09368,0.09344,0.09365,551459,51597.92353
DOGEUSDT,1775843100000,2026-04-10 17:45:00,2026-04-11 02:45:00,0.09366,0.09368,0.09361,0.09363,312245,29240.70043
DOGEUSDT,1775843400000,2026-04-10 17:50:00,2026-04-11 02:50:00,0.09363,0.09379,0.09362,0.0937,1348500,126368.96094
DOGEUSDT,1775843700000,2026-04-10 17:55:00,2026-04-11 02:55:00,0.0937,0.09376,0.09366,0.09369,445676,41760.26259
DOGEUSDT,1775844000000,2026-04-10 18:00:00,2026-04-11 03:00:00,0.0937,0.09376,0.09361,0.09364,1324652,124118.27059
DOGEUSDT,1775844300000,2026-04-10 18:05:00,2026-04-11 03:05:00,0.09364,0.09372,0.09358,0.09366,619720,58032.43697
DOGEUSDT,1775844600000,2026-04-10 18:10:00,2026-04-11 03:10:00,0.09367,0.09386,0.09365,0.09385,678966,63660.13248
DOGEUSDT,1775844900000,2026-04-10 18:15:00,2026-04-11 03:15:00,0.09385,0.09403,0.0938,0.09395,7651553,718658.69773
DOGEUSDT,1775845200000,2026-04-10 18:20:00,2026-04-11 03:20:00,0.09396,0.09405,0.09391,0.09391,1176679,110592.47237
DOGEUSDT,1775845500000,2026-04-10 18:25:00,2026-04-11 03:25:00,0.0939,0.09396,0.09376,0.09393,1863845,174869.49476
DOGEUSDT,1775845800000,2026-04-10 18:30:00,2026-04-11 03:30:00,0.09394,0.09399,0.09387,0.09387,1774915,166773.6915
DOGEUSDT,1775846100000,2026-04-10 18:35:00,2026-04-11 03:35:00,0.09387,0.09399,0.09384,0.09393,836362,78565.35636
DOGEUSDT,1775846400000,2026-04-10 18:40:00,2026-04-11 03:40:00,0.09393,0.09394,0.09383,0.09388,580634,54506.73589
DOGEUSDT,1775846700000,2026-04-10 18:45:00,2026-04-11 03:45:00,0.09388,0.09402,0.09387,0.094,759546,71370.37899
DOGEUSDT,1775847000000,2026-04-10 18:50:00,2026-04-11 03:50:00,0.09401,0.09416,0.09397,0.09416,8264266,777517.24039
DOGEUSDT,1775847300000,2026-04-10 18:55:00,2026-04-11 03:55:00,0.09415,0.09424,0.09409,0.09413,2678731,252206.42466
DOGEUSDT,1775847600000,2026-04-10 19:00:00,2026-04-11 04:00:00,0.09413,0.09433,0.09412,0.09429,2580813,243315.49455
DOGEUSDT,1775847900000,2026-04-10 19:05:00,2026-04-11 04:05:00,0.09429,0.09512,0.09428,0.09476,40164374,3807481.0322
DOGEUSDT,1775848200000,2026-04-10 19:10:00,2026-04-11 04:10:00,0.09476,0.0952,0.09475,0.0952,15308290,1455224.23917
DOGEUSDT,1775848500000,2026-04-10 19:15:00,2026-04-11 04:15:00,0.0952,0.09529,0.09503,0.09509,10702983,1018722.87421
DOGEUSDT,1775848800000,2026-04-10 19:20:00,2026-04-11 04:20:00,0.09508,0.0951,0.0949,0.09504,3562833,338447.54378
DOGEUSDT,1775849100000,2026-04-10 19:25:00,2026-04-11 04:25:00,0.09504,0.09509,0.09495,0.09496,3666331,348458.12178
DOGEUSDT,1775849400000,2026-04-10 19:30:00,2026-04-11 04:30:00,0.09495,0.09508,0.09489,0.09505,7585389,720659.3115
DOGEUSDT,1775849700000,2026-04-10 19:35:00,2026-04-11 04:35:00,0.09505,0.09505,0.09479,0.0949,4265906,404928.20761
DOGEUSDT,1775850000000,2026-04-10 19:40:00,2026-04-11 04:40:00,0.0949,0.09504,0.09483,0.09497,7052387,669533.07813
DOGEUSDT,1775850300000,2026-04-10 19:45:00,2026-04-11 04:45:00,0.09497,0.09501,0.09464,0.09471,3834296,363478.89022
DOGEUSDT,1775850600000,2026-04-10 19:50:00,2026-04-11 04:50:00,0.09472,0.09483,0.09465,0.09482,3018983,286054.86732
DOGEUSDT,1775850900000,2026-04-10 19:55:00,2026-04-11 04:55:00,0.09483,0.0951,0.0948,0.09503,3442427,326866.7924
DOGEUSDT,1775851200000,2026-04-10 20:00:00,2026-04-11 05:00:00,0.09504,0.0952,0.09497,0.09502,4712223,448102.87985
DOGEUSDT,1775851500000,2026-04-10 20:05:00,2026-04-11 05:05:00,0.09502,0.09503,0.09482,0.09501,2908671,276180.30444
DOGEUSDT,1775851800000,2026-04-10 20:10:00,2026-04-11 05:10:00,0.09501,0.09502,0.09483,0.09494,11483544,1089731.57239
DOGEUSDT,1775852100000,2026-04-10 20:15:00,2026-04-11 05:15:00,0.09493,0.09502,0.09486,0.09499,3146049,298630.23908
DOGEUSDT,1775852400000,2026-04-10 20:20:00,2026-04-11 05:20:00,0.09498,0.09498,0.09469,0.09471,4484093,425204.61449
DOGEUSDT,1775852700000,2026-04-10 20:25:00,2026-04-11 05:25:00,0.09472,0.09481,0.09466,0.09467,1639439,155296.97497
DOGEUSDT,1775853000000,2026-04-10 20:30:00,2026-04-11 05:30:00,0.09468,0.09481,0.09456,0.09463,4414697,418105.72122
DOGEUSDT,1775853300000,2026-04-10 20:35:00,2026-04-11 05:35:00,0.09464,0.09469,0.09423,0.0943,8196611,773762.394
DOGEUSDT,1775853600000,2026-04-10 20:40:00,2026-04-11 05:40:00,0.0943,0.09432,0.0942,0.0943,7039651,663549.05829
DOGEUSDT,1775853900000,2026-04-10 20:45:00,2026-04-11 05:45:00,0.0943,0.09444,0.09419,0.0944,2828868,266783.48412
DOGEUSDT,1775854200000,2026-04-10 20:50:00,2026-04-11 05:50:00,0.0944,0.09454,0.0944,0.09441,1627431,153736.8471
DOGEUSDT,1775854500000,2026-04-10 20:55:00,2026-04-11 05:55:00,0.09442,0.09471,0.09442,0.09457,3300481,312231.80802
DOGEUSDT,1775854800000,2026-04-10 21:00:00,2026-04-11 06:00:00,0.09458,0.09465,0.09453,0.0946,2117467,200317.83028
DOGEUSDT,1775855100000,2026-04-10 21:05:00,2026-04-11 06:05:00,0.0946,0.0946,0.09423,0.09431,2576736,243168.90458
DOGEUSDT,1775855400000,2026-04-10 21:10:00,2026-04-11 06:10:00,0.09431,0.09432,0.09404,0.09423,2400594,226092.10878
DOGEUSDT,1775855700000,2026-04-10 21:15:00,2026-04-11 06:15:00,0.09422,0.09423,0.09405,0.0942,2700824,254213.22814
DOGEUSDT,1775856000000,2026-04-10 21:20:00,2026-04-11 06:20:00,0.09419,0.09421,0.0941,0.09415,1104963,104046.14793
DOGEUSDT,1775856300000,2026-04-10 21:25:00,2026-04-11 06:25:00,0.09415,0.09429,0.09411,0.09425,568195,53522.01054
DOGEUSDT,1775856600000,2026-04-10 21:30:00,2026-04-11 06:30:00,0.09425,0.09426,0.09416,0.09416,477132,44952.59861
DOGEUSDT,1775856900000,2026-04-10 21:35:00,2026-04-11 06:35:00,0.09417,0.09432,0.09417,0.09423,1121333,105708.46562
DOGEUSDT,1775857200000,2026-04-10 21:40:00,2026-04-11 06:40:00,0.09424,0.09425,0.09404,0.09414,3299203,310605.86222
DOGEUSDT,1775857500000,2026-04-10 21:45:00,2026-04-11 06:45:00,0.09413,0.09416,0.09402,0.09413,639264,60159.19989
DOGEUSDT,1775857800000,2026-04-10 21:50:00,2026-04-11 06:50:00,0.09412,0.09428,0.09411,0.09425,554363,52225.43279
DOGEUSDT,1775858100000,2026-04-10 21:55:00,2026-04-11 06:55:00,0.09425,0.09435,0.09425,0.09431,345997,32628.31081
DOGEUSDT,1775858400000,2026-04-10 22:00:00,2026-04-11 07:00:00,0.09432,0.09436,0.09419,0.09428,4027349,379485.28888
DOGEUSDT,1775858700000,2026-04-10 22:05:00,2026-04-11 07:05:00,0.09427,0.09432,0.0941,0.09415,1311688,123572.30535
DOGEUSDT,1775859000000,2026-04-10 22:10:00,2026-04-11 07:10:00,0.09416,0.09422,0.09412,0.09412,1284355,120938.40905
DOGEUSDT,1775859300000,2026-04-10 22:15:00,2026-04-11 07:15:00,0.09413,0.09419,0.09407,0.09415,4178013,393282.42833
DOGEUSDT,1775859600000,2026-04-10 22:20:00,2026-04-11 07:20:00,0.09415,0.09416,0.09407,0.09408,2233954,210225.31702
DOGEUSDT,1775859900000,2026-04-10 22:25:00,2026-04-11 07:25:00,0.09407,0.09414,0.09405,0.09406,815596,76728.07523
DOGEUSDT,1775860200000,2026-04-10 22:30:00,2026-04-11 07:30:00,0.09406,0.09407,0.09395,0.09396,4004350,376484.81791
DOGEUSDT,1775860500000,2026-04-10 22:35:00,2026-04-11 07:35:00,0.09396,0.09402,0.09372,0.09378,3364413,315760.75675
DOGEUSDT,1775860800000,2026-04-10 22:40:00,2026-04-11 07:40:00,0.09379,0.09386,0.0937,0.09385,2118378,198659.98751
DOGEUSDT,1775861100000,2026-04-10 22:45:00,2026-04-11 07:45:00,0.09384,0.09388,0.09381,0.09382,455000,42704.63022
DOGEUSDT,1775861400000,2026-04-10 22:50:00,2026-04-11 07:50:00,0.09381,0.09389,0.09381,0.09389,422209,39621.85159
DOGEUSDT,1775861700000,2026-04-10 22:55:00,2026-04-11 07:55:00,0.09389,0.09393,0.09386,0.09389,511810,48054.8958
DOGEUSDT,1775862000000,2026-04-10 23:00:00,2026-04-11 08:00:00,0.0939,0.09392,0.09376,0.09378,1851556,173800.70431
DOGEUSDT,1775862300000,2026-04-10 23:05:00,2026-04-11 08:05:00,0.09377,0.09381,0.09369,0.09371,1646574,154375.57307
DOGEUSDT,1775862600000,2026-04-10 23:10:00,2026-04-11 08:10:00,0.09371,0.09375,0.09361,0.09369,1159170,108597.70139
DOGEUSDT,1775862900000,2026-04-10 23:15:00,2026-04-11 08:15:00,0.09369,0.09373,0.09361,0.09361,973325,91157.43894
DOGEUSDT,1775863200000,2026-04-10 23:20:00,2026-04-11 08:20:00,0.09362,0.09379,0.09362,0.09367,910026,85274.19326
DOGEUSDT,1775863500000,2026-04-10 23:25:00,2026-04-11 08:25:00,0.09367,0.09371,0.09366,0.09369,255872,23974.09434
DOGEUSDT,1775863800000,2026-04-10 23:30:00,2026-04-11 08:30:00,0.09369,0.09369,0.09356,0.09361,1423312,133231.83373
DOGEUSDT,1775864100000,2026-04-10 23:35:00,2026-04-11 08:35:00,0.09361,0.09363,0.09355,0.09359,1605666,150264.60451
DOGEUSDT,1775864400000,2026-04-10 23:40:00,2026-04-11 08:40:00,0.09358,0.09363,0.09356,0.09362,1660593,155453.4822
DOGEUSDT,1775864700000,2026-04-10 23:45:00,2026-04-11 08:45:00,0.09362,0.09366,0.09356,0.09365,915493,85697.98141
DOGEUSDT,1775865000000,2026-04-10 23:50:00,2026-04-11 08:50:00,0.09366,0.09373,0.09366,0.09368,3296725,308862.34854
DOGEUSDT,1775865300000,2026-04-10 23:55:00,2026-04-11 08:55:00,0.09369,0.09373,0.09365,0.09368,544826,51047.06007
DOGEUSDT,1775865600000,2026-04-11 00:00:00,2026-04-11 09:00:00,0.09369,0.0938,0.09362,0.09363,1043233,97744.18101
DOGEUSDT,1775865900000,2026-04-11 00:05:00,2026-04-11 09:05:00,0.09362,0.09371,0.09358,0.09368,344858,32290.77398
DOGEUSDT,1775866200000,2026-04-11 00:10:00,2026-04-11 09:10:00,0.09368,0.09372,0.09366,0.09371,280382,26270.74198
DOGEUSDT,1775866500000,2026-04-11 00:15:00,2026-04-11 09:15:00,0.09372,0.09374,0.09367,0.09373,900723,84405.61288
DOGEUSDT,1775866800000,2026-04-11 00:20:00,2026-04-11 09:20:00,0.09372,0.09378,0.09361,0.09369,3040295,284868.1845
DOGEUSDT,1775867100000,2026-04-11 00:25:00,2026-04-11 09:25:00,0.09369,0.09372,0.09367,0.09369,403675,37821.03493
DOGEUSDT,1775867400000,2026-04-11 00:30:00,2026-04-11 09:30:00,0.09369,0.0937,0.09348,0.0936,895252,83740.91554
DOGEUSDT,1775867700000,2026-04-11 00:35:00,2026-04-11 09:35:00,0.0936,0.09363,0.09359,0.09359,416787,39013.30963
DOGEUSDT,1775868000000,2026-04-11 00:40:00,2026-04-11 09:40:00,0.0936,0.09362,0.0934,0.09347,1541843,144136.69214
DOGEUSDT,1775868300000,2026-04-11 00:45:00,2026-04-11 09:45:00,0.09348,0.09351,0.09342,0.0935,249004,23270.28309
DOGEUSDT,1775868600000,2026-04-11 00:50:00,2026-04-11 09:50:00,0.09351,0.0936,0.09348,0.09358,3753581,351049.14437
DOGEUSDT,1775868900000,2026-04-11 00:55:00,2026-04-11 09:55:00,0.09358,0.09362,0.09357,0.09357,260967,24424.03217
DOGEUSDT,1775869200000,2026-04-11 01:00:00,2026-04-11 10:00:00,0.09357,0.09357,0.09341,0.09344,1070541,100060.15779
DOGEUSDT,1775869500000,2026-04-11 01:05:00,2026-04-11 10:05:00,0.09344,0.09373,0.09344,0.09365,1380291,129240.36074
DOGEUSDT,1775869800000,2026-04-11 01:10:00,2026-04-11 10:10:00,0.09366,0.09366,0.09346,0.09346,512636,47959.56924
DOGEUSDT,1775870100000,2026-04-11 01:15:00,2026-04-11 10:15:00,0.09347,0.09348,0.09325,0.09333,1364034,127298.3988
DOGEUSDT,1775870400000,2026-04-11 01:20:00,2026-04-11 10:20:00,0.09333,0.09334,0.09326,0.09332,2649047,247202.34226
DOGEUSDT,1775870700000,2026-04-11 01:25:00,2026-04-11 10:25:00,0.09331,0.0935,0.0933,0.09349,1060622,99061.88358
DOGEUSDT,1775871000000,2026-04-11 01:30:00,2026-04-11 10:30:00,0.09348,0.09363,0.0934,0.09355,4280381,400261.8517
DOGEUSDT,1775871300000,2026-04-11 01:35:00,2026-04-11 10:35:00,0.09355,0.09356,0.09345,0.09349,865455,80931.87087
DOGEUSDT,1775871600000,2026-04-11 01:40:00,2026-04-11 10:40:00,0.09348,0.09352,0.09339,0.09341,564136,52729.10815
DOGEUSDT,1775871900000,2026-04-11 01:45:00,2026-04-11 10:45:00,0.09341,0.09356,0.09341,0.09351,1495862,139855.12546
DOGEUSDT,1775872200000,2026-04-11 01:50:00,2026-04-11 10:50:00,0.09352,0.09363,0.09352,0.09361,1258398,117751.22195
DOGEUSDT,1775872500000,2026-04-11 01:55:00,2026-04-11 10:55:00,0.09362,0.09367,0.09354,0.09359,675045,63188.04156
DOGEUSDT,1775872800000,2026-04-11 02:00:00,2026-04-11 11:00:00,0.09359,0.09359,0.09347,0.09357,884484,82710.69611
DOGEUSDT,1775873100000,2026-04-11 02:05:00,2026-04-11 11:05:00,0.09357,0.09366,0.09351,0.09357,764911,71575.63554
DOGEUSDT,1775873400000,2026-04-11 02:10:00,2026-04-11 11:10:00,0.09358,0.09368,0.09356,0.09367,1451605,135900.89428
DOGEUSDT,1775873700000,2026-04-11 02:15:00,2026-04-11 11:15:00,0.09368,0.09381,0.09365,0.0938,818086,76668.182
DOGEUSDT,1775874000000,2026-04-11 02:20:00,2026-04-11 11:20:00,0.09379,0.09383,0.09368,0.09368,1071470,100476.86317
DOGEUSDT,1775874300000,2026-04-11 02:25:00,2026-04-11 11:25:00,0.09367,0.09386,0.09367,0.09386,1171559,109896.98173
DOGEUSDT,1775874600000,2026-04-11 02:30:00,2026-04-11 11:30:00,0.09386,0.09401,0.09385,0.09387,3020909,283728.45575
DOGEUSDT,1775874900000,2026-04-11 02:35:00,2026-04-11 11:35:00,0.09388,0.0939,0.09375,0.09379,3460269,324581.45797
DOGEUSDT,1775875200000,2026-04-11 02:40:00,2026-04-11 11:40:00,0.09378,0.09381,0.0937,0.09371,814478,76358.07156
DOGEUSDT,1775875500000,2026-04-11 02:45:00,2026-04-11 11:45:00,0.0937,0.0937,0.09361,0.09362,1595490,149421.90736
DOGEUSDT,1775875800000,2026-04-11 02:50:00,2026-04-11 11:50:00,0.09362,0.09369,0.09359,0.09364,719562,67382.43389
DOGEUSDT,1775876100000,2026-04-11 02:55:00,2026-04-11 11:55:00,0.09365,0.09369,0.09364,0.09366,238309,22321.54871
DOGEUSDT,1775876400000,2026-04-11 03:00:00,2026-04-11 12:00:00,0.09366,0.0937,0.09364,0.0937,372078,34850.63975
DOGEUSDT,1775876700000,2026-04-11 03:05:00,2026-04-11 12:05:00,0.0937,0.09377,0.09366,0.09377,1865554,174787.75639
DOGEUSDT,1775877000000,2026-04-11 03:10:00,2026-04-11 12:10:00,0.09376,0.09392,0.09376,0.09389,462003,43369.69026
DOGEUSDT,1775877300000,2026-04-11 03:15:00,2026-04-11 12:15:00,0.09388,0.09392,0.09382,0.09389,881810,82773.57998
DOGEUSDT,1775877600000,2026-04-11 03:20:00,2026-04-11 12:20:00,0.09388,0.09392,0.09388,0.0939,1474360,138455.12304
DOGEUSDT,1775877900000,2026-04-11 03:25:00,2026-04-11 12:25:00,0.0939,0.09403,0.0939,0.09393,2002729,188231.8888
DOGEUSDT,1775878200000,2026-04-11 03:30:00,2026-04-11 12:30:00,0.09393,0.094,0.09378,0.09379,1861695,174899.55761
DOGEUSDT,1775878500000,2026-04-11 03:35:00,2026-04-11 12:35:00,0.09378,0.09391,0.09377,0.09389,607271,56989.96867
DOGEUSDT,1775878800000,2026-04-11 03:40:00,2026-04-11 12:40:00,0.09388,0.0941,0.09387,0.094,1369487,128755.74785
DOGEUSDT,1775879100000,2026-04-11 03:45:00,2026-04-11 12:45:00,0.094,0.094,0.09387,0.09397,817651,76806.09461
DOGEUSDT,1775879400000,2026-04-11 03:50:00,2026-04-11 12:50:00,0.09396,0.09396,0.09382,0.09385,778313,73056.55861
DOGEUSDT,1775879700000,2026-04-11 03:55:00,2026-04-11 12:55:00,0.09384,0.09388,0.09362,0.09366,1799554,168683.43122
DOGEUSDT,1775880000000,2026-04-11 04:00:00,2026-04-11 13:00:00,0.09367,0.09367,0.09353,0.09366,2105743,197084.59861
DOGEUSDT,1775880300000,2026-04-11 04:05:00,2026-04-11 13:05:00,0.09366,0.09386,0.09366,0.09377,518742,48641.49892
DOGEUSDT,1775880600000,2026-04-11 04:10:00,2026-04-11 13:10:00,0.09376,0.09377,0.09361,0.09365,1000256,93722.78929
DOGEUSDT,1775880900000,2026-04-11 04:15:00,2026-04-11 13:15:00,0.09364,0.09366,0.0935,0.09354,1958523,183216.45829
DOGEUSDT,1775881200000,2026-04-11 04:20:00,2026-04-11 13:20:00,0.09353,0.09355,0.09345,0.09346,939983,87895.84999
DOGEUSDT,1775881500000,2026-04-11 04:25:00,2026-04-11 13:25:00,0.09346,0.09352,0.09339,0.09348,635630,59406.24399
DOGEUSDT,1775881800000,2026-04-11 04:30:00,2026-04-11 13:30:00,0.09348,0.09361,0.09348,0.09357,417634,39068.78115
DOGEUSDT,1775882100000,2026-04-11 04:35:00,2026-04-11 13:35:00,0.09356,0.09363,0.0935,0.09362,1057939,98987.15357
DOGEUSDT,1775882400000,2026-04-11 04:40:00,2026-04-11 13:40:00,0.09362,0.09362,0.09352,0.09359,286714,26829.23734
DOGEUSDT,1775882700000,2026-04-11 04:45:00,2026-04-11 13:45:00,0.09359,0.09359,0.0935,0.09351,649250,60745.4146
DOGEUSDT,1775883000000,2026-04-11 04:50:00,2026-04-11 13:50:00,0.09351,0.09356,0.0935,0.09355,781353,73079.87744
DOGEUSDT,1775883300000,2026-04-11 04:55:00,2026-04-11 13:55:00,0.09356,0.09363,0.09355,0.09358,242502,22694.60632
DOGEUSDT,1775883600000,2026-04-11 05:00:00,2026-04-11 14:00:00,0.09359,0.09359,0.09341,0.09342,942670,88124.61137
DOGEUSDT,1775883900000,2026-04-11 05:05:00,2026-04-11 14:05:00,0.09341,0.09347,0.09338,0.0934,1569731,146618.89029
DOGEUSDT,1775884200000,2026-04-11 05:10:00,2026-04-11 14:10:00,0.0934,0.09343,0.0932,0.09321,1578064,147258.88312
DOGEUSDT,1775884500000,2026-04-11 05:15:00,2026-04-11 14:15:00,0.09322,0.09322,0.09289,0.09313,9394355,874159.36163
DOGEUSDT,1775884800000,2026-04-11 05:20:00,2026-04-11 14:20:00,0.09314,0.09329,0.09313,0.09318,1093980,101975.80338
DOGEUSDT,1775885100000,2026-04-11 05:25:00,2026-04-11 14:25:00,0.09318,0.09335,0.09317,0.09334,895323,83514.21693
DOGEUSDT,1775885400000,2026-04-11 05:30:00,2026-04-11 14:30:00,0.09335,0.09347,0.09334,0.09339,449832,42023.31187
DOGEUSDT,1775885700000,2026-04-11 05:35:00,2026-04-11 14:35:00,0.09338,0.09342,0.09333,0.09335,420691,39278.49296
DOGEUSDT,1775886000000,2026-04-11 05:40:00,2026-04-11 14:40:00,0.09336,0.09347,0.09333,0.09339,751716,70204.189
DOGEUSDT,1775886300000,2026-04-11 05:45:00,2026-04-11 14:45:00,0.0934,0.09343,0.09335,0.09337,428703,40038.80655
DOGEUSDT,1775886600000,2026-04-11 05:50:00,2026-04-11 14:50:00,0.09337,0.09337,0.09308,0.09315,1862063,173487.90917
DOGEUSDT,1775886900000,2026-04-11 05:55:00,2026-04-11 14:55:00,0.09315,0.09315,0.09283,0.09294,3446795,320409.60907
DOGEUSDT,1775887200000,2026-04-11 06:00:00,2026-04-11 15:00:00,0.09294,0.09294,0.09273,0.09285,3636429,337434.61723
DOGEUSDT,1775887500000,2026-04-11 06:05:00,2026-04-11 15:05:00,0.09284,0.09287,0.09269,0.09274,2175124,201774.72437
DOGEUSDT,1775887800000,2026-04-11 06:10:00,2026-04-11 15:10:00,0.09274,0.09286,0.09269,0.09277,1168081,108374.44175
DOGEUSDT,1775888100000,2026-04-11 06:15:00,2026-04-11 15:15:00,0.09277,0.09284,0.09276,0.09284,564345,52364.80972
DOGEUSDT,1775888400000,2026-04-11 06:20:00,2026-04-11 15:20:00,0.09283,0.09284,0.09275,0.09275,362857,33677.10821
DOGEUSDT,1775888700000,2026-04-11 06:25:00,2026-04-11 15:25:00,0.09274,0.0928,0.09267,0.09274,979148,90818.10394
DOGEUSDT,1775889000000,2026-04-11 06:30:00,2026-04-11 15:30:00,0.09274,0.09286,0.09274,0.09276,999804,92792.36523
DOGEUSDT,1775889300000,2026-04-11 06:35:00,2026-04-11 15:35:00,0.09276,0.09282,0.09276,0.09277,497041,46122.48364
DOGEUSDT,1775889600000,2026-04-11 06:40:00,2026-04-11 15:40:00,0.09278,0.09284,0.09273,0.09281,441040,40918.96439
DOGEUSDT,1775889900000,2026-04-11 06:45:00,2026-04-11 15:45:00,0.09281,0.09285,0.09276,0.09277,755550,70116.36803
DOGEUSDT,1775890200000,2026-04-11 06:50:00,2026-04-11 15:50:00,0.09276,0.0928,0.09276,0.0928,432384,40122.07409
DOGEUSDT,1775890500000,2026-04-11 06:55:00,2026-04-11 15:55:00,0.0928,0.09281,0.09277,0.09279,507039,47048.29546
DOGEUSDT,1775890800000,2026-04-11 07:00:00,2026-04-11 16:00:00,0.09279,0.0928,0.09272,0.09279,658997,61126.61085
DOGEUSDT,1775891100000,2026-04-11 07:05:00,2026-04-11 16:05:00,0.0928,0.09287,0.09278,0.0928,1476674,137059.00501
DOGEUSDT,1775891400000,2026-04-11 07:10:00,2026-04-11 16:10:00,0.0928,0.09284,0.09274,0.09281,890146,82600.45543
DOGEUSDT,1775891700000,2026-04-11 07:15:00,2026-04-11 16:15:00,0.09282,0.09285,0.09278,0.09281,1575182,146196.80195
DOGEUSDT,1775892000000,2026-04-11 07:20:00,2026-04-11 16:20:00,0.09282,0.09292,0.09282,0.09289,743279,69025.15284
DOGEUSDT,1775892300000,2026-04-11 07:25:00,2026-04-11 16:25:00,0.09288,0.09293,0.09284,0.09291,1293957,120188.76514
DOGEUSDT,1775892600000,2026-04-11 07:30:00,2026-04-11 16:30:00,0.0929,0.09299,0.09285,0.09294,1845915,171481.39785
DOGEUSDT,1775892900000,2026-04-11 07:35:00,2026-04-11 16:35:00,0.09294,0.09294,0.09276,0.09288,5432712,504328.09722
DOGEUSDT,1775893200000,2026-04-11 07:40:00,2026-04-11 16:40:00,0.09288,0.09288,0.09276,0.09279,7657923,710763.25331
DOGEUSDT,1775893500000,2026-04-11 07:45:00,2026-04-11 16:45:00,0.09279,0.0928,0.09278,0.0928,528537,49044.31834
DOGEUSDT,1775893800000,2026-04-11 07:50:00,2026-04-11 16:50:00,0.09279,0.09281,0.09276,0.09279,1472517,136641.26285
DOGEUSDT,1775894100000,2026-04-11 07:55:00,2026-04-11 16:55:00,0.0928,0.09289,0.09279,0.09289,336258,31221.34309
DOGEUSDT,1775894400000,2026-04-11 08:00:00,2026-04-11 17:00:00,0.09289,0.09289,0.09274,0.09278,355587,33003.03251
DOGEUSDT,1775894700000,2026-04-11 08:05:00,2026-04-11 17:05:00,0.09279,0.09294,0.09279,0.09292,767906,71304.63268
DOGEUSDT,1775895000000,2026-04-11 08:10:00,2026-04-11 17:10:00,0.09292,0.093,0.09291,0.09293,903384,83981.46686
DOGEUSDT,1775895300000,2026-04-11 08:15:00,2026-04-11 17:15:00,0.09292,0.09297,0.09291,0.09292,294345,27356.52546
DOGEUSDT,1775895600000,2026-04-11 08:20:00,2026-04-11 17:20:00,0.09292,0.09299,0.09291,0.09293,947207,88066.01883
DOGEUSDT,1775895900000,2026-04-11 08:25:00,2026-04-11 17:25:00,0.09294,0.09294,0.09281,0.09287,754343,70053.99976
DOGEUSDT,1775896200000,2026-04-11 08:30:00,2026-04-11 17:30:00,0.09286,0.09294,0.09284,0.0929,446661,41488.50305
DOGEUSDT,1775896500000,2026-04-11 08:35:00,2026-04-11 17:35:00,0.0929,0.0929,0.09285,0.0929,438655,40744.48293
DOGEUSDT,1775896800000,2026-04-11 08:40:00,2026-04-11 17:40:00,0.09289,0.09294,0.09284,0.09289,591391,54936.93846
DOGEUSDT,1775897100000,2026-04-11 08:45:00,2026-04-11 17:45:00,0.0929,0.09293,0.09287,0.09287,520819,48390.09413
DOGEUSDT,1775897400000,2026-04-11 08:50:00,2026-04-11 17:50:00,0.09288,0.09288,0.09279,0.09286,1013615,94103.41598
DOGEUSDT,1775897700000,2026-04-11 08:55:00,2026-04-11 17:55:00,0.09287,0.09291,0.09282,0.09284,582824,54126.06278
DOGEUSDT,1775898000000,2026-04-11 09:00:00,2026-04-11 18:00:00,0.09283,0.09283,0.09278,0.0928,306680,28461.11532
DOGEUSDT,1775898300000,2026-04-11 09:05:00,2026-04-11 18:05:00,0.0928,0.0928,0.09269,0.09269,1551865,143888.65598
DOGEUSDT,1775898600000,2026-04-11 09:10:00,2026-04-11 18:10:00,0.0927,0.09274,0.09262,0.09274,1460072,135320.36485
DOGEUSDT,1775898900000,2026-04-11 09:15:00,2026-04-11 18:15:00,0.09274,0.09303,0.09274,0.09292,3671612,341151.71276
DOGEUSDT,1775899200000,2026-04-11 09:20:00,2026-04-11 18:20:00,0.09293,0.09306,0.0929,0.09292,1321738,122877.91924
DOGEUSDT,1775899500000,2026-04-11 09:25:00,2026-04-11 18:25:00,0.09292,0.09296,0.09289,0.0929,535544,49760.12852
DOGEUSDT,1775899800000,2026-04-11 09:30:00,2026-04-11 18:30:00,0.0929,0.0929,0.09265,0.09267,1291429,119855.92157
DOGEUSDT,1775900100000,2026-04-11 09:35:00,2026-04-11 18:35:00,0.09267,0.09284,0.09261,0.0928,2697610,250018.47476
DOGEUSDT,1775900400000,2026-04-11 09:40:00,2026-04-11 18:40:00,0.09279,0.09281,0.09274,0.09279,1060009,98350.68833
DOGEUSDT,1775900700000,2026-04-11 09:45:00,2026-04-11 18:45:00,0.09279,0.09295,0.09278,0.0928,1148814,106689.74945
DOGEUSDT,1775901000000,2026-04-11 09:50:00,2026-04-11 18:50:00,0.09281,0.09285,0.09278,0.09284,683194,63419.20542
DOGEUSDT,1775901300000,2026-04-11 09:55:00,2026-04-11 18:55:00,0.09285,0.09299,0.09284,0.09297,1624283,150926.64183
DOGEUSDT,1775901600000,2026-04-11 10:00:00,2026-04-11 19:00:00,0.09296,0.09299,0.0929,0.09291,1211596,112620.73039
DOGEUSDT,1775901900000,2026-04-11 10:05:00,2026-04-11 19:05:00,0.09292,0.09297,0.0929,0.09296,721794,67073.93652
DOGEUSDT,1775902200000,2026-04-11 10:10:00,2026-04-11 19:10:00,0.09295,0.09296,0.0928,0.09284,1557445,144622.89702
DOGEUSDT,1775902500000,2026-04-11 10:15:00,2026-04-11 19:15:00,0.09284,0.09287,0.09272,0.09278,1928948,178975.70753
DOGEUSDT,1775902800000,2026-04-11 10:20:00,2026-04-11 19:20:00,0.09279,0.0929,0.09278,0.09288,442257,41074.19443
DOGEUSDT,1775903100000,2026-04-11 10:25:00,2026-04-11 19:25:00,0.09287,0.09293,0.09287,0.09287,445842,41415.39549
DOGEUSDT,1775903400000,2026-04-11 10:30:00,2026-04-11 19:30:00,0.09286,0.0929,0.09286,0.0929,305992,28422.74628
DOGEUSDT,1775903700000,2026-04-11 10:35:00,2026-04-11 19:35:00,0.0929,0.0929,0.09286,0.09287,696454,64688.05723
DOGEUSDT,1775904000000,2026-04-11 10:40:00,2026-04-11 19:40:00,0.09287,0.09288,0.09284,0.09285,486813,45203.88335
DOGEUSDT,1775904300000,2026-04-11 10:45:00,2026-04-11 19:45:00,0.09285,0.09285,0.09278,0.09283,527295,48934.55488
DOGEUSDT,1775904600000,2026-04-11 10:50:00,2026-04-11 19:50:00,0.09283,0.09287,0.09282,0.09286,213487,19822.10125
DOGEUSDT,1775904900000,2026-04-11 10:55:00,2026-04-11 19:55:00,0.09286,0.0929,0.09284,0.09287,278041,25824.76529
DOGEUSDT,1775905200000,2026-04-11 11:00:00,2026-04-11 20:00:00,0.09287,0.09288,0.09277,0.09287,742312,68902.68274
DOGEUSDT,1775905500000,2026-04-11 11:05:00,2026-04-11 20:05:00,0.09286,0.09293,0.09286,0.09289,719692,66863.94497
DOGEUSDT,1775905800000,2026-04-11 11:10:00,2026-04-11 20:10:00,0.09288,0.09289,0.09283,0.09284,592807,55043.79182
DOGEUSDT,1775906100000,2026-04-11 11:15:00,2026-04-11 20:15:00,0.09284,0.09285,0.0928,0.09281,1718969,159562.99613
DOGEUSDT,1775906400000,2026-04-11 11:20:00,2026-04-11 20:20:00,0.09282,0.0929,0.09281,0.09289,376601,34964.95006
DOGEUSDT,1775906700000,2026-04-11 11:25:00,2026-04-11 20:25:00,0.09289,0.09292,0.09283,0.09283,554855,51528.19315
DOGEUSDT,1775907000000,2026-04-11 11:30:00,2026-04-11 20:30:00,0.09283,0.09284,0.09279,0.09281,525605,48783.75893
DOGEUSDT,1775907300000,2026-04-11 11:35:00,2026-04-11 20:35:00,0.09282,0.09288,0.09281,0.09285,730663,67842.37446
DOGEUSDT,1775907600000,2026-04-11 11:40:00,2026-04-11 20:40:00,0.09285,0.09288,0.09283,0.09288,327971,30454.90213
DOGEUSDT,1775907900000,2026-04-11 11:45:00,2026-04-11 20:45:00,0.09287,0.0929,0.09283,0.09288,2525890,234575.2874
DOGEUSDT,1775908200000,2026-04-11 11:50:00,2026-04-11 20:50:00,0.09287,0.09298,0.09287,0.09298,967404,89915.91133
DOGEUSDT,1775908500000,2026-04-11 11:55:00,2026-04-11 20:55:00,0.09297,0.09298,0.09293,0.09294,551486,51260.16391
DOGEUSDT,1775908800000,2026-04-11 12:00:00,2026-04-11 21:00:00,0.09293,0.09293,0.09284,0.09292,1839726,170892.02959
DOGEUSDT,1775909100000,2026-04-11 12:05:00,2026-04-11 21:05:00,0.09293,0.09298,0.09292,0.09296,407859,37908.55414
DOGEUSDT,1775909400000,2026-04-11 12:10:00,2026-04-11 21:10:00,0.09296,0.09298,0.09287,0.09292,696811,64758.34331
DOGEUSDT,1775909700000,2026-04-11 12:15:00,2026-04-11 21:15:00,0.09292,0.09295,0.09285,0.09286,682051,63343.29263
DOGEUSDT,1775910000000,2026-04-11 12:20:00,2026-04-11 21:20:00,0.09285,0.09291,0.09284,0.09284,1399216,129939.91489
DOGEUSDT,1775910300000,2026-04-11 12:25:00,2026-04-11 21:25:00,0.09284,0.0929,0.09279,0.09289,4437256,411963.08822
DOGEUSDT,1775910600000,2026-04-11 12:30:00,2026-04-11 21:30:00,0.09289,0.09299,0.09288,0.09298,606799,56387.78428
DOGEUSDT,1775910900000,2026-04-11 12:35:00,2026-04-11 21:35:00,0.09299,0.09305,0.09298,0.09301,3380626,314475.94439
DOGEUSDT,1775911200000,2026-04-11 12:40:00,2026-04-11 21:40:00,0.093,0.09305,0.09299,0.09304,1156085,107528.53726
DOGEUSDT,1775911500000,2026-04-11 12:45:00,2026-04-11 21:45:00,0.09305,0.09308,0.09294,0.09297,2998492,278869.51776
DOGEUSDT,1775911800000,2026-04-11 12:50:00,2026-04-11 21:50:00,0.09297,0.093,0.09294,0.09298,1556879,144733.04543
DOGEUSDT,1775912100000,2026-04-11 12:55:00,2026-04-11 21:55:00,0.09298,0.09298,0.09294,0.09296,1163549,108164.50635
DOGEUSDT,1775912400000,2026-04-11 13:00:00,2026-04-11 22:00:00,0.09296,0.09296,0.09279,0.09287,8776101,814896.15524
DOGEUSDT,1775912700000,2026-04-11 13:05:00,2026-04-11 22:05:00,0.09287,0.09289,0.09279,0.09279,1904746,176795.58391
DOGEUSDT,1775913000000,2026-04-11 13:10:00,2026-04-11 22:10:00,0.09279,0.09279,0.09248,0.09259,22067548,2044228.65237
DOGEUSDT,1775913300000,2026-04-11 13:15:00,2026-04-11 22:15:00,0.09259,0.09278,0.09254,0.09277,4001644,370682.03857
DOGEUSDT,1775913600000,2026-04-11 13:20:00,2026-04-11 22:20:00,0.09278,0.09278,0.09242,0.09243,3465526,320795.32404
DOGEUSDT,1775913900000,2026-04-11 13:25:00,2026-04-11 22:25:00,0.09242,0.09257,0.09241,0.09245,4331073,400607.18378
DOGEUSDT,1775914200000,2026-04-11 13:30:00,2026-04-11 22:30:00,0.09245,0.09245,0.09224,0.0924,7353254,679208.03308
DOGEUSDT,1775914500000,2026-04-11 13:35:00,2026-04-11 22:35:00,0.0924,0.09244,0.09229,0.09238,3011415,278234.69082
DOGEUSDT,1775914800000,2026-04-11 13:40:00,2026-04-11 22:40:00,0.09237,0.09251,0.09237,0.0925,1735070,160360.65935
DOGEUSDT,1775915100000,2026-04-11 13:45:00,2026-04-11 22:45:00,0.09249,0.0926,0.09248,0.09256,1220112,112914.40043
DOGEUSDT,1775915400000,2026-04-11 13:50:00,2026-04-11 22:50:00,0.09255,0.09258,0.09252,0.09258,1611164,149129.89294
DOGEUSDT,1775915700000,2026-04-11 13:55:00,2026-04-11 22:55:00,0.09257,0.09262,0.09257,0.09259,868824,80459.14071
DOGEUSDT,1775916000000,2026-04-11 14:00:00,2026-04-11 23:00:00,0.09259,0.09264,0.09252,0.09258,1352962,125256.9792
DOGEUSDT,1775916300000,2026-04-11 14:05:00,2026-04-11 23:05:00,0.09258,0.09274,0.09254,0.09272,2609405,241740.63788
DOGEUSDT,1775916600000,2026-04-11 14:10:00,2026-04-11 23:10:00,0.09272,0.09275,0.09268,0.09268,1600022,148347.039
DOGEUSDT,1775916900000,2026-04-11 14:15:00,2026-04-11 23:15:00,0.09268,0.09273,0.09264,0.09269,1129994,104736.60786
DOGEUSDT,1775917200000,2026-04-11 14:20:00,2026-04-11 23:20:00,0.09269,0.09275,0.09267,0.09273,358304,33215.54537
DOGEUSDT,1775917500000,2026-04-11 14:25:00,2026-04-11 23:25:00,0.09273,0.09276,0.09267,0.09268,1303220,120825.57321
DOGEUSDT,1775917800000,2026-04-11 14:30:00,2026-04-11 23:30:00,0.09268,0.09268,0.09251,0.09259,1087995,100722.89102
DOGEUSDT,1775918100000,2026-04-11 14:35:00,2026-04-11 23:35:00,0.09258,0.09269,0.09256,0.09259,574530,53211.57551
DOGEUSDT,1775918400000,2026-04-11 14:40:00,2026-04-11 23:40:00,0.09258,0.09258,0.09248,0.09256,1542891,142762.12193
DOGEUSDT,1775918700000,2026-04-11 14:45:00,2026-04-11 23:45:00,0.09256,0.09264,0.09256,0.09262,1352641,125276.54352
DOGEUSDT,1775919000000,2026-04-11 14:50:00,2026-04-11 23:50:00,0.09261,0.09271,0.09261,0.09267,675637,62599.1767
DOGEUSDT,1775919300000,2026-04-11 14:55:00,2026-04-11 23:55:00,0.09267,0.09268,0.09262,0.09264,535781,49637.95446
DOGEUSDT,1775919600000,2026-04-11 15:00:00,2026-04-12 00:00:00,0.09264,0.09269,0.09262,0.09268,293862,27228.78172
DOGEUSDT,1775919900000,2026-04-11 15:05:00,2026-04-12 00:05:00,0.09268,0.09271,0.09264,0.09265,714124,66179.24657
DOGEUSDT,1775920200000,2026-04-11 15:10:00,2026-04-12 00:10:00,0.09266,0.0927,0.09265,0.09269,145261,13459.06803
DOGEUSDT,1775920500000,2026-04-11 15:15:00,2026-04-12 00:15:00,0.09269,0.09306,0.09266,0.09281,4432168,411544.52675
DOGEUSDT,1775920800000,2026-04-11 15:20:00,2026-04-12 00:20:00,0.09282,0.09283,0.09273,0.09277,1378427,127909.23179
DOGEUSDT,1775921100000,2026-04-11 15:25:00,2026-04-12 00:25:00,0.09277,0.09288,0.09274,0.09281,1090264,101208.02981
DOGEUSDT,1775921400000,2026-04-11 15:30:00,2026-04-12 00:30:00,0.09282,0.09294,0.09276,0.09287,5314106,493304.40557
DOGEUSDT,1775921700000,2026-04-11 15:35:00,2026-04-12 00:35:00,0.09288,0.0929,0.09278,0.09286,1511304,140286.31924
DOGEUSDT,1775922000000,2026-04-11 15:40:00,2026-04-12 00:40:00,0.09285,0.09285,0.09276,0.0928,971994,90194.10038
DOGEUSDT,1775922300000,2026-04-11 15:45:00,2026-04-12 00:45:00,0.0928,0.09287,0.09276,0.09276,645102,59883.95679
DOGEUSDT,1775922600000,2026-04-11 15:50:00,2026-04-12 00:50:00,0.09277,0.09285,0.09274,0.09275,3386640,314183.01372
DOGEUSDT,1775922900000,2026-04-11 15:55:00,2026-04-12 00:55:00,0.09276,0.09281,0.09273,0.09274,2462453,228409.35055
DOGEUSDT,1775923200000,2026-04-11 16:00:00,2026-04-12 01:00:00,0.09274,0.09276,0.09271,0.09276,337031,31254.96068
DOGEUSDT,1775923500000,2026-04-11 16:05:00,2026-04-12 01:05:00,0.09277,0.0928,0.09273,0.09278,484668,44961.36826
DOGEUSDT,1775923800000,2026-04-11 16:10:00,2026-04-12 01:10:00,0.09278,0.09292,0.09277,0.09292,317819,29520.75413
DOGEUSDT,1775924100000,2026-04-11 16:15:00,2026-04-12 01:15:00,0.09292,0.09299,0.09285,0.09291,2318349,215402.87415
DOGEUSDT,1775924400000,2026-04-11 16:20:00,2026-04-12 01:20:00,0.09291,0.09292,0.09282,0.09283,737886,68530.33527
DOGEUSDT,1775924700000,2026-04-11 16:25:00,2026-04-12 01:25:00,0.09284,0.0929,0.09283,0.09288,439736,40836.31096
DOGEUSDT,1775925000000,2026-04-11 16:30:00,2026-04-12 01:30:00,0.09287,0.09289,0.09285,0.09286,391551,36364.86396
DOGEUSDT,1775925300000,2026-04-11 16:35:00,2026-04-12 01:35:00,0.09286,0.09314,0.09286,0.09308,1737668,161635.71015
DOGEUSDT,1775925600000,2026-04-11 16:40:00,2026-04-12 01:40:00,0.09309,0.09374,0.09309,0.09346,10911935,1019562.02095
DOGEUSDT,1775925900000,2026-04-11 16:45:00,2026-04-12 01:45:00,0.09346,0.09357,0.09337,0.09352,1930875,180457.86713
DOGEUSDT,1775926200000,2026-04-11 16:50:00,2026-04-12 01:50:00,0.09352,0.09352,0.09338,0.09342,1569524,146661.1533
DOGEUSDT,1775926500000,2026-04-11 16:55:00,2026-04-12 01:55:00,0.09343,0.09355,0.09338,0.09339,2411105,225376.39001
DOGEUSDT,1775926800000,2026-04-11 17:00:00,2026-04-12 02:00:00,0.09339,0.0934,0.09324,0.09332,2367033,220902.9543
DOGEUSDT,1775927100000,2026-04-11 17:05:00,2026-04-12 02:05:00,0.09332,0.09332,0.09311,0.09312,1602032,149253.32559
DOGEUSDT,1775927400000,2026-04-11 17:10:00,2026-04-12 02:10:00,0.09312,0.09323,0.0931,0.09315,1414855,131823.10673
DOGEUSDT,1775927700000,2026-04-11 17:15:00,2026-04-12 02:15:00,0.09315,0.09317,0.09302,0.09312,995835,92713.08827
DOGEUSDT,1775928000000,2026-04-11 17:20:00,2026-04-12 02:20:00,0.09313,0.09319,0.09303,0.09318,2499124,232654.15757
DOGEUSDT,1775928300000,2026-04-11 17:25:00,2026-04-12 02:25:00,0.09318,0.09319,0.09305,0.09306,529046,49262.36005
DOGEUSDT,1775928600000,2026-04-11 17:30:00,2026-04-12 02:30:00,0.09306,0.09328,0.09306,0.09328,1291801,120354.98739
DOGEUSDT,1775928900000,2026-04-11 17:35:00,2026-04-12 02:35:00,0.09328,0.09331,0.09323,0.09329,2460743,229556.97051
DOGEUSDT,1775929200000,2026-04-11 17:40:00,2026-04-12 02:40:00,0.09329,0.09331,0.09323,0.09323,355034,33111.44915
DOGEUSDT,1775929500000,2026-04-11 17:45:00,2026-04-12 02:45:00,0.09323,0.09326,0.09311,0.09314,884908,82475.64234
DOGEUSDT,1775929800000,2026-04-11 17:50:00,2026-04-12 02:50:00,0.09315,0.09319,0.09308,0.09309,226607,21100.44457
DOGEUSDT,1775930100000,2026-04-11 17:55:00,2026-04-12 02:55:00,0.09309,0.0931,0.09301,0.09304,382725,35611.55223
DOGEUSDT,1775930400000,2026-04-11 18:00:00,2026-04-12 03:00:00,0.09304,0.09305,0.09277,0.09278,4123449,383267.93714
DOGEUSDT,1775930700000,2026-04-11 18:05:00,2026-04-12 03:05:00,0.09277,0.09304,0.09274,0.09304,5075594,471267.14647
DOGEUSDT,1775931000000,2026-04-11 18:10:00,2026-04-12 03:10:00,0.09304,0.09305,0.09294,0.09299,610784,56790.60721
DOGEUSDT,1775931300000,2026-04-11 18:15:00,2026-04-12 03:15:00,0.09299,0.09312,0.09299,0.09312,844210,78539.98617
DOGEUSDT,1775931600000,2026-04-11 18:20:00,2026-04-12 03:20:00,0.09312,0.09323,0.09312,0.09319,464089,43244.30253
DOGEUSDT,1775931900000,2026-04-11 18:25:00,2026-04-12 03:25:00,0.0932,0.09324,0.09318,0.09324,825577,76962.40603
DOGEUSDT,1775932200000,2026-04-11 18:30:00,2026-04-12 03:30:00,0.09325,0.09361,0.09325,0.09352,3748557,350272.26903
DOGEUSDT,1775932500000,2026-04-11 18:35:00,2026-04-12 03:35:00,0.09353,0.09414,0.09352,0.09384,12605943,1183709.66151
DOGEUSDT,1775932800000,2026-04-11 18:40:00,2026-04-12 03:40:00,0.09385,0.09395,0.09377,0.09389,3148578,295508.9316
DOGEUSDT,1775933100000,2026-04-11 18:45:00,2026-04-12 03:45:00,0.0939,0.09417,0.0939,0.09409,6819082,641066.57799
DOGEUSDT,1775933400000,2026-04-11 18:50:00,2026-04-12 03:50:00,0.0941,0.09412,0.0939,0.09392,1085001,101999.153
DOGEUSDT,1775933700000,2026-04-11 18:55:00,2026-04-12 03:55:00,0.09393,0.09396,0.09385,0.09395,2086039,195904.46083
DOGEUSDT,1775934000000,2026-04-11 19:00:00,2026-04-12 04:00:00,0.09396,0.09418,0.09396,0.09407,3912752,367936.99954
DOGEUSDT,1775934300000,2026-04-11 19:05:00,2026-04-12 04:05:00,0.09407,0.09444,0.09406,0.09434,14771004,1392855.67347
DOGEUSDT,1775934600000,2026-04-11 19:10:00,2026-04-12 04:10:00,0.09434,0.09437,0.09421,0.09426,2456741,231626.24426
DOGEUSDT,1775934900000,2026-04-11 19:15:00,2026-04-12 04:15:00,0.09426,0.09447,0.0942,0.09425,3705276,349713.59226
DOGEUSDT,1775935200000,2026-04-11 19:20:00,2026-04-12 04:20:00,0.09424,0.09427,0.0941,0.09426,1562890,147154.84777
DOGEUSDT,1775935500000,2026-04-11 19:25:00,2026-04-12 04:25:00,0.09425,0.09448,0.09424,0.09441,1152627,108823.16642
DOGEUSDT,1775935800000,2026-04-11 19:30:00,2026-04-12 04:30:00,0.09441,0.09478,0.09441,0.09458,8811411,833444.22104
DOGEUSDT,1775936100000,2026-04-11 19:35:00,2026-04-12 04:35:00,0.09458,0.09461,0.09454,0.09459,1718036,162496.46098
DOGEUSDT,1775936400000,2026-04-11 19:40:00,2026-04-12 04:40:00,0.09459,0.09459,0.09448,0.09456,2123596,200762.13056
DOGEUSDT,1775936700000,2026-04-11 19:45:00,2026-04-12 04:45:00,0.09455,0.09455,0.09441,0.09451,2508520,237002.21945
DOGEUSDT,1775937000000,2026-04-11 19:50:00,2026-04-12 04:50:00,0.09451,0.09459,0.0945,0.09456,1852241,175122.72709
DOGEUSDT,1775937300000,2026-04-11 19:55:00,2026-04-12 04:55:00,0.09456,0.09471,0.09445,0.0947,3217692,304236.39143
DOGEUSDT,1775937600000,2026-04-11 20:00:00,2026-04-12 05:00:00,0.0947,0.09484,0.09453,0.09458,5435195,514833.97822
DOGEUSDT,1775937900000,2026-04-11 20:05:00,2026-04-12 05:05:00,0.09459,0.09487,0.09456,0.09483,4666495,441962.55036
DOGEUSDT,1775938200000,2026-04-11 20:10:00,2026-04-12 05:10:00,0.09482,0.09489,0.09467,0.09471,6846507,649142.25969
DOGEUSDT,1775938500000,2026-04-11 20:15:00,2026-04-12 05:15:00,0.0947,0.09482,0.09453,0.09456,2030003,192203.00231
DOGEUSDT,1775938800000,2026-04-11 20:20:00,2026-04-12 05:20:00,0.09455,0.09455,0.09429,0.09429,3710561,350226.1082
DOGEUSDT,1775939100000,2026-04-11 20:25:00,2026-04-12 05:25:00,0.0943,0.0943,0.09409,0.09415,3261882,307195.09821
DOGEUSDT,1775939400000,2026-04-11 20:30:00,2026-04-12 05:30:00,0.09415,0.09416,0.09367,0.09369,14460071,1357106.52142
DOGEUSDT,1775939700000,2026-04-11 20:35:00,2026-04-12 05:35:00,0.09368,0.09385,0.09358,0.09371,3141123,294358.42781
DOGEUSDT,1775940000000,2026-04-11 20:40:00,2026-04-12 05:40:00,0.09372,0.09382,0.09363,0.09376,2468222,231330.11555
DOGEUSDT,1775940300000,2026-04-11 20:45:00,2026-04-12 05:45:00,0.09377,0.09399,0.09371,0.09392,1182596,110952.10494
DOGEUSDT,1775940600000,2026-04-11 20:50:00,2026-04-12 05:50:00,0.09391,0.09404,0.09389,0.09404,1443829,135638.32491
DOGEUSDT,1775940900000,2026-04-11 20:55:00,2026-04-12 05:55:00,0.09403,0.09403,0.0938,0.09389,3235832,303822.68608
DOGEUSDT,1775941200000,2026-04-11 21:00:00,2026-04-12 06:00:00,0.09389,0.09393,0.09362,0.09388,954933,89573.28627
DOGEUSDT,1775941500000,2026-04-11 21:05:00,2026-04-12 06:05:00,0.09388,0.09394,0.09382,0.09391,322129,30244.4108
DOGEUSDT,1775941800000,2026-04-11 21:10:00,2026-04-12 06:10:00,0.09392,0.09398,0.0938,0.09396,1904489,178826.7739
DOGEUSDT,1775942100000,2026-04-11 21:15:00,2026-04-12 06:15:00,0.09395,0.09409,0.09391,0.09402,1112589,104605.74452
DOGEUSDT,1775942400000,2026-04-11 21:20:00,2026-04-12 06:20:00,0.09402,0.09406,0.09376,0.09383,1709190,160456.7778
DOGEUSDT,1775942700000,2026-04-11 21:25:00,2026-04-12 06:25:00,0.09384,0.09391,0.09376,0.09378,1025422,96199.62408
DOGEUSDT,1775943000000,2026-04-11 21:30:00,2026-04-12 06:30:00,0.09379,0.09386,0.09372,0.09382,772995,72486.75155
DOGEUSDT,1775943300000,2026-04-11 21:35:00,2026-04-12 06:35:00,0.09383,0.09393,0.09377,0.09385,447648,42008.85672
DOGEUSDT,1775943600000,2026-04-11 21:40:00,2026-04-12 06:40:00,0.09386,0.09391,0.0938,0.09384,894594,83968.9424
DOGEUSDT,1775943900000,2026-04-11 21:45:00,2026-04-12 06:45:00,0.09385,0.094,0.09384,0.09397,739311,69457.62741
DOGEUSDT,1775944200000,2026-04-11 21:50:00,2026-04-12 06:50:00,0.09398,0.09423,0.09395,0.09418,1813542,170652.30357
DOGEUSDT,1775944500000,2026-04-11 21:55:00,2026-04-12 06:55:00,0.09417,0.09417,0.09386,0.09391,1317991,123901.47858
DOGEUSDT,1775944800000,2026-04-11 22:00:00,2026-04-12 07:00:00,0.09391,0.09401,0.09382,0.09398,1351925,126949.69304
DOGEUSDT,1775945100000,2026-04-11 22:05:00,2026-04-12 07:05:00,0.09397,0.09408,0.09395,0.09401,890519,83724.50796
DOGEUSDT,1775945400000,2026-04-11 22:10:00,2026-04-12 07:10:00,0.09401,0.0941,0.094,0.0941,1952860,183671.3924
DOGEUSDT,1775945700000,2026-04-11 22:15:00,2026-04-12 07:15:00,0.0941,0.09432,0.09408,0.09418,2166111,204021.49247
DOGEUSDT,1775946000000,2026-04-11 22:20:00,2026-04-12 07:20:00,0.09417,0.0942,0.09405,0.09406,1095584,103089.73809
DOGEUSDT,1775946300000,2026-04-11 22:25:00,2026-04-12 07:25:00,0.09406,0.09406,0.09389,0.09394,1978888,185936.02695
DOGEUSDT,1775946600000,2026-04-11 22:30:00,2026-04-12 07:30:00,0.09394,0.09395,0.0937,0.09375,2432603,228220.63867
DOGEUSDT,1775946900000,2026-04-11 22:35:00,2026-04-12 07:35:00,0.09376,0.09382,0.0934,0.0935,4379486,409776.63449
DOGEUSDT,1775947200000,2026-04-11 22:40:00,2026-04-12 07:40:00,0.09351,0.09365,0.09348,0.09358,659806,61739.76022
DOGEUSDT,1775947500000,2026-04-11 22:45:00,2026-04-12 07:45:00,0.09358,0.09363,0.09355,0.09363,1123646,105164.82815
DOGEUSDT,1775947800000,2026-04-11 22:50:00,2026-04-12 07:50:00,0.09362,0.09362,0.09343,0.09345,497557,46515.03066
DOGEUSDT,1775948100000,2026-04-11 22:55:00,2026-04-12 07:55:00,0.09345,0.09371,0.09345,0.09368,1285195,120240.72106
DOGEUSDT,1775948400000,2026-04-11 23:00:00,2026-04-12 08:00:00,0.09367,0.09368,0.09321,0.09325,3146340,293698.33508
DOGEUSDT,1775948700000,2026-04-11 23:05:00,2026-04-12 08:05:00,0.09325,0.09327,0.0928,0.09288,9187662,854640.73278
DOGEUSDT,1775949000000,2026-04-11 23:10:00,2026-04-12 08:10:00,0.09288,0.09309,0.09281,0.09304,1507482,140072.72237
DOGEUSDT,1775949300000,2026-04-11 23:15:00,2026-04-12 08:15:00,0.09304,0.09312,0.09302,0.09306,1275632,118721.23146
DOGEUSDT,1775949600000,2026-04-11 23:20:00,2026-04-12 08:20:00,0.09306,0.09321,0.09306,0.09321,1269978,118250.96445
DOGEUSDT,1775949900000,2026-04-11 23:25:00,2026-04-12 08:25:00,0.09321,0.09322,0.09308,0.09308,376036,35031.77875
DOGEUSDT,1775950200000,2026-04-11 23:30:00,2026-04-12 08:30:00,0.09308,0.09316,0.09303,0.09312,739506,68818.12742
DOGEUSDT,1775950500000,2026-04-11 23:35:00,2026-04-12 08:35:00,0.09312,0.09321,0.09309,0.09317,592782,55220.75877
DOGEUSDT,1775950800000,2026-04-11 23:40:00,2026-04-12 08:40:00,0.09317,0.09317,0.09306,0.09307,627429,58405.43105
DOGEUSDT,1775951100000,2026-04-11 23:45:00,2026-04-12 08:45:00,0.09307,0.09316,0.09306,0.0931,1463589,136272.97786
DOGEUSDT,1775951400000,2026-04-11 23:50:00,2026-04-12 08:50:00,0.0931,0.09311,0.09304,0.09305,1656052,154108.37542
DOGEUSDT,1775951700000,2026-04-11 23:55:00,2026-04-12 08:55:00,0.09306,0.09311,0.09305,0.09309,454053,42263.98269
DOGEUSDT,1775952000000,2026-04-12 00:00:00,2026-04-12 09:00:00,0.09309,0.09311,0.09262,0.09278,5793132,537830.29268
DOGEUSDT,1775952300000,2026-04-12 00:05:00,2026-04-12 09:05:00,0.09278,0.09297,0.09278,0.09288,1626471,151049.7419
DOGEUSDT,1775952600000,2026-04-12 00:10:00,2026-04-12 09:10:00,0.09289,0.09299,0.09282,0.09288,1852906,172221.05577
DOGEUSDT,1775952900000,2026-04-12 00:15:00,2026-04-12 09:15:00,0.09287,0.09295,0.09282,0.09295,818348,76014.48697
DOGEUSDT,1775953200000,2026-04-12 00:20:00,2026-04-12 09:20:00,0.09295,0.09304,0.09294,0.09298,609756,56700.97738
DOGEUSDT,1775953500000,2026-04-12 00:25:00,2026-04-12 09:25:00,0.09299,0.09308,0.09296,0.09298,1022464,95133.81712
DOGEUSDT,1775953800000,2026-04-12 00:30:00,2026-04-12 09:30:00,0.09298,0.09308,0.09298,0.09304,485422,45164.96482
DOGEUSDT,1775954100000,2026-04-12 00:35:00,2026-04-12 09:35:00,0.09305,0.09314,0.09292,0.09293,6608684,614449.61501
DOGEUSDT,1775954400000,2026-04-12 00:40:00,2026-04-12 09:40:00,0.09293,0.09304,0.09288,0.09301,1098590,102114.08223
DOGEUSDT,1775954700000,2026-04-12 00:45:00,2026-04-12 09:45:00,0.09302,0.09314,0.09301,0.09305,1566054,145802.43537
DOGEUSDT,1775955000000,2026-04-12 00:50:00,2026-04-12 09:50:00,0.09306,0.09308,0.093,0.09303,628567,58478.59609
DOGEUSDT,1775955300000,2026-04-12 00:55:00,2026-04-12 09:55:00,0.09303,0.0931,0.09303,0.09306,1329375,123711.12563
DOGEUSDT,1775955600000,2026-04-12 01:00:00,2026-04-12 10:00:00,0.09306,0.09326,0.09305,0.09315,944729,88032.41617
DOGEUSDT,1775955900000,2026-04-12 01:05:00,2026-04-12 10:05:00,0.09316,0.0932,0.09305,0.09318,1513532,140937.55484
DOGEUSDT,1775956200000,2026-04-12 01:10:00,2026-04-12 10:10:00,0.09317,0.09323,0.0931,0.09312,770532,71796.22889
DOGEUSDT,1775956500000,2026-04-12 01:15:00,2026-04-12 10:15:00,0.09312,0.09314,0.09304,0.09311,556925,51843.03355
DOGEUSDT,1775956800000,2026-04-12 01:20:00,2026-04-12 10:20:00,0.09312,0.09319,0.09312,0.09313,345377,32175.39239
DOGEUSDT,1775957100000,2026-04-12 01:25:00,2026-04-12 10:25:00,0.09312,0.09314,0.09303,0.09304,1144729,106545.40088
DOGEUSDT,1775957400000,2026-04-12 01:30:00,2026-04-12 10:30:00,0.09305,0.09305,0.09244,0.09251,8154637,755641.18891
DOGEUSDT,1775957700000,2026-04-12 01:35:00,2026-04-12 10:35:00,0.09252,0.09252,0.09138,0.09192,34372170,3158006.83141
DOGEUSDT,1775958000000,2026-04-12 01:40:00,2026-04-12 10:40:00,0.09191,0.09193,0.09062,0.09119,43131945,3930231.37909
DOGEUSDT,1775958300000,2026-04-12 01:45:00,2026-04-12 10:45:00,0.09118,0.09126,0.09068,0.09091,19780964,1799081.92457
DOGEUSDT,1775958600000,2026-04-12 01:50:00,2026-04-12 10:50:00,0.0909,0.09141,0.09078,0.09119,18256332,1663954.87485
DOGEUSDT,1775958900000,2026-04-12 01:55:00,2026-04-12 10:55:00,0.09119,0.09119,0.09092,0.09109,8000845,728511.8087
DOGEUSDT,1775959200000,2026-04-12 02:00:00,2026-04-12 11:00:00,0.09108,0.09127,0.09087,0.09088,7433364,676951.00067
DOGEUSDT,1775959500000,2026-04-12 02:05:00,2026-04-12 11:05:00,0.09088,0.09127,0.09083,0.09125,5676273,516825.20893
DOGEUSDT,1775959800000,2026-04-12 02:10:00,2026-04-12 11:10:00,0.09125,0.09146,0.09119,0.09135,6493793,592935.04322
DOGEUSDT,1775960100000,2026-04-12 02:15:00,2026-04-12 11:15:00,0.09135,0.0916,0.09132,0.09147,4602008,421081.8529
DOGEUSDT,1775960400000,2026-04-12 02:20:00,2026-04-12 11:20:00,0.09146,0.09146,0.09123,0.09133,5899354,538882.10602
DOGEUSDT,1775960700000,2026-04-12 02:25:00,2026-04-12 11:25:00,0.09133,0.09138,0.09122,0.09131,2707142,247135.74116
DOGEUSDT,1775961000000,2026-04-12 02:30:00,2026-04-12 11:30:00,0.09131,0.09149,0.0913,0.09147,1630171,149019.2492
DOGEUSDT,1775961300000,2026-04-12 02:35:00,2026-04-12 11:35:00,0.09146,0.0915,0.09137,0.09138,3768818,344633.64731
DOGEUSDT,1775961600000,2026-04-12 02:40:00,2026-04-12 11:40:00,0.09138,0.09147,0.09137,0.09143,935043,85497.63552
DOGEUSDT,1775961900000,2026-04-12 02:45:00,2026-04-12 11:45:00,0.09143,0.09147,0.09135,0.09144,4080497,373109.92121
DOGEUSDT,1775962200000,2026-04-12 02:50:00,2026-04-12 11:50:00,0.09145,0.09156,0.09141,0.09145,13785578,1261325.45365
DOGEUSDT,1775962500000,2026-04-12 02:55:00,2026-04-12 11:55:00,0.09144,0.09166,0.09143,0.09154,10142484,928628.25651
DOGEUSDT,1775962800000,2026-04-12 03:00:00,2026-04-12 12:00:00,0.09154,0.09166,0.09146,0.0915,6901531,631830.59409
DOGEUSDT,1775963100000,2026-04-12 03:05:00,2026-04-12 12:05:00,0.09149,0.09154,0.09137,0.09141,6193630,566422.4456
DOGEUSDT,1775963400000,2026-04-12 03:10:00,2026-04-12 12:10:00,0.09142,0.09153,0.09136,0.09148,2527507,231141.45467
DOGEUSDT,1775963700000,2026-04-12 03:15:00,2026-04-12 12:15:00,0.09148,0.09151,0.09142,0.09142,2925787,267621.86983
DOGEUSDT,1775964000000,2026-04-12 03:20:00,2026-04-12 12:20:00,0.09142,0.09146,0.09123,0.09127,4443565,405876.34841
DOGEUSDT,1775964300000,2026-04-12 03:25:00,2026-04-12 12:25:00,0.09126,0.09139,0.09126,0.09139,1659137,151487.32586
DOGEUSDT,1775964600000,2026-04-12 03:30:00,2026-04-12 12:30:00,0.09139,0.09142,0.09118,0.09138,1898777,173438.2511
DOGEUSDT,1775964900000,2026-04-12 03:35:00,2026-04-12 12:35:00,0.09138,0.09141,0.09118,0.09122,1726706,157614.79938
DOGEUSDT,1775965200000,2026-04-12 03:40:00,2026-04-12 12:40:00,0.09122,0.09129,0.09121,0.09122,1453773,132652.43419
DOGEUSDT,1775965500000,2026-04-12 03:45:00,2026-04-12 12:45:00,0.09123,0.09132,0.09118,0.0912,3524270,321608.2433
DOGEUSDT,1775965800000,2026-04-12 03:50:00,2026-04-12 12:50:00,0.0912,0.09127,0.0912,0.09124,2606915,237839.67048
DOGEUSDT,1775966100000,2026-04-12 03:55:00,2026-04-12 12:55:00,0.09124,0.09128,0.09113,0.09116,2971815,271043.36876
DOGEUSDT,1775966400000,2026-04-12 04:00:00,2026-04-12 13:00:00,0.09115,0.09125,0.0911,0.09122,12241806,1116272.44905
DOGEUSDT,1775966700000,2026-04-12 04:05:00,2026-04-12 13:05:00,0.09122,0.09126,0.09112,0.09114,5167111,471230.00213
DOGEUSDT,1775967000000,2026-04-12 04:10:00,2026-04-12 13:10:00,0.09114,0.09119,0.09107,0.09119,4792786,436676.4645
DOGEUSDT,1775967300000,2026-04-12 04:15:00,2026-04-12 13:15:00,0.09119,0.09124,0.091,0.09115,9913560,902845.64479
DOGEUSDT,1775967600000,2026-04-12 04:20:00,2026-04-12 13:20:00,0.09115,0.09123,0.09108,0.09112,2226912,202995.3227
DOGEUSDT,1775967900000,2026-04-12 04:25:00,2026-04-12 13:25:00,0.09112,0.09119,0.09108,0.09115,3575061,325850.33983
DOGEUSDT,1775968200000,2026-04-12 04:30:00,2026-04-12 13:30:00,0.09115,0.09115,0.09108,0.09115,3105604,282955.45854
DOGEUSDT,1775968500000,2026-04-12 04:35:00,2026-04-12 13:35:00,0.09114,0.09119,0.09108,0.09114,2460998,224269.38868
DOGEUSDT,1775968800000,2026-04-12 04:40:00,2026-04-12 13:40:00,0.09114,0.09116,0.09108,0.09114,4157752,378878.27758
DOGEUSDT,1775969100000,2026-04-12 04:45:00,2026-04-12 13:45:00,0.09115,0.09118,0.09108,0.09112,2131042,194183.47092
DOGEUSDT,1775969400000,2026-04-12 04:50:00,2026-04-12 13:50:00,0.09112,0.09114,0.09105,0.09111,2560618,233250.8781
DOGEUSDT,1775969700000,2026-04-12 04:55:00,2026-04-12 13:55:00,0.09111,0.09119,0.0911,0.09118,4918005,448293.47779
DOGEUSDT,1775970000000,2026-04-12 05:00:00,2026-04-12 14:00:00,0.09118,0.09124,0.09111,0.09118,3400086,310035.73673
DOGEUSDT,1775970300000,2026-04-12 05:05:00,2026-04-12 14:05:00,0.09118,0.09121,0.0911,0.09114,2968280,270544.75585
DOGEUSDT,1775970600000,2026-04-12 05:10:00,2026-04-12 14:10:00,0.09114,0.09114,0.09108,0.09109,2974726,271014.64919
DOGEUSDT,1775970900000,2026-04-12 05:15:00,2026-04-12 14:15:00,0.09108,0.09116,0.09105,0.09114,2016537,183687.47206
DOGEUSDT,1775971200000,2026-04-12 05:20:00,2026-04-12 14:20:00,0.09115,0.09136,0.09114,0.09135,1848401,168701.81657
DOGEUSDT,1775971500000,2026-04-12 05:25:00,2026-04-12 14:25:00,0.09135,0.09136,0.0913,0.09133,1708917,156089.09383
DOGEUSDT,1775971800000,2026-04-12 05:30:00,2026-04-12 14:30:00,0.09133,0.09142,0.09131,0.09134,5586126,510295.50542
DOGEUSDT,1775972100000,2026-04-12 05:35:00,2026-04-12 14:35:00,0.09133,0.09133,0.09126,0.09131,1180340,107749.62463
DOGEUSDT,1775972400000,2026-04-12 05:40:00,2026-04-12 14:40:00,0.0913,0.09131,0.09128,0.0913,620968,56689.57664
DOGEUSDT,1775972700000,2026-04-12 05:45:00,2026-04-12 14:45:00,0.0913,0.09135,0.09126,0.09135,2468072,225372.20448
DOGEUSDT,1775973000000,2026-04-12 05:50:00,2026-04-12 14:50:00,0.09134,0.09144,0.09131,0.09142,1339699,122413.74602
DOGEUSDT,1775973300000,2026-04-12 05:55:00,2026-04-12 14:55:00,0.09141,0.09147,0.0914,0.0914,1731789,158332.05159
DOGEUSDT,1775973600000,2026-04-12 06:00:00,2026-04-12 15:00:00,0.0914,0.09148,0.09138,0.09147,1821679,166546.80132
DOGEUSDT,1775973900000,2026-04-12 06:05:00,2026-04-12 15:05:00,0.09147,0.09154,0.09145,0.09152,2362370,216135.7674
DOGEUSDT,1775974200000,2026-04-12 06:10:00,2026-04-12 15:10:00,0.09151,0.09154,0.09147,0.09151,3494800,319853.4856
DOGEUSDT,1775974500000,2026-04-12 06:15:00,2026-04-12 15:15:00,0.09151,0.09151,0.0914,0.09148,1230449,112518.39041
DOGEUSDT,1775974800000,2026-04-12 06:20:00,2026-04-12 15:20:00,0.09147,0.09153,0.09142,0.09153,2191714,200482.34132
DOGEUSDT,1775975100000,2026-04-12 06:25:00,2026-04-12 15:25:00,0.09154,0.09154,0.09141,0.09145,2574384,235523.5798
DOGEUSDT,1775975400000,2026-04-12 06:30:00,2026-04-12 15:30:00,0.09144,0.09145,0.09139,0.09141,1882141,172055.43662
DOGEUSDT,1775975700000,2026-04-12 06:35:00,2026-04-12 15:35:00,0.09141,0.09144,0.09139,0.0914,973544,88994.79903
DOGEUSDT,1775976000000,2026-04-12 06:40:00,2026-04-12 15:40:00,0.0914,0.09143,0.0914,0.09142,1354025,123783.33883
DOGEUSDT,1775976300000,2026-04-12 06:45:00,2026-04-12 15:45:00,0.09142,0.09153,0.09142,0.09152,974325,89111.59509
DOGEUSDT,1775976600000,2026-04-12 06:50:00,2026-04-12 15:50:00,0.09152,0.09162,0.09148,0.09153,11528476,1055522.01773
DOGEUSDT,1775976900000,2026-04-12 06:55:00,2026-04-12 15:55:00,0.09153,0.09154,0.0913,0.09138,7285474,665836.16296
DOGEUSDT,1775977200000,2026-04-12 07:00:00,2026-04-12 16:00:00,0.09138,0.09139,0.09129,0.09137,1252886,114440.13473
DOGEUSDT,1775977500000,2026-04-12 07:05:00,2026-04-12 16:05:00,0.09137,0.09139,0.09135,0.09139,629276,57500.42731
DOGEUSDT,1775977800000,2026-04-12 07:10:00,2026-04-12 16:10:00,0.09138,0.09143,0.09134,0.09134,593505,54244.32631
DOGEUSDT,1775978100000,2026-04-12 07:15:00,2026-04-12 16:15:00,0.09135,0.09138,0.0913,0.09134,820014,74894.37115
DOGEUSDT,1775978400000,2026-04-12 07:20:00,2026-04-12 16:20:00,0.09133,0.09141,0.09133,0.09137,635242,58049.28944
DOGEUSDT,1775978700000,2026-04-12 07:25:00,2026-04-12 16:25:00,0.09137,0.09137,0.0913,0.09135,799326,73005.7793
DOGEUSDT,1775979000000,2026-04-12 07:30:00,2026-04-12 16:30:00,0.09134,0.0914,0.09128,0.09138,2215821,202390.70471
DOGEUSDT,1775979300000,2026-04-12 07:35:00,2026-04-12 16:35:00,0.09138,0.09149,0.09138,0.09146,812740,74313.23519
DOGEUSDT,1775979600000,2026-04-12 07:40:00,2026-04-12 16:40:00,0.09145,0.09146,0.09143,0.09144,598015,54685.03953
DOGEUSDT,1775979900000,2026-04-12 07:45:00,2026-04-12 16:45:00,0.09144,0.09146,0.09138,0.0914,5514753,504164.89633
DOGEUSDT,1775980200000,2026-04-12 07:50:00,2026-04-12 16:50:00,0.09141,0.09145,0.0914,0.09144,688879,62976.33349
DOGEUSDT,1775980500000,2026-04-12 07:55:00,2026-04-12 16:55:00,0.09145,0.09146,0.09138,0.09139,6903740,631213.03781
DOGEUSDT,1775980800000,2026-04-12 08:00:00,2026-04-12 17:00:00,0.09138,0.0914,0.09133,0.09135,1899607,173553.16361
DOGEUSDT,1775981100000,2026-04-12 08:05:00,2026-04-12 17:05:00,0.09134,0.09138,0.09134,0.09134,381080,34812.71442
DOGEUSDT,1775981400000,2026-04-12 08:10:00,2026-04-12 17:10:00,0.09135,0.09136,0.09133,0.09133,494939,45207.69477
DOGEUSDT,1775981700000,2026-04-12 08:15:00,2026-04-12 17:15:00,0.09133,0.09138,0.09131,0.09132,2714240,247936.73672
DOGEUSDT,1775982000000,2026-04-12 08:20:00,2026-04-12 17:20:00,0.09133,0.09141,0.09132,0.09138,427833,39085.0799
DOGEUSDT,1775982300000,2026-04-12 08:25:00,2026-04-12 17:25:00,0.09139,0.09142,0.09136,0.09137,955564,87325.48918
DOGEUSDT,1775982600000,2026-04-12 08:30:00,2026-04-12 17:30:00,0.09137,0.09139,0.09132,0.09134,1127544,103004.47496
DOGEUSDT,1775982900000,2026-04-12 08:35:00,2026-04-12 17:35:00,0.09133,0.09138,0.09132,0.09136,363063,33162.18456
DOGEUSDT,1775983200000,2026-04-12 08:40:00,2026-04-12 17:40:00,0.09137,0.09139,0.09134,0.09134,713999,65227.91366
DOGEUSDT,1775983500000,2026-04-12 08:45:00,2026-04-12 17:45:00,0.09135,0.09135,0.09124,0.09126,957787,87432.90185
DOGEUSDT,1775983800000,2026-04-12 08:50:00,2026-04-12 17:50:00,0.09127,0.09129,0.09125,0.09128,2484863,226792.12887
DOGEUSDT,1775984100000,2026-04-12 08:55:00,2026-04-12 17:55:00,0.09127,0.09131,0.09124,0.09128,2247703,205139.88288
DOGEUSDT,1775984400000,2026-04-12 09:00:00,2026-04-12 18:00:00,0.09129,0.09129,0.09122,0.09124,2496969,227833.03694
DOGEUSDT,1775984700000,2026-04-12 09:05:00,2026-04-12 18:05:00,0.09123,0.09127,0.0912,0.09121,1170233,106758.76664
DOGEUSDT,1775985000000,2026-04-12 09:10:00,2026-04-12 18:10:00,0.09122,0.09123,0.09117,0.09121,727205,66321.23809
DOGEUSDT,1775985300000,2026-04-12 09:15:00,2026-04-12 18:15:00,0.09122,0.09123,0.09119,0.09122,522667,47677.6799
DOGEUSDT,1775985600000,2026-04-12 09:20:00,2026-04-12 18:20:00,0.09121,0.09125,0.09118,0.09122,1339227,122164.84797
DOGEUSDT,1775985900000,2026-04-12 09:25:00,2026-04-12 18:25:00,0.09122,0.09126,0.09122,0.09123,964794,88024.10533
DOGEUSDT,1775986200000,2026-04-12 09:30:00,2026-04-12 18:30:00,0.09124,0.09126,0.09122,0.09126,198842,18145.23357
DOGEUSDT,1775986500000,2026-04-12 09:35:00,2026-04-12 18:35:00,0.09126,0.09126,0.09119,0.09125,832907,75978.86292
DOGEUSDT,1775986800000,2026-04-12 09:40:00,2026-04-12 18:40:00,0.09125,0.09127,0.09119,0.09122,894307,81588.68624
DOGEUSDT,1775987100000,2026-04-12 09:45:00,2026-04-12 18:45:00,0.09122,0.09124,0.09113,0.09117,1158110,105581.3657
DOGEUSDT,1775987400000,2026-04-12 09:50:00,2026-04-12 18:50:00,0.09116,0.09119,0.09114,0.09118,310931,28349.42813
DOGEUSDT,1775987700000,2026-04-12 09:55:00,2026-04-12 18:55:00,0.09118,0.09121,0.09118,0.09121,529651,48302.91968
DOGEUSDT,1775988000000,2026-04-12 10:00:00,2026-04-12 19:00:00,0.09121,0.09122,0.09112,0.09114,738642,67331.16305
DOGEUSDT,1775988300000,2026-04-12 10:05:00,2026-04-12 19:05:00,0.09113,0.09125,0.09112,0.09125,2223525,202684.64847
DOGEUSDT,1775988600000,2026-04-12 10:10:00,2026-04-12 19:10:00,0.09125,0.09125,0.09112,0.09113,4532303,413065.28674
DOGEUSDT,1775988900000,2026-04-12 10:15:00,2026-04-12 19:15:00,0.09113,0.09114,0.09112,0.09113,1708500,155709.62604
DOGEUSDT,1775989200000,2026-04-12 10:20:00,2026-04-12 19:20:00,0.09112,0.09117,0.09112,0.09115,4710095,429307.9569
DOGEUSDT,1775989500000,2026-04-12 10:25:00,2026-04-12 19:25:00,0.09116,0.09116,0.09112,0.09115,718725,65513.5944
DOGEUSDT,1775989800000,2026-04-12 10:30:00,2026-04-12 19:30:00,0.09115,0.09115,0.09113,0.09115,337123,30726.06707
DOGEUSDT,1775990100000,2026-04-12 10:35:00,2026-04-12 19:35:00,0.09115,0.09116,0.09112,0.09114,883548,80526.89591
DOGEUSDT,1775990400000,2026-04-12 10:40:00,2026-04-12 19:40:00,0.09114,0.09116,0.09113,0.09114,279335,25460.56996
DOGEUSDT,1775990700000,2026-04-12 10:45:00,2026-04-12 19:45:00,0.09114,0.09116,0.09112,0.09114,3126704,284972.80991
DOGEUSDT,1775991000000,2026-04-12 10:50:00,2026-04-12 19:50:00,0.09115,0.09116,0.09094,0.09102,7765951,707098.65595
DOGEUSDT,1775991300000,2026-04-12 10:55:00,2026-04-12 19:55:00,0.09101,0.0911,0.09095,0.09107,10521529,957714.82446
DOGEUSDT,1775991600000,2026-04-12 11:00:00,2026-04-12 20:00:00,0.09107,0.09112,0.09101,0.09105,6677315,608032.51861
DOGEUSDT,1775991900000,2026-04-12 11:05:00,2026-04-12 20:05:00,0.09105,0.09115,0.09101,0.09113,697007,63486.30214
DOGEUSDT,1775992200000,2026-04-12 11:10:00,2026-04-12 20:10:00,0.09113,0.09135,0.09111,0.09128,1844337,168255.58265
DOGEUSDT,1775992500000,2026-04-12 11:15:00,2026-04-12 20:15:00,0.09128,0.09128,0.09121,0.09122,1139761,103987.3734
DOGEUSDT,1775992800000,2026-04-12 11:20:00,2026-04-12 20:20:00,0.09121,0.09127,0.09121,0.09123,578367,52771.04068
DOGEUSDT,1775993100000,2026-04-12 11:25:00,2026-04-12 20:25:00,0.09124,0.09131,0.09123,0.09131,442563,40390.70037
DOGEUSDT,1775993400000,2026-04-12 11:30:00,2026-04-12 20:30:00,0.0913,0.09132,0.09126,0.09126,816762,74564.79264
DOGEUSDT,1775993700000,2026-04-12 11:35:00,2026-04-12 20:35:00,0.09126,0.09128,0.09123,0.09123,668423,60997.55839
DOGEUSDT,1775994000000,2026-04-12 11:40:00,2026-04-12 20:40:00,0.09124,0.09133,0.09124,0.09131,1482857,135385.97278
DOGEUSDT,1775994300000,2026-04-12 11:45:00,2026-04-12 20:45:00,0.09131,0.09134,0.09131,0.09132,967888,88391.05023
DOGEUSDT,1775994600000,2026-04-12 11:50:00,2026-04-12 20:50:00,0.09131,0.09134,0.0913,0.09134,299224,27325.11262
DOGEUSDT,1775994900000,2026-04-12 11:55:00,2026-04-12 20:55:00,0.09134,0.09134,0.09131,0.09132,212995,19452.82853
DOGEUSDT,1775995200000,2026-04-12 12:00:00,2026-04-12 21:00:00,0.09131,0.09133,0.09122,0.09124,659656,60210.172
DOGEUSDT,1775995500000,2026-04-12 12:05:00,2026-04-12 21:05:00,0.09124,0.09125,0.0912,0.09124,723065,65959.83236
DOGEUSDT,1775995800000,2026-04-12 12:10:00,2026-04-12 21:10:00,0.09125,0.09127,0.09122,0.09123,279618,25513.61731
DOGEUSDT,1775996100000,2026-04-12 12:15:00,2026-04-12 21:15:00,0.09123,0.09124,0.0912,0.09124,172800,15762.4517
DOGEUSDT,1775996400000,2026-04-12 12:20:00,2026-04-12 21:20:00,0.09124,0.09127,0.09122,0.09126,455878,41595.51174
DOGEUSDT,1775996700000,2026-04-12 12:25:00,2026-04-12 21:25:00,0.09127,0.09131,0.09124,0.09131,1993628,181967.72686
DOGEUSDT,1775997000000,2026-04-12 12:30:00,2026-04-12 21:30:00,0.0913,0.09131,0.09115,0.0912,1434474,130846.8375
DOGEUSDT,1775997300000,2026-04-12 12:35:00,2026-04-12 21:35:00,0.09119,0.09132,0.09118,0.09132,1188816,108503.63764
DOGEUSDT,1775997600000,2026-04-12 12:40:00,2026-04-12 21:40:00,0.09131,0.09141,0.09129,0.09135,2997372,273777.33607
DOGEUSDT,1775997900000,2026-04-12 12:45:00,2026-04-12 21:45:00,0.09136,0.0914,0.09132,0.09134,1358863,124132.99797
DOGEUSDT,1775998200000,2026-04-12 12:50:00,2026-04-12 21:50:00,0.09133,0.09134,0.09093,0.09117,11989068,1092459.86303
DOGEUSDT,1775998500000,2026-04-12 12:55:00,2026-04-12 21:55:00,0.09117,0.09122,0.09101,0.09102,3531603,321754.71671
DOGEUSDT,1775998800000,2026-04-12 13:00:00,2026-04-12 22:00:00,0.09102,0.09105,0.09082,0.09103,10652589,968769.05138
DOGEUSDT,1775999100000,2026-04-12 13:05:00,2026-04-12 22:05:00,0.09102,0.09119,0.091,0.09114,5116153,466127.94083
DOGEUSDT,1775999400000,2026-04-12 13:10:00,2026-04-12 22:10:00,0.09114,0.09115,0.09096,0.09101,2183079,198692.93361
DOGEUSDT,1775999700000,2026-04-12 13:15:00,2026-04-12 22:15:00,0.09101,0.09114,0.091,0.0911,3091580,281496.8246
DOGEUSDT,1776000000000,2026-04-12 13:20:00,2026-04-12 22:20:00,0.0911,0.09115,0.09109,0.09115,733218,66815.84954
DOGEUSDT,1776000300000,2026-04-12 13:25:00,2026-04-12 22:25:00,0.09116,0.09119,0.0911,0.0911,2090577,190561.56268
DOGEUSDT,1776000600000,2026-04-12 13:30:00,2026-04-12 22:30:00,0.09111,0.09114,0.091,0.09113,2191702,199616.14684
DOGEUSDT,1776000900000,2026-04-12 13:35:00,2026-04-12 22:35:00,0.09112,0.09114,0.09093,0.09098,2732372,248729.00847
DOGEUSDT,1776001200000,2026-04-12 13:40:00,2026-04-12 22:40:00,0.09098,0.09101,0.09092,0.09097,2338431,212730.8066
DOGEUSDT,1776001500000,2026-04-12 13:45:00,2026-04-12 22:45:00,0.09097,0.09098,0.09079,0.09097,2253207,204783.78966
DOGEUSDT,1776001800000,2026-04-12 13:50:00,2026-04-12 22:50:00,0.09096,0.09096,0.0907,0.09071,4531206,411372.68027
DOGEUSDT,1776002100000,2026-04-12 13:55:00,2026-04-12 22:55:00,0.09072,0.0908,0.09068,0.09072,1670574,151572.05333
DOGEUSDT,1776002400000,2026-04-12 14:00:00,2026-04-12 23:00:00,0.09071,0.0908,0.09066,0.09073,2457002,222922.2988
DOGEUSDT,1776002700000,2026-04-12 14:05:00,2026-04-12 23:05:00,0.09074,0.09083,0.09073,0.09081,1159224,105242.35557
DOGEUSDT,1776003000000,2026-04-12 14:10:00,2026-04-12 23:10:00,0.09082,0.09082,0.09075,0.09076,1357428,123234.58859
DOGEUSDT,1776003300000,2026-04-12 14:15:00,2026-04-12 23:15:00,0.09076,0.09081,0.09075,0.09077,1084100,98408.20896
DOGEUSDT,1776003600000,2026-04-12 14:20:00,2026-04-12 23:20:00,0.09078,0.09092,0.09076,0.0909,2364605,214815.87512
DOGEUSDT,1776003900000,2026-04-12 14:25:00,2026-04-12 23:25:00,0.09089,0.0909,0.09084,0.09088,591905,53782.59289
DOGEUSDT,1776004200000,2026-04-12 14:30:00,2026-04-12 23:30:00,0.09088,0.09091,0.09081,0.09085,1315834,119558.72108
DOGEUSDT,1776004500000,2026-04-12 14:35:00,2026-04-12 23:35:00,0.09085,0.0909,0.09076,0.09076,763609,69372.46377
DOGEUSDT,1776004800000,2026-04-12 14:40:00,2026-04-12 23:40:00,0.09076,0.09081,0.09043,0.09056,25195184,2280947.19975
DOGEUSDT,1776005100000,2026-04-12 14:45:00,2026-04-12 23:45:00,0.09056,0.09056,0.09039,0.09052,6713459,607293.57177
DOGEUSDT,1776005400000,2026-04-12 14:50:00,2026-04-12 23:50:00,0.09051,0.09063,0.09049,0.09052,2659505,240831.64889
DOGEUSDT,1776005700000,2026-04-12 14:55:00,2026-04-12 23:55:00,0.09053,0.0906,0.09048,0.09049,2198965,199103.72567
DOGEUSDT,1776006000000,2026-04-12 15:00:00,2026-04-13 00:00:00,0.0905,0.09053,0.09039,0.0905,3518709,318303.98757
DOGEUSDT,1776006300000,2026-04-12 15:05:00,2026-04-13 00:05:00,0.09049,0.09056,0.09048,0.09053,977399,88484.78093
DOGEUSDT,1776006600000,2026-04-12 15:10:00,2026-04-13 00:10:00,0.09054,0.09059,0.09052,0.09054,1036585,93877.04908
DOGEUSDT,1776006900000,2026-04-12 15:15:00,2026-04-13 00:15:00,0.09055,0.09055,0.09035,0.09048,3281048,296777.11982
DOGEUSDT,1776007200000,2026-04-12 15:20:00,2026-04-13 00:20:00,0.09049,0.09056,0.09047,0.0905,1678297,151902.62924
DOGEUSDT,1776007500000,2026-04-12 15:25:00,2026-04-13 00:25:00,0.0905,0.09053,0.09041,0.09042,1983327,179429.98541
DOGEUSDT,1776007800000,2026-04-12 15:30:00,2026-04-13 00:30:00,0.09041,0.09054,0.09028,0.09048,6166707,557622.09726
DOGEUSDT,1776008100000,2026-04-12 15:35:00,2026-04-13 00:35:00,0.09048,0.09056,0.09047,0.09055,1216438,110111.23142
DOGEUSDT,1776008400000,2026-04-12 15:40:00,2026-04-13 00:40:00,0.09056,0.09064,0.09056,0.0906,1216240,110198.47745
DOGEUSDT,1776008700000,2026-04-12 15:45:00,2026-04-13 00:45:00,0.0906,0.09066,0.09059,0.09064,1395898,126509.51122
DOGEUSDT,1776009000000,2026-04-12 15:50:00,2026-04-13 00:50:00,0.09064,0.09072,0.09063,0.09068,1753615,158999.47436
DOGEUSDT,1776009300000,2026-04-12 15:55:00,2026-04-13 00:55:00,0.09068,0.09068,0.09063,0.09064,386757,35061.42811
DOGEUSDT,1776009600000,2026-04-12 16:00:00,2026-04-13 01:00:00,0.09065,0.09072,0.09058,0.09068,2102006,190535.47774
DOGEUSDT,1776009900000,2026-04-12 16:05:00,2026-04-13 01:05:00,0.09068,0.09071,0.09054,0.09056,2377444,215471.8001
DOGEUSDT,1776010200000,2026-04-12 16:10:00,2026-04-13 01:10:00,0.09057,0.09075,0.09056,0.0907,1309637,118760.81892
DOGEUSDT,1776010500000,2026-04-12 16:15:00,2026-04-13 01:15:00,0.0907,0.09074,0.09063,0.09064,691682,62731.71076
DOGEUSDT,1776010800000,2026-04-12 16:20:00,2026-04-13 01:20:00,0.09065,0.09075,0.09056,0.09074,714693,64783.88064
DOGEUSDT,1776011100000,2026-04-12 16:25:00,2026-04-13 01:25:00,0.09074,0.09077,0.09071,0.09076,586351,53209.56284
DOGEUSDT,1776011400000,2026-04-12 16:30:00,2026-04-13 01:30:00,0.09076,0.0908,0.09075,0.09079,613331,55679.93238
DOGEUSDT,1776011700000,2026-04-12 16:35:00,2026-04-13 01:35:00,0.09078,0.09079,0.09071,0.09072,796769,72305.17046
DOGEUSDT,1776012000000,2026-04-12 16:40:00,2026-04-13 01:40:00,0.09071,0.09076,0.09071,0.09071,908116,82394.47642
DOGEUSDT,1776012300000,2026-04-12 16:45:00,2026-04-13 01:45:00,0.09071,0.09074,0.09065,0.09067,461512,41852.20007
DOGEUSDT,1776012600000,2026-04-12 16:50:00,2026-04-13 01:50:00,0.09066,0.09078,0.09066,0.09076,952791,86460.17553
DOGEUSDT,1776012900000,2026-04-12 16:55:00,2026-04-13 01:55:00,0.09077,0.09077,0.09058,0.09071,2226516,201863.71829
DOGEUSDT,1776013200000,2026-04-12 17:00:00,2026-04-13 02:00:00,0.09072,0.09083,0.0907,0.09077,3957703,359155.66089
DOGEUSDT,1776013500000,2026-04-12 17:05:00,2026-04-13 02:05:00,0.09078,0.09082,0.09077,0.09079,963295,87463.8121
DOGEUSDT,1776013800000,2026-04-12 17:10:00,2026-04-13 02:10:00,0.09078,0.09078,0.09064,0.09067,749135,67932.36391
DOGEUSDT,1776014100000,2026-04-12 17:15:00,2026-04-13 02:15:00,0.09067,0.09075,0.09066,0.09072,1083872,98329.02507
DOGEUSDT,1776014400000,2026-04-12 17:20:00,2026-04-13 02:20:00,0.09071,0.09085,0.09071,0.09082,3061722,278034.76308
DOGEUSDT,1776014700000,2026-04-12 17:25:00,2026-04-13 02:25:00,0.09082,0.09085,0.09077,0.09078,1889527,171566.14096
DOGEUSDT,1776015000000,2026-04-12 17:30:00,2026-04-13 02:30:00,0.09077,0.09083,0.09074,0.09079,2211187,200750.7107
DOGEUSDT,1776015300000,2026-04-12 17:35:00,2026-04-13 02:35:00,0.09079,0.09084,0.09075,0.09084,637859,57911.90647
DOGEUSDT,1776015600000,2026-04-12 17:40:00,2026-04-13 02:40:00,0.09084,0.0909,0.09083,0.09089,448036,40718.03884
DOGEUSDT,1776015900000,2026-04-12 17:45:00,2026-04-13 02:45:00,0.09088,0.0909,0.0908,0.09089,1392964,126555.01495
DOGEUSDT,1776016200000,2026-04-12 17:50:00,2026-04-13 02:50:00,0.09089,0.09121,0.09089,0.09108,2838601,258548.711
DOGEUSDT,1776016500000,2026-04-12 17:55:00,2026-04-13 02:55:00,0.09108,0.09118,0.09105,0.0911,1729814,157570.4241
DOGEUSDT,1776016800000,2026-04-12 18:00:00,2026-04-13 03:00:00,0.09111,0.0912,0.09105,0.09118,2868244,261339.09807
DOGEUSDT,1776017100000,2026-04-12 18:05:00,2026-04-13 03:05:00,0.09118,0.09122,0.09107,0.09112,1119988,102097.49767
DOGEUSDT,1776017400000,2026-04-12 18:10:00,2026-04-13 03:10:00,0.09111,0.09119,0.09108,0.09118,1099418,100192.67961
DOGEUSDT,1776017700000,2026-04-12 18:15:00,2026-04-13 03:15:00,0.09117,0.09125,0.09108,0.09108,2053311,187177.61859
DOGEUSDT,1776018000000,2026-04-12 18:20:00,2026-04-13 03:20:00,0.09108,0.0911,0.09106,0.0911,636525,57974.5367
DOGEUSDT,1776018300000,2026-04-12 18:25:00,2026-04-13 03:25:00,0.09109,0.0911,0.09102,0.09102,423468,38567.70786
DOGEUSDT,1776018600000,2026-04-12 18:30:00,2026-04-13 03:30:00,0.09102,0.09112,0.09101,0.09112,963728,87781.54658
DOGEUSDT,1776018900000,2026-04-12 18:35:00,2026-04-13 03:35:00,0.09111,0.0913,0.0911,0.09125,2137565,194979.85667
DOGEUSDT,1776019200000,2026-04-12 18:40:00,2026-04-13 03:40:00,0.09125,0.09126,0.09115,0.09122,530990,48439.30335
DOGEUSDT,1776019500000,2026-04-12 18:45:00,2026-04-13 03:45:00,0.09122,0.09122,0.09115,0.09115,352456,32136.49849
DOGEUSDT,1776019800000,2026-04-12 18:50:00,2026-04-13 03:50:00,0.09116,0.09116,0.09111,0.09113,671159,61169.35806
DOGEUSDT,1776020100000,2026-04-12 18:55:00,2026-04-13 03:55:00,0.09113,0.09116,0.09109,0.09111,2898210,264086.46687
DOGEUSDT,1776020400000,2026-04-12 19:00:00,2026-04-13 04:00:00,0.09111,0.09117,0.0911,0.09117,1160194,105740.93752
DOGEUSDT,1776020700000,2026-04-12 19:05:00,2026-04-13 04:05:00,0.09116,0.09125,0.09116,0.09122,1235024,112652.03583
DOGEUSDT,1776021000000,2026-04-12 19:10:00,2026-04-13 04:10:00,0.09122,0.0913,0.09122,0.09122,1280324,116852.37995
DOGEUSDT,1776021300000,2026-04-12 19:15:00,2026-04-13 04:15:00,0.09123,0.09124,0.09114,0.09119,504621,46014.80635
DOGEUSDT,1776021600000,2026-04-12 19:20:00,2026-04-13 04:20:00,0.09118,0.09121,0.09113,0.09118,461282,42049.70156
DOGEUSDT,1776021900000,2026-04-12 19:25:00,2026-04-13 04:25:00,0.09118,0.09119,0.09114,0.09118,179156,16332.76034
DOGEUSDT,1776022200000,2026-04-12 19:30:00,2026-04-13 04:30:00,0.09118,0.0912,0.09112,0.0912,2050006,186844.65821
DOGEUSDT,1776022500000,2026-04-12 19:35:00,2026-04-13 04:35:00,0.0912,0.0912,0.09106,0.0911,541306,49317.94857
DOGEUSDT,1776022800000,2026-04-12 19:40:00,2026-04-13 04:40:00,0.0911,0.09113,0.09109,0.09109,575342,52423.55358
DOGEUSDT,1776023100000,2026-04-12 19:45:00,2026-04-13 04:45:00,0.09109,0.0911,0.091,0.09103,916189,83400.96869
DOGEUSDT,1776023400000,2026-04-12 19:50:00,2026-04-13 04:50:00,0.09102,0.09102,0.09084,0.091,3426104,311511.4773
DOGEUSDT,1776023700000,2026-04-12 19:55:00,2026-04-13 04:55:00,0.09099,0.09099,0.0909,0.09092,421845,38367.43948
DOGEUSDT,1776024000000,2026-04-12 20:00:00,2026-04-13 05:00:00,0.09091,0.09103,0.09091,0.09096,1801229,163869.84064
DOGEUSDT,1776024300000,2026-04-12 20:05:00,2026-04-13 05:05:00,0.09097,0.09098,0.09087,0.09089,760229,69121.46053
DOGEUSDT,1776024600000,2026-04-12 20:10:00,2026-04-13 05:10:00,0.09088,0.09098,0.09087,0.09095,390051,35459.83121
DOGEUSDT,1776024900000,2026-04-12 20:15:00,2026-04-13 05:15:00,0.09094,0.09097,0.09086,0.09097,689147,62648.9478
DOGEUSDT,1776025200000,2026-04-12 20:20:00,2026-04-13 05:20:00,0.09098,0.09099,0.09085,0.09094,875227,79577.12949
DOGEUSDT,1776025500000,2026-04-12 20:25:00,2026-04-13 05:25:00,0.09093,0.09095,0.0909,0.0909,105829,9623.79725
DOGEUSDT,1776025800000,2026-04-12 20:30:00,2026-04-13 05:30:00,0.09091,0.09107,0.0909,0.09105,846289,76993.71873
DOGEUSDT,1776026100000,2026-04-12 20:35:00,2026-04-13 05:35:00,0.09104,0.09121,0.09104,0.09118,2388168,217681.08273
DOGEUSDT,1776026400000,2026-04-12 20:40:00,2026-04-13 05:40:00,0.09119,0.0917,0.09119,0.09153,4588157,419708.53915
DOGEUSDT,1776026700000,2026-04-12 20:45:00,2026-04-13 05:45:00,0.09154,0.09162,0.09137,0.0914,1043483,95507.12949
DOGEUSDT,1776027000000,2026-04-12 20:50:00,2026-04-13 05:50:00,0.09141,0.09152,0.09139,0.09144,615098,56245.40964
DOGEUSDT,1776027300000,2026-04-12 20:55:00,2026-04-13 05:55:00,0.09143,0.09155,0.09141,0.09154,908659,83135.92846
DOGEUSDT,1776027600000,2026-04-12 21:00:00,2026-04-13 06:00:00,0.09154,0.09174,0.09153,0.09158,1046706,95884.58476
DOGEUSDT,1776027900000,2026-04-12 21:05:00,2026-04-13 06:05:00,0.09159,0.09159,0.09139,0.0914,699414,63989.95651
DOGEUSDT,1776028200000,2026-04-12 21:10:00,2026-04-13 06:10:00,0.0914,0.09144,0.0912,0.09133,1415869,129300.70238
DOGEUSDT,1776028500000,2026-04-12 21:15:00,2026-04-13 06:15:00,0.09134,0.09144,0.09132,0.09138,344877,31516.49118
DOGEUSDT,1776028800000,2026-04-12 21:20:00,2026-04-13 06:20:00,0.09139,0.09141,0.09136,0.09139,268642,24546.12728
DOGEUSDT,1776029100000,2026-04-12 21:25:00,2026-04-13 06:25:00,0.09138,0.09141,0.09133,0.0914,285077,26051.92805
DOGEUSDT,1776029400000,2026-04-12 21:30:00,2026-04-13 06:30:00,0.09139,0.09143,0.09131,0.09131,568606,51963.50703
DOGEUSDT,1776029700000,2026-04-12 21:35:00,2026-04-13 06:35:00,0.0913,0.09145,0.09127,0.09143,361205,32998.85503
DOGEUSDT,1776030000000,2026-04-12 21:40:00,2026-04-13 06:40:00,0.09143,0.09149,0.0914,0.0914,631094,57716.28753
DOGEUSDT,1776030300000,2026-04-12 21:45:00,2026-04-13 06:45:00,0.09141,0.09143,0.09131,0.09132,194552,17779.99859
DOGEUSDT,1776030600000,2026-04-12 21:50:00,2026-04-13 06:50:00,0.09132,0.09133,0.09127,0.09128,243337,22219.61261
DOGEUSDT,1776030900000,2026-04-12 21:55:00,2026-04-13 06:55:00,0.09128,0.09138,0.09127,0.09136,325229,29697.70452
DOGEUSDT,1776031200000,2026-04-12 22:00:00,2026-04-13 07:00:00,0.09135,0.09135,0.09073,0.09087,4076810,370609.70164
DOGEUSDT,1776031500000,2026-04-12 22:05:00,2026-04-13 07:05:00,0.09087,0.09124,0.09083,0.09117,2259866,205851.52226
DOGEUSDT,1776031800000,2026-04-12 22:10:00,2026-04-13 07:10:00,0.09116,0.09116,0.09091,0.09113,1433758,130525.61754
DOGEUSDT,1776032100000,2026-04-12 22:15:00,2026-04-13 07:15:00,0.09112,0.09113,0.09073,0.09083,2074813,188580.05822
DOGEUSDT,1776032400000,2026-04-12 22:20:00,2026-04-13 07:20:00,0.09083,0.09105,0.09083,0.09096,1243131,113053.81238
DOGEUSDT,1776032700000,2026-04-12 22:25:00,2026-04-13 07:25:00,0.09096,0.09098,0.09068,0.09081,1864405,169223.03651
DOGEUSDT,1776033000000,2026-04-12 22:30:00,2026-04-13 07:30:00,0.09082,0.09082,0.09058,0.0908,2763509,250565.66209
DOGEUSDT,1776033300000,2026-04-12 22:35:00,2026-04-13 07:35:00,0.09079,0.091,0.09076,0.09096,1215225,110471.94229
DOGEUSDT,1776033600000,2026-04-12 22:40:00,2026-04-13 07:40:00,0.09095,0.09106,0.09086,0.0909,577473,52527.19279
DOGEUSDT,1776033900000,2026-04-12 22:45:00,2026-04-13 07:45:00,0.09091,0.09098,0.09083,0.09084,318856,28986.7266
DOGEUSDT,1776034200000,2026-04-12 22:50:00,2026-04-13 07:50:00,0.09083,0.09094,0.09083,0.09088,166325,15115.46464
DOGEUSDT,1776034500000,2026-04-12 22:55:00,2026-04-13 07:55:00,0.09088,0.09106,0.09087,0.09102,6450339,587024.15295
DOGEUSDT,1776034800000,2026-04-12 23:00:00,2026-04-13 08:00:00,0.09102,0.09102,0.09073,0.09091,1764394,160248.55903
DOGEUSDT,1776035100000,2026-04-12 23:05:00,2026-04-13 08:05:00,0.09091,0.09095,0.09078,0.09081,698164,63412.57371
DOGEUSDT,1776035400000,2026-04-12 23:10:00,2026-04-13 08:10:00,0.09081,0.09089,0.09066,0.09067,3659525,332320.3906
DOGEUSDT,1776035700000,2026-04-12 23:15:00,2026-04-13 08:15:00,0.09067,0.09069,0.0905,0.09068,3018317,273411.62586
DOGEUSDT,1776036000000,2026-04-12 23:20:00,2026-04-13 08:20:00,0.09069,0.0907,0.09051,0.09052,843228,76386.102
DOGEUSDT,1776036300000,2026-04-12 23:25:00,2026-04-13 08:25:00,0.09051,0.09071,0.09051,0.09066,1189997,107888.93883
DOGEUSDT,1776036600000,2026-04-12 23:30:00,2026-04-13 08:30:00,0.09066,0.0908,0.09055,0.09062,6241147,565978.23223
DOGEUSDT,1776036900000,2026-04-12 23:35:00,2026-04-13 08:35:00,0.09063,0.09072,0.09061,0.09063,1158378,105044.75779
DOGEUSDT,1776037200000,2026-04-12 23:40:00,2026-04-13 08:40:00,0.09063,0.09072,0.09053,0.09072,4032110,365522.53995
DOGEUSDT,1776037500000,2026-04-12 23:45:00,2026-04-13 08:45:00,0.09073,0.09074,0.09065,0.09068,174737,15847.82487
DOGEUSDT,1776037800000,2026-04-12 23:50:00,2026-04-13 08:50:00,0.09068,0.09094,0.09068,0.09078,1184401,107592.78285
DOGEUSDT,1776038100000,2026-04-12 23:55:00,2026-04-13 08:55:00,0.09079,0.09087,0.09079,0.09084,646264,58705.54745
DOGEUSDT,1776038400000,2026-04-13 00:00:00,2026-04-13 09:00:00,0.09085,0.09098,0.09076,0.09098,1238167,112523.49177
DOGEUSDT,1776038700000,2026-04-13 00:05:00,2026-04-13 09:05:00,0.09098,0.09113,0.09095,0.09111,791916,72089.91991
DOGEUSDT,1776039000000,2026-04-13 00:10:00,2026-04-13 09:10:00,0.09111,0.09117,0.09106,0.09109,5701935,519516.99613
DOGEUSDT,1776039300000,2026-04-13 00:15:00,2026-04-13 09:15:00,0.09109,0.09111,0.091,0.091,574662,52311.80506
DOGEUSDT,1776039600000,2026-04-13 00:20:00,2026-04-13 09:20:00,0.091,0.09109,0.091,0.09108,880471,80165.48673
DOGEUSDT,1776039900000,2026-04-13 00:25:00,2026-04-13 09:25:00,0.09109,0.09135,0.09106,0.09117,1223747,111654.77074
DOGEUSDT,1776040200000,2026-04-13 00:30:00,2026-04-13 09:30:00,0.09118,0.09135,0.09113,0.09133,400757,36561.42396
DOGEUSDT,1776040500000,2026-04-13 00:35:00,2026-04-13 09:35:00,0.09132,0.09132,0.09121,0.09121,869816,79365.6102
DOGEUSDT,1776040800000,2026-04-13 00:40:00,2026-04-13 09:40:00,0.0912,0.09129,0.09119,0.09125,689166,62878.60819
DOGEUSDT,1776041100000,2026-04-13 00:45:00,2026-04-13 09:45:00,0.09126,0.09129,0.09116,0.09124,598727,54631.33177
DOGEUSDT,1776041400000,2026-04-13 00:50:00,2026-04-13 09:50:00,0.09124,0.09152,0.09124,0.09139,4719352,431563.792
DOGEUSDT,1776041700000,2026-04-13 00:55:00,2026-04-13 09:55:00,0.09139,0.0914,0.09131,0.09134,779861,71234.96338
DOGEUSDT,1776042000000,2026-04-13 01:00:00,2026-04-13 10:00:00,0.09134,0.09139,0.09129,0.09133,808356,73846.37146
DOGEUSDT,1776042300000,2026-04-13 01:05:00,2026-04-13 10:05:00,0.09133,0.09134,0.09125,0.0913,143559,13104.36174
DOGEUSDT,1776042600000,2026-04-13 01:10:00,2026-04-13 10:10:00,0.0913,0.09151,0.0913,0.09133,1341472,122633.25699
DOGEUSDT,1776042900000,2026-04-13 01:15:00,2026-04-13 10:15:00,0.09134,0.09135,0.09128,0.09135,507565,46350.9131
DOGEUSDT,1776043200000,2026-04-13 01:20:00,2026-04-13 10:20:00,0.09134,0.0914,0.09129,0.09131,366766,33493.58918
DOGEUSDT,1776043500000,2026-04-13 01:25:00,2026-04-13 10:25:00,0.0913,0.09135,0.09123,0.09129,3336388,304523.21005
DOGEUSDT,1776043800000,2026-04-13 01:30:00,2026-04-13 10:30:00,0.0913,0.09139,0.09118,0.09139,6110443,557764.79459
DOGEUSDT,1776044100000,2026-04-13 01:35:00,2026-04-13 10:35:00,0.09139,0.09147,0.09115,0.09116,5227375,477164.58909
DOGEUSDT,1776044400000,2026-04-13 01:40:00,2026-04-13 10:40:00,0.09116,0.09122,0.09104,0.09109,4331755,394811.95167
DOGEUSDT,1776044700000,2026-04-13 01:45:00,2026-04-13 10:45:00,0.09109,0.0914,0.09105,0.09137,4728571,431429.08983
DOGEUSDT,1776045000000,2026-04-13 01:50:00,2026-04-13 10:50:00,0.09136,0.09145,0.09136,0.09138,2083871,190495.99441
DOGEUSDT,1776045300000,2026-04-13 01:55:00,2026-04-13 10:55:00,0.09138,0.09146,0.09137,0.09142,648923,59311.12256
DOGEUSDT,1776045600000,2026-04-13 02:00:00,2026-04-13 11:00:00,0.09141,0.09148,0.09135,0.09145,1679871,153594.76257
DOGEUSDT,1776045900000,2026-04-13 02:05:00,2026-04-13 11:05:00,0.09145,0.09145,0.09137,0.0914,551149,50382.94256
DOGEUSDT,1776046200000,2026-04-13 02:10:00,2026-04-13 11:10:00,0.0914,0.0914,0.09114,0.09119,2343877,213889.05699
DOGEUSDT,1776046500000,2026-04-13 02:15:00,2026-04-13 11:15:00,0.09119,0.0913,0.09119,0.09125,263217,24018.07539
DOGEUSDT,1776046800000,2026-04-13 02:20:00,2026-04-13 11:20:00,0.09125,0.09131,0.09125,0.09131,904380,82560.28699
DOGEUSDT,1776047100000,2026-04-13 02:25:00,2026-04-13 11:25:00,0.09131,0.09154,0.09129,0.09132,1302534,119051.34536
DOGEUSDT,1776047400000,2026-04-13 02:30:00,2026-04-13 11:30:00,0.09133,0.09139,0.09126,0.09128,247492,22601.29285
DOGEUSDT,1776047700000,2026-04-13 02:35:00,2026-04-13 11:35:00,0.09128,0.09131,0.09102,0.09108,1403321,127864.1346
DOGEUSDT,1776048000000,2026-04-13 02:40:00,2026-04-13 11:40:00,0.09107,0.0911,0.09103,0.09107,560522,51039.62894
DOGEUSDT,1776048300000,2026-04-13 02:45:00,2026-04-13 11:45:00,0.09106,0.0911,0.09105,0.0911,741590,67554.29631
DOGEUSDT,1776048600000,2026-04-13 02:50:00,2026-04-13 11:50:00,0.0911,0.0911,0.09104,0.09108,134745,12271.99933
DOGEUSDT,1776048900000,2026-04-13 02:55:00,2026-04-13 11:55:00,0.09108,0.09112,0.09105,0.0911,2080434,189486.56082
DOGEUSDT,1776049200000,2026-04-13 03:00:00,2026-04-13 12:00:00,0.09111,0.09132,0.09105,0.09131,826033,75317.84235
DOGEUSDT,1776049500000,2026-04-13 03:05:00,2026-04-13 12:05:00,0.09131,0.09132,0.0911,0.09111,1613490,147172.38842
DOGEUSDT,1776049800000,2026-04-13 03:10:00,2026-04-13 12:10:00,0.09112,0.09122,0.09111,0.0912,1005458,91652.84557
DOGEUSDT,1776050100000,2026-04-13 03:15:00,2026-04-13 12:15:00,0.09119,0.09129,0.09115,0.09124,618621,56407.98868
DOGEUSDT,1776050400000,2026-04-13 03:20:00,2026-04-13 12:20:00,0.09124,0.09127,0.09108,0.09109,797241,72689.99886
DOGEUSDT,1776050700000,2026-04-13 03:25:00,2026-04-13 12:25:00,0.09109,0.09117,0.09108,0.09111,412270,37569.64453
DOGEUSDT,1776051000000,2026-04-13 03:30:00,2026-04-13 12:30:00,0.09111,0.09121,0.09109,0.09115,160843,14662.18376
DOGEUSDT,1776051300000,2026-04-13 03:35:00,2026-04-13 12:35:00,0.09115,0.09118,0.09105,0.09112,260887,23767.18551
DOGEUSDT,1776051600000,2026-04-13 03:40:00,2026-04-13 12:40:00,0.09112,0.09123,0.09112,0.09122,461990,42116.0519
DOGEUSDT,1776051900000,2026-04-13 03:45:00,2026-04-13 12:45:00,0.09123,0.09125,0.09115,0.09121,307149,28006.85454
DOGEUSDT,1776052200000,2026-04-13 03:50:00,2026-04-13 12:50:00,0.09122,0.09123,0.09118,0.09119,75216,6860.6591
DOGEUSDT,1776052500000,2026-04-13 03:55:00,2026-04-13 12:55:00,0.09118,0.09123,0.09117,0.0912,248970,22707.39165
DOGEUSDT,1776052800000,2026-04-13 04:00:00,2026-04-13 13:00:00,0.09119,0.09126,0.09117,0.0912,313571,28600.99527
DOGEUSDT,1776053100000,2026-04-13 04:05:00,2026-04-13 13:05:00,0.0912,0.0912,0.09111,0.09113,223856,20402.90477
DOGEUSDT,1776053400000,2026-04-13 04:10:00,2026-04-13 13:10:00,0.09114,0.0912,0.09111,0.0912,396337,36125.65784
DOGEUSDT,1776053700000,2026-04-13 04:15:00,2026-04-13 13:15:00,0.0912,0.0912,0.09107,0.09112,273489,24927.12172
DOGEUSDT,1776054000000,2026-04-13 04:20:00,2026-04-13 13:20:00,0.09112,0.09114,0.09108,0.09111,161012,14668.45069
DOGEUSDT,1776054300000,2026-04-13 04:25:00,2026-04-13 13:25:00,0.09112,0.09119,0.09111,0.09116,1051413,95855.73506
DOGEUSDT,1776054600000,2026-04-13 04:30:00,2026-04-13 13:30:00,0.09115,0.09122,0.09113,0.09119,357268,32575.49993
DOGEUSDT,1776054900000,2026-04-13 04:35:00,2026-04-13 13:35:00,0.0912,0.09123,0.09116,0.09121,422592,38537.069
DOGEUSDT,1776055200000,2026-04-13 04:40:00,2026-04-13 13:40:00,0.09122,0.09125,0.09115,0.09115,472571,43106.71905
DOGEUSDT,1776055500000,2026-04-13 04:45:00,2026-04-13 13:45:00,0.09116,0.09118,0.0911,0.09111,120669,10995.67184
DOGEUSDT,1776055800000,2026-04-13 04:50:00,2026-04-13 13:50:00,0.0911,0.09111,0.09089,0.091,2889548,262976.30186
DOGEUSDT,1776056100000,2026-04-13 04:55:00,2026-04-13 13:55:00,0.091,0.09109,0.09093,0.09095,967393,88036.33168
DOGEUSDT,1776056400000,2026-04-13 05:00:00,2026-04-13 14:00:00,0.09095,0.09098,0.0909,0.09098,631137,57394.1619
DOGEUSDT,1776056700000,2026-04-13 05:05:00,2026-04-13 14:05:00,0.09097,0.09103,0.09093,0.09097,589267,53615.46979
DOGEUSDT,1776057000000,2026-04-13 05:10:00,2026-04-13 14:10:00,0.09098,0.09105,0.09093,0.09104,1060032,96436.29114
DOGEUSDT,1776057300000,2026-04-13 05:15:00,2026-04-13 14:15:00,0.09105,0.09109,0.091,0.09103,252825,23017.56111
DOGEUSDT,1776057600000,2026-04-13 05:20:00,2026-04-13 14:20:00,0.09103,0.09104,0.09096,0.09102,410770,37373.50685
DOGEUSDT,1776057900000,2026-04-13 05:25:00,2026-04-13 14:25:00,0.09103,0.09106,0.091,0.09103,183631,16715.81717
DOGEUSDT,1776058200000,2026-04-13 05:30:00,2026-04-13 14:30:00,0.09103,0.09103,0.09086,0.09098,1250253,113712.01771
DOGEUSDT,1776058500000,2026-04-13 05:35:00,2026-04-13 14:35:00,0.09099,0.09099,0.09083,0.09086,1176017,106909.27297
DOGEUSDT,1776058800000,2026-04-13 05:40:00,2026-04-13 14:40:00,0.09087,0.091,0.09087,0.09094,3295119,299648.09424
DOGEUSDT,1776059100000,2026-04-13 05:45:00,2026-04-13 14:45:00,0.09094,0.09118,0.09094,0.09113,12350093,1125253.44775
DOGEUSDT,1776059400000,2026-04-13 05:50:00,2026-04-13 14:50:00,0.09112,0.09126,0.09112,0.09126,2122058,193501.02898
DOGEUSDT,1776059700000,2026-04-13 05:55:00,2026-04-13 14:55:00,0.09126,0.0913,0.09117,0.09127,1337271,122023.88361
DOGEUSDT,1776060000000,2026-04-13 06:00:00,2026-04-13 15:00:00,0.09127,0.09144,0.09126,0.09144,996631,91046.32836
DOGEUSDT,1776060300000,2026-04-13 06:05:00,2026-04-13 15:05:00,0.09144,0.0915,0.0914,0.09141,1079876,98759.98737
DOGEUSDT,1776060600000,2026-04-13 06:10:00,2026-04-13 15:10:00,0.0914,0.09144,0.09138,0.09142,1322083,120829.34387
DOGEUSDT,1776060900000,2026-04-13 06:15:00,2026-04-13 15:15:00,0.09143,0.09154,0.09138,0.09149,2016310,184343.19841
DOGEUSDT,1776061200000,2026-04-13 06:20:00,2026-04-13 15:20:00,0.09149,0.09153,0.09141,0.09144,914646,83651.06667
DOGEUSDT,1776061500000,2026-04-13 06:25:00,2026-04-13 15:25:00,0.09144,0.09145,0.09138,0.09138,2078195,189919.18186
DOGEUSDT,1776061800000,2026-04-13 06:30:00,2026-04-13 15:30:00,0.09138,0.09139,0.0913,0.09135,859210,78497.48022
DOGEUSDT,1776062100000,2026-04-13 06:35:00,2026-04-13 15:35:00,0.09135,0.09144,0.09131,0.09141,996924,91079.47624
DOGEUSDT,1776062400000,2026-04-13 06:40:00,2026-04-13 15:40:00,0.09141,0.0915,0.09133,0.09149,852075,77907.61741
DOGEUSDT,1776062700000,2026-04-13 06:45:00,2026-04-13 15:45:00,0.09148,0.09153,0.09145,0.09147,1050109,96065.40977
DOGEUSDT,1776063000000,2026-04-13 06:50:00,2026-04-13 15:50:00,0.09147,0.09151,0.09144,0.09145,240294,21984.12497
DOGEUSDT,1776063300000,2026-04-13 06:55:00,2026-04-13 15:55:00,0.09146,0.0915,0.09145,0.09148,837079,76576.61297
DOGEUSDT,1776063600000,2026-04-13 07:00:00,2026-04-13 16:00:00,0.09148,0.09153,0.09139,0.09142,1204943,110196.51276
DOGEUSDT,1776063900000,2026-04-13 07:05:00,2026-04-13 16:05:00,0.09142,0.09142,0.0913,0.09132,698108,63760.18816
DOGEUSDT,1776064200000,2026-04-13 07:10:00,2026-04-13 16:10:00,0.09131,0.09134,0.09129,0.09131,262672,23985.67766
DOGEUSDT,1776064500000,2026-04-13 07:15:00,2026-04-13 16:15:00,0.09131,0.09131,0.09117,0.09119,1274730,116298.14934
DOGEUSDT,1776064800000,2026-04-13 07:20:00,2026-04-13 16:20:00,0.09119,0.09122,0.09103,0.09117,1123620,102392.52287
DOGEUSDT,1776065100000,2026-04-13 07:25:00,2026-04-13 16:25:00,0.09116,0.09122,0.09111,0.0912,915073,83422.72392
DOGEUSDT,1776065400000,2026-04-13 07:30:00,2026-04-13 16:30:00,0.09119,0.09125,0.09104,0.0911,5307893,483596.08464
DOGEUSDT,1776065700000,2026-04-13 07:35:00,2026-04-13 16:35:00,0.0911,0.09117,0.09106,0.09112,528124,48109.80863
DOGEUSDT,1776066000000,2026-04-13 07:40:00,2026-04-13 16:40:00,0.09112,0.09112,0.09106,0.0911,550096,50102.94978
DOGEUSDT,1776066300000,2026-04-13 07:45:00,2026-04-13 16:45:00,0.0911,0.09117,0.09106,0.09113,742941,67687.46553
DOGEUSDT,1776066600000,2026-04-13 07:50:00,2026-04-13 16:50:00,0.09113,0.09116,0.09109,0.09111,496150,45206.18302
DOGEUSDT,1776066900000,2026-04-13 07:55:00,2026-04-13 16:55:00,0.09111,0.09114,0.09079,0.09089,44567512,4051395.23426
DOGEUSDT,1776067200000,2026-04-13 08:00:00,2026-04-13 17:00:00,0.09089,0.09101,0.09069,0.09097,14294592,1297749.24175
DOGEUSDT,1776067500000,2026-04-13 08:05:00,2026-04-13 17:05:00,0.09098,0.09102,0.09087,0.09093,1050157,95509.22381
DOGEUSDT,1776067800000,2026-04-13 08:10:00,2026-04-13 17:10:00,0.09093,0.091,0.0909,0.09092,918354,83528.85246
DOGEUSDT,1776068100000,2026-04-13 08:15:00,2026-04-13 17:15:00,0.09092,0.09092,0.09078,0.09078,2306853,209497.30487
DOGEUSDT,1776068400000,2026-04-13 08:20:00,2026-04-13 17:20:00,0.09079,0.09085,0.09076,0.09079,984102,89371.65984
DOGEUSDT,1776068700000,2026-04-13 08:25:00,2026-04-13 17:25:00,0.09079,0.09088,0.09079,0.09079,1674370,152093.0131
DOGEUSDT,1776069000000,2026-04-13 08:30:00,2026-04-13 17:30:00,0.09079,0.09082,0.09076,0.0908,1099603,99828.76209
DOGEUSDT,1776069300000,2026-04-13 08:35:00,2026-04-13 17:35:00,0.0908,0.09086,0.09076,0.09076,955000,86729.82563
DOGEUSDT,1776069600000,2026-04-13 08:40:00,2026-04-13 17:40:00,0.09076,0.09082,0.09071,0.09075,1550322,140718.39585
DOGEUSDT,1776069900000,2026-04-13 08:45:00,2026-04-13 17:45:00,0.09075,0.09085,0.09073,0.09083,898322,81558.58369
DOGEUSDT,1776070200000,2026-04-13 08:50:00,2026-04-13 17:50:00,0.09083,0.09085,0.09078,0.09085,338075,30702.37082
DOGEUSDT,1776070500000,2026-04-13 08:55:00,2026-04-13 17:55:00,0.09085,0.09092,0.09085,0.09089,1141796,103783.35876
DOGEUSDT,1776070800000,2026-04-13 09:00:00,2026-04-13 18:00:00,0.0909,0.09129,0.0909,0.09115,5155273,469876.87077
DOGEUSDT,1776071100000,2026-04-13 09:05:00,2026-04-13 18:05:00,0.09114,0.09117,0.09101,0.09101,1193651,108720.66854
DOGEUSDT,1776071400000,2026-04-13 09:10:00,2026-04-13 18:10:00,0.09102,0.0911,0.09101,0.09106,257141,23414.11665
DOGEUSDT,1776071700000,2026-04-13 09:15:00,2026-04-13 18:15:00,0.09106,0.09115,0.09101,0.09105,3491246,317946.3907
DOGEUSDT,1776072000000,2026-04-13 09:20:00,2026-04-13 18:20:00,0.09106,0.09109,0.09101,0.09104,702608,63975.57863
DOGEUSDT,1776072300000,2026-04-13 09:25:00,2026-04-13 18:25:00,0.09105,0.09111,0.09102,0.09102,682057,62111.88309
DOGEUSDT,1776072600000,2026-04-13 09:30:00,2026-04-13 18:30:00,0.09101,0.09103,0.09094,0.09095,545272,49607.03818
DOGEUSDT,1776072900000,2026-04-13 09:35:00,2026-04-13 18:35:00,0.09094,0.09099,0.09088,0.09098,579869,52731.75894
DOGEUSDT,1776073200000,2026-04-13 09:40:00,2026-04-13 18:40:00,0.09099,0.09101,0.09095,0.09099,709244,64528.19847
DOGEUSDT,1776073500000,2026-04-13 09:45:00,2026-04-13 18:45:00,0.09098,0.09101,0.09094,0.09098,507897,46208.09009
DOGEUSDT,1776073800000,2026-04-13 09:50:00,2026-04-13 18:50:00,0.09097,0.09102,0.09096,0.091,392115,35682.50479
DOGEUSDT,1776074100000,2026-04-13 09:55:00,2026-04-13 18:55:00,0.091,0.09103,0.09097,0.09099,925809,84251.6263
DOGEUSDT,1776074400000,2026-04-13 10:00:00,2026-04-13 19:00:00,0.09099,0.09099,0.09093,0.09097,531323,48333.27505
DOGEUSDT,1776074700000,2026-04-13 10:05:00,2026-04-13 19:05:00,0.09096,0.09098,0.0909,0.0909,891362,81066.15747
DOGEUSDT,1776075000000,2026-04-13 10:10:00,2026-04-13 19:10:00,0.0909,0.09096,0.09088,0.09096,466331,42400.99795
DOGEUSDT,1776075300000,2026-04-13 10:15:00,2026-04-13 19:15:00,0.09097,0.09097,0.09084,0.09092,1442535,131118.60445
DOGEUSDT,1776075600000,2026-04-13 10:20:00,2026-04-13 19:20:00,0.09093,0.09096,0.09087,0.0909,611111,55558.727
DOGEUSDT,1776075900000,2026-04-13 10:25:00,2026-04-13 19:25:00,0.09089,0.09094,0.09087,0.09087,1209430,109938.34456
DOGEUSDT,1776076200000,2026-04-13 10:30:00,2026-04-13 19:30:00,0.09088,0.09091,0.09086,0.09087,738734,67139.29026
DOGEUSDT,1776076500000,2026-04-13 10:35:00,2026-04-13 19:35:00,0.09087,0.091,0.09083,0.091,1178034,107071.31205
DOGEUSDT,1776076800000,2026-04-13 10:40:00,2026-04-13 19:40:00,0.091,0.09102,0.09098,0.091,429074,39047.4851
DOGEUSDT,1776077100000,2026-04-13 10:45:00,2026-04-13 19:45:00,0.09099,0.09104,0.09096,0.09096,899457,81856.6911
DOGEUSDT,1776077400000,2026-04-13 10:50:00,2026-04-13 19:50:00,0.09095,0.09096,0.09086,0.09087,443859,40353.38498
DOGEUSDT,1776077700000,2026-04-13 10:55:00,2026-04-13 19:55:00,0.09086,0.09089,0.09082,0.09088,470854,42778.00082
DOGEUSDT,1776078000000,2026-04-13 11:00:00,2026-04-13 20:00:00,0.09089,0.09102,0.09082,0.09087,1896482,172420.43851
DOGEUSDT,1776078300000,2026-04-13 11:05:00,2026-04-13 20:05:00,0.09086,0.09092,0.09085,0.09087,1749998,159038.55069
DOGEUSDT,1776078600000,2026-04-13 11:10:00,2026-04-13 20:10:00,0.09087,0.09093,0.09087,0.0909,457123,41549.17463
DOGEUSDT,1776078900000,2026-04-13 11:15:00,2026-04-13 20:15:00,0.0909,0.09092,0.09087,0.09091,1899000,172603.74083
DOGEUSDT,1776079200000,2026-04-13 11:20:00,2026-04-13 20:20:00,0.09091,0.09099,0.09091,0.09093,513007,46656.50235
DOGEUSDT,1776079500000,2026-04-13 11:25:00,2026-04-13 20:25:00,0.09094,0.09098,0.09091,0.09096,595390,54148.19263
DOGEUSDT,1776079800000,2026-04-13 11:30:00,2026-04-13 20:30:00,0.09096,0.09099,0.09086,0.0909,2698831,245350.64333
DOGEUSDT,1776080100000,2026-04-13 11:35:00,2026-04-13 20:35:00,0.0909,0.09095,0.09089,0.09092,356251,32385.50548
DOGEUSDT,1776080400000,2026-04-13 11:40:00,2026-04-13 20:40:00,0.09091,0.09097,0.0909,0.09095,253323,23035.77065
DOGEUSDT,1776080700000,2026-04-13 11:45:00,2026-04-13 20:45:00,0.09096,0.091,0.09092,0.09096,440509,40067.77757
DOGEUSDT,1776081000000,2026-04-13 11:50:00,2026-04-13 20:50:00,0.09095,0.09097,0.09092,0.09096,398663,36258.7225
DOGEUSDT,1776081300000,2026-04-13 11:55:00,2026-04-13 20:55:00,0.09095,0.09096,0.09092,0.09093,228381,20769.67504
DOGEUSDT,1776081600000,2026-04-13 12:00:00,2026-04-13 21:00:00,0.09093,0.09101,0.09084,0.09093,1504009,136715.63419
DOGEUSDT,1776081900000,2026-04-13 12:05:00,2026-04-13 21:05:00,0.09092,0.09105,0.09092,0.09098,2170383,197461.13352
DOGEUSDT,1776082200000,2026-04-13 12:10:00,2026-04-13 21:10:00,0.09098,0.09106,0.09096,0.09098,232501,21161.90729
DOGEUSDT,1776082500000,2026-04-13 12:15:00,2026-04-13 21:15:00,0.09098,0.09107,0.09096,0.09103,2984282,271634.51197
DOGEUSDT,1776082800000,2026-04-13 12:20:00,2026-04-13 21:20:00,0.09104,0.09107,0.09101,0.09103,461604,42024.10795
DOGEUSDT,1776083100000,2026-04-13 12:25:00,2026-04-13 21:25:00,0.09104,0.09104,0.091,0.09101,286079,26038.017
DOGEUSDT,1776083400000,2026-04-13 12:30:00,2026-04-13 21:30:00,0.09102,0.09122,0.091,0.09119,580755,52898.90772
DOGEUSDT,1776083700000,2026-04-13 12:35:00,2026-04-13 21:35:00,0.09119,0.09121,0.09115,0.09118,1412243,128785.25976
DOGEUSDT,1776084000000,2026-04-13 12:40:00,2026-04-13 21:40:00,0.09118,0.09121,0.09112,0.09118,784466,71515.99302
DOGEUSDT,1776084300000,2026-04-13 12:45:00,2026-04-13 21:45:00,0.09119,0.09151,0.09119,0.09148,3761087,343796.15879
DOGEUSDT,1776084600000,2026-04-13 12:50:00,2026-04-13 21:50:00,0.09148,0.09193,0.09148,0.09173,27058637,2482481.06357
DOGEUSDT,1776084900000,2026-04-13 12:55:00,2026-04-13 21:55:00,0.09172,0.09172,0.09157,0.09162,2814921,257935.87419
DOGEUSDT,1776085200000,2026-04-13 13:00:00,2026-04-13 22:00:00,0.09163,0.09171,0.0915,0.09157,1628343,149108.04745
DOGEUSDT,1776085500000,2026-04-13 13:05:00,2026-04-13 22:05:00,0.09156,0.09158,0.0914,0.09143,963093,88159.97147
DOGEUSDT,1776085800000,2026-04-13 13:10:00,2026-04-13 22:10:00,0.09143,0.09157,0.09142,0.09154,3350904,306477.44328
DOGEUSDT,1776086100000,2026-04-13 13:15:00,2026-04-13 22:15:00,0.09153,0.09153,0.09128,0.0914,890702,81385.93686
DOGEUSDT,1776086400000,2026-04-13 13:20:00,2026-04-13 22:20:00,0.09139,0.0914,0.09115,0.09123,2114814,192951.54011
DOGEUSDT,1776086700000,2026-04-13 13:25:00,2026-04-13 22:25:00,0.09123,0.09139,0.09082,0.09125,19064986,1736632.30673
DOGEUSDT,1776087000000,2026-04-13 13:30:00,2026-04-13 22:30:00,0.09126,0.09135,0.09099,0.09113,2943281,268152.17514
DOGEUSDT,1776087300000,2026-04-13 13:35:00,2026-04-13 22:35:00,0.09113,0.09113,0.09092,0.091,1809970,164732.43321
DOGEUSDT,1776087600000,2026-04-13 13:40:00,2026-04-13 22:40:00,0.091,0.09127,0.09099,0.09114,1053777,96045.87924
DOGEUSDT,1776087900000,2026-04-13 13:45:00,2026-04-13 22:45:00,0.09113,0.09176,0.09102,0.09173,4974799,454714.45294
DOGEUSDT,1776088200000,2026-04-13 13:50:00,2026-04-13 22:50:00,0.09174,0.09186,0.09136,0.09162,5376846,492543.82902
DOGEUSDT,1776088500000,2026-04-13 13:55:00,2026-04-13 22:55:00,0.09163,0.09184,0.09156,0.09184,4870979,446676.79178
DOGEUSDT,1776088800000,2026-04-13 14:00:00,2026-04-13 23:00:00,0.09184,0.09196,0.09166,0.09188,5957826,546974.84438
DOGEUSDT,1776089100000,2026-04-13 14:05:00,2026-04-13 23:05:00,0.09188,0.09192,0.09164,0.09166,2409219,221031.44973
DOGEUSDT,1776089400000,2026-04-13 14:10:00,2026-04-13 23:10:00,0.09165,0.09183,0.09164,0.09177,2007840,184206.30854
DOGEUSDT,1776089700000,2026-04-13 14:15:00,2026-04-13 23:15:00,0.09177,0.09183,0.09154,0.09178,5764049,528410.36886
DOGEUSDT,1776090000000,2026-04-13 14:20:00,2026-04-13 23:20:00,0.09179,0.09186,0.0915,0.09183,4483706,411304.52803
DOGEUSDT,1776090300000,2026-04-13 14:25:00,2026-04-13 23:25:00,0.09184,0.09186,0.09177,0.09183,2374809,218063.7761
DOGEUSDT,1776090600000,2026-04-13 14:30:00,2026-04-13 23:30:00,0.09183,0.09206,0.0918,0.092,2625543,241299.63594
DOGEUSDT,1776090900000,2026-04-13 14:35:00,2026-04-13 23:35:00,0.092,0.09212,0.09189,0.09203,11245927,1034669.6406
DOGEUSDT,1776091200000,2026-04-13 14:40:00,2026-04-13 23:40:00,0.09204,0.09213,0.09186,0.09207,1751685,161150.46681
DOGEUSDT,1776091500000,2026-04-13 14:45:00,2026-04-13 23:45:00,0.09206,0.09224,0.09197,0.09198,4498028,414474.27912
DOGEUSDT,1776091800000,2026-04-13 14:50:00,2026-04-13 23:50:00,0.09198,0.09208,0.0919,0.09208,2558010,235279.83377
DOGEUSDT,1776092100000,2026-04-13 14:55:00,2026-04-13 23:55:00,0.09207,0.09266,0.09207,0.09252,12211445,1127919.43221
DOGEUSDT,1776092400000,2026-04-13 15:00:00,2026-04-14 00:00:00,0.09252,0.09258,0.09215,0.09218,5139944,474835.11315
DOGEUSDT,1776092700000,2026-04-13 15:05:00,2026-04-14 00:05:00,0.09218,0.09234,0.0921,0.0923,2800974,258330.80008
DOGEUSDT,1776093000000,2026-04-13 15:10:00,2026-04-14 00:10:00,0.09229,0.09232,0.09214,0.09219,1057990,97576.55475
DOGEUSDT,1776093300000,2026-04-13 15:15:00,2026-04-14 00:15:00,0.09219,0.09226,0.09208,0.09208,2033636,187452.82645
DOGEUSDT,1776093600000,2026-04-13 15:20:00,2026-04-14 00:20:00,0.09208,0.09217,0.09197,0.09197,1664914,153319.53071
DOGEUSDT,1776093900000,2026-04-13 15:25:00,2026-04-14 00:25:00,0.09198,0.09204,0.0919,0.09195,1286413,118294.46782
DOGEUSDT,1776094200000,2026-04-13 15:30:00,2026-04-14 00:30:00,0.09195,0.09195,0.09168,0.09176,3961371,363608.05061
DOGEUSDT,1776094500000,2026-04-13 15:35:00,2026-04-14 00:35:00,0.09175,0.09181,0.09157,0.09172,3287298,301513.41758
DOGEUSDT,1776094800000,2026-04-13 15:40:00,2026-04-14 00:40:00,0.09172,0.09176,0.09167,0.09172,1754603,160925.85219
DOGEUSDT,1776095100000,2026-04-13 15:45:00,2026-04-14 00:45:00,0.09171,0.09171,0.09158,0.0916,1858843,170358.50363
DOGEUSDT,1776095400000,2026-04-13 15:50:00,2026-04-14 00:50:00,0.09161,0.09169,0.09156,0.09162,1100844,100877.85483
DOGEUSDT,1776095700000,2026-04-13 15:55:00,2026-04-14 00:55:00,0.09161,0.09176,0.09161,0.09172,1303915,119497.00098
DOGEUSDT,1776096000000,2026-04-13 16:00:00,2026-04-14 01:00:00,0.09172,0.09178,0.09153,0.09154,1314186,120395.50418
DOGEUSDT,1776096300000,2026-04-13 16:05:00,2026-04-14 01:05:00,0.09154,0.09168,0.09135,0.09164,3224605,295142.03811
DOGEUSDT,1776096600000,2026-04-13 16:10:00,2026-04-14 01:10:00,0.09165,0.09175,0.09164,0.09175,428364,39269.44506
DOGEUSDT,1776096900000,2026-04-13 16:15:00,2026-04-14 01:15:00,0.09174,0.09183,0.09163,0.09174,1081586,99223.92436
DOGEUSDT,1776097200000,2026-04-13 16:20:00,2026-04-14 01:20:00,0.09174,0.09188,0.09171,0.09184,1616093,148320.52479
DOGEUSDT,1776097500000,2026-04-13 16:25:00,2026-04-14 01:25:00,0.09184,0.09201,0.09176,0.09195,1316219,120954.13123
DOGEUSDT,1776097800000,2026-04-13 16:30:00,2026-04-14 01:30:00,0.09196,0.09211,0.09191,0.09199,2730545,251237.85708
DOGEUSDT,1776098100000,2026-04-13 16:35:00,2026-04-14 01:35:00,0.09198,0.09216,0.09189,0.09201,2440825,224721.89222
DOGEUSDT,1776098400000,2026-04-13 16:40:00,2026-04-14 01:40:00,0.092,0.0921,0.09187,0.09199,2270728,208844.45589
DOGEUSDT,1776098700000,2026-04-13 16:45:00,2026-04-14 01:45:00,0.09199,0.09213,0.09192,0.09192,990341,91161.14955
DOGEUSDT,1776099000000,2026-04-13 16:50:00,2026-04-14 01:50:00,0.09193,0.09205,0.09189,0.09192,2630267,241843.22362
DOGEUSDT,1776099300000,2026-04-13 16:55:00,2026-04-14 01:55:00,0.09192,0.09202,0.09188,0.09197,1188721,109301.963
DOGEUSDT,1776099600000,2026-04-13 17:00:00,2026-04-14 02:00:00,0.09197,0.09204,0.09177,0.09179,2990807,274607.63076
DOGEUSDT,1776099900000,2026-04-13 17:05:00,2026-04-14 02:05:00,0.09178,0.0918,0.09167,0.09179,1411923,129515.8013
DOGEUSDT,1776100200000,2026-04-13 17:10:00,2026-04-14 02:10:00,0.0918,0.09191,0.09178,0.09179,2338372,214782.81272
DOGEUSDT,1776100500000,2026-04-13 17:15:00,2026-04-14 02:15:00,0.09179,0.09194,0.09176,0.09194,742701,68211.83896
DOGEUSDT,1776100800000,2026-04-13 17:20:00,2026-04-14 02:20:00,0.09194,0.09194,0.0918,0.09184,366829,33692.33499
DOGEUSDT,1776101100000,2026-04-13 17:25:00,2026-04-14 02:25:00,0.09184,0.09202,0.09184,0.09202,629938,57920.69673
DOGEUSDT,1776101400000,2026-04-13 17:30:00,2026-04-14 02:30:00,0.09201,0.0923,0.09201,0.09208,5049041,465177.77114
DOGEUSDT,1776101700000,2026-04-13 17:35:00,2026-04-14 02:35:00,0.09208,0.09208,0.09194,0.09202,3090965,284405.47974
DOGEUSDT,1776102000000,2026-04-13 17:40:00,2026-04-14 02:40:00,0.09202,0.09203,0.09195,0.092,320232,29461.81256
DOGEUSDT,1776102300000,2026-04-13 17:45:00,2026-04-14 02:45:00,0.092,0.09209,0.09191,0.09191,686810,63183.75118
DOGEUSDT,1776102600000,2026-04-13 17:50:00,2026-04-14 02:50:00,0.09191,0.09193,0.0914,0.09168,12202423,1117838.22394
DOGEUSDT,1776102900000,2026-04-13 17:55:00,2026-04-14 02:55:00,0.09167,0.09169,0.09135,0.09158,23715765,2170033.67069
DOGEUSDT,1776103200000,2026-04-13 18:00:00,2026-04-14 03:00:00,0.09157,0.09163,0.09149,0.09158,2573279,235602.18839
DOGEUSDT,1776103500000,2026-04-13 18:05:00,2026-04-14 03:05:00,0.09159,0.09166,0.09149,0.09159,1010441,92525.44558
DOGEUSDT,1776103800000,2026-04-13 18:10:00,2026-04-14 03:10:00,0.09159,0.09165,0.0915,0.09164,671628,61505.18644
DOGEUSDT,1776104100000,2026-04-13 18:15:00,2026-04-14 03:15:00,0.09165,0.09174,0.09161,0.09173,551744,50566.10805
DOGEUSDT,1776104400000,2026-04-13 18:20:00,2026-04-14 03:20:00,0.09174,0.09176,0.09141,0.09142,1921092,175917.19806
DOGEUSDT,1776104700000,2026-04-13 18:25:00,2026-04-14 03:25:00,0.09142,0.09151,0.09137,0.09147,3250436,297231.40855
DOGEUSDT,1776105000000,2026-04-13 18:30:00,2026-04-14 03:30:00,0.09147,0.0917,0.09146,0.09167,1376423,126003.87446
DOGEUSDT,1776105300000,2026-04-13 18:35:00,2026-04-14 03:35:00,0.09168,0.09169,0.0916,0.09165,439668,40299.72393
DOGEUSDT,1776105600000,2026-04-13 18:40:00,2026-04-14 03:40:00,0.09164,0.09175,0.09159,0.09168,1099182,100774.90469
DOGEUSDT,1776105900000,2026-04-13 18:45:00,2026-04-14 03:45:00,0.09167,0.09176,0.09166,0.09166,255560,23443.10155
DOGEUSDT,1776106200000,2026-04-13 18:50:00,2026-04-14 03:50:00,0.09166,0.09172,0.09162,0.09172,421633,38648.57388
DOGEUSDT,1776106500000,2026-04-13 18:55:00,2026-04-14 03:55:00,0.09172,0.0918,0.09171,0.0918,265374,24349.36827
DOGEUSDT,1776106800000,2026-04-13 19:00:00,2026-04-14 04:00:00,0.0918,0.09184,0.09171,0.09179,1927574,176916.01471
DOGEUSDT,1776107100000,2026-04-13 19:05:00,2026-04-14 04:05:00,0.09179,0.09185,0.09178,0.09179,615811,56542.33523
DOGEUSDT,1776107400000,2026-04-13 19:10:00,2026-04-14 04:10:00,0.0918,0.09186,0.09178,0.09179,994964,91363.09447
DOGEUSDT,1776107700000,2026-04-13 19:15:00,2026-04-14 04:15:00,0.0918,0.09209,0.0918,0.092,5593312,514390.1897
DOGEUSDT,1776108000000,2026-04-13 19:20:00,2026-04-14 04:20:00,0.092,0.0923,0.09197,0.0922,6746422,621892.55174
DOGEUSDT,1776108300000,2026-04-13 19:25:00,2026-04-14 04:25:00,0.09221,0.09237,0.0922,0.0923,4639081,428252.10391
DOGEUSDT,1776108600000,2026-04-13 19:30:00,2026-04-14 04:30:00,0.0923,0.09262,0.09227,0.09258,6577721,608421.43011
DOGEUSDT,1776108900000,2026-04-13 19:35:00,2026-04-14 04:35:00,0.09259,0.09261,0.09242,0.0926,6550720,606083.10229
DOGEUSDT,1776109200000,2026-04-13 19:40:00,2026-04-14 04:40:00,0.09259,0.0926,0.09251,0.09253,1813057,167817.38901
DOGEUSDT,1776109500000,2026-04-13 19:45:00,2026-04-14 04:45:00,0.09254,0.093,0.09253,0.09297,7896736,732943.7049
DOGEUSDT,1776109800000,2026-04-13 19:50:00,2026-04-14 04:50:00,0.09298,0.0931,0.09292,0.09302,9581717,891333.73237
DOGEUSDT,1776110100000,2026-04-13 19:55:00,2026-04-14 04:55:00,0.09302,0.09327,0.09299,0.0931,11069962,1030822.65628
DOGEUSDT,1776110400000,2026-04-13 20:00:00,2026-04-14 05:00:00,0.0931,0.09323,0.0929,0.09301,8414923,782832.26157
DOGEUSDT,1776110700000,2026-04-13 20:05:00,2026-04-14 05:05:00,0.09301,0.0932,0.09295,0.093,16463439,1533363.40585
DOGEUSDT,1776111000000,2026-04-13 20:10:00,2026-04-14 05:10:00,0.093,0.093,0.09283,0.09283,6143530,570938.76432
DOGEUSDT,1776111300000,2026-04-13 20:15:00,2026-04-14 05:15:00,0.09282,0.0929,0.09271,0.09279,7191259,667294.25863
DOGEUSDT,1776111600000,2026-04-13 20:20:00,2026-04-14 05:20:00,0.09278,0.09283,0.09262,0.09264,1337446,124019.83197
DOGEUSDT,1776111900000,2026-04-13 20:25:00,2026-04-14 05:25:00,0.09264,0.09283,0.09264,0.09279,3004583,278604.45061
DOGEUSDT,1776112200000,2026-04-13 20:30:00,2026-04-14 05:30:00,0.09279,0.09288,0.09267,0.09285,1342606,124561.80598
DOGEUSDT,1776112500000,2026-04-13 20:35:00,2026-04-14 05:35:00,0.09286,0.09299,0.09281,0.09281,1834564,170474.61785
DOGEUSDT,1776112800000,2026-04-13 20:40:00,2026-04-14 05:40:00,0.09281,0.09287,0.09278,0.09281,863147,80123.74375
DOGEUSDT,1776113100000,2026-04-13 20:45:00,2026-04-14 05:45:00,0.09282,0.09282,0.09267,0.09267,1240624,115061.7861
DOGEUSDT,1776113400000,2026-04-13 20:50:00,2026-04-14 05:50:00,0.09267,0.09269,0.09247,0.09248,3481680,322236.18874
DOGEUSDT,1776113700000,2026-04-13 20:55:00,2026-04-14 05:55:00,0.09248,0.09256,0.09244,0.09253,1133004,104840.44605
DOGEUSDT,1776114000000,2026-04-13 21:00:00,2026-04-14 06:00:00,0.09253,0.09257,0.09246,0.09252,2040886,188788.63824
DOGEUSDT,1776114300000,2026-04-13 21:05:00,2026-04-14 06:05:00,0.09251,0.09267,0.09251,0.09264,1169844,108302.6235
DOGEUSDT,1776114600000,2026-04-13 21:10:00,2026-04-14 06:10:00,0.09263,0.09281,0.09262,0.09274,2874715,266600.71343
DOGEUSDT,1776114900000,2026-04-13 21:15:00,2026-04-14 06:15:00,0.09274,0.09281,0.09266,0.09271,2164361,200705.55085
DOGEUSDT,1776115200000,2026-04-13 21:20:00,2026-04-14 06:20:00,0.0927,0.09271,0.0926,0.09266,6049092,560444.96175
DOGEUSDT,1776115500000,2026-04-13 21:25:00,2026-04-14 06:25:00,0.09266,0.09266,0.0925,0.09254,9538400,883070.42996
DOGEUSDT,1776115800000,2026-04-13 21:30:00,2026-04-14 06:30:00,0.09255,0.09271,0.09255,0.09269,703092,65108.94696
DOGEUSDT,1776116100000,2026-04-13 21:35:00,2026-04-14 06:35:00,0.09268,0.09273,0.09254,0.09272,1718364,159191.69884
DOGEUSDT,1776116400000,2026-04-13 21:40:00,2026-04-14 06:40:00,0.09272,0.09278,0.09264,0.09273,2238624,207525.6497
DOGEUSDT,1776116700000,2026-04-13 21:45:00,2026-04-14 06:45:00,0.09274,0.09275,0.09258,0.09272,1287476,119306.90991
DOGEUSDT,1776117000000,2026-04-13 21:50:00,2026-04-14 06:50:00,0.09272,0.09278,0.0927,0.09272,485316,45009.74951
DOGEUSDT,1776117300000,2026-04-13 21:55:00,2026-04-14 06:55:00,0.09271,0.0928,0.09268,0.0927,364209,33782.64628
DOGEUSDT,1776117600000,2026-04-13 22:00:00,2026-04-14 07:00:00,0.0927,0.09295,0.0927,0.09285,2728921,253421.73593
DOGEUSDT,1776117900000,2026-04-13 22:05:00,2026-04-14 07:05:00,0.09284,0.0932,0.09282,0.09297,6947084,646360.24371
DOGEUSDT,1776118200000,2026-04-13 22:10:00,2026-04-14 07:10:00,0.09296,0.09363,0.09295,0.09341,15365203,1434444.97213
DOGEUSDT,1776118500000,2026-04-13 22:15:00,2026-04-14 07:15:00,0.0934,0.09418,0.0934,0.09413,36931317,3469743.74755
DOGEUSDT,1776118800000,2026-04-13 22:20:00,2026-04-14 07:20:00,0.09413,0.09437,0.09398,0.09401,26435087,2489218.61261
DOGEUSDT,1776119100000,2026-04-13 22:25:00,2026-04-14 07:25:00,0.09401,0.09413,0.0939,0.09397,8901194,836861.1874
DOGEUSDT,1776119400000,2026-04-13 22:30:00,2026-04-14 07:30:00,0.09397,0.09435,0.09397,0.09406,14472804,1363027.73449
DOGEUSDT,1776119700000,2026-04-13 22:35:00,2026-04-14 07:35:00,0.09406,0.0941,0.09361,0.09371,5825548,546564.75163
DOGEUSDT,1776120000000,2026-04-13 22:40:00,2026-04-14 07:40:00,0.09372,0.09388,0.09366,0.09387,5036959,472268.51425
DOGEUSDT,1776120300000,2026-04-13 22:45:00,2026-04-14 07:45:00,0.09388,0.094,0.09377,0.09379,8304495,779500.31595
DOGEUSDT,1776120600000,2026-04-13 22:50:00,2026-04-14 07:50:00,0.09378,0.09416,0.09378,0.0941,5665832,532593.58837
DOGEUSDT,1776120900000,2026-04-13 22:55:00,2026-04-14 07:55:00,0.09411,0.09426,0.09401,0.09405,5097247,479907.57067
DOGEUSDT,1776121200000,2026-04-13 23:00:00,2026-04-14 08:00:00,0.09406,0.09411,0.0937,0.09399,5421760,508862.73801
DOGEUSDT,1776121500000,2026-04-13 23:05:00,2026-04-14 08:05:00,0.09399,0.09408,0.09388,0.09403,3671781,344969.98022
DOGEUSDT,1776121800000,2026-04-13 23:10:00,2026-04-14 08:10:00,0.09403,0.09414,0.09389,0.09401,6935672,652239.31312
DOGEUSDT,1776122100000,2026-04-13 23:15:00,2026-04-14 08:15:00,0.09401,0.09413,0.09384,0.09401,5527087,519434.15576
DOGEUSDT,1776122400000,2026-04-13 23:20:00,2026-04-14 08:20:00,0.09402,0.0942,0.09397,0.09397,10104011,950753.47172
DOGEUSDT,1776122700000,2026-04-13 23:25:00,2026-04-14 08:25:00,0.09398,0.09432,0.09393,0.09422,17076526,1607473.53555
DOGEUSDT,1776123000000,2026-04-13 23:30:00,2026-04-14 08:30:00,0.09423,0.09433,0.09409,0.09425,7115062,670438.11063
DOGEUSDT,1776123300000,2026-04-13 23:35:00,2026-04-14 08:35:00,0.09424,0.09433,0.09421,0.09421,4560261,429835.46603
DOGEUSDT,1776123600000,2026-04-13 23:40:00,2026-04-14 08:40:00,0.09421,0.09421,0.09398,0.09401,27869658,2620868.09014
DOGEUSDT,1776123900000,2026-04-13 23:45:00,2026-04-14 08:45:00,0.09401,0.0941,0.09398,0.094,14160829,1331546.75339
DOGEUSDT,1776124200000,2026-04-13 23:50:00,2026-04-14 08:50:00,0.094,0.09418,0.09397,0.09406,4750473,446820.36764
DOGEUSDT,1776124500000,2026-04-13 23:55:00,2026-04-14 08:55:00,0.09406,0.09418,0.09399,0.09411,11501271,1082030.08281
DOGEUSDT,1776124800000,2026-04-14 00:00:00,2026-04-14 09:00:00,0.09411,0.09429,0.09397,0.09398,5183766,488174.60276
DOGEUSDT,1776125100000,2026-04-14 00:05:00,2026-04-14 09:05:00,0.09398,0.09407,0.09379,0.09379,7019547,659301.84119
DOGEUSDT,1776125400000,2026-04-14 00:10:00,2026-04-14 09:10:00,0.0938,0.09381,0.09362,0.09379,7090323,664594.60132
DOGEUSDT,1776125700000,2026-04-14 00:15:00,2026-04-14 09:15:00,0.09379,0.09386,0.09347,0.09352,5493737,514382.13946
DOGEUSDT,1776126000000,2026-04-14 00:20:00,2026-04-14 09:20:00,0.09352,0.09356,0.09338,0.09351,10706977,1000969.38611
DOGEUSDT,1776126300000,2026-04-14 00:25:00,2026-04-14 09:25:00,0.09351,0.09355,0.09342,0.09354,1461597,136679.328
DOGEUSDT,1776126600000,2026-04-14 00:30:00,2026-04-14 09:30:00,0.09354,0.09361,0.09345,0.09353,2865571,268033.94532
DOGEUSDT,1776126900000,2026-04-14 00:35:00,2026-04-14 09:35:00,0.09353,0.09406,0.09352,0.09398,5056138,474644.6798
DOGEUSDT,1776127200000,2026-04-14 00:40:00,2026-04-14 09:40:00,0.09398,0.09401,0.09388,0.09401,2553372,239913.35298
DOGEUSDT,1776127500000,2026-04-14 00:45:00,2026-04-14 09:45:00,0.09401,0.09402,0.09373,0.09397,3225346,302783.51924
DOGEUSDT,1776127800000,2026-04-14 00:50:00,2026-04-14 09:50:00,0.09397,0.09404,0.09367,0.09374,13230773,1241770.48028
DOGEUSDT,1776128100000,2026-04-14 00:55:00,2026-04-14 09:55:00,0.09373,0.09373,0.0935,0.09354,4551287,425955.5839
DOGEUSDT,1776128400000,2026-04-14 01:00:00,2026-04-14 10:00:00,0.09353,0.09353,0.09318,0.09335,5922759,552900.75699
DOGEUSDT,1776128700000,2026-04-14 01:05:00,2026-04-14 10:05:00,0.09336,0.09338,0.09306,0.09323,7067722,659409.92824
DOGEUSDT,1776129000000,2026-04-14 01:10:00,2026-04-14 10:10:00,0.09323,0.09328,0.09308,0.09325,2716289,253063.57516
DOGEUSDT,1776129300000,2026-04-14 01:15:00,2026-04-14 10:15:00,0.09324,0.09343,0.09305,0.09339,6074818,566496.83802
DOGEUSDT,1776129600000,2026-04-14 01:20:00,2026-04-14 10:20:00,0.09339,0.09348,0.09332,0.09337,3089540,288635.08061
DOGEUSDT,1776129900000,2026-04-14 01:25:00,2026-04-14 10:25:00,0.09336,0.09342,0.09328,0.09333,981665,91645.77847
DOGEUSDT,1776130200000,2026-04-14 01:30:00,2026-04-14 10:30:00,0.09333,0.09334,0.09327,0.09331,693416,64701.84487
DOGEUSDT,1776130500000,2026-04-14 01:35:00,2026-04-14 10:35:00,0.09332,0.09346,0.09328,0.09346,1380387,128880.25505
DOGEUSDT,1776130800000,2026-04-14 01:40:00,2026-04-14 10:40:00,0.09346,0.09364,0.09346,0.0936,2176916,203672.36996
DOGEUSDT,1776131100000,2026-04-14 01:45:00,2026-04-14 10:45:00,0.09361,0.09366,0.09356,0.09362,2197541,205716.03139
DOGEUSDT,1776131400000,2026-04-14 01:50:00,2026-04-14 10:50:00,0.09363,0.09365,0.09356,0.09361,1615317,151207.31587
DOGEUSDT,1776131700000,2026-04-14 01:55:00,2026-04-14 10:55:00,0.09361,0.09365,0.0935,0.09355,5236277,489960.14239
DOGEUSDT,1776132000000,2026-04-14 02:00:00,2026-04-14 11:00:00,0.09355,0.09376,0.0935,0.09372,7092401,664269.84881
DOGEUSDT,1776132300000,2026-04-14 02:05:00,2026-04-14 11:05:00,0.09373,0.09397,0.0936,0.09364,28643699,2687632.44651
DOGEUSDT,1776132600000,2026-04-14 02:10:00,2026-04-14 11:10:00,0.09365,0.09372,0.0936,0.09368,1837033,172023.81881
DOGEUSDT,1776132900000,2026-04-14 02:15:00,2026-04-14 11:15:00,0.09367,0.09375,0.09357,0.09371,942278,88238.55417
DOGEUSDT,1776133200000,2026-04-14 02:20:00,2026-04-14 11:20:00,0.0937,0.09373,0.09366,0.09367,2789167,261272.25643
DOGEUSDT,1776133500000,2026-04-14 02:25:00,2026-04-14 11:25:00,0.09366,0.0937,0.09364,0.09364,3202352,299955.43051
DOGEUSDT,1776133800000,2026-04-14 02:30:00,2026-04-14 11:30:00,0.09363,0.09363,0.09341,0.09348,2397487,224190.03817
DOGEUSDT,1776134100000,2026-04-14 02:35:00,2026-04-14 11:35:00,0.09349,0.09358,0.09341,0.09357,1370228,128075.03324
DOGEUSDT,1776134400000,2026-04-14 02:40:00,2026-04-14 11:40:00,0.09357,0.09365,0.09357,0.09359,1373025,128530.43155
DOGEUSDT,1776134700000,2026-04-14 02:45:00,2026-04-14 11:45:00,0.09358,0.09361,0.09352,0.09361,713654,66778.80196
DOGEUSDT,1776135000000,2026-04-14 02:50:00,2026-04-14 11:50:00,0.0936,0.09361,0.09349,0.0935,949716,88852.87288
DOGEUSDT,1776135300000,2026-04-14 02:55:00,2026-04-14 11:55:00,0.09349,0.09355,0.09343,0.09348,2618958,244852.89678
DOGEUSDT,1776135600000,2026-04-14 03:00:00,2026-04-14 12:00:00,0.09348,0.09348,0.09336,0.09344,1323091,123592.83671
DOGEUSDT,1776135900000,2026-04-14 03:05:00,2026-04-14 12:05:00,0.09344,0.09354,0.09343,0.09354,462662,43248.58685
DOGEUSDT,1776136200000,2026-04-14 03:10:00,2026-04-14 12:10:00,0.09354,0.09354,0.09342,0.09342,1686133,157633.77159
DOGEUSDT,1776136500000,2026-04-14 03:15:00,2026-04-14 12:15:00,0.09343,0.0935,0.0934,0.0935,721241,67392.23582
DOGEUSDT,1776136800000,2026-04-14 03:20:00,2026-04-14 12:20:00,0.0935,0.09357,0.0935,0.09356,664785,62179.99859
DOGEUSDT,1776137100000,2026-04-14 03:25:00,2026-04-14 12:25:00,0.09356,0.09356,0.09345,0.09349,481749,45039.3077
DOGEUSDT,1776137400000,2026-04-14 03:30:00,2026-04-14 12:30:00,0.09349,0.09363,0.09348,0.09356,1564470,146409.17934
DOGEUSDT,1776137700000,2026-04-14 03:35:00,2026-04-14 12:35:00,0.09356,0.09362,0.0934,0.09361,5072570,474158.42871
DOGEUSDT,1776138000000,2026-04-14 03:40:00,2026-04-14 12:40:00,0.09362,0.0938,0.0936,0.09372,2409150,225728.08327
DOGEUSDT,1776138300000,2026-04-14 03:45:00,2026-04-14 12:45:00,0.09373,0.09374,0.09364,0.09365,1238084,115999.14715
DOGEUSDT,1776138600000,2026-04-14 03:50:00,2026-04-14 12:50:00,0.09366,0.09368,0.09356,0.09364,832867,77973.90074
DOGEUSDT,1776138900000,2026-04-14 03:55:00,2026-04-14 12:55:00,0.09365,0.09369,0.09353,0.09356,884296,82758.25529
DOGEUSDT,1776139200000,2026-04-14 04:00:00,2026-04-14 13:00:00,0.09356,0.09358,0.09346,0.09351,718688,67199.17549
DOGEUSDT,1776139500000,2026-04-14 04:05:00,2026-04-14 13:05:00,0.09352,0.09359,0.09351,0.09352,398851,37304.32871
DOGEUSDT,1776139800000,2026-04-14 04:10:00,2026-04-14 13:10:00,0.09353,0.09354,0.09342,0.09345,923043,86285.87533
DOGEUSDT,1776140100000,2026-04-14 04:15:00,2026-04-14 13:15:00,0.09346,0.09355,0.0934,0.09355,792801,74078.01843
DOGEUSDT,1776140400000,2026-04-14 04:20:00,2026-04-14 13:20:00,0.09355,0.09374,0.09354,0.09367,1196736,112093.17152
DOGEUSDT,1776140700000,2026-04-14 04:25:00,2026-04-14 13:25:00,0.09367,0.09373,0.09358,0.09366,1492658,139757.17364
DOGEUSDT,1776141000000,2026-04-14 04:30:00,2026-04-14 13:30:00,0.09365,0.09367,0.09357,0.09357,945313,88516.05066
DOGEUSDT,1776141300000,2026-04-14 04:35:00,2026-04-14 13:35:00,0.09356,0.0936,0.09353,0.0936,2626620,245727.22591
DOGEUSDT,1776141600000,2026-04-14 04:40:00,2026-04-14 13:40:00,0.09359,0.09359,0.09345,0.09347,769574,71959.89902
DOGEUSDT,1776141900000,2026-04-14 04:45:00,2026-04-14 13:45:00,0.09347,0.09349,0.09333,0.0934,1428280,133407.43964
DOGEUSDT,1776142200000,2026-04-14 04:50:00,2026-04-14 13:50:00,0.0934,0.09341,0.09334,0.09334,1198454,111901.17002
DOGEUSDT,1776142500000,2026-04-14 04:55:00,2026-04-14 13:55:00,0.09333,0.09337,0.09328,0.09336,1356314,126575.18313
DOGEUSDT,1776142800000,2026-04-14 05:00:00,2026-04-14 14:00:00,0.09336,0.09337,0.09322,0.09331,1356321,126517.66668
DOGEUSDT,1776143100000,2026-04-14 05:05:00,2026-04-14 14:05:00,0.09331,0.09332,0.09322,0.09323,573566,53493.16661
DOGEUSDT,1776143400000,2026-04-14 05:10:00,2026-04-14 14:10:00,0.09322,0.09325,0.093,0.09303,2081784,193841.97133
DOGEUSDT,1776143700000,2026-04-14 05:15:00,2026-04-14 14:15:00,0.09302,0.09302,0.09289,0.09295,3883526,360977.78432
DOGEUSDT,1776144000000,2026-04-14 05:20:00,2026-04-14 14:20:00,0.09295,0.09308,0.0929,0.09293,2811340,261359.82011
DOGEUSDT,1776144300000,2026-04-14 05:25:00,2026-04-14 14:25:00,0.09294,0.09297,0.09289,0.09295,1468719,136499.09915
DOGEUSDT,1776144600000,2026-04-14 05:30:00,2026-04-14 14:30:00,0.09294,0.09294,0.09283,0.09289,2306760,214251.66835
DOGEUSDT,1776144900000,2026-04-14 05:35:00,2026-04-14 14:35:00,0.0929,0.09309,0.0929,0.09302,2026026,188355.79402
DOGEUSDT,1776145200000,2026-04-14 05:40:00,2026-04-14 14:40:00,0.09302,0.09305,0.09295,0.09295,1867795,173692.42435
DOGEUSDT,1776145500000,2026-04-14 05:45:00,2026-04-14 14:45:00,0.09295,0.09305,0.09287,0.09287,1844301,171493.08818
DOGEUSDT,1776145800000,2026-04-14 05:50:00,2026-04-14 14:50:00,0.09287,0.09287,0.09277,0.09279,1258914,116842.16075
DOGEUSDT,1776146100000,2026-04-14 05:55:00,2026-04-14 14:55:00,0.09279,0.0928,0.0927,0.0928,2431331,225537.27147
DOGEUSDT,1776146400000,2026-04-14 06:00:00,2026-04-14 15:00:00,0.0928,0.093,0.09279,0.09289,2521247,234141.85346
DOGEUSDT,1776146700000,2026-04-14 06:05:00,2026-04-14 15:05:00,0.0929,0.09304,0.0929,0.09303,898708,83558.40007
DOGEUSDT,1776147000000,2026-04-14 06:10:00,2026-04-14 15:10:00,0.09304,0.09307,0.09298,0.09299,940506,87483.69888
DOGEUSDT,1776147300000,2026-04-14 06:15:00,2026-04-14 15:15:00,0.09299,0.09324,0.09298,0.09321,1891377,176088.745
DOGEUSDT,1776147600000,2026-04-14 06:20:00,2026-04-14 15:20:00,0.09321,0.09333,0.09321,0.09329,9864439,920214.8015
DOGEUSDT,1776147900000,2026-04-14 06:25:00,2026-04-14 15:25:00,0.09329,0.09337,0.0932,0.0932,1716076,160071.11355
DOGEUSDT,1776148200000,2026-04-14 06:30:00,2026-04-14 15:30:00,0.0932,0.09326,0.09314,0.09321,2141942,199654.75797
DOGEUSDT,1776148500000,2026-04-14 06:35:00,2026-04-14 15:35:00,0.0932,0.09333,0.09318,0.09318,964631,89947.88871
DOGEUSDT,1776148800000,2026-04-14 06:40:00,2026-04-14 15:40:00,0.09318,0.09319,0.0931,0.09311,1181667,110069.1806
DOGEUSDT,1776149100000,2026-04-14 06:45:00,2026-04-14 15:45:00,0.0931,0.09318,0.09306,0.09314,1013203,94374.54572
DOGEUSDT,1776149400000,2026-04-14 06:50:00,2026-04-14 15:50:00,0.09314,0.09321,0.09306,0.09319,2479060,230867.39728
DOGEUSDT,1776149700000,2026-04-14 06:55:00,2026-04-14 15:55:00,0.0932,0.09329,0.09318,0.09324,3244946,302592.85388
DOGEUSDT,1776150000000,2026-04-14 07:00:00,2026-04-14 16:00:00,0.09323,0.09339,0.09319,0.09336,1982243,184937.92937
DOGEUSDT,1776150300000,2026-04-14 07:05:00,2026-04-14 16:05:00,0.09336,0.0937,0.09333,0.09366,5699690,532681.8208
DOGEUSDT,1776150600000,2026-04-14 07:10:00,2026-04-14 16:10:00,0.09366,0.09366,0.09345,0.09361,3168221,296419.76793
DOGEUSDT,1776150900000,2026-04-14 07:15:00,2026-04-14 16:15:00,0.09362,0.09366,0.0935,0.09351,1730375,161867.0452
DOGEUSDT,1776151200000,2026-04-14 07:20:00,2026-04-14 16:20:00,0.0935,0.09359,0.09341,0.09345,3663056,342499.14859
DOGEUSDT,1776151500000,2026-04-14 07:25:00,2026-04-14 16:25:00,0.09345,0.0936,0.09345,0.09353,2403892,224849.40752
DOGEUSDT,1776151800000,2026-04-14 07:30:00,2026-04-14 16:30:00,0.09353,0.09358,0.09349,0.09352,686133,64165.46965
DOGEUSDT,1776152100000,2026-04-14 07:35:00,2026-04-14 16:35:00,0.09352,0.09352,0.0934,0.0935,872704,81534.42757
DOGEUSDT,1776152400000,2026-04-14 07:40:00,2026-04-14 16:40:00,0.09349,0.09352,0.09336,0.09336,673162,62896.4689
DOGEUSDT,1776152700000,2026-04-14 07:45:00,2026-04-14 16:45:00,0.09336,0.09344,0.09331,0.09338,710361,66325.48012
DOGEUSDT,1776153000000,2026-04-14 07:50:00,2026-04-14 16:50:00,0.09339,0.0936,0.09337,0.09354,5115521,478347.40287
DOGEUSDT,1776153300000,2026-04-14 07:55:00,2026-04-14 16:55:00,0.09354,0.09362,0.09351,0.09361,2345760,219527.22597
DOGEUSDT,1776153600000,2026-04-14 08:00:00,2026-04-14 17:00:00,0.09361,0.09366,0.0934,0.09352,1358373,127029.25913
DOGEUSDT,1776153900000,2026-04-14 08:05:00,2026-04-14 17:05:00,0.09352,0.09359,0.0935,0.09353,844327,78983.62469
DOGEUSDT,1776154200000,2026-04-14 08:10:00,2026-04-14 17:10:00,0.09353,0.0936,0.09348,0.09358,829347,77572.95601
DOGEUSDT,1776154500000,2026-04-14 08:15:00,2026-04-14 17:15:00,0.09358,0.09363,0.09351,0.09357,557907,52212.89674
DOGEUSDT,1776154800000,2026-04-14 08:20:00,2026-04-14 17:20:00,0.09357,0.0938,0.09354,0.09375,6548957,613847.33879
DOGEUSDT,1776155100000,2026-04-14 08:25:00,2026-04-14 17:25:00,0.09375,0.09381,0.09371,0.09378,1364517,127963.43607
DOGEUSDT,1776155400000,2026-04-14 08:30:00,2026-04-14 17:30:00,0.09378,0.09428,0.09377,0.09427,10003870,940770.55649
DOGEUSDT,1776155700000,2026-04-14 08:35:00,2026-04-14 17:35:00,0.09427,0.09466,0.09423,0.09446,23615925,2230999.9823
DOGEUSDT,1776156000000,2026-04-14 08:40:00,2026-04-14 17:40:00,0.09447,0.0945,0.09412,0.09436,17268083,1628750.87161
DOGEUSDT,1776156300000,2026-04-14 08:45:00,2026-04-14 17:45:00,0.09436,0.09438,0.09418,0.09428,2072712,195396.87185
DOGEUSDT,1776156600000,2026-04-14 08:50:00,2026-04-14 17:50:00,0.09428,0.09461,0.09421,0.09435,7520009,709917.14274
DOGEUSDT,1776156900000,2026-04-14 08:55:00,2026-04-14 17:55:00,0.09436,0.09446,0.09432,0.09436,2599720,245422.54837
DOGEUSDT,1776157200000,2026-04-14 09:00:00,2026-04-14 18:00:00,0.09437,0.0946,0.09435,0.09459,3581235,338543.17274
DOGEUSDT,1776157500000,2026-04-14 09:05:00,2026-04-14 18:05:00,0.09458,0.09483,0.09446,0.09478,7576631,717405.72349
DOGEUSDT,1776157800000,2026-04-14 09:10:00,2026-04-14 18:10:00,0.09477,0.09478,0.09459,0.0947,2102116,199051.36784
DOGEUSDT,1776158100000,2026-04-14 09:15:00,2026-04-14 18:15:00,0.09471,0.09471,0.09452,0.09458,3120407,295260.24098
DOGEUSDT,1776158400000,2026-04-14 09:20:00,2026-04-14 18:20:00,0.09459,0.09465,0.09447,0.09459,3472422,328358.17042
DOGEUSDT,1776158700000,2026-04-14 09:25:00,2026-04-14 18:25:00,0.09459,0.09459,0.09436,0.09442,1848356,174559.68173
DOGEUSDT,1776159000000,2026-04-14 09:30:00,2026-04-14 18:30:00,0.09441,0.09454,0.09436,0.09448,4025895,380179.40789
DOGEUSDT,1776159300000,2026-04-14 09:35:00,2026-04-14 18:35:00,0.09448,0.09454,0.09434,0.09447,2787417,263225.4608
DOGEUSDT,1776159600000,2026-04-14 09:40:00,2026-04-14 18:40:00,0.09447,0.09453,0.09426,0.09435,3346394,315883.71108
DOGEUSDT,1776159900000,2026-04-14 09:45:00,2026-04-14 18:45:00,0.09435,0.09438,0.09421,0.09426,7472080,704434.95677
DOGEUSDT,1776160200000,2026-04-14 09:50:00,2026-04-14 18:50:00,0.09427,0.09436,0.09426,0.09435,2126834,200555.29572
DOGEUSDT,1776160500000,2026-04-14 09:55:00,2026-04-14 18:55:00,0.09435,0.09474,0.09435,0.09448,3967269,375285.72883
DOGEUSDT,1776160800000,2026-04-14 10:00:00,2026-04-14 19:00:00,0.09449,0.0946,0.09437,0.09448,2806794,265214.55998
DOGEUSDT,1776161100000,2026-04-14 10:05:00,2026-04-14 19:05:00,0.09447,0.09451,0.09434,0.09437,3847750,363370.95109
DOGEUSDT,1776161400000,2026-04-14 10:10:00,2026-04-14 19:10:00,0.09437,0.09441,0.09422,0.09423,1785722,168422.43502
DOGEUSDT,1776161700000,2026-04-14 10:15:00,2026-04-14 19:15:00,0.09424,0.09425,0.09398,0.09399,2012922,189478.82531
DOGEUSDT,1776162000000,2026-04-14 10:20:00,2026-04-14 19:20:00,0.09398,0.09402,0.0939,0.09393,7741125,727245.69908
DOGEUSDT,1776162300000,2026-04-14 10:25:00,2026-04-14 19:25:00,0.09393,0.09423,0.0938,0.09407,17572944,1651159.05895
DOGEUSDT,1776162600000,2026-04-14 10:30:00,2026-04-14 19:30:00,0.09406,0.09436,0.09406,0.09436,1707360,160885.83499
DOGEUSDT,1776162900000,2026-04-14 10:35:00,2026-04-14 19:35:00,0.09436,0.09447,0.09432,0.09434,2679650,252994.36711
DOGEUSDT,1776163200000,2026-04-14 10:40:00,2026-04-14 19:40:00,0.09434,0.09443,0.09429,0.09438,3308446,312182.67864
DOGEUSDT,1776163500000,2026-04-14 10:45:00,2026-04-14 19:45:00,0.09438,0.09446,0.09426,0.09445,1942423,183303.8292
DOGEUSDT,1776163800000,2026-04-14 10:50:00,2026-04-14 19:50:00,0.09446,0.09463,0.09443,0.09452,4776641,451541.23181
DOGEUSDT,1776164100000,2026-04-14 10:55:00,2026-04-14 19:55:00,0.09452,0.09455,0.09441,0.09441,2844302,268753.61629
DOGEUSDT,1776164400000,2026-04-14 11:00:00,2026-04-14 20:00:00,0.09441,0.09446,0.09426,0.09439,3854540,363738.78488
DOGEUSDT,1776164700000,2026-04-14 11:05:00,2026-04-14 20:05:00,0.09438,0.09456,0.0943,0.09449,3252331,307223.7822
DOGEUSDT,1776165000000,2026-04-14 11:10:00,2026-04-14 20:10:00,0.09449,0.09579,0.09447,0.09525,50528817,4812692.33525
DOGEUSDT,1776165300000,2026-04-14 11:15:00,2026-04-14 20:15:00,0.09525,0.09529,0.09488,0.09492,6064270,576495.70496
DOGEUSDT,1776165600000,2026-04-14 11:20:00,2026-04-14 20:20:00,0.09492,0.09502,0.09449,0.09457,4790369,453741.71407
DOGEUSDT,1776165900000,2026-04-14 11:25:00,2026-04-14 20:25:00,0.09458,0.09471,0.09411,0.09413,9809414,925929.85683
DOGEUSDT,1776166200000,2026-04-14 11:30:00,2026-04-14 20:30:00,0.09412,0.09448,0.09386,0.09447,10406742,979984.67809
DOGEUSDT,1776166500000,2026-04-14 11:35:00,2026-04-14 20:35:00,0.09446,0.09461,0.09446,0.09458,2471152,233616.07787
DOGEUSDT,1776166800000,2026-04-14 11:40:00,2026-04-14 20:40:00,0.09458,0.09459,0.09443,0.09454,1718116,162374.72041
DOGEUSDT,1776167100000,2026-04-14 11:45:00,2026-04-14 20:45:00,0.09455,0.09459,0.09433,0.09433,2266577,214024.38398
DOGEUSDT,1776167400000,2026-04-14 11:50:00,2026-04-14 20:50:00,0.09434,0.09439,0.0943,0.09436,1291046,121807.51574
DOGEUSDT,1776167700000,2026-04-14 11:55:00,2026-04-14 20:55:00,0.09437,0.09442,0.09418,0.09431,4605695,434336.27796
DOGEUSDT,1776168000000,2026-04-14 12:00:00,2026-04-14 21:00:00,0.09431,0.0944,0.09423,0.0943,1427386,134626.14769
DOGEUSDT,1776168300000,2026-04-14 12:05:00,2026-04-14 21:05:00,0.0943,0.0943,0.09413,0.09415,2900952,273290.12356
DOGEUSDT,1776168600000,2026-04-14 12:10:00,2026-04-14 21:10:00,0.09415,0.09419,0.094,0.09404,4784931,450081.0199
DOGEUSDT,1776168900000,2026-04-14 12:15:00,2026-04-14 21:15:00,0.09404,0.09423,0.09401,0.09414,1456316,137052.03368
DOGEUSDT,1776169200000,2026-04-14 12:20:00,2026-04-14 21:20:00,0.09415,0.09416,0.09402,0.09408,2597916,244483.30692
DOGEUSDT,1776169500000,2026-04-14 12:25:00,2026-04-14 21:25:00,0.09407,0.09412,0.09393,0.09393,3070865,288722.07627
DOGEUSDT,1776169800000,2026-04-14 12:30:00,2026-04-14 21:30:00,0.09394,0.09417,0.09394,0.09397,1536764,144500.63094
DOGEUSDT,1776170100000,2026-04-14 12:35:00,2026-04-14 21:35:00,0.09397,0.09402,0.09386,0.09399,2758595,259098.82242
DOGEUSDT,1776170400000,2026-04-14 12:40:00,2026-04-14 21:40:00,0.09399,0.09403,0.09372,0.09384,3374595,316603.13503
DOGEUSDT,1776170700000,2026-04-14 12:45:00,2026-04-14 21:45:00,0.09385,0.09395,0.09384,0.09391,1492438,140132.41271
DOGEUSDT,1776171000000,2026-04-14 12:50:00,2026-04-14 21:50:00,0.09392,0.09412,0.09392,0.09411,2177932,204707.31527
DOGEUSDT,1776171300000,2026-04-14 12:55:00,2026-04-14 21:55:00,0.09411,0.09421,0.09409,0.09414,1857797,174918.37427
DOGEUSDT,1776171600000,2026-04-14 13:00:00,2026-04-14 22:00:00,0.09413,0.09443,0.09406,0.09426,2278330,214797.02018
DOGEUSDT,1776171900000,2026-04-14 13:05:00,2026-04-14 22:05:00,0.09426,0.09436,0.09422,0.0943,1803039,169988.74719
DOGEUSDT,1776172200000,2026-04-14 13:10:00,2026-04-14 22:10:00,0.09429,0.09445,0.09429,0.09441,4360885,411582.95647
DOGEUSDT,1776172500000,2026-04-14 13:15:00,2026-04-14 22:15:00,0.09441,0.09443,0.0942,0.0944,1601771,151093.04033
DOGEUSDT,1776172800000,2026-04-14 13:20:00,2026-04-14 22:20:00,0.09441,0.09456,0.0944,0.09455,1221138,115356.12939
DOGEUSDT,1776173100000,2026-04-14 13:25:00,2026-04-14 22:25:00,0.09455,0.09466,0.09452,0.09452,3285834,310811.44768
DOGEUSDT,1776173400000,2026-04-14 13:30:00,2026-04-14 22:30:00,0.09452,0.0949,0.09452,0.09472,4886408,462900.76013
DOGEUSDT,1776173700000,2026-04-14 13:35:00,2026-04-14 22:35:00,0.09473,0.09513,0.09471,0.09498,16680156,1583131.88865
DOGEUSDT,1776174000000,2026-04-14 13:40:00,2026-04-14 22:40:00,0.09498,0.09557,0.09491,0.09546,17021227,1622441.15761
DOGEUSDT,1776174300000,2026-04-14 13:45:00,2026-04-14 22:45:00,0.09545,0.09562,0.09518,0.09528,11301183,1077961.71081
DOGEUSDT,1776174600000,2026-04-14 13:50:00,2026-04-14 22:50:00,0.09528,0.09679,0.09526,0.09667,45461193,4373315.25439
DOGEUSDT,1776174900000,2026-04-14 13:55:00,2026-04-14 22:55:00,0.09667,0.09726,0.09647,0.09707,45032807,4364505.27885
DOGEUSDT,1776175200000,2026-04-14 14:00:00,2026-04-14 23:00:00,0.09707,0.09805,0.09692,0.09719,54269927,5292528.43926
DOGEUSDT,1776175500000,2026-04-14 14:05:00,2026-04-14 23:05:00,0.09719,0.09751,0.09659,0.09669,18706800,1816442.04127
DOGEUSDT,1776175800000,2026-04-14 14:10:00,2026-04-14 23:10:00,0.09669,0.09729,0.09651,0.09728,17304288,1675755.38897
DOGEUSDT,1776176100000,2026-04-14 14:15:00,2026-04-14 23:15:00,0.09727,0.0973,0.09665,0.09693,15404869,1494950.81242
DOGEUSDT,1776176400000,2026-04-14 14:20:00,2026-04-14 23:20:00,0.09692,0.09698,0.09646,0.09666,8122996,785546.14229
DOGEUSDT,1776176700000,2026-04-14 14:25:00,2026-04-14 23:25:00,0.09665,0.09696,0.09639,0.09667,13089111,1264744.26522
DOGEUSDT,1776177000000,2026-04-14 14:30:00,2026-04-14 23:30:00,0.09666,0.09735,0.09649,0.09655,16265392,1576583.06298
DOGEUSDT,1776177300000,2026-04-14 14:35:00,2026-04-14 23:35:00,0.09656,0.09697,0.09604,0.09624,11662706,1123687.86764
DOGEUSDT,1776177600000,2026-04-14 14:40:00,2026-04-14 23:40:00,0.09624,0.09629,0.09582,0.09612,9865585,947439.58169
DOGEUSDT,1776177900000,2026-04-14 14:45:00,2026-04-14 23:45:00,0.09613,0.09642,0.0958,0.09602,12205463,1172810.68189
DOGEUSDT,1776178200000,2026-04-14 14:50:00,2026-04-14 23:50:00,0.09601,0.09651,0.09588,0.09647,7017793,675025.29612
DOGEUSDT,1776178500000,2026-04-14 14:55:00,2026-04-14 23:55:00,0.09647,0.09647,0.09606,0.09607,6395055,615535.01539
DOGEUSDT,1776178800000,2026-04-14 15:00:00,2026-04-15 00:00:00,0.09608,0.09642,0.09582,0.09629,21866465,2103603.3813
DOGEUSDT,1776179100000,2026-04-14 15:05:00,2026-04-15 00:05:00,0.09628,0.09628,0.09544,0.09564,14729510,1412236.69969
DOGEUSDT,1776179400000,2026-04-14 15:10:00,2026-04-15 00:10:00,0.09564,0.09587,0.0955,0.09561,7222666,691123.23434
DOGEUSDT,1776179700000,2026-04-14 15:15:00,2026-04-15 00:15:00,0.09561,0.09582,0.09544,0.09568,6028285,576420.53947
DOGEUSDT,1776180000000,2026-04-14 15:20:00,2026-04-15 00:20:00,0.09567,0.09576,0.09556,0.09566,6077078,581387.47086
DOGEUSDT,1776180300000,2026-04-14 15:25:00,2026-04-15 00:25:00,0.09566,0.09582,0.09525,0.09536,9754165,932261.09737
DOGEUSDT,1776180600000,2026-04-14 15:30:00,2026-04-15 00:30:00,0.09535,0.0959,0.09526,0.09585,7272166,695080.07279
DOGEUSDT,1776180900000,2026-04-14 15:35:00,2026-04-15 00:35:00,0.09584,0.09617,0.09576,0.09598,10708421,1027945.67376
DOGEUSDT,1776181200000,2026-04-14 15:40:00,2026-04-15 00:40:00,0.09598,0.09604,0.09582,0.0959,3431929,329203.99312
DOGEUSDT,1776181500000,2026-04-14 15:45:00,2026-04-15 00:45:00,0.09591,0.09601,0.09572,0.09581,9555431,916032.58862
DOGEUSDT,1776181800000,2026-04-14 15:50:00,2026-04-15 00:50:00,0.09582,0.09612,0.09581,0.0959,3450883,331114.86586
DOGEUSDT,1776182100000,2026-04-14 15:55:00,2026-04-15 00:55:00,0.09589,0.09589,0.09538,0.09541,10837807,1036195.84011
DOGEUSDT,1776182400000,2026-04-14 16:00:00,2026-04-15 01:00:00,0.0954,0.09593,0.09539,0.09586,5893738,564167.04154
DOGEUSDT,1776182700000,2026-04-14 16:05:00,2026-04-15 01:05:00,0.09586,0.09603,0.09572,0.09594,5571479,534203.23657
DOGEUSDT,1776183000000,2026-04-14 16:10:00,2026-04-15 01:10:00,0.09594,0.09599,0.09563,0.0958,3199691,306530.81747
DOGEUSDT,1776183300000,2026-04-14 16:15:00,2026-04-15 01:15:00,0.0958,0.09584,0.09533,0.09543,4027476,384848.91261
DOGEUSDT,1776183600000,2026-04-14 16:20:00,2026-04-15 01:20:00,0.09543,0.09554,0.09523,0.09545,4200655,400497.02245
DOGEUSDT,1776183900000,2026-04-14 16:25:00,2026-04-15 01:25:00,0.09546,0.0957,0.09546,0.09559,2902087,277448.05862
DOGEUSDT,1776184200000,2026-04-14 16:30:00,2026-04-15 01:30:00,0.09558,0.09575,0.09549,0.09567,1703281,162979.1942
DOGEUSDT,1776184500000,2026-04-14 16:35:00,2026-04-15 01:35:00,0.09566,0.09569,0.09544,0.09564,759068,72536.98548
DOGEUSDT,1776184800000,2026-04-14 16:40:00,2026-04-15 01:40:00,0.09564,0.09573,0.09551,0.0957,1201188,114866.72201
DOGEUSDT,1776185100000,2026-04-14 16:45:00,2026-04-15 01:45:00,0.09571,0.09576,0.09557,0.09561,1391628,133150.28739
DOGEUSDT,1776185400000,2026-04-14 16:50:00,2026-04-15 01:50:00,0.09561,0.09561,0.09474,0.0949,8129688,772677.15695
DOGEUSDT,1776185700000,2026-04-14 16:55:00,2026-04-15 01:55:00,0.09491,0.09515,0.09478,0.09514,4161807,395144.91056
DOGEUSDT,1776186000000,2026-04-14 17:00:00,2026-04-15 02:00:00,0.09513,0.09525,0.09498,0.09511,2009591,191129.88149
DOGEUSDT,1776186300000,2026-04-14 17:05:00,2026-04-15 02:05:00,0.0951,0.09514,0.09504,0.09514,3198246,304127.36564
DOGEUSDT,1776186600000,2026-04-14 17:10:00,2026-04-15 02:10:00,0.09514,0.09533,0.0951,0.09518,2632131,250669.46517
DOGEUSDT,1776186900000,2026-04-14 17:15:00,2026-04-15 02:15:00,0.09517,0.09526,0.0951,0.09519,1071519,102002.93134
DOGEUSDT,1776187200000,2026-04-14 17:20:00,2026-04-15 02:20:00,0.0952,0.09526,0.09514,0.09522,1801753,171580.99402
DOGEUSDT,1776187500000,2026-04-14 17:25:00,2026-04-15 02:25:00,0.09522,0.09531,0.09492,0.09492,7376827,701997.92278
DOGEUSDT,1776187800000,2026-04-14 17:30:00,2026-04-15 02:30:00,0.09492,0.095,0.09441,0.09449,5071132,480238.00874
DOGEUSDT,1776188100000,2026-04-14 17:35:00,2026-04-15 02:35:00,0.0945,0.0945,0.09421,0.09434,6150187,580188.11738
DOGEUSDT,1776188400000,2026-04-14 17:40:00,2026-04-15 02:40:00,0.09435,0.09449,0.09429,0.09441,2241047,211579.45485
DOGEUSDT,1776188700000,2026-04-14 17:45:00,2026-04-15 02:45:00,0.09442,0.09456,0.09435,0.09454,3339747,315389.05894
DOGEUSDT,1776189000000,2026-04-14 17:50:00,2026-04-15 02:50:00,0.09455,0.09463,0.09447,0.09461,888305,84002.9252
DOGEUSDT,1776189300000,2026-04-14 17:55:00,2026-04-15 02:55:00,0.09461,0.09476,0.0946,0.09465,1548033,146559.71227
DOGEUSDT,1776189600000,2026-04-14 18:00:00,2026-04-15 03:00:00,0.09466,0.09491,0.09461,0.09488,1939172,183776.84622
DOGEUSDT,1776189900000,2026-04-14 18:05:00,2026-04-15 03:05:00,0.09488,0.09492,0.09473,0.09485,849274,80525.48832
DOGEUSDT,1776190200000,2026-04-14 18:10:00,2026-04-15 03:10:00,0.09485,0.09487,0.09454,0.09461,2652246,251186.67521
DOGEUSDT,1776190500000,2026-04-14 18:15:00,2026-04-15 03:15:00,0.09461,0.09462,0.09441,0.09449,1401265,132427.91916
DOGEUSDT,1776190800000,2026-04-14 18:20:00,2026-04-15 03:20:00,0.09449,0.09453,0.09387,0.09393,7135894,671413.51711
DOGEUSDT,1776191100000,2026-04-14 18:25:00,2026-04-15 03:25:00,0.09392,0.09414,0.09386,0.094,2422848,227752.07855
DOGEUSDT,1776191400000,2026-04-14 18:30:00,2026-04-15 03:30:00,0.09399,0.0942,0.09394,0.094,943764,88763.85492
DOGEUSDT,1776191700000,2026-04-14 18:35:00,2026-04-15 03:35:00,0.094,0.09404,0.09372,0.0938,8423121,790805.72853
DOGEUSDT,1776192000000,2026-04-14 18:40:00,2026-04-15 03:40:00,0.09381,0.09391,0.09379,0.09385,2011149,188732.06662
DOGEUSDT,1776192300000,2026-04-14 18:45:00,2026-04-15 03:45:00,0.09385,0.0939,0.0929,0.09291,23444661,2184853.77409
DOGEUSDT,1776192600000,2026-04-14 18:50:00,2026-04-15 03:50:00,0.09292,0.0934,0.0929,0.09328,5595975,521351.76718
DOGEUSDT,1776192900000,2026-04-14 18:55:00,2026-04-15 03:55:00,0.09327,0.0933,0.09305,0.09312,2291221,213406.80296
DOGEUSDT,1776193200000,2026-04-14 19:00:00,2026-04-15 04:00:00,0.09311,0.09326,0.09301,0.09317,1652529,153906.07372
DOGEUSDT,1776193500000,2026-04-14 19:05:00,2026-04-15 04:05:00,0.09318,0.09334,0.09312,0.09318,3003791,279970.10447
DOGEUSDT,1776193800000,2026-04-14 19:10:00,2026-04-15 04:10:00,0.09317,0.09335,0.09312,0.09314,1229105,114572.00413
DOGEUSDT,1776194100000,2026-04-14 19:15:00,2026-04-15 04:15:00,0.09314,0.09322,0.09312,0.09316,1108084,103245.67959
DOGEUSDT,1776194400000,2026-04-14 19:20:00,2026-04-15 04:20:00,0.09316,0.09322,0.09269,0.09273,4894840,454704.0019
DOGEUSDT,1776194700000,2026-04-14 19:25:00,2026-04-15 04:25:00,0.09273,0.09294,0.09239,0.09289,7912226,732601.14393
DOGEUSDT,1776195000000,2026-04-14 19:30:00,2026-04-15 04:30:00,0.09289,0.093,0.09267,0.09268,2453554,227863.60781
DOGEUSDT,1776195300000,2026-04-14 19:35:00,2026-04-15 04:35:00,0.09267,0.09278,0.0925,0.09275,2410201,223235.82429
DOGEUSDT,1776195600000,2026-04-14 19:40:00,2026-04-15 04:40:00,0.09275,0.09284,0.09268,0.09272,1868440,173304.21171
DOGEUSDT,1776195900000,2026-04-14 19:45:00,2026-04-15 04:45:00,0.09272,0.09282,0.09264,0.09272,2097479,194475.99242
DOGEUSDT,1776196200000,2026-04-14 19:50:00,2026-04-15 04:50:00,0.09273,0.09283,0.09265,0.09269,2551743,236546.49607
DOGEUSDT,1776196500000,2026-04-14 19:55:00,2026-04-15 04:55:00,0.09269,0.09285,0.09265,0.09285,1240738,115093.30759
DOGEUSDT,1776196800000,2026-04-14 20:00:00,2026-04-15 05:00:00,0.09285,0.09288,0.0927,0.09271,2445141,226820.5836
DOGEUSDT,1776197100000,2026-04-14 20:05:00,2026-04-15 05:05:00,0.09271,0.0928,0.09257,0.0928,2780853,257750.68115
DOGEUSDT,1776197400000,2026-04-14 20:10:00,2026-04-15 05:10:00,0.09279,0.09295,0.09272,0.09294,4181751,388172.10893
DOGEUSDT,1776197700000,2026-04-14 20:15:00,2026-04-15 05:15:00,0.09293,0.09299,0.09276,0.09277,4165776,386937.15211
DOGEUSDT,1776198000000,2026-04-14 20:20:00,2026-04-15 05:20:00,0.09276,0.09281,0.09241,0.09257,5742931,531746.39862
DOGEUSDT,1776198300000,2026-04-14 20:25:00,2026-04-15 05:25:00,0.09257,0.0926,0.0925,0.09257,2436067,225431.76031
DOGEUSDT,1776198600000,2026-04-14 20:30:00,2026-04-15 05:30:00,0.09257,0.09273,0.09257,0.09261,1015115,94052.46781
DOGEUSDT,1776198900000,2026-04-14 20:35:00,2026-04-15 05:35:00,0.0926,0.09266,0.09245,0.09261,4231312,391561.41683
DOGEUSDT,1776199200000,2026-04-14 20:40:00,2026-04-15 05:40:00,0.09261,0.09273,0.0925,0.09265,2841509,263173.91964
DOGEUSDT,1776199500000,2026-04-14 20:45:00,2026-04-15 05:45:00,0.09266,0.09268,0.09254,0.09259,3498474,324037.80378
DOGEUSDT,1776199800000,2026-04-14 20:50:00,2026-04-15 05:50:00,0.0926,0.09268,0.09254,0.09258,1300279,120368.48305
DOGEUSDT,1776200100000,2026-04-14 20:55:00,2026-04-15 05:55:00,0.09259,0.09266,0.0925,0.09266,975371,90296.27358
DOGEUSDT,1776200400000,2026-04-14 21:00:00,2026-04-15 06:00:00,0.09267,0.09308,0.09267,0.09305,2507823,232845.59397
DOGEUSDT,1776200700000,2026-04-14 21:05:00,2026-04-15 06:05:00,0.09305,0.09305,0.09292,0.09301,1218856,113316.74619
DOGEUSDT,1776201000000,2026-04-14 21:10:00,2026-04-15 06:10:00,0.09301,0.09301,0.09276,0.09291,4338790,402879.47803
DOGEUSDT,1776201300000,2026-04-14 21:15:00,2026-04-15 06:15:00,0.09291,0.09298,0.09285,0.09297,847597,78761.14081
DOGEUSDT,1776201600000,2026-04-14 21:20:00,2026-04-15 06:20:00,0.09297,0.09304,0.0929,0.09298,919000,85441.76825
DOGEUSDT,1776201900000,2026-04-14 21:25:00,2026-04-15 06:25:00,0.09299,0.09315,0.09298,0.09314,1865571,173591.199
DOGEUSDT,1776202200000,2026-04-14 21:30:00,2026-04-15 06:30:00,0.09315,0.09322,0.09314,0.09315,1471646,137111.2467
DOGEUSDT,1776202500000,2026-04-14 21:35:00,2026-04-15 06:35:00,0.09315,0.09322,0.09312,0.09316,1340281,124869.07881
DOGEUSDT,1776202800000,2026-04-14 21:40:00,2026-04-15 06:40:00,0.09317,0.09325,0.09308,0.09323,2267776,211227.15719
DOGEUSDT,1776203100000,2026-04-14 21:45:00,2026-04-15 06:45:00,0.09323,0.09323,0.09311,0.09316,419070,39040.63899
DOGEUSDT,1776203400000,2026-04-14 21:50:00,2026-04-15 06:50:00,0.09315,0.0933,0.09311,0.09326,1689657,157524.5567
DOGEUSDT,1776203700000,2026-04-14 21:55:00,2026-04-15 06:55:00,0.09326,0.09332,0.09322,0.09325,524474,48916.81783
DOGEUSDT,1776204000000,2026-04-14 22:00:00,2026-04-15 07:00:00,0.09325,0.09325,0.09294,0.09303,3439775,320150.76098
DOGEUSDT,1776204300000,2026-04-14 22:05:00,2026-04-15 07:05:00,0.09303,0.09339,0.09303,0.09336,5448123,507580.82992
DOGEUSDT,1776204600000,2026-04-14 22:10:00,2026-04-15 07:10:00,0.09336,0.09336,0.09311,0.09317,1986650,185135.08931
DOGEUSDT,1776204900000,2026-04-14 22:15:00,2026-04-15 07:15:00,0.09317,0.09321,0.09301,0.09302,1786075,166310.55436
DOGEUSDT,1776205200000,2026-04-14 22:20:00,2026-04-15 07:20:00,0.09301,0.09307,0.09292,0.09299,1028392,95620.01765
DOGEUSDT,1776205500000,2026-04-14 22:25:00,2026-04-15 07:25:00,0.09299,0.09299,0.09269,0.09275,2124722,197303.95227
DOGEUSDT,1776205800000,2026-04-14 22:30:00,2026-04-15 07:30:00,0.09275,0.09299,0.09265,0.09288,4578946,425223.33897
DOGEUSDT,1776206100000,2026-04-14 22:35:00,2026-04-15 07:35:00,0.09288,0.0929,0.09265,0.09276,1530382,141968.97262
DOGEUSDT,1776206400000,2026-04-14 22:40:00,2026-04-15 07:40:00,0.09275,0.09281,0.09254,0.09269,13032617,1207425.95125
DOGEUSDT,1776206700000,2026-04-14 22:45:00,2026-04-15 07:45:00,0.09269,0.09283,0.09268,0.09271,1264907,117331.48691
DOGEUSDT,1776207000000,2026-04-14 22:50:00,2026-04-15 07:50:00,0.09272,0.09284,0.09271,0.09284,986896,91562.09911
DOGEUSDT,1776207300000,2026-04-14 22:55:00,2026-04-15 07:55:00,0.09283,0.09293,0.09275,0.09289,2516844,233644.96923
DOGEUSDT,1776207600000,2026-04-14 23:00:00,2026-04-15 08:00:00,0.09289,0.09296,0.09286,0.09292,919682,85468.42804
DOGEUSDT,1776207900000,2026-04-14 23:05:00,2026-04-15 08:05:00,0.09291,0.09297,0.09279,0.09279,853542,79260.26174
DOGEUSDT,1776208200000,2026-04-14 23:10:00,2026-04-15 08:10:00,0.09278,0.09284,0.09274,0.09284,837746,77734.90289
DOGEUSDT,1776208500000,2026-04-14 23:15:00,2026-04-15 08:15:00,0.09284,0.09309,0.09276,0.09304,2121397,197152.43084
DOGEUSDT,1776208800000,2026-04-14 23:20:00,2026-04-15 08:20:00,0.09304,0.09309,0.09296,0.09296,779611,72524.99028
DOGEUSDT,1776209100000,2026-04-14 23:25:00,2026-04-15 08:25:00,0.09297,0.09304,0.09296,0.09304,514245,47820.37841
DOGEUSDT,1776209400000,2026-04-14 23:30:00,2026-04-15 08:30:00,0.09304,0.0931,0.09296,0.09307,2230108,207461.05162
DOGEUSDT,1776209700000,2026-04-14 23:35:00,2026-04-15 08:35:00,0.09306,0.0932,0.09292,0.09316,2299172,213915.46463
DOGEUSDT,1776210000000,2026-04-14 23:40:00,2026-04-15 08:40:00,0.09316,0.09318,0.09306,0.0931,1473686,137217.78432
DOGEUSDT,1776210300000,2026-04-14 23:45:00,2026-04-15 08:45:00,0.09309,0.09312,0.093,0.09308,1911695,177937.61814
DOGEUSDT,1776210600000,2026-04-14 23:50:00,2026-04-15 08:50:00,0.09308,0.09309,0.0929,0.09297,1089689,101357.78156
DOGEUSDT,1776210900000,2026-04-14 23:55:00,2026-04-15 08:55:00,0.09297,0.09301,0.09294,0.09297,932676,86720.7465
DOGEUSDT,1776211200000,2026-04-15 00:00:00,2026-04-15 09:00:00,0.09297,0.09348,0.09295,0.0934,2795347,260661.82276
DOGEUSDT,1776211500000,2026-04-15 00:05:00,2026-04-15 09:05:00,0.0934,0.09354,0.0933,0.09341,3359587,313958.42542
DOGEUSDT,1776211800000,2026-04-15 00:10:00,2026-04-15 09:10:00,0.09342,0.09347,0.09334,0.09347,1852508,173029.84908
DOGEUSDT,1776212100000,2026-04-15 00:15:00,2026-04-15 09:15:00,0.09348,0.09348,0.09321,0.09325,3419653,319193.49326
DOGEUSDT,1776212400000,2026-04-15 00:20:00,2026-04-15 09:20:00,0.09326,0.09351,0.09326,0.09333,1390012,129752.01081
DOGEUSDT,1776212700000,2026-04-15 00:25:00,2026-04-15 09:25:00,0.09333,0.09335,0.09324,0.0933,1723704,160794.94515
DOGEUSDT,1776213000000,2026-04-15 00:30:00,2026-04-15 09:30:00,0.0933,0.09334,0.09302,0.09323,4015442,374077.62146
DOGEUSDT,1776213300000,2026-04-15 00:35:00,2026-04-15 09:35:00,0.09322,0.09337,0.09318,0.09335,4035760,376450.70453
DOGEUSDT,1776213600000,2026-04-15 00:40:00,2026-04-15 09:40:00,0.09334,0.09349,0.0933,0.09344,1042566,97399.91906
DOGEUSDT,1776213900000,2026-04-15 00:45:00,2026-04-15 09:45:00,0.09345,0.09353,0.09324,0.09327,2985668,278879.59792
DOGEUSDT,1776214200000,2026-04-15 00:50:00,2026-04-15 09:50:00,0.09326,0.09339,0.0932,0.09323,977255,91188.19596
DOGEUSDT,1776214500000,2026-04-15 00:55:00,2026-04-15 09:55:00,0.09323,0.09334,0.09321,0.09328,566861,52879.70834
DOGEUSDT,1776214800000,2026-04-15 01:00:00,2026-04-15 10:00:00,0.09328,0.09339,0.09319,0.09337,954143,89022.87335
DOGEUSDT,1776215100000,2026-04-15 01:05:00,2026-04-15 10:05:00,0.09338,0.09351,0.09337,0.0935,3618441,338098.79448
DOGEUSDT,1776215400000,2026-04-15 01:10:00,2026-04-15 10:10:00,0.09351,0.09354,0.09336,0.09352,2612529,244243.03225
DOGEUSDT,1776215700000,2026-04-15 01:15:00,2026-04-15 10:15:00,0.09352,0.09362,0.09343,0.09358,1865651,174470.83018
DOGEUSDT,1776216000000,2026-04-15 01:20:00,2026-04-15 10:20:00,0.09358,0.09358,0.09337,0.09341,1129159,105534.85325
DOGEUSDT,1776216300000,2026-04-15 01:25:00,2026-04-15 10:25:00,0.09341,0.0935,0.0934,0.09344,1035082,96721.26205
DOGEUSDT,1776216600000,2026-04-15 01:30:00,2026-04-15 10:30:00,0.09345,0.09348,0.09325,0.09329,2842832,265387.39525
DOGEUSDT,1776216900000,2026-04-15 01:35:00,2026-04-15 10:35:00,0.09329,0.09342,0.09315,0.09338,3538118,329968.92934
DOGEUSDT,1776217200000,2026-04-15 01:40:00,2026-04-15 10:40:00,0.09337,0.09348,0.09335,0.09347,1158886,108244.42465
DOGEUSDT,1776217500000,2026-04-15 01:45:00,2026-04-15 10:45:00,0.09347,0.09349,0.09339,0.09349,1085994,101465.41132
DOGEUSDT,1776217800000,2026-04-15 01:50:00,2026-04-15 10:50:00,0.09349,0.0936,0.09334,0.09339,1858108,173626.83181
DOGEUSDT,1776218100000,2026-04-15 01:55:00,2026-04-15 10:55:00,0.09339,0.09346,0.09336,0.09346,1169552,109243.47403
DOGEUSDT,1776218400000,2026-04-15 02:00:00,2026-04-15 11:00:00,0.09346,0.09362,0.09338,0.09348,1134846,106073.16789
DOGEUSDT,1776218700000,2026-04-15 02:05:00,2026-04-15 11:05:00,0.09347,0.09349,0.09341,0.09341,855988,79995.99423
DOGEUSDT,1776219000000,2026-04-15 02:10:00,2026-04-15 11:10:00,0.09341,0.09344,0.09337,0.09343,476154,44476.14606
DOGEUSDT,1776219300000,2026-04-15 02:15:00,2026-04-15 11:15:00,0.09344,0.09348,0.09335,0.09335,1487035,138918.46257
DOGEUSDT,1776219600000,2026-04-15 02:20:00,2026-04-15 11:20:00,0.09335,0.09352,0.09335,0.09343,4057150,379239.22055
DOGEUSDT,1776219900000,2026-04-15 02:25:00,2026-04-15 11:25:00,0.09344,0.09344,0.09324,0.09325,1056255,98573.46555
DOGEUSDT,1776220200000,2026-04-15 02:30:00,2026-04-15 11:30:00,0.09326,0.09327,0.09298,0.09301,3357267,312392.92738
DOGEUSDT,1776220500000,2026-04-15 02:35:00,2026-04-15 11:35:00,0.09301,0.09313,0.09298,0.0931,1079976,100523.22993
DOGEUSDT,1776220800000,2026-04-15 02:40:00,2026-04-15 11:40:00,0.0931,0.09312,0.09306,0.09309,924127,86018.1728
DOGEUSDT,1776221100000,2026-04-15 02:45:00,2026-04-15 11:45:00,0.09308,0.09308,0.09298,0.09299,3180997,295991.64444
DOGEUSDT,1776221400000,2026-04-15 02:50:00,2026-04-15 11:50:00,0.09298,0.09309,0.09298,0.09306,537232,49999.8755
DOGEUSDT,1776221700000,2026-04-15 02:55:00,2026-04-15 11:55:00,0.09306,0.09316,0.09306,0.09316,682866,63594.08451
DOGEUSDT,1776222000000,2026-04-15 03:00:00,2026-04-15 12:00:00,0.09316,0.09323,0.09309,0.09312,1268070,118152.53701
DOGEUSDT,1776222300000,2026-04-15 03:05:00,2026-04-15 12:05:00,0.09313,0.09323,0.09311,0.09316,3647707,339858.28922
DOGEUSDT,1776222600000,2026-04-15 03:10:00,2026-04-15 12:10:00,0.09317,0.09323,0.09313,0.0932,1090300,101574.14328
DOGEUSDT,1776222900000,2026-04-15 03:15:00,2026-04-15 12:15:00,0.09319,0.09323,0.09312,0.0932,597254,55651.04051
DOGEUSDT,1776223200000,2026-04-15 03:20:00,2026-04-15 12:20:00,0.0932,0.09338,0.09316,0.09333,473520,44170.097
DOGEUSDT,1776223500000,2026-04-15 03:25:00,2026-04-15 12:25:00,0.09332,0.09337,0.09327,0.09328,306367,28589.62624
DOGEUSDT,1776223800000,2026-04-15 03:30:00,2026-04-15 12:30:00,0.09328,0.09335,0.09325,0.09329,828058,77251.54589
DOGEUSDT,1776224100000,2026-04-15 03:35:00,2026-04-15 12:35:00,0.09328,0.09329,0.09312,0.09319,799265,74481.71892
DOGEUSDT,1776224400000,2026-04-15 03:40:00,2026-04-15 12:40:00,0.0932,0.09321,0.09312,0.09318,694493,64706.27281
DOGEUSDT,1776224700000,2026-04-15 03:45:00,2026-04-15 12:45:00,0.09318,0.09325,0.09314,0.09324,1586507,147905.80423
DOGEUSDT,1776225000000,2026-04-15 03:50:00,2026-04-15 12:50:00,0.09324,0.09327,0.09318,0.09319,504551,47033.91868
DOGEUSDT,1776225300000,2026-04-15 03:55:00,2026-04-15 12:55:00,0.09318,0.09325,0.09314,0.09316,642478,59876.23838
DOGEUSDT,1776225600000,2026-04-15 04:00:00,2026-04-15 13:00:00,0.09316,0.09337,0.09311,0.09329,2464484,229674.76712
DOGEUSDT,1776225900000,2026-04-15 04:05:00,2026-04-15 13:05:00,0.0933,0.09331,0.09312,0.09319,429030,39976.46242
DOGEUSDT,1776226200000,2026-04-15 04:10:00,2026-04-15 13:10:00,0.09319,0.09322,0.09318,0.09318,251656,23455.80282
DOGEUSDT,1776226500000,2026-04-15 04:15:00,2026-04-15 13:15:00,0.09317,0.09326,0.09315,0.09318,856363,79831.33216
DOGEUSDT,1776226800000,2026-04-15 04:20:00,2026-04-15 13:20:00,0.09317,0.09326,0.09312,0.09326,577589,53845.72784
DOGEUSDT,1776227100000,2026-04-15 04:25:00,2026-04-15 13:25:00,0.09325,0.09329,0.0932,0.09324,778065,72546.42214
DOGEUSDT,1776227400000,2026-04-15 04:30:00,2026-04-15 13:30:00,0.09325,0.09327,0.0931,0.09323,1489539,138792.90654
DOGEUSDT,1776227700000,2026-04-15 04:35:00,2026-04-15 13:35:00,0.09323,0.09341,0.09323,0.09334,1430402,133510.66906
DOGEUSDT,1776228000000,2026-04-15 04:40:00,2026-04-15 13:40:00,0.09333,0.0934,0.09331,0.09337,492238,45962.51546
DOGEUSDT,1776228300000,2026-04-15 04:45:00,2026-04-15 13:45:00,0.09337,0.09353,0.09335,0.09352,1952228,182378.88813
DOGEUSDT,1776228600000,2026-04-15 04:50:00,2026-04-15 13:50:00,0.09351,0.09368,0.09347,0.0936,9472815,886312.61887
DOGEUSDT,1776228900000,2026-04-15 04:55:00,2026-04-15 13:55:00,0.0936,0.09373,0.0935,0.09365,2067189,193485.82719
DOGEUSDT,1776229200000,2026-04-15 05:00:00,2026-04-15 14:00:00,0.09364,0.09392,0.09359,0.09369,3759037,352366.45269
DOGEUSDT,1776229500000,2026-04-15 05:05:00,2026-04-15 14:05:00,0.09369,0.09369,0.09346,0.09346,766114,71656.61628
DOGEUSDT,1776229800000,2026-04-15 05:10:00,2026-04-15 14:10:00,0.09347,0.09357,0.09346,0.09347,1784616,166899.71013
DOGEUSDT,1776230100000,2026-04-15 05:15:00,2026-04-15 14:15:00,0.09346,0.09351,0.09341,0.09345,423304,39556.11657
DOGEUSDT,1776230400000,2026-04-15 05:20:00,2026-04-15 14:20:00,0.09345,0.09345,0.09326,0.09336,792536,74003.93388
DOGEUSDT,1776230700000,2026-04-15 05:25:00,2026-04-15 14:25:00,0.09335,0.09342,0.09326,0.09332,857124,79999.39833
DOGEUSDT,1776231000000,2026-04-15 05:30:00,2026-04-15 14:30:00,0.09333,0.09333,0.09314,0.09328,858960,80064.06206
DOGEUSDT,1776231300000,2026-04-15 05:35:00,2026-04-15 14:35:00,0.09327,0.09329,0.09316,0.09321,672034,62644.5078
DOGEUSDT,1776231600000,2026-04-15 05:40:00,2026-04-15 14:40:00,0.09321,0.09332,0.09311,0.0933,808039,75348.72471
DOGEUSDT,1776231900000,2026-04-15 05:45:00,2026-04-15 14:45:00,0.0933,0.09334,0.09321,0.09332,1129078,105316.26343
DOGEUSDT,1776232200000,2026-04-15 05:50:00,2026-04-15 14:50:00,0.09333,0.09343,0.09329,0.09338,551834,51524.33009
DOGEUSDT,1776232500000,2026-04-15 05:55:00,2026-04-15 14:55:00,0.09337,0.09349,0.09335,0.09348,713642,66683.86873
DOGEUSDT,1776232800000,2026-04-15 06:00:00,2026-04-15 15:00:00,0.09348,0.0935,0.0932,0.09321,1416857,132378.34173
DOGEUSDT,1776233100000,2026-04-15 06:05:00,2026-04-15 15:05:00,0.09322,0.09326,0.09319,0.09325,585529,54592.80956
DOGEUSDT,1776233400000,2026-04-15 06:10:00,2026-04-15 15:10:00,0.09326,0.09339,0.09326,0.09331,1269381,118479.75298
DOGEUSDT,1776233700000,2026-04-15 06:15:00,2026-04-15 15:15:00,0.09332,0.09352,0.09332,0.09339,3505399,327500.32778
DOGEUSDT,1776234000000,2026-04-15 06:20:00,2026-04-15 15:20:00,0.09339,0.09345,0.09307,0.09313,4344154,404830.793
DOGEUSDT,1776234300000,2026-04-15 06:25:00,2026-04-15 15:25:00,0.09313,0.09317,0.0931,0.0931,750314,69885.01357
DOGEUSDT,1776234600000,2026-04-15 06:30:00,2026-04-15 15:30:00,0.0931,0.09315,0.09307,0.09308,1654531,154038.86769
DOGEUSDT,1776234900000,2026-04-15 06:35:00,2026-04-15 15:35:00,0.09309,0.09314,0.09307,0.09309,1177462,109611.78662
DOGEUSDT,1776235200000,2026-04-15 06:40:00,2026-04-15 15:40:00,0.0931,0.09315,0.09307,0.09311,342842,31921.77771
DOGEUSDT,1776235500000,2026-04-15 06:45:00,2026-04-15 15:45:00,0.09311,0.09319,0.09305,0.09311,1997344,186002.06059
DOGEUSDT,1776235800000,2026-04-15 06:50:00,2026-04-15 15:50:00,0.09311,0.09313,0.09292,0.09292,2460926,228798.21244
DOGEUSDT,1776236100000,2026-04-15 06:55:00,2026-04-15 15:55:00,0.09292,0.09292,0.09269,0.09272,4925076,456908.48312
DOGEUSDT,1776236400000,2026-04-15 07:00:00,2026-04-15 16:00:00,0.09273,0.09305,0.0927,0.093,7138385,663199.98411
DOGEUSDT,1776236700000,2026-04-15 07:05:00,2026-04-15 16:05:00,0.09299,0.09305,0.09294,0.093,825152,76743.29373
DOGEUSDT,1776237000000,2026-04-15 07:10:00,2026-04-15 16:10:00,0.09301,0.09327,0.09301,0.09319,1647841,153570.86591
DOGEUSDT,1776237300000,2026-04-15 07:15:00,2026-04-15 16:15:00,0.0932,0.0932,0.09282,0.09302,2616019,243165.14005
DOGEUSDT,1776237600000,2026-04-15 07:20:00,2026-04-15 16:20:00,0.09302,0.09307,0.09294,0.09299,682840,63510.20043
DOGEUSDT,1776237900000,2026-04-15 07:25:00,2026-04-15 16:25:00,0.09298,0.09298,0.09279,0.0929,2038085,189246.97086
DOGEUSDT,1776238200000,2026-04-15 07:30:00,2026-04-15 16:30:00,0.0929,0.09297,0.09281,0.09291,1493940,138774.74771
DOGEUSDT,1776238500000,2026-04-15 07:35:00,2026-04-15 16:35:00,0.09292,0.09299,0.09273,0.0928,4779295,443490.84776
DOGEUSDT,1776238800000,2026-04-15 07:40:00,2026-04-15 16:40:00,0.09279,0.09283,0.09257,0.09276,9707649,899855.79697
DOGEUSDT,1776239100000,2026-04-15 07:45:00,2026-04-15 16:45:00,0.09275,0.09287,0.09263,0.09284,4880869,452703.42319
DOGEUSDT,1776239400000,2026-04-15 07:50:00,2026-04-15 16:50:00,0.09283,0.09296,0.09277,0.09286,2524338,234524.17667
DOGEUSDT,1776239700000,2026-04-15 07:55:00,2026-04-15 16:55:00,0.09285,0.09285,0.09276,0.09279,551436,51168.6949
DOGEUSDT,1776240000000,2026-04-15 08:00:00,2026-04-15 17:00:00,0.0928,0.09287,0.09275,0.09283,1754144,162797.41463
DOGEUSDT,1776240300000,2026-04-15 08:05:00,2026-04-15 17:05:00,0.09284,0.09296,0.09282,0.09288,1860777,172839.68852
DOGEUSDT,1776240600000,2026-04-15 08:10:00,2026-04-15 17:10:00,0.09287,0.09305,0.09283,0.09301,1646608,153054.23114
DOGEUSDT,1776240900000,2026-04-15 08:15:00,2026-04-15 17:15:00,0.093,0.09301,0.09287,0.09294,706170,65622.21981
DOGEUSDT,1776241200000,2026-04-15 08:20:00,2026-04-15 17:20:00,0.09294,0.09304,0.09294,0.09304,751698,69914.66025
DOGEUSDT,1776241500000,2026-04-15 08:25:00,2026-04-15 17:25:00,0.09305,0.09307,0.09302,0.09307,1074795,100004.76361
DOGEUSDT,1776241800000,2026-04-15 08:30:00,2026-04-15 17:30:00,0.09307,0.09312,0.093,0.09307,1805975,168074.52212
DOGEUSDT,1776242100000,2026-04-15 08:35:00,2026-04-15 17:35:00,0.09308,0.09309,0.09301,0.09306,783656,72926.18024
DOGEUSDT,1776242400000,2026-04-15 08:40:00,2026-04-15 17:40:00,0.09306,0.09311,0.09304,0.09307,612184,56980.32797
DOGEUSDT,1776242700000,2026-04-15 08:45:00,2026-04-15 17:45:00,0.09307,0.09308,0.09296,0.09306,528968,49201.25742
DOGEUSDT,1776243000000,2026-04-15 08:50:00,2026-04-15 17:50:00,0.09306,0.09311,0.093,0.0931,1339028,124591.95136
DOGEUSDT,1776243300000,2026-04-15 08:55:00,2026-04-15 17:55:00,0.09309,0.09321,0.09308,0.0931,1386248,129123.94152
DOGEUSDT,1776243600000,2026-04-15 09:00:00,2026-04-15 18:00:00,0.09311,0.0932,0.09297,0.09298,1749968,162830.1945
DOGEUSDT,1776243900000,2026-04-15 09:05:00,2026-04-15 18:05:00,0.09298,0.09302,0.09296,0.09299,1517209,141081.01244
DOGEUSDT,1776244200000,2026-04-15 09:10:00,2026-04-15 18:10:00,0.09298,0.09304,0.09288,0.09299,1518299,141176.11408
DOGEUSDT,1776244500000,2026-04-15 09:15:00,2026-04-15 18:15:00,0.093,0.09308,0.09298,0.09308,505887,47056.32855
DOGEUSDT,1776244800000,2026-04-15 09:20:00,2026-04-15 18:20:00,0.09307,0.09316,0.09305,0.09308,1099109,102335.36222
DOGEUSDT,1776245100000,2026-04-15 09:25:00,2026-04-15 18:25:00,0.09308,0.09311,0.09296,0.093,1064577,99057.4948
DOGEUSDT,1776245400000,2026-04-15 09:30:00,2026-04-15 18:30:00,0.09301,0.09304,0.09293,0.09293,1365237,126944.98709
DOGEUSDT,1776245700000,2026-04-15 09:35:00,2026-04-15 18:35:00,0.09292,0.09302,0.09289,0.09289,1156378,107521.9277
DOGEUSDT,1776246000000,2026-04-15 09:40:00,2026-04-15 18:40:00,0.09289,0.09296,0.09288,0.09292,601571,55902.8738
DOGEUSDT,1776246300000,2026-04-15 09:45:00,2026-04-15 18:45:00,0.09292,0.09297,0.09284,0.09286,1992142,185011.90203
DOGEUSDT,1776246600000,2026-04-15 09:50:00,2026-04-15 18:50:00,0.09286,0.09294,0.09286,0.09294,1736672,161320.69934
DOGEUSDT,1776246900000,2026-04-15 09:55:00,2026-04-15 18:55:00,0.09294,0.093,0.09291,0.09293,766945,71291.13196
DOGEUSDT,1776247200000,2026-04-15 10:00:00,2026-04-15 19:00:00,0.09292,0.09297,0.09282,0.09284,5573661,517523.53892
DOGEUSDT,1776247500000,2026-04-15 10:05:00,2026-04-15 19:05:00,0.09284,0.09309,0.09284,0.09304,2149259,199794.13917
DOGEUSDT,1776247800000,2026-04-15 10:10:00,2026-04-15 19:10:00,0.09304,0.09305,0.09296,0.09298,1824214,169648.52504
DOGEUSDT,1776248100000,2026-04-15 10:15:00,2026-04-15 19:15:00,0.09299,0.09299,0.09285,0.09293,1000264,92940.36996
DOGEUSDT,1776248400000,2026-04-15 10:20:00,2026-04-15 19:20:00,0.09293,0.09297,0.09283,0.09286,3347714,310835.26397
DOGEUSDT,1776248700000,2026-04-15 10:25:00,2026-04-15 19:25:00,0.09286,0.09287,0.09278,0.0928,1713611,159032.318
DOGEUSDT,1776249000000,2026-04-15 10:30:00,2026-04-15 19:30:00,0.09279,0.09281,0.09261,0.09274,3178430,294713.53952
DOGEUSDT,1776249300000,2026-04-15 10:35:00,2026-04-15 19:35:00,0.09273,0.09283,0.09271,0.09278,617448,57260.04762
DOGEUSDT,1776249600000,2026-04-15 10:40:00,2026-04-15 19:40:00,0.09277,0.09302,0.09277,0.09302,1555703,144464.44069
DOGEUSDT,1776249900000,2026-04-15 10:45:00,2026-04-15 19:45:00,0.09303,0.09328,0.09302,0.09318,3995765,372517.56177
DOGEUSDT,1776250200000,2026-04-15 10:50:00,2026-04-15 19:50:00,0.09319,0.0932,0.09305,0.09307,623474,58052.95541
DOGEUSDT,1776250500000,2026-04-15 10:55:00,2026-04-15 19:55:00,0.09307,0.09307,0.09291,0.09295,535104,49765.21634
DOGEUSDT,1776250800000,2026-04-15 11:00:00,2026-04-15 20:00:00,0.09295,0.09303,0.09293,0.09299,708441,65856.37798
DOGEUSDT,1776251100000,2026-04-15 11:05:00,2026-04-15 20:05:00,0.09299,0.0931,0.09296,0.0931,368467,34279.7938
DOGEUSDT,1776251400000,2026-04-15 11:10:00,2026-04-15 20:10:00,0.0931,0.09342,0.0931,0.0932,4009205,374016.23614
DOGEUSDT,1776251700000,2026-04-15 11:15:00,2026-04-15 20:15:00,0.09321,0.09326,0.09311,0.09319,1717401,159987.53889
DOGEUSDT,1776252000000,2026-04-15 11:20:00,2026-04-15 20:20:00,0.09319,0.09319,0.09308,0.09308,361271,33641.80581
DOGEUSDT,1776252300000,2026-04-15 11:25:00,2026-04-15 20:25:00,0.09308,0.09319,0.09308,0.09313,273863,25512.92955
DOGEUSDT,1776252600000,2026-04-15 11:30:00,2026-04-15 20:30:00,0.09312,0.09322,0.09308,0.09317,1238377,115358.64354
DOGEUSDT,1776252900000,2026-04-15 11:35:00,2026-04-15 20:35:00,0.09318,0.09328,0.09316,0.0932,2694646,251205.46872
DOGEUSDT,1776253200000,2026-04-15 11:40:00,2026-04-15 20:40:00,0.0932,0.09333,0.09319,0.09331,631018,58849.41463
DOGEUSDT,1776253500000,2026-04-15 11:45:00,2026-04-15 20:45:00,0.09331,0.09377,0.09331,0.09353,6312072,590802.98154
DOGEUSDT,1776253800000,2026-04-15 11:50:00,2026-04-15 20:50:00,0.09353,0.09368,0.09348,0.09353,3058567,286188.34097
DOGEUSDT,1776254100000,2026-04-15 11:55:00,2026-04-15 20:55:00,0.09352,0.09356,0.09349,0.09355,1202211,112438.43694
DOGEUSDT,1776254400000,2026-04-15 12:00:00,2026-04-15 21:00:00,0.09355,0.09358,0.09342,0.09345,2051316,191809.9364
DOGEUSDT,1776254700000,2026-04-15 12:05:00,2026-04-15 21:05:00,0.09344,0.09353,0.09335,0.09341,1711513,159957.72223
DOGEUSDT,1776255000000,2026-04-15 12:10:00,2026-04-15 21:10:00,0.09342,0.09352,0.0934,0.09351,3101559,289865.79359
DOGEUSDT,1776255300000,2026-04-15 12:15:00,2026-04-15 21:15:00,0.0935,0.09351,0.09336,0.09345,1036871,96900.02916
DOGEUSDT,1776255600000,2026-04-15 12:20:00,2026-04-15 21:20:00,0.09344,0.0935,0.09339,0.09342,1447197,135266.8343
DOGEUSDT,1776255900000,2026-04-15 12:25:00,2026-04-15 21:25:00,0.09342,0.09348,0.09337,0.09348,831730,77711.17805
DOGEUSDT,1776256200000,2026-04-15 12:30:00,2026-04-15 21:30:00,0.09348,0.09357,0.09348,0.09351,1392618,130217.67022
DOGEUSDT,1776256500000,2026-04-15 12:35:00,2026-04-15 21:35:00,0.09352,0.09376,0.09349,0.09374,1862431,174436.20233
DOGEUSDT,1776256800000,2026-04-15 12:40:00,2026-04-15 21:40:00,0.09375,0.09375,0.09362,0.09366,896843,84007.82035
DOGEUSDT,1776257100000,2026-04-15 12:45:00,2026-04-15 21:45:00,0.09367,0.09367,0.09356,0.09362,1382457,129397.57917
DOGEUSDT,1776257400000,2026-04-15 12:50:00,2026-04-15 21:50:00,0.09363,0.09366,0.09357,0.09363,1442008,135011.19398
DOGEUSDT,1776257700000,2026-04-15 12:55:00,2026-04-15 21:55:00,0.09363,0.09364,0.09351,0.09351,510631,47784.66998
DOGEUSDT,1776258000000,2026-04-15 13:00:00,2026-04-15 22:00:00,0.09351,0.09355,0.09332,0.09336,2651485,247808.75885
DOGEUSDT,1776258300000,2026-04-15 13:05:00,2026-04-15 22:05:00,0.09337,0.09353,0.09333,0.09349,1063078,99296.59674
DOGEUSDT,1776258600000,2026-04-15 13:10:00,2026-04-15 22:10:00,0.09348,0.09348,0.09338,0.09343,566413,52913.1347
DOGEUSDT,1776258900000,2026-04-15 13:15:00,2026-04-15 22:15:00,0.09343,0.09344,0.0934,0.09342,542516,50685.23949
DOGEUSDT,1776259200000,2026-04-15 13:20:00,2026-04-15 22:20:00,0.09342,0.0935,0.09339,0.09344,985425,92060.31355
DOGEUSDT,1776259500000,2026-04-15 13:25:00,2026-04-15 22:25:00,0.09345,0.09365,0.09345,0.09355,2667257,249615.24113
DOGEUSDT,1776259800000,2026-04-15 13:30:00,2026-04-15 22:30:00,0.09356,0.09361,0.09322,0.09335,4766376,444841.23391
DOGEUSDT,1776260100000,2026-04-15 13:35:00,2026-04-15 22:35:00,0.09336,0.09344,0.0932,0.09342,1054467,98403.59235
DOGEUSDT,1776260400000,2026-04-15 13:40:00,2026-04-15 22:40:00,0.09342,0.09342,0.09312,0.09317,2872606,267786.96361
DOGEUSDT,1776260700000,2026-04-15 13:45:00,2026-04-15 22:45:00,0.09318,0.09334,0.09316,0.09325,2457116,229016.75089
DOGEUSDT,1776261000000,2026-04-15 13:50:00,2026-04-15 22:50:00,0.09325,0.09336,0.09318,0.0932,498833,46525.11274
DOGEUSDT,1776261300000,2026-04-15 13:55:00,2026-04-15 22:55:00,0.0932,0.0935,0.0932,0.09344,1003111,93702.64395
DOGEUSDT,1776261600000,2026-04-15 14:00:00,2026-04-15 23:00:00,0.09343,0.09344,0.09329,0.09331,1116537,104235.86039
DOGEUSDT,1776261900000,2026-04-15 14:05:00,2026-04-15 23:05:00,0.09332,0.09338,0.09318,0.09327,1189824,110964.57074
DOGEUSDT,1776262200000,2026-04-15 14:10:00,2026-04-15 23:10:00,0.09326,0.09346,0.09326,0.09346,1463435,136607.14782
DOGEUSDT,1776262500000,2026-04-15 14:15:00,2026-04-15 23:15:00,0.09346,0.09375,0.0934,0.09354,2617964,244990.41699
DOGEUSDT,1776262800000,2026-04-15 14:20:00,2026-04-15 23:20:00,0.09354,0.09397,0.09354,0.09393,2616213,245430.77075
DOGEUSDT,1776263100000,2026-04-15 14:25:00,2026-04-15 23:25:00,0.09393,0.09418,0.09388,0.09404,8073294,759163.83186
DOGEUSDT,1776263400000,2026-04-15 14:30:00,2026-04-15 23:30:00,0.09405,0.09411,0.09382,0.09382,1991976,187225.54446
DOGEUSDT,1776263700000,2026-04-15 14:35:00,2026-04-15 23:35:00,0.09383,0.09391,0.09358,0.0936,4009943,375766.74158
DOGEUSDT,1776264000000,2026-04-15 14:40:00,2026-04-15 23:40:00,0.09361,0.09379,0.09358,0.09366,2047854,191875.88381
DOGEUSDT,1776264300000,2026-04-15 14:45:00,2026-04-15 23:45:00,0.09367,0.09397,0.09367,0.09396,1699794,159458.21898
DOGEUSDT,1776264600000,2026-04-15 14:50:00,2026-04-15 23:50:00,0.09397,0.09408,0.09386,0.094,3309717,310830.50017
DOGEUSDT,1776264900000,2026-04-15 14:55:00,2026-04-15 23:55:00,0.094,0.09409,0.09393,0.09396,2376377,223439.59663
DOGEUSDT,1776265200000,2026-04-15 15:00:00,2026-04-16 00:00:00,0.09396,0.09402,0.09372,0.09378,3023369,283920.20812
DOGEUSDT,1776265500000,2026-04-15 15:05:00,2026-04-16 00:05:00,0.09378,0.09386,0.09365,0.09368,1578696,148024.68917
DOGEUSDT,1776265800000,2026-04-15 15:10:00,2026-04-16 00:10:00,0.09368,0.094,0.09365,0.09396,1711298,160515.35728
DOGEUSDT,1776266100000,2026-04-15 15:15:00,2026-04-16 00:15:00,0.09396,0.09398,0.09377,0.09378,2054576,192896.31281
DOGEUSDT,1776266400000,2026-04-15 15:20:00,2026-04-16 00:20:00,0.09378,0.09385,0.09348,0.09359,3230369,302564.07493
DOGEUSDT,1776266700000,2026-04-15 15:25:00,2026-04-16 00:25:00,0.09359,0.09371,0.09358,0.09361,723743,67782.66093
DOGEUSDT,1776267000000,2026-04-15 15:30:00,2026-04-16 00:30:00,0.09361,0.09361,0.09314,0.09329,5618685,524420.84786
DOGEUSDT,1776267300000,2026-04-15 15:35:00,2026-04-16 00:35:00,0.09328,0.0935,0.09328,0.09344,1431052,133656.59603
DOGEUSDT,1776267600000,2026-04-15 15:40:00,2026-04-16 00:40:00,0.09343,0.09343,0.09332,0.09334,1560481,145699.11663
DOGEUSDT,1776267900000,2026-04-15 15:45:00,2026-04-16 00:45:00,0.09333,0.0936,0.0933,0.09353,838568,78386.62505
DOGEUSDT,1776268200000,2026-04-15 15:50:00,2026-04-16 00:50:00,0.09353,0.09357,0.09348,0.09348,1137938,106425.99821
DOGEUSDT,1776268500000,2026-04-15 15:55:00,2026-04-16 00:55:00,0.09348,0.09361,0.09338,0.09359,1847080,172694.86201
DOGEUSDT,1776268800000,2026-04-15 16:00:00,2026-04-16 01:00:00,0.09359,0.09382,0.0935,0.09381,1491736,139716.87444
DOGEUSDT,1776269100000,2026-04-15 16:05:00,2026-04-16 01:05:00,0.09381,0.09405,0.09376,0.09403,9290984,873014.07792
DOGEUSDT,1776269400000,2026-04-15 16:10:00,2026-04-16 01:10:00,0.09403,0.09428,0.09397,0.09428,3935184,370120.89948
DOGEUSDT,1776269700000,2026-04-15 16:15:00,2026-04-16 01:15:00,0.09427,0.09433,0.09401,0.0941,1984191,186784.33757
DOGEUSDT,1776270000000,2026-04-15 16:20:00,2026-04-16 01:20:00,0.0941,0.09422,0.09402,0.09416,2049792,192904.929
DOGEUSDT,1776270300000,2026-04-15 16:25:00,2026-04-16 01:25:00,0.09416,0.0943,0.09411,0.09417,1667504,157106.90361
DOGEUSDT,1776270600000,2026-04-15 16:30:00,2026-04-16 01:30:00,0.09417,0.09431,0.09405,0.09431,1115509,105058.55077
DOGEUSDT,1776270900000,2026-04-15 16:35:00,2026-04-16 01:35:00,0.09431,0.09453,0.09431,0.0944,9313954,879743.34447
DOGEUSDT,1776271200000,2026-04-15 16:40:00,2026-04-16 01:40:00,0.09441,0.09442,0.09427,0.09432,1270615,119891.88299
DOGEUSDT,1776271500000,2026-04-15 16:45:00,2026-04-16 01:45:00,0.09433,0.09438,0.09417,0.09438,2838468,267443.80717
DOGEUSDT,1776271800000,2026-04-15 16:50:00,2026-04-16 01:50:00,0.09437,0.09447,0.09419,0.09427,1327593,125214.57457
DOGEUSDT,1776272100000,2026-04-15 16:55:00,2026-04-16 01:55:00,0.09427,0.09446,0.09415,0.09445,1364904,128686.50779
DOGEUSDT,1776272400000,2026-04-15 17:00:00,2026-04-16 02:00:00,0.09444,0.09475,0.09437,0.09474,5135902,485747.01289
DOGEUSDT,1776272700000,2026-04-15 17:05:00,2026-04-16 02:05:00,0.09474,0.09491,0.09467,0.09485,4812342,456235.95535
DOGEUSDT,1776273000000,2026-04-15 17:10:00,2026-04-16 02:10:00,0.09485,0.09488,0.09464,0.09479,2284376,216430.68381
DOGEUSDT,1776273300000,2026-04-15 17:15:00,2026-04-16 02:15:00,0.09479,0.09481,0.09464,0.09465,847032,80247.21058
DOGEUSDT,1776273600000,2026-04-15 17:20:00,2026-04-16 02:20:00,0.09465,0.09474,0.09456,0.09465,973613,92162.05028
DOGEUSDT,1776273900000,2026-04-15 17:25:00,2026-04-16 02:25:00,0.09466,0.09509,0.0946,0.09489,4099364,388827.30901
DOGEUSDT,1776274200000,2026-04-15 17:30:00,2026-04-16 02:30:00,0.09488,0.09499,0.09472,0.09491,2476480,235036.45362
DOGEUSDT,1776274500000,2026-04-15 17:35:00,2026-04-16 02:35:00,0.0949,0.09496,0.0947,0.09472,1168926,110863.58663
DOGEUSDT,1776274800000,2026-04-15 17:40:00,2026-04-16 02:40:00,0.09471,0.09486,0.09464,0.09472,1334986,126529.268
DOGEUSDT,1776275100000,2026-04-15 17:45:00,2026-04-16 02:45:00,0.09472,0.09474,0.09456,0.09463,1144666,108327.3638
DOGEUSDT,1776275400000,2026-04-15 17:50:00,2026-04-16 02:50:00,0.09463,0.09492,0.09463,0.09482,4402930,417362.64143
DOGEUSDT,1776275700000,2026-04-15 17:55:00,2026-04-16 02:55:00,0.09482,0.09492,0.09468,0.09477,1127193,106838.01648
DOGEUSDT,1776276000000,2026-04-15 18:00:00,2026-04-16 03:00:00,0.09477,0.0952,0.09471,0.09515,3605760,342493.17944
DOGEUSDT,1776276300000,2026-04-15 18:05:00,2026-04-16 03:05:00,0.09515,0.09527,0.09505,0.09508,3879030,369158.68864
DOGEUSDT,1776276600000,2026-04-15 18:10:00,2026-04-16 03:10:00,0.09507,0.09527,0.09502,0.09527,1844554,175441.86669
DOGEUSDT,1776276900000,2026-04-15 18:15:00,2026-04-16 03:15:00,0.09527,0.09532,0.09507,0.09514,2719993,258935.64941
DOGEUSDT,1776277200000,2026-04-15 18:20:00,2026-04-16 03:20:00,0.09515,0.09515,0.095,0.09501,2282653,217042.61925
DOGEUSDT,1776277500000,2026-04-15 18:25:00,2026-04-16 03:25:00,0.095,0.09503,0.09484,0.09484,1016865,96553.60721
DOGEUSDT,1776277800000,2026-04-15 18:30:00,2026-04-16 03:30:00,0.09485,0.09502,0.09482,0.095,1050346,99695.0112
DOGEUSDT,1776278100000,2026-04-15 18:35:00,2026-04-16 03:35:00,0.095,0.09503,0.09481,0.09494,1083110,102774.59576
DOGEUSDT,1776278400000,2026-04-15 18:40:00,2026-04-16 03:40:00,0.09495,0.095,0.09487,0.095,456379,43332.53328
DOGEUSDT,1776278700000,2026-04-15 18:45:00,2026-04-16 03:45:00,0.095,0.09506,0.09494,0.09498,4026677,382465.9048
DOGEUSDT,1776279000000,2026-04-15 18:50:00,2026-04-16 03:50:00,0.09498,0.09512,0.09498,0.0951,1002340,95260.78206
DOGEUSDT,1776279300000,2026-04-15 18:55:00,2026-04-16 03:55:00,0.0951,0.09524,0.09505,0.09519,1601832,152472.85865
DOGEUSDT,1776279600000,2026-04-15 19:00:00,2026-04-16 04:00:00,0.09519,0.09543,0.0951,0.0954,3717252,354200.18593
DOGEUSDT,1776279900000,2026-04-15 19:05:00,2026-04-16 04:05:00,0.0954,0.0955,0.09538,0.09542,2068289,197399.78507
DOGEUSDT,1776280200000,2026-04-15 19:10:00,2026-04-16 04:10:00,0.09542,0.09544,0.09528,0.09534,1303265,124300.50974
DOGEUSDT,1776280500000,2026-04-15 19:15:00,2026-04-16 04:15:00,0.09534,0.09539,0.09528,0.09536,944768,90076.90602
DOGEUSDT,1776280800000,2026-04-15 19:20:00,2026-04-16 04:20:00,0.09536,0.09537,0.0952,0.09533,671732,64021.98337
DOGEUSDT,1776281100000,2026-04-15 19:25:00,2026-04-16 04:25:00,0.09533,0.09533,0.09521,0.09531,1135103,108153.01017
DOGEUSDT,1776281400000,2026-04-15 19:30:00,2026-04-16 04:30:00,0.09531,0.0956,0.09531,0.09559,2880843,274987.76743
DOGEUSDT,1776281700000,2026-04-15 19:35:00,2026-04-16 04:35:00,0.0956,0.09679,0.09557,0.09626,35607041,3431983.10912
DOGEUSDT,1776282000000,2026-04-15 19:40:00,2026-04-16 04:40:00,0.09627,0.09653,0.0961,0.09636,12315270,1186076.58581
DOGEUSDT,1776282300000,2026-04-15 19:45:00,2026-04-16 04:45:00,0.09636,0.09657,0.09626,0.09634,5864006,565135.57616
DOGEUSDT,1776282600000,2026-04-15 19:50:00,2026-04-16 04:50:00,0.09634,0.09648,0.09617,0.09622,5042676,485566.24335
DOGEUSDT,1776282900000,2026-04-15 19:55:00,2026-04-16 04:55:00,0.09623,0.0963,0.096,0.09607,5099046,490242.27562
DOGEUSDT,1776283200000,2026-04-15 20:00:00,2026-04-16 05:00:00,0.09607,0.09617,0.09584,0.0959,3811216,365753.17539
DOGEUSDT,1776283500000,2026-04-15 20:05:00,2026-04-16 05:05:00,0.09591,0.096,0.09558,0.09572,4796905,459592.43478
DOGEUSDT,1776283800000,2026-04-15 20:10:00,2026-04-16 05:10:00,0.09572,0.09577,0.0956,0.09572,1886240,180506.84682
DOGEUSDT,1776284100000,2026-04-15 20:15:00,2026-04-16 05:15:00,0.09573,0.09573,0.0955,0.09556,4751104,454283.78661
DOGEUSDT,1776284400000,2026-04-15 20:20:00,2026-04-16 05:20:00,0.09556,0.09559,0.09535,0.09546,2319307,221395.19066
DOGEUSDT,1776284700000,2026-04-15 20:25:00,2026-04-16 05:25:00,0.09547,0.09553,0.0953,0.09551,1597145,152414.99255
DOGEUSDT,1776285000000,2026-04-15 20:30:00,2026-04-16 05:30:00,0.09551,0.09576,0.09542,0.09548,3632054,347344.50798
DOGEUSDT,1776285300000,2026-04-15 20:35:00,2026-04-16 05:35:00,0.09549,0.09553,0.0953,0.0953,2225941,212391.52812
DOGEUSDT,1776285600000,2026-04-15 20:40:00,2026-04-16 05:40:00,0.09531,0.09534,0.09523,0.09525,1938282,184672.90839
DOGEUSDT,1776285900000,2026-04-15 20:45:00,2026-04-16 05:45:00,0.09524,0.09528,0.09505,0.09509,2629179,250106.79675
DOGEUSDT,1776286200000,2026-04-15 20:50:00,2026-04-16 05:50:00,0.0951,0.09518,0.09499,0.09518,3528681,335394.88812
DOGEUSDT,1776286500000,2026-04-15 20:55:00,2026-04-16 05:55:00,0.09518,0.09525,0.09513,0.09516,2207855,210179.30829
DOGEUSDT,1776286800000,2026-04-15 21:00:00,2026-04-16 06:00:00,0.09516,0.09518,0.09502,0.09512,2486257,236406.99787
DOGEUSDT,1776287100000,2026-04-15 21:05:00,2026-04-16 06:05:00,0.09512,0.09519,0.09507,0.09513,2301820,218993.93482
DOGEUSDT,1776287400000,2026-04-15 21:10:00,2026-04-16 06:10:00,0.09513,0.09523,0.09506,0.09506,960561,91383.0083
DOGEUSDT,1776287700000,2026-04-15 21:15:00,2026-04-16 06:15:00,0.09506,0.09507,0.09469,0.09471,3883531,368309.15709
DOGEUSDT,1776288000000,2026-04-15 21:20:00,2026-04-16 06:20:00,0.09471,0.09489,0.09455,0.09477,6318878,598471.71845
DOGEUSDT,1776288300000,2026-04-15 21:25:00,2026-04-16 06:25:00,0.09477,0.09486,0.09477,0.09479,1807994,171415.59622
DOGEUSDT,1776288600000,2026-04-15 21:30:00,2026-04-16 06:30:00,0.0948,0.0949,0.09478,0.09481,1475286,139931.60788
DOGEUSDT,1776288900000,2026-04-15 21:35:00,2026-04-16 06:35:00,0.09482,0.09509,0.09479,0.09507,1654001,156989.48864
DOGEUSDT,1776289200000,2026-04-15 21:40:00,2026-04-16 06:40:00,0.09507,0.09507,0.0949,0.09501,1522055,144570.06547
DOGEUSDT,1776289500000,2026-04-15 21:45:00,2026-04-16 06:45:00,0.095,0.09522,0.09499,0.09517,1272575,121036.20812
DOGEUSDT,1776289800000,2026-04-15 21:50:00,2026-04-16 06:50:00,0.09516,0.09524,0.09515,0.0952,2806067,267125.02953
DOGEUSDT,1776290100000,2026-04-15 21:55:00,2026-04-16 06:55:00,0.09521,0.09533,0.09517,0.09525,2902448,276428.59882
DOGEUSDT,1776290400000,2026-04-15 22:00:00,2026-04-16 07:00:00,0.09524,0.09579,0.09523,0.09566,5310998,507554.08236
DOGEUSDT,1776290700000,2026-04-15 22:05:00,2026-04-16 07:05:00,0.09566,0.09594,0.09551,0.09589,3782302,362040.23349
DOGEUSDT,1776291000000,2026-04-15 22:10:00,2026-04-16 07:10:00,0.09588,0.09588,0.09563,0.09568,2077907,198936.78439
DOGEUSDT,1776291300000,2026-04-15 22:15:00,2026-04-16 07:15:00,0.09567,0.0957,0.09539,0.09543,2351861,224657.93779
DOGEUSDT,1776291600000,2026-04-15 22:20:00,2026-04-16 07:20:00,0.09542,0.09562,0.09537,0.09541,1518351,144966.39693
DOGEUSDT,1776291900000,2026-04-15 22:25:00,2026-04-16 07:25:00,0.09541,0.09547,0.09534,0.09538,437795,41771.87318
DOGEUSDT,1776292200000,2026-04-15 22:30:00,2026-04-16 07:30:00,0.09538,0.09553,0.09536,0.09542,458860,43806.82962
DOGEUSDT,1776292500000,2026-04-15 22:35:00,2026-04-16 07:35:00,0.09541,0.09593,0.09531,0.09572,5899062,563817.47816
DOGEUSDT,1776292800000,2026-04-15 22:40:00,2026-04-16 07:40:00,0.09572,0.09574,0.09552,0.09552,946341,90501.31622
DOGEUSDT,1776293100000,2026-04-15 22:45:00,2026-04-16 07:45:00,0.09553,0.09559,0.09545,0.09546,973670,93000.13503
DOGEUSDT,1776293400000,2026-04-15 22:50:00,2026-04-16 07:50:00,0.09547,0.09553,0.0953,0.09531,1704003,162577.74567
DOGEUSDT,1776293700000,2026-04-15 22:55:00,2026-04-16 07:55:00,0.09531,0.09532,0.09508,0.09511,6142058,584368.68927
DOGEUSDT,1776294000000,2026-04-15 23:00:00,2026-04-16 08:00:00,0.09511,0.09514,0.09488,0.09495,3447728,327475.29089
DOGEUSDT,1776294300000,2026-04-15 23:05:00,2026-04-16 08:05:00,0.09495,0.09504,0.09491,0.09497,2268364,215428.47011
DOGEUSDT,1776294600000,2026-04-15 23:10:00,2026-04-16 08:10:00,0.09497,0.09497,0.09482,0.09484,897218,85135.09289
DOGEUSDT,1776294900000,2026-04-15 23:15:00,2026-04-16 08:15:00,0.09484,0.09486,0.09467,0.09472,3528421,334339.89017
DOGEUSDT,1776295200000,2026-04-15 23:20:00,2026-04-16 08:20:00,0.09472,0.0948,0.09468,0.09472,890715,84383.63809
DOGEUSDT,1776295500000,2026-04-15 23:25:00,2026-04-16 08:25:00,0.09473,0.09478,0.09472,0.09476,883888,83752.28193
DOGEUSDT,1776295800000,2026-04-15 23:30:00,2026-04-16 08:30:00,0.09477,0.09486,0.09468,0.09472,790646,74931.10452
DOGEUSDT,1776296100000,2026-04-15 23:35:00,2026-04-16 08:35:00,0.09472,0.09476,0.09458,0.09458,2163528,204885.35896
DOGEUSDT,1776296400000,2026-04-15 23:40:00,2026-04-16 08:40:00,0.09458,0.09476,0.0944,0.09469,5653776,534791.37317
DOGEUSDT,1776296700000,2026-04-15 23:45:00,2026-04-16 08:45:00,0.0947,0.09492,0.0947,0.0949,1024254,97139.65541
DOGEUSDT,1776297000000,2026-04-15 23:50:00,2026-04-16 08:50:00,0.09489,0.09502,0.09487,0.09493,1312191,124629.08489
DOGEUSDT,1776297300000,2026-04-15 23:55:00,2026-04-16 08:55:00,0.09493,0.09494,0.09482,0.09488,819407,77752.01057
DOGEUSDT,1776297600000,2026-04-16 00:00:00,2026-04-16 09:00:00,0.09489,0.09499,0.09466,0.09467,1076749,102145.06253
DOGEUSDT,1776297900000,2026-04-16 00:05:00,2026-04-16 09:05:00,0.09467,0.09482,0.09466,0.09476,1174362,111226.3185
DOGEUSDT,1776298200000,2026-04-16 00:10:00,2026-04-16 09:10:00,0.09477,0.09485,0.09467,0.09468,1694508,160567.34792
DOGEUSDT,1776298500000,2026-04-16 00:15:00,2026-04-16 09:15:00,0.09468,0.09473,0.09463,0.09466,741100,70171.45385
DOGEUSDT,1776298800000,2026-04-16 00:20:00,2026-04-16 09:20:00,0.09466,0.09475,0.09459,0.09461,1832057,173480.67831
DOGEUSDT,1776299100000,2026-04-16 00:25:00,2026-04-16 09:25:00,0.09461,0.09462,0.09452,0.09456,1061947,100432.56427
DOGEUSDT,1776299400000,2026-04-16 00:30:00,2026-04-16 09:30:00,0.09456,0.09494,0.09456,0.09487,1646873,156155.29977
DOGEUSDT,1776299700000,2026-04-16 00:35:00,2026-04-16 09:35:00,0.09487,0.09488,0.09478,0.09485,382721,36293.12815
DOGEUSDT,1776300000000,2026-04-16 00:40:00,2026-04-16 09:40:00,0.09485,0.09496,0.09479,0.09482,1227942,116480.69924
DOGEUSDT,1776300300000,2026-04-16 00:45:00,2026-04-16 09:45:00,0.09482,0.09486,0.09471,0.09477,1991763,188826.95747
DOGEUSDT,1776300600000,2026-04-16 00:50:00,2026-04-16 09:50:00,0.09478,0.09494,0.09474,0.09479,1103767,104652.06259
DOGEUSDT,1776300900000,2026-04-16 00:55:00,2026-04-16 09:55:00,0.0948,0.09494,0.09478,0.09492,1419747,134705.7526
DOGEUSDT,1776301200000,2026-04-16 01:00:00,2026-04-16 10:00:00,0.09492,0.09492,0.09475,0.09484,1215826,115317.84676
DOGEUSDT,1776301500000,2026-04-16 01:05:00,2026-04-16 10:05:00,0.09485,0.09485,0.09452,0.09473,3203197,303082.50263
DOGEUSDT,1776301800000,2026-04-16 01:10:00,2026-04-16 10:10:00,0.09474,0.09483,0.09469,0.09476,233445,22119.82202
DOGEUSDT,1776302100000,2026-04-16 01:15:00,2026-04-16 10:15:00,0.09477,0.09489,0.09475,0.09489,3538934,335585.95561
DOGEUSDT,1776302400000,2026-04-16 01:20:00,2026-04-16 10:20:00,0.0949,0.09501,0.09473,0.09478,1324604,125746.55824
DOGEUSDT,1776302700000,2026-04-16 01:25:00,2026-04-16 10:25:00,0.09478,0.09483,0.09469,0.09477,3234238,306392.60197
DOGEUSDT,1776303000000,2026-04-16 01:30:00,2026-04-16 10:30:00,0.09478,0.09488,0.09474,0.09487,1242347,117790.97945
DOGEUSDT,1776303300000,2026-04-16 01:35:00,2026-04-16 10:35:00,0.09488,0.0949,0.09477,0.09477,720453,68324.92517
DOGEUSDT,1776303600000,2026-04-16 01:40:00,2026-04-16 10:40:00,0.09478,0.09493,0.09474,0.0949,1218698,115564.84027
DOGEUSDT,1776303900000,2026-04-16 01:45:00,2026-04-16 10:45:00,0.0949,0.09499,0.09485,0.09494,1171438,111199.93785
DOGEUSDT,1776304200000,2026-04-16 01:50:00,2026-04-16 10:50:00,0.09494,0.09494,0.09479,0.09479,550221,52191.96872
DOGEUSDT,1776304500000,2026-04-16 01:55:00,2026-04-16 10:55:00,0.09479,0.09488,0.09466,0.09487,556223,52729.80207
DOGEUSDT,1776304800000,2026-04-16 02:00:00,2026-04-16 11:00:00,0.09488,0.09513,0.09484,0.09513,2184650,207576.45927
DOGEUSDT,1776305100000,2026-04-16 02:05:00,2026-04-16 11:05:00,0.09512,0.09535,0.09511,0.09516,2595616,247231.52865
DOGEUSDT,1776305400000,2026-04-16 02:10:00,2026-04-16 11:10:00,0.09516,0.09542,0.09516,0.09525,1465406,139728.77908
DOGEUSDT,1776305700000,2026-04-16 02:15:00,2026-04-16 11:15:00,0.09525,0.09546,0.09514,0.09524,2048601,195271.29607
DOGEUSDT,1776306000000,2026-04-16 02:20:00,2026-04-16 11:20:00,0.09525,0.0955,0.09522,0.0955,1994212,190189.47564
DOGEUSDT,1776306300000,2026-04-16 02:25:00,2026-04-16 11:25:00,0.09549,0.09592,0.09548,0.09587,5791852,554090.18698
DOGEUSDT,1776306600000,2026-04-16 02:30:00,2026-04-16 11:30:00,0.09588,0.09645,0.09588,0.09604,14797859,1422730.14383
DOGEUSDT,1776306900000,2026-04-16 02:35:00,2026-04-16 11:35:00,0.09604,0.09628,0.09598,0.09628,4639145,445837.72665
DOGEUSDT,1776307200000,2026-04-16 02:40:00,2026-04-16 11:40:00,0.09629,0.09658,0.09626,0.09642,7058507,680670.60533
DOGEUSDT,1776307500000,2026-04-16 02:45:00,2026-04-16 11:45:00,0.09642,0.09648,0.09578,0.09588,4600889,442003.7605
DOGEUSDT,1776307800000,2026-04-16 02:50:00,2026-04-16 11:50:00,0.09588,0.09603,0.09565,0.09583,4282563,410569.48463
DOGEUSDT,1776308100000,2026-04-16 02:55:00,2026-04-16 11:55:00,0.09583,0.09603,0.09575,0.09595,3571781,342415.62262
DOGEUSDT,1776308400000,2026-04-16 03:00:00,2026-04-16 12:00:00,0.09595,0.09626,0.09589,0.09624,5221969,501672.37691
DOGEUSDT,1776308700000,2026-04-16 03:05:00,2026-04-16 12:05:00,0.09624,0.09657,0.09622,0.09625,9375529,903572.39055
DOGEUSDT,1776309000000,2026-04-16 03:10:00,2026-04-16 12:10:00,0.09625,0.09657,0.0962,0.09639,4106800,396154.71378
DOGEUSDT,1776309300000,2026-04-16 03:15:00,2026-04-16 12:15:00,0.09638,0.09663,0.09634,0.09663,3568023,344287.91924
DOGEUSDT,1776309600000,2026-04-16 03:20:00,2026-04-16 12:20:00,0.09663,0.09672,0.09645,0.09656,2843164,274565.61406
DOGEUSDT,1776309900000,2026-04-16 03:25:00,2026-04-16 12:25:00,0.09656,0.09669,0.0964,0.09641,4343946,419321.33495
DOGEUSDT,1776310200000,2026-04-16 03:30:00,2026-04-16 12:30:00,0.09641,0.09647,0.09611,0.09626,9449529,910235.60552
DOGEUSDT,1776310500000,2026-04-16 03:35:00,2026-04-16 12:35:00,0.09626,0.09641,0.09612,0.09633,9157196,881783.70573
DOGEUSDT,1776310800000,2026-04-16 03:40:00,2026-04-16 12:40:00,0.09634,0.09655,0.09628,0.09648,3078734,296863.77258
DOGEUSDT,1776311100000,2026-04-16 03:45:00,2026-04-16 12:45:00,0.09649,0.09671,0.0964,0.09664,4192950,405112.36651
DOGEUSDT,1776311400000,2026-04-16 03:50:00,2026-04-16 12:50:00,0.09663,0.09719,0.09659,0.09719,29033927,2813109.82738
DOGEUSDT,1776311700000,2026-04-16 03:55:00,2026-04-16 12:55:00,0.09719,0.09745,0.09693,0.09702,13639496,1326048.15907
DOGEUSDT,1776312000000,2026-04-16 04:00:00,2026-04-16 13:00:00,0.09703,0.09728,0.09678,0.09702,21163229,2055576.95523
DOGEUSDT,1776312300000,2026-04-16 04:05:00,2026-04-16 13:05:00,0.09701,0.09735,0.09695,0.09722,3919583,380717.78558
DOGEUSDT,1776312600000,2026-04-16 04:10:00,2026-04-16 13:10:00,0.09721,0.09763,0.09719,0.09756,8459861,824585.73488
DOGEUSDT,1776312900000,2026-04-16 04:15:00,2026-04-16 13:15:00,0.09755,0.09799,0.09748,0.09789,15443487,1510063.88476
DOGEUSDT,1776313200000,2026-04-16 04:20:00,2026-04-16 13:20:00,0.09788,0.09792,0.09755,0.09768,13518924,1320520.87904
DOGEUSDT,1776313500000,2026-04-16 04:25:00,2026-04-16 13:25:00,0.09768,0.09787,0.09758,0.09761,3523995,344403.94918
DOGEUSDT,1776313800000,2026-04-16 04:30:00,2026-04-16 13:30:00,0.0976,0.09766,0.09725,0.09736,9191394,895444.98463
DOGEUSDT,1776314100000,2026-04-16 04:35:00,2026-04-16 13:35:00,0.09736,0.09742,0.09715,0.09735,3545320,345013.23145
DOGEUSDT,1776314400000,2026-04-16 04:40:00,2026-04-16 13:40:00,0.09736,0.09756,0.09726,0.09745,13218984,1288254.25215
DOGEUSDT,1776314700000,2026-04-16 04:45:00,2026-04-16 13:45:00,0.09745,0.09747,0.09664,0.09683,10360211,1004567.8912
DOGEUSDT,1776315000000,2026-04-16 04:50:00,2026-04-16 13:50:00,0.09684,0.09701,0.09671,0.09685,4804358,465256.44957
DOGEUSDT,1776315300000,2026-04-16 04:55:00,2026-04-16 13:55:00,0.09684,0.09695,0.09678,0.09692,10128327,981296.07465
DOGEUSDT,1776315600000,2026-04-16 05:00:00,2026-04-16 14:00:00,0.09692,0.097,0.09667,0.09697,3354566,324708.70791
DOGEUSDT,1776315900000,2026-04-16 05:05:00,2026-04-16 14:05:00,0.09697,0.0971,0.09647,0.09656,4762081,460717.66602
DOGEUSDT,1776316200000,2026-04-16 05:10:00,2026-04-16 14:10:00,0.09656,0.0966,0.09634,0.09634,3125417,301419.72583
DOGEUSDT,1776316500000,2026-04-16 05:15:00,2026-04-16 14:15:00,0.09634,0.0964,0.0961,0.09634,9818103,945036.82564
DOGEUSDT,1776316800000,2026-04-16 05:20:00,2026-04-16 14:20:00,0.09635,0.09661,0.09632,0.09659,4028682,388564.71628
DOGEUSDT,1776317100000,2026-04-16 05:25:00,2026-04-16 14:25:00,0.0966,0.09662,0.0963,0.0964,3354600,323832.4254
DOGEUSDT,1776317400000,2026-04-16 05:30:00,2026-04-16 14:30:00,0.09641,0.09656,0.09636,0.09656,3558798,343312.33402
DOGEUSDT,1776317700000,2026-04-16 05:35:00,2026-04-16 14:35:00,0.09656,0.09674,0.09646,0.09658,3256475,314555.63014
DOGEUSDT,1776318000000,2026-04-16 05:40:00,2026-04-16 14:40:00,0.09657,0.09657,0.09633,0.09648,2295908,221492.32134
DOGEUSDT,1776318300000,2026-04-16 05:45:00,2026-04-16 14:45:00,0.09648,0.09658,0.09644,0.09651,1097477,105932.93631
DOGEUSDT,1776318600000,2026-04-16 05:50:00,2026-04-16 14:50:00,0.09652,0.09679,0.09652,0.09669,2913126,281643.69381
DOGEUSDT,1776318900000,2026-04-16 05:55:00,2026-04-16 14:55:00,0.09668,0.09668,0.0965,0.09661,995887,96168.20283
DOGEUSDT,1776319200000,2026-04-16 06:00:00,2026-04-16 15:00:00,0.09662,0.09668,0.09651,0.09658,1317305,127241.75352
DOGEUSDT,1776319500000,2026-04-16 06:05:00,2026-04-16 15:05:00,0.09658,0.09675,0.09652,0.09669,3258475,315020.97951
DOGEUSDT,1776319800000,2026-04-16 06:10:00,2026-04-16 15:10:00,0.09668,0.09679,0.09653,0.09653,1485425,143590.34549
DOGEUSDT,1776320100000,2026-04-16 06:15:00,2026-04-16 15:15:00,0.09653,0.0968,0.09653,0.09673,730970,70684.69541
DOGEUSDT,1776320400000,2026-04-16 06:20:00,2026-04-16 15:20:00,0.09673,0.09674,0.0966,0.09661,1029638,99534.96804
DOGEUSDT,1776320700000,2026-04-16 06:25:00,2026-04-16 15:25:00,0.0966,0.0966,0.09626,0.09636,1811527,174655.79587
DOGEUSDT,1776321000000,2026-04-16 06:30:00,2026-04-16 15:30:00,0.09637,0.09653,0.09625,0.09628,1457056,140411.46524
DOGEUSDT,1776321300000,2026-04-16 06:35:00,2026-04-16 15:35:00,0.09629,0.09635,0.0962,0.09625,1078856,103867.1396
DOGEUSDT,1776321600000,2026-04-16 06:40:00,2026-04-16 15:40:00,0.09625,0.09633,0.09611,0.09633,3132679,301498.09802
DOGEUSDT,1776321900000,2026-04-16 06:45:00,2026-04-16 15:45:00,0.09632,0.09659,0.09631,0.09649,1220390,117664.56857
DOGEUSDT,1776322200000,2026-04-16 06:50:00,2026-04-16 15:50:00,0.09648,0.09666,0.09648,0.0966,1542110,148967.5025
DOGEUSDT,1776322500000,2026-04-16 06:55:00,2026-04-16 15:55:00,0.09661,0.09669,0.0966,0.09665,1255032,121278.6468
DOGEUSDT,1776322800000,2026-04-16 07:00:00,2026-04-16 16:00:00,0.09666,0.09693,0.09662,0.09687,2668602,258354.25353
DOGEUSDT,1776323100000,2026-04-16 07:05:00,2026-04-16 16:05:00,0.09687,0.09688,0.09669,0.09669,1834327,177514.48811
DOGEUSDT,1776323400000,2026-04-16 07:10:00,2026-04-16 16:10:00,0.09669,0.09673,0.09646,0.09667,3232466,312196.36428
DOGEUSDT,1776323700000,2026-04-16 07:15:00,2026-04-16 16:15:00,0.09667,0.09683,0.09658,0.09668,2029917,196341.30524
DOGEUSDT,1776324000000,2026-04-16 07:20:00,2026-04-16 16:20:00,0.09668,0.09679,0.09662,0.09678,967066,93524.40743
DOGEUSDT,1776324300000,2026-04-16 07:25:00,2026-04-16 16:25:00,0.09679,0.09679,0.09651,0.09656,1954278,188848.63244
DOGEUSDT,1776324600000,2026-04-16 07:30:00,2026-04-16 16:30:00,0.09656,0.09664,0.09646,0.09663,1438177,138858.12389
DOGEUSDT,1776324900000,2026-04-16 07:35:00,2026-04-16 16:35:00,0.09662,0.09677,0.0966,0.09669,1471197,142218.99907
DOGEUSDT,1776325200000,2026-04-16 07:40:00,2026-04-16 16:40:00,0.09668,0.09672,0.09655,0.0967,2010373,194334.00659
DOGEUSDT,1776325500000,2026-04-16 07:45:00,2026-04-16 16:45:00,0.0967,0.09671,0.09645,0.09654,2192284,211646.64385
DOGEUSDT,1776325800000,2026-04-16 07:50:00,2026-04-16 16:50:00,0.09654,0.09658,0.09622,0.09628,4757585,458515.69468
DOGEUSDT,1776326100000,2026-04-16 07:55:00,2026-04-16 16:55:00,0.09627,0.09652,0.09621,0.09649,2628798,253427.35891
DOGEUSDT,1776326400000,2026-04-16 08:00:00,2026-04-16 17:00:00,0.09649,0.09652,0.09611,0.09611,2587212,249154.40831
DOGEUSDT,1776326700000,2026-04-16 08:05:00,2026-04-16 17:05:00,0.09612,0.09625,0.0961,0.09614,1307305,125710.85466
DOGEUSDT,1776327000000,2026-04-16 08:10:00,2026-04-16 17:10:00,0.09614,0.09615,0.09605,0.09609,1923308,184857.49945
DOGEUSDT,1776327300000,2026-04-16 08:15:00,2026-04-16 17:15:00,0.0961,0.09639,0.0961,0.09636,1476532,142129.73916
DOGEUSDT,1776327600000,2026-04-16 08:20:00,2026-04-16 17:20:00,0.09635,0.0965,0.09627,0.09632,1134524,109348.67098
DOGEUSDT,1776327900000,2026-04-16 08:25:00,2026-04-16 17:25:00,0.09633,0.09634,0.09616,0.09623,5257695,505893.43131
DOGEUSDT,1776328200000,2026-04-16 08:30:00,2026-04-16 17:30:00,0.09623,0.09637,0.09619,0.0963,1703838,164021.44669
DOGEUSDT,1776328500000,2026-04-16 08:35:00,2026-04-16 17:35:00,0.09629,0.09629,0.09616,0.09619,753951,72534.83011
DOGEUSDT,1776328800000,2026-04-16 08:40:00,2026-04-16 17:40:00,0.09618,0.09618,0.09595,0.09608,4504351,432605.39141
DOGEUSDT,1776329100000,2026-04-16 08:45:00,2026-04-16 17:45:00,0.09608,0.09621,0.09607,0.09616,1280219,123105.14817
DOGEUSDT,1776329400000,2026-04-16 08:50:00,2026-04-16 17:50:00,0.09616,0.09618,0.09598,0.09602,4430601,425541.40322
DOGEUSDT,1776329700000,2026-04-16 08:55:00,2026-04-16 17:55:00,0.09602,0.09608,0.09595,0.09595,1566783,150434.66535
DOGEUSDT,1776330000000,2026-04-16 09:00:00,2026-04-16 18:00:00,0.09596,0.09609,0.09583,0.09605,2243677,215242.40859
DOGEUSDT,1776330300000,2026-04-16 09:05:00,2026-04-16 18:05:00,0.09606,0.09607,0.09594,0.09605,2564675,246220.28918
DOGEUSDT,1776330600000,2026-04-16 09:10:00,2026-04-16 18:10:00,0.09605,0.09625,0.096,0.09623,2236597,214985.58932
DOGEUSDT,1776330900000,2026-04-16 09:15:00,2026-04-16 18:15:00,0.09624,0.09661,0.09624,0.09656,4993248,481829.91367
DOGEUSDT,1776331200000,2026-04-16 09:20:00,2026-04-16 18:20:00,0.09656,0.09658,0.0964,0.09643,1100951,106205.55062
DOGEUSDT,1776331500000,2026-04-16 09:25:00,2026-04-16 18:25:00,0.09644,0.09646,0.09624,0.09627,1602837,154399.43214
DOGEUSDT,1776331800000,2026-04-16 09:30:00,2026-04-16 18:30:00,0.09628,0.09635,0.09619,0.09619,1624108,156382.00975
DOGEUSDT,1776332100000,2026-04-16 09:35:00,2026-04-16 18:35:00,0.0962,0.09626,0.09617,0.09624,1522325,146487.71345
DOGEUSDT,1776332400000,2026-04-16 09:40:00,2026-04-16 18:40:00,0.09624,0.09625,0.09597,0.09598,3344955,321521.97115
DOGEUSDT,1776332700000,2026-04-16 09:45:00,2026-04-16 18:45:00,0.09597,0.09612,0.09596,0.09607,1415986,136028.26223
DOGEUSDT,1776333000000,2026-04-16 09:50:00,2026-04-16 18:50:00,0.09606,0.09613,0.09603,0.09605,1837514,176574.13258
DOGEUSDT,1776333300000,2026-04-16 09:55:00,2026-04-16 18:55:00,0.09606,0.09612,0.09599,0.09601,2810615,269976.18592
DOGEUSDT,1776333600000,2026-04-16 10:00:00,2026-04-16 19:00:00,0.09601,0.09605,0.09576,0.09588,5727441,549349.28473
DOGEUSDT,1776333900000,2026-04-16 10:05:00,2026-04-16 19:05:00,0.09588,0.096,0.09571,0.096,3256248,312026.73577
DOGEUSDT,1776334200000,2026-04-16 10:10:00,2026-04-16 19:10:00,0.09599,0.09599,0.0957,0.09576,4838487,463355.64785
DOGEUSDT,1776334500000,2026-04-16 10:15:00,2026-04-16 19:15:00,0.09575,0.09577,0.09543,0.09543,6093837,582397.64054
DOGEUSDT,1776334800000,2026-04-16 10:20:00,2026-04-16 19:20:00,0.09544,0.09562,0.09543,0.09559,1480837,141464.947
DOGEUSDT,1776335100000,2026-04-16 10:25:00,2026-04-16 19:25:00,0.09558,0.09575,0.09558,0.09563,2148478,205544.29467
DOGEUSDT,1776335400000,2026-04-16 10:30:00,2026-04-16 19:30:00,0.09563,0.09577,0.09563,0.09572,821171,78586.91702
DOGEUSDT,1776335700000,2026-04-16 10:35:00,2026-04-16 19:35:00,0.09572,0.09579,0.09561,0.09562,1736688,166165.66958
DOGEUSDT,1776336000000,2026-04-16 10:40:00,2026-04-16 19:40:00,0.09563,0.09563,0.09544,0.09547,2550255,243545.66842
DOGEUSDT,1776336300000,2026-04-16 10:45:00,2026-04-16 19:45:00,0.09547,0.09578,0.09533,0.0957,7811189,746360.9107
DOGEUSDT,1776336600000,2026-04-16 10:50:00,2026-04-16 19:50:00,0.09571,0.09597,0.09568,0.09587,4384610,420122.88881
DOGEUSDT,1776336900000,2026-04-16 10:55:00,2026-04-16 19:55:00,0.09587,0.09599,0.09578,0.0958,1452195,139253.93533
DOGEUSDT,1776337200000,2026-04-16 11:00:00,2026-04-16 20:00:00,0.0958,0.09583,0.09567,0.09583,2221674,212724.92179
DOGEUSDT,1776337500000,2026-04-16 11:05:00,2026-04-16 20:05:00,0.09583,0.09584,0.09566,0.09567,1933354,185113.87525
DOGEUSDT,1776337800000,2026-04-16 11:10:00,2026-04-16 20:10:00,0.09566,0.09579,0.09565,0.09572,1162103,111245.61749
DOGEUSDT,1776338100000,2026-04-16 11:15:00,2026-04-16 20:15:00,0.09573,0.0959,0.09572,0.09586,2826505,270824.55824
DOGEUSDT,1776338400000,2026-04-16 11:20:00,2026-04-16 20:20:00,0.09585,0.0961,0.09583,0.09602,2322431,222928.93783
DOGEUSDT,1776338700000,2026-04-16 11:25:00,2026-04-16 20:25:00,0.09603,0.09617,0.09602,0.09608,3456571,332236.08793
DOGEUSDT,1776339000000,2026-04-16 11:30:00,2026-04-16 20:30:00,0.09607,0.09647,0.09604,0.09637,6678821,642596.48405
DOGEUSDT,1776339300000,2026-04-16 11:35:00,2026-04-16 20:35:00,0.09638,0.09645,0.09603,0.09612,6479243,623505.45868
DOGEUSDT,1776339600000,2026-04-16 11:40:00,2026-04-16 20:40:00,0.09612,0.0963,0.0961,0.09618,2065849,198674.69136
DOGEUSDT,1776339900000,2026-04-16 11:45:00,2026-04-16 20:45:00,0.09618,0.09621,0.09611,0.09619,1057398,101683.01232
DOGEUSDT,1776340200000,2026-04-16 11:50:00,2026-04-16 20:50:00,0.0962,0.0963,0.09614,0.09625,2255675,217047.55083
DOGEUSDT,1776340500000,2026-04-16 11:55:00,2026-04-16 20:55:00,0.09625,0.0964,0.09622,0.09634,1202899,115821.81303
DOGEUSDT,1776340800000,2026-04-16 12:00:00,2026-04-16 21:00:00,0.09633,0.0967,0.09631,0.0967,3928316,379288.69641
DOGEUSDT,1776341100000,2026-04-16 12:05:00,2026-04-16 21:05:00,0.09669,0.09686,0.09665,0.09676,4618457,446891.48251
DOGEUSDT,1776341400000,2026-04-16 12:10:00,2026-04-16 21:10:00,0.09677,0.09729,0.09677,0.09681,18645524,1809107.9677
DOGEUSDT,1776341700000,2026-04-16 12:15:00,2026-04-16 21:15:00,0.09682,0.09706,0.09679,0.09686,11398796,1105226.95266
DOGEUSDT,1776342000000,2026-04-16 12:20:00,2026-04-16 21:20:00,0.09686,0.09688,0.09668,0.09681,2277610,220426.42882
DOGEUSDT,1776342300000,2026-04-16 12:25:00,2026-04-16 21:25:00,0.09682,0.09691,0.09676,0.0968,1929914,186844.39577
DOGEUSDT,1776342600000,2026-04-16 12:30:00,2026-04-16 21:30:00,0.09679,0.09679,0.0965,0.09658,2209904,213473.92139
DOGEUSDT,1776342900000,2026-04-16 12:35:00,2026-04-16 21:35:00,0.09658,0.09666,0.09646,0.09664,2508071,242100.73926
DOGEUSDT,1776343200000,2026-04-16 12:40:00,2026-04-16 21:40:00,0.09664,0.09703,0.09661,0.09703,5371386,520061.53944
DOGEUSDT,1776343500000,2026-04-16 12:45:00,2026-04-16 21:45:00,0.09703,0.09713,0.09681,0.09682,2871234,278467.56507
DOGEUSDT,1776343800000,2026-04-16 12:50:00,2026-04-16 21:50:00,0.09681,0.09687,0.09668,0.09674,5229689,505982.33422
DOGEUSDT,1776344100000,2026-04-16 12:55:00,2026-04-16 21:55:00,0.09674,0.09686,0.09669,0.09673,2124485,205620.33827
DOGEUSDT,1776344400000,2026-04-16 13:00:00,2026-04-16 22:00:00,0.09673,0.09678,0.09653,0.09657,2948728,284900.8996
DOGEUSDT,1776344700000,2026-04-16 13:05:00,2026-04-16 22:05:00,0.09656,0.09699,0.09654,0.09698,2557073,247586.16868
DOGEUSDT,1776345000000,2026-04-16 13:10:00,2026-04-16 22:10:00,0.09699,0.09732,0.09683,0.09727,3865798,375203.03703
DOGEUSDT,1776345300000,2026-04-16 13:15:00,2026-04-16 22:15:00,0.09728,0.09752,0.09701,0.09747,6711999,653316.76115
DOGEUSDT,1776345600000,2026-04-16 13:20:00,2026-04-16 22:20:00,0.09746,0.09749,0.09735,0.09739,6937250,675791.84691
DOGEUSDT,1776345900000,2026-04-16 13:25:00,2026-04-16 22:25:00,0.09739,0.09775,0.09733,0.09753,11031702,1075950.59475
DOGEUSDT,1776346200000,2026-04-16 13:30:00,2026-04-16 22:30:00,0.09752,0.09761,0.09727,0.09731,6620899,644825.3252
DOGEUSDT,1776346500000,2026-04-16 13:35:00,2026-04-16 22:35:00,0.09731,0.09734,0.09703,0.0971,6528100,634391.38786
DOGEUSDT,1776346800000,2026-04-16 13:40:00,2026-04-16 22:40:00,0.0971,0.0974,0.09705,0.09732,4695997,456521.43001
DOGEUSDT,1776347100000,2026-04-16 13:45:00,2026-04-16 22:45:00,0.09732,0.09732,0.09691,0.09698,6590798,639583.03128
DOGEUSDT,1776347400000,2026-04-16 13:50:00,2026-04-16 22:50:00,0.09698,0.09698,0.09515,0.09522,23085171,2214145.35839
DOGEUSDT,1776347700000,2026-04-16 13:55:00,2026-04-16 22:55:00,0.09522,0.09583,0.09494,0.09582,18239315,1740756.13981
DOGEUSDT,1776348000000,2026-04-16 14:00:00,2026-04-16 23:00:00,0.09582,0.09585,0.09525,0.09563,9492405,907125.60032
DOGEUSDT,1776348300000,2026-04-16 14:05:00,2026-04-16 23:05:00,0.09562,0.0961,0.09545,0.09595,10997500,1053733.13934
DOGEUSDT,1776348600000,2026-04-16 14:10:00,2026-04-16 23:10:00,0.09595,0.09595,0.09545,0.09545,4076650,390225.01051
DOGEUSDT,1776348900000,2026-04-16 14:15:00,2026-04-16 23:15:00,0.09546,0.09557,0.09463,0.09497,20285928,1929345.05841
DOGEUSDT,1776349200000,2026-04-16 14:20:00,2026-04-16 23:20:00,0.09497,0.09512,0.09449,0.09468,21895226,2075009.08201
DOGEUSDT,1776349500000,2026-04-16 14:25:00,2026-04-16 23:25:00,0.09468,0.09516,0.0946,0.09511,8342518,791546.96235
DOGEUSDT,1776349800000,2026-04-16 14:30:00,2026-04-16 23:30:00,0.0951,0.09547,0.09505,0.09536,5182281,493745.50389
DOGEUSDT,1776350100000,2026-04-16 14:35:00,2026-04-16 23:35:00,0.09535,0.09541,0.09525,0.09525,2646946,252332.14817
DOGEUSDT,1776350400000,2026-04-16 14:40:00,2026-04-16 23:40:00,0.09524,0.09541,0.09512,0.09537,21965110,2092002.1921
DOGEUSDT,1776350700000,2026-04-16 14:45:00,2026-04-16 23:45:00,0.09538,0.0955,0.09521,0.09549,8861157,845095.30579
DOGEUSDT,1776351000000,2026-04-16 14:50:00,2026-04-16 23:50:00,0.0955,0.09578,0.09541,0.09553,6801092,649976.18263
DOGEUSDT,1776351300000,2026-04-16 14:55:00,2026-04-16 23:55:00,0.09553,0.09555,0.09535,0.09545,2068406,197423.11892
DOGEUSDT,1776351600000,2026-04-16 15:00:00,2026-04-17 00:00:00,0.09544,0.0956,0.0953,0.09546,2674201,255242.84563
DOGEUSDT,1776351900000,2026-04-16 15:05:00,2026-04-17 00:05:00,0.09545,0.09643,0.09543,0.09614,11868893,1139318.39151
DOGEUSDT,1776352200000,2026-04-16 15:10:00,2026-04-17 00:10:00,0.09614,0.09643,0.096,0.09619,4306429,414223.7047
DOGEUSDT,1776352500000,2026-04-16 15:15:00,2026-04-17 00:15:00,0.0962,0.0964,0.0961,0.09615,3131203,301398.84754
DOGEUSDT,1776352800000,2026-04-16 15:20:00,2026-04-17 00:20:00,0.09616,0.09639,0.09616,0.0963,4297790,413771.08811
DOGEUSDT,1776353100000,2026-04-16 15:25:00,2026-04-17 00:25:00,0.0963,0.09638,0.09586,0.09586,5179406,497501.19318
DOGEUSDT,1776353400000,2026-04-16 15:30:00,2026-04-17 00:30:00,0.09585,0.09617,0.09582,0.09605,2378808,228385.57594
DOGEUSDT,1776353700000,2026-04-16 15:35:00,2026-04-17 00:35:00,0.09605,0.09704,0.09603,0.09665,14570366,1408978.98442
DOGEUSDT,1776354000000,2026-04-16 15:40:00,2026-04-17 00:40:00,0.09665,0.09691,0.09643,0.09685,13624288,1316811.42501
DOGEUSDT,1776354300000,2026-04-16 15:45:00,2026-04-17 00:45:00,0.09685,0.0972,0.09671,0.09681,11936892,1157490.05044
DOGEUSDT,1776354600000,2026-04-16 15:50:00,2026-04-17 00:50:00,0.09682,0.09728,0.09682,0.09704,13547796,1316172.95963
DOGEUSDT,1776354900000,2026-04-16 15:55:00,2026-04-17 00:55:00,0.09704,0.09736,0.09702,0.09731,3503883,340628.61282
DOGEUSDT,1776355200000,2026-04-16 16:00:00,2026-04-17 01:00:00,0.09731,0.09769,0.09731,0.09758,13094041,1277001.67476
DOGEUSDT,1776355500000,2026-04-16 16:05:00,2026-04-17 01:05:00,0.09758,0.09833,0.0975,0.09791,23521067,2303962.83019
DOGEUSDT,1776355800000,2026-04-16 16:10:00,2026-04-17 01:10:00,0.0979,0.09832,0.09771,0.09775,10227116,1002939.96471
DOGEUSDT,1776356100000,2026-04-16 16:15:00,2026-04-17 01:15:00,0.09776,0.09837,0.09775,0.09823,9526826,934793.97989
DOGEUSDT,1776356400000,2026-04-16 16:20:00,2026-04-17 01:20:00,0.09823,0.09838,0.09773,0.09786,15798611,1549138.7684
DOGEUSDT,1776356700000,2026-04-16 16:25:00,2026-04-17 01:25:00,0.09786,0.09855,0.09786,0.09806,17608813,1730544.61795
DOGEUSDT,1776357000000,2026-04-16 16:30:00,2026-04-17 01:30:00,0.09807,0.09839,0.09704,0.09726,22090521,2156635.2274
DOGEUSDT,1776357300000,2026-04-16 16:35:00,2026-04-17 01:35:00,0.09726,0.09751,0.097,0.09748,15883817,1544405.9276
DOGEUSDT,1776357600000,2026-04-16 16:40:00,2026-04-17 01:40:00,0.09748,0.09766,0.09706,0.09708,6774466,659505.91549
DOGEUSDT,1776357900000,2026-04-16 16:45:00,2026-04-17 01:45:00,0.09708,0.09728,0.09683,0.09714,7494088,727430.71116
DOGEUSDT,1776358200000,2026-04-16 16:50:00,2026-04-17 01:50:00,0.09714,0.09728,0.09642,0.09671,8912882,862216.9028
DOGEUSDT,1776358500000,2026-04-16 16:55:00,2026-04-17 01:55:00,0.09672,0.09697,0.09665,0.09684,4242086,410615.6602
DOGEUSDT,1776358800000,2026-04-16 17:00:00,2026-04-17 02:00:00,0.09685,0.097,0.09648,0.09671,3480198,336652.74472
DOGEUSDT,1776359100000,2026-04-16 17:05:00,2026-04-17 02:05:00,0.09672,0.09691,0.09653,0.09688,6379265,617160.95399
DOGEUSDT,1776359400000,2026-04-16 17:10:00,2026-04-17 02:10:00,0.09688,0.09727,0.09679,0.0968,7968884,773343.91878
DOGEUSDT,1776359700000,2026-04-16 17:15:00,2026-04-17 02:15:00,0.0968,0.09701,0.09662,0.09698,4485848,434067.81983
DOGEUSDT,1776360000000,2026-04-16 17:20:00,2026-04-17 02:20:00,0.09699,0.09723,0.09677,0.09718,3777988,366474.33135
DOGEUSDT,1776360300000,2026-04-16 17:25:00,2026-04-17 02:25:00,0.09719,0.09755,0.09716,0.09746,7755494,755562.87947
DOGEUSDT,1776360600000,2026-04-16 17:30:00,2026-04-17 02:30:00,0.09746,0.09776,0.09736,0.09736,4668858,455649.66697
DOGEUSDT,1776360900000,2026-04-16 17:35:00,2026-04-17 02:35:00,0.09737,0.09746,0.0971,0.09745,7614059,740223.85854
DOGEUSDT,1776361200000,2026-04-16 17:40:00,2026-04-17 02:40:00,0.09745,0.09785,0.09745,0.09774,3647207,356257.47429
DOGEUSDT,1776361500000,2026-04-16 17:45:00,2026-04-17 02:45:00,0.09773,0.09783,0.09747,0.09783,1990789,194485.3242
DOGEUSDT,1776361800000,2026-04-16 17:50:00,2026-04-17 02:50:00,0.09783,0.09784,0.09745,0.09772,4382785,427771.7408
DOGEUSDT,1776362100000,2026-04-16 17:55:00,2026-04-17 02:55:00,0.09772,0.09781,0.09755,0.09777,4120355,402550.62665
DOGEUSDT,1776362400000,2026-04-16 18:00:00,2026-04-17 03:00:00,0.09776,0.09826,0.09767,0.09768,18183794,1782973.33666
DOGEUSDT,1776362700000,2026-04-16 18:05:00,2026-04-17 03:05:00,0.09769,0.09804,0.09747,0.09755,2833705,276866.33498
DOGEUSDT,1776363000000,2026-04-16 18:10:00,2026-04-17 03:10:00,0.09755,0.09791,0.09749,0.0977,2736033,267335.63272
DOGEUSDT,1776363300000,2026-04-16 18:15:00,2026-04-17 03:15:00,0.0977,0.09803,0.09765,0.09798,3856475,377312.01423
DOGEUSDT,1776363600000,2026-04-16 18:20:00,2026-04-17 03:20:00,0.09798,0.09801,0.09764,0.09785,3089497,302117.65501
DOGEUSDT,1776363900000,2026-04-16 18:25:00,2026-04-17 03:25:00,0.09786,0.09801,0.09776,0.098,1979050,193742.25128
DOGEUSDT,1776364200000,2026-04-16 18:30:00,2026-04-17 03:30:00,0.09801,0.09845,0.09801,0.09834,6882690,676025.80994
DOGEUSDT,1776364500000,2026-04-16 18:35:00,2026-04-17 03:35:00,0.09834,0.09869,0.09827,0.09851,10056237,991017.13637
DOGEUSDT,1776364800000,2026-04-16 18:40:00,2026-04-17 03:40:00,0.0985,0.09938,0.09843,0.09897,39577641,3913347.15941
DOGEUSDT,1776365100000,2026-04-16 18:45:00,2026-04-17 03:45:00,0.09897,0.09983,0.09892,0.09946,27984423,2786260.32068
DOGEUSDT,1776365400000,2026-04-16 18:50:00,2026-04-17 03:50:00,0.09945,0.09988,0.09926,0.09934,10500584,1044905.70329
DOGEUSDT,1776365700000,2026-04-16 18:55:00,2026-04-17 03:55:00,0.09935,0.0994,0.09917,0.09918,7521565,746838.65974
DOGEUSDT,1776366000000,2026-04-16 19:00:00,2026-04-17 04:00:00,0.09919,0.09939,0.09914,0.09931,5550960,551102.7993
DOGEUSDT,1776366300000,2026-04-16 19:05:00,2026-04-17 04:05:00,0.09931,0.09953,0.09923,0.09947,10397637,1033660.84354
DOGEUSDT,1776366600000,2026-04-16 19:10:00,2026-04-17 04:10:00,0.09948,0.09958,0.09908,0.09927,4669096,463355.90401
DOGEUSDT,1776366900000,2026-04-16 19:15:00,2026-04-17 04:15:00,0.09926,0.09971,0.09926,0.09958,10132775,1008422.82878
DOGEUSDT,1776367200000,2026-04-16 19:20:00,2026-04-17 04:20:00,0.09958,0.09977,0.09941,0.0995,10066399,1002611.44223
DOGEUSDT,1776367500000,2026-04-16 19:25:00,2026-04-17 04:25:00,0.0995,0.09956,0.09905,0.09926,7585074,752828.78154
DOGEUSDT,1776367800000,2026-04-16 19:30:00,2026-04-17 04:30:00,0.09925,0.09952,0.09908,0.09926,10232922,1016128.47975
DOGEUSDT,1776368100000,2026-04-16 19:35:00,2026-04-17 04:35:00,0.09925,0.09955,0.09921,0.09948,5559720,552591.50265
DOGEUSDT,1776368400000,2026-04-16 19:40:00,2026-04-17 04:40:00,0.09949,0.09968,0.09935,0.0994,7319563,728575.42465
DOGEUSDT,1776368700000,2026-04-16 19:45:00,2026-04-17 04:45:00,0.09939,0.09956,0.09933,0.09939,4642487,461797.46841
DOGEUSDT,1776369000000,2026-04-16 19:50:00,2026-04-17 04:50:00,0.0994,0.09948,0.09928,0.0994,5937530,589988.89414
DOGEUSDT,1776369300000,2026-04-16 19:55:00,2026-04-17 04:55:00,0.0994,0.09951,0.09923,0.09943,5125667,509425.72993
DOGEUSDT,1776369600000,2026-04-16 20:00:00,2026-04-17 05:00:00,0.09943,0.09976,0.09925,0.09933,10959933,1089982.10211
DOGEUSDT,1776369900000,2026-04-16 20:05:00,2026-04-17 05:05:00,0.09932,0.09937,0.09897,0.099,8611458,854011.63701
DOGEUSDT,1776370200000,2026-04-16 20:10:00,2026-04-17 05:10:00,0.099,0.09917,0.09893,0.09903,6369547,630685.14972
DOGEUSDT,1776370500000,2026-04-16 20:15:00,2026-04-17 05:15:00,0.09902,0.09913,0.09882,0.09892,8316179,823486.58687
DOGEUSDT,1776370800000,2026-04-16 20:20:00,2026-04-17 05:20:00,0.09892,0.09892,0.0985,0.09869,5513570,543852.9267
DOGEUSDT,1776371100000,2026-04-16 20:25:00,2026-04-17 05:25:00,0.09868,0.0987,0.09851,0.09857,2258647,222688.03434
DOGEUSDT,1776371400000,2026-04-16 20:30:00,2026-04-17 05:30:00,0.09856,0.09857,0.0982,0.09828,5395755,530717.56806
DOGEUSDT,1776371700000,2026-04-16 20:35:00,2026-04-17 05:35:00,0.09827,0.09842,0.09821,0.09822,3151731,309868.4119
DOGEUSDT,1776372000000,2026-04-16 20:40:00,2026-04-17 05:40:00,0.09822,0.09826,0.098,0.09823,3081919,302429.14006
DOGEUSDT,1776372300000,2026-04-16 20:45:00,2026-04-17 05:45:00,0.09823,0.09861,0.09821,0.09844,7536605,742033.28764
DOGEUSDT,1776372600000,2026-04-16 20:50:00,2026-04-17 05:50:00,0.09844,0.09851,0.09828,0.09834,1252115,123195.08952
DOGEUSDT,1776372900000,2026-04-16 20:55:00,2026-04-17 05:55:00,0.09835,0.09858,0.09832,0.09853,790582,77836.34253
DOGEUSDT,1776373200000,2026-04-16 21:00:00,2026-04-17 06:00:00,0.09854,0.09871,0.09854,0.0986,2092661,206437.48434
DOGEUSDT,1776373500000,2026-04-16 21:05:00,2026-04-17 06:05:00,0.0986,0.09899,0.09856,0.09898,3628417,358024.1435
DOGEUSDT,1776373800000,2026-04-16 21:10:00,2026-04-17 06:10:00,0.09898,0.09905,0.09872,0.09878,2006694,198441.56074
DOGEUSDT,1776374100000,2026-04-16 21:15:00,2026-04-17 06:15:00,0.09878,0.0998,0.0986,0.09885,78848676,7819580.94012
DOGEUSDT,1776374400000,2026-04-16 21:20:00,2026-04-17 06:20:00,0.09884,0.09891,0.09829,0.09836,4152495,409088.24738
DOGEUSDT,1776374700000,2026-04-16 21:25:00,2026-04-17 06:25:00,0.09836,0.09861,0.09828,0.0986,2555016,251553.80858
DOGEUSDT,1776375000000,2026-04-16 21:30:00,2026-04-17 06:30:00,0.0986,0.0986,0.09837,0.09855,1627685,160318.00438
DOGEUSDT,1776375300000,2026-04-16 21:35:00,2026-04-17 06:35:00,0.09856,0.09878,0.09856,0.09876,1998379,197212.63475
DOGEUSDT,1776375600000,2026-04-16 21:40:00,2026-04-17 06:40:00,0.09877,0.09888,0.09871,0.09877,2755226,272207.84702
DOGEUSDT,1776375900000,2026-04-16 21:45:00,2026-04-17 06:45:00,0.09877,0.09878,0.09839,0.09864,9382752,925452.9524
DOGEUSDT,1776376200000,2026-04-16 21:50:00,2026-04-17 06:50:00,0.09864,0.09865,0.09852,0.09862,1295464,127707.5927
DOGEUSDT,1776376500000,2026-04-16 21:55:00,2026-04-17 06:55:00,0.09861,0.09865,0.09855,0.09862,1918884,189193.04613
DOGEUSDT,1776376800000,2026-04-16 22:00:00,2026-04-17 07:00:00,0.09863,0.09911,0.09863,0.09898,6466610,640042.5977
DOGEUSDT,1776377100000,2026-04-16 22:05:00,2026-04-17 07:05:00,0.09899,0.09921,0.09899,0.09904,3091043,306333.54238
DOGEUSDT,1776377400000,2026-04-16 22:10:00,2026-04-17 07:10:00,0.09903,0.09921,0.09892,0.09909,5635297,558368.70078
DOGEUSDT,1776377700000,2026-04-16 22:15:00,2026-04-17 07:15:00,0.0991,0.0991,0.09888,0.09893,2643993,261639.85025
DOGEUSDT,1776378000000,2026-04-16 22:20:00,2026-04-17 07:20:00,0.09894,0.09899,0.09879,0.0989,2319891,229383.17567
DOGEUSDT,1776378300000,2026-04-16 22:25:00,2026-04-17 07:25:00,0.09889,0.09917,0.09889,0.09905,2359178,233697.38578
DOGEUSDT,1776378600000,2026-04-16 22:30:00,2026-04-17 07:30:00,0.09905,0.09912,0.09891,0.09901,3446289,341272.5767
DOGEUSDT,1776378900000,2026-04-16 22:35:00,2026-04-17 07:35:00,0.09901,0.09904,0.09892,0.09897,929548,92002.23264
DOGEUSDT,1776379200000,2026-04-16 22:40:00,2026-04-17 07:40:00,0.09898,0.09911,0.09895,0.09909,2135745,211551.07354
DOGEUSDT,1776379500000,2026-04-16 22:45:00,2026-04-17 07:45:00,0.0991,0.09914,0.09904,0.09913,1680781,166542.87457
DOGEUSDT,1776379800000,2026-04-16 22:50:00,2026-04-17 07:50:00,0.09913,0.09915,0.09893,0.09901,3869842,383430.459
DOGEUSDT,1776380100000,2026-04-16 22:55:00,2026-04-17 07:55:00,0.099,0.09903,0.09887,0.09891,1080183,106857.35441
DOGEUSDT,1776380400000,2026-04-16 23:00:00,2026-04-17 08:00:00,0.09892,0.09903,0.09876,0.09903,1992137,197010.0233
DOGEUSDT,1776380700000,2026-04-16 23:05:00,2026-04-17 08:05:00,0.09902,0.09913,0.09898,0.09899,1826392,180960.62804
DOGEUSDT,1776381000000,2026-04-16 23:10:00,2026-04-17 08:10:00,0.09899,0.09902,0.09891,0.09893,1025264,101463.55342
DOGEUSDT,1776381300000,2026-04-16 23:15:00,2026-04-17 08:15:00,0.09893,0.09895,0.09876,0.09895,2643689,261331.73062
DOGEUSDT,1776381600000,2026-04-16 23:20:00,2026-04-17 08:20:00,0.09896,0.09923,0.09895,0.09913,3935860,389965.84041
DOGEUSDT,1776381900000,2026-04-16 23:25:00,2026-04-17 08:25:00,0.09912,0.09912,0.09901,0.09907,978988,96995.13427
DOGEUSDT,1776382200000,2026-04-16 23:30:00,2026-04-17 08:30:00,0.09906,0.0994,0.099,0.09938,8199731,813669.19563
DOGEUSDT,1776382500000,2026-04-16 23:35:00,2026-04-17 08:35:00,0.09937,0.09974,0.09929,0.09959,10310837,1026151.25048
DOGEUSDT,1776382800000,2026-04-16 23:40:00,2026-04-17 08:40:00,0.09958,0.09981,0.0995,0.09968,5024437,501005.74558
DOGEUSDT,1776383100000,2026-04-16 23:45:00,2026-04-17 08:45:00,0.09968,0.0997,0.09945,0.0995,2031020,202227.71763
DOGEUSDT,1776383400000,2026-04-16 23:50:00,2026-04-17 08:50:00,0.0995,0.0995,0.09923,0.09925,2925232,290587.80578
DOGEUSDT,1776383700000,2026-04-16 23:55:00,2026-04-17 08:55:00,0.09925,0.09926,0.09909,0.09921,3238414,321206.80825
DOGEUSDT,1776384000000,2026-04-17 00:00:00,2026-04-17 09:00:00,0.09921,0.0994,0.09905,0.09911,8213604,814939.79838
DOGEUSDT,1776384300000,2026-04-17 00:05:00,2026-04-17 09:05:00,0.09911,0.09921,0.09884,0.09889,3509862,347689.91748
DOGEUSDT,1776384600000,2026-04-17 00:10:00,2026-04-17 09:10:00,0.09888,0.09898,0.09873,0.09876,3497643,345686.37257
DOGEUSDT,1776384900000,2026-04-17 00:15:00,2026-04-17 09:15:00,0.09876,0.09909,0.09876,0.09893,3891842,385094.9092
DOGEUSDT,1776385200000,2026-04-17 00:20:00,2026-04-17 09:20:00,0.09894,0.09919,0.09884,0.09887,12732547,1260645.36622
DOGEUSDT,1776385500000,2026-04-17 00:25:00,2026-04-17 09:25:00,0.09887,0.09901,0.09858,0.09859,1799978,177755.65925
DOGEUSDT,1776385800000,2026-04-17 00:30:00,2026-04-17 09:30:00,0.0986,0.09877,0.09855,0.09868,6412648,632557.07322
DOGEUSDT,1776386100000,2026-04-17 00:35:00,2026-04-17 09:35:00,0.09868,0.09895,0.09842,0.09889,6172025,608771.76832
DOGEUSDT,1776386400000,2026-04-17 00:40:00,2026-04-17 09:40:00,0.09889,0.09892,0.09869,0.09869,2049965,202556.73264
DOGEUSDT,1776386700000,2026-04-17 00:45:00,2026-04-17 09:45:00,0.09868,0.09909,0.09865,0.09908,2168480,214499.2606
DOGEUSDT,1776387000000,2026-04-17 00:50:00,2026-04-17 09:50:00,0.09907,0.0991,0.09882,0.09884,3507477,346886.5432
DOGEUSDT,1776387300000,2026-04-17 00:55:00,2026-04-17 09:55:00,0.09884,0.09902,0.09881,0.09892,4506621,445883.75219
DOGEUSDT,1776387600000,2026-04-17 01:00:00,2026-04-17 10:00:00,0.09891,0.09926,0.09887,0.09918,2544647,252280.14962
DOGEUSDT,1776387900000,2026-04-17 01:05:00,2026-04-17 10:05:00,0.09919,0.09964,0.09907,0.0995,4887359,485286.02095
DOGEUSDT,1776388200000,2026-04-17 01:10:00,2026-04-17 10:10:00,0.09949,0.09949,0.09921,0.09935,2743973,272615.15845
DOGEUSDT,1776388500000,2026-04-17 01:15:00,2026-04-17 10:15:00,0.09934,0.09962,0.09915,0.09916,6880617,684473.9629
DOGEUSDT,1776388800000,2026-04-17 01:20:00,2026-04-17 10:20:00,0.09916,0.09918,0.09837,0.09844,10787231,1064143.05531
DOGEUSDT,1776389100000,2026-04-17 01:25:00,2026-04-17 10:25:00,0.09845,0.0988,0.09845,0.09867,2588233,255298.59639
DOGEUSDT,1776389400000,2026-04-17 01:30:00,2026-04-17 10:30:00,0.09867,0.09889,0.09859,0.09888,1305987,128894.28031
DOGEUSDT,1776389700000,2026-04-17 01:35:00,2026-04-17 10:35:00,0.09888,0.09894,0.09876,0.09882,2048303,202501.37233
DOGEUSDT,1776390000000,2026-04-17 01:40:00,2026-04-17 10:40:00,0.09881,0.09886,0.0983,0.09847,4229056,416313.14937
DOGEUSDT,1776390300000,2026-04-17 01:45:00,2026-04-17 10:45:00,0.09847,0.09855,0.09809,0.09813,5511939,541772.36615
DOGEUSDT,1776390600000,2026-04-17 01:50:00,2026-04-17 10:50:00,0.09813,0.09824,0.09796,0.09807,8823760,865517.07483
DOGEUSDT,1776390900000,2026-04-17 01:55:00,2026-04-17 10:55:00,0.09807,0.09847,0.09807,0.09831,6138998,603689.88429
DOGEUSDT,1776391200000,2026-04-17 02:00:00,2026-04-17 11:00:00,0.09831,0.09843,0.09824,0.09843,3559739,349988.68501
DOGEUSDT,1776391500000,2026-04-17 02:05:00,2026-04-17 11:05:00,0.09843,0.09848,0.098,0.09815,2414480,237184.74424
DOGEUSDT,1776391800000,2026-04-17 02:10:00,2026-04-17 11:10:00,0.09815,0.0982,0.098,0.09815,8270893,811326.29448
DOGEUSDT,1776392100000,2026-04-17 02:15:00,2026-04-17 11:15:00,0.09815,0.09815,0.09761,0.0977,6727456,657747.03701
DOGEUSDT,1776392400000,2026-04-17 02:20:00,2026-04-17 11:20:00,0.09771,0.09772,0.09749,0.09758,6177130,602835.02771
DOGEUSDT,1776392700000,2026-04-17 02:25:00,2026-04-17 11:25:00,0.09758,0.0977,0.09739,0.09742,4732585,461569.40039
DOGEUSDT,1776393000000,2026-04-17 02:30:00,2026-04-17 11:30:00,0.09742,0.09766,0.09734,0.09763,3463738,337583.28556
DOGEUSDT,1776393300000,2026-04-17 02:35:00,2026-04-17 11:35:00,0.09763,0.09786,0.09759,0.09775,1609253,157238.31603
DOGEUSDT,1776393600000,2026-04-17 02:40:00,2026-04-17 11:40:00,0.09776,0.09787,0.09769,0.09774,2145664,209838.96487
DOGEUSDT,1776393900000,2026-04-17 02:45:00,2026-04-17 11:45:00,0.09775,0.0979,0.09775,0.09786,3585702,350767.88594
DOGEUSDT,1776394200000,2026-04-17 02:50:00,2026-04-17 11:50:00,0.09786,0.09793,0.09778,0.09793,3219181,315043.6954
DOGEUSDT,1776394500000,2026-04-17 02:55:00,2026-04-17 11:55:00,0.09793,0.09803,0.09784,0.09789,3748317,367143.56835
DOGEUSDT,1776394800000,2026-04-17 03:00:00,2026-04-17 12:00:00,0.09789,0.09789,0.09775,0.09778,2914337,285017.29808
DOGEUSDT,1776395100000,2026-04-17 03:05:00,2026-04-17 12:05:00,0.09778,0.09794,0.09764,0.09784,1584595,154940.47045
DOGEUSDT,1776395400000,2026-04-17 03:10:00,2026-04-17 12:10:00,0.09784,0.09795,0.09768,0.09779,2706399,264645.13354
DOGEUSDT,1776395700000,2026-04-17 03:15:00,2026-04-17 12:15:00,0.09779,0.09788,0.09758,0.09762,1971095,192649.26939
DOGEUSDT,1776396000000,2026-04-17 03:20:00,2026-04-17 12:20:00,0.09763,0.09766,0.09755,0.09764,2821165,275352.40015
DOGEUSDT,1776396300000,2026-04-17 03:25:00,2026-04-17 12:25:00,0.09763,0.09772,0.09756,0.09764,951575,92905.61896
DOGEUSDT,1776396600000,2026-04-17 03:30:00,2026-04-17 12:30:00,0.09765,0.09796,0.09763,0.09788,2061543,201806.46049
DOGEUSDT,1776396900000,2026-04-17 03:35:00,2026-04-17 12:35:00,0.09788,0.09812,0.09788,0.09799,1901616,186368.35539
DOGEUSDT,1776397200000,2026-04-17 03:40:00,2026-04-17 12:40:00,0.098,0.09805,0.0977,0.09797,2379655,232904.27526
DOGEUSDT,1776397500000,2026-04-17 03:45:00,2026-04-17 12:45:00,0.09797,0.09797,0.09776,0.09784,957965,93744.00946
DOGEUSDT,1776397800000,2026-04-17 03:50:00,2026-04-17 12:50:00,0.09784,0.09792,0.09779,0.09787,168824,16516.38605
DOGEUSDT,1776398100000,2026-04-17 03:55:00,2026-04-17 12:55:00,0.09788,0.09788,0.09773,0.09776,1702350,166479.52067
DOGEUSDT,1776398400000,2026-04-17 04:00:00,2026-04-17 13:00:00,0.09775,0.09778,0.09757,0.09775,1438979,140522.60288
DOGEUSDT,1776398700000,2026-04-17 04:05:00,2026-04-17 13:05:00,0.09776,0.09791,0.09767,0.0977,2262522,221157.01581
DOGEUSDT,1776399000000,2026-04-17 04:10:00,2026-04-17 13:10:00,0.09769,0.09769,0.09746,0.09754,2531360,246932.84563
DOGEUSDT,1776399300000,2026-04-17 04:15:00,2026-04-17 13:15:00,0.09755,0.09776,0.09746,0.09776,3791768,369945.16106
DOGEUSDT,1776399600000,2026-04-17 04:20:00,2026-04-17 13:20:00,0.09776,0.09776,0.09747,0.09756,2986538,291464.66954
DOGEUSDT,1776399900000,2026-04-17 04:25:00,2026-04-17 13:25:00,0.09756,0.09756,0.09743,0.09744,1853836,180697.96385
DOGEUSDT,1776400200000,2026-04-17 04:30:00,2026-04-17 13:30:00,0.09744,0.09761,0.09744,0.09754,1252668,122160.02198
DOGEUSDT,1776400500000,2026-04-17 04:35:00,2026-04-17 13:35:00,0.09753,0.0977,0.09752,0.09758,1678554,163840.05499
DOGEUSDT,1776400800000,2026-04-17 04:40:00,2026-04-17 13:40:00,0.09758,0.09771,0.09751,0.0977,2743545,267778.76299
DOGEUSDT,1776401100000,2026-04-17 04:45:00,2026-04-17 13:45:00,0.0977,0.09776,0.09756,0.09756,961035,93864.55578
DOGEUSDT,1776401400000,2026-04-17 04:50:00,2026-04-17 13:50:00,0.09755,0.09766,0.0975,0.09755,871011,84999.55987
DOGEUSDT,1776401700000,2026-04-17 04:55:00,2026-04-17 13:55:00,0.09756,0.09758,0.0974,0.09748,2147910,209355.06213
DOGEUSDT,1776402000000,2026-04-17 05:00:00,2026-04-17 14:00:00,0.09749,0.09753,0.09712,0.09716,6663281,648900.5187
DOGEUSDT,1776402300000,2026-04-17 05:05:00,2026-04-17 14:05:00,0.09716,0.09727,0.09693,0.09696,6396614,620758.35279
DOGEUSDT,1776402600000,2026-04-17 05:10:00,2026-04-17 14:10:00,0.09697,0.09712,0.09688,0.09711,2858341,277259.16427
DOGEUSDT,1776402900000,2026-04-17 05:15:00,2026-04-17 14:15:00,0.09712,0.09716,0.09705,0.09713,2070679,201076.75228
DOGEUSDT,1776403200000,2026-04-17 05:20:00,2026-04-17 14:20:00,0.09714,0.09734,0.09714,0.09729,1510674,146896.18746
DOGEUSDT,1776403500000,2026-04-17 05:25:00,2026-04-17 14:25:00,0.09728,0.09731,0.09705,0.09712,3113400,302593.07981
DOGEUSDT,1776403800000,2026-04-17 05:30:00,2026-04-17 14:30:00,0.09711,0.09712,0.09677,0.09693,4095669,396932.8766
DOGEUSDT,1776404100000,2026-04-17 05:35:00,2026-04-17 14:35:00,0.09692,0.09698,0.0968,0.09684,2291680,222097.35188
DOGEUSDT,1776404400000,2026-04-17 05:40:00,2026-04-17 14:40:00,0.09685,0.09694,0.0968,0.09685,1305495,126452.22567
DOGEUSDT,1776404700000,2026-04-17 05:45:00,2026-04-17 14:45:00,0.09686,0.09705,0.09678,0.09691,2163310,209631.57967
DOGEUSDT,1776405000000,2026-04-17 05:50:00,2026-04-17 14:50:00,0.09691,0.09695,0.09686,0.09691,516654,50062.36591
DOGEUSDT,1776405300000,2026-04-17 05:55:00,2026-04-17 14:55:00,0.09692,0.09693,0.09673,0.09679,1681959,162779.61714
DOGEUSDT,1776405600000,2026-04-17 06:00:00,2026-04-17 15:00:00,0.09678,0.09691,0.09672,0.09681,1477393,143046.81456
DOGEUSDT,1776405900000,2026-04-17 06:05:00,2026-04-17 15:05:00,0.09682,0.09698,0.09671,0.09672,2365440,229148.57917
DOGEUSDT,1776406200000,2026-04-17 06:10:00,2026-04-17 15:10:00,0.09673,0.09691,0.09673,0.09688,2893704,280212.88098
DOGEUSDT,1776406500000,2026-04-17 06:15:00,2026-04-17 15:15:00,0.09687,0.09702,0.09683,0.09691,1743547,169028.80116
DOGEUSDT,1776406800000,2026-04-17 06:20:00,2026-04-17 15:20:00,0.09691,0.09714,0.0969,0.09711,1695871,164516.84304
DOGEUSDT,1776407100000,2026-04-17 06:25:00,2026-04-17 15:25:00,0.0971,0.09713,0.097,0.09712,1177536,114290.32962
DOGEUSDT,1776407400000,2026-04-17 06:30:00,2026-04-17 15:30:00,0.09712,0.09734,0.09706,0.09728,2083920,202493.08491
DOGEUSDT,1776407700000,2026-04-17 06:35:00,2026-04-17 15:35:00,0.09728,0.09728,0.09716,0.09725,1866745,181511.6521
DOGEUSDT,1776408000000,2026-04-17 06:40:00,2026-04-17 15:40:00,0.09725,0.09736,0.09718,0.09734,1221281,118834.46255
DOGEUSDT,1776408300000,2026-04-17 06:45:00,2026-04-17 15:45:00,0.09734,0.0975,0.09728,0.0975,1766029,171935.71252
DOGEUSDT,1776408600000,2026-04-17 06:50:00,2026-04-17 15:50:00,0.0975,0.09772,0.0975,0.09764,1682375,164277.02846
DOGEUSDT,1776408900000,2026-04-17 06:55:00,2026-04-17 15:55:00,0.09763,0.09768,0.09755,0.09762,2576136,251485.39331
DOGEUSDT,1776409200000,2026-04-17 07:00:00,2026-04-17 16:00:00,0.09763,0.09792,0.09762,0.09785,2331745,228072.30618
DOGEUSDT,1776409500000,2026-04-17 07:05:00,2026-04-17 16:05:00,0.09785,0.09807,0.09779,0.09807,5014312,491172.81681
DOGEUSDT,1776409800000,2026-04-17 07:10:00,2026-04-17 16:10:00,0.09806,0.09818,0.09803,0.09814,6694149,656859.58004
DOGEUSDT,1776410100000,2026-04-17 07:15:00,2026-04-17 16:15:00,0.09813,0.09813,0.09784,0.09799,2724629,266819.27734
DOGEUSDT,1776410400000,2026-04-17 07:20:00,2026-04-17 16:20:00,0.098,0.09815,0.09796,0.09799,2726149,267285.94523
DOGEUSDT,1776410700000,2026-04-17 07:25:00,2026-04-17 16:25:00,0.09799,0.09816,0.09794,0.09816,2187977,214478.66175
DOGEUSDT,1776411000000,2026-04-17 07:30:00,2026-04-17 16:30:00,0.09815,0.09853,0.09795,0.09805,11007758,1080874.06792
DOGEUSDT,1776411300000,2026-04-17 07:35:00,2026-04-17 16:35:00,0.09805,0.0981,0.09798,0.09808,1209720,118587.77933
DOGEUSDT,1776411600000,2026-04-17 07:40:00,2026-04-17 16:40:00,0.09807,0.09812,0.09802,0.09808,1564678,153453.38064
DOGEUSDT,1776411900000,2026-04-17 07:45:00,2026-04-17 16:45:00,0.09808,0.09809,0.09788,0.0979,1916000,187716.02376
DOGEUSDT,1776412200000,2026-04-17 07:50:00,2026-04-17 16:50:00,0.0979,0.09807,0.0979,0.09807,2640455,258715.30769
DOGEUSDT,1776412500000,2026-04-17 07:55:00,2026-04-17 16:55:00,0.09807,0.0981,0.09791,0.09808,1505399,147609.0539
DOGEUSDT,1776412800000,2026-04-17 08:00:00,2026-04-17 17:00:00,0.09808,0.09815,0.09793,0.09815,1903981,186728.43103
DOGEUSDT,1776413100000,2026-04-17 08:05:00,2026-04-17 17:05:00,0.09816,0.09819,0.098,0.09805,1060159,104001.9873
DOGEUSDT,1776413400000,2026-04-17 08:10:00,2026-04-17 17:10:00,0.09804,0.09808,0.0979,0.0979,1487774,145801.33214
DOGEUSDT,1776413700000,2026-04-17 08:15:00,2026-04-17 17:15:00,0.09791,0.09828,0.09779,0.09816,13383459,1311109.08156
DOGEUSDT,1776414000000,2026-04-17 08:20:00,2026-04-17 17:20:00,0.09817,0.0982,0.09802,0.09815,983474,96495.81452
DOGEUSDT,1776414300000,2026-04-17 08:25:00,2026-04-17 17:25:00,0.09815,0.09821,0.098,0.09812,5012716,491708.12364
DOGEUSDT,1776414600000,2026-04-17 08:30:00,2026-04-17 17:30:00,0.09812,0.09858,0.09809,0.09857,6897541,678823.16147
DOGEUSDT,1776414900000,2026-04-17 08:35:00,2026-04-17 17:35:00,0.09858,0.09864,0.0982,0.09831,2501274,246241.39498
DOGEUSDT,1776415200000,2026-04-17 08:40:00,2026-04-17 17:40:00,0.09832,0.09844,0.09821,0.09834,1890211,185853.34463
DOGEUSDT,1776415500000,2026-04-17 08:45:00,2026-04-17 17:45:00,0.09833,0.09866,0.09822,0.09846,3313159,325975.43712
DOGEUSDT,1776415800000,2026-04-17 08:50:00,2026-04-17 17:50:00,0.09847,0.09869,0.09831,0.09867,3747204,369056.56917
DOGEUSDT,1776416100000,2026-04-17 08:55:00,2026-04-17 17:55:00,0.09868,0.09879,0.09849,0.09856,6378489,629301.66626
DOGEUSDT,1776416400000,2026-04-17 09:00:00,2026-04-17 18:00:00,0.09855,0.09855,0.09814,0.09838,4921429,483931.05613
DOGEUSDT,1776416700000,2026-04-17 09:05:00,2026-04-17 18:05:00,0.09838,0.09839,0.09817,0.09831,2836675,278821.67025
DOGEUSDT,1776417000000,2026-04-17 09:10:00,2026-04-17 18:10:00,0.09832,0.09852,0.09832,0.09851,2058460,202596.93905
DOGEUSDT,1776417300000,2026-04-17 09:15:00,2026-04-17 18:15:00,0.09851,0.09862,0.09829,0.09848,8827082,869517.70359
DOGEUSDT,1776417600000,2026-04-17 09:20:00,2026-04-17 18:20:00,0.09848,0.09871,0.09843,0.09871,6571175,647921.72747
DOGEUSDT,1776417900000,2026-04-17 09:25:00,2026-04-17 18:25:00,0.0987,0.09952,0.09869,0.09948,17123026,1696240.774
DOGEUSDT,1776418200000,2026-04-17 09:30:00,2026-04-17 18:30:00,0.09949,0.0995,0.09862,0.09885,17454464,1727954.18358
DOGEUSDT,1776418500000,2026-04-17 09:35:00,2026-04-17 18:35:00,0.09885,0.09889,0.09864,0.09876,8072676,797367.25676
DOGEUSDT,1776418800000,2026-04-17 09:40:00,2026-04-17 18:40:00,0.09875,0.09899,0.09868,0.09887,2651139,261960.63726
DOGEUSDT,1776419100000,2026-04-17 09:45:00,2026-04-17 18:45:00,0.09887,0.09894,0.0987,0.09891,2977433,294176.83009
DOGEUSDT,1776419400000,2026-04-17 09:50:00,2026-04-17 18:50:00,0.09891,0.09899,0.09881,0.09891,1332010,131749.99649
DOGEUSDT,1776419700000,2026-04-17 09:55:00,2026-04-17 18:55:00,0.0989,0.09903,0.09889,0.09893,1318959,130545.27069
DOGEUSDT,1776420000000,2026-04-17 10:00:00,2026-04-17 19:00:00,0.09892,0.09893,0.09865,0.09884,3410921,336951.6983
DOGEUSDT,1776420300000,2026-04-17 10:05:00,2026-04-17 19:05:00,0.09885,0.09899,0.09851,0.09853,6314021,623326.81895
DOGEUSDT,1776420600000,2026-04-17 10:10:00,2026-04-17 19:10:00,0.09852,0.09852,0.09826,0.09844,5068955,498713.87799
DOGEUSDT,1776420900000,2026-04-17 10:15:00,2026-04-17 19:15:00,0.09844,0.09853,0.09833,0.09846,2297861,226138.86891
DOGEUSDT,1776421200000,2026-04-17 10:20:00,2026-04-17 19:20:00,0.09845,0.09857,0.09842,0.09849,615437,60623.90044
DOGEUSDT,1776421500000,2026-04-17 10:25:00,2026-04-17 19:25:00,0.09849,0.09854,0.09802,0.09804,14486047,1423232.80928
DOGEUSDT,1776421800000,2026-04-17 10:30:00,2026-04-17 19:30:00,0.09805,0.09808,0.09772,0.09802,9594525,939292.55338
DOGEUSDT,1776422100000,2026-04-17 10:35:00,2026-04-17 19:35:00,0.09801,0.09813,0.0979,0.09794,3881192,380401.74566
DOGEUSDT,1776422400000,2026-04-17 10:40:00,2026-04-17 19:40:00,0.09794,0.09802,0.09773,0.09775,1366429,133764.04757
DOGEUSDT,1776422700000,2026-04-17 10:45:00,2026-04-17 19:45:00,0.09774,0.09799,0.0977,0.09791,3974427,389001.91075
DOGEUSDT,1776423000000,2026-04-17 10:50:00,2026-04-17 19:50:00,0.0979,0.09799,0.09781,0.09798,1726406,169028.92029
DOGEUSDT,1776423300000,2026-04-17 10:55:00,2026-04-17 19:55:00,0.09797,0.09803,0.09792,0.098,1186249,116254.41489
DOGEUSDT,1776423600000,2026-04-17 11:00:00,2026-04-17 20:00:00,0.09799,0.0982,0.09798,0.09811,1873323,183760.87688
DOGEUSDT,1776423900000,2026-04-17 11:05:00,2026-04-17 20:05:00,0.0981,0.0981,0.09801,0.09805,2297473,225242.83042
DOGEUSDT,1776424200000,2026-04-17 11:10:00,2026-04-17 20:10:00,0.09805,0.09818,0.09805,0.09808,1933515,189695.29656
DOGEUSDT,1776424500000,2026-04-17 11:15:00,2026-04-17 20:15:00,0.09807,0.0983,0.09804,0.09824,3463583,339958.82235
DOGEUSDT,1776424800000,2026-04-17 11:20:00,2026-04-17 20:20:00,0.09824,0.09849,0.09822,0.09848,1866812,183626.18941
DOGEUSDT,1776425100000,2026-04-17 11:25:00,2026-04-17 20:25:00,0.09849,0.09863,0.09847,0.09855,1475589,145421.53456
DOGEUSDT,1776425400000,2026-04-17 11:30:00,2026-04-17 20:30:00,0.09856,0.09903,0.09856,0.09877,10536708,1041167.41484
DOGEUSDT,1776425700000,2026-04-17 11:35:00,2026-04-17 20:35:00,0.09877,0.09889,0.09865,0.09877,2449847,242078.57129
DOGEUSDT,1776426000000,2026-04-17 11:40:00,2026-04-17 20:40:00,0.09878,0.09882,0.09859,0.0987,1347673,132981.24115
DOGEUSDT,1776426300000,2026-04-17 11:45:00,2026-04-17 20:45:00,0.09871,0.0988,0.09868,0.09873,2685513,265129.79082
DOGEUSDT,1776426600000,2026-04-17 11:50:00,2026-04-17 20:50:00,0.09873,0.099,0.09872,0.09883,1307072,129224.23974
DOGEUSDT,1776426900000,2026-04-17 11:55:00,2026-04-17 20:55:00,0.09882,0.09886,0.0987,0.09875,952962,94111.08885
DOGEUSDT,1776427200000,2026-04-17 12:00:00,2026-04-17 21:00:00,0.09876,0.09878,0.09845,0.09867,1781198,175653.13743
DOGEUSDT,1776427500000,2026-04-17 12:05:00,2026-04-17 21:05:00,0.09867,0.09891,0.09867,0.09888,2040378,201551.43223
DOGEUSDT,1776427800000,2026-04-17 12:10:00,2026-04-17 21:10:00,0.09889,0.09897,0.09885,0.0989,2124659,210141.08834
DOGEUSDT,1776428100000,2026-04-17 12:15:00,2026-04-17 21:15:00,0.0989,0.09916,0.09885,0.09904,2912659,288484.977
DOGEUSDT,1776428400000,2026-04-17 12:20:00,2026-04-17 21:20:00,0.09905,0.09917,0.09888,0.09903,1739472,172299.2453
DOGEUSDT,1776428700000,2026-04-17 12:25:00,2026-04-17 21:25:00,0.09904,0.09931,0.09873,0.09907,5188656,513964.03066
DOGEUSDT,1776429000000,2026-04-17 12:30:00,2026-04-17 21:30:00,0.09908,0.09938,0.09903,0.0993,3692885,366608.79189
DOGEUSDT,1776429300000,2026-04-17 12:35:00,2026-04-17 21:35:00,0.0993,0.09931,0.099,0.09902,2069507,205117.60989
DOGEUSDT,1776429600000,2026-04-17 12:40:00,2026-04-17 21:40:00,0.09903,0.0992,0.09896,0.09916,1273223,126172.56237
DOGEUSDT,1776429900000,2026-04-17 12:45:00,2026-04-17 21:45:00,0.09916,0.09978,0.09913,0.09975,11182231,1112551.02983
DOGEUSDT,1776430200000,2026-04-17 12:50:00,2026-04-17 21:50:00,0.09976,0.1002,0.09963,0.10004,36769429,3676267.2051
DOGEUSDT,1776430500000,2026-04-17 12:55:00,2026-04-17 21:55:00,0.10004,0.10023,0.09975,0.10011,12305605,1231133.33882
DOGEUSDT,1776430800000,2026-04-17 13:00:00,2026-04-17 22:00:00,0.10012,0.10063,0.09991,0.10012,38456686,3854698.20756
DOGEUSDT,1776431100000,2026-04-17 13:05:00,2026-04-17 22:05:00,0.10013,0.10116,0.09998,0.10069,29785763,2995350.50895
DOGEUSDT,1776431400000,2026-04-17 13:10:00,2026-04-17 22:10:00,0.10069,0.10141,0.1005,0.10133,30781722,3112293.6339
DOGEUSDT,1776431700000,2026-04-17 13:15:00,2026-04-17 22:15:00,0.10132,0.1015,0.10086,0.10142,18508328,1873038.88423
DOGEUSDT,1776432000000,2026-04-17 13:20:00,2026-04-17 22:20:00,0.10143,0.10144,0.10108,0.10129,12554185,1271224.81401
DOGEUSDT,1776432300000,2026-04-17 13:25:00,2026-04-17 22:25:00,0.10129,0.10138,0.10062,0.10101,17027559,1719695.99806
DOGEUSDT,1776432600000,2026-04-17 13:30:00,2026-04-17 22:30:00,0.10101,0.1011,0.1002,0.10063,29286467,2943394.20042
DOGEUSDT,1776432900000,2026-04-17 13:35:00,2026-04-17 22:35:00,0.10063,0.10098,0.10058,0.10075,13137532,1323629.2231
DOGEUSDT,1776433200000,2026-04-17 13:40:00,2026-04-17 22:40:00,0.10075,0.10102,0.10052,0.10092,7504057,756280.96117
DOGEUSDT,1776433500000,2026-04-17 13:45:00,2026-04-17 22:45:00,0.10093,0.10095,0.10026,0.10072,6142846,617784.55482
DOGEUSDT,1776433800000,2026-04-17 13:50:00,2026-04-17 22:50:00,0.10072,0.10113,0.10062,0.10092,16436883,1659424.84657
DOGEUSDT,1776434100000,2026-04-17 13:55:00,2026-04-17 22:55:00,0.10093,0.10109,0.10055,0.10102,10757894,1085105.77938
DOGEUSDT,1776434400000,2026-04-17 14:00:00,2026-04-17 23:00:00,0.10102,0.10116,0.10077,0.10082,12401485,1251331.02627
DOGEUSDT,1776434700000,2026-04-17 14:05:00,2026-04-17 23:05:00,0.10082,0.10089,0.10055,0.10064,5462673,550203.25397
DOGEUSDT,1776435000000,2026-04-17 14:10:00,2026-04-17 23:10:00,0.10063,0.10109,0.10063,0.10088,8582702,866054.71631
DOGEUSDT,1776435300000,2026-04-17 14:15:00,2026-04-17 23:15:00,0.10088,0.10103,0.10062,0.10103,8147088,821099.84781
DOGEUSDT,1776435600000,2026-04-17 14:20:00,2026-04-17 23:20:00,0.10102,0.1012,0.10071,0.10085,8283257,836227.75575
DOGEUSDT,1776435900000,2026-04-17 14:25:00,2026-04-17 23:25:00,0.10085,0.10094,0.10064,0.10067,4616728,465229.23754
DOGEUSDT,1776436200000,2026-04-17 14:30:00,2026-04-17 23:30:00,0.10068,0.10099,0.10067,0.10093,6220263,627339.15255
DOGEUSDT,1776436500000,2026-04-17 14:35:00,2026-04-17 23:35:00,0.10092,0.10111,0.10067,0.10096,8235511,830892.0438
DOGEUSDT,1776436800000,2026-04-17 14:40:00,2026-04-17 23:40:00,0.10096,0.10155,0.10083,0.10095,17230291,1743355.74049
DOGEUSDT,1776437100000,2026-04-17 14:45:00,2026-04-17 23:45:00,0.10095,0.10116,0.1009,0.10111,5022773,507449.5969
DOGEUSDT,1776437400000,2026-04-17 14:50:00,2026-04-17 23:50:00,0.10111,0.10116,0.10085,0.10094,4599188,464671.25224
DOGEUSDT,1776437700000,2026-04-17 14:55:00,2026-04-17 23:55:00,0.10093,0.10121,0.10062,0.10104,10537499,1062907.17065
DOGEUSDT,1776438000000,2026-04-17 15:00:00,2026-04-18 00:00:00,0.10105,0.10116,0.10046,0.10052,8023145,808861.67937
DOGEUSDT,1776438300000,2026-04-17 15:05:00,2026-04-18 00:05:00,0.10052,0.10076,0.10043,0.10069,7942756,798757.29538
DOGEUSDT,1776438600000,2026-04-17 15:10:00,2026-04-18 00:10:00,0.10069,0.10109,0.10067,0.10092,3713062,374681.062
DOGEUSDT,1776438900000,2026-04-17 15:15:00,2026-04-18 00:15:00,0.10093,0.10144,0.10092,0.10118,8507621,861812.63561
DOGEUSDT,1776439200000,2026-04-17 15:20:00,2026-04-18 00:20:00,0.10118,0.1013,0.10094,0.10098,5038244,509449.31639
DOGEUSDT,1776439500000,2026-04-17 15:25:00,2026-04-18 00:25:00,0.10097,0.10099,0.1007,0.10092,5912567,596026.48818
DOGEUSDT,1776439800000,2026-04-17 15:30:00,2026-04-18 00:30:00,0.10091,0.10095,0.10062,0.1009,3379158,340669.48297
DOGEUSDT,1776440100000,2026-04-17 15:35:00,2026-04-18 00:35:00,0.1009,0.1009,0.10048,0.1005,6510523,655126.41063
DOGEUSDT,1776440400000,2026-04-17 15:40:00,2026-04-18 00:40:00,0.10049,0.10062,0.09991,0.09996,26827423,2688193.44352
DOGEUSDT,1776440700000,2026-04-17 15:45:00,2026-04-18 00:45:00,0.09996,0.10031,0.09992,0.09998,7357963,736473.33474
DOGEUSDT,1776441000000,2026-04-17 15:50:00,2026-04-18 00:50:00,0.09998,0.10044,0.09992,0.1004,4791672,479890.38964
DOGEUSDT,1776441300000,2026-04-17 15:55:00,2026-04-18 00:55:00,0.10041,0.1006,0.10032,0.10058,3492199,350879.47304
DOGEUSDT,1776441600000,2026-04-17 16:00:00,2026-04-18 01:00:00,0.10057,0.1011,0.10053,0.10087,8716074,879626.04405
DOGEUSDT,1776441900000,2026-04-17 16:05:00,2026-04-18 01:05:00,0.10086,0.10113,0.1008,0.10085,8307853,839518.66459
DOGEUSDT,1776442200000,2026-04-17 16:10:00,2026-04-18 01:10:00,0.10085,0.10102,0.1007,0.10073,3415377,344577.40333
DOGEUSDT,1776442500000,2026-04-17 16:15:00,2026-04-18 01:15:00,0.10074,0.101,0.10073,0.10096,5244449,528667.05196
DOGEUSDT,1776442800000,2026-04-17 16:20:00,2026-04-18 01:20:00,0.10096,0.10162,0.10089,0.10137,13911104,1409751.19119
DOGEUSDT,1776443100000,2026-04-17 16:25:00,2026-04-18 01:25:00,0.10137,0.10149,0.10128,0.10132,3821390,387409.18382
DOGEUSDT,1776443400000,2026-04-17 16:30:00,2026-04-18 01:30:00,0.10131,0.10162,0.10121,0.10136,7009163,710728.58201
DOGEUSDT,1776443700000,2026-04-17 16:35:00,2026-04-18 01:35:00,0.10136,0.10166,0.10128,0.10141,3710162,376588.3885
DOGEUSDT,1776444000000,2026-04-17 16:40:00,2026-04-18 01:40:00,0.10141,0.10156,0.10119,0.10151,5303276,537685.99984
DOGEUSDT,1776444300000,2026-04-17 16:45:00,2026-04-18 01:45:00,0.10151,0.10192,0.10151,0.10172,11684346,1188904.93813
DOGEUSDT,1776444600000,2026-04-17 16:50:00,2026-04-18 01:50:00,0.10173,0.10218,0.10165,0.10191,12828411,1307939.20654
DOGEUSDT,1776444900000,2026-04-17 16:55:00,2026-04-18 01:55:00,0.10191,0.10197,0.10179,0.10196,4168192,424659.30288
DOGEUSDT,1776445200000,2026-04-17 17:00:00,2026-04-18 02:00:00,0.10197,0.10208,0.10179,0.10185,3844154,391874.15597
DOGEUSDT,1776445500000,2026-04-17 17:05:00,2026-04-18 02:05:00,0.10185,0.10204,0.10146,0.10156,8933476,909185.97691
DOGEUSDT,1776445800000,2026-04-17 17:10:00,2026-04-18 02:10:00,0.10157,0.10163,0.101,0.10129,8596276,870556.8661
DOGEUSDT,1776446100000,2026-04-17 17:15:00,2026-04-18 02:15:00,0.1013,0.10162,0.10126,0.10126,3369982,341572.29845
DOGEUSDT,1776446400000,2026-04-17 17:20:00,2026-04-18 02:20:00,0.10127,0.10129,0.10031,0.10041,18300004,1843816.0062
DOGEUSDT,1776446700000,2026-04-17 17:25:00,2026-04-18 02:25:00,0.10041,0.10054,0.1002,0.1005,15386959,1544394.77731
DOGEUSDT,1776447000000,2026-04-17 17:30:00,2026-04-18 02:30:00,0.10051,0.10094,0.1005,0.10083,5411645,545544.68645
DOGEUSDT,1776447300000,2026-04-17 17:35:00,2026-04-18 02:35:00,0.10082,0.10093,0.1007,0.1008,3601185,362946.92642
DOGEUSDT,1776447600000,2026-04-17 17:40:00,2026-04-18 02:40:00,0.1008,0.1009,0.10065,0.1009,1912708,192769.84008
DOGEUSDT,1776447900000,2026-04-17 17:45:00,2026-04-18 02:45:00,0.10091,0.10124,0.10089,0.10106,4181696,422811.98932
DOGEUSDT,1776448200000,2026-04-17 17:50:00,2026-04-18 02:50:00,0.10105,0.10114,0.10087,0.10092,1108278,111964.30756
DOGEUSDT,1776448500000,2026-04-17 17:55:00,2026-04-18 02:55:00,0.10093,0.10106,0.10086,0.10105,844315,85265.66632
DOGEUSDT,1776448800000,2026-04-17 18:00:00,2026-04-18 03:00:00,0.10106,0.10121,0.10062,0.10066,1559897,157405.39625
DOGEUSDT,1776449100000,2026-04-17 18:05:00,2026-04-18 03:05:00,0.10066,0.1007,0.10044,0.10053,4446671,447092.40142
DOGEUSDT,1776449400000,2026-04-17 18:10:00,2026-04-18 03:10:00,0.10052,0.10054,0.10015,0.10023,4839696,485768.65792
DOGEUSDT,1776449700000,2026-04-17 18:15:00,2026-04-18 03:15:00,0.10023,0.10057,0.10014,0.10044,2454846,246291.29997
DOGEUSDT,1776450000000,2026-04-17 18:20:00,2026-04-18 03:20:00,0.10043,0.10048,0.10018,0.10038,2320124,232743.23601
DOGEUSDT,1776450300000,2026-04-17 18:25:00,2026-04-18 03:25:00,0.10038,0.10055,0.10007,0.10013,2240721,224667.365
DOGEUSDT,1776450600000,2026-04-17 18:30:00,2026-04-18 03:30:00,0.10013,0.10017,0.09985,0.10007,8307697,830837.86626
DOGEUSDT,1776450900000,2026-04-17 18:35:00,2026-04-18 03:35:00,0.10008,0.10023,0.09999,0.10019,2018689,201990.26955
DOGEUSDT,1776451200000,2026-04-17 18:40:00,2026-04-18 03:40:00,0.10019,0.10047,0.10019,0.10044,1335492,133960.15795
DOGEUSDT,1776451500000,2026-04-17 18:45:00,2026-04-18 03:45:00,0.10044,0.10051,0.10027,0.10028,1082894,108724.17367
DOGEUSDT,1776451800000,2026-04-17 18:50:00,2026-04-18 03:50:00,0.10029,0.10033,0.09993,0.10018,2393676,239593.10233
DOGEUSDT,1776452100000,2026-04-17 18:55:00,2026-04-18 03:55:00,0.10018,0.10025,0.1001,0.10017,1412946,141524.85976
DOGEUSDT,1776452400000,2026-04-17 19:00:00,2026-04-18 04:00:00,0.10017,0.1003,0.09997,0.09997,2362494,236689.94023
DOGEUSDT,1776452700000,2026-04-17 19:05:00,2026-04-18 04:05:00,0.09998,0.10013,0.09983,0.09998,2286243,228474.09066
DOGEUSDT,1776453000000,2026-04-17 19:10:00,2026-04-18 04:10:00,0.09998,0.10023,0.09985,0.1002,3512801,351140.30846
DOGEUSDT,1776453300000,2026-04-17 19:15:00,2026-04-18 04:15:00,0.10021,0.10054,0.10021,0.10052,4972300,499190.42578
DOGEUSDT,1776453600000,2026-04-17 19:20:00,2026-04-18 04:20:00,0.10053,0.1006,0.1002,0.10034,898841,90219.69998
DOGEUSDT,1776453900000,2026-04-17 19:25:00,2026-04-18 04:25:00,0.10035,0.10038,0.10008,0.10014,651972,65336.18348
DOGEUSDT,1776454200000,2026-04-17 19:30:00,2026-04-18 04:30:00,0.10014,0.10032,0.10014,0.10028,570489,57181.19946
DOGEUSDT,1776454500000,2026-04-17 19:35:00,2026-04-18 04:35:00,0.10028,0.10037,0.10014,0.10029,1197715,120074.32064
DOGEUSDT,1776454800000,2026-04-17 19:40:00,2026-04-18 04:40:00,0.10028,0.10037,0.1001,0.10015,1067587,107027.59228
DOGEUSDT,1776455100000,2026-04-17 19:45:00,2026-04-18 04:45:00,0.10014,0.10014,0.09995,0.10009,2028824,202943.66223
DOGEUSDT,1776455400000,2026-04-17 19:50:00,2026-04-18 04:50:00,0.10009,0.10011,0.09995,0.10007,1252653,125295.3602
DOGEUSDT,1776455700000,2026-04-17 19:55:00,2026-04-18 04:55:00,0.10008,0.10014,0.09996,0.09998,1682200,168281.94167
DOGEUSDT,1776456000000,2026-04-17 20:00:00,2026-04-18 05:00:00,0.09999,0.1002,0.09998,0.10015,1948786,195092.17764
DOGEUSDT,1776456300000,2026-04-17 20:05:00,2026-04-18 05:05:00,0.10016,0.10019,0.10007,0.1001,406507,40703.38144
DOGEUSDT,1776456600000,2026-04-17 20:10:00,2026-04-18 05:10:00,0.1001,0.10018,0.09994,0.10014,533682,53415.60803
DOGEUSDT,1776456900000,2026-04-17 20:15:00,2026-04-18 05:15:00,0.10014,0.10014,0.10004,0.10005,855343,85620.72389
DOGEUSDT,1776457200000,2026-04-17 20:20:00,2026-04-18 05:20:00,0.10006,0.10011,0.09988,0.10004,518080,51797.4337
DOGEUSDT,1776457500000,2026-04-17 20:25:00,2026-04-18 05:25:00,0.10004,0.10013,0.09996,0.10003,2467362,246871.71185
DOGEUSDT,1776457800000,2026-04-17 20:30:00,2026-04-18 05:30:00,0.10004,0.10007,0.09944,0.09965,5011373,499268.94784
DOGEUSDT,1776458100000,2026-04-17 20:35:00,2026-04-18 05:35:00,0.09964,0.10001,0.09958,0.1,1631400,162775.90218
DOGEUSDT,1776458400000,2026-04-17 20:40:00,2026-04-18 05:40:00,0.1,0.10008,0.09991,0.09998,1646591,164665.80778
DOGEUSDT,1776458700000,2026-04-17 20:45:00,2026-04-18 05:45:00,0.09998,0.10008,0.0999,0.10007,963784,96372.82472
DOGEUSDT,1776459000000,2026-04-17 20:50:00,2026-04-18 05:50:00,0.10007,0.10024,0.10003,0.10021,613524,61454.29677
DOGEUSDT,1776459300000,2026-04-17 20:55:00,2026-04-18 05:55:00,0.1002,0.10022,0.10012,0.10019,1266883,126915.76485
DOGEUSDT,1776459600000,2026-04-17 21:00:00,2026-04-18 06:00:00,0.10019,0.10064,0.10019,0.1005,1495415,150216.9719
DOGEUSDT,1776459900000,2026-04-17 21:05:00,2026-04-18 06:05:00,0.10049,0.10049,0.10037,0.10043,446905,44879.02069
DOGEUSDT,1776460200000,2026-04-17 21:10:00,2026-04-18 06:10:00,0.10042,0.10045,0.10027,0.10034,1880209,188719.91711
DOGEUSDT,1776460500000,2026-04-17 21:15:00,2026-04-18 06:15:00,0.10034,0.10043,0.10024,0.10035,2441246,245070.90394
DOGEUSDT,1776460800000,2026-04-17 21:20:00,2026-04-18 06:20:00,0.10035,0.10051,0.10027,0.10027,2852240,286477.10927
DOGEUSDT,1776461100000,2026-04-17 21:25:00,2026-04-18 06:25:00,0.10028,0.10036,0.1002,0.10025,1682516,168723.58984
DOGEUSDT,1776461400000,2026-04-17 21:30:00,2026-04-18 06:30:00,0.10024,0.10026,0.10007,0.10013,1450581,145307.17564
DOGEUSDT,1776461700000,2026-04-17 21:35:00,2026-04-18 06:35:00,0.10013,0.10021,0.09983,0.09985,2086857,208672.60241
DOGEUSDT,1776462000000,2026-04-17 21:40:00,2026-04-18 06:40:00,0.09985,0.10025,0.09985,0.1002,1514037,151505.30017
DOGEUSDT,1776462300000,2026-04-17 21:45:00,2026-04-18 06:45:00,0.1002,0.10028,0.10013,0.10015,1139853,114221.83896
DOGEUSDT,1776462600000,2026-04-17 21:50:00,2026-04-18 06:50:00,0.10016,0.10019,0.10011,0.10019,461728,46242.77367
DOGEUSDT,1776462900000,2026-04-17 21:55:00,2026-04-18 06:55:00,0.10018,0.10025,0.10013,0.10014,609976,61113.27431
DOGEUSDT,1776463200000,2026-04-17 22:00:00,2026-04-18 07:00:00,0.10013,0.10028,0.10001,0.10018,3820214,382609.50309
DOGEUSDT,1776463500000,2026-04-17 22:05:00,2026-04-18 07:05:00,0.10018,0.1003,0.10007,0.10021,4206335,421450.77053
DOGEUSDT,1776463800000,2026-04-17 22:10:00,2026-04-18 07:10:00,0.10021,0.10032,0.10014,0.10024,3048723,305574.28953
DOGEUSDT,1776464100000,2026-04-17 22:15:00,2026-04-18 07:15:00,0.10024,0.1003,0.1,0.10004,3267957,327266.14259
DOGEUSDT,1776464400000,2026-04-17 22:20:00,2026-04-18 07:20:00,0.10005,0.10023,0.10004,0.10012,1424515,142677.25925
DOGEUSDT,1776464700000,2026-04-17 22:25:00,2026-04-18 07:25:00,0.10013,0.10032,0.10011,0.10027,751664,75341.13528
DOGEUSDT,1776465000000,2026-04-17 22:30:00,2026-04-18 07:30:00,0.10027,0.10061,0.10019,0.10057,1414369,142004.36749
DOGEUSDT,1776465300000,2026-04-17 22:35:00,2026-04-18 07:35:00,0.10056,0.1006,0.10039,0.1004,2435156,244796.56006
DOGEUSDT,1776465600000,2026-04-17 22:40:00,2026-04-18 07:40:00,0.10041,0.1006,0.10041,0.10056,679773,68331.33184
DOGEUSDT,1776465900000,2026-04-17 22:45:00,2026-04-18 07:45:00,0.10056,0.10057,0.10049,0.10053,916225,92103.54947
DOGEUSDT,1776466200000,2026-04-17 22:50:00,2026-04-18 07:50:00,0.10053,0.10055,0.10032,0.10037,6632498,665880.82944
DOGEUSDT,1776466500000,2026-04-17 22:55:00,2026-04-18 07:55:00,0.10036,0.10042,0.10023,0.10024,2512633,252094.7752
DOGEUSDT,1776466800000,2026-04-17 23:00:00,2026-04-18 08:00:00,0.10024,0.10024,0.09997,0.09998,12098800,1210278.09418
DOGEUSDT,1776467100000,2026-04-17 23:05:00,2026-04-18 08:05:00,0.09998,0.10006,0.09997,0.09998,4308251,430849.2144
DOGEUSDT,1776467400000,2026-04-17 23:10:00,2026-04-18 08:10:00,0.09998,0.1,0.09964,0.09979,13858774,1382467.90207
DOGEUSDT,1776467700000,2026-04-17 23:15:00,2026-04-18 08:15:00,0.09978,0.09978,0.09914,0.09916,11448338,1138522.42566
DOGEUSDT,1776468000000,2026-04-17 23:20:00,2026-04-18 08:20:00,0.09916,0.09929,0.09879,0.09923,9069283,898208.17067
DOGEUSDT,1776468300000,2026-04-17 23:25:00,2026-04-18 08:25:00,0.09924,0.09951,0.09924,0.09937,2387417,237334.67241
DOGEUSDT,1776468600000,2026-04-17 23:30:00,2026-04-18 08:30:00,0.09937,0.09954,0.09933,0.09937,2774301,275831.07839
DOGEUSDT,1776468900000,2026-04-17 23:35:00,2026-04-18 08:35:00,0.09938,0.09946,0.09926,0.09927,1798108,178690.85249
DOGEUSDT,1776469200000,2026-04-17 23:40:00,2026-04-18 08:40:00,0.09928,0.09942,0.09924,0.0993,1185685,117750.80824
DOGEUSDT,1776469500000,2026-04-17 23:45:00,2026-04-18 08:45:00,0.09931,0.09949,0.09926,0.09944,1130158,112349.20857
DOGEUSDT,1776469800000,2026-04-17 23:50:00,2026-04-18 08:50:00,0.09945,0.09956,0.09941,0.09953,1099002,109339.6864
DOGEUSDT,1776470100000,2026-04-17 23:55:00,2026-04-18 08:55:00,0.09953,0.09958,0.09941,0.09941,1747233,173851.31856
DOGEUSDT,1776470400000,2026-04-18 00:00:00,2026-04-18 09:00:00,0.0994,0.09976,0.09937,0.09954,2019666,201040.54041
DOGEUSDT,1776470700000,2026-04-18 00:05:00,2026-04-18 09:05:00,0.09954,0.09956,0.09915,0.09922,2720590,270141.78492
DOGEUSDT,1776471000000,2026-04-18 00:10:00,2026-04-18 09:10:00,0.09921,0.09935,0.09917,0.09922,1024621,101685.28156
DOGEUSDT,1776471300000,2026-04-18 00:15:00,2026-04-18 09:15:00,0.09923,0.09947,0.09923,0.09941,1158161,115109.49425
DOGEUSDT,1776471600000,2026-04-18 00:20:00,2026-04-18 09:20:00,0.0994,0.09951,0.09933,0.0994,1059292,105309.66627
DOGEUSDT,1776471900000,2026-04-18 00:25:00,2026-04-18 09:25:00,0.0994,0.09954,0.09939,0.09952,853524,84901.49016
DOGEUSDT,1776472200000,2026-04-18 00:30:00,2026-04-18 09:30:00,0.09953,0.09976,0.09929,0.09937,2511153,249992.32247
DOGEUSDT,1776472500000,2026-04-18 00:35:00,2026-04-18 09:35:00,0.09937,0.09947,0.0992,0.09927,2038352,202446.5177
DOGEUSDT,1776472800000,2026-04-18 00:40:00,2026-04-18 09:40:00,0.09928,0.09938,0.09917,0.09919,609475,60522.50361
DOGEUSDT,1776473100000,2026-04-18 00:45:00,2026-04-18 09:45:00,0.09919,0.09939,0.09909,0.09938,1331914,132148.82766
DOGEUSDT,1776473400000,2026-04-18 00:50:00,2026-04-18 09:50:00,0.09939,0.09946,0.0993,0.0994,504248,50123.83536
DOGEUSDT,1776473700000,2026-04-18 00:55:00,2026-04-18 09:55:00,0.0994,0.09942,0.09915,0.09929,10281267,1020178.02573
DOGEUSDT,1776474000000,2026-04-18 01:00:00,2026-04-18 10:00:00,0.09929,0.0994,0.09917,0.09939,2788851,276852.67451
DOGEUSDT,1776474300000,2026-04-18 01:05:00,2026-04-18 10:05:00,0.0994,0.09963,0.09939,0.09956,9008398,896192.60966
DOGEUSDT,1776474600000,2026-04-18 01:10:00,2026-04-18 10:10:00,0.09957,0.09976,0.09957,0.09962,3414480,340386.93968
DOGEUSDT,1776474900000,2026-04-18 01:15:00,2026-04-18 10:15:00,0.09962,0.09968,0.09953,0.09957,1964675,195677.12407
DOGEUSDT,1776475200000,2026-04-18 01:20:00,2026-04-18 10:20:00,0.09957,0.09957,0.09944,0.09951,1494872,148736.67528
DOGEUSDT,1776475500000,2026-04-18 01:25:00,2026-04-18 10:25:00,0.09952,0.09956,0.09942,0.09947,2224910,221309.08311
DOGEUSDT,1776475800000,2026-04-18 01:30:00,2026-04-18 10:30:00,0.09946,0.09947,0.09927,0.09927,1846358,183490.70406
DOGEUSDT,1776476100000,2026-04-18 01:35:00,2026-04-18 10:35:00,0.09926,0.09928,0.09917,0.09919,1436140,142496.79755
DOGEUSDT,1776476400000,2026-04-18 01:40:00,2026-04-18 10:40:00,0.09919,0.09931,0.09914,0.09915,1869496,185542.38222
DOGEUSDT,1776476700000,2026-04-18 01:45:00,2026-04-18 10:45:00,0.09915,0.09938,0.09903,0.09905,4404660,436865.95109
DOGEUSDT,1776477000000,2026-04-18 01:50:00,2026-04-18 10:50:00,0.09904,0.09909,0.0989,0.099,1729660,171243.42847
DOGEUSDT,1776477300000,2026-04-18 01:55:00,2026-04-18 10:55:00,0.099,0.09916,0.09899,0.09915,815008,80722.84858
DOGEUSDT,1776477600000,2026-04-18 02:00:00,2026-04-18 11:00:00,0.09916,0.09917,0.09881,0.09903,4721801,467337.84554
DOGEUSDT,1776477900000,2026-04-18 02:05:00,2026-04-18 11:05:00,0.09904,0.09918,0.09894,0.09916,1655574,164036.06795
DOGEUSDT,1776478200000,2026-04-18 02:10:00,2026-04-18 11:10:00,0.09916,0.09921,0.09906,0.09921,1063329,105401.90243
DOGEUSDT,1776478500000,2026-04-18 02:15:00,2026-04-18 11:15:00,0.09921,0.09935,0.0992,0.09933,3870151,384338.11921
DOGEUSDT,1776478800000,2026-04-18 02:20:00,2026-04-18 11:20:00,0.09934,0.09956,0.09929,0.09947,2348751,233466.01499
DOGEUSDT,1776479100000,2026-04-18 02:25:00,2026-04-18 11:25:00,0.09946,0.09948,0.09936,0.09941,1286567,127893.30244
DOGEUSDT,1776479400000,2026-04-18 02:30:00,2026-04-18 11:30:00,0.0994,0.0994,0.09922,0.09931,800079,79456.8155
DOGEUSDT,1776479700000,2026-04-18 02:35:00,2026-04-18 11:35:00,0.09931,0.09952,0.09922,0.09943,1212336,120451.39719
DOGEUSDT,1776480000000,2026-04-18 02:40:00,2026-04-18 11:40:00,0.09944,0.09957,0.09937,0.0994,2188794,217755.42221
DOGEUSDT,1776480300000,2026-04-18 02:45:00,2026-04-18 11:45:00,0.09941,0.09949,0.09925,0.09927,1507714,149822.02834
DOGEUSDT,1776480600000,2026-04-18 02:50:00,2026-04-18 11:50:00,0.09927,0.09927,0.09909,0.09916,2733744,271087.69752
DOGEUSDT,1776480900000,2026-04-18 02:55:00,2026-04-18 11:55:00,0.09916,0.09922,0.09907,0.09909,6124437,607200.81506
DOGEUSDT,1776481200000,2026-04-18 03:00:00,2026-04-18 12:00:00,0.09909,0.09912,0.09895,0.09908,2262120,223998.95721
DOGEUSDT,1776481500000,2026-04-18 03:05:00,2026-04-18 12:05:00,0.09908,0.0991,0.09899,0.09907,1036557,102657.40445
DOGEUSDT,1776481800000,2026-04-18 03:10:00,2026-04-18 12:10:00,0.09906,0.09906,0.09891,0.09893,1967454,194762.13404
DOGEUSDT,1776482100000,2026-04-18 03:15:00,2026-04-18 12:15:00,0.09892,0.09907,0.09884,0.09906,2975898,294403.08571
DOGEUSDT,1776482400000,2026-04-18 03:20:00,2026-04-18 12:20:00,0.09905,0.09905,0.0989,0.09898,5788931,572820.76049
DOGEUSDT,1776482700000,2026-04-18 03:25:00,2026-04-18 12:25:00,0.09898,0.09899,0.09873,0.09876,3172126,313478.23962
DOGEUSDT,1776483000000,2026-04-18 03:30:00,2026-04-18 12:30:00,0.09876,0.0989,0.09868,0.09882,1993692,196915.60969
DOGEUSDT,1776483300000,2026-04-18 03:35:00,2026-04-18 12:35:00,0.09881,0.09883,0.09873,0.09873,1483283,146539.68949
DOGEUSDT,1776483600000,2026-04-18 03:40:00,2026-04-18 12:40:00,0.09873,0.09888,0.09873,0.09886,1870984,184833.40023
DOGEUSDT,1776483900000,2026-04-18 03:45:00,2026-04-18 12:45:00,0.09886,0.09894,0.09884,0.09891,1174101,116095.54312
DOGEUSDT,1776484200000,2026-04-18 03:50:00,2026-04-18 12:50:00,0.09892,0.09909,0.09839,0.09845,12815633,1264078.95369
DOGEUSDT,1776484500000,2026-04-18 03:55:00,2026-04-18 12:55:00,0.09845,0.09855,0.09817,0.09855,10014725,985103.20891
DOGEUSDT,1776484800000,2026-04-18 04:00:00,2026-04-18 13:00:00,0.09855,0.09868,0.09845,0.09868,3517981,346664.02151
DOGEUSDT,1776485100000,2026-04-18 04:05:00,2026-04-18 13:05:00,0.09868,0.09872,0.09854,0.09864,1460030,143980.91475
DOGEUSDT,1776485400000,2026-04-18 04:10:00,2026-04-18 13:10:00,0.09865,0.09866,0.09857,0.09858,858051,84616.65844
DOGEUSDT,1776485700000,2026-04-18 04:15:00,2026-04-18 13:15:00,0.09858,0.0986,0.09843,0.09851,2771243,272998.21192
DOGEUSDT,1776486000000,2026-04-18 04:20:00,2026-04-18 13:20:00,0.09851,0.09852,0.09835,0.09841,1258106,123818.87657
DOGEUSDT,1776486300000,2026-04-18 04:25:00,2026-04-18 13:25:00,0.0984,0.09844,0.09824,0.09833,3283664,322981.14349
DOGEUSDT,1776486600000,2026-04-18 04:30:00,2026-04-18 13:30:00,0.09833,0.09834,0.0981,0.09815,3089769,303494.26201
DOGEUSDT,1776486900000,2026-04-18 04:35:00,2026-04-18 13:35:00,0.09815,0.09838,0.0981,0.09831,2696166,264902.77141
DOGEUSDT,1776487200000,2026-04-18 04:40:00,2026-04-18 13:40:00,0.0983,0.09839,0.09817,0.09817,3331527,327441.04531
DOGEUSDT,1776487500000,2026-04-18 04:45:00,2026-04-18 13:45:00,0.09818,0.09834,0.09818,0.09831,1128278,110890.54915
DOGEUSDT,1776487800000,2026-04-18 04:50:00,2026-04-18 13:50:00,0.09831,0.09849,0.09831,0.09848,660789,65030.94528
DOGEUSDT,1776488100000,2026-04-18 04:55:00,2026-04-18 13:55:00,0.09849,0.09851,0.09837,0.09837,1386170,136466.27124
DOGEUSDT,1776488400000,2026-04-18 05:00:00,2026-04-18 14:00:00,0.09836,0.09855,0.09834,0.09853,2525434,248733.60007
DOGEUSDT,1776488700000,2026-04-18 05:05:00,2026-04-18 14:05:00,0.09853,0.09863,0.09847,0.09862,1513856,149188.97164
DOGEUSDT,1776489000000,2026-04-18 05:10:00,2026-04-18 14:10:00,0.09863,0.09872,0.09857,0.09872,2471351,243791.57419
DOGEUSDT,1776489300000,2026-04-18 05:15:00,2026-04-18 14:15:00,0.09871,0.09883,0.09867,0.09873,1558627,153938.60734
DOGEUSDT,1776489600000,2026-04-18 05:20:00,2026-04-18 14:20:00,0.09873,0.09889,0.09862,0.09879,3987680,393887.23814
DOGEUSDT,1776489900000,2026-04-18 05:25:00,2026-04-18 14:25:00,0.09879,0.09879,0.09869,0.09874,543122,53626.66487
DOGEUSDT,1776490200000,2026-04-18 05:30:00,2026-04-18 14:30:00,0.09873,0.09881,0.09865,0.0988,1479115,146012.23479
DOGEUSDT,1776490500000,2026-04-18 05:35:00,2026-04-18 14:35:00,0.0988,0.0988,0.0986,0.09871,1347200,132964.13518
DOGEUSDT,1776490800000,2026-04-18 05:40:00,2026-04-18 14:40:00,0.09871,0.09879,0.09868,0.09878,758630,74896.42804
DOGEUSDT,1776491100000,2026-04-18 05:45:00,2026-04-18 14:45:00,0.09878,0.09886,0.09876,0.09886,1156491,114273.58378
DOGEUSDT,1776491400000,2026-04-18 05:50:00,2026-04-18 14:50:00,0.09886,0.09894,0.0988,0.09887,1445876,142983.65538
DOGEUSDT,1776491700000,2026-04-18 05:55:00,2026-04-18 14:55:00,0.09888,0.09895,0.09884,0.09886,852703,84317.94666
DOGEUSDT,1776492000000,2026-04-18 06:00:00,2026-04-18 15:00:00,0.09885,0.09887,0.09867,0.09869,2071205,204558.91963
DOGEUSDT,1776492300000,2026-04-18 06:05:00,2026-04-18 15:05:00,0.0987,0.09875,0.09861,0.09873,1121689,110714.52543
DOGEUSDT,1776492600000,2026-04-18 06:10:00,2026-04-18 15:10:00,0.09873,0.09884,0.09873,0.09875,590122,58293.83201
DOGEUSDT,1776492900000,2026-04-18 06:15:00,2026-04-18 15:15:00,0.09876,0.09876,0.0986,0.09867,508220,50140.44028
DOGEUSDT,1776493200000,2026-04-18 06:20:00,2026-04-18 15:20:00,0.09867,0.09875,0.09865,0.09866,780364,77022.51451
DOGEUSDT,1776493500000,2026-04-18 06:25:00,2026-04-18 15:25:00,0.09866,0.09874,0.09852,0.09874,872415,86042.55309
DOGEUSDT,1776493800000,2026-04-18 06:30:00,2026-04-18 15:30:00,0.09873,0.09878,0.09869,0.09878,284491,28088.90537
DOGEUSDT,1776494100000,2026-04-18 06:35:00,2026-04-18 15:35:00,0.09879,0.09891,0.09874,0.09874,1200225,118612.57187
DOGEUSDT,1776494400000,2026-04-18 06:40:00,2026-04-18 15:40:00,0.09875,0.09894,0.09875,0.09894,938873,92824.85728
DOGEUSDT,1776494700000,2026-04-18 06:45:00,2026-04-18 15:45:00,0.09893,0.09896,0.09887,0.09888,1350699,133596.66176
DOGEUSDT,1776495000000,2026-04-18 06:50:00,2026-04-18 15:50:00,0.09888,0.09889,0.09883,0.09889,916112,90576.87095
DOGEUSDT,1776495300000,2026-04-18 06:55:00,2026-04-18 15:55:00,0.09888,0.09891,0.09878,0.09878,1091339,107880.41952
DOGEUSDT,1776495600000,2026-04-18 07:00:00,2026-04-18 16:00:00,0.09878,0.09885,0.09871,0.09883,1243962,122874.41757
DOGEUSDT,1776495900000,2026-04-18 07:05:00,2026-04-18 16:05:00,0.09883,0.09885,0.09874,0.09877,1411132,139418.20813
DOGEUSDT,1776496200000,2026-04-18 07:10:00,2026-04-18 16:10:00,0.09877,0.09896,0.09875,0.09889,1408726,139247.31625
DOGEUSDT,1776496500000,2026-04-18 07:15:00,2026-04-18 16:15:00,0.09889,0.09892,0.09882,0.09887,972975,96204.82014
DOGEUSDT,1776496800000,2026-04-18 07:20:00,2026-04-18 16:20:00,0.09887,0.09908,0.09887,0.09905,2026267,200574.01547
DOGEUSDT,1776497100000,2026-04-18 07:25:00,2026-04-18 16:25:00,0.09904,0.09907,0.099,0.09901,942521,93341.20994
DOGEUSDT,1776497400000,2026-04-18 07:30:00,2026-04-18 16:30:00,0.09902,0.09904,0.09896,0.09897,2686031,265923.61234
DOGEUSDT,1776497700000,2026-04-18 07:35:00,2026-04-18 16:35:00,0.09897,0.09898,0.09894,0.09895,1110142,109858.17181
DOGEUSDT,1776498000000,2026-04-18 07:40:00,2026-04-18 16:40:00,0.09896,0.09896,0.09882,0.09895,1709615,169085.26877
DOGEUSDT,1776498300000,2026-04-18 07:45:00,2026-04-18 16:45:00,0.09896,0.09897,0.09887,0.09895,967449,95700.19843
DOGEUSDT,1776498600000,2026-04-18 07:50:00,2026-04-18 16:50:00,0.09895,0.09895,0.09882,0.09888,2526189,249750.08811
DOGEUSDT,1776498900000,2026-04-18 07:55:00,2026-04-18 16:55:00,0.09888,0.09896,0.09884,0.09888,808368,79942.538
DOGEUSDT,1776499200000,2026-04-18 08:00:00,2026-04-18 17:00:00,0.09888,0.09889,0.09871,0.09882,1355779,133956.86308
DOGEUSDT,1776499500000,2026-04-18 08:05:00,2026-04-18 17:05:00,0.09883,0.09886,0.09871,0.09878,1700755,167990.22071
DOGEUSDT,1776499800000,2026-04-18 08:10:00,2026-04-18 17:10:00,0.09879,0.09879,0.09851,0.09853,5176390,510653.16099
DOGEUSDT,1776500100000,2026-04-18 08:15:00,2026-04-18 17:15:00,0.09853,0.09853,0.09761,0.0981,31772182,3112014.81929
DOGEUSDT,1776500400000,2026-04-18 08:20:00,2026-04-18 17:20:00,0.09811,0.09821,0.09772,0.09786,13140076,1287539.9313
DOGEUSDT,1776500700000,2026-04-18 08:25:00,2026-04-18 17:25:00,0.09785,0.09787,0.09768,0.09772,3759101,367553.58231
DOGEUSDT,1776501000000,2026-04-18 08:30:00,2026-04-18 17:30:00,0.09771,0.09793,0.09725,0.09733,11690105,1141154.21036
DOGEUSDT,1776501300000,2026-04-18 08:35:00,2026-04-18 17:35:00,0.09734,0.09744,0.0966,0.0971,77875531,7552570.77261
DOGEUSDT,1776501600000,2026-04-18 08:40:00,2026-04-18 17:40:00,0.0971,0.09712,0.09685,0.09693,4211525,408320.42178
DOGEUSDT,1776501900000,2026-04-18 08:45:00,2026-04-18 17:45:00,0.09693,0.09719,0.09687,0.09702,6932970,672795.37915
DOGEUSDT,1776502200000,2026-04-18 08:50:00,2026-04-18 17:50:00,0.09703,0.09706,0.09678,0.09686,8560758,829665.676
DOGEUSDT,1776502500000,2026-04-18 08:55:00,2026-04-18 17:55:00,0.09686,0.09722,0.09678,0.09708,14904205,1445542.33743
DOGEUSDT,1776502800000,2026-04-18 09:00:00,2026-04-18 18:00:00,0.09708,0.09721,0.09699,0.09717,4812700,467281.87511
DOGEUSDT,1776503100000,2026-04-18 09:05:00,2026-04-18 18:05:00,0.09718,0.09722,0.09678,0.09679,5254902,509598.76087
DOGEUSDT,1776503400000,2026-04-18 09:10:00,2026-04-18 18:10:00,0.09679,0.09714,0.09679,0.09695,3084410,299229.975
DOGEUSDT,1776503700000,2026-04-18 09:15:00,2026-04-18 18:15:00,0.09694,0.097,0.09659,0.09679,7161569,692974.88322
DOGEUSDT,1776504000000,2026-04-18 09:20:00,2026-04-18 18:20:00,0.09678,0.09681,0.09663,0.09669,2442154,236169.0791
DOGEUSDT,1776504300000,2026-04-18 09:25:00,2026-04-18 18:25:00,0.0967,0.09703,0.09663,0.09698,9782186,946967.3997
DOGEUSDT,1776504600000,2026-04-18 09:30:00,2026-04-18 18:30:00,0.09697,0.09729,0.09694,0.09722,2641827,256614.3337
DOGEUSDT,1776504900000,2026-04-18 09:35:00,2026-04-18 18:35:00,0.09722,0.09722,0.09704,0.0971,3318254,322247.50525
DOGEUSDT,1776505200000,2026-04-18 09:40:00,2026-04-18 18:40:00,0.09711,0.09721,0.09707,0.09715,1582916,153781.3856
DOGEUSDT,1776505500000,2026-04-18 09:45:00,2026-04-18 18:45:00,0.09715,0.09723,0.09706,0.09721,1779003,172840.78017
DOGEUSDT,1776505800000,2026-04-18 09:50:00,2026-04-18 18:50:00,0.09721,0.09721,0.097,0.09703,2071239,201136.92722
DOGEUSDT,1776506100000,2026-04-18 09:55:00,2026-04-18 18:55:00,0.09704,0.09713,0.097,0.09706,734072,71245.19744
DOGEUSDT,1776506400000,2026-04-18 10:00:00,2026-04-18 19:00:00,0.09706,0.09706,0.09652,0.09663,6262709,605572.97833
DOGEUSDT,1776506700000,2026-04-18 10:05:00,2026-04-18 19:05:00,0.09662,0.09683,0.09634,0.09642,13181066,1272325.44595
DOGEUSDT,1776507000000,2026-04-18 10:10:00,2026-04-18 19:10:00,0.09642,0.09664,0.0964,0.09661,5603428,540834.57719
DOGEUSDT,1776507300000,2026-04-18 10:15:00,2026-04-18 19:15:00,0.09662,0.0967,0.09657,0.09668,2952663,285330.43686
DOGEUSDT,1776507600000,2026-04-18 10:20:00,2026-04-18 19:20:00,0.09668,0.09674,0.09649,0.09664,2713326,262193.5793
DOGEUSDT,1776507900000,2026-04-18 10:25:00,2026-04-18 19:25:00,0.09665,0.09671,0.09657,0.09667,3115889,301123.23223
DOGEUSDT,1776508200000,2026-04-18 10:30:00,2026-04-18 19:30:00,0.09666,0.09673,0.09645,0.09663,4256532,411191.21717
DOGEUSDT,1776508500000,2026-04-18 10:35:00,2026-04-18 19:35:00,0.09664,0.09675,0.09659,0.09668,1400609,135375.19331
DOGEUSDT,1776508800000,2026-04-18 10:40:00,2026-04-18 19:40:00,0.09669,0.09675,0.0965,0.09651,3089421,298541.40509
DOGEUSDT,1776509100000,2026-04-18 10:45:00,2026-04-18 19:45:00,0.09651,0.09663,0.09649,0.09654,1755167,169496.96187
DOGEUSDT,1776509400000,2026-04-18 10:50:00,2026-04-18 19:50:00,0.09653,0.09654,0.09637,0.09648,2601725,251014.70267
DOGEUSDT,1776509700000,2026-04-18 10:55:00,2026-04-18 19:55:00,0.09648,0.09651,0.0964,0.0965,1324185,127725.95603
DOGEUSDT,1776510000000,2026-04-18 11:00:00,2026-04-18 20:00:00,0.0965,0.09652,0.09627,0.09638,3618106,348644.01491
DOGEUSDT,1776510300000,2026-04-18 11:05:00,2026-04-18 20:05:00,0.09639,0.09641,0.09593,0.09614,15845975,1522243.00096
DOGEUSDT,1776510600000,2026-04-18 11:10:00,2026-04-18 20:10:00,0.09614,0.09627,0.09599,0.09601,3086392,296751.75171
DOGEUSDT,1776510900000,2026-04-18 11:15:00,2026-04-18 20:15:00,0.09601,0.09621,0.09599,0.09614,2545798,244639.50102
DOGEUSDT,1776511200000,2026-04-18 11:20:00,2026-04-18 20:20:00,0.09614,0.09625,0.09612,0.09619,2153402,207118.51523
DOGEUSDT,1776511500000,2026-04-18 11:25:00,2026-04-18 20:25:00,0.0962,0.09625,0.09609,0.09622,1922457,184849.41736
DOGEUSDT,1776511800000,2026-04-18 11:30:00,2026-04-18 20:30:00,0.09621,0.0963,0.09612,0.09619,1185165,114041.13392
DOGEUSDT,1776512100000,2026-04-18 11:35:00,2026-04-18 20:35:00,0.09618,0.09618,0.09562,0.09564,5548516,532253.30368
DOGEUSDT,1776512400000,2026-04-18 11:40:00,2026-04-18 20:40:00,0.09563,0.09578,0.09555,0.09568,9368955,895839.47271
DOGEUSDT,1776512700000,2026-04-18 11:45:00,2026-04-18 20:45:00,0.09568,0.09584,0.0956,0.09573,4137969,396217.08297
DOGEUSDT,1776513000000,2026-04-18 11:50:00,2026-04-18 20:50:00,0.09574,0.09599,0.0957,0.0959,2302182,220668.69029
DOGEUSDT,1776513300000,2026-04-18 11:55:00,2026-04-18 20:55:00,0.0959,0.09613,0.09585,0.09602,2272991,218200.91429
DOGEUSDT,1776513600000,2026-04-18 12:00:00,2026-04-18 21:00:00,0.09601,0.09619,0.09591,0.09618,5980437,574475.09385
DOGEUSDT,1776513900000,2026-04-18 12:05:00,2026-04-18 21:05:00,0.09618,0.09626,0.09611,0.09616,3108495,298945.32379
DOGEUSDT,1776514200000,2026-04-18 12:10:00,2026-04-18 21:10:00,0.09616,0.09621,0.09607,0.09616,1688153,162328.35499
DOGEUSDT,1776514500000,2026-04-18 12:15:00,2026-04-18 21:15:00,0.09615,0.09621,0.09598,0.09599,2351929,225976.33032
DOGEUSDT,1776514800000,2026-04-18 12:20:00,2026-04-18 21:20:00,0.096,0.09603,0.0959,0.09593,4219632,404904.11156
DOGEUSDT,1776515100000,2026-04-18 12:25:00,2026-04-18 21:25:00,0.09593,0.09595,0.09588,0.09591,1983649,190270.21255
DOGEUSDT,1776515400000,2026-04-18 12:30:00,2026-04-18 21:30:00,0.09591,0.09601,0.09589,0.09591,3848259,369261.2154
DOGEUSDT,1776515700000,2026-04-18 12:35:00,2026-04-18 21:35:00,0.09592,0.09597,0.09571,0.09571,5204185,498863.53605
DOGEUSDT,1776516000000,2026-04-18 12:40:00,2026-04-18 21:40:00,0.09571,0.09592,0.0957,0.09592,2429103,232615.05485
DOGEUSDT,1776516300000,2026-04-18 12:45:00,2026-04-18 21:45:00,0.09592,0.09604,0.09588,0.09604,2779992,266798.21668
DOGEUSDT,1776516600000,2026-04-18 12:50:00,2026-04-18 21:50:00,0.09605,0.09612,0.09602,0.09605,1630610,156668.41497
DOGEUSDT,1776516900000,2026-04-18 12:55:00,2026-04-18 21:55:00,0.09606,0.09611,0.09598,0.09611,2522739,242313.56848
DOGEUSDT,1776517200000,2026-04-18 13:00:00,2026-04-18 22:00:00,0.09611,0.09619,0.09606,0.09611,2888008,277540.34104
DOGEUSDT,1776517500000,2026-04-18 13:05:00,2026-04-18 22:05:00,0.09611,0.09616,0.09599,0.096,1319508,126759.68382
DOGEUSDT,1776517800000,2026-04-18 13:10:00,2026-04-18 22:10:00,0.09599,0.09605,0.09591,0.09594,1421451,136406.65823
DOGEUSDT,1776518100000,2026-04-18 13:15:00,2026-04-18 22:15:00,0.09595,0.09595,0.09575,0.09584,3350111,320987.78628
DOGEUSDT,1776518400000,2026-04-18 13:20:00,2026-04-18 22:20:00,0.09584,0.09606,0.09583,0.09593,1100725,105600.57457
DOGEUSDT,1776518700000,2026-04-18 13:25:00,2026-04-18 22:25:00,0.09592,0.09595,0.09576,0.0959,3436261,329305.92568
DOGEUSDT,1776519000000,2026-04-18 13:30:00,2026-04-18 22:30:00,0.0959,0.09591,0.09572,0.09579,2152668,206322.37387
DOGEUSDT,1776519300000,2026-04-18 13:35:00,2026-04-18 22:35:00,0.0958,0.09584,0.09556,0.09556,3953778,378438.93912
DOGEUSDT,1776519600000,2026-04-18 13:40:00,2026-04-18 22:40:00,0.09556,0.09567,0.09544,0.09564,10021642,957384.79953
DOGEUSDT,1776519900000,2026-04-18 13:45:00,2026-04-18 22:45:00,0.09565,0.09586,0.0956,0.09585,1539077,147332.70963
DOGEUSDT,1776520200000,2026-04-18 13:50:00,2026-04-18 22:50:00,0.09585,0.09604,0.09585,0.096,3428333,329027.75714
DOGEUSDT,1776520500000,2026-04-18 13:55:00,2026-04-18 22:55:00,0.09601,0.09606,0.0956,0.09578,7477890,716729.69497
DOGEUSDT,1776520800000,2026-04-18 14:00:00,2026-04-18 23:00:00,0.09578,0.09591,0.09578,0.09588,3992995,382699.40191
DOGEUSDT,1776521100000,2026-04-18 14:05:00,2026-04-18 23:05:00,0.09588,0.09599,0.09584,0.09589,1413805,135582.37356
DOGEUSDT,1776521400000,2026-04-18 14:10:00,2026-04-18 23:10:00,0.0959,0.09596,0.09588,0.09595,928065,89006.06236
DOGEUSDT,1776521700000,2026-04-18 14:15:00,2026-04-18 23:15:00,0.09596,0.09598,0.09589,0.0959,2158259,207034.47308
DOGEUSDT,1776522000000,2026-04-18 14:20:00,2026-04-18 23:20:00,0.0959,0.0959,0.09553,0.09575,4057451,388452.9087
DOGEUSDT,1776522300000,2026-04-18 14:25:00,2026-04-18 23:25:00,0.09575,0.09596,0.09573,0.09594,1694322,162391.24118
DOGEUSDT,1776522600000,2026-04-18 14:30:00,2026-04-18 23:30:00,0.09593,0.09606,0.09593,0.09605,1636663,157150.90088
DOGEUSDT,1776522900000,2026-04-18 14:35:00,2026-04-18 23:35:00,0.09606,0.0961,0.09595,0.09605,2755776,264654.45079
DOGEUSDT,1776523200000,2026-04-18 14:40:00,2026-04-18 23:40:00,0.09605,0.09611,0.09598,0.096,2948811,283228.14896
DOGEUSDT,1776523500000,2026-04-18 14:45:00,2026-04-18 23:45:00,0.09601,0.09607,0.09597,0.09603,1772101,170161.96783
DOGEUSDT,1776523800000,2026-04-18 14:50:00,2026-04-18 23:50:00,0.09604,0.09614,0.09603,0.09614,1867221,179417.69675
DOGEUSDT,1776524100000,2026-04-18 14:55:00,2026-04-18 23:55:00,0.09613,0.09618,0.09607,0.09617,1312938,126216.27102
DOGEUSDT,1776524400000,2026-04-18 15:00:00,2026-04-19 00:00:00,0.09617,0.09641,0.0961,0.09632,6815528,656378.2821
DOGEUSDT,1776524700000,2026-04-18 15:05:00,2026-04-19 00:05:00,0.09633,0.09635,0.09615,0.09631,6321993,608662.83927
DOGEUSDT,1776525000000,2026-04-18 15:10:00,2026-04-19 00:10:00,0.09632,0.09632,0.09588,0.09612,11467587,1101899.0767
DOGEUSDT,1776525300000,2026-04-18 15:15:00,2026-04-19 00:15:00,0.09612,0.09616,0.09604,0.09606,1172792,112703.49526
DOGEUSDT,1776525600000,2026-04-18 15:20:00,2026-04-19 00:20:00,0.09607,0.09619,0.09602,0.09618,968997,93106.28697
DOGEUSDT,1776525900000,2026-04-18 15:25:00,2026-04-19 00:25:00,0.09619,0.09624,0.09613,0.09619,462972,44535.24924
DOGEUSDT,1776526200000,2026-04-18 15:30:00,2026-04-19 00:30:00,0.09618,0.09626,0.09616,0.09626,827404,79602.32958
DOGEUSDT,1776526500000,2026-04-18 15:35:00,2026-04-19 00:35:00,0.09626,0.09627,0.0961,0.09613,1409238,135509.27457
DOGEUSDT,1776526800000,2026-04-18 15:40:00,2026-04-19 00:40:00,0.09614,0.09616,0.09597,0.09598,1653970,158882.17198
DOGEUSDT,1776527100000,2026-04-18 15:45:00,2026-04-19 00:45:00,0.09598,0.09606,0.09596,0.09602,877947,84302.04608
DOGEUSDT,1776527400000,2026-04-18 15:50:00,2026-04-19 00:50:00,0.09601,0.09604,0.09582,0.09597,7755324,743741.87507
DOGEUSDT,1776527700000,2026-04-18 15:55:00,2026-04-19 00:55:00,0.09597,0.09605,0.09594,0.09599,763831,73324.71123
DOGEUSDT,1776528000000,2026-04-18 16:00:00,2026-04-19 01:00:00,0.09599,0.09599,0.09578,0.09585,1768263,169528.585
DOGEUSDT,1776528300000,2026-04-18 16:05:00,2026-04-19 01:05:00,0.09586,0.09596,0.09586,0.09596,1207883,115839.60648
DOGEUSDT,1776528600000,2026-04-18 16:10:00,2026-04-19 01:10:00,0.09595,0.09618,0.09595,0.09612,4481879,430741.04522
DOGEUSDT,1776528900000,2026-04-18 16:15:00,2026-04-19 01:15:00,0.09612,0.09612,0.0955,0.09587,14737002,1411321.25093
DOGEUSDT,1776529200000,2026-04-18 16:20:00,2026-04-19 01:20:00,0.09586,0.09617,0.0958,0.096,5157524,495093.09062
DOGEUSDT,1776529500000,2026-04-18 16:25:00,2026-04-19 01:25:00,0.096,0.09607,0.09595,0.09595,1457956,139964.57121
DOGEUSDT,1776529800000,2026-04-18 16:30:00,2026-04-19 01:30:00,0.09596,0.09601,0.09572,0.09578,1702975,163222.1367
DOGEUSDT,1776530100000,2026-04-18 16:35:00,2026-04-19 01:35:00,0.09579,0.09589,0.09579,0.09581,592294,56768.99202
DOGEUSDT,1776530400000,2026-04-18 16:40:00,2026-04-19 01:40:00,0.09581,0.09585,0.09575,0.09579,702404,67304.51666
DOGEUSDT,1776530700000,2026-04-18 16:45:00,2026-04-19 01:45:00,0.0958,0.09588,0.09566,0.09567,2840909,272070.34656
DOGEUSDT,1776531000000,2026-04-18 16:50:00,2026-04-19 01:50:00,0.09566,0.09566,0.09548,0.0955,4651818,444460.14646
DOGEUSDT,1776531300000,2026-04-18 16:55:00,2026-04-19 01:55:00,0.0955,0.09565,0.0955,0.09564,2476428,236670.65062
DOGEUSDT,1776531600000,2026-04-18 17:00:00,2026-04-19 02:00:00,0.09563,0.0957,0.09552,0.09564,1260233,120491.35567
DOGEUSDT,1776531900000,2026-04-18 17:05:00,2026-04-19 02:05:00,0.09565,0.09565,0.09528,0.09555,3438815,328134.13495
DOGEUSDT,1776532200000,2026-04-18 17:10:00,2026-04-19 02:10:00,0.09554,0.09563,0.09524,0.09544,5144894,491328.05478
DOGEUSDT,1776532500000,2026-04-18 17:15:00,2026-04-19 02:15:00,0.09545,0.09559,0.09544,0.09557,967407,92394.55478
DOGEUSDT,1776532800000,2026-04-18 17:20:00,2026-04-19 02:20:00,0.09556,0.09557,0.09539,0.09549,637116,60842.98048
DOGEUSDT,1776533100000,2026-04-18 17:25:00,2026-04-19 02:25:00,0.0955,0.09561,0.09544,0.0956,680409,65009.44758
DOGEUSDT,1776533400000,2026-04-18 17:30:00,2026-04-19 02:30:00,0.09561,0.09569,0.09559,0.09562,1267289,121231.0498
DOGEUSDT,1776533700000,2026-04-18 17:35:00,2026-04-19 02:35:00,0.09562,0.09571,0.09562,0.09567,1042855,99773.18229
DOGEUSDT,1776534000000,2026-04-18 17:40:00,2026-04-19 02:40:00,0.09566,0.09567,0.09557,0.09562,900066,86064.1677
DOGEUSDT,1776534300000,2026-04-18 17:45:00,2026-04-19 02:45:00,0.09562,0.09565,0.09558,0.09565,481085,46004.55288
DOGEUSDT,1776534600000,2026-04-18 17:50:00,2026-04-19 02:50:00,0.09564,0.09565,0.09556,0.09558,555222,53073.67503
DOGEUSDT,1776534900000,2026-04-18 17:55:00,2026-04-19 02:55:00,0.09559,0.09559,0.0954,0.09542,959252,91600.32857
DOGEUSDT,1776535200000,2026-04-18 18:00:00,2026-04-19 03:00:00,0.09542,0.09553,0.09528,0.09553,1351579,128920.89905
DOGEUSDT,1776535500000,2026-04-18 18:05:00,2026-04-19 03:05:00,0.09553,0.09554,0.09541,0.09551,1166630,111394.04857
DOGEUSDT,1776535800000,2026-04-18 18:10:00,2026-04-19 03:10:00,0.09552,0.09552,0.09537,0.09539,454068,43338.85182
DOGEUSDT,1776536100000,2026-04-18 18:15:00,2026-04-19 03:15:00,0.09538,0.09538,0.09513,0.09518,2916039,277675.99107
DOGEUSDT,1776536400000,2026-04-18 18:20:00,2026-04-19 03:20:00,0.09517,0.09521,0.09492,0.09502,9566503,909013.06295
DOGEUSDT,1776536700000,2026-04-18 18:25:00,2026-04-19 03:25:00,0.09501,0.09508,0.09488,0.09495,4028622,382699.13765
DOGEUSDT,1776537000000,2026-04-18 18:30:00,2026-04-19 03:30:00,0.09495,0.09498,0.0941,0.09456,23080414,2182576.39349
DOGEUSDT,1776537300000,2026-04-18 18:35:00,2026-04-19 03:35:00,0.09455,0.0946,0.09434,0.09439,4473107,422433.22017
DOGEUSDT,1776537600000,2026-04-18 18:40:00,2026-04-19 03:40:00,0.09439,0.09472,0.09433,0.09471,6577206,621630.29726
DOGEUSDT,1776537900000,2026-04-18 18:45:00,2026-04-19 03:45:00,0.09471,0.09492,0.09464,0.09474,4510691,427519.75317
DOGEUSDT,1776538200000,2026-04-18 18:50:00,2026-04-19 03:50:00,0.09473,0.09476,0.09453,0.09454,3132447,296515.65548
DOGEUSDT,1776538500000,2026-04-18 18:55:00,2026-04-19 03:55:00,0.09455,0.09459,0.09438,0.09451,3782046,357349.79505
DOGEUSDT,1776538800000,2026-04-18 19:00:00,2026-04-19 04:00:00,0.09451,0.09484,0.09448,0.09478,3461135,327855.22799
DOGEUSDT,1776539100000,2026-04-18 19:05:00,2026-04-19 04:05:00,0.09477,0.09501,0.09474,0.09493,2134196,202509.59974
DOGEUSDT,1776539400000,2026-04-18 19:10:00,2026-04-19 04:10:00,0.09494,0.09506,0.0949,0.09506,2259411,214612.05488
DOGEUSDT,1776539700000,2026-04-18 19:15:00,2026-04-19 04:15:00,0.09507,0.09508,0.09501,0.09501,629233,59813.55332
DOGEUSDT,1776540000000,2026-04-18 19:20:00,2026-04-19 04:20:00,0.095,0.09501,0.09476,0.09482,2415865,229361.52576
DOGEUSDT,1776540300000,2026-04-18 19:25:00,2026-04-19 04:25:00,0.09482,0.09491,0.09482,0.0949,927787,88017.7443
DOGEUSDT,1776540600000,2026-04-18 19:30:00,2026-04-19 04:30:00,0.0949,0.09492,0.09467,0.09472,2727199,258694.08317
DOGEUSDT,1776540900000,2026-04-18 19:35:00,2026-04-19 04:35:00,0.09472,0.0948,0.09463,0.09468,1776217,168227.93439
DOGEUSDT,1776541200000,2026-04-18 19:40:00,2026-04-19 04:40:00,0.09469,0.09476,0.09468,0.0947,631652,59834.17868
DOGEUSDT,1776541500000,2026-04-18 19:45:00,2026-04-19 04:45:00,0.0947,0.09478,0.09467,0.09475,568838,53875.9189
DOGEUSDT,1776541800000,2026-04-18 19:50:00,2026-04-19 04:50:00,0.09475,0.09483,0.09473,0.09478,1796241,170269.14132
DOGEUSDT,1776542100000,2026-04-18 19:55:00,2026-04-19 04:55:00,0.09478,0.09491,0.09478,0.0948,993408,94203.65321
DOGEUSDT,1776542400000,2026-04-18 20:00:00,2026-04-19 05:00:00,0.09479,0.09483,0.09462,0.09464,2579124,244325.88053
DOGEUSDT,1776542700000,2026-04-18 20:05:00,2026-04-19 05:05:00,0.09464,0.09477,0.09462,0.09474,1762536,166886.59323
DOGEUSDT,1776543000000,2026-04-18 20:10:00,2026-04-19 05:10:00,0.09474,0.09478,0.09471,0.09474,513000,48597.94097
DOGEUSDT,1776543300000,2026-04-18 20:15:00,2026-04-19 05:15:00,0.09475,0.09486,0.0947,0.09471,918655,87071.02371
DOGEUSDT,1776543600000,2026-04-18 20:20:00,2026-04-19 05:20:00,0.09471,0.09474,0.09461,0.09464,1022070,96765.29644
DOGEUSDT,1776543900000,2026-04-18 20:25:00,2026-04-19 05:25:00,0.09464,0.09467,0.09462,0.09465,181319,17159.99311
DOGEUSDT,1776544200000,2026-04-18 20:30:00,2026-04-19 05:30:00,0.09466,0.09479,0.09466,0.09477,565539,53575.65876
DOGEUSDT,1776544500000,2026-04-18 20:35:00,2026-04-19 05:35:00,0.09478,0.09483,0.0947,0.09483,631242,59830.25234
DOGEUSDT,1776544800000,2026-04-18 20:40:00,2026-04-19 05:40:00,0.09484,0.09496,0.0948,0.09495,1093658,103753.09222
DOGEUSDT,1776545100000,2026-04-18 20:45:00,2026-04-19 05:45:00,0.09495,0.09519,0.09495,0.09507,5021094,477337.29951
DOGEUSDT,1776545400000,2026-04-18 20:50:00,2026-04-19 05:50:00,0.09507,0.09517,0.09505,0.09514,1227213,116729.67144
DOGEUSDT,1776545700000,2026-04-18 20:55:00,2026-04-19 05:55:00,0.09513,0.09516,0.09496,0.09501,1558405,148150.42537
DOGEUSDT,1776546000000,2026-04-18 21:00:00,2026-04-19 06:00:00,0.09501,0.09517,0.095,0.09502,1647049,156599.09923
DOGEUSDT,1776546300000,2026-04-18 21:05:00,2026-04-19 06:05:00,0.09503,0.09503,0.09488,0.09498,2050989,194741.10471
DOGEUSDT,1776546600000,2026-04-18 21:10:00,2026-04-19 06:10:00,0.09499,0.09499,0.09481,0.09498,2197366,208570.21563
DOGEUSDT,1776546900000,2026-04-18 21:15:00,2026-04-19 06:15:00,0.09498,0.09503,0.09494,0.09495,469915,44630.71533
DOGEUSDT,1776547200000,2026-04-18 21:20:00,2026-04-19 06:20:00,0.09494,0.09498,0.0949,0.09496,642163,60967.28015
DOGEUSDT,1776547500000,2026-04-18 21:25:00,2026-04-19 06:25:00,0.09495,0.09515,0.09494,0.09514,1175626,111749.08022
DOGEUSDT,1776547800000,2026-04-18 21:30:00,2026-04-19 06:30:00,0.09513,0.09514,0.09508,0.09509,650843,61907.1453
DOGEUSDT,1776548100000,2026-04-18 21:35:00,2026-04-19 06:35:00,0.0951,0.09515,0.09508,0.0951,1436630,136644.10836
DOGEUSDT,1776548400000,2026-04-18 21:40:00,2026-04-19 06:40:00,0.09509,0.09522,0.09507,0.09518,1114597,106036.46469
DOGEUSDT,1776548700000,2026-04-18 21:45:00,2026-04-19 06:45:00,0.09517,0.09525,0.09516,0.09518,1305854,124326.61722
DOGEUSDT,1776549000000,2026-04-18 21:50:00,2026-04-19 06:50:00,0.09517,0.09525,0.09516,0.09525,700473,66680.35585
DOGEUSDT,1776549300000,2026-04-18 21:55:00,2026-04-19 06:55:00,0.09525,0.09537,0.09522,0.09523,1298790,123763.3011
DOGEUSDT,1776549600000,2026-04-18 22:00:00,2026-04-19 07:00:00,0.09523,0.09527,0.09496,0.09497,3857152,366985.58889
DOGEUSDT,1776549900000,2026-04-18 22:05:00,2026-04-19 07:05:00,0.09497,0.09501,0.0949,0.09495,3594585,341285.0663
DOGEUSDT,1776550200000,2026-04-18 22:10:00,2026-04-19 07:10:00,0.09494,0.09498,0.09486,0.09489,2163913,205373.7224
DOGEUSDT,1776550500000,2026-04-18 22:15:00,2026-04-19 07:15:00,0.0949,0.09502,0.09489,0.09496,818204,77706.08883
DOGEUSDT,1776550800000,2026-04-18 22:20:00,2026-04-19 07:20:00,0.09496,0.09504,0.09492,0.09504,1955194,185704.49872
DOGEUSDT,1776551100000,2026-04-18 22:25:00,2026-04-19 07:25:00,0.09504,0.09507,0.09501,0.09505,608426,57827.64409
DOGEUSDT,1776551400000,2026-04-18 22:30:00,2026-04-19 07:30:00,0.09506,0.09516,0.09506,0.09516,663038,63060.69577
DOGEUSDT,1776551700000,2026-04-18 22:35:00,2026-04-19 07:35:00,0.09516,0.09521,0.09508,0.09509,1031793,98204.15985
DOGEUSDT,1776552000000,2026-04-18 22:40:00,2026-04-19 07:40:00,0.09509,0.09509,0.09499,0.09508,1175201,111696.90586
DOGEUSDT,1776552300000,2026-04-18 22:45:00,2026-04-19 07:45:00,0.09509,0.09521,0.09508,0.09517,4557976,433638.05943
DOGEUSDT,1776552600000,2026-04-18 22:50:00,2026-04-19 07:50:00,0.09516,0.09518,0.0951,0.09515,734047,69825.90173
DOGEUSDT,1776552900000,2026-04-18 22:55:00,2026-04-19 07:55:00,0.09514,0.09516,0.09511,0.09514,610437,58073.00712
DOGEUSDT,1776553200000,2026-04-18 23:00:00,2026-04-19 08:00:00,0.09513,0.09515,0.09506,0.09509,1603608,152516.69681
DOGEUSDT,1776553500000,2026-04-18 23:05:00,2026-04-19 08:05:00,0.09509,0.09526,0.09502,0.09513,3417975,325120.83666
DOGEUSDT,1776553800000,2026-04-18 23:10:00,2026-04-19 08:10:00,0.09513,0.09513,0.09504,0.09505,655981,62381.69615
DOGEUSDT,1776554100000,2026-04-18 23:15:00,2026-04-19 08:15:00,0.09506,0.0951,0.09501,0.09501,449407,42718.71482
DOGEUSDT,1776554400000,2026-04-18 23:20:00,2026-04-19 08:20:00,0.09502,0.09503,0.09496,0.09501,920925,87481.41095
DOGEUSDT,1776554700000,2026-04-18 23:25:00,2026-04-19 08:25:00,0.09501,0.09502,0.09495,0.09496,891529,84683.85544
DOGEUSDT,1776555000000,2026-04-18 23:30:00,2026-04-19 08:30:00,0.09496,0.09497,0.09488,0.09493,1533453,145581.36365
DOGEUSDT,1776555300000,2026-04-18 23:35:00,2026-04-19 08:35:00,0.09494,0.09494,0.09485,0.09488,4273147,405443.64426
DOGEUSDT,1776555600000,2026-04-18 23:40:00,2026-04-19 08:40:00,0.09488,0.095,0.09488,0.09494,1666945,158282.55896
DOGEUSDT,1776555900000,2026-04-18 23:45:00,2026-04-19 08:45:00,0.09494,0.09501,0.09494,0.09499,543759,51647.56981
DOGEUSDT,1776556200000,2026-04-18 23:50:00,2026-04-19 08:50:00,0.09499,0.09499,0.09487,0.0949,1821100,172851.15231
DOGEUSDT,1776556500000,2026-04-18 23:55:00,2026-04-19 08:55:00,0.0949,0.09491,0.09472,0.09479,4271205,404958.50073
DOGEUSDT,1776556800000,2026-04-19 00:00:00,2026-04-19 09:00:00,0.0948,0.0949,0.09475,0.09483,2543405,241194.05019
DOGEUSDT,1776557100000,2026-04-19 00:05:00,2026-04-19 09:05:00,0.09483,0.09502,0.09483,0.09498,2100105,199388.40826
DOGEUSDT,1776557400000,2026-04-19 00:10:00,2026-04-19 09:10:00,0.09498,0.09499,0.09488,0.09495,1221683,115978.36826
DOGEUSDT,1776557700000,2026-04-19 00:15:00,2026-04-19 09:15:00,0.09494,0.09494,0.09467,0.09483,1352992,128232.44063
DOGEUSDT,1776558000000,2026-04-19 00:20:00,2026-04-19 09:20:00,0.09484,0.09485,0.09462,0.09479,1345056,127412.62796
DOGEUSDT,1776558300000,2026-04-19 00:25:00,2026-04-19 09:25:00,0.0948,0.09483,0.09471,0.0948,406076,38485.14533
DOGEUSDT,1776558600000,2026-04-19 00:30:00,2026-04-19 09:30:00,0.0948,0.09495,0.09477,0.09482,2256702,214113.55771
DOGEUSDT,1776558900000,2026-04-19 00:35:00,2026-04-19 09:35:00,0.09481,0.09482,0.09474,0.09478,821974,77897.89513
DOGEUSDT,1776559200000,2026-04-19 00:40:00,2026-04-19 09:40:00,0.09479,0.09487,0.09479,0.09487,629206,59675.19686
DOGEUSDT,1776559500000,2026-04-19 00:45:00,2026-04-19 09:45:00,0.09487,0.09499,0.09484,0.09497,2189420,207802.45776
DOGEUSDT,1776559800000,2026-04-19 00:50:00,2026-04-19 09:50:00,0.09496,0.09498,0.09488,0.0949,556995,52871.35828
DOGEUSDT,1776560100000,2026-04-19 00:55:00,2026-04-19 09:55:00,0.0949,0.0949,0.09479,0.09485,1097569,104105.70272
DOGEUSDT,1776560400000,2026-04-19 01:00:00,2026-04-19 10:00:00,0.09486,0.0951,0.09486,0.095,1152402,109453.66795
DOGEUSDT,1776560700000,2026-04-19 01:05:00,2026-04-19 10:05:00,0.095,0.09507,0.09492,0.09492,1126748,107036.91572
DOGEUSDT,1776561000000,2026-04-19 01:10:00,2026-04-19 10:10:00,0.09491,0.09498,0.09488,0.09497,1397854,132701.68587
DOGEUSDT,1776561300000,2026-04-19 01:15:00,2026-04-19 10:15:00,0.09498,0.09499,0.09485,0.09487,4734198,449290.18052
DOGEUSDT,1776561600000,2026-04-19 01:20:00,2026-04-19 10:20:00,0.09486,0.09486,0.09477,0.09477,1267533,120179.88977
DOGEUSDT,1776561900000,2026-04-19 01:25:00,2026-04-19 10:25:00,0.09477,0.0948,0.09473,0.09475,811356,76891.20529
DOGEUSDT,1776562200000,2026-04-19 01:30:00,2026-04-19 10:30:00,0.09476,0.09485,0.09465,0.09483,2429247,230181.76043
DOGEUSDT,1776562500000,2026-04-19 01:35:00,2026-04-19 10:35:00,0.09483,0.09486,0.09474,0.09476,641841,60842.99778
DOGEUSDT,1776562800000,2026-04-19 01:40:00,2026-04-19 10:40:00,0.09477,0.09484,0.09476,0.09476,1749189,165830.57461
DOGEUSDT,1776563100000,2026-04-19 01:45:00,2026-04-19 10:45:00,0.09477,0.09493,0.09477,0.09489,3048611,289285.01832
DOGEUSDT,1776563400000,2026-04-19 01:50:00,2026-04-19 10:50:00,0.09489,0.09495,0.09483,0.09494,1187664,112665.46918
DOGEUSDT,1776563700000,2026-04-19 01:55:00,2026-04-19 10:55:00,0.09495,0.09502,0.09494,0.09501,2563601,243497.91866
DOGEUSDT,1776564000000,2026-04-19 02:00:00,2026-04-19 11:00:00,0.095,0.095,0.0948,0.09488,2663366,252798.82107
DOGEUSDT,1776564300000,2026-04-19 02:05:00,2026-04-19 11:05:00,0.09488,0.09496,0.09487,0.09495,688043,65321.05482
DOGEUSDT,1776564600000,2026-04-19 02:10:00,2026-04-19 11:10:00,0.09494,0.095,0.09494,0.095,805001,76452.25063
DOGEUSDT,1776564900000,2026-04-19 02:15:00,2026-04-19 11:15:00,0.095,0.09504,0.09488,0.09493,1849125,175554.42848
DOGEUSDT,1776565200000,2026-04-19 02:20:00,2026-04-19 11:20:00,0.09493,0.09494,0.09444,0.09448,3761761,355930.31367
DOGEUSDT,1776565500000,2026-04-19 02:25:00,2026-04-19 11:25:00,0.09448,0.09457,0.09436,0.09445,6017848,568542.28472
DOGEUSDT,1776565800000,2026-04-19 02:30:00,2026-04-19 11:30:00,0.09445,0.09463,0.09439,0.09452,3177870,300417.20218
DOGEUSDT,1776566100000,2026-04-19 02:35:00,2026-04-19 11:35:00,0.09451,0.09464,0.0945,0.09459,2049934,193827.29142
DOGEUSDT,1776566400000,2026-04-19 02:40:00,2026-04-19 11:40:00,0.0946,0.09503,0.0946,0.09498,5154704,489043.59812
DOGEUSDT,1776566700000,2026-04-19 02:45:00,2026-04-19 11:45:00,0.09498,0.095,0.09482,0.09483,3781772,359032.35592
DOGEUSDT,1776567000000,2026-04-19 02:50:00,2026-04-19 11:50:00,0.09484,0.09491,0.09474,0.0948,7064945,669989.26917
DOGEUSDT,1776567300000,2026-04-19 02:55:00,2026-04-19 11:55:00,0.0948,0.09489,0.09475,0.09475,1020082,96728.84227
DOGEUSDT,1776567600000,2026-04-19 03:00:00,2026-04-19 12:00:00,0.09475,0.09487,0.09461,0.09469,3323727,314931.9725
DOGEUSDT,1776567900000,2026-04-19 03:05:00,2026-04-19 12:05:00,0.09469,0.0947,0.09446,0.09457,2249887,212699.69602
DOGEUSDT,1776568200000,2026-04-19 03:10:00,2026-04-19 12:10:00,0.09458,0.09486,0.09458,0.09486,1213886,114944.74368
DOGEUSDT,1776568500000,2026-04-19 03:15:00,2026-04-19 12:15:00,0.09486,0.09493,0.0948,0.09482,1626433,154289.27088
DOGEUSDT,1776568800000,2026-04-19 03:20:00,2026-04-19 12:20:00,0.09481,0.09489,0.0947,0.09479,494158,46847.23034
DOGEUSDT,1776569100000,2026-04-19 03:25:00,2026-04-19 12:25:00,0.09479,0.09481,0.09469,0.09479,1396842,132373.34328
DOGEUSDT,1776569400000,2026-04-19 03:30:00,2026-04-19 12:30:00,0.09479,0.0948,0.09465,0.0948,1617104,153182.79428
DOGEUSDT,1776569700000,2026-04-19 03:35:00,2026-04-19 12:35:00,0.0948,0.09489,0.0948,0.09487,1287953,122155.32968
DOGEUSDT,1776570000000,2026-04-19 03:40:00,2026-04-19 12:40:00,0.09487,0.09497,0.09485,0.09496,924275,87725.80621
DOGEUSDT,1776570300000,2026-04-19 03:45:00,2026-04-19 12:45:00,0.09496,0.09507,0.09494,0.09501,2162520,205442.57845
DOGEUSDT,1776570600000,2026-04-19 03:50:00,2026-04-19 12:50:00,0.09502,0.09503,0.09489,0.09491,1573487,149405.58471
DOGEUSDT,1776570900000,2026-04-19 03:55:00,2026-04-19 12:55:00,0.09491,0.09492,0.09474,0.09476,2141870,203180.80485
DOGEUSDT,1776571200000,2026-04-19 04:00:00,2026-04-19 13:00:00,0.09476,0.09477,0.09464,0.09471,1030828,97613.17541
DOGEUSDT,1776571500000,2026-04-19 04:05:00,2026-04-19 13:05:00,0.09471,0.09479,0.09465,0.09465,1681885,159314.77574
DOGEUSDT,1776571800000,2026-04-19 04:10:00,2026-04-19 13:10:00,0.09464,0.0948,0.09464,0.09476,2654526,251517.84101
DOGEUSDT,1776572100000,2026-04-19 04:15:00,2026-04-19 13:15:00,0.09475,0.09484,0.09473,0.09475,2413883,228754.94516
DOGEUSDT,1776572400000,2026-04-19 04:20:00,2026-04-19 13:20:00,0.09474,0.09478,0.09471,0.09475,1049635,99456.04498
DOGEUSDT,1776572700000,2026-04-19 04:25:00,2026-04-19 13:25:00,0.09475,0.09477,0.09468,0.09473,2006950,190112.63654
DOGEUSDT,1776573000000,2026-04-19 04:30:00,2026-04-19 13:30:00,0.09474,0.09475,0.09442,0.09449,4738245,447975.13004
DOGEUSDT,1776573300000,2026-04-19 04:35:00,2026-04-19 13:35:00,0.09449,0.09454,0.09442,0.09447,1188242,112267.4136
DOGEUSDT,1776573600000,2026-04-19 04:40:00,2026-04-19 13:40:00,0.09446,0.09446,0.09412,0.09437,11566465,1090377.3288
DOGEUSDT,1776573900000,2026-04-19 04:45:00,2026-04-19 13:45:00,0.09437,0.09451,0.09433,0.09449,1585726,149724.03818
DOGEUSDT,1776574200000,2026-04-19 04:50:00,2026-04-19 13:50:00,0.09449,0.09467,0.09448,0.09457,1299515,122886.79562
DOGEUSDT,1776574500000,2026-04-19 04:55:00,2026-04-19 13:55:00,0.09457,0.09463,0.09454,0.09462,863337,81642.85843
DOGEUSDT,1776574800000,2026-04-19 05:00:00,2026-04-19 14:00:00,0.09462,0.09478,0.09455,0.09465,4551763,430889.59345
DOGEUSDT,1776575100000,2026-04-19 05:05:00,2026-04-19 14:05:00,0.09465,0.0947,0.09463,0.09468,2167791,205224.6818
DOGEUSDT,1776575400000,2026-04-19 05:10:00,2026-04-19 14:10:00,0.09469,0.09483,0.09469,0.09475,2293818,217394.98008
DOGEUSDT,1776575700000,2026-04-19 05:15:00,2026-04-19 14:15:00,0.09474,0.0948,0.09466,0.09475,1442183,136627.8252
DOGEUSDT,1776576000000,2026-04-19 05:20:00,2026-04-19 14:20:00,0.09474,0.09486,0.09474,0.09485,482240,45705.85209
DOGEUSDT,1776576300000,2026-04-19 05:25:00,2026-04-19 14:25:00,0.09486,0.09489,0.0948,0.09488,1121406,106369.16033
DOGEUSDT,1776576600000,2026-04-19 05:30:00,2026-04-19 14:30:00,0.09488,0.09511,0.09484,0.09508,9333526,886817.73978
DOGEUSDT,1776576900000,2026-04-19 05:35:00,2026-04-19 14:35:00,0.09508,0.09522,0.09505,0.09508,2246596,213733.62186
DOGEUSDT,1776577200000,2026-04-19 05:40:00,2026-04-19 14:40:00,0.09508,0.09508,0.09491,0.09494,788557,74904.3198
DOGEUSDT,1776577500000,2026-04-19 05:45:00,2026-04-19 14:45:00,0.09495,0.09501,0.09488,0.09495,2866420,272145.07624
DOGEUSDT,1776577800000,2026-04-19 05:50:00,2026-04-19 14:50:00,0.09495,0.09496,0.09486,0.09486,784198,74419.02476
DOGEUSDT,1776578100000,2026-04-19 05:55:00,2026-04-19 14:55:00,0.09485,0.09487,0.0948,0.09483,915340,86798.13905
DOGEUSDT,1776578400000,2026-04-19 06:00:00,2026-04-19 15:00:00,0.09483,0.09484,0.09469,0.0947,3073953,291313.30876
DOGEUSDT,1776578700000,2026-04-19 06:05:00,2026-04-19 15:05:00,0.0947,0.09481,0.09467,0.09473,1869824,177127.05181
DOGEUSDT,1776579000000,2026-04-19 06:10:00,2026-04-19 15:10:00,0.09473,0.0948,0.09459,0.09462,1881982,178178.49115
DOGEUSDT,1776579300000,2026-04-19 06:15:00,2026-04-19 15:15:00,0.09462,0.09471,0.0945,0.09467,3291602,311450.48443
DOGEUSDT,1776579600000,2026-04-19 06:20:00,2026-04-19 15:20:00,0.09466,0.09479,0.09464,0.09476,2041950,193447.67741
DOGEUSDT,1776579900000,2026-04-19 06:25:00,2026-04-19 15:25:00,0.09477,0.0948,0.0946,0.09461,1244093,117812.79793
DOGEUSDT,1776580200000,2026-04-19 06:30:00,2026-04-19 15:30:00,0.09462,0.0948,0.09461,0.0948,1329756,125956.15782
DOGEUSDT,1776580500000,2026-04-19 06:35:00,2026-04-19 15:35:00,0.09479,0.09498,0.09479,0.09491,3445473,326812.0743
DOGEUSDT,1776580800000,2026-04-19 06:40:00,2026-04-19 15:40:00,0.0949,0.09505,0.09487,0.09504,2904870,275874.06632
DOGEUSDT,1776581100000,2026-04-19 06:45:00,2026-04-19 15:45:00,0.09504,0.09505,0.09488,0.09495,1197466,113725.54495
DOGEUSDT,1776581400000,2026-04-19 06:50:00,2026-04-19 15:50:00,0.09495,0.095,0.09486,0.09488,1186710,112655.12187
DOGEUSDT,1776581700000,2026-04-19 06:55:00,2026-04-19 15:55:00,0.09487,0.09497,0.09486,0.09488,1698008,161122.018
DOGEUSDT,1776582000000,2026-04-19 07:00:00,2026-04-19 16:00:00,0.09487,0.09488,0.09475,0.09478,2038459,193285.77297
DOGEUSDT,1776582300000,2026-04-19 07:05:00,2026-04-19 16:05:00,0.09479,0.09481,0.0946,0.09463,843918,79892.09664
DOGEUSDT,1776582600000,2026-04-19 07:10:00,2026-04-19 16:10:00,0.09463,0.09469,0.09442,0.09442,2120825,200512.89443
DOGEUSDT,1776582900000,2026-04-19 07:15:00,2026-04-19 16:15:00,0.09442,0.09443,0.0941,0.0942,5783879,544861.94564
DOGEUSDT,1776583200000,2026-04-19 07:20:00,2026-04-19 16:20:00,0.09421,0.09421,0.0935,0.09375,27018848,2534990.49276
DOGEUSDT,1776583500000,2026-04-19 07:25:00,2026-04-19 16:25:00,0.09374,0.09378,0.09358,0.09369,7529823,705232.29882
DOGEUSDT,1776583800000,2026-04-19 07:30:00,2026-04-19 16:30:00,0.0937,0.09397,0.09368,0.09388,4410380,413599.5221
DOGEUSDT,1776584100000,2026-04-19 07:35:00,2026-04-19 16:35:00,0.09388,0.09396,0.09376,0.09384,6791716,637621.73062
DOGEUSDT,1776584400000,2026-04-19 07:40:00,2026-04-19 16:40:00,0.09384,0.09427,0.09382,0.0941,7109595,669138.15664
DOGEUSDT,1776584700000,2026-04-19 07:45:00,2026-04-19 16:45:00,0.0941,0.09412,0.09403,0.09404,911827,85782.42432
DOGEUSDT,1776585000000,2026-04-19 07:50:00,2026-04-19 16:50:00,0.09405,0.09419,0.094,0.09413,2794437,262966.69097
DOGEUSDT,1776585300000,2026-04-19 07:55:00,2026-04-19 16:55:00,0.09413,0.09423,0.0941,0.09414,1199598,112994.42358
DOGEUSDT,1776585600000,2026-04-19 08:00:00,2026-04-19 17:00:00,0.09413,0.09428,0.09404,0.09413,1952430,183867.20934
DOGEUSDT,1776585900000,2026-04-19 08:05:00,2026-04-19 17:05:00,0.09412,0.09422,0.09408,0.0941,1123896,105808.57046
DOGEUSDT,1776586200000,2026-04-19 08:10:00,2026-04-19 17:10:00,0.0941,0.09421,0.09405,0.09415,3758073,353770.73964
DOGEUSDT,1776586500000,2026-04-19 08:15:00,2026-04-19 17:15:00,0.09416,0.09425,0.09411,0.09421,1452517,136782.54829
DOGEUSDT,1776586800000,2026-04-19 08:20:00,2026-04-19 17:20:00,0.0942,0.09423,0.09413,0.09413,596075,56134.58755
DOGEUSDT,1776587100000,2026-04-19 08:25:00,2026-04-19 17:25:00,0.09413,0.09417,0.094,0.09401,2966164,279142.09616
DOGEUSDT,1776587400000,2026-04-19 08:30:00,2026-04-19 17:30:00,0.09402,0.09416,0.09391,0.09416,3828929,359926.56259
DOGEUSDT,1776587700000,2026-04-19 08:35:00,2026-04-19 17:35:00,0.09416,0.09426,0.0941,0.0941,3856783,363191.05334
DOGEUSDT,1776588000000,2026-04-19 08:40:00,2026-04-19 17:40:00,0.0941,0.09421,0.09408,0.09414,2081384,195932.99261
DOGEUSDT,1776588300000,2026-04-19 08:45:00,2026-04-19 17:45:00,0.09415,0.0942,0.09404,0.09413,3585301,337408.26653
DOGEUSDT,1776588600000,2026-04-19 08:50:00,2026-04-19 17:50:00,0.09413,0.09418,0.09404,0.09412,1227036,115503.47074
DOGEUSDT,1776588900000,2026-04-19 08:55:00,2026-04-19 17:55:00,0.09411,0.09415,0.09407,0.09411,1034996,97393.79102
DOGEUSDT,1776589200000,2026-04-19 09:00:00,2026-04-19 18:00:00,0.0941,0.09414,0.09391,0.09399,3223099,303109.66593
DOGEUSDT,1776589500000,2026-04-19 09:05:00,2026-04-19 18:05:00,0.09399,0.09402,0.09392,0.09395,2612011,245453.66723
DOGEUSDT,1776589800000,2026-04-19 09:10:00,2026-04-19 18:10:00,0.09396,0.09398,0.09381,0.09391,1152534,108197.01834
DOGEUSDT,1776590100000,2026-04-19 09:15:00,2026-04-19 18:15:00,0.09391,0.09394,0.09362,0.09377,6407910,600788.05539
DOGEUSDT,1776590400000,2026-04-19 09:20:00,2026-04-19 18:20:00,0.09377,0.09379,0.09361,0.0937,1391229,130341.9838
DOGEUSDT,1776590700000,2026-04-19 09:25:00,2026-04-19 18:25:00,0.09369,0.09383,0.09356,0.09376,2684337,251502.87937
DOGEUSDT,1776591000000,2026-04-19 09:30:00,2026-04-19 18:30:00,0.09375,0.09389,0.09375,0.09377,1251344,117423.02525
DOGEUSDT,1776591300000,2026-04-19 09:35:00,2026-04-19 18:35:00,0.09377,0.09383,0.09368,0.09368,1058947,99310.18013
DOGEUSDT,1776591600000,2026-04-19 09:40:00,2026-04-19 18:40:00,0.09367,0.09374,0.09366,0.09366,760117,71227.81045
DOGEUSDT,1776591900000,2026-04-19 09:45:00,2026-04-19 18:45:00,0.09366,0.09373,0.09352,0.09365,3086192,288919.32557
DOGEUSDT,1776592200000,2026-04-19 09:50:00,2026-04-19 18:50:00,0.09364,0.09381,0.09363,0.0938,1638878,153572.5285
DOGEUSDT,1776592500000,2026-04-19 09:55:00,2026-04-19 18:55:00,0.09379,0.09381,0.09371,0.09373,396529,37172.40305
DOGEUSDT,1776592800000,2026-04-19 10:00:00,2026-04-19 19:00:00,0.09373,0.09373,0.09344,0.09365,4200829,393147.28559
DOGEUSDT,1776593100000,2026-04-19 10:05:00,2026-04-19 19:05:00,0.09364,0.09365,0.09355,0.09363,407259,38111.19068
DOGEUSDT,1776593400000,2026-04-19 10:10:00,2026-04-19 19:10:00,0.09362,0.09377,0.0936,0.09369,1405863,131780.11831
DOGEUSDT,1776593700000,2026-04-19 10:15:00,2026-04-19 19:15:00,0.09368,0.09369,0.09363,0.09365,1471296,137787.40514
DOGEUSDT,1776594000000,2026-04-19 10:20:00,2026-04-19 19:20:00,0.09366,0.09382,0.09362,0.09367,2296088,215241.68709
DOGEUSDT,1776594300000,2026-04-19 10:25:00,2026-04-19 19:25:00,0.09367,0.09375,0.09367,0.09371,1552378,145477.09338
DOGEUSDT,1776594600000,2026-04-19 10:30:00,2026-04-19 19:30:00,0.09371,0.09376,0.09369,0.09373,449752,42152.67391
DOGEUSDT,1776594900000,2026-04-19 10:35:00,2026-04-19 19:35:00,0.09373,0.09381,0.09372,0.09376,939320,88080.17197
DOGEUSDT,1776595200000,2026-04-19 10:40:00,2026-04-19 19:40:00,0.09376,0.0938,0.09373,0.09379,786172,73709.71512
DOGEUSDT,1776595500000,2026-04-19 10:45:00,2026-04-19 19:45:00,0.09379,0.09382,0.09371,0.0938,548978,51484.67466
DOGEUSDT,1776595800000,2026-04-19 10:50:00,2026-04-19 19:50:00,0.0938,0.09392,0.09378,0.0938,2224708,208784.2631
DOGEUSDT,1776596100000,2026-04-19 10:55:00,2026-04-19 19:55:00,0.09381,0.09392,0.09379,0.09391,11686680,1097115.58122
DOGEUSDT,1776596400000,2026-04-19 11:00:00,2026-04-19 20:00:00,0.09391,0.094,0.09386,0.09395,3561600,334508.18675
DOGEUSDT,1776596700000,2026-04-19 11:05:00,2026-04-19 20:05:00,0.09395,0.09474,0.09392,0.09472,23886567,2253742.42526
DOGEUSDT,1776597000000,2026-04-19 11:10:00,2026-04-19 20:10:00,0.09472,0.09472,0.09442,0.09459,8050075,761334.24465
DOGEUSDT,1776597300000,2026-04-19 11:15:00,2026-04-19 20:15:00,0.0946,0.09481,0.09448,0.09451,5954182,563734.02207
DOGEUSDT,1776597600000,2026-04-19 11:20:00,2026-04-19 20:20:00,0.09451,0.09473,0.09444,0.09468,3607405,341222.45573
DOGEUSDT,1776597900000,2026-04-19 11:25:00,2026-04-19 20:25:00,0.09469,0.09495,0.09449,0.09455,12161811,1152245.02094
DOGEUSDT,1776598200000,2026-04-19 11:30:00,2026-04-19 20:30:00,0.09455,0.09466,0.09448,0.09448,2187116,206841.64726
DOGEUSDT,1776598500000,2026-04-19 11:35:00,2026-04-19 20:35:00,0.09449,0.09457,0.0944,0.09444,1685399,159211.70521
DOGEUSDT,1776598800000,2026-04-19 11:40:00,2026-04-19 20:40:00,0.09445,0.09466,0.09437,0.0945,4759277,449794.58408
DOGEUSDT,1776599100000,2026-04-19 11:45:00,2026-04-19 20:45:00,0.09451,0.09456,0.09443,0.09456,4277259,404226.86941
DOGEUSDT,1776599400000,2026-04-19 11:50:00,2026-04-19 20:50:00,0.09455,0.09467,0.09455,0.09456,2893199,273670.53844
DOGEUSDT,1776599700000,2026-04-19 11:55:00,2026-04-19 20:55:00,0.09456,0.09462,0.09453,0.09453,1585672,149936.75085
DOGEUSDT,1776600000000,2026-04-19 12:00:00,2026-04-19 21:00:00,0.09453,0.09465,0.09447,0.09463,4179465,395234.30154
DOGEUSDT,1776600300000,2026-04-19 12:05:00,2026-04-19 21:05:00,0.09463,0.0949,0.09457,0.0949,5952097,563911.19037
DOGEUSDT,1776600600000,2026-04-19 12:10:00,2026-04-19 21:10:00,0.0949,0.09504,0.09477,0.09496,9891804,938710.40787
DOGEUSDT,1776600900000,2026-04-19 12:15:00,2026-04-19 21:15:00,0.09497,0.09503,0.09484,0.09495,3911016,371351.87697
DOGEUSDT,1776601200000,2026-04-19 12:20:00,2026-04-19 21:20:00,0.09496,0.09527,0.09494,0.09509,10857575,1032391.6089
DOGEUSDT,1776601500000,2026-04-19 12:25:00,2026-04-19 21:25:00,0.09508,0.09516,0.09499,0.09499,2662935,253135.2463
DOGEUSDT,1776601800000,2026-04-19 12:30:00,2026-04-19 21:30:00,0.09499,0.09502,0.09486,0.09499,3193120,303162.56579
DOGEUSDT,1776602100000,2026-04-19 12:35:00,2026-04-19 21:35:00,0.09499,0.09499,0.09473,0.09476,3810211,361219.15307
DOGEUSDT,1776602400000,2026-04-19 12:40:00,2026-04-19 21:40:00,0.09475,0.09483,0.0947,0.09473,2501834,237050.35194
DOGEUSDT,1776602700000,2026-04-19 12:45:00,2026-04-19 21:45:00,0.09474,0.09474,0.09464,0.09468,888157,84109.38018
DOGEUSDT,1776603000000,2026-04-19 12:50:00,2026-04-19 21:50:00,0.09468,0.09471,0.09463,0.09468,1148907,108768.4961
DOGEUSDT,1776603300000,2026-04-19 12:55:00,2026-04-19 21:55:00,0.09468,0.09479,0.09451,0.09454,5727407,542236.69476
DOGEUSDT,1776603600000,2026-04-19 13:00:00,2026-04-19 22:00:00,0.09454,0.09466,0.09449,0.09458,6993821,661290.06755
DOGEUSDT,1776603900000,2026-04-19 13:05:00,2026-04-19 22:05:00,0.09457,0.09476,0.09453,0.0946,2837148,268544.00709
DOGEUSDT,1776604200000,2026-04-19 13:10:00,2026-04-19 22:10:00,0.0946,0.09494,0.09447,0.09484,12118703,1148546.55334
DOGEUSDT,1776604500000,2026-04-19 13:15:00,2026-04-19 22:15:00,0.09484,0.09525,0.09475,0.09517,12395863,1177669.27958
DOGEUSDT,1776604800000,2026-04-19 13:20:00,2026-04-19 22:20:00,0.09517,0.09643,0.09512,0.09553,54994025,5274959.89747
DOGEUSDT,1776605100000,2026-04-19 13:25:00,2026-04-19 22:25:00,0.09552,0.0958,0.09533,0.09545,8936806,854175.01631
DOGEUSDT,1776605400000,2026-04-19 13:30:00,2026-04-19 22:30:00,0.09545,0.09561,0.09528,0.09543,9919908,946645.28376
DOGEUSDT,1776605700000,2026-04-19 13:35:00,2026-04-19 22:35:00,0.09543,0.09545,0.09514,0.0953,5677545,540936.98557
DOGEUSDT,1776606000000,2026-04-19 13:40:00,2026-04-19 22:40:00,0.0953,0.0953,0.09503,0.09519,10458689,994870.22564
DOGEUSDT,1776606300000,2026-04-19 13:45:00,2026-04-19 22:45:00,0.09519,0.09532,0.09475,0.09527,13744157,1306445.03811
DOGEUSDT,1776606600000,2026-04-19 13:50:00,2026-04-19 22:50:00,0.09527,0.09532,0.09524,0.09525,3405902,324509.19529
DOGEUSDT,1776606900000,2026-04-19 13:55:00,2026-04-19 22:55:00,0.09526,0.09536,0.09522,0.09534,1546162,147349.12219
DOGEUSDT,1776607200000,2026-04-19 14:00:00,2026-04-19 23:00:00,0.09535,0.09553,0.09498,0.09511,7479982,712750.7391
DOGEUSDT,1776607500000,2026-04-19 14:05:00,2026-04-19 23:05:00,0.0951,0.0951,0.09484,0.09491,4865067,461928.8741
DOGEUSDT,1776607800000,2026-04-19 14:10:00,2026-04-19 23:10:00,0.0949,0.09502,0.09488,0.09499,1156798,109833.52443
DOGEUSDT,1776608100000,2026-04-19 14:15:00,2026-04-19 23:15:00,0.09498,0.09511,0.09484,0.09501,2233232,212026.56952
DOGEUSDT,1776608400000,2026-04-19 14:20:00,2026-04-19 23:20:00,0.09501,0.09502,0.09486,0.09495,5878156,558043.8755
DOGEUSDT,1776608700000,2026-04-19 14:25:00,2026-04-19 23:25:00,0.09495,0.09553,0.09492,0.09542,20315174,1934371.243
DOGEUSDT,1776609000000,2026-04-19 14:30:00,2026-04-19 23:30:00,0.09543,0.09551,0.09519,0.09531,2517001,239891.81684
DOGEUSDT,1776609300000,2026-04-19 14:35:00,2026-04-19 23:35:00,0.09532,0.09546,0.09529,0.09543,3914830,373307.16347
DOGEUSDT,1776609600000,2026-04-19 14:40:00,2026-04-19 23:40:00,0.09544,0.09569,0.09544,0.09567,3861258,369039.60759
DOGEUSDT,1776609900000,2026-04-19 14:45:00,2026-04-19 23:45:00,0.09566,0.09612,0.09562,0.09603,6007377,576211.7725
DOGEUSDT,1776610200000,2026-04-19 14:50:00,2026-04-19 23:50:00,0.09604,0.09619,0.09543,0.09543,15609319,1496029.66684
DOGEUSDT,1776610500000,2026-04-19 14:55:00,2026-04-19 23:55:00,0.09543,0.09554,0.09535,0.09536,8586358,819402.20238
DOGEUSDT,1776610800000,2026-04-19 15:00:00,2026-04-20 00:00:00,0.09535,0.09535,0.09501,0.09524,13325102,1268008.40059
DOGEUSDT,1776611100000,2026-04-19 15:05:00,2026-04-20 00:05:00,0.09523,0.09536,0.0949,0.09522,11893000,1132018.78916
DOGEUSDT,1776611400000,2026-04-19 15:10:00,2026-04-20 00:10:00,0.09522,0.09531,0.09511,0.09515,4733597,450687.43995
DOGEUSDT,1776611700000,2026-04-19 15:15:00,2026-04-20 00:15:00,0.09515,0.09556,0.09511,0.09556,3914328,373404.49556
DOGEUSDT,1776612000000,2026-04-19 15:20:00,2026-04-20 00:20:00,0.09555,0.09555,0.09498,0.09533,5568067,530356.47884
DOGEUSDT,1776612300000,2026-04-19 15:25:00,2026-04-20 00:25:00,0.09534,0.09538,0.09517,0.09518,3878710,369503.15726
DOGEUSDT,1776612600000,2026-04-19 15:30:00,2026-04-20 00:30:00,0.09518,0.09524,0.09477,0.09482,9146192,868616.43947
DOGEUSDT,1776612900000,2026-04-19 15:35:00,2026-04-20 00:35:00,0.09482,0.09485,0.09425,0.09477,12883145,1218127.12208
DOGEUSDT,1776613200000,2026-04-19 15:40:00,2026-04-20 00:40:00,0.09476,0.09479,0.09463,0.09471,1974158,187014.22167
DOGEUSDT,1776613500000,2026-04-19 15:45:00,2026-04-20 00:45:00,0.09471,0.09492,0.09465,0.09484,2876661,272683.65244
DOGEUSDT,1776613800000,2026-04-19 15:50:00,2026-04-20 00:50:00,0.09485,0.09529,0.0947,0.09517,8366399,794864.79819
DOGEUSDT,1776614100000,2026-04-19 15:55:00,2026-04-20 00:55:00,0.09517,0.09561,0.0951,0.09559,7295411,695973.16083
DOGEUSDT,1776614400000,2026-04-19 16:00:00,2026-04-20 01:00:00,0.09559,0.09569,0.09536,0.09552,8954813,855702.33296
DOGEUSDT,1776614700000,2026-04-19 16:05:00,2026-04-20 01:05:00,0.09551,0.09556,0.09526,0.09532,3869603,369291.457
DOGEUSDT,1776615000000,2026-04-19 16:10:00,2026-04-20 01:10:00,0.09531,0.09543,0.09503,0.09506,5333943,507482.47355
DOGEUSDT,1776615300000,2026-04-19 16:15:00,2026-04-20 01:15:00,0.09505,0.09518,0.09489,0.09491,4906455,466493.43273
DOGEUSDT,1776615600000,2026-04-19 16:20:00,2026-04-20 01:20:00,0.09492,0.09499,0.09465,0.09483,8063962,764440.14542
DOGEUSDT,1776615900000,2026-04-19 16:25:00,2026-04-20 01:25:00,0.09483,0.09514,0.09461,0.09474,6568525,622855.95014
DOGEUSDT,1776616200000,2026-04-19 16:30:00,2026-04-20 01:30:00,0.09474,0.09485,0.09461,0.0948,2593002,245598.52957
DOGEUSDT,1776616500000,2026-04-19 16:35:00,2026-04-20 01:35:00,0.0948,0.09492,0.09471,0.09483,2015017,191023.02389
DOGEUSDT,1776616800000,2026-04-19 16:40:00,2026-04-20 01:40:00,0.09482,0.09491,0.0947,0.09485,1910581,181127.54701
DOGEUSDT,1776617100000,2026-04-19 16:45:00,2026-04-20 01:45:00,0.09485,0.09499,0.09482,0.09497,1228568,116602.67835
DOGEUSDT,1776617400000,2026-04-19 16:50:00,2026-04-20 01:50:00,0.09496,0.09498,0.09438,0.09443,6914192,653699.97664
DOGEUSDT,1776617700000,2026-04-19 16:55:00,2026-04-20 01:55:00,0.09444,0.0947,0.09428,0.09457,6857556,647892.92525
DOGEUSDT,1776618000000,2026-04-19 17:00:00,2026-04-20 02:00:00,0.09457,0.09469,0.09433,0.09435,4672369,441501.90916
DOGEUSDT,1776618300000,2026-04-19 17:05:00,2026-04-20 02:05:00,0.09436,0.0944,0.094,0.09423,6546883,616773.32809
DOGEUSDT,1776618600000,2026-04-19 17:10:00,2026-04-20 02:10:00,0.09423,0.09443,0.09415,0.09443,4534089,427687.19467
DOGEUSDT,1776618900000,2026-04-19 17:15:00,2026-04-20 02:15:00,0.09444,0.09455,0.09427,0.0945,1446996,136624.32554
DOGEUSDT,1776619200000,2026-04-19 17:20:00,2026-04-20 02:20:00,0.09451,0.09467,0.09435,0.09435,2751682,260131.36768
DOGEUSDT,1776619500000,2026-04-19 17:25:00,2026-04-20 02:25:00,0.09435,0.09446,0.09428,0.09445,2143239,202276.8593
DOGEUSDT,1776619800000,2026-04-19 17:30:00,2026-04-20 02:30:00,0.09445,0.09458,0.0941,0.09415,1593850,150403.90851
DOGEUSDT,1776620100000,2026-04-19 17:35:00,2026-04-20 02:35:00,0.09415,0.09437,0.09408,0.09435,2879488,271289.28436
DOGEUSDT,1776620400000,2026-04-19 17:40:00,2026-04-20 02:40:00,0.09435,0.09437,0.09415,0.09427,1506892,142029.89556
DOGEUSDT,1776620700000,2026-04-19 17:45:00,2026-04-20 02:45:00,0.09428,0.0944,0.09409,0.09409,2223829,209533.76842
DOGEUSDT,1776621000000,2026-04-19 17:50:00,2026-04-20 02:50:00,0.0941,0.09423,0.09373,0.0941,17068730,1603447.31005
DOGEUSDT,1776621300000,2026-04-19 17:55:00,2026-04-20 02:55:00,0.09409,0.09419,0.09403,0.09407,1120479,105433.17006
DOGEUSDT,1776621600000,2026-04-19 18:00:00,2026-04-20 03:00:00,0.09407,0.09428,0.09389,0.09394,3577403,336311.94866
DOGEUSDT,1776621900000,2026-04-19 18:05:00,2026-04-20 03:05:00,0.09394,0.09426,0.0939,0.09425,4215234,396436.08456
DOGEUSDT,1776622200000,2026-04-19 18:10:00,2026-04-20 03:10:00,0.09425,0.0943,0.09414,0.09425,2322027,218765.93635
DOGEUSDT,1776622500000,2026-04-19 18:15:00,2026-04-20 03:15:00,0.09425,0.09432,0.09417,0.09419,1459859,137559.78201
DOGEUSDT,1776622800000,2026-04-19 18:20:00,2026-04-20 03:20:00,0.09418,0.09428,0.09413,0.09415,1427182,134455.81428
DOGEUSDT,1776623100000,2026-04-19 18:25:00,2026-04-20 03:25:00,0.09416,0.0944,0.09406,0.09428,3871134,364800.18038
DOGEUSDT,1776623400000,2026-04-19 18:30:00,2026-04-20 03:30:00,0.09428,0.09428,0.09405,0.0941,1313568,123712.35953
DOGEUSDT,1776623700000,2026-04-19 18:35:00,2026-04-20 03:35:00,0.0941,0.09427,0.09408,0.09426,653344,61520.20887
DOGEUSDT,1776624000000,2026-04-19 18:40:00,2026-04-20 03:40:00,0.09426,0.09426,0.09413,0.09417,1392579,131149.79147
DOGEUSDT,1776624300000,2026-04-19 18:45:00,2026-04-20 03:45:00,0.09416,0.09426,0.09397,0.09426,1016615,95617.91562
DOGEUSDT,1776624600000,2026-04-19 18:50:00,2026-04-20 03:50:00,0.09426,0.09429,0.09411,0.09416,381186,35911.43789
DOGEUSDT,1776624900000,2026-04-19 18:55:00,2026-04-20 03:55:00,0.09416,0.09419,0.09412,0.09415,231021,21752.1524
DOGEUSDT,1776625200000,2026-04-19 19:00:00,2026-04-20 04:00:00,0.09415,0.09437,0.09411,0.09422,2119959,199749.03095
DOGEUSDT,1776625500000,2026-04-19 19:05:00,2026-04-20 04:05:00,0.09422,0.09448,0.09422,0.09444,1469567,138671.5786
DOGEUSDT,1776625800000,2026-04-19 19:10:00,2026-04-20 04:10:00,0.09444,0.09452,0.09437,0.09443,1904432,179866.37848
DOGEUSDT,1776626100000,2026-04-19 19:15:00,2026-04-20 04:15:00,0.09444,0.09449,0.09435,0.09447,1395665,131806.75457
DOGEUSDT,1776626400000,2026-04-19 19:20:00,2026-04-20 04:20:00,0.09447,0.09452,0.09431,0.09432,1853867,175074.2443
DOGEUSDT,1776626700000,2026-04-19 19:25:00,2026-04-20 04:25:00,0.09431,0.09447,0.09423,0.09442,1254251,118337.59583
DOGEUSDT,1776627000000,2026-04-19 19:30:00,2026-04-20 04:30:00,0.09442,0.09458,0.09438,0.09442,692108,65376.87021
DOGEUSDT,1776627300000,2026-04-19 19:35:00,2026-04-20 04:35:00,0.09441,0.09446,0.09437,0.09446,1325846,125196.36063
DOGEUSDT,1776627600000,2026-04-19 19:40:00,2026-04-20 04:40:00,0.09445,0.09446,0.09429,0.09431,939943,88680.39652
DOGEUSDT,1776627900000,2026-04-19 19:45:00,2026-04-20 04:45:00,0.0943,0.09442,0.0943,0.09439,384909,36330.28889
DOGEUSDT,1776628200000,2026-04-19 19:50:00,2026-04-20 04:50:00,0.09438,0.09448,0.09437,0.09444,369171,34865.24371
DOGEUSDT,1776628500000,2026-04-19 19:55:00,2026-04-20 04:55:00,0.09443,0.09454,0.09439,0.0945,1238163,117007.16846
DOGEUSDT,1776628800000,2026-04-19 20:00:00,2026-04-20 05:00:00,0.09449,0.0945,0.0942,0.09425,3095615,291831.24727
DOGEUSDT,1776629100000,2026-04-19 20:05:00,2026-04-20 05:05:00,0.09424,0.09438,0.09417,0.0943,972149,91641.50822
DOGEUSDT,1776629400000,2026-04-19 20:10:00,2026-04-20 05:10:00,0.0943,0.0944,0.09424,0.09439,2343133,221053.02474
DOGEUSDT,1776629700000,2026-04-19 20:15:00,2026-04-20 05:15:00,0.09438,0.09438,0.09417,0.09418,2032585,191523.97513
DOGEUSDT,1776630000000,2026-04-19 20:20:00,2026-04-20 05:20:00,0.09418,0.09425,0.09408,0.09411,2226563,209665.26656
DOGEUSDT,1776630300000,2026-04-19 20:25:00,2026-04-20 05:25:00,0.09411,0.09425,0.09408,0.09423,262343,24699.06433
DOGEUSDT,1776630600000,2026-04-19 20:30:00,2026-04-20 05:30:00,0.09422,0.09438,0.09418,0.09436,1195771,112695.03757
DOGEUSDT,1776630900000,2026-04-19 20:35:00,2026-04-20 05:35:00,0.09435,0.09437,0.0942,0.0942,236929,22340.27992
DOGEUSDT,1776631200000,2026-04-19 20:40:00,2026-04-20 05:40:00,0.0942,0.0942,0.09374,0.09384,4675061,439184.1993
DOGEUSDT,1776631500000,2026-04-19 20:45:00,2026-04-20 05:45:00,0.09384,0.094,0.09369,0.09388,2033005,190738.68584
DOGEUSDT,1776631800000,2026-04-19 20:50:00,2026-04-20 05:50:00,0.09388,0.09415,0.09382,0.09411,2706294,254378.87108
DOGEUSDT,1776632100000,2026-04-19 20:55:00,2026-04-20 05:55:00,0.0941,0.09415,0.09406,0.09406,504181,47444.96799
DOGEUSDT,1776632400000,2026-04-19 21:00:00,2026-04-20 06:00:00,0.09405,0.09405,0.09388,0.09392,1931320,181527.06277
DOGEUSDT,1776632700000,2026-04-19 21:05:00,2026-04-20 06:05:00,0.09393,0.09414,0.09393,0.09414,298203,28034.71753
DOGEUSDT,1776633000000,2026-04-19 21:10:00,2026-04-20 06:10:00,0.09414,0.09416,0.09401,0.09409,599118,56374.98734
DOGEUSDT,1776633300000,2026-04-19 21:15:00,2026-04-20 06:15:00,0.09409,0.0941,0.09394,0.09404,1623056,152612.28608
DOGEUSDT,1776633600000,2026-04-19 21:20:00,2026-04-20 06:20:00,0.09404,0.09421,0.09404,0.09415,1070409,100716.25596
DOGEUSDT,1776633900000,2026-04-19 21:25:00,2026-04-20 06:25:00,0.09415,0.09426,0.09412,0.09418,2060219,194046.99669
DOGEUSDT,1776634200000,2026-04-19 21:30:00,2026-04-20 06:30:00,0.09418,0.0943,0.09415,0.09419,289657,27293.57737
DOGEUSDT,1776634500000,2026-04-19 21:35:00,2026-04-20 06:35:00,0.0942,0.09436,0.0942,0.09432,848637,80019.73666
DOGEUSDT,1776634800000,2026-04-19 21:40:00,2026-04-20 06:40:00,0.09433,0.09435,0.09428,0.09428,601390,56721.93109
DOGEUSDT,1776635100000,2026-04-19 21:45:00,2026-04-20 06:45:00,0.09428,0.09435,0.09415,0.09415,174397,16438.87312
DOGEUSDT,1776635400000,2026-04-19 21:50:00,2026-04-20 06:50:00,0.09416,0.09417,0.09387,0.09388,1184253,111397.74379
DOGEUSDT,1776635700000,2026-04-19 21:55:00,2026-04-20 06:55:00,0.09387,0.09395,0.09379,0.09384,769764,72260.63648
DOGEUSDT,1776636000000,2026-04-19 22:00:00,2026-04-20 07:00:00,0.09383,0.09383,0.09273,0.09315,69927912,6512131.33828
DOGEUSDT,1776636300000,2026-04-19 22:05:00,2026-04-20 07:05:00,0.09316,0.09353,0.0931,0.09344,5744344,536304.47975
DOGEUSDT,1776636600000,2026-04-19 22:10:00,2026-04-20 07:10:00,0.09345,0.09348,0.09313,0.09319,4216831,393332.78435
DOGEUSDT,1776636900000,2026-04-19 22:15:00,2026-04-20 07:15:00,0.09319,0.09319,0.0928,0.09305,4735059,440137.33046
DOGEUSDT,1776637200000,2026-04-19 22:20:00,2026-04-20 07:20:00,0.09306,0.09306,0.0926,0.09287,12944871,1200826.02985
DOGEUSDT,1776637500000,2026-04-19 22:25:00,2026-04-20 07:25:00,0.09288,0.09306,0.0927,0.09297,3800785,353122.21529
DOGEUSDT,1776637800000,2026-04-19 22:30:00,2026-04-20 07:30:00,0.09296,0.09327,0.09291,0.09311,3406350,317077.87611
DOGEUSDT,1776638100000,2026-04-19 22:35:00,2026-04-20 07:35:00,0.09311,0.09329,0.09311,0.09324,2202814,205321.69373
DOGEUSDT,1776638400000,2026-04-19 22:40:00,2026-04-20 07:40:00,0.09325,0.0933,0.09317,0.09325,1497294,139606.33444
DOGEUSDT,1776638700000,2026-04-19 22:45:00,2026-04-20 07:45:00,0.09325,0.09331,0.09318,0.09323,692395,64560.07827
DOGEUSDT,1776639000000,2026-04-19 22:50:00,2026-04-20 07:50:00,0.09322,0.09335,0.09317,0.09317,2006212,187136.73611
DOGEUSDT,1776639300000,2026-04-19 22:55:00,2026-04-20 07:55:00,0.09318,0.09326,0.0931,0.09311,1671438,155727.76635
DOGEUSDT,1776639600000,2026-04-19 23:00:00,2026-04-20 08:00:00,0.0931,0.0931,0.09255,0.09272,4526499,419741.83247
DOGEUSDT,1776639900000,2026-04-19 23:05:00,2026-04-20 08:05:00,0.09271,0.09281,0.09268,0.0928,1359124,126017.33508
DOGEUSDT,1776640200000,2026-04-19 23:10:00,2026-04-20 08:10:00,0.0928,0.09292,0.09276,0.09289,1379778,128081.13842
DOGEUSDT,1776640500000,2026-04-19 23:15:00,2026-04-20 08:15:00,0.09289,0.09295,0.09262,0.09288,2357844,218810.93654
DOGEUSDT,1776640800000,2026-04-19 23:20:00,2026-04-20 08:20:00,0.09287,0.09288,0.09274,0.09281,996374,92493.99346
DOGEUSDT,1776641100000,2026-04-19 23:25:00,2026-04-20 08:25:00,0.0928,0.09293,0.09276,0.09291,1260067,116997.92837
DOGEUSDT,1776641400000,2026-04-19 23:30:00,2026-04-20 08:30:00,0.09292,0.09304,0.09286,0.0929,1092279,101541.24255
DOGEUSDT,1776641700000,2026-04-19 23:35:00,2026-04-20 08:35:00,0.09291,0.09303,0.09284,0.09298,1689927,157043.57617
DOGEUSDT,1776642000000,2026-04-19 23:40:00,2026-04-20 08:40:00,0.09299,0.09306,0.09291,0.09299,5825926,541717.26179
DOGEUSDT,1776642300000,2026-04-19 23:45:00,2026-04-20 08:45:00,0.093,0.09305,0.09297,0.093,1445128,134415.50143
DOGEUSDT,1776642600000,2026-04-19 23:50:00,2026-04-20 08:50:00,0.093,0.0931,0.09298,0.09308,1502912,139864.53972
DOGEUSDT,1776642900000,2026-04-19 23:55:00,2026-04-20 08:55:00,0.09308,0.09308,0.093,0.09302,761805,70879.83894
DOGEUSDT,1776643200000,2026-04-20 00:00:00,2026-04-20 09:00:00,0.09303,0.09345,0.0929,0.09329,3028441,282106.86461
DOGEUSDT,1776643500000,2026-04-20 00:05:00,2026-04-20 09:05:00,0.09329,0.0934,0.09312,0.09337,3799692,354473.26016
DOGEUSDT,1776643800000,2026-04-20 00:10:00,2026-04-20 09:10:00,0.09337,0.09347,0.09322,0.09322,3142731,293351.83456
DOGEUSDT,1776644100000,2026-04-20 00:15:00,2026-04-20 09:15:00,0.09322,0.09351,0.09322,0.0934,1634870,152738.0855
DOGEUSDT,1776644400000,2026-04-20 00:20:00,2026-04-20 09:20:00,0.0934,0.09367,0.09335,0.09366,2037583,190622.69163
DOGEUSDT,1776644700000,2026-04-20 00:25:00,2026-04-20 09:25:00,0.09366,0.09384,0.0936,0.09382,3105290,291008.20103
DOGEUSDT,1776645000000,2026-04-20 00:30:00,2026-04-20 09:30:00,0.09382,0.0941,0.09371,0.09384,19692762,1850831.34827
DOGEUSDT,1776645300000,2026-04-20 00:35:00,2026-04-20 09:35:00,0.09384,0.09385,0.09375,0.09378,923692,86644.27898
DOGEUSDT,1776645600000,2026-04-20 00:40:00,2026-04-20 09:40:00,0.09378,0.0939,0.09378,0.09384,992944,93174.6776
DOGEUSDT,1776645900000,2026-04-20 00:45:00,2026-04-20 09:45:00,0.09383,0.0939,0.09374,0.0939,1449138,135929.34281
DOGEUSDT,1776646200000,2026-04-20 00:50:00,2026-04-20 09:50:00,0.0939,0.09398,0.09387,0.09393,866135,81352.7658
DOGEUSDT,1776646500000,2026-04-20 00:55:00,2026-04-20 09:55:00,0.09392,0.09409,0.09389,0.09393,7308684,686943.86046
DOGEUSDT,1776646800000,2026-04-20 01:00:00,2026-04-20 10:00:00,0.09392,0.0941,0.09392,0.09394,2574179,242001.40267
DOGEUSDT,1776647100000,2026-04-20 01:05:00,2026-04-20 10:05:00,0.09393,0.09404,0.09391,0.09396,2109836,198263.67299
DOGEUSDT,1776647400000,2026-04-20 01:10:00,2026-04-20 10:10:00,0.09396,0.09408,0.09392,0.09399,1068359,100446.19106
DOGEUSDT,1776647700000,2026-04-20 01:15:00,2026-04-20 10:15:00,0.094,0.09401,0.09379,0.09382,1279062,120101.26008
DOGEUSDT,1776648000000,2026-04-20 01:20:00,2026-04-20 10:20:00,0.09381,0.09384,0.09369,0.09381,1058222,99216.76209
DOGEUSDT,1776648300000,2026-04-20 01:25:00,2026-04-20 10:25:00,0.0938,0.09383,0.09377,0.0938,640152,60042.44298
DOGEUSDT,1776648600000,2026-04-20 01:30:00,2026-04-20 10:30:00,0.09381,0.09429,0.09381,0.09417,3933245,370217.08809
DOGEUSDT,1776648900000,2026-04-20 01:35:00,2026-04-20 10:35:00,0.09417,0.0942,0.09408,0.0942,1354069,127446.64572
DOGEUSDT,1776649200000,2026-04-20 01:40:00,2026-04-20 10:40:00,0.0942,0.0943,0.09412,0.09419,1692233,159466.89275
DOGEUSDT,1776649500000,2026-04-20 01:45:00,2026-04-20 10:45:00,0.09418,0.09423,0.09416,0.09419,1304703,122898.81707
DOGEUSDT,1776649800000,2026-04-20 01:50:00,2026-04-20 10:50:00,0.09418,0.09423,0.09412,0.09418,1437842,135423.91916
DOGEUSDT,1776650100000,2026-04-20 01:55:00,2026-04-20 10:55:00,0.09419,0.09421,0.09407,0.09407,914636,86085.48093
DOGEUSDT,1776650400000,2026-04-20 02:00:00,2026-04-20 11:00:00,0.09407,0.09407,0.09389,0.09401,2781292,261414.59694
DOGEUSDT,1776650700000,2026-04-20 02:05:00,2026-04-20 11:05:00,0.09402,0.09405,0.0939,0.09404,346261,32541.16241
DOGEUSDT,1776651000000,2026-04-20 02:10:00,2026-04-20 11:10:00,0.09403,0.09404,0.09376,0.09381,917611,86191.51204
DOGEUSDT,1776651300000,2026-04-20 02:15:00,2026-04-20 11:15:00,0.09381,0.09397,0.09369,0.09381,2722534,255571.13686
DOGEUSDT,1776651600000,2026-04-20 02:20:00,2026-04-20 11:20:00,0.09381,0.09385,0.09375,0.09381,1258602,118064.11105
DOGEUSDT,1776651900000,2026-04-20 02:25:00,2026-04-20 11:25:00,0.09381,0.09387,0.09376,0.09382,675723,63404.37522
DOGEUSDT,1776652200000,2026-04-20 02:30:00,2026-04-20 11:30:00,0.09382,0.09387,0.09379,0.09386,537376,50420.73016
DOGEUSDT,1776652500000,2026-04-20 02:35:00,2026-04-20 11:35:00,0.09386,0.09393,0.09383,0.09391,372422,34965.30551
DOGEUSDT,1776652800000,2026-04-20 02:40:00,2026-04-20 11:40:00,0.09392,0.09399,0.09388,0.09399,1330773,124979.41389
DOGEUSDT,1776653100000,2026-04-20 02:45:00,2026-04-20 11:45:00,0.09399,0.09409,0.09396,0.09409,1378004,129598.63458
DOGEUSDT,1776653400000,2026-04-20 02:50:00,2026-04-20 11:50:00,0.0941,0.09414,0.09406,0.09414,973700,91615.56046
DOGEUSDT,1776653700000,2026-04-20 02:55:00,2026-04-20 11:55:00,0.09414,0.09419,0.09406,0.09406,1753341,165087.03571
DOGEUSDT,1776654000000,2026-04-20 03:00:00,2026-04-20 12:00:00,0.09407,0.09416,0.094,0.09411,468963,44113.13184
DOGEUSDT,1776654300000,2026-04-20 03:05:00,2026-04-20 12:05:00,0.09411,0.09412,0.09396,0.09396,1327554,124813.66413
DOGEUSDT,1776654600000,2026-04-20 03:10:00,2026-04-20 12:10:00,0.09396,0.09403,0.09396,0.094,372579,35023.24386
DOGEUSDT,1776654900000,2026-04-20 03:15:00,2026-04-20 12:15:00,0.09401,0.09405,0.0938,0.0938,829971,77958.59419
DOGEUSDT,1776655200000,2026-04-20 03:20:00,2026-04-20 12:20:00,0.0938,0.09396,0.09375,0.09394,2685919,252133.31705
DOGEUSDT,1776655500000,2026-04-20 03:25:00,2026-04-20 12:25:00,0.09393,0.09394,0.09385,0.09387,635307,59655.9441
DOGEUSDT,1776655800000,2026-04-20 03:30:00,2026-04-20 12:30:00,0.09387,0.09402,0.09387,0.09401,607096,57031.59556
DOGEUSDT,1776656100000,2026-04-20 03:35:00,2026-04-20 12:35:00,0.09402,0.09413,0.09401,0.09407,1149027,108106.44152
DOGEUSDT,1776656400000,2026-04-20 03:40:00,2026-04-20 12:40:00,0.09407,0.09413,0.09405,0.09406,610563,57449.88182
DOGEUSDT,1776656700000,2026-04-20 03:45:00,2026-04-20 12:45:00,0.09405,0.09408,0.09399,0.09406,617922,58111.31638
DOGEUSDT,1776657000000,2026-04-20 03:50:00,2026-04-20 12:50:00,0.09406,0.09434,0.09399,0.09432,1705287,160655.07869
DOGEUSDT,1776657300000,2026-04-20 03:55:00,2026-04-20 12:55:00,0.09432,0.09433,0.0942,0.09426,473360,44618.13608
DOGEUSDT,1776657600000,2026-04-20 04:00:00,2026-04-20 13:00:00,0.09426,0.0943,0.09418,0.09418,899571,84782.87256
DOGEUSDT,1776657900000,2026-04-20 04:05:00,2026-04-20 13:05:00,0.09417,0.09418,0.09412,0.09412,467565,44024.06279
DOGEUSDT,1776658200000,2026-04-20 04:10:00,2026-04-20 13:10:00,0.09412,0.09415,0.09409,0.09409,382768,36023.08458
DOGEUSDT,1776658500000,2026-04-20 04:15:00,2026-04-20 13:15:00,0.09409,0.09412,0.09405,0.09405,802032,75467.11099
DOGEUSDT,1776658800000,2026-04-20 04:20:00,2026-04-20 13:20:00,0.09405,0.09409,0.094,0.09407,1001511,94198.37593
DOGEUSDT,1776659100000,2026-04-20 04:25:00,2026-04-20 13:25:00,0.09407,0.0942,0.09405,0.09419,1298809,122283.77209
DOGEUSDT,1776659400000,2026-04-20 04:30:00,2026-04-20 13:30:00,0.0942,0.09429,0.09418,0.09428,1557323,146772.22449
DOGEUSDT,1776659700000,2026-04-20 04:35:00,2026-04-20 13:35:00,0.09428,0.09433,0.09425,0.09429,904256,85266.86331
DOGEUSDT,1776660000000,2026-04-20 04:40:00,2026-04-20 13:40:00,0.09429,0.09429,0.09421,0.09423,275403,25956.85292
DOGEUSDT,1776660300000,2026-04-20 04:45:00,2026-04-20 13:45:00,0.09424,0.0945,0.09424,0.0945,4874463,460225.88202
DOGEUSDT,1776660600000,2026-04-20 04:50:00,2026-04-20 13:50:00,0.0945,0.09464,0.09448,0.0946,3094409,292695.99445
DOGEUSDT,1776660900000,2026-04-20 04:55:00,2026-04-20 13:55:00,0.09459,0.09461,0.0945,0.09459,859889,81297.94808
DOGEUSDT,1776661200000,2026-04-20 05:00:00,2026-04-20 14:00:00,0.0946,0.09467,0.09453,0.09461,2054051,194285.90959
DOGEUSDT,1776661500000,2026-04-20 05:05:00,2026-04-20 14:05:00,0.09461,0.09462,0.09402,0.09409,4915916,463848.58923
DOGEUSDT,1776661800000,2026-04-20 05:10:00,2026-04-20 14:10:00,0.09408,0.09408,0.09374,0.09398,4130399,387897.48932
DOGEUSDT,1776662100000,2026-04-20 05:15:00,2026-04-20 14:15:00,0.09397,0.09397,0.0937,0.09373,1092350,102444.40642
DOGEUSDT,1776662400000,2026-04-20 05:20:00,2026-04-20 14:20:00,0.09372,0.09373,0.09359,0.09365,2261466,211806.8823
DOGEUSDT,1776662700000,2026-04-20 05:25:00,2026-04-20 14:25:00,0.09364,0.09376,0.09361,0.09366,1476836,138337.01301
DOGEUSDT,1776663000000,2026-04-20 05:30:00,2026-04-20 14:30:00,0.09366,0.0938,0.09361,0.09378,1851567,173471.24287
DOGEUSDT,1776663300000,2026-04-20 05:35:00,2026-04-20 14:35:00,0.09378,0.09394,0.09377,0.09392,1915246,179777.00001
DOGEUSDT,1776663600000,2026-04-20 05:40:00,2026-04-20 14:40:00,0.09391,0.09397,0.09382,0.09383,860603,80804.31249
DOGEUSDT,1776663900000,2026-04-20 05:45:00,2026-04-20 14:45:00,0.09382,0.09397,0.09379,0.09386,377843,35484.61188
DOGEUSDT,1776664200000,2026-04-20 05:50:00,2026-04-20 14:50:00,0.09385,0.094,0.09383,0.09399,1235487,115973.45352
DOGEUSDT,1776664500000,2026-04-20 05:55:00,2026-04-20 14:55:00,0.09399,0.09408,0.09393,0.09395,791543,74397.20831
DOGEUSDT,1776664800000,2026-04-20 06:00:00,2026-04-20 15:00:00,0.09395,0.0943,0.09388,0.09419,1127257,106135.50712
DOGEUSDT,1776665100000,2026-04-20 06:05:00,2026-04-20 15:05:00,0.09419,0.09426,0.09412,0.09424,4620465,435221.3716
DOGEUSDT,1776665400000,2026-04-20 06:10:00,2026-04-20 15:10:00,0.09423,0.09431,0.09382,0.09392,22831175,2149504.03874
DOGEUSDT,1776665700000,2026-04-20 06:15:00,2026-04-20 15:15:00,0.09393,0.09408,0.09386,0.09405,967378,90863.81975
DOGEUSDT,1776666000000,2026-04-20 06:20:00,2026-04-20 15:20:00,0.09405,0.09405,0.09385,0.09388,815585,76609.48751
DOGEUSDT,1776666300000,2026-04-20 06:25:00,2026-04-20 15:25:00,0.09388,0.09393,0.09385,0.09386,1155759,108502.52173
DOGEUSDT,1776666600000,2026-04-20 06:30:00,2026-04-20 15:30:00,0.09387,0.09419,0.09387,0.09418,720834,67843.54896
DOGEUSDT,1776666900000,2026-04-20 06:35:00,2026-04-20 15:35:00,0.09418,0.09419,0.09403,0.09411,1289258,121334.2279
DOGEUSDT,1776667200000,2026-04-20 06:40:00,2026-04-20 15:40:00,0.09411,0.0945,0.09411,0.09422,3641578,343429.3059
DOGEUSDT,1776667500000,2026-04-20 06:45:00,2026-04-20 15:45:00,0.09421,0.09436,0.09417,0.0943,882065,83134.52895
DOGEUSDT,1776667800000,2026-04-20 06:50:00,2026-04-20 15:50:00,0.09429,0.09429,0.09415,0.09416,339664,31997.73438
DOGEUSDT,1776668100000,2026-04-20 06:55:00,2026-04-20 15:55:00,0.09416,0.09435,0.09413,0.09422,1112572,104850.60483
DOGEUSDT,1776668400000,2026-04-20 07:00:00,2026-04-20 16:00:00,0.09423,0.09435,0.0942,0.09422,1394586,131457.48903
DOGEUSDT,1776668700000,2026-04-20 07:05:00,2026-04-20 16:05:00,0.09422,0.09431,0.09414,0.09428,648969,61164.98581
DOGEUSDT,1776669000000,2026-04-20 07:10:00,2026-04-20 16:10:00,0.09428,0.09436,0.09424,0.09433,551848,52044.36886
DOGEUSDT,1776669300000,2026-04-20 07:15:00,2026-04-20 16:15:00,0.09433,0.09441,0.09422,0.0944,538642,50792.92146
DOGEUSDT,1776669600000,2026-04-20 07:20:00,2026-04-20 16:20:00,0.09439,0.09546,0.09439,0.0952,18248677,1735125.24106
DOGEUSDT,1776669900000,2026-04-20 07:25:00,2026-04-20 16:25:00,0.09521,0.09536,0.09503,0.0951,7911947,753299.07703
DOGEUSDT,1776670200000,2026-04-20 07:30:00,2026-04-20 16:30:00,0.09509,0.09518,0.09468,0.09483,6430348,610185.5958
DOGEUSDT,1776670500000,2026-04-20 07:35:00,2026-04-20 16:35:00,0.09484,0.09484,0.0945,0.09455,3328795,315049.51334
DOGEUSDT,1776670800000,2026-04-20 07:40:00,2026-04-20 16:40:00,0.09454,0.0947,0.09448,0.09451,5182061,490100.40727
DOGEUSDT,1776671100000,2026-04-20 07:45:00,2026-04-20 16:45:00,0.09451,0.09466,0.09442,0.09446,2072517,195972.47421
DOGEUSDT,1776671400000,2026-04-20 07:50:00,2026-04-20 16:50:00,0.09446,0.09449,0.09427,0.0943,4640074,437922.46986
DOGEUSDT,1776671700000,2026-04-20 07:55:00,2026-04-20 16:55:00,0.0943,0.09458,0.09427,0.09457,2788990,263249.37141
DOGEUSDT,1776672000000,2026-04-20 08:00:00,2026-04-20 17:00:00,0.09457,0.09468,0.09441,0.09443,7252894,685718.9173
DOGEUSDT,1776672300000,2026-04-20 08:05:00,2026-04-20 17:05:00,0.09442,0.09453,0.09438,0.0944,4681512,442288.70182
DOGEUSDT,1776672600000,2026-04-20 08:10:00,2026-04-20 17:10:00,0.0944,0.09452,0.09435,0.09443,808468,76364.8957
DOGEUSDT,1776672900000,2026-04-20 08:15:00,2026-04-20 17:15:00,0.09442,0.09461,0.09438,0.09459,2621313,247553.7975
DOGEUSDT,1776673200000,2026-04-20 08:20:00,2026-04-20 17:20:00,0.09458,0.09465,0.09445,0.09449,1311643,124000.34411
DOGEUSDT,1776673500000,2026-04-20 08:25:00,2026-04-20 17:25:00,0.09449,0.09449,0.0942,0.09434,2547599,240251.34602
DOGEUSDT,1776673800000,2026-04-20 08:30:00,2026-04-20 17:30:00,0.09434,0.09446,0.09426,0.09439,3121182,294495.59873
DOGEUSDT,1776674100000,2026-04-20 08:35:00,2026-04-20 17:35:00,0.09439,0.09443,0.09421,0.09426,1699128,160228.44146
DOGEUSDT,1776674400000,2026-04-20 08:40:00,2026-04-20 17:40:00,0.09426,0.09434,0.0942,0.0943,1090431,102818.59512
DOGEUSDT,1776674700000,2026-04-20 08:45:00,2026-04-20 17:45:00,0.09431,0.09448,0.09416,0.09441,7646789,721767.47573
DOGEUSDT,1776675000000,2026-04-20 08:50:00,2026-04-20 17:50:00,0.09441,0.09447,0.09415,0.09422,3051613,287821.16728
DOGEUSDT,1776675300000,2026-04-20 08:55:00,2026-04-20 17:55:00,0.09422,0.09433,0.09416,0.09424,2807283,264660.43453
DOGEUSDT,1776675600000,2026-04-20 09:00:00,2026-04-20 18:00:00,0.09424,0.09424,0.09404,0.09415,2762635,260031.98458
DOGEUSDT,1776675900000,2026-04-20 09:05:00,2026-04-20 18:05:00,0.09415,0.09452,0.09414,0.0943,5006951,472577.23073
DOGEUSDT,1776676200000,2026-04-20 09:10:00,2026-04-20 18:10:00,0.09429,0.09451,0.0942,0.09445,1666805,157321.51341
DOGEUSDT,1776676500000,2026-04-20 09:15:00,2026-04-20 18:15:00,0.09445,0.09457,0.09438,0.0945,2435096,230127.69144
DOGEUSDT,1776676800000,2026-04-20 09:20:00,2026-04-20 18:20:00,0.0945,0.09461,0.09444,0.09454,4989871,471639.90504
DOGEUSDT,1776677100000,2026-04-20 09:25:00,2026-04-20 18:25:00,0.09455,0.09458,0.0944,0.09444,1558418,147247.00612
DOGEUSDT,1776677400000,2026-04-20 09:30:00,2026-04-20 18:30:00,0.09445,0.09453,0.09442,0.09446,1187539,112192.5899
DOGEUSDT,1776677700000,2026-04-20 09:35:00,2026-04-20 18:35:00,0.09446,0.0946,0.09442,0.0945,2151669,203393.12626
DOGEUSDT,1776678000000,2026-04-20 09:40:00,2026-04-20 18:40:00,0.09451,0.09457,0.09446,0.09457,936261,88501.87758
DOGEUSDT,1776678300000,2026-04-20 09:45:00,2026-04-20 18:45:00,0.09457,0.09468,0.09455,0.09456,2400557,227143.10232
DOGEUSDT,1776678600000,2026-04-20 09:50:00,2026-04-20 18:50:00,0.09457,0.09462,0.09449,0.09459,1034021,97771.6419
DOGEUSDT,1776678900000,2026-04-20 09:55:00,2026-04-20 18:55:00,0.09458,0.09467,0.09444,0.09451,1366569,129247.60165
DOGEUSDT,1776679200000,2026-04-20 10:00:00,2026-04-20 19:00:00,0.09452,0.09467,0.0945,0.09462,1729038,163589.25533
DOGEUSDT,1776679500000,2026-04-20 10:05:00,2026-04-20 19:05:00,0.09462,0.09479,0.09462,0.09475,2709511,256610.27398
DOGEUSDT,1776679800000,2026-04-20 10:10:00,2026-04-20 19:10:00,0.09475,0.09486,0.09472,0.0948,5221408,495020.72362
DOGEUSDT,1776680100000,2026-04-20 10:15:00,2026-04-20 19:15:00,0.09481,0.09502,0.09475,0.09498,7686399,729434.83074
DOGEUSDT,1776680400000,2026-04-20 10:20:00,2026-04-20 19:20:00,0.09498,0.09498,0.09483,0.09496,3545357,336514.96217
DOGEUSDT,1776680700000,2026-04-20 10:25:00,2026-04-20 19:25:00,0.09495,0.09496,0.09482,0.09482,2475198,234946.32077
DOGEUSDT,1776681000000,2026-04-20 10:30:00,2026-04-20 19:30:00,0.09482,0.09482,0.09456,0.09458,1807885,171094.64271
DOGEUSDT,1776681300000,2026-04-20 10:35:00,2026-04-20 19:35:00,0.09457,0.09469,0.09456,0.09468,849194,80354.60943
DOGEUSDT,1776681600000,2026-04-20 10:40:00,2026-04-20 19:40:00,0.09468,0.09469,0.09463,0.09467,547312,51805.99993
DOGEUSDT,1776681900000,2026-04-20 10:45:00,2026-04-20 19:45:00,0.09466,0.09476,0.09466,0.09471,1438605,136262.67829
DOGEUSDT,1776682200000,2026-04-20 10:50:00,2026-04-20 19:50:00,0.09472,0.09477,0.09466,0.0947,778821,73757.73975
DOGEUSDT,1776682500000,2026-04-20 10:55:00,2026-04-20 19:55:00,0.09469,0.0947,0.09448,0.09448,1043402,98678.7124
DOGEUSDT,1776682800000,2026-04-20 11:00:00,2026-04-20 20:00:00,0.09449,0.09456,0.0944,0.09445,1183857,111861.24085
DOGEUSDT,1776683100000,2026-04-20 11:05:00,2026-04-20 20:05:00,0.09444,0.09466,0.09444,0.09465,1082300,102337.35535
DOGEUSDT,1776683400000,2026-04-20 11:10:00,2026-04-20 20:10:00,0.09465,0.0947,0.09455,0.09469,1002162,94826.13967
DOGEUSDT,1776683700000,2026-04-20 11:15:00,2026-04-20 20:15:00,0.0947,0.09477,0.09457,0.09458,1449023,137209.6064
DOGEUSDT,1776684000000,2026-04-20 11:20:00,2026-04-20 20:20:00,0.09458,0.09459,0.0944,0.09458,2096172,198093.74376
DOGEUSDT,1776684300000,2026-04-20 11:25:00,2026-04-20 20:25:00,0.09457,0.09461,0.09445,0.09447,1698915,160615.77414
DOGEUSDT,1776684600000,2026-04-20 11:30:00,2026-04-20 20:30:00,0.09447,0.09447,0.09427,0.09432,5320397,501920.39628
DOGEUSDT,1776684900000,2026-04-20 11:35:00,2026-04-20 20:35:00,0.09432,0.09448,0.09419,0.09438,10662367,1005358.49938
DOGEUSDT,1776685200000,2026-04-20 11:40:00,2026-04-20 20:40:00,0.09437,0.09439,0.0943,0.09432,1496230,141154.59729
DOGEUSDT,1776685500000,2026-04-20 11:45:00,2026-04-20 20:45:00,0.09431,0.09444,0.09431,0.09437,1584800,149592.86571
DOGEUSDT,1776685800000,2026-04-20 11:50:00,2026-04-20 20:50:00,0.09438,0.09442,0.09433,0.09439,841875,79452.06654
DOGEUSDT,1776686100000,2026-04-20 11:55:00,2026-04-20 20:55:00,0.09438,0.0945,0.09436,0.09449,1671517,157844.56428
DOGEUSDT,1776686400000,2026-04-20 12:00:00,2026-04-20 21:00:00,0.09449,0.09453,0.09438,0.09453,4299885,406059.43657
DOGEUSDT,1776686700000,2026-04-20 12:05:00,2026-04-20 21:05:00,0.09453,0.09476,0.09451,0.09462,3318601,314050.09999
DOGEUSDT,1776687000000,2026-04-20 12:10:00,2026-04-20 21:10:00,0.09462,0.0948,0.09462,0.0947,1456452,137982.47204
DOGEUSDT,1776687300000,2026-04-20 12:15:00,2026-04-20 21:15:00,0.0947,0.09487,0.09466,0.09486,1223225,115977.6048
DOGEUSDT,1776687600000,2026-04-20 12:20:00,2026-04-20 21:20:00,0.09486,0.09502,0.09477,0.09493,4000523,379666.64483
DOGEUSDT,1776687900000,2026-04-20 12:25:00,2026-04-20 21:25:00,0.09494,0.09498,0.09482,0.09488,2386707,226495.11621
DOGEUSDT,1776688200000,2026-04-20 12:30:00,2026-04-20 21:30:00,0.09488,0.09503,0.09487,0.09498,1777113,168760.35875
DOGEUSDT,1776688500000,2026-04-20 12:35:00,2026-04-20 21:35:00,0.09497,0.09501,0.09458,0.0947,7876868,746890.25852
DOGEUSDT,1776688800000,2026-04-20 12:40:00,2026-04-20 21:40:00,0.0947,0.09478,0.09451,0.09472,3406348,322283.52361
DOGEUSDT,1776689100000,2026-04-20 12:45:00,2026-04-20 21:45:00,0.09473,0.09486,0.09473,0.09486,1259416,119387.74748
DOGEUSDT,1776689400000,2026-04-20 12:50:00,2026-04-20 21:50:00,0.09485,0.09495,0.09475,0.09482,2079536,197193.01969
DOGEUSDT,1776689700000,2026-04-20 12:55:00,2026-04-20 21:55:00,0.09483,0.09486,0.09475,0.09485,891640,84530.80265
DOGEUSDT,1776690000000,2026-04-20 13:00:00,2026-04-20 22:00:00,0.09484,0.09488,0.09464,0.09475,1153906,109349.49089
DOGEUSDT,1776690300000,2026-04-20 13:05:00,2026-04-20 22:05:00,0.09475,0.09502,0.09465,0.09492,4964187,470851.36529
DOGEUSDT,1776690600000,2026-04-20 13:10:00,2026-04-20 22:10:00,0.09492,0.09498,0.09485,0.09485,609020,57800.60835
DOGEUSDT,1776690900000,2026-04-20 13:15:00,2026-04-20 22:15:00,0.09485,0.09492,0.09467,0.09472,733638,69509.20044
DOGEUSDT,1776691200000,2026-04-20 13:20:00,2026-04-20 22:20:00,0.09473,0.09484,0.09468,0.09468,1196467,113350.71042
DOGEUSDT,1776691500000,2026-04-20 13:25:00,2026-04-20 22:25:00,0.09469,0.09485,0.09468,0.09485,1765007,167208.42811
DOGEUSDT,1776691800000,2026-04-20 13:30:00,2026-04-20 22:30:00,0.09485,0.095,0.09447,0.09499,6126688,580476.58226
DOGEUSDT,1776692100000,2026-04-20 13:35:00,2026-04-20 22:35:00,0.09499,0.09499,0.09472,0.09474,1556027,147657.17364
DOGEUSDT,1776692400000,2026-04-20 13:40:00,2026-04-20 22:40:00,0.09474,0.09482,0.09466,0.09475,1788645,169429.08898
DOGEUSDT,1776692700000,2026-04-20 13:45:00,2026-04-20 22:45:00,0.09475,0.0949,0.09463,0.09468,1666842,157969.59626
DOGEUSDT,1776693000000,2026-04-20 13:50:00,2026-04-20 22:50:00,0.09467,0.09479,0.09462,0.09476,1214157,114975.22403
DOGEUSDT,1776693300000,2026-04-20 13:55:00,2026-04-20 22:55:00,0.09476,0.09499,0.09473,0.09489,4824118,457808.67248
DOGEUSDT,1776693600000,2026-04-20 14:00:00,2026-04-20 23:00:00,0.09488,0.09492,0.0947,0.09484,3062005,290336.76164
DOGEUSDT,1776693900000,2026-04-20 14:05:00,2026-04-20 23:05:00,0.09484,0.09494,0.09465,0.09486,2874886,272630.98293
DOGEUSDT,1776694200000,2026-04-20 14:10:00,2026-04-20 23:10:00,0.09487,0.09492,0.09468,0.09474,1280548,121402.65019
DOGEUSDT,1776694500000,2026-04-20 14:15:00,2026-04-20 23:15:00,0.09473,0.0949,0.09466,0.09482,3773807,357889.47677
DOGEUSDT,1776694800000,2026-04-20 14:20:00,2026-04-20 23:20:00,0.09482,0.09528,0.09482,0.09519,9331366,887746.12695
DOGEUSDT,1776695100000,2026-04-20 14:25:00,2026-04-20 23:25:00,0.09518,0.09536,0.09497,0.09507,3392672,322926.59267
DOGEUSDT,1776695400000,2026-04-20 14:30:00,2026-04-20 23:30:00,0.09507,0.09525,0.09501,0.09505,2847642,271019.82473
DOGEUSDT,1776695700000,2026-04-20 14:35:00,2026-04-20 23:35:00,0.09505,0.09514,0.09497,0.09502,1874677,178186.32088
DOGEUSDT,1776696000000,2026-04-20 14:40:00,2026-04-20 23:40:00,0.09502,0.09507,0.09475,0.09497,3357805,318642.97361
DOGEUSDT,1776696300000,2026-04-20 14:45:00,2026-04-20 23:45:00,0.09497,0.09504,0.09482,0.095,1438042,136539.28977
DOGEUSDT,1776696600000,2026-04-20 14:50:00,2026-04-20 23:50:00,0.09501,0.09504,0.09437,0.09443,10483561,991707.65656
DOGEUSDT,1776696900000,2026-04-20 14:55:00,2026-04-20 23:55:00,0.09442,0.09443,0.09418,0.09438,7936639,748322.9649
DOGEUSDT,1776697200000,2026-04-20 15:00:00,2026-04-21 00:00:00,0.09439,0.09449,0.09407,0.09421,4213461,397373.0316
DOGEUSDT,1776697500000,2026-04-20 15:05:00,2026-04-21 00:05:00,0.0942,0.09431,0.09407,0.09422,3473949,327271.88452
DOGEUSDT,1776697800000,2026-04-20 15:10:00,2026-04-21 00:10:00,0.09422,0.09448,0.09422,0.09445,1683439,158892.91527
DOGEUSDT,1776698100000,2026-04-20 15:15:00,2026-04-21 00:15:00,0.09446,0.09474,0.09443,0.09472,3117856,295006.64293
DOGEUSDT,1776698400000,2026-04-20 15:20:00,2026-04-21 00:20:00,0.09471,0.09513,0.09464,0.09495,5546992,526710.21421
DOGEUSDT,1776698700000,2026-04-20 15:25:00,2026-04-21 00:25:00,0.09496,0.09541,0.09496,0.09539,12894281,1226976.53154
DOGEUSDT,1776699000000,2026-04-20 15:30:00,2026-04-21 00:30:00,0.09538,0.09538,0.09505,0.09515,4311925,410342.96243
DOGEUSDT,1776699300000,2026-04-20 15:35:00,2026-04-21 00:35:00,0.09515,0.09521,0.09503,0.09508,1170096,111313.10488
DOGEUSDT,1776699600000,2026-04-20 15:40:00,2026-04-21 00:40:00,0.09507,0.09519,0.09505,0.09506,891885,84849.92791
DOGEUSDT,1776699900000,2026-04-20 15:45:00,2026-04-21 00:45:00,0.09507,0.0951,0.09481,0.09481,926462,87997.13048
DOGEUSDT,1776700200000,2026-04-20 15:50:00,2026-04-21 00:50:00,0.09481,0.09484,0.09466,0.09472,1838718,174170.12001
DOGEUSDT,1776700500000,2026-04-20 15:55:00,2026-04-21 00:55:00,0.09472,0.0951,0.09455,0.09497,14370080,1361168.95537
DOGEUSDT,1776700800000,2026-04-20 16:00:00,2026-04-21 01:00:00,0.09497,0.09499,0.0947,0.09473,1916887,181769.2946
DOGEUSDT,1776701100000,2026-04-20 16:05:00,2026-04-21 01:05:00,0.09473,0.09478,0.09457,0.09465,2028635,192038.90898
DOGEUSDT,1776701400000,2026-04-20 16:10:00,2026-04-21 01:10:00,0.09466,0.09469,0.09461,0.09464,515342,48773.08232
DOGEUSDT,1776701700000,2026-04-20 16:15:00,2026-04-21 01:15:00,0.09464,0.09464,0.09448,0.09459,3475253,328593.21855
DOGEUSDT,1776702000000,2026-04-20 16:20:00,2026-04-21 01:20:00,0.09459,0.09465,0.09445,0.09458,1390915,131477.4863
DOGEUSDT,1776702300000,2026-04-20 16:25:00,2026-04-21 01:25:00,0.09457,0.09459,0.09448,0.09454,1871589,176898.22661
DOGEUSDT,1776702600000,2026-04-20 16:30:00,2026-04-21 01:30:00,0.09453,0.09458,0.09438,0.09453,1644429,155378.48856
DOGEUSDT,1776702900000,2026-04-20 16:35:00,2026-04-21 01:35:00,0.09452,0.09452,0.09437,0.09451,1676149,158269.94945
DOGEUSDT,1776703200000,2026-04-20 16:40:00,2026-04-21 01:40:00,0.09451,0.09473,0.09447,0.09465,904842,85648.43792
DOGEUSDT,1776703500000,2026-04-20 16:45:00,2026-04-21 01:45:00,0.09466,0.09474,0.0945,0.09451,1093737,103529.153
DOGEUSDT,1776703800000,2026-04-20 16:50:00,2026-04-21 01:50:00,0.09451,0.0947,0.09438,0.0946,10695214,1011160.27534
DOGEUSDT,1776704100000,2026-04-20 16:55:00,2026-04-21 01:55:00,0.09461,0.09476,0.09446,0.09454,23069767,2184056.73516
DOGEUSDT,1776704400000,2026-04-20 17:00:00,2026-04-21 02:00:00,0.09455,0.09478,0.0945,0.09475,1741958,164852.87259
DOGEUSDT,1776704700000,2026-04-20 17:05:00,2026-04-21 02:05:00,0.09475,0.09494,0.09473,0.09487,1940142,184035.07725
DOGEUSDT,1776705000000,2026-04-20 17:10:00,2026-04-21 02:10:00,0.09487,0.09503,0.09487,0.09489,2427507,230444.90097
DOGEUSDT,1776705300000,2026-04-20 17:15:00,2026-04-21 02:15:00,0.09488,0.09524,0.09483,0.09518,5340032,507571.60743
DOGEUSDT,1776705600000,2026-04-20 17:20:00,2026-04-21 02:20:00,0.09519,0.0952,0.09501,0.09509,2129329,202516.35697
DOGEUSDT,1776705900000,2026-04-20 17:25:00,2026-04-21 02:25:00,0.0951,0.09511,0.09494,0.09498,1370673,130235.0199
DOGEUSDT,1776706200000,2026-04-20 17:30:00,2026-04-21 02:30:00,0.09499,0.09499,0.09481,0.09486,2173807,206217.79208
DOGEUSDT,1776706500000,2026-04-20 17:35:00,2026-04-21 02:35:00,0.09486,0.09497,0.09485,0.09488,3959801,375741.66622
DOGEUSDT,1776706800000,2026-04-20 17:40:00,2026-04-21 02:40:00,0.09488,0.09501,0.09486,0.0949,1196078,113540.78574
DOGEUSDT,1776707100000,2026-04-20 17:45:00,2026-04-21 02:45:00,0.0949,0.09515,0.09489,0.09512,1958577,186150.88489
DOGEUSDT,1776707400000,2026-04-20 17:50:00,2026-04-21 02:50:00,0.09512,0.09519,0.09497,0.09504,2240447,213075.91222
DOGEUSDT,1776707700000,2026-04-20 17:55:00,2026-04-21 02:55:00,0.09504,0.09513,0.095,0.09508,1011640,96180.49879
DOGEUSDT,1776708000000,2026-04-20 18:00:00,2026-04-21 03:00:00,0.09508,0.09544,0.09508,0.09527,9251636,881550.74543
DOGEUSDT,1776708300000,2026-04-20 18:05:00,2026-04-21 03:05:00,0.09527,0.09548,0.09526,0.09545,3179868,303326.58922
DOGEUSDT,1776708600000,2026-04-20 18:10:00,2026-04-21 03:10:00,0.09545,0.09546,0.09534,0.0954,4791448,457143.03012
DOGEUSDT,1776708900000,2026-04-20 18:15:00,2026-04-21 03:15:00,0.0954,0.09543,0.09534,0.09536,2261772,215748.82384
DOGEUSDT,1776709200000,2026-04-20 18:20:00,2026-04-21 03:20:00,0.09537,0.09558,0.09526,0.09546,3822852,364837.77072
DOGEUSDT,1776709500000,2026-04-20 18:25:00,2026-04-21 03:25:00,0.09546,0.09549,0.09536,0.09544,4646506,443377.81274
DOGEUSDT,1776709800000,2026-04-20 18:30:00,2026-04-21 03:30:00,0.09545,0.09546,0.09521,0.09537,4081376,389188.76401
DOGEUSDT,1776710100000,2026-04-20 18:35:00,2026-04-21 03:35:00,0.09538,0.0954,0.09523,0.09528,1537342,146510.74209
DOGEUSDT,1776710400000,2026-04-20 18:40:00,2026-04-21 03:40:00,0.09528,0.09558,0.09527,0.09549,5332619,508937.20386
DOGEUSDT,1776710700000,2026-04-20 18:45:00,2026-04-21 03:45:00,0.09549,0.09552,0.09541,0.09549,2137628,204079.443
DOGEUSDT,1776711000000,2026-04-20 18:50:00,2026-04-21 03:50:00,0.09549,0.09576,0.09549,0.09566,4308356,412196.00952
DOGEUSDT,1776711300000,2026-04-20 18:55:00,2026-04-21 03:55:00,0.09565,0.09577,0.09559,0.09562,4263331,407884.3228
DOGEUSDT,1776711600000,2026-04-20 19:00:00,2026-04-21 04:00:00,0.09563,0.09571,0.09557,0.09567,3083901,294950.91318
DOGEUSDT,1776711900000,2026-04-20 19:05:00,2026-04-21 04:05:00,0.09566,0.09568,0.09559,0.0956,1133160,108372.73875
DOGEUSDT,1776712200000,2026-04-20 19:10:00,2026-04-21 04:10:00,0.09559,0.09564,0.09549,0.09559,4537798,433635.4059
DOGEUSDT,1776712500000,2026-04-20 19:15:00,2026-04-21 04:15:00,0.09559,0.09559,0.09542,0.09543,1698788,162231.11525
DOGEUSDT,1776712800000,2026-04-20 19:20:00,2026-04-21 04:20:00,0.09542,0.09545,0.09537,0.09541,1920612,183244.52747
DOGEUSDT,1776713100000,2026-04-20 19:25:00,2026-04-21 04:25:00,0.0954,0.09544,0.09534,0.09544,1398625,133396.00343
DOGEUSDT,1776713400000,2026-04-20 19:30:00,2026-04-21 04:30:00,0.09544,0.09552,0.09541,0.09552,1256839,119989.57249
DOGEUSDT,1776713700000,2026-04-20 19:35:00,2026-04-21 04:35:00,0.09552,0.09557,0.09543,0.09544,1054294,100673.9375
DOGEUSDT,1776714000000,2026-04-20 19:40:00,2026-04-21 04:40:00,0.09545,0.09547,0.09535,0.09536,924975,88233.09716
DOGEUSDT,1776714300000,2026-04-20 19:45:00,2026-04-21 04:45:00,0.09536,0.09537,0.09524,0.09527,886345,84466.27971
DOGEUSDT,1776714600000,2026-04-20 19:50:00,2026-04-21 04:50:00,0.09527,0.09547,0.09526,0.09542,870299,82999.65261
DOGEUSDT,1776714900000,2026-04-20 19:55:00,2026-04-21 04:55:00,0.09542,0.09557,0.09538,0.09553,641642,61276.87931
DOGEUSDT,1776715200000,2026-04-20 20:00:00,2026-04-21 05:00:00,0.09553,0.09555,0.09536,0.09542,635620,60665.85609
DOGEUSDT,1776715500000,2026-04-20 20:05:00,2026-04-21 05:05:00,0.09541,0.09544,0.0953,0.09535,1341655,127970.52357
DOGEUSDT,1776715800000,2026-04-20 20:10:00,2026-04-21 05:10:00,0.09534,0.09543,0.09534,0.09539,356933,34047.89256
DOGEUSDT,1776716100000,2026-04-20 20:15:00,2026-04-21 05:15:00,0.0954,0.09562,0.09538,0.09561,2472895,236127.00365
DOGEUSDT,1776716400000,2026-04-20 20:20:00,2026-04-21 05:20:00,0.0956,0.0957,0.09552,0.09562,1521952,145502.90445
DOGEUSDT,1776716700000,2026-04-20 20:25:00,2026-04-21 05:25:00,0.09563,0.09568,0.09548,0.09548,1162382,111091.10237
DOGEUSDT,1776717000000,2026-04-20 20:30:00,2026-04-21 05:30:00,0.09549,0.0955,0.09538,0.09547,486008,46391.25428
DOGEUSDT,1776717300000,2026-04-20 20:35:00,2026-04-21 05:35:00,0.09547,0.09554,0.09539,0.09547,1469746,140333.47426
DOGEUSDT,1776717600000,2026-04-20 20:40:00,2026-04-21 05:40:00,0.09546,0.09563,0.09542,0.0956,2734955,261209.95469
DOGEUSDT,1776717900000,2026-04-20 20:45:00,2026-04-21 05:45:00,0.09559,0.09582,0.09558,0.09582,3443781,329666.3259
DOGEUSDT,1776718200000,2026-04-20 20:50:00,2026-04-21 05:50:00,0.09582,0.09582,0.09572,0.09574,1470676,140875.49183
DOGEUSDT,1776718500000,2026-04-20 20:55:00,2026-04-21 05:55:00,0.09574,0.09585,0.09573,0.09583,1026990,98388.57222
DOGEUSDT,1776718800000,2026-04-20 21:00:00,2026-04-21 06:00:00,0.09582,0.09603,0.09582,0.09602,2690968,258229.00307
DOGEUSDT,1776719100000,2026-04-20 21:05:00,2026-04-21 06:05:00,0.09602,0.09609,0.09574,0.09576,5323103,510732.39167
DOGEUSDT,1776719400000,2026-04-20 21:10:00,2026-04-21 06:10:00,0.09576,0.09576,0.09543,0.09556,6265063,598605.24023
DOGEUSDT,1776719700000,2026-04-20 21:15:00,2026-04-21 06:15:00,0.09556,0.09563,0.09539,0.09553,1812002,173013.72975
DOGEUSDT,1776720000000,2026-04-20 21:20:00,2026-04-21 06:20:00,0.09553,0.0956,0.09546,0.09551,1293326,123537.43152
DOGEUSDT,1776720300000,2026-04-20 21:25:00,2026-04-21 06:25:00,0.09551,0.09557,0.09544,0.09557,939727,89753.0476
DOGEUSDT,1776720600000,2026-04-20 21:30:00,2026-04-21 06:30:00,0.09556,0.09563,0.0955,0.09562,744314,71116.15279
DOGEUSDT,1776720900000,2026-04-20 21:35:00,2026-04-21 06:35:00,0.09563,0.09574,0.09562,0.09567,1322126,126500.13449
DOGEUSDT,1776721200000,2026-04-20 21:40:00,2026-04-21 06:40:00,0.09567,0.0957,0.09559,0.09559,737896,70577.3265
DOGEUSDT,1776721500000,2026-04-20 21:45:00,2026-04-21 06:45:00,0.09559,0.0957,0.09557,0.09564,823186,78722.60995
DOGEUSDT,1776721800000,2026-04-20 21:50:00,2026-04-21 06:50:00,0.09564,0.0957,0.09564,0.09568,278391,26635.16408
DOGEUSDT,1776722100000,2026-04-20 21:55:00,2026-04-21 06:55:00,0.09568,0.09577,0.09567,0.09572,700025,66992.79786
DOGEUSDT,1776722400000,2026-04-20 22:00:00,2026-04-21 07:00:00,0.09572,0.09585,0.09572,0.09584,2014021,192898.85645
DOGEUSDT,1776722700000,2026-04-20 22:05:00,2026-04-21 07:05:00,0.09584,0.09592,0.0958,0.09581,2212099,212072.64482
DOGEUSDT,1776723000000,2026-04-20 22:10:00,2026-04-21 07:10:00,0.0958,0.09592,0.09578,0.09591,1059059,101513.82537
DOGEUSDT,1776723300000,2026-04-20 22:15:00,2026-04-21 07:15:00,0.09591,0.09594,0.09574,0.09574,1773876,169978.85129
DOGEUSDT,1776723600000,2026-04-20 22:20:00,2026-04-21 07:20:00,0.09573,0.09578,0.09569,0.09571,774954,74177.95461
DOGEUSDT,1776723900000,2026-04-20 22:25:00,2026-04-21 07:25:00,0.09572,0.09581,0.09572,0.09577,681766,65291.28446
DOGEUSDT,1776724200000,2026-04-20 22:30:00,2026-04-21 07:30:00,0.09577,0.09586,0.09573,0.09586,1600045,153276.58476
DOGEUSDT,1776724500000,2026-04-20 22:35:00,2026-04-21 07:35:00,0.09585,0.09592,0.0957,0.0957,692816,66387.15574
DOGEUSDT,1776724800000,2026-04-20 22:40:00,2026-04-21 07:40:00,0.0957,0.09573,0.0956,0.09571,1364165,130500.47094
DOGEUSDT,1776725100000,2026-04-20 22:45:00,2026-04-21 07:45:00,0.09571,0.09571,0.09563,0.09563,721129,68988.49845
DOGEUSDT,1776725400000,2026-04-20 22:50:00,2026-04-21 07:50:00,0.09563,0.09566,0.09556,0.09562,748570,71565.38259
DOGEUSDT,1776725700000,2026-04-20 22:55:00,2026-04-21 07:55:00,0.09563,0.09567,0.09555,0.09556,981074,93801.72688
DOGEUSDT,1776726000000,2026-04-20 23:00:00,2026-04-21 08:00:00,0.09556,0.09556,0.09525,0.09527,5410108,516034.67136
DOGEUSDT,1776726300000,2026-04-20 23:05:00,2026-04-21 08:05:00,0.09527,0.09527,0.09517,0.09521,1339106,127511.28694
DOGEUSDT,1776726600000,2026-04-20 23:10:00,2026-04-21 08:10:00,0.09522,0.09526,0.09513,0.09516,2082708,198229.54642
DOGEUSDT,1776726900000,2026-04-20 23:15:00,2026-04-21 08:15:00,0.09516,0.0952,0.09511,0.09515,1504488,143193.76473
DOGEUSDT,1776727200000,2026-04-20 23:20:00,2026-04-21 08:20:00,0.09514,0.09522,0.09514,0.09518,590616,56215.26915
DOGEUSDT,1776727500000,2026-04-20 23:25:00,2026-04-21 08:25:00,0.09518,0.09519,0.09501,0.09506,1660278,157827.87441
DOGEUSDT,1776727800000,2026-04-20 23:30:00,2026-04-21 08:30:00,0.09507,0.09511,0.09499,0.0951,1217268,115664.41678
DOGEUSDT,1776728100000,2026-04-20 23:35:00,2026-04-21 08:35:00,0.0951,0.09519,0.09506,0.09515,943942,89810.88269
DOGEUSDT,1776728400000,2026-04-20 23:40:00,2026-04-21 08:40:00,0.09515,0.09519,0.09512,0.09516,670857,63833.08987
DOGEUSDT,1776728700000,2026-04-20 23:45:00,2026-04-21 08:45:00,0.09516,0.09518,0.09509,0.09516,1192710,113451.14773
DOGEUSDT,1776729000000,2026-04-20 23:50:00,2026-04-21 08:50:00,0.09517,0.09521,0.09515,0.09521,423568,40310.01711
DOGEUSDT,1776729300000,2026-04-20 23:55:00,2026-04-21 08:55:00,0.09521,0.09526,0.09519,0.09521,2022419,192608.24291
DOGEUSDT,1776729600000,2026-04-21 00:00:00,2026-04-21 09:00:00,0.09521,0.09542,0.09518,0.09526,3232005,307960.88346
DOGEUSDT,1776729900000,2026-04-21 00:05:00,2026-04-21 09:05:00,0.09525,0.09529,0.09512,0.09515,2111140,201011.32604
DOGEUSDT,1776730200000,2026-04-21 00:10:00,2026-04-21 09:10:00,0.09515,0.09526,0.09515,0.09519,633032,60267.37186
DOGEUSDT,1776730500000,2026-04-21 00:15:00,2026-04-21 09:15:00,0.09519,0.09527,0.09516,0.09527,622284,59247.64332
DOGEUSDT,1776730800000,2026-04-21 00:20:00,2026-04-21 09:20:00,0.09526,0.09528,0.09516,0.09522,1138397,108381.16847
DOGEUSDT,1776731100000,2026-04-21 00:25:00,2026-04-21 09:25:00,0.09522,0.09535,0.09515,0.09534,1450860,138216.3508
DOGEUSDT,1776731400000,2026-04-21 00:30:00,2026-04-21 09:30:00,0.09534,0.09541,0.09529,0.09541,397005,37849.59444
DOGEUSDT,1776731700000,2026-04-21 00:35:00,2026-04-21 09:35:00,0.09541,0.09547,0.09537,0.09537,625701,59696.10711
DOGEUSDT,1776732000000,2026-04-21 00:40:00,2026-04-21 09:40:00,0.09537,0.09545,0.09532,0.09532,2137339,203938.28502
DOGEUSDT,1776732300000,2026-04-21 00:45:00,2026-04-21 09:45:00,0.09531,0.09563,0.09531,0.09553,1818538,173670.87497
DOGEUSDT,1776732600000,2026-04-21 00:50:00,2026-04-21 09:50:00,0.09552,0.09552,0.09541,0.09542,777838,74244.75839
DOGEUSDT,1776732900000,2026-04-21 00:55:00,2026-04-21 09:55:00,0.09543,0.09552,0.09541,0.09551,228346,21803.79629
DOGEUSDT,1776733200000,2026-04-21 01:00:00,2026-04-21 10:00:00,0.0955,0.09553,0.09538,0.0955,4832770,461376.13658
DOGEUSDT,1776733500000,2026-04-21 01:05:00,2026-04-21 10:05:00,0.09551,0.096,0.09551,0.0957,23688998,2268981.24084
DOGEUSDT,1776733800000,2026-04-21 01:10:00,2026-04-21 10:10:00,0.0957,0.09585,0.0957,0.0958,1065105,101982.64572
DOGEUSDT,1776734100000,2026-04-21 01:15:00,2026-04-21 10:15:00,0.0958,0.0958,0.09568,0.09572,675334,64660.39361
DOGEUSDT,1776734400000,2026-04-21 01:20:00,2026-04-21 10:20:00,0.09573,0.09575,0.09558,0.09562,1931981,184830.4444
DOGEUSDT,1776734700000,2026-04-21 01:25:00,2026-04-21 10:25:00,0.09563,0.09567,0.09557,0.09566,742912,71025.04407
DOGEUSDT,1776735000000,2026-04-21 01:30:00,2026-04-21 10:30:00,0.09566,0.09576,0.09566,0.09567,285572,27336.19052
DOGEUSDT,1776735300000,2026-04-21 01:35:00,2026-04-21 10:35:00,0.09567,0.09569,0.09556,0.09563,766452,73301.97906
DOGEUSDT,1776735600000,2026-04-21 01:40:00,2026-04-21 10:40:00,0.09563,0.09575,0.09562,0.09573,294659,28192.75763
DOGEUSDT,1776735900000,2026-04-21 01:45:00,2026-04-21 10:45:00,0.09574,0.09574,0.09562,0.09566,875531,83773.7762
DOGEUSDT,1776736200000,2026-04-21 01:50:00,2026-04-21 10:50:00,0.09566,0.09569,0.09548,0.09552,590959,56492.8788
DOGEUSDT,1776736500000,2026-04-21 01:55:00,2026-04-21 10:55:00,0.09552,0.09552,0.09538,0.09543,846894,80807.69044
DOGEUSDT,1776736800000,2026-04-21 02:00:00,2026-04-21 11:00:00,0.09542,0.09548,0.09528,0.09531,1284064,122436.25022
DOGEUSDT,1776737100000,2026-04-21 02:05:00,2026-04-21 11:05:00,0.09532,0.09538,0.09525,0.09525,1320818,125864.28245
DOGEUSDT,1776737400000,2026-04-21 02:10:00,2026-04-21 11:10:00,0.09525,0.09533,0.09522,0.09526,2132775,203179.8978
DOGEUSDT,1776737700000,2026-04-21 02:15:00,2026-04-21 11:15:00,0.09527,0.0953,0.09522,0.09522,1704393,162364.49578
DOGEUSDT,1776738000000,2026-04-21 02:20:00,2026-04-21 11:20:00,0.09522,0.09524,0.09513,0.0952,701849,66806.23801
DOGEUSDT,1776738300000,2026-04-21 02:25:00,2026-04-21 11:25:00,0.0952,0.09535,0.09513,0.09522,1132022,107809.7127
DOGEUSDT,1776738600000,2026-04-21 02:30:00,2026-04-21 11:30:00,0.09521,0.09539,0.09521,0.09532,1257968,119887.93144
DOGEUSDT,1776738900000,2026-04-21 02:35:00,2026-04-21 11:35:00,0.09533,0.09536,0.09526,0.09526,1017326,96955.66341
DOGEUSDT,1776739200000,2026-04-21 02:40:00,2026-04-21 11:40:00,0.09526,0.09528,0.09516,0.09518,1231225,117232.84838
DOGEUSDT,1776739500000,2026-04-21 02:45:00,2026-04-21 11:45:00,0.09519,0.09524,0.09512,0.09515,2274853,216511.13342
DOGEUSDT,1776739800000,2026-04-21 02:50:00,2026-04-21 11:50:00,0.09516,0.09523,0.09515,0.09519,603910,57475.40291
DOGEUSDT,1776740100000,2026-04-21 02:55:00,2026-04-21 11:55:00,0.09519,0.0952,0.09508,0.09509,865353,82340.73261
DOGEUSDT,1776740400000,2026-04-21 03:00:00,2026-04-21 12:00:00,0.09509,0.09515,0.09492,0.09508,2771097,263339.5547
DOGEUSDT,1776740700000,2026-04-21 03:05:00,2026-04-21 12:05:00,0.09509,0.09509,0.09498,0.09499,451721,42928.89545
DOGEUSDT,1776741000000,2026-04-21 03:10:00,2026-04-21 12:10:00,0.09499,0.09505,0.09489,0.09492,708838,67317.2941
DOGEUSDT,1776741300000,2026-04-21 03:15:00,2026-04-21 12:15:00,0.09491,0.09491,0.09467,0.09473,1427944,135356.8989
DOGEUSDT,1776741600000,2026-04-21 03:20:00,2026-04-21 12:20:00,0.09473,0.09476,0.09467,0.09472,1356799,128523.50332
DOGEUSDT,1776741900000,2026-04-21 03:25:00,2026-04-21 12:25:00,0.09473,0.09488,0.09472,0.09477,1148684,108912.82339
DOGEUSDT,1776742200000,2026-04-21 03:30:00,2026-04-21 12:30:00,0.09476,0.0949,0.09472,0.09486,827761,78510.41297
DOGEUSDT,1776742500000,2026-04-21 03:35:00,2026-04-21 12:35:00,0.09485,0.09485,0.09472,0.09475,1271557,120549.06796
DOGEUSDT,1776742800000,2026-04-21 03:40:00,2026-04-21 12:40:00,0.09475,0.0949,0.09462,0.09484,5392627,511217.99284
DOGEUSDT,1776743100000,2026-04-21 03:45:00,2026-04-21 12:45:00,0.09484,0.09505,0.09484,0.09504,990094,94009.48468
DOGEUSDT,1776743400000,2026-04-21 03:50:00,2026-04-21 12:50:00,0.09505,0.09517,0.09501,0.09504,1693395,161018.9446
DOGEUSDT,1776743700000,2026-04-21 03:55:00,2026-04-21 12:55:00,0.09504,0.09505,0.09487,0.09488,802421,76177.96216
DOGEUSDT,1776744000000,2026-04-21 04:00:00,2026-04-21 13:00:00,0.09489,0.09502,0.09488,0.095,2787547,264731.8976
DOGEUSDT,1776744300000,2026-04-21 04:05:00,2026-04-21 13:05:00,0.095,0.09501,0.09493,0.09495,1514253,143813.90041
DOGEUSDT,1776744600000,2026-04-21 04:10:00,2026-04-21 13:10:00,0.09494,0.09507,0.09494,0.095,1824504,173402.05719
DOGEUSDT,1776744900000,2026-04-21 04:15:00,2026-04-21 13:15:00,0.09501,0.09513,0.09499,0.09503,2840845,270064.13656
DOGEUSDT,1776745200000,2026-04-21 04:20:00,2026-04-21 13:20:00,0.09504,0.09521,0.09504,0.09521,1767813,168177.5063
DOGEUSDT,1776745500000,2026-04-21 04:25:00,2026-04-21 13:25:00,0.0952,0.09534,0.09517,0.09525,8006961,762868.93525
DOGEUSDT,1776745800000,2026-04-21 04:30:00,2026-04-21 13:30:00,0.09526,0.09539,0.09523,0.09532,4928282,469831.33041
DOGEUSDT,1776746100000,2026-04-21 04:35:00,2026-04-21 13:35:00,0.09533,0.09543,0.09511,0.09512,5390298,513329.86052
DOGEUSDT,1776746400000,2026-04-21 04:40:00,2026-04-21 13:40:00,0.09512,0.09521,0.09506,0.0952,906919,86272.30622
DOGEUSDT,1776746700000,2026-04-21 04:45:00,2026-04-21 13:45:00,0.09521,0.09521,0.09513,0.09513,450777,42895.84343
DOGEUSDT,1776747000000,2026-04-21 04:50:00,2026-04-21 13:50:00,0.09514,0.09533,0.09513,0.09529,1071564,102050.49548
DOGEUSDT,1776747300000,2026-04-21 04:55:00,2026-04-21 13:55:00,0.09528,0.09531,0.0952,0.09522,1249574,119017.57988
DOGEUSDT,1776747600000,2026-04-21 05:00:00,2026-04-21 14:00:00,0.09523,0.09534,0.09522,0.09531,1123958,107107.33427
DOGEUSDT,1776747900000,2026-04-21 05:05:00,2026-04-21 14:05:00,0.09531,0.09555,0.0953,0.09548,3847414,367285.82747
DOGEUSDT,1776748200000,2026-04-21 05:10:00,2026-04-21 14:10:00,0.09548,0.09548,0.09522,0.09524,1723414,164312.13308
DOGEUSDT,1776748500000,2026-04-21 05:15:00,2026-04-21 14:15:00,0.09524,0.09528,0.09505,0.09508,3371072,320635.11001
DOGEUSDT,1776748800000,2026-04-21 05:20:00,2026-04-21 14:20:00,0.09509,0.09545,0.09505,0.09538,9030760,859580.46477
DOGEUSDT,1776749100000,2026-04-21 05:25:00,2026-04-21 14:25:00,0.09538,0.09545,0.09526,0.09537,1677581,159978.84633
DOGEUSDT,1776749400000,2026-04-21 05:30:00,2026-04-21 14:30:00,0.09536,0.09541,0.09535,0.0954,211282,20153.90908
DOGEUSDT,1776749700000,2026-04-21 05:35:00,2026-04-21 14:35:00,0.09539,0.09546,0.09538,0.0954,273681,26115.79155
DOGEUSDT,1776750000000,2026-04-21 05:40:00,2026-04-21 14:40:00,0.0954,0.09548,0.09539,0.09547,1050247,100247.82181
DOGEUSDT,1776750300000,2026-04-21 05:45:00,2026-04-21 14:45:00,0.09547,0.09548,0.0954,0.09541,947362,90432.36393
DOGEUSDT,1776750600000,2026-04-21 05:50:00,2026-04-21 14:50:00,0.09541,0.0955,0.0954,0.0955,760460,72584.18698
DOGEUSDT,1776750900000,2026-04-21 05:55:00,2026-04-21 14:55:00,0.09551,0.09553,0.09543,0.09545,1426610,136215.9117
DOGEUSDT,1776751200000,2026-04-21 06:00:00,2026-04-21 15:00:00,0.09544,0.09551,0.09536,0.09536,1771294,169060.85163
DOGEUSDT,1776751500000,2026-04-21 06:05:00,2026-04-21 15:05:00,0.09536,0.09541,0.0953,0.09533,886274,84503.32596
DOGEUSDT,1776751800000,2026-04-21 06:10:00,2026-04-21 15:10:00,0.09533,0.09541,0.09529,0.09539,1696505,161724.56022
DOGEUSDT,1776752100000,2026-04-21 06:15:00,2026-04-21 15:15:00,0.09538,0.09541,0.09523,0.09523,1127943,107543.07408
DOGEUSDT,1776752400000,2026-04-21 06:20:00,2026-04-21 15:20:00,0.09523,0.09526,0.09514,0.09521,2486152,236671.05376
DOGEUSDT,1776752700000,2026-04-21 06:25:00,2026-04-21 15:25:00,0.09522,0.09524,0.09516,0.09517,482642,45949.45814
DOGEUSDT,1776753000000,2026-04-21 06:30:00,2026-04-21 15:30:00,0.09518,0.09562,0.09516,0.0956,2118300,202192.13628
DOGEUSDT,1776753300000,2026-04-21 06:35:00,2026-04-21 15:35:00,0.0956,0.09582,0.0956,0.09565,2143280,205170.61352
DOGEUSDT,1776753600000,2026-04-21 06:40:00,2026-04-21 15:40:00,0.09565,0.0957,0.09556,0.09557,492932,47140.13157
DOGEUSDT,1776753900000,2026-04-21 06:45:00,2026-04-21 15:45:00,0.09557,0.09566,0.09554,0.09558,816222,78031.17745
DOGEUSDT,1776754200000,2026-04-21 06:50:00,2026-04-21 15:50:00,0.09557,0.09563,0.09544,0.09545,1753786,167530.09322
DOGEUSDT,1776754500000,2026-04-21 06:55:00,2026-04-21 15:55:00,0.09545,0.0955,0.09536,0.09536,508536,48545.41589
DOGEUSDT,1776754800000,2026-04-21 07:00:00,2026-04-21 16:00:00,0.09537,0.09538,0.09517,0.09525,1302200,124027.59153
DOGEUSDT,1776755100000,2026-04-21 07:05:00,2026-04-21 16:05:00,0.09525,0.09531,0.09523,0.0953,659641,62836.24344
DOGEUSDT,1776755400000,2026-04-21 07:10:00,2026-04-21 16:10:00,0.09531,0.09536,0.09525,0.09529,642517,61223.82981
DOGEUSDT,1776755700000,2026-04-21 07:15:00,2026-04-21 16:15:00,0.09528,0.09534,0.09517,0.0953,1670222,159077.60519
DOGEUSDT,1776756000000,2026-04-21 07:20:00,2026-04-21 16:20:00,0.0953,0.09537,0.09525,0.09537,1946536,185571.61824
DOGEUSDT,1776756300000,2026-04-21 07:25:00,2026-04-21 16:25:00,0.09537,0.09566,0.09537,0.09549,1477536,141117.27227
DOGEUSDT,1776756600000,2026-04-21 07:30:00,2026-04-21 16:30:00,0.09549,0.0955,0.09522,0.0953,2246240,214019.83753
DOGEUSDT,1776756900000,2026-04-21 07:35:00,2026-04-21 16:35:00,0.09531,0.09541,0.09531,0.09538,622983,59404.71568
DOGEUSDT,1776757200000,2026-04-21 07:40:00,2026-04-21 16:40:00,0.09539,0.09547,0.09539,0.0954,830710,79283.53962
DOGEUSDT,1776757500000,2026-04-21 07:45:00,2026-04-21 16:45:00,0.09539,0.09543,0.09525,0.0954,1026623,97879.28983
DOGEUSDT,1776757800000,2026-04-21 07:50:00,2026-04-21 16:50:00,0.09541,0.09551,0.09533,0.09537,893819,85290.12744
DOGEUSDT,1776758100000,2026-04-21 07:55:00,2026-04-21 16:55:00,0.09538,0.09538,0.09527,0.09528,543543,51822.67445
DOGEUSDT,1776758400000,2026-04-21 08:00:00,2026-04-21 17:00:00,0.09527,0.09541,0.09521,0.09536,1083104,103256.99934
DOGEUSDT,1776758700000,2026-04-21 08:05:00,2026-04-21 17:05:00,0.09536,0.09542,0.09529,0.09533,793483,75666.44608
DOGEUSDT,1776759000000,2026-04-21 08:10:00,2026-04-21 17:10:00,0.09533,0.09534,0.09518,0.09525,2802106,266876.48043
DOGEUSDT,1776759300000,2026-04-21 08:15:00,2026-04-21 17:15:00,0.09525,0.09535,0.09524,0.09529,340720,32474.70567
DOGEUSDT,1776759600000,2026-04-21 08:20:00,2026-04-21 17:20:00,0.09529,0.0955,0.09529,0.09545,1103360,105271.17829
DOGEUSDT,1776759900000,2026-04-21 08:25:00,2026-04-21 17:25:00,0.09546,0.0955,0.09542,0.09545,389154,37151.22699
DOGEUSDT,1776760200000,2026-04-21 08:30:00,2026-04-21 17:30:00,0.09544,0.09544,0.09529,0.09536,747635,71313.91921
DOGEUSDT,1776760500000,2026-04-21 08:35:00,2026-04-21 17:35:00,0.09536,0.09537,0.09527,0.09533,866575,82594.61909
DOGEUSDT,1776760800000,2026-04-21 08:40:00,2026-04-21 17:40:00,0.09532,0.09549,0.09529,0.09543,1666251,158971.52215
DOGEUSDT,1776761100000,2026-04-21 08:45:00,2026-04-21 17:45:00,0.09542,0.09588,0.09538,0.09558,3765327,360297.94078
DOGEUSDT,1776761400000,2026-04-21 08:50:00,2026-04-21 17:50:00,0.09558,0.09559,0.09545,0.09549,698922,66754.68729
DOGEUSDT,1776761700000,2026-04-21 08:55:00,2026-04-21 17:55:00,0.09548,0.09549,0.09534,0.09537,683078,65157.15462
DOGEUSDT,1776762000000,2026-04-21 09:00:00,2026-04-21 18:00:00,0.09538,0.09542,0.09526,0.09539,2356991,224669.43587
DOGEUSDT,1776762300000,2026-04-21 09:05:00,2026-04-21 18:05:00,0.09539,0.09541,0.09527,0.09529,917225,87429.58315
DOGEUSDT,1776762600000,2026-04-21 09:10:00,2026-04-21 18:10:00,0.09529,0.09538,0.09522,0.09535,3093021,294720.44184
DOGEUSDT,1776762900000,2026-04-21 09:15:00,2026-04-21 18:15:00,0.09534,0.09545,0.09534,0.09538,2830025,269977.99196
DOGEUSDT,1776763200000,2026-04-21 09:20:00,2026-04-21 18:20:00,0.09539,0.0955,0.09539,0.09548,1241123,118467.21161
DOGEUSDT,1776763500000,2026-04-21 09:25:00,2026-04-21 18:25:00,0.09547,0.09548,0.09524,0.09531,1970342,187767.83077
DOGEUSDT,1776763800000,2026-04-21 09:30:00,2026-04-21 18:30:00,0.09532,0.09535,0.09526,0.09527,623725,59439.53173
DOGEUSDT,1776764100000,2026-04-21 09:35:00,2026-04-21 18:35:00,0.09526,0.09538,0.09525,0.09538,564519,53796.53516
DOGEUSDT,1776764400000,2026-04-21 09:40:00,2026-04-21 18:40:00,0.09539,0.09552,0.09539,0.09552,1340292,127946.9513
DOGEUSDT,1776764700000,2026-04-21 09:45:00,2026-04-21 18:45:00,0.09552,0.09563,0.09552,0.09562,1250040,119486.10998
DOGEUSDT,1776765000000,2026-04-21 09:50:00,2026-04-21 18:50:00,0.09562,0.09569,0.09558,0.09563,822829,78701.20902
DOGEUSDT,1776765300000,2026-04-21 09:55:00,2026-04-21 18:55:00,0.09564,0.09575,0.09564,0.09567,707746,67719.56117
DOGEUSDT,1776765600000,2026-04-21 10:00:00,2026-04-21 19:00:00,0.09568,0.0958,0.09566,0.0957,1367020,130861.74777
DOGEUSDT,1776765900000,2026-04-21 10:05:00,2026-04-21 19:05:00,0.0957,0.09576,0.09561,0.09571,3159519,302201.02825
DOGEUSDT,1776766200000,2026-04-21 10:10:00,2026-04-21 19:10:00,0.0957,0.0957,0.09557,0.09561,1339930,128093.03987
DOGEUSDT,1776766500000,2026-04-21 10:15:00,2026-04-21 19:15:00,0.0956,0.09563,0.09552,0.09552,819971,78361.58768
DOGEUSDT,1776766800000,2026-04-21 10:20:00,2026-04-21 19:20:00,0.09552,0.09567,0.0955,0.09562,792029,75712.87081
DOGEUSDT,1776767100000,2026-04-21 10:25:00,2026-04-21 19:25:00,0.09562,0.09564,0.09553,0.09559,1068839,102163.76598
DOGEUSDT,1776767400000,2026-04-21 10:30:00,2026-04-21 19:30:00,0.09559,0.09566,0.09557,0.09565,2023658,193527.92587
DOGEUSDT,1776767700000,2026-04-21 10:35:00,2026-04-21 19:35:00,0.09566,0.09567,0.09558,0.09563,306720,29328.88889
DOGEUSDT,1776768000000,2026-04-21 10:40:00,2026-04-21 19:40:00,0.09563,0.09578,0.09562,0.09577,1560620,149341.37075
DOGEUSDT,1776768300000,2026-04-21 10:45:00,2026-04-21 19:45:00,0.09577,0.09584,0.0957,0.09584,1439029,137842.46717
DOGEUSDT,1776768600000,2026-04-21 10:50:00,2026-04-21 19:50:00,0.09584,0.09593,0.09576,0.09587,3352947,321391.54173
DOGEUSDT,1776768900000,2026-04-21 10:55:00,2026-04-21 19:55:00,0.09587,0.09592,0.09577,0.09577,898890,86167.48563
DOGEUSDT,1776769200000,2026-04-21 11:00:00,2026-04-21 20:00:00,0.09578,0.09582,0.0956,0.09566,1155286,110520.83127
DOGEUSDT,1776769500000,2026-04-21 11:05:00,2026-04-21 20:05:00,0.09566,0.09568,0.09552,0.09557,1570482,150181.29731
DOGEUSDT,1776769800000,2026-04-21 11:10:00,2026-04-21 20:10:00,0.09557,0.09563,0.09535,0.09547,4909797,468674.01967
DOGEUSDT,1776770100000,2026-04-21 11:15:00,2026-04-21 20:15:00,0.09547,0.09555,0.09539,0.09549,805170,76865.31989
DOGEUSDT,1776770400000,2026-04-21 11:20:00,2026-04-21 20:20:00,0.0955,0.09567,0.09549,0.09565,682499,65258.57362
DOGEUSDT,1776770700000,2026-04-21 11:25:00,2026-04-21 20:25:00,0.09565,0.09566,0.09556,0.09565,1133821,108450.46358
DOGEUSDT,1776771000000,2026-04-21 11:30:00,2026-04-21 20:30:00,0.09564,0.09581,0.09564,0.09575,440389,42170.32027
DOGEUSDT,1776771300000,2026-04-21 11:35:00,2026-04-21 20:35:00,0.09574,0.0958,0.0956,0.09566,6637861,635068.76291
DOGEUSDT,1776771600000,2026-04-21 11:40:00,2026-04-21 20:40:00,0.09566,0.0957,0.09552,0.09555,1903181,182035.61506
DOGEUSDT,1776771900000,2026-04-21 11:45:00,2026-04-21 20:45:00,0.09554,0.09556,0.09546,0.09552,1641103,156723.95829
DOGEUSDT,1776772200000,2026-04-21 11:50:00,2026-04-21 20:50:00,0.09551,0.09555,0.09545,0.09545,1306992,124840.83728
DOGEUSDT,1776772500000,2026-04-21 11:55:00,2026-04-21 20:55:00,0.09546,0.0955,0.09541,0.09544,1140653,108886.56989
DOGEUSDT,1776772800000,2026-04-21 12:00:00,2026-04-21 21:00:00,0.09545,0.09551,0.09535,0.09536,1266192,120826.47393
DOGEUSDT,1776773100000,2026-04-21 12:05:00,2026-04-21 21:05:00,0.09536,0.09542,0.09534,0.09534,604150,57627.4
DOGEUSDT,1776773400000,2026-04-21 12:10:00,2026-04-21 21:10:00,0.09534,0.09538,0.09526,0.09527,3246688,309413.98131
DOGEUSDT,1776773700000,2026-04-21 12:15:00,2026-04-21 21:15:00,0.09528,0.09531,0.09524,0.09527,1956213,186382.97522
DOGEUSDT,1776774000000,2026-04-21 12:20:00,2026-04-21 21:20:00,0.09526,0.09536,0.09525,0.09529,801541,76384.90437
DOGEUSDT,1776774300000,2026-04-21 12:25:00,2026-04-21 21:25:00,0.0953,0.09539,0.09527,0.09539,638125,60834.18923
DOGEUSDT,1776774600000,2026-04-21 12:30:00,2026-04-21 21:30:00,0.09539,0.09541,0.0952,0.09539,1394864,132930.41485
DOGEUSDT,1776774900000,2026-04-21 12:35:00,2026-04-21 21:35:00,0.09539,0.0954,0.09489,0.0949,6343048,603220.42792
DOGEUSDT,1776775200000,2026-04-21 12:40:00,2026-04-21 21:40:00,0.09491,0.09493,0.09466,0.09483,8594211,814567.67735
DOGEUSDT,1776775500000,2026-04-21 12:45:00,2026-04-21 21:45:00,0.09483,0.09487,0.09467,0.0948,2970766,281683.04035
DOGEUSDT,1776775800000,2026-04-21 12:50:00,2026-04-21 21:50:00,0.09479,0.09498,0.09478,0.09498,2909360,276039.52327
DOGEUSDT,1776776100000,2026-04-21 12:55:00,2026-04-21 21:55:00,0.09497,0.09505,0.09489,0.095,1304731,123910.24705
DOGEUSDT,1776776400000,2026-04-21 13:00:00,2026-04-21 22:00:00,0.09499,0.09504,0.09486,0.09486,1049015,99614.18498
DOGEUSDT,1776776700000,2026-04-21 13:05:00,2026-04-21 22:05:00,0.09487,0.095,0.09483,0.09495,1322742,125568.3524
DOGEUSDT,1776777000000,2026-04-21 13:10:00,2026-04-21 22:10:00,0.09495,0.095,0.09484,0.09486,9808041,930839.53894
DOGEUSDT,1776777300000,2026-04-21 13:15:00,2026-04-21 22:15:00,0.09485,0.09494,0.09483,0.09491,454762,43154.24182
DOGEUSDT,1776777600000,2026-04-21 13:20:00,2026-04-21 22:20:00,0.09492,0.09496,0.09488,0.09496,584815,55509.40546
DOGEUSDT,1776777900000,2026-04-21 13:25:00,2026-04-21 22:25:00,0.09497,0.09508,0.09495,0.09504,759724,72188.30668
DOGEUSDT,1776778200000,2026-04-21 13:30:00,2026-04-21 22:30:00,0.09504,0.09508,0.09495,0.09506,2562349,243423.33467
DOGEUSDT,1776778500000,2026-04-21 13:35:00,2026-04-21 22:35:00,0.09507,0.09514,0.09491,0.09493,1073936,102048.62854
DOGEUSDT,1776778800000,2026-04-21 13:40:00,2026-04-21 22:40:00,0.09492,0.09531,0.09485,0.09513,2431662,231281.1977
DOGEUSDT,1776779100000,2026-04-21 13:45:00,2026-04-21 22:45:00,0.09512,0.09522,0.0951,0.09514,1014386,96522.79743
DOGEUSDT,1776779400000,2026-04-21 13:50:00,2026-04-21 22:50:00,0.09514,0.09523,0.09508,0.09513,498785,47461.55392
DOGEUSDT,1776779700000,2026-04-21 13:55:00,2026-04-21 22:55:00,0.09514,0.09524,0.09512,0.09518,648149,61686.50023
DOGEUSDT,1776780000000,2026-04-21 14:00:00,2026-04-21 23:00:00,0.09519,0.09525,0.09492,0.09502,2695900,256352.00808
DOGEUSDT,1776780300000,2026-04-21 14:05:00,2026-04-21 23:05:00,0.09502,0.09505,0.09487,0.095,2077885,197336.86449
DOGEUSDT,1776780600000,2026-04-21 14:10:00,2026-04-21 23:10:00,0.095,0.09501,0.09488,0.09491,1364047,129472.31743
DOGEUSDT,1776780900000,2026-04-21 14:15:00,2026-04-21 23:15:00,0.09492,0.09541,0.09492,0.0952,5057303,481609.83678
DOGEUSDT,1776781200000,2026-04-21 14:20:00,2026-04-21 23:20:00,0.09519,0.09531,0.09512,0.0952,1097504,104510.18449
DOGEUSDT,1776781500000,2026-04-21 14:25:00,2026-04-21 23:25:00,0.0952,0.09532,0.09519,0.09523,871737,83034.29221
DOGEUSDT,1776781800000,2026-04-21 14:30:00,2026-04-21 23:30:00,0.09522,0.09545,0.09521,0.09538,3659668,349000.08514
DOGEUSDT,1776782100000,2026-04-21 14:35:00,2026-04-21 23:35:00,0.09539,0.09553,0.09537,0.09548,2999575,286326.59081
DOGEUSDT,1776782400000,2026-04-21 14:40:00,2026-04-21 23:40:00,0.09549,0.0957,0.09547,0.09553,3806275,363785.23319
DOGEUSDT,1776782700000,2026-04-21 14:45:00,2026-04-21 23:45:00,0.09552,0.09554,0.09527,0.09536,2252585,214859.44054
DOGEUSDT,1776783000000,2026-04-21 14:50:00,2026-04-21 23:50:00,0.09535,0.09537,0.09528,0.09528,858818,81880.70918
DOGEUSDT,1776783300000,2026-04-21 14:55:00,2026-04-21 23:55:00,0.09528,0.09528,0.09482,0.09495,4965907,472111.58795
DOGEUSDT,1776783600000,2026-04-21 15:00:00,2026-04-22 00:00:00,0.09495,0.09504,0.0947,0.09496,3846689,364977.66233
DOGEUSDT,1776783900000,2026-04-21 15:05:00,2026-04-22 00:05:00,0.09497,0.09497,0.0948,0.09491,1723777,163544.13349
DOGEUSDT,1776784200000,2026-04-21 15:10:00,2026-04-22 00:10:00,0.09492,0.09507,0.0949,0.09505,1855785,176267.30868
DOGEUSDT,1776784500000,2026-04-21 15:15:00,2026-04-22 00:15:00,0.09504,0.09527,0.09504,0.09524,2079001,197846.34501
DOGEUSDT,1776784800000,2026-04-21 15:20:00,2026-04-22 00:20:00,0.09524,0.09524,0.09497,0.09503,1798615,171069.89864
DOGEUSDT,1776785100000,2026-04-21 15:25:00,2026-04-22 00:25:00,0.09503,0.09503,0.09478,0.09485,2894414,274551.86787
DOGEUSDT,1776785400000,2026-04-21 15:30:00,2026-04-22 00:30:00,0.09485,0.09491,0.09455,0.09463,4215585,399138.01852
DOGEUSDT,1776785700000,2026-04-21 15:35:00,2026-04-22 00:35:00,0.09462,0.09481,0.09443,0.09481,3648047,344973.36619
DOGEUSDT,1776786000000,2026-04-21 15:40:00,2026-04-22 00:40:00,0.09482,0.09486,0.09468,0.09468,1847103,175009.94097
DOGEUSDT,1776786300000,2026-04-21 15:45:00,2026-04-22 00:45:00,0.09469,0.09479,0.0946,0.09471,1017098,96279.12039
DOGEUSDT,1776786600000,2026-04-21 15:50:00,2026-04-22 00:50:00,0.09471,0.09473,0.09463,0.09463,739557,70014.78083
DOGEUSDT,1776786900000,2026-04-21 15:55:00,2026-04-22 00:55:00,0.09463,0.09478,0.0946,0.09477,992284,93953.6444
DOGEUSDT,1776787200000,2026-04-21 16:00:00,2026-04-22 01:00:00,0.09478,0.09505,0.09478,0.09486,4579200,434640.54029
DOGEUSDT,1776787500000,2026-04-21 16:05:00,2026-04-22 01:05:00,0.09485,0.09499,0.09479,0.09498,1830485,173660.78459
DOGEUSDT,1776787800000,2026-04-21 16:10:00,2026-04-22 01:10:00,0.09498,0.09499,0.09487,0.09499,1505995,142965.5244
DOGEUSDT,1776788100000,2026-04-21 16:15:00,2026-04-22 01:15:00,0.09499,0.09513,0.09493,0.09506,6439770,612319.08399
DOGEUSDT,1776788400000,2026-04-21 16:20:00,2026-04-22 01:20:00,0.09506,0.09507,0.0948,0.09487,1231557,116874.77504
DOGEUSDT,1776788700000,2026-04-21 16:25:00,2026-04-22 01:25:00,0.09487,0.09497,0.09479,0.09481,827120,78476.54461
DOGEUSDT,1776789000000,2026-04-21 16:30:00,2026-04-22 01:30:00,0.0948,0.09505,0.09474,0.09505,1200768,113971.25332
DOGEUSDT,1776789300000,2026-04-21 16:35:00,2026-04-22 01:35:00,0.09505,0.09517,0.09493,0.09497,2060355,195892.13589
DOGEUSDT,1776789600000,2026-04-21 16:40:00,2026-04-22 01:40:00,0.09497,0.09509,0.09485,0.09489,1271088,120701.7585
DOGEUSDT,1776789900000,2026-04-21 16:45:00,2026-04-22 01:45:00,0.0949,0.09503,0.09488,0.09503,549515,52178.28426
DOGEUSDT,1776790200000,2026-04-21 16:50:00,2026-04-22 01:50:00,0.09502,0.09503,0.09481,0.09483,1024273,97192.31486
DOGEUSDT,1776790500000,2026-04-21 16:55:00,2026-04-22 01:55:00,0.09482,0.09483,0.09458,0.09464,2534265,239998.38232
DOGEUSDT,1776790800000,2026-04-21 17:00:00,2026-04-22 02:00:00,0.09463,0.09471,0.09459,0.09462,939949,88959.79196
DOGEUSDT,1776791100000,2026-04-21 17:05:00,2026-04-22 02:05:00,0.09462,0.09463,0.09446,0.09458,1805321,170661.9729
DOGEUSDT,1776791400000,2026-04-21 17:10:00,2026-04-22 02:10:00,0.09458,0.09458,0.09423,0.09436,2258619,213061.64774
DOGEUSDT,1776791700000,2026-04-21 17:15:00,2026-04-22 02:15:00,0.09436,0.09438,0.0937,0.09375,11560272,1086484.55316
DOGEUSDT,1776792000000,2026-04-21 17:20:00,2026-04-22 02:20:00,0.09375,0.09408,0.09366,0.09403,4343914,408155.37718
DOGEUSDT,1776792300000,2026-04-21 17:25:00,2026-04-22 02:25:00,0.09402,0.09416,0.09384,0.09396,2284519,214734.23496
DOGEUSDT,1776792600000,2026-04-21 17:30:00,2026-04-22 02:30:00,0.09396,0.09404,0.0939,0.094,825810,77597.8322
DOGEUSDT,1776792900000,2026-04-21 17:35:00,2026-04-22 02:35:00,0.09401,0.0945,0.09395,0.09436,5989426,564080.58237
DOGEUSDT,1776793200000,2026-04-21 17:40:00,2026-04-22 02:40:00,0.09436,0.09487,0.09435,0.09469,3126227,295876.21119
DOGEUSDT,1776793500000,2026-04-21 17:45:00,2026-04-22 02:45:00,0.09469,0.09473,0.09456,0.09465,1127661,106686.6701
DOGEUSDT,1776793800000,2026-04-21 17:50:00,2026-04-22 02:50:00,0.09464,0.09467,0.09447,0.09448,1518221,143614.0811
DOGEUSDT,1776794100000,2026-04-21 17:55:00,2026-04-22 02:55:00,0.09448,0.0945,0.09435,0.09443,866256,81780.71065
DOGEUSDT,1776794400000,2026-04-21 18:00:00,2026-04-22 03:00:00,0.09443,0.09443,0.09431,0.09432,803355,75832.92072
DOGEUSDT,1776794700000,2026-04-21 18:05:00,2026-04-22 03:05:00,0.09432,0.09441,0.09428,0.09431,406764,38367.30595
DOGEUSDT,1776795000000,2026-04-21 18:10:00,2026-04-22 03:10:00,0.09432,0.09432,0.09418,0.09429,479282,45177.92981
DOGEUSDT,1776795300000,2026-04-21 18:15:00,2026-04-22 03:15:00,0.0943,0.09439,0.09414,0.09417,4601976,433761.40812
DOGEUSDT,1776795600000,2026-04-21 18:20:00,2026-04-22 03:20:00,0.09416,0.09431,0.09413,0.09422,1275728,120143.84133
DOGEUSDT,1776795900000,2026-04-21 18:25:00,2026-04-22 03:25:00,0.09422,0.09428,0.09414,0.09422,696743,65628.69025
DOGEUSDT,1776796200000,2026-04-21 18:30:00,2026-04-22 03:30:00,0.09422,0.0944,0.09422,0.09439,293320,27658.51948
DOGEUSDT,1776796500000,2026-04-21 18:35:00,2026-04-22 03:35:00,0.09439,0.09442,0.09426,0.09431,335432,31639.95874
DOGEUSDT,1776796800000,2026-04-21 18:40:00,2026-04-22 03:40:00,0.0943,0.09431,0.09423,0.09424,395894,37321.30372
DOGEUSDT,1776797100000,2026-04-21 18:45:00,2026-04-22 03:45:00,0.09425,0.0943,0.09411,0.09412,217245,20466.13712
DOGEUSDT,1776797400000,2026-04-21 18:50:00,2026-04-22 03:50:00,0.09411,0.09437,0.09406,0.09434,2075897,195512.0406
DOGEUSDT,1776797700000,2026-04-21 18:55:00,2026-04-22 03:55:00,0.09434,0.09454,0.09429,0.09451,1901850,179548.73643
DOGEUSDT,1776798000000,2026-04-21 19:00:00,2026-04-22 04:00:00,0.09451,0.09468,0.09451,0.09465,1032369,97690.29876
DOGEUSDT,1776798300000,2026-04-21 19:05:00,2026-04-22 04:05:00,0.09466,0.09471,0.09457,0.09457,431251,40829.77388
DOGEUSDT,1776798600000,2026-04-21 19:10:00,2026-04-22 04:10:00,0.09457,0.09464,0.09436,0.0944,954904,90231.48934
DOGEUSDT,1776798900000,2026-04-21 19:15:00,2026-04-22 04:15:00,0.0944,0.09447,0.09436,0.0944,1619612,152936.84283
DOGEUSDT,1776799200000,2026-04-21 19:20:00,2026-04-22 04:20:00,0.0944,0.09478,0.0944,0.09476,1838497,173935.69498
DOGEUSDT,1776799500000,2026-04-21 19:25:00,2026-04-22 04:25:00,0.09475,0.09485,0.09463,0.09465,813725,77093.67462
DOGEUSDT,1776799800000,2026-04-21 19:30:00,2026-04-22 04:30:00,0.09465,0.09466,0.09438,0.09439,1239578,117145.93296
DOGEUSDT,1776800100000,2026-04-21 19:35:00,2026-04-22 04:35:00,0.09439,0.09439,0.09402,0.09411,3787902,356747.46754
DOGEUSDT,1776800400000,2026-04-21 19:40:00,2026-04-22 04:40:00,0.09411,0.09411,0.09356,0.09369,6777351,635233.25016
DOGEUSDT,1776800700000,2026-04-21 19:45:00,2026-04-22 04:45:00,0.09369,0.09392,0.09368,0.09386,2032262,190603.79746
DOGEUSDT,1776801000000,2026-04-21 19:50:00,2026-04-22 04:50:00,0.09387,0.09398,0.09372,0.09379,1474827,138400.05937
DOGEUSDT,1776801300000,2026-04-21 19:55:00,2026-04-22 04:55:00,0.0938,0.0939,0.09378,0.09387,740373,69488.9504
DOGEUSDT,1776801600000,2026-04-21 20:00:00,2026-04-22 05:00:00,0.09387,0.09398,0.09379,0.09394,1549564,145482.77913
DOGEUSDT,1776801900000,2026-04-21 20:05:00,2026-04-22 05:05:00,0.09395,0.0946,0.09388,0.09446,7273453,685473.46897
DOGEUSDT,1776802200000,2026-04-21 20:10:00,2026-04-22 05:10:00,0.09447,0.09473,0.09441,0.09459,7070697,668814.91612
DOGEUSDT,1776802500000,2026-04-21 20:15:00,2026-04-22 05:15:00,0.0946,0.0948,0.09454,0.09465,1619839,153377.43535
DOGEUSDT,1776802800000,2026-04-21 20:20:00,2026-04-22 05:20:00,0.09466,0.09478,0.09465,0.09466,1296137,122759.09022
DOGEUSDT,1776803100000,2026-04-21 20:25:00,2026-04-22 05:25:00,0.09466,0.09486,0.09466,0.09469,1766487,167413.53342
DOGEUSDT,1776803400000,2026-04-21 20:30:00,2026-04-22 05:30:00,0.09469,0.09495,0.09469,0.09486,1101253,104432.92871
DOGEUSDT,1776803700000,2026-04-21 20:35:00,2026-04-22 05:35:00,0.09486,0.09486,0.09472,0.0948,324547,30758.25451
DOGEUSDT,1776804000000,2026-04-21 20:40:00,2026-04-22 05:40:00,0.0948,0.0948,0.09466,0.09468,725736,68739.55039
DOGEUSDT,1776804300000,2026-04-21 20:45:00,2026-04-22 05:45:00,0.09468,0.09472,0.09455,0.09472,426677,40371.15414
DOGEUSDT,1776804600000,2026-04-21 20:50:00,2026-04-22 05:50:00,0.09472,0.09475,0.09466,0.09475,756315,71612.70187
DOGEUSDT,1776804900000,2026-04-21 20:55:00,2026-04-22 05:55:00,0.09475,0.09479,0.09464,0.09464,1221448,115688.85285
DOGEUSDT,1776805200000,2026-04-21 21:00:00,2026-04-22 06:00:00,0.09464,0.09471,0.09456,0.0946,398956,37751.28974
DOGEUSDT,1776805500000,2026-04-21 21:05:00,2026-04-22 06:05:00,0.09459,0.09461,0.09455,0.09456,587299,55543.7418
DOGEUSDT,1776805800000,2026-04-21 21:10:00,2026-04-22 06:10:00,0.09457,0.09464,0.09445,0.09464,526445,49767.0284
DOGEUSDT,1776806100000,2026-04-21 21:15:00,2026-04-22 06:15:00,0.09464,0.09464,0.09453,0.09459,314869,29784.51987
DOGEUSDT,1776806400000,2026-04-21 21:20:00,2026-04-22 06:20:00,0.09458,0.09471,0.09458,0.09466,924827,87549.98524
DOGEUSDT,1776806700000,2026-04-21 21:25:00,2026-04-22 06:25:00,0.09465,0.09468,0.09455,0.09456,394722,37339.80567
DOGEUSDT,1776807000000,2026-04-21 21:30:00,2026-04-22 06:30:00,0.09457,0.09467,0.09457,0.09467,322601,30525.52141
DOGEUSDT,1776807300000,2026-04-21 21:35:00,2026-04-22 06:35:00,0.09466,0.09475,0.09466,0.09471,541233,51254.77396
DOGEUSDT,1776807600000,2026-04-21 21:40:00,2026-04-22 06:40:00,0.09471,0.09474,0.09463,0.09463,733706,69455.39027
DOGEUSDT,1776807900000,2026-04-21 21:45:00,2026-04-22 06:45:00,0.09462,0.09469,0.0946,0.09467,358160,33901.49484
DOGEUSDT,1776808200000,2026-04-21 21:50:00,2026-04-22 06:50:00,0.09468,0.0947,0.09466,0.09469,378945,35880.04647
DOGEUSDT,1776808500000,2026-04-21 21:55:00,2026-04-22 06:55:00,0.09469,0.09473,0.09461,0.09467,286214,27100.41459
DOGEUSDT,1776808800000,2026-04-21 22:00:00,2026-04-22 07:00:00,0.09466,0.09472,0.09456,0.09458,681404,64505.21262
DOGEUSDT,1776809100000,2026-04-21 22:05:00,2026-04-22 07:05:00,0.09457,0.09461,0.09449,0.09452,289912,27411.25476
DOGEUSDT,1776809400000,2026-04-21 22:10:00,2026-04-22 07:10:00,0.09452,0.09461,0.09452,0.09459,747744,70697.69856
DOGEUSDT,1776809700000,2026-04-21 22:15:00,2026-04-22 07:15:00,0.0946,0.0946,0.09431,0.09431,1530687,144571.6455
DOGEUSDT,1776810000000,2026-04-21 22:20:00,2026-04-22 07:20:00,0.09432,0.0944,0.09426,0.0943,1069512,100889.11979
DOGEUSDT,1776810300000,2026-04-21 22:25:00,2026-04-22 07:25:00,0.09431,0.09434,0.09426,0.09427,289883,27337.12421
DOGEUSDT,1776810600000,2026-04-21 22:30:00,2026-04-22 07:30:00,0.09427,0.09428,0.09417,0.09424,1247008,117497.86314
DOGEUSDT,1776810900000,2026-04-21 22:35:00,2026-04-22 07:35:00,0.09423,0.0943,0.09423,0.09423,942477,88854.82309
DOGEUSDT,1776811200000,2026-04-21 22:40:00,2026-04-22 07:40:00,0.09422,0.0944,0.09421,0.0944,354575,33442.25895
DOGEUSDT,1776811500000,2026-04-21 22:45:00,2026-04-22 07:45:00,0.0944,0.09444,0.09431,0.09431,463897,43787.67821
DOGEUSDT,1776811800000,2026-04-21 22:50:00,2026-04-22 07:50:00,0.09432,0.09441,0.09432,0.09441,266449,25140.64108
DOGEUSDT,1776812100000,2026-04-21 22:55:00,2026-04-22 07:55:00,0.09441,0.09447,0.09441,0.09446,241231,22780.6414
DOGEUSDT,1776812400000,2026-04-21 23:00:00,2026-04-22 08:00:00,0.09445,0.09466,0.09439,0.09457,942766,89131.59968
DOGEUSDT,1776812700000,2026-04-21 23:05:00,2026-04-22 08:05:00,0.09458,0.09469,0.09457,0.09469,1042296,98612.15551
DOGEUSDT,1776813000000,2026-04-21 23:10:00,2026-04-22 08:10:00,0.09468,0.0947,0.09458,0.09463,476677,45122.9905
DOGEUSDT,1776813300000,2026-04-21 23:15:00,2026-04-22 08:15:00,0.09462,0.09469,0.0946,0.09467,558956,52898.39697
DOGEUSDT,1776813600000,2026-04-21 23:20:00,2026-04-22 08:20:00,0.09467,0.09474,0.09466,0.09471,177667,16822.5018
DOGEUSDT,1776813900000,2026-04-21 23:25:00,2026-04-22 08:25:00,0.09472,0.09472,0.09465,0.09466,854423,80911.43497
DOGEUSDT,1776814200000,2026-04-21 23:30:00,2026-04-22 08:30:00,0.09466,0.09479,0.09464,0.09475,1156945,109624.77924
DOGEUSDT,1776814500000,2026-04-21 23:35:00,2026-04-22 08:35:00,0.09475,0.09484,0.09473,0.09484,500080,47397.14864
DOGEUSDT,1776814800000,2026-04-21 23:40:00,2026-04-22 08:40:00,0.09485,0.09496,0.09477,0.09496,1480359,140447.52934
DOGEUSDT,1776815100000,2026-04-21 23:45:00,2026-04-22 08:45:00,0.09495,0.09527,0.09494,0.09515,4609026,438502.55258
DOGEUSDT,1776815400000,2026-04-21 23:50:00,2026-04-22 08:50:00,0.09514,0.09523,0.0951,0.09513,1495733,142342.90901
DOGEUSDT,1776815700000,2026-04-21 23:55:00,2026-04-22 08:55:00,0.09513,0.09518,0.09512,0.09518,384794,36612.2227
DOGEUSDT,1776816000000,2026-04-22 00:00:00,2026-04-22 09:00:00,0.09519,0.09527,0.09509,0.0951,2650872,252362.14003
DOGEUSDT,1776816300000,2026-04-22 00:05:00,2026-04-22 09:05:00,0.09511,0.09525,0.09511,0.0952,1755842,167111.40979
DOGEUSDT,1776816600000,2026-04-22 00:10:00,2026-04-22 09:10:00,0.0952,0.09525,0.09513,0.09521,687604,65458.86722
DOGEUSDT,1776816900000,2026-04-22 00:15:00,2026-04-22 09:15:00,0.0952,0.09532,0.09515,0.09526,1836011,174847.7838
DOGEUSDT,1776817200000,2026-04-22 00:20:00,2026-04-22 09:20:00,0.09526,0.09536,0.09515,0.09515,1595438,152008.9582
DOGEUSDT,1776817500000,2026-04-22 00:25:00,2026-04-22 09:25:00,0.09514,0.09523,0.09513,0.09518,488229,46474.4616
DOGEUSDT,1776817800000,2026-04-22 00:30:00,2026-04-22 09:30:00,0.09518,0.09525,0.09514,0.09514,1011642,96304.00485
DOGEUSDT,1776818100000,2026-04-22 00:35:00,2026-04-22 09:35:00,0.09515,0.09518,0.09506,0.09518,961921,91498.03628
DOGEUSDT,1776818400000,2026-04-22 00:40:00,2026-04-22 09:40:00,0.09519,0.09527,0.09516,0.09521,739670,70438.22744
DOGEUSDT,1776818700000,2026-04-22 00:45:00,2026-04-22 09:45:00,0.0952,0.09531,0.0952,0.09521,3773184,359390.73218
DOGEUSDT,1776819000000,2026-04-22 00:50:00,2026-04-22 09:50:00,0.09521,0.09524,0.09512,0.09517,413851,39388.06828
DOGEUSDT,1776819300000,2026-04-22 00:55:00,2026-04-22 09:55:00,0.09516,0.09518,0.09511,0.09517,1256585,119552.95142
DOGEUSDT,1776819600000,2026-04-22 01:00:00,2026-04-22 10:00:00,0.09517,0.0952,0.09509,0.09514,1165213,110849.19885
DOGEUSDT,1776819900000,2026-04-22 01:05:00,2026-04-22 10:05:00,0.09515,0.09524,0.09515,0.09519,894564,85171.41234
DOGEUSDT,1776820200000,2026-04-22 01:10:00,2026-04-22 10:10:00,0.09519,0.09528,0.09507,0.09522,3750300,356777.398
DOGEUSDT,1776820500000,2026-04-22 01:15:00,2026-04-22 10:15:00,0.09521,0.09521,0.09494,0.09496,847251,80526.40509
DOGEUSDT,1776820800000,2026-04-22 01:20:00,2026-04-22 10:20:00,0.09496,0.09508,0.09492,0.09495,847880,80536.97035
DOGEUSDT,1776821100000,2026-04-22 01:25:00,2026-04-22 10:25:00,0.09495,0.095,0.09488,0.09488,167257,15880.86507
DOGEUSDT,1776821400000,2026-04-22 01:30:00,2026-04-22 10:30:00,0.09488,0.09497,0.09487,0.0949,546447,51866.55992
DOGEUSDT,1776821700000,2026-04-22 01:35:00,2026-04-22 10:35:00,0.0949,0.09501,0.0949,0.09499,806719,76596.1658
DOGEUSDT,1776822000000,2026-04-22 01:40:00,2026-04-22 10:40:00,0.095,0.09502,0.09495,0.09495,346875,32950.77039
DOGEUSDT,1776822300000,2026-04-22 01:45:00,2026-04-22 10:45:00,0.09495,0.095,0.09487,0.09495,911777,86535.77403
DOGEUSDT,1776822600000,2026-04-22 01:50:00,2026-04-22 10:50:00,0.09495,0.0951,0.09495,0.09497,2736562,260061.27542
DOGEUSDT,1776822900000,2026-04-22 01:55:00,2026-04-22 10:55:00,0.09498,0.09505,0.09497,0.09497,148594,14119.57539
DOGEUSDT,1776823200000,2026-04-22 02:00:00,2026-04-22 11:00:00,0.09498,0.095,0.09487,0.09498,1150512,109240.65298
DOGEUSDT,1776823500000,2026-04-22 02:05:00,2026-04-22 11:05:00,0.09498,0.09506,0.09495,0.09504,722704,68666.48544
DOGEUSDT,1776823800000,2026-04-22 02:10:00,2026-04-22 11:10:00,0.09505,0.09555,0.09505,0.09538,7348817,701017.58824
DOGEUSDT,1776824100000,2026-04-22 02:15:00,2026-04-22 11:15:00,0.09538,0.09599,0.09538,0.09581,8825698,845119.57107
DOGEUSDT,1776824400000,2026-04-22 02:20:00,2026-04-22 11:20:00,0.09581,0.09593,0.09569,0.09582,5900046,565247.12893
DOGEUSDT,1776824700000,2026-04-22 02:25:00,2026-04-22 11:25:00,0.09582,0.09622,0.09582,0.09622,13291558,1275903.74367
DOGEUSDT,1776825000000,2026-04-22 02:30:00,2026-04-22 11:30:00,0.09622,0.09649,0.09595,0.09604,6990046,672410.217
DOGEUSDT,1776825300000,2026-04-22 02:35:00,2026-04-22 11:35:00,0.09604,0.09624,0.096,0.09605,5434441,522288.45327
DOGEUSDT,1776825600000,2026-04-22 02:40:00,2026-04-22 11:40:00,0.09605,0.09635,0.09602,0.09631,3083476,296726.04084
DOGEUSDT,1776825900000,2026-04-22 02:45:00,2026-04-22 11:45:00,0.09631,0.09633,0.09614,0.09623,3569029,343508.59793
DOGEUSDT,1776826200000,2026-04-22 02:50:00,2026-04-22 11:50:00,0.09623,0.09647,0.09621,0.09646,4349403,419193.81176
DOGEUSDT,1776826500000,2026-04-22 02:55:00,2026-04-22 11:55:00,0.09646,0.09662,0.09638,0.09654,5806885,560427.50006
DOGEUSDT,1776826800000,2026-04-22 03:00:00,2026-04-22 12:00:00,0.09655,0.09661,0.09642,0.09655,5750809,555062.01161
DOGEUSDT,1776827100000,2026-04-22 03:05:00,2026-04-22 12:05:00,0.09655,0.09679,0.09652,0.09672,9282477,897336.65725
DOGEUSDT,1776827400000,2026-04-22 03:10:00,2026-04-22 12:10:00,0.09672,0.0969,0.09665,0.09671,5146423,497964.07892
DOGEUSDT,1776827700000,2026-04-22 03:15:00,2026-04-22 12:15:00,0.09672,0.09682,0.09662,0.09681,3401490,329077.92553
DOGEUSDT,1776828000000,2026-04-22 03:20:00,2026-04-22 12:20:00,0.09681,0.09694,0.09647,0.09647,5974058,577558.26156
DOGEUSDT,1776828300000,2026-04-22 03:25:00,2026-04-22 12:25:00,0.09648,0.09653,0.09635,0.09635,3279506,316366.93664
DOGEUSDT,1776828600000,2026-04-22 03:30:00,2026-04-22 12:30:00,0.09636,0.09638,0.09615,0.09618,5721261,550489.67242
DOGEUSDT,1776828900000,2026-04-22 03:35:00,2026-04-22 12:35:00,0.09618,0.0963,0.09618,0.0962,1894725,182373.68039
DOGEUSDT,1776829200000,2026-04-22 03:40:00,2026-04-22 12:40:00,0.09621,0.09628,0.09616,0.09623,3348897,322237.32966
DOGEUSDT,1776829500000,2026-04-22 03:45:00,2026-04-22 12:45:00,0.09623,0.09632,0.09616,0.09622,2600218,250175.76135
DOGEUSDT,1776829800000,2026-04-22 03:50:00,2026-04-22 12:50:00,0.09623,0.09631,0.0962,0.09622,787808,75819.4868
DOGEUSDT,1776830100000,2026-04-22 03:55:00,2026-04-22 12:55:00,0.09622,0.09638,0.09619,0.0963,1983201,190937.82879
DOGEUSDT,1776830400000,2026-04-22 04:00:00,2026-04-22 13:00:00,0.0963,0.09645,0.0963,0.09643,1313652,126633.63415
DOGEUSDT,1776830700000,2026-04-22 04:05:00,2026-04-22 13:05:00,0.09643,0.09644,0.09635,0.09642,2243451,216267.60885
DOGEUSDT,1776831000000,2026-04-22 04:10:00,2026-04-22 13:10:00,0.09642,0.09642,0.09618,0.09618,1266692,122031.37679
DOGEUSDT,1776831300000,2026-04-22 04:15:00,2026-04-22 13:15:00,0.09618,0.09619,0.09607,0.0961,710944,68343.5433
DOGEUSDT,1776831600000,2026-04-22 04:20:00,2026-04-22 13:20:00,0.0961,0.09613,0.09601,0.09608,678726,65206.42586
DOGEUSDT,1776831900000,2026-04-22 04:25:00,2026-04-22 13:25:00,0.09608,0.09623,0.09605,0.09619,696758,67007.67098
DOGEUSDT,1776832200000,2026-04-22 04:30:00,2026-04-22 13:30:00,0.0962,0.09625,0.09615,0.0962,1351199,130008.19976
DOGEUSDT,1776832500000,2026-04-22 04:35:00,2026-04-22 13:35:00,0.09621,0.09646,0.0962,0.09645,1156612,111376.50317
DOGEUSDT,1776832800000,2026-04-22 04:40:00,2026-04-22 13:40:00,0.09645,0.09654,0.09636,0.09637,1452817,140130.99063
DOGEUSDT,1776833100000,2026-04-22 04:45:00,2026-04-22 13:45:00,0.09637,0.09637,0.09621,0.09621,998792,96179.05984
DOGEUSDT,1776833400000,2026-04-22 04:50:00,2026-04-22 13:50:00,0.0962,0.09625,0.09615,0.0962,831712,80013.40358
DOGEUSDT,1776833700000,2026-04-22 04:55:00,2026-04-22 13:55:00,0.09621,0.09628,0.0962,0.09628,911805,87758.24205
DOGEUSDT,1776834000000,2026-04-22 05:00:00,2026-04-22 14:00:00,0.09628,0.09635,0.09619,0.09632,1750828,168527.19832
DOGEUSDT,1776834300000,2026-04-22 05:05:00,2026-04-22 14:05:00,0.09633,0.09651,0.09633,0.09648,896603,86459.4168
DOGEUSDT,1776834600000,2026-04-22 05:10:00,2026-04-22 14:10:00,0.09647,0.09649,0.09636,0.09642,1346062,129766.98693
DOGEUSDT,1776834900000,2026-04-22 05:15:00,2026-04-22 14:15:00,0.09642,0.09706,0.0964,0.09698,16963346,1643617.98354
DOGEUSDT,1776835200000,2026-04-22 05:20:00,2026-04-22 14:20:00,0.09699,0.09733,0.09694,0.09713,9632640,934991.96652
DOGEUSDT,1776835500000,2026-04-22 05:25:00,2026-04-22 14:25:00,0.09714,0.0975,0.09706,0.09721,16394833,1595790.69752
DOGEUSDT,1776835800000,2026-04-22 05:30:00,2026-04-22 14:30:00,0.09722,0.0977,0.09716,0.09756,8827060,860220.82108
DOGEUSDT,1776836100000,2026-04-22 05:35:00,2026-04-22 14:35:00,0.09755,0.09767,0.09724,0.09724,3811957,371648.68853
DOGEUSDT,1776836400000,2026-04-22 05:40:00,2026-04-22 14:40:00,0.09724,0.09763,0.09718,0.09734,6267983,610677.1273
DOGEUSDT,1776836700000,2026-04-22 05:45:00,2026-04-22 14:45:00,0.09734,0.09758,0.09732,0.09744,6156413,600166.53164
DOGEUSDT,1776837000000,2026-04-22 05:50:00,2026-04-22 14:50:00,0.09745,0.09768,0.09733,0.09743,8656350,843761.96479
DOGEUSDT,1776837300000,2026-04-22 05:55:00,2026-04-22 14:55:00,0.09743,0.09752,0.09714,0.09714,2460210,239509.38581
DOGEUSDT,1776837600000,2026-04-22 06:00:00,2026-04-22 15:00:00,0.09715,0.09715,0.09698,0.09714,2096165,203417.07415
DOGEUSDT,1776837900000,2026-04-22 06:05:00,2026-04-22 15:05:00,0.09715,0.09724,0.09706,0.09706,1909181,185496.478
DOGEUSDT,1776838200000,2026-04-22 06:10:00,2026-04-22 15:10:00,0.09706,0.09718,0.097,0.09711,4067201,394858.00833
DOGEUSDT,1776838500000,2026-04-22 06:15:00,2026-04-22 15:15:00,0.0971,0.09721,0.09707,0.09713,2293622,222743.67568
DOGEUSDT,1776838800000,2026-04-22 06:20:00,2026-04-22 15:20:00,0.09713,0.09717,0.09705,0.09709,1346832,130818.86678
DOGEUSDT,1776839100000,2026-04-22 06:25:00,2026-04-22 15:25:00,0.0971,0.09719,0.09709,0.09717,1026592,99737.87135
DOGEUSDT,1776839400000,2026-04-22 06:30:00,2026-04-22 15:30:00,0.09718,0.09741,0.09718,0.09737,3769150,366811.66531
DOGEUSDT,1776839700000,2026-04-22 06:35:00,2026-04-22 15:35:00,0.09737,0.09742,0.09732,0.09734,2559075,249172.21637
DOGEUSDT,1776840000000,2026-04-22 06:40:00,2026-04-22 15:40:00,0.09735,0.09744,0.09734,0.0974,2985715,290807.47186
DOGEUSDT,1776840300000,2026-04-22 06:45:00,2026-04-22 15:45:00,0.09741,0.0975,0.09734,0.09736,3539680,344896.72441
DOGEUSDT,1776840600000,2026-04-22 06:50:00,2026-04-22 15:50:00,0.09735,0.09754,0.09735,0.09754,2325977,226604.99531
DOGEUSDT,1776840900000,2026-04-22 06:55:00,2026-04-22 15:55:00,0.09753,0.0977,0.09753,0.09767,5456637,532709.19603
DOGEUSDT,1776841200000,2026-04-22 07:00:00,2026-04-22 16:00:00,0.09768,0.09832,0.09767,0.0978,33025580,3234122.8036
DOGEUSDT,1776841500000,2026-04-22 07:05:00,2026-04-22 16:05:00,0.0978,0.09801,0.09771,0.09786,4954371,484767.76837
DOGEUSDT,1776841800000,2026-04-22 07:10:00,2026-04-22 16:10:00,0.09786,0.09786,0.09769,0.09777,4767315,466017.82544
DOGEUSDT,1776842100000,2026-04-22 07:15:00,2026-04-22 16:15:00,0.09777,0.09777,0.0974,0.09749,8106477,790577.30766
DOGEUSDT,1776842400000,2026-04-22 07:20:00,2026-04-22 16:20:00,0.09749,0.09752,0.09734,0.09743,2881274,280704.9048
DOGEUSDT,1776842700000,2026-04-22 07:25:00,2026-04-22 16:25:00,0.09744,0.09747,0.0972,0.09723,3675779,357852.58552
DOGEUSDT,1776843000000,2026-04-22 07:30:00,2026-04-22 16:30:00,0.09723,0.09733,0.09714,0.09716,2658109,258409.74543
DOGEUSDT,1776843300000,2026-04-22 07:35:00,2026-04-22 16:35:00,0.09717,0.09719,0.09699,0.09703,3330694,323312.81624
DOGEUSDT,1776843600000,2026-04-22 07:40:00,2026-04-22 16:40:00,0.09703,0.09745,0.09692,0.09744,13934165,1353881.64965
DOGEUSDT,1776843900000,2026-04-22 07:45:00,2026-04-22 16:45:00,0.09744,0.09762,0.09743,0.09749,4394800,428631.72893
DOGEUSDT,1776844200000,2026-04-22 07:50:00,2026-04-22 16:50:00,0.09749,0.09762,0.09744,0.09745,2002087,195287.73086
DOGEUSDT,1776844500000,2026-04-22 07:55:00,2026-04-22 16:55:00,0.09745,0.09758,0.09743,0.09752,1427610,139203.61652
DOGEUSDT,1776844800000,2026-04-22 08:00:00,2026-04-22 17:00:00,0.09753,0.09766,0.09748,0.09755,1945446,189852.62145
DOGEUSDT,1776845100000,2026-04-22 08:05:00,2026-04-22 17:05:00,0.09756,0.09782,0.09756,0.09772,1831877,178962.83651
DOGEUSDT,1776845400000,2026-04-22 08:10:00,2026-04-22 17:10:00,0.09772,0.09784,0.09771,0.09775,3309754,323607.73755
DOGEUSDT,1776845700000,2026-04-22 08:15:00,2026-04-22 17:15:00,0.09775,0.09781,0.09769,0.09775,1437555,140525.01402
DOGEUSDT,1776846000000,2026-04-22 08:20:00,2026-04-22 17:20:00,0.09775,0.09788,0.09775,0.0978,1380192,135001.78339
DOGEUSDT,1776846300000,2026-04-22 08:25:00,2026-04-22 17:25:00,0.09779,0.09804,0.09776,0.09789,6651012,651027.70494
DOGEUSDT,1776846600000,2026-04-22 08:30:00,2026-04-22 17:30:00,0.0979,0.09796,0.09778,0.09787,2539413,248515.75937
DOGEUSDT,1776846900000,2026-04-22 08:35:00,2026-04-22 17:35:00,0.09787,0.09822,0.09775,0.09781,14127801,1384935.44292
DOGEUSDT,1776847200000,2026-04-22 08:40:00,2026-04-22 17:40:00,0.09781,0.09789,0.09767,0.09786,5241498,512550.63509
DOGEUSDT,1776847500000,2026-04-22 08:45:00,2026-04-22 17:45:00,0.09786,0.09806,0.09769,0.09771,2591336,253568.66726
DOGEUSDT,1776847800000,2026-04-22 08:50:00,2026-04-22 17:50:00,0.09771,0.09797,0.0977,0.09795,1851745,181092.35954
DOGEUSDT,1776848100000,2026-04-22 08:55:00,2026-04-22 17:55:00,0.09796,0.09814,0.09786,0.09786,3215063,315077.62045
DOGEUSDT,1776848400000,2026-04-22 09:00:00,2026-04-22 18:00:00,0.09787,0.09803,0.09777,0.09779,1791355,175301.34638
DOGEUSDT,1776848700000,2026-04-22 09:05:00,2026-04-22 18:05:00,0.0978,0.09817,0.09777,0.09812,3912061,383479.18684
DOGEUSDT,1776849000000,2026-04-22 09:10:00,2026-04-22 18:10:00,0.09812,0.09817,0.0979,0.09798,1114175,109249.26065
DOGEUSDT,1776849300000,2026-04-22 09:15:00,2026-04-22 18:15:00,0.09798,0.09801,0.0978,0.09784,784203,76774.128
DOGEUSDT,1776849600000,2026-04-22 09:20:00,2026-04-22 18:20:00,0.09785,0.0979,0.09775,0.09785,2587254,253053.7022
DOGEUSDT,1776849900000,2026-04-22 09:25:00,2026-04-22 18:25:00,0.09786,0.098,0.09786,0.09794,1359773,133142.47394
DOGEUSDT,1776850200000,2026-04-22 09:30:00,2026-04-22 18:30:00,0.09794,0.09802,0.09792,0.09797,1024527,100381.48804
DOGEUSDT,1776850500000,2026-04-22 09:35:00,2026-04-22 18:35:00,0.09797,0.098,0.09789,0.0979,586629,57447.61654
DOGEUSDT,1776850800000,2026-04-22 09:40:00,2026-04-22 18:40:00,0.09791,0.09796,0.09783,0.09788,1117238,109377.68661
DOGEUSDT,1776851100000,2026-04-22 09:45:00,2026-04-22 18:45:00,0.09789,0.09791,0.09783,0.09786,740750,72494.20813
DOGEUSDT,1776851400000,2026-04-22 09:50:00,2026-04-22 18:50:00,0.09786,0.09788,0.09755,0.0976,1476077,144173.04823
DOGEUSDT,1776851700000,2026-04-22 09:55:00,2026-04-22 18:55:00,0.09761,0.09764,0.09752,0.09755,3009992,293685.24346
DOGEUSDT,1776852000000,2026-04-22 10:00:00,2026-04-22 19:00:00,0.09755,0.0977,0.09747,0.09752,2294456,223884.74878
DOGEUSDT,1776852300000,2026-04-22 10:05:00,2026-04-22 19:05:00,0.09753,0.09767,0.09737,0.09737,2233993,217892.45309
DOGEUSDT,1776852600000,2026-04-22 10:10:00,2026-04-22 19:10:00,0.09737,0.09758,0.09728,0.09757,2992870,291547.00255
DOGEUSDT,1776852900000,2026-04-22 10:15:00,2026-04-22 19:15:00,0.09757,0.0977,0.09755,0.09765,1097277,107096.90758
DOGEUSDT,1776853200000,2026-04-22 10:20:00,2026-04-22 19:20:00,0.09766,0.09775,0.09761,0.09771,1121366,109563.19642
DOGEUSDT,1776853500000,2026-04-22 10:25:00,2026-04-22 19:25:00,0.09772,0.09786,0.09772,0.09784,567052,55455.54112
DOGEUSDT,1776853800000,2026-04-22 10:30:00,2026-04-22 19:30:00,0.09783,0.09818,0.09782,0.09817,3043384,298539.61119
DOGEUSDT,1776854100000,2026-04-22 10:35:00,2026-04-22 19:35:00,0.09818,0.09819,0.09807,0.09814,1745639,171290.97711
DOGEUSDT,1776854400000,2026-04-22 10:40:00,2026-04-22 19:40:00,0.09814,0.09827,0.09809,0.09819,5645932,554447.38703
DOGEUSDT,1776854700000,2026-04-22 10:45:00,2026-04-22 19:45:00,0.0982,0.09844,0.09816,0.09818,5829525,572908.06644
DOGEUSDT,1776855000000,2026-04-22 10:50:00,2026-04-22 19:50:00,0.09817,0.09832,0.09816,0.09819,2998769,294625.6842
DOGEUSDT,1776855300000,2026-04-22 10:55:00,2026-04-22 19:55:00,0.09818,0.09832,0.09812,0.09822,4557426,447582.57928
DOGEUSDT,1776855600000,2026-04-22 11:00:00,2026-04-22 20:00:00,0.09822,0.09839,0.09816,0.09818,1261735,124017.30036
DOGEUSDT,1776855900000,2026-04-22 11:05:00,2026-04-22 20:05:00,0.09819,0.09829,0.09804,0.0981,1062963,104337.44037
DOGEUSDT,1776856200000,2026-04-22 11:10:00,2026-04-22 20:10:00,0.09811,0.09826,0.0981,0.09823,2952801,289918.86309
DOGEUSDT,1776856500000,2026-04-22 11:15:00,2026-04-22 20:15:00,0.09824,0.0986,0.09821,0.0983,5427522,533949.67092
DOGEUSDT,1776856800000,2026-04-22 11:20:00,2026-04-22 20:20:00,0.0983,0.09833,0.09806,0.09821,5312470,521714.88304
DOGEUSDT,1776857100000,2026-04-22 11:25:00,2026-04-22 20:25:00,0.09821,0.09825,0.09802,0.09807,1524859,149651.77877
DOGEUSDT,1776857400000,2026-04-22 11:30:00,2026-04-22 20:30:00,0.09807,0.09813,0.09797,0.09806,1773395,173851.55714
DOGEUSDT,1776857700000,2026-04-22 11:35:00,2026-04-22 20:35:00,0.09805,0.09819,0.09793,0.09794,7442732,729352.62346
DOGEUSDT,1776858000000,2026-04-22 11:40:00,2026-04-22 20:40:00,0.09794,0.09797,0.09782,0.09786,2618057,256277.536
DOGEUSDT,1776858300000,2026-04-22 11:45:00,2026-04-22 20:45:00,0.09787,0.09799,0.09781,0.09786,2705511,264813.2928
DOGEUSDT,1776858600000,2026-04-22 11:50:00,2026-04-22 20:50:00,0.09786,0.09791,0.09772,0.09789,1815324,177610.43029
DOGEUSDT,1776858900000,2026-04-22 11:55:00,2026-04-22 20:55:00,0.0979,0.09802,0.09788,0.09802,1042869,102175.94083
DOGEUSDT,1776859200000,2026-04-22 12:00:00,2026-04-22 21:00:00,0.09802,0.09823,0.09801,0.09807,3340751,327803.73833
DOGEUSDT,1776859500000,2026-04-22 12:05:00,2026-04-22 21:05:00,0.09807,0.09812,0.09801,0.09804,501399,49162.77226
DOGEUSDT,1776859800000,2026-04-22 12:10:00,2026-04-22 21:10:00,0.09804,0.09812,0.09797,0.09803,3495005,342694.02673
DOGEUSDT,1776860100000,2026-04-22 12:15:00,2026-04-22 21:15:00,0.09802,0.09805,0.0978,0.09786,3810634,373025.15215
DOGEUSDT,1776860400000,2026-04-22 12:20:00,2026-04-22 21:20:00,0.09786,0.09787,0.09756,0.09757,4130457,403469.37551
DOGEUSDT,1776860700000,2026-04-22 12:25:00,2026-04-22 21:25:00,0.09758,0.09765,0.09744,0.09746,1827144,178191.22185
DOGEUSDT,1776861000000,2026-04-22 12:30:00,2026-04-22 21:30:00,0.09745,0.09761,0.09736,0.09758,1747929,170377.43236
DOGEUSDT,1776861300000,2026-04-22 12:35:00,2026-04-22 21:35:00,0.09759,0.09769,0.0975,0.09755,4293238,418923.10678
DOGEUSDT,1776861600000,2026-04-22 12:40:00,2026-04-22 21:40:00,0.09754,0.09756,0.09747,0.0975,2324990,226687.1336
DOGEUSDT,1776861900000,2026-04-22 12:45:00,2026-04-22 21:45:00,0.09749,0.09777,0.09749,0.09758,6049848,590952.99104
DOGEUSDT,1776862200000,2026-04-22 12:50:00,2026-04-22 21:50:00,0.09758,0.09767,0.0975,0.09755,3358883,327747.22309
DOGEUSDT,1776862500000,2026-04-22 12:55:00,2026-04-22 21:55:00,0.09756,0.09765,0.09753,0.09761,6214653,606447.30195
DOGEUSDT,1776862800000,2026-04-22 13:00:00,2026-04-22 22:00:00,0.09762,0.09763,0.09738,0.09749,1494610,145661.46635
DOGEUSDT,1776863100000,2026-04-22 13:05:00,2026-04-22 22:05:00,0.09748,0.09785,0.09748,0.09764,5226864,510540.67555
DOGEUSDT,1776863400000,2026-04-22 13:10:00,2026-04-22 22:10:00,0.09764,0.09781,0.09762,0.09773,2939896,287392.0297
DOGEUSDT,1776863700000,2026-04-22 13:15:00,2026-04-22 22:15:00,0.09773,0.09783,0.09764,0.09772,1487124,145366.66522
DOGEUSDT,1776864000000,2026-04-22 13:20:00,2026-04-22 22:20:00,0.09772,0.09783,0.09764,0.09774,2934206,286787.25483
DOGEUSDT,1776864300000,2026-04-22 13:25:00,2026-04-22 22:25:00,0.09773,0.09784,0.09769,0.09774,1666710,162982.02361
DOGEUSDT,1776864600000,2026-04-22 13:30:00,2026-04-22 22:30:00,0.09775,0.09802,0.09768,0.09775,3618207,354133.91847
DOGEUSDT,1776864900000,2026-04-22 13:35:00,2026-04-22 22:35:00,0.09774,0.09779,0.09756,0.09769,5063369,494345.62505
DOGEUSDT,1776865200000,2026-04-22 13:40:00,2026-04-22 22:40:00,0.09768,0.09812,0.09767,0.09807,3184472,311819.26854
DOGEUSDT,1776865500000,2026-04-22 13:45:00,2026-04-22 22:45:00,0.09807,0.09826,0.09794,0.09799,3431352,336664.9415
DOGEUSDT,1776865800000,2026-04-22 13:50:00,2026-04-22 22:50:00,0.09798,0.09804,0.09787,0.09804,2526754,247596.48576
DOGEUSDT,1776866100000,2026-04-22 13:55:00,2026-04-22 22:55:00,0.09804,0.09811,0.09798,0.098,1354145,132774.73021
DOGEUSDT,1776866400000,2026-04-22 14:00:00,2026-04-22 23:00:00,0.09801,0.09818,0.09794,0.09801,3022103,296304.0473
DOGEUSDT,1776866700000,2026-04-22 14:05:00,2026-04-22 23:05:00,0.09801,0.09803,0.09787,0.09799,1738751,170321.53056
DOGEUSDT,1776867000000,2026-04-22 14:10:00,2026-04-22 23:10:00,0.09798,0.09829,0.09798,0.09826,2259365,221736.48128
DOGEUSDT,1776867300000,2026-04-22 14:15:00,2026-04-22 23:15:00,0.09825,0.0983,0.09784,0.09784,6837388,670868.43627
DOGEUSDT,1776867600000,2026-04-22 14:20:00,2026-04-22 23:20:00,0.09785,0.0982,0.09784,0.09817,5890916,577466.77455
DOGEUSDT,1776867900000,2026-04-22 14:25:00,2026-04-22 23:25:00,0.09818,0.09832,0.09811,0.09813,4475864,439663.22483
DOGEUSDT,1776868200000,2026-04-22 14:30:00,2026-04-22 23:30:00,0.09812,0.09814,0.09765,0.09792,5571876,545333.21515
DOGEUSDT,1776868500000,2026-04-22 14:35:00,2026-04-22 23:35:00,0.09792,0.09804,0.09786,0.09797,1667110,163226.11498
DOGEUSDT,1776868800000,2026-04-22 14:40:00,2026-04-22 23:40:00,0.09797,0.09804,0.09768,0.09772,1692290,165606.15319
DOGEUSDT,1776869100000,2026-04-22 14:45:00,2026-04-22 23:45:00,0.09772,0.09801,0.09771,0.09801,3614018,353671.60161
DOGEUSDT,1776869400000,2026-04-22 14:50:00,2026-04-22 23:50:00,0.098,0.0981,0.09791,0.09798,3452444,338289.09367
DOGEUSDT,1776869700000,2026-04-22 14:55:00,2026-04-22 23:55:00,0.09799,0.09808,0.0979,0.09801,1702072,166854.17334
DOGEUSDT,1776870000000,2026-04-22 15:00:00,2026-04-23 00:00:00,0.098,0.09808,0.0977,0.09774,3035111,296961.58644
DOGEUSDT,1776870300000,2026-04-22 15:05:00,2026-04-23 00:05:00,0.09774,0.09795,0.09774,0.09786,2491527,243758.44983
DOGEUSDT,1776870600000,2026-04-22 15:10:00,2026-04-23 00:10:00,0.09786,0.09804,0.09782,0.09783,1806288,176933.53068
DOGEUSDT,1776870900000,2026-04-22 15:15:00,2026-04-23 00:15:00,0.09783,0.09788,0.09774,0.09785,1000539,97875.81024
DOGEUSDT,1776871200000,2026-04-22 15:20:00,2026-04-23 00:20:00,0.09785,0.09799,0.0978,0.0979,1343404,131506.88093
DOGEUSDT,1776871500000,2026-04-22 15:25:00,2026-04-23 00:25:00,0.09791,0.09791,0.09755,0.09774,6600779,644791.66953
DOGEUSDT,1776871800000,2026-04-22 15:30:00,2026-04-23 00:30:00,0.09775,0.09788,0.09753,0.09762,4906714,479400.90882
DOGEUSDT,1776872100000,2026-04-22 15:35:00,2026-04-23 00:35:00,0.09763,0.09784,0.0975,0.09776,9849165,962237.56079
DOGEUSDT,1776872400000,2026-04-22 15:40:00,2026-04-23 00:40:00,0.09776,0.09789,0.0977,0.09786,3519746,344113.23728
DOGEUSDT,1776872700000,2026-04-22 15:45:00,2026-04-23 00:45:00,0.09786,0.09828,0.09785,0.09817,6399434,627828.18905
DOGEUSDT,1776873000000,2026-04-22 15:50:00,2026-04-23 00:50:00,0.09817,0.09818,0.09804,0.0981,1377486,135116.75307
DOGEUSDT,1776873300000,2026-04-22 15:55:00,2026-04-23 00:55:00,0.09809,0.09816,0.09787,0.09788,2370320,232422.46105
DOGEUSDT,1776873600000,2026-04-22 16:00:00,2026-04-23 01:00:00,0.09789,0.09819,0.09789,0.09817,3501076,343279.06716
DOGEUSDT,1776873900000,2026-04-22 16:05:00,2026-04-23 01:05:00,0.09817,0.0982,0.09796,0.09801,2300361,225668.95271
DOGEUSDT,1776874200000,2026-04-22 16:10:00,2026-04-23 01:10:00,0.098,0.09805,0.09784,0.09799,2691196,263573.97961
DOGEUSDT,1776874500000,2026-04-22 16:15:00,2026-04-23 01:15:00,0.09799,0.09801,0.09772,0.09774,1712739,167602.86233
DOGEUSDT,1776874800000,2026-04-22 16:20:00,2026-04-23 01:20:00,0.09774,0.09782,0.09756,0.09765,3252197,317529.3276
DOGEUSDT,1776875100000,2026-04-22 16:25:00,2026-04-23 01:25:00,0.09764,0.09766,0.09752,0.09754,3411232,332966.13351
DOGEUSDT,1776875400000,2026-04-22 16:30:00,2026-04-23 01:30:00,0.09755,0.09755,0.09727,0.09742,8389087,817240.64658
DOGEUSDT,1776875700000,2026-04-22 16:35:00,2026-04-23 01:35:00,0.09742,0.09746,0.09736,0.0974,1835763,178815.92406
DOGEUSDT,1776876000000,2026-04-22 16:40:00,2026-04-23 01:40:00,0.09739,0.09746,0.09727,0.09733,2248927,218943.51855
DOGEUSDT,1776876300000,2026-04-22 16:45:00,2026-04-23 01:45:00,0.09733,0.09734,0.09714,0.09722,6915933,672371.79533
DOGEUSDT,1776876600000,2026-04-22 16:50:00,2026-04-23 01:50:00,0.09721,0.09721,0.09683,0.097,4381472,425036.77045
DOGEUSDT,1776876900000,2026-04-22 16:55:00,2026-04-23 01:55:00,0.097,0.09709,0.09692,0.09698,4780627,463690.78738
DOGEUSDT,1776877200000,2026-04-22 17:00:00,2026-04-23 02:00:00,0.09697,0.09744,0.09695,0.09738,2933015,285238.92103
DOGEUSDT,1776877500000,2026-04-22 17:05:00,2026-04-23 02:05:00,0.09738,0.09745,0.09729,0.09741,3474813,338226.98469
DOGEUSDT,1776877800000,2026-04-22 17:10:00,2026-04-23 02:10:00,0.09741,0.09751,0.09735,0.09741,1880039,183185.47652
DOGEUSDT,1776878100000,2026-04-22 17:15:00,2026-04-23 02:15:00,0.0974,0.09742,0.09711,0.0972,4573933,444691.71864
DOGEUSDT,1776878400000,2026-04-22 17:20:00,2026-04-23 02:20:00,0.0972,0.09723,0.09707,0.09713,934842,90829.62976
DOGEUSDT,1776878700000,2026-04-22 17:25:00,2026-04-23 02:25:00,0.09713,0.09724,0.09707,0.09714,838296,81447.63627
DOGEUSDT,1776879000000,2026-04-22 17:30:00,2026-04-23 02:30:00,0.09714,0.09721,0.09704,0.09705,872751,84769.12801
DOGEUSDT,1776879300000,2026-04-22 17:35:00,2026-04-23 02:35:00,0.09704,0.09715,0.09702,0.09712,2730460,265041.68187
DOGEUSDT,1776879600000,2026-04-22 17:40:00,2026-04-23 02:40:00,0.09712,0.09726,0.09712,0.0972,1060844,103125.14901
DOGEUSDT,1776879900000,2026-04-22 17:45:00,2026-04-23 02:45:00,0.0972,0.09736,0.09707,0.09725,2776327,269893.50921
DOGEUSDT,1776880200000,2026-04-22 17:50:00,2026-04-23 02:50:00,0.09724,0.09742,0.09723,0.09739,3240131,315429.82378
DOGEUSDT,1776880500000,2026-04-22 17:55:00,2026-04-23 02:55:00,0.09739,0.09742,0.09724,0.09725,676120,65818.7522
DOGEUSDT,1776880800000,2026-04-22 18:00:00,2026-04-23 03:00:00,0.09724,0.09743,0.09724,0.0974,746452,72693.07979
DOGEUSDT,1776881100000,2026-04-22 18:05:00,2026-04-23 03:05:00,0.09739,0.09745,0.09728,0.09732,1484474,144502.34561
DOGEUSDT,1776881400000,2026-04-22 18:10:00,2026-04-23 03:10:00,0.09733,0.09758,0.0973,0.09754,1302148,126947.25068
DOGEUSDT,1776881700000,2026-04-22 18:15:00,2026-04-23 03:15:00,0.09753,0.09754,0.09742,0.09745,842884,82158.36366
DOGEUSDT,1776882000000,2026-04-22 18:20:00,2026-04-23 03:20:00,0.09744,0.09745,0.09734,0.09735,450841,43906.35285
DOGEUSDT,1776882300000,2026-04-22 18:25:00,2026-04-23 03:25:00,0.09735,0.0974,0.0973,0.09732,856615,83392.57424
DOGEUSDT,1776882600000,2026-04-22 18:30:00,2026-04-23 03:30:00,0.09731,0.09736,0.09725,0.0973,1059480,103100.56806
DOGEUSDT,1776882900000,2026-04-22 18:35:00,2026-04-23 03:35:00,0.0973,0.09739,0.0973,0.09738,1390903,135369.08829
DOGEUSDT,1776883200000,2026-04-22 18:40:00,2026-04-23 03:40:00,0.09739,0.09743,0.09723,0.09723,2308165,224665.75818
DOGEUSDT,1776883500000,2026-04-22 18:45:00,2026-04-23 03:45:00,0.09723,0.0974,0.09721,0.09739,795876,77448.2734
DOGEUSDT,1776883800000,2026-04-22 18:50:00,2026-04-23 03:50:00,0.09738,0.09745,0.09732,0.09733,905783,88219.02969
DOGEUSDT,1776884100000,2026-04-22 18:55:00,2026-04-23 03:55:00,0.09733,0.09733,0.09708,0.0971,1098726,106781.79887
DOGEUSDT,1776884400000,2026-04-22 19:00:00,2026-04-23 04:00:00,0.0971,0.09711,0.09675,0.0968,2954477,286291.87736
DOGEUSDT,1776884700000,2026-04-22 19:05:00,2026-04-23 04:05:00,0.09679,0.09688,0.09671,0.09686,2711617,262436.71875
DOGEUSDT,1776885000000,2026-04-22 19:10:00,2026-04-23 04:10:00,0.09687,0.09694,0.09684,0.0969,476951,46212.25599
DOGEUSDT,1776885300000,2026-04-22 19:15:00,2026-04-23 04:15:00,0.09689,0.09696,0.0968,0.0969,3784164,366516.57568
DOGEUSDT,1776885600000,2026-04-22 19:20:00,2026-04-23 04:20:00,0.09691,0.09702,0.09688,0.09698,1547085,149993.61962
DOGEUSDT,1776885900000,2026-04-22 19:25:00,2026-04-23 04:25:00,0.09698,0.09702,0.09691,0.09692,1199132,116276.47276
DOGEUSDT,1776886200000,2026-04-22 19:30:00,2026-04-23 04:30:00,0.09692,0.09693,0.09653,0.09657,5330897,515495.4931
DOGEUSDT,1776886500000,2026-04-22 19:35:00,2026-04-23 04:35:00,0.09658,0.09658,0.0963,0.09657,6344741,611903.77294
DOGEUSDT,1776886800000,2026-04-22 19:40:00,2026-04-23 04:40:00,0.09656,0.09658,0.0965,0.09651,1541004,148748.55263
DOGEUSDT,1776887100000,2026-04-22 19:45:00,2026-04-23 04:45:00,0.09652,0.09663,0.09646,0.09661,1737174,167707.46783
DOGEUSDT,1776887400000,2026-04-22 19:50:00,2026-04-23 04:50:00,0.09661,0.09667,0.09647,0.0966,687855,66429.50035
DOGEUSDT,1776887700000,2026-04-22 19:55:00,2026-04-23 04:55:00,0.0966,0.0968,0.09658,0.09669,1185677,114683.29065
DOGEUSDT,1776888000000,2026-04-22 20:00:00,2026-04-23 05:00:00,0.09668,0.09672,0.09654,0.09664,2696574,260472.3469
DOGEUSDT,1776888300000,2026-04-22 20:05:00,2026-04-23 05:05:00,0.09664,0.09669,0.09659,0.09663,2045531,197709.83075
DOGEUSDT,1776888600000,2026-04-22 20:10:00,2026-04-23 05:10:00,0.09663,0.09669,0.09657,0.09661,1626928,157212.96727
DOGEUSDT,1776888900000,2026-04-22 20:15:00,2026-04-23 05:15:00,0.09662,0.09662,0.09642,0.09645,1474954,142333.09731
DOGEUSDT,1776889200000,2026-04-22 20:20:00,2026-04-23 05:20:00,0.09644,0.09649,0.09632,0.09639,1725317,166367.85135
DOGEUSDT,1776889500000,2026-04-22 20:25:00,2026-04-23 05:25:00,0.0964,0.09653,0.09637,0.09652,889778,85822.96383
DOGEUSDT,1776889800000,2026-04-22 20:30:00,2026-04-23 05:30:00,0.09652,0.09658,0.09645,0.09646,884129,85343.22658
DOGEUSDT,1776890100000,2026-04-22 20:35:00,2026-04-23 05:35:00,0.09646,0.09649,0.09637,0.09643,3131379,301937.18137
DOGEUSDT,1776890400000,2026-04-22 20:40:00,2026-04-23 05:40:00,0.09644,0.09647,0.09639,0.09643,963513,92913.70384
DOGEUSDT,1776890700000,2026-04-22 20:45:00,2026-04-23 05:45:00,0.09643,0.09643,0.09632,0.0964,1136839,109545.34664
DOGEUSDT,1776891000000,2026-04-22 20:50:00,2026-04-23 05:50:00,0.0964,0.09641,0.09633,0.09634,567986,54736.65251
DOGEUSDT,1776891300000,2026-04-22 20:55:00,2026-04-23 05:55:00,0.09633,0.09639,0.09623,0.09632,2564340,246991.00725
DOGEUSDT,1776891600000,2026-04-22 21:00:00,2026-04-23 06:00:00,0.09632,0.09646,0.0963,0.09644,1556861,150062.58809
DOGEUSDT,1776891900000,2026-04-22 21:05:00,2026-04-23 06:05:00,0.09643,0.09648,0.09642,0.09642,1078947,104060.2421
DOGEUSDT,1776892200000,2026-04-22 21:10:00,2026-04-23 06:10:00,0.09642,0.09651,0.09641,0.09647,2352324,226933.2971
DOGEUSDT,1776892500000,2026-04-22 21:15:00,2026-04-23 06:15:00,0.09646,0.09646,0.09641,0.09643,1177512,113549.74391
DOGEUSDT,1776892800000,2026-04-22 21:20:00,2026-04-23 06:20:00,0.09643,0.09655,0.09642,0.09655,642229,61979.03872
DOGEUSDT,1776893100000,2026-04-22 21:25:00,2026-04-23 06:25:00,0.09654,0.09661,0.09654,0.09658,6764908,653412.65112
DOGEUSDT,1776893400000,2026-04-22 21:30:00,2026-04-23 06:30:00,0.09658,0.09682,0.09658,0.09676,5968036,576850.9431
DOGEUSDT,1776893700000,2026-04-22 21:35:00,2026-04-23 06:35:00,0.09676,0.09681,0.09669,0.09681,1139725,110274.82493
DOGEUSDT,1776894000000,2026-04-22 21:40:00,2026-04-23 06:40:00,0.09681,0.0969,0.09675,0.09689,1021665,98940.80714
DOGEUSDT,1776894300000,2026-04-22 21:45:00,2026-04-23 06:45:00,0.09688,0.0969,0.09682,0.09685,621317,60183.13938
DOGEUSDT,1776894600000,2026-04-22 21:50:00,2026-04-23 06:50:00,0.09685,0.09686,0.0968,0.09682,370713,35892.08192
DOGEUSDT,1776894900000,2026-04-22 21:55:00,2026-04-23 06:55:00,0.09682,0.09684,0.09674,0.09674,632916,61247.86262
DOGEUSDT,1776895200000,2026-04-22 22:00:00,2026-04-23 07:00:00,0.09674,0.09683,0.0966,0.0967,2724391,263444.86952
DOGEUSDT,1776895500000,2026-04-22 22:05:00,2026-04-23 07:05:00,0.09669,0.09675,0.09662,0.09674,1721692,166440.13204
DOGEUSDT,1776895800000,2026-04-22 22:10:00,2026-04-23 07:10:00,0.09674,0.09677,0.09667,0.09668,1259802,121842.79564
DOGEUSDT,1776896100000,2026-04-22 22:15:00,2026-04-23 07:15:00,0.09668,0.09675,0.09652,0.09655,1760331,170102.01442
DOGEUSDT,1776896400000,2026-04-22 22:20:00,2026-04-23 07:20:00,0.09656,0.09658,0.09653,0.09657,544476,52569.56719
DOGEUSDT,1776896700000,2026-04-22 22:25:00,2026-04-23 07:25:00,0.09657,0.09657,0.09649,0.09649,1962736,189449.39108
DOGEUSDT,1776897000000,2026-04-22 22:30:00,2026-04-23 07:30:00,0.0965,0.09658,0.09644,0.09647,1360366,131279.43858
DOGEUSDT,1776897300000,2026-04-22 22:35:00,2026-04-23 07:35:00,0.09647,0.09651,0.09633,0.09638,2092792,201756.48982
DOGEUSDT,1776897600000,2026-04-22 22:40:00,2026-04-23 07:40:00,0.09639,0.09646,0.09636,0.09636,1591977,153485.9949
DOGEUSDT,1776897900000,2026-04-22 22:45:00,2026-04-23 07:45:00,0.09636,0.09641,0.09627,0.09634,909098,87583.94459
DOGEUSDT,1776898200000,2026-04-22 22:50:00,2026-04-23 07:50:00,0.09634,0.09644,0.09632,0.09639,666891,64277.35455
DOGEUSDT,1776898500000,2026-04-22 22:55:00,2026-04-23 07:55:00,0.0964,0.09645,0.09635,0.09645,936225,90240.0728
DOGEUSDT,1776898800000,2026-04-22 23:00:00,2026-04-23 08:00:00,0.09646,0.09647,0.0962,0.09624,1044567,100624.13033
DOGEUSDT,1776899100000,2026-04-22 23:05:00,2026-04-23 08:05:00,0.09624,0.0963,0.0962,0.09628,1185710,114108.22309
DOGEUSDT,1776899400000,2026-04-22 23:10:00,2026-04-23 08:10:00,0.09627,0.09639,0.09626,0.09635,1215237,117052.76036
DOGEUSDT,1776899700000,2026-04-22 23:15:00,2026-04-23 08:15:00,0.09635,0.09642,0.0963,0.09632,933114,89912.25873
DOGEUSDT,1776900000000,2026-04-22 23:20:00,2026-04-23 08:20:00,0.09632,0.09632,0.09599,0.09601,3518551,338188.3071
DOGEUSDT,1776900300000,2026-04-22 23:25:00,2026-04-23 08:25:00,0.09601,0.09607,0.09595,0.09605,907417,87132.41358
DOGEUSDT,1776900600000,2026-04-22 23:30:00,2026-04-23 08:30:00,0.09605,0.09606,0.09573,0.09583,4785382,458638.32847
DOGEUSDT,1776900900000,2026-04-22 23:35:00,2026-04-23 08:35:00,0.09583,0.09589,0.09564,0.09572,3769840,361121.6431
DOGEUSDT,1776901200000,2026-04-22 23:40:00,2026-04-23 08:40:00,0.09572,0.09584,0.09561,0.0958,2005823,191983.83742
DOGEUSDT,1776901500000,2026-04-22 23:45:00,2026-04-23 08:45:00,0.09581,0.09585,0.09574,0.09576,687259,65838.02301
DOGEUSDT,1776901800000,2026-04-22 23:50:00,2026-04-23 08:50:00,0.09575,0.09577,0.09568,0.09571,1593173,152471.71871
DOGEUSDT,1776902100000,2026-04-22 23:55:00,2026-04-23 08:55:00,0.09572,0.09581,0.0956,0.09565,1607670,153796.94217
DOGEUSDT,1776902400000,2026-04-23 00:00:00,2026-04-23 09:00:00,0.09564,0.09591,0.09564,0.09585,3815413,365522.27025
DOGEUSDT,1776902700000,2026-04-23 00:05:00,2026-04-23 09:05:00,0.09584,0.09606,0.09577,0.09594,10760504,1032249.42319
DOGEUSDT,1776903000000,2026-04-23 00:10:00,2026-04-23 09:10:00,0.09594,0.09657,0.09588,0.09646,16749517,1611643.57294
DOGEUSDT,1776903300000,2026-04-23 00:15:00,2026-04-23 09:15:00,0.09646,0.09646,0.09571,0.0964,16634968,1597069.21178
DOGEUSDT,1776903600000,2026-04-23 00:20:00,2026-04-23 09:20:00,0.09639,0.0964,0.09605,0.09607,2234707,214856.04333
DOGEUSDT,1776903900000,2026-04-23 00:25:00,2026-04-23 09:25:00,0.09607,0.09627,0.09604,0.09621,2026511,194796.02804
DOGEUSDT,1776904200000,2026-04-23 00:30:00,2026-04-23 09:30:00,0.09622,0.09643,0.0961,0.09639,4843090,466229.80656
DOGEUSDT,1776904500000,2026-04-23 00:35:00,2026-04-23 09:35:00,0.09639,0.09654,0.09618,0.09623,3090318,297781.25589
DOGEUSDT,1776904800000,2026-04-23 00:40:00,2026-04-23 09:40:00,0.09622,0.09623,0.09612,0.09621,1779194,171122.71557
DOGEUSDT,1776905100000,2026-04-23 00:45:00,2026-04-23 09:45:00,0.09621,0.09651,0.09617,0.09627,7922438,762805.61216
DOGEUSDT,1776905400000,2026-04-23 00:50:00,2026-04-23 09:50:00,0.09628,0.09643,0.0962,0.09622,692596,66727.2077
DOGEUSDT,1776905700000,2026-04-23 00:55:00,2026-04-23 09:55:00,0.09621,0.09628,0.0962,0.09626,1131024,108857.34509
DOGEUSDT,1776906000000,2026-04-23 01:00:00,2026-04-23 10:00:00,0.09627,0.09627,0.09619,0.09622,691853,66575.68151
DOGEUSDT,1776906300000,2026-04-23 01:05:00,2026-04-23 10:05:00,0.09622,0.09634,0.09615,0.09615,1754518,168874.84581
DOGEUSDT,1776906600000,2026-04-23 01:10:00,2026-04-23 10:10:00,0.09616,0.09617,0.09608,0.09612,5317111,511000.84142
DOGEUSDT,1776906900000,2026-04-23 01:15:00,2026-04-23 10:15:00,0.09611,0.09614,0.09583,0.09586,3029456,290765.53813
DOGEUSDT,1776907200000,2026-04-23 01:20:00,2026-04-23 10:20:00,0.09586,0.09596,0.09579,0.09592,1532637,146938.24573
DOGEUSDT,1776907500000,2026-04-23 01:25:00,2026-04-23 10:25:00,0.09591,0.09609,0.09587,0.09587,1548534,148630.10893
DOGEUSDT,1776907800000,2026-04-23 01:30:00,2026-04-23 10:30:00,0.09587,0.09598,0.09575,0.09581,536252,51383.00561
DOGEUSDT,1776908100000,2026-04-23 01:35:00,2026-04-23 10:35:00,0.09582,0.09606,0.09582,0.09605,1158962,111201.4572
DOGEUSDT,1776908400000,2026-04-23 01:40:00,2026-04-23 10:40:00,0.09605,0.09645,0.09605,0.09637,4559271,439185.65258
DOGEUSDT,1776908700000,2026-04-23 01:45:00,2026-04-23 10:45:00,0.09637,0.09652,0.09634,0.09647,4292126,413982.03204
DOGEUSDT,1776909000000,2026-04-23 01:50:00,2026-04-23 10:50:00,0.09647,0.09661,0.09641,0.09652,2219204,214232.53959
DOGEUSDT,1776909300000,2026-04-23 01:55:00,2026-04-23 10:55:00,0.09651,0.09651,0.09627,0.09635,8781225,846066.12542
DOGEUSDT,1776909600000,2026-04-23 02:00:00,2026-04-23 11:00:00,0.09635,0.09637,0.09618,0.09624,2507691,241449.68411
DOGEUSDT,1776909900000,2026-04-23 02:05:00,2026-04-23 11:05:00,0.09624,0.0963,0.09616,0.09617,1127722,108527.57068
DOGEUSDT,1776910200000,2026-04-23 02:10:00,2026-04-23 11:10:00,0.09617,0.0962,0.09605,0.09606,1436136,138035.8413
DOGEUSDT,1776910500000,2026-04-23 02:15:00,2026-04-23 11:15:00,0.09606,0.09609,0.09592,0.09595,4736897,454860.59209
DOGEUSDT,1776910800000,2026-04-23 02:20:00,2026-04-23 11:20:00,0.09595,0.09611,0.09591,0.09593,3951948,379478.36694
DOGEUSDT,1776911100000,2026-04-23 02:25:00,2026-04-23 11:25:00,0.09593,0.09596,0.09568,0.0959,10544171,1010348.46138
DOGEUSDT,1776911400000,2026-04-23 02:30:00,2026-04-23 11:30:00,0.09591,0.09594,0.09575,0.09577,1132224,108456.35456
DOGEUSDT,1776911700000,2026-04-23 02:35:00,2026-04-23 11:35:00,0.09577,0.0959,0.09569,0.09586,6101532,584298.29893
DOGEUSDT,1776912000000,2026-04-23 02:40:00,2026-04-23 11:40:00,0.09586,0.09592,0.09577,0.09586,2069040,198289.94289
DOGEUSDT,1776912300000,2026-04-23 02:45:00,2026-04-23 11:45:00,0.09585,0.0959,0.09573,0.09575,1668035,159767.28044
DOGEUSDT,1776912600000,2026-04-23 02:50:00,2026-04-23 11:50:00,0.09575,0.09593,0.09574,0.09591,2152679,206292.5389
DOGEUSDT,1776912900000,2026-04-23 02:55:00,2026-04-23 11:55:00,0.09591,0.09594,0.09585,0.09589,1982145,190104.36477
DOGEUSDT,1776913200000,2026-04-23 03:00:00,2026-04-23 12:00:00,0.09588,0.09602,0.09584,0.096,3842192,368619.47235
DOGEUSDT,1776913500000,2026-04-23 03:05:00,2026-04-23 12:05:00,0.09599,0.09599,0.09574,0.09576,1346228,129011.81634
DOGEUSDT,1776913800000,2026-04-23 03:10:00,2026-04-23 12:10:00,0.09577,0.09579,0.0955,0.0955,4337732,414878.14742
DOGEUSDT,1776914100000,2026-04-23 03:15:00,2026-04-23 12:15:00,0.09551,0.0956,0.09539,0.09548,3390894,323765.30613
DOGEUSDT,1776914400000,2026-04-23 03:20:00,2026-04-23 12:20:00,0.09548,0.09556,0.0954,0.09542,2430739,232050.47505
DOGEUSDT,1776914700000,2026-04-23 03:25:00,2026-04-23 12:25:00,0.09543,0.09546,0.09541,0.09544,495609,47301.22164
DOGEUSDT,1776915000000,2026-04-23 03:30:00,2026-04-23 12:30:00,0.09544,0.0955,0.09528,0.09538,5998045,572132.25261
DOGEUSDT,1776915300000,2026-04-23 03:35:00,2026-04-23 12:35:00,0.09538,0.09546,0.09531,0.09543,2980052,284191.56681
DOGEUSDT,1776915600000,2026-04-23 03:40:00,2026-04-23 12:40:00,0.09543,0.09551,0.09531,0.0955,4367461,416583.68386
DOGEUSDT,1776915900000,2026-04-23 03:45:00,2026-04-23 12:45:00,0.09551,0.09558,0.09543,0.09548,2133798,203783.45974
DOGEUSDT,1776916200000,2026-04-23 03:50:00,2026-04-23 12:50:00,0.09549,0.09554,0.09545,0.09551,842008,80389.34053
DOGEUSDT,1776916500000,2026-04-23 03:55:00,2026-04-23 12:55:00,0.0955,0.09563,0.09543,0.0956,2044235,195286.01418
DOGEUSDT,1776916800000,2026-04-23 04:00:00,2026-04-23 13:00:00,0.0956,0.09568,0.09554,0.09567,5320418,508838.49186
DOGEUSDT,1776917100000,2026-04-23 04:05:00,2026-04-23 13:05:00,0.09566,0.09578,0.0956,0.09577,1964218,187934.6076
DOGEUSDT,1776917400000,2026-04-23 04:10:00,2026-04-23 13:10:00,0.09578,0.09589,0.09578,0.09585,952752,91303.80572
DOGEUSDT,1776917700000,2026-04-23 04:15:00,2026-04-23 13:15:00,0.09585,0.09585,0.09576,0.09577,3710138,355427.57951
DOGEUSDT,1776918000000,2026-04-23 04:20:00,2026-04-23 13:20:00,0.09577,0.0959,0.09571,0.09571,1402901,134479.26333
DOGEUSDT,1776918300000,2026-04-23 04:25:00,2026-04-23 13:25:00,0.09571,0.09583,0.0957,0.09579,766795,73442.32366
DOGEUSDT,1776918600000,2026-04-23 04:30:00,2026-04-23 13:30:00,0.09579,0.09598,0.09578,0.09596,976660,93682.64818
DOGEUSDT,1776918900000,2026-04-23 04:35:00,2026-04-23 13:35:00,0.09595,0.09604,0.09595,0.096,756977,72679.01202
DOGEUSDT,1776919200000,2026-04-23 04:40:00,2026-04-23 13:40:00,0.09601,0.09607,0.09569,0.09588,32103251,3077307.50805
DOGEUSDT,1776919500000,2026-04-23 04:45:00,2026-04-23 13:45:00,0.09588,0.09593,0.09579,0.09583,1355090,129880.25593
DOGEUSDT,1776919800000,2026-04-23 04:50:00,2026-04-23 13:50:00,0.09582,0.09586,0.09576,0.09586,797557,76407.9265
DOGEUSDT,1776920100000,2026-04-23 04:55:00,2026-04-23 13:55:00,0.09585,0.09593,0.09582,0.09593,718944,68919.06223
DOGEUSDT,1776920400000,2026-04-23 05:00:00,2026-04-23 14:00:00,0.09593,0.0962,0.09591,0.09616,1772111,170254.87085
DOGEUSDT,1776920700000,2026-04-23 05:05:00,2026-04-23 14:05:00,0.09617,0.09617,0.09608,0.09614,1970538,189448.43076
DOGEUSDT,1776921000000,2026-04-23 05:10:00,2026-04-23 14:10:00,0.09614,0.09614,0.09607,0.0961,1287180,123694.73932
DOGEUSDT,1776921300000,2026-04-23 05:15:00,2026-04-23 14:15:00,0.09609,0.0961,0.09594,0.09608,1453132,139527.85275
DOGEUSDT,1776921600000,2026-04-23 05:20:00,2026-04-23 14:20:00,0.09608,0.0961,0.09597,0.09597,751170,72147.5394
DOGEUSDT,1776921900000,2026-04-23 05:25:00,2026-04-23 14:25:00,0.09597,0.096,0.09591,0.096,764366,73352.6859
DOGEUSDT,1776922200000,2026-04-23 05:30:00,2026-04-23 14:30:00,0.09599,0.096,0.09577,0.09582,1570816,150542.08316
DOGEUSDT,1776922500000,2026-04-23 05:35:00,2026-04-23 14:35:00,0.09581,0.09583,0.09569,0.09572,1666731,159607.94617
DOGEUSDT,1776922800000,2026-04-23 05:40:00,2026-04-23 14:40:00,0.09572,0.09584,0.0957,0.09584,514778,49301.85648
DOGEUSDT,1776923100000,2026-04-23 05:45:00,2026-04-23 14:45:00,0.09583,0.09599,0.0958,0.09598,863898,82842.77806
DOGEUSDT,1776923400000,2026-04-23 05:50:00,2026-04-23 14:50:00,0.09599,0.09605,0.09595,0.09595,1619541,155468.11529
DOGEUSDT,1776923700000,2026-04-23 05:55:00,2026-04-23 14:55:00,0.09596,0.09606,0.09595,0.09601,928183,89103.84417
DOGEUSDT,1776924000000,2026-04-23 06:00:00,2026-04-23 15:00:00,0.09602,0.09612,0.09599,0.09612,2656868,255180.78904
DOGEUSDT,1776924300000,2026-04-23 06:05:00,2026-04-23 15:05:00,0.09613,0.0962,0.09612,0.09614,739964,71157.38948
DOGEUSDT,1776924600000,2026-04-23 06:10:00,2026-04-23 15:10:00,0.09615,0.09623,0.09615,0.09617,843557,81141.82095
DOGEUSDT,1776924900000,2026-04-23 06:15:00,2026-04-23 15:15:00,0.09617,0.09628,0.09615,0.09615,3652067,351354.85475
DOGEUSDT,1776925200000,2026-04-23 06:20:00,2026-04-23 15:20:00,0.09616,0.09639,0.09615,0.09632,2426378,233623.86671
DOGEUSDT,1776925500000,2026-04-23 06:25:00,2026-04-23 15:25:00,0.09632,0.09635,0.09631,0.09633,1837027,176942.83394
DOGEUSDT,1776925800000,2026-04-23 06:30:00,2026-04-23 15:30:00,0.09633,0.09648,0.09633,0.09638,6036139,581985.63805
DOGEUSDT,1776926100000,2026-04-23 06:35:00,2026-04-23 15:35:00,0.09639,0.09641,0.09625,0.09626,1015896,97850.40999
DOGEUSDT,1776926400000,2026-04-23 06:40:00,2026-04-23 15:40:00,0.09626,0.09629,0.09615,0.09617,546902,52618.15484
DOGEUSDT,1776926700000,2026-04-23 06:45:00,2026-04-23 15:45:00,0.09618,0.09622,0.09612,0.09612,1010130,97123.55562
DOGEUSDT,1776927000000,2026-04-23 06:50:00,2026-04-23 15:50:00,0.09612,0.0962,0.09608,0.09611,982771,94469.92928
DOGEUSDT,1776927300000,2026-04-23 06:55:00,2026-04-23 15:55:00,0.09612,0.09612,0.09604,0.09609,1342226,128952.28119
DOGEUSDT,1776927600000,2026-04-23 07:00:00,2026-04-23 16:00:00,0.09609,0.09616,0.09604,0.09606,1556036,149562.10903
DOGEUSDT,1776927900000,2026-04-23 07:05:00,2026-04-23 16:05:00,0.09606,0.09611,0.09602,0.09602,953950,91635.49312
DOGEUSDT,1776928200000,2026-04-23 07:10:00,2026-04-23 16:10:00,0.09601,0.09606,0.09593,0.09597,994401,95455.32179
DOGEUSDT,1776928500000,2026-04-23 07:15:00,2026-04-23 16:15:00,0.09596,0.09597,0.09582,0.09584,1915153,183611.46896
DOGEUSDT,1776928800000,2026-04-23 07:20:00,2026-04-23 16:20:00,0.09585,0.09586,0.09577,0.09578,1685340,161454.66731
DOGEUSDT,1776929100000,2026-04-23 07:25:00,2026-04-23 16:25:00,0.09577,0.09579,0.09569,0.09571,1283262,122870.43058
DOGEUSDT,1776929400000,2026-04-23 07:30:00,2026-04-23 16:30:00,0.0957,0.09592,0.09556,0.09587,5377274,514835.16056
DOGEUSDT,1776929700000,2026-04-23 07:35:00,2026-04-23 16:35:00,0.09587,0.09591,0.09574,0.09588,1541941,147777.4272
DOGEUSDT,1776930000000,2026-04-23 07:40:00,2026-04-23 16:40:00,0.09589,0.09591,0.09578,0.09589,911277,87352.31499
DOGEUSDT,1776930300000,2026-04-23 07:45:00,2026-04-23 16:45:00,0.0959,0.09596,0.09586,0.09596,669103,64168.27553
DOGEUSDT,1776930600000,2026-04-23 07:50:00,2026-04-23 16:50:00,0.09596,0.096,0.0958,0.09583,2395828,229675.28716
DOGEUSDT,1776930900000,2026-04-23 07:55:00,2026-04-23 16:55:00,0.09582,0.09595,0.09582,0.09593,1958848,187833.19735
DOGEUSDT,1776931200000,2026-04-23 08:00:00,2026-04-23 17:00:00,0.09593,0.09596,0.09587,0.09593,1268539,121672.96617
DOGEUSDT,1776931500000,2026-04-23 08:05:00,2026-04-23 17:05:00,0.09593,0.09599,0.09584,0.09598,1376884,132059.30464
DOGEUSDT,1776931800000,2026-04-23 08:10:00,2026-04-23 17:10:00,0.09597,0.09608,0.09591,0.09603,2345594,225197.12559
DOGEUSDT,1776932100000,2026-04-23 08:15:00,2026-04-23 17:15:00,0.09603,0.09611,0.096,0.0961,1329551,127711.3154
DOGEUSDT,1776932400000,2026-04-23 08:20:00,2026-04-23 17:20:00,0.09611,0.0962,0.09604,0.0961,2998018,288206.41289
DOGEUSDT,1776932700000,2026-04-23 08:25:00,2026-04-23 17:25:00,0.0961,0.09621,0.09607,0.09618,3005255,288967.35145
DOGEUSDT,1776933000000,2026-04-23 08:30:00,2026-04-23 17:30:00,0.09619,0.09628,0.09585,0.09586,8668530,832785.88643
DOGEUSDT,1776933300000,2026-04-23 08:35:00,2026-04-23 17:35:00,0.09585,0.09592,0.09579,0.09587,1685229,161522.82746
DOGEUSDT,1776933600000,2026-04-23 08:40:00,2026-04-23 17:40:00,0.09586,0.09586,0.09576,0.09578,751392,71996.72504
DOGEUSDT,1776933900000,2026-04-23 08:45:00,2026-04-23 17:45:00,0.09578,0.09595,0.09578,0.09589,893281,85612.90935
DOGEUSDT,1776934200000,2026-04-23 08:50:00,2026-04-23 17:50:00,0.09589,0.09594,0.09586,0.09594,1703206,163358.84736
DOGEUSDT,1776934500000,2026-04-23 08:55:00,2026-04-23 17:55:00,0.09593,0.09604,0.09592,0.09597,486915,46738.94706
DOGEUSDT,1776934800000,2026-04-23 09:00:00,2026-04-23 18:00:00,0.09598,0.09599,0.09564,0.09566,1863899,178573.01689
DOGEUSDT,1776935100000,2026-04-23 09:05:00,2026-04-23 18:05:00,0.09565,0.09576,0.09536,0.09556,4408383,421185.89153
DOGEUSDT,1776935400000,2026-04-23 09:10:00,2026-04-23 18:10:00,0.09555,0.09556,0.09541,0.09556,1703738,162699.4982
DOGEUSDT,1776935700000,2026-04-23 09:15:00,2026-04-23 18:15:00,0.09555,0.09581,0.09555,0.09574,1135412,108604.21736
DOGEUSDT,1776936000000,2026-04-23 09:20:00,2026-04-23 18:20:00,0.09574,0.09574,0.09555,0.09561,2953706,282401.31717
DOGEUSDT,1776936300000,2026-04-23 09:25:00,2026-04-23 18:25:00,0.09561,0.09575,0.09556,0.09569,2499343,239091.92261
DOGEUSDT,1776936600000,2026-04-23 09:30:00,2026-04-23 18:30:00,0.0957,0.09575,0.09567,0.09572,394632,37774.43979
DOGEUSDT,1776936900000,2026-04-23 09:35:00,2026-04-23 18:35:00,0.09571,0.09577,0.09571,0.09575,424833,40669.67919
DOGEUSDT,1776937200000,2026-04-23 09:40:00,2026-04-23 18:40:00,0.09575,0.09579,0.09567,0.09568,1214169,116252.66539
DOGEUSDT,1776937500000,2026-04-23 09:45:00,2026-04-23 18:45:00,0.09568,0.0957,0.09541,0.09552,4429815,423329.99119
DOGEUSDT,1776937800000,2026-04-23 09:50:00,2026-04-23 18:50:00,0.09553,0.09565,0.09553,0.09562,425800,40710.19846
DOGEUSDT,1776938100000,2026-04-23 09:55:00,2026-04-23 18:55:00,0.09561,0.09567,0.09561,0.09566,916769,87675.19782
DOGEUSDT,1776938400000,2026-04-23 10:00:00,2026-04-23 19:00:00,0.09565,0.0957,0.09561,0.09561,4766569,455877.05404
DOGEUSDT,1776938700000,2026-04-23 10:05:00,2026-04-23 19:05:00,0.09561,0.09561,0.09539,0.09546,9676620,924027.29017
DOGEUSDT,1776939000000,2026-04-23 10:10:00,2026-04-23 19:10:00,0.09546,0.09553,0.09532,0.09534,2269027,216396.12492
DOGEUSDT,1776939300000,2026-04-23 10:15:00,2026-04-23 19:15:00,0.09534,0.09543,0.09534,0.09542,1216557,116016.687
DOGEUSDT,1776939600000,2026-04-23 10:20:00,2026-04-23 19:20:00,0.09542,0.09549,0.09537,0.09546,4428502,422645.03069
DOGEUSDT,1776939900000,2026-04-23 10:25:00,2026-04-23 19:25:00,0.09546,0.09553,0.09546,0.09546,1744710,166626.20622
DOGEUSDT,1776940200000,2026-04-23 10:30:00,2026-04-23 19:30:00,0.09546,0.09562,0.09545,0.09561,846137,80828.77873
DOGEUSDT,1776940500000,2026-04-23 10:35:00,2026-04-23 19:35:00,0.09562,0.09567,0.09555,0.09563,663116,63401.18985
DOGEUSDT,1776940800000,2026-04-23 10:40:00,2026-04-23 19:40:00,0.09563,0.09571,0.09563,0.09566,892890,85436.63685
DOGEUSDT,1776941100000,2026-04-23 10:45:00,2026-04-23 19:45:00,0.09565,0.09577,0.09565,0.09567,1130925,108235.24854
DOGEUSDT,1776941400000,2026-04-23 10:50:00,2026-04-23 19:50:00,0.09566,0.09571,0.09562,0.09564,224810,21506.57539
DOGEUSDT,1776941700000,2026-04-23 10:55:00,2026-04-23 19:55:00,0.09565,0.09573,0.09564,0.09572,641636,61411.73516
DOGEUSDT,1776942000000,2026-04-23 11:00:00,2026-04-23 20:00:00,0.09573,0.09583,0.09573,0.09581,1261912,120895.75725
DOGEUSDT,1776942300000,2026-04-23 11:05:00,2026-04-23 20:05:00,0.09581,0.09586,0.09574,0.09585,732303,70149.83206
DOGEUSDT,1776942600000,2026-04-23 11:10:00,2026-04-23 20:10:00,0.09585,0.09592,0.09583,0.09591,3061646,293592.20367
DOGEUSDT,1776942900000,2026-04-23 11:15:00,2026-04-23 20:15:00,0.0959,0.09598,0.09589,0.09596,322394,30925.03218
DOGEUSDT,1776943200000,2026-04-23 11:20:00,2026-04-23 20:20:00,0.09596,0.096,0.09584,0.09594,821207,78755.31734
DOGEUSDT,1776943500000,2026-04-23 11:25:00,2026-04-23 20:25:00,0.09594,0.096,0.09592,0.09595,511517,49084.39896
DOGEUSDT,1776943800000,2026-04-23 11:30:00,2026-04-23 20:30:00,0.09595,0.09598,0.09591,0.09594,919503,88211.27704
DOGEUSDT,1776944100000,2026-04-23 11:35:00,2026-04-23 20:35:00,0.09593,0.09611,0.09593,0.09598,1410022,135393.12446
DOGEUSDT,1776944400000,2026-04-23 11:40:00,2026-04-23 20:40:00,0.09598,0.0961,0.09597,0.09608,1329225,127677.17903
DOGEUSDT,1776944700000,2026-04-23 11:45:00,2026-04-23 20:45:00,0.09609,0.09626,0.09608,0.09617,4756401,457480.34618
DOGEUSDT,1776945000000,2026-04-23 11:50:00,2026-04-23 20:50:00,0.09617,0.09632,0.09616,0.09629,4993846,480667.2491
DOGEUSDT,1776945300000,2026-04-23 11:55:00,2026-04-23 20:55:00,0.09628,0.09631,0.09616,0.09618,1737858,167259.36648
DOGEUSDT,1776945600000,2026-04-23 12:00:00,2026-04-23 21:00:00,0.09618,0.09645,0.09617,0.09643,5576939,537269.30646
DOGEUSDT,1776945900000,2026-04-23 12:05:00,2026-04-23 21:05:00,0.09643,0.09664,0.09636,0.09649,4688645,452605.55243
DOGEUSDT,1776946200000,2026-04-23 12:10:00,2026-04-23 21:10:00,0.09649,0.09696,0.09647,0.09682,5931390,574055.83139
DOGEUSDT,1776946500000,2026-04-23 12:15:00,2026-04-23 21:15:00,0.09682,0.09682,0.09661,0.09663,2792644,270093.23206
DOGEUSDT,1776946800000,2026-04-23 12:20:00,2026-04-23 21:20:00,0.09663,0.09674,0.09656,0.09672,1806713,174627.42493
DOGEUSDT,1776947100000,2026-04-23 12:25:00,2026-04-23 21:25:00,0.09672,0.09678,0.09655,0.09659,1683066,162683.29126
DOGEUSDT,1776947400000,2026-04-23 12:30:00,2026-04-23 21:30:00,0.09658,0.09674,0.09658,0.0967,1425194,137764.65777
DOGEUSDT,1776947700000,2026-04-23 12:35:00,2026-04-23 21:35:00,0.0967,0.09677,0.09667,0.09674,1051592,101714.3919
DOGEUSDT,1776948000000,2026-04-23 12:40:00,2026-04-23 21:40:00,0.09675,0.09677,0.09663,0.09663,796929,77066.43123
DOGEUSDT,1776948300000,2026-04-23 12:45:00,2026-04-23 21:45:00,0.09664,0.09671,0.09627,0.09636,10630503,1025283.28915
DOGEUSDT,1776948600000,2026-04-23 12:50:00,2026-04-23 21:50:00,0.09636,0.09641,0.09631,0.09637,814858,78512.44493
DOGEUSDT,1776948900000,2026-04-23 12:55:00,2026-04-23 21:55:00,0.09637,0.09654,0.09637,0.09654,860830,83054.89219
DOGEUSDT,1776949200000,2026-04-23 13:00:00,2026-04-23 22:00:00,0.09653,0.09666,0.09652,0.09662,939675,90756.16161
DOGEUSDT,1776949500000,2026-04-23 13:05:00,2026-04-23 22:05:00,0.09661,0.09666,0.09656,0.09664,896465,86595.50782
DOGEUSDT,1776949800000,2026-04-23 13:10:00,2026-04-23 22:10:00,0.09663,0.09665,0.09643,0.09647,1943597,187630.02684
DOGEUSDT,1776950100000,2026-04-23 13:15:00,2026-04-23 22:15:00,0.09648,0.09658,0.09644,0.09653,1080696,104289.23753
DOGEUSDT,1776950400000,2026-04-23 13:20:00,2026-04-23 22:20:00,0.09654,0.0966,0.09653,0.09657,516183,49848.42687
DOGEUSDT,1776950700000,2026-04-23 13:25:00,2026-04-23 22:25:00,0.09657,0.09659,0.09644,0.09644,462577,44651.18253
DOGEUSDT,1776951000000,2026-04-23 13:30:00,2026-04-23 22:30:00,0.09644,0.09653,0.0963,0.09635,2620644,252660.61773
DOGEUSDT,1776951300000,2026-04-23 13:35:00,2026-04-23 22:35:00,0.09635,0.09637,0.09616,0.09619,8560049,823810.26564
DOGEUSDT,1776951600000,2026-04-23 13:40:00,2026-04-23 22:40:00,0.0962,0.0962,0.09603,0.09605,5205505,500350.85984
DOGEUSDT,1776951900000,2026-04-23 13:45:00,2026-04-23 22:45:00,0.09604,0.09641,0.09586,0.09632,8233375,792162.44465
DOGEUSDT,1776952200000,2026-04-23 13:50:00,2026-04-23 22:50:00,0.09631,0.09632,0.09607,0.09612,2024915,194737.20264
DOGEUSDT,1776952500000,2026-04-23 13:55:00,2026-04-23 22:55:00,0.09611,0.09628,0.09611,0.09622,2007564,193118.79294
DOGEUSDT,1776952800000,2026-04-23 14:00:00,2026-04-23 23:00:00,0.09622,0.09641,0.09603,0.09637,2177494,209473.67424
DOGEUSDT,1776953100000,2026-04-23 14:05:00,2026-04-23 23:05:00,0.09637,0.09641,0.09621,0.09641,949747,91471.71418
DOGEUSDT,1776953400000,2026-04-23 14:10:00,2026-04-23 23:10:00,0.09641,0.09644,0.09631,0.09635,654538,63076.90557
DOGEUSDT,1776953700000,2026-04-23 14:15:00,2026-04-23 23:15:00,0.09635,0.09648,0.09633,0.09633,1087986,104910.73859
DOGEUSDT,1776954000000,2026-04-23 14:20:00,2026-04-23 23:20:00,0.09634,0.0966,0.09632,0.09658,1101934,106299.49256
DOGEUSDT,1776954300000,2026-04-23 14:25:00,2026-04-23 23:25:00,0.09657,0.09686,0.09652,0.09663,4474473,432542.71193
DOGEUSDT,1776954600000,2026-04-23 14:30:00,2026-04-23 23:30:00,0.09663,0.09682,0.09663,0.09672,3221899,311712.73782
DOGEUSDT,1776954900000,2026-04-23 14:35:00,2026-04-23 23:35:00,0.09672,0.09688,0.09658,0.09664,2396071,231794.65272
DOGEUSDT,1776955200000,2026-04-23 14:40:00,2026-04-23 23:40:00,0.09665,0.09671,0.09656,0.09669,1063030,102722.33535
DOGEUSDT,1776955500000,2026-04-23 14:45:00,2026-04-23 23:45:00,0.09669,0.09682,0.09666,0.09668,2900734,280648.91736
DOGEUSDT,1776955800000,2026-04-23 14:50:00,2026-04-23 23:50:00,0.09668,0.09687,0.09666,0.09685,973841,94263.09079
DOGEUSDT,1776956100000,2026-04-23 14:55:00,2026-04-23 23:55:00,0.09685,0.09712,0.09683,0.09708,8278232,803210.03171
DOGEUSDT,1776956400000,2026-04-23 15:00:00,2026-04-24 00:00:00,0.09708,0.09721,0.09699,0.09703,7499850,728546.59508
DOGEUSDT,1776956700000,2026-04-23 15:05:00,2026-04-24 00:05:00,0.09703,0.09722,0.09703,0.0971,2607062,253177.25981
DOGEUSDT,1776957000000,2026-04-23 15:10:00,2026-04-24 00:10:00,0.0971,0.09719,0.09706,0.09713,3716421,360902.05351
DOGEUSDT,1776957300000,2026-04-23 15:15:00,2026-04-24 00:15:00,0.09713,0.0979,0.09708,0.09776,21959069,2144167.83198
DOGEUSDT,1776957600000,2026-04-23 15:20:00,2026-04-24 00:20:00,0.09776,0.09802,0.09775,0.09778,14135641,1383171.1745
DOGEUSDT,1776957900000,2026-04-23 15:25:00,2026-04-24 00:25:00,0.09778,0.09792,0.09738,0.09739,11997432,1171671.07466
DOGEUSDT,1776958200000,2026-04-23 15:30:00,2026-04-24 00:30:00,0.09738,0.09786,0.09735,0.09775,10050615,981543.11435
DOGEUSDT,1776958500000,2026-04-23 15:35:00,2026-04-24 00:35:00,0.09774,0.09802,0.09761,0.09802,13811204,1350798.89802
DOGEUSDT,1776958800000,2026-04-23 15:40:00,2026-04-24 00:40:00,0.09802,0.09803,0.09742,0.09756,28161420,2749362.34581
DOGEUSDT,1776959100000,2026-04-23 15:45:00,2026-04-24 00:45:00,0.09756,0.09758,0.0973,0.09755,7157458,697344.34905
DOGEUSDT,1776959400000,2026-04-23 15:50:00,2026-04-24 00:50:00,0.09754,0.09757,0.09721,0.09725,5193080,505767.22524
DOGEUSDT,1776959700000,2026-04-23 15:55:00,2026-04-24 00:55:00,0.09724,0.09739,0.09719,0.09738,4966613,483188.02497
DOGEUSDT,1776960000000,2026-04-23 16:00:00,2026-04-24 01:00:00,0.09737,0.09745,0.09715,0.09716,2913994,283568.07462
DOGEUSDT,1776960300000,2026-04-23 16:05:00,2026-04-24 01:05:00,0.09717,0.0974,0.0971,0.0973,2395291,232838.41208
DOGEUSDT,1776960600000,2026-04-23 16:10:00,2026-04-24 01:10:00,0.0973,0.09739,0.09718,0.0972,976969,95051.35948
DOGEUSDT,1776960900000,2026-04-23 16:15:00,2026-04-24 01:15:00,0.0972,0.09725,0.09715,0.09725,1424631,138476.30832
DOGEUSDT,1776961200000,2026-04-23 16:20:00,2026-04-24 01:20:00,0.09724,0.09726,0.09694,0.09712,2330207,226181.12878
DOGEUSDT,1776961500000,2026-04-23 16:25:00,2026-04-24 01:25:00,0.09713,0.09717,0.09698,0.09699,2270920,220519.09002
DOGEUSDT,1776961800000,2026-04-23 16:30:00,2026-04-24 01:30:00,0.09698,0.09723,0.09694,0.09721,1941674,188493.24066
DOGEUSDT,1776962100000,2026-04-23 16:35:00,2026-04-24 01:35:00,0.0972,0.09727,0.09707,0.09709,2117008,205746.8072
DOGEUSDT,1776962400000,2026-04-23 16:40:00,2026-04-24 01:40:00,0.09709,0.09722,0.09708,0.09715,1194267,116025.61158
DOGEUSDT,1776962700000,2026-04-23 16:45:00,2026-04-24 01:45:00,0.09715,0.0972,0.0971,0.09711,1779958,172925.28056
DOGEUSDT,1776963000000,2026-04-23 16:50:00,2026-04-24 01:50:00,0.09711,0.09729,0.09696,0.09697,5647339,548420.31392
DOGEUSDT,1776963300000,2026-04-23 16:55:00,2026-04-24 01:55:00,0.09696,0.09706,0.09685,0.09691,3138670,304276.18793
DOGEUSDT,1776963600000,2026-04-23 17:00:00,2026-04-24 02:00:00,0.09692,0.09706,0.09659,0.09673,13756935,1330839.29745
DOGEUSDT,1776963900000,2026-04-23 17:05:00,2026-04-24 02:05:00,0.09673,0.09673,0.09645,0.09649,4167456,402374.22462
DOGEUSDT,1776964200000,2026-04-23 17:10:00,2026-04-24 02:10:00,0.09649,0.09685,0.09646,0.09672,2444281,236285.74291
DOGEUSDT,1776964500000,2026-04-23 17:15:00,2026-04-24 02:15:00,0.09672,0.09674,0.09631,0.09654,4931146,475865.80721
DOGEUSDT,1776964800000,2026-04-23 17:20:00,2026-04-24 02:20:00,0.09655,0.0967,0.09644,0.09657,2377645,229668.52512
DOGEUSDT,1776965100000,2026-04-23 17:25:00,2026-04-24 02:25:00,0.09658,0.09677,0.09641,0.09643,1531581,147888.03514
DOGEUSDT,1776965400000,2026-04-23 17:30:00,2026-04-24 02:30:00,0.09643,0.09651,0.09624,0.09648,3087710,297577.42995
DOGEUSDT,1776965700000,2026-04-23 17:35:00,2026-04-24 02:35:00,0.09648,0.09653,0.09551,0.09562,13477790,1292306.54333
DOGEUSDT,1776966000000,2026-04-23 17:40:00,2026-04-24 02:40:00,0.09562,0.09564,0.09522,0.09559,21986608,2098585.15256
DOGEUSDT,1776966300000,2026-04-23 17:45:00,2026-04-24 02:45:00,0.09559,0.09579,0.09516,0.09569,12105792,1156306.31392
DOGEUSDT,1776966600000,2026-04-23 17:50:00,2026-04-24 02:50:00,0.09569,0.09623,0.09553,0.09603,10237138,981770.93558
DOGEUSDT,1776966900000,2026-04-23 17:55:00,2026-04-24 02:55:00,0.09602,0.09618,0.09594,0.09613,3277926,314931.74979
DOGEUSDT,1776967200000,2026-04-23 18:00:00,2026-04-24 03:00:00,0.09613,0.09623,0.096,0.09606,4697466,451511.31581
DOGEUSDT,1776967500000,2026-04-23 18:05:00,2026-04-24 03:05:00,0.09605,0.0964,0.096,0.09621,6567359,632121.17433
DOGEUSDT,1776967800000,2026-04-23 18:10:00,2026-04-24 03:10:00,0.09621,0.09639,0.09613,0.09613,3941350,379451.75587
DOGEUSDT,1776968100000,2026-04-23 18:15:00,2026-04-24 03:15:00,0.09614,0.09631,0.09613,0.09617,1789775,172209.056
DOGEUSDT,1776968400000,2026-04-23 18:20:00,2026-04-24 03:20:00,0.09617,0.09626,0.09605,0.09617,3860568,371211.1343
DOGEUSDT,1776968700000,2026-04-23 18:25:00,2026-04-24 03:25:00,0.09618,0.09618,0.09606,0.09607,1237547,118921.07729
DOGEUSDT,1776969000000,2026-04-23 18:30:00,2026-04-24 03:30:00,0.09608,0.09626,0.09608,0.0962,1361141,130913.6163
DOGEUSDT,1776969300000,2026-04-23 18:35:00,2026-04-24 03:35:00,0.09621,0.09642,0.09617,0.09632,4583569,441440.10481
DOGEUSDT,1776969600000,2026-04-23 18:40:00,2026-04-24 03:40:00,0.09632,0.09634,0.09622,0.09629,3241806,312139.24632
DOGEUSDT,1776969900000,2026-04-23 18:45:00,2026-04-24 03:45:00,0.0963,0.09633,0.09618,0.09619,1034040,99547.4635
DOGEUSDT,1776970200000,2026-04-23 18:50:00,2026-04-24 03:50:00,0.09619,0.09628,0.09609,0.0962,1317912,126767.44618
DOGEUSDT,1776970500000,2026-04-23 18:55:00,2026-04-24 03:55:00,0.09621,0.09622,0.09592,0.09592,2305001,221406.83589
DOGEUSDT,1776970800000,2026-04-23 19:00:00,2026-04-24 04:00:00,0.09593,0.09602,0.09584,0.09586,2336468,224147.14189
DOGEUSDT,1776971100000,2026-04-23 19:05:00,2026-04-24 04:05:00,0.09586,0.09609,0.09586,0.09601,1899589,182367.56847
DOGEUSDT,1776971400000,2026-04-23 19:10:00,2026-04-24 04:10:00,0.09601,0.09613,0.09595,0.09611,1586453,152421.55134
DOGEUSDT,1776971700000,2026-04-23 19:15:00,2026-04-24 04:15:00,0.09611,0.09635,0.0961,0.09627,1629192,156794.95279
DOGEUSDT,1776972000000,2026-04-23 19:20:00,2026-04-24 04:20:00,0.09627,0.09629,0.09622,0.09622,851420,81956.87969
DOGEUSDT,1776972300000,2026-04-23 19:25:00,2026-04-24 04:25:00,0.09623,0.09634,0.09623,0.09628,2727667,262662.10747
DOGEUSDT,1776972600000,2026-04-23 19:30:00,2026-04-24 04:30:00,0.09628,0.09643,0.09624,0.09629,6256083,602753.61179
DOGEUSDT,1776972900000,2026-04-23 19:35:00,2026-04-24 04:35:00,0.09628,0.09628,0.0961,0.0961,2818747,271072.6397
DOGEUSDT,1776973200000,2026-04-23 19:40:00,2026-04-24 04:40:00,0.09611,0.09623,0.09611,0.09614,1266309,121773.37003
DOGEUSDT,1776973500000,2026-04-23 19:45:00,2026-04-24 04:45:00,0.09613,0.09631,0.09612,0.0963,703655,67696.86063
DOGEUSDT,1776973800000,2026-04-23 19:50:00,2026-04-24 04:50:00,0.09631,0.09634,0.09602,0.09627,4235775,407455.2746
DOGEUSDT,1776974100000,2026-04-23 19:55:00,2026-04-24 04:55:00,0.09626,0.09636,0.09622,0.09622,1295690,124753.39084
DOGEUSDT,1776974400000,2026-04-23 20:00:00,2026-04-24 05:00:00,0.09622,0.09658,0.09617,0.09658,1796347,173093.92379
DOGEUSDT,1776974700000,2026-04-23 20:05:00,2026-04-24 05:05:00,0.09658,0.09662,0.09648,0.09652,1202383,116109.08541
DOGEUSDT,1776975000000,2026-04-23 20:10:00,2026-04-24 05:10:00,0.09652,0.09656,0.09637,0.09639,856876,82658.93921
DOGEUSDT,1776975300000,2026-04-23 20:15:00,2026-04-24 05:15:00,0.09638,0.09643,0.09628,0.09641,2353660,226804.29081
DOGEUSDT,1776975600000,2026-04-23 20:20:00,2026-04-24 05:20:00,0.09641,0.09649,0.09636,0.09646,1804994,174010.73645
DOGEUSDT,1776975900000,2026-04-23 20:25:00,2026-04-24 05:25:00,0.09645,0.0965,0.09642,0.09645,897495,86570.88414
DOGEUSDT,1776976200000,2026-04-23 20:30:00,2026-04-24 05:30:00,0.09645,0.09662,0.0964,0.09655,925047,89240.73136
DOGEUSDT,1776976500000,2026-04-23 20:35:00,2026-04-24 05:35:00,0.09655,0.09684,0.09654,0.09684,1843145,178242.99502
DOGEUSDT,1776976800000,2026-04-23 20:40:00,2026-04-24 05:40:00,0.09683,0.09695,0.09678,0.09681,3018099,292278.58276
DOGEUSDT,1776977100000,2026-04-23 20:45:00,2026-04-24 05:45:00,0.09682,0.09689,0.09677,0.09685,1909407,184922.14359
DOGEUSDT,1776977400000,2026-04-23 20:50:00,2026-04-24 05:50:00,0.09685,0.09689,0.09671,0.09673,642749,62217.87351
DOGEUSDT,1776977700000,2026-04-23 20:55:00,2026-04-24 05:55:00,0.09673,0.09675,0.09663,0.09667,1414437,136752.13925
DOGEUSDT,1776978000000,2026-04-23 21:00:00,2026-04-24 06:00:00,0.09667,0.09679,0.09667,0.09675,1285531,124354.04854
DOGEUSDT,1776978300000,2026-04-23 21:05:00,2026-04-24 06:05:00,0.09675,0.09682,0.09669,0.09673,1022041,98882.34424
DOGEUSDT,1776978600000,2026-04-23 21:10:00,2026-04-24 06:10:00,0.09673,0.09678,0.09664,0.09672,1056156,102161.13683
DOGEUSDT,1776978900000,2026-04-23 21:15:00,2026-04-24 06:15:00,0.09672,0.09681,0.09669,0.0968,924506,89430.74133
DOGEUSDT,1776979200000,2026-04-23 21:20:00,2026-04-24 06:20:00,0.0968,0.09689,0.09675,0.09688,1229416,119043.67206
DOGEUSDT,1776979500000,2026-04-23 21:25:00,2026-04-24 06:25:00,0.09689,0.09695,0.09684,0.09694,1455985,141077.59888
DOGEUSDT,1776979800000,2026-04-23 21:30:00,2026-04-24 06:30:00,0.09694,0.09705,0.09693,0.09704,9091698,881728.08034
DOGEUSDT,1776980100000,2026-04-23 21:35:00,2026-04-24 06:35:00,0.09704,0.09717,0.09702,0.09709,3054680,296572.64673
DOGEUSDT,1776980400000,2026-04-23 21:40:00,2026-04-24 06:40:00,0.0971,0.09738,0.09706,0.09735,4379527,425891.58605
DOGEUSDT,1776980700000,2026-04-23 21:45:00,2026-04-24 06:45:00,0.09734,0.09748,0.09728,0.09743,3424149,333452.81663
DOGEUSDT,1776981000000,2026-04-23 21:50:00,2026-04-24 06:50:00,0.09743,0.0975,0.09742,0.09749,2812844,274184.17399
DOGEUSDT,1776981300000,2026-04-23 21:55:00,2026-04-24 06:55:00,0.09749,0.09749,0.09713,0.09713,4081179,396924.96177
DOGEUSDT,1776981600000,2026-04-23 22:00:00,2026-04-24 07:00:00,0.09712,0.09743,0.09712,0.09735,2919416,284126.24411
DOGEUSDT,1776981900000,2026-04-23 22:05:00,2026-04-24 07:05:00,0.09735,0.09737,0.09722,0.09728,3390601,329879.42821
DOGEUSDT,1776982200000,2026-04-23 22:10:00,2026-04-24 07:10:00,0.09728,0.09741,0.09727,0.09738,878510,85512.47268
DOGEUSDT,1776982500000,2026-04-23 22:15:00,2026-04-24 07:15:00,0.09737,0.09774,0.09733,0.09765,5155376,502817.59092
DOGEUSDT,1776982800000,2026-04-23 22:20:00,2026-04-24 07:20:00,0.09764,0.09767,0.09746,0.09758,2939260,286824.69232
DOGEUSDT,1776983100000,2026-04-23 22:25:00,2026-04-24 07:25:00,0.09757,0.09761,0.09745,0.09745,1884473,183763.94224
DOGEUSDT,1776983400000,2026-04-23 22:30:00,2026-04-24 07:30:00,0.09746,0.09746,0.09734,0.09736,2007317,195541.67271
DOGEUSDT,1776983700000,2026-04-23 22:35:00,2026-04-24 07:35:00,0.09736,0.09749,0.09735,0.09746,1746121,170159.5273
DOGEUSDT,1776984000000,2026-04-23 22:40:00,2026-04-24 07:40:00,0.09745,0.09748,0.09742,0.09747,680121,66280.81082
DOGEUSDT,1776984300000,2026-04-23 22:45:00,2026-04-24 07:45:00,0.09747,0.09755,0.09742,0.09747,1631240,159009.21462
DOGEUSDT,1776984600000,2026-04-23 22:50:00,2026-04-24 07:50:00,0.09746,0.09749,0.09728,0.09737,3485368,339354.39044
DOGEUSDT,1776984900000,2026-04-23 22:55:00,2026-04-24 07:55:00,0.09736,0.09737,0.09721,0.09726,3158095,307159.47595
DOGEUSDT,1776985200000,2026-04-23 23:00:00,2026-04-24 08:00:00,0.09726,0.09735,0.09721,0.09734,2779684,270426.97379
DOGEUSDT,1776985500000,2026-04-23 23:05:00,2026-04-24 08:05:00,0.09734,0.09738,0.09717,0.09717,3236526,314853.93482
DOGEUSDT,1776985800000,2026-04-23 23:10:00,2026-04-24 08:10:00,0.09717,0.0972,0.09711,0.09717,1962410,190645.69801
DOGEUSDT,1776986100000,2026-04-23 23:15:00,2026-04-24 08:15:00,0.09718,0.0972,0.09712,0.09714,1676330,162863.3099
DOGEUSDT,1776986400000,2026-04-23 23:20:00,2026-04-24 08:20:00,0.09713,0.0972,0.09708,0.09714,2437414,236759.1159
DOGEUSDT,1776986700000,2026-04-23 23:25:00,2026-04-24 08:25:00,0.09714,0.09719,0.09708,0.09709,923777,89723.75601
DOGEUSDT,1776987000000,2026-04-23 23:30:00,2026-04-24 08:30:00,0.0971,0.09712,0.09701,0.09707,2061665,200089.01442
DOGEUSDT,1776987300000,2026-04-23 23:35:00,2026-04-24 08:35:00,0.09708,0.09715,0.09706,0.0971,1271624,123482.2167
DOGEUSDT,1776987600000,2026-04-23 23:40:00,2026-04-24 08:40:00,0.09711,0.09728,0.09711,0.09721,2838881,276012.54645
DOGEUSDT,1776987900000,2026-04-23 23:45:00,2026-04-24 08:45:00,0.09721,0.09726,0.09714,0.09714,1281975,124598.45523
DOGEUSDT,1776988200000,2026-04-23 23:50:00,2026-04-24 08:50:00,0.09715,0.09723,0.09714,0.09716,618519,60119.08336
DOGEUSDT,1776988500000,2026-04-23 23:55:00,2026-04-24 08:55:00,0.09716,0.09718,0.09713,0.09714,1170058,113681.43584
DOGEUSDT,1776988800000,2026-04-24 00:00:00,2026-04-24 09:00:00,0.09714,0.09722,0.09706,0.09706,2279032,221393.46141
DOGEUSDT,1776989100000,2026-04-24 00:05:00,2026-04-24 09:05:00,0.09706,0.09728,0.09703,0.09723,2902518,282054.21607
DOGEUSDT,1776989400000,2026-04-24 00:10:00,2026-04-24 09:10:00,0.09724,0.0973,0.09716,0.09722,772067,75060.0973
DOGEUSDT,1776989700000,2026-04-24 00:15:00,2026-04-24 09:15:00,0.09722,0.0974,0.09719,0.09737,6618758,644137.52201
DOGEUSDT,1776990000000,2026-04-24 00:20:00,2026-04-24 09:20:00,0.09738,0.09756,0.09736,0.09736,3928013,382863.94362
DOGEUSDT,1776990300000,2026-04-24 00:25:00,2026-04-24 09:25:00,0.09737,0.09754,0.09737,0.09749,1468554,143166.29971
DOGEUSDT,1776990600000,2026-04-24 00:30:00,2026-04-24 09:30:00,0.09748,0.09761,0.09748,0.09758,7319757,714238.10256
DOGEUSDT,1776990900000,2026-04-24 00:35:00,2026-04-24 09:35:00,0.09759,0.09768,0.09753,0.09759,2314265,225863.36672
DOGEUSDT,1776991200000,2026-04-24 00:40:00,2026-04-24 09:40:00,0.09759,0.09759,0.09751,0.09753,925429,90271.48063
DOGEUSDT,1776991500000,2026-04-24 00:45:00,2026-04-24 09:45:00,0.09753,0.0977,0.09751,0.09768,1392814,135956.82391
DOGEUSDT,1776991800000,2026-04-24 00:50:00,2026-04-24 09:50:00,0.09768,0.09774,0.09764,0.09768,1233921,120533.67239
DOGEUSDT,1776992100000,2026-04-24 00:55:00,2026-04-24 09:55:00,0.09768,0.09768,0.09755,0.09763,2187462,213497.92722
DOGEUSDT,1776992400000,2026-04-24 01:00:00,2026-04-24 10:00:00,0.09763,0.09763,0.09738,0.09738,2057694,200596.6646
DOGEUSDT,1776992700000,2026-04-24 01:05:00,2026-04-24 10:05:00,0.09738,0.09738,0.09715,0.09722,4246986,413073.17807
DOGEUSDT,1776993000000,2026-04-24 01:10:00,2026-04-24 10:10:00,0.09722,0.09726,0.09719,0.09723,1098425,106788.85566
DOGEUSDT,1776993300000,2026-04-24 01:15:00,2026-04-24 10:15:00,0.09723,0.09727,0.0971,0.0971,1102969,107188.8068
DOGEUSDT,1776993600000,2026-04-24 01:20:00,2026-04-24 10:20:00,0.0971,0.09721,0.09707,0.09712,3101670,301271.63247
DOGEUSDT,1776993900000,2026-04-24 01:25:00,2026-04-24 10:25:00,0.09712,0.09729,0.09708,0.09722,1727353,167866.99696
DOGEUSDT,1776994200000,2026-04-24 01:30:00,2026-04-24 10:30:00,0.09721,0.09727,0.0971,0.09725,1503866,146155.11328
DOGEUSDT,1776994500000,2026-04-24 01:35:00,2026-04-24 10:35:00,0.09725,0.09748,0.09722,0.09741,1231351,119860.21069
DOGEUSDT,1776994800000,2026-04-24 01:40:00,2026-04-24 10:40:00,0.09742,0.09753,0.09733,0.0974,1705144,166153.33379
DOGEUSDT,1776995100000,2026-04-24 01:45:00,2026-04-24 10:45:00,0.0974,0.09765,0.09739,0.09765,7017156,684929.10246
DOGEUSDT,1776995400000,2026-04-24 01:50:00,2026-04-24 10:50:00,0.09765,0.09793,0.09764,0.09785,8783874,858939.73111
DOGEUSDT,1776995700000,2026-04-24 01:55:00,2026-04-24 10:55:00,0.09785,0.09804,0.09783,0.09794,12189060,1193961.98407
DOGEUSDT,1776996000000,2026-04-24 02:00:00,2026-04-24 11:00:00,0.09793,0.09804,0.09782,0.09782,2774524,271840.95738
DOGEUSDT,1776996300000,2026-04-24 02:05:00,2026-04-24 11:05:00,0.09782,0.09786,0.0976,0.0977,7118894,695413.27109
DOGEUSDT,1776996600000,2026-04-24 02:10:00,2026-04-24 11:10:00,0.09769,0.09785,0.09769,0.09784,2089678,204297.86957
DOGEUSDT,1776996900000,2026-04-24 02:15:00,2026-04-24 11:15:00,0.09785,0.09795,0.0978,0.09795,3566984,349117.5107
DOGEUSDT,1776997200000,2026-04-24 02:20:00,2026-04-24 11:20:00,0.09794,0.09794,0.09773,0.09773,4995816,488625.16249
DOGEUSDT,1776997500000,2026-04-24 02:25:00,2026-04-24 11:25:00,0.09773,0.09781,0.09766,0.09773,2007849,196242.85593
DOGEUSDT,1776997800000,2026-04-24 02:30:00,2026-04-24 11:30:00,0.09773,0.09785,0.09773,0.09785,3252686,318025.9909
DOGEUSDT,1776998100000,2026-04-24 02:35:00,2026-04-24 11:35:00,0.09785,0.09793,0.09782,0.09788,2258863,221117.8035
DOGEUSDT,1776998400000,2026-04-24 02:40:00,2026-04-24 11:40:00,0.09788,0.09793,0.0978,0.09786,2707908,265030.36277
DOGEUSDT,1776998700000,2026-04-24 02:45:00,2026-04-24 11:45:00,0.09786,0.09802,0.09785,0.098,6774819,663436.22442
DOGEUSDT,1776999000000,2026-04-24 02:50:00,2026-04-24 11:50:00,0.098,0.09805,0.09766,0.09782,5682498,556119.24899
DOGEUSDT,1776999300000,2026-04-24 02:55:00,2026-04-24 11:55:00,0.09783,0.09785,0.09773,0.09774,5973581,584024.32879
DOGEUSDT,1776999600000,2026-04-24 03:00:00,2026-04-24 12:00:00,0.09773,0.09782,0.09763,0.09778,3570997,349030.08681
DOGEUSDT,1776999900000,2026-04-24 03:05:00,2026-04-24 12:05:00,0.09777,0.09779,0.09771,0.09773,2001116,195607.51006
DOGEUSDT,1777000200000,2026-04-24 03:10:00,2026-04-24 12:10:00,0.09773,0.09779,0.09766,0.09768,2263838,221190.20971
DOGEUSDT,1777000500000,2026-04-24 03:15:00,2026-04-24 12:15:00,0.09768,0.09768,0.0975,0.09756,3088426,301295.76653
DOGEUSDT,1777000800000,2026-04-24 03:20:00,2026-04-24 12:20:00,0.09755,0.09756,0.09711,0.09713,5339922,519849.5585
DOGEUSDT,1777001100000,2026-04-24 03:25:00,2026-04-24 12:25:00,0.09714,0.09737,0.09714,0.09719,2863059,278467.43849
DOGEUSDT,1777001400000,2026-04-24 03:30:00,2026-04-24 12:30:00,0.0972,0.09722,0.09691,0.09692,11038486,1071185.62972
DOGEUSDT,1777001700000,2026-04-24 03:35:00,2026-04-24 12:35:00,0.09693,0.09716,0.09693,0.09708,3157073,306399.88911
DOGEUSDT,1777002000000,2026-04-24 03:40:00,2026-04-24 12:40:00,0.09708,0.09714,0.09706,0.09712,1143621,111041.45883
DOGEUSDT,1777002300000,2026-04-24 03:45:00,2026-04-24 12:45:00,0.09712,0.09721,0.0971,0.0971,928513,90213.83376
DOGEUSDT,1777002600000,2026-04-24 03:50:00,2026-04-24 12:50:00,0.09711,0.09722,0.09708,0.09714,4322069,419897.03259
DOGEUSDT,1777002900000,2026-04-24 03:55:00,2026-04-24 12:55:00,0.09713,0.09724,0.09709,0.09723,1896425,184183.48958
DOGEUSDT,1777003200000,2026-04-24 04:00:00,2026-04-24 13:00:00,0.09723,0.09724,0.09702,0.09702,1111323,107896.10662
DOGEUSDT,1777003500000,2026-04-24 04:05:00,2026-04-24 13:05:00,0.09703,0.09705,0.09699,0.097,1466899,142317.30104
DOGEUSDT,1777003800000,2026-04-24 04:10:00,2026-04-24 13:10:00,0.09699,0.09714,0.09699,0.09713,1080111,104848.79118
DOGEUSDT,1777004100000,2026-04-24 04:15:00,2026-04-24 13:15:00,0.09713,0.09715,0.09706,0.09713,1123667,109121.5064
DOGEUSDT,1777004400000,2026-04-24 04:20:00,2026-04-24 13:20:00,0.09713,0.09729,0.09713,0.09724,773941,75258.96359
DOGEUSDT,1777004700000,2026-04-24 04:25:00,2026-04-24 13:25:00,0.09723,0.09723,0.09699,0.09699,2146860,208543.50485
DOGEUSDT,1777005000000,2026-04-24 04:30:00,2026-04-24 13:30:00,0.09699,0.09711,0.09698,0.09708,1060242,102917.46709
DOGEUSDT,1777005300000,2026-04-24 04:35:00,2026-04-24 13:35:00,0.09707,0.09721,0.09699,0.09706,730439,70922.73352
DOGEUSDT,1777005600000,2026-04-24 04:40:00,2026-04-24 13:40:00,0.09706,0.09719,0.09705,0.09717,452406,43947.63421
DOGEUSDT,1777005900000,2026-04-24 04:45:00,2026-04-24 13:45:00,0.09718,0.09737,0.09712,0.09736,673379,65499.28878
DOGEUSDT,1777006200000,2026-04-24 04:50:00,2026-04-24 13:50:00,0.09736,0.09738,0.09729,0.09733,1095680,106634.41452
DOGEUSDT,1777006500000,2026-04-24 04:55:00,2026-04-24 13:55:00,0.09732,0.0974,0.0973,0.09731,1732209,168651.56455
DOGEUSDT,1777006800000,2026-04-24 05:00:00,2026-04-24 14:00:00,0.09732,0.09733,0.09708,0.09708,1367168,132908.73344
DOGEUSDT,1777007100000,2026-04-24 05:05:00,2026-04-24 14:05:00,0.09707,0.0972,0.09707,0.09716,898112,87232.77391
DOGEUSDT,1777007400000,2026-04-24 05:10:00,2026-04-24 14:10:00,0.09717,0.09727,0.09716,0.09727,1805891,175539.05122
DOGEUSDT,1777007700000,2026-04-24 05:15:00,2026-04-24 14:15:00,0.09727,0.09748,0.09706,0.09715,9186582,893859.06853
DOGEUSDT,1777008000000,2026-04-24 05:20:00,2026-04-24 14:20:00,0.09715,0.0972,0.09706,0.09716,1841994,178942.24882
DOGEUSDT,1777008300000,2026-04-24 05:25:00,2026-04-24 14:25:00,0.09716,0.09716,0.09706,0.0971,1135686,110298.9845
DOGEUSDT,1777008600000,2026-04-24 05:30:00,2026-04-24 14:30:00,0.09709,0.09732,0.09708,0.09721,1438487,139864.19315
DOGEUSDT,1777008900000,2026-04-24 05:35:00,2026-04-24 14:35:00,0.09721,0.09723,0.09707,0.09709,1076716,104606.75762
DOGEUSDT,1777009200000,2026-04-24 05:40:00,2026-04-24 14:40:00,0.09708,0.09709,0.097,0.09702,1462128,141883.26645
DOGEUSDT,1777009500000,2026-04-24 05:45:00,2026-04-24 14:45:00,0.09701,0.09706,0.09699,0.09705,1563259,151674.79471
DOGEUSDT,1777009800000,2026-04-24 05:50:00,2026-04-24 14:50:00,0.09706,0.09726,0.09704,0.09721,1607744,156191.87866
DOGEUSDT,1777010100000,2026-04-24 05:55:00,2026-04-24 14:55:00,0.09721,0.09743,0.09717,0.09723,5802226,564506.75531
DOGEUSDT,1777010400000,2026-04-24 06:00:00,2026-04-24 15:00:00,0.09724,0.09724,0.097,0.09712,3403453,330394.16889
DOGEUSDT,1777010700000,2026-04-24 06:05:00,2026-04-24 15:05:00,0.09711,0.0974,0.097,0.09737,9714399,943968.37887
DOGEUSDT,1777011000000,2026-04-24 06:10:00,2026-04-24 15:10:00,0.09737,0.09741,0.09729,0.09738,1850365,180139.28696
DOGEUSDT,1777011300000,2026-04-24 06:15:00,2026-04-24 15:15:00,0.09738,0.09761,0.09738,0.0976,9661718,941917.62526
DOGEUSDT,1777011600000,2026-04-24 06:20:00,2026-04-24 15:20:00,0.0976,0.09778,0.09756,0.09769,11143653,1088604.44514
DOGEUSDT,1777011900000,2026-04-24 06:25:00,2026-04-24 15:25:00,0.09768,0.09768,0.09749,0.0976,1387464,135388.25687
DOGEUSDT,1777012200000,2026-04-24 06:30:00,2026-04-24 15:30:00,0.0976,0.09764,0.0974,0.09756,2644590,257856.98846
DOGEUSDT,1777012500000,2026-04-24 06:35:00,2026-04-24 15:35:00,0.09755,0.09761,0.09746,0.09757,1838547,179288.50759
DOGEUSDT,1777012800000,2026-04-24 06:40:00,2026-04-24 15:40:00,0.09756,0.09763,0.09752,0.09752,790898,77175.07127
DOGEUSDT,1777013100000,2026-04-24 06:45:00,2026-04-24 15:45:00,0.09753,0.0976,0.09747,0.09759,1562739,152424.14218
DOGEUSDT,1777013400000,2026-04-24 06:50:00,2026-04-24 15:50:00,0.0976,0.09765,0.09753,0.09758,1024774,100008.43501
DOGEUSDT,1777013700000,2026-04-24 06:55:00,2026-04-24 15:55:00,0.09758,0.0976,0.0974,0.09745,1542067,150350.42985
DOGEUSDT,1777014000000,2026-04-24 07:00:00,2026-04-24 16:00:00,0.09744,0.09768,0.09743,0.09768,3039625,296627.79063
DOGEUSDT,1777014300000,2026-04-24 07:05:00,2026-04-24 16:05:00,0.09768,0.09794,0.09767,0.09791,3340893,326911.97126
DOGEUSDT,1777014600000,2026-04-24 07:10:00,2026-04-24 16:10:00,0.09792,0.09811,0.09792,0.09797,9435507,924724.79908
DOGEUSDT,1777014900000,2026-04-24 07:15:00,2026-04-24 16:15:00,0.09797,0.09798,0.09777,0.09779,10482955,1025814.09897
DOGEUSDT,1777015200000,2026-04-24 07:20:00,2026-04-24 16:20:00,0.09778,0.09788,0.09778,0.09785,2495962,244200.70999
DOGEUSDT,1777015500000,2026-04-24 07:25:00,2026-04-24 16:25:00,0.09785,0.09794,0.09779,0.09789,2542203,248803.01972
DOGEUSDT,1777015800000,2026-04-24 07:30:00,2026-04-24 16:30:00,0.09788,0.098,0.09786,0.098,2743700,268697.72483
DOGEUSDT,1777016100000,2026-04-24 07:35:00,2026-04-24 16:35:00,0.09799,0.09809,0.09788,0.09809,4399262,430995.08781
DOGEUSDT,1777016400000,2026-04-24 07:40:00,2026-04-24 16:40:00,0.0981,0.09821,0.09771,0.09773,24360030,2385972.8438
DOGEUSDT,1777016700000,2026-04-24 07:45:00,2026-04-24 16:45:00,0.09772,0.09778,0.0977,0.09774,1590793,155479.99756
DOGEUSDT,1777017000000,2026-04-24 07:50:00,2026-04-24 16:50:00,0.09774,0.09779,0.09764,0.09772,1502460,146830.63767
DOGEUSDT,1777017300000,2026-04-24 07:55:00,2026-04-24 16:55:00,0.09771,0.09782,0.0975,0.09781,4619155,451023.64668
DOGEUSDT,1777017600000,2026-04-24 08:00:00,2026-04-24 17:00:00,0.09781,0.09786,0.09765,0.09772,2630967,257238.16803
DOGEUSDT,1777017900000,2026-04-24 08:05:00,2026-04-24 17:05:00,0.09771,0.09774,0.09758,0.0976,1026180,100213.03216
DOGEUSDT,1777018200000,2026-04-24 08:10:00,2026-04-24 17:10:00,0.09759,0.0976,0.09746,0.09752,2908707,283666.63045
DOGEUSDT,1777018500000,2026-04-24 08:15:00,2026-04-24 17:15:00,0.09751,0.09784,0.09751,0.09782,5622872,549396.7518
DOGEUSDT,1777018800000,2026-04-24 08:20:00,2026-04-24 17:20:00,0.09783,0.09805,0.09779,0.09792,11192187,1096165.62184
DOGEUSDT,1777019100000,2026-04-24 08:25:00,2026-04-24 17:25:00,0.09792,0.09802,0.09789,0.09799,1744715,170925.50794
DOGEUSDT,1777019400000,2026-04-24 08:30:00,2026-04-24 17:30:00,0.098,0.09802,0.0978,0.09781,1089220,106597.93259
DOGEUSDT,1777019700000,2026-04-24 08:35:00,2026-04-24 17:35:00,0.09782,0.09787,0.09776,0.09783,1986320,194283.04245
DOGEUSDT,1777020000000,2026-04-24 08:40:00,2026-04-24 17:40:00,0.09783,0.09787,0.09771,0.09773,883282,86370.5925
DOGEUSDT,1777020300000,2026-04-24 08:45:00,2026-04-24 17:45:00,0.09773,0.09793,0.09773,0.09793,1244439,121748.12237
DOGEUSDT,1777020600000,2026-04-24 08:50:00,2026-04-24 17:50:00,0.09793,0.09797,0.09782,0.09792,1762881,172577.67324
DOGEUSDT,1777020900000,2026-04-24 08:55:00,2026-04-24 17:55:00,0.09792,0.09792,0.09784,0.09788,1048950,102680.64126
DOGEUSDT,1777021200000,2026-04-24 09:00:00,2026-04-24 18:00:00,0.09788,0.09792,0.09766,0.09766,1392558,136177.33558
DOGEUSDT,1777021500000,2026-04-24 09:05:00,2026-04-24 18:05:00,0.09767,0.09769,0.09732,0.09737,9508094,927058.07156
DOGEUSDT,1777021800000,2026-04-24 09:10:00,2026-04-24 18:10:00,0.09736,0.09749,0.09734,0.09748,2123641,206879.34681
DOGEUSDT,1777022100000,2026-04-24 09:15:00,2026-04-24 18:15:00,0.09748,0.09762,0.09738,0.09751,1628558,158790.4965
DOGEUSDT,1777022400000,2026-04-24 09:20:00,2026-04-24 18:20:00,0.09751,0.09751,0.09733,0.09739,1618172,157630.89571
DOGEUSDT,1777022700000,2026-04-24 09:25:00,2026-04-24 18:25:00,0.09738,0.0974,0.09718,0.09729,2812967,273632.49066
DOGEUSDT,1777023000000,2026-04-24 09:30:00,2026-04-24 18:30:00,0.0973,0.09741,0.09729,0.09741,1510850,147088.81514
DOGEUSDT,1777023300000,2026-04-24 09:35:00,2026-04-24 18:35:00,0.09742,0.09743,0.09723,0.09725,1832926,178391.79722
DOGEUSDT,1777023600000,2026-04-24 09:40:00,2026-04-24 18:40:00,0.09725,0.09729,0.09721,0.09723,2213920,215299.80894
DOGEUSDT,1777023900000,2026-04-24 09:45:00,2026-04-24 18:45:00,0.09723,0.09728,0.09706,0.0971,5709170,554579.54119
DOGEUSDT,1777024200000,2026-04-24 09:50:00,2026-04-24 18:50:00,0.09709,0.09709,0.09694,0.09698,7526104,729950.69659
DOGEUSDT,1777024500000,2026-04-24 09:55:00,2026-04-24 18:55:00,0.09699,0.09718,0.09682,0.09717,12264525,1189183.84288
DOGEUSDT,1777024800000,2026-04-24 10:00:00,2026-04-24 19:00:00,0.09717,0.09731,0.09707,0.09721,1977800,192221.7029
DOGEUSDT,1777025100000,2026-04-24 10:05:00,2026-04-24 19:05:00,0.09721,0.09724,0.09709,0.09722,1379667,134071.82503
DOGEUSDT,1777025400000,2026-04-24 10:10:00,2026-04-24 19:10:00,0.09721,0.09727,0.09717,0.09722,1547469,150436.89589
DOGEUSDT,1777025700000,2026-04-24 10:15:00,2026-04-24 19:15:00,0.09723,0.09731,0.09719,0.09727,1174067,114184.37682
DOGEUSDT,1777026000000,2026-04-24 10:20:00,2026-04-24 19:20:00,0.09726,0.09742,0.09726,0.0974,7914394,770659.27207
DOGEUSDT,1777026300000,2026-04-24 10:25:00,2026-04-24 19:25:00,0.09741,0.0975,0.09733,0.09733,1076401,104876.28865
DOGEUSDT,1777026600000,2026-04-24 10:30:00,2026-04-24 19:30:00,0.09734,0.09745,0.09725,0.09744,1325547,129048.5644
DOGEUSDT,1777026900000,2026-04-24 10:35:00,2026-04-24 19:35:00,0.09743,0.09753,0.09738,0.09739,990969,96580.06709
DOGEUSDT,1777027200000,2026-04-24 10:40:00,2026-04-24 19:40:00,0.0974,0.09748,0.09739,0.09745,706437,68838.264
DOGEUSDT,1777027500000,2026-04-24 10:45:00,2026-04-24 19:45:00,0.09745,0.0982,0.09739,0.09781,22368666,2189881.42782
DOGEUSDT,1777027800000,2026-04-24 10:50:00,2026-04-24 19:50:00,0.0978,0.09813,0.09779,0.09797,4541645,444802.02858
DOGEUSDT,1777028100000,2026-04-24 10:55:00,2026-04-24 19:55:00,0.09797,0.09803,0.09784,0.09784,4077441,399341.63178
DOGEUSDT,1777028400000,2026-04-24 11:00:00,2026-04-24 20:00:00,0.09785,0.0982,0.09784,0.09805,11334774,1111016.24845
DOGEUSDT,1777028700000,2026-04-24 11:05:00,2026-04-24 20:05:00,0.09805,0.0984,0.09803,0.0982,8884419,872935.45067
DOGEUSDT,1777029000000,2026-04-24 11:10:00,2026-04-24 20:10:00,0.0982,0.09837,0.0982,0.09832,5283949,519275.43474
DOGEUSDT,1777029300000,2026-04-24 11:15:00,2026-04-24 20:15:00,0.09833,0.09838,0.09805,0.09806,5006139,491715.64483
DOGEUSDT,1777029600000,2026-04-24 11:20:00,2026-04-24 20:20:00,0.09806,0.09838,0.09806,0.09835,4232095,415815.78987
DOGEUSDT,1777029900000,2026-04-24 11:25:00,2026-04-24 20:25:00,0.09835,0.09854,0.09825,0.09853,5247798,516648.36126
DOGEUSDT,1777030200000,2026-04-24 11:30:00,2026-04-24 20:30:00,0.09852,0.09856,0.09839,0.09847,4526824,445894.20251
DOGEUSDT,1777030500000,2026-04-24 11:35:00,2026-04-24 20:35:00,0.09846,0.09846,0.09832,0.09839,3247251,319503.89243
DOGEUSDT,1777030800000,2026-04-24 11:40:00,2026-04-24 20:40:00,0.09838,0.09842,0.09834,0.09834,1921089,189003.02828
DOGEUSDT,1777031100000,2026-04-24 11:45:00,2026-04-24 20:45:00,0.09835,0.09835,0.09814,0.09823,7541376,740689.84936
DOGEUSDT,1777031400000,2026-04-24 11:50:00,2026-04-24 20:50:00,0.09823,0.09826,0.09813,0.09813,3459557,339665.49516
DOGEUSDT,1777031700000,2026-04-24 11:55:00,2026-04-24 20:55:00,0.09814,0.09825,0.09811,0.09821,2149439,211030.82051
DOGEUSDT,1777032000000,2026-04-24 12:00:00,2026-04-24 21:00:00,0.09822,0.09837,0.09819,0.09821,3225278,316891.6514
DOGEUSDT,1777032300000,2026-04-24 12:05:00,2026-04-24 21:05:00,0.09822,0.09856,0.09821,0.09841,12257484,1206089.83257
DOGEUSDT,1777032600000,2026-04-24 12:10:00,2026-04-24 21:10:00,0.09841,0.09854,0.09839,0.09843,3344043,329295.58264
DOGEUSDT,1777032900000,2026-04-24 12:15:00,2026-04-24 21:15:00,0.09843,0.09845,0.09827,0.09831,4780834,470344.62392
DOGEUSDT,1777033200000,2026-04-24 12:20:00,2026-04-24 21:20:00,0.0983,0.0984,0.09816,0.09836,7338215,721026.5972
DOGEUSDT,1777033500000,2026-04-24 12:25:00,2026-04-24 21:25:00,0.09835,0.09835,0.09815,0.09819,3163213,310709.65855
DOGEUSDT,1777033800000,2026-04-24 12:30:00,2026-04-24 21:30:00,0.09819,0.0982,0.098,0.09804,3409417,334461.08826
DOGEUSDT,1777034100000,2026-04-24 12:35:00,2026-04-24 21:35:00,0.09805,0.09818,0.09798,0.09802,2703594,265112.40884
DOGEUSDT,1777034400000,2026-04-24 12:40:00,2026-04-24 21:40:00,0.09802,0.09814,0.098,0.09801,5216131,511470.68603
DOGEUSDT,1777034700000,2026-04-24 12:45:00,2026-04-24 21:45:00,0.09801,0.09816,0.09794,0.09794,3426090,336086.58025
DOGEUSDT,1777035000000,2026-04-24 12:50:00,2026-04-24 21:50:00,0.09794,0.09794,0.09772,0.09779,6572115,642885.56342
DOGEUSDT,1777035300000,2026-04-24 12:55:00,2026-04-24 21:55:00,0.0978,0.09798,0.0978,0.09796,1467986,143734.89968
DOGEUSDT,1777035600000,2026-04-24 13:00:00,2026-04-24 22:00:00,0.09797,0.09817,0.09797,0.09812,2777971,272481.11231
DOGEUSDT,1777035900000,2026-04-24 13:05:00,2026-04-24 22:05:00,0.09813,0.09838,0.09811,0.09829,4088267,401681.10102
DOGEUSDT,1777036200000,2026-04-24 13:10:00,2026-04-24 22:10:00,0.09829,0.09852,0.09829,0.09834,3540733,348394.05381
DOGEUSDT,1777036500000,2026-04-24 13:15:00,2026-04-24 22:15:00,0.09835,0.0984,0.09824,0.0984,1742775,171326.27026
DOGEUSDT,1777036800000,2026-04-24 13:20:00,2026-04-24 22:20:00,0.09839,0.09842,0.09813,0.09817,1396844,137270.22775
DOGEUSDT,1777037100000,2026-04-24 13:25:00,2026-04-24 22:25:00,0.09817,0.09817,0.09802,0.09812,1335149,130965.12607
DOGEUSDT,1777037400000,2026-04-24 13:30:00,2026-04-24 22:30:00,0.09812,0.09817,0.09781,0.0981,8316760,814677.49422
DOGEUSDT,1777037700000,2026-04-24 13:35:00,2026-04-24 22:35:00,0.09809,0.09811,0.0979,0.098,1212682,118833.62232
DOGEUSDT,1777038000000,2026-04-24 13:40:00,2026-04-24 22:40:00,0.098,0.09804,0.09781,0.09787,1851294,181230.10123
DOGEUSDT,1777038300000,2026-04-24 13:45:00,2026-04-24 22:45:00,0.09787,0.09792,0.09768,0.09781,2228149,217962.6231
DOGEUSDT,1777038600000,2026-04-24 13:50:00,2026-04-24 22:50:00,0.09782,0.09786,0.0977,0.09777,2603906,254526.55823
DOGEUSDT,1777038900000,2026-04-24 13:55:00,2026-04-24 22:55:00,0.09777,0.098,0.09771,0.0979,1584412,155057.1579
DOGEUSDT,1777039200000,2026-04-24 14:00:00,2026-04-24 23:00:00,0.0979,0.0979,0.09757,0.09768,12151192,1187208.43621
DOGEUSDT,1777039500000,2026-04-24 14:05:00,2026-04-24 23:05:00,0.09768,0.09775,0.09751,0.09762,2327231,227122.1493
DOGEUSDT,1777039800000,2026-04-24 14:10:00,2026-04-24 23:10:00,0.09761,0.09774,0.09743,0.09747,4591449,447880.60994
DOGEUSDT,1777040100000,2026-04-24 14:15:00,2026-04-24 23:15:00,0.09747,0.09768,0.09745,0.09757,977157,95338.06145
DOGEUSDT,1777040400000,2026-04-24 14:20:00,2026-04-24 23:20:00,0.09756,0.09765,0.09747,0.09755,1157017,112854.78717
DOGEUSDT,1777040700000,2026-04-24 14:25:00,2026-04-24 23:25:00,0.09756,0.09756,0.09733,0.09743,3578964,348770.0442
DOGEUSDT,1777041000000,2026-04-24 14:30:00,2026-04-24 23:30:00,0.09744,0.09768,0.09738,0.09767,1479755,144255.71591
DOGEUSDT,1777041300000,2026-04-24 14:35:00,2026-04-24 23:35:00,0.09767,0.09799,0.09767,0.0979,2554214,249793.53434
DOGEUSDT,1777041600000,2026-04-24 14:40:00,2026-04-24 23:40:00,0.09791,0.09794,0.09779,0.09787,1412399,138221.97233
DOGEUSDT,1777041900000,2026-04-24 14:45:00,2026-04-24 23:45:00,0.09788,0.09794,0.09763,0.09769,1416503,138457.74846
DOGEUSDT,1777042200000,2026-04-24 14:50:00,2026-04-24 23:50:00,0.09769,0.0978,0.09768,0.09771,1432787,140002.16879
DOGEUSDT,1777042500000,2026-04-24 14:55:00,2026-04-24 23:55:00,0.09772,0.0978,0.09765,0.09771,794180,77624.01596
DOGEUSDT,1777042800000,2026-04-24 15:00:00,2026-04-25 00:00:00,0.09771,0.09773,0.09755,0.09755,582103,56827.85563
DOGEUSDT,1777043100000,2026-04-24 15:05:00,2026-04-25 00:05:00,0.09754,0.09755,0.09725,0.09733,3348469,325931.40658
DOGEUSDT,1777043400000,2026-04-24 15:10:00,2026-04-25 00:10:00,0.09732,0.09748,0.09732,0.09744,760659,74100.15414
DOGEUSDT,1777043700000,2026-04-24 15:15:00,2026-04-25 00:15:00,0.09745,0.09749,0.09738,0.0974,750290,73110.6619
DOGEUSDT,1777044000000,2026-04-24 15:20:00,2026-04-25 00:20:00,0.0974,0.09769,0.0974,0.0976,910869,88874.45051
DOGEUSDT,1777044300000,2026-04-24 15:25:00,2026-04-25 00:25:00,0.09761,0.0977,0.09756,0.0977,490358,47885.90805
DOGEUSDT,1777044600000,2026-04-24 15:30:00,2026-04-25 00:30:00,0.09769,0.09786,0.09769,0.09775,1080287,105623.61303
DOGEUSDT,1777044900000,2026-04-24 15:35:00,2026-04-25 00:35:00,0.09776,0.09782,0.09773,0.09779,365935,35778.87741
DOGEUSDT,1777045200000,2026-04-24 15:40:00,2026-04-25 00:40:00,0.09778,0.09818,0.09777,0.09811,3378053,330961.20985
DOGEUSDT,1777045500000,2026-04-24 15:45:00,2026-04-25 00:45:00,0.09812,0.09831,0.09791,0.09797,11316468,1110635.86057
DOGEUSDT,1777045800000,2026-04-24 15:50:00,2026-04-25 00:50:00,0.09797,0.09807,0.09792,0.09797,2046358,200495.32331
DOGEUSDT,1777046100000,2026-04-24 15:55:00,2026-04-25 00:55:00,0.09797,0.09813,0.09797,0.09809,1008834,98925.34154
DOGEUSDT,1777046400000,2026-04-24 16:00:00,2026-04-25 01:00:00,0.0981,0.09819,0.09797,0.09799,2174027,213173.12148
DOGEUSDT,1777046700000,2026-04-24 16:05:00,2026-04-25 01:05:00,0.098,0.09839,0.09798,0.09807,6615093,649574.66635
DOGEUSDT,1777047000000,2026-04-24 16:10:00,2026-04-25 01:10:00,0.09807,0.09819,0.09798,0.09798,1229578,120608.12511
DOGEUSDT,1777047300000,2026-04-24 16:15:00,2026-04-25 01:15:00,0.09798,0.09807,0.09788,0.09797,2995103,293426.37087
DOGEUSDT,1777047600000,2026-04-24 16:20:00,2026-04-25 01:20:00,0.09798,0.0981,0.09798,0.09807,970147,95116.53961
DOGEUSDT,1777047900000,2026-04-24 16:25:00,2026-04-25 01:25:00,0.09808,0.0981,0.098,0.098,764919,74986.46295
DOGEUSDT,1777048200000,2026-04-24 16:30:00,2026-04-25 01:30:00,0.09801,0.09807,0.09787,0.09794,3029697,296820.70622
DOGEUSDT,1777048500000,2026-04-24 16:35:00,2026-04-25 01:35:00,0.09793,0.098,0.0978,0.09785,1133967,111035.58658
DOGEUSDT,1777048800000,2026-04-24 16:40:00,2026-04-25 01:40:00,0.09785,0.09786,0.09769,0.09781,1721583,168301.76272
DOGEUSDT,1777049100000,2026-04-24 16:45:00,2026-04-25 01:45:00,0.09781,0.09785,0.09777,0.09779,1106394,108214.81129
DOGEUSDT,1777049400000,2026-04-24 16:50:00,2026-04-25 01:50:00,0.09779,0.09794,0.09779,0.09791,781874,76518.69127
DOGEUSDT,1777049700000,2026-04-24 16:55:00,2026-04-25 01:55:00,0.09791,0.09804,0.09789,0.09801,1144853,112139.47312
DOGEUSDT,1777050000000,2026-04-24 17:00:00,2026-04-25 02:00:00,0.098,0.09807,0.09797,0.098,940322,92161.06485
DOGEUSDT,1777050300000,2026-04-24 17:05:00,2026-04-25 02:05:00,0.09801,0.09809,0.09796,0.09802,1402498,137474.56206
DOGEUSDT,1777050600000,2026-04-24 17:10:00,2026-04-25 02:10:00,0.09803,0.09812,0.09796,0.09804,1688718,165528.04949
DOGEUSDT,1777050900000,2026-04-24 17:15:00,2026-04-25 02:15:00,0.09804,0.09805,0.09785,0.09789,1225890,120037.87357
DOGEUSDT,1777051200000,2026-04-24 17:20:00,2026-04-25 02:20:00,0.09788,0.09792,0.09785,0.0979,1294903,126757.58467
DOGEUSDT,1777051500000,2026-04-24 17:25:00,2026-04-25 02:25:00,0.09791,0.09803,0.09786,0.09797,1195185,117072.6426
DOGEUSDT,1777051800000,2026-04-24 17:30:00,2026-04-25 02:30:00,0.09796,0.09796,0.09767,0.0977,3535035,345727.97575
DOGEUSDT,1777052100000,2026-04-24 17:35:00,2026-04-25 02:35:00,0.0977,0.09786,0.09769,0.09773,1261120,123307.93722
DOGEUSDT,1777052400000,2026-04-24 17:40:00,2026-04-25 02:40:00,0.09773,0.09793,0.09773,0.0979,927358,90749.02753
DOGEUSDT,1777052700000,2026-04-24 17:45:00,2026-04-25 02:45:00,0.0979,0.09799,0.09783,0.0979,1546879,151454.77105
DOGEUSDT,1777053000000,2026-04-24 17:50:00,2026-04-25 02:50:00,0.09791,0.09819,0.0979,0.09815,7417283,726978.78118
DOGEUSDT,1777053300000,2026-04-24 17:55:00,2026-04-25 02:55:00,0.09814,0.09823,0.09812,0.09817,6773599,664957.38022
DOGEUSDT,1777053600000,2026-04-24 18:00:00,2026-04-25 03:00:00,0.09817,0.09822,0.09806,0.09809,1161119,113950.52535
DOGEUSDT,1777053900000,2026-04-24 18:05:00,2026-04-25 03:05:00,0.09808,0.09808,0.09789,0.09795,1420686,139143.84527
DOGEUSDT,1777054200000,2026-04-24 18:10:00,2026-04-25 03:10:00,0.09795,0.09803,0.09784,0.09784,1425355,139633.4437
DOGEUSDT,1777054500000,2026-04-24 18:15:00,2026-04-25 03:15:00,0.09785,0.09785,0.09768,0.09777,1884556,184249.26276
DOGEUSDT,1777054800000,2026-04-24 18:20:00,2026-04-25 03:20:00,0.09777,0.09799,0.09776,0.09796,721518,70626.46596
DOGEUSDT,1777055100000,2026-04-24 18:25:00,2026-04-25 03:25:00,0.09797,0.098,0.09791,0.09792,821094,80431.15208
DOGEUSDT,1777055400000,2026-04-24 18:30:00,2026-04-25 03:30:00,0.09791,0.09807,0.0979,0.09807,697290,68326.00691
DOGEUSDT,1777055700000,2026-04-24 18:35:00,2026-04-25 03:35:00,0.09806,0.0982,0.09805,0.09812,2095131,205623.32648
DOGEUSDT,1777056000000,2026-04-24 18:40:00,2026-04-25 03:40:00,0.09813,0.09817,0.09806,0.09817,923666,90626.10305
DOGEUSDT,1777056300000,2026-04-24 18:45:00,2026-04-25 03:45:00,0.09817,0.09833,0.09816,0.09821,3208216,315213.25614
DOGEUSDT,1777056600000,2026-04-24 18:50:00,2026-04-25 03:50:00,0.09821,0.09831,0.0982,0.09824,961192,94443.38284
DOGEUSDT,1777056900000,2026-04-24 18:55:00,2026-04-25 03:55:00,0.09824,0.09831,0.09823,0.09828,864069,84902.75065
DOGEUSDT,1777057200000,2026-04-24 19:00:00,2026-04-25 04:00:00,0.09829,0.09848,0.09828,0.09837,5448551,536137.61231
DOGEUSDT,1777057500000,2026-04-24 19:05:00,2026-04-25 04:05:00,0.09837,0.09843,0.09828,0.09837,2047883,201371.06779
DOGEUSDT,1777057800000,2026-04-24 19:10:00,2026-04-25 04:10:00,0.09838,0.0984,0.0983,0.09831,2154433,211910.3866
DOGEUSDT,1777058100000,2026-04-24 19:15:00,2026-04-25 04:15:00,0.09832,0.09838,0.09823,0.09824,1897216,186538.74453
DOGEUSDT,1777058400000,2026-04-24 19:20:00,2026-04-25 04:20:00,0.09824,0.09826,0.09817,0.09819,1092738,107305.45896
DOGEUSDT,1777058700000,2026-04-24 19:25:00,2026-04-25 04:25:00,0.09819,0.0983,0.09819,0.09827,1098958,107968.73888
DOGEUSDT,1777059000000,2026-04-24 19:30:00,2026-04-25 04:30:00,0.09826,0.09832,0.09813,0.0983,3163971,310778.4439
DOGEUSDT,1777059300000,2026-04-24 19:35:00,2026-04-25 04:35:00,0.09831,0.09837,0.09822,0.09834,1031557,101399.44917
DOGEUSDT,1777059600000,2026-04-24 19:40:00,2026-04-25 04:40:00,0.09835,0.09845,0.09831,0.09839,681737,67066.94648
DOGEUSDT,1777059900000,2026-04-24 19:45:00,2026-04-25 04:45:00,0.09838,0.09838,0.09829,0.09831,991456,97502.64058
DOGEUSDT,1777060200000,2026-04-24 19:50:00,2026-04-25 04:50:00,0.09832,0.09839,0.09827,0.09834,974073,95772.63234
DOGEUSDT,1777060500000,2026-04-24 19:55:00,2026-04-25 04:55:00,0.09834,0.09845,0.09834,0.09842,2265693,223001.41074
DOGEUSDT,1777060800000,2026-04-24 20:00:00,2026-04-25 05:00:00,0.09842,0.09847,0.0982,0.09835,6304364,619793.6097
DOGEUSDT,1777061100000,2026-04-24 20:05:00,2026-04-25 05:05:00,0.09835,0.09845,0.09816,0.09825,4739555,465752.53188
DOGEUSDT,1777061400000,2026-04-24 20:10:00,2026-04-25 05:10:00,0.09824,0.09829,0.09818,0.09825,1220179,119866.54703
DOGEUSDT,1777061700000,2026-04-24 20:15:00,2026-04-25 05:15:00,0.09825,0.09828,0.09821,0.09823,3544656,348223.491
DOGEUSDT,1777062000000,2026-04-24 20:20:00,2026-04-25 05:20:00,0.09823,0.0983,0.0982,0.09829,3443240,338243.35654
DOGEUSDT,1777062300000,2026-04-24 20:25:00,2026-04-25 05:25:00,0.09828,0.09835,0.09811,0.09816,4473347,439272.80428
DOGEUSDT,1777062600000,2026-04-24 20:30:00,2026-04-25 05:30:00,0.09817,0.09844,0.09817,0.09831,3991831,392528.03368
DOGEUSDT,1777062900000,2026-04-24 20:35:00,2026-04-25 05:35:00,0.09831,0.09859,0.09831,0.09856,5545372,546200.96575
DOGEUSDT,1777063200000,2026-04-24 20:40:00,2026-04-25 05:40:00,0.09857,0.09859,0.09841,0.09844,2174726,214209.28389
DOGEUSDT,1777063500000,2026-04-24 20:45:00,2026-04-25 05:45:00,0.09843,0.09853,0.09843,0.09849,1095924,107924.04842
DOGEUSDT,1777063800000,2026-04-24 20:50:00,2026-04-25 05:50:00,0.09848,0.09855,0.09845,0.0985,1593473,156974.65586
DOGEUSDT,1777064100000,2026-04-24 20:55:00,2026-04-25 05:55:00,0.0985,0.09895,0.09849,0.09887,10007077,988638.81735
DOGEUSDT,1777064400000,2026-04-24 21:00:00,2026-04-25 06:00:00,0.09887,0.099,0.09884,0.09896,5473561,541493.84151
DOGEUSDT,1777064700000,2026-04-24 21:05:00,2026-04-25 06:05:00,0.09897,0.09908,0.09893,0.09899,13584940,1344962.20832
DOGEUSDT,1777065000000,2026-04-24 21:10:00,2026-04-25 06:10:00,0.09899,0.09957,0.09895,0.09895,39019913,3876188.36232
DOGEUSDT,1777065300000,2026-04-24 21:15:00,2026-04-25 06:15:00,0.09896,0.0991,0.09895,0.09906,4714627,466806.95542
DOGEUSDT,1777065600000,2026-04-24 21:20:00,2026-04-25 06:20:00,0.09906,0.09907,0.09885,0.09899,3622058,358335.32506
DOGEUSDT,1777065900000,2026-04-24 21:25:00,2026-04-25 06:25:00,0.099,0.09903,0.0989,0.09896,2804820,277557.85502
DOGEUSDT,1777066200000,2026-04-24 21:30:00,2026-04-25 06:30:00,0.09897,0.09899,0.09885,0.09898,1808266,178867.24124
DOGEUSDT,1777066500000,2026-04-24 21:35:00,2026-04-25 06:35:00,0.09898,0.09899,0.09871,0.09878,4749555,469327.75821
DOGEUSDT,1777066800000,2026-04-24 21:40:00,2026-04-25 06:40:00,0.09879,0.09881,0.09871,0.09871,2344026,231510.04944
DOGEUSDT,1777067100000,2026-04-24 21:45:00,2026-04-25 06:45:00,0.09872,0.0988,0.0986,0.09873,5808584,573218.2704
DOGEUSDT,1777067400000,2026-04-24 21:50:00,2026-04-25 06:50:00,0.09872,0.09877,0.09866,0.09867,1244645,122863.89243
DOGEUSDT,1777067700000,2026-04-24 21:55:00,2026-04-25 06:55:00,0.09867,0.09875,0.09864,0.09867,1293327,127648.84221
DOGEUSDT,1777068000000,2026-04-24 22:00:00,2026-04-25 07:00:00,0.09868,0.09873,0.09842,0.09844,3953252,389728.69884
DOGEUSDT,1777068300000,2026-04-24 22:05:00,2026-04-25 07:05:00,0.09844,0.09847,0.09829,0.0983,11494513,1130646.81002
DOGEUSDT,1777068600000,2026-04-24 22:10:00,2026-04-25 07:10:00,0.0983,0.09835,0.09819,0.0983,9158878,900056.79023
DOGEUSDT,1777068900000,2026-04-24 22:15:00,2026-04-25 07:15:00,0.09829,0.09841,0.09828,0.09841,1108062,108976.14487
DOGEUSDT,1777069200000,2026-04-24 22:20:00,2026-04-25 07:20:00,0.09841,0.09844,0.0983,0.09833,3540248,348254.17678
DOGEUSDT,1777069500000,2026-04-24 22:25:00,2026-04-25 07:25:00,0.09832,0.09841,0.0983,0.09832,2353741,231490.49876
DOGEUSDT,1777069800000,2026-04-24 22:30:00,2026-04-25 07:30:00,0.09833,0.09833,0.09799,0.09803,14860960,1457604.0488
DOGEUSDT,1777070100000,2026-04-24 22:35:00,2026-04-25 07:35:00,0.09802,0.09813,0.09787,0.09791,2718265,266416.60008
DOGEUSDT,1777070400000,2026-04-24 22:40:00,2026-04-25 07:40:00,0.09792,0.09799,0.09787,0.09799,2082723,203946.65821
DOGEUSDT,1777070700000,2026-04-24 22:45:00,2026-04-25 07:45:00,0.09799,0.09809,0.09794,0.09797,3418073,334967.42608
DOGEUSDT,1777071000000,2026-04-24 22:50:00,2026-04-25 07:50:00,0.09797,0.09802,0.09795,0.09799,1264351,123893.61594
DOGEUSDT,1777071300000,2026-04-24 22:55:00,2026-04-25 07:55:00,0.09799,0.09803,0.09798,0.09801,1795368,175956.49767
DOGEUSDT,1777071600000,2026-04-24 23:00:00,2026-04-25 08:00:00,0.09802,0.09807,0.098,0.09806,1011864,99201.04344
DOGEUSDT,1777071900000,2026-04-24 23:05:00,2026-04-25 08:05:00,0.09807,0.09809,0.09803,0.09808,932677,91461.30377
DOGEUSDT,1777072200000,2026-04-24 23:10:00,2026-04-25 08:10:00,0.09809,0.0982,0.09809,0.09819,4760666,467142.06047
DOGEUSDT,1777072500000,2026-04-24 23:15:00,2026-04-25 08:15:00,0.09819,0.09819,0.09813,0.09817,1172067,115048.05786
DOGEUSDT,1777072800000,2026-04-24 23:20:00,2026-04-25 08:20:00,0.09817,0.09817,0.09806,0.09807,2373685,232878.3144
DOGEUSDT,1777073100000,2026-04-24 23:25:00,2026-04-25 08:25:00,0.09807,0.09812,0.09805,0.09806,1255630,123167.8016
DOGEUSDT,1777073400000,2026-04-24 23:30:00,2026-04-25 08:30:00,0.09806,0.09824,0.09806,0.09819,1612071,158263.22235
DOGEUSDT,1777073700000,2026-04-24 23:35:00,2026-04-25 08:35:00,0.0982,0.0983,0.09816,0.09824,1672180,164266.32739
DOGEUSDT,1777074000000,2026-04-24 23:40:00,2026-04-25 08:40:00,0.09824,0.09829,0.09819,0.09825,1817448,178539.49519
DOGEUSDT,1777074300000,2026-04-24 23:45:00,2026-04-25 08:45:00,0.09825,0.0984,0.0982,0.09835,2373563,233324.72689
DOGEUSDT,1777074600000,2026-04-24 23:50:00,2026-04-25 08:50:00,0.09836,0.09847,0.09832,0.09846,1944795,191355.4248
DOGEUSDT,1777074900000,2026-04-24 23:55:00,2026-04-25 08:55:00,0.09845,0.09849,0.09843,0.09843,1151216,113349.27082
DOGEUSDT,1777075200000,2026-04-25 00:00:00,2026-04-25 09:00:00,0.09842,0.09844,0.09835,0.09838,2182288,214719.07243
DOGEUSDT,1777075500000,2026-04-25 00:05:00,2026-04-25 09:05:00,0.09837,0.09837,0.0983,0.09835,565121,55567.88218
DOGEUSDT,1777075800000,2026-04-25 00:10:00,2026-04-25 09:10:00,0.09836,0.09838,0.09818,0.09825,2828068,277795.35866
DOGEUSDT,1777076100000,2026-04-25 00:15:00,2026-04-25 09:15:00,0.09825,0.09836,0.09818,0.09822,942908,92618.64864
DOGEUSDT,1777076400000,2026-04-25 00:20:00,2026-04-25 09:20:00,0.09823,0.09834,0.0982,0.09821,725073,71248.79862
DOGEUSDT,1777076700000,2026-04-25 00:25:00,2026-04-25 09:25:00,0.0982,0.09821,0.09809,0.0981,1543750,151492.09323
DOGEUSDT,1777077000000,2026-04-25 00:30:00,2026-04-25 09:30:00,0.0981,0.09813,0.09803,0.09809,2490814,244276.09342
DOGEUSDT,1777077300000,2026-04-25 00:35:00,2026-04-25 09:35:00,0.0981,0.09814,0.09804,0.09807,1492547,146382.5801
DOGEUSDT,1777077600000,2026-04-25 00:40:00,2026-04-25 09:40:00,0.09807,0.09817,0.09806,0.09809,1437090,141016.02407
DOGEUSDT,1777077900000,2026-04-25 00:45:00,2026-04-25 09:45:00,0.09808,0.09825,0.09808,0.09821,609741,59853.76503
DOGEUSDT,1777078200000,2026-04-25 00:50:00,2026-04-25 09:50:00,0.09822,0.09834,0.09821,0.09829,545637,53626.38733
DOGEUSDT,1777078500000,2026-04-25 00:55:00,2026-04-25 09:55:00,0.0983,0.0984,0.09828,0.09838,1317916,129600.39864
DOGEUSDT,1777078800000,2026-04-25 01:00:00,2026-04-25 10:00:00,0.09837,0.0985,0.09835,0.09842,2275812,224044.68042
DOGEUSDT,1777079100000,2026-04-25 01:05:00,2026-04-25 10:05:00,0.09841,0.09848,0.09839,0.09844,865122,85168.5987
DOGEUSDT,1777079400000,2026-04-25 01:10:00,2026-04-25 10:10:00,0.09844,0.09855,0.0984,0.09851,1487894,146509.63712
DOGEUSDT,1777079700000,2026-04-25 01:15:00,2026-04-25 10:15:00,0.09852,0.0988,0.09852,0.09877,1614406,159324.81279
DOGEUSDT,1777080000000,2026-04-25 01:20:00,2026-04-25 10:20:00,0.09878,0.0988,0.09866,0.09872,5394580,532773.5059
DOGEUSDT,1777080300000,2026-04-25 01:25:00,2026-04-25 10:25:00,0.09873,0.0989,0.09873,0.09889,8626970,852561.57335
DOGEUSDT,1777080600000,2026-04-25 01:30:00,2026-04-25 10:30:00,0.09888,0.09892,0.09875,0.0989,3594477,355229.26482
DOGEUSDT,1777080900000,2026-04-25 01:35:00,2026-04-25 10:35:00,0.09889,0.09909,0.09853,0.09861,15690868,1549429.0265
DOGEUSDT,1777081200000,2026-04-25 01:40:00,2026-04-25 10:40:00,0.09862,0.09867,0.09857,0.09859,1878009,185235.10524
DOGEUSDT,1777081500000,2026-04-25 01:45:00,2026-04-25 10:45:00,0.0986,0.09873,0.09859,0.09866,934447,92168.51823
DOGEUSDT,1777081800000,2026-04-25 01:50:00,2026-04-25 10:50:00,0.09867,0.09867,0.09851,0.09851,2921415,288025.33048
DOGEUSDT,1777082100000,2026-04-25 01:55:00,2026-04-25 10:55:00,0.09851,0.09852,0.09841,0.09844,2427347,238976.47134
DOGEUSDT,1777082400000,2026-04-25 02:00:00,2026-04-25 11:00:00,0.09845,0.09848,0.0982,0.0982,3154952,310341.99597
DOGEUSDT,1777082700000,2026-04-25 02:05:00,2026-04-25 11:05:00,0.09821,0.09832,0.09821,0.09825,1638866,161035.64263
DOGEUSDT,1777083000000,2026-04-25 02:10:00,2026-04-25 11:10:00,0.09825,0.09867,0.09824,0.09854,10471298,1030887.27195
DOGEUSDT,1777083300000,2026-04-25 02:15:00,2026-04-25 11:15:00,0.09854,0.09863,0.09852,0.09861,592352,58401.79282
DOGEUSDT,1777083600000,2026-04-25 02:20:00,2026-04-25 11:20:00,0.09861,0.09862,0.09838,0.09847,2074707,204310.70326
DOGEUSDT,1777083900000,2026-04-25 02:25:00,2026-04-25 11:25:00,0.09847,0.09856,0.09845,0.09852,598509,58955.42928
DOGEUSDT,1777084200000,2026-04-25 02:30:00,2026-04-25 11:30:00,0.09852,0.09868,0.09849,0.09857,1971641,194386.67339
DOGEUSDT,1777084500000,2026-04-25 02:35:00,2026-04-25 11:35:00,0.09858,0.09867,0.09853,0.0986,911955,89915.83038
DOGEUSDT,1777084800000,2026-04-25 02:40:00,2026-04-25 11:40:00,0.0986,0.0986,0.09849,0.09854,667221,65737.82528
DOGEUSDT,1777085100000,2026-04-25 02:45:00,2026-04-25 11:45:00,0.09855,0.09856,0.09844,0.0985,762372,75084.72396
DOGEUSDT,1777085400000,2026-04-25 02:50:00,2026-04-25 11:50:00,0.0985,0.09855,0.09848,0.09854,508890,50129.82793
DOGEUSDT,1777085700000,2026-04-25 02:55:00,2026-04-25 11:55:00,0.09855,0.09855,0.09847,0.0985,368303,36279.89586
DOGEUSDT,1777086000000,2026-04-25 03:00:00,2026-04-25 12:00:00,0.09851,0.09853,0.09843,0.09847,510426,50257.06479
DOGEUSDT,1777086300000,2026-04-25 03:05:00,2026-04-25 12:05:00,0.09848,0.09858,0.0984,0.0984,1539110,151571.62482
DOGEUSDT,1777086600000,2026-04-25 03:10:00,2026-04-25 12:10:00,0.09841,0.09841,0.09835,0.09837,2542698,250130.22403
DOGEUSDT,1777086900000,2026-04-25 03:15:00,2026-04-25 12:15:00,0.09838,0.09842,0.0983,0.09842,3019146,296881.41833
DOGEUSDT,1777087200000,2026-04-25 03:20:00,2026-04-25 12:20:00,0.09842,0.09852,0.0984,0.0984,1437404,141509.58917
DOGEUSDT,1777087500000,2026-04-25 03:25:00,2026-04-25 12:25:00,0.09839,0.0984,0.09831,0.09835,4950374,486994.48955
DOGEUSDT,1777087800000,2026-04-25 03:30:00,2026-04-25 12:30:00,0.09835,0.09851,0.09833,0.0985,749464,73733.2711
DOGEUSDT,1777088100000,2026-04-25 03:35:00,2026-04-25 12:35:00,0.09851,0.09862,0.0985,0.09861,1891697,186498.52319
DOGEUSDT,1777088400000,2026-04-25 03:40:00,2026-04-25 12:40:00,0.09861,0.09869,0.09861,0.09867,1182003,116603.2035
DOGEUSDT,1777088700000,2026-04-25 03:45:00,2026-04-25 12:45:00,0.09867,0.09882,0.09867,0.09882,1440090,142204.04282
DOGEUSDT,1777089000000,2026-04-25 03:50:00,2026-04-25 12:50:00,0.09882,0.09896,0.09879,0.0989,5609396,554713.11169
DOGEUSDT,1777089300000,2026-04-25 03:55:00,2026-04-25 12:55:00,0.09891,0.09891,0.09874,0.09883,1213093,119850.69934
DOGEUSDT,1777089600000,2026-04-25 04:00:00,2026-04-25 13:00:00,0.09883,0.09887,0.0987,0.09881,1871502,184898.67767
DOGEUSDT,1777089900000,2026-04-25 04:05:00,2026-04-25 13:05:00,0.09882,0.09891,0.09877,0.09891,1008725,99673.21372
DOGEUSDT,1777090200000,2026-04-25 04:10:00,2026-04-25 13:10:00,0.09891,0.09895,0.0988,0.09881,1692090,167303.61957
DOGEUSDT,1777090500000,2026-04-25 04:15:00,2026-04-25 13:15:00,0.0988,0.09883,0.09867,0.09872,1813758,179073.61535
DOGEUSDT,1777090800000,2026-04-25 04:20:00,2026-04-25 13:20:00,0.09871,0.09875,0.09866,0.09875,579999,57250.59076
DOGEUSDT,1777091100000,2026-04-25 04:25:00,2026-04-25 13:25:00,0.09876,0.09877,0.09866,0.09869,508402,50190.71266
DOGEUSDT,1777091400000,2026-04-25 04:30:00,2026-04-25 13:30:00,0.09869,0.0988,0.09869,0.09878,1574071,155445.08958
DOGEUSDT,1777091700000,2026-04-25 04:35:00,2026-04-25 13:35:00,0.09877,0.09877,0.09868,0.09875,736478,72705.03879
DOGEUSDT,1777092000000,2026-04-25 04:40:00,2026-04-25 13:40:00,0.09875,0.09876,0.09858,0.09859,758875,74892.29759
DOGEUSDT,1777092300000,2026-04-25 04:45:00,2026-04-25 13:45:00,0.09859,0.09862,0.09854,0.09858,2234178,220255.20873
DOGEUSDT,1777092600000,2026-04-25 04:50:00,2026-04-25 13:50:00,0.09859,0.09865,0.09857,0.09864,504282,49730.29368
DOGEUSDT,1777092900000,2026-04-25 04:55:00,2026-04-25 13:55:00,0.09865,0.09868,0.09859,0.0986,376529,37137.13139
DOGEUSDT,1777093200000,2026-04-25 05:00:00,2026-04-25 14:00:00,0.09859,0.09859,0.09839,0.0984,1845565,181755.34895
DOGEUSDT,1777093500000,2026-04-25 05:05:00,2026-04-25 14:05:00,0.0984,0.09845,0.09837,0.09841,689975,67894.14219
DOGEUSDT,1777093800000,2026-04-25 05:10:00,2026-04-25 14:10:00,0.09841,0.09843,0.09837,0.09842,648089,63770.48139
DOGEUSDT,1777094100000,2026-04-25 05:15:00,2026-04-25 14:15:00,0.09842,0.09852,0.09837,0.0985,599819,59034.00283
DOGEUSDT,1777094400000,2026-04-25 05:20:00,2026-04-25 14:20:00,0.0985,0.09858,0.09847,0.09857,975862,96144.85919
DOGEUSDT,1777094700000,2026-04-25 05:25:00,2026-04-25 14:25:00,0.09857,0.09861,0.09848,0.09849,612841,60401.30044
DOGEUSDT,1777095000000,2026-04-25 05:30:00,2026-04-25 14:30:00,0.09849,0.09854,0.09841,0.09846,1151317,113362.93206
DOGEUSDT,1777095300000,2026-04-25 05:35:00,2026-04-25 14:35:00,0.09845,0.0985,0.09844,0.09849,768884,75707.032
DOGEUSDT,1777095600000,2026-04-25 05:40:00,2026-04-25 14:40:00,0.09849,0.09856,0.09847,0.09847,457999,45124.62134
DOGEUSDT,1777095900000,2026-04-25 05:45:00,2026-04-25 14:45:00,0.09847,0.09852,0.09845,0.09845,510557,50284.57015
DOGEUSDT,1777096200000,2026-04-25 05:50:00,2026-04-25 14:50:00,0.09845,0.09846,0.09838,0.09843,606184,59659.28489
DOGEUSDT,1777096500000,2026-04-25 05:55:00,2026-04-25 14:55:00,0.09843,0.09845,0.0984,0.09844,372409,36658.80147
DOGEUSDT,1777096800000,2026-04-25 06:00:00,2026-04-25 15:00:00,0.09845,0.0986,0.09845,0.0986,1732249,170718.12816
DOGEUSDT,1777097100000,2026-04-25 06:05:00,2026-04-25 15:05:00,0.0986,0.09865,0.09853,0.09856,1439349,141891.92348
DOGEUSDT,1777097400000,2026-04-25 06:10:00,2026-04-25 15:10:00,0.09856,0.09856,0.0985,0.09852,1025667,101059.77377
DOGEUSDT,1777097700000,2026-04-25 06:15:00,2026-04-25 15:15:00,0.09852,0.09855,0.09836,0.09837,1042655,102647.64975
DOGEUSDT,1777098000000,2026-04-25 06:20:00,2026-04-25 15:20:00,0.09837,0.09838,0.0983,0.09831,2221229,218429.41134
DOGEUSDT,1777098300000,2026-04-25 06:25:00,2026-04-25 15:25:00,0.09831,0.09838,0.09827,0.09831,2616549,257216.39295
DOGEUSDT,1777098600000,2026-04-25 06:30:00,2026-04-25 15:30:00,0.0983,0.09844,0.09824,0.09832,4526158,445040.88009
DOGEUSDT,1777098900000,2026-04-25 06:35:00,2026-04-25 15:35:00,0.09832,0.09852,0.0981,0.09838,9570117,940522.6382
DOGEUSDT,1777099200000,2026-04-25 06:40:00,2026-04-25 15:40:00,0.09839,0.09845,0.09835,0.09839,1639340,161301.95087
DOGEUSDT,1777099500000,2026-04-25 06:45:00,2026-04-25 15:45:00,0.09839,0.09849,0.09837,0.09846,1009468,99374.1643
DOGEUSDT,1777099800000,2026-04-25 06:50:00,2026-04-25 15:50:00,0.09847,0.09853,0.0984,0.09841,1699072,167303.57698
DOGEUSDT,1777100100000,2026-04-25 06:55:00,2026-04-25 15:55:00,0.09841,0.09847,0.09837,0.09837,620315,61047.57528
DOGEUSDT,1777100400000,2026-04-25 07:00:00,2026-04-25 16:00:00,0.09836,0.09837,0.09826,0.09834,1070895,105281.38328
DOGEUSDT,1777100700000,2026-04-25 07:05:00,2026-04-25 16:05:00,0.09834,0.0985,0.09832,0.09841,865679,85201.78306
DOGEUSDT,1777101000000,2026-04-25 07:10:00,2026-04-25 16:10:00,0.09842,0.0985,0.09841,0.09849,589863,58078.81706
DOGEUSDT,1777101300000,2026-04-25 07:15:00,2026-04-25 16:15:00,0.09849,0.0986,0.09848,0.0986,1656412,163213.88219
DOGEUSDT,1777101600000,2026-04-25 07:20:00,2026-04-25 16:20:00,0.09859,0.0988,0.09858,0.0988,4263381,420751.23523
DOGEUSDT,1777101900000,2026-04-25 07:25:00,2026-04-25 16:25:00,0.0988,0.09882,0.09862,0.09873,2366071,233591.85605
DOGEUSDT,1777102200000,2026-04-25 07:30:00,2026-04-25 16:30:00,0.09873,0.09901,0.09873,0.09901,7942855,785623.9305
DOGEUSDT,1777102500000,2026-04-25 07:35:00,2026-04-25 16:35:00,0.09902,0.0991,0.09862,0.09884,9691489,958111.90894
DOGEUSDT,1777102800000,2026-04-25 07:40:00,2026-04-25 16:40:00,0.09884,0.09885,0.0987,0.0987,1015094,100275.9182
DOGEUSDT,1777103100000,2026-04-25 07:45:00,2026-04-25 16:45:00,0.0987,0.09873,0.0984,0.09849,4961471,488826.52392
DOGEUSDT,1777103400000,2026-04-25 07:50:00,2026-04-25 16:50:00,0.0985,0.0985,0.09839,0.09843,1455467,143286.65674
DOGEUSDT,1777103700000,2026-04-25 07:55:00,2026-04-25 16:55:00,0.09842,0.09854,0.0984,0.09841,2208323,217457.87267
DOGEUSDT,1777104000000,2026-04-25 08:00:00,2026-04-25 17:00:00,0.09841,0.0985,0.09839,0.09848,2855718,281132.15894
DOGEUSDT,1777104300000,2026-04-25 08:05:00,2026-04-25 17:05:00,0.09848,0.09854,0.09844,0.09848,3821682,376361.19471
DOGEUSDT,1777104600000,2026-04-25 08:10:00,2026-04-25 17:10:00,0.09848,0.09849,0.09838,0.09841,2033813,200188.94665
DOGEUSDT,1777104900000,2026-04-25 08:15:00,2026-04-25 17:15:00,0.09841,0.09844,0.09822,0.09823,4131948,406232.25969
DOGEUSDT,1777105200000,2026-04-25 08:20:00,2026-04-25 17:20:00,0.09823,0.09862,0.0982,0.09844,11141814,1096396.7896
DOGEUSDT,1777105500000,2026-04-25 08:25:00,2026-04-25 17:25:00,0.09845,0.09858,0.09845,0.09857,1421774,140077.82183
DOGEUSDT,1777105800000,2026-04-25 08:30:00,2026-04-25 17:30:00,0.09856,0.09865,0.09846,0.09854,3047238,300423.28672
DOGEUSDT,1777106100000,2026-04-25 08:35:00,2026-04-25 17:35:00,0.09853,0.09862,0.09853,0.09855,875007,86253.51146
DOGEUSDT,1777106400000,2026-04-25 08:40:00,2026-04-25 17:40:00,0.09856,0.09858,0.09845,0.09855,2072167,204148.09506
DOGEUSDT,1777106700000,2026-04-25 08:45:00,2026-04-25 17:45:00,0.09855,0.09856,0.09848,0.09848,525909,51812.31076
DOGEUSDT,1777107000000,2026-04-25 08:50:00,2026-04-25 17:50:00,0.09848,0.09849,0.09844,0.09848,393001,38699.16829
DOGEUSDT,1777107300000,2026-04-25 08:55:00,2026-04-25 17:55:00,0.09848,0.09861,0.09846,0.0986,563721,55557.95395
DOGEUSDT,1777107600000,2026-04-25 09:00:00,2026-04-25 18:00:00,0.09859,0.0986,0.09849,0.0985,881244,86833.23564
DOGEUSDT,1777107900000,2026-04-25 09:05:00,2026-04-25 18:05:00,0.09849,0.09856,0.09848,0.09853,571251,56282.103
DOGEUSDT,1777108200000,2026-04-25 09:10:00,2026-04-25 18:10:00,0.09854,0.09854,0.09841,0.09847,1417110,139514.11456
DOGEUSDT,1777108500000,2026-04-25 09:15:00,2026-04-25 18:15:00,0.09847,0.09854,0.09844,0.09852,471994,46488.22177
DOGEUSDT,1777108800000,2026-04-25 09:20:00,2026-04-25 18:20:00,0.09852,0.09854,0.09844,0.09851,1205168,118693.36797
DOGEUSDT,1777109100000,2026-04-25 09:25:00,2026-04-25 18:25:00,0.09852,0.09852,0.09835,0.09837,746531,73491.63788
DOGEUSDT,1777109400000,2026-04-25 09:30:00,2026-04-25 18:30:00,0.09838,0.09846,0.09837,0.09846,893723,87954.69014
DOGEUSDT,1777109700000,2026-04-25 09:35:00,2026-04-25 18:35:00,0.09846,0.0987,0.09844,0.09863,1670047,164524.71435
DOGEUSDT,1777110000000,2026-04-25 09:40:00,2026-04-25 18:40:00,0.09863,0.09864,0.09856,0.09858,1829764,180396.85811
DOGEUSDT,1777110300000,2026-04-25 09:45:00,2026-04-25 18:45:00,0.09859,0.09864,0.09856,0.09862,1033089,101867.98615
DOGEUSDT,1777110600000,2026-04-25 09:50:00,2026-04-25 18:50:00,0.09861,0.09863,0.09857,0.09862,474576,46793.10367
DOGEUSDT,1777110900000,2026-04-25 09:55:00,2026-04-25 18:55:00,0.09862,0.09866,0.09853,0.09856,920763,90798.5473
DOGEUSDT,1777111200000,2026-04-25 10:00:00,2026-04-25 19:00:00,0.09856,0.09861,0.09853,0.09855,794999,78367.16361
DOGEUSDT,1777111500000,2026-04-25 10:05:00,2026-04-25 19:05:00,0.09856,0.0986,0.09853,0.09855,429877,42375.49171
DOGEUSDT,1777111800000,2026-04-25 10:10:00,2026-04-25 19:10:00,0.09855,0.09855,0.09846,0.09848,462155,45520.22183
DOGEUSDT,1777112100000,2026-04-25 10:15:00,2026-04-25 19:15:00,0.09849,0.09857,0.09848,0.09851,1818413,179134.31822
DOGEUSDT,1777112400000,2026-04-25 10:20:00,2026-04-25 19:20:00,0.09851,0.09856,0.0985,0.09855,995480,98090.78851
DOGEUSDT,1777112700000,2026-04-25 10:25:00,2026-04-25 19:25:00,0.09855,0.09867,0.09851,0.09854,895661,88298.97029
DOGEUSDT,1777113000000,2026-04-25 10:30:00,2026-04-25 19:30:00,0.09854,0.09863,0.09853,0.09857,655882,64658.9559
DOGEUSDT,1777113300000,2026-04-25 10:35:00,2026-04-25 19:35:00,0.09858,0.09859,0.09851,0.09854,813046,80127.48063
DOGEUSDT,1777113600000,2026-04-25 10:40:00,2026-04-25 19:40:00,0.09855,0.09855,0.09847,0.0985,1188715,117088.89844
DOGEUSDT,1777113900000,2026-04-25 10:45:00,2026-04-25 19:45:00,0.0985,0.09859,0.0985,0.09859,497539,49033.61266
DOGEUSDT,1777114200000,2026-04-25 10:50:00,2026-04-25 19:50:00,0.09858,0.0986,0.09853,0.09853,442780,43640.65848
DOGEUSDT,1777114500000,2026-04-25 10:55:00,2026-04-25 19:55:00,0.09854,0.09858,0.09852,0.09854,431734,42546.90608
DOGEUSDT,1777114800000,2026-04-25 11:00:00,2026-04-25 20:00:00,0.09855,0.09855,0.09841,0.09843,848787,83589.29347
DOGEUSDT,1777115100000,2026-04-25 11:05:00,2026-04-25 20:05:00,0.09842,0.09844,0.09838,0.0984,874453,86051.45544
DOGEUSDT,1777115400000,2026-04-25 11:10:00,2026-04-25 20:10:00,0.09841,0.09851,0.0984,0.09845,722948,71178.82376
DOGEUSDT,1777115700000,2026-04-25 11:15:00,2026-04-25 20:15:00,0.09845,0.09852,0.09845,0.09849,1517006,149430.446
DOGEUSDT,1777116000000,2026-04-25 11:20:00,2026-04-25 20:20:00,0.0985,0.09852,0.0982,0.09827,1597629,157049.79809
DOGEUSDT,1777116300000,2026-04-25 11:25:00,2026-04-25 20:25:00,0.09828,0.09831,0.09822,0.09824,961766,94509.06586
DOGEUSDT,1777116600000,2026-04-25 11:30:00,2026-04-25 20:30:00,0.09824,0.09825,0.09811,0.09822,1597946,156870.91659
DOGEUSDT,1777116900000,2026-04-25 11:35:00,2026-04-25 20:35:00,0.09822,0.09823,0.09812,0.09819,1038216,101919.75018
DOGEUSDT,1777117200000,2026-04-25 11:40:00,2026-04-25 20:40:00,0.09819,0.09819,0.098,0.098,2992577,293397.7815
DOGEUSDT,1777117500000,2026-04-25 11:45:00,2026-04-25 20:45:00,0.098,0.09803,0.09786,0.09803,5235503,512929.23783
DOGEUSDT,1777117800000,2026-04-25 11:50:00,2026-04-25 20:50:00,0.09803,0.09806,0.09795,0.09795,1416609,138870.54618
DOGEUSDT,1777118100000,2026-04-25 11:55:00,2026-04-25 20:55:00,0.09796,0.09801,0.09794,0.09797,2504634,245347.472
DOGEUSDT,1777118400000,2026-04-25 12:00:00,2026-04-25 21:00:00,0.09797,0.09797,0.0978,0.0979,1949496,190787.93612
DOGEUSDT,1777118700000,2026-04-25 12:05:00,2026-04-25 21:05:00,0.09789,0.09798,0.09786,0.09789,1899857,186043.93873
DOGEUSDT,1777119000000,2026-04-25 12:10:00,2026-04-25 21:10:00,0.09789,0.09796,0.09788,0.09795,3591615,351686.4919
DOGEUSDT,1777119300000,2026-04-25 12:15:00,2026-04-25 21:15:00,0.09795,0.09804,0.09795,0.098,1921699,188308.41338
DOGEUSDT,1777119600000,2026-04-25 12:20:00,2026-04-25 21:20:00,0.09801,0.09809,0.098,0.09808,916571,89862.86978
DOGEUSDT,1777119900000,2026-04-25 12:25:00,2026-04-25 21:25:00,0.09807,0.09808,0.09787,0.09787,880061,86194.09875
DOGEUSDT,1777120200000,2026-04-25 12:30:00,2026-04-25 21:30:00,0.09787,0.09793,0.09773,0.09784,1821561,178178.58548
DOGEUSDT,1777120500000,2026-04-25 12:35:00,2026-04-25 21:35:00,0.09784,0.09786,0.09776,0.09781,1731525,169351.76126
DOGEUSDT,1777120800000,2026-04-25 12:40:00,2026-04-25 21:40:00,0.09781,0.09783,0.09774,0.09783,1947585,190444.78818
DOGEUSDT,1777121100000,2026-04-25 12:45:00,2026-04-25 21:45:00,0.09783,0.09792,0.09782,0.09787,613541,60056.11874
DOGEUSDT,1777121400000,2026-04-25 12:50:00,2026-04-25 21:50:00,0.09787,0.09804,0.09787,0.09802,1502501,147196.18619
DOGEUSDT,1777121700000,2026-04-25 12:55:00,2026-04-25 21:55:00,0.09803,0.09803,0.09795,0.09798,1222733,119792.65572
DOGEUSDT,1777122000000,2026-04-25 13:00:00,2026-04-25 22:00:00,0.09797,0.09805,0.0979,0.09793,995001,97475.91012
DOGEUSDT,1777122300000,2026-04-25 13:05:00,2026-04-25 22:05:00,0.09793,0.09799,0.09792,0.09798,489833,47980.34941
DOGEUSDT,1777122600000,2026-04-25 13:10:00,2026-04-25 22:10:00,0.09798,0.09805,0.09793,0.09801,724021,70936.07842
DOGEUSDT,1777122900000,2026-04-25 13:15:00,2026-04-25 22:15:00,0.09801,0.09801,0.09797,0.09801,537925,52711.41626
DOGEUSDT,1777123200000,2026-04-25 13:20:00,2026-04-25 22:20:00,0.09801,0.09822,0.09801,0.09821,1028889,100979.69729
DOGEUSDT,1777123500000,2026-04-25 13:25:00,2026-04-25 22:25:00,0.09821,0.09824,0.09814,0.09821,1191332,116996.71382
DOGEUSDT,1777123800000,2026-04-25 13:30:00,2026-04-25 22:30:00,0.09821,0.09826,0.09814,0.09817,2135614,209700.15367
DOGEUSDT,1777124100000,2026-04-25 13:35:00,2026-04-25 22:35:00,0.09818,0.09831,0.09814,0.0983,985560,96778.31343
DOGEUSDT,1777124400000,2026-04-25 13:40:00,2026-04-25 22:40:00,0.0983,0.09831,0.09823,0.0983,1149058,112925.2504
DOGEUSDT,1777124700000,2026-04-25 13:45:00,2026-04-25 22:45:00,0.09831,0.09841,0.09828,0.09835,3675504,361466.49797
DOGEUSDT,1777125000000,2026-04-25 13:50:00,2026-04-25 22:50:00,0.09835,0.09839,0.09833,0.09837,733763,72176.27857
DOGEUSDT,1777125300000,2026-04-25 13:55:00,2026-04-25 22:55:00,0.09837,0.09837,0.09827,0.09827,781442,76839.71619
DOGEUSDT,1777125600000,2026-04-25 14:00:00,2026-04-25 23:00:00,0.09827,0.0983,0.09809,0.09809,976312,95878.73044
DOGEUSDT,1777125900000,2026-04-25 14:05:00,2026-04-25 23:05:00,0.0981,0.0983,0.0981,0.09828,652398,64050.19757
DOGEUSDT,1777126200000,2026-04-25 14:10:00,2026-04-25 23:10:00,0.09827,0.09828,0.09814,0.09827,891458,87531.8424
DOGEUSDT,1777126500000,2026-04-25 14:15:00,2026-04-25 23:15:00,0.09827,0.09836,0.09824,0.09829,972259,95568.66498
DOGEUSDT,1777126800000,2026-04-25 14:20:00,2026-04-25 23:20:00,0.09828,0.09837,0.09826,0.09831,669109,65787.6407
DOGEUSDT,1777127100000,2026-04-25 14:25:00,2026-04-25 23:25:00,0.09831,0.09843,0.0983,0.09839,658803,64797.495
DOGEUSDT,1777127400000,2026-04-25 14:30:00,2026-04-25 23:30:00,0.0984,0.09856,0.0984,0.09848,1090844,107422.07277
DOGEUSDT,1777127700000,2026-04-25 14:35:00,2026-04-25 23:35:00,0.09848,0.0985,0.09843,0.09848,492000,48443.12218
DOGEUSDT,1777128000000,2026-04-25 14:40:00,2026-04-25 23:40:00,0.09848,0.09852,0.09845,0.09846,614645,60536.29866
DOGEUSDT,1777128300000,2026-04-25 14:45:00,2026-04-25 23:45:00,0.09846,0.09852,0.0984,0.09841,2355194,231915.46431
DOGEUSDT,1777128600000,2026-04-25 14:50:00,2026-04-25 23:50:00,0.0984,0.09842,0.09831,0.09832,1114926,109679.62261
DOGEUSDT,1777128900000,2026-04-25 14:55:00,2026-04-25 23:55:00,0.09832,0.09837,0.09829,0.0983,1068529,105072.16654
DOGEUSDT,1777129200000,2026-04-25 15:00:00,2026-04-26 00:00:00,0.09829,0.09839,0.09822,0.09838,942714,92677.86662
DOGEUSDT,1777129500000,2026-04-25 15:05:00,2026-04-26 00:05:00,0.09839,0.09848,0.09837,0.09838,759032,74714.51326
DOGEUSDT,1777129800000,2026-04-25 15:10:00,2026-04-26 00:10:00,0.09838,0.0985,0.09837,0.09849,960065,94522.25463
DOGEUSDT,1777130100000,2026-04-25 15:15:00,2026-04-26 00:15:00,0.09848,0.09849,0.09844,0.09848,383485,37762.53644
DOGEUSDT,1777130400000,2026-04-25 15:20:00,2026-04-26 00:20:00,0.09849,0.09862,0.09848,0.0986,1640413,161669.87322
DOGEUSDT,1777130700000,2026-04-25 15:25:00,2026-04-26 00:25:00,0.0986,0.09877,0.0986,0.0987,5657336,558395.81191
DOGEUSDT,1777131000000,2026-04-25 15:30:00,2026-04-26 00:30:00,0.0987,0.09879,0.09858,0.09859,10582673,1044369.49377
DOGEUSDT,1777131300000,2026-04-25 15:35:00,2026-04-26 00:35:00,0.09859,0.09867,0.0985,0.09851,1335871,131692.58362
DOGEUSDT,1777131600000,2026-04-25 15:40:00,2026-04-26 00:40:00,0.09852,0.09862,0.09852,0.09854,901643,88885.45093
DOGEUSDT,1777131900000,2026-04-25 15:45:00,2026-04-26 00:45:00,0.09854,0.09855,0.09838,0.09839,2625191,258483.32823
DOGEUSDT,1777132200000,2026-04-25 15:50:00,2026-04-26 00:50:00,0.09838,0.09841,0.09809,0.0982,5950287,584460.50821
DOGEUSDT,1777132500000,2026-04-25 15:55:00,2026-04-26 00:55:00,0.09821,0.09828,0.0981,0.09819,3985444,391357.48231
DOGEUSDT,1777132800000,2026-04-25 16:00:00,2026-04-26 01:00:00,0.09818,0.09833,0.09815,0.09823,4509980,443169.45901
DOGEUSDT,1777133100000,2026-04-25 16:05:00,2026-04-26 01:05:00,0.09822,0.09824,0.0981,0.09812,2354600,231102.20873
DOGEUSDT,1777133400000,2026-04-25 16:10:00,2026-04-26 01:10:00,0.09812,0.09815,0.09804,0.09814,1602695,157198.10026
DOGEUSDT,1777133700000,2026-04-25 16:15:00,2026-04-26 01:15:00,0.09813,0.09818,0.09808,0.09811,1217257,119455.71359
DOGEUSDT,1777134000000,2026-04-25 16:20:00,2026-04-26 01:20:00,0.09811,0.09814,0.09799,0.09807,5550087,544018.29221
DOGEUSDT,1777134300000,2026-04-25 16:25:00,2026-04-26 01:25:00,0.09807,0.09807,0.09784,0.09798,2254120,220763.74803
DOGEUSDT,1777134600000,2026-04-25 16:30:00,2026-04-26 01:30:00,0.09798,0.09804,0.09787,0.0979,1647256,161372.61962
DOGEUSDT,1777134900000,2026-04-25 16:35:00,2026-04-26 01:35:00,0.0979,0.09802,0.09756,0.0978,3211649,313959.78147
DOGEUSDT,1777135200000,2026-04-25 16:40:00,2026-04-26 01:40:00,0.0978,0.09791,0.09775,0.09787,961510,94061.99198
DOGEUSDT,1777135500000,2026-04-25 16:45:00,2026-04-26 01:45:00,0.09786,0.09802,0.09785,0.09802,1329741,130246.10995
DOGEUSDT,1777135800000,2026-04-25 16:50:00,2026-04-26 01:50:00,0.09801,0.09802,0.09787,0.09788,1178128,115372.04707
DOGEUSDT,1777136100000,2026-04-25 16:55:00,2026-04-26 01:55:00,0.09789,0.09794,0.09785,0.09787,786640,77007.69959
DOGEUSDT,1777136400000,2026-04-25 17:00:00,2026-04-26 02:00:00,0.09786,0.09787,0.09772,0.09781,3398239,332408.36902
DOGEUSDT,1777136700000,2026-04-25 17:05:00,2026-04-26 02:05:00,0.09781,0.09792,0.09778,0.09789,535127,52357.63846
DOGEUSDT,1777137000000,2026-04-25 17:10:00,2026-04-26 02:10:00,0.09788,0.09796,0.09785,0.09796,769532,75353.05798
DOGEUSDT,1777137300000,2026-04-25 17:15:00,2026-04-26 02:15:00,0.09796,0.09796,0.09784,0.09788,1236861,121083.12778
DOGEUSDT,1777137600000,2026-04-25 17:20:00,2026-04-26 02:20:00,0.09787,0.09798,0.09785,0.09787,726538,71143.33822
DOGEUSDT,1777137900000,2026-04-25 17:25:00,2026-04-26 02:25:00,0.09786,0.09792,0.09763,0.09765,1541311,150692.99339
DOGEUSDT,1777138200000,2026-04-25 17:30:00,2026-04-26 02:30:00,0.09765,0.09774,0.0976,0.09767,2655192,259311.15866
DOGEUSDT,1777138500000,2026-04-25 17:35:00,2026-04-26 02:35:00,0.09767,0.0978,0.09764,0.0978,2354338,230062.74297
DOGEUSDT,1777138800000,2026-04-25 17:40:00,2026-04-26 02:40:00,0.09779,0.0978,0.09771,0.09777,2523160,246619.58014
DOGEUSDT,1777139100000,2026-04-25 17:45:00,2026-04-26 02:45:00,0.09777,0.09794,0.09776,0.09779,1140271,111575.92201
DOGEUSDT,1777139400000,2026-04-25 17:50:00,2026-04-26 02:50:00,0.0978,0.09784,0.09778,0.09783,1743554,170545.11391
DOGEUSDT,1777139700000,2026-04-25 17:55:00,2026-04-26 02:55:00,0.09783,0.09799,0.09769,0.09778,7156350,700468.326
DOGEUSDT,1777140000000,2026-04-25 18:00:00,2026-04-26 03:00:00,0.09779,0.09792,0.09776,0.09789,1134204,110989.83524
DOGEUSDT,1777140300000,2026-04-25 18:05:00,2026-04-26 03:05:00,0.09789,0.09789,0.09775,0.09776,1125097,110038.04825
DOGEUSDT,1777140600000,2026-04-25 18:10:00,2026-04-26 03:10:00,0.09775,0.09775,0.09743,0.09753,7311784,713571.72691
DOGEUSDT,1777140900000,2026-04-25 18:15:00,2026-04-26 03:15:00,0.09752,0.09759,0.09749,0.09753,3538891,345169.29951
DOGEUSDT,1777141200000,2026-04-25 18:20:00,2026-04-26 03:20:00,0.09754,0.09776,0.09738,0.09758,7277499,709900.94558
DOGEUSDT,1777141500000,2026-04-25 18:25:00,2026-04-26 03:25:00,0.09758,0.09771,0.09754,0.09769,489952,47850.03284
DOGEUSDT,1777141800000,2026-04-25 18:30:00,2026-04-26 03:30:00,0.0977,0.0978,0.09769,0.0978,1318381,128857.7721
DOGEUSDT,1777142100000,2026-04-25 18:35:00,2026-04-26 03:35:00,0.09779,0.09786,0.09776,0.09779,916635,89656.38357
DOGEUSDT,1777142400000,2026-04-25 18:40:00,2026-04-26 03:40:00,0.09779,0.09783,0.09776,0.09776,518178,50668.0675
DOGEUSDT,1777142700000,2026-04-25 18:45:00,2026-04-26 03:45:00,0.09776,0.09784,0.09775,0.09779,693635,67839.12167
DOGEUSDT,1777143000000,2026-04-25 18:50:00,2026-04-26 03:50:00,0.09778,0.0978,0.09774,0.09776,516618,50514.40544
DOGEUSDT,1777143300000,2026-04-25 18:55:00,2026-04-26 03:55:00,0.09776,0.09776,0.09769,0.0977,832006,81309.86716
DOGEUSDT,1777143600000,2026-04-25 19:00:00,2026-04-26 04:00:00,0.09769,0.09773,0.09767,0.09772,368805,36034.15191
DOGEUSDT,1777143900000,2026-04-25 19:05:00,2026-04-26 04:05:00,0.09773,0.09774,0.09761,0.09762,658091,64256.98712
DOGEUSDT,1777144200000,2026-04-25 19:10:00,2026-04-26 04:10:00,0.09763,0.09769,0.09759,0.09767,1482805,144795.7595
DOGEUSDT,1777144500000,2026-04-25 19:15:00,2026-04-26 04:15:00,0.09768,0.09781,0.09766,0.0978,562577,54974.83209
DOGEUSDT,1777144800000,2026-04-25 19:20:00,2026-04-26 04:20:00,0.0978,0.0978,0.09769,0.09773,378961,37040.03772
DOGEUSDT,1777145100000,2026-04-25 19:25:00,2026-04-26 04:25:00,0.09772,0.09777,0.09761,0.09761,516233,50436.90289
DOGEUSDT,1777145400000,2026-04-25 19:30:00,2026-04-26 04:30:00,0.09761,0.09766,0.09756,0.09758,672607,65650.18842
DOGEUSDT,1777145700000,2026-04-25 19:35:00,2026-04-26 04:35:00,0.09759,0.0976,0.09751,0.09751,676722,66037.4729
DOGEUSDT,1777146000000,2026-04-25 19:40:00,2026-04-26 04:40:00,0.09752,0.09757,0.0975,0.0975,524763,51182.45695
DOGEUSDT,1777146300000,2026-04-25 19:45:00,2026-04-26 04:45:00,0.0975,0.09756,0.09749,0.09756,1107552,107993.20273
DOGEUSDT,1777146600000,2026-04-25 19:50:00,2026-04-26 04:50:00,0.09755,0.09767,0.09755,0.09767,1089467,106331.40018
DOGEUSDT,1777146900000,2026-04-25 19:55:00,2026-04-26 04:55:00,0.09767,0.09774,0.09767,0.09768,552995,54036.62354
DOGEUSDT,1777147200000,2026-04-25 20:00:00,2026-04-26 05:00:00,0.09769,0.09776,0.09765,0.09765,1990637,194533.75414
DOGEUSDT,1777147500000,2026-04-25 20:05:00,2026-04-26 05:05:00,0.09765,0.09775,0.09759,0.09775,440881,43056.15021
DOGEUSDT,1777147800000,2026-04-25 20:10:00,2026-04-26 05:10:00,0.09775,0.09783,0.09768,0.09772,3017031,294904.07786
DOGEUSDT,1777148100000,2026-04-25 20:15:00,2026-04-26 05:15:00,0.09772,0.09778,0.0977,0.09776,1303110,127350.13387
DOGEUSDT,1777148400000,2026-04-25 20:20:00,2026-04-26 05:20:00,0.09775,0.09784,0.09774,0.09774,433964,42432.11644
DOGEUSDT,1777148700000,2026-04-25 20:25:00,2026-04-26 05:25:00,0.09773,0.09774,0.09766,0.0977,180829,17669.84543
DOGEUSDT,1777149000000,2026-04-25 20:30:00,2026-04-26 05:30:00,0.09771,0.09774,0.09768,0.09774,367380,35901.27036
DOGEUSDT,1777149300000,2026-04-25 20:35:00,2026-04-26 05:35:00,0.09774,0.09778,0.09773,0.09776,241530,23611.51828
DOGEUSDT,1777149600000,2026-04-25 20:40:00,2026-04-26 05:40:00,0.09775,0.0978,0.09775,0.09779,337162,32967.3392
DOGEUSDT,1777149900000,2026-04-25 20:45:00,2026-04-26 05:45:00,0.09778,0.09786,0.09778,0.0978,831573,81361.12884
DOGEUSDT,1777150200000,2026-04-25 20:50:00,2026-04-26 05:50:00,0.09781,0.0979,0.0978,0.0979,657194,64307.67277
DOGEUSDT,1777150500000,2026-04-25 20:55:00,2026-04-26 05:55:00,0.09789,0.09795,0.09789,0.09795,1474929,144439.21276
DOGEUSDT,1777150800000,2026-04-25 21:00:00,2026-04-26 06:00:00,0.09795,0.09808,0.09794,0.09799,3831836,375629.82776
DOGEUSDT,1777151100000,2026-04-25 21:05:00,2026-04-26 06:05:00,0.09799,0.098,0.09791,0.09792,518419,50784.36666
DOGEUSDT,1777151400000,2026-04-25 21:10:00,2026-04-26 06:10:00,0.09791,0.09796,0.09788,0.09794,1139815,111611.20789
DOGEUSDT,1777151700000,2026-04-25 21:15:00,2026-04-26 06:15:00,0.09793,0.098,0.09793,0.09795,373573,36598.96271
DOGEUSDT,1777152000000,2026-04-25 21:20:00,2026-04-26 06:20:00,0.09795,0.09801,0.09795,0.09801,348219,34118.27025
DOGEUSDT,1777152300000,2026-04-25 21:25:00,2026-04-26 06:25:00,0.09801,0.09801,0.09791,0.09794,695735,68142.93343
DOGEUSDT,1777152600000,2026-04-25 21:30:00,2026-04-26 06:30:00,0.09793,0.09798,0.09791,0.09793,778740,76274.9629
DOGEUSDT,1777152900000,2026-04-25 21:35:00,2026-04-26 06:35:00,0.09793,0.09794,0.09788,0.09791,598425,58598.40236
DOGEUSDT,1777153200000,2026-04-25 21:40:00,2026-04-26 06:40:00,0.09791,0.09795,0.09784,0.09795,702931,68806.25848
DOGEUSDT,1777153500000,2026-04-25 21:45:00,2026-04-26 06:45:00,0.09794,0.098,0.09791,0.098,428222,41946.87819
DOGEUSDT,1777153800000,2026-04-25 21:50:00,2026-04-26 06:50:00,0.098,0.09806,0.09796,0.098,507844,49779.30922
DOGEUSDT,1777154100000,2026-04-25 21:55:00,2026-04-26 06:55:00,0.098,0.098,0.09795,0.09799,603768,59155.0883
DOGEUSDT,1777154400000,2026-04-25 22:00:00,2026-04-26 07:00:00,0.09799,0.09801,0.09791,0.098,1481886,145167.38655
DOGEUSDT,1777154700000,2026-04-25 22:05:00,2026-04-26 07:05:00,0.098,0.09804,0.09788,0.09792,2193932,214882.98137
DOGEUSDT,1777155000000,2026-04-25 22:10:00,2026-04-26 07:10:00,0.09792,0.09794,0.09787,0.09791,795902,77923.09851
DOGEUSDT,1777155300000,2026-04-25 22:15:00,2026-04-26 07:15:00,0.0979,0.09795,0.09788,0.09793,1395390,136621.806
DOGEUSDT,1777155600000,2026-04-25 22:20:00,2026-04-26 07:20:00,0.09793,0.09798,0.09792,0.09798,386795,37891.15514
DOGEUSDT,1777155900000,2026-04-25 22:25:00,2026-04-26 07:25:00,0.09798,0.09807,0.09798,0.09803,800950,78506.22962
DOGEUSDT,1777156200000,2026-04-25 22:30:00,2026-04-26 07:30:00,0.09804,0.09823,0.09804,0.09821,1110258,109006.72442
DOGEUSDT,1777156500000,2026-04-25 22:35:00,2026-04-26 07:35:00,0.09822,0.09826,0.09817,0.09821,1568069,153995.03821
DOGEUSDT,1777156800000,2026-04-25 22:40:00,2026-04-26 07:40:00,0.09821,0.09821,0.09815,0.09818,396471,38925.20658
DOGEUSDT,1777157100000,2026-04-25 22:45:00,2026-04-26 07:45:00,0.09819,0.0982,0.09807,0.0981,737642,72382.65045
DOGEUSDT,1777157400000,2026-04-25 22:50:00,2026-04-26 07:50:00,0.0981,0.09814,0.09805,0.09805,601401,58991.64533
DOGEUSDT,1777157700000,2026-04-25 22:55:00,2026-04-26 07:55:00,0.09806,0.09808,0.09801,0.09804,493750,48415.29942
DOGEUSDT,1777158000000,2026-04-25 23:00:00,2026-04-26 08:00:00,0.09804,0.09805,0.09792,0.09799,751176,73593.77324
DOGEUSDT,1777158300000,2026-04-25 23:05:00,2026-04-26 08:05:00,0.09799,0.09803,0.09797,0.09803,785399,76974.66902
DOGEUSDT,1777158600000,2026-04-25 23:10:00,2026-04-26 08:10:00,0.09802,0.09805,0.09797,0.098,500552,49055.60744
DOGEUSDT,1777158900000,2026-04-25 23:15:00,2026-04-26 08:15:00,0.09799,0.09802,0.09791,0.09802,791838,77573.41487
DOGEUSDT,1777159200000,2026-04-25 23:20:00,2026-04-26 08:20:00,0.09802,0.09802,0.09791,0.09796,1407935,137898.91311
DOGEUSDT,1777159500000,2026-04-25 23:25:00,2026-04-26 08:25:00,0.09795,0.09797,0.09789,0.09797,583618,57153.08567
DOGEUSDT,1777159800000,2026-04-25 23:30:00,2026-04-26 08:30:00,0.09796,0.09798,0.09789,0.09798,604304,59178.83215
DOGEUSDT,1777160100000,2026-04-25 23:35:00,2026-04-26 08:35:00,0.09797,0.098,0.09796,0.09798,434494,42571.80727
DOGEUSDT,1777160400000,2026-04-25 23:40:00,2026-04-26 08:40:00,0.09799,0.09823,0.09799,0.09812,3786364,371519.8388
DOGEUSDT,1777160700000,2026-04-25 23:45:00,2026-04-26 08:45:00,0.09812,0.09818,0.09811,0.09813,579597,56880.10759
DOGEUSDT,1777161000000,2026-04-25 23:50:00,2026-04-26 08:50:00,0.09813,0.09813,0.09803,0.09805,1078276,105747.80212
DOGEUSDT,1777161300000,2026-04-25 23:55:00,2026-04-26 08:55:00,0.09805,0.09805,0.09797,0.098,1529319,149877.72383
DOGEUSDT,1777161600000,2026-04-26 00:00:00,2026-04-26 09:00:00,0.09799,0.09803,0.0979,0.09794,2885064,282618.63322
DOGEUSDT,1777161900000,2026-04-26 00:05:00,2026-04-26 09:05:00,0.09795,0.09798,0.09784,0.09791,2219345,217331.62293
DOGEUSDT,1777162200000,2026-04-26 00:10:00,2026-04-26 09:10:00,0.09792,0.09799,0.09788,0.09796,1376268,134760.19372
DOGEUSDT,1777162500000,2026-04-26 00:15:00,2026-04-26 09:15:00,0.09796,0.09797,0.09791,0.09793,689805,67557.44757
DOGEUSDT,1777162800000,2026-04-26 00:20:00,2026-04-26 09:20:00,0.09793,0.09793,0.09768,0.09784,2389557,233674.0482
DOGEUSDT,1777163100000,2026-04-26 00:25:00,2026-04-26 09:25:00,0.09784,0.09784,0.09774,0.09777,619187,60543.50724
DOGEUSDT,1777163400000,2026-04-26 00:30:00,2026-04-26 09:30:00,0.09777,0.09786,0.0977,0.09786,599062,58554.1036
DOGEUSDT,1777163700000,2026-04-26 00:35:00,2026-04-26 09:35:00,0.09786,0.09791,0.09783,0.09785,805364,78809.31559
DOGEUSDT,1777164000000,2026-04-26 00:40:00,2026-04-26 09:40:00,0.09786,0.09793,0.09786,0.09793,651851,63822.96697
DOGEUSDT,1777164300000,2026-04-26 00:45:00,2026-04-26 09:45:00,0.09793,0.09794,0.09787,0.09787,423768,41491.96914
DOGEUSDT,1777164600000,2026-04-26 00:50:00,2026-04-26 09:50:00,0.09788,0.0979,0.09781,0.09781,680580,66593.19371
DOGEUSDT,1777164900000,2026-04-26 00:55:00,2026-04-26 09:55:00,0.09781,0.09785,0.09771,0.09785,2787904,272542.78211
DOGEUSDT,1777165200000,2026-04-26 01:00:00,2026-04-26 10:00:00,0.09785,0.09786,0.09778,0.09782,779386,76234.98094
DOGEUSDT,1777165500000,2026-04-26 01:05:00,2026-04-26 10:05:00,0.09782,0.09788,0.0978,0.09788,499174,48842.79835
DOGEUSDT,1777165800000,2026-04-26 01:10:00,2026-04-26 10:10:00,0.09788,0.09793,0.09783,0.09789,590250,57783.47931
DOGEUSDT,1777166100000,2026-04-26 01:15:00,2026-04-26 10:15:00,0.09789,0.09796,0.09788,0.09788,735580,72028.03385
DOGEUSDT,1777166400000,2026-04-26 01:20:00,2026-04-26 10:20:00,0.09788,0.09798,0.09787,0.09794,502768,49233.74845
DOGEUSDT,1777166700000,2026-04-26 01:25:00,2026-04-26 10:25:00,0.09794,0.09796,0.09785,0.09788,443466,43414.44629
DOGEUSDT,1777167000000,2026-04-26 01:30:00,2026-04-26 10:30:00,0.09788,0.098,0.09785,0.098,589817,57752.90926
DOGEUSDT,1777167300000,2026-04-26 01:35:00,2026-04-26 10:35:00,0.098,0.09807,0.09799,0.09807,1169759,114652.72781
DOGEUSDT,1777167600000,2026-04-26 01:40:00,2026-04-26 10:40:00,0.09807,0.09807,0.098,0.09805,1020136,100014.53839
DOGEUSDT,1777167900000,2026-04-26 01:45:00,2026-04-26 10:45:00,0.09804,0.09804,0.09792,0.098,692336,67834.42691
DOGEUSDT,1777168200000,2026-04-26 01:50:00,2026-04-26 10:50:00,0.098,0.09808,0.09799,0.09803,1163031,114018.40954
DOGEUSDT,1777168500000,2026-04-26 01:55:00,2026-04-26 10:55:00,0.09803,0.09803,0.09781,0.09786,907039,88798.31679
DOGEUSDT,1777168800000,2026-04-26 02:00:00,2026-04-26 11:00:00,0.09785,0.09798,0.09785,0.09797,720184,70539.60685
DOGEUSDT,1777169100000,2026-04-26 02:05:00,2026-04-26 11:05:00,0.09798,0.09802,0.09795,0.09801,972357,95277.42859
DOGEUSDT,1777169400000,2026-04-26 02:10:00,2026-04-26 11:10:00,0.09802,0.09814,0.098,0.0981,616777,60495.46885
DOGEUSDT,1777169700000,2026-04-26 02:15:00,2026-04-26 11:15:00,0.09811,0.09816,0.09806,0.09806,1237759,121448.32944
DOGEUSDT,1777170000000,2026-04-26 02:20:00,2026-04-26 11:20:00,0.09807,0.09808,0.0979,0.09794,1524250,149335.02968
DOGEUSDT,1777170300000,2026-04-26 02:25:00,2026-04-26 11:25:00,0.09795,0.09797,0.09788,0.09789,689022,67484.64118
DOGEUSDT,1777170600000,2026-04-26 02:30:00,2026-04-26 11:30:00,0.09789,0.09796,0.09785,0.0979,828755,81135.83679
DOGEUSDT,1777170900000,2026-04-26 02:35:00,2026-04-26 11:35:00,0.0979,0.0979,0.09774,0.0978,775178,75821.06499
DOGEUSDT,1777171200000,2026-04-26 02:40:00,2026-04-26 11:40:00,0.0978,0.09783,0.09771,0.09775,753930,73691.49368
DOGEUSDT,1777171500000,2026-04-26 02:45:00,2026-04-26 11:45:00,0.09775,0.09784,0.09774,0.09784,1248070,122041.797
DOGEUSDT,1777171800000,2026-04-26 02:50:00,2026-04-26 11:50:00,0.09784,0.09791,0.09772,0.09772,1668356,163235.3263
DOGEUSDT,1777172100000,2026-04-26 02:55:00,2026-04-26 11:55:00,0.09772,0.09798,0.09758,0.09795,12199669,1192285.81019
DOGEUSDT,1777172400000,2026-04-26 03:00:00,2026-04-26 12:00:00,0.09795,0.09795,0.09784,0.09787,1399655,137033.42032
DOGEUSDT,1777172700000,2026-04-26 03:05:00,2026-04-26 12:05:00,0.09788,0.09797,0.09786,0.09797,966477,94630.18316
DOGEUSDT,1777173000000,2026-04-26 03:10:00,2026-04-26 12:10:00,0.09797,0.09811,0.09796,0.0981,2998847,294056.82359
DOGEUSDT,1777173300000,2026-04-26 03:15:00,2026-04-26 12:15:00,0.09811,0.09828,0.0981,0.09828,4379903,430005.79126
DOGEUSDT,1777173600000,2026-04-26 03:20:00,2026-04-26 12:20:00,0.09828,0.09847,0.09828,0.0984,4400959,432952.54416
DOGEUSDT,1777173900000,2026-04-26 03:25:00,2026-04-26 12:25:00,0.0984,0.09842,0.09794,0.09794,9912659,973753.92126
DOGEUSDT,1777174200000,2026-04-26 03:30:00,2026-04-26 12:30:00,0.09794,0.09801,0.09787,0.09793,2169975,212504.41351
DOGEUSDT,1777174500000,2026-04-26 03:35:00,2026-04-26 12:35:00,0.09793,0.09793,0.09772,0.09774,3657355,357690.8233
DOGEUSDT,1777174800000,2026-04-26 03:40:00,2026-04-26 12:40:00,0.09775,0.0978,0.09771,0.09773,1687312,164917.04605
DOGEUSDT,1777175100000,2026-04-26 03:45:00,2026-04-26 12:45:00,0.09773,0.09775,0.09766,0.09773,1597285,156042.68495
DOGEUSDT,1777175400000,2026-04-26 03:50:00,2026-04-26 12:50:00,0.09773,0.0978,0.09772,0.09779,1541705,150714.53733
DOGEUSDT,1777175700000,2026-04-26 03:55:00,2026-04-26 12:55:00,0.09779,0.09785,0.09777,0.09778,786915,76970.01613
DOGEUSDT,1777176000000,2026-04-26 04:00:00,2026-04-26 13:00:00,0.09778,0.09785,0.09772,0.09773,1300972,127204.21435
DOGEUSDT,1777176300000,2026-04-26 04:05:00,2026-04-26 13:05:00,0.09773,0.09782,0.09772,0.09774,414773,40554.04034
DOGEUSDT,1777176600000,2026-04-26 04:10:00,2026-04-26 13:10:00,0.09774,0.09784,0.09773,0.09774,703332,68765.86766
DOGEUSDT,1777176900000,2026-04-26 04:15:00,2026-04-26 13:15:00,0.09774,0.09779,0.09766,0.09774,2551499,249321.793
DOGEUSDT,1777177200000,2026-04-26 04:20:00,2026-04-26 13:20:00,0.09774,0.0978,0.0977,0.09775,1316966,128724.72506
DOGEUSDT,1777177500000,2026-04-26 04:25:00,2026-04-26 13:25:00,0.09775,0.09775,0.09758,0.0976,3124501,305021.48875
DOGEUSDT,1777177800000,2026-04-26 04:30:00,2026-04-26 13:30:00,0.0976,0.0976,0.09748,0.09753,2337614,228011.6462
DOGEUSDT,1777178100000,2026-04-26 04:35:00,2026-04-26 13:35:00,0.09753,0.09762,0.0975,0.09753,1644562,160424.79383
DOGEUSDT,1777178400000,2026-04-26 04:40:00,2026-04-26 13:40:00,0.09753,0.09804,0.09752,0.09802,5995958,586677.283
DOGEUSDT,1777178700000,2026-04-26 04:45:00,2026-04-26 13:45:00,0.09802,0.09828,0.09801,0.09816,4570591,448690.43146
DOGEUSDT,1777179000000,2026-04-26 04:50:00,2026-04-26 13:50:00,0.09816,0.09824,0.0981,0.09813,2094356,205563.30763
DOGEUSDT,1777179300000,2026-04-26 04:55:00,2026-04-26 13:55:00,0.09814,0.09814,0.09804,0.09807,674695,66186.50732
DOGEUSDT,1777179600000,2026-04-26 05:00:00,2026-04-26 14:00:00,0.09806,0.09812,0.09805,0.09809,1025929,100623.84394
DOGEUSDT,1777179900000,2026-04-26 05:05:00,2026-04-26 14:05:00,0.0981,0.09826,0.09808,0.09824,4586851,450031.86422
DOGEUSDT,1777180200000,2026-04-26 05:10:00,2026-04-26 14:10:00,0.09824,0.09855,0.09815,0.09848,7884219,775965.58709
DOGEUSDT,1777180500000,2026-04-26 05:15:00,2026-04-26 14:15:00,0.09847,0.09872,0.09847,0.09861,5464705,538894.04675
DOGEUSDT,1777180800000,2026-04-26 05:20:00,2026-04-26 14:20:00,0.09861,0.09861,0.09845,0.09853,2997082,295314.0116
DOGEUSDT,1777181100000,2026-04-26 05:25:00,2026-04-26 14:25:00,0.09854,0.09861,0.09847,0.09848,1638942,161487.10093
DOGEUSDT,1777181400000,2026-04-26 05:30:00,2026-04-26 14:30:00,0.09848,0.09853,0.09837,0.09844,1568257,154394.41329
DOGEUSDT,1777181700000,2026-04-26 05:35:00,2026-04-26 14:35:00,0.09843,0.09844,0.09835,0.09838,1652907,162650.45506
DOGEUSDT,1777182000000,2026-04-26 05:40:00,2026-04-26 14:40:00,0.09839,0.09842,0.09836,0.09837,672972,66216.10795
DOGEUSDT,1777182300000,2026-04-26 05:45:00,2026-04-26 14:45:00,0.09837,0.09838,0.09823,0.09836,2344155,230432.5209
DOGEUSDT,1777182600000,2026-04-26 05:50:00,2026-04-26 14:50:00,0.09835,0.09836,0.09827,0.09831,805317,79185.76062
DOGEUSDT,1777182900000,2026-04-26 05:55:00,2026-04-26 14:55:00,0.0983,0.09835,0.09829,0.09832,376736,37041.90805
DOGEUSDT,1777183200000,2026-04-26 06:00:00,2026-04-26 15:00:00,0.09832,0.0985,0.09832,0.09845,1033666,101748.90935
DOGEUSDT,1777183500000,2026-04-26 06:05:00,2026-04-26 15:05:00,0.09846,0.09853,0.09844,0.09847,682191,67187.64587
DOGEUSDT,1777183800000,2026-04-26 06:10:00,2026-04-26 15:10:00,0.09847,0.09854,0.09846,0.09852,807773,79570.2519
DOGEUSDT,1777184100000,2026-04-26 06:15:00,2026-04-26 15:15:00,0.09852,0.09854,0.09837,0.09838,932516,91789.5334
DOGEUSDT,1777184400000,2026-04-26 06:20:00,2026-04-26 15:20:00,0.09837,0.09839,0.09832,0.09838,659931,64908.95409
DOGEUSDT,1777184700000,2026-04-26 06:25:00,2026-04-26 15:25:00,0.09838,0.09847,0.09836,0.09845,734364,72266.54446
DOGEUSDT,1777185000000,2026-04-26 06:30:00,2026-04-26 15:30:00,0.09844,0.09846,0.09836,0.09841,565463,55643.67381
DOGEUSDT,1777185300000,2026-04-26 06:35:00,2026-04-26 15:35:00,0.09841,0.09854,0.09837,0.09854,3717561,366150.69214
DOGEUSDT,1777185600000,2026-04-26 06:40:00,2026-04-26 15:40:00,0.09854,0.09859,0.09849,0.09853,1278204,125955.22112
DOGEUSDT,1777185900000,2026-04-26 06:45:00,2026-04-26 15:45:00,0.09853,0.09859,0.09842,0.09843,777517,76600.59058
DOGEUSDT,1777186200000,2026-04-26 06:50:00,2026-04-26 15:50:00,0.09843,0.09843,0.09837,0.09839,1418595,139587.45368
DOGEUSDT,1777186500000,2026-04-26 06:55:00,2026-04-26 15:55:00,0.0984,0.09848,0.09838,0.09848,1740095,171231.95499
DOGEUSDT,1777186800000,2026-04-26 07:00:00,2026-04-26 16:00:00,0.09847,0.09852,0.09847,0.09851,1217446,119918.16772
DOGEUSDT,1777187100000,2026-04-26 07:05:00,2026-04-26 16:05:00,0.09852,0.09853,0.09847,0.0985,964107,94967.10239
DOGEUSDT,1777187400000,2026-04-26 07:10:00,2026-04-26 16:10:00,0.09849,0.09858,0.09849,0.09856,830136,81810.16188
DOGEUSDT,1777187700000,2026-04-26 07:15:00,2026-04-26 16:15:00,0.09856,0.09857,0.0985,0.09857,610731,60179.33726
DOGEUSDT,1777188000000,2026-04-26 07:20:00,2026-04-26 16:20:00,0.09856,0.09863,0.09855,0.09856,913560,90065.52502
DOGEUSDT,1777188300000,2026-04-26 07:25:00,2026-04-26 16:25:00,0.09857,0.09857,0.09852,0.09853,741072,73031.89047
DOGEUSDT,1777188600000,2026-04-26 07:30:00,2026-04-26 16:30:00,0.09853,0.09856,0.09843,0.09844,3290498,324112.95444
DOGEUSDT,1777188900000,2026-04-26 07:35:00,2026-04-26 16:35:00,0.09843,0.09845,0.0984,0.09841,1082902,106586.64552
DOGEUSDT,1777189200000,2026-04-26 07:40:00,2026-04-26 16:40:00,0.09841,0.09849,0.09841,0.09844,2080954,204847.79767
DOGEUSDT,1777189500000,2026-04-26 07:45:00,2026-04-26 16:45:00,0.09844,0.09847,0.09841,0.09847,504143,49625.68459
DOGEUSDT,1777189800000,2026-04-26 07:50:00,2026-04-26 16:50:00,0.09848,0.09856,0.09847,0.09852,1123236,110661.50185
DOGEUSDT,1777190100000,2026-04-26 07:55:00,2026-04-26 16:55:00,0.09853,0.0986,0.09852,0.09858,684370,67456.96863
DOGEUSDT,1777190400000,2026-04-26 08:00:00,2026-04-26 17:00:00,0.09858,0.09861,0.09848,0.09854,1169818,115263.96787
DOGEUSDT,1777190700000,2026-04-26 08:05:00,2026-04-26 17:05:00,0.09854,0.09859,0.09848,0.09848,884346,87149.44024
DOGEUSDT,1777191000000,2026-04-26 08:10:00,2026-04-26 17:10:00,0.09848,0.09849,0.09843,0.09848,397492,39137.82686
DOGEUSDT,1777191300000,2026-04-26 08:15:00,2026-04-26 17:15:00,0.09849,0.0985,0.09841,0.09841,443075,43625.70208
DOGEUSDT,1777191600000,2026-04-26 08:20:00,2026-04-26 17:20:00,0.09842,0.09842,0.09832,0.09835,2094939,206033.18698
DOGEUSDT,1777191900000,2026-04-26 08:25:00,2026-04-26 17:25:00,0.09836,0.09843,0.09836,0.09842,775062,76267.398
DOGEUSDT,1777192200000,2026-04-26 08:30:00,2026-04-26 17:30:00,0.09842,0.09856,0.09842,0.09851,1106554,108995.19279
DOGEUSDT,1777192500000,2026-04-26 08:35:00,2026-04-26 17:35:00,0.09852,0.09865,0.09852,0.09857,2453092,241887.1746
DOGEUSDT,1777192800000,2026-04-26 08:40:00,2026-04-26 17:40:00,0.09856,0.09857,0.09842,0.09845,1067740,105183.07491
DOGEUSDT,1777193100000,2026-04-26 08:45:00,2026-04-26 17:45:00,0.09845,0.09845,0.09838,0.09838,399148,39283.42676
DOGEUSDT,1777193400000,2026-04-26 08:50:00,2026-04-26 17:50:00,0.09839,0.09848,0.09837,0.09842,1955520,192461.96064
DOGEUSDT,1777193700000,2026-04-26 08:55:00,2026-04-26 17:55:00,0.09841,0.09842,0.09833,0.09836,460261,45279.7158
DOGEUSDT,1777194000000,2026-04-26 09:00:00,2026-04-26 18:00:00,0.09836,0.09841,0.09832,0.09836,1199766,118000.17742
DOGEUSDT,1777194300000,2026-04-26 09:05:00,2026-04-26 18:05:00,0.09835,0.09837,0.09831,0.09831,835341,82153.27103
DOGEUSDT,1777194600000,2026-04-26 09:10:00,2026-04-26 18:10:00,0.09831,0.09834,0.0983,0.09833,646722,63582.13612
DOGEUSDT,1777194900000,2026-04-26 09:15:00,2026-04-26 18:15:00,0.09834,0.0984,0.09831,0.09831,582783,57315.16578
DOGEUSDT,1777195200000,2026-04-26 09:20:00,2026-04-26 18:20:00,0.09831,0.09845,0.09831,0.09843,1136464,111833.82454
DOGEUSDT,1777195500000,2026-04-26 09:25:00,2026-04-26 18:25:00,0.09842,0.09847,0.0984,0.09843,655982,64572.46171
DOGEUSDT,1777195800000,2026-04-26 09:30:00,2026-04-26 18:30:00,0.09844,0.09854,0.09844,0.09849,3961314,390124.03079
DOGEUSDT,1777196100000,2026-04-26 09:35:00,2026-04-26 18:35:00,0.09849,0.0985,0.09845,0.09846,324266,31933.57364
DOGEUSDT,1777196400000,2026-04-26 09:40:00,2026-04-26 18:40:00,0.09847,0.09854,0.09844,0.09851,629380,61988.55337
DOGEUSDT,1777196700000,2026-04-26 09:45:00,2026-04-26 18:45:00,0.09851,0.09854,0.0985,0.0985,422040,41580.29731
DOGEUSDT,1777197000000,2026-04-26 09:50:00,2026-04-26 18:50:00,0.09851,0.09857,0.09847,0.0985,577756,56928.58295
DOGEUSDT,1777197300000,2026-04-26 09:55:00,2026-04-26 18:55:00,0.0985,0.09853,0.09846,0.09848,1072682,105640.48251
DOGEUSDT,1777197600000,2026-04-26 10:00:00,2026-04-26 19:00:00,0.09847,0.09865,0.09832,0.09853,17203243,1694755.97449
DOGEUSDT,1777197900000,2026-04-26 10:05:00,2026-04-26 19:05:00,0.09854,0.09862,0.09851,0.09851,1702933,167838.30141
DOGEUSDT,1777198200000,2026-04-26 10:10:00,2026-04-26 19:10:00,0.09851,0.09859,0.09851,0.09855,1022902,100818.19279
DOGEUSDT,1777198500000,2026-04-26 10:15:00,2026-04-26 19:15:00,0.09855,0.09863,0.09855,0.09861,1165681,114930.10316
DOGEUSDT,1777198800000,2026-04-26 10:20:00,2026-04-26 19:20:00,0.09861,0.09872,0.09859,0.09864,1289618,127226.66591
DOGEUSDT,1777199100000,2026-04-26 10:25:00,2026-04-26 19:25:00,0.09865,0.09875,0.09864,0.09869,1418428,139993.65173
DOGEUSDT,1777199400000,2026-04-26 10:30:00,2026-04-26 19:30:00,0.09869,0.09873,0.09863,0.09869,1184610,116890.31647
DOGEUSDT,1777199700000,2026-04-26 10:35:00,2026-04-26 19:35:00,0.0987,0.0987,0.09855,0.09855,1133996,111858.43471
DOGEUSDT,1777200000000,2026-04-26 10:40:00,2026-04-26 19:40:00,0.09855,0.09866,0.09855,0.09858,2186631,215622.4708
DOGEUSDT,1777200300000,2026-04-26 10:45:00,2026-04-26 19:45:00,0.09859,0.09871,0.09859,0.09864,1036558,102256.73482
DOGEUSDT,1777200600000,2026-04-26 10:50:00,2026-04-26 19:50:00,0.09864,0.09868,0.09857,0.09858,1310102,129197.56132
DOGEUSDT,1777200900000,2026-04-26 10:55:00,2026-04-26 19:55:00,0.09857,0.09869,0.09857,0.09867,485426,47883.71176
DOGEUSDT,1777201200000,2026-04-26 11:00:00,2026-04-26 20:00:00,0.09868,0.09875,0.09866,0.09867,718026,70871.87506
DOGEUSDT,1777201500000,2026-04-26 11:05:00,2026-04-26 20:05:00,0.09867,0.09879,0.0986,0.09868,7982702,787930.73605
DOGEUSDT,1777201800000,2026-04-26 11:10:00,2026-04-26 20:10:00,0.09868,0.09875,0.09868,0.09873,2038415,201235.4588
DOGEUSDT,1777202100000,2026-04-26 11:15:00,2026-04-26 20:15:00,0.09873,0.09881,0.09871,0.09877,1276642,126093.30665
DOGEUSDT,1777202400000,2026-04-26 11:20:00,2026-04-26 20:20:00,0.09877,0.099,0.09877,0.09897,7495752,741544.73776
DOGEUSDT,1777202700000,2026-04-26 11:25:00,2026-04-26 20:25:00,0.09897,0.09918,0.09897,0.09901,10768516,1066935.62121
DOGEUSDT,1777203000000,2026-04-26 11:30:00,2026-04-26 20:30:00,0.09901,0.09905,0.09885,0.09898,2786191,275736.01281
DOGEUSDT,1777203300000,2026-04-26 11:35:00,2026-04-26 20:35:00,0.09898,0.09909,0.09894,0.09904,3272695,324035.81194
DOGEUSDT,1777203600000,2026-04-26 11:40:00,2026-04-26 20:40:00,0.09904,0.09911,0.09903,0.09905,1341627,132913.94811
DOGEUSDT,1777203900000,2026-04-26 11:45:00,2026-04-26 20:45:00,0.09905,0.09906,0.09899,0.09903,2577793,255244.04964
DOGEUSDT,1777204200000,2026-04-26 11:50:00,2026-04-26 20:50:00,0.09903,0.09905,0.09894,0.09903,1223829,121145.65209
DOGEUSDT,1777204500000,2026-04-26 11:55:00,2026-04-26 20:55:00,0.09903,0.09909,0.09902,0.09903,1513999,149969.91475
DOGEUSDT,1777204800000,2026-04-26 12:00:00,2026-04-26 21:00:00,0.09904,0.09915,0.09903,0.09905,2840033,281497.81428
DOGEUSDT,1777205100000,2026-04-26 12:05:00,2026-04-26 21:05:00,0.09904,0.09912,0.09889,0.0989,3271863,323972.94012
DOGEUSDT,1777205400000,2026-04-26 12:10:00,2026-04-26 21:10:00,0.09889,0.09892,0.09882,0.09889,2424919,239725.1587
DOGEUSDT,1777205700000,2026-04-26 12:15:00,2026-04-26 21:15:00,0.09888,0.099,0.09883,0.09888,6450881,637915.37515
DOGEUSDT,1777206000000,2026-04-26 12:20:00,2026-04-26 21:20:00,0.09888,0.09896,0.09879,0.09889,2835198,280367.39677
DOGEUSDT,1777206300000,2026-04-26 12:25:00,2026-04-26 21:25:00,0.09889,0.09893,0.09875,0.09877,1365754,135006.3126
DOGEUSDT,1777206600000,2026-04-26 12:30:00,2026-04-26 21:30:00,0.09877,0.09878,0.09863,0.09864,1863003,183915.37787
DOGEUSDT,1777206900000,2026-04-26 12:35:00,2026-04-26 21:35:00,0.09864,0.09876,0.09859,0.09875,1499974,148032.0102
DOGEUSDT,1777207200000,2026-04-26 12:40:00,2026-04-26 21:40:00,0.09875,0.09878,0.09869,0.09877,907406,89604.91744
DOGEUSDT,1777207500000,2026-04-26 12:45:00,2026-04-26 21:45:00,0.09877,0.09881,0.09863,0.0988,2956746,291875.49801
DOGEUSDT,1777207800000,2026-04-26 12:50:00,2026-04-26 21:50:00,0.09879,0.09906,0.09879,0.09905,7004351,693010.57029
DOGEUSDT,1777208100000,2026-04-26 12:55:00,2026-04-26 21:55:00,0.09904,0.09911,0.09864,0.09868,10256063,1013777.88423
DOGEUSDT,1777208400000,2026-04-26 13:00:00,2026-04-26 22:00:00,0.09868,0.09877,0.09855,0.09858,2550068,251515.13247
DOGEUSDT,1777208700000,2026-04-26 13:05:00,2026-04-26 22:05:00,0.09858,0.09863,0.09856,0.09859,1443411,142304.09449
DOGEUSDT,1777209000000,2026-04-26 13:10:00,2026-04-26 22:10:00,0.09859,0.09866,0.0985,0.09855,4840135,477076.54227
DOGEUSDT,1777209300000,2026-04-26 13:15:00,2026-04-26 22:15:00,0.09855,0.09859,0.09832,0.09834,2588209,254825.83646
DOGEUSDT,1777209600000,2026-04-26 13:20:00,2026-04-26 22:20:00,0.09834,0.09835,0.09821,0.09822,6579713,646618.50708
DOGEUSDT,1777209900000,2026-04-26 13:25:00,2026-04-26 22:25:00,0.09823,0.09851,0.09812,0.09845,8202938,806195.62645
DOGEUSDT,1777210200000,2026-04-26 13:30:00,2026-04-26 22:30:00,0.09846,0.09854,0.09839,0.09839,2138221,210548.97747
DOGEUSDT,1777210500000,2026-04-26 13:35:00,2026-04-26 22:35:00,0.09839,0.09845,0.09825,0.09845,2224902,218802.80016
DOGEUSDT,1777210800000,2026-04-26 13:40:00,2026-04-26 22:40:00,0.09844,0.09848,0.09841,0.09847,397427,39126.64977
DOGEUSDT,1777211100000,2026-04-26 13:45:00,2026-04-26 22:45:00,0.09847,0.09853,0.09843,0.09849,1611401,158677.15042
DOGEUSDT,1777211400000,2026-04-26 13:50:00,2026-04-26 22:50:00,0.09849,0.09858,0.09844,0.09858,983289,96857.57409
DOGEUSDT,1777211700000,2026-04-26 13:55:00,2026-04-26 22:55:00,0.09857,0.0986,0.09848,0.0986,637311,62800.8635
DOGEUSDT,1777212000000,2026-04-26 14:00:00,2026-04-26 23:00:00,0.0986,0.0986,0.09846,0.09849,626545,61726.05979
DOGEUSDT,1777212300000,2026-04-26 14:05:00,2026-04-26 23:05:00,0.0985,0.09857,0.09844,0.09855,767756,75626.84446
DOGEUSDT,1777212600000,2026-04-26 14:10:00,2026-04-26 23:10:00,0.09854,0.09855,0.09844,0.09851,2430095,239294.44405
DOGEUSDT,1777212900000,2026-04-26 14:15:00,2026-04-26 23:15:00,0.09852,0.09876,0.09848,0.09871,969055,95568.18451
DOGEUSDT,1777213200000,2026-04-26 14:20:00,2026-04-26 23:20:00,0.0987,0.09895,0.0987,0.09881,3023390,298959.65357
DOGEUSDT,1777213500000,2026-04-26 14:25:00,2026-04-26 23:25:00,0.09881,0.09887,0.09879,0.09881,554196,54767.00219
DOGEUSDT,1777213800000,2026-04-26 14:30:00,2026-04-26 23:30:00,0.09882,0.09887,0.09872,0.09887,762584,75352.46293
DOGEUSDT,1777214100000,2026-04-26 14:35:00,2026-04-26 23:35:00,0.09887,0.09899,0.09882,0.09897,2827673,279741.90459
DOGEUSDT,1777214400000,2026-04-26 14:40:00,2026-04-26 23:40:00,0.09897,0.09899,0.0989,0.09891,1290292,127661.99817
DOGEUSDT,1777214700000,2026-04-26 14:45:00,2026-04-26 23:45:00,0.09892,0.09892,0.09876,0.0988,1782117,176075.24805
DOGEUSDT,1777215000000,2026-04-26 14:50:00,2026-04-26 23:50:00,0.0988,0.09892,0.0988,0.09888,2561860,253251.78893
DOGEUSDT,1777215300000,2026-04-26 14:55:00,2026-04-26 23:55:00,0.09889,0.09895,0.09881,0.09882,700286,69242.19431
DOGEUSDT,1777215600000,2026-04-26 15:00:00,2026-04-27 00:00:00,0.09883,0.09886,0.09877,0.09882,1252344,123758.79674
DOGEUSDT,1777215900000,2026-04-26 15:05:00,2026-04-27 00:05:00,0.09883,0.09885,0.09875,0.09881,600027,59281.59335
DOGEUSDT,1777216200000,2026-04-26 15:10:00,2026-04-27 00:10:00,0.0988,0.09884,0.09878,0.09881,544920,53847.61374
DOGEUSDT,1777216500000,2026-04-26 15:15:00,2026-04-27 00:15:00,0.09881,0.09892,0.09879,0.09892,817130,80791.08114
DOGEUSDT,1777216800000,2026-04-26 15:20:00,2026-04-27 00:20:00,0.09892,0.099,0.0989,0.09894,2659384,263197.61258
DOGEUSDT,1777217100000,2026-04-26 15:25:00,2026-04-27 00:25:00,0.09894,0.0991,0.09892,0.09909,7006961,693823.67518
DOGEUSDT,1777217400000,2026-04-26 15:30:00,2026-04-27 00:30:00,0.09908,0.09915,0.09893,0.09893,2335224,231283.23953
DOGEUSDT,1777217700000,2026-04-26 15:35:00,2026-04-27 00:35:00,0.09893,0.09904,0.09893,0.09899,1063355,105241.57973
DOGEUSDT,1777218000000,2026-04-26 15:40:00,2026-04-27 00:40:00,0.09898,0.09899,0.09891,0.09891,436868,43228.9064
DOGEUSDT,1777218300000,2026-04-26 15:45:00,2026-04-27 00:45:00,0.09891,0.09895,0.09885,0.09888,932629,92238.28258
DOGEUSDT,1777218600000,2026-04-26 15:50:00,2026-04-27 00:50:00,0.09887,0.09901,0.09887,0.09901,691225,68418.49977
DOGEUSDT,1777218900000,2026-04-26 15:55:00,2026-04-27 00:55:00,0.09901,0.09906,0.09895,0.09903,757448,74986.88973
DOGEUSDT,1777219200000,2026-04-26 16:00:00,2026-04-27 01:00:00,0.09903,0.09907,0.09893,0.09898,1164167,115234.28173
DOGEUSDT,1777219500000,2026-04-26 16:05:00,2026-04-27 01:05:00,0.09898,0.099,0.09884,0.09888,2093705,207063.73317
DOGEUSDT,1777219800000,2026-04-26 16:10:00,2026-04-27 01:10:00,0.09887,0.09889,0.09884,0.09885,1141117,112811.66735
DOGEUSDT,1777220100000,2026-04-26 16:15:00,2026-04-27 01:15:00,0.09885,0.09888,0.09881,0.09883,557195,55073.24477
DOGEUSDT,1777220400000,2026-04-26 16:20:00,2026-04-27 01:20:00,0.09882,0.09905,0.09877,0.09896,11823402,1169567.49104
DOGEUSDT,1777220700000,2026-04-26 16:25:00,2026-04-27 01:25:00,0.09896,0.09897,0.09889,0.0989,1006667,99606.58702
DOGEUSDT,1777221000000,2026-04-26 16:30:00,2026-04-27 01:30:00,0.09889,0.09898,0.09887,0.09894,949843,93949.81117
DOGEUSDT,1777221300000,2026-04-26 16:35:00,2026-04-27 01:35:00,0.09894,0.09899,0.09881,0.09881,1083184,107143.03494
DOGEUSDT,1777221600000,2026-04-26 16:40:00,2026-04-27 01:40:00,0.09881,0.09883,0.09873,0.09873,960114,94828.07667
DOGEUSDT,1777221900000,2026-04-26 16:45:00,2026-04-27 01:45:00,0.09874,0.0988,0.09865,0.09879,1094493,108046.52197
DOGEUSDT,1777222200000,2026-04-26 16:50:00,2026-04-27 01:50:00,0.09879,0.09883,0.09876,0.09878,834248,82424.76476
DOGEUSDT,1777222500000,2026-04-26 16:55:00,2026-04-27 01:55:00,0.09879,0.0988,0.09865,0.09868,930229,91853.06996
DOGEUSDT,1777222800000,2026-04-26 17:00:00,2026-04-27 02:00:00,0.09868,0.09869,0.0985,0.09863,2500383,246437.91836
DOGEUSDT,1777223100000,2026-04-26 17:05:00,2026-04-27 02:05:00,0.09864,0.09876,0.09863,0.0987,1125539,111080.135
DOGEUSDT,1777223400000,2026-04-26 17:10:00,2026-04-27 02:10:00,0.0987,0.09873,0.09867,0.09872,1511980,149229.09453
DOGEUSDT,1777223700000,2026-04-26 17:15:00,2026-04-27 02:15:00,0.09871,0.09879,0.0987,0.09878,1625764,160549.40468
DOGEUSDT,1777224000000,2026-04-26 17:20:00,2026-04-27 02:20:00,0.09877,0.09882,0.09871,0.09882,770070,76057.83235
DOGEUSDT,1777224300000,2026-04-26 17:25:00,2026-04-27 02:25:00,0.09881,0.09888,0.0988,0.09882,1418468,140178.61205
DOGEUSDT,1777224600000,2026-04-26 17:30:00,2026-04-27 02:30:00,0.09882,0.09882,0.09867,0.09874,1552744,153341.09953
DOGEUSDT,1777224900000,2026-04-26 17:35:00,2026-04-27 02:35:00,0.09874,0.09877,0.09868,0.09876,1250518,123465.83428
DOGEUSDT,1777225200000,2026-04-26 17:40:00,2026-04-27 02:40:00,0.09875,0.09885,0.09875,0.09885,730278,72150.41629
DOGEUSDT,1777225500000,2026-04-26 17:45:00,2026-04-27 02:45:00,0.09884,0.09893,0.09879,0.09886,642398,63505.6458
DOGEUSDT,1777225800000,2026-04-26 17:50:00,2026-04-27 02:50:00,0.09886,0.09895,0.09885,0.09885,888650,87888.49677
DOGEUSDT,1777226100000,2026-04-26 17:55:00,2026-04-27 02:55:00,0.09885,0.09891,0.09885,0.09885,1170587,115756.51568
DOGEUSDT,1777226400000,2026-04-26 18:00:00,2026-04-27 03:00:00,0.09885,0.09889,0.09876,0.09876,636139,62872.75314
DOGEUSDT,1777226700000,2026-04-26 18:05:00,2026-04-27 03:05:00,0.09876,0.09889,0.09871,0.09889,866294,85593.14775
DOGEUSDT,1777227000000,2026-04-26 18:10:00,2026-04-27 03:10:00,0.09888,0.09912,0.09882,0.09908,3094393,306388.93569
DOGEUSDT,1777227300000,2026-04-26 18:15:00,2026-04-27 03:15:00,0.09908,0.09972,0.09906,0.0995,12594909,1252520.16869
DOGEUSDT,1777227600000,2026-04-26 18:20:00,2026-04-27 03:20:00,0.0995,0.09951,0.09933,0.09942,1114847,110825.53201
DOGEUSDT,1777227900000,2026-04-26 18:25:00,2026-04-27 03:25:00,0.09943,0.09944,0.09929,0.09932,1967209,195464.41413
DOGEUSDT,1777228200000,2026-04-26 18:30:00,2026-04-27 03:30:00,0.09932,0.09939,0.09923,0.09923,1673318,166157.79072
DOGEUSDT,1777228500000,2026-04-26 18:35:00,2026-04-27 03:35:00,0.09924,0.09931,0.09921,0.09925,1155781,114721.505
DOGEUSDT,1777228800000,2026-04-26 18:40:00,2026-04-27 03:40:00,0.09925,0.09935,0.09924,0.09924,1479994,146954.51776
DOGEUSDT,1777229100000,2026-04-26 18:45:00,2026-04-27 03:45:00,0.09924,0.0993,0.0992,0.09924,2982330,295963.33106
DOGEUSDT,1777229400000,2026-04-26 18:50:00,2026-04-27 03:50:00,0.09923,0.09925,0.09912,0.09913,481103,47718.5216
DOGEUSDT,1777229700000,2026-04-26 18:55:00,2026-04-27 03:55:00,0.09913,0.09916,0.0991,0.09911,647080,64139.16184
DOGEUSDT,1777230000000,2026-04-26 19:00:00,2026-04-27 04:00:00,0.09912,0.09925,0.0991,0.09925,1569737,155681.18855
DOGEUSDT,1777230300000,2026-04-26 19:05:00,2026-04-27 04:05:00,0.09924,0.09929,0.09924,0.09927,999959,99257.22504
DOGEUSDT,1777230600000,2026-04-26 19:10:00,2026-04-27 04:10:00,0.09926,0.09936,0.09921,0.09929,1247956,123912.96654
DOGEUSDT,1777230900000,2026-04-26 19:15:00,2026-04-27 04:15:00,0.0993,0.09967,0.0993,0.09949,8927808,888563.64079
DOGEUSDT,1777231200000,2026-04-26 19:20:00,2026-04-27 04:20:00,0.0995,0.09952,0.09931,0.09931,1149505,114323.71377
DOGEUSDT,1777231500000,2026-04-26 19:25:00,2026-04-27 04:25:00,0.09931,0.09933,0.09911,0.09922,1197578,118813.66327
DOGEUSDT,1777231800000,2026-04-26 19:30:00,2026-04-27 04:30:00,0.09923,0.09928,0.09917,0.09927,925248,91807.95724
DOGEUSDT,1777232100000,2026-04-26 19:35:00,2026-04-27 04:35:00,0.09928,0.0993,0.09918,0.09921,1065722,105752.09886
DOGEUSDT,1777232400000,2026-04-26 19:40:00,2026-04-27 04:40:00,0.0992,0.09932,0.09919,0.09929,715147,70974.77836
DOGEUSDT,1777232700000,2026-04-26 19:45:00,2026-04-27 04:45:00,0.09928,0.09931,0.09925,0.09929,991705,98450.40083
DOGEUSDT,1777233000000,2026-04-26 19:50:00,2026-04-27 04:50:00,0.09929,0.09936,0.09926,0.09929,1023609,101650.24129
DOGEUSDT,1777233300000,2026-04-26 19:55:00,2026-04-27 04:55:00,0.0993,0.09936,0.09918,0.09919,633294,62880.53625
DOGEUSDT,1777233600000,2026-04-26 20:00:00,2026-04-27 05:00:00,0.09919,0.09929,0.09916,0.09924,1045890,103791.73553
DOGEUSDT,1777233900000,2026-04-26 20:05:00,2026-04-27 05:05:00,0.09925,0.09932,0.09924,0.09929,528297,52450.73074
DOGEUSDT,1777234200000,2026-04-26 20:10:00,2026-04-27 05:10:00,0.09929,0.09936,0.09926,0.09932,1860533,184806.64889
DOGEUSDT,1777234500000,2026-04-26 20:15:00,2026-04-27 05:15:00,0.09933,0.09953,0.09931,0.09948,1723185,171384.31461
DOGEUSDT,1777234800000,2026-04-26 20:20:00,2026-04-27 05:20:00,0.09949,0.09964,0.09948,0.09964,2164684,215549.06547
DOGEUSDT,1777235100000,2026-04-26 20:25:00,2026-04-27 05:25:00,0.09963,0.09969,0.09959,0.09959,2024907,201799.84266
DOGEUSDT,1777235400000,2026-04-26 20:30:00,2026-04-27 05:30:00,0.09959,0.09994,0.09952,0.0996,14386499,1435018.66096
DOGEUSDT,1777235700000,2026-04-26 20:35:00,2026-04-27 05:35:00,0.09961,0.09965,0.0994,0.09942,1743666,173513.45362
DOGEUSDT,1777236000000,2026-04-26 20:40:00,2026-04-27 05:40:00,0.09942,0.09945,0.09938,0.09941,775650,77111.74757
DOGEUSDT,1777236300000,2026-04-26 20:45:00,2026-04-27 05:45:00,0.09941,0.09945,0.0993,0.09934,2344738,232993.74265
DOGEUSDT,1777236600000,2026-04-26 20:50:00,2026-04-27 05:50:00,0.09934,0.09936,0.09928,0.09929,1021858,101493.56041
DOGEUSDT,1777236900000,2026-04-26 20:55:00,2026-04-27 05:55:00,0.09929,0.09929,0.09907,0.09908,3268757,324178.40615
DOGEUSDT,1777237200000,2026-04-26 21:00:00,2026-04-27 06:00:00,0.09908,0.09914,0.09895,0.09898,2061477,204201.50438
DOGEUSDT,1777237500000,2026-04-26 21:05:00,2026-04-27 06:05:00,0.09898,0.09904,0.09889,0.09889,1487770,147247.95201
DOGEUSDT,1777237800000,2026-04-26 21:10:00,2026-04-27 06:10:00,0.09889,0.09896,0.09881,0.09881,3562665,352324.61454
DOGEUSDT,1777238100000,2026-04-26 21:15:00,2026-04-27 06:15:00,0.09881,0.09936,0.09878,0.09926,8170748,810203.12274
DOGEUSDT,1777238400000,2026-04-26 21:20:00,2026-04-27 06:20:00,0.09926,0.09938,0.09926,0.09933,759252,75413.56006
DOGEUSDT,1777238700000,2026-04-26 21:25:00,2026-04-27 06:25:00,0.09933,0.09939,0.09926,0.09927,508708,50538.70386
DOGEUSDT,1777239000000,2026-04-26 21:30:00,2026-04-27 06:30:00,0.09927,0.09927,0.09887,0.09894,3100052,306996.46963
DOGEUSDT,1777239300000,2026-04-26 21:35:00,2026-04-27 06:35:00,0.09893,0.09905,0.09888,0.09892,1486745,147137.09774
DOGEUSDT,1777239600000,2026-04-26 21:40:00,2026-04-27 06:40:00,0.09892,0.09896,0.09885,0.09889,1166219,115345.21483
DOGEUSDT,1777239900000,2026-04-26 21:45:00,2026-04-27 06:45:00,0.09888,0.09888,0.09878,0.09887,1905511,188316.92764
DOGEUSDT,1777240200000,2026-04-26 21:50:00,2026-04-27 06:50:00,0.09886,0.09906,0.09869,0.09906,1532345,151400.18638
DOGEUSDT,1777240500000,2026-04-26 21:55:00,2026-04-27 06:55:00,0.09905,0.09945,0.09905,0.09939,4527448,449354.96933
DOGEUSDT,1777240800000,2026-04-26 22:00:00,2026-04-27 07:00:00,0.09939,0.09958,0.09923,0.09928,2569144,255402.79842
DOGEUSDT,1777241100000,2026-04-26 22:05:00,2026-04-27 07:05:00,0.09929,0.09951,0.09923,0.09946,2137393,212417.33459
DOGEUSDT,1777241400000,2026-04-26 22:10:00,2026-04-27 07:10:00,0.09945,0.0995,0.09934,0.09945,1300411,129278.87542
DOGEUSDT,1777241700000,2026-04-26 22:15:00,2026-04-27 07:15:00,0.09945,0.09975,0.09942,0.09966,2596851,258753.68884
DOGEUSDT,1777242000000,2026-04-26 22:20:00,2026-04-27 07:20:00,0.09966,0.09968,0.09948,0.09952,1494857,148863.47438
DOGEUSDT,1777242300000,2026-04-26 22:25:00,2026-04-27 07:25:00,0.09952,0.09952,0.09935,0.09938,1468977,146134.70972
DOGEUSDT,1777242600000,2026-04-26 22:30:00,2026-04-27 07:30:00,0.09937,0.09937,0.09898,0.09905,2309357,229161.21963
DOGEUSDT,1777242900000,2026-04-26 22:35:00,2026-04-27 07:35:00,0.09904,0.09917,0.09902,0.09912,2387313,236547.05257
DOGEUSDT,1777243200000,2026-04-26 22:40:00,2026-04-27 07:40:00,0.09911,0.0992,0.09909,0.09917,406095,40262.4551
DOGEUSDT,1777243500000,2026-04-26 22:45:00,2026-04-27 07:45:00,0.09916,0.0993,0.09915,0.09926,838643,83233.45265
DOGEUSDT,1777243800000,2026-04-26 22:50:00,2026-04-27 07:50:00,0.09925,0.09929,0.09912,0.09917,819799,81321.69868
DOGEUSDT,1777244100000,2026-04-26 22:55:00,2026-04-27 07:55:00,0.09917,0.09918,0.0991,0.09915,586232,58124.86464
DOGEUSDT,1777244400000,2026-04-26 23:00:00,2026-04-27 08:00:00,0.09914,0.09918,0.09903,0.09905,1149275,113867.30829
DOGEUSDT,1777244700000,2026-04-26 23:05:00,2026-04-27 08:05:00,0.09905,0.09909,0.09899,0.09904,1571918,155658.41033
DOGEUSDT,1777245000000,2026-04-26 23:10:00,2026-04-27 08:10:00,0.09905,0.09907,0.09899,0.099,752940,74565.40045
DOGEUSDT,1777245300000,2026-04-26 23:15:00,2026-04-27 08:15:00,0.099,0.09904,0.09889,0.09893,1842034,182268.21706
DOGEUSDT,1777245600000,2026-04-26 23:20:00,2026-04-27 08:20:00,0.09894,0.09919,0.09892,0.0991,2129027,210970.43367
DOGEUSDT,1777245900000,2026-04-26 23:25:00,2026-04-27 08:25:00,0.0991,0.09917,0.09888,0.09889,954341,94493.51617
DOGEUSDT,1777246200000,2026-04-26 23:30:00,2026-04-27 08:30:00,0.09888,0.09901,0.09879,0.09897,1628246,161053.60467
DOGEUSDT,1777246500000,2026-04-26 23:35:00,2026-04-27 08:35:00,0.09896,0.09922,0.09893,0.09917,2554848,253180.45701
DOGEUSDT,1777246800000,2026-04-26 23:40:00,2026-04-27 08:40:00,0.09918,0.09942,0.09916,0.09941,833193,82722.57552
DOGEUSDT,1777247100000,2026-04-26 23:45:00,2026-04-27 08:45:00,0.09942,0.09958,0.09935,0.09943,1374304,136672.18106
DOGEUSDT,1777247400000,2026-04-26 23:50:00,2026-04-27 08:50:00,0.09943,0.09943,0.09925,0.09928,1689785,167857.51601
DOGEUSDT,1777247700000,2026-04-26 23:55:00,2026-04-27 08:55:00,0.09928,0.09929,0.09921,0.09922,409449,40635.22359
DOGEUSDT,1777248000000,2026-04-27 00:00:00,2026-04-27 09:00:00,0.09922,0.09943,0.0992,0.09937,1649102,163895.6598
DOGEUSDT,1777248300000,2026-04-27 00:05:00,2026-04-27 09:05:00,0.09936,0.09943,0.09929,0.09936,893311,88754.89498
DOGEUSDT,1777248600000,2026-04-27 00:10:00,2026-04-27 09:10:00,0.09937,0.09938,0.09913,0.09914,985378,97806.47364
DOGEUSDT,1777248900000,2026-04-27 00:15:00,2026-04-27 09:15:00,0.09913,0.09917,0.09904,0.09915,1171014,116040.5929
DOGEUSDT,1777249200000,2026-04-27 00:20:00,2026-04-27 09:20:00,0.09915,0.09919,0.099,0.09906,741732,73490.83273
DOGEUSDT,1777249500000,2026-04-27 00:25:00,2026-04-27 09:25:00,0.09905,0.09906,0.09889,0.09901,3569308,353266.10597
DOGEUSDT,1777249800000,2026-04-27 00:30:00,2026-04-27 09:30:00,0.09902,0.09904,0.09891,0.09902,1092931,108167.64068
DOGEUSDT,1777250100000,2026-04-27 00:35:00,2026-04-27 09:35:00,0.09902,0.09918,0.09896,0.09918,972152,96302.9734
DOGEUSDT,1777250400000,2026-04-27 00:40:00,2026-04-27 09:40:00,0.09918,0.09941,0.09918,0.09937,1295452,128678.56958
DOGEUSDT,1777250700000,2026-04-27 00:45:00,2026-04-27 09:45:00,0.09937,0.09946,0.09935,0.09937,1218015,121086.80057
DOGEUSDT,1777251000000,2026-04-27 00:50:00,2026-04-27 09:50:00,0.09937,0.09952,0.09927,0.09949,1769072,175810.22165
DOGEUSDT,1777251300000,2026-04-27 00:55:00,2026-04-27 09:55:00,0.09949,0.09996,0.09949,0.09995,17583399,1753639.51442
DOGEUSDT,1777251600000,2026-04-27 01:00:00,2026-04-27 10:00:00,0.09995,0.10042,0.09995,0.10015,21418636,2145507.50108
DOGEUSDT,1777251900000,2026-04-27 01:05:00,2026-04-27 10:05:00,0.10016,0.10028,0.09983,0.09984,5029595,503413.09006
DOGEUSDT,1777252200000,2026-04-27 01:10:00,2026-04-27 10:10:00,0.09983,0.09998,0.09973,0.09976,2039347,203723.97744
DOGEUSDT,1777252500000,2026-04-27 01:15:00,2026-04-27 10:15:00,0.09976,0.09982,0.0995,0.09952,2267758,225918.52882
DOGEUSDT,1777252800000,2026-04-27 01:20:00,2026-04-27 10:20:00,0.09953,0.09977,0.09953,0.09968,1093098,108952.71696
DOGEUSDT,1777253100000,2026-04-27 01:25:00,2026-04-27 10:25:00,0.09968,0.0997,0.0994,0.09963,2607442,259623.65807
DOGEUSDT,1777253400000,2026-04-27 01:30:00,2026-04-27 10:30:00,0.09963,0.09986,0.09962,0.09974,2428769,242235.75306
DOGEUSDT,1777253700000,2026-04-27 01:35:00,2026-04-27 10:35:00,0.09974,0.10008,0.09972,0.1,3863821,386186.14551
DOGEUSDT,1777254000000,2026-04-27 01:40:00,2026-04-27 10:40:00,0.09999,0.10013,0.0999,0.09998,4138172,413876.13288
DOGEUSDT,1777254300000,2026-04-27 01:45:00,2026-04-27 10:45:00,0.09998,0.10038,0.09997,0.1003,6763967,677830.73425
DOGEUSDT,1777254600000,2026-04-27 01:50:00,2026-04-27 10:50:00,0.1003,0.10036,0.10012,0.10019,5055682,506989.25039
DOGEUSDT,1777254900000,2026-04-27 01:55:00,2026-04-27 10:55:00,0.10018,0.10032,0.10012,0.10032,2874393,288089.35599
DOGEUSDT,1777255200000,2026-04-27 02:00:00,2026-04-27 11:00:00,0.10032,0.10041,0.10017,0.10024,3552935,356316.90263
DOGEUSDT,1777255500000,2026-04-27 02:05:00,2026-04-27 11:05:00,0.10023,0.10024,0.09999,0.1,2666048,266942.42601
DOGEUSDT,1777255800000,2026-04-27 02:10:00,2026-04-27 11:10:00,0.1,0.10019,0.0999,0.10016,3446174,344735.26795
DOGEUSDT,1777256100000,2026-04-27 02:15:00,2026-04-27 11:15:00,0.10015,0.10046,0.10012,0.10034,5039743,505839.69232
DOGEUSDT,1777256400000,2026-04-27 02:20:00,2026-04-27 11:20:00,0.10033,0.1004,0.10025,0.10027,2323279,233063.26962
DOGEUSDT,1777256700000,2026-04-27 02:25:00,2026-04-27 11:25:00,0.10027,0.10032,0.10009,0.1003,2646356,265169.56765
DOGEUSDT,1777257000000,2026-04-27 02:30:00,2026-04-27 11:30:00,0.10031,0.1007,0.10013,0.10022,11739135,1179431.19273
DOGEUSDT,1777257300000,2026-04-27 02:35:00,2026-04-27 11:35:00,0.10022,0.10026,0.10014,0.10021,1989437,199352.5136
DOGEUSDT,1777257600000,2026-04-27 02:40:00,2026-04-27 11:40:00,0.10022,0.10031,0.10015,0.10022,1456662,145961.16727
DOGEUSDT,1777257900000,2026-04-27 02:45:00,2026-04-27 11:45:00,0.10022,0.10044,0.10022,0.10038,1825127,183143.96787
DOGEUSDT,1777258200000,2026-04-27 02:50:00,2026-04-27 11:50:00,0.10037,0.10062,0.10033,0.10057,3252299,326901.1029
DOGEUSDT,1777258500000,2026-04-27 02:55:00,2026-04-27 11:55:00,0.10058,0.1006,0.10042,0.10042,1100642,110650.15859
DOGEUSDT,1777258800000,2026-04-27 03:00:00,2026-04-27 12:00:00,0.10042,0.1006,0.10036,0.10052,1343321,135024.39112
DOGEUSDT,1777259100000,2026-04-27 03:05:00,2026-04-27 12:05:00,0.10052,0.10066,0.10048,0.10059,2408052,242192.54349
DOGEUSDT,1777259400000,2026-04-27 03:10:00,2026-04-27 12:10:00,0.10058,0.10086,0.10056,0.10078,7869897,792620.58837
DOGEUSDT,1777259700000,2026-04-27 03:15:00,2026-04-27 12:15:00,0.10078,0.10078,0.10056,0.10069,3825263,385122.27897
DOGEUSDT,1777260000000,2026-04-27 03:20:00,2026-04-27 12:20:00,0.10068,0.10072,0.10052,0.10071,2126820,214078.68426
DOGEUSDT,1777260300000,2026-04-27 03:25:00,2026-04-27 12:25:00,0.10071,0.10072,0.10058,0.10067,804757,80997.04236
DOGEUSDT,1777260600000,2026-04-27 03:30:00,2026-04-27 12:30:00,0.10068,0.1008,0.10054,0.10055,1946734,195950.00863
DOGEUSDT,1777260900000,2026-04-27 03:35:00,2026-04-27 12:35:00,0.10054,0.10062,0.1004,0.10047,2056085,206658.26501
DOGEUSDT,1777261200000,2026-04-27 03:40:00,2026-04-27 12:40:00,0.10048,0.1006,0.10045,0.1005,2141070,215190.51541
DOGEUSDT,1777261500000,2026-04-27 03:45:00,2026-04-27 12:45:00,0.1005,0.1005,0.10021,0.10036,2708999,271761.45037
DOGEUSDT,1777261800000,2026-04-27 03:50:00,2026-04-27 12:50:00,0.10037,0.10042,0.10028,0.1004,1674973,168090.49602
DOGEUSDT,1777262100000,2026-04-27 03:55:00,2026-04-27 12:55:00,0.1004,0.10043,0.10021,0.10021,2384425,239095.52444
DOGEUSDT,1777262400000,2026-04-27 04:00:00,2026-04-27 13:00:00,0.10022,0.10025,0.10011,0.10025,3507927,351493.61054
DOGEUSDT,1777262700000,2026-04-27 04:05:00,2026-04-27 13:05:00,0.10024,0.1004,0.10015,0.1004,2172358,217831.9509
DOGEUSDT,1777263000000,2026-04-27 04:10:00,2026-04-27 13:10:00,0.1004,0.10045,0.10026,0.10033,1267941,127245.80004
DOGEUSDT,1777263300000,2026-04-27 04:15:00,2026-04-27 13:15:00,0.10033,0.10044,0.10029,0.1004,1163857,116844.48403
DOGEUSDT,1777263600000,2026-04-27 04:20:00,2026-04-27 13:20:00,0.10041,0.10044,0.1002,0.10026,1946196,195167.96321
DOGEUSDT,1777263900000,2026-04-27 04:25:00,2026-04-27 13:25:00,0.10027,0.10055,0.10025,0.10053,3103251,311619.7962
DOGEUSDT,1777264200000,2026-04-27 04:30:00,2026-04-27 13:30:00,0.10054,0.10056,0.10009,0.10011,3621863,363102.93861
DOGEUSDT,1777264500000,2026-04-27 04:35:00,2026-04-27 13:35:00,0.10011,0.10022,0.10005,0.10009,5747928,575444.86967
DOGEUSDT,1777264800000,2026-04-27 04:40:00,2026-04-27 13:40:00,0.10009,0.10015,0.1,0.10001,2578210,257941.23445
DOGEUSDT,1777265100000,2026-04-27 04:45:00,2026-04-27 13:45:00,0.10002,0.1001,0.09991,0.09994,3511544,351117.8246
DOGEUSDT,1777265400000,2026-04-27 04:50:00,2026-04-27 13:50:00,0.09995,0.10009,0.09983,0.10008,7545163,754208.66962
DOGEUSDT,1777265700000,2026-04-27 04:55:00,2026-04-27 13:55:00,0.10007,0.10007,0.0999,0.10002,2220495,221995.36504
DOGEUSDT,1777266000000,2026-04-27 05:00:00,2026-04-27 14:00:00,0.10003,0.10004,0.09966,0.09966,4322557,431534.20773
DOGEUSDT,1777266300000,2026-04-27 05:05:00,2026-04-27 14:05:00,0.09966,0.09966,0.09933,0.0995,5892695,586186.63986
DOGEUSDT,1777266600000,2026-04-27 05:10:00,2026-04-27 14:10:00,0.09949,0.09951,0.09917,0.0992,6355069,631050.76858
DOGEUSDT,1777266900000,2026-04-27 05:15:00,2026-04-27 14:15:00,0.09919,0.0992,0.0986,0.09877,15487370,1530824.93521
DOGEUSDT,1777267200000,2026-04-27 05:20:00,2026-04-27 14:20:00,0.09877,0.09877,0.09823,0.0987,17877588,1760941.43364
DOGEUSDT,1777267500000,2026-04-27 05:25:00,2026-04-27 14:25:00,0.0987,0.0987,0.09837,0.09839,5961456,587124.35291
DOGEUSDT,1777267800000,2026-04-27 05:30:00,2026-04-27 14:30:00,0.09838,0.09854,0.09819,0.09853,7557201,743347.16751
DOGEUSDT,1777268100000,2026-04-27 05:35:00,2026-04-27 14:35:00,0.09852,0.09852,0.09819,0.09841,4221590,415063.7557
DOGEUSDT,1777268400000,2026-04-27 05:40:00,2026-04-27 14:40:00,0.09842,0.09855,0.09834,0.09847,2796936,275319.09367
DOGEUSDT,1777268700000,2026-04-27 05:45:00,2026-04-27 14:45:00,0.09847,0.09856,0.09832,0.09835,3826354,376566.67392
DOGEUSDT,1777269000000,2026-04-27 05:50:00,2026-04-27 14:50:00,0.09835,0.09849,0.09829,0.0984,3296394,324325.79858
DOGEUSDT,1777269300000,2026-04-27 05:55:00,2026-04-27 14:55:00,0.09841,0.09848,0.09837,0.09841,2258743,222316.0876
DOGEUSDT,1777269600000,2026-04-27 06:00:00,2026-04-27 15:00:00,0.09841,0.09843,0.0982,0.09823,2515806,247290.34121
DOGEUSDT,1777269900000,2026-04-27 06:05:00,2026-04-27 15:05:00,0.09822,0.09842,0.09814,0.09837,3092123,303837.46659
DOGEUSDT,1777270200000,2026-04-27 06:10:00,2026-04-27 15:10:00,0.09837,0.09841,0.09827,0.09831,1201027,118091.91796
DOGEUSDT,1777270500000,2026-04-27 06:15:00,2026-04-27 15:15:00,0.0983,0.09842,0.09826,0.09842,1737414,170854.81354
DOGEUSDT,1777270800000,2026-04-27 06:20:00,2026-04-27 15:20:00,0.09841,0.09841,0.09831,0.09833,716357,70460.50575
DOGEUSDT,1777271100000,2026-04-27 06:25:00,2026-04-27 15:25:00,0.09833,0.09837,0.09823,0.09827,7749847,761890.8917
DOGEUSDT,1777271400000,2026-04-27 06:30:00,2026-04-27 15:30:00,0.09826,0.09826,0.09762,0.09783,15275846,1494756.75745
DOGEUSDT,1777271700000,2026-04-27 06:35:00,2026-04-27 15:35:00,0.09782,0.09785,0.09766,0.09781,3583746,350416.91401
DOGEUSDT,1777272000000,2026-04-27 06:40:00,2026-04-27 15:40:00,0.0978,0.09792,0.09777,0.09789,3726133,364692.30211
DOGEUSDT,1777272300000,2026-04-27 06:45:00,2026-04-27 15:45:00,0.09789,0.09807,0.09784,0.09797,2603286,255025.43013
DOGEUSDT,1777272600000,2026-04-27 06:50:00,2026-04-27 15:50:00,0.09798,0.0981,0.09792,0.09802,1486700,145733.20944
DOGEUSDT,1777272900000,2026-04-27 06:55:00,2026-04-27 15:55:00,0.09802,0.09806,0.09794,0.098,1083478,106174.43256
DOGEUSDT,1777273200000,2026-04-27 07:00:00,2026-04-27 16:00:00,0.098,0.09812,0.09794,0.09798,2119167,207722.80722
DOGEUSDT,1777273500000,2026-04-27 07:05:00,2026-04-27 16:05:00,0.09798,0.09799,0.09781,0.09785,2196365,214956.30865
DOGEUSDT,1777273800000,2026-04-27 07:10:00,2026-04-27 16:10:00,0.09784,0.09791,0.09778,0.09788,916329,89648.22537
DOGEUSDT,1777274100000,2026-04-27 07:15:00,2026-04-27 16:15:00,0.09787,0.09797,0.09776,0.09791,6467797,633043.84197
DOGEUSDT,1777274400000,2026-04-27 07:20:00,2026-04-27 16:20:00,0.09792,0.09799,0.09786,0.09792,1647860,161397.0311
DOGEUSDT,1777274700000,2026-04-27 07:25:00,2026-04-27 16:25:00,0.09792,0.09797,0.09786,0.09789,833109,81568.00121
DOGEUSDT,1777275000000,2026-04-27 07:30:00,2026-04-27 16:30:00,0.09789,0.09789,0.09768,0.09769,4470318,437086.67363
DOGEUSDT,1777275300000,2026-04-27 07:35:00,2026-04-27 16:35:00,0.0977,0.09782,0.09766,0.09775,1748502,170893.13736
DOGEUSDT,1777275600000,2026-04-27 07:40:00,2026-04-27 16:40:00,0.09775,0.09794,0.09774,0.09793,3206789,313832.53799
DOGEUSDT,1777275900000,2026-04-27 07:45:00,2026-04-27 16:45:00,0.09793,0.098,0.0979,0.098,1493425,146276.06641
DOGEUSDT,1777276200000,2026-04-27 07:50:00,2026-04-27 16:50:00,0.09799,0.09812,0.09799,0.098,1670816,163856.23088
DOGEUSDT,1777276500000,2026-04-27 07:55:00,2026-04-27 16:55:00,0.09799,0.09801,0.09782,0.09784,756127,74047.89953
DOGEUSDT,1777276800000,2026-04-27 08:00:00,2026-04-27 17:00:00,0.09783,0.09791,0.0977,0.09785,1586146,155166.55446
DOGEUSDT,1777277100000,2026-04-27 08:05:00,2026-04-27 17:05:00,0.09786,0.09791,0.0978,0.09789,1910238,186949.86
DOGEUSDT,1777277400000,2026-04-27 08:10:00,2026-04-27 17:10:00,0.09789,0.09796,0.09788,0.09795,854254,83639.74115
DOGEUSDT,1777277700000,2026-04-27 08:15:00,2026-04-27 17:15:00,0.09794,0.09806,0.09792,0.09803,1216474,119220.63597
DOGEUSDT,1777278000000,2026-04-27 08:20:00,2026-04-27 17:20:00,0.09802,0.0981,0.09794,0.0981,5051946,495215.99714
DOGEUSDT,1777278300000,2026-04-27 08:25:00,2026-04-27 17:25:00,0.0981,0.0981,0.09792,0.09793,1444230,141526.93715
DOGEUSDT,1777278600000,2026-04-27 08:30:00,2026-04-27 17:30:00,0.09793,0.09804,0.09784,0.09791,1630960,159683.31664
DOGEUSDT,1777278900000,2026-04-27 08:35:00,2026-04-27 17:35:00,0.09791,0.09801,0.09782,0.09801,1505968,147441.04766
DOGEUSDT,1777279200000,2026-04-27 08:40:00,2026-04-27 17:40:00,0.09801,0.09801,0.0979,0.09796,2047664,200566.14144
DOGEUSDT,1777279500000,2026-04-27 08:45:00,2026-04-27 17:45:00,0.09795,0.09808,0.09795,0.098,1003797,98401.60047
DOGEUSDT,1777279800000,2026-04-27 08:50:00,2026-04-27 17:50:00,0.098,0.09803,0.09794,0.09796,1650404,161709.53911
DOGEUSDT,1777280100000,2026-04-27 08:55:00,2026-04-27 17:55:00,0.09797,0.0983,0.09796,0.09829,10092301,990315.19543
DOGEUSDT,1777280400000,2026-04-27 09:00:00,2026-04-27 18:00:00,0.09829,0.09833,0.09818,0.09832,3384907,332497.63883
DOGEUSDT,1777280700000,2026-04-27 09:05:00,2026-04-27 18:05:00,0.09832,0.09833,0.09815,0.09815,4212820,413999.62464
DOGEUSDT,1777281000000,2026-04-27 09:10:00,2026-04-27 18:10:00,0.09815,0.09822,0.09813,0.09821,1351413,132663.64418
DOGEUSDT,1777281300000,2026-04-27 09:15:00,2026-04-27 18:15:00,0.09821,0.09825,0.09806,0.0981,3340843,327802.93641
DOGEUSDT,1777281600000,2026-04-27 09:20:00,2026-04-27 18:20:00,0.09809,0.09816,0.098,0.098,2041725,200251.39894
DOGEUSDT,1777281900000,2026-04-27 09:25:00,2026-04-27 18:25:00,0.098,0.09811,0.09796,0.09808,5948419,583022.06098
DOGEUSDT,1777282200000,2026-04-27 09:30:00,2026-04-27 18:30:00,0.09808,0.0982,0.09802,0.09816,4120504,404199.07018
DOGEUSDT,1777282500000,2026-04-27 09:35:00,2026-04-27 18:35:00,0.09815,0.09831,0.09807,0.09825,9355981,919050.31896
DOGEUSDT,1777282800000,2026-04-27 09:40:00,2026-04-27 18:40:00,0.09825,0.09846,0.09825,0.09836,22771119,2240871.98353
DOGEUSDT,1777283100000,2026-04-27 09:45:00,2026-04-27 18:45:00,0.09837,0.09837,0.09808,0.09816,4531314,445005.92648
DOGEUSDT,1777283400000,2026-04-27 09:50:00,2026-04-27 18:50:00,0.09816,0.09845,0.09803,0.09841,6824352,670226.45042
DOGEUSDT,1777283700000,2026-04-27 09:55:00,2026-04-27 18:55:00,0.09842,0.09845,0.09827,0.09827,2352393,231383.81881
DOGEUSDT,1777284000000,2026-04-27 10:00:00,2026-04-27 19:00:00,0.09827,0.09844,0.0982,0.09825,8245619,810898.73701
DOGEUSDT,1777284300000,2026-04-27 10:05:00,2026-04-27 19:05:00,0.09825,0.09834,0.09821,0.0983,1410148,138576.01018
DOGEUSDT,1777284600000,2026-04-27 10:10:00,2026-04-27 19:10:00,0.09829,0.09831,0.09822,0.09827,2269940,223042.06373
DOGEUSDT,1777284900000,2026-04-27 10:15:00,2026-04-27 19:15:00,0.09827,0.09831,0.09819,0.09822,1984712,195013.46172
DOGEUSDT,1777285200000,2026-04-27 10:20:00,2026-04-27 19:20:00,0.09821,0.09822,0.09811,0.09814,838232,82282.47509
DOGEUSDT,1777285500000,2026-04-27 10:25:00,2026-04-27 19:25:00,0.09814,0.09815,0.09806,0.0981,1333466,130811.32125
DOGEUSDT,1777285800000,2026-04-27 10:30:00,2026-04-27 19:30:00,0.0981,0.09821,0.09808,0.09815,1341479,131649.05769
DOGEUSDT,1777286100000,2026-04-27 10:35:00,2026-04-27 19:35:00,0.09816,0.09823,0.0981,0.0982,1003103,98472.22343
DOGEUSDT,1777286400000,2026-04-27 10:40:00,2026-04-27 19:40:00,0.0982,0.09824,0.09815,0.09819,850229,83492.72717
DOGEUSDT,1777286700000,2026-04-27 10:45:00,2026-04-27 19:45:00,0.09818,0.09823,0.09818,0.09822,529740,52024.84507
DOGEUSDT,1777287000000,2026-04-27 10:50:00,2026-04-27 19:50:00,0.09822,0.09827,0.09812,0.09814,1007698,98965.72213
DOGEUSDT,1777287300000,2026-04-27 10:55:00,2026-04-27 19:55:00,0.09814,0.09814,0.09808,0.09812,761095,74671.19582
DOGEUSDT,1777287600000,2026-04-27 11:00:00,2026-04-27 20:00:00,0.09812,0.09812,0.09793,0.09794,1937323,189906.39403
DOGEUSDT,1777287900000,2026-04-27 11:05:00,2026-04-27 20:05:00,0.09794,0.09795,0.09769,0.09795,14133103,1382670.80276
DOGEUSDT,1777288200000,2026-04-27 11:10:00,2026-04-27 20:10:00,0.09794,0.09802,0.09791,0.09799,1533244,150191.20185
DOGEUSDT,1777288500000,2026-04-27 11:15:00,2026-04-27 20:15:00,0.09799,0.09808,0.09792,0.09807,1075447,105380.6163
DOGEUSDT,1777288800000,2026-04-27 11:20:00,2026-04-27 20:20:00,0.09807,0.09819,0.09806,0.09818,1320491,129552.20406
DOGEUSDT,1777289100000,2026-04-27 11:25:00,2026-04-27 20:25:00,0.09818,0.09826,0.09814,0.09814,616693,60563.10343
DOGEUSDT,1777289400000,2026-04-27 11:30:00,2026-04-27 20:30:00,0.09814,0.09823,0.09814,0.09814,1429508,140335.48674
DOGEUSDT,1777289700000,2026-04-27 11:35:00,2026-04-27 20:35:00,0.09813,0.09818,0.09809,0.09813,411342,40367.05295
DOGEUSDT,1777290000000,2026-04-27 11:40:00,2026-04-27 20:40:00,0.09813,0.09826,0.09812,0.09822,950843,93364.64201
DOGEUSDT,1777290300000,2026-04-27 11:45:00,2026-04-27 20:45:00,0.09822,0.09829,0.09821,0.09826,4453678,437583.77356
DOGEUSDT,1777290600000,2026-04-27 11:50:00,2026-04-27 20:50:00,0.09825,0.09833,0.09825,0.0983,5758179,565987.78487
DOGEUSDT,1777290900000,2026-04-27 11:55:00,2026-04-27 20:55:00,0.09829,0.09855,0.09829,0.09851,17463048,1719150.95758
DOGEUSDT,1777291200000,2026-04-27 12:00:00,2026-04-27 21:00:00,0.0985,0.09851,0.09833,0.0984,2814123,276897.83657
DOGEUSDT,1777291500000,2026-04-27 12:05:00,2026-04-27 21:05:00,0.09841,0.09843,0.09834,0.09839,1621970,159607.66558
DOGEUSDT,1777291800000,2026-04-27 12:10:00,2026-04-27 21:10:00,0.09839,0.0985,0.09831,0.09836,1908965,187844.30296
DOGEUSDT,1777292100000,2026-04-27 12:15:00,2026-04-27 21:15:00,0.09837,0.09841,0.09834,0.09834,1188925,116972.19056
DOGEUSDT,1777292400000,2026-04-27 12:20:00,2026-04-27 21:20:00,0.09834,0.09837,0.09825,0.09831,1480633,145559.37531
DOGEUSDT,1777292700000,2026-04-27 12:25:00,2026-04-27 21:25:00,0.09831,0.09835,0.09825,0.09831,841830,82737.80043
DOGEUSDT,1777293000000,2026-04-27 12:30:00,2026-04-27 21:30:00,0.0983,0.09831,0.09823,0.09823,1544737,151791.85078
DOGEUSDT,1777293300000,2026-04-27 12:35:00,2026-04-27 21:35:00,0.09824,0.09828,0.09809,0.09811,2417490,237379.03452
DOGEUSDT,1777293600000,2026-04-27 12:40:00,2026-04-27 21:40:00,0.09812,0.09828,0.09812,0.09825,1240976,121852.99661
DOGEUSDT,1777293900000,2026-04-27 12:45:00,2026-04-27 21:45:00,0.09825,0.09828,0.09812,0.09828,3644414,357821.33129
DOGEUSDT,1777294200000,2026-04-27 12:50:00,2026-04-27 21:50:00,0.09827,0.09833,0.09816,0.09816,1078799,106003.62485
DOGEUSDT,1777294500000,2026-04-27 12:55:00,2026-04-27 21:55:00,0.09817,0.09821,0.0981,0.09815,682358,66980.66645
DOGEUSDT,1777294800000,2026-04-27 13:00:00,2026-04-27 22:00:00,0.09816,0.09824,0.09811,0.09816,1003537,98511.00241
DOGEUSDT,1777295100000,2026-04-27 13:05:00,2026-04-27 22:05:00,0.09817,0.0982,0.09813,0.0982,833746,81837.59068
DOGEUSDT,1777295400000,2026-04-27 13:10:00,2026-04-27 22:10:00,0.0982,0.09826,0.09817,0.09817,553202,54326.91655
DOGEUSDT,1777295700000,2026-04-27 13:15:00,2026-04-27 22:15:00,0.09816,0.09822,0.09814,0.09815,375463,36862.80568
DOGEUSDT,1777296000000,2026-04-27 13:20:00,2026-04-27 22:20:00,0.09815,0.09818,0.09815,0.09817,1419235,139315.31082
DOGEUSDT,1777296300000,2026-04-27 13:25:00,2026-04-27 22:25:00,0.09816,0.09816,0.09807,0.09816,1668305,163693.30934
DOGEUSDT,1777296600000,2026-04-27 13:30:00,2026-04-27 22:30:00,0.09816,0.09828,0.09807,0.09822,8870634,871240.911
DOGEUSDT,1777296900000,2026-04-27 13:35:00,2026-04-27 22:35:00,0.09821,0.09849,0.09818,0.09848,3127771,307685.78792
DOGEUSDT,1777297200000,2026-04-27 13:40:00,2026-04-27 22:40:00,0.09847,0.09851,0.09829,0.09838,1545324,152098.88914
DOGEUSDT,1777297500000,2026-04-27 13:45:00,2026-04-27 22:45:00,0.09838,0.09843,0.09799,0.09803,5414222,531261.75944
DOGEUSDT,1777297800000,2026-04-27 13:50:00,2026-04-27 22:50:00,0.09803,0.09824,0.0979,0.09823,2025860,198574.19524
DOGEUSDT,1777298100000,2026-04-27 13:55:00,2026-04-27 22:55:00,0.09823,0.09824,0.09811,0.09818,1206610,118456.77631
DOGEUSDT,1777298400000,2026-04-27 14:00:00,2026-04-27 23:00:00,0.09817,0.09835,0.09811,0.09818,7990049,785185.75907
DOGEUSDT,1777298700000,2026-04-27 14:05:00,2026-04-27 23:05:00,0.09819,0.09843,0.09812,0.09819,1867402,183510.40777
DOGEUSDT,1777299000000,2026-04-27 14:10:00,2026-04-27 23:10:00,0.09819,0.09831,0.09811,0.09825,1459693,143349.15062
DOGEUSDT,1777299300000,2026-04-27 14:15:00,2026-04-27 23:15:00,0.09826,0.09846,0.09813,0.0984,3800926,373679.20252
DOGEUSDT,1777299600000,2026-04-27 14:20:00,2026-04-27 23:20:00,0.0984,0.0986,0.09835,0.09857,2642708,260151.68986
DOGEUSDT,1777299900000,2026-04-27 14:25:00,2026-04-27 23:25:00,0.09858,0.09858,0.09841,0.09843,2258074,222406.3416
DOGEUSDT,1777300200000,2026-04-27 14:30:00,2026-04-27 23:30:00,0.09843,0.09857,0.09837,0.09855,657964,64793.96273
DOGEUSDT,1777300500000,2026-04-27 14:35:00,2026-04-27 23:35:00,0.09856,0.09917,0.09855,0.09912,17817211,1764553.82721
DOGEUSDT,1777300800000,2026-04-27 14:40:00,2026-04-27 23:40:00,0.09912,0.09925,0.09896,0.0991,9014434,893536.4286
DOGEUSDT,1777301100000,2026-04-27 14:45:00,2026-04-27 23:45:00,0.09909,0.09916,0.09893,0.09915,3159720,312987.83527
DOGEUSDT,1777301400000,2026-04-27 14:50:00,2026-04-27 23:50:00,0.09915,0.09921,0.09869,0.09883,2651816,262433.77373
DOGEUSDT,1777301700000,2026-04-27 14:55:00,2026-04-27 23:55:00,0.09883,0.09884,0.09864,0.09879,6878995,679104.91632
DOGEUSDT,1777302000000,2026-04-27 15:00:00,2026-04-28 00:00:00,0.09879,0.09881,0.09815,0.0982,5547375,546243.32047
DOGEUSDT,1777302300000,2026-04-27 15:05:00,2026-04-28 00:05:00,0.09819,0.0984,0.0981,0.09825,9793474,962106.52974
DOGEUSDT,1777302600000,2026-04-27 15:10:00,2026-04-28 00:10:00,0.09825,0.09843,0.09812,0.09815,5797956,570054.94806
DOGEUSDT,1777302900000,2026-04-27 15:15:00,2026-04-28 00:15:00,0.09815,0.09815,0.09736,0.09744,17537039,1713253.07397
DOGEUSDT,1777303200000,2026-04-27 15:20:00,2026-04-28 00:20:00,0.09745,0.09765,0.097,0.09712,37465287,3643886.28917
DOGEUSDT,1777303500000,2026-04-27 15:25:00,2026-04-28 00:25:00,0.09713,0.09749,0.09694,0.09748,10898037,1058545.33942
DOGEUSDT,1777303800000,2026-04-27 15:30:00,2026-04-28 00:30:00,0.09749,0.0977,0.09742,0.09761,5445914,531354.69203
DOGEUSDT,1777304100000,2026-04-27 15:35:00,2026-04-28 00:35:00,0.0976,0.0976,0.09739,0.0974,2477294,241492.64217
DOGEUSDT,1777304400000,2026-04-27 15:40:00,2026-04-28 00:40:00,0.09739,0.0975,0.09732,0.09742,2808916,273601.06827
DOGEUSDT,1777304700000,2026-04-27 15:45:00,2026-04-28 00:45:00,0.09742,0.09744,0.09708,0.09708,2232980,217244.69467
DOGEUSDT,1777305000000,2026-04-27 15:50:00,2026-04-28 00:50:00,0.09709,0.09724,0.09702,0.09721,4541519,441188.65576
DOGEUSDT,1777305300000,2026-04-27 15:55:00,2026-04-28 00:55:00,0.0972,0.09723,0.09706,0.09722,2122202,206114.38099
DOGEUSDT,1777305600000,2026-04-27 16:00:00,2026-04-28 01:00:00,0.09723,0.09725,0.09707,0.09724,5126524,498010.03756
DOGEUSDT,1777305900000,2026-04-27 16:05:00,2026-04-28 01:05:00,0.09724,0.09739,0.09721,0.09737,2811682,273594.00592
DOGEUSDT,1777306200000,2026-04-27 16:10:00,2026-04-28 01:10:00,0.09737,0.09743,0.09733,0.09741,1444511,140679.11811
DOGEUSDT,1777306500000,2026-04-27 16:15:00,2026-04-28 01:15:00,0.0974,0.09792,0.0974,0.0977,14396959,1405797.51526
DOGEUSDT,1777306800000,2026-04-27 16:20:00,2026-04-28 01:20:00,0.09769,0.09775,0.0975,0.0975,2292814,223877.00628
DOGEUSDT,1777307100000,2026-04-27 16:25:00,2026-04-28 01:25:00,0.0975,0.09759,0.09739,0.0974,1165608,113651.09332
DOGEUSDT,1777307400000,2026-04-27 16:30:00,2026-04-28 01:30:00,0.09739,0.09752,0.09739,0.09748,3112096,303318.83168
DOGEUSDT,1777307700000,2026-04-27 16:35:00,2026-04-28 01:35:00,0.09747,0.09755,0.09734,0.09748,1361038,132584.65113
DOGEUSDT,1777308000000,2026-04-27 16:40:00,2026-04-28 01:40:00,0.09748,0.09748,0.09736,0.09737,856253,83404.4809
DOGEUSDT,1777308300000,2026-04-27 16:45:00,2026-04-28 01:45:00,0.09736,0.09745,0.09734,0.0974,1217766,118604.56882
DOGEUSDT,1777308600000,2026-04-27 16:50:00,2026-04-28 01:50:00,0.0974,0.09749,0.09739,0.09742,689388,67169.82819
DOGEUSDT,1777308900000,2026-04-27 16:55:00,2026-04-28 01:55:00,0.09742,0.09749,0.09735,0.09749,909898,88650.82315
DOGEUSDT,1777309200000,2026-04-27 17:00:00,2026-04-28 02:00:00,0.09749,0.09775,0.09749,0.09772,1025735,100171.87039
DOGEUSDT,1777309500000,2026-04-27 17:05:00,2026-04-28 02:05:00,0.09771,0.09773,0.09758,0.09764,1005551,98205.96603
DOGEUSDT,1777309800000,2026-04-27 17:10:00,2026-04-28 02:10:00,0.09763,0.09769,0.09757,0.09765,504103,49220.44798
DOGEUSDT,1777310100000,2026-04-27 17:15:00,2026-04-28 02:15:00,0.09766,0.0977,0.09757,0.09767,631697,61678.18896
DOGEUSDT,1777310400000,2026-04-27 17:20:00,2026-04-28 02:20:00,0.09767,0.09786,0.09761,0.09782,2742403,268054.20683
DOGEUSDT,1777310700000,2026-04-27 17:25:00,2026-04-28 02:25:00,0.09782,0.098,0.09782,0.09788,1500050,146901.6942
DOGEUSDT,1777311000000,2026-04-27 17:30:00,2026-04-28 02:30:00,0.09787,0.098,0.09787,0.09791,1007823,98697.46088
DOGEUSDT,1777311300000,2026-04-27 17:35:00,2026-04-28 02:35:00,0.09791,0.09794,0.09784,0.09784,1065756,104316.17704
DOGEUSDT,1777311600000,2026-04-27 17:40:00,2026-04-28 02:40:00,0.09785,0.09799,0.09774,0.09796,2186656,213873.25555
DOGEUSDT,1777311900000,2026-04-27 17:45:00,2026-04-28 02:45:00,0.09797,0.098,0.09789,0.0979,710635,69613.78518
DOGEUSDT,1777312200000,2026-04-27 17:50:00,2026-04-28 02:50:00,0.0979,0.0979,0.09775,0.09778,1173178,114722.52688
DOGEUSDT,1777312500000,2026-04-27 17:55:00,2026-04-28 02:55:00,0.09779,0.09784,0.09775,0.09776,1141823,111644.96054
DOGEUSDT,1777312800000,2026-04-27 18:00:00,2026-04-28 03:00:00,0.09775,0.09782,0.09769,0.09778,738526,72187.11693
DOGEUSDT,1777313100000,2026-04-27 18:05:00,2026-04-28 03:05:00,0.09778,0.09783,0.09768,0.09768,773065,75559.65898
DOGEUSDT,1777313400000,2026-04-27 18:10:00,2026-04-28 03:10:00,0.09769,0.09779,0.09768,0.09776,743068,72620.84488
DOGEUSDT,1777313700000,2026-04-27 18:15:00,2026-04-28 03:15:00,0.09776,0.09813,0.09776,0.09798,2362164,231462.44024
DOGEUSDT,1777314000000,2026-04-27 18:20:00,2026-04-28 03:20:00,0.09799,0.0981,0.09797,0.09805,606965,59508.48826
DOGEUSDT,1777314300000,2026-04-27 18:25:00,2026-04-28 03:25:00,0.09804,0.09804,0.09782,0.09789,854831,83707.5523
DOGEUSDT,1777314600000,2026-04-27 18:30:00,2026-04-28 03:30:00,0.09788,0.09802,0.09785,0.09799,682150,66819.76239
DOGEUSDT,1777314900000,2026-04-27 18:35:00,2026-04-28 03:35:00,0.09799,0.09803,0.09795,0.09797,974606,95511.81323
DOGEUSDT,1777315200000,2026-04-27 18:40:00,2026-04-28 03:40:00,0.09796,0.09798,0.09788,0.09793,1415050,138578.54259
DOGEUSDT,1777315500000,2026-04-27 18:45:00,2026-04-28 03:45:00,0.09793,0.09801,0.09787,0.09792,767682,75172.25566
DOGEUSDT,1777315800000,2026-04-27 18:50:00,2026-04-28 03:50:00,0.09792,0.09793,0.09788,0.09789,727724,71247.11077
DOGEUSDT,1777316100000,2026-04-27 18:55:00,2026-04-28 03:55:00,0.09789,0.09794,0.09782,0.09782,544727,53328.21542
DOGEUSDT,1777316400000,2026-04-27 19:00:00,2026-04-28 04:00:00,0.09782,0.09791,0.09781,0.09785,731150,71552.36867
DOGEUSDT,1777316700000,2026-04-27 19:05:00,2026-04-28 04:05:00,0.09786,0.09786,0.09778,0.09786,293850,28747.43732
DOGEUSDT,1777317000000,2026-04-27 19:10:00,2026-04-28 04:10:00,0.09785,0.0981,0.09782,0.09806,4022912,394350.97033
DOGEUSDT,1777317300000,2026-04-27 19:15:00,2026-04-28 04:15:00,0.09806,0.09808,0.09796,0.09797,818101,80201.72181
DOGEUSDT,1777317600000,2026-04-27 19:20:00,2026-04-28 04:20:00,0.09797,0.09798,0.09783,0.09783,799019,78236.70264
DOGEUSDT,1777317900000,2026-04-27 19:25:00,2026-04-28 04:25:00,0.09784,0.09784,0.09757,0.09758,2723611,266095.03319
DOGEUSDT,1777318200000,2026-04-27 19:30:00,2026-04-28 04:30:00,0.09758,0.09773,0.0974,0.09772,2889454,281767.05136
DOGEUSDT,1777318500000,2026-04-27 19:35:00,2026-04-28 04:35:00,0.09772,0.09779,0.0977,0.09774,635504,62114.58756
DOGEUSDT,1777318800000,2026-04-27 19:40:00,2026-04-28 04:40:00,0.09774,0.09783,0.09772,0.09779,941912,92096.35372
DOGEUSDT,1777319100000,2026-04-27 19:45:00,2026-04-28 04:45:00,0.09779,0.09786,0.09777,0.09785,374437,36625.98073
DOGEUSDT,1777319400000,2026-04-27 19:50:00,2026-04-28 04:50:00,0.09786,0.09786,0.0978,0.09782,284453,27828.55463
DOGEUSDT,1777319700000,2026-04-27 19:55:00,2026-04-28 04:55:00,0.09783,0.09786,0.09781,0.09786,442366,43278.21691
DOGEUSDT,1777320000000,2026-04-27 20:00:00,2026-04-28 05:00:00,0.09785,0.09801,0.09785,0.098,828150,81116.93913
DOGEUSDT,1777320300000,2026-04-27 20:05:00,2026-04-28 05:05:00,0.098,0.09809,0.09791,0.09796,1438005,140904.01262
DOGEUSDT,1777320600000,2026-04-27 20:10:00,2026-04-28 05:10:00,0.09797,0.09805,0.09793,0.09795,581208,56955.07752
DOGEUSDT,1777320900000,2026-04-27 20:15:00,2026-04-28 05:15:00,0.09794,0.09807,0.09794,0.09802,1082121,106080.46088
DOGEUSDT,1777321200000,2026-04-27 20:20:00,2026-04-28 05:20:00,0.09802,0.09806,0.09797,0.09806,380444,37291.91002
DOGEUSDT,1777321500000,2026-04-27 20:25:00,2026-04-28 05:25:00,0.09805,0.09806,0.09799,0.09801,345677,33879.86992
DOGEUSDT,1777321800000,2026-04-27 20:30:00,2026-04-28 05:30:00,0.09801,0.09809,0.098,0.09804,408537,40059.62663
DOGEUSDT,1777322100000,2026-04-27 20:35:00,2026-04-28 05:35:00,0.09805,0.09815,0.09803,0.09809,1451990,142443.99822
DOGEUSDT,1777322400000,2026-04-27 20:40:00,2026-04-28 05:40:00,0.0981,0.09815,0.09804,0.09813,578448,56741.00034
DOGEUSDT,1777322700000,2026-04-27 20:45:00,2026-04-28 05:45:00,0.09812,0.09814,0.09803,0.09805,467818,45882.66161
DOGEUSDT,1777323000000,2026-04-27 20:50:00,2026-04-28 05:50:00,0.09805,0.09807,0.098,0.09802,974016,95488.27239
DOGEUSDT,1777323300000,2026-04-27 20:55:00,2026-04-28 05:55:00,0.09801,0.09814,0.098,0.09807,729207,71525.86154
DOGEUSDT,1777323600000,2026-04-27 21:00:00,2026-04-28 06:00:00,0.09807,0.09807,0.09796,0.09799,600330,58846.74675
DOGEUSDT,1777323900000,2026-04-27 21:05:00,2026-04-28 06:05:00,0.098,0.09801,0.09797,0.09797,335289,32857.44408
DOGEUSDT,1777324200000,2026-04-27 21:10:00,2026-04-28 06:10:00,0.09797,0.09803,0.09792,0.09798,1130380,110728.48319
DOGEUSDT,1777324500000,2026-04-27 21:15:00,2026-04-28 06:15:00,0.09798,0.09804,0.09793,0.09794,1049550,102823.49184
DOGEUSDT,1777324800000,2026-04-27 21:20:00,2026-04-28 06:20:00,0.09794,0.09806,0.09793,0.098,881723,86418.89217
DOGEUSDT,1777325100000,2026-04-27 21:25:00,2026-04-28 06:25:00,0.09799,0.09814,0.09797,0.09808,923498,90571.57221
DOGEUSDT,1777325400000,2026-04-27 21:30:00,2026-04-28 06:30:00,0.09809,0.09825,0.09808,0.09821,1772989,174071.0346
DOGEUSDT,1777325700000,2026-04-27 21:35:00,2026-04-28 06:35:00,0.0982,0.09827,0.09817,0.09819,1147185,112687.362
DOGEUSDT,1777326000000,2026-04-27 21:40:00,2026-04-28 06:40:00,0.0982,0.09825,0.0981,0.0981,532660,52293.66649
DOGEUSDT,1777326300000,2026-04-27 21:45:00,2026-04-28 06:45:00,0.0981,0.09811,0.09802,0.09808,604230,59257.38769
DOGEUSDT,1777326600000,2026-04-27 21:50:00,2026-04-28 06:50:00,0.09807,0.0981,0.098,0.098,358568,35166.18415
DOGEUSDT,1777326900000,2026-04-27 21:55:00,2026-04-28 06:55:00,0.09801,0.09803,0.09793,0.09797,687428,67347.24803
DOGEUSDT,1777327200000,2026-04-27 22:00:00,2026-04-28 07:00:00,0.09798,0.09804,0.09794,0.098,1026127,100535.14951
DOGEUSDT,1777327500000,2026-04-27 22:05:00,2026-04-28 07:05:00,0.09801,0.09823,0.09796,0.09816,1022521,100333.52513
DOGEUSDT,1777327800000,2026-04-27 22:10:00,2026-04-28 07:10:00,0.09816,0.09824,0.09815,0.09821,711483,69869.32573
DOGEUSDT,1777328100000,2026-04-27 22:15:00,2026-04-28 07:15:00,0.0982,0.0983,0.09819,0.09827,713921,70155.69492
DOGEUSDT,1777328400000,2026-04-27 22:20:00,2026-04-28 07:20:00,0.09826,0.0983,0.09823,0.09829,732771,72014.2432
DOGEUSDT,1777328700000,2026-04-27 22:25:00,2026-04-28 07:25:00,0.09828,0.09846,0.09828,0.09845,1776764,174724.77853
DOGEUSDT,1777329000000,2026-04-27 22:30:00,2026-04-28 07:30:00,0.09846,0.09872,0.09846,0.0986,7319679,721963.40558
DOGEUSDT,1777329300000,2026-04-27 22:35:00,2026-04-28 07:35:00,0.09861,0.09871,0.0986,0.09866,1488289,146820.2551
DOGEUSDT,1777329600000,2026-04-27 22:40:00,2026-04-28 07:40:00,0.09867,0.09867,0.09849,0.09849,1190619,117363.61428
DOGEUSDT,1777329900000,2026-04-27 22:45:00,2026-04-28 07:45:00,0.09849,0.09862,0.09849,0.09859,596410,58785.71242
DOGEUSDT,1777330200000,2026-04-27 22:50:00,2026-04-28 07:50:00,0.09859,0.0987,0.09858,0.09868,618074,60962.38605
DOGEUSDT,1777330500000,2026-04-27 22:55:00,2026-04-28 07:55:00,0.09869,0.09876,0.09866,0.09876,961611,94932.63822
DOGEUSDT,1777330800000,2026-04-27 23:00:00,2026-04-28 08:00:00,0.09876,0.09888,0.09863,0.09869,1461255,144347.6713
DOGEUSDT,1777331100000,2026-04-27 23:05:00,2026-04-28 08:05:00,0.09868,0.09874,0.09864,0.09864,1417213,139879.49535
DOGEUSDT,1777331400000,2026-04-27 23:10:00,2026-04-28 08:10:00,0.09865,0.09875,0.09865,0.09868,685343,67651.69426
DOGEUSDT,1777331700000,2026-04-27 23:15:00,2026-04-28 08:15:00,0.09869,0.09898,0.09868,0.09889,1626430,160817.12486
DOGEUSDT,1777332000000,2026-04-27 23:20:00,2026-04-28 08:20:00,0.09889,0.0991,0.09885,0.09895,5743205,568586.10583
DOGEUSDT,1777332300000,2026-04-27 23:25:00,2026-04-28 08:25:00,0.09896,0.09904,0.09894,0.09898,1137542,112608.38261
DOGEUSDT,1777332600000,2026-04-27 23:30:00,2026-04-28 08:30:00,0.09899,0.09907,0.09891,0.09896,2046583,202650.27598
DOGEUSDT,1777332900000,2026-04-27 23:35:00,2026-04-28 08:35:00,0.09896,0.099,0.0989,0.09896,751980,74410.10881
DOGEUSDT,1777333200000,2026-04-27 23:40:00,2026-04-28 08:40:00,0.09897,0.09905,0.09892,0.09897,1555428,153946.26204
DOGEUSDT,1777333500000,2026-04-27 23:45:00,2026-04-28 08:45:00,0.09897,0.09897,0.09883,0.0989,1012819,100145.59004
DOGEUSDT,1777333800000,2026-04-27 23:50:00,2026-04-28 08:50:00,0.09889,0.09904,0.09883,0.09904,1575371,155848.22222
DOGEUSDT,1777334100000,2026-04-27 23:55:00,2026-04-28 08:55:00,0.09905,0.09909,0.09893,0.09895,1085024,107417.82724
DOGEUSDT,1777334400000,2026-04-28 00:00:00,2026-04-28 09:00:00,0.09894,0.09897,0.09881,0.09885,3254156,321807.0388
DOGEUSDT,1777334700000,2026-04-28 00:05:00,2026-04-28 09:05:00,0.09884,0.09903,0.0988,0.09896,1048232,103709.94976
DOGEUSDT,1777335000000,2026-04-28 00:10:00,2026-04-28 09:10:00,0.09897,0.09904,0.09886,0.0989,1107301,109590.43019
DOGEUSDT,1777335300000,2026-04-28 00:15:00,2026-04-28 09:15:00,0.09889,0.09893,0.09875,0.09875,983805,97255.66742
DOGEUSDT,1777335600000,2026-04-28 00:20:00,2026-04-28 09:20:00,0.09875,0.09881,0.09869,0.09869,891906,88071.83969
DOGEUSDT,1777335900000,2026-04-28 00:25:00,2026-04-28 09:25:00,0.09869,0.09875,0.09861,0.09869,1696190,167340.16002
DOGEUSDT,1777336200000,2026-04-28 00:30:00,2026-04-28 09:30:00,0.09869,0.09877,0.09864,0.09865,1499130,147990.32141
DOGEUSDT,1777336500000,2026-04-28 00:35:00,2026-04-28 09:35:00,0.09865,0.09892,0.09865,0.09881,2042951,201865.58329
DOGEUSDT,1777336800000,2026-04-28 00:40:00,2026-04-28 09:40:00,0.0988,0.09893,0.0988,0.09887,1478570,146167.42184
DOGEUSDT,1777337100000,2026-04-28 00:45:00,2026-04-28 09:45:00,0.09887,0.09914,0.09886,0.09912,2562744,253842.55809
DOGEUSDT,1777337400000,2026-04-28 00:50:00,2026-04-28 09:50:00,0.09911,0.09916,0.099,0.09904,2418323,239643.87148
DOGEUSDT,1777337700000,2026-04-28 00:55:00,2026-04-28 09:55:00,0.09905,0.09924,0.09897,0.09897,5047301,500321.42016
DOGEUSDT,1777338000000,2026-04-28 01:00:00,2026-04-28 10:00:00,0.09896,0.09899,0.09891,0.09899,1509319,149350.99246
DOGEUSDT,1777338300000,2026-04-28 01:05:00,2026-04-28 10:05:00,0.09899,0.09912,0.09896,0.09912,812187,80435.79287
DOGEUSDT,1777338600000,2026-04-28 01:10:00,2026-04-28 10:10:00,0.09912,0.09946,0.09909,0.09939,17272301,1715482.07193
DOGEUSDT,1777338900000,2026-04-28 01:15:00,2026-04-28 10:15:00,0.0994,0.0994,0.09915,0.09918,5049699,501389.31451
DOGEUSDT,1777339200000,2026-04-28 01:20:00,2026-04-28 10:20:00,0.09918,0.09932,0.09913,0.0993,2007444,199271.64608
DOGEUSDT,1777339500000,2026-04-28 01:25:00,2026-04-28 10:25:00,0.09931,0.0994,0.09928,0.09933,6273673,623052.03653
DOGEUSDT,1777339800000,2026-04-28 01:30:00,2026-04-28 10:30:00,0.09933,0.09933,0.09902,0.09914,6098089,604558.63803
DOGEUSDT,1777340100000,2026-04-28 01:35:00,2026-04-28 10:35:00,0.09913,0.09928,0.09913,0.09921,2764103,274275.47752
DOGEUSDT,1777340400000,2026-04-28 01:40:00,2026-04-28 10:40:00,0.09922,0.0994,0.09916,0.09918,3463240,343881.84095
DOGEUSDT,1777340700000,2026-04-28 01:45:00,2026-04-28 10:45:00,0.09918,0.09928,0.09904,0.09924,2229812,221046.28482
DOGEUSDT,1777341000000,2026-04-28 01:50:00,2026-04-28 10:50:00,0.09924,0.09931,0.09916,0.0993,1428276,141741.39186
DOGEUSDT,1777341300000,2026-04-28 01:55:00,2026-04-28 10:55:00,0.09931,0.09937,0.09921,0.09921,1946025,193208.88762
DOGEUSDT,1777341600000,2026-04-28 02:00:00,2026-04-28 11:00:00,0.09922,0.09951,0.09916,0.09944,12918552,1283999.21505
DOGEUSDT,1777341900000,2026-04-28 02:05:00,2026-04-28 11:05:00,0.09944,0.09955,0.0993,0.09932,3067265,304961.921
DOGEUSDT,1777342200000,2026-04-28 02:10:00,2026-04-28 11:10:00,0.09932,0.09943,0.0993,0.0994,1921349,190953.17922
DOGEUSDT,1777342500000,2026-04-28 02:15:00,2026-04-28 11:15:00,0.0994,0.09945,0.09928,0.09943,1532401,152266.73722
DOGEUSDT,1777342800000,2026-04-28 02:20:00,2026-04-28 11:20:00,0.09942,0.09943,0.09924,0.0993,1489405,147989.09469
DOGEUSDT,1777343100000,2026-04-28 02:25:00,2026-04-28 11:25:00,0.09931,0.09934,0.0992,0.09926,2622025,260295.77862
DOGEUSDT,1777343400000,2026-04-28 02:30:00,2026-04-28 11:30:00,0.09925,0.09933,0.09914,0.09923,2790118,276878.90969
DOGEUSDT,1777343700000,2026-04-28 02:35:00,2026-04-28 11:35:00,0.09923,0.09925,0.09879,0.09882,15404302,1524339.04007
DOGEUSDT,1777344000000,2026-04-28 02:40:00,2026-04-28 11:40:00,0.09881,0.09905,0.09881,0.09888,7058003,698133.56096
DOGEUSDT,1777344300000,2026-04-28 02:45:00,2026-04-28 11:45:00,0.09888,0.09903,0.09883,0.09902,2957124,292579.64696
DOGEUSDT,1777344600000,2026-04-28 02:50:00,2026-04-28 11:50:00,0.09902,0.0993,0.09902,0.09918,2069392,205322.87005
DOGEUSDT,1777344900000,2026-04-28 02:55:00,2026-04-28 11:55:00,0.09918,0.09921,0.09911,0.09918,1628413,161460.32187
DOGEUSDT,1777345200000,2026-04-28 03:00:00,2026-04-28 12:00:00,0.09917,0.0993,0.09915,0.09927,2647805,262714.52163
DOGEUSDT,1777345500000,2026-04-28 03:05:00,2026-04-28 12:05:00,0.09927,0.09937,0.09905,0.09911,4547895,451059.78555
DOGEUSDT,1777345800000,2026-04-28 03:10:00,2026-04-28 12:10:00,0.09911,0.09922,0.09911,0.09917,1063434,105475.76401
DOGEUSDT,1777346100000,2026-04-28 03:15:00,2026-04-28 12:15:00,0.09916,0.09916,0.09898,0.09901,2504785,248096.57707
DOGEUSDT,1777346400000,2026-04-28 03:20:00,2026-04-28 12:20:00,0.099,0.09921,0.099,0.09911,7929114,786036.10693
DOGEUSDT,1777346700000,2026-04-28 03:25:00,2026-04-28 12:25:00,0.09911,0.0992,0.09906,0.09912,6196150,614057.6579
DOGEUSDT,1777347000000,2026-04-28 03:30:00,2026-04-28 12:30:00,0.09913,0.09926,0.09907,0.0992,2523656,250202.02668
DOGEUSDT,1777347300000,2026-04-28 03:35:00,2026-04-28 12:35:00,0.0992,0.09925,0.09911,0.09911,1548456,153578.7826
DOGEUSDT,1777347600000,2026-04-28 03:40:00,2026-04-28 12:40:00,0.0991,0.0991,0.09904,0.09906,1001481,99220.29551
DOGEUSDT,1777347900000,2026-04-28 03:45:00,2026-04-28 12:45:00,0.09905,0.09924,0.099,0.09924,2133229,211434.61476
DOGEUSDT,1777348200000,2026-04-28 03:50:00,2026-04-28 12:50:00,0.09924,0.09947,0.0992,0.09936,16901966,1678983.58581
DOGEUSDT,1777348500000,2026-04-28 03:55:00,2026-04-28 12:55:00,0.09937,0.0994,0.09931,0.09934,2317169,230242.7733
DOGEUSDT,1777348800000,2026-04-28 04:00:00,2026-04-28 13:00:00,0.09935,0.09954,0.09931,0.09952,3135317,311686.48105
DOGEUSDT,1777349100000,2026-04-28 04:05:00,2026-04-28 13:05:00,0.09953,0.09977,0.09943,0.09969,13906499,1385612.14909
DOGEUSDT,1777349400000,2026-04-28 04:10:00,2026-04-28 13:10:00,0.09969,0.10011,0.09966,0.10007,32129948,3209180.63713
DOGEUSDT,1777349700000,2026-04-28 04:15:00,2026-04-28 13:15:00,0.10007,0.10103,0.10007,0.10019,73330308,7369798.50711
DOGEUSDT,1777350000000,2026-04-28 04:20:00,2026-04-28 13:20:00,0.10019,0.10029,0.09965,0.0998,14392639,1439790.66524
DOGEUSDT,1777350300000,2026-04-28 04:25:00,2026-04-28 13:25:00,0.09979,0.09979,0.09943,0.09967,9090010,905586.23075
DOGEUSDT,1777350600000,2026-04-28 04:30:00,2026-04-28 13:30:00,0.09966,0.09975,0.09955,0.09962,5024709,500643.17812
DOGEUSDT,1777350900000,2026-04-28 04:35:00,2026-04-28 13:35:00,0.09962,0.09963,0.09943,0.09949,3914322,389434.53077
DOGEUSDT,1777351200000,2026-04-28 04:40:00,2026-04-28 13:40:00,0.09948,0.09963,0.09945,0.0995,3890294,387175.92501
DOGEUSDT,1777351500000,2026-04-28 04:45:00,2026-04-28 13:45:00,0.0995,0.09977,0.09946,0.09975,2719685,270936.14574
DOGEUSDT,1777351800000,2026-04-28 04:50:00,2026-04-28 13:50:00,0.09974,0.09988,0.09967,0.09978,3783987,377550.02406
DOGEUSDT,1777352100000,2026-04-28 04:55:00,2026-04-28 13:55:00,0.09977,0.09978,0.09964,0.09965,1218696,121511.37552
DOGEUSDT,1777352400000,2026-04-28 05:00:00,2026-04-28 14:00:00,0.09964,0.09997,0.09964,0.09994,9126933,911388.09544
DOGEUSDT,1777352700000,2026-04-28 05:05:00,2026-04-28 14:05:00,0.09993,0.10029,0.09993,0.10011,11442352,1145432.01636
DOGEUSDT,1777353000000,2026-04-28 05:10:00,2026-04-28 14:10:00,0.1001,0.10011,0.09979,0.09986,19919931,1990866.58914
DOGEUSDT,1777353300000,2026-04-28 05:15:00,2026-04-28 14:15:00,0.09986,0.1001,0.09981,0.09998,4671097,467031.03203
DOGEUSDT,1777353600000,2026-04-28 05:20:00,2026-04-28 14:20:00,0.09998,0.10032,0.09962,0.10024,11170295,1116585.17643
DOGEUSDT,1777353900000,2026-04-28 05:25:00,2026-04-28 14:25:00,0.10024,0.1005,0.10008,0.1002,14166534,1421052.97196
DOGEUSDT,1777354200000,2026-04-28 05:30:00,2026-04-28 14:30:00,0.10021,0.10055,0.10013,0.10032,12030822,1207824.24145
DOGEUSDT,1777354500000,2026-04-28 05:35:00,2026-04-28 14:35:00,0.10033,0.10036,0.10016,0.10019,4199580,421106.1259
DOGEUSDT,1777354800000,2026-04-28 05:40:00,2026-04-28 14:40:00,0.10019,0.10022,0.09997,0.10004,5449649,545426.81293
DOGEUSDT,1777355100000,2026-04-28 05:45:00,2026-04-28 14:45:00,0.10004,0.10014,0.09992,0.10001,3656718,365818.19942
DOGEUSDT,1777355400000,2026-04-28 05:50:00,2026-04-28 14:50:00,0.10001,0.10015,0.10001,0.10012,2875923,287849.40026
DOGEUSDT,1777355700000,2026-04-28 05:55:00,2026-04-28 14:55:00,0.10012,0.10031,0.10008,0.10028,6783099,679604.25289
DOGEUSDT,1777356000000,2026-04-28 06:00:00,2026-04-28 15:00:00,0.10029,0.1004,0.10012,0.10022,3829443,384077.80853
DOGEUSDT,1777356300000,2026-04-28 06:05:00,2026-04-28 15:05:00,0.10023,0.10047,0.10021,0.10036,5140644,515953.1416
DOGEUSDT,1777356600000,2026-04-28 06:10:00,2026-04-28 15:10:00,0.10037,0.10038,0.10014,0.10017,2666869,267396.17809
DOGEUSDT,1777356900000,2026-04-28 06:15:00,2026-04-28 15:15:00,0.10017,0.10027,0.10012,0.10022,3019608,302601.12026
DOGEUSDT,1777357200000,2026-04-28 06:20:00,2026-04-28 15:20:00,0.10021,0.10025,0.09988,0.09998,7544733,754412.67336
DOGEUSDT,1777357500000,2026-04-28 06:25:00,2026-04-28 15:25:00,0.09998,0.10008,0.09987,0.10008,5445801,544297.23487
DOGEUSDT,1777357800000,2026-04-28 06:30:00,2026-04-28 15:30:00,0.10008,0.10022,0.09985,0.10016,9607289,961085.50942
DOGEUSDT,1777358100000,2026-04-28 06:35:00,2026-04-28 15:35:00,0.10016,0.10016,0.09988,0.09991,3729121,372983.80248
DOGEUSDT,1777358400000,2026-04-28 06:40:00,2026-04-28 15:40:00,0.0999,0.09991,0.09916,0.09917,17733723,1764243.29762
DOGEUSDT,1777358700000,2026-04-28 06:45:00,2026-04-28 15:45:00,0.09918,0.09947,0.09911,0.09943,5073513,504024.10436
DOGEUSDT,1777359000000,2026-04-28 06:50:00,2026-04-28 15:50:00,0.09942,0.09963,0.09942,0.09948,2356015,234488.62577
DOGEUSDT,1777359300000,2026-04-28 06:55:00,2026-04-28 15:55:00,0.09947,0.09961,0.09945,0.09953,1206082,120032.41269
DOGEUSDT,1777359600000,2026-04-28 07:00:00,2026-04-28 16:00:00,0.09953,0.09957,0.0994,0.09949,2570291,255693.8802
DOGEUSDT,1777359900000,2026-04-28 07:05:00,2026-04-28 16:05:00,0.0995,0.09963,0.09945,0.09952,2601856,259004.66542
DOGEUSDT,1777360200000,2026-04-28 07:10:00,2026-04-28 16:10:00,0.09952,0.09952,0.09936,0.09941,2812935,279730.37842
DOGEUSDT,1777360500000,2026-04-28 07:15:00,2026-04-28 16:15:00,0.0994,0.09942,0.09898,0.09907,5851738,580162.90084
DOGEUSDT,1777360800000,2026-04-28 07:20:00,2026-04-28 16:20:00,0.09907,0.09939,0.09902,0.09939,2425677,240716.78318
DOGEUSDT,1777361100000,2026-04-28 07:25:00,2026-04-28 16:25:00,0.09938,0.09941,0.09924,0.09941,4172893,414419.56474
DOGEUSDT,1777361400000,2026-04-28 07:30:00,2026-04-28 16:30:00,0.09941,0.09958,0.09935,0.09951,3025066,300862.72609
DOGEUSDT,1777361700000,2026-04-28 07:35:00,2026-04-28 16:35:00,0.0995,0.09962,0.09947,0.09956,1285467,127983.26584
DOGEUSDT,1777362000000,2026-04-28 07:40:00,2026-04-28 16:40:00,0.09957,0.09974,0.09956,0.0997,2527174,251858.83904
DOGEUSDT,1777362300000,2026-04-28 07:45:00,2026-04-28 16:45:00,0.09969,0.09976,0.09959,0.09964,1913430,190732.68348
DOGEUSDT,1777362600000,2026-04-28 07:50:00,2026-04-28 16:50:00,0.09965,0.09974,0.09962,0.09966,919905,91703.1592
DOGEUSDT,1777362900000,2026-04-28 07:55:00,2026-04-28 16:55:00,0.09967,0.0997,0.09957,0.09965,1564240,155839.21416
DOGEUSDT,1777363200000,2026-04-28 08:00:00,2026-04-28 17:00:00,0.09965,0.09965,0.09941,0.09942,956658,95204.62412
DOGEUSDT,1777363500000,2026-04-28 08:05:00,2026-04-28 17:05:00,0.09941,0.0995,0.09928,0.09942,10167956,1010381.68999
DOGEUSDT,1777363800000,2026-04-28 08:10:00,2026-04-28 17:10:00,0.09942,0.09952,0.09937,0.09952,1641557,163254.12671
DOGEUSDT,1777364100000,2026-04-28 08:15:00,2026-04-28 17:15:00,0.09951,0.09994,0.09948,0.09971,3878429,386944.78686
DOGEUSDT,1777364400000,2026-04-28 08:20:00,2026-04-28 17:20:00,0.09972,0.09984,0.0997,0.0997,3107598,310056.58372
DOGEUSDT,1777364700000,2026-04-28 08:25:00,2026-04-28 17:25:00,0.0997,0.09985,0.09967,0.09983,1868373,186384.30471
DOGEUSDT,1777365000000,2026-04-28 08:30:00,2026-04-28 17:30:00,0.09984,0.09998,0.0998,0.09997,4551013,454636.29045
DOGEUSDT,1777365300000,2026-04-28 08:35:00,2026-04-28 17:35:00,0.09997,0.09997,0.09977,0.09979,1029946,102856.12521
DOGEUSDT,1777365600000,2026-04-28 08:40:00,2026-04-28 17:40:00,0.09978,0.0998,0.09959,0.0997,7257578,723465.09447
DOGEUSDT,1777365900000,2026-04-28 08:45:00,2026-04-28 17:45:00,0.0997,0.09975,0.09962,0.09968,1413480,140905.49877
DOGEUSDT,1777366200000,2026-04-28 08:50:00,2026-04-28 17:50:00,0.09968,0.09977,0.09957,0.09973,1995476,198861.2323
DOGEUSDT,1777366500000,2026-04-28 08:55:00,2026-04-28 17:55:00,0.09973,0.09979,0.0997,0.09976,3410503,340172.93949
DOGEUSDT,1777366800000,2026-04-28 09:00:00,2026-04-28 18:00:00,0.09975,0.09982,0.09962,0.09972,765661,76340.39119
DOGEUSDT,1777367100000,2026-04-28 09:05:00,2026-04-28 18:05:00,0.09971,0.09984,0.09968,0.09983,753145,75121.48446
DOGEUSDT,1777367400000,2026-04-28 09:10:00,2026-04-28 18:10:00,0.09983,0.09993,0.09969,0.09973,5940086,592921.1779
DOGEUSDT,1777367700000,2026-04-28 09:15:00,2026-04-28 18:15:00,0.09972,0.09978,0.09966,0.09975,1905833,190006.31599
DOGEUSDT,1777368000000,2026-04-28 09:20:00,2026-04-28 18:20:00,0.09976,0.09977,0.09963,0.09964,819276,81663.65568
DOGEUSDT,1777368300000,2026-04-28 09:25:00,2026-04-28 18:25:00,0.09964,0.09975,0.0996,0.09974,2019823,201280.92117
DOGEUSDT,1777368600000,2026-04-28 09:30:00,2026-04-28 18:30:00,0.09974,0.09975,0.09938,0.09942,2243522,223205.22442
DOGEUSDT,1777368900000,2026-04-28 09:35:00,2026-04-28 18:35:00,0.09941,0.09949,0.09932,0.09945,2178666,216592.62526
DOGEUSDT,1777369200000,2026-04-28 09:40:00,2026-04-28 18:40:00,0.09944,0.09945,0.09934,0.09937,3091853,307311.7735
DOGEUSDT,1777369500000,2026-04-28 09:45:00,2026-04-28 18:45:00,0.09936,0.09938,0.09915,0.09919,3353953,332854.05849
DOGEUSDT,1777369800000,2026-04-28 09:50:00,2026-04-28 18:50:00,0.09919,0.0993,0.09899,0.0993,5476836,542879.59706
DOGEUSDT,1777370100000,2026-04-28 09:55:00,2026-04-28 18:55:00,0.0993,0.09937,0.09916,0.09922,1247831,123891.69544
DOGEUSDT,1777370400000,2026-04-28 10:00:00,2026-04-28 19:00:00,0.09922,0.0994,0.09921,0.09933,994534,98786.67846
DOGEUSDT,1777370700000,2026-04-28 10:05:00,2026-04-28 19:05:00,0.09934,0.09935,0.09917,0.09922,1356794,134689.27299
DOGEUSDT,1777371000000,2026-04-28 10:10:00,2026-04-28 19:10:00,0.09921,0.09931,0.0992,0.09927,1442596,143163.69863
DOGEUSDT,1777371300000,2026-04-28 10:15:00,2026-04-28 19:15:00,0.09927,0.09936,0.09921,0.09933,875902,86963.94843
DOGEUSDT,1777371600000,2026-04-28 10:20:00,2026-04-28 19:20:00,0.09934,0.09934,0.0992,0.09921,1501571,149049.0042
DOGEUSDT,1777371900000,2026-04-28 10:25:00,2026-04-28 19:25:00,0.09921,0.09924,0.09915,0.09916,3097079,307209.31698
DOGEUSDT,1777372200000,2026-04-28 10:30:00,2026-04-28 19:30:00,0.09916,0.09938,0.09911,0.09934,3572908,354519.19028
DOGEUSDT,1777372500000,2026-04-28 10:35:00,2026-04-28 19:35:00,0.09935,0.0994,0.09928,0.09928,1847541,183538.14081
DOGEUSDT,1777372800000,2026-04-28 10:40:00,2026-04-28 19:40:00,0.09929,0.09938,0.09928,0.09932,1459541,144966.92667
DOGEUSDT,1777373100000,2026-04-28 10:45:00,2026-04-28 19:45:00,0.09933,0.09935,0.09923,0.09931,2503841,248570.73189
DOGEUSDT,1777373400000,2026-04-28 10:50:00,2026-04-28 19:50:00,0.09931,0.09934,0.09922,0.09923,1016265,100890.8704
DOGEUSDT,1777373700000,2026-04-28 10:55:00,2026-04-28 19:55:00,0.09923,0.09928,0.09909,0.09923,1408453,139732.58665
DOGEUSDT,1777374000000,2026-04-28 11:00:00,2026-04-28 20:00:00,0.09923,0.09928,0.09909,0.09914,1054375,104577.12736
DOGEUSDT,1777374300000,2026-04-28 11:05:00,2026-04-28 20:05:00,0.09914,0.0992,0.09902,0.09916,1853281,183701.32167
DOGEUSDT,1777374600000,2026-04-28 11:10:00,2026-04-28 20:10:00,0.09916,0.0992,0.09904,0.09905,2024548,200738.07468
DOGEUSDT,1777374900000,2026-04-28 11:15:00,2026-04-28 20:15:00,0.09905,0.09913,0.09889,0.09894,8862480,877183.40649
DOGEUSDT,1777375200000,2026-04-28 11:20:00,2026-04-28 20:20:00,0.09893,0.09917,0.09892,0.09917,1320193,130758.87516
DOGEUSDT,1777375500000,2026-04-28 11:25:00,2026-04-28 20:25:00,0.09917,0.0992,0.09897,0.09911,1565316,155144.34126
DOGEUSDT,1777375800000,2026-04-28 11:30:00,2026-04-28 20:30:00,0.09911,0.09913,0.09894,0.09904,1100971,109027.33666
DOGEUSDT,1777376100000,2026-04-28 11:35:00,2026-04-28 20:35:00,0.09905,0.09906,0.0987,0.09878,9186481,908604.78716
DOGEUSDT,1777376400000,2026-04-28 11:40:00,2026-04-28 20:40:00,0.09877,0.09885,0.09863,0.09885,2798188,276295.02205
DOGEUSDT,1777376700000,2026-04-28 11:45:00,2026-04-28 20:45:00,0.09884,0.09886,0.09855,0.09857,5514878,543712.5423
DOGEUSDT,1777377000000,2026-04-28 11:50:00,2026-04-28 20:50:00,0.09858,0.0987,0.09847,0.0987,11947645,1177552.38098
DOGEUSDT,1777377300000,2026-04-28 11:55:00,2026-04-28 20:55:00,0.0987,0.09877,0.09843,0.09861,11058665,1089891.30314
DOGEUSDT,1777377600000,2026-04-28 12:00:00,2026-04-28 21:00:00,0.09861,0.09869,0.09851,0.09863,2252203,222060.15564
DOGEUSDT,1777377900000,2026-04-28 12:05:00,2026-04-28 21:05:00,0.09862,0.0987,0.09858,0.0986,1442170,142277.02632
DOGEUSDT,1777378200000,2026-04-28 12:10:00,2026-04-28 21:10:00,0.09861,0.0987,0.09849,0.09857,9533947,939984.6924
DOGEUSDT,1777378500000,2026-04-28 12:15:00,2026-04-28 21:15:00,0.09858,0.09865,0.09838,0.0984,5449009,536844.26706
DOGEUSDT,1777378800000,2026-04-28 12:20:00,2026-04-28 21:20:00,0.0984,0.09873,0.09828,0.09849,18597881,1831597.75766
DOGEUSDT,1777379100000,2026-04-28 12:25:00,2026-04-28 21:25:00,0.09849,0.0986,0.09846,0.09857,1403483,138310.26014
DOGEUSDT,1777379400000,2026-04-28 12:30:00,2026-04-28 21:30:00,0.09856,0.09872,0.0985,0.09868,1917256,189085.68635
DOGEUSDT,1777379700000,2026-04-28 12:35:00,2026-04-28 21:35:00,0.09868,0.0988,0.09862,0.09871,1617064,159611.25508
DOGEUSDT,1777380000000,2026-04-28 12:40:00,2026-04-28 21:40:00,0.09872,0.09887,0.09868,0.0988,2967772,293277.4395
DOGEUSDT,1777380300000,2026-04-28 12:45:00,2026-04-28 21:45:00,0.09879,0.09897,0.09873,0.09893,2044476,202143.94111
DOGEUSDT,1777380600000,2026-04-28 12:50:00,2026-04-28 21:50:00,0.09894,0.09901,0.09884,0.09888,4192375,414902.79116
DOGEUSDT,1777380900000,2026-04-28 12:55:00,2026-04-28 21:55:00,0.09888,0.09905,0.09884,0.09902,1983017,196261.29523
DOGEUSDT,1777381200000,2026-04-28 13:00:00,2026-04-28 22:00:00,0.09901,0.09901,0.09887,0.09891,3137923,310434.01509
DOGEUSDT,1777381500000,2026-04-28 13:05:00,2026-04-28 22:05:00,0.09892,0.09894,0.09868,0.09873,2503385,247383.35857
DOGEUSDT,1777381800000,2026-04-28 13:10:00,2026-04-28 22:10:00,0.09872,0.09892,0.09841,0.09853,25426612,2504789.25434
DOGEUSDT,1777382100000,2026-04-28 13:15:00,2026-04-28 22:15:00,0.09853,0.0986,0.09841,0.09855,8274951,814804.01458
DOGEUSDT,1777382400000,2026-04-28 13:20:00,2026-04-28 22:20:00,0.09855,0.0986,0.09846,0.09846,2234699,220214.27858
DOGEUSDT,1777382700000,2026-04-28 13:25:00,2026-04-28 22:25:00,0.09847,0.09882,0.0984,0.09868,4996328,492483.65346
DOGEUSDT,1777383000000,2026-04-28 13:30:00,2026-04-28 22:30:00,0.09867,0.09876,0.09844,0.09866,4166736,410745.13951
DOGEUSDT,1777383300000,2026-04-28 13:35:00,2026-04-28 22:35:00,0.09866,0.09894,0.09864,0.09883,2169124,214348.6075
DOGEUSDT,1777383600000,2026-04-28 13:40:00,2026-04-28 22:40:00,0.09883,0.09894,0.0987,0.09888,2087887,206335.95236
DOGEUSDT,1777383900000,2026-04-28 13:45:00,2026-04-28 22:45:00,0.09888,0.09918,0.09884,0.09894,4955733,490746.57868
DOGEUSDT,1777384200000,2026-04-28 13:50:00,2026-04-28 22:50:00,0.09894,0.09894,0.09861,0.09865,2095444,206990.50729
DOGEUSDT,1777384500000,2026-04-28 13:55:00,2026-04-28 22:55:00,0.09865,0.09875,0.09851,0.09869,1157840,114179.44691
DOGEUSDT,1777384800000,2026-04-28 14:00:00,2026-04-28 23:00:00,0.09869,0.0987,0.09835,0.09847,4842728,476844.05099
DOGEUSDT,1777385100000,2026-04-28 14:05:00,2026-04-28 23:05:00,0.09848,0.09864,0.09846,0.09848,1500728,147911.41884
DOGEUSDT,1777385400000,2026-04-28 14:10:00,2026-04-28 23:10:00,0.09848,0.09852,0.09842,0.09846,536626,52834.89625
DOGEUSDT,1777385700000,2026-04-28 14:15:00,2026-04-28 23:15:00,0.09847,0.09851,0.09828,0.09831,3031982,298250.04009
DOGEUSDT,1777386000000,2026-04-28 14:20:00,2026-04-28 23:20:00,0.09831,0.0984,0.09806,0.09813,4573512,449076.45739
DOGEUSDT,1777386300000,2026-04-28 14:25:00,2026-04-28 23:25:00,0.09813,0.09835,0.09811,0.09828,5244826,514992.0325
DOGEUSDT,1777386600000,2026-04-28 14:30:00,2026-04-28 23:30:00,0.09828,0.0985,0.09823,0.09832,2022085,198957.90635
DOGEUSDT,1777386900000,2026-04-28 14:35:00,2026-04-28 23:35:00,0.09832,0.09833,0.09811,0.09833,2765804,271616.65899
DOGEUSDT,1777387200000,2026-04-28 14:40:00,2026-04-28 23:40:00,0.09833,0.09853,0.09826,0.09852,1705517,167791.39556
DOGEUSDT,1777387500000,2026-04-28 14:45:00,2026-04-28 23:45:00,0.09852,0.09852,0.0983,0.0984,1902589,187193.28415
DOGEUSDT,1777387800000,2026-04-28 14:50:00,2026-04-28 23:50:00,0.0984,0.09854,0.09831,0.0985,1236814,121764.47868
DOGEUSDT,1777388100000,2026-04-28 14:55:00,2026-04-28 23:55:00,0.09849,0.09889,0.09847,0.09889,4906795,484381.56944
DOGEUSDT,1777388400000,2026-04-28 15:00:00,2026-04-29 00:00:00,0.09889,0.09913,0.09884,0.09891,5323058,526836.14637
DOGEUSDT,1777388700000,2026-04-28 15:05:00,2026-04-29 00:05:00,0.09891,0.09894,0.09873,0.09892,1731166,171127.61638
DOGEUSDT,1777389000000,2026-04-28 15:10:00,2026-04-29 00:10:00,0.09892,0.09905,0.09888,0.09897,1452913,143796.59924
DOGEUSDT,1777389300000,2026-04-28 15:15:00,2026-04-29 00:15:00,0.09897,0.09905,0.09886,0.09904,1046302,103575.11268
DOGEUSDT,1777389600000,2026-04-28 15:20:00,2026-04-29 00:20:00,0.09904,0.09913,0.09887,0.09894,2986274,295688.74508
DOGEUSDT,1777389900000,2026-04-28 15:25:00,2026-04-29 00:25:00,0.09894,0.09894,0.09878,0.09887,1514985,149801.6878
DOGEUSDT,1777390200000,2026-04-28 15:30:00,2026-04-29 00:30:00,0.09886,0.0989,0.09874,0.09886,2954448,291839.98077
DOGEUSDT,1777390500000,2026-04-28 15:35:00,2026-04-29 00:35:00,0.09887,0.09908,0.09882,0.09904,2670020,264303.70191
DOGEUSDT,1777390800000,2026-04-28 15:40:00,2026-04-29 00:40:00,0.09905,0.09914,0.09896,0.09902,779521,77211.5321
DOGEUSDT,1777391100000,2026-04-28 15:45:00,2026-04-29 00:45:00,0.09902,0.09915,0.09901,0.09911,1374671,136208.06936
DOGEUSDT,1777391400000,2026-04-28 15:50:00,2026-04-29 00:50:00,0.09912,0.09935,0.09912,0.09934,2062543,204719.12257
DOGEUSDT,1777391700000,2026-04-28 15:55:00,2026-04-29 00:55:00,0.09934,0.09955,0.09929,0.09954,3234886,321566.35532
DOGEUSDT,1777392000000,2026-04-28 16:00:00,2026-04-29 01:00:00,0.09953,0.09957,0.09937,0.0994,4568859,454424.31305
DOGEUSDT,1777392300000,2026-04-28 16:05:00,2026-04-29 01:05:00,0.0994,0.09941,0.09922,0.09932,1944385,193121.78955
DOGEUSDT,1777392600000,2026-04-28 16:10:00,2026-04-29 01:10:00,0.09931,0.09941,0.09919,0.0994,1101807,109394.95332
DOGEUSDT,1777392900000,2026-04-28 16:15:00,2026-04-29 01:15:00,0.0994,0.09941,0.09925,0.0994,1015253,100867.20349
DOGEUSDT,1777393200000,2026-04-28 16:20:00,2026-04-29 01:20:00,0.0994,0.09973,0.0994,0.09963,4224471,420847.78386
DOGEUSDT,1777393500000,2026-04-28 16:25:00,2026-04-29 01:25:00,0.09963,0.09972,0.09953,0.09964,4083013,406913.6347
DOGEUSDT,1777393800000,2026-04-28 16:30:00,2026-04-29 01:30:00,0.09964,0.09974,0.09948,0.09951,5436292,541416.6354
DOGEUSDT,1777394100000,2026-04-28 16:35:00,2026-04-29 01:35:00,0.0995,0.0996,0.09941,0.09944,4354454,433341.06919
DOGEUSDT,1777394400000,2026-04-28 16:40:00,2026-04-29 01:40:00,0.09944,0.09964,0.09935,0.09942,3781926,376284.98547
DOGEUSDT,1777394700000,2026-04-28 16:45:00,2026-04-29 01:45:00,0.09943,0.09943,0.09931,0.09939,2417986,240307.01765
DOGEUSDT,1777395000000,2026-04-28 16:50:00,2026-04-29 01:50:00,0.09938,0.0998,0.09938,0.09977,6457678,642898.96421
DOGEUSDT,1777395300000,2026-04-28 16:55:00,2026-04-29 01:55:00,0.09977,0.09983,0.09968,0.09972,2673705,266721.04033
DOGEUSDT,1777395600000,2026-04-28 17:00:00,2026-04-29 02:00:00,0.09972,0.09974,0.09957,0.09963,3691339,367873.22899
DOGEUSDT,1777395900000,2026-04-28 17:05:00,2026-04-29 02:05:00,0.09962,0.09963,0.09945,0.09953,1961125,195177.60532
DOGEUSDT,1777396200000,2026-04-28 17:10:00,2026-04-29 02:10:00,0.09953,0.09953,0.09935,0.0994,1599851,159053.78142
DOGEUSDT,1777396500000,2026-04-28 17:15:00,2026-04-29 02:15:00,0.09939,0.0994,0.09918,0.0992,2915362,289367.90123
DOGEUSDT,1777396800000,2026-04-28 17:20:00,2026-04-29 02:20:00,0.0992,0.09932,0.09919,0.09931,1091689,108324.20822
DOGEUSDT,1777397100000,2026-04-28 17:25:00,2026-04-29 02:25:00,0.0993,0.09938,0.09922,0.09931,1374237,136465.23356
DOGEUSDT,1777397400000,2026-04-28 17:30:00,2026-04-29 02:30:00,0.0993,0.09953,0.0993,0.09953,1054728,104837.9461
DOGEUSDT,1777397700000,2026-04-28 17:35:00,2026-04-29 02:35:00,0.09954,0.09971,0.09954,0.09955,2752792,274258.90822
DOGEUSDT,1777398000000,2026-04-28 17:40:00,2026-04-29 02:40:00,0.09955,0.09958,0.09941,0.09943,1196444,119012.10987
DOGEUSDT,1777398300000,2026-04-28 17:45:00,2026-04-29 02:45:00,0.09943,0.09952,0.0994,0.09949,1983353,197250.15465
DOGEUSDT,1777398600000,2026-04-28 17:50:00,2026-04-29 02:50:00,0.09948,0.09949,0.09929,0.0993,911676,90596.01361
DOGEUSDT,1777398900000,2026-04-28 17:55:00,2026-04-29 02:55:00,0.09929,0.09943,0.09929,0.09933,817941,81277.23294
DOGEUSDT,1777399200000,2026-04-28 18:00:00,2026-04-29 03:00:00,0.09932,0.09934,0.09922,0.09931,1060009,105256.22992
DOGEUSDT,1777399500000,2026-04-28 18:05:00,2026-04-29 03:05:00,0.09932,0.0994,0.09921,0.09931,3248142,322682.64661
DOGEUSDT,1777399800000,2026-04-28 18:10:00,2026-04-29 03:10:00,0.09932,0.09935,0.09927,0.09932,399551,39678.66167
DOGEUSDT,1777400100000,2026-04-28 18:15:00,2026-04-29 03:15:00,0.09932,0.09947,0.09932,0.09947,597774,59428.87336
DOGEUSDT,1777400400000,2026-04-28 18:20:00,2026-04-29 03:20:00,0.09947,0.09961,0.09941,0.0996,4869105,484545.19332
DOGEUSDT,1777400700000,2026-04-28 18:25:00,2026-04-29 03:25:00,0.09959,0.09967,0.09951,0.09955,1377533,137219.45133
DOGEUSDT,1777401000000,2026-04-28 18:30:00,2026-04-29 03:30:00,0.09956,0.09962,0.09938,0.09938,1135492,112965.05371
DOGEUSDT,1777401300000,2026-04-28 18:35:00,2026-04-29 03:35:00,0.09938,0.09942,0.09936,0.09938,704744,70040.13575
DOGEUSDT,1777401600000,2026-04-28 18:40:00,2026-04-29 03:40:00,0.09938,0.09939,0.09927,0.09927,443246,44027.15172
DOGEUSDT,1777401900000,2026-04-28 18:45:00,2026-04-29 03:45:00,0.09927,0.09936,0.09923,0.09932,3250115,322799.81198
DOGEUSDT,1777402200000,2026-04-28 18:50:00,2026-04-29 03:50:00,0.09932,0.09946,0.09932,0.09942,845575,84033.57773
DOGEUSDT,1777402500000,2026-04-28 18:55:00,2026-04-29 03:55:00,0.09943,0.09955,0.09941,0.09954,735050,73119.60356
DOGEUSDT,1777402800000,2026-04-28 19:00:00,2026-04-29 04:00:00,0.09954,0.09955,0.09935,0.09936,477968,47534.30537
DOGEUSDT,1777403100000,2026-04-28 19:05:00,2026-04-29 04:05:00,0.09937,0.09947,0.09936,0.09945,788146,78352.77757
DOGEUSDT,1777403400000,2026-04-28 19:10:00,2026-04-29 04:10:00,0.09945,0.09945,0.09932,0.09933,374003,37172.74748
DOGEUSDT,1777403700000,2026-04-28 19:15:00,2026-04-29 04:15:00,0.09932,0.09946,0.09929,0.0994,610224,60651.35525
DOGEUSDT,1777404000000,2026-04-28 19:20:00,2026-04-29 04:20:00,0.0994,0.09947,0.0993,0.09945,2755297,273791.65155
DOGEUSDT,1777404300000,2026-04-28 19:25:00,2026-04-29 04:25:00,0.09945,0.09952,0.09945,0.09952,376399,37447.16651
DOGEUSDT,1777404600000,2026-04-28 19:30:00,2026-04-29 04:30:00,0.09952,0.09952,0.09944,0.09946,269919,26848.97575
DOGEUSDT,1777404900000,2026-04-28 19:35:00,2026-04-29 04:35:00,0.09946,0.09963,0.09945,0.09963,1119144,111429.13694
DOGEUSDT,1777405200000,2026-04-28 19:40:00,2026-04-29 04:40:00,0.09963,0.09976,0.09955,0.09974,1596025,158996.43444
DOGEUSDT,1777405500000,2026-04-28 19:45:00,2026-04-29 04:45:00,0.09975,0.09985,0.09968,0.09976,4200963,418984.50142
DOGEUSDT,1777405800000,2026-04-28 19:50:00,2026-04-29 04:50:00,0.09976,0.09987,0.09971,0.09981,2329084,232451.38438
DOGEUSDT,1777406100000,2026-04-28 19:55:00,2026-04-29 04:55:00,0.09981,0.09981,0.09969,0.09974,1342933,133953.43546
DOGEUSDT,1777406400000,2026-04-28 20:00:00,2026-04-29 05:00:00,0.09974,0.09987,0.09974,0.09987,2207172,220269.29159
DOGEUSDT,1777406700000,2026-04-28 20:05:00,2026-04-29 05:05:00,0.09987,0.09989,0.09961,0.09967,1553891,154992.87884
DOGEUSDT,1777407000000,2026-04-28 20:10:00,2026-04-29 05:10:00,0.09967,0.09981,0.09966,0.0998,1038091,103575.91523
DOGEUSDT,1777407300000,2026-04-28 20:15:00,2026-04-29 05:15:00,0.09979,0.0998,0.09974,0.09977,839811,83792.07144
DOGEUSDT,1777407600000,2026-04-28 20:20:00,2026-04-29 05:20:00,0.09978,0.09979,0.09972,0.09972,432637,43161.09939
DOGEUSDT,1777407900000,2026-04-28 20:25:00,2026-04-29 05:25:00,0.09972,0.09975,0.09963,0.09963,704452,70240.49487
DOGEUSDT,1777408200000,2026-04-28 20:30:00,2026-04-29 05:30:00,0.09963,0.09972,0.0996,0.09967,486474,48479.95928
DOGEUSDT,1777408500000,2026-04-28 20:35:00,2026-04-29 05:35:00,0.09966,0.09974,0.09964,0.09972,1152828,114916.62593
DOGEUSDT,1777408800000,2026-04-28 20:40:00,2026-04-29 05:40:00,0.09972,0.09974,0.09965,0.09972,391737,39060.30277
DOGEUSDT,1777409100000,2026-04-28 20:45:00,2026-04-29 05:45:00,0.09971,0.09978,0.09971,0.09978,569052,56757.78191
DOGEUSDT,1777409400000,2026-04-28 20:50:00,2026-04-29 05:50:00,0.09977,0.09984,0.09976,0.09976,1620321,161707.41895
DOGEUSDT,1777409700000,2026-04-28 20:55:00,2026-04-29 05:55:00,0.09977,0.09977,0.09972,0.09975,391294,39036.12249
DOGEUSDT,1777410000000,2026-04-28 21:00:00,2026-04-29 06:00:00,0.09974,0.09997,0.09974,0.09984,1703833,170205.41058
DOGEUSDT,1777410300000,2026-04-28 21:05:00,2026-04-29 06:05:00,0.09984,0.09986,0.09973,0.09976,1913129,190904.50801
DOGEUSDT,1777410600000,2026-04-28 21:10:00,2026-04-29 06:10:00,0.09976,0.09977,0.0997,0.09972,1273254,126981.31937
DOGEUSDT,1777410900000,2026-04-28 21:15:00,2026-04-29 06:15:00,0.09972,0.09973,0.0996,0.0996,1887966,188205.8222
DOGEUSDT,1777411200000,2026-04-28 21:20:00,2026-04-29 06:20:00,0.0996,0.0997,0.09954,0.09956,5350299,533021.5782
DOGEUSDT,1777411500000,2026-04-28 21:25:00,2026-04-29 06:25:00,0.09955,0.09957,0.09941,0.09941,1119527,111381.57403
DOGEUSDT,1777411800000,2026-04-28 21:30:00,2026-04-29 06:30:00,0.09941,0.09941,0.09922,0.09928,2455268,243804.25059
DOGEUSDT,1777412100000,2026-04-28 21:35:00,2026-04-29 06:35:00,0.09928,0.0995,0.09917,0.09941,4635308,460458.55833
DOGEUSDT,1777412400000,2026-04-28 21:40:00,2026-04-29 06:40:00,0.09942,0.09959,0.09942,0.09952,2246605,223587.62715
DOGEUSDT,1777412700000,2026-04-28 21:45:00,2026-04-29 06:45:00,0.09952,0.09961,0.0995,0.09961,927344,92312.8376
DOGEUSDT,1777413000000,2026-04-28 21:50:00,2026-04-29 06:50:00,0.09961,0.09961,0.09938,0.09941,1338722,133189.66845
DOGEUSDT,1777413300000,2026-04-28 21:55:00,2026-04-29 06:55:00,0.09941,0.09957,0.09941,0.0995,1013187,100813.71767
DOGEUSDT,1777413600000,2026-04-28 22:00:00,2026-04-29 07:00:00,0.0995,0.0998,0.0995,0.09979,3058841,304758.34374
DOGEUSDT,1777413900000,2026-04-28 22:05:00,2026-04-29 07:05:00,0.09979,0.10016,0.09977,0.10014,11390608,1139339.49498
DOGEUSDT,1777414200000,2026-04-28 22:10:00,2026-04-29 07:10:00,0.10013,0.10022,0.09961,0.09964,14463550,1445760.66149
DOGEUSDT,1777414500000,2026-04-28 22:15:00,2026-04-29 07:15:00,0.09963,0.09986,0.09963,0.09979,2431958,242683.69182
DOGEUSDT,1777414800000,2026-04-28 22:20:00,2026-04-29 07:20:00,0.09979,0.09982,0.09967,0.09972,2168852,216322.60893
DOGEUSDT,1777415100000,2026-04-28 22:25:00,2026-04-29 07:25:00,0.09971,0.09978,0.09968,0.0997,1702211,169774.28566
DOGEUSDT,1777415400000,2026-04-28 22:30:00,2026-04-29 07:30:00,0.09971,0.09972,0.09947,0.09956,4495045,447609.67592
DOGEUSDT,1777415700000,2026-04-28 22:35:00,2026-04-29 07:35:00,0.09956,0.09958,0.09944,0.09951,2288551,227722.32833
DOGEUSDT,1777416000000,2026-04-28 22:40:00,2026-04-29 07:40:00,0.09951,0.09954,0.09945,0.09954,306642,30512.78399
DOGEUSDT,1777416300000,2026-04-28 22:45:00,2026-04-29 07:45:00,0.09954,0.09954,0.09944,0.09948,587461,58434.9799
DOGEUSDT,1777416600000,2026-04-28 22:50:00,2026-04-29 07:50:00,0.09948,0.09951,0.09941,0.09948,1199491,119304.89086
DOGEUSDT,1777416900000,2026-04-28 22:55:00,2026-04-29 07:55:00,0.09948,0.09951,0.09944,0.0995,487556,48506.68431
DOGEUSDT,1777417200000,2026-04-28 23:00:00,2026-04-29 08:00:00,0.09949,0.09949,0.09934,0.09943,1116364,110972.83911
DOGEUSDT,1777417500000,2026-04-28 23:05:00,2026-04-29 08:05:00,0.09943,0.09947,0.09938,0.0994,406742,40443.15937
DOGEUSDT,1777417800000,2026-04-28 23:10:00,2026-04-29 08:10:00,0.09939,0.09943,0.09932,0.09935,2227973,221360.20102
DOGEUSDT,1777418100000,2026-04-28 23:15:00,2026-04-29 08:15:00,0.09935,0.09938,0.09918,0.09918,2908059,288669.07202
DOGEUSDT,1777418400000,2026-04-28 23:20:00,2026-04-29 08:20:00,0.09919,0.09919,0.09911,0.09915,1504317,149175.75102
DOGEUSDT,1777418700000,2026-04-28 23:25:00,2026-04-29 08:25:00,0.09915,0.09921,0.09901,0.09908,2026510,200780.97127
DOGEUSDT,1777419000000,2026-04-28 23:30:00,2026-04-29 08:30:00,0.09908,0.0991,0.0989,0.09895,2147574,212630.04365
DOGEUSDT,1777419300000,2026-04-28 23:35:00,2026-04-29 08:35:00,0.09895,0.09937,0.09885,0.09935,9519736,943773.2189
DOGEUSDT,1777419600000,2026-04-28 23:40:00,2026-04-29 08:40:00,0.09935,0.09935,0.09918,0.09923,1196075,118746.50361
DOGEUSDT,1777419900000,2026-04-28 23:45:00,2026-04-29 08:45:00,0.09923,0.0994,0.09923,0.0994,657519,65304.41396
DOGEUSDT,1777420200000,2026-04-28 23:50:00,2026-04-29 08:50:00,0.0994,0.09944,0.09936,0.09944,546830,54354.55501
DOGEUSDT,1777420500000,2026-04-28 23:55:00,2026-04-29 08:55:00,0.09945,0.09945,0.09934,0.09935,1158162,115118.07151
DOGEUSDT,1777420800000,2026-04-29 00:00:00,2026-04-29 09:00:00,0.09934,0.09955,0.09924,0.0995,2678780,266363.87498
DOGEUSDT,1777421100000,2026-04-29 00:05:00,2026-04-29 09:05:00,0.0995,0.09955,0.09944,0.09948,1665360,165691.27449
DOGEUSDT,1777421400000,2026-04-29 00:10:00,2026-04-29 09:10:00,0.09948,0.09955,0.0994,0.0995,2406470,239377.15011
DOGEUSDT,1777421700000,2026-04-29 00:15:00,2026-04-29 09:15:00,0.09949,0.09967,0.09946,0.09966,4725274,470654.4626
DOGEUSDT,1777422000000,2026-04-29 00:20:00,2026-04-29 09:20:00,0.09966,0.09972,0.09957,0.09965,3698391,368559.3859
DOGEUSDT,1777422300000,2026-04-29 00:25:00,2026-04-29 09:25:00,0.09965,0.09974,0.09957,0.09967,6146149,612656.13496
DOGEUSDT,1777422600000,2026-04-29 00:30:00,2026-04-29 09:30:00,0.09967,0.09983,0.09953,0.09965,9888593,985807.72929
DOGEUSDT,1777422900000,2026-04-29 00:35:00,2026-04-29 09:35:00,0.09964,0.0998,0.0996,0.0998,3232149,322077.93004
DOGEUSDT,1777423200000,2026-04-29 00:40:00,2026-04-29 09:40:00,0.0998,0.09993,0.09977,0.09993,10472450,1045690.34832
DOGEUSDT,1777423500000,2026-04-29 00:45:00,2026-04-29 09:45:00,0.09994,0.09994,0.09951,0.09986,23058533,2299329.76433
DOGEUSDT,1777423800000,2026-04-29 00:50:00,2026-04-29 09:50:00,0.09987,0.09987,0.09977,0.09984,4862747,485444.1479
DOGEUSDT,1777424100000,2026-04-29 00:55:00,2026-04-29 09:55:00,0.09984,0.1001,0.09982,0.0999,5778342,577637.10003
DOGEUSDT,1777424400000,2026-04-29 01:00:00,2026-04-29 10:00:00,0.09991,0.10001,0.09984,0.10001,5861427,585798.01424
DOGEUSDT,1777424700000,2026-04-29 01:05:00,2026-04-29 10:05:00,0.1,0.10005,0.09976,0.09988,3174537,317273.82261
DOGEUSDT,1777425000000,2026-04-29 01:10:00,2026-04-29 10:10:00,0.09989,0.09994,0.09976,0.09979,1587576,158535.58353
DOGEUSDT,1777425300000,2026-04-29 01:15:00,2026-04-29 10:15:00,0.09978,0.09993,0.09959,0.09969,4816238,480513.36922
DOGEUSDT,1777425600000,2026-04-29 01:20:00,2026-04-29 10:20:00,0.0997,0.0997,0.09955,0.09956,2550628,254151.09296
DOGEUSDT,1777425900000,2026-04-29 01:25:00,2026-04-29 10:25:00,0.09957,0.09966,0.09956,0.09959,1746543,173974.04267
DOGEUSDT,1777426200000,2026-04-29 01:30:00,2026-04-29 10:30:00,0.09959,0.09965,0.09945,0.09953,1629989,162221.07451
DOGEUSDT,1777426500000,2026-04-29 01:35:00,2026-04-29 10:35:00,0.09953,0.09964,0.09953,0.09955,690304,68743.51849
DOGEUSDT,1777426800000,2026-04-29 01:40:00,2026-04-29 10:40:00,0.09955,0.09982,0.09949,0.09982,2325027,231688.59661
DOGEUSDT,1777427100000,2026-04-29 01:45:00,2026-04-29 10:45:00,0.09981,0.10004,0.09974,0.09999,3079092,307762.80993
DOGEUSDT,1777427400000,2026-04-29 01:50:00,2026-04-29 10:50:00,0.09999,0.10015,0.09995,0.10001,2350720,235196.60491
DOGEUSDT,1777427700000,2026-04-29 01:55:00,2026-04-29 10:55:00,0.10001,0.10028,0.09998,0.10014,6332244,634044.15404
DOGEUSDT,1777428000000,2026-04-29 02:00:00,2026-04-29 11:00:00,0.10015,0.10035,0.10009,0.10009,5275068,528709.85365
DOGEUSDT,1777428300000,2026-04-29 02:05:00,2026-04-29 11:05:00,0.1001,0.10014,0.10002,0.10003,1526142,152719.841
DOGEUSDT,1777428600000,2026-04-29 02:10:00,2026-04-29 11:10:00,0.10003,0.10011,0.09996,0.1,2477243,247809.9445
DOGEUSDT,1777428900000,2026-04-29 02:15:00,2026-04-29 11:15:00,0.09999,0.10004,0.09984,0.10003,7285962,728133.36882
DOGEUSDT,1777429200000,2026-04-29 02:20:00,2026-04-29 11:20:00,0.10003,0.10006,0.09992,0.09993,754493,75447.67343
DOGEUSDT,1777429500000,2026-04-29 02:25:00,2026-04-29 11:25:00,0.09993,0.10003,0.09991,0.09993,700105,69976.65599
DOGEUSDT,1777429800000,2026-04-29 02:30:00,2026-04-29 11:30:00,0.09993,0.09997,0.09976,0.09995,3289419,328552.9798
DOGEUSDT,1777430100000,2026-04-29 02:35:00,2026-04-29 11:35:00,0.09995,0.1,0.09994,0.09998,1139712,113940.43822
DOGEUSDT,1777430400000,2026-04-29 02:40:00,2026-04-29 11:40:00,0.09998,0.10004,0.09997,0.1,1993667,199367.14421
DOGEUSDT,1777430700000,2026-04-29 02:45:00,2026-04-29 11:45:00,0.1,0.10001,0.09986,0.09994,2087338,208619.76801
DOGEUSDT,1777431000000,2026-04-29 02:50:00,2026-04-29 11:50:00,0.09994,0.1,0.09993,0.09993,2250842,224980.92102
DOGEUSDT,1777431300000,2026-04-29 02:55:00,2026-04-29 11:55:00,0.09993,0.09998,0.09987,0.09998,6044111,603974.28365
DOGEUSDT,1777431600000,2026-04-29 03:00:00,2026-04-29 12:00:00,0.09998,0.10009,0.09998,0.09999,2486418,248730.21006
DOGEUSDT,1777431900000,2026-04-29 03:05:00,2026-04-29 12:05:00,0.09999,0.10004,0.09994,0.10001,2161936,216204.12615
DOGEUSDT,1777432200000,2026-04-29 03:10:00,2026-04-29 12:10:00,0.10002,0.1001,0.1,0.10006,1986671,198758.61238
DOGEUSDT,1777432500000,2026-04-29 03:15:00,2026-04-29 12:15:00,0.10005,0.10063,0.10003,0.10044,15717957,1578064.84694
DOGEUSDT,1777432800000,2026-04-29 03:20:00,2026-04-29 12:20:00,0.10044,0.10066,0.10043,0.10059,10034534,1008751.36845
DOGEUSDT,1777433100000,2026-04-29 03:25:00,2026-04-29 12:25:00,0.10058,0.10065,0.1005,0.10062,5688934,572099.98991
DOGEUSDT,1777433400000,2026-04-29 03:30:00,2026-04-29 12:30:00,0.10062,0.10064,0.10046,0.10058,5315966,534535.14001
DOGEUSDT,1777433700000,2026-04-29 03:35:00,2026-04-29 12:35:00,0.10058,0.10097,0.10054,0.10089,8153918,822036.6201
DOGEUSDT,1777434000000,2026-04-29 03:40:00,2026-04-29 12:40:00,0.10089,0.10145,0.10079,0.10138,25447946,2573304.36498
DOGEUSDT,1777434300000,2026-04-29 03:45:00,2026-04-29 12:45:00,0.10138,0.10145,0.10118,0.10131,9882622,1001280.50025
DOGEUSDT,1777434600000,2026-04-29 03:50:00,2026-04-29 12:50:00,0.1013,0.10137,0.10112,0.10116,3267950,330759.52649
DOGEUSDT,1777434900000,2026-04-29 03:55:00,2026-04-29 12:55:00,0.10117,0.10137,0.10116,0.10137,6562804,664615.27709
DOGEUSDT,1777435200000,2026-04-29 04:00:00,2026-04-29 13:00:00,0.10137,0.10161,0.10131,0.10145,8936381,906689.73617
DOGEUSDT,1777435500000,2026-04-29 04:05:00,2026-04-29 13:05:00,0.10145,0.10152,0.10135,0.10137,2130066,216037.24977
DOGEUSDT,1777435800000,2026-04-29 04:10:00,2026-04-29 13:10:00,0.10136,0.10136,0.10115,0.10135,4270117,432525.59091
DOGEUSDT,1777436100000,2026-04-29 04:15:00,2026-04-29 13:15:00,0.10135,0.1018,0.10135,0.10152,28619514,2907545.84433
DOGEUSDT,1777436400000,2026-04-29 04:20:00,2026-04-29 13:20:00,0.10151,0.10154,0.1014,0.10143,3600137,365330.99196
DOGEUSDT,1777436700000,2026-04-29 04:25:00,2026-04-29 13:25:00,0.10144,0.10147,0.10126,0.10131,2633247,266901.89117
DOGEUSDT,1777437000000,2026-04-29 04:30:00,2026-04-29 13:30:00,0.1013,0.10163,0.1013,0.10151,4582185,464819.32125
DOGEUSDT,1777437300000,2026-04-29 04:35:00,2026-04-29 13:35:00,0.10152,0.10176,0.10144,0.10167,5172800,525577.30973
DOGEUSDT,1777437600000,2026-04-29 04:40:00,2026-04-29 13:40:00,0.10168,0.10253,0.10168,0.1023,34322535,3510214.39792
DOGEUSDT,1777437900000,2026-04-29 04:45:00,2026-04-29 13:45:00,0.10231,0.10246,0.10224,0.10234,10348348,1059311.47396
DOGEUSDT,1777438200000,2026-04-29 04:50:00,2026-04-29 13:50:00,0.10234,0.10242,0.10211,0.10226,8351951,853875.96139
DOGEUSDT,1777438500000,2026-04-29 04:55:00,2026-04-29 13:55:00,0.10226,0.10227,0.1017,0.1018,14959382,1525636.84196
DOGEUSDT,1777438800000,2026-04-29 05:00:00,2026-04-29 14:00:00,0.1018,0.10192,0.10157,0.10178,8164158,830457.65396
DOGEUSDT,1777439100000,2026-04-29 05:05:00,2026-04-29 14:05:00,0.10178,0.10196,0.10178,0.10189,2527018,257364.93419
DOGEUSDT,1777439400000,2026-04-29 05:10:00,2026-04-29 14:10:00,0.10188,0.10196,0.10184,0.10187,3493226,355831.28634
DOGEUSDT,1777439700000,2026-04-29 05:15:00,2026-04-29 14:15:00,0.10187,0.10188,0.10169,0.1018,4752781,483818.41869
DOGEUSDT,1777440000000,2026-04-29 05:20:00,2026-04-29 14:20:00,0.1018,0.10187,0.10174,0.10187,4181985,425643.57232
DOGEUSDT,1777440300000,2026-04-29 05:25:00,2026-04-29 14:25:00,0.10187,0.10196,0.10174,0.10184,5338204,543555.42425
DOGEUSDT,1777440600000,2026-04-29 05:30:00,2026-04-29 14:30:00,0.10184,0.10184,0.10161,0.10164,5120378,520696.38557
DOGEUSDT,1777440900000,2026-04-29 05:35:00,2026-04-29 14:35:00,0.10164,0.10172,0.10161,0.10168,1931238,196345.34933
DOGEUSDT,1777441200000,2026-04-29 05:40:00,2026-04-29 14:40:00,0.10169,0.10171,0.10164,0.10168,772855,78583.08805
DOGEUSDT,1777441500000,2026-04-29 05:45:00,2026-04-29 14:45:00,0.10168,0.10251,0.10168,0.10218,52556744,5374079.95518
DOGEUSDT,1777441800000,2026-04-29 05:50:00,2026-04-29 14:50:00,0.10217,0.10251,0.10209,0.10231,17480880,1789407.38977
DOGEUSDT,1777442100000,2026-04-29 05:55:00,2026-04-29 14:55:00,0.1023,0.10234,0.10219,0.10231,6424866,657069.9098
DOGEUSDT,1777442400000,2026-04-29 06:00:00,2026-04-29 15:00:00,0.10231,0.10249,0.10221,0.10231,7574676,775184.70632
DOGEUSDT,1777442700000,2026-04-29 06:05:00,2026-04-29 15:05:00,0.10232,0.10248,0.10227,0.10229,5299299,542491.2789
DOGEUSDT,1777443000000,2026-04-29 06:10:00,2026-04-29 15:10:00,0.10229,0.10245,0.10219,0.10222,2849041,291497.08377
DOGEUSDT,1777443300000,2026-04-29 06:15:00,2026-04-29 15:15:00,0.10222,0.10224,0.1021,0.10214,2203170,225085.96913
DOGEUSDT,1777443600000,2026-04-29 06:20:00,2026-04-29 15:20:00,0.10214,0.10225,0.10211,0.10217,5088265,519951.26497
DOGEUSDT,1777443900000,2026-04-29 06:25:00,2026-04-29 15:25:00,0.10217,0.10251,0.10215,0.10235,10754029,1100904.01841
DOGEUSDT,1777444200000,2026-04-29 06:30:00,2026-04-29 15:30:00,0.10236,0.10236,0.10215,0.10225,2720499,278191.78071
DOGEUSDT,1777444500000,2026-04-29 06:35:00,2026-04-29 15:35:00,0.10225,0.10237,0.10211,0.10232,2959825,302593.54088
DOGEUSDT,1777444800000,2026-04-29 06:40:00,2026-04-29 15:40:00,0.10232,0.10245,0.10211,0.10212,2778579,284304.51376
DOGEUSDT,1777445100000,2026-04-29 06:45:00,2026-04-29 15:45:00,0.10213,0.10224,0.1021,0.10211,3287158,335779.15307
DOGEUSDT,1777445400000,2026-04-29 06:50:00,2026-04-29 15:50:00,0.10211,0.10212,0.10181,0.1021,10928139,1113894.8327
DOGEUSDT,1777445700000,2026-04-29 06:55:00,2026-04-29 15:55:00,0.1021,0.10217,0.10194,0.10216,3110489,317375.95906
DOGEUSDT,1777446000000,2026-04-29 07:00:00,2026-04-29 16:00:00,0.10217,0.10231,0.10211,0.10228,3935385,402127.51449
DOGEUSDT,1777446300000,2026-04-29 07:05:00,2026-04-29 16:05:00,0.10227,0.10235,0.1022,0.10229,3718234,380321.82328
DOGEUSDT,1777446600000,2026-04-29 07:10:00,2026-04-29 16:10:00,0.10228,0.10229,0.10212,0.10222,2338692,239018.34421
DOGEUSDT,1777446900000,2026-04-29 07:15:00,2026-04-29 16:15:00,0.10223,0.10229,0.10209,0.10221,3186429,325620.63854
DOGEUSDT,1777447200000,2026-04-29 07:20:00,2026-04-29 16:20:00,0.1022,0.10252,0.10218,0.10247,5005948,512750.40392
DOGEUSDT,1777447500000,2026-04-29 07:25:00,2026-04-29 16:25:00,0.10247,0.1032,0.10247,0.10302,33435056,3439991.62348
DOGEUSDT,1777447800000,2026-04-29 07:30:00,2026-04-29 16:30:00,0.10302,0.10547,0.10301,0.10449,100369729,10473299.60834
DOGEUSDT,1777448100000,2026-04-29 07:35:00,2026-04-29 16:35:00,0.1045,0.10461,0.10414,0.10416,13760795,1436707.57938
DOGEUSDT,1777448400000,2026-04-29 07:40:00,2026-04-29 16:40:00,0.10416,0.10487,0.10408,0.10449,15824091,1654315.47026
DOGEUSDT,1777448700000,2026-04-29 07:45:00,2026-04-29 16:45:00,0.10448,0.10494,0.10434,0.1048,15466122,1618089.90268
DOGEUSDT,1777449000000,2026-04-29 07:50:00,2026-04-29 16:50:00,0.1048,0.10492,0.10442,0.10471,14086069,1474434.29901
DOGEUSDT,1777449300000,2026-04-29 07:55:00,2026-04-29 16:55:00,0.10471,0.10527,0.10461,0.10496,17465346,1832518.44494
DOGEUSDT,1777449600000,2026-04-29 08:00:00,2026-04-29 17:00:00,0.10497,0.10521,0.10472,0.10502,21460958,2253995.40398
DOGEUSDT,1777449900000,2026-04-29 08:05:00,2026-04-29 17:05:00,0.10502,0.10518,0.10464,0.10472,21304178,2232656.0832
DOGEUSDT,1777450200000,2026-04-29 08:10:00,2026-04-29 17:10:00,0.10472,0.10544,0.10469,0.10532,26776160,2815954.24974
DOGEUSDT,1777450500000,2026-04-29 08:15:00,2026-04-29 17:15:00,0.10532,0.10592,0.1049,0.10584,23056025,2431325.28321
DOGEUSDT,1777450800000,2026-04-29 08:20:00,2026-04-29 17:20:00,0.10583,0.10597,0.10557,0.10583,23577253,2494748.53658
DOGEUSDT,1777451100000,2026-04-29 08:25:00,2026-04-29 17:25:00,0.10583,0.10583,0.10537,0.10538,8766789,925304.46555
DOGEUSDT,1777451400000,2026-04-29 08:30:00,2026-04-29 17:30:00,0.10538,0.10542,0.10506,0.10506,13444969,1414644.29236
DOGEUSDT,1777451700000,2026-04-29 08:35:00,2026-04-29 17:35:00,0.10506,0.10537,0.10494,0.10535,16982836,1785167.44351
DOGEUSDT,1777452000000,2026-04-29 08:40:00,2026-04-29 17:40:00,0.10535,0.10551,0.10506,0.10538,5723828,602909.67402
DOGEUSDT,1777452300000,2026-04-29 08:45:00,2026-04-29 17:45:00,0.10539,0.10572,0.10539,0.10558,6596935,696584.02971
DOGEUSDT,1777452600000,2026-04-29 08:50:00,2026-04-29 17:50:00,0.10558,0.10571,0.1055,0.10568,4265500,450552.26616
DOGEUSDT,1777452900000,2026-04-29 08:55:00,2026-04-29 17:55:00,0.10568,0.10568,0.10541,0.10544,3868137,408051.41499
DOGEUSDT,1777453200000,2026-04-29 09:00:00,2026-04-29 18:00:00,0.10543,0.10572,0.10519,0.10571,9934877,1046708.76502
DOGEUSDT,1777453500000,2026-04-29 09:05:00,2026-04-29 18:05:00,0.10571,0.10579,0.10548,0.10576,9536942,1007927.86058
DOGEUSDT,1777453800000,2026-04-29 09:10:00,2026-04-29 18:10:00,0.10577,0.10669,0.10564,0.10646,34581094,3671862.95059
DOGEUSDT,1777454100000,2026-04-29 09:15:00,2026-04-29 18:15:00,0.10646,0.10691,0.1064,0.10674,23176076,2470997.89836
DOGEUSDT,1777454400000,2026-04-29 09:20:00,2026-04-29 18:20:00,0.10675,0.10746,0.10673,0.10699,26725851,2862847.74288
DOGEUSDT,1777454700000,2026-04-29 09:25:00,2026-04-29 18:25:00,0.10699,0.10763,0.10686,0.10736,24768919,2655009.67806
DOGEUSDT,1777455000000,2026-04-29 09:30:00,2026-04-29 18:30:00,0.10736,0.10749,0.10662,0.10717,18099497,1936412.55058
DOGEUSDT,1777455300000,2026-04-29 09:35:00,2026-04-29 18:35:00,0.10718,0.10752,0.10707,0.10721,9834067,1055015.8148
DOGEUSDT,1777455600000,2026-04-29 09:40:00,2026-04-29 18:40:00,0.10722,0.10789,0.107,0.10777,14739883,1584763.18457
DOGEUSDT,1777455900000,2026-04-29 09:45:00,2026-04-29 18:45:00,0.10777,0.112,0.10752,0.11121,88548540,9698668.52185
DOGEUSDT,1777456200000,2026-04-29 09:50:00,2026-04-29 18:50:00,0.1112,0.11128,0.10851,0.10986,73023327,7991614.0051
DOGEUSDT,1777456500000,2026-04-29 09:55:00,2026-04-29 18:55:00,0.10985,0.1102,0.1089,0.10946,39493796,4322023.0898
DOGEUSDT,1777456800000,2026-04-29 10:00:00,2026-04-29 19:00:00,0.10946,0.11013,0.10942,0.10957,21151500,2322009.32422
DOGEUSDT,1777457100000,2026-04-29 10:05:00,2026-04-29 19:05:00,0.10957,0.11007,0.10922,0.10997,18450531,2024746.91805
DOGEUSDT,1777457400000,2026-04-29 10:10:00,2026-04-29 19:10:00,0.10997,0.11059,0.1098,0.11036,26298147,2897878.11903
DOGEUSDT,1777457700000,2026-04-29 10:15:00,2026-04-29 19:15:00,0.11036,0.11063,0.10974,0.11,17755344,1954578.10261
DOGEUSDT,1777458000000,2026-04-29 10:20:00,2026-04-29 19:20:00,0.11,0.11023,0.10938,0.10941,21294088,2340006.35266
DOGEUSDT,1777458300000,2026-04-29 10:25:00,2026-04-29 19:25:00,0.10942,0.10996,0.10938,0.10995,22644154,2481536.38259
DOGEUSDT,1777458600000,2026-04-29 10:30:00,2026-04-29 19:30:00,0.10996,0.11025,0.10961,0.10985,11527229,1267295.39207
DOGEUSDT,1777458900000,2026-04-29 10:35:00,2026-04-29 19:35:00,0.10985,0.11009,0.10953,0.10988,19619828,2154608.60237
DOGEUSDT,1777459200000,2026-04-29 10:40:00,2026-04-29 19:40:00,0.10989,0.10999,0.10934,0.10984,14650906,1605805.54616
DOGEUSDT,1777459500000,2026-04-29 10:45:00,2026-04-29 19:45:00,0.10983,0.11043,0.10977,0.1101,14702898,1618622.04345
DOGEUSDT,1777459800000,2026-04-29 10:50:00,2026-04-29 19:50:00,0.11011,0.11056,0.10984,0.11045,10248784,1129397.52777
DOGEUSDT,1777460100000,2026-04-29 10:55:00,2026-04-29 19:55:00,0.11045,0.11045,0.11007,0.11009,6387315,703906.24586
DOGEUSDT,1777460400000,2026-04-29 11:00:00,2026-04-29 20:00:00,0.11008,0.11011,0.10944,0.10974,12630391,1386095.98632
DOGEUSDT,1777460700000,2026-04-29 11:05:00,2026-04-29 20:05:00,0.10975,0.1101,0.10953,0.11008,10259770,1126245.66427
DOGEUSDT,1777461000000,2026-04-29 11:10:00,2026-04-29 20:10:00,0.11008,0.11029,0.1097,0.11011,11774244,1295533.36328
DOGEUSDT,1777461300000,2026-04-29 11:15:00,2026-04-29 20:15:00,0.1101,0.11023,0.10972,0.10972,6916731,761051.56929
DOGEUSDT,1777461600000,2026-04-29 11:20:00,2026-04-29 20:20:00,0.10973,0.10996,0.10952,0.10972,15246516,1672394.96521
DOGEUSDT,1777461900000,2026-04-29 11:25:00,2026-04-29 20:25:00,0.10972,0.10993,0.10971,0.10988,7027356,771635.30255
DOGEUSDT,1777462200000,2026-04-29 11:30:00,2026-04-29 20:30:00,0.10989,0.11015,0.10979,0.10998,14334312,1576983.10844
DOGEUSDT,1777462500000,2026-04-29 11:35:00,2026-04-29 20:35:00,0.10999,0.1105,0.10999,0.11031,11886630,1311011.28198
DOGEUSDT,1777462800000,2026-04-29 11:40:00,2026-04-29 20:40:00,0.11032,0.11061,0.1101,0.11022,5756624,635137.7551
DOGEUSDT,1777463100000,2026-04-29 11:45:00,2026-04-29 20:45:00,0.11022,0.11046,0.11012,0.1102,9480529,1045618.87141
DOGEUSDT,1777463400000,2026-04-29 11:50:00,2026-04-29 20:50:00,0.11021,0.11026,0.10979,0.11013,7470166,821590.47203
DOGEUSDT,1777463700000,2026-04-29 11:55:00,2026-04-29 20:55:00,0.11013,0.11014,0.10966,0.10969,4496464,494039.59029
DOGEUSDT,1777464000000,2026-04-29 12:00:00,2026-04-29 21:00:00,0.10969,0.10973,0.10761,0.10777,42946707,4659137.62796
DOGEUSDT,1777464300000,2026-04-29 12:05:00,2026-04-29 21:05:00,0.10777,0.10839,0.10776,0.10816,19560885,2115104.65159
DOGEUSDT,1777464600000,2026-04-29 12:10:00,2026-04-29 21:10:00,0.10815,0.10826,0.107,0.10707,31047341,3345996.28446
DOGEUSDT,1777464900000,2026-04-29 12:15:00,2026-04-29 21:15:00,0.10707,0.10808,0.107,0.10774,19054267,2051336.18548
DOGEUSDT,1777465200000,2026-04-29 12:20:00,2026-04-29 21:20:00,0.10775,0.10775,0.1066,0.10712,32032129,3430540.72646
DOGEUSDT,1777465500000,2026-04-29 12:25:00,2026-04-29 21:25:00,0.10711,0.10725,0.10645,0.10719,21183090,2264266.27575
DOGEUSDT,1777465800000,2026-04-29 12:30:00,2026-04-29 21:30:00,0.1072,0.1074,0.10673,0.10703,19811148,2119765.66836
DOGEUSDT,1777466100000,2026-04-29 12:35:00,2026-04-29 21:35:00,0.10704,0.10718,0.10684,0.10698,9016376,964726.46718
DOGEUSDT,1777466400000,2026-04-29 12:40:00,2026-04-29 21:40:00,0.10699,0.10722,0.1069,0.10713,7456030,798524.35506
DOGEUSDT,1777466700000,2026-04-29 12:45:00,2026-04-29 21:45:00,0.10712,0.10733,0.10683,0.107,6654335,712750.35681
DOGEUSDT,1777467000000,2026-04-29 12:50:00,2026-04-29 21:50:00,0.107,0.10749,0.10697,0.10712,4243795,455118.30907
DOGEUSDT,1777467300000,2026-04-29 12:55:00,2026-04-29 21:55:00,0.10712,0.10732,0.10708,0.10718,3522041,377569.5914
DOGEUSDT,1777467600000,2026-04-29 13:00:00,2026-04-29 22:00:00,0.10718,0.10746,0.10703,0.10726,7584114,813434.73422
DOGEUSDT,1777467900000,2026-04-29 13:05:00,2026-04-29 22:05:00,0.10726,0.10742,0.10698,0.10708,13383285,1433733.42954
DOGEUSDT,1777468200000,2026-04-29 13:10:00,2026-04-29 22:10:00,0.10708,0.1076,0.10705,0.10727,11031414,1183795.02476
DOGEUSDT,1777468500000,2026-04-29 13:15:00,2026-04-29 22:15:00,0.10728,0.10733,0.10688,0.10697,4654006,498838.23383
DOGEUSDT,1777468800000,2026-04-29 13:20:00,2026-04-29 22:20:00,0.10698,0.10704,0.10657,0.10674,11500920,1228217.99344
DOGEUSDT,1777469100000,2026-04-29 13:25:00,2026-04-29 22:25:00,0.10674,0.10695,0.10658,0.10675,9311338,993880.49599
DOGEUSDT,1777469400000,2026-04-29 13:30:00,2026-04-29 22:30:00,0.10674,0.10676,0.10559,0.10566,20751841,2204886.68968
DOGEUSDT,1777469700000,2026-04-29 13:35:00,2026-04-29 22:35:00,0.10566,0.10612,0.10546,0.10595,20803525,2201823.81389
DOGEUSDT,1777470000000,2026-04-29 13:40:00,2026-04-29 22:40:00,0.10595,0.10608,0.10572,0.10581,7347284,778273.86045
DOGEUSDT,1777470300000,2026-04-29 13:45:00,2026-04-29 22:45:00,0.10581,0.10596,0.10521,0.1058,16450011,1736805.17924
DOGEUSDT,1777470600000,2026-04-29 13:50:00,2026-04-29 22:50:00,0.1058,0.10642,0.10577,0.10628,9698757,1029581.91645
DOGEUSDT,1777470900000,2026-04-29 13:55:00,2026-04-29 22:55:00,0.10629,0.10664,0.10626,0.10637,4774292,508203.96116
DOGEUSDT,1777471200000,2026-04-29 14:00:00,2026-04-29 23:00:00,0.10636,0.10654,0.10611,0.10633,10633467,1130122.57819
DOGEUSDT,1777471500000,2026-04-29 14:05:00,2026-04-29 23:05:00,0.10633,0.10634,0.10613,0.10621,6819698,724604.0242
DOGEUSDT,1777471800000,2026-04-29 14:10:00,2026-04-29 23:10:00,0.10622,0.1064,0.10588,0.10594,7055011,748255.76727
DOGEUSDT,1777472100000,2026-04-29 14:15:00,2026-04-29 23:15:00,0.10594,0.10605,0.10564,0.10578,12358843,1307855.85682
DOGEUSDT,1777472400000,2026-04-29 14:20:00,2026-04-29 23:20:00,0.10578,0.10592,0.10556,0.10583,7611677,805212.15444
DOGEUSDT,1777472700000,2026-04-29 14:25:00,2026-04-29 23:25:00,0.10584,0.10592,0.10568,0.10584,7280866,770392.41233
DOGEUSDT,1777473000000,2026-04-29 14:30:00,2026-04-29 23:30:00,0.10585,0.10594,0.10562,0.10585,3811282,403231.66476
DOGEUSDT,1777473300000,2026-04-29 14:35:00,2026-04-29 23:35:00,0.10584,0.10623,0.10572,0.10588,5719550,606389.20364
DOGEUSDT,1777473600000,2026-04-29 14:40:00,2026-04-29 23:40:00,0.10587,0.10601,0.10571,0.10572,3734915,395230.299
DOGEUSDT,1777473900000,2026-04-29 14:45:00,2026-04-29 23:45:00,0.10573,0.10579,0.10524,0.10531,5926834,624759.15538
DOGEUSDT,1777474200000,2026-04-29 14:50:00,2026-04-29 23:50:00,0.10531,0.10532,0.10449,0.1051,22806882,2391549.57642
DOGEUSDT,1777474500000,2026-04-29 14:55:00,2026-04-29 23:55:00,0.10509,0.10519,0.10497,0.10514,6280897,660014.41991
DOGEUSDT,1777474800000,2026-04-29 15:00:00,2026-04-30 00:00:00,0.10515,0.10527,0.10496,0.1051,3882810,408170.83077
DOGEUSDT,1777475100000,2026-04-29 15:05:00,2026-04-30 00:05:00,0.1051,0.10518,0.10482,0.10507,5069898,532428.791
DOGEUSDT,1777475400000,2026-04-29 15:10:00,2026-04-30 00:10:00,0.10506,0.1051,0.10475,0.105,5547155,582244.20068
DOGEUSDT,1777475700000,2026-04-29 15:15:00,2026-04-30 00:15:00,0.10499,0.1053,0.10472,0.10525,5753344,604970.7348
DOGEUSDT,1777476000000,2026-04-29 15:20:00,2026-04-30 00:20:00,0.10525,0.10532,0.10499,0.10518,5393053,567042.96363
DOGEUSDT,1777476300000,2026-04-29 15:25:00,2026-04-30 00:25:00,0.10518,0.1054,0.10516,0.10528,3514581,369955.74528
DOGEUSDT,1777476600000,2026-04-29 15:30:00,2026-04-30 00:30:00,0.10529,0.10536,0.10433,0.10454,12515112,1311349.24095
DOGEUSDT,1777476900000,2026-04-29 15:35:00,2026-04-30 00:35:00,0.10455,0.10459,0.10338,0.10343,40285904,4186420.68711
DOGEUSDT,1777477200000,2026-04-29 15:40:00,2026-04-30 00:40:00,0.10342,0.10382,0.10333,0.10335,18011146,1865042.35761
DOGEUSDT,1777477500000,2026-04-29 15:45:00,2026-04-30 00:45:00,0.10336,0.10398,0.10336,0.10374,8241166,855188.76023
DOGEUSDT,1777477800000,2026-04-29 15:50:00,2026-04-30 00:50:00,0.10374,0.10375,0.10326,0.1034,10034440,1038010.27759
DOGEUSDT,1777478100000,2026-04-29 15:55:00,2026-04-30 00:55:00,0.1034,0.10343,0.10295,0.1034,18048639,1862308.59935
DOGEUSDT,1777478400000,2026-04-29 16:00:00,2026-04-30 01:00:00,0.10339,0.1038,0.10318,0.10378,17108246,1767890.20521
DOGEUSDT,1777478700000,2026-04-29 16:05:00,2026-04-30 01:05:00,0.10377,0.10391,0.10356,0.10365,15168491,1573614.79669
DOGEUSDT,1777479000000,2026-04-29 16:10:00,2026-04-30 01:10:00,0.10364,0.10376,0.10329,0.10329,3596095,372341.94297
DOGEUSDT,1777479300000,2026-04-29 16:15:00,2026-04-30 01:15:00,0.10329,0.10341,0.10277,0.10291,10503595,1082104.97166
DOGEUSDT,1777479600000,2026-04-29 16:20:00,2026-04-30 01:20:00,0.1029,0.1029,0.10244,0.10254,12566635,1289808.46109
DOGEUSDT,1777479900000,2026-04-29 16:25:00,2026-04-30 01:25:00,0.10254,0.10278,0.1025,0.10266,5455314,560076.71101
DOGEUSDT,1777480200000,2026-04-29 16:30:00,2026-04-30 01:30:00,0.10266,0.10272,0.10239,0.10251,8635778,885658.30245
DOGEUSDT,1777480500000,2026-04-29 16:35:00,2026-04-30 01:35:00,0.10251,0.10254,0.10176,0.10231,18366289,1872958.41925
DOGEUSDT,1777480800000,2026-04-29 16:40:00,2026-04-30 01:40:00,0.10231,0.10238,0.10195,0.10215,17408715,1778048.93662
DOGEUSDT,1777481100000,2026-04-29 16:45:00,2026-04-30 01:45:00,0.10216,0.10229,0.10196,0.10207,6201675,633525.66839
DOGEUSDT,1777481400000,2026-04-29 16:50:00,2026-04-30 01:50:00,0.10206,0.10214,0.10181,0.10201,9529197,971706.18503
DOGEUSDT,1777481700000,2026-04-29 16:55:00,2026-04-30 01:55:00,0.10202,0.1023,0.10185,0.10229,16369748,1669845.93034
DOGEUSDT,1777482000000,2026-04-29 17:00:00,2026-04-30 02:00:00,0.1023,0.10298,0.10227,0.10294,20430584,2099446.21714
DOGEUSDT,1777482300000,2026-04-29 17:05:00,2026-04-30 02:05:00,0.10294,0.10295,0.10234,0.1025,10005352,1025792.31688
DOGEUSDT,1777482600000,2026-04-29 17:10:00,2026-04-30 02:10:00,0.10249,0.10254,0.10212,0.10228,4332132,443366.57662
DOGEUSDT,1777482900000,2026-04-29 17:15:00,2026-04-30 02:15:00,0.10229,0.10269,0.10218,0.10255,6568854,672765.19405
DOGEUSDT,1777483200000,2026-04-29 17:20:00,2026-04-30 02:20:00,0.10255,0.10301,0.10255,0.10274,8657256,890106.38845
DOGEUSDT,1777483500000,2026-04-29 17:25:00,2026-04-30 02:25:00,0.10274,0.10274,0.10221,0.10252,3781974,387580.68071
DOGEUSDT,1777483800000,2026-04-29 17:30:00,2026-04-30 02:30:00,0.10252,0.10281,0.10247,0.1027,3785506,388761.36182
DOGEUSDT,1777484100000,2026-04-29 17:35:00,2026-04-30 02:35:00,0.10269,0.1042,0.10269,0.10327,27580069,2854981.19021
DOGEUSDT,1777484400000,2026-04-29 17:40:00,2026-04-30 02:40:00,0.10326,0.10556,0.1032,0.10376,22790202,2370512.42999
DOGEUSDT,1777484700000,2026-04-29 17:45:00,2026-04-30 02:45:00,0.10375,0.10389,0.10355,0.10368,6276350,651002.33294
DOGEUSDT,1777485000000,2026-04-29 17:50:00,2026-04-30 02:50:00,0.10367,0.10379,0.10355,0.10371,2921130,302844.47239
DOGEUSDT,1777485300000,2026-04-29 17:55:00,2026-04-30 02:55:00,0.10372,0.10405,0.10355,0.10395,4583043,475582.42088
DOGEUSDT,1777485600000,2026-04-29 18:00:00,2026-04-30 03:00:00,0.10395,0.10406,0.10342,0.10362,7603788,788877.25733
DOGEUSDT,1777485900000,2026-04-29 18:05:00,2026-04-30 03:05:00,0.10362,0.10368,0.10106,0.10118,43838223,4477548.53286
DOGEUSDT,1777486200000,2026-04-29 18:10:00,2026-04-30 03:10:00,0.10118,0.1021,0.10096,0.1019,19967286,2029112.52799
DOGEUSDT,1777486500000,2026-04-29 18:15:00,2026-04-30 03:15:00,0.10189,0.1021,0.1014,0.10143,9454092,962495.00652
DOGEUSDT,1777486800000,2026-04-29 18:20:00,2026-04-30 03:20:00,0.10143,0.10212,0.10133,0.10199,7690753,782964.4135
DOGEUSDT,1777487100000,2026-04-29 18:25:00,2026-04-30 03:25:00,0.10198,0.10201,0.10136,0.10149,6415018,651549.40125
DOGEUSDT,1777487400000,2026-04-29 18:30:00,2026-04-30 03:30:00,0.10148,0.10153,0.10096,0.10144,15675980,1587304.06208
DOGEUSDT,1777487700000,2026-04-29 18:35:00,2026-04-30 03:35:00,0.10144,0.10205,0.10138,0.10194,7368491,749966.26502
DOGEUSDT,1777488000000,2026-04-29 18:40:00,2026-04-30 03:40:00,0.10193,0.10193,0.10149,0.10153,3029755,307979.3125
DOGEUSDT,1777488300000,2026-04-29 18:45:00,2026-04-30 03:45:00,0.10154,0.10172,0.10141,0.10161,4239482,430574.70583
DOGEUSDT,1777488600000,2026-04-29 18:50:00,2026-04-30 03:50:00,0.10161,0.10201,0.10161,0.10194,4579782,466487.66346
DOGEUSDT,1777488900000,2026-04-29 18:55:00,2026-04-30 03:55:00,0.10194,0.1022,0.10189,0.1022,13245070,1352112.71495
DOGEUSDT,1777489200000,2026-04-29 19:00:00,2026-04-30 04:00:00,0.10219,0.10223,0.10177,0.10207,3816475,389358.89471
DOGEUSDT,1777489500000,2026-04-29 19:05:00,2026-04-30 04:05:00,0.10207,0.10208,0.10182,0.10188,2513135,256208.47685
DOGEUSDT,1777489800000,2026-04-29 19:10:00,2026-04-30 04:10:00,0.10187,0.10218,0.10181,0.10214,2922620,297971.90964
DOGEUSDT,1777490100000,2026-04-29 19:15:00,2026-04-30 04:15:00,0.10215,0.10224,0.10192,0.10198,4201469,428711.69063
DOGEUSDT,1777490400000,2026-04-29 19:20:00,2026-04-30 04:20:00,0.10199,0.102,0.10173,0.10179,1818859,185329.61613
DOGEUSDT,1777490700000,2026-04-29 19:25:00,2026-04-30 04:25:00,0.10179,0.10182,0.10169,0.10178,1520706,154742.94603
DOGEUSDT,1777491000000,2026-04-29 19:30:00,2026-04-30 04:30:00,0.10177,0.1018,0.1014,0.1016,3534431,358968.12627
DOGEUSDT,1777491300000,2026-04-29 19:35:00,2026-04-30 04:35:00,0.1016,0.10162,0.10133,0.1015,6806623,690315.03901
DOGEUSDT,1777491600000,2026-04-29 19:40:00,2026-04-30 04:40:00,0.1015,0.1016,0.10127,0.1013,4135045,419135.82012
DOGEUSDT,1777491900000,2026-04-29 19:45:00,2026-04-30 04:45:00,0.10131,0.10143,0.10113,0.10124,4038427,408975.33126
DOGEUSDT,1777492200000,2026-04-29 19:50:00,2026-04-30 04:50:00,0.10124,0.1015,0.10105,0.10146,5908769,597930.91471
DOGEUSDT,1777492500000,2026-04-29 19:55:00,2026-04-30 04:55:00,0.10145,0.1015,0.10132,0.10145,3797830,385129.32212
DOGEUSDT,1777492800000,2026-04-29 20:00:00,2026-04-30 05:00:00,0.10145,0.10203,0.10141,0.10177,8056930,819670.52618
DOGEUSDT,1777493100000,2026-04-29 20:05:00,2026-04-30 05:05:00,0.10177,0.10195,0.10167,0.10178,4911645,500393.96213
DOGEUSDT,1777493400000,2026-04-29 20:10:00,2026-04-30 05:10:00,0.10178,0.10195,0.10149,0.10152,1651723,168069.7341
DOGEUSDT,1777493700000,2026-04-29 20:15:00,2026-04-30 05:15:00,0.10152,0.10185,0.10146,0.10185,1296844,131789.00105
DOGEUSDT,1777494000000,2026-04-29 20:20:00,2026-04-30 05:20:00,0.10184,0.10192,0.10176,0.1018,1809490,184282.78478
DOGEUSDT,1777494300000,2026-04-29 20:25:00,2026-04-30 05:25:00,0.10181,0.10195,0.10177,0.10195,1891199,192676.6991
DOGEUSDT,1777494600000,2026-04-29 20:30:00,2026-04-30 05:30:00,0.10195,0.10204,0.10183,0.10192,1970044,200814.89285
DOGEUSDT,1777494900000,2026-04-29 20:35:00,2026-04-30 05:35:00,0.10193,0.10217,0.10192,0.10202,4640195,473563.9393
DOGEUSDT,1777495200000,2026-04-29 20:40:00,2026-04-30 05:40:00,0.10202,0.10216,0.10188,0.10212,1544259,157561.81726
DOGEUSDT,1777495500000,2026-04-29 20:45:00,2026-04-30 05:45:00,0.10212,0.10233,0.10211,0.10223,1660248,169748.16004
DOGEUSDT,1777495800000,2026-04-29 20:50:00,2026-04-30 05:50:00,0.10223,0.10233,0.10223,0.10226,3212113,328544.08971
DOGEUSDT,1777496100000,2026-04-29 20:55:00,2026-04-30 05:55:00,0.10226,0.10251,0.10211,0.10214,3663926,375004.65513
DOGEUSDT,1777496400000,2026-04-29 21:00:00,2026-04-30 06:00:00,0.10214,0.10219,0.10197,0.10199,3232261,329938.11538
DOGEUSDT,1777496700000,2026-04-29 21:05:00,2026-04-30 06:05:00,0.10198,0.10214,0.10198,0.10206,2363786,241288.77778
DOGEUSDT,1777497000000,2026-04-29 21:10:00,2026-04-30 06:10:00,0.10206,0.10251,0.10206,0.10238,2222225,227413.72119
DOGEUSDT,1777497300000,2026-04-29 21:15:00,2026-04-30 06:15:00,0.10237,0.10253,0.1023,0.10249,1953262,199952.66893
DOGEUSDT,1777497600000,2026-04-29 21:20:00,2026-04-30 06:20:00,0.10249,0.10288,0.10244,0.10285,2851005,292692.47263
DOGEUSDT,1777497900000,2026-04-29 21:25:00,2026-04-30 06:25:00,0.10285,0.10293,0.10279,0.1029,1817319,186919.98832
DOGEUSDT,1777498200000,2026-04-29 21:30:00,2026-04-30 06:30:00,0.1029,0.10313,0.10286,0.10311,4874308,502103.88186
DOGEUSDT,1777498500000,2026-04-29 21:35:00,2026-04-30 06:35:00,0.10312,0.10327,0.10299,0.10321,2707046,279219.28253
DOGEUSDT,1777498800000,2026-04-29 21:40:00,2026-04-30 06:40:00,0.10321,0.1035,0.10319,0.10346,2856370,295249.32657
DOGEUSDT,1777499100000,2026-04-29 21:45:00,2026-04-30 06:45:00,0.10345,0.10365,0.10336,0.10352,3344958,346303.9377
DOGEUSDT,1777499400000,2026-04-29 21:50:00,2026-04-30 06:50:00,0.10352,0.10356,0.10314,0.10344,2929521,302546.85893
DOGEUSDT,1777499700000,2026-04-29 21:55:00,2026-04-30 06:55:00,0.10343,0.10344,0.1032,0.10324,1598260,165140.06993
DOGEUSDT,1777500000000,2026-04-29 22:00:00,2026-04-30 07:00:00,0.10324,0.10324,0.10297,0.10308,2063490,212706.34896
DOGEUSDT,1777500300000,2026-04-29 22:05:00,2026-04-30 07:05:00,0.10309,0.10335,0.10308,0.10324,1618203,167123.84223
DOGEUSDT,1777500600000,2026-04-29 22:10:00,2026-04-30 07:10:00,0.10325,0.10329,0.10313,0.10327,889049,91740.62407
DOGEUSDT,1777500900000,2026-04-29 22:15:00,2026-04-30 07:15:00,0.10327,0.10329,0.10317,0.10327,1040621,107437.61841
DOGEUSDT,1777501200000,2026-04-29 22:20:00,2026-04-30 07:20:00,0.10326,0.10327,0.10312,0.10319,2187027,225656.43742
DOGEUSDT,1777501500000,2026-04-29 22:25:00,2026-04-30 07:25:00,0.10318,0.10331,0.10316,0.10327,1150942,118790.25214
DOGEUSDT,1777501800000,2026-04-29 22:30:00,2026-04-30 07:30:00,0.10327,0.10375,0.10327,0.10374,3201107,331470.17846
DOGEUSDT,1777502100000,2026-04-29 22:35:00,2026-04-30 07:35:00,0.10374,0.10374,0.10344,0.10364,1684828,174479.27066
DOGEUSDT,1777502400000,2026-04-29 22:40:00,2026-04-30 07:40:00,0.10364,0.10364,0.10341,0.10345,2722399,281760.96531
DOGEUSDT,1777502700000,2026-04-29 22:45:00,2026-04-30 07:45:00,0.10345,0.1036,0.10343,0.10357,1497197,155007.95016
DOGEUSDT,1777503000000,2026-04-29 22:50:00,2026-04-30 07:50:00,0.10356,0.10384,0.1035,0.10372,2696160,279561.34014
DOGEUSDT,1777503300000,2026-04-29 22:55:00,2026-04-30 07:55:00,0.10372,0.10373,0.10343,0.10351,3809574,394534.11595
DOGEUSDT,1777503600000,2026-04-29 23:00:00,2026-04-30 08:00:00,0.10352,0.10376,0.10342,0.10343,4750651,492139.51813
DOGEUSDT,1777503900000,2026-04-29 23:05:00,2026-04-30 08:05:00,0.10342,0.10374,0.10342,0.10371,1708744,176906.50591
DOGEUSDT,1777504200000,2026-04-29 23:10:00,2026-04-30 08:10:00,0.10371,0.1039,0.1036,0.10382,3114322,323155.5223
DOGEUSDT,1777504500000,2026-04-29 23:15:00,2026-04-30 08:15:00,0.10383,0.10383,0.10355,0.10355,1364254,141467.26391
DOGEUSDT,1777504800000,2026-04-29 23:20:00,2026-04-30 08:20:00,0.10355,0.10369,0.10347,0.10352,3497624,362194.9077
DOGEUSDT,1777505100000,2026-04-29 23:25:00,2026-04-30 08:25:00,0.10352,0.10377,0.10352,0.10361,2547234,264041.47685
DOGEUSDT,1777505400000,2026-04-29 23:30:00,2026-04-30 08:30:00,0.10361,0.10369,0.10348,0.1036,1879137,194627.96753
DOGEUSDT,1777505700000,2026-04-29 23:35:00,2026-04-30 08:35:00,0.1036,0.1039,0.10352,0.1039,2580774,267662.38343
DOGEUSDT,1777506000000,2026-04-29 23:40:00,2026-04-30 08:40:00,0.1039,0.10405,0.1038,0.10394,3390041,352430.26226
DOGEUSDT,1777506300000,2026-04-29 23:45:00,2026-04-30 08:45:00,0.10394,0.10412,0.10384,0.10402,3400746,353688.11266
DOGEUSDT,1777506600000,2026-04-29 23:50:00,2026-04-30 08:50:00,0.10402,0.10422,0.10401,0.10408,1893268,197072.61147
DOGEUSDT,1777506900000,2026-04-29 23:55:00,2026-04-30 08:55:00,0.10408,0.10411,0.10395,0.10408,3732616,388245.29404
DOGEUSDT,1777507200000,2026-04-30 00:00:00,2026-04-30 09:00:00,0.10407,0.10422,0.10397,0.10397,3634372,378381.89308
DOGEUSDT,1777507500000,2026-04-30 00:05:00,2026-04-30 09:05:00,0.10397,0.10434,0.10397,0.10425,3273268,341080.7414
DOGEUSDT,1777507800000,2026-04-30 00:10:00,2026-04-30 09:10:00,0.10425,0.10442,0.10411,0.10438,4698559,490071.54184
DOGEUSDT,1777508100000,2026-04-30 00:15:00,2026-04-30 09:15:00,0.10438,0.1048,0.10425,0.10478,11240860,1174498.88438
DOGEUSDT,1777508400000,2026-04-30 00:20:00,2026-04-30 09:20:00,0.10479,0.10536,0.10472,0.10524,11182245,1174294.15144
DOGEUSDT,1777508700000,2026-04-30 00:25:00,2026-04-30 09:25:00,0.10524,0.10573,0.10519,0.10565,12654655,1334707.04159
DOGEUSDT,1777509000000,2026-04-30 00:30:00,2026-04-30 09:30:00,0.10565,0.1067,0.10559,0.10626,23752052,2521865.08523
DOGEUSDT,1777509300000,2026-04-30 00:35:00,2026-04-30 09:35:00,0.10626,0.10696,0.1062,0.1068,15632386,1666938.98419
DOGEUSDT,1777509600000,2026-04-30 00:40:00,2026-04-30 09:40:00,0.10679,0.10713,0.10645,0.10677,23968273,2557757.24219
DOGEUSDT,1777509900000,2026-04-30 00:45:00,2026-04-30 09:45:00,0.10676,0.10772,0.10673,0.10704,28294794,3035250.00033
DOGEUSDT,1777510200000,2026-04-30 00:50:00,2026-04-30 09:50:00,0.10703,0.1082,0.10703,0.10819,13426838,1446031.13388
DOGEUSDT,1777510500000,2026-04-30 00:55:00,2026-04-30 09:55:00,0.1082,0.10831,0.10773,0.10794,25051028,2708269.10293
DOGEUSDT,1777510800000,2026-04-30 01:00:00,2026-04-30 10:00:00,0.10794,0.10841,0.10789,0.10796,12116771,1311126.04785
DOGEUSDT,1777511100000,2026-04-30 01:05:00,2026-04-30 10:05:00,0.10797,0.10804,0.10658,0.10689,29879883,3207449.34265
DOGEUSDT,1777511400000,2026-04-30 01:10:00,2026-04-30 10:10:00,0.10689,0.107,0.10636,0.10684,7109362,758553.61713
DOGEUSDT,1777511700000,2026-04-30 01:15:00,2026-04-30 10:15:00,0.10684,0.10703,0.10658,0.107,4794255,511844.78325
DOGEUSDT,1777512000000,2026-04-30 01:20:00,2026-04-30 10:20:00,0.107,0.10719,0.10665,0.10681,4566105,488082.86516
DOGEUSDT,1777512300000,2026-04-30 01:25:00,2026-04-30 10:25:00,0.1068,0.1075,0.10679,0.10714,7773760,833711.93431
DOGEUSDT,1777512600000,2026-04-30 01:30:00,2026-04-30 10:30:00,0.10715,0.10772,0.10715,0.10752,5206615,559483.51068
DOGEUSDT,1777512900000,2026-04-30 01:35:00,2026-04-30 10:35:00,0.10752,0.10773,0.10711,0.10751,7716044,829071.67609
DOGEUSDT,1777513200000,2026-04-30 01:40:00,2026-04-30 10:40:00,0.10751,0.10765,0.10725,0.10744,8485058,911833.95138
DOGEUSDT,1777513500000,2026-04-30 01:45:00,2026-04-30 10:45:00,0.10745,0.10763,0.10729,0.10745,4046646,434898.7243
DOGEUSDT,1777513800000,2026-04-30 01:50:00,2026-04-30 10:50:00,0.10744,0.10787,0.10741,0.10755,6103442,656843.28408
DOGEUSDT,1777514100000,2026-04-30 01:55:00,2026-04-30 10:55:00,0.10754,0.10759,0.10681,0.10691,6065808,650115.63635
DOGEUSDT,1777514400000,2026-04-30 02:00:00,2026-04-30 11:00:00,0.10691,0.1073,0.10686,0.10717,5919550,633802.29577
DOGEUSDT,1777514700000,2026-04-30 02:05:00,2026-04-30 11:05:00,0.10717,0.10722,0.10684,0.10704,4901850,524429.68783
DOGEUSDT,1777515000000,2026-04-30 02:10:00,2026-04-30 11:10:00,0.10704,0.10724,0.10691,0.10699,1844846,197528.63578
DOGEUSDT,1777515300000,2026-04-30 02:15:00,2026-04-30 11:15:00,0.10699,0.10727,0.10675,0.10726,3099712,331838.81677
DOGEUSDT,1777515600000,2026-04-30 02:20:00,2026-04-30 11:20:00,0.10726,0.10728,0.10667,0.10688,7500693,801808.85217
DOGEUSDT,1777515900000,2026-04-30 02:25:00,2026-04-30 11:25:00,0.10689,0.10714,0.1068,0.10695,3203361,342761.59315
DOGEUSDT,1777516200000,2026-04-30 02:30:00,2026-04-30 11:30:00,0.10695,0.10698,0.10519,0.10547,27856375,2952477.22083
DOGEUSDT,1777516500000,2026-04-30 02:35:00,2026-04-30 11:35:00,0.10547,0.10584,0.10501,0.10518,9598791,1011856.95803
DOGEUSDT,1777516800000,2026-04-30 02:40:00,2026-04-30 11:40:00,0.10519,0.1055,0.10499,0.10532,19455593,2045571.42951
DOGEUSDT,1777517100000,2026-04-30 02:45:00,2026-04-30 11:45:00,0.10531,0.10542,0.1045,0.10462,42419494,4445781.39977
DOGEUSDT,1777517400000,2026-04-30 02:50:00,2026-04-30 11:50:00,0.10463,0.10516,0.10463,0.10514,22104076,2319595.43465
DOGEUSDT,1777517700000,2026-04-30 02:55:00,2026-04-30 11:55:00,0.10515,0.10557,0.10502,0.10539,8676697,913397.95005
DOGEUSDT,1777518000000,2026-04-30 03:00:00,2026-04-30 12:00:00,0.10538,0.10568,0.10515,0.10566,4899787,516295.23335
DOGEUSDT,1777518300000,2026-04-30 03:05:00,2026-04-30 12:05:00,0.10567,0.1059,0.10553,0.10574,7556363,798929.99461
DOGEUSDT,1777518600000,2026-04-30 03:10:00,2026-04-30 12:10:00,0.10575,0.10582,0.1056,0.10574,2655108,280701.58126
DOGEUSDT,1777518900000,2026-04-30 03:15:00,2026-04-30 12:15:00,0.10574,0.1066,0.10561,0.10606,11674531,1238843.93471
DOGEUSDT,1777519200000,2026-04-30 03:20:00,2026-04-30 12:20:00,0.10606,0.10622,0.10587,0.10609,4537181,481155.83518
DOGEUSDT,1777519500000,2026-04-30 03:25:00,2026-04-30 12:25:00,0.10608,0.10628,0.10606,0.10624,7672649,814583.54047
DOGEUSDT,1777519800000,2026-04-30 03:30:00,2026-04-30 12:30:00,0.10624,0.10629,0.106,0.10614,1821992,193412.42521
DOGEUSDT,1777520100000,2026-04-30 03:35:00,2026-04-30 12:35:00,0.10614,0.10718,0.10614,0.10699,8117007,866315.77373
DOGEUSDT,1777520400000,2026-04-30 03:40:00,2026-04-30 12:40:00,0.10698,0.10728,0.1068,0.10727,5723662,612510.98451
DOGEUSDT,1777520700000,2026-04-30 03:45:00,2026-04-30 12:45:00,0.10727,0.10749,0.10672,0.10673,6942795,743704.8228
DOGEUSDT,1777521000000,2026-04-30 03:50:00,2026-04-30 12:50:00,0.10672,0.10699,0.10668,0.10698,2454553,262218.92398
DOGEUSDT,1777521300000,2026-04-30 03:55:00,2026-04-30 12:55:00,0.10697,0.10698,0.10672,0.1068,2540479,271341.13199
DOGEUSDT,1777521600000,2026-04-30 04:00:00,2026-04-30 13:00:00,0.10679,0.10683,0.1064,0.1065,4977192,530470.8059
DOGEUSDT,1777521900000,2026-04-30 04:05:00,2026-04-30 13:05:00,0.1065,0.10656,0.10599,0.10638,7788575,827507.36131
DOGEUSDT,1777522200000,2026-04-30 04:10:00,2026-04-30 13:10:00,0.10637,0.10652,0.1062,0.10642,4361635,463857.40316
DOGEUSDT,1777522500000,2026-04-30 04:15:00,2026-04-30 13:15:00,0.10643,0.10647,0.10598,0.10608,6341860,672884.09554
DOGEUSDT,1777522800000,2026-04-30 04:20:00,2026-04-30 13:20:00,0.10607,0.1061,0.1058,0.10589,2773401,293729.85134
DOGEUSDT,1777523100000,2026-04-30 04:25:00,2026-04-30 13:25:00,0.10589,0.10604,0.10587,0.1059,1400875,148437.98897
DOGEUSDT,1777523400000,2026-04-30 04:30:00,2026-04-30 13:30:00,0.10589,0.10595,0.10537,0.10542,7087422,748568.10201
DOGEUSDT,1777523700000,2026-04-30 04:35:00,2026-04-30 13:35:00,0.10543,0.10556,0.10504,0.10511,7585306,798674.2419
DOGEUSDT,1777524000000,2026-04-30 04:40:00,2026-04-30 13:40:00,0.10511,0.10529,0.10496,0.10497,9163792,963272.93046
DOGEUSDT,1777524300000,2026-04-30 04:45:00,2026-04-30 13:45:00,0.10496,0.10534,0.10495,0.10504,4126316,434006.12399
DOGEUSDT,1777524600000,2026-04-30 04:50:00,2026-04-30 13:50:00,0.10505,0.10512,0.1049,0.10493,8046358,845434.41582
DOGEUSDT,1777524900000,2026-04-30 04:55:00,2026-04-30 13:55:00,0.10492,0.10506,0.10478,0.10499,3802491,398824.79893
DOGEUSDT,1777525200000,2026-04-30 05:00:00,2026-04-30 14:00:00,0.10499,0.1054,0.10499,0.10519,6253974,658184.32573
DOGEUSDT,1777525500000,2026-04-30 05:05:00,2026-04-30 14:05:00,0.10519,0.10566,0.10519,0.10549,5200025,548567.35213
DOGEUSDT,1777525800000,2026-04-30 05:10:00,2026-04-30 14:10:00,0.10548,0.10554,0.10535,0.10544,2627234,277042.15373
DOGEUSDT,1777526100000,2026-04-30 05:15:00,2026-04-30 14:15:00,0.10544,0.10551,0.10531,0.10541,1532397,161535.62782
DOGEUSDT,1777526400000,2026-04-30 05:20:00,2026-04-30 14:20:00,0.10541,0.10543,0.10512,0.1052,5121109,539311.64577
DOGEUSDT,1777526700000,2026-04-30 05:25:00,2026-04-30 14:25:00,0.1052,0.10588,0.10434,0.10498,38941153,4080204.70761
DOGEUSDT,1777527000000,2026-04-30 05:30:00,2026-04-30 14:30:00,0.10498,0.10565,0.10492,0.10562,12691434,1335575.13614
DOGEUSDT,1777527300000,2026-04-30 05:35:00,2026-04-30 14:35:00,0.10562,0.10575,0.1055,0.1057,4003647,422915.50712
DOGEUSDT,1777527600000,2026-04-30 05:40:00,2026-04-30 14:40:00,0.1057,0.10595,0.10568,0.10572,3578685,378716.14934
DOGEUSDT,1777527900000,2026-04-30 05:45:00,2026-04-30 14:45:00,0.10572,0.10589,0.10563,0.10567,3921737,414799.63941
DOGEUSDT,1777528200000,2026-04-30 05:50:00,2026-04-30 14:50:00,0.10566,0.10592,0.10562,0.10575,1916907,202822.77591
DOGEUSDT,1777528500000,2026-04-30 05:55:00,2026-04-30 14:55:00,0.10576,0.10585,0.10539,0.10543,2125728,224561.93357
DOGEUSDT,1777528800000,2026-04-30 06:00:00,2026-04-30 15:00:00,0.10543,0.1055,0.10528,0.10539,3156173,332592.34788
DOGEUSDT,1777529100000,2026-04-30 06:05:00,2026-04-30 15:05:00,0.10539,0.10574,0.10539,0.10553,3979665,420090.15769
DOGEUSDT,1777529400000,2026-04-30 06:10:00,2026-04-30 15:10:00,0.10553,0.10572,0.10544,0.10568,5124745,540882.35355
DOGEUSDT,1777529700000,2026-04-30 06:15:00,2026-04-30 15:15:00,0.10568,0.10588,0.10564,0.10582,2173012,229830.09461
DOGEUSDT,1777530000000,2026-04-30 06:20:00,2026-04-30 15:20:00,0.10582,0.10594,0.10551,0.10553,1593077,168449.76028
DOGEUSDT,1777530300000,2026-04-30 06:25:00,2026-04-30 15:25:00,0.10553,0.10569,0.10551,0.10558,932184,98450.4003
DOGEUSDT,1777530600000,2026-04-30 06:30:00,2026-04-30 15:30:00,0.10558,0.10619,0.10558,0.10618,4352052,461344.32903
DOGEUSDT,1777530900000,2026-04-30 06:35:00,2026-04-30 15:35:00,0.10619,0.10627,0.106,0.10609,2787713,295774.11795
DOGEUSDT,1777531200000,2026-04-30 06:40:00,2026-04-30 15:40:00,0.10609,0.10616,0.10584,0.10605,2635855,279419.46588
DOGEUSDT,1777531500000,2026-04-30 06:45:00,2026-04-30 15:45:00,0.10605,0.10615,0.10592,0.10615,3816800,404843.27923
DOGEUSDT,1777531800000,2026-04-30 06:50:00,2026-04-30 15:50:00,0.10615,0.10643,0.10613,0.10623,4789053,508787.6853
DOGEUSDT,1777532100000,2026-04-30 06:55:00,2026-04-30 15:55:00,0.10622,0.1063,0.10601,0.10626,6560393,696710.88625
DOGEUSDT,1777532400000,2026-04-30 07:00:00,2026-04-30 16:00:00,0.10626,0.10648,0.10606,0.10624,2273651,241577.95661
DOGEUSDT,1777532700000,2026-04-30 07:05:00,2026-04-30 16:05:00,0.10623,0.10638,0.10597,0.10633,13485793,1432133.08292
DOGEUSDT,1777533000000,2026-04-30 07:10:00,2026-04-30 16:10:00,0.10632,0.10641,0.10618,0.10624,2948021,313251.19009
DOGEUSDT,1777533300000,2026-04-30 07:15:00,2026-04-30 16:15:00,0.10623,0.1063,0.10599,0.10606,2119214,224919.18755
DOGEUSDT,1777533600000,2026-04-30 07:20:00,2026-04-30 16:20:00,0.10605,0.10629,0.10601,0.10624,4977566,528504.00079
DOGEUSDT,1777533900000,2026-04-30 07:25:00,2026-04-30 16:25:00,0.10624,0.10637,0.10612,0.10622,2006822,213248.5088
DOGEUSDT,1777534200000,2026-04-30 07:30:00,2026-04-30 16:30:00,0.10623,0.10666,0.10614,0.10664,3932118,418444.40735
DOGEUSDT,1777534500000,2026-04-30 07:35:00,2026-04-30 16:35:00,0.10663,0.10687,0.10641,0.10658,10521942,1121585.11718
DOGEUSDT,1777534800000,2026-04-30 07:40:00,2026-04-30 16:40:00,0.10658,0.10684,0.10651,0.10675,5797226,618707.56449
DOGEUSDT,1777535100000,2026-04-30 07:45:00,2026-04-30 16:45:00,0.10674,0.10699,0.1066,0.10698,3283868,350563.06713
DOGEUSDT,1777535400000,2026-04-30 07:50:00,2026-04-30 16:50:00,0.10698,0.107,0.10669,0.10683,2940386,314236.15265
DOGEUSDT,1777535700000,2026-04-30 07:55:00,2026-04-30 16:55:00,0.10682,0.10708,0.10681,0.10701,2814218,300968.5861
DOGEUSDT,1777536000000,2026-04-30 08:00:00,2026-04-30 17:00:00,0.10701,0.10726,0.10673,0.10695,4860947,519764.7491
DOGEUSDT,1777536300000,2026-04-30 08:05:00,2026-04-30 17:05:00,0.10694,0.10716,0.10683,0.10703,3591686,384286.83424
DOGEUSDT,1777536600000,2026-04-30 08:10:00,2026-04-30 17:10:00,0.10704,0.10706,0.10675,0.10676,2479465,265069.98227
DOGEUSDT,1777536900000,2026-04-30 08:15:00,2026-04-30 17:15:00,0.10675,0.10698,0.10658,0.10695,2971001,317232.68249
DOGEUSDT,1777537200000,2026-04-30 08:20:00,2026-04-30 17:20:00,0.10695,0.10699,0.10642,0.10651,6982976,744790.17152
DOGEUSDT,1777537500000,2026-04-30 08:25:00,2026-04-30 17:25:00,0.10652,0.10681,0.10652,0.10671,7464786,796154.18245
DOGEUSDT,1777537800000,2026-04-30 08:30:00,2026-04-30 17:30:00,0.10671,0.10678,0.10656,0.10672,2683744,286307.449
DOGEUSDT,1777538100000,2026-04-30 08:35:00,2026-04-30 17:35:00,0.10672,0.10682,0.10662,0.10668,1072700,114490.18959
DOGEUSDT,1777538400000,2026-04-30 08:40:00,2026-04-30 17:40:00,0.10669,0.10731,0.10661,0.10713,5956271,637274.48389
DOGEUSDT,1777538700000,2026-04-30 08:45:00,2026-04-30 17:45:00,0.10714,0.10715,0.10686,0.10692,2173868,232551.05694
DOGEUSDT,1777539000000,2026-04-30 08:50:00,2026-04-30 17:50:00,0.10693,0.10696,0.10675,0.10689,1435341,153393.33118
DOGEUSDT,1777539300000,2026-04-30 08:55:00,2026-04-30 17:55:00,0.10689,0.1071,0.10684,0.10696,7440148,795523.65939
DOGEUSDT,1777539600000,2026-04-30 09:00:00,2026-04-30 18:00:00,0.10695,0.10721,0.10695,0.10717,4272966,457696.10553
DOGEUSDT,1777539900000,2026-04-30 09:05:00,2026-04-30 18:05:00,0.10718,0.10732,0.10704,0.10714,4078040,437213.10737
DOGEUSDT,1777540200000,2026-04-30 09:10:00,2026-04-30 18:10:00,0.10713,0.10714,0.10675,0.10695,2353340,251682.88346
DOGEUSDT,1777540500000,2026-04-30 09:15:00,2026-04-30 18:15:00,0.10695,0.10723,0.10687,0.10714,13080832,1400317.5095
DOGEUSDT,1777540800000,2026-04-30 09:20:00,2026-04-30 18:20:00,0.10714,0.10737,0.10697,0.10729,4976630,533361.83648
DOGEUSDT,1777541100000,2026-04-30 09:25:00,2026-04-30 18:25:00,0.10728,0.10753,0.10717,0.10743,9922763,1065412.48903
DOGEUSDT,1777541400000,2026-04-30 09:30:00,2026-04-30 18:30:00,0.10743,0.10794,0.10743,0.10755,6895891,742475.78553
DOGEUSDT,1777541700000,2026-04-30 09:35:00,2026-04-30 18:35:00,0.10756,0.10813,0.10756,0.10811,7482637,807739.74924
DOGEUSDT,1777542000000,2026-04-30 09:40:00,2026-04-30 18:40:00,0.10811,0.10813,0.10775,0.10779,9583287,1033934.95689
DOGEUSDT,1777542300000,2026-04-30 09:45:00,2026-04-30 18:45:00,0.10779,0.10799,0.10772,0.10793,3989460,430239.5746
DOGEUSDT,1777542600000,2026-04-30 09:50:00,2026-04-30 18:50:00,0.10793,0.10805,0.1078,0.10782,4449185,480481.72381
DOGEUSDT,1777542900000,2026-04-30 09:55:00,2026-04-30 18:55:00,0.10783,0.10783,0.10732,0.10749,10801743,1161319.70545
DOGEUSDT,1777543200000,2026-04-30 10:00:00,2026-04-30 19:00:00,0.10749,0.10778,0.1074,0.10768,7238801,778501.08124
DOGEUSDT,1777543500000,2026-04-30 10:05:00,2026-04-30 19:05:00,0.10769,0.10786,0.10766,0.10772,3151826,339681.76738
DOGEUSDT,1777543800000,2026-04-30 10:10:00,2026-04-30 19:10:00,0.10772,0.10772,0.10724,0.10729,5348452,574961.14469
DOGEUSDT,1777544100000,2026-04-30 10:15:00,2026-04-30 19:15:00,0.1073,0.10745,0.10688,0.10689,8221063,881758.80049
DOGEUSDT,1777544400000,2026-04-30 10:20:00,2026-04-30 19:20:00,0.10689,0.10695,0.10643,0.10644,15795746,1684932.3644
DOGEUSDT,1777544700000,2026-04-30 10:25:00,2026-04-30 19:25:00,0.10645,0.10668,0.10621,0.10633,6793802,723333.02492
DOGEUSDT,1777545000000,2026-04-30 10:30:00,2026-04-30 19:30:00,0.10633,0.10683,0.10628,0.10666,4836179,515622.95862
DOGEUSDT,1777545300000,2026-04-30 10:35:00,2026-04-30 19:35:00,0.10667,0.10688,0.10648,0.10655,3280906,350191.74797
DOGEUSDT,1777545600000,2026-04-30 10:40:00,2026-04-30 19:40:00,0.10654,0.10666,0.10647,0.10665,1926252,205238.75452
DOGEUSDT,1777545900000,2026-04-30 10:45:00,2026-04-30 19:45:00,0.10666,0.10688,0.10665,0.1067,3372664,360151.9322
DOGEUSDT,1777546200000,2026-04-30 10:50:00,2026-04-30 19:50:00,0.10669,0.10679,0.1065,0.10669,3076780,328063.77031
DOGEUSDT,1777546500000,2026-04-30 10:55:00,2026-04-30 19:55:00,0.10669,0.10672,0.10657,0.10671,4669136,497987.40403
DOGEUSDT,1777546800000,2026-04-30 11:00:00,2026-04-30 20:00:00,0.10672,0.1068,0.10662,0.10669,2706864,288837.5496
DOGEUSDT,1777547100000,2026-04-30 11:05:00,2026-04-30 20:05:00,0.10668,0.10673,0.10636,0.10657,10778363,1148481.42217
DOGEUSDT,1777547400000,2026-04-30 11:10:00,2026-04-30 20:10:00,0.10656,0.10693,0.10648,0.10671,4594900,490480.78762
DOGEUSDT,1777547700000,2026-04-30 11:15:00,2026-04-30 20:15:00,0.10671,0.10685,0.1066,0.1066,3294738,351532.30633
DOGEUSDT,1777548000000,2026-04-30 11:20:00,2026-04-30 20:20:00,0.1066,0.10664,0.10632,0.10632,1899604,202361.32912
DOGEUSDT,1777548300000,2026-04-30 11:25:00,2026-04-30 20:25:00,0.10633,0.10645,0.10628,0.10642,2758226,293408.30265
DOGEUSDT,1777548600000,2026-04-30 11:30:00,2026-04-30 20:30:00,0.10642,0.10663,0.10633,0.10634,5149928,548161.06948
DOGEUSDT,1777548900000,2026-04-30 11:35:00,2026-04-30 20:35:00,0.10633,0.10654,0.10633,0.10634,1396936,148676.68986
DOGEUSDT,1777549200000,2026-04-30 11:40:00,2026-04-30 20:40:00,0.10635,0.10637,0.10581,0.10604,12319428,1305725.85218
DOGEUSDT,1777549500000,2026-04-30 11:45:00,2026-04-30 20:45:00,0.10603,0.10624,0.10564,0.10622,8509969,901093.99334
DOGEUSDT,1777549800000,2026-04-30 11:50:00,2026-04-30 20:50:00,0.10622,0.10627,0.10607,0.10621,3239808,344016.01729
DOGEUSDT,1777550100000,2026-04-30 11:55:00,2026-04-30 20:55:00,0.10621,0.10644,0.10618,0.1064,2934501,311920.28971
DOGEUSDT,1777550400000,2026-04-30 12:00:00,2026-04-30 21:00:00,0.1064,0.10675,0.10637,0.10654,1914862,204106.50603
DOGEUSDT,1777550700000,2026-04-30 12:05:00,2026-04-30 21:05:00,0.10655,0.10659,0.10631,0.10634,1436335,152839.24191
DOGEUSDT,1777551000000,2026-04-30 12:10:00,2026-04-30 21:10:00,0.10635,0.10636,0.10619,0.10622,1998300,212348.71654
DOGEUSDT,1777551300000,2026-04-30 12:15:00,2026-04-30 21:15:00,0.10621,0.1064,0.10616,0.10635,2240620,238115.12348
DOGEUSDT,1777551600000,2026-04-30 12:20:00,2026-04-30 21:20:00,0.10636,0.10683,0.10627,0.10677,5570204,593408.19895
DOGEUSDT,1777551900000,2026-04-30 12:25:00,2026-04-30 21:25:00,0.10678,0.10682,0.10665,0.10668,3404141,363361.45031
DOGEUSDT,1777552200000,2026-04-30 12:30:00,2026-04-30 21:30:00,0.10667,0.10684,0.10659,0.10676,3773721,402791.51546
DOGEUSDT,1777552500000,2026-04-30 12:35:00,2026-04-30 21:35:00,0.10676,0.10678,0.1066,0.10677,1225767,130790.70083
DOGEUSDT,1777552800000,2026-04-30 12:40:00,2026-04-30 21:40:00,0.10677,0.10682,0.1066,0.10662,1729014,184516.47419
DOGEUSDT,1777553100000,2026-04-30 12:45:00,2026-04-30 21:45:00,0.10662,0.1068,0.10644,0.10665,1986855,211890.80606
DOGEUSDT,1777553400000,2026-04-30 12:50:00,2026-04-30 21:50:00,0.10665,0.10668,0.10635,0.10647,3143831,334865.21836
DOGEUSDT,1777553700000,2026-04-30 12:55:00,2026-04-30 21:55:00,0.10648,0.10654,0.10634,0.10636,1109050,118070.39447
DOGEUSDT,1777554000000,2026-04-30 13:00:00,2026-04-30 22:00:00,0.10637,0.10667,0.10637,0.1065,1788682,190481.22636
DOGEUSDT,1777554300000,2026-04-30 13:05:00,2026-04-30 22:05:00,0.10649,0.1066,0.10633,0.10657,2589867,275764.88712
DOGEUSDT,1777554600000,2026-04-30 13:10:00,2026-04-30 22:10:00,0.10657,0.1066,0.10647,0.10654,1529614,162974.13239
DOGEUSDT,1777554900000,2026-04-30 13:15:00,2026-04-30 22:15:00,0.10653,0.10681,0.10651,0.10666,2288938,244190.64219
DOGEUSDT,1777555200000,2026-04-30 13:20:00,2026-04-30 22:20:00,0.10667,0.107,0.10665,0.10691,1974712,211083.74177
DOGEUSDT,1777555500000,2026-04-30 13:25:00,2026-04-30 22:25:00,0.10691,0.10691,0.10628,0.10637,3734483,397790.57637
DOGEUSDT,1777555800000,2026-04-30 13:30:00,2026-04-30 22:30:00,0.10637,0.10666,0.106,0.10655,5780382,614319.3715
DOGEUSDT,1777556100000,2026-04-30 13:35:00,2026-04-30 22:35:00,0.10654,0.10691,0.10635,0.10659,3259232,347532.82874
DOGEUSDT,1777556400000,2026-04-30 13:40:00,2026-04-30 22:40:00,0.1066,0.1075,0.10656,0.10743,14747629,1580401.15798
DOGEUSDT,1777556700000,2026-04-30 13:45:00,2026-04-30 22:45:00,0.10742,0.10742,0.10692,0.10711,7329563,785215.72433
DOGEUSDT,1777557000000,2026-04-30 13:50:00,2026-04-30 22:50:00,0.1071,0.10717,0.10668,0.1067,6929506,740498.696
DOGEUSDT,1777557300000,2026-04-30 13:55:00,2026-04-30 22:55:00,0.10671,0.107,0.10663,0.10676,7787985,831553.75842
DOGEUSDT,1777557600000,2026-04-30 14:00:00,2026-04-30 23:00:00,0.10677,0.10718,0.10671,0.10711,3534539,378416.14582
DOGEUSDT,1777557900000,2026-04-30 14:05:00,2026-04-30 23:05:00,0.1071,0.10731,0.10682,0.10712,5361797,574460.65758
DOGEUSDT,1777558200000,2026-04-30 14:10:00,2026-04-30 23:10:00,0.10712,0.10714,0.10663,0.10676,8113278,866184.73561
DOGEUSDT,1777558500000,2026-04-30 14:15:00,2026-04-30 23:15:00,0.10676,0.10677,0.10589,0.10645,14115992,1499187.67889
DOGEUSDT,1777558800000,2026-04-30 14:20:00,2026-04-30 23:20:00,0.10645,0.10661,0.10628,0.10651,7989307,850766.29425
DOGEUSDT,1777559100000,2026-04-30 14:25:00,2026-04-30 23:25:00,0.10651,0.10656,0.10613,0.10654,8596907,914883.82577
DOGEUSDT,1777559400000,2026-04-30 14:30:00,2026-04-30 23:30:00,0.10653,0.10697,0.10635,0.10666,8331535,889742.74121
DOGEUSDT,1777559700000,2026-04-30 14:35:00,2026-04-30 23:35:00,0.10666,0.10683,0.10632,0.1065,3027582,322403.66581
DOGEUSDT,1777560000000,2026-04-30 14:40:00,2026-04-30 23:40:00,0.10649,0.10666,0.10634,0.10651,2702352,287736.06046
DOGEUSDT,1777560300000,2026-04-30 14:45:00,2026-04-30 23:45:00,0.10651,0.10698,0.10651,0.10672,3480989,371552.64088
DOGEUSDT,1777560600000,2026-04-30 14:50:00,2026-04-30 23:50:00,0.10671,0.107,0.10667,0.10673,3261488,348725.63552
DOGEUSDT,1777560900000,2026-04-30 14:55:00,2026-04-30 23:55:00,0.10672,0.10674,0.1064,0.10645,808955,86179.48891
DOGEUSDT,1777561200000,2026-04-30 15:00:00,2026-05-01 00:00:00,0.10645,0.10657,0.10604,0.10637,9029213,959911.88717
DOGEUSDT,1777561500000,2026-04-30 15:05:00,2026-05-01 00:05:00,0.10637,0.10673,0.10622,0.10673,3745328,398591.0792
DOGEUSDT,1777561800000,2026-04-30 15:10:00,2026-05-01 00:10:00,0.10672,0.10682,0.10657,0.10676,2193096,233924.06537
DOGEUSDT,1777562100000,2026-04-30 15:15:00,2026-05-01 00:15:00,0.10676,0.1068,0.10656,0.10677,2659420,283589.34566
DOGEUSDT,1777562400000,2026-04-30 15:20:00,2026-05-01 00:20:00,0.10678,0.10689,0.10662,0.10685,1674536,178780.02521
DOGEUSDT,1777562700000,2026-04-30 15:25:00,2026-05-01 00:25:00,0.10686,0.10702,0.10674,0.10699,8860639,947273.29698
DOGEUSDT,1777563000000,2026-04-30 15:30:00,2026-05-01 00:30:00,0.10699,0.10758,0.10699,0.10705,7177846,769974.22584
DOGEUSDT,1777563300000,2026-04-30 15:35:00,2026-05-01 00:35:00,0.10704,0.10709,0.10679,0.10694,2809102,300334.31572
DOGEUSDT,1777563600000,2026-04-30 15:40:00,2026-05-01 00:40:00,0.10695,0.10702,0.10681,0.10695,1968913,210484.39064
DOGEUSDT,1777563900000,2026-04-30 15:45:00,2026-05-01 00:45:00,0.10695,0.107,0.10664,0.10696,1427078,152412.42468
DOGEUSDT,1777564200000,2026-04-30 15:50:00,2026-05-01 00:50:00,0.10697,0.10707,0.10679,0.10701,5164736,552334.14552
DOGEUSDT,1777564500000,2026-04-30 15:55:00,2026-05-01 00:55:00,0.10701,0.1073,0.10701,0.10708,3008559,322512.00095
DOGEUSDT,1777564800000,2026-04-30 16:00:00,2026-05-01 01:00:00,0.10709,0.10711,0.10676,0.10708,15677677,1677024.74034
DOGEUSDT,1777565100000,2026-04-30 16:05:00,2026-05-01 01:05:00,0.10707,0.10711,0.1069,0.10695,2478404,265179.67356
DOGEUSDT,1777565400000,2026-04-30 16:10:00,2026-05-01 01:10:00,0.10694,0.10717,0.10691,0.10706,6552454,701308.40984
DOGEUSDT,1777565700000,2026-04-30 16:15:00,2026-05-01 01:15:00,0.10706,0.10707,0.10669,0.10669,1949060,208192.68767
DOGEUSDT,1777566000000,2026-04-30 16:20:00,2026-05-01 01:20:00,0.1067,0.10677,0.10655,0.10669,1486736,158569.44184
DOGEUSDT,1777566300000,2026-04-30 16:25:00,2026-05-01 01:25:00,0.1067,0.1067,0.10614,0.10649,10923307,1161859.73126
DOGEUSDT,1777566600000,2026-04-30 16:30:00,2026-05-01 01:30:00,0.10648,0.10655,0.1063,0.10655,2729474,290485.01765
DOGEUSDT,1777566900000,2026-04-30 16:35:00,2026-05-01 01:35:00,0.10654,0.10659,0.1064,0.10654,1553575,165486.30007
DOGEUSDT,1777567200000,2026-04-30 16:40:00,2026-05-01 01:40:00,0.10653,0.1067,0.10644,0.10657,1236578,131759.32563
DOGEUSDT,1777567500000,2026-04-30 16:45:00,2026-05-01 01:45:00,0.10658,0.10667,0.10648,0.10663,6269509,667960.43392
DOGEUSDT,1777567800000,2026-04-30 16:50:00,2026-05-01 01:50:00,0.10663,0.10664,0.10632,0.10646,1237634,131793.78124
DOGEUSDT,1777568100000,2026-04-30 16:55:00,2026-05-01 01:55:00,0.10645,0.10645,0.10611,0.10629,1870113,198619.09978
DOGEUSDT,1777568400000,2026-04-30 17:00:00,2026-05-01 02:00:00,0.1063,0.10649,0.10621,0.10633,1394744,148405.34309
DOGEUSDT,1777568700000,2026-04-30 17:05:00,2026-05-01 02:05:00,0.10632,0.1065,0.10627,0.10642,1326213,141146.50205
DOGEUSDT,1777569000000,2026-04-30 17:10:00,2026-05-01 02:10:00,0.10642,0.10642,0.10604,0.10614,8534911,906983.3258
DOGEUSDT,1777569300000,2026-04-30 17:15:00,2026-05-01 02:15:00,0.10614,0.10614,0.10564,0.10596,8327642,881804.80296
DOGEUSDT,1777569600000,2026-04-30 17:20:00,2026-05-01 02:20:00,0.10595,0.106,0.10575,0.10579,9687668,1025903.68801
DOGEUSDT,1777569900000,2026-04-30 17:25:00,2026-05-01 02:25:00,0.10578,0.10583,0.1055,0.10562,7164432,757125.48869
DOGEUSDT,1777570200000,2026-04-30 17:30:00,2026-05-01 02:30:00,0.10563,0.10586,0.10542,0.10574,7713969,814981.77887
DOGEUSDT,1777570500000,2026-04-30 17:35:00,2026-05-01 02:35:00,0.10574,0.1058,0.10558,0.10566,1505457,159130.32647
DOGEUSDT,1777570800000,2026-04-30 17:40:00,2026-05-01 02:40:00,0.10567,0.10578,0.10564,0.10577,606545,64105.39181
DOGEUSDT,1777571100000,2026-04-30 17:45:00,2026-05-01 02:45:00,0.10577,0.10586,0.10558,0.10569,3850775,407140.84295
DOGEUSDT,1777571400000,2026-04-30 17:50:00,2026-05-01 02:50:00,0.10569,0.10576,0.10556,0.10568,3211354,339302.54761
DOGEUSDT,1777571700000,2026-04-30 17:55:00,2026-05-01 02:55:00,0.10567,0.10588,0.10565,0.10574,2313590,244673.45393
DOGEUSDT,1777572000000,2026-04-30 18:00:00,2026-05-01 03:00:00,0.10574,0.10622,0.10572,0.10606,4562465,483339.90071
DOGEUSDT,1777572300000,2026-04-30 18:05:00,2026-05-01 03:05:00,0.10606,0.10606,0.10559,0.10561,3161652,334620.43423
DOGEUSDT,1777572600000,2026-04-30 18:10:00,2026-05-01 03:10:00,0.10562,0.10577,0.10548,0.10572,3409256,359929.64292
DOGEUSDT,1777572900000,2026-04-30 18:15:00,2026-05-01 03:15:00,0.10571,0.10611,0.10568,0.10599,3353973,355277.66481
DOGEUSDT,1777573200000,2026-04-30 18:20:00,2026-05-01 03:20:00,0.106,0.10608,0.10578,0.10583,910422,96413.5314
DOGEUSDT,1777573500000,2026-04-30 18:25:00,2026-05-01 03:25:00,0.10582,0.10582,0.10565,0.10566,786520,83151.17459
DOGEUSDT,1777573800000,2026-04-30 18:30:00,2026-05-01 03:30:00,0.10567,0.10574,0.10541,0.10555,2875990,303585.39583
DOGEUSDT,1777574100000,2026-04-30 18:35:00,2026-05-01 03:35:00,0.10555,0.10582,0.10551,0.10577,1204881,127304.17038
DOGEUSDT,1777574400000,2026-04-30 18:40:00,2026-05-01 03:40:00,0.10576,0.10598,0.10574,0.10588,2139534,226370.57567
DOGEUSDT,1777574700000,2026-04-30 18:45:00,2026-05-01 03:45:00,0.10587,0.106,0.10586,0.10593,691268,73237.72856
DOGEUSDT,1777575000000,2026-04-30 18:50:00,2026-05-01 03:50:00,0.10593,0.106,0.1058,0.10581,503805,53356.70466
DOGEUSDT,1777575300000,2026-04-30 18:55:00,2026-05-01 03:55:00,0.10582,0.10583,0.10558,0.10558,795551,84110.88817
DOGEUSDT,1777575600000,2026-04-30 19:00:00,2026-05-01 04:00:00,0.10559,0.10584,0.10545,0.10578,1506349,159175.14643
DOGEUSDT,1777575900000,2026-04-30 19:05:00,2026-05-01 04:05:00,0.10579,0.10608,0.10575,0.10607,4279234,453151.77224
DOGEUSDT,1777576200000,2026-04-30 19:10:00,2026-05-01 04:10:00,0.10607,0.10618,0.10604,0.10609,1901072,201754.45856
DOGEUSDT,1777576500000,2026-04-30 19:15:00,2026-05-01 04:15:00,0.10609,0.10609,0.10593,0.10602,621400,65877.83539
DOGEUSDT,1777576800000,2026-04-30 19:20:00,2026-05-01 04:20:00,0.10601,0.10616,0.10596,0.10616,672209,71282.4746
DOGEUSDT,1777577100000,2026-04-30 19:25:00,2026-05-01 04:25:00,0.10616,0.1062,0.106,0.10603,1383748,146763.59256
DOGEUSDT,1777577400000,2026-04-30 19:30:00,2026-05-01 04:30:00,0.10604,0.10624,0.10604,0.10618,762444,80936.77148
DOGEUSDT,1777577700000,2026-04-30 19:35:00,2026-05-01 04:35:00,0.10618,0.10631,0.10611,0.10626,1138731,120967.90207
DOGEUSDT,1777578000000,2026-04-30 19:40:00,2026-05-01 04:40:00,0.10626,0.1063,0.10614,0.10618,436775,46398.32211
DOGEUSDT,1777578300000,2026-04-30 19:45:00,2026-05-01 04:45:00,0.10619,0.10625,0.10605,0.10616,1686036,179046.83616
DOGEUSDT,1777578600000,2026-04-30 19:50:00,2026-05-01 04:50:00,0.10616,0.10624,0.10602,0.1062,2132965,226331.48904
DOGEUSDT,1777578900000,2026-04-30 19:55:00,2026-05-01 04:55:00,0.1062,0.10628,0.10605,0.10617,1628158,172857.34464
DOGEUSDT,1777579200000,2026-04-30 20:00:00,2026-05-01 05:00:00,0.10617,0.1062,0.10585,0.10595,1353711,143497.32958
DOGEUSDT,1777579500000,2026-04-30 20:05:00,2026-05-01 05:05:00,0.10595,0.10603,0.10591,0.10603,649851,68869.23145
DOGEUSDT,1777579800000,2026-04-30 20:10:00,2026-05-01 05:10:00,0.10602,0.10619,0.10597,0.10614,513143,54429.14288
DOGEUSDT,1777580100000,2026-04-30 20:15:00,2026-05-01 05:15:00,0.10613,0.10634,0.10604,0.10606,4963362,527306.53703
DOGEUSDT,1777580400000,2026-04-30 20:20:00,2026-05-01 05:20:00,0.10606,0.10645,0.10606,0.10637,4284399,455378.95045
DOGEUSDT,1777580700000,2026-04-30 20:25:00,2026-05-01 05:25:00,0.10638,0.10644,0.10631,0.10637,1250716,133069.16871
DOGEUSDT,1777581000000,2026-04-30 20:30:00,2026-05-01 05:30:00,0.10637,0.10649,0.1063,0.10645,1884223,200487.34485
DOGEUSDT,1777581300000,2026-04-30 20:35:00,2026-05-01 05:35:00,0.10644,0.1066,0.10644,0.1066,1258255,134029.46876
DOGEUSDT,1777581600000,2026-04-30 20:40:00,2026-05-01 05:40:00,0.10659,0.10671,0.10646,0.1067,1784570,190221.78083
DOGEUSDT,1777581900000,2026-04-30 20:45:00,2026-05-01 05:45:00,0.1067,0.10676,0.10649,0.1067,4287847,457026.77741
DOGEUSDT,1777582200000,2026-04-30 20:50:00,2026-05-01 05:50:00,0.10671,0.10675,0.10664,0.1067,2088038,222758.54431
DOGEUSDT,1777582500000,2026-04-30 20:55:00,2026-05-01 05:55:00,0.10671,0.10671,0.1065,0.10657,1917438,204324.19939
DOGEUSDT,1777582800000,2026-04-30 21:00:00,2026-05-01 06:00:00,0.10657,0.10667,0.10647,0.10656,1812478,193191.60559
DOGEUSDT,1777583100000,2026-04-30 21:05:00,2026-05-01 06:05:00,0.10655,0.10658,0.1064,0.10641,1571840,167404.41058
DOGEUSDT,1777583400000,2026-04-30 21:10:00,2026-05-01 06:10:00,0.10641,0.10678,0.10638,0.10678,2778139,295979.87997
DOGEUSDT,1777583700000,2026-04-30 21:15:00,2026-05-01 06:15:00,0.10677,0.10677,0.10655,0.10667,1534509,163680.28523
DOGEUSDT,1777584000000,2026-04-30 21:20:00,2026-05-01 06:20:00,0.10667,0.10682,0.1066,0.10667,1785583,190561.42919
DOGEUSDT,1777584300000,2026-04-30 21:25:00,2026-05-01 06:25:00,0.10668,0.10672,0.10647,0.10656,1416251,150946.40922
DOGEUSDT,1777584600000,2026-04-30 21:30:00,2026-05-01 06:30:00,0.10656,0.10679,0.10652,0.10676,1285972,137176.72221
DOGEUSDT,1777584900000,2026-04-30 21:35:00,2026-05-01 06:35:00,0.10676,0.10683,0.10667,0.10672,753396,80435.82076
DOGEUSDT,1777585200000,2026-04-30 21:40:00,2026-05-01 06:40:00,0.10672,0.10689,0.10672,0.10677,2660203,284142.55133
DOGEUSDT,1777585500000,2026-04-30 21:45:00,2026-05-01 06:45:00,0.10677,0.10678,0.10653,0.10661,1505033,160455.86063
DOGEUSDT,1777585800000,2026-04-30 21:50:00,2026-05-01 06:50:00,0.1066,0.10662,0.10633,0.10635,1467738,156273.2292
DOGEUSDT,1777586100000,2026-04-30 21:55:00,2026-05-01 06:55:00,0.10635,0.10642,0.1063,0.10631,2389072,254103.99546
DOGEUSDT,1777586400000,2026-04-30 22:00:00,2026-05-01 07:00:00,0.10631,0.10646,0.10611,0.10618,1553351,165041.50887
DOGEUSDT,1777586700000,2026-04-30 22:05:00,2026-05-01 07:05:00,0.10617,0.10628,0.10616,0.10617,909838,96634.16502
DOGEUSDT,1777587000000,2026-04-30 22:10:00,2026-05-01 07:10:00,0.10616,0.10643,0.10613,0.10643,934483,99348.41872
DOGEUSDT,1777587300000,2026-04-30 22:15:00,2026-05-01 07:15:00,0.10642,0.10667,0.10641,0.10656,2057278,219227.37482
DOGEUSDT,1777587600000,2026-04-30 22:20:00,2026-05-01 07:20:00,0.10656,0.10663,0.10647,0.10651,392820,41855.48931
DOGEUSDT,1777587900000,2026-04-30 22:25:00,2026-05-01 07:25:00,0.10652,0.10658,0.10648,0.10654,484251,51584.97305
DOGEUSDT,1777588200000,2026-04-30 22:30:00,2026-05-01 07:30:00,0.10653,0.10661,0.10642,0.10643,504046,53699.09191
DOGEUSDT,1777588500000,2026-04-30 22:35:00,2026-05-01 07:35:00,0.10643,0.10643,0.10613,0.10617,1867318,198363.02784
DOGEUSDT,1777588800000,2026-04-30 22:40:00,2026-05-01 07:40:00,0.10616,0.10635,0.10616,0.10632,1648880,175264.5103
DOGEUSDT,1777589100000,2026-04-30 22:45:00,2026-05-01 07:45:00,0.10633,0.10633,0.10604,0.10627,1339718,142228.37864
DOGEUSDT,1777589400000,2026-04-30 22:50:00,2026-05-01 07:50:00,0.10627,0.10631,0.10609,0.10611,1250136,132753.99989
DOGEUSDT,1777589700000,2026-04-30 22:55:00,2026-05-01 07:55:00,0.10612,0.10629,0.10599,0.10629,3237317,343397.86027
DOGEUSDT,1777590000000,2026-04-30 23:00:00,2026-05-01 08:00:00,0.10629,0.10637,0.10619,0.10624,1128472,119955.27875
DOGEUSDT,1777590300000,2026-04-30 23:05:00,2026-05-01 08:05:00,0.10625,0.10631,0.10611,0.10612,1097978,116621.08018
DOGEUSDT,1777590600000,2026-04-30 23:10:00,2026-05-01 08:10:00,0.10612,0.10618,0.10608,0.10615,824554,87507.98751
DOGEUSDT,1777590900000,2026-04-30 23:15:00,2026-05-01 08:15:00,0.10615,0.10628,0.10611,0.10627,690760,73370.94614
DOGEUSDT,1777591200000,2026-04-30 23:20:00,2026-05-01 08:20:00,0.10626,0.10633,0.10624,0.10633,667605,70952.86601
DOGEUSDT,1777591500000,2026-04-30 23:25:00,2026-05-01 08:25:00,0.10632,0.10645,0.10625,0.10643,1319977,140325.40985
DOGEUSDT,1777591800000,2026-04-30 23:30:00,2026-05-01 08:30:00,0.10644,0.1065,0.10634,0.10636,2984836,317666.47906
DOGEUSDT,1777592100000,2026-04-30 23:35:00,2026-05-01 08:35:00,0.10636,0.1065,0.10635,0.10646,1830536,194810.99745
DOGEUSDT,1777592400000,2026-04-30 23:40:00,2026-05-01 08:40:00,0.10645,0.10662,0.10636,0.1066,1468816,156478.9447
DOGEUSDT,1777592700000,2026-04-30 23:45:00,2026-05-01 08:45:00,0.1066,0.10666,0.10653,0.10654,1184377,126217.35286
DOGEUSDT,1777593000000,2026-04-30 23:50:00,2026-05-01 08:50:00,0.10654,0.10665,0.10648,0.1066,824853,87916.34856
DOGEUSDT,1777593300000,2026-04-30 23:55:00,2026-05-01 08:55:00,0.1066,0.10661,0.1065,0.1065,1110063,118257.66325
